ISO-10303-21;
HEADER;
FILE_DESCRIPTION (( 'STEP AP214' ),
    '1' );
FILE_NAME ('JST-B7B-PH-K-S.STEP',
    '2020-12-29T22:28:25',
    ( '' ),
    ( '' ),
    'SwSTEP 2.0',
    'SolidWorks 2020',
    '' );
FILE_SCHEMA (( 'AUTOMOTIVE_DESIGN' ));
ENDSEC;

DATA;
#1 = VECTOR ( 'NONE', #4246, 1000.000000000000000 ) ;
#2 = FACE_OUTER_BOUND ( 'NONE', #3970, .T. ) ;
#3 = DIRECTION ( 'NONE',  ( 0.0000000000000000000, -1.000000000000000000, 0.0000000000000000000 ) ) ;
#4 = DIRECTION ( 'NONE',  ( -0.0000000000000000000, -0.0000000000000000000, 1.000000000000000000 ) ) ;
#5 = ORIENTED_EDGE ( 'NONE', *, *, #7984, .T. ) ;
#6 = PRESENTATION_LAYER_ASSIGNMENT (  '', '', ( #4481 ) ) ;
#7 = SURFACE_STYLE_USAGE ( .BOTH. , #5435 ) ;
#8 = FILL_AREA_STYLE_COLOUR ( '', #4158 ) ;
#9 = UNCERTAINTY_MEASURE_WITH_UNIT (LENGTH_MEASURE( 1.000000000000000082E-05 ), #4759, 'distance_accuracy_value', 'NONE');
#10 = DIRECTION ( 'NONE',  ( 1.000000000000000000, 0.0000000000000000000, -0.0000000000000000000 ) ) ;
#11 = MECHANICAL_DESIGN_GEOMETRIC_PRESENTATION_REPRESENTATION (  '', ( #4485 ), #5346 ) ;
#12 = DIRECTION ( 'NONE',  ( 0.0000000000000000000, 0.0000000000000000000, -1.000000000000000000 ) ) ;
#13 = COLOUR_RGB ( '',1.000000000000000000, 0.8117647058823529438, 0.5019607843137254832 ) ;
#14 = CARTESIAN_POINT ( 'NONE',  ( 3.299999999999999378, 0.2000000000000000389, -2.800000000000000266 ) ) ;
#15 = ORIENTED_EDGE ( 'NONE', *, *, #6881, .T. ) ;
#16 =( LENGTH_UNIT ( ) NAMED_UNIT ( * ) SI_UNIT ( .MILLI., .METRE. ) );
#17 = LINE ( 'NONE', #6359, #7490 ) ;
#18 = CARTESIAN_POINT ( 'NONE',  ( 13.69999999999999751, 6.000000000000000000, 1.249999999999997558 ) ) ;
#19 = VECTOR ( 'NONE', #2531, 999.9999999999998863 ) ;
#20 = VECTOR ( 'NONE', #9146, 1000.000000000000000 ) ;
#21 = VERTEX_POINT ( 'NONE', #5781 ) ;
#22 = SURFACE_STYLE_USAGE ( .BOTH. , #7019 ) ;
#23 = EDGE_CURVE ( 'NONE', #3398, #3643, #8190, .T. ) ;
#24 =( GEOMETRIC_REPRESENTATION_CONTEXT ( 3 ) GLOBAL_UNCERTAINTY_ASSIGNED_CONTEXT ( ( #5370 ) ) GLOBAL_UNIT_ASSIGNED_CONTEXT ( ( #7673, #8618, #8568 ) ) REPRESENTATION_CONTEXT ( 'NONE', 'WORKASPACE' ) );
#25 = LINE ( 'NONE', #8591, #7155 ) ;
#26 = DIRECTION ( 'NONE',  ( 0.0000000000000000000, 0.0000000000000000000, 1.000000000000000000 ) ) ;
#27 = ORIENTED_EDGE ( 'NONE', *, *, #6689, .T. ) ;
#28 = EDGE_CURVE ( 'NONE', #712, #3675, #1959, .T. ) ;
#29 = COLOUR_RGB ( '',1.000000000000000000, 0.8117647058823529438, 0.5019607843137254832 ) ;
#30 = CARTESIAN_POINT ( 'NONE',  ( 1.250000000000000666, 3.399999999999999467, -2.350000000000001421 ) ) ;
#31 = SURFACE_STYLE_USAGE ( .BOTH. , #9541 ) ;
#32 = DIRECTION ( 'NONE',  ( 3.872150616019660190E-17, 1.000000000000000000, -0.0000000000000000000 ) ) ;
#33 = PLANE ( 'NONE',  #6706 ) ;
#34 = AXIS2_PLACEMENT_3D ( 'NONE', #5509, #682, #7965 ) ;
#35 = UNCERTAINTY_MEASURE_WITH_UNIT (LENGTH_MEASURE( 1.000000000000000082E-05 ), #10231, 'distance_accuracy_value', 'NONE');
#36 = PLANE ( 'NONE',  #222 ) ;
#37 = SURFACE_STYLE_USAGE ( .BOTH. , #2384 ) ;
#38 = ORIENTED_EDGE ( 'NONE', *, *, #4682, .F. ) ;
#39 = EDGE_CURVE ( 'NONE', #9502, #10007, #5211, .T. ) ;
#40 =( NAMED_UNIT ( * ) SI_UNIT ( $, .STERADIAN. ) SOLID_ANGLE_UNIT ( ) );
#41 = EDGE_CURVE ( 'NONE', #7408, #8728, #3701, .T. ) ;
#42 = STYLED_ITEM ( 'NONE', ( #7141 ), #3386 ) ;
#43 = MECHANICAL_DESIGN_GEOMETRIC_PRESENTATION_REPRESENTATION (  '', ( #1012 ), #5549 ) ;
#44 = CARTESIAN_POINT ( 'NONE',  ( -1.949999999999999956, 1.800000000000000044, -0.2499999999999997780 ) ) ;
#45 = AXIS2_PLACEMENT_3D ( 'NONE', #9596, #6220, #2260 ) ;
#46 = DIRECTION ( 'NONE',  ( -0.0000000000000000000, -0.0000000000000000000, 1.000000000000000000 ) ) ;
#47 = ORIENTED_EDGE ( 'NONE', *, *, #2529, .F. ) ;
#48 = LINE ( 'NONE', #1649, #5001 ) ;
#49 =( NAMED_UNIT ( * ) SI_UNIT ( $, .STERADIAN. ) SOLID_ANGLE_UNIT ( ) );
#50 = SURFACE_STYLE_FILL_AREA ( #8041 ) ;
#51 = VERTEX_POINT ( 'NONE', #1170 ) ;
#52 =( GEOMETRIC_REPRESENTATION_CONTEXT ( 3 ) GLOBAL_UNCERTAINTY_ASSIGNED_CONTEXT ( ( #3873 ) ) GLOBAL_UNIT_ASSIGNED_CONTEXT ( ( #7375, #4536, #4381 ) ) REPRESENTATION_CONTEXT ( 'NONE', 'WORKASPACE' ) );
#53 = FILL_AREA_STYLE ('',( #8094 ) ) ;
#54 = CARTESIAN_POINT ( 'NONE',  ( 7.750000000000000000, -3.399999999999999911, 0.2500000000000002220 ) ) ;
#55 = ORIENTED_EDGE ( 'NONE', *, *, #9908, .F. ) ;
#56 = FILL_AREA_STYLE ('',( #926 ) ) ;
#57 = ADVANCED_FACE ( 'NONE', ( #10206 ), #7635, .T. ) ;
#58 = COLOUR_RGB ( '',1.000000000000000000, 0.8117647058823529438, 0.5019607843137254832 ) ;
#59 = SURFACE_STYLE_USAGE ( .BOTH. , #3356 ) ;
#60 = CARTESIAN_POINT ( 'NONE',  ( 13.94999999999999751, 0.8200000000000032818, 1.300000000000000044 ) ) ;
#61 = CARTESIAN_POINT ( 'NONE',  ( 13.95000000000000107, 0.0000000000000000000, -2.800000000000000711 ) ) ;
#62 = PRESENTATION_STYLE_ASSIGNMENT (( #3147 ) ) ;
#63 = EDGE_LOOP ( 'NONE', ( #6183, #3247, #4947, #6320 ) ) ;
#64 =( NAMED_UNIT ( * ) SI_UNIT ( $, .STERADIAN. ) SOLID_ANGLE_UNIT ( ) );
#65 = AXIS2_PLACEMENT_3D ( 'NONE', #8286, #3532, #2009 ) ;
#66 = DIRECTION ( 'NONE',  ( 1.000000000000000000, 0.0000000000000000000, 0.0000000000000000000 ) ) ;
#67 = VERTEX_POINT ( 'NONE', #2827 ) ;
#68 = SURFACE_STYLE_USAGE ( .BOTH. , #6312 ) ;
#69 = CARTESIAN_POINT ( 'NONE',  ( 6.749999999999999112, 3.399999999999999467, -2.350000000000001421 ) ) ;
#70 = MECHANICAL_DESIGN_GEOMETRIC_PRESENTATION_REPRESENTATION (  '', ( #3253 ), #4727 ) ;
#71 = PLANE ( 'NONE',  #3379 ) ;
#72 = ORIENTED_EDGE ( 'NONE', *, *, #6669, .F. ) ;
#73 = DIRECTION ( 'NONE',  ( -1.000000000000000000, 0.0000000000000000000, 1.540436225342582858E-17 ) ) ;
#74 =( NAMED_UNIT ( * ) SI_UNIT ( $, .STERADIAN. ) SOLID_ANGLE_UNIT ( ) );
#75 = ADVANCED_FACE ( 'NONE', ( #8417 ), #7120, .T. ) ;
#76 = FILL_AREA_STYLE ('',( #3992 ) ) ;
#77 = STYLED_ITEM ( 'NONE', ( #9786 ), #7587 ) ;
#78 = DIRECTION ( 'NONE',  ( 0.0000000000000000000, -0.0000000000000000000, 1.000000000000000000 ) ) ;
#79 = EDGE_LOOP ( 'NONE', ( #5906, #3124, #4938, #4284 ) ) ;
#80 = LINE ( 'NONE', #1635, #170 ) ;
#81 = LINE ( 'NONE', #1636, #9400 ) ;
#82 =( NAMED_UNIT ( * ) SI_UNIT ( $, .STERADIAN. ) SOLID_ANGLE_UNIT ( ) );
#83 = UNCERTAINTY_MEASURE_WITH_UNIT (LENGTH_MEASURE( 1.000000000000000082E-05 ), #5972, 'distance_accuracy_value', 'NONE');
#84 = SURFACE_STYLE_USAGE ( .BOTH. , #4888 ) ;
#85 = ORIENTED_EDGE ( 'NONE', *, *, #9307, .F. ) ;
#86 = DIRECTION ( 'NONE',  ( 3.872150616019660190E-17, 1.000000000000000000, -0.0000000000000000000 ) ) ;
#87 =( GEOMETRIC_REPRESENTATION_CONTEXT ( 3 ) GLOBAL_UNCERTAINTY_ASSIGNED_CONTEXT ( ( #8503 ) ) GLOBAL_UNIT_ASSIGNED_CONTEXT ( ( #8175, #2639, #1787 ) ) REPRESENTATION_CONTEXT ( 'NONE', 'WORKASPACE' ) );
#88 = ORIENTED_EDGE ( 'NONE', *, *, #4306, .T. ) ;
#89 = DIRECTION ( 'NONE',  ( 0.0000000000000000000, -1.000000000000000000, 0.0000000000000000000 ) ) ;
#90 = CARTESIAN_POINT ( 'NONE',  ( 13.34999999999999787, 5.650000000000000355, -2.350000000000001865 ) ) ;
#91 = CARTESIAN_POINT ( 'NONE',  ( 6.049999999999999822, -3.399999999999999911, -2.800000000000000266 ) ) ;
#92 = ADVANCED_FACE ( 'NONE', ( #2367 ), #4607, .T. ) ;
#93 = STYLED_ITEM ( 'NONE', ( #7989 ), #8374 ) ;
#94 = EDGE_CURVE ( 'NONE', #2157, #5763, #8372, .T. ) ;
#95 = EDGE_LOOP ( 'NONE', ( #8477, #3588, #8471, #8630 ) ) ;
#96 = CARTESIAN_POINT ( 'NONE',  ( 12.67999999999999616, 6.000000000000000000, 1.599999999999999867 ) ) ;
#97 = PLANE ( 'NONE',  #9578 ) ;
#98 = LINE ( 'NONE', #1706, #5585 ) ;
#99 = EDGE_LOOP ( 'NONE', ( #8649, #9805, #7239, #8122 ) ) ;
#100 = ORIENTED_EDGE ( 'NONE', *, *, #5364, .T. ) ;
#101 = CARTESIAN_POINT ( 'NONE',  ( -1.949999999999999956, 4.500000000000000888, -0.6799999999999991607 ) ) ;
#102 = STYLED_ITEM ( 'NONE', ( #5038 ), #1236 ) ;
#103 = SURFACE_STYLE_FILL_AREA ( #7198 ) ;
#104 = COLOUR_RGB ( '',1.000000000000000000, 1.000000000000000000, 1.000000000000000000 ) ;
#105 =( GEOMETRIC_REPRESENTATION_CONTEXT ( 3 ) GLOBAL_UNCERTAINTY_ASSIGNED_CONTEXT ( ( #1115 ) ) GLOBAL_UNIT_ASSIGNED_CONTEXT ( ( #6678, #9752, #287 ) ) REPRESENTATION_CONTEXT ( 'NONE', 'WORKASPACE' ) );
#106 = LINE ( 'NONE', #9574, #5491 ) ;
#107 = EDGE_CURVE ( 'NONE', #4933, #2627, #10255, .T. ) ;
#108 = EDGE_CURVE ( 'NONE', #8296, #3474, #4389, .T. ) ;
#109 = PRESENTATION_STYLE_ASSIGNMENT (( #2662 ) ) ;
#110 = LINE ( 'NONE', #61, #3790 ) ;
#111 = AXIS2_PLACEMENT_3D ( 'NONE', #2755, #5922, #5106 ) ;
#112 = MECHANICAL_DESIGN_GEOMETRIC_PRESENTATION_REPRESENTATION (  '', ( #1767 ), #8577 ) ;
#113 = CARTESIAN_POINT ( 'NONE',  ( 11.29999999999999893, 0.2000000000000000389, -2.800000000000000266 ) ) ;
#114 = SURFACE_STYLE_FILL_AREA ( #3261 ) ;
#115 = AXIS2_PLACEMENT_3D ( 'NONE', #6286, #753, #5422 ) ;
#116 = SURFACE_STYLE_FILL_AREA ( #7207 ) ;
#117 = ORIENTED_EDGE ( 'NONE', *, *, #9058, .F. ) ;
#118 = CARTESIAN_POINT ( 'NONE',  ( 1.150000000000000355, 6.000000000000000000, -2.801000000000000600 ) ) ;
#119 =( GEOMETRIC_REPRESENTATION_CONTEXT ( 3 ) GLOBAL_UNCERTAINTY_ASSIGNED_CONTEXT ( ( #3559 ) ) GLOBAL_UNIT_ASSIGNED_CONTEXT ( ( #6827, #2265, #6919 ) ) REPRESENTATION_CONTEXT ( 'NONE', 'WORKASPACE' ) );
#120 = FACE_OUTER_BOUND ( 'NONE', #2536, .T. ) ;
#121 = STYLED_ITEM ( 'NONE', ( #870 ), #9157 ) ;
#122 = ADVANCED_FACE ( 'NONE', ( #2043 ), #1567, .F. ) ;
#123 = ORIENTED_EDGE ( 'NONE', *, *, #7018, .F. ) ;
#124 =( NAMED_UNIT ( * ) PLANE_ANGLE_UNIT ( ) SI_UNIT ( $, .RADIAN. ) );
#125 = CARTESIAN_POINT ( 'NONE',  ( 0.7500000000000002220, 3.399999999999999467, -2.050000000000001599 ) ) ;
#126 = ORIENTED_EDGE ( 'NONE', *, *, #3306, .F. ) ;
#127 = COLOUR_RGB ( '',1.000000000000000000, 1.000000000000000000, 1.000000000000000000 ) ;
#128 = CARTESIAN_POINT ( 'NONE',  ( 13.34999999999999787, 6.000000000000000000, 0.3200000000000017275 ) ) ;
#129 = CARTESIAN_POINT ( 'NONE',  ( 5.750000000000001776, 4.999999999999997335, 0.2500000000000002220 ) ) ;
#130 = LINE ( 'NONE', #6375, #1930 ) ;
#131 = DIRECTION ( 'NONE',  ( -1.000000000000000000, 5.421010862427522170E-17, 0.0000000000000000000 ) ) ;
#132 = LINE ( 'NONE', #5471, #4073 ) ;
#133 = LINE ( 'NONE', #2441, #5886 ) ;
#134 = ORIENTED_EDGE ( 'NONE', *, *, #6884, .T. ) ;
#135 = DIRECTION ( 'NONE',  ( 1.000000000000000000, -5.421010862427522170E-17, 0.0000000000000000000 ) ) ;
#136 = EDGE_LOOP ( 'NONE', ( #8955, #6117, #7495, #8311 ) ) ;
#137 = SURFACE_SIDE_STYLE ('',( #4939 ) ) ;
#138 = ORIENTED_EDGE ( 'NONE', *, *, #9388, .F. ) ;
#139 =( GEOMETRIC_REPRESENTATION_CONTEXT ( 3 ) GLOBAL_UNCERTAINTY_ASSIGNED_CONTEXT ( ( #5436 ) ) GLOBAL_UNIT_ASSIGNED_CONTEXT ( ( #3898, #3801, #9450 ) ) REPRESENTATION_CONTEXT ( 'NONE', 'WORKASPACE' ) );
#140 = DIRECTION ( 'NONE',  ( -0.0000000000000000000, -0.0000000000000000000, -1.000000000000000000 ) ) ;
#141 = EDGE_CURVE ( 'NONE', #2636, #3387, #6873, .T. ) ;
#142 =( LENGTH_UNIT ( ) NAMED_UNIT ( * ) SI_UNIT ( .MILLI., .METRE. ) );
#143 = VERTEX_POINT ( 'NONE', #8902 ) ;
#144 = PLANE ( 'NONE',  #6636 ) ;
#145 = SURFACE_SIDE_STYLE ('',( #50 ) ) ;
#146 = CARTESIAN_POINT ( 'NONE',  ( 2.250000000000000000, 4.999999999999997335, -0.2499999999999997780 ) ) ;
#147 = DIRECTION ( 'NONE',  ( -1.095153709581317798E-16, 1.000000000000000000, -0.0000000000000000000 ) ) ;
#148 = VERTEX_POINT ( 'NONE', #3225 ) ;
#149 = VECTOR ( 'NONE', #1947, 1000.000000000000000 ) ;
#150 = UNCERTAINTY_MEASURE_WITH_UNIT (LENGTH_MEASURE( 1.000000000000000082E-05 ), #5990, 'distance_accuracy_value', 'NONE');
#151 = MECHANICAL_DESIGN_GEOMETRIC_PRESENTATION_REPRESENTATION (  '', ( #306 ), #4980 ) ;
#152 = VERTEX_POINT ( 'NONE', #8126 ) ;
#153 = ADVANCED_FACE ( 'NONE', ( #1001 ), #2607, .F. ) ;
#154 =( NAMED_UNIT ( * ) PLANE_ANGLE_UNIT ( ) SI_UNIT ( $, .RADIAN. ) );
#155 = COLOUR_RGB ( '',1.000000000000000000, 1.000000000000000000, 1.000000000000000000 ) ;
#156 =( LENGTH_UNIT ( ) NAMED_UNIT ( * ) SI_UNIT ( .MILLI., .METRE. ) );
#157 =( NAMED_UNIT ( * ) PLANE_ANGLE_UNIT ( ) SI_UNIT ( $, .RADIAN. ) );
#158 = CARTESIAN_POINT ( 'NONE',  ( 8.750000000000000000, 3.149999999999995470, -2.050000000000001599 ) ) ;
#159 = LINE ( 'NONE', #2617, #9412 ) ;
#160 = CARTESIAN_POINT ( 'NONE',  ( 3.750000000000000444, -3.399999999999999911, -0.2499999999999997780 ) ) ;
#161 = CARTESIAN_POINT ( 'NONE',  ( 6.249999999999998224, -3.399999999999999911, -0.2499999999999997780 ) ) ;
#162 =( NAMED_UNIT ( * ) PLANE_ANGLE_UNIT ( ) SI_UNIT ( $, .RADIAN. ) );
#163 = ORIENTED_EDGE ( 'NONE', *, *, #6169, .T. ) ;
#164 = MECHANICAL_DESIGN_GEOMETRIC_PRESENTATION_REPRESENTATION (  '', ( #5163 ), #2990 ) ;
#165 = DIRECTION ( 'NONE',  ( 1.000000000000000000, 0.0000000000000000000, 0.0000000000000000000 ) ) ;
#166 = ADVANCED_FACE ( 'NONE', ( #9521 ), #8787, .T. ) ;
#167 = VECTOR ( 'NONE', #2052, 1000.000000000000000 ) ;
#168 = EDGE_CURVE ( 'NONE', #883, #5813, #8300, .T. ) ;
#169 = SURFACE_STYLE_FILL_AREA ( #7271 ) ;
#170 = VECTOR ( 'NONE', #4141, 1000.000000000000000 ) ;
#171 = ORIENTED_EDGE ( 'NONE', *, *, #4545, .T. ) ;
#172 = PRESENTATION_STYLE_ASSIGNMENT (( #4185 ) ) ;
#173 = PLANE ( 'NONE',  #5478 ) ;
#174 = ORIENTED_EDGE ( 'NONE', *, *, #2199, .F. ) ;
#175 = ADVANCED_FACE ( 'NONE', ( #3883 ), #6387, .F. ) ;
#176 = STYLED_ITEM ( 'NONE', ( #4420 ), #4907 ) ;
#177 = FILL_AREA_STYLE_COLOUR ( '', #6165 ) ;
#178 = LINE ( 'NONE', #2683, #9381 ) ;
#179 = LINE ( 'NONE', #9602, #4171 ) ;
#180 = SURFACE_STYLE_FILL_AREA ( #3334 ) ;
#181 = LINE ( 'NONE', #3520, #8342 ) ;
#182 = ORIENTED_EDGE ( 'NONE', *, *, #1222, .T. ) ;
#183 = ORIENTED_EDGE ( 'NONE', *, *, #8350, .F. ) ;
#184 = CARTESIAN_POINT ( 'NONE',  ( 6.249999999999998224, 0.2000000000000000111, -0.2499999999999997780 ) ) ;
#185 = VERTEX_POINT ( 'NONE', #4153 ) ;
#186 = LINE ( 'NONE', #9557, #9937 ) ;
#187 = STYLED_ITEM ( 'NONE', ( #9534 ), #2584 ) ;
#188 = ORIENTED_EDGE ( 'NONE', *, *, #5405, .T. ) ;
#189 = DIRECTION ( 'NONE',  ( 0.5773502691896259531, 0.5773502691896259531, 0.5773502691896255090 ) ) ;
#190 = SURFACE_SIDE_STYLE ('',( #7149 ) ) ;
#191 = SURFACE_STYLE_FILL_AREA ( #2698 ) ;
#192 = LINE ( 'NONE', #6641, #2395 ) ;
#193 = ORIENTED_EDGE ( 'NONE', *, *, #5959, .F. ) ;
#194 =( LENGTH_UNIT ( ) NAMED_UNIT ( * ) SI_UNIT ( .MILLI., .METRE. ) );
#195 = LINE ( 'NONE', #8922, #5024 ) ;
#196 = CARTESIAN_POINT ( 'NONE',  ( 8.699999999999999289, 0.1999999999999999833, -2.800000000000000266 ) ) ;
#197 = SURFACE_STYLE_USAGE ( .BOTH. , #8098 ) ;
#198 = EDGE_CURVE ( 'NONE', #2590, #6909, #2393, .T. ) ;
#199 = UNCERTAINTY_MEASURE_WITH_UNIT (LENGTH_MEASURE( 1.000000000000000082E-05 ), #6486, 'distance_accuracy_value', 'NONE');
#200 = DIRECTION ( 'NONE',  ( -1.000000000000000000, 3.872150616019660190E-17, 0.0000000000000000000 ) ) ;
#201 = UNCERTAINTY_MEASURE_WITH_UNIT (LENGTH_MEASURE( 1.000000000000000082E-05 ), #6742, 'distance_accuracy_value', 'NONE');
#202 = PLANE ( 'NONE',  #5495 ) ;
#203 = SURFACE_STYLE_FILL_AREA ( #7310 ) ;
#204 = SURFACE_SIDE_STYLE ('',( #1866 ) ) ;
#205 = EDGE_CURVE ( 'NONE', #1349, #9881, #5148, .T. ) ;
#206 = DIRECTION ( 'NONE',  ( 1.000000000000000000, 0.0000000000000000000, 0.0000000000000000000 ) ) ;
#207 = DIRECTION ( 'NONE',  ( -1.000000000000000000, 5.421010862427522170E-17, 0.0000000000000000000 ) ) ;
#208 =( LENGTH_UNIT ( ) NAMED_UNIT ( * ) SI_UNIT ( .MILLI., .METRE. ) );
#209 = MECHANICAL_DESIGN_GEOMETRIC_PRESENTATION_REPRESENTATION (  '', ( #6201 ), #8007 ) ;
#210 = ORIENTED_EDGE ( 'NONE', *, *, #6470, .T. ) ;
#211 = VECTOR ( 'NONE', #4081, 1000.000000000000000 ) ;
#212 = LINE ( 'NONE', #69, #5963 ) ;
#213 = COLOUR_RGB ( '',1.000000000000000000, 0.8117647058823529438, 0.5019607843137254832 ) ;
#214 = FACE_OUTER_BOUND ( 'NONE', #622, .T. ) ;
#215 = ADVANCED_FACE ( 'NONE', ( #8967 ), #9124, .F. ) ;
#216 = STYLED_ITEM ( 'NONE', ( #544 ), #9819 ) ;
#217 = VERTEX_POINT ( 'NONE', #1101 ) ;
#218 = EDGE_CURVE ( 'NONE', #4059, #9653, #329, .T. ) ;
#219 = PLANE ( 'NONE',  #7851 ) ;
#220 =( LENGTH_UNIT ( ) NAMED_UNIT ( * ) SI_UNIT ( .MILLI., .METRE. ) );
#221 = ORIENTED_EDGE ( 'NONE', *, *, #3575, .F. ) ;
#222 = AXIS2_PLACEMENT_3D ( 'NONE', #8706, #5570, #1588 ) ;
#223 = COLOUR_RGB ( '',1.000000000000000000, 0.8117647058823529438, 0.5019607843137254832 ) ;
#224 = EDGE_CURVE ( 'NONE', #6127, #2992, #1150, .T. ) ;
#225 = ORIENTED_EDGE ( 'NONE', *, *, #2135, .F. ) ;
#226 = SURFACE_SIDE_STYLE ('',( #8904 ) ) ;
#227 = FACE_OUTER_BOUND ( 'NONE', #1205, .T. ) ;
#228 = LINE ( 'NONE', #7389, #2051 ) ;
#229 = ORIENTED_EDGE ( 'NONE', *, *, #3231, .F. ) ;
#230 = PLANE ( 'NONE',  #8182 ) ;
#231 = ORIENTED_EDGE ( 'NONE', *, *, #7002, .F. ) ;
#232 = PRESENTATION_STYLE_ASSIGNMENT (( #7182 ) ) ;
#233 = VERTEX_POINT ( 'NONE', #6121 ) ;
#234 = CARTESIAN_POINT ( 'NONE',  ( 6.049999999999999822, 3.149999999999995470, -2.050000000000001599 ) ) ;
#235 = MECHANICAL_DESIGN_GEOMETRIC_PRESENTATION_REPRESENTATION (  '', ( #1060 ), #1218 ) ;
#236 = DIRECTION ( 'NONE',  ( 3.872150616019660190E-17, 1.000000000000000000, -0.0000000000000000000 ) ) ;
#237 = ADVANCED_FACE ( 'NONE', ( #5363 ), #8874, .T. ) ;
#238 = DIRECTION ( 'NONE',  ( -4.336808689942017736E-16, 0.0000000000000000000, -1.000000000000000000 ) ) ;
#239 = CARTESIAN_POINT ( 'NONE',  ( 2.250000000000000000, 0.2000000000000000111, 0.2500000000000002220 ) ) ;
#240 = CARTESIAN_POINT ( 'NONE',  ( 2.050000000000000266, -3.399999999999999911, -2.800000000000000266 ) ) ;
#241 =( LENGTH_UNIT ( ) NAMED_UNIT ( * ) SI_UNIT ( .MILLI., .METRE. ) );
#242 = CARTESIAN_POINT ( 'NONE',  ( 13.95000000000000107, 4.500000000000000888, -0.6799999999999974953 ) ) ;
#243 = DIRECTION ( 'NONE',  ( -4.336808689942017736E-16, 0.0000000000000000000, -1.000000000000000000 ) ) ;
#244 =( LENGTH_UNIT ( ) NAMED_UNIT ( * ) SI_UNIT ( .MILLI., .METRE. ) );
#245 = EDGE_LOOP ( 'NONE', ( #2997, #2751, #2502, #4483 ) ) ;
#246 = ORIENTED_EDGE ( 'NONE', *, *, #5395, .F. ) ;
#247 = STYLED_ITEM ( 'NONE', ( #4138 ), #2322 ) ;
#248 = LINE ( 'NONE', #974, #961 ) ;
#249 = CARTESIAN_POINT ( 'NONE',  ( 12.14999999999999858, -3.399999999999999911, 0.2500000000000002220 ) ) ;
#250 =( GEOMETRIC_REPRESENTATION_CONTEXT ( 3 ) GLOBAL_UNCERTAINTY_ASSIGNED_CONTEXT ( ( #9761 ) ) GLOBAL_UNIT_ASSIGNED_CONTEXT ( ( #4957, #1709, #2402 ) ) REPRESENTATION_CONTEXT ( 'NONE', 'WORKASPACE' ) );
#251 = ORIENTED_EDGE ( 'NONE', *, *, #7659, .T. ) ;
#252 = DIRECTION ( 'NONE',  ( 3.872150616019660190E-17, 1.000000000000000000, -0.0000000000000000000 ) ) ;
#253 = CARTESIAN_POINT ( 'NONE',  ( -1.949999999999999956, 0.0000000000000000000, 1.599999999999999867 ) ) ;
#254 = FACE_OUTER_BOUND ( 'NONE', #10155, .T. ) ;
#255 = SURFACE_SIDE_STYLE ('',( #7365 ) ) ;
#256 = SURFACE_STYLE_USAGE ( .BOTH. , #6751 ) ;
#257 =( GEOMETRIC_REPRESENTATION_CONTEXT ( 3 ) GLOBAL_UNCERTAINTY_ASSIGNED_CONTEXT ( ( #4170 ) ) GLOBAL_UNIT_ASSIGNED_CONTEXT ( ( #4725, #1491, #749 ) ) REPRESENTATION_CONTEXT ( 'NONE', 'WORKASPACE' ) );
#258 =( GEOMETRIC_REPRESENTATION_CONTEXT ( 3 ) GLOBAL_UNCERTAINTY_ASSIGNED_CONTEXT ( ( #3299 ) ) GLOBAL_UNIT_ASSIGNED_CONTEXT ( ( #10241, #8001, #8681 ) ) REPRESENTATION_CONTEXT ( 'NONE', 'WORKASPACE' ) );
#259 = CARTESIAN_POINT ( 'NONE',  ( 6.249999999999998224, 4.999999999999997335, 0.2500000000000002220 ) ) ;
#260 = COLOUR_RGB ( '',1.000000000000000000, 1.000000000000000000, 1.000000000000000000 ) ;
#261 = DIRECTION ( 'NONE',  ( -0.0000000000000000000, 1.000000000000000000, -0.0000000000000000000 ) ) ;
#262 = COLOUR_RGB ( '',1.000000000000000000, 1.000000000000000000, 1.000000000000000000 ) ;
#263 = STYLED_ITEM ( 'NONE', ( #2728 ), #8732 ) ;
#264 = VECTOR ( 'NONE', #545, 1000.000000000000000 ) ;
#265 = DIRECTION ( 'NONE',  ( 0.0000000000000000000, 1.000000000000000000, 0.0000000000000000000 ) ) ;
#266 = VERTEX_POINT ( 'NONE', #3902 ) ;
#267 = ORIENTED_EDGE ( 'NONE', *, *, #1472, .F. ) ;
#268 =( GEOMETRIC_REPRESENTATION_CONTEXT ( 3 ) GLOBAL_UNCERTAINTY_ASSIGNED_CONTEXT ( ( #9398 ) ) GLOBAL_UNIT_ASSIGNED_CONTEXT ( ( #2027, #1235, #7578 ) ) REPRESENTATION_CONTEXT ( 'NONE', 'WORKASPACE' ) );
#269 = ORIENTED_EDGE ( 'NONE', *, *, #2411, .F. ) ;
#270 = MECHANICAL_DESIGN_GEOMETRIC_PRESENTATION_REPRESENTATION (  '', ( #8897 ), #8735 ) ;
#271 =( GEOMETRIC_REPRESENTATION_CONTEXT ( 3 ) GLOBAL_UNCERTAINTY_ASSIGNED_CONTEXT ( ( #6647 ) ) GLOBAL_UNIT_ASSIGNED_CONTEXT ( ( #244, #6204, #9362 ) ) REPRESENTATION_CONTEXT ( 'NONE', 'WORKASPACE' ) );
#272 = ADVANCED_FACE ( 'NONE', ( #7050 ), #739, .T. ) ;
#273 =( NAMED_UNIT ( * ) PLANE_ANGLE_UNIT ( ) SI_UNIT ( $, .RADIAN. ) );
#274 =( LENGTH_UNIT ( ) NAMED_UNIT ( * ) SI_UNIT ( .MILLI., .METRE. ) );
#275 = STYLED_ITEM ( 'NONE', ( #7066 ), #619 ) ;
#276 = FILL_AREA_STYLE ('',( #4239 ) ) ;
#277 = VERTEX_POINT ( 'NONE', #2564 ) ;
#278 = LINE ( 'NONE', #3473, #5569 ) ;
#279 = PLANE ( 'NONE',  #2733 ) ;
#280 = VERTEX_POINT ( 'NONE', #5752 ) ;
#281 = CARTESIAN_POINT ( 'NONE',  ( 4.049999999999999822, 5.100000000000001421, -2.800000000000000266 ) ) ;
#282 = EDGE_CURVE ( 'NONE', #4864, #7500, #8116, .T. ) ;
#283 = EDGE_CURVE ( 'NONE', #9088, #3405, #1535, .T. ) ;
#284 = PLANE ( 'NONE',  #473 ) ;
#285 = DIRECTION ( 'NONE',  ( -1.000000000000000000, 0.0000000000000000000, 0.0000000000000000000 ) ) ;
#286 = VERTEX_POINT ( 'NONE', #7820 ) ;
#287 =( NAMED_UNIT ( * ) SI_UNIT ( $, .STERADIAN. ) SOLID_ANGLE_UNIT ( ) );
#288 = PLANE ( 'NONE',  #9218 ) ;
#289 = CARTESIAN_POINT ( 'NONE',  ( 9.750000000000000000, 4.999999999999997335, 0.2500000000000002220 ) ) ;
#290 = ORIENTED_EDGE ( 'NONE', *, *, #6092, .T. ) ;
#291 = FILL_AREA_STYLE ('',( #1906 ) ) ;
#292 =( NAMED_UNIT ( * ) SI_UNIT ( $, .STERADIAN. ) SOLID_ANGLE_UNIT ( ) );
#293 = LINE ( 'NONE', #344, #2676 ) ;
#294 = ORIENTED_EDGE ( 'NONE', *, *, #198, .T. ) ;
#295 = VERTEX_POINT ( 'NONE', #3054 ) ;
#296 = CARTESIAN_POINT ( 'NONE',  ( 0.0000000000000000000, -3.399999999999999911, -0.05000000000000012768 ) ) ;
#297 =( GEOMETRIC_REPRESENTATION_CONTEXT ( 3 ) GLOBAL_UNCERTAINTY_ASSIGNED_CONTEXT ( ( #8632 ) ) GLOBAL_UNIT_ASSIGNED_CONTEXT ( ( #9905, #1911, #6085 ) ) REPRESENTATION_CONTEXT ( 'NONE', 'WORKASPACE' ) );
#298 =( GEOMETRIC_REPRESENTATION_CONTEXT ( 3 ) GLOBAL_UNCERTAINTY_ASSIGNED_CONTEXT ( ( #6984 ) ) GLOBAL_UNIT_ASSIGNED_CONTEXT ( ( #8589, #3781, #6966 ) ) REPRESENTATION_CONTEXT ( 'NONE', 'WORKASPACE' ) );
#299 = ADVANCED_FACE ( 'NONE', ( #9383 ), #6889, .F. ) ;
#300 = UNCERTAINTY_MEASURE_WITH_UNIT (LENGTH_MEASURE( 1.000000000000000082E-05 ), #4561, 'distance_accuracy_value', 'NONE');
#301 = DIRECTION ( 'NONE',  ( 0.0000000000000000000, 0.0000000000000000000, 1.000000000000000000 ) ) ;
#302 = ORIENTED_EDGE ( 'NONE', *, *, #1131, .F. ) ;
#303 =( NAMED_UNIT ( * ) PLANE_ANGLE_UNIT ( ) SI_UNIT ( $, .RADIAN. ) );
#304 = AXIS2_PLACEMENT_3D ( 'NONE', #8501, #4731, #10169 ) ;
#305 = SURFACE_STYLE_FILL_AREA ( #7462 ) ;
#306 = STYLED_ITEM ( 'NONE', ( #10094 ), #3751 ) ;
#307 = SURFACE_STYLE_FILL_AREA ( #3599 ) ;
#308 = FILL_AREA_STYLE ('',( #7412 ) ) ;
#309 =( NAMED_UNIT ( * ) PLANE_ANGLE_UNIT ( ) SI_UNIT ( $, .RADIAN. ) );
#310 = FACE_OUTER_BOUND ( 'NONE', #7483, .T. ) ;
#311 = FILL_AREA_STYLE_COLOUR ( '', #6939 ) ;
#312 = DIRECTION ( 'NONE',  ( 4.336808689942017736E-16, 0.0000000000000000000, 1.000000000000000000 ) ) ;
#313 = SURFACE_STYLE_USAGE ( .BOTH. , #1830 ) ;
#314 = FILL_AREA_STYLE ('',( #2436 ) ) ;
#315 = DIRECTION ( 'NONE',  ( -1.000000000000000000, 5.421010862427522170E-17, 0.0000000000000000000 ) ) ;
#316 = LINE ( 'NONE', #6763, #9435 ) ;
#317 = UNCERTAINTY_MEASURE_WITH_UNIT (LENGTH_MEASURE( 1.000000000000000082E-05 ), #2115, 'distance_accuracy_value', 'NONE');
#318 =( GEOMETRIC_REPRESENTATION_CONTEXT ( 3 ) GLOBAL_UNCERTAINTY_ASSIGNED_CONTEXT ( ( #7038 ) ) GLOBAL_UNIT_ASSIGNED_CONTEXT ( ( #9563, #8142, #7188 ) ) REPRESENTATION_CONTEXT ( 'NONE', 'WORKASPACE' ) );
#319 = ORIENTED_EDGE ( 'NONE', *, *, #9234, .F. ) ;
#320 = MECHANICAL_DESIGN_GEOMETRIC_PRESENTATION_REPRESENTATION (  '', ( #5429 ), #8445 ) ;
#321 = ADVANCED_FACE ( 'NONE', ( #2969 ), #3889, .F. ) ;
#322 = AXIS2_PLACEMENT_3D ( 'NONE', #4285, #1051, #8317 ) ;
#323 = LINE ( 'NONE', #2737, #7807 ) ;
#324 = EDGE_LOOP ( 'NONE', ( #7501, #2667, #7295, #1851 ) ) ;
#325 = EDGE_CURVE ( 'NONE', #2590, #4924, #3320, .T. ) ;
#326 = CARTESIAN_POINT ( 'NONE',  ( 12.25000000000000000, 1.800000000000000044, 0.2500000000000002220 ) ) ;
#327 = ORIENTED_EDGE ( 'NONE', *, *, #1289, .F. ) ;
#328 = SURFACE_SIDE_STYLE ('',( #2691 ) ) ;
#329 = LINE ( 'NONE', #9075, #2623 ) ;
#330 = PRESENTATION_LAYER_ASSIGNMENT (  '', '', ( #3844 ) ) ;
#331 = STYLED_ITEM ( 'NONE', ( #2302 ), #2904 ) ;
#332 = STYLED_ITEM ( 'NONE', ( #3462 ), #4858 ) ;
#333 = DIRECTION ( 'NONE',  ( -4.336808689942017736E-16, 0.0000000000000000000, -1.000000000000000000 ) ) ;
#334 = STYLED_ITEM ( 'NONE', ( #6650 ), #3030 ) ;
#335 = ORIENTED_EDGE ( 'NONE', *, *, #6816, .F. ) ;
#336 = CARTESIAN_POINT ( 'NONE',  ( -0.1499999999999982181, 5.100000000000001421, -2.800000000000001155 ) ) ;
#337 = CARTESIAN_POINT ( 'NONE',  ( 11.75000000000000000, 4.999999999999997335, 0.2500000000000002220 ) ) ;
#338 = FILL_AREA_STYLE ('',( #9842 ) ) ;
#339 = EDGE_CURVE ( 'NONE', #266, #3427, #1686, .T. ) ;
#340 = ORIENTED_EDGE ( 'NONE', *, *, #7574, .F. ) ;
#341 = CARTESIAN_POINT ( 'NONE',  ( 1.250000000000000666, 3.399999999999999467, -2.050000000000001599 ) ) ;
#342 = PLANE ( 'NONE',  #115 ) ;
#343 = ADVANCED_FACE ( 'NONE', ( #2850 ), #2064, .T. ) ;
#344 = CARTESIAN_POINT ( 'NONE',  ( 6.249999999999998224, -3.399999999999999911, -0.2499999999999997780 ) ) ;
#345 = ORIENTED_EDGE ( 'NONE', *, *, #5884, .F. ) ;
#346 = ORIENTED_EDGE ( 'NONE', *, *, #3041, .T. ) ;
#347 = LINE ( 'NONE', #5266, #10261 ) ;
#348 = STYLED_ITEM ( 'NONE', ( #5341 ), #2736 ) ;
#349 = FACE_OUTER_BOUND ( 'NONE', #3422, .T. ) ;
#350 =( NAMED_UNIT ( * ) PLANE_ANGLE_UNIT ( ) SI_UNIT ( $, .RADIAN. ) );
#351 =( LENGTH_UNIT ( ) NAMED_UNIT ( * ) SI_UNIT ( .MILLI., .METRE. ) );
#352 = PRESENTATION_STYLE_ASSIGNMENT (( #5991 ) ) ;
#353 = ADVANCED_FACE ( 'NONE', ( #9232 ), #2950, .F. ) ;
#354 = CARTESIAN_POINT ( 'NONE',  ( -0.2200000000000003619, 4.229999999999999538, 1.249999999999997558 ) ) ;
#355 = SURFACE_SIDE_STYLE ('',( #3547 ) ) ;
#356 = STYLED_ITEM ( 'NONE', ( #6495 ), #1988 ) ;
#357 = SURFACE_STYLE_FILL_AREA ( #9814 ) ;
#358 = SURFACE_SIDE_STYLE ('',( #5225 ) ) ;
#359 = VECTOR ( 'NONE', #46, 1000.000000000000000 ) ;
#360 = DIRECTION ( 'NONE',  ( -0.0000000000000000000, -0.0000000000000000000, 1.000000000000000000 ) ) ;
#361 = DIRECTION ( 'NONE',  ( 3.872150616019660190E-17, 1.000000000000000000, -0.0000000000000000000 ) ) ;
#362 = CARTESIAN_POINT ( 'NONE',  ( 7.750000000000000000, -3.299999999999998490, -0.2499999999999997780 ) ) ;
#363 = EDGE_CURVE ( 'NONE', #6450, #7892, #520, .T. ) ;
#364 = EDGE_LOOP ( 'NONE', ( #2657, #7540, #5502, #1589, #7987 ) ) ;
#365 = DIRECTION ( 'NONE',  ( 0.0000000000000000000, 1.000000000000000000, 0.0000000000000000000 ) ) ;
#366 =( NAMED_UNIT ( * ) PLANE_ANGLE_UNIT ( ) SI_UNIT ( $, .RADIAN. ) );
#367 = ORIENTED_EDGE ( 'NONE', *, *, #1628, .T. ) ;
#368 = DIRECTION ( 'NONE',  ( -1.362927481496328130E-16, 0.7071067811865451302, -0.7071067811865500152 ) ) ;
#369 = VECTOR ( 'NONE', #4205, 1000.000000000000000 ) ;
#370 = LINE ( 'NONE', #3565, #7656 ) ;
#371 = EDGE_CURVE ( 'NONE', #277, #7655, #1987, .T. ) ;
#372 = FILL_AREA_STYLE ('',( #7013 ) ) ;
#373 = DIRECTION ( 'NONE',  ( 0.0000000000000000000, 0.0000000000000000000, 1.000000000000000000 ) ) ;
#374 = DIRECTION ( 'NONE',  ( 0.0000000000000000000, 0.0000000000000000000, -1.000000000000000000 ) ) ;
#375 =( GEOMETRIC_REPRESENTATION_CONTEXT ( 3 ) GLOBAL_UNCERTAINTY_ASSIGNED_CONTEXT ( ( #627 ) ) GLOBAL_UNIT_ASSIGNED_CONTEXT ( ( #6016, #7653, #2047 ) ) REPRESENTATION_CONTEXT ( 'NONE', 'WORKASPACE' ) );
#376 = DIRECTION ( 'NONE',  ( -1.000000000000000000, 5.421010862427522170E-17, 0.0000000000000000000 ) ) ;
#377 = EDGE_CURVE ( 'NONE', #1437, #6127, #5956, .T. ) ;
#378 = STYLED_ITEM ( 'NONE', ( #62 ), #7060 ) ;
#379 = FILL_AREA_STYLE_COLOUR ( '', #3079 ) ;
#380 = ORIENTED_EDGE ( 'NONE', *, *, #1565, .T. ) ;
#381 = DIRECTION ( 'NONE',  ( -0.0000000000000000000, -0.0000000000000000000, 1.000000000000000000 ) ) ;
#382 = PRESENTATION_STYLE_ASSIGNMENT (( #6596 ) ) ;
#383 = SURFACE_STYLE_FILL_AREA ( #9843 ) ;
#384 = CARTESIAN_POINT ( 'NONE',  ( 1.749999999999998890, 0.2000000000000000111, -2.800000000000000266 ) ) ;
#385 = ORIENTED_EDGE ( 'NONE', *, *, #3692, .F. ) ;
#386 = FILL_AREA_STYLE_COLOUR ( '', #1295 ) ;
#387 = COLOUR_RGB ( '',1.000000000000000000, 0.8117647058823529438, 0.5019607843137254832 ) ;
#388 = UNCERTAINTY_MEASURE_WITH_UNIT (LENGTH_MEASURE( 1.000000000000000082E-05 ), #7943, 'distance_accuracy_value', 'NONE');
#389 = DIRECTION ( 'NONE',  ( -0.0000000000000000000, -0.0000000000000000000, 1.000000000000000000 ) ) ;
#390 = ADVANCED_FACE ( 'NONE', ( #576 ), #3042, .F. ) ;
#391 = EDGE_CURVE ( 'NONE', #1023, #3012, #838, .T. ) ;
#392 = AXIS2_PLACEMENT_3D ( 'NONE', #2743, #1003, #4334 ) ;
#393 = CARTESIAN_POINT ( 'NONE',  ( 3.299999999999999378, 0.0000000000000000000, -2.800000000000000266 ) ) ;
#394 = DIRECTION ( 'NONE',  ( -0.0000000000000000000, 1.000000000000000000, -0.0000000000000000000 ) ) ;
#395 = PLANE ( 'NONE',  #9837 ) ;
#396 = COLOUR_RGB ( '',1.000000000000000000, 0.8117647058823529438, 0.5019607843137254832 ) ;
#397 = SURFACE_STYLE_USAGE ( .BOTH. , #1284 ) ;
#398 = CARTESIAN_POINT ( 'NONE',  ( -0.2200000000000001399, 2.250000000000000000, 1.700000000000000178 ) ) ;
#399 = DIRECTION ( 'NONE',  ( 1.000000000000000000, 0.0000000000000000000, 0.0000000000000000000 ) ) ;
#400 = DIRECTION ( 'NONE',  ( -0.0000000000000000000, 1.000000000000000000, -0.0000000000000000000 ) ) ;
#401 = CARTESIAN_POINT ( 'NONE',  ( 9.749999999999998224, 1.800000000000000044, -2.800000000000005596 ) ) ;
#402 = ORIENTED_EDGE ( 'NONE', *, *, #6576, .F. ) ;
#403 = ORIENTED_EDGE ( 'NONE', *, *, #3682, .T. ) ;
#404 =( NAMED_UNIT ( * ) SI_UNIT ( $, .STERADIAN. ) SOLID_ANGLE_UNIT ( ) );
#405 =( GEOMETRIC_REPRESENTATION_CONTEXT ( 3 ) GLOBAL_UNCERTAINTY_ASSIGNED_CONTEXT ( ( #8101 ) ) GLOBAL_UNIT_ASSIGNED_CONTEXT ( ( #5000, #6679, #4253 ) ) REPRESENTATION_CONTEXT ( 'NONE', 'WORKASPACE' ) );
#406 = AXIS2_PLACEMENT_3D ( 'NONE', #477, #4548, #6771 ) ;
#407 = ADVANCED_FACE ( 'NONE', ( #1676 ), #9677, .F. ) ;
#408 = EDGE_CURVE ( 'NONE', #5084, #1660, #9590, .T. ) ;
#409 = FACE_OUTER_BOUND ( 'NONE', #4903, .T. ) ;
#410 = EDGE_LOOP ( 'NONE', ( #6906, #3194, #2579, #4925 ) ) ;
#411 = EDGE_LOOP ( 'NONE', ( #1796, #4168, #6586, #5700 ) ) ;
#412 = CARTESIAN_POINT ( 'NONE',  ( 5.250000000000000888, 1.149999999999999911, -2.350000000000001421 ) ) ;
#413 =( NAMED_UNIT ( * ) SI_UNIT ( $, .STERADIAN. ) SOLID_ANGLE_UNIT ( ) );
#414 = ORIENTED_EDGE ( 'NONE', *, *, #7764, .T. ) ;
#415 = PRESENTATION_LAYER_ASSIGNMENT (  '', '', ( #5101 ) ) ;
#416 = CARTESIAN_POINT ( 'NONE',  ( -0.2500000000000002220, -3.399999999999999911, 0.2500000000000002220 ) ) ;
#417 = CIRCLE ( 'NONE', #7548, 0.05000000000000019013 ) ;
#418 = EDGE_CURVE ( 'NONE', #4622, #9952, #7684, .T. ) ;
#419 = EDGE_LOOP ( 'NONE', ( #5855, #8097, #9246, #8063 ) ) ;
#420 = STYLED_ITEM ( 'NONE', ( #1493 ), #9265 ) ;
#421 = DIRECTION ( 'NONE',  ( 0.5773502691896291728, 0.5773502691896262862, 0.5773502691896218453 ) ) ;
#422 = ORIENTED_EDGE ( 'NONE', *, *, #989, .F. ) ;
#423 = PRESENTATION_STYLE_ASSIGNMENT (( #5860 ) ) ;
#424 = MECHANICAL_DESIGN_GEOMETRIC_PRESENTATION_REPRESENTATION (  '', ( #4971 ), #2941 ) ;
#425 = DIRECTION ( 'NONE',  ( -1.000000000000000000, 0.0000000000000000000, -1.927470528863119049E-16 ) ) ;
#426 = EDGE_LOOP ( 'NONE', ( #8558, #1655, #6680, #546 ) ) ;
#427 = CARTESIAN_POINT ( 'NONE',  ( 7.249999999999999112, 3.399999999999999467, -2.050000000000001599 ) ) ;
#428 = ORIENTED_EDGE ( 'NONE', *, *, #7370, .F. ) ;
#429 = PLANE ( 'NONE',  #1046 ) ;
#430 = PRESENTATION_LAYER_ASSIGNMENT (  '', '', ( #3610 ) ) ;
#431 = PRESENTATION_LAYER_ASSIGNMENT (  '', '', ( #8897 ) ) ;
#432 = VECTOR ( 'NONE', #8096, 1000.000000000000000 ) ;
#433 = SURFACE_STYLE_FILL_AREA ( #4340 ) ;
#434 = COLOUR_RGB ( '',1.000000000000000000, 1.000000000000000000, 1.000000000000000000 ) ;
#435 = PRESENTATION_LAYER_ASSIGNMENT (  '', '', ( #777 ) ) ;
#436 = CARTESIAN_POINT ( 'NONE',  ( 13.95000000000000107, 4.500000000000000888, -0.1799999999999978839 ) ) ;
#437 = FILL_AREA_STYLE_COLOUR ( '', #1907 ) ;
#438 = ORIENTED_EDGE ( 'NONE', *, *, #9307, .T. ) ;
#439 = DIRECTION ( 'NONE',  ( 4.336808689942017736E-16, 0.0000000000000000000, 1.000000000000000000 ) ) ;
#440 = SURFACE_SIDE_STYLE ('',( #8337 ) ) ;
#441 = ORIENTED_EDGE ( 'NONE', *, *, #9234, .T. ) ;
#442 = SURFACE_SIDE_STYLE ('',( #4407 ) ) ;
#443 = VECTOR ( 'NONE', #439, 1000.000000000000000 ) ;
#444 = DIRECTION ( 'NONE',  ( -0.0000000000000000000, -0.0000000000000000000, -1.000000000000000000 ) ) ;
#445 = ORIENTED_EDGE ( 'NONE', *, *, #1505, .T. ) ;
#446 = EDGE_CURVE ( 'NONE', #5668, #280, #9250, .T. ) ;
#447 = COLOUR_RGB ( '',1.000000000000000000, 0.8117647058823529438, 0.5019607843137254832 ) ;
#448 = SURFACE_STYLE_USAGE ( .BOTH. , #1340 ) ;
#449 = DIRECTION ( 'NONE',  ( 1.000000000000000000, -5.421010862427522170E-17, 0.0000000000000000000 ) ) ;
#450 = ORIENTED_EDGE ( 'NONE', *, *, #8498, .T. ) ;
#451 = DIRECTION ( 'NONE',  ( -1.000000000000000000, 3.872150616019660190E-17, 0.0000000000000000000 ) ) ;
#452 = DIRECTION ( 'NONE',  ( -0.0000000000000000000, -0.0000000000000000000, 1.000000000000000000 ) ) ;
#453 = FACE_OUTER_BOUND ( 'NONE', #2659, .T. ) ;
#454 = VECTOR ( 'NONE', #4714, 1000.000000000000000 ) ;
#455 = EDGE_CURVE ( 'NONE', #4051, #7089, #1127, .T. ) ;
#456 = FACE_OUTER_BOUND ( 'NONE', #8546, .T. ) ;
#457 = DIRECTION ( 'NONE',  ( -1.000000000000000000, 5.421010862427522170E-17, 0.0000000000000000000 ) ) ;
#458 = PRESENTATION_STYLE_ASSIGNMENT (( #5177 ) ) ;
#459 = VECTOR ( 'NONE', #3248, 1000.000000000000000 ) ;
#460 = STYLED_ITEM ( 'NONE', ( #2722 ), #3646 ) ;
#461 = CARTESIAN_POINT ( 'NONE',  ( 6.249999999999998224, -3.399999999999999911, 0.2500000000000002220 ) ) ;
#462 = ORIENTED_EDGE ( 'NONE', *, *, #3779, .F. ) ;
#463 = FILL_AREA_STYLE ('',( #2781 ) ) ;
#464 = EDGE_CURVE ( 'NONE', #599, #8320, #4320, .T. ) ;
#465 = DIRECTION ( 'NONE',  ( 4.336808689942017736E-16, 0.0000000000000000000, 1.000000000000000000 ) ) ;
#466 = EDGE_CURVE ( 'NONE', #7926, #9513, #6250, .T. ) ;
#467 = VECTOR ( 'NONE', #8487, 1000.000000000000000 ) ;
#468 = VECTOR ( 'NONE', #1448, 1000.000000000000000 ) ;
#469 = DIRECTION ( 'NONE',  ( -1.000000000000000000, -0.0000000000000000000, -0.0000000000000000000 ) ) ;
#470 = SURFACE_SIDE_STYLE ('',( #5243 ) ) ;
#471 = CARTESIAN_POINT ( 'NONE',  ( 1.250000000000000666, 1.149999999999999911, -2.050000000000001599 ) ) ;
#472 = AXIS2_PLACEMENT_3D ( 'NONE', #7318, #3416, #165 ) ;
#473 = AXIS2_PLACEMENT_3D ( 'NONE', #1157, #2646, #4397 ) ;
#474 =( GEOMETRIC_REPRESENTATION_CONTEXT ( 3 ) GLOBAL_UNCERTAINTY_ASSIGNED_CONTEXT ( ( #9446 ) ) GLOBAL_UNIT_ASSIGNED_CONTEXT ( ( #4768, #9535, #9595 ) ) REPRESENTATION_CONTEXT ( 'NONE', 'WORKASPACE' ) );
#475 = ORIENTED_EDGE ( 'NONE', *, *, #3724, .F. ) ;
#476 = PRESENTATION_STYLE_ASSIGNMENT (( #10192 ) ) ;
#477 = CARTESIAN_POINT ( 'NONE',  ( 4.149999999999999467, -3.399999999999999911, -2.800000000000000266 ) ) ;
#478 = SURFACE_STYLE_FILL_AREA ( #6116 ) ;
#479 = ORIENTED_EDGE ( 'NONE', *, *, #7129, .F. ) ;
#480 = LINE ( 'NONE', #9071, #7020 ) ;
#481 = EDGE_CURVE ( 'NONE', #6330, #10017, #6350, .T. ) ;
#482 = FILL_AREA_STYLE_COLOUR ( '', #10272 ) ;
#483 = VECTOR ( 'NONE', #7997, 1000.000000000000000 ) ;
#484 = VECTOR ( 'NONE', #1839, 1000.000000000000000 ) ;
#485 =( LENGTH_UNIT ( ) NAMED_UNIT ( * ) SI_UNIT ( .MILLI., .METRE. ) );
#486 = VERTEX_POINT ( 'NONE', #2974 ) ;
#487 = FILL_AREA_STYLE ('',( #7605 ) ) ;
#488 = DIRECTION ( 'NONE',  ( 0.5773502691896259531, 0.5773502691896259531, 0.5773502691896255090 ) ) ;
#489 = DIRECTION ( 'NONE',  ( 3.872150616019660190E-17, 1.000000000000000000, -0.0000000000000000000 ) ) ;
#490 = COLOUR_RGB ( '',1.000000000000000000, 1.000000000000000000, 1.000000000000000000 ) ;
#491 = FACE_OUTER_BOUND ( 'NONE', #4571, .T. ) ;
#492 = COLOUR_RGB ( '',1.000000000000000000, 1.000000000000000000, 1.000000000000000000 ) ;
#493 = PRESENTATION_STYLE_ASSIGNMENT (( #8335 ) ) ;
#494 = ORIENTED_EDGE ( 'NONE', *, *, #9924, .T. ) ;
#495 = VERTEX_POINT ( 'NONE', #1515 ) ;
#496 = FILL_AREA_STYLE ('',( #386 ) ) ;
#497 = DIRECTION ( 'NONE',  ( 1.000000000000000000, 1.927470528863119542E-16, -0.0000000000000000000 ) ) ;
#498 = DIRECTION ( 'NONE',  ( -1.000000000000000000, 3.872150616019660190E-17, 0.0000000000000000000 ) ) ;
#499 = ORIENTED_EDGE ( 'NONE', *, *, #1688, .F. ) ;
#500 = FILL_AREA_STYLE_COLOUR ( '', #2266 ) ;
#501 = DIRECTION ( 'NONE',  ( 1.000000000000000000, -0.0000000000000000000, -5.455105270367317620E-17 ) ) ;
#502 = ADVANCED_FACE ( 'NONE', ( #4747 ), #5439, .T. ) ;
#503 = SURFACE_SIDE_STYLE ('',( #4522 ) ) ;
#504 = CARTESIAN_POINT ( 'NONE',  ( 9.750000000000000000, -3.399999999999999911, -0.2499999999999997780 ) ) ;
#505 = PRESENTATION_STYLE_ASSIGNMENT (( #3078 ) ) ;
#506 = ORIENTED_EDGE ( 'NONE', *, *, #4226, .T. ) ;
#507 = CARTESIAN_POINT ( 'NONE',  ( 12.69999999999999929, 0.1999999999999999833, -2.800000000000000266 ) ) ;
#508 = STYLED_ITEM ( 'NONE', ( #6902 ), #2785 ) ;
#509 = FILL_AREA_STYLE_COLOUR ( '', #4820 ) ;
#510 =( NAMED_UNIT ( * ) PLANE_ANGLE_UNIT ( ) SI_UNIT ( $, .RADIAN. ) );
#511 = FILL_AREA_STYLE ('',( #6757 ) ) ;
#512 = EDGE_CURVE ( 'NONE', #5109, #8612, #3186, .T. ) ;
#513 = PLANE ( 'NONE',  #6516 ) ;
#514 = PRESENTATION_LAYER_ASSIGNMENT (  '', '', ( #356 ) ) ;
#515 = ORIENTED_EDGE ( 'NONE', *, *, #8168, .T. ) ;
#516 = DIRECTION ( 'NONE',  ( 0.0000000000000000000, -0.0000000000000000000, 1.000000000000000000 ) ) ;
#517 = FILL_AREA_STYLE ('',( #7525 ) ) ;
#518 = LINE ( 'NONE', #7644, #4665 ) ;
#519 = UNCERTAINTY_MEASURE_WITH_UNIT (LENGTH_MEASURE( 1.000000000000000082E-05 ), #9516, 'distance_accuracy_value', 'NONE');
#520 = LINE ( 'NONE', #9986, #3603 ) ;
#521 = PRESENTATION_LAYER_ASSIGNMENT (  '', '', ( #5037 ) ) ;
#522 = DIRECTION ( 'NONE',  ( -0.0000000000000000000, -0.0000000000000000000, -1.000000000000000000 ) ) ;
#523 = EDGE_CURVE ( 'NONE', #1045, #2601, #4679, .T. ) ;
#524 = ADVANCED_FACE ( 'NONE', ( #6289, #3959 ), #4830, .F. ) ;
#525 = VECTOR ( 'NONE', #2771, 1000.000000000000000 ) ;
#526 = FILL_AREA_STYLE_COLOUR ( '', #2573 ) ;
#527 = ORIENTED_EDGE ( 'NONE', *, *, #5833, .F. ) ;
#528 = SURFACE_STYLE_USAGE ( .BOTH. , #5296 ) ;
#529 = DIRECTION ( 'NONE',  ( -0.0000000000000000000, -0.0000000000000000000, -1.000000000000000000 ) ) ;
#530 = CARTESIAN_POINT ( 'NONE',  ( 10.75000000000000000, 3.149999999999995914, -2.050000000000002043 ) ) ;
#531 = FACE_OUTER_BOUND ( 'NONE', #10213, .T. ) ;
#532 = MECHANICAL_DESIGN_GEOMETRIC_PRESENTATION_REPRESENTATION (  '', ( #5059 ), #9005 ) ;
#533 = VECTOR ( 'NONE', #7746, 1000.000000000000000 ) ;
#534 = LINE ( 'NONE', #2269, #4309 ) ;
#535 = EDGE_CURVE ( 'NONE', #8234, #7777, #2605, .T. ) ;
#536 = LINE ( 'NONE', #8435, #7362 ) ;
#537 = SURFACE_SIDE_STYLE ('',( #9283 ) ) ;
#538 = VECTOR ( 'NONE', #6583, 1000.000000000000000 ) ;
#539 = ORIENTED_EDGE ( 'NONE', *, *, #1507, .F. ) ;
#540 = CARTESIAN_POINT ( 'NONE',  ( 9.850000000000003197, 5.100000000000001421, 0.1499999999999973577 ) ) ;
#541 = CARTESIAN_POINT ( 'NONE',  ( -1.949999999999999956, 1.800000000000000044, 0.2500000000000002220 ) ) ;
#542 =( NAMED_UNIT ( * ) SI_UNIT ( $, .STERADIAN. ) SOLID_ANGLE_UNIT ( ) );
#543 = COLOUR_RGB ( '',1.000000000000000000, 1.000000000000000000, 1.000000000000000000 ) ;
#544 = PRESENTATION_STYLE_ASSIGNMENT (( #2062 ) ) ;
#545 = DIRECTION ( 'NONE',  ( 1.000000000000000000, -0.0000000000000000000, 1.927470528863119049E-16 ) ) ;
#546 = ORIENTED_EDGE ( 'NONE', *, *, #1678, .F. ) ;
#547 = ORIENTED_EDGE ( 'NONE', *, *, #2270, .T. ) ;
#548 = ORIENTED_EDGE ( 'NONE', *, *, #2510, .F. ) ;
#549 = LINE ( 'NONE', #5376, #6623 ) ;
#550 = ORIENTED_EDGE ( 'NONE', *, *, #6155, .F. ) ;
#551 = ADVANCED_FACE ( 'NONE', ( #8929 ), #3453, .F. ) ;
#552 = LINE ( 'NONE', #5481, #7901 ) ;
#553 = FILL_AREA_STYLE_COLOUR ( '', #4419 ) ;
#554 = CARTESIAN_POINT ( 'NONE',  ( 13.94999999999999751, 1.380000000000003890, 1.300000000000000044 ) ) ;
#555 = VECTOR ( 'NONE', #2233, 1000.000000000000000 ) ;
#556 =( LENGTH_UNIT ( ) NAMED_UNIT ( * ) SI_UNIT ( .MILLI., .METRE. ) );
#557 = FILL_AREA_STYLE ('',( #663 ) ) ;
#558 = DIRECTION ( 'NONE',  ( -1.000000000000000000, 0.0000000000000000000, 0.0000000000000000000 ) ) ;
#559 = VERTEX_POINT ( 'NONE', #6308 ) ;
#560 = ORIENTED_EDGE ( 'NONE', *, *, #5539, .F. ) ;
#561 = FILL_AREA_STYLE_COLOUR ( '', #4856 ) ;
#562 = SURFACE_STYLE_USAGE ( .BOTH. , #7682 ) ;
#563 = CARTESIAN_POINT ( 'NONE',  ( 5.449999999999998401, -4.099999999999999645, 0.5500000000000001554 ) ) ;
#564 = AXIS2_PLACEMENT_3D ( 'NONE', #9798, #4299, #7401 ) ;
#565 = MECHANICAL_DESIGN_GEOMETRIC_PRESENTATION_REPRESENTATION (  '', ( #7033 ), #1408 ) ;
#566 = VERTEX_POINT ( 'NONE', #5689 ) ;
#567 = UNCERTAINTY_MEASURE_WITH_UNIT (LENGTH_MEASURE( 1.000000000000000082E-05 ), #7888, 'distance_accuracy_value', 'NONE');
#568 = SURFACE_STYLE_USAGE ( .BOTH. , #6806 ) ;
#569 = FACE_OUTER_BOUND ( 'NONE', #8029, .T. ) ;
#570 = ORIENTED_EDGE ( 'NONE', *, *, #2255, .T. ) ;
#571 = DIRECTION ( 'NONE',  ( 1.000000000000000000, 0.0000000000000000000, -0.0000000000000000000 ) ) ;
#572 =( GEOMETRIC_REPRESENTATION_CONTEXT ( 3 ) GLOBAL_UNCERTAINTY_ASSIGNED_CONTEXT ( ( #8928 ) ) GLOBAL_UNIT_ASSIGNED_CONTEXT ( ( #5500, #8641, #64 ) ) REPRESENTATION_CONTEXT ( 'NONE', 'WORKASPACE' ) );
#573 = CARTESIAN_POINT ( 'NONE',  ( 5.250000000000000888, 3.399999999999999467, -2.050000000000001599 ) ) ;
#574 = COLOUR_RGB ( '',1.000000000000000000, 0.8117647058823529438, 0.5019607843137254832 ) ;
#575 = VECTOR ( 'NONE', #1991, 1000.000000000000000 ) ;
#576 = FACE_OUTER_BOUND ( 'NONE', #7794, .T. ) ;
#577 = FILL_AREA_STYLE_COLOUR ( '', #6126 ) ;
#578 = VERTEX_POINT ( 'NONE', #3919 ) ;
#579 = VECTOR ( 'NONE', #3743, 1000.000000000000000 ) ;
#580 = DIRECTION ( 'NONE',  ( 1.000000000000000000, -5.421010862427522170E-17, 0.0000000000000000000 ) ) ;
#581 = ORIENTED_EDGE ( 'NONE', *, *, #7092, .F. ) ;
#582 = PRESENTATION_STYLE_ASSIGNMENT (( #528 ) ) ;
#583 = LINE ( 'NONE', #4390, #1417 ) ;
#584 = ORIENTED_EDGE ( 'NONE', *, *, #1154, .F. ) ;
#585 = UNCERTAINTY_MEASURE_WITH_UNIT (LENGTH_MEASURE( 1.000000000000000082E-05 ), #6270, 'distance_accuracy_value', 'NONE');
#586 = VECTOR ( 'NONE', #7177, 1000.000000000000000 ) ;
#587 = ORIENTED_EDGE ( 'NONE', *, *, #5450, .T. ) ;
#588 = EDGE_CURVE ( 'NONE', #3491, #1712, #7903, .T. ) ;
#589 = DIRECTION ( 'NONE',  ( 1.000000000000000000, 0.0000000000000000000, -2.581433744013106177E-17 ) ) ;
#590 = CARTESIAN_POINT ( 'NONE',  ( 1.150000000000000355, 6.000000000000000000, -2.801000000000000600 ) ) ;
#591 = STYLED_ITEM ( 'NONE', ( #4950 ), #909 ) ;
#592 = STYLED_ITEM ( 'NONE', ( #8887 ), #407 ) ;
#593 = ORIENTED_EDGE ( 'NONE', *, *, #5080, .T. ) ;
#594 = STYLED_ITEM ( 'NONE', ( #5571 ), #9329 ) ;
#595 = CARTESIAN_POINT ( 'NONE',  ( 7.850000000000004974, 5.100000000000001421, 0.1499999999999973577 ) ) ;
#596 = CARTESIAN_POINT ( 'NONE',  ( 9.750000000000000000, -3.399999999999999911, -0.2499999999999997780 ) ) ;
#597 = PRESENTATION_STYLE_ASSIGNMENT (( #7715 ) ) ;
#598 = CARTESIAN_POINT ( 'NONE',  ( 11.75000000000000000, -3.299999999999998490, 0.2500000000000002220 ) ) ;
#599 = VERTEX_POINT ( 'NONE', #6355 ) ;
#600 = ADVANCED_FACE ( 'NONE', ( #8636 ), #7160, .F. ) ;
#601 = SURFACE_STYLE_FILL_AREA ( #2226 ) ;
#602 = VERTEX_POINT ( 'NONE', #8825 ) ;
#603 = EDGE_CURVE ( 'NONE', #1924, #743, #110, .T. ) ;
#604 = UNCERTAINTY_MEASURE_WITH_UNIT (LENGTH_MEASURE( 1.000000000000000082E-05 ), #6487, 'distance_accuracy_value', 'NONE');
#605 = MECHANICAL_DESIGN_GEOMETRIC_PRESENTATION_REPRESENTATION (  '', ( #7741 ), #119 ) ;
#606 = AXIS2_PLACEMENT_3D ( 'NONE', #6766, #5479, #3887 ) ;
#607 = SURFACE_STYLE_FILL_AREA ( #1338 ) ;
#608 = CARTESIAN_POINT ( 'NONE',  ( 12.67999999999999616, 6.000000000000000000, 1.700000000000000178 ) ) ;
#609 = FILL_AREA_STYLE_COLOUR ( '', #260 ) ;
#610 = SURFACE_SIDE_STYLE ('',( #9257 ) ) ;
#611 = CARTESIAN_POINT ( 'NONE',  ( 13.95000000000000107, 0.0000000000000000000, 1.699999999999999289 ) ) ;
#612 = COLOUR_RGB ( '',1.000000000000000000, 0.8117647058823529438, 0.5019607843137254832 ) ;
#613 = DIRECTION ( 'NONE',  ( -1.084202172485504237E-15, -1.000000000000000000, 0.0000000000000000000 ) ) ;
#614 = DIRECTION ( 'NONE',  ( 9.103382349328301547E-49, 2.350988701644575016E-32, 1.000000000000000000 ) ) ;
#615 = CARTESIAN_POINT ( 'NONE',  ( 13.94999999999999751, 1.380000000000003890, 1.300000000000000044 ) ) ;
#616 = LINE ( 'NONE', #5434, #10000 ) ;
#617 = EDGE_LOOP ( 'NONE', ( #7264, #9998, #5149, #899 ) ) ;
#618 = SURFACE_STYLE_USAGE ( .BOTH. , #4586 ) ;
#619 = ADVANCED_FACE ( 'NONE', ( #2357 ), #4753, .F. ) ;
#620 = PLANE ( 'NONE',  #7279 ) ;
#621 = LINE ( 'NONE', #1410, #3845 ) ;
#622 = EDGE_LOOP ( 'NONE', ( #9887, #1086 ) ) ;
#623 = CARTESIAN_POINT ( 'NONE',  ( 1.749999999999999778, -3.399999999999999911, -0.2499999999999997780 ) ) ;
#624 = LINE ( 'NONE', #7857, #4538 ) ;
#625 =( NAMED_UNIT ( * ) SI_UNIT ( $, .STERADIAN. ) SOLID_ANGLE_UNIT ( ) );
#626 =( NAMED_UNIT ( * ) PLANE_ANGLE_UNIT ( ) SI_UNIT ( $, .RADIAN. ) );
#627 = UNCERTAINTY_MEASURE_WITH_UNIT (LENGTH_MEASURE( 1.000000000000000082E-05 ), #6016, 'distance_accuracy_value', 'NONE');
#628 = ORIENTED_EDGE ( 'NONE', *, *, #5708, .T. ) ;
#629 = CARTESIAN_POINT ( 'NONE',  ( -0.2500000000000004441, -3.399999999999999911, -0.2499999999999997780 ) ) ;
#630 =( LENGTH_UNIT ( ) NAMED_UNIT ( * ) SI_UNIT ( .MILLI., .METRE. ) );
#631 = CARTESIAN_POINT ( 'NONE',  ( 0.2499999999999997780, -3.399999999999999911, 0.2500000000000002220 ) ) ;
#632 = DIRECTION ( 'NONE',  ( 3.872150616019660190E-17, 1.000000000000000000, -0.0000000000000000000 ) ) ;
#633 = DIRECTION ( 'NONE',  ( 1.000000000000000000, -5.421010862427522170E-17, 0.0000000000000000000 ) ) ;
#634 = EDGE_CURVE ( 'NONE', #1724, #5572, #884, .T. ) ;
#635 = SURFACE_STYLE_USAGE ( .BOTH. , #7708 ) ;
#636 = VECTOR ( 'NONE', #8912, 1000.000000000000000 ) ;
#637 = VECTOR ( 'NONE', #9730, 1000.000000000000000 ) ;
#638 = DIRECTION ( 'NONE',  ( -1.000000000000000000, 0.0000000000000000000, -0.0000000000000000000 ) ) ;
#639 = EDGE_CURVE ( 'NONE', #1423, #2109, #6459, .T. ) ;
#640 = VERTEX_POINT ( 'NONE', #9423 ) ;
#641 = PLANE ( 'NONE',  #8383 ) ;
#642 = LINE ( 'NONE', #7552, #5902 ) ;
#643 = UNCERTAINTY_MEASURE_WITH_UNIT (LENGTH_MEASURE( 1.000000000000000082E-05 ), #7936, 'distance_accuracy_value', 'NONE');
#644 = DIRECTION ( 'NONE',  ( 0.0000000000000000000, 0.0000000000000000000, -1.000000000000000000 ) ) ;
#645 = FACE_OUTER_BOUND ( 'NONE', #7363, .T. ) ;
#646 = ORIENTED_EDGE ( 'NONE', *, *, #7296, .F. ) ;
#647 = PRESENTATION_LAYER_ASSIGNMENT (  '', '', ( #1135 ) ) ;
#648 = VECTOR ( 'NONE', #3170, 999.9999999999998863 ) ;
#649 = PLANE ( 'NONE',  #304 ) ;
#650 = CARTESIAN_POINT ( 'NONE',  ( -1.180000000000000382, 4.229999999999999538, 1.249999999999997558 ) ) ;
#651 = ORIENTED_EDGE ( 'NONE', *, *, #2980, .F. ) ;
#652 =( GEOMETRIC_REPRESENTATION_CONTEXT ( 3 ) GLOBAL_UNCERTAINTY_ASSIGNED_CONTEXT ( ( #1638 ) ) GLOBAL_UNIT_ASSIGNED_CONTEXT ( ( #849, #2379, #3332 ) ) REPRESENTATION_CONTEXT ( 'NONE', 'WORKASPACE' ) );
#653 = EDGE_CURVE ( 'NONE', #7874, #2859, #2552, .T. ) ;
#654 = MECHANICAL_DESIGN_GEOMETRIC_PRESENTATION_REPRESENTATION (  '', ( #8786 ), #1500 ) ;
#655 = EDGE_CURVE ( 'NONE', #1497, #2992, #5114, .T. ) ;
#656 = LINE ( 'NONE', #6238, #2678 ) ;
#657 = DIRECTION ( 'NONE',  ( 0.0000000000000000000, -0.0000000000000000000, 1.000000000000000000 ) ) ;
#658 = FILL_AREA_STYLE ('',( #8622 ) ) ;
#659 = ORIENTED_EDGE ( 'NONE', *, *, #363, .T. ) ;
#660 = CARTESIAN_POINT ( 'NONE',  ( 2.750000000000000444, 3.399999999999999467, -2.050000000000001599 ) ) ;
#661 = FILL_AREA_STYLE_COLOUR ( '', #127 ) ;
#662 = FACE_OUTER_BOUND ( 'NONE', #7319, .T. ) ;
#663 = FILL_AREA_STYLE_COLOUR ( '', #1488 ) ;
#664 =( LENGTH_UNIT ( ) NAMED_UNIT ( * ) SI_UNIT ( .MILLI., .METRE. ) );
#665 = VERTEX_POINT ( 'NONE', #4312 ) ;
#666 = ORIENTED_EDGE ( 'NONE', *, *, #4816, .F. ) ;
#667 = CARTESIAN_POINT ( 'NONE',  ( 10.75000000000000000, 3.399999999999999467, -2.050000000000001599 ) ) ;
#668 = ORIENTED_EDGE ( 'NONE', *, *, #1179, .F. ) ;
#669 = MECHANICAL_DESIGN_GEOMETRIC_PRESENTATION_REPRESENTATION (  '', ( #7455 ), #3007 ) ;
#670 = DIRECTION ( 'NONE',  ( -3.833233541708420554E-17, -0.7071067811865447972, 0.7071067811865502373 ) ) ;
#671 = MECHANICAL_DESIGN_GEOMETRIC_PRESENTATION_REPRESENTATION (  '', ( #6968 ), #8460 ) ;
#672 = ADVANCED_FACE ( 'NONE', ( #4174 ), #8299, .T. ) ;
#673 = FILL_AREA_STYLE_COLOUR ( '', #3373 ) ;
#674 = ORIENTED_EDGE ( 'NONE', *, *, #6765, .F. ) ;
#675 = CARTESIAN_POINT ( 'NONE',  ( -1.950000000000000178, -3.399999999999999911, -2.800000000000000266 ) ) ;
#676 = FILL_AREA_STYLE_COLOUR ( '', #7077 ) ;
#677 = PLANE ( 'NONE',  #2040 ) ;
#678 = DIRECTION ( 'NONE',  ( -1.000000000000000000, 5.421010862427522170E-17, 0.0000000000000000000 ) ) ;
#679 = STYLED_ITEM ( 'NONE', ( #4919 ), #2723 ) ;
#680 = SURFACE_STYLE_USAGE ( .BOTH. , #835 ) ;
#681 =( GEOMETRIC_REPRESENTATION_CONTEXT ( 3 ) GLOBAL_UNCERTAINTY_ASSIGNED_CONTEXT ( ( #8484 ) ) GLOBAL_UNIT_ASSIGNED_CONTEXT ( ( #2928, #9266, #9523 ) ) REPRESENTATION_CONTEXT ( 'NONE', 'WORKASPACE' ) );
#682 = DIRECTION ( 'NONE',  ( -3.833233541708433496E-17, -0.7071067811865472397, -0.7071067811865479058 ) ) ;
#683 = CARTESIAN_POINT ( 'NONE',  ( 1.299999999999999600, 0.2000000000000000389, 1.700000000000000178 ) ) ;
#684 = SURFACE_STYLE_USAGE ( .BOTH. , #3684 ) ;
#685 = SURFACE_STYLE_FILL_AREA ( #2372 ) ;
#686 = ORIENTED_EDGE ( 'NONE', *, *, #5463, .T. ) ;
#687 = SURFACE_SIDE_STYLE ('',( #1481 ) ) ;
#688 = DIRECTION ( 'NONE',  ( 1.000000000000000000, 0.0000000000000000000, 0.0000000000000000000 ) ) ;
#689 = EDGE_CURVE ( 'NONE', #8296, #5677, #5168, .T. ) ;
#690 = CARTESIAN_POINT ( 'NONE',  ( -1.949999999999999956, 0.0000000000000000000, -2.800000000000000266 ) ) ;
#691 = VERTEX_POINT ( 'NONE', #5738 ) ;
#692 = FILL_AREA_STYLE_COLOUR ( '', #10054 ) ;
#693 = DIRECTION ( 'NONE',  ( -1.362927481496328130E-16, 0.7071067811865451302, -0.7071067811865500152 ) ) ;
#694 = UNCERTAINTY_MEASURE_WITH_UNIT (LENGTH_MEASURE( 1.000000000000000082E-05 ), #10107, 'distance_accuracy_value', 'NONE');
#695 = CARTESIAN_POINT ( 'NONE',  ( 1.750000000000000666, 4.999999999999997335, 0.2500000000000002220 ) ) ;
#696 = ORIENTED_EDGE ( 'NONE', *, *, #3417, .F. ) ;
#697 =( LENGTH_UNIT ( ) NAMED_UNIT ( * ) SI_UNIT ( .MILLI., .METRE. ) );
#698 = PRESENTATION_LAYER_ASSIGNMENT (  '', '', ( #6201 ) ) ;
#699 = ORIENTED_EDGE ( 'NONE', *, *, #1131, .T. ) ;
#700 = SURFACE_SIDE_STYLE ('',( #6135 ) ) ;
#701 = UNCERTAINTY_MEASURE_WITH_UNIT (LENGTH_MEASURE( 1.000000000000000082E-05 ), #9616, 'distance_accuracy_value', 'NONE');
#702 = VECTOR ( 'NONE', #9717, 1000.000000000000000 ) ;
#703 = MECHANICAL_DESIGN_GEOMETRIC_PRESENTATION_REPRESENTATION (  '', ( #7683 ), #9185 ) ;
#704 =( LENGTH_UNIT ( ) NAMED_UNIT ( * ) SI_UNIT ( .MILLI., .METRE. ) );
#705 = ORIENTED_EDGE ( 'NONE', *, *, #6367, .T. ) ;
#706 =( LENGTH_UNIT ( ) NAMED_UNIT ( * ) SI_UNIT ( .MILLI., .METRE. ) );
#707 = CARTESIAN_POINT ( 'NONE',  ( 7.249999999999999112, 3.399999999999999467, -2.300000000000006928 ) ) ;
#708 = SURFACE_STYLE_USAGE ( .BOTH. , #8759 ) ;
#709 =( LENGTH_UNIT ( ) NAMED_UNIT ( * ) SI_UNIT ( .MILLI., .METRE. ) );
#710 = CARTESIAN_POINT ( 'NONE',  ( -0.7000000000000002887, 0.2000000000000000389, -2.800000000000000266 ) ) ;
#711 = SURFACE_STYLE_USAGE ( .BOTH. , #6300 ) ;
#712 = VERTEX_POINT ( 'NONE', #7510 ) ;
#713 = DIRECTION ( 'NONE',  ( 0.0000000000000000000, -0.0000000000000000000, 1.000000000000000000 ) ) ;
#714 = AXIS2_PLACEMENT_3D ( 'NONE', #6719, #1202, #374 ) ;
#715 = DIRECTION ( 'NONE',  ( -1.084202172485504237E-15, -1.000000000000000000, 0.0000000000000000000 ) ) ;
#716 = UNCERTAINTY_MEASURE_WITH_UNIT (LENGTH_MEASURE( 1.000000000000000082E-05 ), #9228, 'distance_accuracy_value', 'NONE');
#717 = EDGE_CURVE ( 'NONE', #6624, #3165, #1765, .T. ) ;
#718 = SURFACE_STYLE_FILL_AREA ( #3767 ) ;
#719 = ORIENTED_EDGE ( 'NONE', *, *, #464, .T. ) ;
#720 = CARTESIAN_POINT ( 'NONE',  ( 2.250000000000000000, -3.300000000000002043, -0.2499999999999997780 ) ) ;
#721 = CARTESIAN_POINT ( 'NONE',  ( 10.84999999999999609, 6.000000000000000888, -2.801000000000000600 ) ) ;
#722 = VERTEX_POINT ( 'NONE', #1865 ) ;
#723 = DIRECTION ( 'NONE',  ( 1.000000000000000000, -3.872150616019660190E-17, -4.336808689942017736E-16 ) ) ;
#724 = SURFACE_STYLE_FILL_AREA ( #6162 ) ;
#725 = DIRECTION ( 'NONE',  ( 0.5773502691896258421, 0.5773502691896279515, 0.5773502691896235106 ) ) ;
#726 =( NAMED_UNIT ( * ) PLANE_ANGLE_UNIT ( ) SI_UNIT ( $, .RADIAN. ) );
#727 = PRESENTATION_STYLE_ASSIGNMENT (( #680 ) ) ;
#728 = UNCERTAINTY_MEASURE_WITH_UNIT (LENGTH_MEASURE( 1.000000000000000082E-05 ), #7071, 'distance_accuracy_value', 'NONE');
#729 = ORIENTED_EDGE ( 'NONE', *, *, #977, .F. ) ;
#730 = CARTESIAN_POINT ( 'NONE',  ( 13.95000000000000107, 0.0000000000000000000, 1.699999999999999289 ) ) ;
#731 = ADVANCED_FACE ( 'NONE', ( #6652 ), #4364, .F. ) ;
#732 = MECHANICAL_DESIGN_GEOMETRIC_PRESENTATION_REPRESENTATION (  '', ( #10199 ), #9848 ) ;
#733 = EDGE_CURVE ( 'NONE', #2871, #9142, #9666, .T. ) ;
#734 =( GEOMETRIC_REPRESENTATION_CONTEXT ( 3 ) GLOBAL_UNCERTAINTY_ASSIGNED_CONTEXT ( ( #9501 ) ) GLOBAL_UNIT_ASSIGNED_CONTEXT ( ( #9494, #7091, #5564 ) ) REPRESENTATION_CONTEXT ( 'NONE', 'WORKASPACE' ) );
#735 = DIRECTION ( 'NONE',  ( 9.103382349328301547E-49, 2.350988701644575016E-32, 1.000000000000000000 ) ) ;
#736 = PRESENTATION_STYLE_ASSIGNMENT (( #7021 ) ) ;
#737 = STYLED_ITEM ( 'NONE', ( #8939 ), #1492 ) ;
#738 = COLOUR_RGB ( '',1.000000000000000000, 1.000000000000000000, 1.000000000000000000 ) ;
#739 = PLANE ( 'NONE',  #5607 ) ;
#740 = SURFACE_STYLE_USAGE ( .BOTH. , #9432 ) ;
#741 = CARTESIAN_POINT ( 'NONE',  ( -1.180000000000000382, 4.229999999999999538, 1.700000000000000178 ) ) ;
#742 = ORIENTED_EDGE ( 'NONE', *, *, #7437, .F. ) ;
#743 = VERTEX_POINT ( 'NONE', #2866 ) ;
#744 = FILL_AREA_STYLE ('',( #9436 ) ) ;
#745 = EDGE_CURVE ( 'NONE', #3675, #8627, #2124, .T. ) ;
#746 = PRESENTATION_LAYER_ASSIGNMENT (  '', '', ( #5264 ) ) ;
#747 = VERTEX_POINT ( 'NONE', #2069 ) ;
#748 = CARTESIAN_POINT ( 'NONE',  ( 2.149999999999997691, 5.100000000000001421, -0.1499999999999969136 ) ) ;
#749 =( NAMED_UNIT ( * ) SI_UNIT ( $, .STERADIAN. ) SOLID_ANGLE_UNIT ( ) );
#750 = FILL_AREA_STYLE_COLOUR ( '', #8368 ) ;
#751 = ORIENTED_EDGE ( 'NONE', *, *, #7453, .T. ) ;
#752 = AXIS2_PLACEMENT_3D ( 'NONE', #2291, #2911, #6141 ) ;
#753 = DIRECTION ( 'NONE',  ( 1.000000000000000000, 1.927470528863119542E-16, -0.0000000000000000000 ) ) ;
#754 = VERTEX_POINT ( 'NONE', #6143 ) ;
#755 = SURFACE_STYLE_FILL_AREA ( #5533 ) ;
#756 = DIRECTION ( 'NONE',  ( 3.872150616019660190E-17, 1.000000000000000000, -0.0000000000000000000 ) ) ;
#757 = STYLED_ITEM ( 'NONE', ( #2742 ), #1290 ) ;
#758 = MECHANICAL_DESIGN_GEOMETRIC_PRESENTATION_REPRESENTATION (  '', ( #8889 ), #3780 ) ;
#759 = LINE ( 'NONE', #2390, #7782 ) ;
#760 = STYLED_ITEM ( 'NONE', ( #1838 ), #343 ) ;
#761 = VECTOR ( 'NONE', #7876, 1000.000000000000000 ) ;
#762 = DIRECTION ( 'NONE',  ( 9.103382349328301547E-49, 2.350988701644575016E-32, 1.000000000000000000 ) ) ;
#763 = AXIS2_PLACEMENT_3D ( 'NONE', #7917, #7082, #6218 ) ;
#764 = SURFACE_STYLE_USAGE ( .BOTH. , #1499 ) ;
#765 = CARTESIAN_POINT ( 'NONE',  ( -0.7000000000000002887, 0.2000000000000000389, -2.800000000000000266 ) ) ;
#766 = SURFACE_STYLE_FILL_AREA ( #8569 ) ;
#767 = LINE ( 'NONE', #707, #7223 ) ;
#768 =( NAMED_UNIT ( * ) SI_UNIT ( $, .STERADIAN. ) SOLID_ANGLE_UNIT ( ) );
#769 = FACE_OUTER_BOUND ( 'NONE', #7604, .T. ) ;
#770 = FACE_BOUND ( 'NONE', #324, .T. ) ;
#771 = FACE_BOUND ( 'NONE', #2692, .T. ) ;
#772 = VERTEX_POINT ( 'NONE', #8345 ) ;
#773 = PRESENTATION_LAYER_ASSIGNMENT (  '', '', ( #9079 ) ) ;
#774 =( GEOMETRIC_REPRESENTATION_CONTEXT ( 3 ) GLOBAL_UNCERTAINTY_ASSIGNED_CONTEXT ( ( #8192 ) ) GLOBAL_UNIT_ASSIGNED_CONTEXT ( ( #7691, #7472, #9106 ) ) REPRESENTATION_CONTEXT ( 'NONE', 'WORKASPACE' ) );
#775 = MECHANICAL_DESIGN_GEOMETRIC_PRESENTATION_REPRESENTATION (  '', ( #4430 ), #271 ) ;
#776 = DIRECTION ( 'NONE',  ( 0.0000000000000000000, 0.0000000000000000000, 1.000000000000000000 ) ) ;
#777 = STYLED_ITEM ( 'NONE', ( #6036 ), #9057 ) ;
#778 = SURFACE_STYLE_FILL_AREA ( #5596 ) ;
#779 = ORIENTED_EDGE ( 'NONE', *, *, #325, .F. ) ;
#780 = LINE ( 'NONE', #2470, #8845 ) ;
#781 = EDGE_CURVE ( 'NONE', #8638, #8234, #6035, .T. ) ;
#782 = DIRECTION ( 'NONE',  ( 0.5773502691896246208, -0.5773502691896266192, 0.5773502691896260641 ) ) ;
#783 = PRESENTATION_STYLE_ASSIGNMENT (( #6464 ) ) ;
#784 = LINE ( 'NONE', #161, #4920 ) ;
#785 = CARTESIAN_POINT ( 'NONE',  ( 0.2499999999999997780, 0.2000000000000000111, 0.2500000000000002220 ) ) ;
#786 = FILL_AREA_STYLE ('',( #577 ) ) ;
#787 = CARTESIAN_POINT ( 'NONE',  ( 10.75000000000000000, 3.399999999999999467, -2.300000000000006928 ) ) ;
#788 = ADVANCED_FACE ( 'NONE', ( #9197 ), #6887, .F. ) ;
#789 = EDGE_CURVE ( 'NONE', #1452, #7597, #1282, .T. ) ;
#790 = CARTESIAN_POINT ( 'NONE',  ( 13.17999999999999794, 4.230000000000001315, 1.249999999999997558 ) ) ;
#791 = SURFACE_STYLE_USAGE ( .BOTH. , #7122 ) ;
#792 = CARTESIAN_POINT ( 'NONE',  ( -1.949999999999999956, 6.000000000000000000, -0.6800000000000000488 ) ) ;
#793 = DIRECTION ( 'NONE',  ( 0.0000000000000000000, 0.0000000000000000000, 1.000000000000000000 ) ) ;
#794 = VERTEX_POINT ( 'NONE', #7778 ) ;
#795 = EDGE_LOOP ( 'NONE', ( #1824, #9655, #9162, #5269, #8818, #6370, #6272, #2995, #8924, #2183, #2901, #1695, #8033, #5531, #997, #1805, #8926, #5770, #319, #659, #7034, #221, #1411, #7183, #6381, #10112, #2349, #836 ) ) ;
#796 = PRESENTATION_LAYER_ASSIGNMENT (  '', '', ( #5490 ) ) ;
#797 = CARTESIAN_POINT ( 'NONE',  ( 2.083333333333334370, 5.166666666666666075, -0.08333333333333282911 ) ) ;
#798 = CARTESIAN_POINT ( 'NONE',  ( 6.750000000000000888, 1.149999999999999911, -2.050000000000001599 ) ) ;
#799 = PRESENTATION_LAYER_ASSIGNMENT (  '', '', ( #972 ) ) ;
#800 = ADVANCED_FACE ( 'NONE', ( #8406 ), #10081, .F. ) ;
#801 = ORIENTED_EDGE ( 'NONE', *, *, #3086, .T. ) ;
#802 = CARTESIAN_POINT ( 'NONE',  ( 2.833333333333331261, -4.383333333333333748, -0.8333333333333309279 ) ) ;
#803 = PRESENTATION_STYLE_ASSIGNMENT (( #906 ) ) ;
#804 = CARTESIAN_POINT ( 'NONE',  ( 0.0000000000000000000, -3.399999999999999911, 0.0000000000000000000 ) ) ;
#805 = FILL_AREA_STYLE_COLOUR ( '', #574 ) ;
#806 = UNCERTAINTY_MEASURE_WITH_UNIT (LENGTH_MEASURE( 1.000000000000000082E-05 ), #1661, 'distance_accuracy_value', 'NONE');
#807 = SURFACE_STYLE_FILL_AREA ( #9650 ) ;
#808 = ORIENTED_EDGE ( 'NONE', *, *, #6108, .F. ) ;
#809 = ORIENTED_EDGE ( 'NONE', *, *, #4486, .T. ) ;
#810 = COLOUR_RGB ( '',1.000000000000000000, 1.000000000000000000, 1.000000000000000000 ) ;
#811 = PRESENTATION_LAYER_ASSIGNMENT (  '', '', ( #6940 ) ) ;
#812 = CARTESIAN_POINT ( 'NONE',  ( 8.250000000000000000, 4.999999999999997335, -0.2499999999999997780 ) ) ;
#813 = FACE_OUTER_BOUND ( 'NONE', #5078, .T. ) ;
#814 =( NAMED_UNIT ( * ) SI_UNIT ( $, .STERADIAN. ) SOLID_ANGLE_UNIT ( ) );
#815 = CARTESIAN_POINT ( 'NONE',  ( 5.750000000000000000, -3.399999999999999911, 0.2500000000000002220 ) ) ;
#816 = MECHANICAL_DESIGN_GEOMETRIC_PRESENTATION_REPRESENTATION (  '', ( #5336 ), #1306 ) ;
#817 = CARTESIAN_POINT ( 'NONE',  ( -1.350000000000000089, -15.13439790675532670, 1.249999999999997558 ) ) ;
#818 = STYLED_ITEM ( 'NONE', ( #7544 ), #4212 ) ;
#819 = ORIENTED_EDGE ( 'NONE', *, *, #6839, .T. ) ;
#820 = DIRECTION ( 'NONE',  ( 1.000000000000000000, -3.872150616019660190E-17, -4.336808689942017736E-16 ) ) ;
#821 = FILL_AREA_STYLE ('',( #3352 ) ) ;
#822 = ORIENTED_EDGE ( 'NONE', *, *, #2199, .T. ) ;
#823 = PRESENTATION_STYLE_ASSIGNMENT (( #197 ) ) ;
#824 = LINE ( 'NONE', #5545, #3991 ) ;
#825 = UNCERTAINTY_MEASURE_WITH_UNIT (LENGTH_MEASURE( 1.000000000000000082E-05 ), #208, 'distance_accuracy_value', 'NONE');
#826 = CARTESIAN_POINT ( 'NONE',  ( 10.24999999999999822, -3.299999999999998490, 0.2500000000000002220 ) ) ;
#827 = AXIS2_PLACEMENT_3D ( 'NONE', #3578, #5920, #5873 ) ;
#828 = VECTOR ( 'NONE', #4878, 1000.000000000000000 ) ;
#829 = EDGE_CURVE ( 'NONE', #6856, #2823, #3804, .T. ) ;
#830 = CARTESIAN_POINT ( 'NONE',  ( 9.750000000000000000, 4.999999999999997335, -0.2499999999999997780 ) ) ;
#831 = ORIENTED_EDGE ( 'NONE', *, *, #978, .F. ) ;
#832 = SURFACE_STYLE_USAGE ( .BOTH. , #2306 ) ;
#833 = CARTESIAN_POINT ( 'NONE',  ( 10.08333333333333215, 5.166666666666664298, 0.08333333333333499404 ) ) ;
#834 = COLOUR_RGB ( '',1.000000000000000000, 0.8117647058823529438, 0.5019607843137254832 ) ;
#835 = SURFACE_SIDE_STYLE ('',( #1416 ) ) ;
#836 = ORIENTED_EDGE ( 'NONE', *, *, #4291, .T. ) ;
#837 =( NAMED_UNIT ( * ) SI_UNIT ( $, .STERADIAN. ) SOLID_ANGLE_UNIT ( ) );
#838 = LINE ( 'NONE', #8781, #1595 ) ;
#839 = VECTOR ( 'NONE', #2964, 1000.000000000000000 ) ;
#840 = VECTOR ( 'NONE', #1558, 1000.000000000000000 ) ;
#841 = CARTESIAN_POINT ( 'NONE',  ( 13.95000000000000107, 0.0000000000000000000, -2.800000000000000711 ) ) ;
#842 = PLANE ( 'NONE',  #10257 ) ;
#843 = FACE_OUTER_BOUND ( 'NONE', #4991, .T. ) ;
#844 = SURFACE_STYLE_FILL_AREA ( #3936 ) ;
#845 = ORIENTED_EDGE ( 'NONE', *, *, #3377, .T. ) ;
#846 = ADVANCED_FACE ( 'NONE', ( #1705 ), #2292, .F. ) ;
#847 = EDGE_CURVE ( 'NONE', #5028, #6861, #1554, .T. ) ;
#848 = LINE ( 'NONE', #1687, #648 ) ;
#849 =( LENGTH_UNIT ( ) NAMED_UNIT ( * ) SI_UNIT ( .MILLI., .METRE. ) );
#850 =( NAMED_UNIT ( * ) SI_UNIT ( $, .STERADIAN. ) SOLID_ANGLE_UNIT ( ) );
#851 = VECTOR ( 'NONE', #8867, 1000.000000000000000 ) ;
#852 = SURFACE_STYLE_USAGE ( .BOTH. , #3279 ) ;
#853 = DIRECTION ( 'NONE',  ( 1.000000000000000000, 0.0000000000000000000, 0.0000000000000000000 ) ) ;
#854 = UNCERTAINTY_MEASURE_WITH_UNIT (LENGTH_MEASURE( 1.000000000000000082E-05 ), #5257, 'distance_accuracy_value', 'NONE');
#855 = LINE ( 'NONE', #910, #1388 ) ;
#856 = ORIENTED_EDGE ( 'NONE', *, *, #8822, .F. ) ;
#857 = EDGE_CURVE ( 'NONE', #5859, #4464, #3965, .T. ) ;
#858 = PLANE ( 'NONE',  #2895 ) ;
#859 = STYLED_ITEM ( 'NONE', ( #2026 ), #3287 ) ;
#860 = EDGE_CURVE ( 'NONE', #722, #3583, #767, .T. ) ;
#861 =( NAMED_UNIT ( * ) SI_UNIT ( $, .STERADIAN. ) SOLID_ANGLE_UNIT ( ) );
#862 = PRESENTATION_LAYER_ASSIGNMENT (  '', '', ( #7004 ) ) ;
#863 = VERTEX_POINT ( 'NONE', #10177 ) ;
#864 = DIRECTION ( 'NONE',  ( 0.0000000000000000000, 0.0000000000000000000, -1.000000000000000000 ) ) ;
#865 = CARTESIAN_POINT ( 'NONE',  ( -1.949999999999999956, 1.800000000000000044, 0.2500000000000002220 ) ) ;
#866 = FILL_AREA_STYLE ('',( #8863 ) ) ;
#867 = ORIENTED_EDGE ( 'NONE', *, *, #10087, .T. ) ;
#868 = MECHANICAL_DESIGN_GEOMETRIC_PRESENTATION_REPRESENTATION (  '', ( #9821 ), #10012 ) ;
#869 = ORIENTED_EDGE ( 'NONE', *, *, #5764, .F. ) ;
#870 = PRESENTATION_STYLE_ASSIGNMENT (( #3351 ) ) ;
#871 = DIRECTION ( 'NONE',  ( 3.872150616019660190E-17, 1.000000000000000000, 0.0000000000000000000 ) ) ;
#872 = CARTESIAN_POINT ( 'NONE',  ( 7.750000000000000000, -3.399999999999999911, 0.2500000000000002220 ) ) ;
#873 = VERTEX_POINT ( 'NONE', #3905 ) ;
#874 = UNCERTAINTY_MEASURE_WITH_UNIT (LENGTH_MEASURE( 1.000000000000000082E-05 ), #4394, 'distance_accuracy_value', 'NONE');
#875 = SURFACE_STYLE_FILL_AREA ( #56 ) ;
#876 = FACE_OUTER_BOUND ( 'NONE', #1099, .T. ) ;
#877 = AXIS2_PLACEMENT_3D ( 'NONE', #3721, #6812, #2985 ) ;
#878 = ADVANCED_FACE ( 'NONE', ( #6239 ), #97, .F. ) ;
#879 = FACE_OUTER_BOUND ( 'NONE', #1418, .T. ) ;
#880 = MECHANICAL_DESIGN_GEOMETRIC_PRESENTATION_REPRESENTATION (  '', ( #9826 ), #6544 ) ;
#881 = VECTOR ( 'NONE', #522, 1000.000000000000000 ) ;
#882 = CARTESIAN_POINT ( 'NONE',  ( 8.250000000000000000, -3.399999999999999911, -0.2499999999999997780 ) ) ;
#883 = VERTEX_POINT ( 'NONE', #4793 ) ;
#884 = LINE ( 'NONE', #4068, #9227 ) ;
#885 = LINE ( 'NONE', #4069, #4734 ) ;
#886 = EDGE_LOOP ( 'NONE', ( #6525, #1964, #5081, #869 ) ) ;
#887 = COLOUR_RGB ( '',1.000000000000000000, 0.8117647058823529438, 0.5019607843137254832 ) ;
#888 = CARTESIAN_POINT ( 'NONE',  ( 6.049999999999999822, 5.100000000000001421, -2.800000000000000266 ) ) ;
#889 = PLANE ( 'NONE',  #1741 ) ;
#890 = DIRECTION ( 'NONE',  ( 0.0000000000000000000, 0.0000000000000000000, -1.000000000000000000 ) ) ;
#891 = ORIENTED_EDGE ( 'NONE', *, *, #588, .T. ) ;
#892 = SURFACE_STYLE_FILL_AREA ( #7212 ) ;
#893 = FILL_AREA_STYLE ('',( #7368 ) ) ;
#894 = CARTESIAN_POINT ( 'NONE',  ( 7.249999999999999112, 3.399999999999999467, -2.300000000000006928 ) ) ;
#895 = LINE ( 'NONE', #4077, #8654 ) ;
#896 = LINE ( 'NONE', #8013, #9175 ) ;
#897 = FACE_OUTER_BOUND ( 'NONE', #8050, .T. ) ;
#898 =( NAMED_UNIT ( * ) SI_UNIT ( $, .STERADIAN. ) SOLID_ANGLE_UNIT ( ) );
#899 = ORIENTED_EDGE ( 'NONE', *, *, #6529, .F. ) ;
#900 = ORIENTED_EDGE ( 'NONE', *, *, #1208, .T. ) ;
#901 =( GEOMETRIC_REPRESENTATION_CONTEXT ( 3 ) GLOBAL_UNCERTAINTY_ASSIGNED_CONTEXT ( ( #3955 ) ) GLOBAL_UNIT_ASSIGNED_CONTEXT ( ( #3061, #7713, #9956 ) ) REPRESENTATION_CONTEXT ( 'NONE', 'WORKASPACE' ) );
#902 = CARTESIAN_POINT ( 'NONE',  ( 1.850000000000002309, 5.100000000000001421, -2.800000000000001155 ) ) ;
#903 = PRESENTATION_LAYER_ASSIGNMENT (  '', '', ( #8358 ) ) ;
#904 = ORIENTED_EDGE ( 'NONE', *, *, #5656, .F. ) ;
#905 = DIRECTION ( 'NONE',  ( -0.0000000000000000000, -0.0000000000000000000, 1.000000000000000000 ) ) ;
#906 = SURFACE_STYLE_USAGE ( .BOTH. , #8998 ) ;
#907 = DIRECTION ( 'NONE',  ( 0.5773502691896241767, 0.5773502691896288397, 0.5773502691896242878 ) ) ;
#908 = UNCERTAINTY_MEASURE_WITH_UNIT (LENGTH_MEASURE( 1.000000000000000082E-05 ), #9066, 'distance_accuracy_value', 'NONE');
#909 = ADVANCED_FACE ( 'NONE', ( #6393 ), #2454, .T. ) ;
#910 = CARTESIAN_POINT ( 'NONE',  ( 11.75000000000000000, -3.399999999999999911, 0.1499999999999990785 ) ) ;
#911 = AXIS2_PLACEMENT_3D ( 'NONE', #7206, #1569, #9530 ) ;
#912 = ORIENTED_EDGE ( 'NONE', *, *, #418, .T. ) ;
#913 = VECTOR ( 'NONE', #1477, 1000.000000000000000 ) ;
#914 = ORIENTED_EDGE ( 'NONE', *, *, #1169, .T. ) ;
#915 = DIRECTION ( 'NONE',  ( -3.833233541708433496E-17, -0.7071067811865472397, -0.7071067811865479058 ) ) ;
#916 = FACE_OUTER_BOUND ( 'NONE', #2763, .T. ) ;
#917 = PRESENTATION_LAYER_ASSIGNMENT (  '', '', ( #7889 ) ) ;
#918 = ORIENTED_EDGE ( 'NONE', *, *, #10067, .T. ) ;
#919 = DIRECTION ( 'NONE',  ( -9.103382349328301547E-49, -2.350988701644575016E-32, -1.000000000000000000 ) ) ;
#920 = EDGE_CURVE ( 'NONE', #9149, #665, #1064, .T. ) ;
#921 = EDGE_LOOP ( 'NONE', ( #5300, #479, #560, #1586 ) ) ;
#922 = ADVANCED_FACE ( 'NONE', ( #1752 ), #4202, .T. ) ;
#923 = PLANE ( 'NONE',  #7123 ) ;
#924 = LINE ( 'NONE', #8045, #7534 ) ;
#925 = ORIENTED_EDGE ( 'NONE', *, *, #1033, .F. ) ;
#926 = FILL_AREA_STYLE_COLOUR ( '', #2482 ) ;
#927 =( GEOMETRIC_REPRESENTATION_CONTEXT ( 3 ) GLOBAL_UNCERTAINTY_ASSIGNED_CONTEXT ( ( #9760 ) ) GLOBAL_UNIT_ASSIGNED_CONTEXT ( ( #4044, #9393, #8702 ) ) REPRESENTATION_CONTEXT ( 'NONE', 'WORKASPACE' ) );
#928 = FILL_AREA_STYLE_COLOUR ( '', #9766 ) ;
#929 = VERTEX_POINT ( 'NONE', #9658 ) ;
#930 = DIRECTION ( 'NONE',  ( 1.000000000000000000, -3.872150616019660190E-17, 0.0000000000000000000 ) ) ;
#931 = AXIS2_PLACEMENT_3D ( 'NONE', #6363, #3878, #10105 ) ;
#932 = DIRECTION ( 'NONE',  ( -1.084202172485504237E-15, -1.000000000000000000, 0.0000000000000000000 ) ) ;
#933 = SURFACE_SIDE_STYLE ('',( #7955 ) ) ;
#934 =( GEOMETRIC_REPRESENTATION_CONTEXT ( 3 ) GLOBAL_UNCERTAINTY_ASSIGNED_CONTEXT ( ( #5935 ) ) GLOBAL_UNIT_ASSIGNED_CONTEXT ( ( #935, #2511, #9668 ) ) REPRESENTATION_CONTEXT ( 'NONE', 'WORKASPACE' ) );
#935 =( LENGTH_UNIT ( ) NAMED_UNIT ( * ) SI_UNIT ( .MILLI., .METRE. ) );
#936 = EDGE_CURVE ( 'NONE', #4380, #2871, #7246, .T. ) ;
#937 = SURFACE_STYLE_FILL_AREA ( #2472 ) ;
#938 = COLOUR_RGB ( '',1.000000000000000000, 0.8117647058823529438, 0.5019607843137254832 ) ;
#939 =( LENGTH_UNIT ( ) NAMED_UNIT ( * ) SI_UNIT ( .MILLI., .METRE. ) );
#940 = DIRECTION ( 'NONE',  ( 1.000000000000000000, -5.421010862427522170E-17, 0.0000000000000000000 ) ) ;
#941 = VECTOR ( 'NONE', #4997, 1000.000000000000000 ) ;
#942 =( NAMED_UNIT ( * ) SI_UNIT ( $, .STERADIAN. ) SOLID_ANGLE_UNIT ( ) );
#943 = PRESENTATION_LAYER_ASSIGNMENT (  '', '', ( #5460 ) ) ;
#944 = MECHANICAL_DESIGN_GEOMETRIC_PRESENTATION_REPRESENTATION (  '', ( #2107 ), #3308 ) ;
#945 = FILL_AREA_STYLE_COLOUR ( '', #29 ) ;
#946 = PRESENTATION_STYLE_ASSIGNMENT (( #3933 ) ) ;
#947 = EDGE_LOOP ( 'NONE', ( #47, #3613, #10052, #2732, #1334 ) ) ;
#948 = DIRECTION ( 'NONE',  ( 0.5773502691896239547, -0.5773502691896289507, 0.5773502691896243988 ) ) ;
#949 = VECTOR ( 'NONE', #9903, 1000.000000000000000 ) ;
#950 = PRESENTATION_STYLE_ASSIGNMENT (( #31 ) ) ;
#951 = CARTESIAN_POINT ( 'NONE',  ( -1.949999999999999956, 6.000000000000000000, 1.700000000000000178 ) ) ;
#952 = ADVANCED_FACE ( 'NONE', ( #8862 ), #288, .F. ) ;
#953 = CARTESIAN_POINT ( 'NONE',  ( 9.750000000000000000, -3.399999999999999911, 0.1499999999999990785 ) ) ;
#954 = PRESENTATION_LAYER_ASSIGNMENT (  '', '', ( #1788 ) ) ;
#955 = STYLED_ITEM ( 'NONE', ( #6315 ), #3527 ) ;
#956 = PRESENTATION_STYLE_ASSIGNMENT (( #7435 ) ) ;
#957 = VERTEX_POINT ( 'NONE', #8393 ) ;
#958 = LINE ( 'NONE', #8909, #9686 ) ;
#959 = VERTEX_POINT ( 'NONE', #7663 ) ;
#960 = FILL_AREA_STYLE_COLOUR ( '', #1807 ) ;
#961 = VECTOR ( 'NONE', #4210, 1000.000000000000000 ) ;
#962 = DIRECTION ( 'NONE',  ( 9.103382349328301547E-49, 2.350988701644575016E-32, 1.000000000000000000 ) ) ;
#963 = VECTOR ( 'NONE', #6001, 1000.000000000000000 ) ;
#964 = CARTESIAN_POINT ( 'NONE',  ( 11.75000000000000000, 4.999999999999997335, -0.2499999999999997780 ) ) ;
#965 = ORIENTED_EDGE ( 'NONE', *, *, #9308, .F. ) ;
#966 = LINE ( 'NONE', #1797, #8447 ) ;
#967 = FACE_OUTER_BOUND ( 'NONE', #8545, .T. ) ;
#968 = SURFACE_STYLE_USAGE ( .BOTH. , #3396 ) ;
#969 = SURFACE_STYLE_FILL_AREA ( #53 ) ;
#970 = CARTESIAN_POINT ( 'NONE',  ( 11.25000000000000000, 1.149999999999999911, -2.350000000000001865 ) ) ;
#971 = ORIENTED_EDGE ( 'NONE', *, *, #9769, .F. ) ;
#972 = STYLED_ITEM ( 'NONE', ( #9607 ), #5267 ) ;
#973 = VECTOR ( 'NONE', #389, 1000.000000000000000 ) ;
#974 = CARTESIAN_POINT ( 'NONE',  ( 6.249999999999998224, -3.399999999999999911, 0.2500000000000002220 ) ) ;
#975 = DIRECTION ( 'NONE',  ( 3.872150616019660190E-17, 1.000000000000000000, 0.0000000000000000000 ) ) ;
#976 = LINE ( 'NONE', #4172, #2137 ) ;
#977 = EDGE_CURVE ( 'NONE', #4848, #7757, #4347, .T. ) ;
#978 = EDGE_CURVE ( 'NONE', #9695, #2048, #5974, .T. ) ;
#979 = MECHANICAL_DESIGN_GEOMETRIC_PRESENTATION_REPRESENTATION (  '', ( #1128 ), #3659 ) ;
#980 = STYLED_ITEM ( 'NONE', ( #4555 ), #4335 ) ;
#981 = VECTOR ( 'NONE', #948, 1000.000000000000114 ) ;
#982 = FILL_AREA_STYLE_COLOUR ( '', #3190 ) ;
#983 = SURFACE_SIDE_STYLE ('',( #8057 ) ) ;
#984 = SURFACE_STYLE_FILL_AREA ( #7463 ) ;
#985 =( LENGTH_UNIT ( ) NAMED_UNIT ( * ) SI_UNIT ( .MILLI., .METRE. ) );
#986 = COLOUR_RGB ( '',1.000000000000000000, 0.8117647058823529438, 0.5019607843137254832 ) ;
#987 = DIRECTION ( 'NONE',  ( 9.103382349328301547E-49, 2.350988701644575016E-32, 1.000000000000000000 ) ) ;
#988 = AXIS2_PLACEMENT_3D ( 'NONE', #234, #7340, #6723 ) ;
#989 = EDGE_CURVE ( 'NONE', #8320, #1428, #1271, .T. ) ;
#990 = SURFACE_STYLE_FILL_AREA ( #7217 ) ;
#991 =( GEOMETRIC_REPRESENTATION_CONTEXT ( 3 ) GLOBAL_UNCERTAINTY_ASSIGNED_CONTEXT ( ( #7062 ) ) GLOBAL_UNIT_ASSIGNED_CONTEXT ( ( #4282, #273, #1090 ) ) REPRESENTATION_CONTEXT ( 'NONE', 'WORKASPACE' ) );
#992 = LINE ( 'NONE', #1083, #3539 ) ;
#993 = DIRECTION ( 'NONE',  ( -1.000000000000000000, 5.421010862427522170E-17, 0.0000000000000000000 ) ) ;
#994 = VERTEX_POINT ( 'NONE', #2808 ) ;
#995 = AXIS2_PLACEMENT_3D ( 'NONE', #1815, #8105, #8823 ) ;
#996 = MECHANICAL_DESIGN_GEOMETRIC_PRESENTATION_REPRESENTATION (  '', ( #176 ), #8140 ) ;
#997 = ORIENTED_EDGE ( 'NONE', *, *, #2863, .F. ) ;
#998 = SURFACE_SIDE_STYLE ('',( #8843 ) ) ;
#999 = SURFACE_STYLE_FILL_AREA ( #5518 ) ;
#1000 = CARTESIAN_POINT ( 'NONE',  ( 8.966666666666668561, -2.516666666666663499, -1.033333333333334547 ) ) ;
#1001 = FACE_OUTER_BOUND ( 'NONE', #9268, .T. ) ;
#1002 = SURFACE_STYLE_USAGE ( .BOTH. , #4884 ) ;
#1003 = DIRECTION ( 'NONE',  ( -5.421010862427522170E-17, -1.000000000000000000, 2.350988701644575016E-32 ) ) ;
#1004 = CARTESIAN_POINT ( 'NONE',  ( -1.180000000000000160, 2.250000000000000000, 1.249999999999997558 ) ) ;
#1005 = ORIENTED_EDGE ( 'NONE', *, *, #936, .T. ) ;
#1006 = PRESENTATION_STYLE_ASSIGNMENT (( #6490 ) ) ;
#1007 = AXIS2_PLACEMENT_3D ( 'NONE', #9773, #7419, #8891 ) ;
#1008 = FACE_OUTER_BOUND ( 'NONE', #63, .T. ) ;
#1009 = ORIENTED_EDGE ( 'NONE', *, *, #4440, .T. ) ;
#1010 = SURFACE_STYLE_FILL_AREA ( #4342 ) ;
#1011 = CARTESIAN_POINT ( 'NONE',  ( 11.75000000000000000, -3.399999999999999911, 0.2500000000000002220 ) ) ;
#1012 = STYLED_ITEM ( 'NONE', ( #2976 ), #2002 ) ;
#1013 = VECTOR ( 'NONE', #10154, 1000.000000000000000 ) ;
#1014 = EDGE_LOOP ( 'NONE', ( #9304, #9874, #2468, #8517 ) ) ;
#1015 = LINE ( 'NONE', #96, #3671 ) ;
#1016 = CARTESIAN_POINT ( 'NONE',  ( 13.95000000000000107, 6.000000000000000000, 1.699999999999999289 ) ) ;
#1017 = SURFACE_STYLE_FILL_AREA ( #5822 ) ;
#1018 =( NAMED_UNIT ( * ) PLANE_ANGLE_UNIT ( ) SI_UNIT ( $, .RADIAN. ) );
#1019 = CARTESIAN_POINT ( 'NONE',  ( -1.350000000000000089, 6.000000000000000000, -0.6800000000000000488 ) ) ;
#1020 = PRESENTATION_STYLE_ASSIGNMENT (( #6550 ) ) ;
#1021 = CARTESIAN_POINT ( 'NONE',  ( 11.25000000000000000, 3.399999999999999467, -2.050000000000001599 ) ) ;
#1022 = SURFACE_SIDE_STYLE ('',( #8148 ) ) ;
#1023 = VERTEX_POINT ( 'NONE', #9134 ) ;
#1024 = ORIENTED_EDGE ( 'NONE', *, *, #1781, .F. ) ;
#1025 = UNCERTAINTY_MEASURE_WITH_UNIT (LENGTH_MEASURE( 1.000000000000000082E-05 ), #985, 'distance_accuracy_value', 'NONE');
#1026 = UNCERTAINTY_MEASURE_WITH_UNIT (LENGTH_MEASURE( 1.000000000000000082E-05 ), #706, 'distance_accuracy_value', 'NONE');
#1027 =( LENGTH_UNIT ( ) NAMED_UNIT ( * ) SI_UNIT ( .MILLI., .METRE. ) );
#1028 = DIRECTION ( 'NONE',  ( 1.000000000000000000, 0.0000000000000000000, 0.0000000000000000000 ) ) ;
#1029 =( NAMED_UNIT ( * ) PLANE_ANGLE_UNIT ( ) SI_UNIT ( $, .RADIAN. ) );
#1030 = PRESENTATION_STYLE_ASSIGNMENT (( #2555 ) ) ;
#1031 = FILL_AREA_STYLE ('',( #1868 ) ) ;
#1032 = FACE_OUTER_BOUND ( 'NONE', #6028, .T. ) ;
#1033 = EDGE_CURVE ( 'NONE', #3488, #3219, #6075, .T. ) ;
#1034 = CARTESIAN_POINT ( 'NONE',  ( -1.350000000000000089, 1.149999999999999911, -2.350000000000001421 ) ) ;
#1035 = PRESENTATION_STYLE_ASSIGNMENT (( #3316 ) ) ;
#1036 = COLOUR_RGB ( '',1.000000000000000000, 0.8117647058823529438, 0.5019607843137254832 ) ;
#1037 = LINE ( 'NONE', #2560, #5307 ) ;
#1038 = PRESENTATION_LAYER_ASSIGNMENT (  '', '', ( #4213 ) ) ;
#1039 = DIRECTION ( 'NONE',  ( -0.0000000000000000000, -0.0000000000000000000, 1.000000000000000000 ) ) ;
#1040 = VECTOR ( 'NONE', #7098, 1000.000000000000000 ) ;
#1041 = ORIENTED_EDGE ( 'NONE', *, *, #2013, .T. ) ;
#1042 = LINE ( 'NONE', #5076, #1287 ) ;
#1043 = EDGE_CURVE ( 'NONE', #1423, #6441, #9183, .T. ) ;
#1044 = EDGE_CURVE ( 'NONE', #8553, #5448, #3695, .T. ) ;
#1045 = VERTEX_POINT ( 'NONE', #8494 ) ;
#1046 = AXIS2_PLACEMENT_3D ( 'NONE', #5042, #7539, #2746 ) ;
#1047 = PLANE ( 'NONE',  #9817 ) ;
#1048 =( NAMED_UNIT ( * ) SI_UNIT ( $, .STERADIAN. ) SOLID_ANGLE_UNIT ( ) );
#1049 = CARTESIAN_POINT ( 'NONE',  ( 13.34999999999999787, -15.13439790675532670, 1.249999999999997558 ) ) ;
#1050 = PRESENTATION_LAYER_ASSIGNMENT (  '', '', ( #378 ) ) ;
#1051 = DIRECTION ( 'NONE',  ( -5.455105270367317004E-17, 0.0000000000000000000, -1.000000000000000000 ) ) ;
#1052 = SURFACE_STYLE_USAGE ( .BOTH. , #9068 ) ;
#1053 = LINE ( 'NONE', #8908, #3414 ) ;
#1054 = ORIENTED_EDGE ( 'NONE', *, *, #9769, .T. ) ;
#1055 = EDGE_CURVE ( 'NONE', #5374, #1452, #2164, .T. ) ;
#1056 = VERTEX_POINT ( 'NONE', #1386 ) ;
#1057 = CARTESIAN_POINT ( 'NONE',  ( 0.6999999999999992895, 0.0000000000000000000, 1.700000000000000178 ) ) ;
#1058 = VERTEX_POINT ( 'NONE', #2112 ) ;
#1059 = AXIS2_PLACEMENT_3D ( 'NONE', #1954, #6548, #9702 ) ;
#1060 = STYLED_ITEM ( 'NONE', ( #1379 ), #2210 ) ;
#1061 = ORIENTED_EDGE ( 'NONE', *, *, #5441, .T. ) ;
#1062 =( NAMED_UNIT ( * ) PLANE_ANGLE_UNIT ( ) SI_UNIT ( $, .RADIAN. ) );
#1063 = PRESENTATION_LAYER_ASSIGNMENT (  '', '', ( #2908 ) ) ;
#1064 = LINE ( 'NONE', #1904, #4079 ) ;
#1065 = ORIENTED_EDGE ( 'NONE', *, *, #481, .T. ) ;
#1066 = SURFACE_SIDE_STYLE ('',( #1955 ) ) ;
#1067 = PRESENTATION_LAYER_ASSIGNMENT (  '', '', ( #10202 ) ) ;
#1068 = DIRECTION ( 'NONE',  ( -4.336808689942017736E-16, 1.679277644031839923E-32, -1.000000000000000000 ) ) ;
#1069 = DIRECTION ( 'NONE',  ( 0.0000000000000000000, 1.000000000000000000, 0.0000000000000000000 ) ) ;
#1070 = PRESENTATION_STYLE_ASSIGNMENT (( #3258 ) ) ;
#1071 =( NAMED_UNIT ( * ) PLANE_ANGLE_UNIT ( ) SI_UNIT ( $, .RADIAN. ) );
#1072 = DIRECTION ( 'NONE',  ( 1.000000000000000000, 0.0000000000000000000, 0.0000000000000000000 ) ) ;
#1073 = DIRECTION ( 'NONE',  ( -4.336808689942017736E-16, 0.0000000000000000000, -1.000000000000000000 ) ) ;
#1074 = ADVANCED_FACE ( 'NONE', ( #10065 ), #5152, .T. ) ;
#1075 = DIRECTION ( 'NONE',  ( 0.0000000000000000000, 1.000000000000000000, 0.0000000000000000000 ) ) ;
#1076 = FILL_AREA_STYLE ('',( #6755 ) ) ;
#1077 = PRESENTATION_LAYER_ASSIGNMENT (  '', '', ( #2776 ) ) ;
#1078 = EDGE_CURVE ( 'NONE', #4224, #6856, #1162, .T. ) ;
#1079 = AXIS2_PLACEMENT_3D ( 'NONE', #2380, #8743, #7176 ) ;
#1080 = LINE ( 'NONE', #6612, #2861 ) ;
#1081 = VECTOR ( 'NONE', #10122, 1000.000000000000000 ) ;
#1082 = SURFACE_STYLE_FILL_AREA ( #8211 ) ;
#1083 = CARTESIAN_POINT ( 'NONE',  ( 9.299999999999998934, 0.2000000000000000389, 0.2500000000000002220 ) ) ;
#1084 = FILL_AREA_STYLE ('',( #7473 ) ) ;
#1085 = EDGE_LOOP ( 'NONE', ( #450, #3639, #4099, #385 ) ) ;
#1086 = ORIENTED_EDGE ( 'NONE', *, *, #1733, .T. ) ;
#1087 = PRESENTATION_LAYER_ASSIGNMENT (  '', '', ( #1767 ) ) ;
#1088 = MECHANICAL_DESIGN_GEOMETRIC_PRESENTATION_REPRESENTATION (  '', ( #1939 ), #8232 ) ;
#1089 = CARTESIAN_POINT ( 'NONE',  ( 3.299999999999999378, 0.2000000000000000389, -2.800000000000000266 ) ) ;
#1090 =( NAMED_UNIT ( * ) SI_UNIT ( $, .STERADIAN. ) SOLID_ANGLE_UNIT ( ) );
#1091 = EDGE_CURVE ( 'NONE', #1581, #10160, #9287, .T. ) ;
#1092 = EDGE_CURVE ( 'NONE', #10160, #8851, #3579, .T. ) ;
#1093 = VECTOR ( 'NONE', #2296, 1000.000000000000000 ) ;
#1094 = ORIENTED_EDGE ( 'NONE', *, *, #8907, .T. ) ;
#1095 = FACE_OUTER_BOUND ( 'NONE', #2630, .T. ) ;
#1096 = DIRECTION ( 'NONE',  ( 0.0000000000000000000, 0.0000000000000000000, -1.000000000000000000 ) ) ;
#1097 = DIRECTION ( 'NONE',  ( 3.872150616019660190E-17, 1.000000000000000000, -0.0000000000000000000 ) ) ;
#1098 = FACE_OUTER_BOUND ( 'NONE', #1257, .T. ) ;
#1099 = EDGE_LOOP ( 'NONE', ( #6340, #10042, #9033, #7801 ) ) ;
#1100 = FILL_AREA_STYLE_COLOUR ( '', #887 ) ;
#1101 = CARTESIAN_POINT ( 'NONE',  ( -1.350000000000000089, 5.649999999999993250, -2.350000000000001421 ) ) ;
#1102 = SURFACE_SIDE_STYLE ('',( #1010 ) ) ;
#1103 = ADVANCED_FACE ( 'NONE', ( #9444 ), #641, .F. ) ;
#1104 = FILL_AREA_STYLE_COLOUR ( '', #5938 ) ;
#1105 = ORIENTED_EDGE ( 'NONE', *, *, #1208, .F. ) ;
#1106 = DIRECTION ( 'NONE',  ( 1.000000000000000000, -3.872150616019660190E-17, -4.336808689942017736E-16 ) ) ;
#1107 = CARTESIAN_POINT ( 'NONE',  ( 10.69999999999999929, 0.1999999999999999833, 1.700000000000000178 ) ) ;
#1108 =( NAMED_UNIT ( * ) SI_UNIT ( $, .STERADIAN. ) SOLID_ANGLE_UNIT ( ) );
#1109 = DIRECTION ( 'NONE',  ( -0.0000000000000000000, -0.0000000000000000000, 1.000000000000000000 ) ) ;
#1110 = CARTESIAN_POINT ( 'NONE',  ( 13.17999999999999794, 2.250000000000001776, 1.700000000000000178 ) ) ;
#1111 = ORIENTED_EDGE ( 'NONE', *, *, #8590, .T. ) ;
#1112 = DIRECTION ( 'NONE',  ( 1.000000000000000000, 0.0000000000000000000, 0.0000000000000000000 ) ) ;
#1113 = COLOUR_RGB ( '',1.000000000000000000, 1.000000000000000000, 1.000000000000000000 ) ;
#1114 = STYLED_ITEM ( 'NONE', ( #2938 ), #3500 ) ;
#1115 = UNCERTAINTY_MEASURE_WITH_UNIT (LENGTH_MEASURE( 1.000000000000000082E-05 ), #6678, 'distance_accuracy_value', 'NONE');
#1116 = CARTESIAN_POINT ( 'NONE',  ( 11.75000000000000000, -3.399999999999999911, -0.2499999999999997780 ) ) ;
#1117 = ADVANCED_FACE ( 'NONE', ( #3894 ), #2437, .F. ) ;
#1118 = CARTESIAN_POINT ( 'NONE',  ( 11.75000000000000000, 4.999999999999997335, 0.2500000000000002220 ) ) ;
#1119 = DIRECTION ( 'NONE',  ( -0.0000000000000000000, -0.0000000000000000000, 1.000000000000000000 ) ) ;
#1120 =( GEOMETRIC_REPRESENTATION_CONTEXT ( 3 ) GLOBAL_UNCERTAINTY_ASSIGNED_CONTEXT ( ( #6247 ) ) GLOBAL_UNIT_ASSIGNED_CONTEXT ( ( #5910, #1846, #4244 ) ) REPRESENTATION_CONTEXT ( 'NONE', 'WORKASPACE' ) );
#1121 = FACE_OUTER_BOUND ( 'NONE', #6142, .T. ) ;
#1122 = AXIS2_PLACEMENT_3D ( 'NONE', #5175, #9867, #7517 ) ;
#1123 =( LENGTH_UNIT ( ) NAMED_UNIT ( * ) SI_UNIT ( .MILLI., .METRE. ) );
#1124 = PLANE ( 'NONE',  #3712 ) ;
#1125 = CARTESIAN_POINT ( 'NONE',  ( 8.149999999999998579, -3.399999999999999911, 0.1499999999999990785 ) ) ;
#1126 = ORIENTED_EDGE ( 'NONE', *, *, #6839, .F. ) ;
#1127 = LINE ( 'NONE', #4475, #1259 ) ;
#1128 = STYLED_ITEM ( 'NONE', ( #10093 ), #5653 ) ;
#1129 = CARTESIAN_POINT ( 'NONE',  ( 7.750000000000000000, 4.999999999999997335, 0.2500000000000002220 ) ) ;
#1130 =( GEOMETRIC_REPRESENTATION_CONTEXT ( 3 ) GLOBAL_UNCERTAINTY_ASSIGNED_CONTEXT ( ( #4531 ) ) GLOBAL_UNIT_ASSIGNED_CONTEXT ( ( #9036, #2862, #9804 ) ) REPRESENTATION_CONTEXT ( 'NONE', 'WORKASPACE' ) );
#1131 = EDGE_CURVE ( 'NONE', #7538, #7666, #4619, .T. ) ;
#1132 = FILL_AREA_STYLE_COLOUR ( '', #9332 ) ;
#1133 = DIRECTION ( 'NONE',  ( -4.336808689942017736E-16, 0.0000000000000000000, -1.000000000000000000 ) ) ;
#1134 = UNCERTAINTY_MEASURE_WITH_UNIT (LENGTH_MEASURE( 1.000000000000000082E-05 ), #8549, 'distance_accuracy_value', 'NONE');
#1135 = STYLED_ITEM ( 'NONE', ( #5631 ), #5782 ) ;
#1136 = AXIS2_PLACEMENT_3D ( 'NONE', #8036, #915, #8856 ) ;
#1137 = SURFACE_STYLE_FILL_AREA ( #6908 ) ;
#1138 = EDGE_CURVE ( 'NONE', #4662, #2439, #4778, .T. ) ;
#1139 = CARTESIAN_POINT ( 'NONE',  ( 1.250000000000001554, 3.399999999999998579, -2.350000000000001421 ) ) ;
#1140 =( NAMED_UNIT ( * ) SI_UNIT ( $, .STERADIAN. ) SOLID_ANGLE_UNIT ( ) );
#1141 = PRESENTATION_LAYER_ASSIGNMENT (  '', '', ( #10127 ) ) ;
#1142 = PRESENTATION_STYLE_ASSIGNMENT (( #9112 ) ) ;
#1143 =( GEOMETRIC_REPRESENTATION_CONTEXT ( 3 ) GLOBAL_UNCERTAINTY_ASSIGNED_CONTEXT ( ( #2299 ) ) GLOBAL_UNIT_ASSIGNED_CONTEXT ( ( #8171, #9780, #1048 ) ) REPRESENTATION_CONTEXT ( 'NONE', 'WORKASPACE' ) );
#1144 = PLANE ( 'NONE',  #4751 ) ;
#1145 = AXIS2_PLACEMENT_3D ( 'NONE', #5586, #3, #1656 ) ;
#1146 = VERTEX_POINT ( 'NONE', #7929 ) ;
#1147 = PRESENTATION_STYLE_ASSIGNMENT (( #1052 ) ) ;
#1148 = ORIENTED_EDGE ( 'NONE', *, *, #4463, .F. ) ;
#1149 = CARTESIAN_POINT ( 'NONE',  ( -1.350000000000000089, 5.650000000000000355, -2.350000000000001421 ) ) ;
#1150 = LINE ( 'NONE', #9229, #7567 ) ;
#1151 = VERTEX_POINT ( 'NONE', #8555 ) ;
#1152 = VECTOR ( 'NONE', #5089, 1000.000000000000000 ) ;
#1153 = PRESENTATION_LAYER_ASSIGNMENT (  '', '', ( #6807 ) ) ;
#1154 = EDGE_CURVE ( 'NONE', #1166, #5139, #6417, .T. ) ;
#1155 = LINE ( 'NONE', #6721, #4642 ) ;
#1156 = EDGE_CURVE ( 'NONE', #4002, #5448, #4671, .T. ) ;
#1157 = CARTESIAN_POINT ( 'NONE',  ( 1.299999999999999600, 0.2000000000000000389, -2.800000000000000266 ) ) ;
#1158 = CARTESIAN_POINT ( 'NONE',  ( -0.7000000000000002887, 0.2000000000000000389, 1.700000000000000178 ) ) ;
#1159 = PRESENTATION_LAYER_ASSIGNMENT (  '', '', ( #3512 ) ) ;
#1160 = ORIENTED_EDGE ( 'NONE', *, *, #733, .F. ) ;
#1161 = SURFACE_STYLE_USAGE ( .BOTH. , #3694 ) ;
#1162 = LINE ( 'NONE', #6025, #3593 ) ;
#1163 = SURFACE_STYLE_USAGE ( .BOTH. , #5923 ) ;
#1164 = ORIENTED_EDGE ( 'NONE', *, *, #10204, .T. ) ;
#1165 = FILL_AREA_STYLE_COLOUR ( '', #1192 ) ;
#1166 = VERTEX_POINT ( 'NONE', #6981 ) ;
#1167 = SURFACE_SIDE_STYLE ('',( #5206 ) ) ;
#1168 = DIRECTION ( 'NONE',  ( -0.0000000000000000000, 1.000000000000000000, -0.0000000000000000000 ) ) ;
#1169 = EDGE_CURVE ( 'NONE', #6925, #8850, #10165, .T. ) ;
#1170 = CARTESIAN_POINT ( 'NONE',  ( 10.24999999999999822, 4.999999999999997335, -0.2499999999999997780 ) ) ;
#1171 = EDGE_CURVE ( 'NONE', #9037, #4624, #6532, .T. ) ;
#1172 = PRESENTATION_STYLE_ASSIGNMENT (( #3537 ) ) ;
#1173 = LINE ( 'NONE', #2068, #1326 ) ;
#1174 = SURFACE_STYLE_FILL_AREA ( #9196 ) ;
#1175 = ORIENTED_EDGE ( 'NONE', *, *, #9544, .T. ) ;
#1176 = SURFACE_STYLE_USAGE ( .BOTH. , #1920 ) ;
#1177 = LINE ( 'NONE', #3545, #702 ) ;
#1178 = SURFACE_SIDE_STYLE ('',( #357 ) ) ;
#1179 = EDGE_CURVE ( 'NONE', #4887, #747, #4286, .T. ) ;
#1180 = PLANE ( 'NONE',  #5503 ) ;
#1181 = LINE ( 'NONE', #4272, #2647 ) ;
#1182 = VECTOR ( 'NONE', #9506, 1000.000000000000000 ) ;
#1183 =( NAMED_UNIT ( * ) SI_UNIT ( $, .STERADIAN. ) SOLID_ANGLE_UNIT ( ) );
#1184 = VERTEX_POINT ( 'NONE', #1738 ) ;
#1185 = MECHANICAL_DESIGN_GEOMETRIC_PRESENTATION_REPRESENTATION (  '', ( #2030 ), #1544 ) ;
#1186 = VERTEX_POINT ( 'NONE', #2489 ) ;
#1187 = COLOUR_RGB ( '',1.000000000000000000, 1.000000000000000000, 1.000000000000000000 ) ;
#1188 = DIRECTION ( 'NONE',  ( 9.103382349328301547E-49, 2.350988701644575016E-32, 1.000000000000000000 ) ) ;
#1189 = CARTESIAN_POINT ( 'NONE',  ( 2.150000000000002132, -3.399999999999999911, 0.2500000000000002220 ) ) ;
#1190 = VECTOR ( 'NONE', #5067, 1000.000000000000000 ) ;
#1191 = STYLED_ITEM ( 'NONE', ( #8370 ), #3479 ) ;
#1192 = COLOUR_RGB ( '',1.000000000000000000, 1.000000000000000000, 1.000000000000000000 ) ;
#1193 = SURFACE_SIDE_STYLE ('',( #5188 ) ) ;
#1194 = COLOUR_RGB ( '',1.000000000000000000, 0.8117647058823529438, 0.5019607843137254832 ) ;
#1195 =( LENGTH_UNIT ( ) NAMED_UNIT ( * ) SI_UNIT ( .MILLI., .METRE. ) );
#1196 = ORIENTED_EDGE ( 'NONE', *, *, #7706, .F. ) ;
#1197 =( NAMED_UNIT ( * ) SI_UNIT ( $, .STERADIAN. ) SOLID_ANGLE_UNIT ( ) );
#1198 = DIRECTION ( 'NONE',  ( -1.000000000000000000, 0.0000000000000000000, 1.475104996578918079E-17 ) ) ;
#1199 = SURFACE_SIDE_STYLE ('',( #3569 ) ) ;
#1200 = LINE ( 'NONE', #530, #9533 ) ;
#1201 = ORIENTED_EDGE ( 'NONE', *, *, #28, .T. ) ;
#1202 = DIRECTION ( 'NONE',  ( 1.000000000000000000, 0.0000000000000000000, 0.0000000000000000000 ) ) ;
#1203 =( GEOMETRIC_REPRESENTATION_CONTEXT ( 3 ) GLOBAL_UNCERTAINTY_ASSIGNED_CONTEXT ( ( #2388 ) ) GLOBAL_UNIT_ASSIGNED_CONTEXT ( ( #2797, #9016, #5194 ) ) REPRESENTATION_CONTEXT ( 'NONE', 'WORKASPACE' ) );
#1204 = EDGE_CURVE ( 'NONE', #217, #4559, #8128, .T. ) ;
#1205 = EDGE_LOOP ( 'NONE', ( #4808, #10072, #3389, #2264 ) ) ;
#1206 = DIRECTION ( 'NONE',  ( 4.336808689942017736E-16, 0.0000000000000000000, 1.000000000000000000 ) ) ;
#1207 = FACE_OUTER_BOUND ( 'NONE', #3485, .T. ) ;
#1208 = EDGE_CURVE ( 'NONE', #8509, #6926, #5758, .T. ) ;
#1209 = LINE ( 'NONE', #336, #6316 ) ;
#1210 = FILL_AREA_STYLE_COLOUR ( '', #5761 ) ;
#1211 = CARTESIAN_POINT ( 'NONE',  ( 6.083333333333333037, 5.166666666666664298, 0.08333333333333499404 ) ) ;
#1212 = VERTEX_POINT ( 'NONE', #7286 ) ;
#1213 = ORIENTED_EDGE ( 'NONE', *, *, #7573, .F. ) ;
#1214 = FILL_AREA_STYLE_COLOUR ( '', #3033 ) ;
#1215 = VERTEX_POINT ( 'NONE', #1786 ) ;
#1216 = EDGE_LOOP ( 'NONE', ( #3693, #1005, #8710, #8827 ) ) ;
#1217 = FILL_AREA_STYLE ('',( #2761 ) ) ;
#1218 =( GEOMETRIC_REPRESENTATION_CONTEXT ( 3 ) GLOBAL_UNCERTAINTY_ASSIGNED_CONTEXT ( ( #7179 ) ) GLOBAL_UNIT_ASSIGNED_CONTEXT ( ( #8325, #3634, #2272 ) ) REPRESENTATION_CONTEXT ( 'NONE', 'WORKASPACE' ) );
#1219 = SURFACE_STYLE_USAGE ( .BOTH. , #5985 ) ;
#1220 = PRESENTATION_LAYER_ASSIGNMENT (  '', '', ( #5905 ) ) ;
#1221 = EDGE_CURVE ( 'NONE', #8520, #6602, #6580, .T. ) ;
#1222 = EDGE_CURVE ( 'NONE', #7133, #2524, #9011, .T. ) ;
#1223 = LINE ( 'NONE', #9092, #20 ) ;
#1224 = FACE_OUTER_BOUND ( 'NONE', #1776, .T. ) ;
#1225 = PRESENTATION_STYLE_ASSIGNMENT (( #7729 ) ) ;
#1226 = FILL_AREA_STYLE ('',( #8346 ) ) ;
#1227 = VECTOR ( 'NONE', #7591, 1000.000000000000000 ) ;
#1228 = PRESENTATION_STYLE_ASSIGNMENT (( #9973 ) ) ;
#1229 = CARTESIAN_POINT ( 'NONE',  ( 13.69999999999999751, 6.000000000000000000, -2.700000000000001066 ) ) ;
#1230 = PLANE ( 'NONE',  #9459 ) ;
#1231 = VECTOR ( 'NONE', #4455, 1000.000000000000000 ) ;
#1232 = COLOUR_RGB ( '',1.000000000000000000, 1.000000000000000000, 1.000000000000000000 ) ;
#1233 =( NAMED_UNIT ( * ) SI_UNIT ( $, .STERADIAN. ) SOLID_ANGLE_UNIT ( ) );
#1234 = DIRECTION ( 'NONE',  ( 1.000000000000000000, -5.421010862427522170E-17, 0.0000000000000000000 ) ) ;
#1235 =( NAMED_UNIT ( * ) PLANE_ANGLE_UNIT ( ) SI_UNIT ( $, .RADIAN. ) );
#1236 = ADVANCED_FACE ( 'NONE', ( #2575 ), #9740, .F. ) ;
#1237 = VECTOR ( 'NONE', #5862, 1000.000000000000000 ) ;
#1238 = EDGE_LOOP ( 'NONE', ( #8012, #4194, #3051, #867, #8042, #9579, #6645, #2257 ) ) ;
#1240 = ORIENTED_EDGE ( 'NONE', *, *, #7256, .T. ) ;
#1239 = ORIENTED_EDGE ( 'NONE', *, *, #8079, .T. ) ;
#1241 = STYLED_ITEM ( 'NONE', ( #7674 ), #8331 ) ;
#1242 = FILL_AREA_STYLE_COLOUR ( '', #5116 ) ;
#1243 = SURFACE_SIDE_STYLE ('',( #2831 ) ) ;
#1244 = DIRECTION ( 'NONE',  ( -4.336808689942017736E-16, 0.0000000000000000000, -1.000000000000000000 ) ) ;
#1245 = DIRECTION ( 'NONE',  ( -1.000000000000000000, 5.421010862427522170E-17, 0.0000000000000000000 ) ) ;
#1246 = ORIENTED_EDGE ( 'NONE', *, *, #4543, .F. ) ;
#1247 = VECTOR ( 'NONE', #131, 1000.000000000000000 ) ;
#1248 = COLOUR_RGB ( '',1.000000000000000000, 1.000000000000000000, 1.000000000000000000 ) ;
#1249 = VECTOR ( 'NONE', #3270, 1000.000000000000000 ) ;
#1250 = CARTESIAN_POINT ( 'NONE',  ( -1.949999999999999956, 6.000000000000000000, 1.700000000000000178 ) ) ;
#1251 =( LENGTH_UNIT ( ) NAMED_UNIT ( * ) SI_UNIT ( .MILLI., .METRE. ) );
#1252 = PRESENTATION_LAYER_ASSIGNMENT (  '', '', ( #2613 ) ) ;
#1253 = SURFACE_STYLE_FILL_AREA ( #3788 ) ;
#1254 = PLANE ( 'NONE',  #9047 ) ;
#1255 =( LENGTH_UNIT ( ) NAMED_UNIT ( * ) SI_UNIT ( .MILLI., .METRE. ) );
#1256 = CARTESIAN_POINT ( 'NONE',  ( 7.850000000000001421, -3.399999999999999911, -0.1499999999999986622 ) ) ;
#1257 = EDGE_LOOP ( 'NONE', ( #2005, #3624, #4932, #3899 ) ) ;
#1258 = FILL_AREA_STYLE ('',( #2049 ) ) ;
#1259 = VECTOR ( 'NONE', #7632, 1000.000000000000000 ) ;
#1260 = PRESENTATION_LAYER_ASSIGNMENT (  '', '', ( #7914 ) ) ;
#1261 = STYLED_ITEM ( 'NONE', ( #3717 ), #8191 ) ;
#1262 = VERTEX_POINT ( 'NONE', #9603 ) ;
#1263 = CARTESIAN_POINT ( 'NONE',  ( 6.149999999999995914, 5.100000000000001421, 0.1499999999999973577 ) ) ;
#1264 = CARTESIAN_POINT ( 'NONE',  ( 0.7500000000000006661, 1.149999999999999911, -2.050000000000001599 ) ) ;
#1265 = AXIS2_PLACEMENT_3D ( 'NONE', #6512, #5786, #3456 ) ;
#1266 = MECHANICAL_DESIGN_GEOMETRIC_PRESENTATION_REPRESENTATION (  '', ( #5780 ), #5626 ) ;
#1267 = EDGE_CURVE ( 'NONE', #1749, #5432, #8905, .T. ) ;
#1268 = LINE ( 'NONE', #3002, #3574 ) ;
#1269 = ORIENTED_EDGE ( 'NONE', *, *, #3039, .T. ) ;
#1270 = FILL_AREA_STYLE_COLOUR ( '', #5918 ) ;
#1271 = LINE ( 'NONE', #541, #1231 ) ;
#1272 = LINE ( 'NONE', #1389, #6043 ) ;
#1273 = CARTESIAN_POINT ( 'NONE',  ( -0.2499999999999997780, 4.999999999999997335, 0.2500000000000002220 ) ) ;
#1274 = PRESENTATION_STYLE_ASSIGNMENT (( #7610 ) ) ;
#1275 = VERTEX_POINT ( 'NONE', #8027 ) ;
#1276 = DIRECTION ( 'NONE',  ( 1.000000000000000000, 0.0000000000000000000, 0.0000000000000000000 ) ) ;
#1277 = ORIENTED_EDGE ( 'NONE', *, *, #8954, .T. ) ;
#1278 = EDGE_CURVE ( 'NONE', #10083, #9167, #2532, .T. ) ;
#1279 = DIRECTION ( 'NONE',  ( -3.833233541708420554E-17, -0.7071067811865447972, 0.7071067811865502373 ) ) ;
#1280 = ORIENTED_EDGE ( 'NONE', *, *, #7092, .T. ) ;
#1281 =( NAMED_UNIT ( * ) SI_UNIT ( $, .STERADIAN. ) SOLID_ANGLE_UNIT ( ) );
#1282 = LINE ( 'NONE', #4579, #3940 ) ;
#1283 = LINE ( 'NONE', #611, #3075 ) ;
#1284 = SURFACE_SIDE_STYLE ('',( #9912 ) ) ;
#1285 = DIRECTION ( 'NONE',  ( 0.0000000000000000000, -0.0000000000000000000, 1.000000000000000000 ) ) ;
#1286 = ORIENTED_EDGE ( 'NONE', *, *, #523, .F. ) ;
#1287 = VECTOR ( 'NONE', #9776, 1000.000000000000000 ) ;
#1288 = AXIS2_PLACEMENT_3D ( 'NONE', #6168, #7912, #7812 ) ;
#1289 = EDGE_CURVE ( 'NONE', #929, #51, #3382, .T. ) ;
#1290 = ADVANCED_FACE ( 'NONE', ( #227 ), #3429, .T. ) ;
#1291 = CARTESIAN_POINT ( 'NONE',  ( 13.94999999999999751, 0.8200000000000032818, 1.300000000000000044 ) ) ;
#1292 =( NAMED_UNIT ( * ) PLANE_ANGLE_UNIT ( ) SI_UNIT ( $, .RADIAN. ) );
#1293 = DIRECTION ( 'NONE',  ( -8.761229676650543371E-16, -1.000000000000000000, 0.0000000000000000000 ) ) ;
#1294 = FILL_AREA_STYLE_COLOUR ( '', #9431 ) ;
#1295 = COLOUR_RGB ( '',1.000000000000000000, 1.000000000000000000, 1.000000000000000000 ) ;
#1296 = STYLED_ITEM ( 'NONE', ( #5337 ), #3765 ) ;
#1297 =( NAMED_UNIT ( * ) PLANE_ANGLE_UNIT ( ) SI_UNIT ( $, .RADIAN. ) );
#1298 = ORIENTED_EDGE ( 'NONE', *, *, #8291, .T. ) ;
#1299 = FILL_AREA_STYLE_COLOUR ( '', #2325 ) ;
#1300 = PLANE ( 'NONE',  #2670 ) ;
#1301 = PRESENTATION_LAYER_ASSIGNMENT (  '', '', ( #5803 ) ) ;
#1302 = ADVANCED_FACE ( 'NONE', ( #9942 ), #6014, .F. ) ;
#1303 = DIRECTION ( 'NONE',  ( -1.000000000000000000, 5.421010862427522170E-17, 0.0000000000000000000 ) ) ;
#1304 = ORIENTED_EDGE ( 'NONE', *, *, #1463, .F. ) ;
#1305 = CARTESIAN_POINT ( 'NONE',  ( 8.250000000000000000, -3.399999999999999911, 0.2500000000000002220 ) ) ;
#1306 =( GEOMETRIC_REPRESENTATION_CONTEXT ( 3 ) GLOBAL_UNCERTAINTY_ASSIGNED_CONTEXT ( ( #5621 ) ) GLOBAL_UNIT_ASSIGNED_CONTEXT ( ( #1925, #5793, #8110 ) ) REPRESENTATION_CONTEXT ( 'NONE', 'WORKASPACE' ) );
#1307 = MECHANICAL_DESIGN_GEOMETRIC_PRESENTATION_REPRESENTATION (  '', ( #3493 ), #7440 ) ;
#1308 = VECTOR ( 'NONE', #1882, 1000.000000000000000 ) ;
#1309 = VERTEX_POINT ( 'NONE', #6714 ) ;
#1310 =( NAMED_UNIT ( * ) PLANE_ANGLE_UNIT ( ) SI_UNIT ( $, .RADIAN. ) );
#1311 = CARTESIAN_POINT ( 'NONE',  ( -1.950000000000000178, -3.399999999999999911, -0.1500000000000021316 ) ) ;
#1312 = FILL_AREA_STYLE_COLOUR ( '', #8690 ) ;
#1313 = UNCERTAINTY_MEASURE_WITH_UNIT (LENGTH_MEASURE( 1.000000000000000082E-05 ), #2877, 'distance_accuracy_value', 'NONE');
#1314 = ORIENTED_EDGE ( 'NONE', *, *, #8740, .F. ) ;
#1315 = EDGE_CURVE ( 'NONE', #5677, #217, #9884, .T. ) ;
#1316 = COLOUR_RGB ( '',1.000000000000000000, 0.8117647058823529438, 0.5019607843137254832 ) ;
#1317 = STYLED_ITEM ( 'NONE', ( #7383 ), #4556 ) ;
#1318 = MECHANICAL_DESIGN_GEOMETRIC_PRESENTATION_REPRESENTATION (  '', ( #3503 ), #5350 ) ;
#1319 = SURFACE_STYLE_FILL_AREA ( #6122 ) ;
#1320 =( NAMED_UNIT ( * ) SI_UNIT ( $, .STERADIAN. ) SOLID_ANGLE_UNIT ( ) );
#1321 = ORIENTED_EDGE ( 'NONE', *, *, #5132, .F. ) ;
#1322 = SURFACE_STYLE_USAGE ( .BOTH. , #4560 ) ;
#1323 = DIRECTION ( 'NONE',  ( -1.000000000000000000, -0.0000000000000000000, -0.0000000000000000000 ) ) ;
#1324 = DIRECTION ( 'NONE',  ( -0.0000000000000000000, -0.0000000000000000000, 1.000000000000000000 ) ) ;
#1325 = VECTOR ( 'NONE', #4670, 1000.000000000000000 ) ;
#1326 = VECTOR ( 'NONE', #9910, 1000.000000000000000 ) ;
#1327 = LINE ( 'NONE', #4620, #7700 ) ;
#1328 = AXIS2_PLACEMENT_3D ( 'NONE', #1621, #4807, #7162 ) ;
#1329 = ORIENTED_EDGE ( 'NONE', *, *, #7112, .T. ) ;
#1330 = FILL_AREA_STYLE_COLOUR ( '', #543 ) ;
#1331 = CARTESIAN_POINT ( 'NONE',  ( 11.75000000000000000, 4.999999999999997335, 0.2500000000000002220 ) ) ;
#1332 =( NAMED_UNIT ( * ) PLANE_ANGLE_UNIT ( ) SI_UNIT ( $, .RADIAN. ) );
#1333 = EDGE_LOOP ( 'NONE', ( #8763, #9010, #9413, #2072 ) ) ;
#1334 = ORIENTED_EDGE ( 'NONE', *, *, #4127, .F. ) ;
#1335 = LINE ( 'NONE', #1496, #2136 ) ;
#1336 = ORIENTED_EDGE ( 'NONE', *, *, #371, .T. ) ;
#1337 = VECTOR ( 'NONE', #10226, 1000.000000000000000 ) ;
#1338 = FILL_AREA_STYLE ('',( #6886 ) ) ;
#1339 =( GEOMETRIC_REPRESENTATION_CONTEXT ( 3 ) GLOBAL_UNCERTAINTY_ASSIGNED_CONTEXT ( ( #7796 ) ) GLOBAL_UNIT_ASSIGNED_CONTEXT ( ( #6894, #10092, #1511 ) ) REPRESENTATION_CONTEXT ( 'NONE', 'WORKASPACE' ) );
#1340 = SURFACE_SIDE_STYLE ('',( #7620 ) ) ;
#1341 = FACE_OUTER_BOUND ( 'NONE', #7765, .T. ) ;
#1342 = ORIENTED_EDGE ( 'NONE', *, *, #9939, .F. ) ;
#1343 = SURFACE_SIDE_STYLE ('',( #3019 ) ) ;
#1344 = ORIENTED_EDGE ( 'NONE', *, *, #9640, .F. ) ;
#1345 = CARTESIAN_POINT ( 'NONE',  ( 2.250000000000000000, -3.399999999999999911, 0.2500000000000002220 ) ) ;
#1346 = DIRECTION ( 'NONE',  ( 1.000000000000000000, 0.0000000000000000000, 0.0000000000000000000 ) ) ;
#1347 = CARTESIAN_POINT ( 'NONE',  ( 8.250000000000000000, -3.299999999999998490, 0.2500000000000002220 ) ) ;
#1348 = DIRECTION ( 'NONE',  ( 0.0000000000000000000, 1.000000000000000000, -5.782411586589358625E-16 ) ) ;
#1349 = VERTEX_POINT ( 'NONE', #2044 ) ;
#1350 =( NAMED_UNIT ( * ) SI_UNIT ( $, .STERADIAN. ) SOLID_ANGLE_UNIT ( ) );
#1351 = VECTOR ( 'NONE', #7305, 1000.000000000000000 ) ;
#1352 =( LENGTH_UNIT ( ) NAMED_UNIT ( * ) SI_UNIT ( .MILLI., .METRE. ) );
#1353 = FILL_AREA_STYLE_COLOUR ( '', #8430 ) ;
#1354 =( NAMED_UNIT ( * ) PLANE_ANGLE_UNIT ( ) SI_UNIT ( $, .RADIAN. ) );
#1355 = ORIENTED_EDGE ( 'NONE', *, *, #10142, .T. ) ;
#1356 = VECTOR ( 'NONE', #7479, 1000.000000000000000 ) ;
#1357 = FILL_AREA_STYLE_COLOUR ( '', #1232 ) ;
#1358 = EDGE_CURVE ( 'NONE', #2239, #794, #5961, .T. ) ;
#1359 = ORIENTED_EDGE ( 'NONE', *, *, #5132, .T. ) ;
#1360 = FACE_OUTER_BOUND ( 'NONE', #3336, .T. ) ;
#1361 = ORIENTED_EDGE ( 'NONE', *, *, #8773, .F. ) ;
#1362 = FILL_AREA_STYLE_COLOUR ( '', #8179 ) ;
#1363 = UNCERTAINTY_MEASURE_WITH_UNIT (LENGTH_MEASURE( 1.000000000000000082E-05 ), #4402, 'distance_accuracy_value', 'NONE');
#1364 = DIRECTION ( 'NONE',  ( 1.000000000000000000, 0.0000000000000000000, -2.581433744013106177E-17 ) ) ;
#1365 = CARTESIAN_POINT ( 'NONE',  ( -0.7000000000000002887, 0.2000000000000000389, -0.2499999999999997780 ) ) ;
#1366 = ADVANCED_FACE ( 'NONE', ( #2307 ), #1254, .T. ) ;
#1367 = PRESENTATION_LAYER_ASSIGNMENT (  '', '', ( #2032 ) ) ;
#1368 = EDGE_CURVE ( 'NONE', #4933, #1581, #10245, .T. ) ;
#1369 = FACE_BOUND ( 'NONE', #7476, .T. ) ;
#1370 = SURFACE_STYLE_USAGE ( .BOTH. , #9883 ) ;
#1371 = CARTESIAN_POINT ( 'NONE',  ( 9.750000000000000000, -3.399999999999999911, -0.2499999999999997780 ) ) ;
#1372 = DIRECTION ( 'NONE',  ( 0.0000000000000000000, -0.0000000000000000000, 1.000000000000000000 ) ) ;
#1373 = ORIENTED_EDGE ( 'NONE', *, *, #7018, .T. ) ;
#1374 = VERTEX_POINT ( 'NONE', #2473 ) ;
#1375 = SURFACE_SIDE_STYLE ('',( #6869 ) ) ;
#1376 = COLOUR_RGB ( '',1.000000000000000000, 0.8117647058823529438, 0.5019607843137254832 ) ;
#1377 = VECTOR ( 'NONE', #2595, 1000.000000000000000 ) ;
#1378 = FACE_OUTER_BOUND ( 'NONE', #5056, .T. ) ;
#1379 = PRESENTATION_STYLE_ASSIGNMENT (( #8490 ) ) ;
#1380 = PRESENTATION_STYLE_ASSIGNMENT (( #6833 ) ) ;
#1381 = MECHANICAL_DESIGN_GEOMETRIC_PRESENTATION_REPRESENTATION (  '', ( #5229 ), #6686 ) ;
#1382 = ADVANCED_FACE ( 'NONE', ( #9478 ), #8685, .F. ) ;
#1383 = ORIENTED_EDGE ( 'NONE', *, *, #9006, .T. ) ;
#1384 = PLANE ( 'NONE',  #3677 ) ;
#1385 = CARTESIAN_POINT ( 'NONE',  ( 7.750000000000000000, 4.999999999999997335, 0.2500000000000002220 ) ) ;
#1386 = CARTESIAN_POINT ( 'NONE',  ( 8.699999999999999289, 0.0000000000000000000, 1.700000000000000178 ) ) ;
#1387 = UNCERTAINTY_MEASURE_WITH_UNIT (LENGTH_MEASURE( 1.000000000000000082E-05 ), #6383, 'distance_accuracy_value', 'NONE');
#1388 = VECTOR ( 'NONE', #9447, 1000.000000000000000 ) ;
#1389 = CARTESIAN_POINT ( 'NONE',  ( 11.75000000000000000, 4.999999999999997335, -0.2499999999999997780 ) ) ;
#1390 = DIRECTION ( 'NONE',  ( -1.000000000000000000, 5.421010862427522170E-17, 0.0000000000000000000 ) ) ;
#1391 = ORIENTED_EDGE ( 'NONE', *, *, #10082, .T. ) ;
#1392 = ORIENTED_EDGE ( 'NONE', *, *, #4486, .F. ) ;
#1393 = CARTESIAN_POINT ( 'NONE',  ( 13.95000000000000107, 0.0000000000000000000, -2.800000000000000711 ) ) ;
#1394 = MECHANICAL_DESIGN_GEOMETRIC_PRESENTATION_REPRESENTATION (  '', ( #7354 ), #2561 ) ;
#1395 = LINE ( 'NONE', #3015, #9311 ) ;
#1396 = ORIENTED_EDGE ( 'NONE', *, *, #7130, .F. ) ;
#1397 =( NAMED_UNIT ( * ) SI_UNIT ( $, .STERADIAN. ) SOLID_ANGLE_UNIT ( ) );
#1398 =( NAMED_UNIT ( * ) PLANE_ANGLE_UNIT ( ) SI_UNIT ( $, .RADIAN. ) );
#1399 =( GEOMETRIC_REPRESENTATION_CONTEXT ( 3 ) GLOBAL_UNCERTAINTY_ASSIGNED_CONTEXT ( ( #8711 ) ) GLOBAL_UNIT_ASSIGNED_CONTEXT ( ( #6189, #8511, #4632 ) ) REPRESENTATION_CONTEXT ( 'NONE', 'WORKASPACE' ) );
#1400 = PLANE ( 'NONE',  #9017 ) ;
#1401 = CARTESIAN_POINT ( 'NONE',  ( -0.2200000000000003619, 4.229999999999999538, 1.700000000000000178 ) ) ;
#1402 = LINE ( 'NONE', #2972, #4876 ) ;
#1403 = ORIENTED_EDGE ( 'NONE', *, *, #8483, .T. ) ;
#1404 = SURFACE_STYLE_FILL_AREA ( #3762 ) ;
#1405 = DIRECTION ( 'NONE',  ( 0.0000000000000000000, -0.0000000000000000000, 1.000000000000000000 ) ) ;
#1406 = AXIS2_PLACEMENT_3D ( 'NONE', #1893, #5863, #5715 ) ;
#1407 = DIRECTION ( 'NONE',  ( -1.000000000000000000, 1.084202172485504237E-15, 0.0000000000000000000 ) ) ;
#1408 =( GEOMETRIC_REPRESENTATION_CONTEXT ( 3 ) GLOBAL_UNCERTAINTY_ASSIGNED_CONTEXT ( ( #5568 ) ) GLOBAL_UNIT_ASSIGNED_CONTEXT ( ( #8601, #1487, #4042 ) ) REPRESENTATION_CONTEXT ( 'NONE', 'WORKASPACE' ) );
#1409 = UNCERTAINTY_MEASURE_WITH_UNIT (LENGTH_MEASURE( 1.000000000000000082E-05 ), #1027, 'distance_accuracy_value', 'NONE');
#1410 = CARTESIAN_POINT ( 'NONE',  ( 3.250000000000000888, 3.399999999999999467, -2.350000000000001421 ) ) ;
#1411 = ORIENTED_EDGE ( 'NONE', *, *, #8567, .F. ) ;
#1412 = CARTESIAN_POINT ( 'NONE',  ( 12.14999999999999680, 5.100000000000001421, -2.800000000000000266 ) ) ;
#1413 = SURFACE_SIDE_STYLE ('',( #3921 ) ) ;
#1414 = FACE_BOUND ( 'NONE', #5657, .T. ) ;
#1415 = VECTOR ( 'NONE', #1921, 1000.000000000000000 ) ;
#1416 = SURFACE_STYLE_FILL_AREA ( #5603 ) ;
#1417 = VECTOR ( 'NONE', #2886, 1000.000000000000000 ) ;
#1418 = EDGE_LOOP ( 'NONE', ( #2474, #3645, #1877, #7660 ) ) ;
#1419 = EDGE_CURVE ( 'NONE', #4525, #1309, #6515, .T. ) ;
#1420 = VECTOR ( 'NONE', #4877, 1000.000000000000000 ) ;
#1421 = VECTOR ( 'NONE', #2500, 1000.000000000000000 ) ;
#1422 = CARTESIAN_POINT ( 'NONE',  ( 10.24999999999999822, 1.800000000000000044, -2.800000000000000266 ) ) ;
#1423 = VERTEX_POINT ( 'NONE', #7908 ) ;
#1424 = LINE ( 'NONE', #9885, #5751 ) ;
#1425 = DIRECTION ( 'NONE',  ( 0.0000000000000000000, 0.0000000000000000000, 1.000000000000000000 ) ) ;
#1426 = VERTEX_POINT ( 'NONE', #4758 ) ;
#1427 = MECHANICAL_DESIGN_GEOMETRIC_PRESENTATION_REPRESENTATION (  '', ( #102 ), #2263 ) ;
#1428 = VERTEX_POINT ( 'NONE', #4913 ) ;
#1429 = EDGE_CURVE ( 'NONE', #9952, #5279, #784, .T. ) ;
#1430 = EDGE_CURVE ( 'NONE', #2777, #4559, #7116, .T. ) ;
#1431 = ORIENTED_EDGE ( 'NONE', *, *, #6988, .T. ) ;
#1432 = PRESENTATION_STYLE_ASSIGNMENT (( #635 ) ) ;
#1433 = PLANE ( 'NONE',  #7195 ) ;
#1434 = CLOSED_SHELL ( 'NONE', ( #7786, #6589, #9113, #8191, #6292, #524, #3386, #4238, #2210, #8019, #8788, #4952, #9173, #10003, #1689, #4425, #9632, #5122, #6522, #8331, #6708, #4858, #909, #10181, #5949, #5133, #6032, #1492, #6210, #6269, #9863, #6184, #1366, #846, #7325, #7587, #1572, #407, #2046, #4874, #2852, #1074, #7467, #5628, #3287, #10259, #2785, #353, #551, #9807, #5653, #2904, #5013, #672, #5577, #7451, #7964, #1302, #7909, #5477, #3751, #7650, #6794, #731, #1382, #5351, #5541, #8653, #299, #619, #4711, #2060, #9254, #4681, #7887, #3735, #4892, #10260, #3368, #5094, #800, #2988, #390, #2224, #3030, #7142, #7385, #3646, #272, #2253, #343, #4212, #166, #8151, #3479, #8275, #5146, #9157, #5904, #3540, #4770, #3592, #5898, #1290, #92, #9253, #8210, #2723, #6764, #7824, #1103, #3765, #3853, #3911, #3095, #600, #8276, #2002, #1236, #3555, #321, #8374, #6896, #75, #5697, #9057, #952, #2641, #1771, #8919, #6868, #4995, #1117, #922, #9819, #9074, #6702, #5162, #7861, #2736, #5958, #6922, #9688, #7639, #878, #4335, #1537, #8853, #4762, #153, #9609, #5710, #5335, #1988, #9469, #7439, #3243, #8072, #8034, #8983, #9189, #2196, #6603, #4907, #6373, #9265, #9592, #8732, #6969, #1642, #122, #7269, #3527, #8552, #8262, #8221, #6545, #9104, #4625, #3877, #9046, #9689, #2477, #4521, #7079, #7243, #9500, #4120, #7698, #6588, #502, #7521, #5646, #7397, #5464, #237, #9697, #5305, #8731, #6389, #6700, #9329, #2313, #2584, #57, #7080, #4556, #3631, #8842, #4349, #3938, #2951, #8921, #7060, #5667, #2322, #5782, #5176, #3307, #4037, #215, #1950, #3925, #7336, #6242, #788, #2819, #9296, #8537, #3500, #175, #6454, #2708 ) ) ;
#1435 = AXIS2_PLACEMENT_3D ( 'NONE', #1291, #6802, #2874 ) ;
#1436 = MECHANICAL_DESIGN_GEOMETRIC_PRESENTATION_REPRESENTATION (  '', ( #3945 ), #774 ) ;
#1437 = VERTEX_POINT ( 'NONE', #9671 ) ;
#1438 =( NAMED_UNIT ( * ) SI_UNIT ( $, .STERADIAN. ) SOLID_ANGLE_UNIT ( ) );
#1439 = VECTOR ( 'NONE', #2205, 1000.000000000000000 ) ;
#1440 = DIRECTION ( 'NONE',  ( -5.421010862427522170E-17, -1.000000000000000000, 2.350988701644575016E-32 ) ) ;
#1441 = FILL_AREA_STYLE_COLOUR ( '', #6864 ) ;
#1442 = CARTESIAN_POINT ( 'NONE',  ( 3.750000000000000444, -3.399999999999999911, 0.2500000000000002220 ) ) ;
#1443 = FILL_AREA_STYLE ('',( #4508 ) ) ;
#1444 = ORIENTED_EDGE ( 'NONE', *, *, #4842, .T. ) ;
#1445 = VERTEX_POINT ( 'NONE', #3208 ) ;
#1446 = UNCERTAINTY_MEASURE_WITH_UNIT (LENGTH_MEASURE( 1.000000000000000082E-05 ), #9577, 'distance_accuracy_value', 'NONE');
#1447 = EDGE_CURVE ( 'NONE', #7097, #772, #6360, .T. ) ;
#1448 = DIRECTION ( 'NONE',  ( -1.000000000000000000, 0.0000000000000000000, 0.0000000000000000000 ) ) ;
#1449 = DIRECTION ( 'NONE',  ( -1.000000000000000000, 3.872150616019660190E-17, -0.0000000000000000000 ) ) ;
#1450 = VERTEX_POINT ( 'NONE', #3362 ) ;
#1451 = SURFACE_SIDE_STYLE ('',( #766 ) ) ;
#1452 = VERTEX_POINT ( 'NONE', #2557 ) ;
#1453 = CARTESIAN_POINT ( 'NONE',  ( 7.750000000000000000, 4.999999999999997335, 0.2500000000000002220 ) ) ;
#1454 = FACE_OUTER_BOUND ( 'NONE', #8831, .T. ) ;
#1455 = VERTEX_POINT ( 'NONE', #4027 ) ;
#1456 = DIRECTION ( 'NONE',  ( 1.000000000000000000, 0.0000000000000000000, 0.0000000000000000000 ) ) ;
#1457 = CARTESIAN_POINT ( 'NONE',  ( 9.299999999999998934, 0.2000000000000000389, -2.800000000000000266 ) ) ;
#1458 = FACE_OUTER_BOUND ( 'NONE', #3630, .T. ) ;
#1459 = VERTEX_POINT ( 'NONE', #3262 ) ;
#1460 = FACE_OUTER_BOUND ( 'NONE', #8205, .T. ) ;
#1461 =( NAMED_UNIT ( * ) SI_UNIT ( $, .STERADIAN. ) SOLID_ANGLE_UNIT ( ) );
#1462 = UNCERTAINTY_MEASURE_WITH_UNIT (LENGTH_MEASURE( 1.000000000000000082E-05 ), #2718, 'distance_accuracy_value', 'NONE');
#1463 = EDGE_CURVE ( 'NONE', #5623, #7284, #5645, .T. ) ;
#1464 = SURFACE_STYLE_FILL_AREA ( #7849 ) ;
#1465 = LINE ( 'NONE', #3974, #2008 ) ;
#1466 = ORIENTED_EDGE ( 'NONE', *, *, #2476, .F. ) ;
#1467 = ORIENTED_EDGE ( 'NONE', *, *, #2798, .F. ) ;
#1468 = DIRECTION ( 'NONE',  ( 0.5773502691896206240, -0.5773502691896306160, 0.5773502691896261751 ) ) ;
#1469 = SURFACE_SIDE_STYLE ('',( #724 ) ) ;
#1470 = CARTESIAN_POINT ( 'NONE',  ( 3.749999999999998668, 1.800000000000000044, -2.800000000000002931 ) ) ;
#1471 = UNCERTAINTY_MEASURE_WITH_UNIT (LENGTH_MEASURE( 1.000000000000000082E-05 ), #6823, 'distance_accuracy_value', 'NONE');
#1472 = EDGE_CURVE ( 'NONE', #4924, #754, #1670, .T. ) ;
#1473 = DIRECTION ( 'NONE',  ( 0.0000000000000000000, -1.000000000000000000, 0.0000000000000000000 ) ) ;
#1474 = ORIENTED_EDGE ( 'NONE', *, *, #2484, .T. ) ;
#1475 =( NAMED_UNIT ( * ) PLANE_ANGLE_UNIT ( ) SI_UNIT ( $, .RADIAN. ) );
#1476 = LINE ( 'NONE', #4813, #1013 ) ;
#1477 = DIRECTION ( 'NONE',  ( -1.000000000000000000, 0.0000000000000000000, 1.540436225342582858E-17 ) ) ;
#1478 = COLOUR_RGB ( '',1.000000000000000000, 0.8117647058823529438, 0.5019607843137254832 ) ;
#1479 = ORIENTED_EDGE ( 'NONE', *, *, #3245, .T. ) ;
#1480 = ORIENTED_EDGE ( 'NONE', *, *, #8670, .F. ) ;
#1481 = SURFACE_STYLE_FILL_AREA ( #8599 ) ;
#1482 =( NAMED_UNIT ( * ) SI_UNIT ( $, .STERADIAN. ) SOLID_ANGLE_UNIT ( ) );
#1483 = ORIENTED_EDGE ( 'NONE', *, *, #8207, .T. ) ;
#1484 = VECTOR ( 'NONE', #8832, 1000.000000000000000 ) ;
#1485 = DIRECTION ( 'NONE',  ( -0.0000000000000000000, -0.0000000000000000000, -1.000000000000000000 ) ) ;
#1486 = COLOUR_RGB ( '',1.000000000000000000, 0.8117647058823529438, 0.5019607843137254832 ) ;
#1487 =( NAMED_UNIT ( * ) PLANE_ANGLE_UNIT ( ) SI_UNIT ( $, .RADIAN. ) );
#1488 = COLOUR_RGB ( '',1.000000000000000000, 0.8117647058823529438, 0.5019607843137254832 ) ;
#1489 = ORIENTED_EDGE ( 'NONE', *, *, #4279, .T. ) ;
#1490 = DIRECTION ( 'NONE',  ( 1.000000000000000000, -5.421010862427522170E-17, 0.0000000000000000000 ) ) ;
#1491 =( NAMED_UNIT ( * ) PLANE_ANGLE_UNIT ( ) SI_UNIT ( $, .RADIAN. ) );
#1492 = ADVANCED_FACE ( 'NONE', ( #8005 ), #889, .F. ) ;
#1493 = PRESENTATION_STYLE_ASSIGNMENT (( #9244 ) ) ;
#1494 = EDGE_CURVE ( 'NONE', #4278, #8638, #3546, .T. ) ;
#1495 = VECTOR ( 'NONE', #1745, 1000.000000000000000 ) ;
#1496 = CARTESIAN_POINT ( 'NONE',  ( 4.149999999999997691, 5.100000000000001421, -2.800000000000000266 ) ) ;
#1497 = VERTEX_POINT ( 'NONE', #9767 ) ;
#1498 = DIRECTION ( 'NONE',  ( 4.336808689942017736E-16, 0.0000000000000000000, 1.000000000000000000 ) ) ;
#1499 = SURFACE_SIDE_STYLE ('',( #2345 ) ) ;
#1500 =( GEOMETRIC_REPRESENTATION_CONTEXT ( 3 ) GLOBAL_UNCERTAINTY_ASSIGNED_CONTEXT ( ( #6349 ) ) GLOBAL_UNIT_ASSIGNED_CONTEXT ( ( #4539, #5348, #2882 ) ) REPRESENTATION_CONTEXT ( 'NONE', 'WORKASPACE' ) );
#1501 = CARTESIAN_POINT ( 'NONE',  ( 10.24999999999999822, 0.2000000000000000111, 0.2500000000000002220 ) ) ;
#1502 = ORIENTED_EDGE ( 'NONE', *, *, #4151, .T. ) ;
#1503 = DIRECTION ( 'NONE',  ( -1.084202172485504237E-15, -1.000000000000000000, 0.0000000000000000000 ) ) ;
#1504 = SURFACE_STYLE_USAGE ( .BOTH. , #8407 ) ;
#1505 = EDGE_CURVE ( 'NONE', #640, #9963, #8250, .T. ) ;
#1506 = FACE_BOUND ( 'NONE', #1639, .T. ) ;
#1507 = EDGE_CURVE ( 'NONE', #2859, #5630, #5221, .T. ) ;
#1508 = LINE ( 'NONE', #9518, #8290 ) ;
#1509 = CARTESIAN_POINT ( 'NONE',  ( -1.350000000000000089, 6.000000000000000000, 1.599999999999997202 ) ) ;
#1510 = EDGE_LOOP ( 'NONE', ( #9422, #9700, #2956, #9996 ) ) ;
#1511 =( NAMED_UNIT ( * ) SI_UNIT ( $, .STERADIAN. ) SOLID_ANGLE_UNIT ( ) );
#1512 = MECHANICAL_DESIGN_GEOMETRIC_PRESENTATION_REPRESENTATION (  '', ( #6807 ), #7299 ) ;
#1513 = FACE_OUTER_BOUND ( 'NONE', #4460, .T. ) ;
#1514 = PRESENTATION_LAYER_ASSIGNMENT (  '', '', ( #332 ) ) ;
#1515 = CARTESIAN_POINT ( 'NONE',  ( 4.149999999999999467, -3.399999999999999911, -0.1499999999999986622 ) ) ;
#1516 = CARTESIAN_POINT ( 'NONE',  ( -1.951000000000000956, 4.500000000000000888, -0.1800000000000009093 ) ) ;
#1517 = DIRECTION ( 'NONE',  ( 1.000000000000000000, -5.421010862427522170E-17, 0.0000000000000000000 ) ) ;
#1518 = EDGE_LOOP ( 'NONE', ( #2615, #2635, #5579, #6368 ) ) ;
#1519 = CARTESIAN_POINT ( 'NONE',  ( 10.24999999999999822, -3.399999999999999911, 0.2500000000000002220 ) ) ;
#1520 = PRESENTATION_STYLE_ASSIGNMENT (( #5598 ) ) ;
#1521 = FILL_AREA_STYLE ('',( #7800 ) ) ;
#1522 = EDGE_CURVE ( 'NONE', #1455, #1186, #2770, .T. ) ;
#1523 = SURFACE_STYLE_USAGE ( .BOTH. , #1413 ) ;
#1524 = FACE_OUTER_BOUND ( 'NONE', #5540, .T. ) ;
#1525 =( GEOMETRIC_REPRESENTATION_CONTEXT ( 3 ) GLOBAL_UNCERTAINTY_ASSIGNED_CONTEXT ( ( #2158 ) ) GLOBAL_UNIT_ASSIGNED_CONTEXT ( ( #5023, #4128, #3372 ) ) REPRESENTATION_CONTEXT ( 'NONE', 'WORKASPACE' ) );
#1526 = PRESENTATION_STYLE_ASSIGNMENT (( #3263 ) ) ;
#1527 = SURFACE_STYLE_USAGE ( .BOTH. , #8646 ) ;
#1528 = MECHANICAL_DESIGN_GEOMETRIC_PRESENTATION_REPRESENTATION (  '', ( #8661 ), #3526 ) ;
#1529 =( GEOMETRIC_REPRESENTATION_CONTEXT ( 3 ) GLOBAL_UNCERTAINTY_ASSIGNED_CONTEXT ( ( #585 ) ) GLOBAL_UNIT_ASSIGNED_CONTEXT ( ( #6270, #4766, #8945 ) ) REPRESENTATION_CONTEXT ( 'NONE', 'WORKASPACE' ) );
#1530 = DIRECTION ( 'NONE',  ( -4.336808689942017736E-16, 0.0000000000000000000, -1.000000000000000000 ) ) ;
#1531 =( NAMED_UNIT ( * ) SI_UNIT ( $, .STERADIAN. ) SOLID_ANGLE_UNIT ( ) );
#1532 = FILL_AREA_STYLE_COLOUR ( '', #938 ) ;
#1533 = CARTESIAN_POINT ( 'NONE',  ( 4.250000000000000000, -3.299999999999998490, -0.2499999999999997780 ) ) ;
#1534 =( LENGTH_UNIT ( ) NAMED_UNIT ( * ) SI_UNIT ( .MILLI., .METRE. ) );
#1535 = LINE ( 'NONE', #3106, #7381 ) ;
#1536 = CARTESIAN_POINT ( 'NONE',  ( 4.083333333333334814, 5.166666666666666075, -0.08333333333333282911 ) ) ;
#1537 = ADVANCED_FACE ( 'NONE', ( #1032 ), #9152, .F. ) ;
#1538 = ORIENTED_EDGE ( 'NONE', *, *, #9282, .T. ) ;
#1539 =( LENGTH_UNIT ( ) NAMED_UNIT ( * ) SI_UNIT ( .MILLI., .METRE. ) );
#1540 = CARTESIAN_POINT ( 'NONE',  ( 4.049999999999999822, -3.399999999999999911, -0.1499999999999986622 ) ) ;
#1541 = UNCERTAINTY_MEASURE_WITH_UNIT (LENGTH_MEASURE( 1.000000000000000082E-05 ), #7367, 'distance_accuracy_value', 'NONE');
#1542 = FACE_OUTER_BOUND ( 'NONE', #8676, .T. ) ;
#1543 = ORIENTED_EDGE ( 'NONE', *, *, #5764, .T. ) ;
#1544 =( GEOMETRIC_REPRESENTATION_CONTEXT ( 3 ) GLOBAL_UNCERTAINTY_ASSIGNED_CONTEXT ( ( #2608 ) ) GLOBAL_UNIT_ASSIGNED_CONTEXT ( ( #8071, #9639, #898 ) ) REPRESENTATION_CONTEXT ( 'NONE', 'WORKASPACE' ) );
#1545 = DIRECTION ( 'NONE',  ( 1.000000000000000000, 0.0000000000000000000, -0.0000000000000000000 ) ) ;
#1546 = ORIENTED_EDGE ( 'NONE', *, *, #5210, .F. ) ;
#1547 = UNCERTAINTY_MEASURE_WITH_UNIT (LENGTH_MEASURE( 1.000000000000000082E-05 ), #8495, 'distance_accuracy_value', 'NONE');
#1548 = CARTESIAN_POINT ( 'NONE',  ( 6.749999999999999112, 3.399999999999999467, -2.050000000000001599 ) ) ;
#1549 = SURFACE_STYLE_FILL_AREA ( #2228 ) ;
#1550 = EDGE_CURVE ( 'NONE', #6511, #8189, #7315, .T. ) ;
#1551 = STYLED_ITEM ( 'NONE', ( #9044 ), #6702 ) ;
#1552 = DIRECTION ( 'NONE',  ( -1.000000000000000000, 0.0000000000000000000, 0.0000000000000000000 ) ) ;
#1553 = DIRECTION ( 'NONE',  ( -3.872150616019660190E-17, -1.000000000000000000, 0.0000000000000000000 ) ) ;
#1554 = LINE ( 'NONE', #865, #4259 ) ;
#1555 = FACE_OUTER_BOUND ( 'NONE', #3614, .T. ) ;
#1556 = ORIENTED_EDGE ( 'NONE', *, *, #6279, .T. ) ;
#1557 = DIRECTION ( 'NONE',  ( 1.000000000000000000, 1.772909212869378689E-16, -0.0000000000000000000 ) ) ;
#1558 = DIRECTION ( 'NONE',  ( 1.927470528863119542E-16, -1.000000000000000000, 0.0000000000000000000 ) ) ;
#1559 = ORIENTED_EDGE ( 'NONE', *, *, #1744, .F. ) ;
#1560 = SURFACE_STYLE_FILL_AREA ( #10236 ) ;
#1561 = UNCERTAINTY_MEASURE_WITH_UNIT (LENGTH_MEASURE( 1.000000000000000082E-05 ), #485, 'distance_accuracy_value', 'NONE');
#1562 = VECTOR ( 'NONE', #9832, 1000.000000000000000 ) ;
#1563 = SURFACE_SIDE_STYLE ('',( #718 ) ) ;
#1564 = EDGE_CURVE ( 'NONE', #1426, #7960, #6564, .T. ) ;
#1565 = EDGE_CURVE ( 'NONE', #3491, #8509, #5789, .T. ) ;
#1566 =( GEOMETRIC_REPRESENTATION_CONTEXT ( 3 ) GLOBAL_UNCERTAINTY_ASSIGNED_CONTEXT ( ( #1446 ) ) GLOBAL_UNIT_ASSIGNED_CONTEXT ( ( #9577, #1717, #8772 ) ) REPRESENTATION_CONTEXT ( 'NONE', 'WORKASPACE' ) );
#1567 = PLANE ( 'NONE',  #4602 ) ;
#1568 = CARTESIAN_POINT ( 'NONE',  ( 11.75000000000000000, -3.399999999999999911, 0.2500000000000002220 ) ) ;
#1569 = DIRECTION ( 'NONE',  ( -1.000000000000000000, 0.0000000000000000000, 0.0000000000000000000 ) ) ;
#1570 = CARTESIAN_POINT ( 'NONE',  ( -1.951000000000000956, 6.000000000000000000, -0.6800000000000013811 ) ) ;
#1571 = VECTOR ( 'NONE', #285, 1000.000000000000000 ) ;
#1572 = ADVANCED_FACE ( 'NONE', ( #2971 ), #9350, .F. ) ;
#1573 = MECHANICAL_DESIGN_GEOMETRIC_PRESENTATION_REPRESENTATION (  '', ( #2908 ), #572 ) ;
#1574 = STYLED_ITEM ( 'NONE', ( #1147 ), #7639 ) ;
#1575 =( NAMED_UNIT ( * ) PLANE_ANGLE_UNIT ( ) SI_UNIT ( $, .RADIAN. ) );
#1576 = DIRECTION ( 'NONE',  ( -1.000000000000000000, 3.872150616019660190E-17, 0.0000000000000000000 ) ) ;
#1577 = SURFACE_SIDE_STYLE ('',( #685 ) ) ;
#1578 = SURFACE_STYLE_USAGE ( .BOTH. , #3100 ) ;
#1579 = VERTEX_POINT ( 'NONE', #4523 ) ;
#1580 = LINE ( 'NONE', #7971, #3672 ) ;
#1581 = VERTEX_POINT ( 'NONE', #1347 ) ;
#1582 = DIRECTION ( 'NONE',  ( -1.084202172485504237E-15, -1.000000000000000000, 0.0000000000000000000 ) ) ;
#1583 = CARTESIAN_POINT ( 'NONE',  ( 9.750000000000000000, -3.399999999999999911, 0.2500000000000002220 ) ) ;
#1584 = STYLED_ITEM ( 'NONE', ( #6227 ), #1117 ) ;
#1585 = CARTESIAN_POINT ( 'NONE',  ( 0.05000000000000012768, 5.100000000000001421, -2.800000000000000266 ) ) ;
#1586 = ORIENTED_EDGE ( 'NONE', *, *, #7489, .F. ) ;
#1587 = UNCERTAINTY_MEASURE_WITH_UNIT (LENGTH_MEASURE( 1.000000000000000082E-05 ), #274, 'distance_accuracy_value', 'NONE');
#1588 = DIRECTION ( 'NONE',  ( 0.0000000000000000000, -0.0000000000000000000, 1.000000000000000000 ) ) ;
#1589 = ORIENTED_EDGE ( 'NONE', *, *, #781, .T. ) ;
#1590 = PRESENTATION_LAYER_ASSIGNMENT (  '', '', ( #6722 ) ) ;
#1591 = FACE_OUTER_BOUND ( 'NONE', #5371, .T. ) ;
#1592 = LINE ( 'NONE', #5031, #7028 ) ;
#1593 = EDGE_CURVE ( 'NONE', #7334, #4897, #5277, .T. ) ;
#1594 = LINE ( 'NONE', #5674, #1654 ) ;
#1595 = VECTOR ( 'NONE', #4918, 1000.000000000000000 ) ;
#1596 = MECHANICAL_DESIGN_GEOMETRIC_PRESENTATION_REPRESENTATION (  '', ( #263 ), #6726 ) ;
#1597 = DIRECTION ( 'NONE',  ( -5.421010862427522170E-17, -1.000000000000000000, 2.350988701644575016E-32 ) ) ;
#1598 = STYLED_ITEM ( 'NONE', ( #6318 ), #9469 ) ;
#1599 = LINE ( 'NONE', #7776, #1337 ) ;
#1600 = CARTESIAN_POINT ( 'NONE',  ( 9.250000000000001776, 3.399999999999999467, -2.050000000000001599 ) ) ;
#1601 = SURFACE_SIDE_STYLE ('',( #6341 ) ) ;
#1602 =( NAMED_UNIT ( * ) SI_UNIT ( $, .STERADIAN. ) SOLID_ANGLE_UNIT ( ) );
#1603 = LINE ( 'NONE', #5584, #1093 ) ;
#1604 = SURFACE_STYLE_FILL_AREA ( #4740 ) ;
#1605 = CARTESIAN_POINT ( 'NONE',  ( 9.250000000000001776, 3.149999999999995470, -2.050000000000001599 ) ) ;
#1606 = PRESENTATION_LAYER_ASSIGNMENT (  '', '', ( #6100 ) ) ;
#1607 = FACE_OUTER_BOUND ( 'NONE', #5484, .T. ) ;
#1608 = VECTOR ( 'NONE', #3766, 1000.000000000000000 ) ;
#1609 =( NAMED_UNIT ( * ) SI_UNIT ( $, .STERADIAN. ) SOLID_ANGLE_UNIT ( ) );
#1610 = FILL_AREA_STYLE_COLOUR ( '', #10234 ) ;
#1611 = CARTESIAN_POINT ( 'NONE',  ( 5.166666666666665186, -4.383333333333332860, -0.8333333333333330373 ) ) ;
#1612 = AXIS2_PLACEMENT_3D ( 'NONE', #1345, #451, #5992 ) ;
#1613 = ORIENTED_EDGE ( 'NONE', *, *, #5213, .F. ) ;
#1614 = FILL_AREA_STYLE_COLOUR ( '', #6910 ) ;
#1615 = DIRECTION ( 'NONE',  ( 0.5773502691896259531, 0.5773502691896259531, 0.5773502691896255090 ) ) ;
#1616 = SURFACE_SIDE_STYLE ('',( #6357 ) ) ;
#1617 = FILL_AREA_STYLE_COLOUR ( '', #2711 ) ;
#1618 = CARTESIAN_POINT ( 'NONE',  ( 11.25000000000000000, 3.399999999999998579, -2.350000000000001865 ) ) ;
#1619 = FILL_AREA_STYLE_COLOUR ( '', #3753 ) ;
#1620 = EDGE_CURVE ( 'NONE', #4464, #9881, #7788, .T. ) ;
#1621 = CARTESIAN_POINT ( 'NONE',  ( 0.2499999999999997780, -3.399999999999999911, 0.2500000000000002220 ) ) ;
#1622 = EDGE_CURVE ( 'NONE', #1428, #2685, #5383, .T. ) ;
#1623 = SURFACE_STYLE_FILL_AREA ( #786 ) ;
#1624 = CARTESIAN_POINT ( 'NONE',  ( -1.350000000000000089, 5.650000000000003908, 0.3199999999999999512 ) ) ;
#1625 = CARTESIAN_POINT ( 'NONE',  ( -0.2500000000000002220, -3.399999999999999911, 0.1500000000000025757 ) ) ;
#1626 = SURFACE_SIDE_STYLE ('',( #3161 ) ) ;
#1627 = DIRECTION ( 'NONE',  ( 0.5773502691896239547, -0.5773502691896289507, 0.5773502691896243988 ) ) ;
#1628 = EDGE_CURVE ( 'NONE', #8749, #2216, #8454, .T. ) ;
#1629 = ORIENTED_EDGE ( 'NONE', *, *, #5528, .F. ) ;
#1630 = PRESENTATION_LAYER_ASSIGNMENT (  '', '', ( #4461 ) ) ;
#1631 = MECHANICAL_DESIGN_GEOMETRIC_PRESENTATION_REPRESENTATION (  '', ( #955 ), #298 ) ;
#1632 = DIRECTION ( 'NONE',  ( 0.0000000000000000000, -1.000000000000000000, 0.0000000000000000000 ) ) ;
#1633 = VECTOR ( 'NONE', #7721, 1000.000000000000000 ) ;
#1634 = COLOUR_RGB ( '',1.000000000000000000, 1.000000000000000000, 1.000000000000000000 ) ;
#1635 = CARTESIAN_POINT ( 'NONE',  ( -1.949999999999999956, 1.800000000000000044, -0.2499999999999997780 ) ) ;
#1636 = CARTESIAN_POINT ( 'NONE',  ( 0.6999999999999992895, 0.1999999999999999833, 1.700000000000000178 ) ) ;
#1637 = DIRECTION ( 'NONE',  ( 1.000000000000000000, -5.421010862427522170E-17, 0.0000000000000000000 ) ) ;
#1638 = UNCERTAINTY_MEASURE_WITH_UNIT (LENGTH_MEASURE( 1.000000000000000082E-05 ), #849, 'distance_accuracy_value', 'NONE');
#1639 = EDGE_LOOP ( 'NONE', ( #9685, #3761, #8285, #3946 ) ) ;
#1640 = LINE ( 'NONE', #8665, #7173 ) ;
#1641 = ORIENTED_EDGE ( 'NONE', *, *, #10196, .F. ) ;
#1642 = ADVANCED_FACE ( 'NONE', ( #6244 ), #7627, .F. ) ;
#1643 = ORIENTED_EDGE ( 'NONE', *, *, #2724, .F. ) ;
#1644 = DIRECTION ( 'NONE',  ( 1.927470528863119542E-16, -1.000000000000000000, 0.0000000000000000000 ) ) ;
#1645 = ORIENTED_EDGE ( 'NONE', *, *, #4399, .F. ) ;
#1646 = PRESENTATION_LAYER_ASSIGNMENT (  '', '', ( #1128 ) ) ;
#1647 = LINE ( 'NONE', #3237, #4658 ) ;
#1648 = ORIENTED_EDGE ( 'NONE', *, *, #5819, .T. ) ;
#1649 = CARTESIAN_POINT ( 'NONE',  ( 8.250000000000000000, -3.399999999999999911, -0.1499999999999986622 ) ) ;
#1650 = LINE ( 'NONE', #2592, #2443 ) ;
#1651 = SURFACE_STYLE_FILL_AREA ( #8758 ) ;
#1652 = PRESENTATION_LAYER_ASSIGNMENT (  '', '', ( #4485 ) ) ;
#1653 =( NAMED_UNIT ( * ) PLANE_ANGLE_UNIT ( ) SI_UNIT ( $, .RADIAN. ) );
#1654 = VECTOR ( 'NONE', #140, 1000.000000000000000 ) ;
#1655 = ORIENTED_EDGE ( 'NONE', *, *, #6367, .F. ) ;
#1656 = DIRECTION ( 'NONE',  ( 0.0000000000000000000, 0.0000000000000000000, -1.000000000000000000 ) ) ;
#1657 =( NAMED_UNIT ( * ) SI_UNIT ( $, .STERADIAN. ) SOLID_ANGLE_UNIT ( ) );
#1658 = EDGE_LOOP ( 'NONE', ( #9838, #7480, #651, #3723 ) ) ;
#1659 = CARTESIAN_POINT ( 'NONE',  ( 9.850000000000003197, 5.100000000000001421, -0.1499999999999969136 ) ) ;
#1660 = VERTEX_POINT ( 'NONE', #8514 ) ;
#1661 =( LENGTH_UNIT ( ) NAMED_UNIT ( * ) SI_UNIT ( .MILLI., .METRE. ) );
#1662 = SURFACE_STYLE_FILL_AREA ( #3255 ) ;
#1663 = COLOUR_RGB ( '',1.000000000000000000, 1.000000000000000000, 1.000000000000000000 ) ;
#1664 = DIRECTION ( 'NONE',  ( 3.872150616019660190E-17, 1.000000000000000000, -0.0000000000000000000 ) ) ;
#1665 = VECTOR ( 'NONE', #7478, 1000.000000000000000 ) ;
#1666 = DIRECTION ( 'NONE',  ( -0.0000000000000000000, 1.000000000000000000, -0.0000000000000000000 ) ) ;
#1667 = ORIENTED_EDGE ( 'NONE', *, *, #5832, .F. ) ;
#1668 = DIRECTION ( 'NONE',  ( -1.000000000000000000, 0.0000000000000000000, 0.0000000000000000000 ) ) ;
#1669 = PLANE ( 'NONE',  #3957 ) ;
#1670 = LINE ( 'NONE', #4071, #6236 ) ;
#1671 =( GEOMETRIC_REPRESENTATION_CONTEXT ( 3 ) GLOBAL_UNCERTAINTY_ASSIGNED_CONTEXT ( ( #8723 ) ) GLOBAL_UNIT_ASSIGNED_CONTEXT ( ( #6658, #5995, #1350 ) ) REPRESENTATION_CONTEXT ( 'NONE', 'WORKASPACE' ) );
#1672 = FILL_AREA_STYLE ('',( #3415 ) ) ;
#1673 = ORIENTED_EDGE ( 'NONE', *, *, #6739, .F. ) ;
#1674 = ORIENTED_EDGE ( 'NONE', *, *, #5505, .T. ) ;
#1675 = SURFACE_STYLE_FILL_AREA ( #2364 ) ;
#1676 = FACE_OUTER_BOUND ( 'NONE', #2457, .T. ) ;
#1677 = VECTOR ( 'NONE', #5377, 1000.000000000000000 ) ;
#1678 = EDGE_CURVE ( 'NONE', #6779, #6330, #10088, .T. ) ;
#1679 = FACE_OUTER_BOUND ( 'NONE', #9125, .T. ) ;
#1680 = CARTESIAN_POINT ( 'NONE',  ( 5.299999999999998934, 0.2000000000000000389, 1.700000000000000178 ) ) ;
#1681 = FILL_AREA_STYLE_COLOUR ( '', #1486 ) ;
#1682 = LINE ( 'NONE', #792, #3045 ) ;
#1683 = CARTESIAN_POINT ( 'NONE',  ( 8.083333333333333925, 5.166666666666665186, 0.08333333333333413362 ) ) ;
#1684 = EDGE_LOOP ( 'NONE', ( #9415, #7125, #6662, #5366 ) ) ;
#1685 = ORIENTED_EDGE ( 'NONE', *, *, #3806, .T. ) ;
#1686 = LINE ( 'NONE', #30, #1420 ) ;
#1687 = CARTESIAN_POINT ( 'NONE',  ( -1.033333333333336101, -2.516666666666667052, -1.033333333333334325 ) ) ;
#1688 = EDGE_CURVE ( 'NONE', #6441, #9475, #8626, .T. ) ;
#1689 = ADVANCED_FACE ( 'NONE', ( #2505, #770 ), #8674, .F. ) ;
#1690 = PRESENTATION_STYLE_ASSIGNMENT (( #8698 ) ) ;
#1691 = DIRECTION ( 'NONE',  ( -0.0000000000000000000, -0.0000000000000000000, 1.000000000000000000 ) ) ;
#1692 = DIRECTION ( 'NONE',  ( -0.0000000000000000000, 1.000000000000000000, -0.0000000000000000000 ) ) ;
#1693 = ORIENTED_EDGE ( 'NONE', *, *, #198, .F. ) ;
#1694 = FILL_AREA_STYLE ('',( #3858 ) ) ;
#1695 = ORIENTED_EDGE ( 'NONE', *, *, #1919, .T. ) ;
#1696 = CARTESIAN_POINT ( 'NONE',  ( -0.1499999999999969136, 5.100000000000001421, 0.1499999999999973577 ) ) ;
#1697 = ORIENTED_EDGE ( 'NONE', *, *, #5069, .T. ) ;
#1698 =( GEOMETRIC_REPRESENTATION_CONTEXT ( 3 ) GLOBAL_UNCERTAINTY_ASSIGNED_CONTEXT ( ( #8557 ) ) GLOBAL_UNIT_ASSIGNED_CONTEXT ( ( #8463, #5339, #9264 ) ) REPRESENTATION_CONTEXT ( 'NONE', 'WORKASPACE' ) );
#1699 = LINE ( 'NONE', #6385, #5157 ) ;
#1700 = EDGE_CURVE ( 'NONE', #8687, #3331, #1508, .T. ) ;
#1701 =( GEOMETRIC_REPRESENTATION_CONTEXT ( 3 ) GLOBAL_UNCERTAINTY_ASSIGNED_CONTEXT ( ( #6740 ) ) GLOBAL_UNIT_ASSIGNED_CONTEXT ( ( #664, #10089, #6946 ) ) REPRESENTATION_CONTEXT ( 'NONE', 'WORKASPACE' ) );
#1702 = VERTEX_POINT ( 'NONE', #7057 ) ;
#1703 = CARTESIAN_POINT ( 'NONE',  ( 3.750000000000000444, -3.299999999999998490, -0.2499999999999997780 ) ) ;
#1704 = CARTESIAN_POINT ( 'NONE',  ( 12.25000000000000000, 4.999999999999997335, -0.2499999999999997780 ) ) ;
#1705 = FACE_OUTER_BOUND ( 'NONE', #9141, .T. ) ;
#1706 = CARTESIAN_POINT ( 'NONE',  ( 3.449999999999998845, -4.099999999999999645, 0.5500000000000005995 ) ) ;
#1707 = VECTOR ( 'NONE', #4806, 1000.000000000000000 ) ;
#1708 = VECTOR ( 'NONE', #3676, 1000.000000000000114 ) ;
#1709 =( NAMED_UNIT ( * ) PLANE_ANGLE_UNIT ( ) SI_UNIT ( $, .RADIAN. ) );
#1710 = ORIENTED_EDGE ( 'NONE', *, *, #6775, .T. ) ;
#1711 = UNCERTAINTY_MEASURE_WITH_UNIT (LENGTH_MEASURE( 1.000000000000000082E-05 ), #2767, 'distance_accuracy_value', 'NONE');
#1712 = VERTEX_POINT ( 'NONE', #5636 ) ;
#1713 = AXIS2_PLACEMENT_3D ( 'NONE', #888, #9583, #10244 ) ;
#1714 = MECHANICAL_DESIGN_GEOMETRIC_PRESENTATION_REPRESENTATION (  '', ( #3888 ), #7496 ) ;
#1715 = ORIENTED_EDGE ( 'NONE', *, *, #9669, .F. ) ;
#1716 = DIRECTION ( 'NONE',  ( -1.000000000000000000, 3.872150616019660190E-17, -0.0000000000000000000 ) ) ;
#1717 =( NAMED_UNIT ( * ) PLANE_ANGLE_UNIT ( ) SI_UNIT ( $, .RADIAN. ) );
#1718 = CARTESIAN_POINT ( 'NONE',  ( 8.250000000000000000, -3.399999999999999911, 0.2500000000000002220 ) ) ;
#1719 = VECTOR ( 'NONE', #8409, 1000.000000000000000 ) ;
#1720 = DIRECTION ( 'NONE',  ( 1.000000000000000000, -3.872150616019660190E-17, 0.0000000000000000000 ) ) ;
#1721 = DIRECTION ( 'NONE',  ( 0.0000000000000000000, 0.0000000000000000000, 1.000000000000000000 ) ) ;
#1722 = VECTOR ( 'NONE', #373, 1000.000000000000000 ) ;
#1723 = FILL_AREA_STYLE_COLOUR ( '', #7631 ) ;
#1724 = VERTEX_POINT ( 'NONE', #7843 ) ;
#1725 = LINE ( 'NONE', #4916, #8441 ) ;
#1726 = CARTESIAN_POINT ( 'NONE',  ( 3.299999999999999378, 0.2000000000000000389, -2.800000000000000266 ) ) ;
#1727 = VECTOR ( 'NONE', #1918, 1000.000000000000000 ) ;
#1728 = DIRECTION ( 'NONE',  ( 1.000000000000000000, -5.421010862427522170E-17, 0.0000000000000000000 ) ) ;
#1729 = SURFACE_STYLE_USAGE ( .BOTH. , #3987 ) ;
#1730 = FILL_AREA_STYLE ('',( #5703 ) ) ;
#1731 =( GEOMETRIC_REPRESENTATION_CONTEXT ( 3 ) GLOBAL_UNCERTAINTY_ASSIGNED_CONTEXT ( ( #9452 ) ) GLOBAL_UNIT_ASSIGNED_CONTEXT ( ( #241, #1753, #4159 ) ) REPRESENTATION_CONTEXT ( 'NONE', 'WORKASPACE' ) );
#1732 = VECTOR ( 'NONE', #9178, 1000.000000000000000 ) ;
#1733 = EDGE_CURVE ( 'NONE', #8338, #2262, #2341, .T. ) ;
#1734 =( LENGTH_UNIT ( ) NAMED_UNIT ( * ) SI_UNIT ( .MILLI., .METRE. ) );
#1735 = FILL_AREA_STYLE ('',( #9648 ) ) ;
#1736 = PRESENTATION_LAYER_ASSIGNMENT (  '', '', ( #1060 ) ) ;
#1737 = DIRECTION ( 'NONE',  ( -0.0000000000000000000, -1.000000000000000000, -0.0000000000000000000 ) ) ;
#1738 = CARTESIAN_POINT ( 'NONE',  ( 1.299999999999999600, 0.0000000000000000000, -2.800000000000000266 ) ) ;
#1739 = SURFACE_STYLE_FILL_AREA ( #1789 ) ;
#1740 =( NAMED_UNIT ( * ) PLANE_ANGLE_UNIT ( ) SI_UNIT ( $, .RADIAN. ) );
#1741 = AXIS2_PLACEMENT_3D ( 'NONE', #8155, #1075, #2665 ) ;
#1742 = EDGE_CURVE ( 'NONE', #9015, #8456, #4016, .T. ) ;
#1743 = CARTESIAN_POINT ( 'NONE',  ( 9.750000000000000000, 4.999999999999997335, 0.2500000000000002220 ) ) ;
#1744 = EDGE_CURVE ( 'NONE', #2533, #7969, #6448, .T. ) ;
#1745 = DIRECTION ( 'NONE',  ( 1.000000000000000000, 0.0000000000000000000, 0.0000000000000000000 ) ) ;
#1746 =( NAMED_UNIT ( * ) PLANE_ANGLE_UNIT ( ) SI_UNIT ( $, .RADIAN. ) );
#1747 = COLOUR_RGB ( '',1.000000000000000000, 1.000000000000000000, 1.000000000000000000 ) ;
#1748 = VECTOR ( 'NONE', #9796, 1000.000000000000000 ) ;
#1749 = VERTEX_POINT ( 'NONE', #8816 ) ;
#1750 = CARTESIAN_POINT ( 'NONE',  ( 5.750000000000000000, 4.999999999999997335, 0.2500000000000002220 ) ) ;
#1751 = DIRECTION ( 'NONE',  ( -1.084202172485504237E-15, -1.000000000000000000, 0.0000000000000000000 ) ) ;
#1752 = FACE_OUTER_BOUND ( 'NONE', #8240, .T. ) ;
#1753 =( NAMED_UNIT ( * ) PLANE_ANGLE_UNIT ( ) SI_UNIT ( $, .RADIAN. ) );
#1754 = FACE_OUTER_BOUND ( 'NONE', #2231, .T. ) ;
#1755 = LINE ( 'NONE', #7350, #9813 ) ;
#1756 = ORIENTED_EDGE ( 'NONE', *, *, #9987, .T. ) ;
#1757 = FILL_AREA_STYLE ('',( #8766 ) ) ;
#1758 = ORIENTED_EDGE ( 'NONE', *, *, #8498, .F. ) ;
#1759 = EDGE_CURVE ( 'NONE', #1702, #8502, #2458, .T. ) ;
#1760 = UNCERTAINTY_MEASURE_WITH_UNIT (LENGTH_MEASURE( 1.000000000000000082E-05 ), #3089, 'distance_accuracy_value', 'NONE');
#1761 = DIRECTION ( 'NONE',  ( -3.833233541708433496E-17, -0.7071067811865472397, -0.7071067811865479058 ) ) ;
#1762 = CARTESIAN_POINT ( 'NONE',  ( 5.299999999999998934, 0.2000000000000000389, -2.800000000000000266 ) ) ;
#1763 = PRESENTATION_LAYER_ASSIGNMENT (  '', '', ( #3942 ) ) ;
#1764 = COLOUR_RGB ( '',1.000000000000000000, 0.8117647058823529438, 0.5019607843137254832 ) ;
#1765 = LINE ( 'NONE', #5939, #1774 ) ;
#1766 = DIRECTION ( 'NONE',  ( 1.000000000000000000, -0.0000000000000000000, -5.455105270367317620E-17 ) ) ;
#1767 = STYLED_ITEM ( 'NONE', ( #2300 ), #502 ) ;
#1768 =( NAMED_UNIT ( * ) SI_UNIT ( $, .STERADIAN. ) SOLID_ANGLE_UNIT ( ) );
#1769 =( LENGTH_UNIT ( ) NAMED_UNIT ( * ) SI_UNIT ( .MILLI., .METRE. ) );
#1770 = DIRECTION ( 'NONE',  ( 0.5773502691896259531, 0.5773502691896259531, -0.5773502691896255090 ) ) ;
#1771 = ADVANCED_FACE ( 'NONE', ( #7942 ), #923, .F. ) ;
#1772 = ORIENTED_EDGE ( 'NONE', *, *, #10126, .F. ) ;
#1773 = PRESENTATION_LAYER_ASSIGNMENT (  '', '', ( #8901 ) ) ;
#1774 = VECTOR ( 'NONE', #394, 1000.000000000000000 ) ;
#1775 = PRESENTATION_LAYER_ASSIGNMENT (  '', '', ( #7922 ) ) ;
#1776 = EDGE_LOOP ( 'NONE', ( #9802, #1697, #1298, #8873 ) ) ;
#1777 = SURFACE_SIDE_STYLE ('',( #169 ) ) ;
#1778 = FILL_AREA_STYLE ('',( #8117 ) ) ;
#1779 =( NAMED_UNIT ( * ) SI_UNIT ( $, .STERADIAN. ) SOLID_ANGLE_UNIT ( ) );
#1780 = PRESENTATION_LAYER_ASSIGNMENT (  '', '', ( #3623 ) ) ;
#1781 = EDGE_CURVE ( 'NONE', #1426, #8354, #293, .T. ) ;
#1782 = ORIENTED_EDGE ( 'NONE', *, *, #4826, .T. ) ;
#1783 = DIRECTION ( 'NONE',  ( 1.000000000000000000, -5.421010862427522170E-17, 0.0000000000000000000 ) ) ;
#1784 = DIRECTION ( 'NONE',  ( -4.336808689942017736E-16, 1.679277644031839923E-32, -1.000000000000000000 ) ) ;
#1785 = PRESENTATION_STYLE_ASSIGNMENT (( #7232 ) ) ;
#1786 = CARTESIAN_POINT ( 'NONE',  ( 0.2499999999999997780, -3.300000000000002043, 0.2500000000000002220 ) ) ;
#1787 =( NAMED_UNIT ( * ) SI_UNIT ( $, .STERADIAN. ) SOLID_ANGLE_UNIT ( ) );
#1788 = STYLED_ITEM ( 'NONE', ( #9433 ), #6292 ) ;
#1789 = FILL_AREA_STYLE ('',( #1894 ) ) ;
#1790 = CARTESIAN_POINT ( 'NONE',  ( 6.699999999999999289, 0.1999999999999999833, 1.700000000000000178 ) ) ;
#1791 = VERTEX_POINT ( 'NONE', #2655 ) ;
#1792 = MECHANICAL_DESIGN_GEOMETRIC_PRESENTATION_REPRESENTATION (  '', ( #4461 ), #3471 ) ;
#1793 = SURFACE_SIDE_STYLE ('',( #5576 ) ) ;
#1794 = CARTESIAN_POINT ( 'NONE',  ( -1.949999999999999956, 1.800000000000000044, 0.2500000000000002220 ) ) ;
#1795 = EDGE_CURVE ( 'NONE', #3591, #3331, #2597, .T. ) ;
#1796 = ORIENTED_EDGE ( 'NONE', *, *, #1522, .F. ) ;
#1797 = CARTESIAN_POINT ( 'NONE',  ( 13.95000000000000107, 0.0000000000000000000, -2.800000000000000711 ) ) ;
#1798 = DIRECTION ( 'NONE',  ( 3.872150616019660190E-17, 1.000000000000000000, -0.0000000000000000000 ) ) ;
#1799 = LINE ( 'NONE', #2809, #5079 ) ;
#1800 = ORIENTED_EDGE ( 'NONE', *, *, #8512, .T. ) ;
#1801 = CARTESIAN_POINT ( 'NONE',  ( 1.749999999999999778, -3.300000000000002043, -0.2499999999999997780 ) ) ;
#1802 = FACE_OUTER_BOUND ( 'NONE', #2774, .T. ) ;
#1803 = DIRECTION ( 'NONE',  ( -9.103382349328301547E-49, -2.350988701644575016E-32, -1.000000000000000000 ) ) ;
#1804 = SURFACE_STYLE_USAGE ( .BOTH. , #1022 ) ;
#1805 = ORIENTED_EDGE ( 'NONE', *, *, #535, .T. ) ;
#1806 = ORIENTED_EDGE ( 'NONE', *, *, #2476, .T. ) ;
#1807 = COLOUR_RGB ( '',1.000000000000000000, 0.8117647058823529438, 0.5019607843137254832 ) ;
#1808 = STYLED_ITEM ( 'NONE', ( #1172 ), #3911 ) ;
#1809 = ORIENTED_EDGE ( 'NONE', *, *, #5011, .T. ) ;
#1810 = DIRECTION ( 'NONE',  ( 1.000000000000000000, 0.0000000000000000000, -2.581433744013106177E-17 ) ) ;
#1811 = EDGE_CURVE ( 'NONE', #1374, #277, #9087, .T. ) ;
#1812 = VECTOR ( 'NONE', #7226, 1000.000000000000000 ) ;
#1813 = AXIS2_PLACEMENT_3D ( 'NONE', #1982, #5127, #1935 ) ;
#1814 = EDGE_CURVE ( 'NONE', #3012, #1186, #5880, .T. ) ;
#1815 = CARTESIAN_POINT ( 'NONE',  ( 3.750000000000001332, 4.999999999999997335, 0.2500000000000002220 ) ) ;
#1816 = VERTEX_POINT ( 'NONE', #3445 ) ;
#1817 = SURFACE_STYLE_USAGE ( .BOTH. , #9765 ) ;
#1818 = VERTEX_POINT ( 'NONE', #5731 ) ;
#1819 = FILL_AREA_STYLE_COLOUR ( '', #2616 ) ;
#1820 = CARTESIAN_POINT ( 'NONE',  ( 12.14999999999999680, 5.100000000000001421, -0.1499999999999969136 ) ) ;
#1821 =( NAMED_UNIT ( * ) SI_UNIT ( $, .STERADIAN. ) SOLID_ANGLE_UNIT ( ) );
#1822 = DIRECTION ( 'NONE',  ( 1.000000000000000000, -5.421010862427522170E-17, 0.0000000000000000000 ) ) ;
#1823 = ORIENTED_EDGE ( 'NONE', *, *, #920, .T. ) ;
#1824 = ORIENTED_EDGE ( 'NONE', *, *, #9098, .F. ) ;
#1825 = VECTOR ( 'NONE', #2752, 1000.000000000000000 ) ;
#1826 = FILL_AREA_STYLE_COLOUR ( '', #810 ) ;
#1827 = VECTOR ( 'NONE', #8741, 1000.000000000000000 ) ;
#1828 = LINE ( 'NONE', #9721, #7760 ) ;
#1829 = EDGE_CURVE ( 'NONE', #2648, #6808, #5055, .T. ) ;
#1830 = SURFACE_SIDE_STYLE ('',( #990 ) ) ;
#1831 = PRESENTATION_LAYER_ASSIGNMENT (  '', '', ( #9306 ) ) ;
#1832 =( GEOMETRIC_REPRESENTATION_CONTEXT ( 3 ) GLOBAL_UNCERTAINTY_ASSIGNED_CONTEXT ( ( #7654 ) ) GLOBAL_UNIT_ASSIGNED_CONTEXT ( ( #9711, #350, #6741 ) ) REPRESENTATION_CONTEXT ( 'NONE', 'WORKASPACE' ) );
#1833 = VECTOR ( 'NONE', #66, 1000.000000000000000 ) ;
#1834 = PRESENTATION_STYLE_ASSIGNMENT (( #5753 ) ) ;
#1835 = MECHANICAL_DESIGN_GEOMETRIC_PRESENTATION_REPRESENTATION (  '', ( #334 ), #7976 ) ;
#1836 = CARTESIAN_POINT ( 'NONE',  ( 10.84999999999999609, 6.000000000000000000, 1.599999999999997202 ) ) ;
#1837 = PRESENTATION_LAYER_ASSIGNMENT (  '', '', ( #3514 ) ) ;
#1838 = PRESENTATION_STYLE_ASSIGNMENT (( #5801 ) ) ;
#1839 = DIRECTION ( 'NONE',  ( 0.0000000000000000000, -1.000000000000000000, 0.0000000000000000000 ) ) ;
#1840 = DIRECTION ( 'NONE',  ( -1.000000000000000000, 0.0000000000000000000, -0.0000000000000000000 ) ) ;
#1841 = ORIENTED_EDGE ( 'NONE', *, *, #5594, .T. ) ;
#1842 = PRESENTATION_STYLE_ASSIGNMENT (( #8956 ) ) ;
#1843 = FILL_AREA_STYLE ('',( #8957 ) ) ;
#1844 = ORIENTED_EDGE ( 'NONE', *, *, #9748, .F. ) ;
#1845 = SURFACE_STYLE_USAGE ( .BOTH. , #8961 ) ;
#1846 =( NAMED_UNIT ( * ) PLANE_ANGLE_UNIT ( ) SI_UNIT ( $, .RADIAN. ) );
#1847 = VERTEX_POINT ( 'NONE', #970 ) ;
#1848 = ORIENTED_EDGE ( 'NONE', *, *, #8536, .F. ) ;
#1849 = EDGE_CURVE ( 'NONE', #5459, #3012, #195, .T. ) ;
#1850 =( GEOMETRIC_REPRESENTATION_CONTEXT ( 3 ) GLOBAL_UNCERTAINTY_ASSIGNED_CONTEXT ( ( #4552 ) ) GLOBAL_UNIT_ASSIGNED_CONTEXT ( ( #3094, #4712, #9593 ) ) REPRESENTATION_CONTEXT ( 'NONE', 'WORKASPACE' ) );
#1851 = ORIENTED_EDGE ( 'NONE', *, *, #2374, .F. ) ;
#1852 = VERTEX_POINT ( 'NONE', #5826 ) ;
#1853 = DIRECTION ( 'NONE',  ( -0.0000000000000000000, 1.000000000000000000, -0.0000000000000000000 ) ) ;
#1854 = DIRECTION ( 'NONE',  ( -0.7071067811865474617, -0.7071067811865476838, 3.066586833366747783E-16 ) ) ;
#1855 = LINE ( 'NONE', #9705, #4344 ) ;
#1856 = VECTOR ( 'NONE', #6101, 1000.000000000000000 ) ;
#1857 = ORIENTED_EDGE ( 'NONE', *, *, #4216, .F. ) ;
#1858 = MECHANICAL_DESIGN_GEOMETRIC_PRESENTATION_REPRESENTATION (  '', ( #5037 ), #3220 ) ;
#1859 = EDGE_CURVE ( 'NONE', #9015, #10125, #1957, .T. ) ;
#1860 = UNCERTAINTY_MEASURE_WITH_UNIT (LENGTH_MEASURE( 1.000000000000000082E-05 ), #4274, 'distance_accuracy_value', 'NONE');
#1861 = ORIENTED_EDGE ( 'NONE', *, *, #5271, .T. ) ;
#1862 = PRESENTATION_LAYER_ASSIGNMENT (  '', '', ( #5388 ) ) ;
#1863 = CARTESIAN_POINT ( 'NONE',  ( 4.966666666666667673, -2.516666666666663499, -1.033333333333334547 ) ) ;
#1864 = SURFACE_STYLE_USAGE ( .BOTH. , #5216 ) ;
#1865 = CARTESIAN_POINT ( 'NONE',  ( 6.749999999999999112, 3.399999999999999467, -2.300000000000006928 ) ) ;
#1866 = SURFACE_STYLE_FILL_AREA ( #1226 ) ;
#1867 = CARTESIAN_POINT ( 'NONE',  ( 13.95000000000000107, 0.0000000000000000000, -2.800000000000000711 ) ) ;
#1868 = FILL_AREA_STYLE_COLOUR ( '', #9527 ) ;
#1869 = FILL_AREA_STYLE_COLOUR ( '', #5253 ) ;
#1870 = EDGE_CURVE ( 'NONE', #8668, #4377, #5108, .T. ) ;
#1871 = COLOUR_RGB ( '',1.000000000000000000, 0.8117647058823529438, 0.5019607843137254832 ) ;
#1872 = EDGE_CURVE ( 'NONE', #8479, #1374, #3487, .T. ) ;
#1873 = VECTOR ( 'NONE', #469, 1000.000000000000000 ) ;
#1874 = LINE ( 'NONE', #8111, #3472 ) ;
#1875 =( GEOMETRIC_REPRESENTATION_CONTEXT ( 3 ) GLOBAL_UNCERTAINTY_ASSIGNED_CONTEXT ( ( #6337 ) ) GLOBAL_UNIT_ASSIGNED_CONTEXT ( ( #556, #7677, #4469 ) ) REPRESENTATION_CONTEXT ( 'NONE', 'WORKASPACE' ) );
#1876 = DIRECTION ( 'NONE',  ( 1.000000000000000000, -3.872150616019660190E-17, -4.336808689942017736E-16 ) ) ;
#1877 = ORIENTED_EDGE ( 'NONE', *, *, #1742, .F. ) ;
#1878 = VERTEX_POINT ( 'NONE', #3533 ) ;
#1879 = PLANE ( 'NONE',  #1079 ) ;
#1880 = ORIENTED_EDGE ( 'NONE', *, *, #6347, .T. ) ;
#1881 = DIRECTION ( 'NONE',  ( -1.000000000000000000, 3.872150616019660190E-17, 0.0000000000000000000 ) ) ;
#1882 = DIRECTION ( 'NONE',  ( -1.095153709581318045E-16, 1.000000000000000000, 0.0000000000000000000 ) ) ;
#1883 = UNCERTAINTY_MEASURE_WITH_UNIT (LENGTH_MEASURE( 1.000000000000000082E-05 ), #4573, 'distance_accuracy_value', 'NONE');
#1884 = ORIENTED_EDGE ( 'NONE', *, *, #1593, .T. ) ;
#1885 = VECTOR ( 'NONE', #5690, 1000.000000000000000 ) ;
#1886 = EDGE_CURVE ( 'NONE', #4525, #2283, #3402, .T. ) ;
#1887 = COLOUR_RGB ( '',1.000000000000000000, 1.000000000000000000, 1.000000000000000000 ) ;
#1888 = ORIENTED_EDGE ( 'NONE', *, *, #168, .F. ) ;
#1889 = CARTESIAN_POINT ( 'NONE',  ( 0.0000000000000000000, 0.0000000000000000000, 0.05000000000000012768 ) ) ;
#1890 = VECTOR ( 'NONE', #10131, 1000.000000000000000 ) ;
#1891 = ORIENTED_EDGE ( 'NONE', *, *, #8051, .T. ) ;
#1892 = SURFACE_STYLE_USAGE ( .BOTH. , #226 ) ;
#1893 = CARTESIAN_POINT ( 'NONE',  ( -1.350000000000000089, -15.13439790675532670, -2.350000000000001421 ) ) ;
#1894 = FILL_AREA_STYLE_COLOUR ( '', #7180 ) ;
#1895 = ORIENTED_EDGE ( 'NONE', *, *, #2507, .F. ) ;
#1896 = DIRECTION ( 'NONE',  ( -0.0000000000000000000, 1.000000000000000000, -0.0000000000000000000 ) ) ;
#1897 = EDGE_CURVE ( 'NONE', #8452, #10170, #6644, .T. ) ;
#1898 = PRESENTATION_LAYER_ASSIGNMENT (  '', '', ( #6397 ) ) ;
#1899 = CARTESIAN_POINT ( 'NONE',  ( 1.250000000000000666, 3.399999999999999467, -2.300000000000006928 ) ) ;
#1900 = ORIENTED_EDGE ( 'NONE', *, *, #107, .T. ) ;
#1901 = PLANE ( 'NONE',  #9135 ) ;
#1902 = CARTESIAN_POINT ( 'NONE',  ( 2.750000000000000444, 1.149999999999999911, -2.350000000000001421 ) ) ;
#1903 = VECTOR ( 'NONE', #5742, 1000.000000000000000 ) ;
#1904 = CARTESIAN_POINT ( 'NONE',  ( -1.949999999999999956, 1.800000000000000044, -0.2499999999999997780 ) ) ;
#1905 = DIRECTION ( 'NONE',  ( -1.000000000000000000, 5.421010862427522170E-17, 0.0000000000000000000 ) ) ;
#1906 = FILL_AREA_STYLE_COLOUR ( '', #6369 ) ;
#1907 = COLOUR_RGB ( '',1.000000000000000000, 1.000000000000000000, 1.000000000000000000 ) ;
#1908 = SURFACE_STYLE_USAGE ( .BOTH. , #5926 ) ;
#1909 = DIRECTION ( 'NONE',  ( 1.000000000000000000, 0.0000000000000000000, 0.0000000000000000000 ) ) ;
#1910 = ORIENTED_EDGE ( 'NONE', *, *, #2271, .F. ) ;
#1911 =( NAMED_UNIT ( * ) PLANE_ANGLE_UNIT ( ) SI_UNIT ( $, .RADIAN. ) );
#1912 = EDGE_CURVE ( 'NONE', #8652, #3747, #5155, .T. ) ;
#1913 = DIRECTION ( 'NONE',  ( -0.0000000000000000000, -0.0000000000000000000, 1.000000000000000000 ) ) ;
#1914 = AXIS2_PLACEMENT_3D ( 'NONE', #240, #2593, #3443 ) ;
#1915 = PRESENTATION_LAYER_ASSIGNMENT (  '', '', ( #1241 ) ) ;
#1916 = ORIENTED_EDGE ( 'NONE', *, *, #10193, .F. ) ;
#1917 = SURFACE_STYLE_FILL_AREA ( #9148 ) ;
#1918 = DIRECTION ( 'NONE',  ( 1.000000000000000000, -5.421010862427522170E-17, 0.0000000000000000000 ) ) ;
#1919 = EDGE_CURVE ( 'NONE', #266, #8535, #1855, .T. ) ;
#1920 = SURFACE_SIDE_STYLE ('',( #307 ) ) ;
#1921 = DIRECTION ( 'NONE',  ( 0.0000000000000000000, -0.0000000000000000000, 1.000000000000000000 ) ) ;
#1922 =( GEOMETRIC_REPRESENTATION_CONTEXT ( 3 ) GLOBAL_UNCERTAINTY_ASSIGNED_CONTEXT ( ( #1134 ) ) GLOBAL_UNIT_ASSIGNED_CONTEXT ( ( #8549, #6223, #1482 ) ) REPRESENTATION_CONTEXT ( 'NONE', 'WORKASPACE' ) );
#1923 = MECHANICAL_DESIGN_GEOMETRIC_PRESENTATION_REPRESENTATION (  '', ( #4422 ), #7069 ) ;
#1924 = VERTEX_POINT ( 'NONE', #7448 ) ;
#1925 =( LENGTH_UNIT ( ) NAMED_UNIT ( * ) SI_UNIT ( .MILLI., .METRE. ) );
#1926 = PLANE ( 'NONE',  #1122 ) ;
#1927 = CARTESIAN_POINT ( 'NONE',  ( 12.21999999999999886, 4.230000000000001315, -2.801000000000000600 ) ) ;
#1928 = MECHANICAL_DESIGN_GEOMETRIC_PRESENTATION_REPRESENTATION (  '', ( #591 ), #4603 ) ;
#1929 = PRESENTATION_LAYER_ASSIGNMENT (  '', '', ( #760 ) ) ;
#1930 = VECTOR ( 'NONE', #3948, 1000.000000000000000 ) ;
#1931 = CARTESIAN_POINT ( 'NONE',  ( 10.84999999999999609, 3.799500000000001876, -0.6005000000000012550 ) ) ;
#1932 = COLOUR_RGB ( '',1.000000000000000000, 0.8117647058823529438, 0.5019607843137254832 ) ;
#1933 = EDGE_CURVE ( 'NONE', #5374, #9825, #8239, .T. ) ;
#1934 = EDGE_CURVE ( 'NONE', #4377, #6080, #1755, .T. ) ;
#1935 = DIRECTION ( 'NONE',  ( 0.0000000000000000000, 0.0000000000000000000, 1.000000000000000000 ) ) ;
#1936 = DIRECTION ( 'NONE',  ( 0.0000000000000000000, 0.0000000000000000000, 1.000000000000000000 ) ) ;
#1937 = PRESENTATION_LAYER_ASSIGNMENT (  '', '', ( #9077 ) ) ;
#1938 = VECTOR ( 'NONE', #1498, 1000.000000000000000 ) ;
#1939 = STYLED_ITEM ( 'NONE', ( #5289 ), #8788 ) ;
#1940 = SURFACE_STYLE_FILL_AREA ( #3725 ) ;
#1941 =( NAMED_UNIT ( * ) PLANE_ANGLE_UNIT ( ) SI_UNIT ( $, .RADIAN. ) );
#1942 = EDGE_CURVE ( 'NONE', #8963, #5182, #4956, .T. ) ;
#1943 = EDGE_CURVE ( 'NONE', #6926, #2048, #7499, .T. ) ;
#1944 =( NAMED_UNIT ( * ) PLANE_ANGLE_UNIT ( ) SI_UNIT ( $, .RADIAN. ) );
#1945 = LINE ( 'NONE', #3629, #9532 ) ;
#1946 = DIRECTION ( 'NONE',  ( 0.0000000000000000000, -0.0000000000000000000, 1.000000000000000000 ) ) ;
#1947 = DIRECTION ( 'NONE',  ( -1.000000000000000000, 5.421010862427522170E-17, 0.0000000000000000000 ) ) ;
#1948 = CARTESIAN_POINT ( 'NONE',  ( 5.250000000000000888, 3.399999999999999467, -2.300000000000006928 ) ) ;
#1949 = CARTESIAN_POINT ( 'NONE',  ( 6.749999999999999112, 1.149999999999999911, -2.050000000000001599 ) ) ;
#1950 = ADVANCED_FACE ( 'NONE', ( #9139 ), #9559, .F. ) ;
#1951 = ORIENTED_EDGE ( 'NONE', *, *, #9722, .T. ) ;
#1952 = CARTESIAN_POINT ( 'NONE',  ( -0.7000000000000002887, 0.2000000000000000389, -2.800000000000000266 ) ) ;
#1953 = FACE_OUTER_BOUND ( 'NONE', #9337, .T. ) ;
#1954 = CARTESIAN_POINT ( 'NONE',  ( 5.849999999999999645, -3.399999999999999911, -2.800000000000001155 ) ) ;
#1955 = SURFACE_STYLE_FILL_AREA ( #291 ) ;
#1956 = FILL_AREA_STYLE ('',( #6027 ) ) ;
#1957 = LINE ( 'NONE', #9755, #1351 ) ;
#1958 = FACE_OUTER_BOUND ( 'NONE', #10187, .T. ) ;
#1959 = LINE ( 'NONE', #6275, #4102 ) ;
#1960 = ORIENTED_EDGE ( 'NONE', *, *, #6831, .T. ) ;
#1961 = STYLED_ITEM ( 'NONE', ( #5639 ), #5122 ) ;
#1962 = AXIS2_PLACEMENT_3D ( 'NONE', #416, #6768, #6112 ) ;
#1963 = UNCERTAINTY_MEASURE_WITH_UNIT (LENGTH_MEASURE( 1.000000000000000082E-05 ), #5063, 'distance_accuracy_value', 'NONE');
#1964 = ORIENTED_EDGE ( 'NONE', *, *, #3377, .F. ) ;
#1965 = LINE ( 'NONE', #5112, #3201 ) ;
#1966 = CARTESIAN_POINT ( 'NONE',  ( 3.250000000000000888, 1.149999999999999911, -2.350000000000001421 ) ) ;
#1967 = VERTEX_POINT ( 'NONE', #3188 ) ;
#1968 = DIRECTION ( 'NONE',  ( -0.0000000000000000000, 0.0000000000000000000, 1.000000000000000000 ) ) ;
#1969 = STYLED_ITEM ( 'NONE', ( #8230 ), #5351 ) ;
#1970 = VECTOR ( 'NONE', #312, 1000.000000000000000 ) ;
#1971 = ORIENTED_EDGE ( 'NONE', *, *, #9575, .F. ) ;
#1972 = CARTESIAN_POINT ( 'NONE',  ( 10.14999999999999680, -3.399999999999999911, -2.800000000000000266 ) ) ;
#1973 = CARTESIAN_POINT ( 'NONE',  ( -0.2500000000000004441, -3.399999999999999911, -0.2499999999999997780 ) ) ;
#1974 = DIRECTION ( 'NONE',  ( 0.0000000000000000000, -1.000000000000000000, 0.0000000000000000000 ) ) ;
#1975 = ORIENTED_EDGE ( 'NONE', *, *, #9376, .F. ) ;
#1976 =( LENGTH_UNIT ( ) NAMED_UNIT ( * ) SI_UNIT ( .MILLI., .METRE. ) );
#1977 = DIRECTION ( 'NONE',  ( -1.084202172485504237E-15, -1.000000000000000000, 0.0000000000000000000 ) ) ;
#1978 =( GEOMETRIC_REPRESENTATION_CONTEXT ( 3 ) GLOBAL_UNCERTAINTY_ASSIGNED_CONTEXT ( ( #567 ) ) GLOBAL_UNIT_ASSIGNED_CONTEXT ( ( #7888, #7724, #2907 ) ) REPRESENTATION_CONTEXT ( 'NONE', 'WORKASPACE' ) );
#1979 = LINE ( 'NONE', #7634, #1856 ) ;
#1980 = DIRECTION ( 'NONE',  ( 1.000000000000000000, 0.0000000000000000000, 0.0000000000000000000 ) ) ;
#1981 = DIRECTION ( 'NONE',  ( 3.872150616019660190E-17, 1.000000000000000000, -0.0000000000000000000 ) ) ;
#1982 = CARTESIAN_POINT ( 'NONE',  ( 0.0000000000000000000, -3.541421356237309581, 0.0000000000000000000 ) ) ;
#1983 = PRESENTATION_LAYER_ASSIGNMENT (  '', '', ( #2668 ) ) ;
#1984 = VECTOR ( 'NONE', #2586, 1000.000000000000000 ) ;
#1985 = SURFACE_STYLE_USAGE ( .BOTH. , #6111 ) ;
#1986 = VERTEX_POINT ( 'NONE', #8523 ) ;
#1987 = LINE ( 'NONE', #3561, #4097 ) ;
#1988 = ADVANCED_FACE ( 'NONE', ( #916 ), #4839, .T. ) ;
#1989 = LINE ( 'NONE', #6814, #1873 ) ;
#1990 = FACE_OUTER_BOUND ( 'NONE', #10055, .T. ) ;
#1991 = DIRECTION ( 'NONE',  ( -9.103382349328301547E-49, -2.350988701644575016E-32, -1.000000000000000000 ) ) ;
#1992 = VERTEX_POINT ( 'NONE', #2538 ) ;
#1993 = PLANE ( 'NONE',  #3363 ) ;
#1994 = PLANE ( 'NONE',  #7342 ) ;
#1995 = EDGE_LOOP ( 'NONE', ( #5193, #1355, #5907, #5597 ) ) ;
#1996 = CARTESIAN_POINT ( 'NONE',  ( 1.750000000000000222, 0.2000000000000000944, 0.2500000000000002220 ) ) ;
#1997 = COLOUR_RGB ( '',1.000000000000000000, 0.8117647058823529438, 0.5019607843137254832 ) ;
#1998 =( GEOMETRIC_REPRESENTATION_CONTEXT ( 3 ) GLOBAL_UNCERTAINTY_ASSIGNED_CONTEXT ( ( #3973 ) ) GLOBAL_UNIT_ASSIGNED_CONTEXT ( ( #6262, #3982, #2363 ) ) REPRESENTATION_CONTEXT ( 'NONE', 'WORKASPACE' ) );
#1999 =( NAMED_UNIT ( * ) PLANE_ANGLE_UNIT ( ) SI_UNIT ( $, .RADIAN. ) );
#2000 = SURFACE_STYLE_FILL_AREA ( #4341 ) ;
#2001 = EDGE_CURVE ( 'NONE', #5668, #1816, #5391, .T. ) ;
#2002 = ADVANCED_FACE ( 'NONE', ( #5725 ), #7144, .F. ) ;
#2003 = CARTESIAN_POINT ( 'NONE',  ( 13.17999999999999794, 4.230000000000001315, 1.249999999999997558 ) ) ;
#2004 = SURFACE_STYLE_FILL_AREA ( #2161 ) ;
#2005 = ORIENTED_EDGE ( 'NONE', *, *, #1430, .T. ) ;
#2006 = FILL_AREA_STYLE_COLOUR ( '', #2151 ) ;
#2007 = PLANE ( 'NONE',  #6568 ) ;
#2008 = VECTOR ( 'NONE', #9421, 1000.000000000000000 ) ;
#2009 = DIRECTION ( 'NONE',  ( -9.103382349328301547E-49, -2.350988701644575016E-32, -1.000000000000000000 ) ) ;
#2010 = CARTESIAN_POINT ( 'NONE',  ( -0.1500000000000038525, -3.399999999999999911, -2.800000000000001155 ) ) ;
#2011 = ORIENTED_EDGE ( 'NONE', *, *, #9679, .F. ) ;
#2012 =( NAMED_UNIT ( * ) SI_UNIT ( $, .STERADIAN. ) SOLID_ANGLE_UNIT ( ) );
#2013 = EDGE_CURVE ( 'NONE', #578, #4774, #7442, .T. ) ;
#2014 = DIRECTION ( 'NONE',  ( -1.000000000000000000, 1.084202172485504237E-15, 0.0000000000000000000 ) ) ;
#2015 = LINE ( 'NONE', #7460, #8968 ) ;
#2016 = DIRECTION ( 'NONE',  ( -3.833233541708433496E-17, -0.7071067811865472397, 0.7071067811865479058 ) ) ;
#2017 = DIRECTION ( 'NONE',  ( -1.000000000000000000, 5.421010862427522170E-17, 0.0000000000000000000 ) ) ;
#2018 = DIRECTION ( 'NONE',  ( 0.0000000000000000000, -0.0000000000000000000, 1.000000000000000000 ) ) ;
#2019 = CARTESIAN_POINT ( 'NONE',  ( -0.2499999999999997780, 4.999999999999997335, 0.2500000000000002220 ) ) ;
#2020 = DIRECTION ( 'NONE',  ( 0.5773502691896239547, -0.5773502691896289507, -0.5773502691896243988 ) ) ;
#2021 = CARTESIAN_POINT ( 'NONE',  ( 10.24999999999999822, 0.2000000000000000111, -0.2499999999999997780 ) ) ;
#2022 = VECTOR ( 'NONE', #1168, 1000.000000000000000 ) ;
#2023 = FILL_AREA_STYLE ('',( #9263 ) ) ;
#2024 = CARTESIAN_POINT ( 'NONE',  ( 11.29999999999999893, 0.0000000000000000000, -2.800000000000000266 ) ) ;
#2025 = PRESENTATION_LAYER_ASSIGNMENT (  '', '', ( #6524 ) ) ;
#2026 = PRESENTATION_STYLE_ASSIGNMENT (( #9868 ) ) ;
#2027 =( LENGTH_UNIT ( ) NAMED_UNIT ( * ) SI_UNIT ( .MILLI., .METRE. ) );
#2028 = DIRECTION ( 'NONE',  ( -1.000000000000000000, -1.095153709581317921E-16, 0.0000000000000000000 ) ) ;
#2029 = LINE ( 'NONE', #3615, #6428 ) ;
#2030 = STYLED_ITEM ( 'NONE', ( #1228 ), #7887 ) ;
#2031 = PRESENTATION_STYLE_ASSIGNMENT (( #8422 ) ) ;
#2032 = STYLED_ITEM ( 'NONE', ( #8309 ), #9609 ) ;
#2033 = ORIENTED_EDGE ( 'NONE', *, *, #8474, .F. ) ;
#2034 = FILL_AREA_STYLE ('',( #9931 ) ) ;
#2035 = EDGE_CURVE ( 'NONE', #10130, #6640, #4343, .T. ) ;
#2036 = DIRECTION ( 'NONE',  ( 1.927470528863119542E-16, -1.000000000000000000, 0.0000000000000000000 ) ) ;
#2037 = VERTEX_POINT ( 'NONE', #1949 ) ;
#2038 = DIRECTION ( 'NONE',  ( 0.7071067811865475727, -0.7071067811865475727, 1.662400053425836136E-32 ) ) ;
#2039 =( LENGTH_UNIT ( ) NAMED_UNIT ( * ) SI_UNIT ( .MILLI., .METRE. ) );
#2040 = AXIS2_PLACEMENT_3D ( 'NONE', #1568, #6598, #7497 ) ;
#2041 = ORIENTED_EDGE ( 'NONE', *, *, #10230, .T. ) ;
#2042 = FACE_OUTER_BOUND ( 'NONE', #9118, .T. ) ;
#2043 = FACE_OUTER_BOUND ( 'NONE', #419, .T. ) ;
#2044 = CARTESIAN_POINT ( 'NONE',  ( -0.7000000000000002887, 0.2000000000000000389, 1.700000000000000178 ) ) ;
#2045 = DIRECTION ( 'NONE',  ( 0.5773502691896291728, 0.5773502691896262862, 0.5773502691896218453 ) ) ;
#2046 = ADVANCED_FACE ( 'NONE', ( #5100 ), #5769, .F. ) ;
#2047 =( NAMED_UNIT ( * ) SI_UNIT ( $, .STERADIAN. ) SOLID_ANGLE_UNIT ( ) );
#2048 = VERTEX_POINT ( 'NONE', #6632 ) ;
#2049 = FILL_AREA_STYLE_COLOUR ( '', #3411 ) ;
#2050 = MECHANICAL_DESIGN_GEOMETRIC_PRESENTATION_REPRESENTATION (  '', ( #6542 ), #1203 ) ;
#2051 = VECTOR ( 'NONE', #9014, 1000.000000000000000 ) ;
#2052 = DIRECTION ( 'NONE',  ( 3.872150616019660190E-17, 1.000000000000000000, -0.0000000000000000000 ) ) ;
#2053 = VECTOR ( 'NONE', #4860, 1000.000000000000000 ) ;
#2054 = VECTOR ( 'NONE', #9932, 1000.000000000000000 ) ;
#2055 = EDGE_LOOP ( 'NONE', ( #8279, #9003, #7790, #6735 ) ) ;
#2056 = FILL_AREA_STYLE ('',( #2006 ) ) ;
#2057 = DIRECTION ( 'NONE',  ( 0.5773502691896253980, 0.5773502691896281735, -0.5773502691896237327 ) ) ;
#2058 = SURFACE_SIDE_STYLE ('',( #6836 ) ) ;
#2059 = CARTESIAN_POINT ( 'NONE',  ( 8.250000000000000000, -3.399999999999999911, 0.2500000000000002220 ) ) ;
#2060 = ADVANCED_FACE ( 'NONE', ( #2803 ), #8966, .T. ) ;
#2061 = ORIENTED_EDGE ( 'NONE', *, *, #5258, .T. ) ;
#2062 = SURFACE_STYLE_USAGE ( .BOTH. , #10068 ) ;
#2063 = ORIENTED_EDGE ( 'NONE', *, *, #5765, .F. ) ;
#2064 = PLANE ( 'NONE',  #8566 ) ;
#2065 = EDGE_CURVE ( 'NONE', #9284, #6957, #3392, .T. ) ;
#2066 = EDGE_LOOP ( 'NONE', ( #7324, #1857, #9617, #9111 ) ) ;
#2067 = AXIS2_PLACEMENT_3D ( 'NONE', #8663, #853, #7977 ) ;
#2068 = CARTESIAN_POINT ( 'NONE',  ( 3.299999999999999378, 0.2000000000000000389, -2.800000000000000266 ) ) ;
#2069 = CARTESIAN_POINT ( 'NONE',  ( 1.850000000000003642, 5.100000000000001421, -0.1499999999999969136 ) ) ;
#2070 = DIRECTION ( 'NONE',  ( -0.7071067811865474617, -0.7071067811865476838, 3.066586833366747783E-16 ) ) ;
#2071 = AXIS2_PLACEMENT_3D ( 'NONE', #10049, #6710, #2096 ) ;
#2072 = ORIENTED_EDGE ( 'NONE', *, *, #3081, .F. ) ;
#2073 = EDGE_CURVE ( 'NONE', #1045, #5521, #8183, .T. ) ;
#2074 =( NAMED_UNIT ( * ) SI_UNIT ( $, .STERADIAN. ) SOLID_ANGLE_UNIT ( ) );
#2075 = ORIENTED_EDGE ( 'NONE', *, *, #1859, .T. ) ;
#2076 = CARTESIAN_POINT ( 'NONE',  ( 11.75000000000000000, 4.999999999999997335, 0.2500000000000002220 ) ) ;
#2077 = VECTOR ( 'NONE', #8329, 1000.000000000000000 ) ;
#2078 = VECTOR ( 'NONE', #7895, 1000.000000000000000 ) ;
#2079 = CARTESIAN_POINT ( 'NONE',  ( 1.750000000000000666, 4.999999999999997335, 0.2500000000000002220 ) ) ;
#2080 = PLANE ( 'NONE',  #8489 ) ;
#2081 = ORIENTED_EDGE ( 'NONE', *, *, #8773, .T. ) ;
#2082 = PLANE ( 'NONE',  #7647 ) ;
#2083 = MECHANICAL_DESIGN_GEOMETRIC_PRESENTATION_REPRESENTATION (  '', ( #9226 ), #927 ) ;
#2084 = VERTEX_POINT ( 'NONE', #9792 ) ;
#2085 =( GEOMETRIC_REPRESENTATION_CONTEXT ( 3 ) GLOBAL_UNCERTAINTY_ASSIGNED_CONTEXT ( ( #6664 ) ) GLOBAL_UNIT_ASSIGNED_CONTEXT ( ( #5536, #7268, #3371 ) ) REPRESENTATION_CONTEXT ( 'NONE', 'WORKASPACE' ) );
#2086 = COLOUR_RGB ( '',1.000000000000000000, 0.8117647058823529438, 0.5019607843137254832 ) ;
#2087 = CARTESIAN_POINT ( 'NONE',  ( -1.949999999999999956, 0.0000000000000000000, -2.800000000000000266 ) ) ;
#2088 = EDGE_LOOP ( 'NONE', ( #2403, #7557, #8141, #1280 ) ) ;
#2089 = FACE_OUTER_BOUND ( 'NONE', #5837, .T. ) ;
#2090 = DIRECTION ( 'NONE',  ( 1.000000000000000000, -5.421010862427522170E-17, 0.0000000000000000000 ) ) ;
#2091 = CARTESIAN_POINT ( 'NONE',  ( 5.750000000000000000, -3.399999999999999911, 0.1499999999999990785 ) ) ;
#2092 = PRESENTATION_LAYER_ASSIGNMENT (  '', '', ( #757 ) ) ;
#2093 =( NAMED_UNIT ( * ) SI_UNIT ( $, .STERADIAN. ) SOLID_ANGLE_UNIT ( ) );
#2094 = VECTOR ( 'NONE', #3005, 1000.000000000000000 ) ;
#2095 = MECHANICAL_DESIGN_GEOMETRIC_PRESENTATION_REPRESENTATION (  '', ( #420 ), #2609 ) ;
#2096 = DIRECTION ( 'NONE',  ( 0.0000000000000000000, 0.0000000000000000000, -1.000000000000000000 ) ) ;
#2097 = PRESENTATION_LAYER_ASSIGNMENT (  '', '', ( #7222 ) ) ;
#2098 = CARTESIAN_POINT ( 'NONE',  ( 3.299999999999999378, 0.0000000000000000000, 1.700000000000000178 ) ) ;
#2099 = LINE ( 'NONE', #9326, #5070 ) ;
#2100 = EDGE_LOOP ( 'NONE', ( #7394, #8852, #1213, #7896 ) ) ;
#2101 = LINE ( 'NONE', #4855, #7512 ) ;
#2102 = AXIS2_PLACEMENT_3D ( 'NONE', #2286, #7048, #5534 ) ;
#2103 = VECTOR ( 'NONE', #4850, 1000.000000000000000 ) ;
#2104 = VERTEX_POINT ( 'NONE', #3482 ) ;
#2105 = CARTESIAN_POINT ( 'NONE',  ( 4.250000000000000000, 4.999999999999997335, 0.2500000000000002220 ) ) ;
#2106 = FACE_OUTER_BOUND ( 'NONE', #9082, .T. ) ;
#2107 = STYLED_ITEM ( 'NONE', ( #9971 ), #9074 ) ;
#2108 = DIRECTION ( 'NONE',  ( 0.0000000000000000000, 0.0000000000000000000, -1.000000000000000000 ) ) ;
#2109 = VERTEX_POINT ( 'NONE', #2694 ) ;
#2110 = DIRECTION ( 'NONE',  ( 0.0000000000000000000, 1.000000000000000000, 0.0000000000000000000 ) ) ;
#2111 = CARTESIAN_POINT ( 'NONE',  ( 10.05000000000000071, -3.399999999999999911, -2.800000000000000266 ) ) ;
#2112 = CARTESIAN_POINT ( 'NONE',  ( -1.350000000000000089, 4.500000000000000888, -0.6799999999999991607 ) ) ;
#2113 = SURFACE_SIDE_STYLE ('',( #9958 ) ) ;
#2114 = VERTEX_POINT ( 'NONE', #1899 ) ;
#2115 =( LENGTH_UNIT ( ) NAMED_UNIT ( * ) SI_UNIT ( .MILLI., .METRE. ) );
#2116 = ORIENTED_EDGE ( 'NONE', *, *, #3185, .F. ) ;
#2117 =( NAMED_UNIT ( * ) SI_UNIT ( $, .STERADIAN. ) SOLID_ANGLE_UNIT ( ) );
#2118 = EDGE_LOOP ( 'NONE', ( #9389, #6876, #9224, #7792, #1444, #4953 ) ) ;
#2119 = SURFACE_STYLE_USAGE ( .BOTH. , #7833 ) ;
#2120 = EDGE_CURVE ( 'NONE', #10130, #5182, #536, .T. ) ;
#2121 = CARTESIAN_POINT ( 'NONE',  ( -0.2500000000000000000, 0.2000000000000000944, 0.2500000000000002220 ) ) ;
#2122 = DIRECTION ( 'NONE',  ( 0.0000000000000000000, -0.0000000000000000000, 1.000000000000000000 ) ) ;
#2123 = ORIENTED_EDGE ( 'NONE', *, *, #4763, .F. ) ;
#2124 = LINE ( 'NONE', #1453, #9233 ) ;
#2125 = DIRECTION ( 'NONE',  ( -0.0000000000000000000, -0.0000000000000000000, 1.000000000000000000 ) ) ;
#2126 = CARTESIAN_POINT ( 'NONE',  ( -1.350000000000000089, 5.650000000000000355, 1.249999999999997558 ) ) ;
#2127 = DIRECTION ( 'NONE',  ( -1.000000000000000000, -1.909286844628561475E-16, 0.0000000000000000000 ) ) ;
#2128 = CARTESIAN_POINT ( 'NONE',  ( 10.24999999999999822, -3.299999999999998490, -0.2499999999999997780 ) ) ;
#2129 = ORIENTED_EDGE ( 'NONE', *, *, #5450, .F. ) ;
#2130 = AXIS2_PLACEMENT_3D ( 'NONE', #7502, #1069, #7558 ) ;
#2131 = PRESENTATION_LAYER_ASSIGNMENT (  '', '', ( #955 ) ) ;
#2132 = FILL_AREA_STYLE ('',( #509 ) ) ;
#2133 = DIRECTION ( 'NONE',  ( -1.000000000000000000, 3.872150616019660190E-17, -0.0000000000000000000 ) ) ;
#2134 = EDGE_CURVE ( 'NONE', #9825, #8354, #1268, .T. ) ;
#2135 = EDGE_CURVE ( 'NONE', #4278, #8535, #3739, .T. ) ;
#2136 = VECTOR ( 'NONE', #7830, 1000.000000000000000 ) ;
#2137 = VECTOR ( 'NONE', #1664, 1000.000000000000000 ) ;
#2138 = UNCERTAINTY_MEASURE_WITH_UNIT (LENGTH_MEASURE( 1.000000000000000082E-05 ), #6591, 'distance_accuracy_value', 'NONE');
#2139 = LINE ( 'NONE', #5178, #3209 ) ;
#2140 = ORIENTED_EDGE ( 'NONE', *, *, #8954, .F. ) ;
#2141 = FILL_AREA_STYLE ('',( #1242 ) ) ;
#2142 = EDGE_LOOP ( 'NONE', ( #182, #2891, #445, #5924 ) ) ;
#2143 = DIRECTION ( 'NONE',  ( -3.872150616019660190E-17, -1.000000000000000000, 0.0000000000000000000 ) ) ;
#2144 = DIRECTION ( 'NONE',  ( 0.0000000000000000000, -0.0000000000000000000, 1.000000000000000000 ) ) ;
#2145 = ORIENTED_EDGE ( 'NONE', *, *, #8875, .F. ) ;
#2146 = VERTEX_POINT ( 'NONE', #10115 ) ;
#2147 = VECTOR ( 'NONE', #1913, 1000.000000000000000 ) ;
#2148 = EDGE_CURVE ( 'NONE', #8241, #9502, #10162, .T. ) ;
#2149 = ORIENTED_EDGE ( 'NONE', *, *, #3664, .F. ) ;
#2150 =( NAMED_UNIT ( * ) PLANE_ANGLE_UNIT ( ) SI_UNIT ( $, .RADIAN. ) );
#2151 = COLOUR_RGB ( '',1.000000000000000000, 0.8117647058823529438, 0.5019607843137254832 ) ;
#2152 =( GEOMETRIC_REPRESENTATION_CONTEXT ( 3 ) GLOBAL_UNCERTAINTY_ASSIGNED_CONTEXT ( ( #1561 ) ) GLOBAL_UNIT_ASSIGNED_CONTEXT ( ( #485, #8387, #2947 ) ) REPRESENTATION_CONTEXT ( 'NONE', 'WORKASPACE' ) );
#2153 = LINE ( 'NONE', #5456, #8596 ) ;
#2154 = VECTOR ( 'NONE', #452, 1000.000000000000000 ) ;
#2155 = DIRECTION ( 'NONE',  ( 0.5773502691896258421, 0.5773502691896279515, 0.5773502691896235106 ) ) ;
#2156 = DIRECTION ( 'NONE',  ( 3.872150616019660190E-17, 1.000000000000000000, -0.0000000000000000000 ) ) ;
#2157 = VERTEX_POINT ( 'NONE', #4501 ) ;
#2158 = UNCERTAINTY_MEASURE_WITH_UNIT (LENGTH_MEASURE( 1.000000000000000082E-05 ), #5023, 'distance_accuracy_value', 'NONE');
#2159 = LINE ( 'NONE', #2946, #4476 ) ;
#2160 =( NAMED_UNIT ( * ) PLANE_ANGLE_UNIT ( ) SI_UNIT ( $, .RADIAN. ) );
#2161 = FILL_AREA_STYLE ('',( #2896 ) ) ;
#2162 = VERTEX_POINT ( 'NONE', #2214 ) ;
#2163 = PRESENTATION_STYLE_ASSIGNMENT (( #1322 ) ) ;
#2164 = LINE ( 'NONE', #1211, #6414 ) ;
#2165 = VECTOR ( 'NONE', #6282, 1000.000000000000114 ) ;
#2166 = PRESENTATION_LAYER_ASSIGNMENT (  '', '', ( #5012 ) ) ;
#2167 = ORIENTED_EDGE ( 'NONE', *, *, #6669, .T. ) ;
#2168 = FILL_AREA_STYLE ('',( #10013 ) ) ;
#2169 = EDGE_LOOP ( 'NONE', ( #7645, #6798, #9348, #3292, #6215 ) ) ;
#2170 = CARTESIAN_POINT ( 'NONE',  ( 5.750000000000000000, -3.299999999999998490, 0.2500000000000002220 ) ) ;
#2171 =( NAMED_UNIT ( * ) SI_UNIT ( $, .STERADIAN. ) SOLID_ANGLE_UNIT ( ) );
#2172 = ORIENTED_EDGE ( 'NONE', *, *, #3001, .T. ) ;
#2173 = ORIENTED_EDGE ( 'NONE', *, *, #8160, .F. ) ;
#2174 = LINE ( 'NONE', #1393, #7425 ) ;
#2175 = ORIENTED_EDGE ( 'NONE', *, *, #9641, .T. ) ;
#2176 = EDGE_CURVE ( 'NONE', #6707, #4809, #3791, .T. ) ;
#2177 = STYLED_ITEM ( 'NONE', ( #4576 ), #3243 ) ;
#2178 = LINE ( 'NONE', #3901, #2986 ) ;
#2179 = MECHANICAL_DESIGN_GEOMETRIC_PRESENTATION_REPRESENTATION (  '', ( #6657 ), #1339 ) ;
#2180 = SURFACE_STYLE_USAGE ( .BOTH. , #6186 ) ;
#2181 = ORIENTED_EDGE ( 'NONE', *, *, #3156, .F. ) ;
#2182 = SURFACE_STYLE_USAGE ( .BOTH. , #9404 ) ;
#2183 = ORIENTED_EDGE ( 'NONE', *, *, #7178, .F. ) ;
#2184 = DIRECTION ( 'NONE',  ( -0.0000000000000000000, 1.000000000000000000, -0.0000000000000000000 ) ) ;
#2185 = ORIENTED_EDGE ( 'NONE', *, *, #7003, .T. ) ;
#2186 = CARTESIAN_POINT ( 'NONE',  ( 10.75000000000000000, 3.399999999999999467, -2.350000000000001865 ) ) ;
#2187 = DIRECTION ( 'NONE',  ( -4.336808689942017736E-16, 0.0000000000000000000, -1.000000000000000000 ) ) ;
#2188 =( NAMED_UNIT ( * ) PLANE_ANGLE_UNIT ( ) SI_UNIT ( $, .RADIAN. ) );
#2189 = EDGE_CURVE ( 'NONE', #185, #1749, #4450, .T. ) ;
#2190 = VECTOR ( 'NONE', #8359, 1000.000000000000114 ) ;
#2191 = DIRECTION ( 'NONE',  ( -1.000000000000000000, 0.0000000000000000000, -0.0000000000000000000 ) ) ;
#2192 =( NAMED_UNIT ( * ) SI_UNIT ( $, .STERADIAN. ) SOLID_ANGLE_UNIT ( ) );
#2193 = ORIENTED_EDGE ( 'NONE', *, *, #7507, .T. ) ;
#2194 = FACE_OUTER_BOUND ( 'NONE', #5672, .T. ) ;
#2195 = FACE_BOUND ( 'NONE', #3683, .T. ) ;
#2196 = ADVANCED_FACE ( 'NONE', ( #10059 ), #1433, .F. ) ;
#2197 = CARTESIAN_POINT ( 'NONE',  ( 5.750000000000000000, -3.399999999999999911, 0.2500000000000002220 ) ) ;
#2198 = UNCERTAINTY_MEASURE_WITH_UNIT (LENGTH_MEASURE( 1.000000000000000082E-05 ), #3699, 'distance_accuracy_value', 'NONE');
#2199 = EDGE_CURVE ( 'NONE', #5977, #2931, #5365, .T. ) ;
#2200 = FILL_AREA_STYLE ('',( #10250 ) ) ;
#2201 = VERTEX_POINT ( 'NONE', #6832 ) ;
#2202 = LINE ( 'NONE', #3786, #5544 ) ;
#2203 = VECTOR ( 'NONE', #1981, 1000.000000000000000 ) ;
#2204 = EDGE_LOOP ( 'NONE', ( #3812, #5259, #6264, #7992 ) ) ;
#2205 = DIRECTION ( 'NONE',  ( 1.000000000000000000, 0.0000000000000000000, 0.0000000000000000000 ) ) ;
#2206 = DIRECTION ( 'NONE',  ( 1.000000000000000000, 0.0000000000000000000, -1.540436225342582858E-17 ) ) ;
#2207 = DIRECTION ( 'NONE',  ( 3.872150616019660190E-17, 1.000000000000000000, -0.0000000000000000000 ) ) ;
#2208 = FILL_AREA_STYLE ('',( #5411 ) ) ;
#2209 = ORIENTED_EDGE ( 'NONE', *, *, #1742, .T. ) ;
#2210 = ADVANCED_FACE ( 'NONE', ( #1207 ), #3840, .F. ) ;
#2211 = EDGE_LOOP ( 'NONE', ( #4133, #9451, #4732, #3937 ) ) ;
#2212 =( GEOMETRIC_REPRESENTATION_CONTEXT ( 3 ) GLOBAL_UNCERTAINTY_ASSIGNED_CONTEXT ( ( #2382 ) ) GLOBAL_UNIT_ASSIGNED_CONTEXT ( ( #5499, #6260, #5644 ) ) REPRESENTATION_CONTEXT ( 'NONE', 'WORKASPACE' ) );
#2213 = LINE ( 'NONE', #1264, #6156 ) ;
#2214 = CARTESIAN_POINT ( 'NONE',  ( 10.75000000000000000, 1.149999999999999911, -2.350000000000001865 ) ) ;
#2215 = PRESENTATION_LAYER_ASSIGNMENT (  '', '', ( #8519 ) ) ;
#2216 = VERTEX_POINT ( 'NONE', #3173 ) ;
#2217 = FILL_AREA_STYLE_COLOUR ( '', #8962 ) ;
#2218 = FACE_OUTER_BOUND ( 'NONE', #2100, .T. ) ;
#2219 = DIRECTION ( 'NONE',  ( 1.000000000000000000, -5.421010862427522170E-17, 0.0000000000000000000 ) ) ;
#2220 = FILL_AREA_STYLE ('',( #10011 ) ) ;
#2221 = UNCERTAINTY_MEASURE_WITH_UNIT (LENGTH_MEASURE( 1.000000000000000082E-05 ), #6660, 'distance_accuracy_value', 'NONE');
#2222 = CARTESIAN_POINT ( 'NONE',  ( -1.949999999999999956, 6.000000000000000000, 1.700000000000000178 ) ) ;
#2223 = DIRECTION ( 'NONE',  ( -3.872150616019660190E-17, -1.000000000000000000, 0.0000000000000000000 ) ) ;
#2224 = ADVANCED_FACE ( 'NONE', ( #3943 ), #7032, .T. ) ;
#2225 = ORIENTED_EDGE ( 'NONE', *, *, #3607, .T. ) ;
#2226 = FILL_AREA_STYLE ('',( #3123 ) ) ;
#2227 = MECHANICAL_DESIGN_GEOMETRIC_PRESENTATION_REPRESENTATION (  '', ( #3250 ), #1399 ) ;
#2228 = FILL_AREA_STYLE ('',( #9456 ) ) ;
#2229 = ORIENTED_EDGE ( 'NONE', *, *, #6576, .T. ) ;
#2230 = CARTESIAN_POINT ( 'NONE',  ( 13.34999999999999787, 5.650000000000000355, 1.249999999999997558 ) ) ;
#2231 = EDGE_LOOP ( 'NONE', ( #6874, #7681, #5658, #1396 ) ) ;
#2232 = DIRECTION ( 'NONE',  ( -0.7071067811865505703, -0.7071067811865444641, 1.662400053425828747E-32 ) ) ;
#2233 = DIRECTION ( 'NONE',  ( -1.000000000000000000, 3.872150616019660190E-17, -0.0000000000000000000 ) ) ;
#2234 = STYLED_ITEM ( 'NONE', ( #4058 ), #7336 ) ;
#2235 = EDGE_CURVE ( 'NONE', #2037, #5618, #4772, .T. ) ;
#2236 = LINE ( 'NONE', #6093, #8340 ) ;
#2237 = DIRECTION ( 'NONE',  ( -4.336808689942017736E-16, 0.0000000000000000000, -1.000000000000000000 ) ) ;
#2238 = ORIENTED_EDGE ( 'NONE', *, *, #1222, .F. ) ;
#2239 = VERTEX_POINT ( 'NONE', #4089 ) ;
#2240 = PRESENTATION_STYLE_ASSIGNMENT (( #8580 ) ) ;
#2241 = AXIS2_PLACEMENT_3D ( 'NONE', #6225, #4668, #7823 ) ;
#2242 = EDGE_CURVE ( 'NONE', #747, #10014, #7925, .T. ) ;
#2243 = CARTESIAN_POINT ( 'NONE',  ( 0.1500000000000021316, -3.399999999999999911, -0.1500000000000021316 ) ) ;
#2244 = CARTESIAN_POINT ( 'NONE',  ( 6.699999999999999289, 0.0000000000000000000, 1.700000000000000178 ) ) ;
#2245 = PRESENTATION_STYLE_ASSIGNMENT (( #9365 ) ) ;
#2246 = CARTESIAN_POINT ( 'NONE',  ( 6.966666666666667673, -2.516666666666663499, -1.033333333333334547 ) ) ;
#2247 = FILL_AREA_STYLE ('',( #1362 ) ) ;
#2248 = PRESENTATION_LAYER_ASSIGNMENT (  '', '', ( #5429 ) ) ;
#2249 = CARTESIAN_POINT ( 'NONE',  ( 11.85000000000000497, 5.100000000000001421, -0.1499999999999969136 ) ) ;
#2250 = PRESENTATION_LAYER_ASSIGNMENT (  '', '', ( #9385 ) ) ;
#2251 = ORIENTED_EDGE ( 'NONE', *, *, #7323, .F. ) ;
#2252 =( LENGTH_UNIT ( ) NAMED_UNIT ( * ) SI_UNIT ( .MILLI., .METRE. ) );
#2253 = ADVANCED_FACE ( 'NONE', ( #3995 ), #2485, .T. ) ;
#2254 = AXIS2_PLACEMENT_3D ( 'NONE', #436, #3637, #9954 ) ;
#2255 = EDGE_CURVE ( 'NONE', #9825, #6422, #10212, .T. ) ;
#2256 = CARTESIAN_POINT ( 'NONE',  ( 0.7499999999999993339, 3.399999999999998579, -2.350000000000001421 ) ) ;
#2257 = ORIENTED_EDGE ( 'NONE', *, *, #9652, .T. ) ;
#2258 = DIRECTION ( 'NONE',  ( -1.000000000000000000, 3.872150616019660190E-17, -0.0000000000000000000 ) ) ;
#2259 = CARTESIAN_POINT ( 'NONE',  ( 13.95000000000000107, 6.000000000000000000, -2.800000000000000711 ) ) ;
#2260 = DIRECTION ( 'NONE',  ( -4.336808689942017736E-16, 0.0000000000000000000, -1.000000000000000000 ) ) ;
#2261 = SURFACE_SIDE_STYLE ('',( #844 ) ) ;
#2262 = VERTEX_POINT ( 'NONE', #1889 ) ;
#2263 =( GEOMETRIC_REPRESENTATION_CONTEXT ( 3 ) GLOBAL_UNCERTAINTY_ASSIGNED_CONTEXT ( ( #199 ) ) GLOBAL_UNIT_ASSIGNED_CONTEXT ( ( #6486, #8223, #4093 ) ) REPRESENTATION_CONTEXT ( 'NONE', 'WORKASPACE' ) );
#2264 = ORIENTED_EDGE ( 'NONE', *, *, #4746, .F. ) ;
#2265 =( NAMED_UNIT ( * ) PLANE_ANGLE_UNIT ( ) SI_UNIT ( $, .RADIAN. ) );
#2266 = COLOUR_RGB ( '',1.000000000000000000, 0.8117647058823529438, 0.5019607843137254832 ) ;
#2267 = AXIS2_PLACEMENT_3D ( 'NONE', #1583, #4777, #7928 ) ;
#2268 = ORIENTED_EDGE ( 'NONE', *, *, #8785, .F. ) ;
#2269 = CARTESIAN_POINT ( 'NONE',  ( 4.750000000000000888, 3.399999999999999467, -2.350000000000001421 ) ) ;
#2270 = EDGE_CURVE ( 'NONE', #3488, #233, #8219, .T. ) ;
#2271 = EDGE_CURVE ( 'NONE', #9211, #794, #6668, .T. ) ;
#2272 =( NAMED_UNIT ( * ) SI_UNIT ( $, .STERADIAN. ) SOLID_ANGLE_UNIT ( ) );
#2273 = VECTOR ( 'NONE', #10157, 1000.000000000000000 ) ;
#2274 = VECTOR ( 'NONE', #5496, 1000.000000000000000 ) ;
#2275 = ORIENTED_EDGE ( 'NONE', *, *, #1472, .T. ) ;
#2276 = LINE ( 'NONE', #5309, #2165 ) ;
#2277 = LINE ( 'NONE', #5469, #7737 ) ;
#2278 = CARTESIAN_POINT ( 'NONE',  ( 11.29999999999999893, 0.0000000000000000000, -2.800000000000000266 ) ) ;
#2279 = CARTESIAN_POINT ( 'NONE',  ( 10.69999999999999929, 0.1999999999999999833, -2.800000000000000266 ) ) ;
#2280 = DIRECTION ( 'NONE',  ( -1.000000000000000000, 3.872150616019660190E-17, 0.0000000000000000000 ) ) ;
#2281 = VERTEX_POINT ( 'NONE', #9827 ) ;
#2282 = PLANE ( 'NONE',  #8602 ) ;
#2283 = VERTEX_POINT ( 'NONE', #2528 ) ;
#2284 = UNCERTAINTY_MEASURE_WITH_UNIT (LENGTH_MEASURE( 1.000000000000000082E-05 ), #3475, 'distance_accuracy_value', 'NONE');
#2285 = STYLED_ITEM ( 'NONE', ( #9097 ), #9046 ) ;
#2286 = CARTESIAN_POINT ( 'NONE',  ( 2.050000000000000266, -3.399999999999999911, 0.1499999999999990785 ) ) ;
#2287 = PRESENTATION_STYLE_ASSIGNMENT (( #7049 ) ) ;
#2288 = EDGE_CURVE ( 'NONE', #3331, #1992, #178, .T. ) ;
#2289 = ORIENTED_EDGE ( 'NONE', *, *, #3029, .F. ) ;
#2290 = FILL_AREA_STYLE_COLOUR ( '', #9485 ) ;
#2291 = CARTESIAN_POINT ( 'NONE',  ( 8.699999999999999289, 0.1999999999999999833, -2.800000000000000266 ) ) ;
#2292 = PLANE ( 'NONE',  #5612 ) ;
#2293 = LINE ( 'NONE', #6145, #9538 ) ;
#2294 = ORIENTED_EDGE ( 'NONE', *, *, #6831, .F. ) ;
#2295 =( GEOMETRIC_REPRESENTATION_CONTEXT ( 3 ) GLOBAL_UNCERTAINTY_ASSIGNED_CONTEXT ( ( #6860 ) ) GLOBAL_UNIT_ASSIGNED_CONTEXT ( ( #194, #8761, #5775 ) ) REPRESENTATION_CONTEXT ( 'NONE', 'WORKASPACE' ) );
#2296 = DIRECTION ( 'NONE',  ( -0.0000000000000000000, -0.0000000000000000000, -1.000000000000000000 ) ) ;
#2297 = FACE_OUTER_BOUND ( 'NONE', #8150, .T. ) ;
#2298 = ORIENTED_EDGE ( 'NONE', *, *, #1055, .T. ) ;
#2299 = UNCERTAINTY_MEASURE_WITH_UNIT (LENGTH_MEASURE( 1.000000000000000082E-05 ), #8171, 'distance_accuracy_value', 'NONE');
#2300 = PRESENTATION_STYLE_ASSIGNMENT (( #6305 ) ) ;
#2301 = FACE_OUTER_BOUND ( 'NONE', #5624, .T. ) ;
#2302 = PRESENTATION_STYLE_ASSIGNMENT (( #6253 ) ) ;
#2303 = VECTOR ( 'NONE', #2566, 1000.000000000000114 ) ;
#2304 = MECHANICAL_DESIGN_GEOMETRIC_PRESENTATION_REPRESENTATION (  '', ( #8753 ), #8100 ) ;
#2305 = PRESENTATION_STYLE_ASSIGNMENT (( #7906 ) ) ;
#2306 = SURFACE_SIDE_STYLE ('',( #937 ) ) ;
#2307 = FACE_OUTER_BOUND ( 'NONE', #3784, .T. ) ;
#2308 = SURFACE_SIDE_STYLE ('',( #3091 ) ) ;
#2309 = UNCERTAINTY_MEASURE_WITH_UNIT (LENGTH_MEASURE( 1.000000000000000082E-05 ), #2674, 'distance_accuracy_value', 'NONE');
#2310 =( GEOMETRIC_REPRESENTATION_CONTEXT ( 3 ) GLOBAL_UNCERTAINTY_ASSIGNED_CONTEXT ( ( #4694 ) ) GLOBAL_UNIT_ASSIGNED_CONTEXT ( ( #7452, #9190, #2012 ) ) REPRESENTATION_CONTEXT ( 'NONE', 'WORKASPACE' ) );
#2311 = SURFACE_STYLE_FILL_AREA ( #9371 ) ;
#2312 = MECHANICAL_DESIGN_GEOMETRIC_PRESENTATION_REPRESENTATION (  '', ( #2487 ), #9276 ) ;
#2313 = ADVANCED_FACE ( 'NONE', ( #9009 ), #3516, .T. ) ;
#2314 = ORIENTED_EDGE ( 'NONE', *, *, #8965, .T. ) ;
#2315 = FILL_AREA_STYLE_COLOUR ( '', #8399 ) ;
#2316 = DIRECTION ( 'NONE',  ( 0.0000000000000000000, -0.0000000000000000000, 1.000000000000000000 ) ) ;
#2317 = CARTESIAN_POINT ( 'NONE',  ( 13.95000000000000107, 6.000000000000000000, 1.699999999999999289 ) ) ;
#2318 =( NAMED_UNIT ( * ) PLANE_ANGLE_UNIT ( ) SI_UNIT ( $, .RADIAN. ) );
#2319 = LINE ( 'NONE', #9380, #913 ) ;
#2320 = MECHANICAL_DESIGN_GEOMETRIC_PRESENTATION_REPRESENTATION (  '', ( #8616 ), #10114 ) ;
#2321 = ORIENTED_EDGE ( 'NONE', *, *, #5080, .F. ) ;
#2322 = ADVANCED_FACE ( 'NONE', ( #6482 ), #1144, .F. ) ;
#2323 = ORIENTED_EDGE ( 'NONE', *, *, #283, .F. ) ;
#2324 = CARTESIAN_POINT ( 'NONE',  ( 0.6999999999999992895, 0.1999999999999999833, -2.800000000000000266 ) ) ;
#2325 = COLOUR_RGB ( '',1.000000000000000000, 0.8117647058823529438, 0.5019607843137254832 ) ;
#2326 = DIRECTION ( 'NONE',  ( 4.336808689942017736E-16, 0.0000000000000000000, 1.000000000000000000 ) ) ;
#2327 = ORIENTED_EDGE ( 'NONE', *, *, #9130, .T. ) ;
#2328 = CARTESIAN_POINT ( 'NONE',  ( 7.249999999999999112, 3.399999999999999467, -2.050000000000001599 ) ) ;
#2329 = SURFACE_SIDE_STYLE ('',( #2899 ) ) ;
#2330 = DIRECTION ( 'NONE',  ( 0.5773502691896225114, 0.5773502691896296168, 0.5773502691896251759 ) ) ;
#2331 = CARTESIAN_POINT ( 'NONE',  ( -0.7000000000000005107, 0.0000000000000000000, 1.700000000000000178 ) ) ;
#2332 = ORIENTED_EDGE ( 'NONE', *, *, #7230, .T. ) ;
#2333 = FACE_OUTER_BOUND ( 'NONE', #2425, .T. ) ;
#2334 = ORIENTED_EDGE ( 'NONE', *, *, #3260, .F. ) ;
#2335 = VECTOR ( 'NONE', #5678, 1000.000000000000000 ) ;
#2336 = EDGE_CURVE ( 'NONE', #7075, #3841, #2634, .T. ) ;
#2337 = MECHANICAL_DESIGN_GEOMETRIC_PRESENTATION_REPRESENTATION (  '', ( #9957 ), #4487 ) ;
#2338 = DIRECTION ( 'NONE',  ( -4.336808689942017736E-16, 0.0000000000000000000, -1.000000000000000000 ) ) ;
#2339 = ORIENTED_EDGE ( 'NONE', *, *, #94, .T. ) ;
#2340 = EDGE_CURVE ( 'NONE', #9601, #4998, #8173, .T. ) ;
#2341 = CIRCLE ( 'NONE', #1145, 0.05000000000000019013 ) ;
#2342 = FILL_AREA_STYLE ('',( #2496 ) ) ;
#2343 = LINE ( 'NONE', #5428, #9281 ) ;
#2344 = MECHANICAL_DESIGN_GEOMETRIC_PRESENTATION_REPRESENTATION (  '', ( #4318 ), #8132 ) ;
#2345 = SURFACE_STYLE_FILL_AREA ( #8617 ) ;
#2346 = PRESENTATION_LAYER_ASSIGNMENT (  '', '', ( #1317 ) ) ;
#2347 = CARTESIAN_POINT ( 'NONE',  ( 9.750000000000000000, 0.2000000000000000111, -0.2499999999999997780 ) ) ;
#2348 = EDGE_LOOP ( 'NONE', ( #4122, #10151, #1148, #3070 ) ) ;
#2349 = ORIENTED_EDGE ( 'NONE', *, *, #9924, .F. ) ;
#2350 = DIRECTION ( 'NONE',  ( -1.000000000000000000, 3.872150616019660190E-17, 0.0000000000000000000 ) ) ;
#2351 = SURFACE_SIDE_STYLE ('',( #1604 ) ) ;
#2352 = SURFACE_STYLE_USAGE ( .BOTH. , #6449 ) ;
#2353 = ORIENTED_EDGE ( 'NONE', *, *, #8567, .T. ) ;
#2354 = EDGE_CURVE ( 'NONE', #2627, #10197, #3680, .T. ) ;
#2355 = ORIENTED_EDGE ( 'NONE', *, *, #9722, .F. ) ;
#2356 =( NAMED_UNIT ( * ) PLANE_ANGLE_UNIT ( ) SI_UNIT ( $, .RADIAN. ) );
#2357 = FACE_OUTER_BOUND ( 'NONE', #364, .T. ) ;
#2358 = CARTESIAN_POINT ( 'NONE',  ( -1.949999999999999956, 1.800000000000000044, -0.2499999999999997780 ) ) ;
#2359 = DIRECTION ( 'NONE',  ( 0.0000000000000000000, 0.0000000000000000000, 1.000000000000000000 ) ) ;
#2360 = CARTESIAN_POINT ( 'NONE',  ( 13.34999999999999787, 1.800000000000001155, 1.249999999999997558 ) ) ;
#2361 =( NAMED_UNIT ( * ) PLANE_ANGLE_UNIT ( ) SI_UNIT ( $, .RADIAN. ) );
#2362 = MECHANICAL_DESIGN_GEOMETRIC_PRESENTATION_REPRESENTATION (  '', ( #9154 ), #7970 ) ;
#2363 =( NAMED_UNIT ( * ) SI_UNIT ( $, .STERADIAN. ) SOLID_ANGLE_UNIT ( ) );
#2364 = FILL_AREA_STYLE ('',( #9587 ) ) ;
#2365 = DIRECTION ( 'NONE',  ( -0.7071067811865505703, -0.7071067811865444641, 1.662400053425828747E-32 ) ) ;
#2366 = ORIENTED_EDGE ( 'NONE', *, *, #3692, .T. ) ;
#2367 = FACE_OUTER_BOUND ( 'NONE', #7086, .T. ) ;
#2368 = COLOUR_RGB ( '',1.000000000000000000, 0.8117647058823529438, 0.5019607843137254832 ) ;
#2369 = LINE ( 'NONE', #7815, #5853 ) ;
#2370 = CARTESIAN_POINT ( 'NONE',  ( 13.95100000000000229, 6.000000000000000000, -0.6800000000000000488 ) ) ;
#2371 = DIRECTION ( 'NONE',  ( -1.000000000000000000, -1.909286844628561475E-16, 0.0000000000000000000 ) ) ;
#2372 = FILL_AREA_STYLE ('',( #7755 ) ) ;
#2373 = AXIS2_PLACEMENT_3D ( 'NONE', #3240, #8754, #4012 ) ;
#2374 = EDGE_CURVE ( 'NONE', #1186, #6602, #4442, .T. ) ;
#2375 = SURFACE_STYLE_FILL_AREA ( #744 ) ;
#2376 = LINE ( 'NONE', #6371, #5347 ) ;
#2377 = SURFACE_STYLE_FILL_AREA ( #8656 ) ;
#2378 = ORIENTED_EDGE ( 'NONE', *, *, #377, .F. ) ;
#2379 =( NAMED_UNIT ( * ) PLANE_ANGLE_UNIT ( ) SI_UNIT ( $, .RADIAN. ) );
#2380 = CARTESIAN_POINT ( 'NONE',  ( 6.049999999999999822, -3.399999999999999911, 0.1499999999999990785 ) ) ;
#2381 = LINE ( 'NONE', #2278, #7883 ) ;
#2382 = UNCERTAINTY_MEASURE_WITH_UNIT (LENGTH_MEASURE( 1.000000000000000082E-05 ), #5499, 'distance_accuracy_value', 'NONE');
#2383 = DIRECTION ( 'NONE',  ( -0.0000000000000000000, 1.000000000000000000, -0.0000000000000000000 ) ) ;
#2384 = SURFACE_SIDE_STYLE ('',( #4782 ) ) ;
#2385 = ORIENTED_EDGE ( 'NONE', *, *, #7834, .T. ) ;
#2386 = VECTOR ( 'NONE', #8212, 999.9999999999998863 ) ;
#2387 = ORIENTED_EDGE ( 'NONE', *, *, #3994, .F. ) ;
#2388 = UNCERTAINTY_MEASURE_WITH_UNIT (LENGTH_MEASURE( 1.000000000000000082E-05 ), #2797, 'distance_accuracy_value', 'NONE');
#2389 = DIRECTION ( 'NONE',  ( 1.927470528863119542E-16, -1.000000000000000000, 0.0000000000000000000 ) ) ;
#2390 = CARTESIAN_POINT ( 'NONE',  ( 1.150000000000000799, 1.799999999999999600, -2.801000000000000600 ) ) ;
#2391 = AXIS2_PLACEMENT_3D ( 'NONE', #160, #2618, #5741 ) ;
#2392 =( NAMED_UNIT ( * ) PLANE_ANGLE_UNIT ( ) SI_UNIT ( $, .RADIAN. ) );
#2393 = LINE ( 'NONE', #8714, #3617 ) ;
#2394 = EDGE_CURVE ( 'NONE', #1818, #51, #9219, .T. ) ;
#2395 = VECTOR ( 'NONE', #9085, 1000.000000000000000 ) ;
#2396 = EDGE_CURVE ( 'NONE', #3668, #8751, #2789, .T. ) ;
#2397 = SURFACE_STYLE_USAGE ( .BOTH. , #5323 ) ;
#2398 = CARTESIAN_POINT ( 'NONE',  ( 9.750000000000000000, -3.399999999999999911, 0.2500000000000002220 ) ) ;
#2399 = ORIENTED_EDGE ( 'NONE', *, *, #2464, .T. ) ;
#2400 = PLANE ( 'NONE',  #5120 ) ;
#2401 = DIRECTION ( 'NONE',  ( -1.000000000000000000, 3.872150616019660190E-17, 0.0000000000000000000 ) ) ;
#2402 =( NAMED_UNIT ( * ) SI_UNIT ( $, .STERADIAN. ) SOLID_ANGLE_UNIT ( ) );
#2403 = ORIENTED_EDGE ( 'NONE', *, *, #8457, .T. ) ;
#2404 = LINE ( 'NONE', #667, #7138 ) ;
#2405 = VECTOR ( 'NONE', #8030, 1000.000000000000000 ) ;
#2406 =( NAMED_UNIT ( * ) PLANE_ANGLE_UNIT ( ) SI_UNIT ( $, .RADIAN. ) );
#2407 = UNCERTAINTY_MEASURE_WITH_UNIT (LENGTH_MEASURE( 1.000000000000000082E-05 ), #939, 'distance_accuracy_value', 'NONE');
#2408 = COLOUR_RGB ( '',0.7921568627450980005, 0.8196078431372548767, 0.9333333333333333481 ) ;
#2409 = LINE ( 'NONE', #3407, #5800 ) ;
#2410 = VECTOR ( 'NONE', #2018, 1000.000000000000000 ) ;
#2411 = EDGE_CURVE ( 'NONE', #2262, #8338, #7047, .T. ) ;
#2412 = PLANE ( 'NONE',  #4841 ) ;
#2413 = ORIENTED_EDGE ( 'NONE', *, *, #466, .T. ) ;
#2414 = FILL_AREA_STYLE ('',( #1614 ) ) ;
#2415 = SURFACE_SIDE_STYLE ('',( #3205 ) ) ;
#2416 = DIRECTION ( 'NONE',  ( 0.0000000000000000000, 1.000000000000000000, 0.0000000000000000000 ) ) ;
#2417 = CARTESIAN_POINT ( 'NONE',  ( 7.166666666666666963, -4.383333333333332860, -0.8333333333333330373 ) ) ;
#2418 = ORIENTED_EDGE ( 'NONE', *, *, #7852, .F. ) ;
#2419 = PRESENTATION_STYLE_ASSIGNMENT (( #68 ) ) ;
#2420 = PRESENTATION_LAYER_ASSIGNMENT (  '', '', ( #2568 ) ) ;
#2421 = VECTOR ( 'NONE', #5201, 1000.000000000000000 ) ;
#2422 = EDGE_CURVE ( 'NONE', #8369, #9661, #2885, .T. ) ;
#2423 = LINE ( 'NONE', #7916, #3214 ) ;
#2424 =( GEOMETRIC_REPRESENTATION_CONTEXT ( 3 ) GLOBAL_UNCERTAINTY_ASSIGNED_CONTEXT ( ( #1025 ) ) GLOBAL_UNIT_ASSIGNED_CONTEXT ( ( #985, #7514, #8991 ) ) REPRESENTATION_CONTEXT ( 'NONE', 'WORKASPACE' ) );
#2425 = EDGE_LOOP ( 'NONE', ( #7430, #6151, #3567, #3652 ) ) ;
#2426 = VECTOR ( 'NONE', #4673, 1000.000000000000114 ) ;
#2427 = LINE ( 'NONE', #8693, #3291 ) ;
#2428 = PRESENTATION_STYLE_ASSIGNMENT (( #1729 ) ) ;
#2429 =( GEOMETRIC_REPRESENTATION_CONTEXT ( 3 ) GLOBAL_UNCERTAINTY_ASSIGNED_CONTEXT ( ( #10053 ) ) GLOBAL_UNIT_ASSIGNED_CONTEXT ( ( #5857, #1941, #8264 ) ) REPRESENTATION_CONTEXT ( 'NONE', 'WORKASPACE' ) );
#2430 = ORIENTED_EDGE ( 'NONE', *, *, #224, .T. ) ;
#2431 = DIRECTION ( 'NONE',  ( -0.0000000000000000000, 1.000000000000000000, 0.0000000000000000000 ) ) ;
#2432 = VECTOR ( 'NONE', #8868, 1000.000000000000000 ) ;
#2433 = DIRECTION ( 'NONE',  ( -1.475104996578918079E-17, 0.0000000000000000000, -1.000000000000000000 ) ) ;
#2434 = SURFACE_STYLE_USAGE ( .BOTH. , #6372 ) ;
#2435 = CARTESIAN_POINT ( 'NONE',  ( 8.250000000000000000, 4.999999999999997335, 0.2500000000000002220 ) ) ;
#2436 = FILL_AREA_STYLE_COLOUR ( '', #4098 ) ;
#2437 = PLANE ( 'NONE',  #8215 ) ;
#2438 = DIRECTION ( 'NONE',  ( -3.833233541708433496E-17, -0.7071067811865472397, -0.7071067811865479058 ) ) ;
#2439 = VERTEX_POINT ( 'NONE', #9989 ) ;
#2440 = UNCERTAINTY_MEASURE_WITH_UNIT (LENGTH_MEASURE( 1.000000000000000082E-05 ), #8762, 'distance_accuracy_value', 'NONE');
#2441 = CARTESIAN_POINT ( 'NONE',  ( 12.67999999999999616, 6.000000000000000000, 1.700000000000000178 ) ) ;
#2442 = VERTEX_POINT ( 'NONE', #5244 ) ;
#2443 = VECTOR ( 'NONE', #8757, 1000.000000000000000 ) ;
#2444 = VERTEX_POINT ( 'NONE', #471 ) ;
#2445 = DIRECTION ( 'NONE',  ( -1.000000000000000000, -0.0000000000000000000, -0.0000000000000000000 ) ) ;
#2446 = ORIENTED_EDGE ( 'NONE', *, *, #5959, .T. ) ;
#2447 = MECHANICAL_DESIGN_GEOMETRIC_PRESENTATION_REPRESENTATION (  '', ( #2776 ), #6893 ) ;
#2448 = FILL_AREA_STYLE ('',( #5722 ) ) ;
#2449 = STYLED_ITEM ( 'NONE', ( #9840 ), #8537 ) ;
#2450 =( LENGTH_UNIT ( ) NAMED_UNIT ( * ) SI_UNIT ( .MILLI., .METRE. ) );
#2451 = LINE ( 'NONE', #7146, #359 ) ;
#2452 = ORIENTED_EDGE ( 'NONE', *, *, #4188, .T. ) ;
#2453 = LINE ( 'NONE', #8091, #3273 ) ;
#2454 = PLANE ( 'NONE',  #111 ) ;
#2455 = DIRECTION ( 'NONE',  ( 0.0000000000000000000, 0.0000000000000000000, -1.000000000000000000 ) ) ;
#2456 = EDGE_LOOP ( 'NONE', ( #8396, #5733, #7810, #10159 ) ) ;
#2457 = EDGE_LOOP ( 'NONE', ( #3092, #4101, #5406, #8162 ) ) ;
#2458 = LINE ( 'NONE', #4796, #7283 ) ;
#2459 = EDGE_LOOP ( 'NONE', ( #2796, #3249, #5666, #5516 ) ) ;
#2460 = VECTOR ( 'NONE', #444, 1000.000000000000000 ) ;
#2461 = UNCERTAINTY_MEASURE_WITH_UNIT (LENGTH_MEASURE( 1.000000000000000082E-05 ), #1976, 'distance_accuracy_value', 'NONE');
#2462 = CARTESIAN_POINT ( 'NONE',  ( 3.750000000000000444, -3.299999999999998490, -0.2499999999999997780 ) ) ;
#2463 = SURFACE_SIDE_STYLE ('',( #103 ) ) ;
#2464 = EDGE_CURVE ( 'NONE', #4242, #9787, #4492, .T. ) ;
#2465 = CARTESIAN_POINT ( 'NONE',  ( 6.049999999999999822, -3.399999999999999911, -0.1499999999999986622 ) ) ;
#2466 = PRESENTATION_LAYER_ASSIGNMENT (  '', '', ( #121 ) ) ;
#2467 = PLANE ( 'NONE',  #995 ) ;
#2468 = ORIENTED_EDGE ( 'NONE', *, *, #1678, .T. ) ;
#2469 = DIRECTION ( 'NONE',  ( -1.000000000000000000, 0.0000000000000000000, 1.540436225342582858E-17 ) ) ;
#2470 = CARTESIAN_POINT ( 'NONE',  ( 11.16666666666666607, -4.383333333333332860, -0.8333333333333330373 ) ) ;
#2471 = CARTESIAN_POINT ( 'NONE',  ( 12.69999999999999929, 0.1999999999999999833, -2.800000000000000266 ) ) ;
#2472 = FILL_AREA_STYLE ('',( #3824 ) ) ;
#2473 = CARTESIAN_POINT ( 'NONE',  ( 12.21999999999999709, 2.250000000000001776, 1.700000000000000178 ) ) ;
#2474 = ORIENTED_EDGE ( 'NONE', *, *, #2962, .T. ) ;
#2475 =( NAMED_UNIT ( * ) PLANE_ANGLE_UNIT ( ) SI_UNIT ( $, .RADIAN. ) );
#2476 = EDGE_CURVE ( 'NONE', #9745, #9952, #9879, .T. ) ;
#2477 = ADVANCED_FACE ( 'NONE', ( #3622 ), #8480, .F. ) ;
#2478 = PLANE ( 'NONE',  #2483 ) ;
#2479 = CARTESIAN_POINT ( 'NONE',  ( 6.125500000000002387, -1.825499999999999012, 0.3199999999999999512 ) ) ;
#2480 = CARTESIAN_POINT ( 'NONE',  ( 0.0000000000000000000, -3.541421356237309581, 0.0000000000000000000 ) ) ;
#2481 = EDGE_LOOP ( 'NONE', ( #10150, #5952, #6493, #9188 ) ) ;
#2482 = COLOUR_RGB ( '',1.000000000000000000, 1.000000000000000000, 1.000000000000000000 ) ;
#2483 = AXIS2_PLACEMENT_3D ( 'NONE', #7369, #8782, #3267 ) ;
#2484 = EDGE_CURVE ( 'NONE', #9171, #9015, #2202, .T. ) ;
#2485 = PLANE ( 'NONE',  #2241 ) ;
#2486 = VECTOR ( 'NONE', #3953, 1000.000000000000000 ) ;
#2487 = STYLED_ITEM ( 'NONE', ( #9816 ), #3735 ) ;
#2488 = DIRECTION ( 'NONE',  ( -1.000000000000000000, 0.0000000000000000000, -0.0000000000000000000 ) ) ;
#2489 = CARTESIAN_POINT ( 'NONE',  ( -0.2500000000000004441, 0.2000000000000000111, -0.2499999999999997780 ) ) ;
#2490 = LINE ( 'NONE', #7037, #2571 ) ;
#2491 = UNCERTAINTY_MEASURE_WITH_UNIT (LENGTH_MEASURE( 1.000000000000000082E-05 ), #6699, 'distance_accuracy_value', 'NONE');
#2492 = LINE ( 'NONE', #7981, #4544 ) ;
#2493 = CARTESIAN_POINT ( 'NONE',  ( 8.149999999999996803, 5.100000000000001421, -0.1499999999999969136 ) ) ;
#2494 = EDGE_LOOP ( 'NONE', ( #8038, #6034, #1809, #9147 ) ) ;
#2495 = STYLED_ITEM ( 'NONE', ( #4554 ), #5477 ) ;
#2496 = FILL_AREA_STYLE_COLOUR ( '', #6830 ) ;
#2497 = CARTESIAN_POINT ( 'NONE',  ( 6.149999999999997691, -3.399999999999999911, 0.2500000000000002220 ) ) ;
#2498 = EDGE_LOOP ( 'NONE', ( #8371, #3003, #8106, #4666 ) ) ;
#2499 = CARTESIAN_POINT ( 'NONE',  ( 12.67999999999999616, 4.230000000000001315, 1.599999999999999867 ) ) ;
#2500 = DIRECTION ( 'NONE',  ( 3.872150616019660190E-17, 1.000000000000000000, -0.0000000000000000000 ) ) ;
#2501 = FILL_AREA_STYLE ('',( #10278 ) ) ;
#2502 = ORIENTED_EDGE ( 'NONE', *, *, #3477, .T. ) ;
#2503 = ORIENTED_EDGE ( 'NONE', *, *, #2001, .T. ) ;
#2504 = SURFACE_STYLE_FILL_AREA ( #7152 ) ;
#2505 = FACE_OUTER_BOUND ( 'NONE', #7436, .T. ) ;
#2506 = ORIENTED_EDGE ( 'NONE', *, *, #6321, .F. ) ;
#2507 = EDGE_CURVE ( 'NONE', #3284, #4823, #9323, .T. ) ;
#2508 = SURFACE_SIDE_STYLE ('',( #203 ) ) ;
#2509 = PLANE ( 'NONE',  #9201 ) ;
#2510 = EDGE_CURVE ( 'NONE', #754, #9211, #10106, .T. ) ;
#2511 =( NAMED_UNIT ( * ) PLANE_ANGLE_UNIT ( ) SI_UNIT ( $, .RADIAN. ) );
#2512 = FILL_AREA_STYLE_COLOUR ( '', #58 ) ;
#2513 = LINE ( 'NONE', #2076, #6497 ) ;
#2514 = EDGE_LOOP ( 'NONE', ( #5414, #9646, #4978, #4723 ) ) ;
#2515 =( NAMED_UNIT ( * ) PLANE_ANGLE_UNIT ( ) SI_UNIT ( $, .RADIAN. ) );
#2516 = SURFACE_SIDE_STYLE ('',( #9636 ) ) ;
#2517 = VECTOR ( 'NONE', #8508, 1000.000000000000000 ) ;
#2518 = LINE ( 'NONE', #6571, #4028 ) ;
#2519 = SURFACE_STYLE_FILL_AREA ( #5047 ) ;
#2520 = EDGE_CURVE ( 'NONE', #665, #5322, #6170, .T. ) ;
#2521 = EDGE_CURVE ( 'NONE', #3431, #1045, #370, .T. ) ;
#2522 = FACE_OUTER_BOUND ( 'NONE', #4909, .T. ) ;
#2523 = CYLINDRICAL_SURFACE ( 'NONE', #6361, 0.4999999999999995559 ) ;
#2524 = VERTEX_POINT ( 'NONE', #5609 ) ;
#2525 = ORIENTED_EDGE ( 'NONE', *, *, #3994, .T. ) ;
#2526 = COLOUR_RGB ( '',1.000000000000000000, 0.8117647058823529438, 0.5019607843137254832 ) ;
#2527 = CARTESIAN_POINT ( 'NONE',  ( -0.7000000000000005107, 0.0000000000000000000, -2.800000000000000266 ) ) ;
#2528 = CARTESIAN_POINT ( 'NONE',  ( 13.95000000000000107, 6.000000000000000000, 0.3200000000000017275 ) ) ;
#2529 = EDGE_CURVE ( 'NONE', #7874, #2146, #3215, .T. ) ;
#2530 = ORIENTED_EDGE ( 'NONE', *, *, #5605, .F. ) ;
#2531 = DIRECTION ( 'NONE',  ( 0.5773502691896258421, -0.5773502691896259531, -0.5773502691896255090 ) ) ;
#2532 = LINE ( 'NONE', #5714, #9723 ) ;
#2533 = VERTEX_POINT ( 'NONE', #787 ) ;
#2534 = DIRECTION ( 'NONE',  ( 0.7071067811865474617, 0.7071067811865474617, 1.362927481496332321E-16 ) ) ;
#2535 = CARTESIAN_POINT ( 'NONE',  ( 10.24999999999999822, 1.800000000000000044, 0.2500000000000002220 ) ) ;
#2536 = EDGE_LOOP ( 'NONE', ( #1556, #5397, #6834, #422 ) ) ;
#2537 = MECHANICAL_DESIGN_GEOMETRIC_PRESENTATION_REPRESENTATION (  '', ( #6524 ), #1698 ) ;
#2538 = CARTESIAN_POINT ( 'NONE',  ( 5.750000000000000000, 0.2000000000000000111, -0.2499999999999997780 ) ) ;
#2539 = ORIENTED_EDGE ( 'NONE', *, *, #9620, .T. ) ;
#2540 = LINE ( 'NONE', #7245, #5510 ) ;
#2541 = CARTESIAN_POINT ( 'NONE',  ( 10.69999999999999929, 0.0000000000000000000, -2.800000000000000266 ) ) ;
#2542 =( NAMED_UNIT ( * ) SI_UNIT ( $, .STERADIAN. ) SOLID_ANGLE_UNIT ( ) );
#2543 = SURFACE_SIDE_STYLE ('',( #2504 ) ) ;
#2544 = DIRECTION ( 'NONE',  ( 1.000000000000000000, -3.872150616019660190E-17, -4.336808689942017736E-16 ) ) ;
#2545 = LINE ( 'NONE', #5732, #2432 ) ;
#2546 = CARTESIAN_POINT ( 'NONE',  ( 13.17999999999999794, 2.250000000000001776, 1.249999999999997558 ) ) ;
#2547 = VECTOR ( 'NONE', #4967, 1000.000000000000000 ) ;
#2548 = LINE ( 'NONE', #1611, #4462 ) ;
#2549 = MECHANICAL_DESIGN_GEOMETRIC_PRESENTATION_REPRESENTATION (  '', ( #216 ), #5061 ) ;
#2550 = EDGE_CURVE ( 'NONE', #9355, #7777, #1476, .T. ) ;
#2551 = CARTESIAN_POINT ( 'NONE',  ( 0.6999999999999992895, 0.1999999999999999833, -2.800000000000000266 ) ) ;
#2552 = LINE ( 'NONE', #4215, #7379 ) ;
#2553 = CARTESIAN_POINT ( 'NONE',  ( 7.750000000000000000, -3.399999999999999911, -0.2499999999999997780 ) ) ;
#2554 = ORIENTED_EDGE ( 'NONE', *, *, #3435, .F. ) ;
#2555 = SURFACE_STYLE_USAGE ( .BOTH. , #983 ) ;
#2556 = SURFACE_STYLE_USAGE ( .BOTH. , #5017 ) ;
#2557 = CARTESIAN_POINT ( 'NONE',  ( 6.249999999999998224, 4.999999999999997335, 0.2500000000000002220 ) ) ;
#2558 = VECTOR ( 'NONE', #2534, 1000.000000000000114 ) ;
#2559 = DIRECTION ( 'NONE',  ( 1.032573497605242347E-16, -1.000000000000000000, 0.0000000000000000000 ) ) ;
#2560 = CARTESIAN_POINT ( 'NONE',  ( 5.250000000000000888, 1.149999999999999911, -2.050000000000001599 ) ) ;
#2561 =( GEOMETRIC_REPRESENTATION_CONTEXT ( 3 ) GLOBAL_UNCERTAINTY_ASSIGNED_CONTEXT ( ( #4678 ) ) GLOBAL_UNIT_ASSIGNED_CONTEXT ( ( #8935, #1029, #6607 ) ) REPRESENTATION_CONTEXT ( 'NONE', 'WORKASPACE' ) );
#2562 = LINE ( 'NONE', #7371, #4692 ) ;
#2563 = VECTOR ( 'NONE', #3621, 1000.000000000000000 ) ;
#2564 = CARTESIAN_POINT ( 'NONE',  ( 13.17999999999999794, 2.250000000000001776, 1.700000000000000178 ) ) ;
#2565 = CARTESIAN_POINT ( 'NONE',  ( 11.29999999999999893, 0.2000000000000000389, 0.2500000000000002220 ) ) ;
#2566 = DIRECTION ( 'NONE',  ( 0.0000000000000000000, -0.7071067811865451302, 0.7071067811865500152 ) ) ;
#2567 = ORIENTED_EDGE ( 'NONE', *, *, #6197, .T. ) ;
#2568 = STYLED_ITEM ( 'NONE', ( #5729 ), #7325 ) ;
#2569 = EDGE_CURVE ( 'NONE', #4861, #2283, #25, .T. ) ;
#2570 = MECHANICAL_DESIGN_GEOMETRIC_PRESENTATION_REPRESENTATION (  '', ( #5905 ), #5590 ) ;
#2571 = VECTOR ( 'NONE', #3117, 1000.000000000000000 ) ;
#2572 =( NAMED_UNIT ( * ) SI_UNIT ( $, .STERADIAN. ) SOLID_ANGLE_UNIT ( ) );
#2573 = COLOUR_RGB ( '',1.000000000000000000, 0.8117647058823529438, 0.5019607843137254832 ) ;
#2574 = FILL_AREA_STYLE_COLOUR ( '', #490 ) ;
#2575 = FACE_OUTER_BOUND ( 'NONE', #7016, .T. ) ;
#2576 = SURFACE_STYLE_FILL_AREA ( #8082 ) ;
#2577 = ORIENTED_EDGE ( 'NONE', *, *, #9758, .T. ) ;
#2578 = DIRECTION ( 'NONE',  ( 0.7071067811865475727, 0.7071067811865475727, 0.0000000000000000000 ) ) ;
#2579 = ORIENTED_EDGE ( 'NONE', *, *, #5224, .F. ) ;
#2580 =( NAMED_UNIT ( * ) PLANE_ANGLE_UNIT ( ) SI_UNIT ( $, .RADIAN. ) );
#2581 = ORIENTED_EDGE ( 'NONE', *, *, #1429, .F. ) ;
#2582 =( LENGTH_UNIT ( ) NAMED_UNIT ( * ) SI_UNIT ( .MILLI., .METRE. ) );
#2583 = COLOUR_RGB ( '',1.000000000000000000, 0.8117647058823529438, 0.5019607843137254832 ) ;
#2584 = ADVANCED_FACE ( 'NONE', ( #6970 ), #7078, .T. ) ;
#2585 = EDGE_CURVE ( 'NONE', #5295, #7944, #2423, .T. ) ;
#2586 = DIRECTION ( 'NONE',  ( -0.0000000000000000000, -0.0000000000000000000, 1.000000000000000000 ) ) ;
#2587 = VECTOR ( 'NONE', #4240, 1000.000000000000000 ) ;
#2588 =( GEOMETRIC_REPRESENTATION_CONTEXT ( 3 ) GLOBAL_UNCERTAINTY_ASSIGNED_CONTEXT ( ( #1883 ) ) GLOBAL_UNIT_ASSIGNED_CONTEXT ( ( #4573, #1475, #1397 ) ) REPRESENTATION_CONTEXT ( 'NONE', 'WORKASPACE' ) );
#2589 = AXIS2_PLACEMENT_3D ( 'NONE', #9853, #5937, #2713 ) ;
#2590 = VERTEX_POINT ( 'NONE', #1624 ) ;
#2591 =( NAMED_UNIT ( * ) SI_UNIT ( $, .STERADIAN. ) SOLID_ANGLE_UNIT ( ) );
#2592 = CARTESIAN_POINT ( 'NONE',  ( 13.17999999999999794, 4.230000000000001315, 1.249999999999997558 ) ) ;
#2593 = DIRECTION ( 'NONE',  ( -5.421010862427522170E-17, -1.000000000000000000, 2.350988701644575016E-32 ) ) ;
#2594 = DIRECTION ( 'NONE',  ( -0.0000000000000000000, -0.0000000000000000000, 1.000000000000000000 ) ) ;
#2595 = DIRECTION ( 'NONE',  ( -0.0000000000000000000, -0.0000000000000000000, -1.000000000000000000 ) ) ;
#2596 = PRESENTATION_STYLE_ASSIGNMENT (( #4111 ) ) ;
#2597 = LINE ( 'NONE', #4164, #5185 ) ;
#2598 = ORIENTED_EDGE ( 'NONE', *, *, #9893, .F. ) ;
#2599 = ORIENTED_EDGE ( 'NONE', *, *, #7972, .T. ) ;
#2600 =( NAMED_UNIT ( * ) SI_UNIT ( $, .STERADIAN. ) SOLID_ANGLE_UNIT ( ) );
#2601 = VERTEX_POINT ( 'NONE', #5648 ) ;
#2602 = VECTOR ( 'NONE', #5807, 1000.000000000000114 ) ;
#2603 = UNCERTAINTY_MEASURE_WITH_UNIT (LENGTH_MEASURE( 1.000000000000000082E-05 ), #10010, 'distance_accuracy_value', 'NONE');
#2604 = AXIS2_PLACEMENT_3D ( 'NONE', #337, #5921, #8972 ) ;
#2605 = LINE ( 'NONE', #5783, #9888 ) ;
#2606 = EDGE_CURVE ( 'NONE', #2629, #8728, #8648, .T. ) ;
#2607 = PLANE ( 'NONE',  #9249 ) ;
#2608 = UNCERTAINTY_MEASURE_WITH_UNIT (LENGTH_MEASURE( 1.000000000000000082E-05 ), #8071, 'distance_accuracy_value', 'NONE');
#2609 =( GEOMETRIC_REPRESENTATION_CONTEXT ( 3 ) GLOBAL_UNCERTAINTY_ASSIGNED_CONTEXT ( ( #9270 ) ) GLOBAL_UNIT_ASSIGNED_CONTEXT ( ( #8560, #7767, #4675 ) ) REPRESENTATION_CONTEXT ( 'NONE', 'WORKASPACE' ) );
#2610 = DIRECTION ( 'NONE',  ( 0.0000000000000000000, 0.0000000000000000000, -1.000000000000000000 ) ) ;
#2611 =( NAMED_UNIT ( * ) PLANE_ANGLE_UNIT ( ) SI_UNIT ( $, .RADIAN. ) );
#2612 = EDGE_LOOP ( 'NONE', ( #4717, #8777, #55, #2116, #5996, #1321 ) ) ;
#2613 = STYLED_ITEM ( 'NONE', ( #2927 ), #75 ) ;
#2614 = LINE ( 'NONE', #2768, #8349 ) ;
#2615 = ORIENTED_EDGE ( 'NONE', *, *, #5754, .F. ) ;
#2616 = COLOUR_RGB ( '',1.000000000000000000, 0.8117647058823529438, 0.5019607843137254832 ) ;
#2617 = CARTESIAN_POINT ( 'NONE',  ( 4.750000000000000888, 1.149999999999999911, -2.050000000000001599 ) ) ;
#2618 = DIRECTION ( 'NONE',  ( 0.0000000000000000000, 0.0000000000000000000, 1.000000000000000000 ) ) ;
#2619 = CARTESIAN_POINT ( 'NONE',  ( 6.249999999999998224, 1.800000000000000044, -2.800000000000000266 ) ) ;
#2620 = MECHANICAL_DESIGN_GEOMETRIC_PRESENTATION_REPRESENTATION (  '', ( #1261 ), #6268 ) ;
#2621 = DIRECTION ( 'NONE',  ( 0.0000000000000000000, 0.0000000000000000000, 1.000000000000000000 ) ) ;
#2622 = DIRECTION ( 'NONE',  ( -1.032573497605242471E-16, 1.000000000000000000, 0.0000000000000000000 ) ) ;
#2623 = VECTOR ( 'NONE', #1946, 1000.000000000000000 ) ;
#2624 = MECHANICAL_DESIGN_GEOMETRIC_PRESENTATION_REPRESENTATION (  '', ( #777 ), #4787 ) ;
#2625 = VERTEX_POINT ( 'NONE', #9373 ) ;
#2626 = DIRECTION ( 'NONE',  ( 0.0000000000000000000, -1.000000000000000000, 0.0000000000000000000 ) ) ;
#2627 = VERTEX_POINT ( 'NONE', #8783 ) ;
#2628 = LINE ( 'NONE', #4923, #10168 ) ;
#2629 = VERTEX_POINT ( 'NONE', #2256 ) ;
#2630 = EDGE_LOOP ( 'NONE', ( #72, #9352, #5331, #5443, #4337, #1613, #1344, #2598, #8604, #2791, #5452, #3918, #10073, #7720 ) ) ;
#2631 = ORIENTED_EDGE ( 'NONE', *, *, #5884, .T. ) ;
#2632 = EDGE_CURVE ( 'NONE', #6633, #4836, #2369, .T. ) ;
#2633 = DIRECTION ( 'NONE',  ( 3.872150616019660190E-17, 1.000000000000000000, -0.0000000000000000000 ) ) ;
#2634 = LINE ( 'NONE', #8952, #5256 ) ;
#2635 = ORIENTED_EDGE ( 'NONE', *, *, #1620, .T. ) ;
#2636 = VERTEX_POINT ( 'NONE', #841 ) ;
#2637 = LINE ( 'NONE', #9119, #6967 ) ;
#2638 = CARTESIAN_POINT ( 'NONE',  ( 10.08333333333333215, 5.166666666666665186, -0.08333333333333370341 ) ) ;
#2639 =( NAMED_UNIT ( * ) PLANE_ANGLE_UNIT ( ) SI_UNIT ( $, .RADIAN. ) );
#2640 = MECHANICAL_DESIGN_GEOMETRIC_PRESENTATION_REPRESENTATION (  '', ( #3172 ), #6476 ) ;
#2641 = ADVANCED_FACE ( 'NONE', ( #7165 ), #71, .F. ) ;
#2642 = VECTOR ( 'NONE', #5507, 1000.000000000000000 ) ;
#2643 = EDGE_LOOP ( 'NONE', ( #3234, #4593, #1884, #1715 ) ) ;
#2644 = SURFACE_SIDE_STYLE ('',( #6243 ) ) ;
#2645 = CARTESIAN_POINT ( 'NONE',  ( 11.75000000000000000, 4.999999999999997335, 0.2500000000000002220 ) ) ;
#2646 = DIRECTION ( 'NONE',  ( 3.872150616019660190E-17, 1.000000000000000000, 0.0000000000000000000 ) ) ;
#2647 = VECTOR ( 'NONE', #9918, 1000.000000000000000 ) ;
#2648 = VERTEX_POINT ( 'NONE', #8835 ) ;
#2649 =( NAMED_UNIT ( * ) SI_UNIT ( $, .STERADIAN. ) SOLID_ANGLE_UNIT ( ) );
#2650 = FILL_AREA_STYLE ('',( #1210 ) ) ;
#2651 = FILL_AREA_STYLE_COLOUR ( '', #6404 ) ;
#2652 = EDGE_CURVE ( 'NONE', #9550, #959, #1080, .T. ) ;
#2653 = FILL_AREA_STYLE ('',( #5681 ) ) ;
#2654 = EDGE_CURVE ( 'NONE', #5322, #772, #4183, .T. ) ;
#2655 = CARTESIAN_POINT ( 'NONE',  ( 1.150000000000000799, 1.800000000000001155, 1.249999999999997558 ) ) ;
#2656 =( GEOMETRIC_REPRESENTATION_CONTEXT ( 3 ) GLOBAL_UNCERTAINTY_ASSIGNED_CONTEXT ( ( #716 ) ) GLOBAL_UNIT_ASSIGNED_CONTEXT ( ( #9228, #2475, #837 ) ) REPRESENTATION_CONTEXT ( 'NONE', 'WORKASPACE' ) );
#2657 = ORIENTED_EDGE ( 'NONE', *, *, #23, .F. ) ;
#2658 = SURFACE_SIDE_STYLE ('',( #8981 ) ) ;
#2659 = EDGE_LOOP ( 'NONE', ( #3688, #9628, #6395, #6734, #85 ) ) ;
#2660 = AXIS2_PLACEMENT_3D ( 'NONE', #7847, #3912, #715 ) ;
#2661 = PRESENTATION_LAYER_ASSIGNMENT (  '', '', ( #3493 ) ) ;
#2662 = SURFACE_STYLE_USAGE ( .BOTH. , #2508 ) ;
#2663 = LINE ( 'NONE', #1718, #3611 ) ;
#2664 = EDGE_CURVE ( 'NONE', #863, #602, #2562, .T. ) ;
#2665 = DIRECTION ( 'NONE',  ( 0.0000000000000000000, -0.0000000000000000000, 1.000000000000000000 ) ) ;
#2666 = SURFACE_STYLE_USAGE ( .BOTH. , #4914 ) ;
#2667 = ORIENTED_EDGE ( 'NONE', *, *, #1849, .F. ) ;
#2668 = STYLED_ITEM ( 'NONE', ( #6453 ), #5710 ) ;
#2669 = PRESENTATION_STYLE_ASSIGNMENT (( #8158 ) ) ;
#2670 = AXIS2_PLACEMENT_3D ( 'NONE', #7015, #10246, #4649 ) ;
#2671 = SURFACE_STYLE_FILL_AREA ( #9771 ) ;
#2672 = PRESENTATION_LAYER_ASSIGNMENT (  '', '', ( #6491 ) ) ;
#2673 = ORIENTED_EDGE ( 'NONE', *, *, #8855, .T. ) ;
#2674 =( LENGTH_UNIT ( ) NAMED_UNIT ( * ) SI_UNIT ( .MILLI., .METRE. ) );
#2675 = CARTESIAN_POINT ( 'NONE',  ( -0.2500000000000002220, -3.300000000000002043, 0.2500000000000002220 ) ) ;
#2676 = VECTOR ( 'NONE', #4207, 1000.000000000000000 ) ;
#2677 = ORIENTED_EDGE ( 'NONE', *, *, #4893, .T. ) ;
#2678 = VECTOR ( 'NONE', #9299, 1000.000000000000000 ) ;
#2679 = SURFACE_SIDE_STYLE ('',( #755 ) ) ;
#2680 = VECTOR ( 'NONE', #6198, 1000.000000000000000 ) ;
#2681 = ORIENTED_EDGE ( 'NONE', *, *, #3260, .T. ) ;
#2682 = FILL_AREA_STYLE_COLOUR ( '', #5824 ) ;
#2683 = CARTESIAN_POINT ( 'NONE',  ( 5.750000000000000000, 0.2000000000000000111, -2.800000000000000266 ) ) ;
#2684 = EDGE_CURVE ( 'NONE', #7334, #2912, #8011, .T. ) ;
#2685 = VERTEX_POINT ( 'NONE', #5073 ) ;
#2686 = CARTESIAN_POINT ( 'NONE',  ( 9.299999999999998934, 0.2000000000000000389, 1.700000000000000178 ) ) ;
#2687 = DIRECTION ( 'NONE',  ( 0.5773502691896241767, 0.5773502691896288397, 0.5773502691896242878 ) ) ;
#2688 = LINE ( 'NONE', #5808, #6232 ) ;
#2689 = ORIENTED_EDGE ( 'NONE', *, *, #1447, .T. ) ;
#2690 = CARTESIAN_POINT ( 'NONE',  ( 5.874499999999997613, -1.825499999999999012, 0.3199999999999999512 ) ) ;
#2691 = SURFACE_STYLE_FILL_AREA ( #6630 ) ;
#2692 = EDGE_LOOP ( 'NONE', ( #584, #1361 ) ) ;
#2693 = LINE ( 'NONE', #9747, #149 ) ;
#2694 = CARTESIAN_POINT ( 'NONE',  ( 5.299999999999998934, 0.2000000000000000389, -2.800000000000000266 ) ) ;
#2695 = PRESENTATION_LAYER_ASSIGNMENT (  '', '', ( #4512 ) ) ;
#2696 = DIRECTION ( 'NONE',  ( 3.872150616019660190E-17, 1.000000000000000000, -0.0000000000000000000 ) ) ;
#2697 = LINE ( 'NONE', #8281, #3941 ) ;
#2698 = FILL_AREA_STYLE ('',( #9841 ) ) ;
#2699 = FILL_AREA_STYLE_COLOUR ( '', #387 ) ;
#2700 =( LENGTH_UNIT ( ) NAMED_UNIT ( * ) SI_UNIT ( .MILLI., .METRE. ) );
#2701 =( LENGTH_UNIT ( ) NAMED_UNIT ( * ) SI_UNIT ( .MILLI., .METRE. ) );
#2702 = CARTESIAN_POINT ( 'NONE',  ( -1.349999999999999645, 1.800000000000000044, -0.4000000000000023537 ) ) ;
#2703 = ORIENTED_EDGE ( 'NONE', *, *, #1494, .F. ) ;
#2704 = FACE_OUTER_BOUND ( 'NONE', #95, .T. ) ;
#2705 = MECHANICAL_DESIGN_GEOMETRIC_PRESENTATION_REPRESENTATION (  '', ( #859 ), #9507 ) ;
#2706 = UNCERTAINTY_MEASURE_WITH_UNIT (LENGTH_MEASURE( 1.000000000000000082E-05 ), #8015, 'distance_accuracy_value', 'NONE');
#2707 = FACE_OUTER_BOUND ( 'NONE', #4532, .T. ) ;
#2708 = ADVANCED_FACE ( 'NONE', ( #214 ), #8206, .T. ) ;
#2709 = EDGE_CURVE ( 'NONE', #1967, #5419, #2518, .T. ) ;
#2710 = STYLED_ITEM ( 'NONE', ( #3882 ), #7861 ) ;
#2711 = COLOUR_RGB ( '',1.000000000000000000, 0.8117647058823529438, 0.5019607843137254832 ) ;
#2712 = DIRECTION ( 'NONE',  ( 0.5773502691896288397, 0.5773502691896263972, -0.5773502691896219563 ) ) ;
#2713 = DIRECTION ( 'NONE',  ( -1.000000000000000000, 0.0000000000000000000, -0.0000000000000000000 ) ) ;
#2714 = SURFACE_STYLE_USAGE ( .BOTH. , #6606 ) ;
#2715 = DIRECTION ( 'NONE',  ( -9.103382349328301547E-49, -2.350988701644575016E-32, -1.000000000000000000 ) ) ;
#2716 = DIRECTION ( 'NONE',  ( 1.095153709581318045E-16, -1.000000000000000000, 0.0000000000000000000 ) ) ;
#2717 = DIRECTION ( 'NONE',  ( 0.0000000000000000000, -0.0000000000000000000, -1.000000000000000000 ) ) ;
#2718 =( LENGTH_UNIT ( ) NAMED_UNIT ( * ) SI_UNIT ( .MILLI., .METRE. ) );
#2719 =( GEOMETRIC_REPRESENTATION_CONTEXT ( 3 ) GLOBAL_UNCERTAINTY_ASSIGNED_CONTEXT ( ( #6328 ) ) GLOBAL_UNIT_ASSIGNED_CONTEXT ( ( #7805, #7012, #625 ) ) REPRESENTATION_CONTEXT ( 'NONE', 'WORKASPACE' ) );
#2720 =( NAMED_UNIT ( * ) SI_UNIT ( $, .STERADIAN. ) SOLID_ANGLE_UNIT ( ) );
#2721 = VECTOR ( 'NONE', #10215, 1000.000000000000000 ) ;
#2722 = PRESENTATION_STYLE_ASSIGNMENT (( #7469 ) ) ;
#2723 = ADVANCED_FACE ( 'NONE', ( #1679 ), #5698, .F. ) ;
#2724 = EDGE_CURVE ( 'NONE', #8895, #7538, #895, .T. ) ;
#2725 = DIRECTION ( 'NONE',  ( -1.000000000000000000, 8.761229676650543371E-16, 0.0000000000000000000 ) ) ;
#2726 = MECHANICAL_DESIGN_GEOMETRIC_PRESENTATION_REPRESENTATION (  '', ( #8020 ), #6046 ) ;
#2727 = MECHANICAL_DESIGN_GEOMETRIC_PRESENTATION_REPRESENTATION (  '', ( #4553 ), #4220 ) ;
#2728 = PRESENTATION_STYLE_ASSIGNMENT (( #6431 ) ) ;
#2729 = ORIENTED_EDGE ( 'NONE', *, *, #7707, .F. ) ;
#2730 = CARTESIAN_POINT ( 'NONE',  ( -1.949999999999999956, 1.149999999999999911, -2.800000000000000266 ) ) ;
#2731 = UNCERTAINTY_MEASURE_WITH_UNIT (LENGTH_MEASURE( 1.000000000000000082E-05 ), #3195, 'distance_accuracy_value', 'NONE');
#2732 = ORIENTED_EDGE ( 'NONE', *, *, #4558, .T. ) ;
#2733 = AXIS2_PLACEMENT_3D ( 'NONE', #5301, #6064, #9225 ) ;
#2734 = SURFACE_STYLE_USAGE ( .BOTH. , #9217 ) ;
#2735 =( GEOMETRIC_REPRESENTATION_CONTEXT ( 3 ) GLOBAL_UNCERTAINTY_ASSIGNED_CONTEXT ( ( #4706 ) ) GLOBAL_UNIT_ASSIGNED_CONTEXT ( ( #7867, #4871, #5655 ) ) REPRESENTATION_CONTEXT ( 'NONE', 'WORKASPACE' ) );
#2736 = ADVANCED_FACE ( 'NONE', ( #9637 ), #8067, .F. ) ;
#2737 = CARTESIAN_POINT ( 'NONE',  ( 8.750000000000000000, 3.399999999999999467, -2.350000000000001421 ) ) ;
#2738 = FILL_AREA_STYLE_COLOUR ( '', #396 ) ;
#2739 = AXIS2_PLACEMENT_3D ( 'NONE', #2398, #2455, #10279 ) ;
#2740 = EDGE_LOOP ( 'NONE', ( #4155, #1888, #6187, #4547 ) ) ;
#2741 = SURFACE_SIDE_STYLE ('',( #4193 ) ) ;
#2742 = PRESENTATION_STYLE_ASSIGNMENT (( #3685 ) ) ;
#2743 = CARTESIAN_POINT ( 'NONE',  ( 4.049999999999999822, -3.399999999999999911, -2.800000000000000266 ) ) ;
#2744 = ORIENTED_EDGE ( 'NONE', *, *, #5271, .F. ) ;
#2745 = VERTEX_POINT ( 'NONE', #4322 ) ;
#2746 = DIRECTION ( 'NONE',  ( -1.000000000000000000, 0.0000000000000000000, -0.0000000000000000000 ) ) ;
#2747 = DIRECTION ( 'NONE',  ( 1.000000000000000000, -5.421010862427522170E-17, 0.0000000000000000000 ) ) ;
#2748 = PRESENTATION_LAYER_ASSIGNMENT (  '', '', ( #6870 ) ) ;
#2749 = SURFACE_STYLE_USAGE ( .BOTH. , #1102 ) ;
#2750 = VECTOR ( 'NONE', #9441, 1000.000000000000000 ) ;
#2751 = ORIENTED_EDGE ( 'NONE', *, *, #829, .T. ) ;
#2752 = DIRECTION ( 'NONE',  ( -0.0000000000000000000, 1.000000000000000000, -0.0000000000000000000 ) ) ;
#2753 = LINE ( 'NONE', #7345, #4936 ) ;
#2754 = VECTOR ( 'NONE', #3313, 1000.000000000000114 ) ;
#2755 = CARTESIAN_POINT ( 'NONE',  ( 13.34999999999999787, 5.650000000000000355, 1.249999999999997558 ) ) ;
#2756 = FACE_OUTER_BOUND ( 'NONE', #1510, .T. ) ;
#2757 = SURFACE_SIDE_STYLE ('',( #383 ) ) ;
#2758 = CARTESIAN_POINT ( 'NONE',  ( -1.949999999999999956, 6.000000000000000000, 1.700000000000000178 ) ) ;
#2759 = MECHANICAL_DESIGN_GEOMETRIC_PRESENTATION_REPRESENTATION (  '', ( #9385 ), #4080 ) ;
#2760 = ORIENTED_EDGE ( 'NONE', *, *, #4440, .F. ) ;
#2761 = FILL_AREA_STYLE_COLOUR ( '', #9103 ) ;
#2762 = DIRECTION ( 'NONE',  ( -1.362927481496328130E-16, 0.7071067811865451302, -0.7071067811865500152 ) ) ;
#2763 = EDGE_LOOP ( 'NONE', ( #3350, #1900, #8436, #6502 ) ) ;
#2764 = DIRECTION ( 'NONE',  ( -1.084202172485504237E-15, -1.000000000000000000, 0.0000000000000000000 ) ) ;
#2765 = AXIS2_PLACEMENT_3D ( 'NONE', #4736, #4578, #1553 ) ;
#2766 = FACE_OUTER_BOUND ( 'NONE', #9959, .T. ) ;
#2767 =( LENGTH_UNIT ( ) NAMED_UNIT ( * ) SI_UNIT ( .MILLI., .METRE. ) );
#2768 = CARTESIAN_POINT ( 'NONE',  ( 9.750000000000000000, -3.299999999999998490, -0.2499999999999997780 ) ) ;
#2769 = ORIENTED_EDGE ( 'NONE', *, *, #1811, .T. ) ;
#2770 = LINE ( 'NONE', #1973, #4574 ) ;
#2771 = DIRECTION ( 'NONE',  ( 1.000000000000000000, -0.0000000000000000000, -5.455105270367317620E-17 ) ) ;
#2772 = EDGE_CURVE ( 'NONE', #957, #3369, #7637, .T. ) ;
#2773 = SURFACE_STYLE_FILL_AREA ( #6698 ) ;
#2774 = EDGE_LOOP ( 'NONE', ( #5909, #7581, #6199, #1041 ) ) ;
#2775 = CARTESIAN_POINT ( 'NONE',  ( 10.24999999999999822, 0.2000000000000000111, -2.800000000000000266 ) ) ;
#2776 = STYLED_ITEM ( 'NONE', ( #7053 ), #878 ) ;
#2777 = VERTEX_POINT ( 'NONE', #6853 ) ;
#2778 = STYLED_ITEM ( 'NONE', ( #2245 ), #8921 ) ;
#2779 = CARTESIAN_POINT ( 'NONE',  ( 7.249999999999999112, 3.399999999999999467, -2.050000000000001599 ) ) ;
#2780 = VECTOR ( 'NONE', #2258, 1000.000000000000000 ) ;
#2781 = FILL_AREA_STYLE_COLOUR ( '', #1187 ) ;
#2782 = DIRECTION ( 'NONE',  ( -1.000000000000000000, 5.421010862427522170E-17, 0.0000000000000000000 ) ) ;
#2783 = EDGE_CURVE ( 'NONE', #3583, #4209, #8465, .T. ) ;
#2784 = DIRECTION ( 'NONE',  ( 1.000000000000000000, -3.872150616019660190E-17, -4.336808689942017736E-16 ) ) ;
#2785 = ADVANCED_FACE ( 'NONE', ( #409 ), #2082, .F. ) ;
#2786 = ORIENTED_EDGE ( 'NONE', *, *, #3168, .F. ) ;
#2787 = AXIS2_PLACEMENT_3D ( 'NONE', #5908, #5195, #5095 ) ;
#2788 = DIRECTION ( 'NONE',  ( -3.833233541708433496E-17, -0.7071067811865472397, -0.7071067811865479058 ) ) ;
#2789 = LINE ( 'NONE', #6818, #1227 ) ;
#2790 = COLOUR_RGB ( '',1.000000000000000000, 0.8117647058823529438, 0.5019607843137254832 ) ;
#2791 = ORIENTED_EDGE ( 'NONE', *, *, #371, .F. ) ;
#2792 =( LENGTH_UNIT ( ) NAMED_UNIT ( * ) SI_UNIT ( .MILLI., .METRE. ) );
#2793 = FACE_OUTER_BOUND ( 'NONE', #7051, .T. ) ;
#2794 = ORIENTED_EDGE ( 'NONE', *, *, #6936, .T. ) ;
#2795 = LINE ( 'NONE', #9170, #6049 ) ;
#2796 = ORIENTED_EDGE ( 'NONE', *, *, #205, .T. ) ;
#2797 =( LENGTH_UNIT ( ) NAMED_UNIT ( * ) SI_UNIT ( .MILLI., .METRE. ) );
#2798 = EDGE_CURVE ( 'NONE', #9699, #4565, #2139, .T. ) ;
#2799 = ORIENTED_EDGE ( 'NONE', *, *, #6619, .T. ) ;
#2800 =( NAMED_UNIT ( * ) PLANE_ANGLE_UNIT ( ) SI_UNIT ( $, .RADIAN. ) );
#2801 =( NAMED_UNIT ( * ) SI_UNIT ( $, .STERADIAN. ) SOLID_ANGLE_UNIT ( ) );
#2802 =( NAMED_UNIT ( * ) PLANE_ANGLE_UNIT ( ) SI_UNIT ( $, .RADIAN. ) );
#2803 = FACE_OUTER_BOUND ( 'NONE', #9540, .T. ) ;
#2804 =( GEOMETRIC_REPRESENTATION_CONTEXT ( 3 ) GLOBAL_UNCERTAINTY_ASSIGNED_CONTEXT ( ( #10267 ) ) GLOBAL_UNIT_ASSIGNED_CONTEXT ( ( #5235, #3670, #10101 ) ) REPRESENTATION_CONTEXT ( 'NONE', 'WORKASPACE' ) );
#2805 = ORIENTED_EDGE ( 'NONE', *, *, #4181, .T. ) ;
#2806 = SURFACE_STYLE_FILL_AREA ( #487 ) ;
#2807 = DIRECTION ( 'NONE',  ( -4.336808689942017736E-16, 0.0000000000000000000, -1.000000000000000000 ) ) ;
#2808 = CARTESIAN_POINT ( 'NONE',  ( 12.21999999999999886, 6.000000000000000000, 1.599999999999999867 ) ) ;
#2809 = CARTESIAN_POINT ( 'NONE',  ( -1.180000000000000382, 4.229999999999999538, -2.801000000000000600 ) ) ;
#2810 =( GEOMETRIC_REPRESENTATION_CONTEXT ( 3 ) GLOBAL_UNCERTAINTY_ASSIGNED_CONTEXT ( ( #6179 ) ) GLOBAL_UNIT_ASSIGNED_CONTEXT ( ( #6098, #510, #9156 ) ) REPRESENTATION_CONTEXT ( 'NONE', 'WORKASPACE' ) );
#2811 = SURFACE_STYLE_FILL_AREA ( #4359 ) ;
#2812 = DIRECTION ( 'NONE',  ( -1.927470528863119542E-16, 1.000000000000000000, 0.0000000000000000000 ) ) ;
#2813 =( NAMED_UNIT ( * ) SI_UNIT ( $, .STERADIAN. ) SOLID_ANGLE_UNIT ( ) );
#2814 = ORIENTED_EDGE ( 'NONE', *, *, #4279, .F. ) ;
#2815 = PRESENTATION_LAYER_ASSIGNMENT (  '', '', ( #6934 ) ) ;
#2816 =( LENGTH_UNIT ( ) NAMED_UNIT ( * ) SI_UNIT ( .MILLI., .METRE. ) );
#2817 = AXIS2_PLACEMENT_3D ( 'NONE', #4961, #5640, #2610 ) ;
#2818 =( NAMED_UNIT ( * ) SI_UNIT ( $, .STERADIAN. ) SOLID_ANGLE_UNIT ( ) );
#2819 = ADVANCED_FACE ( 'NONE', ( #2981 ), #513, .F. ) ;
#2820 = FILL_AREA_STYLE ('',( #5993 ) ) ;
#2821 = CARTESIAN_POINT ( 'NONE',  ( 13.95000000000000107, 6.000000000000000000, 1.699999999999999289 ) ) ;
#2822 = PLANE ( 'NONE',  #4674 ) ;
#2823 = VERTEX_POINT ( 'NONE', #5393 ) ;
#2824 = LINE ( 'NONE', #7415, #1970 ) ;
#2825 = AXIS2_PLACEMENT_3D ( 'NONE', #7376, #265, #2144 ) ;
#2826 = CARTESIAN_POINT ( 'NONE',  ( 1.299999999999999600, 0.0000000000000000000, -2.800000000000000266 ) ) ;
#2827 = CARTESIAN_POINT ( 'NONE',  ( 7.299999999999998934, 0.0000000000000000000, 1.700000000000000178 ) ) ;
#2828 = SURFACE_STYLE_FILL_AREA ( #3556 ) ;
#2829 = ORIENTED_EDGE ( 'NONE', *, *, #2189, .F. ) ;
#2830 = SURFACE_STYLE_FILL_AREA ( #8362 ) ;
#2831 = SURFACE_STYLE_FILL_AREA ( #463 ) ;
#2832 = PRESENTATION_LAYER_ASSIGNMENT (  '', '', ( #8950 ) ) ;
#2833 =( GEOMETRIC_REPRESENTATION_CONTEXT ( 3 ) GLOBAL_UNCERTAINTY_ASSIGNED_CONTEXT ( ( #8464 ) ) GLOBAL_UNIT_ASSIGNED_CONTEXT ( ( #5914, #2802, #9078 ) ) REPRESENTATION_CONTEXT ( 'NONE', 'WORKASPACE' ) );
#2834 = PRESENTATION_LAYER_ASSIGNMENT (  '', '', ( #3503 ) ) ;
#2835 = CARTESIAN_POINT ( 'NONE',  ( 4.750000000000000888, 3.399999999999999467, -2.050000000000001599 ) ) ;
#2836 = VECTOR ( 'NONE', #9238, 1000.000000000000000 ) ;
#2837 = EDGE_CURVE ( 'NONE', #3855, #5583, #6307, .T. ) ;
#2838 = VECTOR ( 'NONE', #1245, 1000.000000000000000 ) ;
#2839 = EDGE_CURVE ( 'NONE', #1023, #1215, #1465, .T. ) ;
#2840 = CARTESIAN_POINT ( 'NONE',  ( 9.750000000000000000, 4.999999999999997335, -0.2499999999999997780 ) ) ;
#2841 = ORIENTED_EDGE ( 'NONE', *, *, #2963, .F. ) ;
#2842 = LINE ( 'NONE', #9882, #8794 ) ;
#2843 =( NAMED_UNIT ( * ) SI_UNIT ( $, .STERADIAN. ) SOLID_ANGLE_UNIT ( ) );
#2844 = CARTESIAN_POINT ( 'NONE',  ( 11.91666666666666607, 5.166666666666663410, -0.08333333333333542425 ) ) ;
#2845 = SURFACE_SIDE_STYLE ('',( #4495 ) ) ;
#2846 = VERTEX_POINT ( 'NONE', #2243 ) ;
#2847 = FACE_OUTER_BOUND ( 'NONE', #6867, .T. ) ;
#2848 = VECTOR ( 'NONE', #8879, 1000.000000000000000 ) ;
#2849 = VECTOR ( 'NONE', #1770, 1000.000000000000000 ) ;
#2850 = FACE_OUTER_BOUND ( 'NONE', #3236, .T. ) ;
#2851 = CARTESIAN_POINT ( 'NONE',  ( 2.750000000000000444, 1.149999999999999911, -2.050000000000001599 ) ) ;
#2852 = ADVANCED_FACE ( 'NONE', ( #3917 ), #2412, .T. ) ;
#2853 = DIRECTION ( 'NONE',  ( 0.5773502691896239547, -0.5773502691896289507, -0.5773502691896243988 ) ) ;
#2854 = PRESENTATION_STYLE_ASSIGNMENT (( #1161 ) ) ;
#2855 = CARTESIAN_POINT ( 'NONE',  ( 11.29999999999999893, 0.2000000000000000389, 1.700000000000000178 ) ) ;
#2856 = SURFACE_STYLE_USAGE ( .BOTH. , #2058 ) ;
#2857 = PRESENTATION_STYLE_ASSIGNMENT (( #6982 ) ) ;
#2858 = FACE_OUTER_BOUND ( 'NONE', #3275, .T. ) ;
#2859 = VERTEX_POINT ( 'NONE', #7159 ) ;
#2860 = ORIENTED_EDGE ( 'NONE', *, *, #8997, .T. ) ;
#2861 = VECTOR ( 'NONE', #5899, 1000.000000000000000 ) ;
#2862 =( NAMED_UNIT ( * ) PLANE_ANGLE_UNIT ( ) SI_UNIT ( $, .RADIAN. ) );
#2863 = EDGE_CURVE ( 'NONE', #8234, #3643, #621, .T. ) ;
#2864 = DIRECTION ( 'NONE',  ( -1.000000000000000000, -1.909286844628561475E-16, 0.0000000000000000000 ) ) ;
#2865 = FACE_OUTER_BOUND ( 'NONE', #3789, .T. ) ;
#2866 = CARTESIAN_POINT ( 'NONE',  ( 6.699999999999999289, 0.0000000000000000000, -2.800000000000000266 ) ) ;
#2867 = DIRECTION ( 'NONE',  ( 0.5773502691896259531, 0.5773502691896259531, -0.5773502691896255090 ) ) ;
#2868 = SURFACE_STYLE_USAGE ( .BOTH. , #5891 ) ;
#2869 = ORIENTED_EDGE ( 'NONE', *, *, #3424, .T. ) ;
#2870 = DIRECTION ( 'NONE',  ( 1.000000000000000000, -5.421010862427522170E-17, 0.0000000000000000000 ) ) ;
#2871 = VERTEX_POINT ( 'NONE', #60 ) ;
#2872 = ORIENTED_EDGE ( 'NONE', *, *, #3951, .T. ) ;
#2873 = CARTESIAN_POINT ( 'NONE',  ( 7.249999999999999112, 1.149999999999999911, -2.350000000000001421 ) ) ;
#2874 = DIRECTION ( 'NONE',  ( 1.000000000000000000, 1.772909212869378935E-16, 0.0000000000000000000 ) ) ;
#2875 = FACE_OUTER_BOUND ( 'NONE', #5117, .T. ) ;
#2876 = SURFACE_STYLE_FILL_AREA ( #511 ) ;
#2877 =( LENGTH_UNIT ( ) NAMED_UNIT ( * ) SI_UNIT ( .MILLI., .METRE. ) );
#2878 = ORIENTED_EDGE ( 'NONE', *, *, #1564, .T. ) ;
#2879 = STYLED_ITEM ( 'NONE', ( #4769 ), #7824 ) ;
#2880 = FACE_BOUND ( 'NONE', #1995, .T. ) ;
#2881 =( GEOMETRIC_REPRESENTATION_CONTEXT ( 3 ) GLOBAL_UNCERTAINTY_ASSIGNED_CONTEXT ( ( #7074 ) ) GLOBAL_UNIT_ASSIGNED_CONTEXT ( ( #6109, #3669, #5953 ) ) REPRESENTATION_CONTEXT ( 'NONE', 'WORKASPACE' ) );
#2882 =( NAMED_UNIT ( * ) SI_UNIT ( $, .STERADIAN. ) SOLID_ANGLE_UNIT ( ) );
#2883 = FILL_AREA_STYLE ('',( #4541 ) ) ;
#2884 = PRESENTATION_LAYER_ASSIGNMENT (  '', '', ( #216 ) ) ;
#2885 = LINE ( 'NONE', #1305, #7886 ) ;
#2886 = DIRECTION ( 'NONE',  ( 0.0000000000000000000, 1.000000000000000000, -5.782411586589358625E-16 ) ) ;
#2887 = FACE_OUTER_BOUND ( 'NONE', #9566, .T. ) ;
#2888 = ORIENTED_EDGE ( 'NONE', *, *, #224, .F. ) ;
#2889 = FACE_OUTER_BOUND ( 'NONE', #7549, .T. ) ;
#2890 =( GEOMETRIC_REPRESENTATION_CONTEXT ( 3 ) GLOBAL_UNCERTAINTY_ASSIGNED_CONTEXT ( ( #4568 ) ) GLOBAL_UNIT_ASSIGNED_CONTEXT ( ( #5251, #8272, #6825 ) ) REPRESENTATION_CONTEXT ( 'NONE', 'WORKASPACE' ) );
#2891 = ORIENTED_EDGE ( 'NONE', *, *, #6406, .F. ) ;
#2892 = EDGE_CURVE ( 'NONE', #2146, #2442, #8526, .T. ) ;
#2893 = VECTOR ( 'NONE', #9549, 1000.000000000000000 ) ;
#2894 = LINE ( 'NONE', #2105, #4992 ) ;
#2895 = AXIS2_PLACEMENT_3D ( 'NONE', #1089, #5574, #4280 ) ;
#2896 = FILL_AREA_STYLE_COLOUR ( '', #2906 ) ;
#2897 = ORIENTED_EDGE ( 'NONE', *, *, #8233, .F. ) ;
#2898 = DIRECTION ( 'NONE',  ( -1.000000000000000000, 3.872150616019660190E-17, 0.0000000000000000000 ) ) ;
#2899 = SURFACE_STYLE_FILL_AREA ( #6980 ) ;
#2900 = DIRECTION ( 'NONE',  ( 1.000000000000000000, -5.421010862427522170E-17, 0.0000000000000000000 ) ) ;
#2901 = ORIENTED_EDGE ( 'NONE', *, *, #339, .F. ) ;
#2902 = DIRECTION ( 'NONE',  ( 0.5773502691896238437, 0.5773502691896290617, -0.5773502691896245098 ) ) ;
#2903 = EDGE_LOOP ( 'NONE', ( #10205, #7187, #4691, #2829 ) ) ;
#2904 = ADVANCED_FACE ( 'NONE', ( #4591 ), #5442, .F. ) ;
#2905 = EDGE_CURVE ( 'NONE', #8073, #3384, #5688, .T. ) ;
#2906 = COLOUR_RGB ( '',1.000000000000000000, 0.8117647058823529438, 0.5019607843137254832 ) ;
#2907 =( NAMED_UNIT ( * ) SI_UNIT ( $, .STERADIAN. ) SOLID_ANGLE_UNIT ( ) );
#2908 = STYLED_ITEM ( 'NONE', ( #9067 ), #1366 ) ;
#2909 =( GEOMETRIC_REPRESENTATION_CONTEXT ( 3 ) GLOBAL_UNCERTAINTY_ASSIGNED_CONTEXT ( ( #1547 ) ) GLOBAL_UNIT_ASSIGNED_CONTEXT ( ( #8495, #10066, #542 ) ) REPRESENTATION_CONTEXT ( 'NONE', 'WORKASPACE' ) );
#2910 = FILL_AREA_STYLE_COLOUR ( '', #6975 ) ;
#2911 = DIRECTION ( 'NONE',  ( 1.000000000000000000, 0.0000000000000000000, 0.0000000000000000000 ) ) ;
#2912 = VERTEX_POINT ( 'NONE', #9764 ) ;
#2913 = FILL_AREA_STYLE ('',( #500 ) ) ;
#2914 = DIRECTION ( 'NONE',  ( 4.336808689942017736E-16, 0.0000000000000000000, 1.000000000000000000 ) ) ;
#2915 = MECHANICAL_DESIGN_GEOMETRIC_PRESENTATION_REPRESENTATION (  '', ( #6235 ), #10043 ) ;
#2916 = VERTEX_POINT ( 'NONE', #5834 ) ;
#2917 =( NAMED_UNIT ( * ) PLANE_ANGLE_UNIT ( ) SI_UNIT ( $, .RADIAN. ) );
#2918 = FILL_AREA_STYLE ('',( #5276 ) ) ;
#2919 = CARTESIAN_POINT ( 'NONE',  ( 4.833333333333332149, -4.383333333333335524, -0.8333333333333357018 ) ) ;
#2920 = FILL_AREA_STYLE ('',( #6150 ) ) ;
#2921 = SURFACE_STYLE_USAGE ( .BOTH. , #1178 ) ;
#2922 = EDGE_CURVE ( 'NONE', #5879, #5372, #4263, .T. ) ;
#2923 =( GEOMETRIC_REPRESENTATION_CONTEXT ( 3 ) GLOBAL_UNCERTAINTY_ASSIGNED_CONTEXT ( ( #2603 ) ) GLOBAL_UNIT_ASSIGNED_CONTEXT ( ( #10010, #3006, #4401 ) ) REPRESENTATION_CONTEXT ( 'NONE', 'WORKASPACE' ) );
#2924 = COLOUR_RGB ( '',1.000000000000000000, 0.8117647058823529438, 0.5019607843137254832 ) ;
#2925 = COLOUR_RGB ( '',1.000000000000000000, 0.8117647058823529438, 0.5019607843137254832 ) ;
#2926 = SURFACE_SIDE_STYLE ('',( #6851 ) ) ;
#2927 = PRESENTATION_STYLE_ASSIGNMENT (( #8306 ) ) ;
#2928 =( LENGTH_UNIT ( ) NAMED_UNIT ( * ) SI_UNIT ( .MILLI., .METRE. ) );
#2929 = ORIENTED_EDGE ( 'NONE', *, *, #2422, .T. ) ;
#2930 = CARTESIAN_POINT ( 'NONE',  ( 9.299999999999998934, 0.2000000000000000389, -2.800000000000000266 ) ) ;
#2931 = VERTEX_POINT ( 'NONE', #8984 ) ;
#2932 = STYLED_ITEM ( 'NONE', ( #9330 ), #321 ) ;
#2933 = CARTESIAN_POINT ( 'NONE',  ( 9.750000000000000000, -3.399999999999999911, 0.2500000000000002220 ) ) ;
#2934 = DIRECTION ( 'NONE',  ( 1.000000000000000000, 0.0000000000000000000, -0.0000000000000000000 ) ) ;
#2935 = DIRECTION ( 'NONE',  ( -4.336808689942017736E-16, 0.0000000000000000000, -1.000000000000000000 ) ) ;
#2936 = UNCERTAINTY_MEASURE_WITH_UNIT (LENGTH_MEASURE( 1.000000000000000082E-05 ), #6396, 'distance_accuracy_value', 'NONE');
#2937 = COLOUR_RGB ( '',1.000000000000000000, 1.000000000000000000, 1.000000000000000000 ) ;
#2938 = PRESENTATION_STYLE_ASSIGNMENT (( #10045 ) ) ;
#2939 = PRESENTATION_LAYER_ASSIGNMENT (  '', '', ( #7392 ) ) ;
#2940 = ORIENTED_EDGE ( 'NONE', *, *, #1044, .T. ) ;
#2941 =( GEOMETRIC_REPRESENTATION_CONTEXT ( 3 ) GLOBAL_UNCERTAINTY_ASSIGNED_CONTEXT ( ( #6987 ) ) GLOBAL_UNIT_ASSIGNED_CONTEXT ( ( #6804, #9920, #9210 ) ) REPRESENTATION_CONTEXT ( 'NONE', 'WORKASPACE' ) );
#2942 = CARTESIAN_POINT ( 'NONE',  ( 13.34999999999999787, 1.149999999999999911, -2.350000000000001865 ) ) ;
#2943 = CARTESIAN_POINT ( 'NONE',  ( 6.749999999999999112, 3.149999999999995914, -2.050000000000002043 ) ) ;
#2944 = ORIENTED_EDGE ( 'NONE', *, *, #1934, .F. ) ;
#2945 = EDGE_CURVE ( 'NONE', #2048, #152, #3409, .T. ) ;
#2946 = CARTESIAN_POINT ( 'NONE',  ( -1.949999999999999956, 1.800000000000000044, 0.2500000000000002220 ) ) ;
#2947 =( NAMED_UNIT ( * ) SI_UNIT ( $, .STERADIAN. ) SOLID_ANGLE_UNIT ( ) );
#2948 = VECTOR ( 'NONE', #1716, 1000.000000000000000 ) ;
#2949 = PRESENTATION_STYLE_ASSIGNMENT (( #6123 ) ) ;
#2950 = PLANE ( 'NONE',  #4935 ) ;
#2951 = ADVANCED_FACE ( 'NONE', ( #5062 ), #2467, .F. ) ;
#2952 = ORIENTED_EDGE ( 'NONE', *, *, #3993, .T. ) ;
#2953 =( NAMED_UNIT ( * ) PLANE_ANGLE_UNIT ( ) SI_UNIT ( $, .RADIAN. ) );
#2954 = CARTESIAN_POINT ( 'NONE',  ( 3.250000000000000888, 1.149999999999999911, -2.050000000000001599 ) ) ;
#2955 = FILL_AREA_STYLE ('',( #437 ) ) ;
#2956 = ORIENTED_EDGE ( 'NONE', *, *, #3993, .F. ) ;
#2957 = ORIENTED_EDGE ( 'NONE', *, *, #5846, .T. ) ;
#2958 = DIRECTION ( 'NONE',  ( 9.103382349328301547E-49, 2.350988701644575016E-32, 1.000000000000000000 ) ) ;
#2959 = ORIENTED_EDGE ( 'NONE', *, *, #1759, .F. ) ;
#2960 = ORIENTED_EDGE ( 'NONE', *, *, #9319, .T. ) ;
#2961 = LINE ( 'NONE', #9343, #3826 ) ;
#2962 = EDGE_CURVE ( 'NONE', #9171, #9902, #7201, .T. ) ;
#2963 = EDGE_CURVE ( 'NONE', #4998, #6416, #8932, .T. ) ;
#2964 = DIRECTION ( 'NONE',  ( 1.000000000000000000, 0.0000000000000000000, 0.0000000000000000000 ) ) ;
#2965 =( NAMED_UNIT ( * ) SI_UNIT ( $, .STERADIAN. ) SOLID_ANGLE_UNIT ( ) );
#2966 = DIRECTION ( 'NONE',  ( -1.927470528863119542E-16, 1.000000000000000000, 0.0000000000000000000 ) ) ;
#2967 = LINE ( 'NONE', #3073, #3738 ) ;
#2968 = EDGE_LOOP ( 'NONE', ( #9845, #5774, #9961, #1479 ) ) ;
#2969 = FACE_OUTER_BOUND ( 'NONE', #5476, .T. ) ;
#2970 = DIRECTION ( 'NONE',  ( -1.000000000000000000, 3.872150616019660190E-17, 0.0000000000000000000 ) ) ;
#2971 = FACE_OUTER_BOUND ( 'NONE', #10163, .T. ) ;
#2972 = CARTESIAN_POINT ( 'NONE',  ( 5.299999999999998934, 0.2000000000000000389, -0.2499999999999997780 ) ) ;
#2973 =( GEOMETRIC_REPRESENTATION_CONTEXT ( 3 ) GLOBAL_UNCERTAINTY_ASSIGNED_CONTEXT ( ( #3062 ) ) GLOBAL_UNIT_ASSIGNED_CONTEXT ( ( #6058, #6010, #2093 ) ) REPRESENTATION_CONTEXT ( 'NONE', 'WORKASPACE' ) );
#2974 = CARTESIAN_POINT ( 'NONE',  ( 2.699999999999999734, 0.1999999999999999833, 1.700000000000000178 ) ) ;
#2975 = CARTESIAN_POINT ( 'NONE',  ( 11.29999999999999893, 0.2000000000000000389, -2.800000000000000266 ) ) ;
#2976 = PRESENTATION_STYLE_ASSIGNMENT (( #6440 ) ) ;
#2977 = VECTOR ( 'NONE', #86, 1000.000000000000000 ) ;
#2978 = ORIENTED_EDGE ( 'NONE', *, *, #1886, .F. ) ;
#2979 = UNCERTAINTY_MEASURE_WITH_UNIT (LENGTH_MEASURE( 1.000000000000000082E-05 ), #9654, 'distance_accuracy_value', 'NONE');
#2980 = EDGE_CURVE ( 'NONE', #1967, #3589, #3455, .T. ) ;
#2981 = FACE_OUTER_BOUND ( 'NONE', #9096, .T. ) ;
#2982 = DIRECTION ( 'NONE',  ( 1.000000000000000000, -5.421010862427522170E-17, 0.0000000000000000000 ) ) ;
#2983 = ORIENTED_EDGE ( 'NONE', *, *, #9192, .T. ) ;
#2984 = SURFACE_SIDE_STYLE ('',( #2830 ) ) ;
#2985 = DIRECTION ( 'NONE',  ( 4.336808689942017736E-16, 0.0000000000000000000, 1.000000000000000000 ) ) ;
#2986 = VECTOR ( 'NONE', #7672, 1000.000000000000000 ) ;
#2987 = ORIENTED_EDGE ( 'NONE', *, *, #9145, .T. ) ;
#2988 = ADVANCED_FACE ( 'NONE', ( #5737 ), #4964, .F. ) ;
#2989 = DIRECTION ( 'NONE',  ( -0.0000000000000000000, -0.0000000000000000000, 1.000000000000000000 ) ) ;
#2990 =( GEOMETRIC_REPRESENTATION_CONTEXT ( 3 ) GLOBAL_UNCERTAINTY_ASSIGNED_CONTEXT ( ( #4046 ) ) GLOBAL_UNIT_ASSIGNED_CONTEXT ( ( #7949, #2406, #6304 ) ) REPRESENTATION_CONTEXT ( 'NONE', 'WORKASPACE' ) );
#2991 = COLOUR_RGB ( '',1.000000000000000000, 0.8117647058823529438, 0.5019607843137254832 ) ;
#2992 = VERTEX_POINT ( 'NONE', #5987 ) ;
#2993 = DIRECTION ( 'NONE',  ( 3.872150616019660190E-17, 1.000000000000000000, -0.0000000000000000000 ) ) ;
#2994 = SURFACE_STYLE_USAGE ( .BOTH. , #3834 ) ;
#2995 = ORIENTED_EDGE ( 'NONE', *, *, #8363, .T. ) ;
#2996 = UNCERTAINTY_MEASURE_WITH_UNIT (LENGTH_MEASURE( 1.000000000000000082E-05 ), #4697, 'distance_accuracy_value', 'NONE');
#2997 = ORIENTED_EDGE ( 'NONE', *, *, #5198, .T. ) ;
#2998 = VECTOR ( 'NONE', #3428, 1000.000000000000000 ) ;
#2999 = AXIS2_PLACEMENT_3D ( 'NONE', #7532, #2788, #9064 ) ;
#3000 = SURFACE_STYLE_USAGE ( .BOTH. , #3737 ) ;
#3001 = EDGE_CURVE ( 'NONE', #6624, #1056, #1223, .T. ) ;
#3002 = CARTESIAN_POINT ( 'NONE',  ( 6.083333333333333037, 5.166666666666665186, -0.08333333333333370341 ) ) ;
#3003 = ORIENTED_EDGE ( 'NONE', *, *, #6252, .T. ) ;
#3004 =( LENGTH_UNIT ( ) NAMED_UNIT ( * ) SI_UNIT ( .MILLI., .METRE. ) );
#3005 = DIRECTION ( 'NONE',  ( -1.000000000000000000, 5.421010862427522170E-17, 0.0000000000000000000 ) ) ;
#3006 =( NAMED_UNIT ( * ) PLANE_ANGLE_UNIT ( ) SI_UNIT ( $, .RADIAN. ) );
#3007 =( GEOMETRIC_REPRESENTATION_CONTEXT ( 3 ) GLOBAL_UNCERTAINTY_ASSIGNED_CONTEXT ( ( #694 ) ) GLOBAL_UNIT_ASSIGNED_CONTEXT ( ( #10107, #5513, #6171 ) ) REPRESENTATION_CONTEXT ( 'NONE', 'WORKASPACE' ) );
#3008 = CARTESIAN_POINT ( 'NONE',  ( 10.84999999999999609, 6.000000000000000888, -2.801000000000000600 ) ) ;
#3009 =( GEOMETRIC_REPRESENTATION_CONTEXT ( 3 ) GLOBAL_UNCERTAINTY_ASSIGNED_CONTEXT ( ( #2407 ) ) GLOBAL_UNIT_ASSIGNED_CONTEXT ( ( #939, #162, #5790 ) ) REPRESENTATION_CONTEXT ( 'NONE', 'WORKASPACE' ) );
#3010 =( NAMED_UNIT ( * ) PLANE_ANGLE_UNIT ( ) SI_UNIT ( $, .RADIAN. ) );
#3011 = ORIENTED_EDGE ( 'NONE', *, *, #5213, .T. ) ;
#3012 = VERTEX_POINT ( 'NONE', #2121 ) ;
#3013 = ORIENTED_EDGE ( 'NONE', *, *, #1912, .T. ) ;
#3014 = UNCERTAINTY_MEASURE_WITH_UNIT (LENGTH_MEASURE( 1.000000000000000082E-05 ), #1255, 'distance_accuracy_value', 'NONE');
#3015 = CARTESIAN_POINT ( 'NONE',  ( 0.2500000000000002220, 4.999999999999997335, 0.2500000000000002220 ) ) ;
#3016 = VERTEX_POINT ( 'NONE', #8297 ) ;
#3017 =( LENGTH_UNIT ( ) NAMED_UNIT ( * ) SI_UNIT ( .MILLI., .METRE. ) );
#3018 = CARTESIAN_POINT ( 'NONE',  ( 4.750000000000000888, 3.149999999999995470, -2.050000000000001599 ) ) ;
#3019 = SURFACE_STYLE_FILL_AREA ( #8451 ) ;
#3020 = SURFACE_STYLE_USAGE ( .BOTH. , #10132 ) ;
#3021 = SURFACE_SIDE_STYLE ('',( #6148 ) ) ;
#3022 = DIRECTION ( 'NONE',  ( 3.872150616019660190E-17, 1.000000000000000000, -0.0000000000000000000 ) ) ;
#3023 = ORIENTED_EDGE ( 'NONE', *, *, #9633, .T. ) ;
#3024 = ORIENTED_EDGE ( 'NONE', *, *, #1933, .T. ) ;
#3025 = ORIENTED_EDGE ( 'NONE', *, *, #8088, .T. ) ;
#3026 = VECTOR ( 'NONE', #5948, 1000.000000000000000 ) ;
#3027 = LINE ( 'NONE', #6200, #483 ) ;
#3028 = UNCERTAINTY_MEASURE_WITH_UNIT (LENGTH_MEASURE( 1.000000000000000082E-05 ), #4626, 'distance_accuracy_value', 'NONE');
#3029 = EDGE_CURVE ( 'NONE', #3855, #7538, #1173, .T. ) ;
#3030 = ADVANCED_FACE ( 'NONE', ( #7508 ), #4310, .F. ) ;
#3031 = FILL_AREA_STYLE_COLOUR ( '', #10077 ) ;
#3032 =( NAMED_UNIT ( * ) SI_UNIT ( $, .STERADIAN. ) SOLID_ANGLE_UNIT ( ) );
#3033 = COLOUR_RGB ( '',1.000000000000000000, 0.8117647058823529438, 0.5019607843137254832 ) ;
#3034 = LINE ( 'NONE', #721, #5098 ) ;
#3035 = ORIENTED_EDGE ( 'NONE', *, *, #7194, .F. ) ;
#3036 = LINE ( 'NONE', #10189, #9591 ) ;
#3037 = DIRECTION ( 'NONE',  ( 1.000000000000000000, 0.0000000000000000000, 0.0000000000000000000 ) ) ;
#3038 = UNCERTAINTY_MEASURE_WITH_UNIT (LENGTH_MEASURE( 1.000000000000000082E-05 ), #4366, 'distance_accuracy_value', 'NONE');
#3039 = EDGE_CURVE ( 'NONE', #148, #3056, #1965, .T. ) ;
#3040 = PRESENTATION_LAYER_ASSIGNMENT (  '', '', ( #8821 ) ) ;
#3041 = EDGE_CURVE ( 'NONE', #1262, #9088, #5165, .T. ) ;
#3042 = PLANE ( 'NONE',  #4421 ) ;
#3043 = PLANE ( 'NONE',  #6291 ) ;
#3044 = ORIENTED_EDGE ( 'NONE', *, *, #860, .T. ) ;
#3045 = VECTOR ( 'NONE', #4819, 1000.000000000000000 ) ;
#3046 = DIRECTION ( 'NONE',  ( 1.000000000000000000, -5.421010862427522170E-17, 0.0000000000000000000 ) ) ;
#3047 = EDGE_LOOP ( 'NONE', ( #831, #6986, #2525, #3339 ) ) ;
#3048 = CARTESIAN_POINT ( 'NONE',  ( -0.2499999999999997780, 4.999999999999997335, 0.2500000000000002220 ) ) ;
#3049 = FACE_OUTER_BOUND ( 'NONE', #8022, .T. ) ;
#3050 = ORIENTED_EDGE ( 'NONE', *, *, #8088, .F. ) ;
#3051 = ORIENTED_EDGE ( 'NONE', *, *, #9363, .T. ) ;
#3052 = STYLED_ITEM ( 'NONE', ( #5553 ), #6589 ) ;
#3053 = EDGE_CURVE ( 'NONE', #959, #863, #2015, .T. ) ;
#3054 = CARTESIAN_POINT ( 'NONE',  ( -1.699999999999999734, 6.000000000000000000, 1.599999999999997202 ) ) ;
#3055 = PRESENTATION_LAYER_ASSIGNMENT (  '', '', ( #3888 ) ) ;
#3056 = VERTEX_POINT ( 'NONE', #9852 ) ;
#3057 = DIRECTION ( 'NONE',  ( -1.000000000000000000, 3.872150616019660190E-17, 0.0000000000000000000 ) ) ;
#3058 = COLOUR_RGB ( '',1.000000000000000000, 0.8117647058823529438, 0.5019607843137254832 ) ;
#3059 = ORIENTED_EDGE ( 'NONE', *, *, #2521, .F. ) ;
#3060 = SURFACE_STYLE_USAGE ( .BOTH. , #2329 ) ;
#3061 =( LENGTH_UNIT ( ) NAMED_UNIT ( * ) SI_UNIT ( .MILLI., .METRE. ) );
#3062 = UNCERTAINTY_MEASURE_WITH_UNIT (LENGTH_MEASURE( 1.000000000000000082E-05 ), #6058, 'distance_accuracy_value', 'NONE');
#3063 = PLANE ( 'NONE',  #10224 ) ;
#3064 = EDGE_LOOP ( 'NONE', ( #9289, #2289, #5319, #1391 ) ) ;
#3065 = CARTESIAN_POINT ( 'NONE',  ( 11.25000000000000000, 3.149999999999995470, -2.050000000000001599 ) ) ;
#3066 = ORIENTED_EDGE ( 'NONE', *, *, #4463, .T. ) ;
#3067 = MECHANICAL_DESIGN_GEOMETRIC_PRESENTATION_REPRESENTATION (  '', ( #5240 ), #5072 ) ;
#3068 =( NAMED_UNIT ( * ) SI_UNIT ( $, .STERADIAN. ) SOLID_ANGLE_UNIT ( ) );
#3069 = DIRECTION ( 'NONE',  ( 0.5773502691896241767, -0.5773502691896268413, -0.5773502691896262862 ) ) ;
#3070 = ORIENTED_EDGE ( 'NONE', *, *, #10204, .F. ) ;
#3071 = ORIENTED_EDGE ( 'NONE', *, *, #781, .F. ) ;
#3072 =( LENGTH_UNIT ( ) NAMED_UNIT ( * ) SI_UNIT ( .MILLI., .METRE. ) );
#3073 = CARTESIAN_POINT ( 'NONE',  ( 13.17999999999999794, 2.250000000000001776, -2.801000000000000600 ) ) ;
#3074 = CARTESIAN_POINT ( 'NONE',  ( 11.29999999999999893, 0.2000000000000000389, -2.800000000000000266 ) ) ;
#3075 = VECTOR ( 'NONE', #501, 1000.000000000000000 ) ;
#3076 = FILL_AREA_STYLE_COLOUR ( '', #3554 ) ;
#3077 = PRESENTATION_STYLE_ASSIGNMENT (( #4583 ) ) ;
#3078 = SURFACE_STYLE_USAGE ( .BOTH. , #10180 ) ;
#3079 = COLOUR_RGB ( '',1.000000000000000000, 1.000000000000000000, 1.000000000000000000 ) ;
#3080 = DIRECTION ( 'NONE',  ( -1.000000000000000000, 0.0000000000000000000, -0.0000000000000000000 ) ) ;
#3081 = EDGE_CURVE ( 'NONE', #5372, #4622, #4514, .T. ) ;
#3082 =( NAMED_UNIT ( * ) PLANE_ANGLE_UNIT ( ) SI_UNIT ( $, .RADIAN. ) );
#3083 = DIRECTION ( 'NONE',  ( -1.000000000000000000, 1.084202172485504237E-15, 0.0000000000000000000 ) ) ;
#3084 = ORIENTED_EDGE ( 'NONE', *, *, #5605, .T. ) ;
#3085 = SURFACE_SIDE_STYLE ('',( #10188 ) ) ;
#3086 = EDGE_CURVE ( 'NONE', #4083, #794, #3650, .T. ) ;
#3087 = SURFACE_STYLE_USAGE ( .BOTH. , #1469 ) ;
#3088 =( LENGTH_UNIT ( ) NAMED_UNIT ( * ) SI_UNIT ( .MILLI., .METRE. ) );
#3089 =( LENGTH_UNIT ( ) NAMED_UNIT ( * ) SI_UNIT ( .MILLI., .METRE. ) );
#3090 = VECTOR ( 'NONE', #399, 1000.000000000000000 ) ;
#3091 = SURFACE_STYLE_FILL_AREA ( #5399 ) ;
#3092 = ORIENTED_EDGE ( 'NONE', *, *, #8104, .T. ) ;
#3093 =( GEOMETRIC_REPRESENTATION_CONTEXT ( 3 ) GLOBAL_UNCERTAINTY_ASSIGNED_CONTEXT ( ( #1026 ) ) GLOBAL_UNIT_ASSIGNED_CONTEXT ( ( #706, #5379, #2965 ) ) REPRESENTATION_CONTEXT ( 'NONE', 'WORKASPACE' ) );
#3094 =( LENGTH_UNIT ( ) NAMED_UNIT ( * ) SI_UNIT ( .MILLI., .METRE. ) );
#3095 = ADVANCED_FACE ( 'NONE', ( #3703 ), #6841, .F. ) ;
#3096 = EDGE_CURVE ( 'NONE', #3589, #5859, #10175, .T. ) ;
#3097 = DIRECTION ( 'NONE',  ( -1.000000000000000000, -0.0000000000000000000, -0.0000000000000000000 ) ) ;
#3098 = CARTESIAN_POINT ( 'NONE',  ( 1.750000000000000222, -3.300000000000002043, 0.2500000000000002220 ) ) ;
#3099 =( LENGTH_UNIT ( ) NAMED_UNIT ( * ) SI_UNIT ( .MILLI., .METRE. ) );
#3100 = SURFACE_SIDE_STYLE ('',( #8695 ) ) ;
#3101 = CARTESIAN_POINT ( 'NONE',  ( -0.001949999999999999910, -0.0000000000000000000, -0.002800000000000000405 ) ) ;
#3102 = ORIENTED_EDGE ( 'NONE', *, *, #2001, .F. ) ;
#3103 = VECTOR ( 'NONE', #3596, 1000.000000000000000 ) ;
#3104 = MECHANICAL_DESIGN_GEOMETRIC_PRESENTATION_REPRESENTATION (  '', ( #9072 ), #7736 ) ;
#3105 = VECTOR ( 'NONE', #10098, 1000.000000000000114 ) ;
#3106 = CARTESIAN_POINT ( 'NONE',  ( 10.05000000000000071, 5.100000000000001421, 0.1499999999999973577 ) ) ;
#3107 = VERTEX_POINT ( 'NONE', #1501 ) ;
#3108 = CARTESIAN_POINT ( 'NONE',  ( 4.049999999999999822, 5.100000000000001421, -0.1499999999999969136 ) ) ;
#3109 =( GEOMETRIC_REPRESENTATION_CONTEXT ( 3 ) GLOBAL_UNCERTAINTY_ASSIGNED_CONTEXT ( ( #7474 ) ) GLOBAL_UNIT_ASSIGNED_CONTEXT ( ( #1195, #5143, #2801 ) ) REPRESENTATION_CONTEXT ( 'NONE', 'WORKASPACE' ) );
#3110 = VECTOR ( 'NONE', #4269, 1000.000000000000114 ) ;
#3111 = EDGE_CURVE ( 'NONE', #4998, #1309, #10080, .T. ) ;
#3112 = ORIENTED_EDGE ( 'NONE', *, *, #8875, .T. ) ;
#3113 = DIRECTION ( 'NONE',  ( 0.0000000000000000000, -0.0000000000000000000, 1.000000000000000000 ) ) ;
#3114 = AXIS2_PLACEMENT_3D ( 'NONE', #5273, #2016, #449 ) ;
#3115 = DIRECTION ( 'NONE',  ( 1.000000000000000000, 0.0000000000000000000, 0.0000000000000000000 ) ) ;
#3116 = CARTESIAN_POINT ( 'NONE',  ( 3.299999999999999378, 0.2000000000000000389, 1.700000000000000178 ) ) ;
#3117 = DIRECTION ( 'NONE',  ( 1.000000000000000000, -5.421010862427522170E-17, 0.0000000000000000000 ) ) ;
#3118 = UNCERTAINTY_MEASURE_WITH_UNIT (LENGTH_MEASURE( 1.000000000000000082E-05 ), #9992, 'distance_accuracy_value', 'NONE');
#3119 = CARTESIAN_POINT ( 'NONE',  ( 10.24999999999999822, -3.299999999999998490, -0.2499999999999997780 ) ) ;
#3120 = EDGE_LOOP ( 'NONE', ( #3024, #570, #5881, #1841 ) ) ;
#3121 = SURFACE_SIDE_STYLE ('',( #6181 ) ) ;
#3122 = ORIENTED_EDGE ( 'NONE', *, *, #28, .F. ) ;
#3123 = FILL_AREA_STYLE_COLOUR ( '', #4638 ) ;
#3124 = ORIENTED_EDGE ( 'NONE', *, *, #7002, .T. ) ;
#3125 = UNCERTAINTY_MEASURE_WITH_UNIT (LENGTH_MEASURE( 1.000000000000000082E-05 ), #4203, 'distance_accuracy_value', 'NONE');
#3126 = MECHANICAL_DESIGN_GEOMETRIC_PRESENTATION_REPRESENTATION (  '', ( #9894 ), #10238 ) ;
#3127 =( GEOMETRIC_REPRESENTATION_CONTEXT ( 3 ) GLOBAL_UNCERTAINTY_ASSIGNED_CONTEXT ( ( #8048 ) ) GLOBAL_UNIT_ASSIGNED_CONTEXT ( ( #351, #4965, #6692 ) ) REPRESENTATION_CONTEXT ( 'NONE', 'WORKASPACE' ) );
#3128 = COLOUR_RGB ( '',1.000000000000000000, 0.8117647058823529438, 0.5019607843137254832 ) ;
#3129 = CARTESIAN_POINT ( 'NONE',  ( 2.250000000000000000, -3.399999999999999911, 0.2500000000000002220 ) ) ;
#3130 = LINE ( 'NONE', #4570, #468 ) ;
#3131 = ORIENTED_EDGE ( 'NONE', *, *, #7255, .T. ) ;
#3132 =( NAMED_UNIT ( * ) PLANE_ANGLE_UNIT ( ) SI_UNIT ( $, .RADIAN. ) );
#3133 = ORIENTED_EDGE ( 'NONE', *, *, #8679, .T. ) ;
#3134 = PRESENTATION_STYLE_ASSIGNMENT (( #10229 ) ) ;
#3135 =( NAMED_UNIT ( * ) SI_UNIT ( $, .STERADIAN. ) SOLID_ANGLE_UNIT ( ) );
#3136 = DIRECTION ( 'NONE',  ( -1.000000000000000000, 3.872150616019660190E-17, -0.0000000000000000000 ) ) ;
#3137 = CARTESIAN_POINT ( 'NONE',  ( -1.949999999999999956, 0.0000000000000000000, -2.800000000000000266 ) ) ;
#3138 = DIRECTION ( 'NONE',  ( 0.0000000000000000000, 0.0000000000000000000, -1.000000000000000000 ) ) ;
#3139 = VERTEX_POINT ( 'NONE', #608 ) ;
#3140 = SURFACE_STYLE_FILL_AREA ( #9571 ) ;
#3141 = UNCERTAINTY_MEASURE_WITH_UNIT (LENGTH_MEASURE( 1.000000000000000082E-05 ), #7870, 'distance_accuracy_value', 'NONE');
#3142 = COLOUR_RGB ( '',1.000000000000000000, 0.8117647058823529438, 0.5019607843137254832 ) ;
#3143 = SURFACE_SIDE_STYLE ('',( #1464 ) ) ;
#3144 = EDGE_CURVE ( 'NONE', #10007, #3398, #3963, .T. ) ;
#3145 = DIRECTION ( 'NONE',  ( -3.833233541708420554E-17, -0.7071067811865447972, 0.7071067811865502373 ) ) ;
#3146 = PRESENTATION_LAYER_ASSIGNMENT (  '', '', ( #6290 ) ) ;
#3147 = SURFACE_STYLE_USAGE ( .BOTH. , #2415 ) ;
#3148 = COLOUR_RGB ( '',1.000000000000000000, 0.8117647058823529438, 0.5019607843137254832 ) ;
#3149 = ORIENTED_EDGE ( 'NONE', *, *, #2189, .T. ) ;
#3150 =( NAMED_UNIT ( * ) SI_UNIT ( $, .STERADIAN. ) SOLID_ANGLE_UNIT ( ) );
#3151 =( NAMED_UNIT ( * ) SI_UNIT ( $, .STERADIAN. ) SOLID_ANGLE_UNIT ( ) );
#3152 = DIRECTION ( 'NONE',  ( -0.0000000000000000000, 1.000000000000000000, -0.0000000000000000000 ) ) ;
#3153 = FACE_OUTER_BOUND ( 'NONE', #6540, .T. ) ;
#3154 = SURFACE_STYLE_USAGE ( .BOTH. , #1375 ) ;
#3155 = MECHANICAL_DESIGN_GEOMETRIC_PRESENTATION_REPRESENTATION (  '', ( #3514 ), #3813 ) ;
#3156 = EDGE_CURVE ( 'NONE', #152, #8509, #1599, .T. ) ;
#3157 = SURFACE_STYLE_FILL_AREA ( #2200 ) ;
#3158 = VECTOR ( 'NONE', #9663, 1000.000000000000000 ) ;
#3159 = DIRECTION ( 'NONE',  ( -0.0000000000000000000, 0.7071067811865500152, 0.7071067811865451302 ) ) ;
#3160 =( NAMED_UNIT ( * ) SI_UNIT ( $, .STERADIAN. ) SOLID_ANGLE_UNIT ( ) );
#3161 = SURFACE_STYLE_FILL_AREA ( #8694 ) ;
#3162 = STYLED_ITEM ( 'NONE', ( #2419 ), #5464 ) ;
#3163 = MECHANICAL_DESIGN_GEOMETRIC_PRESENTATION_REPRESENTATION (  '', ( #7277 ), #1130 ) ;
#3164 = PRODUCT_CONTEXT ( 'NONE', #4962, 'mechanical' ) ;
#3165 = VERTEX_POINT ( 'NONE', #6140 ) ;
#3166 = ORIENTED_EDGE ( 'NONE', *, *, #8457, .F. ) ;
#3167 = EDGE_CURVE ( 'NONE', #1791, #9000, #656, .T. ) ;
#3168 = EDGE_CURVE ( 'NONE', #5508, #8668, #7890, .T. ) ;
#3169 = STYLED_ITEM ( 'NONE', ( #10031 ), #5646 ) ;
#3170 = DIRECTION ( 'NONE',  ( 0.5773502691896261751, -0.5773502691896257311, 0.5773502691896252870 ) ) ;
#3171 = PRESENTATION_LAYER_ASSIGNMENT (  '', '', ( #8442 ) ) ;
#3172 = STYLED_ITEM ( 'NONE', ( #5027 ), #6522 ) ;
#3173 = CARTESIAN_POINT ( 'NONE',  ( 9.299999999999998934, 0.2000000000000000389, 1.700000000000000178 ) ) ;
#3174 = PRESENTATION_LAYER_ASSIGNMENT (  '', '', ( #7616 ) ) ;
#3175 = FILL_AREA_STYLE_COLOUR ( '', #1663 ) ;
#3176 = DIRECTION ( 'NONE',  ( -1.000000000000000000, 5.421010862427522170E-17, 0.0000000000000000000 ) ) ;
#3177 = FILL_AREA_STYLE ('',( #750 ) ) ;
#3178 = UNCERTAINTY_MEASURE_WITH_UNIT (LENGTH_MEASURE( 1.000000000000000082E-05 ), #2450, 'distance_accuracy_value', 'NONE');
#3179 = CARTESIAN_POINT ( 'NONE',  ( 6.249999999999998224, -3.299999999999998490, -0.2499999999999997780 ) ) ;
#3180 = LINE ( 'NONE', #7880, #264 ) ;
#3181 = ORIENTED_EDGE ( 'NONE', *, *, #1278, .F. ) ;
#3182 = MECHANICAL_DESIGN_GEOMETRIC_PRESENTATION_REPRESENTATION (  '', ( #2668 ), #4004 ) ;
#3183 = STYLED_ITEM ( 'NONE', ( #1142 ), #4521 ) ;
#3184 = FACE_OUTER_BOUND ( 'NONE', #4408, .T. ) ;
#3185 = EDGE_CURVE ( 'NONE', #1309, #4498, #6991, .T. ) ;
#3186 = LINE ( 'NONE', #7832, #1938 ) ;
#3187 = SURFACE_STYLE_USAGE ( .BOTH. , #1793 ) ;
#3188 = CARTESIAN_POINT ( 'NONE',  ( 0.6999999999999996225, 0.0000000000000000000, -2.800000000000000266 ) ) ;
#3189 =( GEOMETRIC_REPRESENTATION_CONTEXT ( 3 ) GLOBAL_UNCERTAINTY_ASSIGNED_CONTEXT ( ( #3950 ) ) GLOBAL_UNIT_ASSIGNED_CONTEXT ( ( #10117, #9390, #1438 ) ) REPRESENTATION_CONTEXT ( 'NONE', 'WORKASPACE' ) );
#3190 = COLOUR_RGB ( '',1.000000000000000000, 1.000000000000000000, 1.000000000000000000 ) ;
#3191 = SURFACE_STYLE_FILL_AREA ( #10276 ) ;
#3192 =( LENGTH_UNIT ( ) NAMED_UNIT ( * ) SI_UNIT ( .MILLI., .METRE. ) );
#3193 = CARTESIAN_POINT ( 'NONE',  ( 0.1499999999999973577, 5.100000000000001421, -2.800000000000000266 ) ) ;
#3194 = ORIENTED_EDGE ( 'NONE', *, *, #5594, .F. ) ;
#3195 =( LENGTH_UNIT ( ) NAMED_UNIT ( * ) SI_UNIT ( .MILLI., .METRE. ) );
#3196 = DIRECTION ( 'NONE',  ( 3.872150616019660190E-17, 1.000000000000000000, -0.0000000000000000000 ) ) ;
#3197 = LINE ( 'NONE', #4165, #2103 ) ;
#3198 = ORIENTED_EDGE ( 'NONE', *, *, #3736, .F. ) ;
#3199 = CARTESIAN_POINT ( 'NONE',  ( 13.34999999999999787, 5.649999999999993250, 1.249999999999997558 ) ) ;
#3200 = ORIENTED_EDGE ( 'NONE', *, *, #168, .T. ) ;
#3201 = VECTOR ( 'NONE', #9808, 1000.000000000000000 ) ;
#3202 = SURFACE_SIDE_STYLE ('',( #3140 ) ) ;
#3203 = SURFACE_STYLE_FILL_AREA ( #7902 ) ;
#3204 = EDGE_CURVE ( 'NONE', #743, #1423, #4683, .T. ) ;
#3205 = SURFACE_STYLE_FILL_AREA ( #4026 ) ;
#3206 = CARTESIAN_POINT ( 'NONE',  ( -1.949999999999999956, 1.800000000000000044, 0.2500000000000002220 ) ) ;
#3207 = CARTESIAN_POINT ( 'NONE',  ( -1.949999999999999956, 1.800000000000000044, -2.800000000000000266 ) ) ;
#3208 = CARTESIAN_POINT ( 'NONE',  ( 2.750000000000001332, 3.399999999999998579, -2.350000000000001421 ) ) ;
#3209 = VECTOR ( 'NONE', #361, 1000.000000000000000 ) ;
#3210 = FILL_AREA_STYLE_COLOUR ( '', #834 ) ;
#3211 = ORIENTED_EDGE ( 'NONE', *, *, #3111, .T. ) ;
#3212 = DIRECTION ( 'NONE',  ( 1.000000000000000000, -5.421010862427522170E-17, 0.0000000000000000000 ) ) ;
#3213 = PRESENTATION_STYLE_ASSIGNMENT (( #22 ) ) ;
#3214 = VECTOR ( 'NONE', #3046, 1000.000000000000000 ) ;
#3215 = LINE ( 'NONE', #7752, #5030 ) ;
#3216 = SURFACE_SIDE_STYLE ('',( #2519 ) ) ;
#3217 = LINE ( 'NONE', #2317, #5762 ) ;
#3218 = LINE ( 'NONE', #10254, #7783 ) ;
#3219 = VERTEX_POINT ( 'NONE', #2347 ) ;
#3220 =( GEOMETRIC_REPRESENTATION_CONTEXT ( 3 ) GLOBAL_UNCERTAINTY_ASSIGNED_CONTEXT ( ( #8746 ) ) GLOBAL_UNIT_ASSIGNED_CONTEXT ( ( #7298, #1746, #4996 ) ) REPRESENTATION_CONTEXT ( 'NONE', 'WORKASPACE' ) );
#3221 = SURFACE_STYLE_USAGE ( .BOTH. , #3254 ) ;
#3222 =( GEOMETRIC_REPRESENTATION_CONTEXT ( 3 ) GLOBAL_UNCERTAINTY_ASSIGNED_CONTEXT ( ( #3454 ) ) GLOBAL_UNIT_ASSIGNED_CONTEXT ( ( #7679, #2188, #8515 ) ) REPRESENTATION_CONTEXT ( 'NONE', 'WORKASPACE' ) );
#3223 = DIRECTION ( 'NONE',  ( 0.5773502691896259531, 0.5773502691896259531, 0.5773502691896255090 ) ) ;
#3224 = DIRECTION ( 'NONE',  ( -0.0000000000000000000, 0.0000000000000000000, 1.000000000000000000 ) ) ;
#3225 = CARTESIAN_POINT ( 'NONE',  ( -1.949999999999999956, 0.8200000000000012834, 1.700000000000000178 ) ) ;
#3226 = LINE ( 'NONE', #6327, #9479 ) ;
#3227 = LINE ( 'NONE', #5074, #7216 ) ;
#3228 = CARTESIAN_POINT ( 'NONE',  ( -1.949999999999999956, 6.000000000000000000, 1.700000000000000178 ) ) ;
#3229 = CARTESIAN_POINT ( 'NONE',  ( 6.249999999999998224, -3.299999999999998490, 0.2500000000000002220 ) ) ;
#3230 = UNCERTAINTY_MEASURE_WITH_UNIT (LENGTH_MEASURE( 1.000000000000000082E-05 ), #7314, 'distance_accuracy_value', 'NONE');
#3231 = EDGE_CURVE ( 'NONE', #9963, #1724, #1395, .T. ) ;
#3232 = ORIENTED_EDGE ( 'NONE', *, *, #5272, .F. ) ;
#3233 = CARTESIAN_POINT ( 'NONE',  ( 2.750000000000000444, 3.399999999999999467, -2.300000000000006928 ) ) ;
#3234 = ORIENTED_EDGE ( 'NONE', *, *, #5724, .T. ) ;
#3235 = AXIS2_PLACEMENT_3D ( 'NONE', #9476, #8586, #7804 ) ;
#3236 = EDGE_LOOP ( 'NONE', ( #6553, #5205, #10021, #856 ) ) ;
#3237 = CARTESIAN_POINT ( 'NONE',  ( -1.350000000000000089, 6.000000000000000000, 1.599999999999997202 ) ) ;
#3238 = MECHANICAL_DESIGN_GEOMETRIC_PRESENTATION_REPRESENTATION (  '', ( #8519 ), #2890 ) ;
#3239 = CARTESIAN_POINT ( 'NONE',  ( 5.299999999999998934, 0.2000000000000000389, -2.800000000000000266 ) ) ;
#3240 = CARTESIAN_POINT ( 'NONE',  ( 7.750000000000000000, -3.399999999999999911, -0.2499999999999997780 ) ) ;
#3241 = LINE ( 'NONE', #2541, #5912 ) ;
#3242 = SURFACE_STYLE_USAGE ( .BOTH. , #145 ) ;
#3243 = ADVANCED_FACE ( 'NONE', ( #5480 ), #8716, .F. ) ;
#3244 = ORIENTED_EDGE ( 'NONE', *, *, #6083, .F. ) ;
#3245 = EDGE_CURVE ( 'NONE', #1924, #67, #2451, .T. ) ;
#3246 = FACE_OUTER_BOUND ( 'NONE', #4353, .T. ) ;
#3247 = ORIENTED_EDGE ( 'NONE', *, *, #2354, .F. ) ;
#3248 = DIRECTION ( 'NONE',  ( -1.000000000000000000, 5.421010862427522170E-17, 0.0000000000000000000 ) ) ;
#3249 = ORIENTED_EDGE ( 'NONE', *, *, #1620, .F. ) ;
#3250 = STYLED_ITEM ( 'NONE', ( #4517 ), #7243 ) ;
#3251 = PLANE ( 'NONE',  #7797 ) ;
#3252 = UNCERTAINTY_MEASURE_WITH_UNIT (LENGTH_MEASURE( 1.000000000000000082E-05 ), #9708, 'distance_accuracy_value', 'NONE');
#3253 = STYLED_ITEM ( 'NONE', ( #956 ), #10181 ) ;
#3254 = SURFACE_SIDE_STYLE ('',( #3203 ) ) ;
#3255 = FILL_AREA_STYLE ('',( #1610 ) ) ;
#3256 = CARTESIAN_POINT ( 'NONE',  ( 3.299999999999999378, 0.2000000000000000389, -2.800000000000000266 ) ) ;
#3257 = COLOUR_RGB ( '',1.000000000000000000, 1.000000000000000000, 1.000000000000000000 ) ;
#3258 = SURFACE_STYLE_USAGE ( .BOTH. , #9627 ) ;
#3259 = DIRECTION ( 'NONE',  ( -1.000000000000000000, 0.0000000000000000000, -0.0000000000000000000 ) ) ;
#3260 = EDGE_CURVE ( 'NONE', #2745, #7339, #6390, .T. ) ;
#3261 = FILL_AREA_STYLE ('',( #2512 ) ) ;
#3262 = CARTESIAN_POINT ( 'NONE',  ( 12.21999999999999886, 6.000000000000000000, 1.700000000000000178 ) ) ;
#3263 = SURFACE_STYLE_USAGE ( .BOTH. , #2308 ) ;
#3264 = DIRECTION ( 'NONE',  ( 3.872150616019660190E-17, 1.000000000000000000, -0.0000000000000000000 ) ) ;
#3265 = MECHANICAL_DESIGN_GEOMETRIC_PRESENTATION_REPRESENTATION (  '', ( #6397 ), #901 ) ;
#3266 = AXIS2_PLACEMENT_3D ( 'NONE', #6724, #5870, #4247 ) ;
#3267 = DIRECTION ( 'NONE',  ( -1.000000000000000000, 0.0000000000000000000, -0.0000000000000000000 ) ) ;
#3268 = SURFACE_STYLE_FILL_AREA ( #3879 ) ;
#3269 = VECTOR ( 'NONE', #6309, 1000.000000000000000 ) ;
#3270 = DIRECTION ( 'NONE',  ( -1.000000000000000000, 5.421010862427522170E-17, 0.0000000000000000000 ) ) ;
#3271 = LINE ( 'NONE', #8070, #2303 ) ;
#3272 = PRESENTATION_LAYER_ASSIGNMENT (  '', '', ( #2932 ) ) ;
#3273 = VECTOR ( 'NONE', #4845, 1000.000000000000000 ) ;
#3274 = CARTESIAN_POINT ( 'NONE',  ( 13.95000000000000107, 0.0000000000000000000, 1.699999999999999289 ) ) ;
#3275 = EDGE_LOOP ( 'NONE', ( #4161, #1844, #4702, #8721 ) ) ;
#3276 = CARTESIAN_POINT ( 'NONE',  ( 8.250000000000000000, -3.399999999999999911, -0.2499999999999997780 ) ) ;
#3277 = SURFACE_STYLE_FILL_AREA ( #314 ) ;
#3278 = VECTOR ( 'NONE', #1691, 1000.000000000000000 ) ;
#3279 = SURFACE_SIDE_STYLE ('',( #8662 ) ) ;
#3280 =( NAMED_UNIT ( * ) SI_UNIT ( $, .STERADIAN. ) SOLID_ANGLE_UNIT ( ) );
#3281 = PRESENTATION_LAYER_ASSIGNMENT (  '', '', ( #2449 ) ) ;
#3282 = VERTEX_POINT ( 'NONE', #5121 ) ;
#3283 = SURFACE_STYLE_FILL_AREA ( #6538 ) ;
#3284 = VERTEX_POINT ( 'NONE', #8253 ) ;
#3285 = FACE_OUTER_BOUND ( 'NONE', #3927, .T. ) ;
#3286 = CARTESIAN_POINT ( 'NONE',  ( 12.25000000000000000, 0.2000000000000000111, -0.2499999999999997780 ) ) ;
#3287 = ADVANCED_FACE ( 'NONE', ( #9818 ), #3714, .F. ) ;
#3288 = MECHANICAL_DESIGN_GEOMETRIC_PRESENTATION_REPRESENTATION (  '', ( #4605 ), #3451 ) ;
#3289 = PRESENTATION_LAYER_ASSIGNMENT (  '', '', ( #9889 ) ) ;
#3290 = CARTESIAN_POINT ( 'NONE',  ( -1.951000000000000956, 4.500000000000000888, 0.3199999999999986744 ) ) ;
#3291 = VECTOR ( 'NONE', #7121, 1000.000000000000000 ) ;
#3292 = ORIENTED_EDGE ( 'NONE', *, *, #9098, .T. ) ;
#3293 = DIRECTION ( 'NONE',  ( -0.0000000000000000000, -0.0000000000000000000, -1.000000000000000000 ) ) ;
#3294 = DIRECTION ( 'NONE',  ( -1.000000000000000000, 0.0000000000000000000, -0.0000000000000000000 ) ) ;
#3295 = DIRECTION ( 'NONE',  ( -9.103382349328301547E-49, -2.350988701644575016E-32, -1.000000000000000000 ) ) ;
#3296 = DIRECTION ( 'NONE',  ( 1.000000000000000000, -3.872150616019660190E-17, -4.336808689942017736E-16 ) ) ;
#3297 = ORIENTED_EDGE ( 'NONE', *, *, #4426, .T. ) ;
#3298 = PRESENTATION_LAYER_ASSIGNMENT (  '', '', ( #7741 ) ) ;
#3299 = UNCERTAINTY_MEASURE_WITH_UNIT (LENGTH_MEASURE( 1.000000000000000082E-05 ), #10241, 'distance_accuracy_value', 'NONE');
#3300 = COLOUR_RGB ( '',1.000000000000000000, 0.8117647058823529438, 0.5019607843137254832 ) ;
#3301 = ORIENTED_EDGE ( 'NONE', *, *, #9748, .T. ) ;
#3302 = SURFACE_STYLE_USAGE ( .BOTH. , #2463 ) ;
#3303 = FILL_AREA_STYLE_COLOUR ( '', #7913 ) ;
#3304 = SURFACE_SIDE_STYLE ('',( #1662 ) ) ;
#3305 = DIRECTION ( 'NONE',  ( -1.084202172485504237E-15, -1.000000000000000000, 0.0000000000000000000 ) ) ;
#3306 = EDGE_CURVE ( 'NONE', #2216, #4774, #1979, .T. ) ;
#3307 = ADVANCED_FACE ( 'NONE', ( #9919 ), #2080, .F. ) ;
#3308 =( GEOMETRIC_REPRESENTATION_CONTEXT ( 3 ) GLOBAL_UNCERTAINTY_ASSIGNED_CONTEXT ( ( #3038 ) ) GLOBAL_UNIT_ASSIGNED_CONTEXT ( ( #4366, #9811, #6694 ) ) REPRESENTATION_CONTEXT ( 'NONE', 'WORKASPACE' ) );
#3309 = DIRECTION ( 'NONE',  ( -1.000000000000000000, 5.421010862427522170E-17, 0.0000000000000000000 ) ) ;
#3310 = PLANE ( 'NONE',  #8525 ) ;
#3311 = ORIENTED_EDGE ( 'NONE', *, *, #6057, .F. ) ;
#3312 = CARTESIAN_POINT ( 'NONE',  ( 11.25000000000000000, 1.149999999999999911, -2.050000000000001599 ) ) ;
#3313 = DIRECTION ( 'NONE',  ( 0.7071067811865474617, -0.7071067811865474617, 4.088782444488998688E-16 ) ) ;
#3314 =( NAMED_UNIT ( * ) PLANE_ANGLE_UNIT ( ) SI_UNIT ( $, .RADIAN. ) );
#3315 = VERTEX_POINT ( 'NONE', #6852 ) ;
#3316 = SURFACE_STYLE_USAGE ( .BOTH. , #3463 ) ;
#3317 =( LENGTH_UNIT ( ) NAMED_UNIT ( * ) SI_UNIT ( .MILLI., .METRE. ) );
#3318 = EDGE_CURVE ( 'NONE', #1184, #7586, #5228, .T. ) ;
#3319 = FILL_AREA_STYLE_COLOUR ( '', #5848 ) ;
#3320 = LINE ( 'NONE', #2479, #4587 ) ;
#3321 = CARTESIAN_POINT ( 'NONE',  ( 5.750000000000000000, 4.999999999999997335, -0.2499999999999997780 ) ) ;
#3322 = FACE_OUTER_BOUND ( 'NONE', #921, .T. ) ;
#3323 = FILL_AREA_STYLE ('',( #3658 ) ) ;
#3324 = EDGE_LOOP ( 'NONE', ( #3066, #9248, #6505, #10227 ) ) ;
#3325 = MECHANICAL_DESIGN_GEOMETRIC_PRESENTATION_REPRESENTATION (  '', ( #10104 ), #2810 ) ;
#3326 = EDGE_CURVE ( 'NONE', #7884, #3107, #5284, .T. ) ;
#3327 = PLANE ( 'NONE',  #2999 ) ;
#3328 = DIRECTION ( 'NONE',  ( -3.833233541708420554E-17, -0.7071067811865447972, -0.7071067811865502373 ) ) ;
#3329 = VECTOR ( 'NONE', #8385, 1000.000000000000000 ) ;
#3330 =( GEOMETRIC_REPRESENTATION_CONTEXT ( 3 ) GLOBAL_UNCERTAINTY_ASSIGNED_CONTEXT ( ( #9310 ) ) GLOBAL_UNIT_ASSIGNED_CONTEXT ( ( #4590, #5389, #6951 ) ) REPRESENTATION_CONTEXT ( 'NONE', 'WORKASPACE' ) );
#3331 = VERTEX_POINT ( 'NONE', #4428 ) ;
#3332 =( NAMED_UNIT ( * ) SI_UNIT ( $, .STERADIAN. ) SOLID_ANGLE_UNIT ( ) );
#3333 =( NAMED_UNIT ( * ) PLANE_ANGLE_UNIT ( ) SI_UNIT ( $, .RADIAN. ) );
#3334 = FILL_AREA_STYLE ('',( #9785 ) ) ;
#3335 = CARTESIAN_POINT ( 'NONE',  ( 13.95000000000000107, 6.000000000000000000, -2.800000000000000711 ) ) ;
#3336 = EDGE_LOOP ( 'NONE', ( #6974, #5353, #668, #6508 ) ) ;
#3337 = VERTEX_POINT ( 'NONE', #6703 ) ;
#3338 =( NAMED_UNIT ( * ) SI_UNIT ( $, .STERADIAN. ) SOLID_ANGLE_UNIT ( ) );
#3339 = ORIENTED_EDGE ( 'NONE', *, *, #1943, .T. ) ;
#3340 =( GEOMETRIC_REPRESENTATION_CONTEXT ( 3 ) GLOBAL_UNCERTAINTY_ASSIGNED_CONTEXT ( ( #4780 ) ) GLOBAL_UNIT_ASSIGNED_CONTEXT ( ( #9482, #7704, #6120 ) ) REPRESENTATION_CONTEXT ( 'NONE', 'WORKASPACE' ) );
#3341 = COLOUR_RGB ( '',1.000000000000000000, 0.8117647058823529438, 0.5019607843137254832 ) ;
#3342 = COLOUR_RGB ( '',1.000000000000000000, 1.000000000000000000, 1.000000000000000000 ) ;
#3343 = EDGE_CURVE ( 'NONE', #4444, #2162, #7577, .T. ) ;
#3344 = VECTOR ( 'NONE', #147, 1000.000000000000000 ) ;
#3345 = CARTESIAN_POINT ( 'NONE',  ( 13.94999999999999751, 1.380000000000003890, 1.700000000000000178 ) ) ;
#3346 = SURFACE_STYLE_USAGE ( .BOTH. , #6386 ) ;
#3347 = SURFACE_SIDE_STYLE ('',( #9751 ) ) ;
#3348 = DIRECTION ( 'NONE',  ( -1.000000000000000000, 0.0000000000000000000, 0.0000000000000000000 ) ) ;
#3349 = VECTOR ( 'NONE', #8235, 1000.000000000000000 ) ;
#3350 = ORIENTED_EDGE ( 'NONE', *, *, #7600, .T. ) ;
#3351 = SURFACE_STYLE_USAGE ( .BOTH. , #7993 ) ;
#3352 = FILL_AREA_STYLE_COLOUR ( '', #13 ) ;
#3353 = CARTESIAN_POINT ( 'NONE',  ( 13.34999999999999787, 1.149999999999999911, -1.050000000000005373 ) ) ;
#3354 = CARTESIAN_POINT ( 'NONE',  ( 12.67999999999999616, 6.000000000000000000, 1.599999999999999867 ) ) ;
#3355 = VECTOR ( 'NONE', #1582, 1000.000000000000000 ) ;
#3356 = SURFACE_SIDE_STYLE ('',( #7950 ) ) ;
#3357 = VECTOR ( 'NONE', #2633, 1000.000000000000000 ) ;
#3358 = VECTOR ( 'NONE', #6599, 1000.000000000000000 ) ;
#3359 = CARTESIAN_POINT ( 'NONE',  ( 13.34999999999999787, 5.650000000000000355, -2.350000000000001865 ) ) ;
#3360 = FACE_OUTER_BOUND ( 'NONE', #3926, .T. ) ;
#3361 = LINE ( 'NONE', #9858, #2547 ) ;
#3362 = CARTESIAN_POINT ( 'NONE',  ( 9.750000000000000000, 0.2000000000000000944, 0.2500000000000002220 ) ) ;
#3363 = AXIS2_PLACEMENT_3D ( 'NONE', #6219, #6820, #5408 ) ;
#3364 = COLOUR_RGB ( '',1.000000000000000000, 0.8117647058823529438, 0.5019607843137254832 ) ;
#3365 = EDGE_CURVE ( 'NONE', #6808, #3384, #3642, .T. ) ;
#3366 = PRESENTATION_LAYER_ASSIGNMENT (  '', '', ( #8295 ) ) ;
#3367 = CARTESIAN_POINT ( 'NONE',  ( -0.5499999999999990452, -4.100000000000001421, 0.5499999999999983791 ) ) ;
#3368 = ADVANCED_FACE ( 'NONE', ( #3285 ), #1047, .F. ) ;
#3369 = VERTEX_POINT ( 'NONE', #1836 ) ;
#3370 = FILL_AREA_STYLE ('',( #1826 ) ) ;
#3371 =( NAMED_UNIT ( * ) SI_UNIT ( $, .STERADIAN. ) SOLID_ANGLE_UNIT ( ) );
#3372 =( NAMED_UNIT ( * ) SI_UNIT ( $, .STERADIAN. ) SOLID_ANGLE_UNIT ( ) );
#3373 = COLOUR_RGB ( '',1.000000000000000000, 1.000000000000000000, 1.000000000000000000 ) ;
#3374 = ORIENTED_EDGE ( 'NONE', *, *, #7194, .T. ) ;
#3375 = CARTESIAN_POINT ( 'NONE',  ( -0.2200000000000003619, 4.229999999999999538, 1.700000000000000178 ) ) ;
#3376 = EDGE_CURVE ( 'NONE', #1445, #8535, #5627, .T. ) ;
#3377 = EDGE_CURVE ( 'NONE', #9606, #9699, #4837, .T. ) ;
#3378 = ORIENTED_EDGE ( 'NONE', *, *, #4410, .F. ) ;
#3379 = AXIS2_PLACEMENT_3D ( 'NONE', #8115, #1876, #9681 ) ;
#3380 = DIRECTION ( 'NONE',  ( 3.872150616019660190E-17, 1.000000000000000000, -0.0000000000000000000 ) ) ;
#3381 = MECHANICAL_DESIGN_GEOMETRIC_PRESENTATION_REPRESENTATION (  '', ( #356 ), #4699 ) ;
#3382 = LINE ( 'NONE', #2638, #2602 ) ;
#3383 = LINE ( 'NONE', #2690, #2558 ) ;
#3384 = VERTEX_POINT ( 'NONE', #812 ) ;
#3385 = DIRECTION ( 'NONE',  ( -0.0000000000000000000, -0.7071067811865504593, 0.7071067811865446862 ) ) ;
#3386 = ADVANCED_FACE ( 'NONE', ( #7184, #5083 ), #858, .F. ) ;
#3387 = VERTEX_POINT ( 'NONE', #5673 ) ;
#3388 = CARTESIAN_POINT ( 'NONE',  ( 6.749999999999999112, 3.399999999999999467, -2.350000000000001421 ) ) ;
#3389 = ORIENTED_EDGE ( 'NONE', *, *, #4815, .F. ) ;
#3390 = VECTOR ( 'NONE', #3552, 1000.000000000000000 ) ;
#3391 = CARTESIAN_POINT ( 'NONE',  ( 10.84999999999999609, 1.800000000000000933, -2.801000000000000600 ) ) ;
#3392 = LINE ( 'NONE', #1011, #4074 ) ;
#3393 = AXIS2_PLACEMENT_3D ( 'NONE', #3137, #8411, #1285 ) ;
#3394 = ORIENTED_EDGE ( 'NONE', *, *, #9558, .T. ) ;
#3395 = FILL_AREA_STYLE ('',( #8812 ) ) ;
#3396 = SURFACE_SIDE_STYLE ('',( #1017 ) ) ;
#3397 = PLANE ( 'NONE',  #1059 ) ;
#3398 = VERTEX_POINT ( 'NONE', #8949 ) ;
#3399 = MECHANICAL_DESIGN_GEOMETRIC_PRESENTATION_REPRESENTATION (  '', ( #2032 ), #8172 ) ;
#3400 =( NAMED_UNIT ( * ) PLANE_ANGLE_UNIT ( ) SI_UNIT ( $, .RADIAN. ) );
#3401 = FILL_AREA_STYLE_COLOUR ( '', #5461 ) ;
#3402 = LINE ( 'NONE', #4352, #4511 ) ;
#3403 = FACE_OUTER_BOUND ( 'NONE', #3666, .T. ) ;
#3404 = ORIENTED_EDGE ( 'NONE', *, *, #2148, .F. ) ;
#3405 = VERTEX_POINT ( 'NONE', #8712 ) ;
#3406 = STYLED_ITEM ( 'NONE', ( #3459 ), #6700 ) ;
#3407 = CARTESIAN_POINT ( 'NONE',  ( 3.750000000000000444, -3.399999999999999911, -0.2499999999999997780 ) ) ;
#3408 = PRESENTATION_LAYER_ASSIGNMENT (  '', '', ( #7683 ) ) ;
#3409 = LINE ( 'NONE', #8194, #7813 ) ;
#3410 = SURFACE_STYLE_USAGE ( .BOTH. , #204 ) ;
#3411 = COLOUR_RGB ( '',1.000000000000000000, 0.8117647058823529438, 0.5019607843137254832 ) ;
#3412 = EDGE_CURVE ( 'NONE', #6957, #4565, #1592, .T. ) ;
#3413 = CARTESIAN_POINT ( 'NONE',  ( 2.750000000000001332, 1.149999999999999911, -2.050000000000001599 ) ) ;
#3414 = VECTOR ( 'NONE', #5864, 1000.000000000000000 ) ;
#3415 = FILL_AREA_STYLE_COLOUR ( '', #492 ) ;
#3416 = DIRECTION ( 'NONE',  ( -0.0000000000000000000, 0.0000000000000000000, 1.000000000000000000 ) ) ;
#3417 = EDGE_CURVE ( 'NONE', #7757, #6511, #3468, .T. ) ;
#3418 = CARTESIAN_POINT ( 'NONE',  ( 0.0000000000000000000, 0.0000000000000000000, 0.0000000000000000000 ) ) ;
#3419 = LINE ( 'NONE', #6574, #4879 ) ;
#3420 = CARTESIAN_POINT ( 'NONE',  ( 3.750000000000001332, 4.999999999999997335, 0.2500000000000002220 ) ) ;
#3421 = VECTOR ( 'NONE', #6280, 1000.000000000000000 ) ;
#3422 = EDGE_LOOP ( 'NONE', ( #5378, #3760, #4503, #367 ) ) ;
#3423 = LINE ( 'NONE', #5033, #8284 ) ;
#3424 = EDGE_CURVE ( 'NONE', #3387, #8553, #4384, .T. ) ;
#3425 = EDGE_CURVE ( 'NONE', #5977, #8093, #3563, .T. ) ;
#3426 = VECTOR ( 'NONE', #5294, 1000.000000000000000 ) ;
#3427 = VERTEX_POINT ( 'NONE', #1139 ) ;
#3428 = DIRECTION ( 'NONE',  ( -0.0000000000000000000, -0.0000000000000000000, 1.000000000000000000 ) ) ;
#3429 = PLANE ( 'NONE',  #3939 ) ;
#3430 = CARTESIAN_POINT ( 'NONE',  ( 2.250000000000000000, -3.399999999999999911, 0.2500000000000002220 ) ) ;
#3431 = VERTEX_POINT ( 'NONE', #5241 ) ;
#3432 =( NAMED_UNIT ( * ) PLANE_ANGLE_UNIT ( ) SI_UNIT ( $, .RADIAN. ) );
#3433 = COLOUR_RGB ( '',1.000000000000000000, 0.8117647058823529438, 0.5019607843137254832 ) ;
#3434 = LINE ( 'NONE', #9021, #6790 ) ;
#3435 = EDGE_CURVE ( 'NONE', #2037, #7892, #4330, .T. ) ;
#3436 = SURFACE_STYLE_FILL_AREA ( #3576 ) ;
#3437 = AXIS2_PLACEMENT_3D ( 'NONE', #8771, #1668, #4859 ) ;
#3438 = COLOUR_RGB ( '',1.000000000000000000, 1.000000000000000000, 1.000000000000000000 ) ;
#3439 = AXIS2_PLACEMENT_3D ( 'NONE', #7621, #498, #10023 ) ;
#3440 = ORIENTED_EDGE ( 'NONE', *, *, #3096, .T. ) ;
#3441 = DIRECTION ( 'NONE',  ( 0.0000000000000000000, 0.0000000000000000000, -1.000000000000000000 ) ) ;
#3442 = LINE ( 'NONE', #2855, #6257 ) ;
#3443 = DIRECTION ( 'NONE',  ( 1.000000000000000000, -5.421010862427522170E-17, 0.0000000000000000000 ) ) ;
#3444 = LINE ( 'NONE', #6597, #7185 ) ;
#3445 = CARTESIAN_POINT ( 'NONE',  ( 13.95000000000000107, 4.500000000000000888, 0.3200000000000017275 ) ) ;
#3446 = ORIENTED_EDGE ( 'NONE', *, *, #6334, .F. ) ;
#3447 = FACE_OUTER_BOUND ( 'NONE', #136, .T. ) ;
#3448 = ORIENTED_EDGE ( 'NONE', *, *, #2839, .F. ) ;
#3449 = COLOUR_RGB ( '',1.000000000000000000, 0.8117647058823529438, 0.5019607843137254832 ) ;
#3450 = UNCERTAINTY_MEASURE_WITH_UNIT (LENGTH_MEASURE( 1.000000000000000082E-05 ), #8410, 'distance_accuracy_value', 'NONE');
#3451 =( GEOMETRIC_REPRESENTATION_CONTEXT ( 3 ) GLOBAL_UNCERTAINTY_ASSIGNED_CONTEXT ( ( #317 ) ) GLOBAL_UNIT_ASSIGNED_CONTEXT ( ( #2115, #1332, #2171 ) ) REPRESENTATION_CONTEXT ( 'NONE', 'WORKASPACE' ) );
#3452 = VECTOR ( 'NONE', #6875, 1000.000000000000000 ) ;
#3453 = PLANE ( 'NONE',  #606 ) ;
#3454 = UNCERTAINTY_MEASURE_WITH_UNIT (LENGTH_MEASURE( 1.000000000000000082E-05 ), #7679, 'distance_accuracy_value', 'NONE');
#3455 = LINE ( 'NONE', #2551, #3689 ) ;
#3456 = DIRECTION ( 'NONE',  ( -1.927470528863119542E-16, 1.000000000000000000, 0.0000000000000000000 ) ) ;
#3457 = MECHANICAL_DESIGN_GEOMETRIC_PRESENTATION_REPRESENTATION (  '', ( #7914 ), #6103 ) ;
#3458 = LINE ( 'NONE', #5787, #10085 ) ;
#3459 = PRESENTATION_STYLE_ASSIGNMENT (( #2556 ) ) ;
#3460 = SURFACE_STYLE_USAGE ( .BOTH. , #4315 ) ;
#3461 = MECHANICAL_DESIGN_GEOMETRIC_PRESENTATION_REPRESENTATION (  '', ( #8373 ), #10048 ) ;
#3462 = PRESENTATION_STYLE_ASSIGNMENT (( #8940 ) ) ;
#3463 = SURFACE_SIDE_STYLE ('',( #892 ) ) ;
#3464 = PLANE ( 'NONE',  #8603 ) ;
#3465 = VECTOR ( 'NONE', #4738, 1000.000000000000000 ) ;
#3466 = EDGE_CURVE ( 'NONE', #6640, #7969, #1989, .T. ) ;
#3467 = CARTESIAN_POINT ( 'NONE',  ( 8.050000000000000711, -3.399999999999999911, -0.1499999999999986622 ) ) ;
#3468 = LINE ( 'NONE', #1189, #2563 ) ;
#3469 = CARTESIAN_POINT ( 'NONE',  ( -1.350000000000000089, 5.650000000000003908, -0.6800000000000000488 ) ) ;
#3470 = SURFACE_STYLE_FILL_AREA ( #1843 ) ;
#3471 =( GEOMETRIC_REPRESENTATION_CONTEXT ( 3 ) GLOBAL_UNCERTAINTY_ASSIGNED_CONTEXT ( ( #9572 ) ) GLOBAL_UNIT_ASSIGNED_CONTEXT ( ( #9962, #7615, #9090 ) ) REPRESENTATION_CONTEXT ( 'NONE', 'WORKASPACE' ) );
#3472 = VECTOR ( 'NONE', #261, 1000.000000000000000 ) ;
#3473 = CARTESIAN_POINT ( 'NONE',  ( 6.749999999999999112, 3.399999999999999467, -2.050000000000001599 ) ) ;
#3474 = VERTEX_POINT ( 'NONE', #9163 ) ;
#3475 =( LENGTH_UNIT ( ) NAMED_UNIT ( * ) SI_UNIT ( .MILLI., .METRE. ) );
#3476 = ORIENTED_EDGE ( 'NONE', *, *, #7764, .F. ) ;
#3477 = EDGE_CURVE ( 'NONE', #2823, #6546, #9988, .T. ) ;
#3478 = FACE_OUTER_BOUND ( 'NONE', #7045, .T. ) ;
#3479 = ADVANCED_FACE ( 'NONE', ( #8478 ), #8426, .F. ) ;
#3480 = COLOUR_RGB ( '',1.000000000000000000, 0.8117647058823529438, 0.5019607843137254832 ) ;
#3481 =( GEOMETRIC_REPRESENTATION_CONTEXT ( 3 ) GLOBAL_UNCERTAINTY_ASSIGNED_CONTEXT ( ( #3715 ) ) GLOBAL_UNIT_ASSIGNED_CONTEXT ( ( #5687, #154, #5736 ) ) REPRESENTATION_CONTEXT ( 'NONE', 'WORKASPACE' ) );
#3482 = CARTESIAN_POINT ( 'NONE',  ( 11.29999999999999893, 0.2000000000000000389, -2.800000000000000266 ) ) ;
#3483 = EDGE_LOOP ( 'NONE', ( #1164, #6401, #15, #5610 ) ) ;
#3484 = DIRECTION ( 'NONE',  ( -0.0000000000000000000, 1.000000000000000000, -0.0000000000000000000 ) ) ;
#3485 = EDGE_LOOP ( 'NONE', ( #6410, #9397, #4184, #4910 ) ) ;
#3486 = PLANE ( 'NONE',  #65 ) ;
#3487 = LINE ( 'NONE', #8147, #4339 ) ;
#3488 = VERTEX_POINT ( 'NONE', #6666 ) ;
#3489 = AXIS2_PLACEMENT_3D ( 'NONE', #118, #6468, #2559 ) ;
#3490 = MECHANICAL_DESIGN_GEOMETRIC_PRESENTATION_REPRESENTATION (  '', ( #5803 ), #1978 ) ;
#3491 = VERTEX_POINT ( 'NONE', #8313 ) ;
#3492 = EDGE_CURVE ( 'NONE', #9952, #5879, #9060, .T. ) ;
#3493 = STYLED_ITEM ( 'NONE', ( #7487 ), #4238 ) ;
#3494 = FILL_AREA_STYLE ('',( #3541 ) ) ;
#3495 = CARTESIAN_POINT ( 'NONE',  ( 13.34999999999999787, -15.13439790675532670, -2.350000000000001865 ) ) ;
#3496 = DIRECTION ( 'NONE',  ( 0.7071067811865475727, -0.7071067811865475727, 1.662400053425836136E-32 ) ) ;
#3497 = FACE_OUTER_BOUND ( 'NONE', #2348, .T. ) ;
#3498 = CARTESIAN_POINT ( 'NONE',  ( 8.750000000000000000, 3.399999999999999467, -2.050000000000001599 ) ) ;
#3499 = FACE_OUTER_BOUND ( 'NONE', #9933, .T. ) ;
#3500 = ADVANCED_FACE ( 'NONE', ( #4489 ), #4439, .F. ) ;
#3501 = VECTOR ( 'NONE', #7711, 1000.000000000000000 ) ;
#3502 = PRESENTATION_LAYER_ASSIGNMENT (  '', '', ( #8951 ) ) ;
#3503 = STYLED_ITEM ( 'NONE', ( #7153 ), #1771 ) ;
#3504 = FACE_OUTER_BOUND ( 'NONE', #245, .T. ) ;
#3505 =( NAMED_UNIT ( * ) SI_UNIT ( $, .STERADIAN. ) SOLID_ANGLE_UNIT ( ) );
#3506 =( GEOMETRIC_REPRESENTATION_CONTEXT ( 3 ) GLOBAL_UNCERTAINTY_ASSIGNED_CONTEXT ( ( #7137 ) ) GLOBAL_UNIT_ASSIGNED_CONTEXT ( ( #2792, #9829, #1197 ) ) REPRESENTATION_CONTEXT ( 'NONE', 'WORKASPACE' ) );
#3507 = VECTOR ( 'NONE', #8109, 1000.000000000000000 ) ;
#3508 = SURFACE_SIDE_STYLE ('',( #3277 ) ) ;
#3509 = VERTEX_POINT ( 'NONE', #6362 ) ;
#3510 = CARTESIAN_POINT ( 'NONE',  ( 10.24999999999999822, -3.299999999999998490, 0.2500000000000002220 ) ) ;
#3511 = SURFACE_SIDE_STYLE ('',( #8259 ) ) ;
#3512 = STYLED_ITEM ( 'NONE', ( #5580 ), #3095 ) ;
#3513 = CARTESIAN_POINT ( 'NONE',  ( 1.150000000000000799, 3.799500000000001876, -0.6005000000000020322 ) ) ;
#3514 = STYLED_ITEM ( 'NONE', ( #3815 ), #5013 ) ;
#3515 = CARTESIAN_POINT ( 'NONE',  ( 10.05000000000000071, -3.399999999999999911, 0.1499999999999990785 ) ) ;
#3516 = PLANE ( 'NONE',  #5595 ) ;
#3517 = ORIENTED_EDGE ( 'NONE', *, *, #7600, .F. ) ;
#3518 = DIRECTION ( 'NONE',  ( 1.000000000000000000, 0.0000000000000000000, 0.0000000000000000000 ) ) ;
#3519 = PLANE ( 'NONE',  #7535 ) ;
#3520 = CARTESIAN_POINT ( 'NONE',  ( -1.949999999999999956, 0.0000000000000000000, 1.700000000000000178 ) ) ;
#3521 = ORIENTED_EDGE ( 'NONE', *, *, #4052, .F. ) ;
#3522 = LINE ( 'NONE', #9997, #7860 ) ;
#3523 = ORIENTED_EDGE ( 'NONE', *, *, #3868, .F. ) ;
#3524 = AXIS2_PLACEMENT_3D ( 'NONE', #6759, #3769, #6047 ) ;
#3525 =( NAMED_UNIT ( * ) PLANE_ANGLE_UNIT ( ) SI_UNIT ( $, .RADIAN. ) );
#3526 =( GEOMETRIC_REPRESENTATION_CONTEXT ( 3 ) GLOBAL_UNCERTAINTY_ASSIGNED_CONTEXT ( ( #7931 ) ) GLOBAL_UNIT_ASSIGNED_CONTEXT ( ( #5207, #2392, #3961 ) ) REPRESENTATION_CONTEXT ( 'NONE', 'WORKASPACE' ) );
#3527 = ADVANCED_FACE ( 'NONE', ( #7076 ), #4604, .F. ) ;
#3528 = ORIENTED_EDGE ( 'NONE', *, *, #2962, .F. ) ;
#3529 = DIRECTION ( 'NONE',  ( -4.336808689942017736E-16, 0.0000000000000000000, -1.000000000000000000 ) ) ;
#3530 = CARTESIAN_POINT ( 'NONE',  ( 0.2499999999999997780, -3.300000000000002043, -0.2499999999999997780 ) ) ;
#3531 = SURFACE_STYLE_USAGE ( .BOTH. , #4846 ) ;
#3532 = DIRECTION ( 'NONE',  ( 0.7071067811865475727, -0.7071067811865475727, 1.662400053425836136E-32 ) ) ;
#3533 = CARTESIAN_POINT ( 'NONE',  ( 6.149999999999997691, -3.399999999999999911, 0.1499999999999990785 ) ) ;
#3534 = EDGE_LOOP ( 'NONE', ( #3850, #1329, #3598, #5 ) ) ;
#3535 = ORIENTED_EDGE ( 'NONE', *, *, #6155, .T. ) ;
#3536 = UNCERTAINTY_MEASURE_WITH_UNIT (LENGTH_MEASURE( 1.000000000000000082E-05 ), #1539, 'distance_accuracy_value', 'NONE');
#3537 = SURFACE_STYLE_USAGE ( .BOTH. , #2658 ) ;
#3538 = EDGE_CURVE ( 'NONE', #9369, #7948, #8733, .T. ) ;
#3539 = VECTOR ( 'NONE', #5650, 1000.000000000000000 ) ;
#3540 = ADVANCED_FACE ( 'NONE', ( #3876 ), #4707, .F. ) ;
#3541 = FILL_AREA_STYLE_COLOUR ( '', #7128 ) ;
#3542 = LINE ( 'NONE', #5219, #2410 ) ;
#3543 = ORIENTED_EDGE ( 'NONE', *, *, #1628, .F. ) ;
#3544 = FACE_OUTER_BOUND ( 'NONE', #6685, .T. ) ;
#3545 = CARTESIAN_POINT ( 'NONE',  ( 4.750000000000000888, 3.399999999999999467, -2.050000000000001599 ) ) ;
#3546 = LINE ( 'NONE', #3413, #3090 ) ;
#3547 = SURFACE_STYLE_FILL_AREA ( #3323 ) ;
#3548 = FILL_AREA_STYLE_COLOUR ( '', #9486 ) ;
#3549 = ORIENTED_EDGE ( 'NONE', *, *, #1859, .F. ) ;
#3550 = FACE_OUTER_BOUND ( 'NONE', #2459, .T. ) ;
#3551 = CARTESIAN_POINT ( 'NONE',  ( 0.2499999999999997780, 1.800000000000000044, -2.800000000000000266 ) ) ;
#3552 = DIRECTION ( 'NONE',  ( 0.0000000000000000000, -0.0000000000000000000, 1.000000000000000000 ) ) ;
#3553 = FILL_AREA_STYLE ('',( #1294 ) ) ;
#3554 = COLOUR_RGB ( '',1.000000000000000000, 1.000000000000000000, 1.000000000000000000 ) ;
#3555 = ADVANCED_FACE ( 'NONE', ( #10152 ), #3043, .F. ) ;
#3556 = FILL_AREA_STYLE ('',( #7471 ) ) ;
#3557 = ORIENTED_EDGE ( 'NONE', *, *, #363, .F. ) ;
#3558 = FACE_OUTER_BOUND ( 'NONE', #8229, .T. ) ;
#3559 = UNCERTAINTY_MEASURE_WITH_UNIT (LENGTH_MEASURE( 1.000000000000000082E-05 ), #6827, 'distance_accuracy_value', 'NONE');
#3560 =( NAMED_UNIT ( * ) PLANE_ANGLE_UNIT ( ) SI_UNIT ( $, .RADIAN. ) );
#3561 = CARTESIAN_POINT ( 'NONE',  ( 13.17999999999999794, 4.230000000000001315, 1.700000000000000178 ) ) ;
#3562 = PRESENTATION_LAYER_ASSIGNMENT (  '', '', ( #5240 ) ) ;
#3563 = LINE ( 'NONE', #3513, #1708 ) ;
#3564 = ORIENTED_EDGE ( 'NONE', *, *, #141, .F. ) ;
#3565 = CARTESIAN_POINT ( 'NONE',  ( 2.250000000000000000, 1.800000000000000044, -2.800000000000000266 ) ) ;
#3566 = VECTOR ( 'NONE', #10166, 1000.000000000000000 ) ;
#3567 = ORIENTED_EDGE ( 'NONE', *, *, #3867, .T. ) ;
#3568 =( NAMED_UNIT ( * ) SI_UNIT ( $, .STERADIAN. ) SOLID_ANGLE_UNIT ( ) );
#3569 = SURFACE_STYLE_FILL_AREA ( #3686 ) ;
#3570 = ORIENTED_EDGE ( 'NONE', *, *, #8611, .F. ) ;
#3571 = CARTESIAN_POINT ( 'NONE',  ( 10.84999999999999609, 1.800000000000000933, 1.249999999999997558 ) ) ;
#3572 = ORIENTED_EDGE ( 'NONE', *, *, #4488, .F. ) ;
#3573 = FILL_AREA_STYLE_COLOUR ( '', #5338 ) ;
#3574 = VECTOR ( 'NONE', #2853, 1000.000000000000114 ) ;
#3575 = EDGE_CURVE ( 'NONE', #4209, #1852, #212, .T. ) ;
#3576 = FILL_AREA_STYLE ('',( #379 ) ) ;
#3577 = EDGE_LOOP ( 'NONE', ( #8811, #1674, #183, #6720 ) ) ;
#3578 = CARTESIAN_POINT ( 'NONE',  ( -1.949999999999999734, 5.100000000000001421, -2.800000000000000266 ) ) ;
#3579 = LINE ( 'NONE', #7828, #4418 ) ;
#3580 = PRESENTATION_STYLE_ASSIGNMENT (( #5772 ) ) ;
#3581 = EDGE_LOOP ( 'NONE', ( #5695, #2081, #6947, #4831 ) ) ;
#3582 = PLANE ( 'NONE',  #10174 ) ;
#3583 = VERTEX_POINT ( 'NONE', #894 ) ;
#3584 = PRESENTATION_LAYER_ASSIGNMENT (  '', '', ( #9864 ) ) ;
#3585 = CARTESIAN_POINT ( 'NONE',  ( 8.250000000000000000, -3.399999999999999911, 0.2500000000000002220 ) ) ;
#3586 =( GEOMETRIC_REPRESENTATION_CONTEXT ( 3 ) GLOBAL_UNCERTAINTY_ASSIGNED_CONTEXT ( ( #6933 ) ) GLOBAL_UNIT_ASSIGNED_CONTEXT ( ( #6533, #8906, #6822 ) ) REPRESENTATION_CONTEXT ( 'NONE', 'WORKASPACE' ) );
#3587 = DIRECTION ( 'NONE',  ( 1.000000000000000000, -0.0000000000000000000, -0.0000000000000000000 ) ) ;
#3588 = ORIENTED_EDGE ( 'NONE', *, *, #6477, .T. ) ;
#3589 = VERTEX_POINT ( 'NONE', #4075 ) ;
#3590 = PRESENTATION_STYLE_ASSIGNMENT (( #6030 ) ) ;
#3591 = VERTEX_POINT ( 'NONE', #7214 ) ;
#3592 = ADVANCED_FACE ( 'NONE', ( #120 ), #2478, .F. ) ;
#3593 = VECTOR ( 'NONE', #6130, 1000.000000000000114 ) ;
#3594 = PLANE ( 'NONE',  #8112 ) ;
#3595 = MECHANICAL_DESIGN_GEOMETRIC_PRESENTATION_REPRESENTATION (  '', ( #93 ), #4249 ) ;
#3596 = DIRECTION ( 'NONE',  ( -1.000000000000000000, 0.0000000000000000000, -0.0000000000000000000 ) ) ;
#3597 = FILL_AREA_STYLE_COLOUR ( '', #10186 ) ;
#3598 = ORIENTED_EDGE ( 'NONE', *, *, #7649, .T. ) ;
#3599 = FILL_AREA_STYLE ('',( #6793 ) ) ;
#3600 = FACE_OUTER_BOUND ( 'NONE', #7343, .T. ) ;
#3601 = PRESENTATION_LAYER_ASSIGNMENT (  '', '', ( #8065 ) ) ;
#3602 = DIRECTION ( 'NONE',  ( -4.336808689942017736E-16, 0.0000000000000000000, -1.000000000000000000 ) ) ;
#3603 = VECTOR ( 'NONE', #1364, 1000.000000000000000 ) ;
#3604 = VECTOR ( 'NONE', #1323, 1000.000000000000000 ) ;
#3605 = VECTOR ( 'NONE', #2958, 1000.000000000000000 ) ;
#3606 = FACE_OUTER_BOUND ( 'NONE', #8149, .T. ) ;
#3607 = EDGE_CURVE ( 'NONE', #691, #6450, #1037, .T. ) ;
#3608 = EDGE_CURVE ( 'NONE', #1056, #9369, #1874, .T. ) ;
#3609 =( GEOMETRIC_REPRESENTATION_CONTEXT ( 3 ) GLOBAL_UNCERTAINTY_ASSIGNED_CONTEXT ( ( #5128 ) ) GLOBAL_UNIT_ASSIGNED_CONTEXT ( ( #6916, #1310, #3568 ) ) REPRESENTATION_CONTEXT ( 'NONE', 'WORKASPACE' ) );
#3610 = STYLED_ITEM ( 'NONE', ( #1520 ), #600 ) ;
#3611 = VECTOR ( 'NONE', #7260, 1000.000000000000000 ) ;
#3612 = AXIS2_PLACEMENT_3D ( 'NONE', #4034, #7167, #6419 ) ;
#3613 = ORIENTED_EDGE ( 'NONE', *, *, #653, .T. ) ;
#3614 = EDGE_LOOP ( 'NONE', ( #5712, #581, #6677, #9991 ) ) ;
#3615 = CARTESIAN_POINT ( 'NONE',  ( 6.749999999999999112, 3.149999999999995470, -2.050000000000001599 ) ) ;
#3616 = CYLINDRICAL_SURFACE ( 'NONE', #1813, 0.05000000000000019013 ) ;
#3617 = VECTOR ( 'NONE', #7986, 1000.000000000000000 ) ;
#3618 = PRESENTATION_LAYER_ASSIGNMENT (  '', '', ( #4764 ) ) ;
#3619 = STYLED_ITEM ( 'NONE', ( #2596 ), #9173 ) ;
#3620 = EDGE_CURVE ( 'NONE', #5419, #7586, #1828, .T. ) ;
#3621 = DIRECTION ( 'NONE',  ( 9.103382349328301547E-49, 2.350988701644575016E-32, 1.000000000000000000 ) ) ;
#3622 = FACE_OUTER_BOUND ( 'NONE', #7145, .T. ) ;
#3623 = STYLED_ITEM ( 'NONE', ( #1020 ), #9189 ) ;
#3624 = ORIENTED_EDGE ( 'NONE', *, *, #1204, .F. ) ;
#3625 = CARTESIAN_POINT ( 'NONE',  ( -1.950000000000000400, 1.380000000000000782, 1.300000000000000044 ) ) ;
#3626 = FACE_OUTER_BOUND ( 'NONE', #2740, .T. ) ;
#3627 = EDGE_LOOP ( 'NONE', ( #9833, #2334, #8319, #2805 ) ) ;
#3628 = ORIENTED_EDGE ( 'NONE', *, *, #1870, .F. ) ;
#3629 = CARTESIAN_POINT ( 'NONE',  ( 13.17999999999999794, 4.230000000000001315, 1.700000000000000178 ) ) ;
#3630 = EDGE_LOOP ( 'NONE', ( #1201, #4669, #2418, #7953 ) ) ;
#3631 = ADVANCED_FACE ( 'NONE', ( #8161 ), #3464, .F. ) ;
#3632 =( LENGTH_UNIT ( ) NAMED_UNIT ( * ) SI_UNIT ( .MILLI., .METRE. ) );
#3633 = SURFACE_SIDE_STYLE ('',( #2000 ) ) ;
#3634 =( NAMED_UNIT ( * ) PLANE_ANGLE_UNIT ( ) SI_UNIT ( $, .RADIAN. ) );
#3635 = AXIS2_PLACEMENT_3D ( 'NONE', #9483, #2365, #735 ) ;
#3636 = ORIENTED_EDGE ( 'NONE', *, *, #977, .T. ) ;
#3637 = DIRECTION ( 'NONE',  ( -1.000000000000000000, -0.0000000000000000000, -1.927470528863119049E-16 ) ) ;
#3638 = DIRECTION ( 'NONE',  ( 1.043056746043112398E-17, 0.7071067811865473507, 0.7071067811865477948 ) ) ;
#3639 = ORIENTED_EDGE ( 'NONE', *, *, #3053, .F. ) ;
#3640 = DIRECTION ( 'NONE',  ( -0.0000000000000000000, 0.7071067811865500152, 0.7071067811865451302 ) ) ;
#3641 = CARTESIAN_POINT ( 'NONE',  ( 5.250000000000000888, 3.399999999999999467, -2.350000000000001421 ) ) ;
#3642 = LINE ( 'NONE', #5854, #4520 ) ;
#3643 = VERTEX_POINT ( 'NONE', #3660 ) ;
#3644 = EDGE_LOOP ( 'NONE', ( #5727, #9341, #8600, #5412, #628, #302, #1643, #10210, #2430, #3244, #499, #6993, #1240, #8748, #4251, #8421, #7251, #126, #4881, #4526, #9801, #1848, #8364, #8120, #2940, #7556, #3665, #1269, #7819, #5929, #5308, #1314 ) ) ;
#3645 = ORIENTED_EDGE ( 'NONE', *, *, #9849, .T. ) ;
#3646 = ADVANCED_FACE ( 'NONE', ( #2875 ), #1926, .T. ) ;
#3647 = MECHANICAL_DESIGN_GEOMETRIC_PRESENTATION_REPRESENTATION (  '', ( #4135 ), #5494 ) ;
#3648 = PRESENTATION_LAYER_ASSIGNMENT (  '', '', ( #306 ) ) ;
#3649 = PRODUCT_DEFINITION_SHAPE ( 'NONE', 'NONE',  #4866 ) ;
#3650 = LINE ( 'NONE', #6791, #8800 ) ;
#3651 = LINE ( 'NONE', #393, #4411 ) ;
#3652 = ORIENTED_EDGE ( 'NONE', *, *, #3326, .T. ) ;
#3653 = STYLED_ITEM ( 'NONE', ( #9949 ), #5335 ) ;
#3654 = DIRECTION ( 'NONE',  ( 0.0000000000000000000, -0.7071067811865451302, 0.7071067811865500152 ) ) ;
#3655 = ORIENTED_EDGE ( 'NONE', *, *, #7003, .F. ) ;
#3656 = DIRECTION ( 'NONE',  ( -0.5773502691896257311, 0.5773502691896257311, 0.5773502691896257311 ) ) ;
#3657 = SURFACE_STYLE_FILL_AREA ( #557 ) ;
#3658 = FILL_AREA_STYLE_COLOUR ( '', #4710 ) ;
#3659 =( GEOMETRIC_REPRESENTATION_CONTEXT ( 3 ) GLOBAL_UNCERTAINTY_ASSIGNED_CONTEXT ( ( #2491 ) ) GLOBAL_UNIT_ASSIGNED_CONTEXT ( ( #6699, #3082, #1461 ) ) REPRESENTATION_CONTEXT ( 'NONE', 'WORKASPACE' ) );
#3660 = CARTESIAN_POINT ( 'NONE',  ( 3.250000000000001776, 3.399999999999998579, -2.350000000000001421 ) ) ;
#3661 = PRESENTATION_LAYER_ASSIGNMENT (  '', '', ( #8121 ) ) ;
#3662 =( NAMED_UNIT ( * ) PLANE_ANGLE_UNIT ( ) SI_UNIT ( $, .RADIAN. ) );
#3663 = SURFACE_SIDE_STYLE ('',( #2876 ) ) ;
#3664 = EDGE_CURVE ( 'NONE', #9606, #4059, #9101, .T. ) ;
#3666 = EDGE_LOOP ( 'NONE', ( #7270, #6784, #6019, #7151 ) ) ;
#3665 = ORIENTED_EDGE ( 'NONE', *, *, #8104, .F. ) ;
#3667 = DIRECTION ( 'NONE',  ( -1.000000000000000000, 0.0000000000000000000, -0.0000000000000000000 ) ) ;
#3668 = VERTEX_POINT ( 'NONE', #2024 ) ;
#3669 =( NAMED_UNIT ( * ) PLANE_ANGLE_UNIT ( ) SI_UNIT ( $, .RADIAN. ) );
#3670 =( NAMED_UNIT ( * ) PLANE_ANGLE_UNIT ( ) SI_UNIT ( $, .RADIAN. ) );
#3671 = VECTOR ( 'NONE', #4200, 1000.000000000000000 ) ;
#3672 = VECTOR ( 'NONE', #3223, 1000.000000000000000 ) ;
#3673 = CARTESIAN_POINT ( 'NONE',  ( 10.24999999999999822, 4.999999999999997335, 0.2500000000000002220 ) ) ;
#3674 = ORIENTED_EDGE ( 'NONE', *, *, #10044, .F. ) ;
#3675 = VERTEX_POINT ( 'NONE', #1129 ) ;
#3676 = DIRECTION ( 'NONE',  ( 7.301397222301781082E-17, -0.7071067811865474617, -0.7071067811865474617 ) ) ;
#3677 = AXIS2_PLACEMENT_3D ( 'NONE', #7661, #2110, #3113 ) ;
#3678 = MECHANICAL_DESIGN_GEOMETRIC_PRESENTATION_REPRESENTATION (  '', ( #8459 ), #1832 ) ;
#3679 = MECHANICAL_DESIGN_GEOMETRIC_PRESENTATION_REPRESENTATION (  '', ( #332 ), #3009 ) ;
#3680 = LINE ( 'NONE', #8538, #5746 ) ;
#3681 = EDGE_CURVE ( 'NONE', #6633, #7597, #6803, .T. ) ;
#3682 = EDGE_CURVE ( 'NONE', #1151, #1924, #4374, .T. ) ;
#3683 = EDGE_LOOP ( 'NONE', ( #3023, #8316, #1823, #6190 ) ) ;
#3684 = SURFACE_SIDE_STYLE ('',( #4659 ) ) ;
#3685 = SURFACE_STYLE_USAGE ( .BOTH. , #6626 ) ;
#3686 = FILL_AREA_STYLE ('',( #6866 ) ) ;
#3687 = PRESENTATION_STYLE_ASSIGNMENT (( #2994 ) ) ;
#3688 = ORIENTED_EDGE ( 'NONE', *, *, #9806, .T. ) ;
#3689 = VECTOR ( 'NONE', #1666, 1000.000000000000000 ) ;
#3690 = AXIS2_PLACEMENT_3D ( 'NONE', #9974, #8252, #2870 ) ;
#3691 = FILL_AREA_STYLE_COLOUR ( '', #7208 ) ;
#3692 = EDGE_CURVE ( 'NONE', #3337, #1579, #1181, .T. ) ;
#3693 = ORIENTED_EDGE ( 'NONE', *, *, #3798, .T. ) ;
#3694 = SURFACE_SIDE_STYLE ('',( #2806 ) ) ;
#3695 = LINE ( 'NONE', #4506, #2077 ) ;
#3696 = PLANE ( 'NONE',  #2067 ) ;
#3697 = COLOUR_RGB ( '',1.000000000000000000, 1.000000000000000000, 1.000000000000000000 ) ;
#3698 = ORIENTED_EDGE ( 'NONE', *, *, #141, .T. ) ;
#3699 =( LENGTH_UNIT ( ) NAMED_UNIT ( * ) SI_UNIT ( .MILLI., .METRE. ) );
#3700 = ORIENTED_EDGE ( 'NONE', *, *, #1897, .T. ) ;
#3701 = LINE ( 'NONE', #5318, #2460 ) ;
#3702 = MECHANICAL_DESIGN_GEOMETRIC_PRESENTATION_REPRESENTATION (  '', ( #187 ), #1850 ) ;
#3703 = FACE_OUTER_BOUND ( 'NONE', #4457, .T. ) ;
#3704 = PLANE ( 'NONE',  #3114 ) ;
#3705 = PLANE ( 'NONE',  #2739 ) ;
#3706 =( NAMED_UNIT ( * ) PLANE_ANGLE_UNIT ( ) SI_UNIT ( $, .RADIAN. ) );
#3707 =( GEOMETRIC_REPRESENTATION_CONTEXT ( 3 ) GLOBAL_UNCERTAINTY_ASSIGNED_CONTEXT ( ( #7714 ) ) GLOBAL_UNIT_ASSIGNED_CONTEXT ( ( #704, #9512, #814 ) ) REPRESENTATION_CONTEXT ( 'NONE', 'WORKASPACE' ) );
#3708 = DIRECTION ( 'NONE',  ( 1.000000000000000000, 0.0000000000000000000, -0.0000000000000000000 ) ) ;
#3709 = AXIS2_PLACEMENT_3D ( 'NONE', #3239, #1407, #4895 ) ;
#3710 = ORIENTED_EDGE ( 'NONE', *, *, #3608, .T. ) ;
#3711 = PLANE ( 'NONE',  #2660 ) ;
#3712 = AXIS2_PLACEMENT_3D ( 'NONE', #7275, #1974, #2717 ) ;
#3713 = FILL_AREA_STYLE ('',( #7633 ) ) ;
#3714 = PLANE ( 'NONE',  #4356 ) ;
#3715 = UNCERTAINTY_MEASURE_WITH_UNIT (LENGTH_MEASURE( 1.000000000000000082E-05 ), #5687, 'distance_accuracy_value', 'NONE');
#3716 = ORIENTED_EDGE ( 'NONE', *, *, #4108, .T. ) ;
#3717 = PRESENTATION_STYLE_ASSIGNMENT (( #8467 ) ) ;
#3718 = ORIENTED_EDGE ( 'NONE', *, *, #10252, .F. ) ;
#3719 = DIRECTION ( 'NONE',  ( 3.872150616019660190E-17, 1.000000000000000000, -0.0000000000000000000 ) ) ;
#3720 = PRESENTATION_LAYER_ASSIGNMENT (  '', '', ( #2710 ) ) ;
#3721 = CARTESIAN_POINT ( 'NONE',  ( 3.849999999999999645, -3.399999999999999911, -2.800000000000001155 ) ) ;
#3722 = DIRECTION ( 'NONE',  ( 0.0000000000000000000, 1.000000000000000000, 0.0000000000000000000 ) ) ;
#3723 = ORIENTED_EDGE ( 'NONE', *, *, #2709, .T. ) ;
#3724 = EDGE_CURVE ( 'NONE', #3488, #7926, #2824, .T. ) ;
#3725 = FILL_AREA_STYLE ('',( #7588 ) ) ;
#3726 = COLOUR_RGB ( '',1.000000000000000000, 1.000000000000000000, 1.000000000000000000 ) ;
#3727 = PRESENTATION_LAYER_ASSIGNMENT (  '', '', ( #5720 ) ) ;
#3728 =( LENGTH_UNIT ( ) NAMED_UNIT ( * ) SI_UNIT ( .MILLI., .METRE. ) );
#3729 =( NAMED_UNIT ( * ) SI_UNIT ( $, .STERADIAN. ) SOLID_ANGLE_UNIT ( ) );
#3730 = MECHANICAL_DESIGN_GEOMETRIC_PRESENTATION_REPRESENTATION (  '', ( #7341 ), #4905 ) ;
#3731 = UNCERTAINTY_MEASURE_WITH_UNIT (LENGTH_MEASURE( 1.000000000000000082E-05 ), #9967, 'distance_accuracy_value', 'NONE');
#3732 = ORIENTED_EDGE ( 'NONE', *, *, #9192, .F. ) ;
#3733 = AXIS2_PLACEMENT_3D ( 'NONE', #1149, #2578, #5759 ) ;
#3734 = FILL_AREA_STYLE ('',( #7961 ) ) ;
#3735 = ADVANCED_FACE ( 'NONE', ( #3504 ), #4477, .T. ) ;
#3736 = EDGE_CURVE ( 'NONE', #7612, #8749, #3866, .T. ) ;
#3737 = SURFACE_SIDE_STYLE ('',( #10058 ) ) ;
#3738 = VECTOR ( 'NONE', #5381, 1000.000000000000000 ) ;
#3739 = LINE ( 'NONE', #6920, #9042 ) ;
#3740 = VERTEX_POINT ( 'NONE', #7685 ) ;
#3741 =( NAMED_UNIT ( * ) SI_UNIT ( $, .STERADIAN. ) SOLID_ANGLE_UNIT ( ) );
#3742 = CARTESIAN_POINT ( 'NONE',  ( -0.8333333333333321491, -4.383333333333334636, -0.8333333333333304838 ) ) ;
#3743 = DIRECTION ( 'NONE',  ( 1.000000000000000000, -5.421010862427522170E-17, 0.0000000000000000000 ) ) ;
#3744 = FILL_AREA_STYLE ('',( #1441 ) ) ;
#3745 =( NAMED_UNIT ( * ) PLANE_ANGLE_UNIT ( ) SI_UNIT ( $, .RADIAN. ) );
#3746 = LINE ( 'NONE', #9292, #3605 ) ;
#3747 = VERTEX_POINT ( 'NONE', #4695 ) ;
#3748 = VECTOR ( 'NONE', #3295, 1000.000000000000000 ) ;
#3749 = EDGE_LOOP ( 'NONE', ( #8046, #7980, #3378, #7093 ) ) ;
#3750 = PRESENTATION_LAYER_ASSIGNMENT (  '', '', ( #3910 ) ) ;
#3751 = ADVANCED_FACE ( 'NONE', ( #2301 ), #8677, .F. ) ;
#3752 = FACE_OUTER_BOUND ( 'NONE', #5045, .T. ) ;
#3753 = COLOUR_RGB ( '',1.000000000000000000, 1.000000000000000000, 1.000000000000000000 ) ;
#3754 = CARTESIAN_POINT ( 'NONE',  ( 10.69999999999999929, 0.1999999999999999833, -2.800000000000000266 ) ) ;
#3755 = PLANE ( 'NONE',  #752 ) ;
#3756 =( NAMED_UNIT ( * ) PLANE_ANGLE_UNIT ( ) SI_UNIT ( $, .RADIAN. ) );
#3757 = DIRECTION ( 'NONE',  ( -1.927470528863119542E-16, 1.000000000000000000, 0.0000000000000000000 ) ) ;
#3758 = PRESENTATION_STYLE_ASSIGNMENT (( #6149 ) ) ;
#3759 = LINE ( 'NONE', #1509, #4198 ) ;
#3760 = ORIENTED_EDGE ( 'NONE', *, *, #2013, .F. ) ;
#3761 = ORIENTED_EDGE ( 'NONE', *, *, #9528, .F. ) ;
#3762 = FILL_AREA_STYLE ('',( #561 ) ) ;
#3763 = ORIENTED_EDGE ( 'NONE', *, *, #10230, .F. ) ;
#3764 = MECHANICAL_DESIGN_GEOMETRIC_PRESENTATION_REPRESENTATION (  '', ( #10047 ), #5097 ) ;
#3765 = ADVANCED_FACE ( 'NONE', ( #6899 ), #10185, .F. ) ;
#3766 = DIRECTION ( 'NONE',  ( 0.5773502691896259531, 0.5773502691896259531, -0.5773502691896255090 ) ) ;
#3767 = FILL_AREA_STYLE ('',( #1353 ) ) ;
#3768 = FILL_AREA_STYLE_COLOUR ( '', #4867 ) ;
#3769 = DIRECTION ( 'NONE',  ( 0.0000000000000000000, 0.0000000000000000000, 1.000000000000000000 ) ) ;
#3770 = VERTEX_POINT ( 'NONE', #8725 ) ;
#3771 = VECTOR ( 'NONE', #3293, 1000.000000000000000 ) ;
#3772 = PLANE ( 'NONE',  #6267 ) ;
#3773 = VERTEX_POINT ( 'NONE', #7200 ) ;
#3774 = DIRECTION ( 'NONE',  ( 1.000000000000000000, 0.0000000000000000000, -1.475104996578918079E-17 ) ) ;
#3775 =( LENGTH_UNIT ( ) NAMED_UNIT ( * ) SI_UNIT ( .MILLI., .METRE. ) );
#3776 = UNCERTAINTY_MEASURE_WITH_UNIT (LENGTH_MEASURE( 1.000000000000000082E-05 ), #697, 'distance_accuracy_value', 'NONE');
#3777 = EDGE_LOOP ( 'NONE', ( #918, #5209, #4360, #3102, #1392 ) ) ;
#3778 = ORIENTED_EDGE ( 'NONE', *, *, #1179, .T. ) ;
#3779 = EDGE_CURVE ( 'NONE', #10176, #2601, #5591, .T. ) ;
#3780 =( GEOMETRIC_REPRESENTATION_CONTEXT ( 3 ) GLOBAL_UNCERTAINTY_ASSIGNED_CONTEXT ( ( #8765 ) ) GLOBAL_UNIT_ASSIGNED_CONTEXT ( ( #3072, #6994, #9565 ) ) REPRESENTATION_CONTEXT ( 'NONE', 'WORKASPACE' ) );
#3781 =( NAMED_UNIT ( * ) PLANE_ANGLE_UNIT ( ) SI_UNIT ( $, .RADIAN. ) );
#3782 = PRESENTATION_LAYER_ASSIGNMENT (  '', '', ( #9072 ) ) ;
#3783 = STYLED_ITEM ( 'NONE', ( #382 ), #8552 ) ;
#3784 = EDGE_LOOP ( 'NONE', ( #515, #9922, #7181, #5303 ) ) ;
#3785 = PRESENTATION_LAYER_ASSIGNMENT (  '', '', ( #420 ) ) ;
#3786 = CARTESIAN_POINT ( 'NONE',  ( -1.949999999999999956, 1.800000000000000044, -0.2499999999999997780 ) ) ;
#3787 = MECHANICAL_DESIGN_GEOMETRIC_PRESENTATION_REPRESENTATION (  '', ( #8575 ), #3609 ) ;
#3788 = FILL_AREA_STYLE ('',( #6060 ) ) ;
#3789 = EDGE_LOOP ( 'NONE', ( #7748, #2446, #6727, #7377 ) ) ;
#3790 = VECTOR ( 'NONE', #2469, 1000.000000000000000 ) ;
#3791 = LINE ( 'NONE', #6024, #4743 ) ;
#3793 = ORIENTED_EDGE ( 'NONE', *, *, #6108, .T. ) ;
#3792 = ORIENTED_EDGE ( 'NONE', *, *, #1091, .F. ) ;
#3794 = FILL_AREA_STYLE ('',( #7035 ) ) ;
#3795 = FILL_AREA_STYLE_COLOUR ( '', #1248 ) ;
#3796 = CARTESIAN_POINT ( 'NONE',  ( 6.699999999999999289, 0.1999999999999999833, -2.800000000000000266 ) ) ;
#3797 = UNCERTAINTY_MEASURE_WITH_UNIT (LENGTH_MEASURE( 1.000000000000000082E-05 ), #2252, 'distance_accuracy_value', 'NONE');
#3798 = EDGE_CURVE ( 'NONE', #2239, #4380, #106, .T. ) ;
#3799 = LINE ( 'NONE', #10070, #1081 ) ;
#3800 = EDGE_CURVE ( 'NONE', #2109, #1497, #8767, .T. ) ;
#3801 =( NAMED_UNIT ( * ) PLANE_ANGLE_UNIT ( ) SI_UNIT ( $, .RADIAN. ) );
#3802 = CARTESIAN_POINT ( 'NONE',  ( 6.833333333333332149, -4.383333333333335524, -0.8333333333333357018 ) ) ;
#3803 =( NAMED_UNIT ( * ) SI_UNIT ( $, .STERADIAN. ) SOLID_ANGLE_UNIT ( ) );
#3804 = LINE ( 'NONE', #3018, #3103 ) ;
#3805 = CARTESIAN_POINT ( 'NONE',  ( 11.25000000000000000, 3.399999999999999467, -2.050000000000001599 ) ) ;
#3806 = EDGE_CURVE ( 'NONE', #1878, #9745, #2548, .T. ) ;
#3807 = ORIENTED_EDGE ( 'NONE', *, *, #4216, .T. ) ;
#3808 = SURFACE_STYLE_USAGE ( .BOTH. , #7731 ) ;
#3809 = EDGE_CURVE ( 'NONE', #9448, #1579, #2409, .T. ) ;
#3810 = DIRECTION ( 'NONE',  ( -4.336808689942017736E-16, 0.0000000000000000000, -1.000000000000000000 ) ) ;
#3811 = ORIENTED_EDGE ( 'NONE', *, *, #6817, .F. ) ;
#3812 = ORIENTED_EDGE ( 'NONE', *, *, #7750, .T. ) ;
#3813 =( GEOMETRIC_REPRESENTATION_CONTEXT ( 3 ) GLOBAL_UNCERTAINTY_ASSIGNED_CONTEXT ( ( #7156 ) ) GLOBAL_UNIT_ASSIGNED_CONTEXT ( ( #6555, #7250, #4960 ) ) REPRESENTATION_CONTEXT ( 'NONE', 'WORKASPACE' ) );
#3814 = PRESENTATION_LAYER_ASSIGNMENT (  '', '', ( #10104 ) ) ;
#3815 = PRESENTATION_STYLE_ASSIGNMENT (( #618 ) ) ;
#3816 = CARTESIAN_POINT ( 'NONE',  ( 1.750000000000000222, -3.399999999999999911, 0.2500000000000002220 ) ) ;
#3817 = PRESENTATION_LAYER_ASSIGNMENT (  '', '', ( #1969 ) ) ;
#3818 = AXIS2_PLACEMENT_3D ( 'NONE', #6351, #10237, #9309 ) ;
#3819 =( NAMED_UNIT ( * ) PLANE_ANGLE_UNIT ( ) SI_UNIT ( $, .RADIAN. ) );
#3820 = DIRECTION ( 'NONE',  ( 3.872150616019660190E-17, 1.000000000000000000, 0.0000000000000000000 ) ) ;
#3821 = FACE_OUTER_BOUND ( 'NONE', #1085, .T. ) ;
#3822 = EDGE_CURVE ( 'NONE', #3431, #9180, #7254, .T. ) ;
#3823 = CARTESIAN_POINT ( 'NONE',  ( 12.25000000000000000, 0.2000000000000000111, 0.2500000000000002220 ) ) ;
#3824 = FILL_AREA_STYLE_COLOUR ( '', #3726 ) ;
#3825 = VECTOR ( 'NONE', #7911, 1000.000000000000000 ) ;
#3826 = VECTOR ( 'NONE', #7775, 1000.000000000000000 ) ;
#3827 = VECTOR ( 'NONE', #5851, 1000.000000000000000 ) ;
#3828 = DIRECTION ( 'NONE',  ( 1.000000000000000000, 0.0000000000000000000, -0.0000000000000000000 ) ) ;
#3829 = FILL_AREA_STYLE ('',( #5556 ) ) ;
#3830 = VECTOR ( 'NONE', #2696, 1000.000000000000000 ) ;
#3831 = SURFACE_STYLE_FILL_AREA ( #5407 ) ;
#3832 = FACE_OUTER_BOUND ( 'NONE', #4024, .T. ) ;
#3833 =( NAMED_UNIT ( * ) PLANE_ANGLE_UNIT ( ) SI_UNIT ( $, .RADIAN. ) );
#3834 = SURFACE_SIDE_STYLE ('',( #478 ) ) ;
#3835 = ORIENTED_EDGE ( 'NONE', *, *, #1358, .T. ) ;
#3836 = ORIENTED_EDGE ( 'NONE', *, *, #3435, .T. ) ;
#3837 = DIRECTION ( 'NONE',  ( 0.0000000000000000000, -0.0000000000000000000, 1.000000000000000000 ) ) ;
#3838 = VECTOR ( 'NONE', #1632, 1000.000000000000000 ) ;
#3839 = CARTESIAN_POINT ( 'NONE',  ( 2.250000000000000000, 4.999999999999997335, 0.2500000000000002220 ) ) ;
#3840 = PLANE ( 'NONE',  #5903 ) ;
#3841 = VERTEX_POINT ( 'NONE', #4800 ) ;
#3842 = DIRECTION ( 'NONE',  ( -3.872150616019660190E-17, -1.000000000000000000, 0.0000000000000000000 ) ) ;
#3843 = CARTESIAN_POINT ( 'NONE',  ( -1.949999999999999956, 3.149999999999995470, -2.050000000000001599 ) ) ;
#3844 = STYLED_ITEM ( 'NONE', ( #1842 ), #6242 ) ;
#3845 = VECTOR ( 'NONE', #7952, 1000.000000000000000 ) ;
#3846 = FACE_OUTER_BOUND ( 'NONE', #10221, .T. ) ;
#3847 = VECTOR ( 'NONE', #7466, 1000.000000000000000 ) ;
#3848 = ORIENTED_EDGE ( 'NONE', *, *, #1700, .T. ) ;
#3849 = FILL_AREA_STYLE_COLOUR ( '', #8391 ) ;
#3850 = ORIENTED_EDGE ( 'NONE', *, *, #2684, .F. ) ;
#3851 = UNCERTAINTY_MEASURE_WITH_UNIT (LENGTH_MEASURE( 1.000000000000000082E-05 ), #3099, 'distance_accuracy_value', 'NONE');
#3852 =( NAMED_UNIT ( * ) PLANE_ANGLE_UNIT ( ) SI_UNIT ( $, .RADIAN. ) );
#3853 = ADVANCED_FACE ( 'NONE', ( #7998 ), #4118, .F. ) ;
#3854 = CARTESIAN_POINT ( 'NONE',  ( 7.299999999999998934, 0.2000000000000000389, -0.2499999999999997780 ) ) ;
#3855 = VERTEX_POINT ( 'NONE', #3256 ) ;
#3856 = FILL_AREA_STYLE ('',( #5680 ) ) ;
#3857 = CARTESIAN_POINT ( 'NONE',  ( 1.250000000000000666, 3.399999999999999467, -2.300000000000006928 ) ) ;
#3858 = FILL_AREA_STYLE_COLOUR ( '', #6214 ) ;
#3859 = FILL_AREA_STYLE_COLOUR ( '', #8715 ) ;
#3860 = EDGE_LOOP ( 'NONE', ( #346, #742, #2729, #7703 ) ) ;
#3861 = FILL_AREA_STYLE_COLOUR ( '', #7979 ) ;
#3862 = ORIENTED_EDGE ( 'NONE', *, *, #9793, .F. ) ;
#3863 = MECHANICAL_DESIGN_GEOMETRIC_PRESENTATION_REPRESENTATION (  '', ( #9975 ), #681 ) ;
#3864 = FACE_OUTER_BOUND ( 'NONE', #5865, .T. ) ;
#3865 = UNCERTAINTY_MEASURE_WITH_UNIT (LENGTH_MEASURE( 1.000000000000000082E-05 ), #4783, 'distance_accuracy_value', 'NONE');
#3866 = LINE ( 'NONE', #8461, #7774 ) ;
#3867 = EDGE_CURVE ( 'NONE', #8031, #7884, #976, .T. ) ;
#3868 = EDGE_CURVE ( 'NONE', #3740, #7836, #8152, .T. ) ;
#3869 = DIRECTION ( 'NONE',  ( -0.0000000000000000000, -0.0000000000000000000, 1.000000000000000000 ) ) ;
#3870 = SURFACE_SIDE_STYLE ('',( #4755 ) ) ;
#3871 = LINE ( 'NONE', #2246, #5557 ) ;
#3872 = SURFACE_STYLE_USAGE ( .BOTH. , #7652 ) ;
#3873 = UNCERTAINTY_MEASURE_WITH_UNIT (LENGTH_MEASURE( 1.000000000000000082E-05 ), #7375, 'distance_accuracy_value', 'NONE');
#3874 = ORIENTED_EDGE ( 'NONE', *, *, #377, .T. ) ;
#3875 = COLOUR_RGB ( '',1.000000000000000000, 1.000000000000000000, 1.000000000000000000 ) ;
#3876 = FACE_OUTER_BOUND ( 'NONE', #4716, .T. ) ;
#3877 = ADVANCED_FACE ( 'NONE', ( #879 ), #202, .F. ) ;
#3878 = DIRECTION ( 'NONE',  ( -5.421010862427522170E-17, -1.000000000000000000, 2.350988701644575016E-32 ) ) ;
#3879 = FILL_AREA_STYLE ('',( #8692 ) ) ;
#3880 = CARTESIAN_POINT ( 'NONE',  ( 0.7500000000000002220, 3.399999999999999467, -2.300000000000006928 ) ) ;
#3881 = DIRECTION ( 'NONE',  ( 3.872150616019660190E-17, 1.000000000000000000, -0.0000000000000000000 ) ) ;
#3882 = PRESENTATION_STYLE_ASSIGNMENT (( #8651 ) ) ;
#3883 = FACE_OUTER_BOUND ( 'NONE', #6824, .T. ) ;
#3884 = ORIENTED_EDGE ( 'NONE', *, *, #653, .F. ) ;
#3885 = ORIENTED_EDGE ( 'NONE', *, *, #2632, .T. ) ;
#3886 = VECTOR ( 'NONE', #2716, 1000.000000000000000 ) ;
#3887 = DIRECTION ( 'NONE',  ( -1.095153709581317921E-16, 1.000000000000000000, 0.0000000000000000000 ) ) ;
#3888 = STYLED_ITEM ( 'NONE', ( #597 ), #9863 ) ;
#3889 = PLANE ( 'NONE',  #9051 ) ;
#3890 = FILL_AREA_STYLE_COLOUR ( '', #9856 ) ;
#3891 = ORIENTED_EDGE ( 'NONE', *, *, #3167, .F. ) ;
#3892 = LINE ( 'NONE', #2328, #7806 ) ;
#3893 = CARTESIAN_POINT ( 'NONE',  ( 1.750000000000000222, -3.300000000000002043, 0.2500000000000002220 ) ) ;
#3894 = FACE_OUTER_BOUND ( 'NONE', #8017, .T. ) ;
#3895 = LINE ( 'NONE', #5529, #9019 ) ;
#3896 = DIRECTION ( 'NONE',  ( -3.833233541708420554E-17, -0.7071067811865447972, -0.7071067811865502373 ) ) ;
#3897 = ORIENTED_EDGE ( 'NONE', *, *, #9439, .T. ) ;
#3898 =( LENGTH_UNIT ( ) NAMED_UNIT ( * ) SI_UNIT ( .MILLI., .METRE. ) );
#3899 = ORIENTED_EDGE ( 'NONE', *, *, #5747, .F. ) ;
#3900 = EDGE_CURVE ( 'NONE', #994, #1459, #4307, .T. ) ;
#3901 = CARTESIAN_POINT ( 'NONE',  ( 1.750000000000000222, -3.399999999999999911, 0.2500000000000002220 ) ) ;
#3902 = CARTESIAN_POINT ( 'NONE',  ( 1.250000000000000666, 1.149999999999999911, -2.350000000000001421 ) ) ;
#3903 = DIRECTION ( 'NONE',  ( 9.103382349328301547E-49, 2.350988701644575016E-32, 1.000000000000000000 ) ) ;
#3904 = FILL_AREA_STYLE ('',( #609 ) ) ;
#3905 = CARTESIAN_POINT ( 'NONE',  ( 1.299999999999999600, 0.2000000000000000389, -2.800000000000000266 ) ) ;
#3906 = DIRECTION ( 'NONE',  ( 3.872150616019660190E-17, 1.000000000000000000, 0.0000000000000000000 ) ) ;
#3907 = STYLED_ITEM ( 'NONE', ( #4348 ), #7397 ) ;
#3908 = CARTESIAN_POINT ( 'NONE',  ( -1.350000000000000089, 1.149999999999999911, -2.350000000000001421 ) ) ;
#3909 = CARTESIAN_POINT ( 'NONE',  ( 5.299999999999998934, 0.2000000000000000389, 1.700000000000000178 ) ) ;
#3910 = STYLED_ITEM ( 'NONE', ( #1690 ), #2224 ) ;
#3911 = ADVANCED_FACE ( 'NONE', ( #349 ), #3594, .F. ) ;
#3912 = DIRECTION ( 'NONE',  ( -1.000000000000000000, 1.084202172485504237E-15, 0.0000000000000000000 ) ) ;
#3913 =( GEOMETRIC_REPRESENTATION_CONTEXT ( 3 ) GLOBAL_UNCERTAINTY_ASSIGNED_CONTEXT ( ( #5008 ) ) GLOBAL_UNIT_ASSIGNED_CONTEXT ( ( #1769, #2361, #4968 ) ) REPRESENTATION_CONTEXT ( 'NONE', 'WORKASPACE' ) );
#3914 = SURFACE_STYLE_USAGE ( .BOTH. , #1563 ) ;
#3915 = MECHANICAL_DESIGN_GEOMETRIC_PRESENTATION_REPRESENTATION (  '', ( #6870 ), #2909 ) ;
#3916 = STYLED_ITEM ( 'NONE', ( #4546 ), #2477 ) ;
#3917 = FACE_OUTER_BOUND ( 'NONE', #2612, .T. ) ;
#3918 = ORIENTED_EDGE ( 'NONE', *, *, #4842, .F. ) ;
#3919 = CARTESIAN_POINT ( 'NONE',  ( 9.299999999999998934, 0.0000000000000000000, -2.800000000000000266 ) ) ;
#3920 = DIRECTION ( 'NONE',  ( 0.0000000000000000000, 0.0000000000000000000, 1.000000000000000000 ) ) ;
#3921 = SURFACE_STYLE_FILL_AREA ( #10100 ) ;
#3922 = EDGE_CURVE ( 'NONE', #5288, #2157, #7564, .T. ) ;
#3923 =( NAMED_UNIT ( * ) SI_UNIT ( $, .STERADIAN. ) SOLID_ANGLE_UNIT ( ) );
#3924 = MECHANICAL_DESIGN_GEOMETRIC_PRESENTATION_REPRESENTATION (  '', ( #7373 ), #250 ) ;
#3925 = ADVANCED_FACE ( 'NONE', ( #4262 ), #8341, .F. ) ;
#3926 = EDGE_LOOP ( 'NONE', ( #2673, #7307, #8978, #1546 ) ) ;
#3927 = EDGE_LOOP ( 'NONE', ( #971, #3044, #4317, #8492 ) ) ;
#3928 = ORIENTED_EDGE ( 'NONE', *, *, #5833, .T. ) ;
#3929 = LINE ( 'NONE', #5362, #5967 ) ;
#3930 = SURFACE_SIDE_STYLE ('',( #1623 ) ) ;
#3931 = ORIENTED_EDGE ( 'NONE', *, *, #8671, .F. ) ;
#3932 = DIRECTION ( 'NONE',  ( 1.927470528863119542E-16, -1.000000000000000000, 0.0000000000000000000 ) ) ;
#3933 = SURFACE_STYLE_USAGE ( .BOTH. , #3216 ) ;
#3934 = SURFACE_STYLE_FILL_AREA ( #6420 ) ;
#3935 = DIRECTION ( 'NONE',  ( -9.103382349328301547E-49, -2.350988701644575016E-32, -1.000000000000000000 ) ) ;
#3936 = FILL_AREA_STYLE ('',( #6421 ) ) ;
#3937 = ORIENTED_EDGE ( 'NONE', *, *, #2632, .F. ) ;
#3938 = ADVANCED_FACE ( 'NONE', ( #2707 ), #5885, .F. ) ;
#3939 = AXIS2_PLACEMENT_3D ( 'NONE', #1311, #8377, #678 ) ;
#3940 = VECTOR ( 'NONE', #2017, 1000.000000000000000 ) ;
#3941 = VECTOR ( 'NONE', #2807, 1000.000000000000000 ) ;
#3942 = STYLED_ITEM ( 'NONE', ( #6879 ), #9296 ) ;
#3943 = FACE_OUTER_BOUND ( 'NONE', #79, .T. ) ;
#3944 = MECHANICAL_DESIGN_GEOMETRIC_PRESENTATION_REPRESENTATION (  '', ( #7222 ), #6736 ) ;
#3945 = STYLED_ITEM ( 'NONE', ( #5181 ), #8842 ) ;
#3946 = ORIENTED_EDGE ( 'NONE', *, *, #4386, .F. ) ;
#3947 = PRESENTATION_LAYER_ASSIGNMENT (  '', '', ( #4945 ) ) ;
#3948 = DIRECTION ( 'NONE',  ( -1.084202172485504237E-15, -1.000000000000000000, 0.0000000000000000000 ) ) ;
#3949 =( NAMED_UNIT ( * ) PLANE_ANGLE_UNIT ( ) SI_UNIT ( $, .RADIAN. ) );
#3950 = UNCERTAINTY_MEASURE_WITH_UNIT (LENGTH_MEASURE( 1.000000000000000082E-05 ), #10117, 'distance_accuracy_value', 'NONE');
#3951 = EDGE_CURVE ( 'NONE', #7960, #6633, #3130, .T. ) ;
#3952 = ORIENTED_EDGE ( 'NONE', *, *, #446, .F. ) ;
#3953 = DIRECTION ( 'NONE',  ( -0.0000000000000000000, 1.000000000000000000, -0.0000000000000000000 ) ) ;
#3954 = ORIENTED_EDGE ( 'NONE', *, *, #5552, .T. ) ;
#3955 = UNCERTAINTY_MEASURE_WITH_UNIT (LENGTH_MEASURE( 1.000000000000000082E-05 ), #3061, 'distance_accuracy_value', 'NONE');
#3956 = VECTOR ( 'NONE', #3935, 1000.000000000000000 ) ;
#3957 = AXIS2_PLACEMENT_3D ( 'NONE', #5328, #6749, #9043 ) ;
#3958 =( NAMED_UNIT ( * ) SI_UNIT ( $, .STERADIAN. ) SOLID_ANGLE_UNIT ( ) );
#3959 = FACE_BOUND ( 'NONE', #8680, .T. ) ;
#3960 = DIRECTION ( 'NONE',  ( 0.0000000000000000000, 0.0000000000000000000, -1.000000000000000000 ) ) ;
#3961 =( NAMED_UNIT ( * ) SI_UNIT ( $, .STERADIAN. ) SOLID_ANGLE_UNIT ( ) );
#3962 = DIRECTION ( 'NONE',  ( 1.000000000000000000, -5.421010862427522170E-17, 0.0000000000000000000 ) ) ;
#3963 = LINE ( 'NONE', #4629, #839 ) ;
#3964 = SURFACE_STYLE_USAGE ( .BOTH. , #1451 ) ;
#3965 = LINE ( 'NONE', #6296, #4103 ) ;
#3966 = CARTESIAN_POINT ( 'NONE',  ( 3.750000000000000444, -3.299999999999998490, 0.2500000000000002220 ) ) ;
#3967 =( NAMED_UNIT ( * ) PLANE_ANGLE_UNIT ( ) SI_UNIT ( $, .RADIAN. ) );
#3968 =( NAMED_UNIT ( * ) PLANE_ANGLE_UNIT ( ) SI_UNIT ( $, .RADIAN. ) );
#3969 = DIRECTION ( 'NONE',  ( -4.336808689942017736E-16, 0.0000000000000000000, -1.000000000000000000 ) ) ;
#3970 = EDGE_LOOP ( 'NONE', ( #2399, #3232, #6992, #4232 ) ) ;
#3971 =( LENGTH_UNIT ( ) NAMED_UNIT ( * ) SI_UNIT ( .MILLI., .METRE. ) );
#3972 =( LENGTH_UNIT ( ) NAMED_UNIT ( * ) SI_UNIT ( .MILLI., .METRE. ) );
#3973 = UNCERTAINTY_MEASURE_WITH_UNIT (LENGTH_MEASURE( 1.000000000000000082E-05 ), #6262, 'distance_accuracy_value', 'NONE');
#3974 = CARTESIAN_POINT ( 'NONE',  ( 0.2499999999999997780, -3.300000000000002043, 0.2500000000000002220 ) ) ;
#3975 = ORIENTED_EDGE ( 'NONE', *, *, #2783, .F. ) ;
#3976 = CARTESIAN_POINT ( 'NONE',  ( 7.299999999999998934, 0.2000000000000000389, -2.800000000000000266 ) ) ;
#3977 = DIRECTION ( 'NONE',  ( 1.000000000000000000, -5.421010862427522170E-17, 0.0000000000000000000 ) ) ;
#3978 = STYLED_ITEM ( 'NONE', ( #3213 ), #3540 ) ;
#3979 =( LENGTH_UNIT ( ) NAMED_UNIT ( * ) SI_UNIT ( .MILLI., .METRE. ) );
#3980 =( NAMED_UNIT ( * ) PLANE_ANGLE_UNIT ( ) SI_UNIT ( $, .RADIAN. ) );
#3981 = DIRECTION ( 'NONE',  ( 3.872150616019660190E-17, 1.000000000000000000, -0.0000000000000000000 ) ) ;
#3982 =( NAMED_UNIT ( * ) PLANE_ANGLE_UNIT ( ) SI_UNIT ( $, .RADIAN. ) );
#3983 = LINE ( 'NONE', #8779, #467 ) ;
#3984 = COLOUR_RGB ( '',1.000000000000000000, 1.000000000000000000, 1.000000000000000000 ) ;
#3985 = EDGE_CURVE ( 'NONE', #8910, #9171, #2343, .T. ) ;
#3986 = CARTESIAN_POINT ( 'NONE',  ( 3.750000000000000444, 1.800000000000000044, -0.2499999999999997780 ) ) ;
#3987 = SURFACE_SIDE_STYLE ('',( #3934 ) ) ;
#3988 = AXIS2_PLACEMENT_3D ( 'NONE', #7657, #4810, #3212 ) ;
#3989 = APPLICATION_PROTOCOL_DEFINITION ( 'draft international standard', 'automotive_design', 1998, #4962 ) ;
#3990 = EDGE_LOOP ( 'NONE', ( #6489, #7816, #3928, #7170 ) ) ;
#3991 = VECTOR ( 'NONE', #9416, 1000.000000000000000 ) ;
#3992 = FILL_AREA_STYLE_COLOUR ( '', #7614 ) ;
#3993 = EDGE_CURVE ( 'NONE', #8687, #9985, #10020, .T. ) ;
#3994 = EDGE_CURVE ( 'NONE', #6288, #6926, #2178, .T. ) ;
#3995 = FACE_OUTER_BOUND ( 'NONE', #6691, .T. ) ;
#3996 = VECTOR ( 'NONE', #2237, 1000.000000000000000 ) ;
#3997 = PLANE ( 'NONE',  #2267 ) ;
#3998 = DIRECTION ( 'NONE',  ( -5.421010862427522170E-17, -1.000000000000000000, 2.350988701644575016E-32 ) ) ;
#3999 = SURFACE_STYLE_FILL_AREA ( #4094 ) ;
#4000 = UNCERTAINTY_MEASURE_WITH_UNIT (LENGTH_MEASURE( 1.000000000000000082E-05 ), #6796, 'distance_accuracy_value', 'NONE');
#4001 = LINE ( 'NONE', #5622, #2721 ) ;
#4002 = VERTEX_POINT ( 'NONE', #9399 ) ;
#4003 =( LENGTH_UNIT ( ) NAMED_UNIT ( * ) SI_UNIT ( .MILLI., .METRE. ) );
#4004 =( GEOMETRIC_REPRESENTATION_CONTEXT ( 3 ) GLOBAL_UNCERTAINTY_ASSIGNED_CONTEXT ( ( #806 ) ) GLOBAL_UNIT_ASSIGNED_CONTEXT ( ( #1661, #4898, #2591 ) ) REPRESENTATION_CONTEXT ( 'NONE', 'WORKASPACE' ) );
#4005 = VECTOR ( 'NONE', #9428, 1000.000000000000000 ) ;
#4006 = CARTESIAN_POINT ( 'NONE',  ( 0.2499999999999997780, -3.399999999999999911, -0.2499999999999997780 ) ) ;
#4007 = VECTOR ( 'NONE', #3196, 1000.000000000000000 ) ;
#4008 = EDGE_CURVE ( 'NONE', #1712, #152, #549, .T. ) ;
#4009 =( NAMED_UNIT ( * ) SI_UNIT ( $, .STERADIAN. ) SOLID_ANGLE_UNIT ( ) );
#4010 = VECTOR ( 'NONE', #7927, 1000.000000000000000 ) ;
#4011 = COLOUR_RGB ( '',1.000000000000000000, 1.000000000000000000, 1.000000000000000000 ) ;
#4012 = DIRECTION ( 'NONE',  ( 1.000000000000000000, 0.0000000000000000000, -0.0000000000000000000 ) ) ;
#4013 = EDGE_LOOP ( 'NONE', ( #2888, #2378, #1975, #4509 ) ) ;
#4014 = SURFACE_STYLE_USAGE ( .BOTH. , #190 ) ;
#4015 = SURFACE_SIDE_STYLE ('',( #9615 ) ) ;
#4016 = LINE ( 'NONE', #4849, #4007 ) ;
#4017 = CARTESIAN_POINT ( 'NONE',  ( 8.250000000000000000, 1.800000000000000044, -0.2499999999999997780 ) ) ;
#4018 = ORIENTED_EDGE ( 'NONE', *, *, #10153, .T. ) ;
#4019 = FACE_OUTER_BOUND ( 'NONE', #1238, .T. ) ;
#4020 = AXIS2_PLACEMENT_3D ( 'NONE', #3754, #5431, #6293 ) ;
#4021 = SURFACE_SIDE_STYLE ('',( #1560 ) ) ;
#4022 = SURFACE_STYLE_FILL_AREA ( #8581 ) ;
#4023 = PRESENTATION_STYLE_ASSIGNMENT (( #7744 ) ) ;
#4024 = EDGE_LOOP ( 'NONE', ( #9069, #7745, #7719, #1891 ) ) ;
#4025 = DIRECTION ( 'NONE',  ( -1.000000000000000000, 1.084202172485504237E-15, 0.0000000000000000000 ) ) ;
#4026 = FILL_AREA_STYLE ('',( #6513 ) ) ;
#4027 = CARTESIAN_POINT ( 'NONE',  ( -0.2500000000000004441, -3.300000000000002043, -0.2499999999999997780 ) ) ;
#4028 = VECTOR ( 'NONE', #1039, 1000.000000000000000 ) ;
#4029 = EDGE_LOOP ( 'NONE', ( #9449, #4471, #1065, #428 ) ) ;
#4030 = PLANE ( 'NONE',  #3988 ) ;
#4031 = DIRECTION ( 'NONE',  ( -1.084202172485504237E-15, -1.000000000000000000, 0.0000000000000000000 ) ) ;
#4032 = VECTOR ( 'NONE', #9430, 1000.000000000000000 ) ;
#4033 = SURFACE_STYLE_USAGE ( .BOTH. , #6364 ) ;
#4034 = CARTESIAN_POINT ( 'NONE',  ( 7.750000000000000000, -3.399999999999999911, 0.2500000000000002220 ) ) ;
#4035 = FILL_AREA_STYLE ('',( #4131 ) ) ;
#4036 = ORIENTED_EDGE ( 'NONE', *, *, #9576, .F. ) ;
#4037 = ADVANCED_FACE ( 'NONE', ( #3752 ), #6138, .F. ) ;
#4038 = MECHANICAL_DESIGN_GEOMETRIC_PRESENTATION_REPRESENTATION (  '', ( #2710 ), #5214 ) ;
#4039 = EDGE_LOOP ( 'NONE', ( #6670, #7622, #4540, #2225, #441 ) ) ;
#4040 = DIRECTION ( 'NONE',  ( 0.0000000000000000000, 0.0000000000000000000, -1.000000000000000000 ) ) ;
#4041 = AXIS2_PLACEMENT_3D ( 'NONE', #2730, #365, #5183 ) ;
#4042 =( NAMED_UNIT ( * ) SI_UNIT ( $, .STERADIAN. ) SOLID_ANGLE_UNIT ( ) );
#4043 = ORIENTED_EDGE ( 'NONE', *, *, #3096, .F. ) ;
#4044 =( LENGTH_UNIT ( ) NAMED_UNIT ( * ) SI_UNIT ( .MILLI., .METRE. ) );
#4045 = SURFACE_STYLE_USAGE ( .BOTH. , #9604 ) ;
#4046 = UNCERTAINTY_MEASURE_WITH_UNIT (LENGTH_MEASURE( 1.000000000000000082E-05 ), #7949, 'distance_accuracy_value', 'NONE');
#4047 = CARTESIAN_POINT ( 'NONE',  ( 11.75000000000000000, 4.999999999999997335, -0.2499999999999997780 ) ) ;
#4048 = EDGE_CURVE ( 'NONE', #5785, #8612, #2961, .T. ) ;
#4049 = COLOUR_RGB ( '',1.000000000000000000, 1.000000000000000000, 1.000000000000000000 ) ;
#4050 = DIRECTION ( 'NONE',  ( -0.0000000000000000000, -0.0000000000000000000, 1.000000000000000000 ) ) ;
#4051 = VERTEX_POINT ( 'NONE', #650 ) ;
#4052 = EDGE_CURVE ( 'NONE', #4622, #1878, #4789, .T. ) ;
#4053 = CARTESIAN_POINT ( 'NONE',  ( 11.75000000000000000, -3.299999999999998490, -0.2499999999999997780 ) ) ;
#4054 = FACE_OUTER_BOUND ( 'NONE', #9520, .T. ) ;
#4055 = PRESENTATION_LAYER_ASSIGNMENT (  '', '', ( #8020 ) ) ;
#4056 = MECHANICAL_DESIGN_GEOMETRIC_PRESENTATION_REPRESENTATION (  '', ( #9194 ), #375 ) ;
#4057 = ORIENTED_EDGE ( 'NONE', *, *, #8597, .F. ) ;
#4058 = PRESENTATION_STYLE_ASSIGNMENT (( #708 ) ) ;
#4059 = VERTEX_POINT ( 'NONE', #3286 ) ;
#4060 = SURFACE_SIDE_STYLE ('',( #4902 ) ) ;
#4061 = PRESENTATION_STYLE_ASSIGNMENT (( #2352 ) ) ;
#4062 = ORIENTED_EDGE ( 'NONE', *, *, #4488, .T. ) ;
#4063 = STYLED_ITEM ( 'NONE', ( #352 ), #7080 ) ;
#4064 = EDGE_CURVE ( 'NONE', #2859, #1702, #1699, .T. ) ;
#4065 = FILL_AREA_STYLE_COLOUR ( '', #4308 ) ;
#4066 = SURFACE_SIDE_STYLE ('',( #6559 ) ) ;
#4067 = MECHANICAL_DESIGN_GEOMETRIC_PRESENTATION_REPRESENTATION (  '', ( #7031 ), #8697 ) ;
#4068 = CARTESIAN_POINT ( 'NONE',  ( -0.2499999999999997780, 4.999999999999997335, 0.2500000000000002220 ) ) ;
#4069 = CARTESIAN_POINT ( 'NONE',  ( 9.750000000000000000, -3.399999999999999911, 0.2500000000000002220 ) ) ;
#4070 = DIRECTION ( 'NONE',  ( 0.5773502691896241767, -0.5773502691896268413, -0.5773502691896262862 ) ) ;
#4071 = CARTESIAN_POINT ( 'NONE',  ( 13.95100000000000229, 6.000000000000000000, 0.3199999999999999512 ) ) ;
#4072 = CARTESIAN_POINT ( 'NONE',  ( 7.850000000000004974, 5.100000000000001421, -0.1499999999999969136 ) ) ;
#4073 = VECTOR ( 'NONE', #693, 1000.000000000000114 ) ;
#4074 = VECTOR ( 'NONE', #236, 1000.000000000000000 ) ;
#4075 = CARTESIAN_POINT ( 'NONE',  ( 0.6999999999999992895, 0.1999999999999999833, -2.800000000000000266 ) ) ;
#4076 = SURFACE_STYLE_USAGE ( .BOTH. , #8689 ) ;
#4077 = CARTESIAN_POINT ( 'NONE',  ( 3.299999999999999378, 0.2000000000000000389, 1.700000000000000178 ) ) ;
#4078 = STYLED_ITEM ( 'NONE', ( #476 ), #1302 ) ;
#4079 = VECTOR ( 'NONE', #8917, 1000.000000000000000 ) ;
#4080 =( GEOMETRIC_REPRESENTATION_CONTEXT ( 3 ) GLOBAL_UNCERTAINTY_ASSIGNED_CONTEXT ( ( #3014 ) ) GLOBAL_UNIT_ASSIGNED_CONTEXT ( ( #1255, #10108, #6715 ) ) REPRESENTATION_CONTEXT ( 'NONE', 'WORKASPACE' ) );
#4081 = DIRECTION ( 'NONE',  ( -4.336808689942017736E-16, 0.0000000000000000000, -1.000000000000000000 ) ) ;
#4082 = DIRECTION ( 'NONE',  ( -1.000000000000000000, 0.0000000000000000000, -0.0000000000000000000 ) ) ;
#4083 = VERTEX_POINT ( 'NONE', #3345 ) ;
#4084 = EDGE_CURVE ( 'NONE', #559, #4224, #186, .T. ) ;
#4085 = ORIENTED_EDGE ( 'NONE', *, *, #689, .F. ) ;
#4086 = FILL_AREA_STYLE_COLOUR ( '', #7228 ) ;
#4087 = CIRCLE ( 'NONE', #2254, 0.4999999999999995559 ) ;
#4088 = LINE ( 'NONE', #1536, #6639 ) ;
#4089 = CARTESIAN_POINT ( 'NONE',  ( -1.950000000000000400, 1.380000000000000782, 1.300000000000000044 ) ) ;
#4090 = ORIENTED_EDGE ( 'NONE', *, *, #2550, .T. ) ;
#4091 = CARTESIAN_POINT ( 'NONE',  ( -1.350000000000000089, 5.650000000000000355, 1.249999999999997558 ) ) ;
#4092 = CARTESIAN_POINT ( 'NONE',  ( 5.750000000000000000, -3.299999999999998490, 0.2500000000000002220 ) ) ;
#4093 =( NAMED_UNIT ( * ) SI_UNIT ( $, .STERADIAN. ) SOLID_ANGLE_UNIT ( ) );
#4094 = FILL_AREA_STYLE ('',( #805 ) ) ;
#4095 = CARTESIAN_POINT ( 'NONE',  ( 6.699999999999999289, 0.0000000000000000000, -2.800000000000000266 ) ) ;
#4096 = CARTESIAN_POINT ( 'NONE',  ( -1.949999999999999956, 1.149999999999999911, -1.050000000000005373 ) ) ;
#4097 = VECTOR ( 'NONE', #6056, 1000.000000000000000 ) ;
#4098 = COLOUR_RGB ( '',1.000000000000000000, 0.8117647058823529438, 0.5019607843137254832 ) ;
#4099 = ORIENTED_EDGE ( 'NONE', *, *, #6654, .F. ) ;
#4100 = DIRECTION ( 'NONE',  ( 4.336808689942017736E-16, 0.0000000000000000000, 1.000000000000000000 ) ) ;
#4101 = ORIENTED_EDGE ( 'NONE', *, *, #6197, .F. ) ;
#4102 = VECTOR ( 'NONE', #9847, 1000.000000000000000 ) ;
#4103 = VECTOR ( 'NONE', #1503, 1000.000000000000000 ) ;
#4104 = MECHANICAL_DESIGN_GEOMETRIC_PRESENTATION_REPRESENTATION (  '', ( #9079 ), #6266 ) ;
#4105 = VECTOR ( 'NONE', #6809, 1000.000000000000000 ) ;
#4106 = MECHANICAL_DESIGN_GEOMETRIC_PRESENTATION_REPRESENTATION (  '', ( #594 ), #6097 ) ;
#4107 = EDGE_CURVE ( 'NONE', #7089, #6330, #7242, .T. ) ;
#4108 = EDGE_CURVE ( 'NONE', #7339, #5677, #6494, .T. ) ;
#4109 = ORIENTED_EDGE ( 'NONE', *, *, #3039, .F. ) ;
#4110 =( NAMED_UNIT ( * ) PLANE_ANGLE_UNIT ( ) SI_UNIT ( $, .RADIAN. ) );
#4111 = SURFACE_STYLE_USAGE ( .BOTH. , #2543 ) ;
#4112 =( NAMED_UNIT ( * ) PLANE_ANGLE_UNIT ( ) SI_UNIT ( $, .RADIAN. ) );
#4113 = ORIENTED_EDGE ( 'NONE', *, *, #7191, .T. ) ;
#4114 = UNCERTAINTY_MEASURE_WITH_UNIT (LENGTH_MEASURE( 1.000000000000000082E-05 ), #7624, 'distance_accuracy_value', 'NONE');
#4115 = CARTESIAN_POINT ( 'NONE',  ( 4.250000000000000000, 1.800000000000000044, 0.2500000000000002220 ) ) ;
#4116 =( GEOMETRIC_REPRESENTATION_CONTEXT ( 3 ) GLOBAL_UNCERTAINTY_ASSIGNED_CONTEXT ( ( #1711 ) ) GLOBAL_UNIT_ASSIGNED_CONTEXT ( ( #2767, #303, #5015 ) ) REPRESENTATION_CONTEXT ( 'NONE', 'WORKASPACE' ) );
#4117 =( GEOMETRIC_REPRESENTATION_CONTEXT ( 3 ) GLOBAL_UNCERTAINTY_ASSIGNED_CONTEXT ( ( #6962 ) ) GLOBAL_UNIT_ASSIGNED_CONTEXT ( ( #6503, #7304, #7941 ) ) REPRESENTATION_CONTEXT ( 'NONE', 'WORKASPACE' ) );
#4118 = PLANE ( 'NONE',  #2817 ) ;
#4119 = EDGE_CURVE ( 'NONE', #1791, #4303, #759, .T. ) ;
#4120 = ADVANCED_FACE ( 'NONE', ( #813 ), #5629, .T. ) ;
#4121 = FILL_AREA_STYLE ('',( #6605 ) ) ;
#4122 = ORIENTED_EDGE ( 'NONE', *, *, #5539, .T. ) ;
#4123 =( NAMED_UNIT ( * ) PLANE_ANGLE_UNIT ( ) SI_UNIT ( $, .RADIAN. ) );
#4124 = LINE ( 'NONE', #8776, #7814 ) ;
#4125 = SURFACE_SIDE_STYLE ('',( #7213 ) ) ;
#4126 = SURFACE_STYLE_USAGE ( .BOTH. , #2516 ) ;
#4127 = EDGE_CURVE ( 'NONE', #2146, #7284, #1594, .T. ) ;
#4128 =( NAMED_UNIT ( * ) PLANE_ANGLE_UNIT ( ) SI_UNIT ( $, .RADIAN. ) );
#4129 =( NAMED_UNIT ( * ) PLANE_ANGLE_UNIT ( ) SI_UNIT ( $, .RADIAN. ) );
#4130 = PLANE ( 'NONE',  #6527 ) ;
#4131 = FILL_AREA_STYLE_COLOUR ( '', #6941 ) ;
#4132 = FACE_OUTER_BOUND ( 'NONE', #9293, .T. ) ;
#4133 = ORIENTED_EDGE ( 'NONE', *, *, #3681, .T. ) ;
#4134 = ORIENTED_EDGE ( 'NONE', *, *, #717, .F. ) ;
#4135 = STYLED_ITEM ( 'NONE', ( #7043 ), #5176 ) ;
#4136 = VECTOR ( 'NONE', #1977, 1000.000000000000000 ) ;
#4137 = CARTESIAN_POINT ( 'NONE',  ( 12.67999999999999616, 6.000000000000000000, 1.599999999999999867 ) ) ;
#4138 = PRESENTATION_STYLE_ASSIGNMENT (( #7429 ) ) ;
#4139 = VECTOR ( 'NONE', #5044, 1000.000000000000000 ) ;
#4140 = ORIENTED_EDGE ( 'NONE', *, *, #6388, .F. ) ;
#4141 = DIRECTION ( 'NONE',  ( 1.000000000000000000, 0.0000000000000000000, 0.0000000000000000000 ) ) ;
#4142 = CARTESIAN_POINT ( 'NONE',  ( 4.250000000000000000, 0.2000000000000000111, -2.800000000000000266 ) ) ;
#4143 = SURFACE_STYLE_USAGE ( .BOTH. , #7482 ) ;
#4144 = DIRECTION ( 'NONE',  ( -4.336808689942017736E-16, 0.0000000000000000000, -1.000000000000000000 ) ) ;
#4145 = CARTESIAN_POINT ( 'NONE',  ( 9.250000000000001776, 1.149999999999999911, -2.350000000000001421 ) ) ;
#4146 = ORIENTED_EDGE ( 'NONE', *, *, #9875, .T. ) ;
#4147 = FILL_AREA_STYLE ('',( #960 ) ) ;
#4148 =( GEOMETRIC_REPRESENTATION_CONTEXT ( 3 ) GLOBAL_UNCERTAINTY_ASSIGNED_CONTEXT ( ( #2979 ) ) GLOBAL_UNIT_ASSIGNED_CONTEXT ( ( #9654, #9696, #861 ) ) REPRESENTATION_CONTEXT ( 'NONE', 'WORKASPACE' ) );
#4149 =( GEOMETRIC_REPRESENTATION_CONTEXT ( 3 ) GLOBAL_UNCERTAINTY_ASSIGNED_CONTEXT ( ( #3118 ) ) GLOBAL_UNIT_ASSIGNED_CONTEXT ( ( #9992, #9221, #4869 ) ) REPRESENTATION_CONTEXT ( 'NONE', 'WORKASPACE' ) );
#4150 = DIRECTION ( 'NONE',  ( 1.000000000000000000, 0.0000000000000000000, 0.0000000000000000000 ) ) ;
#4151 = EDGE_CURVE ( 'NONE', #10125, #8910, #7143, .T. ) ;
#4152 = CARTESIAN_POINT ( 'NONE',  ( -1.949999999999999956, 0.0000000000000000000, 1.300000000000000044 ) ) ;
#4153 = CARTESIAN_POINT ( 'NONE',  ( 3.750000000000000444, 0.2000000000000000111, -0.2499999999999997780 ) ) ;
#4154 = ORIENTED_EDGE ( 'NONE', *, *, #6988, .F. ) ;
#4155 = ORIENTED_EDGE ( 'NONE', *, *, #7323, .T. ) ;
#4156 = CARTESIAN_POINT ( 'NONE',  ( 2.750000000000000444, 3.399999999999999467, -2.050000000000001599 ) ) ;
#4157 = SURFACE_STYLE_USAGE ( .BOTH. , #8092 ) ;
#4158 = COLOUR_RGB ( '',1.000000000000000000, 0.8117647058823529438, 0.5019607843137254832 ) ;
#4159 =( NAMED_UNIT ( * ) SI_UNIT ( $, .STERADIAN. ) SOLID_ANGLE_UNIT ( ) );
#4160 = MECHANICAL_DESIGN_GEOMETRIC_PRESENTATION_REPRESENTATION (  '', ( #6786 ), #7962 ) ;
#4161 = ORIENTED_EDGE ( 'NONE', *, *, #4379, .T. ) ;
#4162 = CARTESIAN_POINT ( 'NONE',  ( 11.75000000000000000, -3.299999999999998490, -0.2499999999999997780 ) ) ;
#4163 = SURFACE_SIDE_STYLE ('',( #969 ) ) ;
#4164 = CARTESIAN_POINT ( 'NONE',  ( 5.299999999999998934, 0.2000000000000000389, 0.2500000000000002220 ) ) ;
#4165 = CARTESIAN_POINT ( 'NONE',  ( 1.150000000000000355, 6.000000000000000000, 1.700000000000000178 ) ) ;
#4166 = ORIENTED_EDGE ( 'NONE', *, *, #1138, .F. ) ;
#4167 = LINE ( 'NONE', #7308, #8425 ) ;
#4168 = ORIENTED_EDGE ( 'NONE', *, *, #6469, .T. ) ;
#4169 = EDGE_CURVE ( 'NONE', #9448, #5980, #9509, .T. ) ;
#4170 = UNCERTAINTY_MEASURE_WITH_UNIT (LENGTH_MEASURE( 1.000000000000000082E-05 ), #4725, 'distance_accuracy_value', 'NONE');
#4171 = VECTOR ( 'NONE', #4985, 1000.000000000000000 ) ;
#4172 = CARTESIAN_POINT ( 'NONE',  ( 10.24999999999999822, -3.399999999999999911, -0.2499999999999997780 ) ) ;
#4173 = COLOUR_RGB ( '',1.000000000000000000, 1.000000000000000000, 1.000000000000000000 ) ;
#4174 = FACE_OUTER_BOUND ( 'NONE', #4873, .T. ) ;
#4175 = SURFACE_STYLE_USAGE ( .BOTH. , #933 ) ;
#4176 = LINE ( 'NONE', #8828, #3110 ) ;
#4177 = FILL_AREA_STYLE_COLOUR ( '', #1376 ) ;
#4178 = FILL_AREA_STYLE ('',( #6465 ) ) ;
#4179 = AXIS2_PLACEMENT_3D ( 'NONE', #9720, #5019, #2621 ) ;
#4180 = EDGE_CURVE ( 'NONE', #5977, #295, #1647, .T. ) ;
#4181 = EDGE_CURVE ( 'NONE', #4922, #5677, #9610, .T. ) ;
#4182 =( NAMED_UNIT ( * ) PLANE_ANGLE_UNIT ( ) SI_UNIT ( $, .RADIAN. ) );
#4183 = LINE ( 'NONE', #4273, #9159 ) ;
#4184 = ORIENTED_EDGE ( 'NONE', *, *, #3620, .F. ) ;
#4185 = SURFACE_STYLE_USAGE ( .BOTH. , #4229 ) ;
#4186 = CARTESIAN_POINT ( 'NONE',  ( 13.34999999999999787, 5.650000000000000355, 0.3200000000000017275 ) ) ;
#4187 = ORIENTED_EDGE ( 'NONE', *, *, #339, .T. ) ;
#4188 = EDGE_CURVE ( 'NONE', #10097, #1986, #4942, .T. ) ;
#4189 = VECTOR ( 'NONE', #7938, 1000.000000000000000 ) ;
#4190 = VECTOR ( 'NONE', #421, 1000.000000000000114 ) ;
#4191 = LINE ( 'NONE', #7328, #3357 ) ;
#4192 = ORIENTED_EDGE ( 'NONE', *, *, #3724, .T. ) ;
#4193 = SURFACE_STYLE_FILL_AREA ( #276 ) ;
#4194 = ORIENTED_EDGE ( 'NONE', *, *, #4543, .T. ) ;
#4195 = DIRECTION ( 'NONE',  ( -4.336808689942017736E-16, 0.0000000000000000000, -1.000000000000000000 ) ) ;
#4196 = ORIENTED_EDGE ( 'NONE', *, *, #9320, .T. ) ;
#4197 = DIRECTION ( 'NONE',  ( -0.0000000000000000000, -0.0000000000000000000, 1.000000000000000000 ) ) ;
#4198 = VECTOR ( 'NONE', #558, 1000.000000000000000 ) ;
#4199 = ORIENTED_EDGE ( 'NONE', *, *, #2073, .F. ) ;
#4200 = DIRECTION ( 'NONE',  ( -0.0000000000000000000, 1.000000000000000000, -0.0000000000000000000 ) ) ;
#4201 = DIRECTION ( 'NONE',  ( -1.000000000000000000, 1.084202172485504237E-15, 0.0000000000000000000 ) ) ;
#4202 = PLANE ( 'NONE',  #1914 ) ;
#4203 =( LENGTH_UNIT ( ) NAMED_UNIT ( * ) SI_UNIT ( .MILLI., .METRE. ) );
#4204 = STYLED_ITEM ( 'NONE', ( #172 ), #9592 ) ;
#4205 = DIRECTION ( 'NONE',  ( 0.0000000000000000000, 1.000000000000000000, -5.782411586589358625E-16 ) ) ;
#4206 = CARTESIAN_POINT ( 'NONE',  ( 9.750000000000000000, 1.800000000000000044, -0.2499999999999997780 ) ) ;
#4207 = DIRECTION ( 'NONE',  ( 3.872150616019660190E-17, 1.000000000000000000, -0.0000000000000000000 ) ) ;
#4208 = FILL_AREA_STYLE ('',( #5777 ) ) ;
#4209 = VERTEX_POINT ( 'NONE', #4838 ) ;
#4210 = DIRECTION ( 'NONE',  ( 3.872150616019660190E-17, 1.000000000000000000, -0.0000000000000000000 ) ) ;
#4211 = ORIENTED_EDGE ( 'NONE', *, *, #5069, .F. ) ;
#4212 = ADVANCED_FACE ( 'NONE', ( #4054 ), #7186, .T. ) ;
#4213 = STYLED_ITEM ( 'NONE', ( #783 ), #6603 ) ;
#4214 = PRESENTATION_STYLE_ASSIGNMENT (( #9709 ) ) ;
#4215 = CARTESIAN_POINT ( 'NONE',  ( 8.750000000000000000, 3.149999999999995914, -2.050000000000002043 ) ) ;
#4216 = EDGE_CURVE ( 'NONE', #9377, #5049, #8231, .T. ) ;
#4217 =( NAMED_UNIT ( * ) SI_UNIT ( $, .STERADIAN. ) SOLID_ANGLE_UNIT ( ) );
#4218 = MECHANICAL_DESIGN_GEOMETRIC_PRESENTATION_REPRESENTATION (  '', ( #5565 ), #1875 ) ;
#4219 =( NAMED_UNIT ( * ) PLANE_ANGLE_UNIT ( ) SI_UNIT ( $, .RADIAN. ) );
#4220 =( GEOMETRIC_REPRESENTATION_CONTEXT ( 3 ) GLOBAL_UNCERTAINTY_ASSIGNED_CONTEXT ( ( #1471 ) ) GLOBAL_UNIT_ASSIGNED_CONTEXT ( ( #6823, #9223, #5299 ) ) REPRESENTATION_CONTEXT ( 'NONE', 'WORKASPACE' ) );
#4221 = CARTESIAN_POINT ( 'NONE',  ( 11.85000000000000142, -3.399999999999999911, 0.1499999999999990785 ) ) ;
#4222 = DIRECTION ( 'NONE',  ( -1.000000000000000000, -0.0000000000000000000, -0.0000000000000000000 ) ) ;
#4223 = VECTOR ( 'NONE', #7511, 1000.000000000000000 ) ;
#4224 = VERTEX_POINT ( 'NONE', #1948 ) ;
#4225 = DIRECTION ( 'NONE',  ( 3.872150616019660190E-17, 1.000000000000000000, -0.0000000000000000000 ) ) ;
#4226 = EDGE_CURVE ( 'NONE', #8384, #4887, #3434, .T. ) ;
#4227 = EDGE_CURVE ( 'NONE', #5734, #7334, #5144, .T. ) ;
#4228 = ORIENTED_EDGE ( 'NONE', *, *, #5196, .F. ) ;
#4229 = SURFACE_SIDE_STYLE ('',( #8164 ) ) ;
#4230 = LINE ( 'NONE', #6575, #6787 ) ;
#4231 = VERTEX_POINT ( 'NONE', #8277 ) ;
#4232 = ORIENTED_EDGE ( 'NONE', *, *, #4250, .T. ) ;
#4233 = CARTESIAN_POINT ( 'NONE',  ( 2.750000000000000444, 3.399999999999999467, -2.350000000000001421 ) ) ;
#4234 = VECTOR ( 'NONE', #4368, 1000.000000000000000 ) ;
#4235 = FILL_AREA_STYLE ('',( #2682 ) ) ;
#4236 = DIRECTION ( 'NONE',  ( -0.0000000000000000000, 1.000000000000000000, -0.0000000000000000000 ) ) ;
#4237 = SURFACE_STYLE_USAGE ( .BOTH. , #6711 ) ;
#4238 = ADVANCED_FACE ( 'NONE', ( #5968, #5200 ), #284, .F. ) ;
#4239 = FILL_AREA_STYLE_COLOUR ( '', #8784 ) ;
#4240 = DIRECTION ( 'NONE',  ( 3.872150616019660190E-17, 1.000000000000000000, -0.0000000000000000000 ) ) ;
#4241 = CARTESIAN_POINT ( 'NONE',  ( 13.69999999999999751, 6.000000000000000000, 1.249999999999997558 ) ) ;
#4242 = VERTEX_POINT ( 'NONE', #5817 ) ;
#4243 = PRESENTATION_STYLE_ASSIGNMENT (( #8625 ) ) ;
#4244 =( NAMED_UNIT ( * ) SI_UNIT ( $, .STERADIAN. ) SOLID_ANGLE_UNIT ( ) );
#4245 = PRESENTATION_LAYER_ASSIGNMENT (  '', '', ( #8373 ) ) ;
#4246 = DIRECTION ( 'NONE',  ( 0.0000000000000000000, -1.000000000000000000, 0.0000000000000000000 ) ) ;
#4247 = DIRECTION ( 'NONE',  ( 1.000000000000000000, 0.0000000000000000000, 0.0000000000000000000 ) ) ;
#4248 = MECHANICAL_DESIGN_GEOMETRIC_PRESENTATION_REPRESENTATION (  '', ( #2932 ), #1922 ) ;
#4249 =( GEOMETRIC_REPRESENTATION_CONTEXT ( 3 ) GLOBAL_UNCERTAINTY_ASSIGNED_CONTEXT ( ( #5827 ) ) GLOBAL_UNIT_ASSIGNED_CONTEXT ( ( #6499, #9657, #49 ) ) REPRESENTATION_CONTEXT ( 'NONE', 'WORKASPACE' ) );
#4250 = EDGE_CURVE ( 'NONE', #9038, #4242, #6778, .T. ) ;
#4251 = ORIENTED_EDGE ( 'NONE', *, *, #3538, .F. ) ;
#4252 = PLANE ( 'NONE',  #827 ) ;
#4253 =( NAMED_UNIT ( * ) SI_UNIT ( $, .STERADIAN. ) SOLID_ANGLE_UNIT ( ) );
#4254 = CARTESIAN_POINT ( 'NONE',  ( -1.950000000000000400, 0.8200000000000003952, 1.300000000000000044 ) ) ;
#4255 = ORIENTED_EDGE ( 'NONE', *, *, #8613, .F. ) ;
#4256 = CARTESIAN_POINT ( 'NONE',  ( -0.1500000000000025757, -3.399999999999999911, -0.2499999999999997780 ) ) ;
#4257 = DIRECTION ( 'NONE',  ( 1.000000000000000000, -0.0000000000000000000, 1.927470528863119049E-16 ) ) ;
#4258 = ORIENTED_EDGE ( 'NONE', *, *, #6169, .F. ) ;
#4259 = VECTOR ( 'NONE', #9405, 1000.000000000000000 ) ;
#4260 = PRESENTATION_LAYER_ASSIGNMENT (  '', '', ( #4422 ) ) ;
#4261 = UNCERTAINTY_MEASURE_WITH_UNIT (LENGTH_MEASURE( 1.000000000000000082E-05 ), #3979, 'distance_accuracy_value', 'NONE');
#4262 = FACE_OUTER_BOUND ( 'NONE', #617, .T. ) ;
#4263 = LINE ( 'NONE', #1863, #5829 ) ;
#4264 = AXIS2_PLACEMENT_3D ( 'NONE', #9063, #2038, #5242 ) ;
#4265 = CARTESIAN_POINT ( 'NONE',  ( 5.299999999999998934, 0.0000000000000000000, -2.800000000000000266 ) ) ;
#4266 = CARTESIAN_POINT ( 'NONE',  ( 11.84999999999999964, -3.399999999999999911, -2.800000000000001155 ) ) ;
#4267 = VECTOR ( 'NONE', #4589, 1000.000000000000000 ) ;
#4268 = AXIS2_PLACEMENT_3D ( 'NONE', #2087, #4484, #516 ) ;
#4269 = DIRECTION ( 'NONE',  ( 0.0000000000000000000, -0.7071067811865451302, 0.7071067811865500152 ) ) ;
#4270 =( NAMED_UNIT ( * ) SI_UNIT ( $, .STERADIAN. ) SOLID_ANGLE_UNIT ( ) );
#4271 = DIRECTION ( 'NONE',  ( -1.000000000000000000, 0.0000000000000000000, 0.0000000000000000000 ) ) ;
#4272 = CARTESIAN_POINT ( 'NONE',  ( 3.750000000000000444, 4.999999999999997335, 0.2500000000000002220 ) ) ;
#4273 = CARTESIAN_POINT ( 'NONE',  ( 10.24999999999999822, -3.399999999999999911, 0.2500000000000002220 ) ) ;
#4274 =( LENGTH_UNIT ( ) NAMED_UNIT ( * ) SI_UNIT ( .MILLI., .METRE. ) );
#4275 = SURFACE_STYLE_FILL_AREA ( #1778 ) ;
#4276 = UNCERTAINTY_MEASURE_WITH_UNIT (LENGTH_MEASURE( 1.000000000000000082E-05 ), #7709, 'distance_accuracy_value', 'NONE');
#4277 = ORIENTED_EDGE ( 'NONE', *, *, #6521, .F. ) ;
#4278 = VERTEX_POINT ( 'NONE', #2851 ) ;
#4279 = EDGE_CURVE ( 'NONE', #10125, #1275, #6023, .T. ) ;
#4280 = DIRECTION ( 'NONE',  ( -1.000000000000000000, 3.872150616019660190E-17, 0.0000000000000000000 ) ) ;
#4281 = PRESENTATION_STYLE_ASSIGNMENT (( #4076 ) ) ;
#4282 =( LENGTH_UNIT ( ) NAMED_UNIT ( * ) SI_UNIT ( .MILLI., .METRE. ) );
#4283 = SURFACE_STYLE_FILL_AREA ( #1735 ) ;
#4284 = ORIENTED_EDGE ( 'NONE', *, *, #2892, .T. ) ;
#4285 = CARTESIAN_POINT ( 'NONE',  ( 13.95000000000000107, 6.000000000000000000, 1.699999999999999289 ) ) ;
#4286 = LINE ( 'NONE', #4986, #6725 ) ;
#4287 = MECHANICAL_DESIGN_GEOMETRIC_PRESENTATION_REPRESENTATION (  '', ( #6301 ), #139 ) ;
#4288 = ORIENTED_EDGE ( 'NONE', *, *, #4497, .T. ) ;
#4289 = SURFACE_SIDE_STYLE ('',( #1739 ) ) ;
#4290 = EDGE_CURVE ( 'NONE', #7408, #2444, #2213, .T. ) ;
#4291 = EDGE_CURVE ( 'NONE', #6838, #2162, #5415, .T. ) ;
#4292 = MECHANICAL_DESIGN_GEOMETRIC_PRESENTATION_REPRESENTATION (  '', ( #1969 ), #1120 ) ;
#4293 = FILL_AREA_STYLE_COLOUR ( '', #7798 ) ;
#4294 = PRESENTATION_LAYER_ASSIGNMENT (  '', '', ( #8616 ) ) ;
#4295 = PRESENTATION_STYLE_ASSIGNMENT (( #4944 ) ) ;
#4296 = ORIENTED_EDGE ( 'NONE', *, *, #464, .F. ) ;
#4297 = CARTESIAN_POINT ( 'NONE',  ( 9.250000000000001776, 1.149999999999999911, -2.050000000000001599 ) ) ;
#4298 = LINE ( 'NONE', #9026, #1748 ) ;
#4299 = DIRECTION ( 'NONE',  ( 0.0000000000000000000, -1.000000000000000000, 0.0000000000000000000 ) ) ;
#4300 = LINE ( 'NONE', #7447, #1377 ) ;
#4301 = DIRECTION ( 'NONE',  ( -1.000000000000000000, 3.872150616019660190E-17, 0.0000000000000000000 ) ) ;
#4302 = VERTEX_POINT ( 'NONE', #5255 ) ;
#4303 = VERTEX_POINT ( 'NONE', #6174 ) ;
#4304 =( GEOMETRIC_REPRESENTATION_CONTEXT ( 3 ) GLOBAL_UNCERTAINTY_ASSIGNED_CONTEXT ( ( #1541 ) ) GLOBAL_UNIT_ASSIGNED_CONTEXT ( ( #7367, #2515, #2720 ) ) REPRESENTATION_CONTEXT ( 'NONE', 'WORKASPACE' ) );
#4305 = FACE_BOUND ( 'NONE', #10263, .T. ) ;
#4306 = EDGE_CURVE ( 'NONE', #10233, #9355, #534, .T. ) ;
#4307 = LINE ( 'NONE', #5160, #2147 ) ;
#4308 = COLOUR_RGB ( '',1.000000000000000000, 0.8117647058823529438, 0.5019607843137254832 ) ;
#4309 = VECTOR ( 'NONE', #9230, 1000.000000000000000 ) ;
#4310 = PLANE ( 'NONE',  #7136 ) ;
#4311 = SURFACE_STYLE_USAGE ( .BOTH. , #8403 ) ;
#4312 = CARTESIAN_POINT ( 'NONE',  ( 10.24999999999999822, 1.800000000000000044, -0.2499999999999997780 ) ) ;
#4313 = LINE ( 'NONE', #9911, #9022 ) ;
#4314 = LINE ( 'NONE', #354, #3886 ) ;
#4315 = SURFACE_SIDE_STYLE ('',( #5171 ) ) ;
#4316 = SURFACE_SIDE_STYLE ('',( #9262 ) ) ;
#4317 = ORIENTED_EDGE ( 'NONE', *, *, #2783, .T. ) ;
#4318 = STYLED_ITEM ( 'NONE', ( #2163 ), #5949 ) ;
#4319 = PRESENTATION_LAYER_ASSIGNMENT (  '', '', ( #3183 ) ) ;
#4320 = LINE ( 'NONE', #3551, #8400 ) ;
#4321 = CARTESIAN_POINT ( 'NONE',  ( 5.750000000000001776, 4.999999999999997335, -0.2499999999999997780 ) ) ;
#4322 = CARTESIAN_POINT ( 'NONE',  ( 13.69999999999999751, 6.000000000000000000, -0.6800000000000013811 ) ) ;
#4323 = AXIS2_PLACEMENT_3D ( 'NONE', #2259, #6114, #2206 ) ;
#4324 = VECTOR ( 'NONE', #252, 1000.000000000000000 ) ;
#4325 = MECHANICAL_DESIGN_GEOMETRIC_PRESENTATION_REPRESENTATION (  '', ( #6003 ), #1998 ) ;
#4326 = CARTESIAN_POINT ( 'NONE',  ( 2.699999999999999734, 0.0000000000000000000, 1.700000000000000178 ) ) ;
#4327 = DIRECTION ( 'NONE',  ( 0.0000000000000000000, 0.0000000000000000000, 1.000000000000000000 ) ) ;
#4328 = PLANE ( 'NONE',  #2825 ) ;
#4329 = LINE ( 'NONE', #2091, #2838 ) ;
#4330 = LINE ( 'NONE', #7477, #881 ) ;
#4331 = CARTESIAN_POINT ( 'NONE',  ( -1.951000000000000956, 6.000000000000000000, -0.6800000000000013811 ) ) ;
#4332 = DIRECTION ( 'NONE',  ( 0.5773502691896246208, -0.5773502691896266192, 0.5773502691896260641 ) ) ;
#4333 =( NAMED_UNIT ( * ) PLANE_ANGLE_UNIT ( ) SI_UNIT ( $, .RADIAN. ) );
#4334 = DIRECTION ( 'NONE',  ( 1.000000000000000000, -5.421010862427522170E-17, 0.0000000000000000000 ) ) ;
#4335 = ADVANCED_FACE ( 'NONE', ( #1378 ), #9331, .F. ) ;
#4336 = LINE ( 'NONE', #9742, #7862 ) ;
#4337 = ORIENTED_EDGE ( 'NONE', *, *, #3086, .F. ) ;
#4338 = CARTESIAN_POINT ( 'NONE',  ( 11.75000000000000000, 0.2000000000000000944, 0.2500000000000002220 ) ) ;
#4339 = VECTOR ( 'NONE', #8188, 1000.000000000000000 ) ;
#4340 = FILL_AREA_STYLE ('',( #482 ) ) ;
#4341 = FILL_AREA_STYLE ('',( #9127 ) ) ;
#4342 = FILL_AREA_STYLE ('',( #3573 ) ) ;
#4343 = LINE ( 'NONE', #9698, #5861 ) ;
#4344 = VECTOR ( 'NONE', #8288, 1000.000000000000000 ) ;
#4345 = ORIENTED_EDGE ( 'NONE', *, *, #4640, .F. ) ;
#4346 = FILL_AREA_STYLE ('',( #1270 ) ) ;
#4347 = LINE ( 'NONE', #6730, #579 ) ;
#4348 = PRESENTATION_STYLE_ASSIGNMENT (( #1163 ) ) ;
#4349 = ADVANCED_FACE ( 'NONE', ( #2106 ), #10211, .F. ) ;
#4350 =( NAMED_UNIT ( * ) SI_UNIT ( $, .STERADIAN. ) SOLID_ANGLE_UNIT ( ) );
#4351 = EDGE_CURVE ( 'NONE', #5618, #5623, #10161, .T. ) ;
#4352 = CARTESIAN_POINT ( 'NONE',  ( -1.951000000000000956, 6.000000000000000000, 0.3199999999999986744 ) ) ;
#4353 = EDGE_LOOP ( 'NONE', ( #8024, #5313, #3301, #7509 ) ) ;
#4354 = ORIENTED_EDGE ( 'NONE', *, *, #39, .F. ) ;
#4355 = CARTESIAN_POINT ( 'NONE',  ( 2.750000000000000444, 3.149999999999995914, -2.050000000000002043 ) ) ;
#4356 = AXIS2_PLACEMENT_3D ( 'NONE', #1927, #2725, #1293 ) ;
#4357 = ORIENTED_EDGE ( 'NONE', *, *, #6057, .T. ) ;
#4358 = UNCERTAINTY_MEASURE_WITH_UNIT (LENGTH_MEASURE( 1.000000000000000082E-05 ), #9899, 'distance_accuracy_value', 'NONE');
#4359 = FILL_AREA_STYLE ('',( #7409 ) ) ;
#4360 = ORIENTED_EDGE ( 'NONE', *, *, #10001, .F. ) ;
#4361 = AXIS2_PLACEMENT_3D ( 'NONE', #7918, #7169, #8737 ) ;
#4362 = PRESENTATION_LAYER_ASSIGNMENT (  '', '', ( #4204 ) ) ;
#4363 = ORIENTED_EDGE ( 'NONE', *, *, #23, .T. ) ;
#4364 = PLANE ( 'NONE',  #1265 ) ;
#4365 = CARTESIAN_POINT ( 'NONE',  ( 4.250000000000000000, -3.299999999999998490, 0.2500000000000002220 ) ) ;
#4366 =( LENGTH_UNIT ( ) NAMED_UNIT ( * ) SI_UNIT ( .MILLI., .METRE. ) );
#4367 = EDGE_CURVE ( 'NONE', #6909, #8093, #4667, .T. ) ;
#4368 = DIRECTION ( 'NONE',  ( -0.0000000000000000000, -0.0000000000000000000, -1.000000000000000000 ) ) ;
#4369 = CARTESIAN_POINT ( 'NONE',  ( 12.69999999999999929, 0.1999999999999999833, 1.700000000000000178 ) ) ;
#4370 = FACE_OUTER_BOUND ( 'NONE', #3483, .T. ) ;
#4371 = VECTOR ( 'NONE', #9426, 1000.000000000000000 ) ;
#4372 =( LENGTH_UNIT ( ) NAMED_UNIT ( * ) SI_UNIT ( .MILLI., .METRE. ) );
#4373 = MECHANICAL_DESIGN_GEOMETRIC_PRESENTATION_REPRESENTATION (  '', ( #5720 ), #4720 ) ;
#4374 = LINE ( 'NONE', #8413, #4136 ) ;
#4375 = VECTOR ( 'NONE', #2187, 1000.000000000000000 ) ;
#4376 =( NAMED_UNIT ( * ) PLANE_ANGLE_UNIT ( ) SI_UNIT ( $, .RADIAN. ) );
#4377 = VERTEX_POINT ( 'NONE', #7030 ) ;
#4378 = PLANE ( 'NONE',  #4268 ) ;
#4379 = EDGE_CURVE ( 'NONE', #1455, #2625, #848, .T. ) ;
#4380 = VERTEX_POINT ( 'NONE', #8795 ) ;
#4381 =( NAMED_UNIT ( * ) SI_UNIT ( $, .STERADIAN. ) SOLID_ANGLE_UNIT ( ) );
#4382 = FACE_OUTER_BOUND ( 'NONE', #3581, .T. ) ;
#4383 = VECTOR ( 'NONE', #2867, 1000.000000000000000 ) ;
#4384 = LINE ( 'NONE', #5293, #2054 ) ;
#4385 = DIRECTION ( 'NONE',  ( -4.336808689942017736E-16, 0.0000000000000000000, -1.000000000000000000 ) ) ;
#4386 = EDGE_CURVE ( 'NONE', #4565, #4059, #9647, .T. ) ;
#4387 = ORIENTED_EDGE ( 'NONE', *, *, #7157, .F. ) ;
#4388 = DIRECTION ( 'NONE',  ( -5.455105270367317004E-17, 0.0000000000000000000, -1.000000000000000000 ) ) ;
#4389 = LINE ( 'NONE', #2942, #9733 ) ;
#4390 = CARTESIAN_POINT ( 'NONE',  ( 13.34999999999999787, 6.000000000000000000, -0.6799999999999982725 ) ) ;
#4391 = STYLED_ITEM ( 'NONE', ( #2949 ), #2196 ) ;
#4392 = ORIENTED_EDGE ( 'NONE', *, *, #4119, .T. ) ;
#4393 = ORIENTED_EDGE ( 'NONE', *, *, #6817, .T. ) ;
#4394 =( LENGTH_UNIT ( ) NAMED_UNIT ( * ) SI_UNIT ( .MILLI., .METRE. ) );
#4395 = VECTOR ( 'NONE', #3022, 1000.000000000000000 ) ;
#4396 = MECHANICAL_DESIGN_GEOMETRIC_PRESENTATION_REPRESENTATION (  '', ( #1574 ), #9851 ) ;
#4397 = DIRECTION ( 'NONE',  ( -1.000000000000000000, 3.872150616019660190E-17, 0.0000000000000000000 ) ) ;
#4398 = PRESENTATION_LAYER_ASSIGNMENT (  '', '', ( #247 ) ) ;
#4399 = EDGE_CURVE ( 'NONE', #5448, #2636, #5659, .T. ) ;
#4400 = ORIENTED_EDGE ( 'NONE', *, *, #8855, .F. ) ;
#4401 =( NAMED_UNIT ( * ) SI_UNIT ( $, .STERADIAN. ) SOLID_ANGLE_UNIT ( ) );
#4402 =( LENGTH_UNIT ( ) NAMED_UNIT ( * ) SI_UNIT ( .MILLI., .METRE. ) );
#4403 = COLOUR_RGB ( '',1.000000000000000000, 0.8117647058823529438, 0.5019607843137254832 ) ;
#4404 = VECTOR ( 'NONE', #2993, 1000.000000000000000 ) ;
#4405 = ORIENTED_EDGE ( 'NONE', *, *, #8512, .F. ) ;
#4406 = ORIENTED_EDGE ( 'NONE', *, *, #6157, .T. ) ;
#4407 = SURFACE_STYLE_FILL_AREA ( #1217 ) ;
#4408 = EDGE_LOOP ( 'NONE', ( #2298, #666, #7241, #9763 ) ) ;
#4409 = PRESENTATION_STYLE_ASSIGNMENT (( #1219 ) ) ;
#4410 = EDGE_CURVE ( 'NONE', #7825, #873, #5614, .T. ) ;
#4411 = VECTOR ( 'NONE', #1119, 1000.000000000000000 ) ;
#4412 = DIRECTION ( 'NONE',  ( 1.000000000000000000, -5.421010862427522170E-17, 0.0000000000000000000 ) ) ;
#4413 = ORIENTED_EDGE ( 'NONE', *, *, #41, .F. ) ;
#4414 = PLANE ( 'NONE',  #5892 ) ;
#4415 = SURFACE_STYLE_FILL_AREA ( #8348 ) ;
#4416 = CARTESIAN_POINT ( 'NONE',  ( -0.7000000000000005107, 0.0000000000000000000, -2.800000000000000266 ) ) ;
#4417 = CARTESIAN_POINT ( 'NONE',  ( 7.299999999999998934, 0.2000000000000000389, 1.700000000000000178 ) ) ;
#4418 = VECTOR ( 'NONE', #3176, 1000.000000000000000 ) ;
#4419 = COLOUR_RGB ( '',1.000000000000000000, 1.000000000000000000, 1.000000000000000000 ) ;
#4420 = PRESENTATION_STYLE_ASSIGNMENT (( #2921 ) ) ;
#4421 = AXIS2_PLACEMENT_3D ( 'NONE', #7118, #1473, #10200 ) ;
#4422 = STYLED_ITEM ( 'NONE', ( #8606 ), #8653 ) ;
#4423 = VECTOR ( 'NONE', #73, 1000.000000000000000 ) ;
#4424 = FILL_AREA_STYLE ('',( #7468 ) ) ;
#4425 = ADVANCED_FACE ( 'NONE', ( #6480 ), #6526, .F. ) ;
#4426 = EDGE_CURVE ( 'NONE', #3589, #6805, #8077, .T. ) ;
#4427 = VECTOR ( 'NONE', #7026, 1000.000000000000000 ) ;
#4428 = CARTESIAN_POINT ( 'NONE',  ( 5.750000000000000000, 0.2000000000000000944, 0.2500000000000002220 ) ) ;
#4429 = VECTOR ( 'NONE', #4911, 1000.000000000000000 ) ;
#4430 = STYLED_ITEM ( 'NONE', ( #6552 ), #8151 ) ;
#4431 = LINE ( 'NONE', #8470, #3105 ) ;
#4432 = ORIENTED_EDGE ( 'NONE', *, *, #2839, .T. ) ;
#4433 = SURFACE_SIDE_STYLE ('',( #7747 ) ) ;
#4434 = LINE ( 'NONE', #7693, #6801 ) ;
#4435 = ORIENTED_EDGE ( 'NONE', *, *, #3867, .F. ) ;
#4436 = SURFACE_SIDE_STYLE ('',( #5239 ) ) ;
#4437 = VECTOR ( 'NONE', #5064, 1000.000000000000000 ) ;
#4438 = AXIS2_PLACEMENT_3D ( 'NONE', #4634, #2970, #10133 ) ;
#4439 = PLANE ( 'NONE',  #3635 ) ;
#4440 = EDGE_CURVE ( 'NONE', #6002, #9180, #8655, .T. ) ;
#4441 =( NAMED_UNIT ( * ) PLANE_ANGLE_UNIT ( ) SI_UNIT ( $, .RADIAN. ) );
#4442 = LINE ( 'NONE', #1365, #9707 ) ;
#4443 =( GEOMETRIC_REPRESENTATION_CONTEXT ( 3 ) GLOBAL_UNCERTAINTY_ASSIGNED_CONTEXT ( ( #2936 ) ) GLOBAL_UNIT_ASSIGNED_CONTEXT ( ( #6396, #8287, #4350 ) ) REPRESENTATION_CONTEXT ( 'NONE', 'WORKASPACE' ) );
#4444 = VERTEX_POINT ( 'NONE', #7131 ) ;
#4445 = FILL_AREA_STYLE ('',( #7593 ) ) ;
#4446 = ORIENTED_EDGE ( 'NONE', *, *, #7803, .T. ) ;
#4447 = DIRECTION ( 'NONE',  ( -4.336808689942017736E-16, 1.679277644031839923E-32, -1.000000000000000000 ) ) ;
#4448 = SURFACE_SIDE_STYLE ('',( #5141 ) ) ;
#4449 = CARTESIAN_POINT ( 'NONE',  ( -1.350000000000000089, 1.149999999999999911, -2.350000000000001421 ) ) ;
#4450 = LINE ( 'NONE', #6872, #1732 ) ;
#4451 = STYLED_ITEM ( 'NONE', ( #2428 ), #6373 ) ;
#4452 = ORIENTED_EDGE ( 'NONE', *, *, #4815, .T. ) ;
#4453 =( LENGTH_UNIT ( ) NAMED_UNIT ( * ) SI_UNIT ( .MILLI., .METRE. ) );
#4454 = CARTESIAN_POINT ( 'NONE',  ( 12.67999999999999616, 6.000000000000000000, 1.599999999999999867 ) ) ;
#4455 = DIRECTION ( 'NONE',  ( -1.000000000000000000, 0.0000000000000000000, 0.0000000000000000000 ) ) ;
#4456 = DIRECTION ( 'NONE',  ( 0.0000000000000000000, 0.0000000000000000000, -1.000000000000000000 ) ) ;
#4457 = EDGE_LOOP ( 'NONE', ( #8561, #8592, #3572, #6746 ) ) ;
#4458 = DIRECTION ( 'NONE',  ( 4.336808689942017736E-16, 0.0000000000000000000, 1.000000000000000000 ) ) ;
#4459 = EDGE_LOOP ( 'NONE', ( #4735, #1105, #2181, #8271 ) ) ;
#4460 = EDGE_LOOP ( 'NONE', ( #9750, #7450, #4530, #3718 ) ) ;
#4461 = STYLED_ITEM ( 'NONE', ( #9846 ), #5146 ) ;
#4462 = VECTOR ( 'NONE', #8052, 1000.000000000000000 ) ;
#4463 = EDGE_CURVE ( 'NONE', #9037, #9513, #1580, .T. ) ;
#4464 = VERTEX_POINT ( 'NONE', #2527 ) ;
#4465 =( NAMED_UNIT ( * ) PLANE_ANGLE_UNIT ( ) SI_UNIT ( $, .RADIAN. ) );
#4466 = MECHANICAL_DESIGN_GEOMETRIC_PRESENTATION_REPRESENTATION (  '', ( #3162 ), #2656 ) ;
#4467 = LINE ( 'NONE', #7780, #4383 ) ;
#4468 =( GEOMETRIC_REPRESENTATION_CONTEXT ( 3 ) GLOBAL_UNCERTAINTY_ASSIGNED_CONTEXT ( ( #10036 ) ) GLOBAL_UNIT_ASSIGNED_CONTEXT ( ( #9252, #3852, #8446 ) ) REPRESENTATION_CONTEXT ( 'NONE', 'WORKASPACE' ) );
#4469 =( NAMED_UNIT ( * ) SI_UNIT ( $, .STERADIAN. ) SOLID_ANGLE_UNIT ( ) );
#4470 = FILL_AREA_STYLE ('',( #3859 ) ) ;
#4471 = ORIENTED_EDGE ( 'NONE', *, *, #4107, .T. ) ;
#4472 = EDGE_CURVE ( 'NONE', #9550, #2084, #4088, .T. ) ;
#4473 = PRESENTATION_STYLE_ASSIGNMENT (( #8353 ) ) ;
#4474 = SURFACE_STYLE_USAGE ( .BOTH. , #358 ) ;
#4475 = CARTESIAN_POINT ( 'NONE',  ( -1.180000000000000382, 4.229999999999999538, 1.249999999999997558 ) ) ;
#4476 = VECTOR ( 'NONE', #4271, 1000.000000000000000 ) ;
#4477 = PLANE ( 'NONE',  #3818 ) ;
#4478 = MECHANICAL_DESIGN_GEOMETRIC_PRESENTATION_REPRESENTATION (  '', ( #818 ), #2833 ) ;
#4479 =( NAMED_UNIT ( * ) PLANE_ANGLE_UNIT ( ) SI_UNIT ( $, .RADIAN. ) );
#4480 = SURFACE_STYLE_FILL_AREA ( #3553 ) ;
#4481 = STYLED_ITEM ( 'NONE', ( #9465 ), #1689 ) ;
#4482 = CARTESIAN_POINT ( 'NONE',  ( -1.180000000000000382, 4.229999999999999538, -2.801000000000000600 ) ) ;
#4483 = ORIENTED_EDGE ( 'NONE', *, *, #8982, .T. ) ;
#4484 = DIRECTION ( 'NONE',  ( 0.0000000000000000000, 1.000000000000000000, 0.0000000000000000000 ) ) ;
#4485 = STYLED_ITEM ( 'NONE', ( #2854 ), #5898 ) ;
#4486 = EDGE_CURVE ( 'NONE', #6416, #5668, #7924, .T. ) ;
#4487 =( GEOMETRIC_REPRESENTATION_CONTEXT ( 3 ) GLOBAL_UNCERTAINTY_ASSIGNED_CONTEXT ( ( #7899 ) ) GLOBAL_UNIT_ASSIGNED_CONTEXT ( ( #3775, #3560, #413 ) ) REPRESENTATION_CONTEXT ( 'NONE', 'WORKASPACE' ) );
#4488 = EDGE_CURVE ( 'NONE', #8751, #7612, #2376, .T. ) ;
#4489 = FACE_OUTER_BOUND ( 'NONE', #6788, .T. ) ;
#4490 = PRESENTATION_LAYER_ASSIGNMENT (  '', '', ( #9789 ) ) ;
#4491 = AXIS2_PLACEMENT_3D ( 'NONE', #5887, #10022, #301 ) ;
#4492 = LINE ( 'NONE', #6059, #3426 ) ;
#4493 = FILL_AREA_STYLE ('',( #6865 ) ) ;
#4494 = DIRECTION ( 'NONE',  ( 1.000000000000000000, 0.0000000000000000000, 0.0000000000000000000 ) ) ;
#4495 = SURFACE_STYLE_FILL_AREA ( #2208 ) ;
#4496 =( NAMED_UNIT ( * ) PLANE_ANGLE_UNIT ( ) SI_UNIT ( $, .RADIAN. ) );
#4497 = EDGE_CURVE ( 'NONE', #5139, #8338, #4928, .T. ) ;
#4498 = VERTEX_POINT ( 'NONE', #4137 ) ;
#4499 = MECHANICAL_DESIGN_GEOMETRIC_PRESENTATION_REPRESENTATION (  '', ( #3512 ), #24 ) ;
#4500 = CARTESIAN_POINT ( 'NONE',  ( 7.750000000000000000, 0.2000000000000000111, -0.2499999999999997780 ) ) ;
#4501 = CARTESIAN_POINT ( 'NONE',  ( 12.21999999999999886, 4.230000000000001315, 1.599999999999999867 ) ) ;
#4502 = FILL_AREA_STYLE_COLOUR ( '', #104 ) ;
#4503 = ORIENTED_EDGE ( 'NONE', *, *, #8679, .F. ) ;
#4504 = LINE ( 'NONE', #6072, #2836 ) ;
#4505 = LINE ( 'NONE', #8493, #3604 ) ;
#4506 = CARTESIAN_POINT ( 'NONE',  ( 13.95000000000000107, 0.0000000000000000000, 1.699999999999999289 ) ) ;
#4507 = DIRECTION ( 'NONE',  ( 4.336808689942017736E-16, 0.0000000000000000000, 1.000000000000000000 ) ) ;
#4508 = FILL_AREA_STYLE_COLOUR ( '', #6261 ) ;
#4509 = ORIENTED_EDGE ( 'NONE', *, *, #655, .T. ) ;
#4510 = ORIENTED_EDGE ( 'NONE', *, *, #8691, .T. ) ;
#4511 = VECTOR ( 'NONE', #4257, 1000.000000000000000 ) ;
#4512 = STYLED_ITEM ( 'NONE', ( #736 ), #2641 ) ;
#4513 = PRESENTATION_STYLE_ASSIGNMENT (( #2119 ) ) ;
#4514 = LINE ( 'NONE', #5215, #5841 ) ;
#4515 = SURFACE_STYLE_USAGE ( .BOTH. , #7052 ) ;
#4516 = CARTESIAN_POINT ( 'NONE',  ( 3.250000000000000888, 1.149999999999999911, -2.050000000000001599 ) ) ;
#4517 = PRESENTATION_STYLE_ASSIGNMENT (( #1504 ) ) ;
#4518 = ORIENTED_EDGE ( 'NONE', *, *, #9669, .T. ) ;
#4519 = PLANE ( 'NONE',  #4438 ) ;
#4520 = VECTOR ( 'NONE', #7427, 1000.000000000000114 ) ;
#4521 = ADVANCED_FACE ( 'NONE', ( #8696 ), #3327, .T. ) ;
#4522 = SURFACE_STYLE_FILL_AREA ( #2918 ) ;
#4523 = CARTESIAN_POINT ( 'NONE',  ( 3.750000000000000444, 4.999999999999997335, -0.2499999999999997780 ) ) ;
#4524 = SURFACE_STYLE_FILL_AREA ( #2920 ) ;
#4525 = VERTEX_POINT ( 'NONE', #5957 ) ;
#4526 = ORIENTED_EDGE ( 'NONE', *, *, #8476, .F. ) ;
#4527 = DIRECTION ( 'NONE',  ( -4.336808689942017736E-16, 0.0000000000000000000, -1.000000000000000000 ) ) ;
#4528 = DIRECTION ( 'NONE',  ( -0.0000000000000000000, -0.0000000000000000000, -1.000000000000000000 ) ) ;
#4529 = FILL_AREA_STYLE ('',( #8808 ) ) ;
#4530 = ORIENTED_EDGE ( 'NONE', *, *, #4472, .T. ) ;
#4531 = UNCERTAINTY_MEASURE_WITH_UNIT (LENGTH_MEASURE( 1.000000000000000082E-05 ), #9036, 'distance_accuracy_value', 'NONE');
#4532 = EDGE_LOOP ( 'NONE', ( #3778, #904, #1009, #1126 ) ) ;
#4533 = DIRECTION ( 'NONE',  ( 1.000000000000000000, -5.421010862427522170E-17, 0.0000000000000000000 ) ) ;
#4534 = ORIENTED_EDGE ( 'NONE', *, *, #634, .F. ) ;
#4535 = AXIS2_PLACEMENT_3D ( 'NONE', #9349, #1346, #10026 ) ;
#4536 =( NAMED_UNIT ( * ) PLANE_ANGLE_UNIT ( ) SI_UNIT ( $, .RADIAN. ) );
#4537 = PRESENTATION_STYLE_ASSIGNMENT (( #7583 ) ) ;
#4538 = VECTOR ( 'NONE', #5444, 1000.000000000000000 ) ;
#4539 =( LENGTH_UNIT ( ) NAMED_UNIT ( * ) SI_UNIT ( .MILLI., .METRE. ) );
#4540 = ORIENTED_EDGE ( 'NONE', *, *, #5198, .F. ) ;
#4541 = FILL_AREA_STYLE_COLOUR ( '', #1194 ) ;
#4542 = VECTOR ( 'NONE', #135, 1000.000000000000000 ) ;
#4543 = EDGE_CURVE ( 'NONE', #2745, #10083, #5131, .T. ) ;
#4544 = VECTOR ( 'NONE', #1692, 1000.000000000000000 ) ;
#4545 = EDGE_CURVE ( 'NONE', #2823, #559, #3423, .T. ) ;
#4546 = PRESENTATION_STYLE_ASSIGNMENT (( #9166 ) ) ;
#4547 = ORIENTED_EDGE ( 'NONE', *, *, #6009, .F. ) ;
#4548 = DIRECTION ( 'NONE',  ( 0.7071067811865475727, -0.7071067811865475727, 1.662400053425836136E-32 ) ) ;
#4549 = CARTESIAN_POINT ( 'NONE',  ( 5.249999999999999112, 3.399999999999998579, -2.350000000000001421 ) ) ;
#4550 = ORIENTED_EDGE ( 'NONE', *, *, #1849, .T. ) ;
#4551 = COLOUR_RGB ( '',1.000000000000000000, 0.8117647058823529438, 0.5019607843137254832 ) ;
#4552 = UNCERTAINTY_MEASURE_WITH_UNIT (LENGTH_MEASURE( 1.000000000000000082E-05 ), #3094, 'distance_accuracy_value', 'NONE');
#4553 = STYLED_ITEM ( 'NONE', ( #3687 ), #10260 ) ;
#4554 = PRESENTATION_STYLE_ASSIGNMENT (( #3154 ) ) ;
#4555 = PRESENTATION_STYLE_ASSIGNMENT (( #3000 ) ) ;
#4556 = ADVANCED_FACE ( 'NONE', ( #1990 ), #9878, .T. ) ;
#4557 = MECHANICAL_DESIGN_GEOMETRIC_PRESENTATION_REPRESENTATION (  '', ( #2234 ), #9370 ) ;
#4558 = EDGE_CURVE ( 'NONE', #5630, #7284, #323, .T. ) ;
#4559 = VERTEX_POINT ( 'NONE', #3469 ) ;
#4560 = SURFACE_SIDE_STYLE ('',( #10062 ) ) ;
#4561 =( LENGTH_UNIT ( ) NAMED_UNIT ( * ) SI_UNIT ( .MILLI., .METRE. ) );
#4562 = FACE_OUTER_BOUND ( 'NONE', #9140, .T. ) ;
#4563 = LINE ( 'NONE', #6985, #5562 ) ;
#4564 = ORIENTED_EDGE ( 'NONE', *, *, #9319, .F. ) ;
#4565 = VERTEX_POINT ( 'NONE', #8125 ) ;
#4566 = CARTESIAN_POINT ( 'NONE',  ( 5.750000000000000000, 4.999999999999997335, 0.2500000000000002220 ) ) ;
#4567 = AXIS2_PLACEMENT_3D ( 'NONE', #3008, #6178, #7763 ) ;
#4568 = UNCERTAINTY_MEASURE_WITH_UNIT (LENGTH_MEASURE( 1.000000000000000082E-05 ), #5251, 'distance_accuracy_value', 'NONE');
#4569 = COLOUR_RGB ( '',1.000000000000000000, 1.000000000000000000, 1.000000000000000000 ) ;
#4570 = CARTESIAN_POINT ( 'NONE',  ( -1.949999999999999956, 1.800000000000000044, 0.2500000000000002220 ) ) ;
#4571 = EDGE_LOOP ( 'NONE', ( #1710, #2452, #9372, #7771, #7024 ) ) ;
#4572 = EDGE_CURVE ( 'NONE', #5980, #2084, #4191, .T. ) ;
#4573 =( LENGTH_UNIT ( ) NAMED_UNIT ( * ) SI_UNIT ( .MILLI., .METRE. ) );
#4574 = VECTOR ( 'NONE', #5840, 1000.000000000000000 ) ;
#4575 = MECHANICAL_DESIGN_GEOMETRIC_PRESENTATION_REPRESENTATION (  '', ( #8866 ), #9375 ) ;
#4576 = PRESENTATION_STYLE_ASSIGNMENT (( #2180 ) ) ;
#4577 = EDGE_LOOP ( 'NONE', ( #462, #2173, #3674, #8893 ) ) ;
#4578 = DIRECTION ( 'NONE',  ( -1.000000000000000000, 3.872150616019660190E-17, 0.0000000000000000000 ) ) ;
#4579 = CARTESIAN_POINT ( 'NONE',  ( 5.750000000000001776, 4.999999999999997335, 0.2500000000000002220 ) ) ;
#4580 = DIRECTION ( 'NONE',  ( 0.0000000000000000000, 0.0000000000000000000, 1.000000000000000000 ) ) ;
#4581 = PLANE ( 'NONE',  #4612 ) ;
#4582 =( NAMED_UNIT ( * ) SI_UNIT ( $, .STERADIAN. ) SOLID_ANGLE_UNIT ( ) );
#4583 = SURFACE_STYLE_USAGE ( .BOTH. , #6094 ) ;
#4584 = LINE ( 'NONE', #7844, #7668 ) ;
#4585 = ORIENTED_EDGE ( 'NONE', *, *, #1795, .F. ) ;
#4586 = SURFACE_SIDE_STYLE ('',( #1404 ) ) ;
#4587 = VECTOR ( 'NONE', #7218, 1000.000000000000114 ) ;
#4588 = VECTOR ( 'NONE', #2122, 1000.000000000000000 ) ;
#4589 = DIRECTION ( 'NONE',  ( 1.000000000000000000, -5.421010862427522170E-17, 0.0000000000000000000 ) ) ;
#4590 =( LENGTH_UNIT ( ) NAMED_UNIT ( * ) SI_UNIT ( .MILLI., .METRE. ) );
#4591 = FACE_OUTER_BOUND ( 'NONE', #1658, .T. ) ;
#4592 = COLOUR_RGB ( '',1.000000000000000000, 1.000000000000000000, 1.000000000000000000 ) ;
#4593 = ORIENTED_EDGE ( 'NONE', *, *, #7112, .F. ) ;
#4594 =( GEOMETRIC_REPRESENTATION_CONTEXT ( 3 ) GLOBAL_UNCERTAINTY_ASSIGNED_CONTEXT ( ( #4114 ) ) GLOBAL_UNIT_ASSIGNED_CONTEXT ( ( #7624, #5218, #8570 ) ) REPRESENTATION_CONTEXT ( 'NONE', 'WORKASPACE' ) );
#4595 = ORIENTED_EDGE ( 'NONE', *, *, #7027, .T. ) ;
#4596 = CARTESIAN_POINT ( 'NONE',  ( 11.75000000000000000, 1.800000000000000044, 0.2500000000000002220 ) ) ;
#4597 = DIRECTION ( 'NONE',  ( 1.000000000000000000, -0.0000000000000000000, -5.455105270367317620E-17 ) ) ;
#4598 = PLANE ( 'NONE',  #4889 ) ;
#4599 = UNCERTAINTY_MEASURE_WITH_UNIT (LENGTH_MEASURE( 1.000000000000000082E-05 ), #8959, 'distance_accuracy_value', 'NONE');
#4600 = ORIENTED_EDGE ( 'NONE', *, *, #4169, .T. ) ;
#4601 = ORIENTED_EDGE ( 'NONE', *, *, #2569, .T. ) ;
#4602 = AXIS2_PLACEMENT_3D ( 'NONE', #1519, #7853, #10240 ) ;
#4603 =( GEOMETRIC_REPRESENTATION_CONTEXT ( 3 ) GLOBAL_UNCERTAINTY_ASSIGNED_CONTEXT ( ( #4852 ) ) GLOBAL_UNIT_ASSIGNED_CONTEXT ( ( #5875, #5051, #1108 ) ) REPRESENTATION_CONTEXT ( 'NONE', 'WORKASPACE' ) );
#4604 = PLANE ( 'NONE',  #1288 ) ;
#4605 = STYLED_ITEM ( 'NONE', ( #1274 ), #390 ) ;
#4606 =( GEOMETRIC_REPRESENTATION_CONTEXT ( 3 ) GLOBAL_UNCERTAINTY_ASSIGNED_CONTEXT ( ( #4261 ) ) GLOBAL_UNIT_ASSIGNED_CONTEXT ( ( #3979, #10243, #9424 ) ) REPRESENTATION_CONTEXT ( 'NONE', 'WORKASPACE' ) );
#4607 = PLANE ( 'NONE',  #4264 ) ;
#4608 = CARTESIAN_POINT ( 'NONE',  ( 4.749999999999999112, 3.399999999999998579, -2.350000000000001421 ) ) ;
#4609 = DIRECTION ( 'NONE',  ( -1.084202172485504237E-15, -1.000000000000000000, 0.0000000000000000000 ) ) ;
#4610 = DIRECTION ( 'NONE',  ( 8.761229676650544357E-16, 1.000000000000000000, 0.0000000000000000000 ) ) ;
#4611 = MECHANICAL_DESIGN_GEOMETRIC_PRESENTATION_REPRESENTATION (  '', ( #5115 ), #6737 ) ;
#4612 = AXIS2_PLACEMENT_3D ( 'NONE', #3074, #3906, #2350 ) ;
#4613 = EDGE_CURVE ( 'NONE', #2590, #7921, #5802, .T. ) ;
#4614 = DIRECTION ( 'NONE',  ( 1.000000000000000000, -0.0000000000000000000, -5.455105270367317620E-17 ) ) ;
#4615 = DIRECTION ( 'NONE',  ( 1.000000000000000000, -5.421010862427522170E-17, 0.0000000000000000000 ) ) ;
#4616 = DIRECTION ( 'NONE',  ( 0.0000000000000000000, -0.7071067811865451302, 0.7071067811865500152 ) ) ;
#4617 = ORIENTED_EDGE ( 'NONE', *, *, #4931, .F. ) ;
#4618 =( NAMED_UNIT ( * ) SI_UNIT ( $, .STERADIAN. ) SOLID_ANGLE_UNIT ( ) );
#4619 = LINE ( 'NONE', #3116, #586 ) ;
#4620 = CARTESIAN_POINT ( 'NONE',  ( 11.85000000000000320, 5.100000000000001421, -2.800000000000001155 ) ) ;
#4621 = UNCERTAINTY_MEASURE_WITH_UNIT (LENGTH_MEASURE( 1.000000000000000082E-05 ), #3317, 'distance_accuracy_value', 'NONE');
#4622 = VERTEX_POINT ( 'NONE', #9007 ) ;
#4623 = PLANE ( 'NONE',  #7337 ) ;
#4624 = VERTEX_POINT ( 'NONE', #7428 ) ;
#4625 = ADVANCED_FACE ( 'NONE', ( #6667 ), #5236, .F. ) ;
#4626 =( LENGTH_UNIT ( ) NAMED_UNIT ( * ) SI_UNIT ( .MILLI., .METRE. ) );
#4627 = ORIENTED_EDGE ( 'NONE', *, *, #8907, .F. ) ;
#4628 = EDGE_CURVE ( 'NONE', #8851, #286, #4434, .T. ) ;
#4629 = CARTESIAN_POINT ( 'NONE',  ( 3.250000000000000888, 3.399999999999999467, -2.300000000000006928 ) ) ;
#4630 = ORIENTED_EDGE ( 'NONE', *, *, #4180, .T. ) ;
#4631 = PRESENTATION_STYLE_ASSIGNMENT (( #3964 ) ) ;
#4632 =( NAMED_UNIT ( * ) SI_UNIT ( $, .STERADIAN. ) SOLID_ANGLE_UNIT ( ) );
#4633 = DIRECTION ( 'NONE',  ( 1.000000000000000000, 1.927470528863119542E-16, -0.0000000000000000000 ) ) ;
#4634 = CARTESIAN_POINT ( 'NONE',  ( 4.250000000000000000, -3.399999999999999911, 0.2500000000000002220 ) ) ;
#4635 = DIRECTION ( 'NONE',  ( 0.0000000000000000000, 0.0000000000000000000, 1.000000000000000000 ) ) ;
#4636 = CARTESIAN_POINT ( 'NONE',  ( 10.75000000000000000, 3.399999999999998579, -2.350000000000001865 ) ) ;
#4637 = ORIENTED_EDGE ( 'NONE', *, *, #7130, .T. ) ;
#4638 = COLOUR_RGB ( '',1.000000000000000000, 0.8117647058823529438, 0.5019607843137254832 ) ;
#4639 = FILL_AREA_STYLE ('',( #3861 ) ) ;
#4640 = EDGE_CURVE ( 'NONE', #1166, #2262, #518, .T. ) ;
#4641 = ORIENTED_EDGE ( 'NONE', *, *, #5077, .T. ) ;
#4642 = VECTOR ( 'NONE', #1896, 1000.000000000000000 ) ;
#4643 = AXIS2_PLACEMENT_3D ( 'NONE', #2975, #3083, #6251 ) ;
#4644 = SURFACE_SIDE_STYLE ('',( #778 ) ) ;
#4645 = CARTESIAN_POINT ( 'NONE',  ( 1.849999999999997868, -3.399999999999999911, 0.1500000000000025757 ) ) ;
#4646 = EDGE_LOOP ( 'NONE', ( #8360, #1971, #10018, #6458 ) ) ;
#4647 = CARTESIAN_POINT ( 'NONE',  ( 4.699999999999999289, 0.1999999999999999833, 1.700000000000000178 ) ) ;
#4648 = PRESENTATION_STYLE_ASSIGNMENT (( #3087 ) ) ;
#4649 = DIRECTION ( 'NONE',  ( 0.0000000000000000000, -0.0000000000000000000, -1.000000000000000000 ) ) ;
#4650 = ORIENTED_EDGE ( 'NONE', *, *, #3041, .F. ) ;
#4651 = ORIENTED_EDGE ( 'NONE', *, *, #5897, .T. ) ;
#4652 = STYLED_ITEM ( 'NONE', ( #2669 ), #5577 ) ;
#4653 = PRESENTATION_LAYER_ASSIGNMENT (  '', '', ( #9116 ) ) ;
#4654 = PRESENTATION_LAYER_ASSIGNMENT (  '', '', ( #4451 ) ) ;
#4655 =( NAMED_UNIT ( * ) SI_UNIT ( $, .STERADIAN. ) SOLID_ANGLE_UNIT ( ) );
#4656 = DIRECTION ( 'NONE',  ( 0.0000000000000000000, 0.0000000000000000000, -1.000000000000000000 ) ) ;
#4657 = PRESENTATION_LAYER_ASSIGNMENT (  '', '', ( #5163 ) ) ;
#4658 = VECTOR ( 'NONE', #7297, 1000.000000000000000 ) ;
#4659 = SURFACE_STYLE_FILL_AREA ( #4445 ) ;
#4660 =( LENGTH_UNIT ( ) NAMED_UNIT ( * ) SI_UNIT ( .MILLI., .METRE. ) );
#4661 = SURFACE_STYLE_USAGE ( .BOTH. , #2261 ) ;
#4662 = VERTEX_POINT ( 'NONE', #10039 ) ;
#4663 = ORIENTED_EDGE ( 'NONE', *, *, #1044, .F. ) ;
#4664 = VECTOR ( 'NONE', #8025, 1000.000000000000000 ) ;
#4665 = VECTOR ( 'NONE', #3722, 1000.000000000000000 ) ;
#4666 = ORIENTED_EDGE ( 'NONE', *, *, #1622, .F. ) ;
#4667 = LINE ( 'NONE', #7822, #5164 ) ;
#4668 = DIRECTION ( 'NONE',  ( -0.0000000000000000000, 0.7071067811865500152, 0.7071067811865451302 ) ) ;
#4669 = ORIENTED_EDGE ( 'NONE', *, *, #9576, .T. ) ;
#4670 = DIRECTION ( 'NONE',  ( -9.103382349328301547E-49, -2.350988701644575016E-32, -1.000000000000000000 ) ) ;
#4671 = LINE ( 'NONE', #6376, #6086 ) ;
#4672 = PRESENTATION_LAYER_ASSIGNMENT (  '', '', ( #7455 ) ) ;
#4673 = DIRECTION ( 'NONE',  ( 0.5773502691896246208, -0.5773502691896266192, 0.5773502691896260641 ) ) ;
#4674 = AXIS2_PLACEMENT_3D ( 'NONE', #5280, #8304, #5223 ) ;
#4675 =( NAMED_UNIT ( * ) SI_UNIT ( $, .STERADIAN. ) SOLID_ANGLE_UNIT ( ) );
#4676 = ORIENTED_EDGE ( 'NONE', *, *, #6092, .F. ) ;
#4677 = VERTEX_POINT ( 'NONE', #5955 ) ;
#4678 = UNCERTAINTY_MEASURE_WITH_UNIT (LENGTH_MEASURE( 1.000000000000000082E-05 ), #8935, 'distance_accuracy_value', 'NONE');
#4679 = LINE ( 'NONE', #3129, #5933 ) ;
#4680 = PRESENTATION_LAYER_ASSIGNMENT (  '', '', ( #9154 ) ) ;
#4681 = ADVANCED_FACE ( 'NONE', ( #8367 ), #6055, .F. ) ;
#4682 = EDGE_CURVE ( 'NONE', #1878, #9985, #4329, .T. ) ;
#4683 = LINE ( 'NONE', #7105, #1677 ) ;
#4684 = PLANE ( 'NONE',  #5438 ) ;
#4685 = SURFACE_STYLE_USAGE ( .BOTH. , #4015 ) ;
#4686 =( LENGTH_UNIT ( ) NAMED_UNIT ( * ) SI_UNIT ( .MILLI., .METRE. ) );
#4687 = DIRECTION ( 'NONE',  ( -1.000000000000000000, 3.872150616019660190E-17, 0.0000000000000000000 ) ) ;
#4688 = FACE_OUTER_BOUND ( 'NONE', #9199, .T. ) ;
#4689 = ORIENTED_EDGE ( 'NONE', *, *, #6334, .T. ) ;
#4690 =( NAMED_UNIT ( * ) PLANE_ANGLE_UNIT ( ) SI_UNIT ( $, .RADIAN. ) );
#4691 = ORIENTED_EDGE ( 'NONE', *, *, #1267, .F. ) ;
#4692 = VECTOR ( 'NONE', #5847, 1000.000000000000000 ) ;
#4693 = FILL_AREA_STYLE_COLOUR ( '', #1316 ) ;
#4694 = UNCERTAINTY_MEASURE_WITH_UNIT (LENGTH_MEASURE( 1.000000000000000082E-05 ), #7452, 'distance_accuracy_value', 'NONE');
#4695 = CARTESIAN_POINT ( 'NONE',  ( 13.34999999999999787, 1.800000000000000044, -0.4000000000000023537 ) ) ;
#4696 = EDGE_CURVE ( 'NONE', #51, #772, #8475, .T. ) ;
#4697 =( LENGTH_UNIT ( ) NAMED_UNIT ( * ) SI_UNIT ( .MILLI., .METRE. ) );
#4698 = ORIENTED_EDGE ( 'NONE', *, *, #8670, .T. ) ;
#4699 =( GEOMETRIC_REPRESENTATION_CONTEXT ( 3 ) GLOBAL_UNCERTAINTY_ASSIGNED_CONTEXT ( ( #3178 ) ) GLOBAL_UNIT_ASSIGNED_CONTEXT ( ( #2450, #1354, #10275 ) ) REPRESENTATION_CONTEXT ( 'NONE', 'WORKASPACE' ) );
#4700 = SURFACE_STYLE_FILL_AREA ( #2414 ) ;
#4701 = PRESENTATION_STYLE_ASSIGNMENT (( #7067 ) ) ;
#4702 = ORIENTED_EDGE ( 'NONE', *, *, #7453, .F. ) ;
#4703 = CARTESIAN_POINT ( 'NONE',  ( 4.083333333333336590, 5.166666666666663410, 0.08333333333333542425 ) ) ;
#4704 = CARTESIAN_POINT ( 'NONE',  ( 8.250000000000000000, 4.999999999999997335, 0.2500000000000002220 ) ) ;
#4705 = CARTESIAN_POINT ( 'NONE',  ( 3.916666666666665630, 5.166666666666664298, -0.08333333333333456383 ) ) ;
#4706 = UNCERTAINTY_MEASURE_WITH_UNIT (LENGTH_MEASURE( 1.000000000000000082E-05 ), #7867, 'distance_accuracy_value', 'NONE');
#4707 = PLANE ( 'NONE',  #5137 ) ;
#4708 = ORIENTED_EDGE ( 'NONE', *, *, #8613, .T. ) ;
#4709 = FILL_AREA_STYLE ('',( #2315 ) ) ;
#4710 = COLOUR_RGB ( '',1.000000000000000000, 1.000000000000000000, 1.000000000000000000 ) ;
#4711 = ADVANCED_FACE ( 'NONE', ( #5129 ), #1300, .F. ) ;
#4712 =( NAMED_UNIT ( * ) PLANE_ANGLE_UNIT ( ) SI_UNIT ( $, .RADIAN. ) );
#4713 = MECHANICAL_DESIGN_GEOMETRIC_PRESENTATION_REPRESENTATION (  '', ( #6202 ), #2881 ) ;
#4714 = DIRECTION ( 'NONE',  ( 1.095153709581317798E-16, -1.000000000000000000, 0.0000000000000000000 ) ) ;
#4715 = CARTESIAN_POINT ( 'NONE',  ( 12.21999999999999886, 4.230000000000001315, 1.599999999999999867 ) ) ;
#4716 = EDGE_LOOP ( 'NONE', ( #686, #4890, #6964, #2123 ) ) ;
#4717 = ORIENTED_EDGE ( 'NONE', *, *, #2772, .T. ) ;
#4718 = FILL_AREA_STYLE ('',( #4086 ) ) ;
#4719 = AXIS2_PLACEMENT_3D ( 'NONE', #1972, #5893, #9812 ) ;
#4720 =( GEOMETRIC_REPRESENTATION_CONTEXT ( 3 ) GLOBAL_UNCERTAINTY_ASSIGNED_CONTEXT ( ( #10102 ) ) GLOBAL_UNIT_ASSIGNED_CONTEXT ( ( #2700, #3400, #7348 ) ) REPRESENTATION_CONTEXT ( 'NONE', 'WORKASPACE' ) );
#4721 = SURFACE_SIDE_STYLE ('',( #6325 ) ) ;
#4722 = VECTOR ( 'NONE', #7787, 1000.000000000000000 ) ;
#4723 = ORIENTED_EDGE ( 'NONE', *, *, #5492, .F. ) ;
#4724 = DIRECTION ( 'NONE',  ( -0.0000000000000000000, 1.000000000000000000, -0.0000000000000000000 ) ) ;
#4725 =( LENGTH_UNIT ( ) NAMED_UNIT ( * ) SI_UNIT ( .MILLI., .METRE. ) );
#4726 = FACE_OUTER_BOUND ( 'NONE', #8381, .T. ) ;
#4727 =( GEOMETRIC_REPRESENTATION_CONTEXT ( 3 ) GLOBAL_UNCERTAINTY_ASSIGNED_CONTEXT ( ( #4599 ) ) GLOBAL_UNIT_ASSIGNED_CONTEXT ( ( #8959, #6672, #9070 ) ) REPRESENTATION_CONTEXT ( 'NONE', 'WORKASPACE' ) );
#4728 = CARTESIAN_POINT ( 'NONE',  ( 13.95000000000000107, 6.000000000000000000, 0.3200000000000017275 ) ) ;
#4729 = DIRECTION ( 'NONE',  ( -1.000000000000000000, -0.0000000000000000000, -0.0000000000000000000 ) ) ;
#4730 = EDGE_LOOP ( 'NONE', ( #9712, #6326, #3112, #267, #779 ) ) ;
#4731 = DIRECTION ( 'NONE',  ( -0.7071067811865505703, -0.7071067811865444641, 1.662400053425828747E-32 ) ) ;
#4732 = ORIENTED_EDGE ( 'NONE', *, *, #7416, .F. ) ;
#4733 =( NAMED_UNIT ( * ) PLANE_ANGLE_UNIT ( ) SI_UNIT ( $, .RADIAN. ) );
#4734 = VECTOR ( 'NONE', #8826, 1000.000000000000000 ) ;
#4735 = ORIENTED_EDGE ( 'NONE', *, *, #1943, .F. ) ;
#4736 = CARTESIAN_POINT ( 'NONE',  ( 0.2499999999999997780, -3.399999999999999911, 0.2500000000000002220 ) ) ;
#4737 =( NAMED_UNIT ( * ) PLANE_ANGLE_UNIT ( ) SI_UNIT ( $, .RADIAN. ) );
#4738 = DIRECTION ( 'NONE',  ( 1.927470528863119542E-16, -1.000000000000000000, 0.0000000000000000000 ) ) ;
#4739 = MECHANICAL_DESIGN_GEOMETRIC_PRESENTATION_REPRESENTATION (  '', ( #2568 ), #8357 ) ;
#4740 = FILL_AREA_STYLE ('',( #6299 ) ) ;
#4741 = DIRECTION ( 'NONE',  ( 1.000000000000000000, -3.872150616019660190E-17, -4.336808689942017736E-16 ) ) ;
#4742 = EDGE_LOOP ( 'NONE', ( #9783, #8084, #1895, #4036 ) ) ;
#4743 = VECTOR ( 'NONE', #9231, 1000.000000000000000 ) ;
#4744 = SURFACE_STYLE_USAGE ( .BOTH. , #6246 ) ;
#4745 = PRESENTATION_STYLE_ASSIGNMENT (( #9356 ) ) ;
#4746 = EDGE_CURVE ( 'NONE', #2625, #2846, #6310, .T. ) ;
#4747 = FACE_OUTER_BOUND ( 'NONE', #2643, .T. ) ;
#4748 = MECHANICAL_DESIGN_GEOMETRIC_PRESENTATION_REPRESENTATION (  '', ( #4078 ), #8366 ) ;
#4749 = SURFACE_STYLE_USAGE ( .BOTH. , #3143 ) ;
#4750 = VECTOR ( 'NONE', #8028, 1000.000000000000000 ) ;
#4751 = AXIS2_PLACEMENT_3D ( 'NONE', #129, #3328, #9737 ) ;
#4752 = DIRECTION ( 'NONE',  ( -1.084202172485504237E-15, -1.000000000000000000, 0.0000000000000000000 ) ) ;
#4753 = PLANE ( 'NONE',  #3437 ) ;
#4754 =( NAMED_UNIT ( * ) PLANE_ANGLE_UNIT ( ) SI_UNIT ( $, .RADIAN. ) );
#4755 = SURFACE_STYLE_FILL_AREA ( #8585 ) ;
#4756 =( LENGTH_UNIT ( ) NAMED_UNIT ( * ) SI_UNIT ( .MILLI., .METRE. ) );
#4757 = DIRECTION ( 'NONE',  ( 0.0000000000000000000, -0.0000000000000000000, 1.000000000000000000 ) ) ;
#4758 = CARTESIAN_POINT ( 'NONE',  ( 6.249999999999998224, 1.800000000000000044, -0.2499999999999997780 ) ) ;
#4759 =( LENGTH_UNIT ( ) NAMED_UNIT ( * ) SI_UNIT ( .MILLI., .METRE. ) );
#4760 = PRESENTATION_LAYER_ASSIGNMENT (  '', '', ( #7373 ) ) ;
#4761 = DIRECTION ( 'NONE',  ( -1.927470528863119049E-16, 5.782411586589358625E-16, 1.000000000000000000 ) ) ;
#4762 = ADVANCED_FACE ( 'NONE', ( #7858 ), #7117, .F. ) ;
#4763 = EDGE_CURVE ( 'NONE', #2685, #599, #8588, .T. ) ;
#4764 = STYLED_ITEM ( 'NONE', ( #9713 ), #672 ) ;
#4765 = PRESENTATION_LAYER_ASSIGNMENT (  '', '', ( #5608 ) ) ;
#4766 =( NAMED_UNIT ( * ) PLANE_ANGLE_UNIT ( ) SI_UNIT ( $, .RADIAN. ) );
#4767 = CARTESIAN_POINT ( 'NONE',  ( 8.699999999999999289, 0.1999999999999999833, 1.700000000000000178 ) ) ;
#4768 =( LENGTH_UNIT ( ) NAMED_UNIT ( * ) SI_UNIT ( .MILLI., .METRE. ) );
#4769 = PRESENTATION_STYLE_ASSIGNMENT (( #7866 ) ) ;
#4770 = ADVANCED_FACE ( 'NONE', ( #3153 ), #7808, .F. ) ;
#4771 = VECTOR ( 'NONE', #4729, 1000.000000000000000 ) ;
#4772 = LINE ( 'NONE', #798, #3421 ) ;
#4773 = AXIS2_PLACEMENT_3D ( 'NONE', #6044, #9207, #5283 ) ;
#4774 = VERTEX_POINT ( 'NONE', #7959 ) ;
#4775 = FACE_OUTER_BOUND ( 'NONE', #9382, .T. ) ;
#4776 = PRESENTATION_LAYER_ASSIGNMENT (  '', '', ( #4430 ) ) ;
#4777 = DIRECTION ( 'NONE',  ( 1.000000000000000000, -3.872150616019660190E-17, -4.336808689942017736E-16 ) ) ;
#4778 = LINE ( 'NONE', #3228, #8564 ) ;
#4779 = LINE ( 'NONE', #5663, #8044 ) ;
#4780 = UNCERTAINTY_MEASURE_WITH_UNIT (LENGTH_MEASURE( 1.000000000000000082E-05 ), #9482, 'distance_accuracy_value', 'NONE');
#4781 = CARTESIAN_POINT ( 'NONE',  ( 1.850000000000003642, 5.100000000000001421, 0.1499999999999973577 ) ) ;
#4782 = SURFACE_STYLE_FILL_AREA ( #6332 ) ;
#4783 =( LENGTH_UNIT ( ) NAMED_UNIT ( * ) SI_UNIT ( .MILLI., .METRE. ) );
#4784 = ORIENTED_EDGE ( 'NONE', *, *, #745, .F. ) ;
#4785 = UNCERTAINTY_MEASURE_WITH_UNIT (LENGTH_MEASURE( 1.000000000000000082E-05 ), #5567, 'distance_accuracy_value', 'NONE');
#4786 = AXIS2_PLACEMENT_3D ( 'NONE', #3976, #4025, #932 ) ;
#4787 =( GEOMETRIC_REPRESENTATION_CONTEXT ( 3 ) GLOBAL_UNCERTAINTY_ASSIGNED_CONTEXT ( ( #8930 ) ) GLOBAL_UNIT_ASSIGNED_CONTEXT ( ( #7570, #2917, #9200 ) ) REPRESENTATION_CONTEXT ( 'NONE', 'WORKASPACE' ) );
#4788 = SURFACE_STYLE_FILL_AREA ( #2342 ) ;
#4789 = LINE ( 'NONE', #2497, #9625 ) ;
#4790 = ORIENTED_EDGE ( 'NONE', *, *, #10082, .F. ) ;
#4791 = DIRECTION ( 'NONE',  ( -1.000000000000000000, 0.0000000000000000000, 1.540436225342582858E-17 ) ) ;
#4792 = LINE ( 'NONE', #6392, #1421 ) ;
#4793 = CARTESIAN_POINT ( 'NONE',  ( 4.250000000000000000, -3.299999999999998490, 0.2500000000000002220 ) ) ;
#4794 = LINE ( 'NONE', #3193, #8854 ) ;
#4795 = FACE_OUTER_BOUND ( 'NONE', #411, .T. ) ;
#4796 = CARTESIAN_POINT ( 'NONE',  ( 9.250000000000001776, 3.399999999999999467, -2.050000000000001599 ) ) ;
#4797 = DIRECTION ( 'NONE',  ( -4.336808689942017736E-16, 0.0000000000000000000, -1.000000000000000000 ) ) ;
#4798 = PLANE ( 'NONE',  #7595 ) ;
#4799 = UNCERTAINTY_MEASURE_WITH_UNIT (LENGTH_MEASURE( 1.000000000000000082E-05 ), #3971, 'distance_accuracy_value', 'NONE');
#4800 = CARTESIAN_POINT ( 'NONE',  ( 0.7500000000000002220, 3.149999999999995470, -2.050000000000001599 ) ) ;
#4801 = CARTESIAN_POINT ( 'NONE',  ( -1.350000000000000089, 5.650000000000000355, 1.249999999999997558 ) ) ;
#4802 = PRESENTATION_LAYER_ASSIGNMENT (  '', '', ( #7257 ) ) ;
#4803 = EDGE_CURVE ( 'NONE', #566, #6779, #8531, .T. ) ;
#4804 = PRESENTATION_LAYER_ASSIGNMENT (  '', '', ( #5795 ) ) ;
#4805 = SURFACE_STYLE_USAGE ( .BOTH. , #1616 ) ;
#4806 = DIRECTION ( 'NONE',  ( -1.000000000000000000, 0.0000000000000000000, 0.0000000000000000000 ) ) ;
#4807 = DIRECTION ( 'NONE',  ( -1.000000000000000000, 3.872150616019660190E-17, 0.0000000000000000000 ) ) ;
#4808 = ORIENTED_EDGE ( 'NONE', *, *, #4379, .F. ) ;
#4809 = VERTEX_POINT ( 'NONE', #2249 ) ;
#4810 = DIRECTION ( 'NONE',  ( -3.833233541708433496E-17, -0.7071067811865472397, 0.7071067811865479058 ) ) ;
#4811 =( NAMED_UNIT ( * ) SI_UNIT ( $, .STERADIAN. ) SOLID_ANGLE_UNIT ( ) );
#4812 = COLOUR_RGB ( '',1.000000000000000000, 0.8117647058823529438, 0.5019607843137254832 ) ;
#4813 = CARTESIAN_POINT ( 'NONE',  ( 4.750000000000000888, 3.399999999999999467, -2.350000000000001421 ) ) ;
#4814 = ORIENTED_EDGE ( 'NONE', *, *, #6157, .F. ) ;
#4815 = EDGE_CURVE ( 'NONE', #2846, #8520, #5446, .T. ) ;
#4816 = EDGE_CURVE ( 'NONE', #8354, #1452, #8883, .T. ) ;
#4817 = LINE ( 'NONE', #10253, #1439 ) ;
#4818 = DIRECTION ( 'NONE',  ( -1.000000000000000000, 0.0000000000000000000, -0.0000000000000000000 ) ) ;
#4819 = DIRECTION ( 'NONE',  ( 0.0000000000000000000, -1.000000000000000000, 5.782411586589358625E-16 ) ) ;
#4820 = COLOUR_RGB ( '',1.000000000000000000, 1.000000000000000000, 1.000000000000000000 ) ;
#4821 = ORIENTED_EDGE ( 'NONE', *, *, #3029, .T. ) ;
#4822 = ORIENTED_EDGE ( 'NONE', *, *, #1759, .T. ) ;
#4823 = VERTEX_POINT ( 'NONE', #4072 ) ;
#4824 = PRESENTATION_LAYER_ASSIGNMENT (  '', '', ( #9294 ) ) ;
#4825 = SURFACE_STYLE_FILL_AREA ( #76 ) ;
#4826 = EDGE_CURVE ( 'NONE', #8627, #2648, #4124, .T. ) ;
#4827 = LINE ( 'NONE', #802, #19 ) ;
#4828 = CARTESIAN_POINT ( 'NONE',  ( 10.69999999999999929, 0.0000000000000000000, -2.800000000000000266 ) ) ;
#4829 = SURFACE_STYLE_USAGE ( .BOTH. , #5470 ) ;
#4830 = PLANE ( 'NONE',  #7742 ) ;
#4831 = ORIENTED_EDGE ( 'NONE', *, *, #1733, .F. ) ;
#4832 = UNCERTAINTY_MEASURE_WITH_UNIT (LENGTH_MEASURE( 1.000000000000000082E-05 ), #7488, 'distance_accuracy_value', 'NONE');
#4833 = VECTOR ( 'NONE', #905, 1000.000000000000000 ) ;
#4834 = AXIS2_PLACEMENT_3D ( 'NONE', #7585, #2784, #2935 ) ;
#4835 = FILL_AREA_STYLE_COLOUR ( '', #9929 ) ;
#4836 = VERTEX_POINT ( 'NONE', #8830 ) ;
#4837 = LINE ( 'NONE', #4053, #1182 ) ;
#4838 = CARTESIAN_POINT ( 'NONE',  ( 7.249999999999999112, 3.399999999999998579, -2.350000000000001421 ) ) ;
#4839 = PLANE ( 'NONE',  #7316 ) ;
#4840 = DIRECTION ( 'NONE',  ( -3.833233541708420554E-17, -0.7071067811865447972, 0.7071067811865502373 ) ) ;
#4841 = AXIS2_PLACEMENT_3D ( 'NONE', #4801, #9472, #2191 ) ;
#4842 = EDGE_CURVE ( 'NONE', #1459, #1374, #9672, .T. ) ;
#4843 = ORIENTED_EDGE ( 'NONE', *, *, #1429, .T. ) ;
#4844 = FACE_OUTER_BOUND ( 'NONE', #9897, .T. ) ;
#4845 = DIRECTION ( 'NONE',  ( 1.000000000000000000, 0.0000000000000000000, -2.581433744013106177E-17 ) ) ;
#4846 = SURFACE_SIDE_STYLE ('',( #1651 ) ) ;
#4847 = CARTESIAN_POINT ( 'NONE',  ( 8.750000000000000000, 1.149999999999999911, -2.350000000000001421 ) ) ;
#4848 = VERTEX_POINT ( 'NONE', #6466 ) ;
#4849 = CARTESIAN_POINT ( 'NONE',  ( 12.25000000000000000, -3.399999999999999911, -0.2499999999999997780 ) ) ;
#4850 = DIRECTION ( 'NONE',  ( 1.032573497605242224E-16, -1.000000000000000000, 0.0000000000000000000 ) ) ;
#4851 = ORIENTED_EDGE ( 'NONE', *, *, #6321, .T. ) ;
#4852 = UNCERTAINTY_MEASURE_WITH_UNIT (LENGTH_MEASURE( 1.000000000000000082E-05 ), #5875, 'distance_accuracy_value', 'NONE');
#4853 = SURFACE_STYLE_USAGE ( .BOTH. , #6400 ) ;
#4854 = VECTOR ( 'NONE', #1449, 1000.000000000000000 ) ;
#4855 = CARTESIAN_POINT ( 'NONE',  ( 13.95000000000000107, 0.0000000000000000000, 1.699999999999999289 ) ) ;
#4856 = COLOUR_RGB ( '',1.000000000000000000, 1.000000000000000000, 1.000000000000000000 ) ;
#4857 = FILL_AREA_STYLE ('',( #6403 ) ) ;
#4858 = ADVANCED_FACE ( 'NONE', ( #8060 ), #6609, .T. ) ;
#4859 = DIRECTION ( 'NONE',  ( 0.0000000000000000000, 0.0000000000000000000, 1.000000000000000000 ) ) ;
#4860 = DIRECTION ( 'NONE',  ( 0.0000000000000000000, 0.0000000000000000000, -1.000000000000000000 ) ) ;
#4861 = VERTEX_POINT ( 'NONE', #8157 ) ;
#4862 = DIRECTION ( 'NONE',  ( -1.000000000000000000, -0.0000000000000000000, -0.0000000000000000000 ) ) ;
#4863 = CARTESIAN_POINT ( 'NONE',  ( -1.350000000000000089, 5.650000000000000355, -2.350000000000001421 ) ) ;
#4864 = VERTEX_POINT ( 'NONE', #1034 ) ;
#4865 = VERTEX_POINT ( 'NONE', #4221 ) ;
#4866 = PRODUCT_DEFINITION ( 'UNKNOWN', '', #5402, #5520 ) ;
#4867 = COLOUR_RGB ( '',1.000000000000000000, 0.8117647058823529438, 0.5019607843137254832 ) ;
#4868 = CARTESIAN_POINT ( 'NONE',  ( 0.05000000000000012768, -3.399999999999999911, 0.1500000000000025757 ) ) ;
#4869 =( NAMED_UNIT ( * ) SI_UNIT ( $, .STERADIAN. ) SOLID_ANGLE_UNIT ( ) );
#4870 = FILL_AREA_STYLE_COLOUR ( '', #7486 ) ;
#4871 =( NAMED_UNIT ( * ) PLANE_ANGLE_UNIT ( ) SI_UNIT ( $, .RADIAN. ) );
#4872 = ORIENTED_EDGE ( 'NONE', *, *, #1091, .T. ) ;
#4873 = EDGE_LOOP ( 'NONE', ( #210, #2339, #6978, #5004 ) ) ;
#4874 = ADVANCED_FACE ( 'NONE', ( #310 ), #9768, .T. ) ;
#4875 = EDGE_CURVE ( 'NONE', #1262, #9902, #2513, .T. ) ;
#4876 = VECTOR ( 'NONE', #8455, 1000.000000000000000 ) ;
#4877 = DIRECTION ( 'NONE',  ( -0.0000000000000000000, 1.000000000000000000, -0.0000000000000000000 ) ) ;
#4878 = DIRECTION ( 'NONE',  ( 0.0000000000000000000, 1.000000000000000000, 0.0000000000000000000 ) ) ;
#4879 = VECTOR ( 'NONE', #9594, 1000.000000000000000 ) ;
#4880 = FILL_AREA_STYLE ('',( #3890 ) ) ;
#4881 = ORIENTED_EDGE ( 'NONE', *, *, #6222, .F. ) ;
#4882 = CARTESIAN_POINT ( 'NONE',  ( 12.67999999999999616, 4.230000000000001315, 1.599999999999999867 ) ) ;
#4883 = DIRECTION ( 'NONE',  ( -0.0000000000000000000, 1.000000000000000000, -0.0000000000000000000 ) ) ;
#4884 = SURFACE_SIDE_STYLE ('',( #180 ) ) ;
#4885 = CARTESIAN_POINT ( 'NONE',  ( 3.299999999999999378, 0.2000000000000000389, 1.700000000000000178 ) ) ;
#4886 = UNCERTAINTY_MEASURE_WITH_UNIT (LENGTH_MEASURE( 1.000000000000000082E-05 ), #3004, 'distance_accuracy_value', 'NONE');
#4887 = VERTEX_POINT ( 'NONE', #7629 ) ;
#4888 = SURFACE_SIDE_STYLE ('',( #807 ) ) ;
#4889 = AXIS2_PLACEMENT_3D ( 'NONE', #3207, #2416, #4757 ) ;
#4890 = ORIENTED_EDGE ( 'NONE', *, *, #7426, .T. ) ;
#4891 =( NAMED_UNIT ( * ) PLANE_ANGLE_UNIT ( ) SI_UNIT ( $, .RADIAN. ) );
#4892 = ADVANCED_FACE ( 'NONE', ( #3499 ), #2822, .F. ) ;
#4893 = EDGE_CURVE ( 'NONE', #3387, #9038, #9100, .T. ) ;
#4894 = DIRECTION ( 'NONE',  ( -0.5773502691896258421, -0.5773502691896258421, 0.5773502691896255090 ) ) ;
#4895 = DIRECTION ( 'NONE',  ( -1.084202172485504237E-15, -1.000000000000000000, 0.0000000000000000000 ) ) ;
#4896 = VECTOR ( 'NONE', #633, 1000.000000000000000 ) ;
#4897 = VERTEX_POINT ( 'NONE', #9205 ) ;
#4898 =( NAMED_UNIT ( * ) PLANE_ANGLE_UNIT ( ) SI_UNIT ( $, .RADIAN. ) );
#4899 = LINE ( 'NONE', #8040, #8559 ) ;
#4900 =( LENGTH_UNIT ( ) NAMED_UNIT ( * ) SI_UNIT ( .MILLI., .METRE. ) );
#4901 = ORIENTED_EDGE ( 'NONE', *, *, #3607, .F. ) ;
#4902 = SURFACE_STYLE_FILL_AREA ( #821 ) ;
#4903 = EDGE_LOOP ( 'NONE', ( #6712, #8574, #705, #5454 ) ) ;
#4904 = DIRECTION ( 'NONE',  ( -0.0000000000000000000, 0.0000000000000000000, 1.000000000000000000 ) ) ;
#4905 =( GEOMETRIC_REPRESENTATION_CONTEXT ( 3 ) GLOBAL_UNCERTAINTY_ASSIGNED_CONTEXT ( ( #2284 ) ) GLOBAL_UNIT_ASSIGNED_CONTEXT ( ( #3475, #4496, #3729 ) ) REPRESENTATION_CONTEXT ( 'NONE', 'WORKASPACE' ) );
#4906 = ORIENTED_EDGE ( 'NONE', *, *, #2396, .T. ) ;
#4907 = ADVANCED_FACE ( 'NONE', ( #4370 ), #6848, .T. ) ;
#4908 = CARTESIAN_POINT ( 'NONE',  ( 5.299999999999998934, 0.2000000000000000389, -2.800000000000000266 ) ) ;
#4909 = EDGE_LOOP ( 'NONE', ( #10269, #8334, #3793, #7330 ) ) ;
#4910 = ORIENTED_EDGE ( 'NONE', *, *, #2709, .F. ) ;
#4911 = DIRECTION ( 'NONE',  ( -1.000000000000000000, 3.872150616019660190E-17, -0.0000000000000000000 ) ) ;
#4912 = LINE ( 'NONE', #8058, #4371 ) ;
#4913 = CARTESIAN_POINT ( 'NONE',  ( -0.2500000000000002220, 1.800000000000000044, 0.2500000000000002220 ) ) ;
#4914 = SURFACE_SIDE_STYLE ('',( #116 ) ) ;
#4915 = ORIENTED_EDGE ( 'NONE', *, *, #3682, .F. ) ;
#4916 = CARTESIAN_POINT ( 'NONE',  ( 4.049999999999999822, 5.100000000000001421, 0.1499999999999973577 ) ) ;
#4917 = STYLED_ITEM ( 'NONE', ( #2857 ), #7467 ) ;
#4918 = DIRECTION ( 'NONE',  ( 3.872150616019660190E-17, 1.000000000000000000, -0.0000000000000000000 ) ) ;
#4919 = PRESENTATION_STYLE_ASSIGNMENT (( #313 ) ) ;
#4920 = VECTOR ( 'NONE', #3981, 1000.000000000000000 ) ;
#4921 = VECTOR ( 'NONE', #2045, 1000.000000000000114 ) ;
#4922 = VERTEX_POINT ( 'NONE', #1229 ) ;
#4923 = CARTESIAN_POINT ( 'NONE',  ( 6.049999999999999822, 5.100000000000001421, -0.1499999999999969136 ) ) ;
#4924 = VERTEX_POINT ( 'NONE', #9861 ) ;
#4925 = ORIENTED_EDGE ( 'NONE', *, *, #789, .F. ) ;
#4926 = AXIS2_PLACEMENT_3D ( 'NONE', #7712, #3638, #9241 ) ;
#4927 = COLOUR_RGB ( '',1.000000000000000000, 0.8117647058823529438, 0.5019607843137254832 ) ;
#4928 = LINE ( 'NONE', #5563, #828 ) ;
#4929 = CARTESIAN_POINT ( 'NONE',  ( 9.750000000000000000, 1.800000000000000044, 0.2500000000000002220 ) ) ;
#4930 = DIRECTION ( 'NONE',  ( 0.0000000000000000000, -0.0000000000000000000, 1.000000000000000000 ) ) ;
#4931 = EDGE_CURVE ( 'NONE', #6134, #9149, #6040, .T. ) ;
#4932 = ORIENTED_EDGE ( 'NONE', *, *, #9439, .F. ) ;
#4933 = VERTEX_POINT ( 'NONE', #1125 ) ;
#4934 = CARTESIAN_POINT ( 'NONE',  ( 10.75000000000000000, 1.149999999999999911, -2.050000000000001599 ) ) ;
#4935 = AXIS2_PLACEMENT_3D ( 'NONE', #6665, #2431, #3837 ) ;
#4936 = VECTOR ( 'NONE', #9182, 1000.000000000000000 ) ;
#4937 = COLOUR_RGB ( '',1.000000000000000000, 0.8117647058823529438, 0.5019607843137254832 ) ;
#4938 = ORIENTED_EDGE ( 'NONE', *, *, #2529, .T. ) ;
#4939 = SURFACE_STYLE_FILL_AREA ( #7338 ) ;
#4940 = EDGE_LOOP ( 'NONE', ( #8619, #593, #5250, #3149 ) ) ;
#4941 = VECTOR ( 'NONE', #7873, 1000.000000000000000 ) ;
#4942 = LINE ( 'NONE', #3391, #1984 ) ;
#4943 = VECTOR ( 'NONE', #5498, 1000.000000000000000 ) ;
#4944 = SURFACE_STYLE_USAGE ( .BOTH. , #9023 ) ;
#4945 = STYLED_ITEM ( 'NONE', ( #4701 ), #8210 ) ;
#4946 = ORIENTED_EDGE ( 'NONE', *, *, #2120, .T. ) ;
#4947 = ORIENTED_EDGE ( 'NONE', *, *, #5364, .F. ) ;
#4948 = DIRECTION ( 'NONE',  ( 0.7071067811865489050, -0.7071067811865461294, -3.066586833366754193E-16 ) ) ;
#4949 = LINE ( 'NONE', #1600, #6249 ) ;
#4950 = PRESENTATION_STYLE_ASSIGNMENT (( #3531 ) ) ;
#4951 = SURFACE_STYLE_FILL_AREA ( #338 ) ;
#4952 = ADVANCED_FACE ( 'NONE', ( #10030 ), #6095, .F. ) ;
#4953 = ORIENTED_EDGE ( 'NONE', *, *, #1872, .F. ) ;
#4954 = PLANE ( 'NONE',  #10249 ) ;
#4955 = EDGE_CURVE ( 'NONE', #1146, #4444, #2404, .T. ) ;
#4956 = LINE ( 'NONE', #1021, #2022 ) ;
#4957 =( LENGTH_UNIT ( ) NAMED_UNIT ( * ) SI_UNIT ( .MILLI., .METRE. ) );
#4958 = AXIS2_PLACEMENT_3D ( 'NONE', #2465, #1761, #7835 ) ;
#4959 = ORIENTED_EDGE ( 'NONE', *, *, #4545, .F. ) ;
#4960 =( NAMED_UNIT ( * ) SI_UNIT ( $, .STERADIAN. ) SOLID_ANGLE_UNIT ( ) );
#4961 = CARTESIAN_POINT ( 'NONE',  ( 12.69999999999999929, 0.1999999999999999833, -2.800000000000000266 ) ) ;
#4963 = MECHANICAL_DESIGN_GEOMETRIC_PRESENTATION_REPRESENTATION (  '', ( #3619 ), #2295 ) ;
#4962 = APPLICATION_CONTEXT ( 'automotive_design' ) ;
#4964 = PLANE ( 'NONE',  #4491 ) ;
#4965 =( NAMED_UNIT ( * ) PLANE_ANGLE_UNIT ( ) SI_UNIT ( $, .RADIAN. ) );
#4966 = EDGE_CURVE ( 'NONE', #286, #6080, #9467, .T. ) ;
#4967 = DIRECTION ( 'NONE',  ( 1.000000000000000000, 1.564827877814130591E-16, 0.0000000000000000000 ) ) ;
#4968 =( NAMED_UNIT ( * ) SI_UNIT ( $, .STERADIAN. ) SOLID_ANGLE_UNIT ( ) );
#4969 = DIRECTION ( 'NONE',  ( 9.103382349328301547E-49, 2.350988701644575016E-32, 1.000000000000000000 ) ) ;
#4970 = ORIENTED_EDGE ( 'NONE', *, *, #4955, .T. ) ;
#4971 = STYLED_ITEM ( 'NONE', ( #5340 ), #57 ) ;
#4972 = DIRECTION ( 'NONE',  ( -0.0000000000000000000, -0.0000000000000000000, -1.000000000000000000 ) ) ;
#4973 = VECTOR ( 'NONE', #1303, 1000.000000000000000 ) ;
#4974 = SURFACE_STYLE_USAGE ( .BOTH. , #1777 ) ;
#4975 = ORIENTED_EDGE ( 'NONE', *, *, #5224, .T. ) ;
#4976 = CARTESIAN_POINT ( 'NONE',  ( 2.750000000000000444, 3.149999999999995470, -2.050000000000001599 ) ) ;
#4977 = DIRECTION ( 'NONE',  ( -3.833233541708433496E-17, -0.7071067811865472397, -0.7071067811865479058 ) ) ;
#4978 = ORIENTED_EDGE ( 'NONE', *, *, #6619, .F. ) ;
#4979 = COLOUR_RGB ( '',1.000000000000000000, 0.8117647058823529438, 0.5019607843137254832 ) ;
#4980 =( GEOMETRIC_REPRESENTATION_CONTEXT ( 3 ) GLOBAL_UNCERTAINTY_ASSIGNED_CONTEXT ( ( #6102 ) ) GLOBAL_UNIT_ASSIGNED_CONTEXT ( ( #5493, #9471, #5547 ) ) REPRESENTATION_CONTEXT ( 'NONE', 'WORKASPACE' ) );
#4981 = DIRECTION ( 'NONE',  ( 1.927470528863119542E-16, -1.000000000000000000, 0.0000000000000000000 ) ) ;
#4982 = VECTOR ( 'NONE', #376, 1000.000000000000000 ) ;
#4983 = EDGE_CURVE ( 'NONE', #6288, #3491, #8576, .T. ) ;
#4984 = ORIENTED_EDGE ( 'NONE', *, *, #9758, .F. ) ;
#4985 = DIRECTION ( 'NONE',  ( 0.0000000000000000000, 0.0000000000000000000, -1.000000000000000000 ) ) ;
#4986 = CARTESIAN_POINT ( 'NONE',  ( 1.916666666666666297, 5.166666666666665186, -0.08333333333333370341 ) ) ;
#4987 = CARTESIAN_POINT ( 'NONE',  ( -1.949999999999999956, 1.800000000000000044, -0.2499999999999997780 ) ) ;
#4988 = ORIENTED_EDGE ( 'NONE', *, *, #10274, .F. ) ;
#4989 = SURFACE_SIDE_STYLE ('',( #6298 ) ) ;
#4990 = SURFACE_SIDE_STYLE ('',( #3283 ) ) ;
#4991 = EDGE_LOOP ( 'NONE', ( #2041, #2366, #6880, #402 ) ) ;
#4992 = VECTOR ( 'NONE', #8432, 1000.000000000000000 ) ;
#4993 = VECTOR ( 'NONE', #8023, 1000.000000000000000 ) ;
#4994 = VECTOR ( 'NONE', #993, 1000.000000000000000 ) ;
#4995 = ADVANCED_FACE ( 'NONE', ( #1460 ), #7846, .F. ) ;
#4996 =( NAMED_UNIT ( * ) SI_UNIT ( $, .STERADIAN. ) SOLID_ANGLE_UNIT ( ) );
#4997 = DIRECTION ( 'NONE',  ( -1.084202172485504237E-15, -1.000000000000000000, 0.0000000000000000000 ) ) ;
#4998 = VERTEX_POINT ( 'NONE', #3199 ) ;
#4999 = CARTESIAN_POINT ( 'NONE',  ( 12.25000000000000000, -3.399999999999999911, -0.1499999999999986622 ) ) ;
#5000 =( LENGTH_UNIT ( ) NAMED_UNIT ( * ) SI_UNIT ( .MILLI., .METRE. ) );
#5001 = VECTOR ( 'NONE', #6780, 1000.000000000000000 ) ;
#5002 = PRESENTATION_STYLE_ASSIGNMENT (( #9703 ) ) ;
#5003 = PLANE ( 'NONE',  #9736 ) ;
#5004 = ORIENTED_EDGE ( 'NONE', *, *, #9908, .T. ) ;
#5005 = AXIS2_PLACEMENT_3D ( 'NONE', #710, #871, #2401 ) ;
#5006 = ORIENTED_EDGE ( 'NONE', *, *, #8629, .F. ) ;
#5007 = ORIENTED_EDGE ( 'NONE', *, *, #10001, .T. ) ;
#5008 = UNCERTAINTY_MEASURE_WITH_UNIT (LENGTH_MEASURE( 1.000000000000000082E-05 ), #1769, 'distance_accuracy_value', 'NONE');
#5009 = UNCERTAINTY_MEASURE_WITH_UNIT (LENGTH_MEASURE( 1.000000000000000082E-05 ), #6048, 'distance_accuracy_value', 'NONE');
#5010 = VECTOR ( 'NONE', #5619, 1000.000000000000000 ) ;
#5011 = EDGE_CURVE ( 'NONE', #3841, #7408, #6303, .T. ) ;
#5012 = STYLED_ITEM ( 'NONE', ( #727 ), #4770 ) ;
#5013 = ADVANCED_FACE ( 'NONE', ( #1607 ), #4798, .F. ) ;
#5014 = ORIENTED_EDGE ( 'NONE', *, *, #2288, .T. ) ;
#5015 =( NAMED_UNIT ( * ) SI_UNIT ( $, .STERADIAN. ) SOLID_ANGLE_UNIT ( ) );
#5016 = LINE ( 'NONE', #1867, #6601 ) ;
#5017 = SURFACE_SIDE_STYLE ('',( #984 ) ) ;
#5018 = PRESENTATION_LAYER_ASSIGNMENT (  '', '', ( #334 ) ) ;
#5019 = DIRECTION ( 'NONE',  ( -0.7071067811865475727, 0.7071067811865475727, 0.0000000000000000000 ) ) ;
#5020 = SURFACE_STYLE_FILL_AREA ( #3370 ) ;
#5021 = DIRECTION ( 'NONE',  ( 1.000000000000000000, -0.0000000000000000000, -5.455105270367317620E-17 ) ) ;
#5022 = EDGE_CURVE ( 'NONE', #2444, #266, #7197, .T. ) ;
#5023 =( LENGTH_UNIT ( ) NAMED_UNIT ( * ) SI_UNIT ( .MILLI., .METRE. ) );
#5024 = VECTOR ( 'NONE', #9800, 1000.000000000000000 ) ;
#5025 = ORIENTED_EDGE ( 'NONE', *, *, #3144, .F. ) ;
#5026 = DIRECTION ( 'NONE',  ( -3.833233541708433496E-17, -0.7071067811865472397, 0.7071067811865479058 ) ) ;
#5027 = PRESENTATION_STYLE_ASSIGNMENT (( #8894 ) ) ;
#5028 = VERTEX_POINT ( 'NONE', #4115 ) ;
#5029 = PRESENTATION_LAYER_ASSIGNMENT (  '', '', ( #1012 ) ) ;
#5030 = VECTOR ( 'NONE', #3932, 1000.000000000000000 ) ;
#5031 = CARTESIAN_POINT ( 'NONE',  ( 11.74999999999999822, 0.2000000000000000111, -2.800000000000000266 ) ) ;
#5032 = EDGE_CURVE ( 'NONE', #7960, #1452, #248, .T. ) ;
#5033 = CARTESIAN_POINT ( 'NONE',  ( 4.750000000000000888, 3.149999999999995914, -2.050000000000002043 ) ) ;
#5034 = SURFACE_SIDE_STYLE ('',( #8078 ) ) ;
#5035 = MECHANICAL_DESIGN_GEOMETRIC_PRESENTATION_REPRESENTATION (  '', ( #8821 ), #6353 ) ;
#5036 = VERTEX_POINT ( 'NONE', #9662 ) ;
#5037 = STYLED_ITEM ( 'NONE', ( #4295 ), #2046 ) ;
#5038 = PRESENTATION_STYLE_ASSIGNMENT (( #1002 ) ) ;
#5039 = CARTESIAN_POINT ( 'NONE',  ( 10.69999999999999929, 0.1999999999999999833, -2.800000000000000266 ) ) ;
#5040 = LINE ( 'NONE', #4241, #1722 ) ;
#5041 = EDGE_LOOP ( 'NONE', ( #1960, #8113, #3528, #5180 ) ) ;
#5042 = CARTESIAN_POINT ( 'NONE',  ( 3.750000000000000444, -3.399999999999999911, 0.2500000000000002220 ) ) ;
#5043 = ORIENTED_EDGE ( 'NONE', *, *, #10172, .T. ) ;
#5044 = DIRECTION ( 'NONE',  ( -0.0000000000000000000, -0.0000000000000000000, 1.000000000000000000 ) ) ;
#5045 = EDGE_LOOP ( 'NONE', ( #4988, #8469, #4784, #4255 ) ) ;
#5046 =( GEOMETRIC_REPRESENTATION_CONTEXT ( 3 ) GLOBAL_UNCERTAINTY_ASSIGNED_CONTEXT ( ( #9342 ) ) GLOBAL_UNIT_ASSIGNED_CONTEXT ( ( #4660, #3833, #9489 ) ) REPRESENTATION_CONTEXT ( 'NONE', 'WORKASPACE' ) );
#5047 = FILL_AREA_STYLE ('',( #1104 ) ) ;
#5048 = PRESENTATION_LAYER_ASSIGNMENT (  '', '', ( #5059 ) ) ;
#5049 = VERTEX_POINT ( 'NONE', #2546 ) ;
#5050 = DIRECTION ( 'NONE',  ( -1.084202172485504237E-15, -1.000000000000000000, 0.0000000000000000000 ) ) ;
#5051 =( NAMED_UNIT ( * ) PLANE_ANGLE_UNIT ( ) SI_UNIT ( $, .RADIAN. ) );
#5052 = PRESENTATION_LAYER_ASSIGNMENT (  '', '', ( #6202 ) ) ;
#5053 = CARTESIAN_POINT ( 'NONE',  ( 11.29999999999999893, 0.2000000000000000389, 1.700000000000000178 ) ) ;
#5054 = FACE_OUTER_BOUND ( 'NONE', #7420, .T. ) ;
#5055 = LINE ( 'NONE', #5927, #3358 ) ;
#5056 = EDGE_LOOP ( 'NONE', ( #10116, #1806, #4843, #7716 ) ) ;
#5057 = ORIENTED_EDGE ( 'NONE', *, *, #3376, .T. ) ;
#5058 = PLANE ( 'NONE',  #7417 ) ;
#5059 = STYLED_ITEM ( 'NONE', ( #10134 ), #6708 ) ;
#5060 =( NAMED_UNIT ( * ) SI_UNIT ( $, .STERADIAN. ) SOLID_ANGLE_UNIT ( ) );
#5061 =( GEOMETRIC_REPRESENTATION_CONTEXT ( 3 ) GLOBAL_UNCERTAINTY_ASSIGNED_CONTEXT ( ( #1363 ) ) GLOBAL_UNIT_ASSIGNED_CONTEXT ( ( #4402, #3745, #7766 ) ) REPRESENTATION_CONTEXT ( 'NONE', 'WORKASPACE' ) );
#5062 = FACE_OUTER_BOUND ( 'NONE', #8008, .T. ) ;
#5063 =( LENGTH_UNIT ( ) NAMED_UNIT ( * ) SI_UNIT ( .MILLI., .METRE. ) );
#5064 = DIRECTION ( 'NONE',  ( -0.0000000000000000000, -0.0000000000000000000, 1.000000000000000000 ) ) ;
#5065 = DIRECTION ( 'NONE',  ( -1.000000000000000000, 0.0000000000000000000, 1.540436225342582858E-17 ) ) ;
#5066 = AXIS2_PLACEMENT_3D ( 'NONE', #4096, #3385, #9464 ) ;
#5067 = DIRECTION ( 'NONE',  ( 0.0000000000000000000, 0.0000000000000000000, 1.000000000000000000 ) ) ;
#5068 = SURFACE_STYLE_FILL_AREA ( #8302 ) ;
#5069 = EDGE_CURVE ( 'NONE', #9284, #2201, #4167, .T. ) ;
#5070 = VECTOR ( 'NONE', #9277, 1000.000000000000000 ) ;
#5071 =( LENGTH_UNIT ( ) NAMED_UNIT ( * ) SI_UNIT ( .MILLI., .METRE. ) );
#5072 =( GEOMETRIC_REPRESENTATION_CONTEXT ( 3 ) GLOBAL_UNCERTAINTY_ASSIGNED_CONTEXT ( ( #8614 ) ) GLOBAL_UNIT_ASSIGNED_CONTEXT ( ( #7258, #4754, #6356 ) ) REPRESENTATION_CONTEXT ( 'NONE', 'WORKASPACE' ) );
#5073 = CARTESIAN_POINT ( 'NONE',  ( -0.2500000000000002220, 1.800000000000000044, -0.2499999999999997780 ) ) ;
#5074 = CARTESIAN_POINT ( 'NONE',  ( 4.250000000000000000, -3.399999999999999911, -0.2499999999999997780 ) ) ;
#5075 = ORIENTED_EDGE ( 'NONE', *, *, #7573, .T. ) ;
#5076 = CARTESIAN_POINT ( 'NONE',  ( 9.749999999999998224, 0.2000000000000000111, -2.800000000000000266 ) ) ;
#5077 = EDGE_CURVE ( 'NONE', #1215, #8520, #6600, .T. ) ;
#5078 = EDGE_LOOP ( 'NONE', ( #2268, #2321, #2251, #4984 ) ) ;
#5079 = VECTOR ( 'NONE', #2594, 1000.000000000000000 ) ;
#5080 = EDGE_CURVE ( 'NONE', #5813, #5734, #7996, .T. ) ;
#5081 = ORIENTED_EDGE ( 'NONE', *, *, #6936, .F. ) ;
#5082 = VECTOR ( 'NONE', #2326, 1000.000000000000000 ) ;
#5083 = FACE_BOUND ( 'NONE', #2903, .T. ) ;
#5084 = VERTEX_POINT ( 'NONE', #101 ) ;
#5085 = VECTOR ( 'NONE', #207, 1000.000000000000000 ) ;
#5086 =( GEOMETRIC_REPRESENTATION_CONTEXT ( 3 ) GLOBAL_UNCERTAINTY_ASSIGNED_CONTEXT ( ( #7885 ) ) GLOBAL_UNIT_ASSIGNED_CONTEXT ( ( #8703, #3949, #3280 ) ) REPRESENTATION_CONTEXT ( 'NONE', 'WORKASPACE' ) );
#5087 = FILL_AREA_STYLE ('',( #2738 ) ) ;
#5088 = VECTOR ( 'NONE', #8428, 1000.000000000000000 ) ;
#5089 = DIRECTION ( 'NONE',  ( -1.000000000000000000, 3.872150616019660190E-17, -0.0000000000000000000 ) ) ;
#5090 = CARTESIAN_POINT ( 'NONE',  ( 6.699999999999999289, 0.1999999999999999833, -2.800000000000000266 ) ) ;
#5091 = LINE ( 'NONE', #7433, #8204 ) ;
#5092 = CARTESIAN_POINT ( 'NONE',  ( 2.149999999999997691, 5.100000000000001421, 0.1499999999999973577 ) ) ;
#5093 = ORIENTED_EDGE ( 'NONE', *, *, #2340, .T. ) ;
#5094 = ADVANCED_FACE ( 'NONE', ( #3447 ), #8819, .T. ) ;
#5095 = DIRECTION ( 'NONE',  ( -4.336808689942017736E-16, 0.0000000000000000000, -1.000000000000000000 ) ) ;
#5096 = CARTESIAN_POINT ( 'NONE',  ( 5.750000000000001776, 4.999999999999997335, -0.2499999999999997780 ) ) ;
#5097 =( GEOMETRIC_REPRESENTATION_CONTEXT ( 3 ) GLOBAL_UNCERTAINTY_ASSIGNED_CONTEXT ( ( #6557 ) ) GLOBAL_UNIT_ASSIGNED_CONTEXT ( ( #7346, #4110, #6500 ) ) REPRESENTATION_CONTEXT ( 'NONE', 'WORKASPACE' ) );
#5098 = VECTOR ( 'NONE', #3869, 1000.000000000000000 ) ;
#5099 = SURFACE_SIDE_STYLE ('',( #9749 ) ) ;
#5100 = FACE_OUTER_BOUND ( 'NONE', #1216, .T. ) ;
#5101 = STYLED_ITEM ( 'NONE', ( #9968 ), #788 ) ;
#5102 = MECHANICAL_DESIGN_GEOMETRIC_PRESENTATION_REPRESENTATION (  '', ( #5608 ), #3093 ) ;
#5103 = ORIENTED_EDGE ( 'NONE', *, *, #8785, .T. ) ;
#5104 = CARTESIAN_POINT ( 'NONE',  ( -0.2500000000000002220, -3.399999999999999911, 0.2500000000000002220 ) ) ;
#5105 = CARTESIAN_POINT ( 'NONE',  ( 3.750000000000000444, 4.999999999999997335, 0.2500000000000002220 ) ) ;
#5106 = DIRECTION ( 'NONE',  ( 0.0000000000000000000, 0.0000000000000000000, 1.000000000000000000 ) ) ;
#5107 = FACE_OUTER_BOUND ( 'NONE', #9089, .T. ) ;
#5108 = LINE ( 'NONE', #8976, #8809 ) ;
#5109 = VERTEX_POINT ( 'NONE', #1659 ) ;
#5110 = COLOUR_RGB ( '',1.000000000000000000, 1.000000000000000000, 1.000000000000000000 ) ;
#5111 = UNCERTAINTY_MEASURE_WITH_UNIT (LENGTH_MEASURE( 1.000000000000000082E-05 ), #10242, 'distance_accuracy_value', 'NONE');
#5112 = CARTESIAN_POINT ( 'NONE',  ( -1.949999999999999956, 6.000000000000000000, 1.700000000000000178 ) ) ;
#5113 =( GEOMETRIC_REPRESENTATION_CONTEXT ( 3 ) GLOBAL_UNCERTAINTY_ASSIGNED_CONTEXT ( ( #2731 ) ) GLOBAL_UNIT_ASSIGNED_CONTEXT ( ( #3195, #3756, #9831 ) ) REPRESENTATION_CONTEXT ( 'NONE', 'WORKASPACE' ) );
#5114 = LINE ( 'NONE', #4265, #4437 ) ;
#5115 = STYLED_ITEM ( 'NONE', ( #6478 ), #551 ) ;
#5116 = COLOUR_RGB ( '',1.000000000000000000, 1.000000000000000000, 1.000000000000000000 ) ;
#5117 = EDGE_LOOP ( 'NONE', ( #9013, #4851, #4970, #4393 ) ) ;
#5118 =( NAMED_UNIT ( * ) SI_UNIT ( $, .STERADIAN. ) SOLID_ANGLE_UNIT ( ) );
#5119 = DIRECTION ( 'NONE',  ( 0.0000000000000000000, 0.0000000000000000000, -1.000000000000000000 ) ) ;
#5120 = AXIS2_PLACEMENT_3D ( 'NONE', #6297, #9463, #5382 ) ;
#5121 = CARTESIAN_POINT ( 'NONE',  ( 11.29999999999999893, 0.0000000000000000000, 1.700000000000000178 ) ) ;
#5122 = ADVANCED_FACE ( 'NONE', ( #4019 ), #7154, .T. ) ;
#5123 =( NAMED_UNIT ( * ) SI_UNIT ( $, .STERADIAN. ) SOLID_ANGLE_UNIT ( ) );
#5124 = CARTESIAN_POINT ( 'NONE',  ( 1.750000000000000666, 4.999999999999997335, 0.2500000000000002220 ) ) ;
#5125 = ORIENTED_EDGE ( 'NONE', *, *, #6638, .T. ) ;
#5126 =( NAMED_UNIT ( * ) SI_UNIT ( $, .STERADIAN. ) SOLID_ANGLE_UNIT ( ) );
#5127 = DIRECTION ( 'NONE',  ( 0.0000000000000000000, 1.000000000000000000, 0.0000000000000000000 ) ) ;
#5128 = UNCERTAINTY_MEASURE_WITH_UNIT (LENGTH_MEASURE( 1.000000000000000082E-05 ), #6916, 'distance_accuracy_value', 'NONE');
#5129 = FACE_OUTER_BOUND ( 'NONE', #9490, .T. ) ;
#5130 = SURFACE_SIDE_STYLE ('',( #1940 ) ) ;
#5131 = LINE ( 'NONE', #4331, #1665 ) ;
#5132 = EDGE_CURVE ( 'NONE', #957, #4998, #347, .T. ) ;
#5133 = ADVANCED_FACE ( 'NONE', ( #4305, #1958 ), #8397, .F. ) ;
#5134 = DIRECTION ( 'NONE',  ( 1.000000000000000000, -5.421010862427522170E-17, 0.0000000000000000000 ) ) ;
#5135 =( NAMED_UNIT ( * ) SI_UNIT ( $, .STERADIAN. ) SOLID_ANGLE_UNIT ( ) );
#5136 = FACE_OUTER_BOUND ( 'NONE', #3777, .T. ) ;
#5137 = AXIS2_PLACEMENT_3D ( 'NONE', #629, #7751, #3828 ) ;
#5138 = PLANE ( 'NONE',  #3733 ) ;
#5139 = VERTEX_POINT ( 'NONE', #296 ) ;
#5140 = ORIENTED_EDGE ( 'NONE', *, *, #3144, .T. ) ;
#5141 = SURFACE_STYLE_FILL_AREA ( #4147 ) ;
#5142 =( NAMED_UNIT ( * ) SI_UNIT ( $, .STERADIAN. ) SOLID_ANGLE_UNIT ( ) );
#5143 =( NAMED_UNIT ( * ) PLANE_ANGLE_UNIT ( ) SI_UNIT ( $, .RADIAN. ) );
#5144 = LINE ( 'NONE', #9129, #5660 ) ;
#5145 = PRESENTATION_LAYER_ASSIGNMENT (  '', '', ( #5321 ) ) ;
#5146 = ADVANCED_FACE ( 'NONE', ( #2704 ), #5058, .F. ) ;
#5147 = SURFACE_STYLE_USAGE ( .BOTH. , #8138 ) ;
#5148 = LINE ( 'NONE', #1158, #941 ) ;
#5149 = ORIENTED_EDGE ( 'NONE', *, *, #3365, .T. ) ;
#5150 = FACE_OUTER_BOUND ( 'NONE', #3990, .T. ) ;
#5151 = PLANE ( 'NONE',  #8066 ) ;
#5152 = PLANE ( 'NONE',  #4926 ) ;
#5153 = SURFACE_SIDE_STYLE ('',( #4951 ) ) ;
#5154 =( LENGTH_UNIT ( ) NAMED_UNIT ( * ) SI_UNIT ( .MILLI., .METRE. ) );
#5155 = LINE ( 'NONE', #2702, #6348 ) ;
#5156 = MECHANICAL_DESIGN_GEOMETRIC_PRESENTATION_REPRESENTATION (  '', ( #3169 ), #8768 ) ;
#5157 = VECTOR ( 'NONE', #6439, 1000.000000000000000 ) ;
#5158 = COLOUR_RGB ( '',1.000000000000000000, 1.000000000000000000, 1.000000000000000000 ) ;
#5159 = ORIENTED_EDGE ( 'NONE', *, *, #1204, .T. ) ;
#5160 = CARTESIAN_POINT ( 'NONE',  ( 12.21999999999999886, 6.000000000000000000, 1.599999999999999867 ) ) ;
#5161 = ORIENTED_EDGE ( 'NONE', *, *, #1688, .T. ) ;
#5162 = ADVANCED_FACE ( 'NONE', ( #6182 ), #2282, .F. ) ;
#5163 = STYLED_ITEM ( 'NONE', ( #2240 ), #5667 ) ;
#5164 = VECTOR ( 'NONE', #688, 1000.000000000000000 ) ;
#5165 = LINE ( 'NONE', #1118, #10145 ) ;
#5166 = DIRECTION ( 'NONE',  ( 1.000000000000000000, 0.0000000000000000000, 0.0000000000000000000 ) ) ;
#5167 = ORIENTED_EDGE ( 'NONE', *, *, #282, .T. ) ;
#5168 = LINE ( 'NONE', #3495, #8738 ) ;
#5169 = LINE ( 'NONE', #4365, #1727 ) ;
#5170 = FACE_OUTER_BOUND ( 'NONE', #4940, .T. ) ;
#5171 = SURFACE_STYLE_FILL_AREA ( #4178 ) ;
#5172 = SURFACE_SIDE_STYLE ('',( #7221 ) ) ;
#5173 = FILL_AREA_STYLE_COLOUR ( '', #4011 ) ;
#5174 = COLOUR_RGB ( '',1.000000000000000000, 0.8117647058823529438, 0.5019607843137254832 ) ;
#5175 = CARTESIAN_POINT ( 'NONE',  ( 8.050000000000000711, 0.0000000000000000000, -2.050000000000001599 ) ) ;
#5176 = ADVANCED_FACE ( 'NONE', ( #3184 ), #649, .F. ) ;
#5177 = SURFACE_STYLE_USAGE ( .BOTH. , #3663 ) ;
#5178 = CARTESIAN_POINT ( 'NONE',  ( 11.75000000000000000, -3.399999999999999911, -0.2499999999999997780 ) ) ;
#5179 = COLOUR_RGB ( '',1.000000000000000000, 1.000000000000000000, 1.000000000000000000 ) ;
#5180 = ORIENTED_EDGE ( 'NONE', *, *, #3985, .F. ) ;
#5181 = PRESENTATION_STYLE_ASSIGNMENT (( #6004 ) ) ;
#5182 = VERTEX_POINT ( 'NONE', #3065 ) ;
#5183 = DIRECTION ( 'NONE',  ( 0.0000000000000000000, -0.0000000000000000000, 1.000000000000000000 ) ) ;
#5184 = CARTESIAN_POINT ( 'NONE',  ( 6.699999999999999289, 0.1999999999999999833, 1.700000000000000178 ) ) ;
#5185 = VECTOR ( 'NONE', #8095, 1000.000000000000000 ) ;
#5186 =( NAMED_UNIT ( * ) SI_UNIT ( $, .STERADIAN. ) SOLID_ANGLE_UNIT ( ) );
#5187 = SURFACE_STYLE_FILL_AREA ( #4235 ) ;
#5188 = SURFACE_STYLE_FILL_AREA ( #6012 ) ;
#5189 = ORIENTED_EDGE ( 'NONE', *, *, #4893, .F. ) ;
#5190 = FILL_AREA_STYLE_COLOUR ( '', #1997 ) ;
#5191 = DIRECTION ( 'NONE',  ( -0.0000000000000000000, -0.0000000000000000000, 1.000000000000000000 ) ) ;
#5192 = CARTESIAN_POINT ( 'NONE',  ( 13.17999999999999794, 4.230000000000001315, 1.699999999999999289 ) ) ;
#5193 = ORIENTED_EDGE ( 'NONE', *, *, #2073, .T. ) ;
#5194 =( NAMED_UNIT ( * ) SI_UNIT ( $, .STERADIAN. ) SOLID_ANGLE_UNIT ( ) );
#5195 = DIRECTION ( 'NONE',  ( 0.7071067811865459074, -0.7071067811865491270, -3.066586833366741374E-16 ) ) ;
#5196 = EDGE_CURVE ( 'NONE', #5583, #6925, #2174, .T. ) ;
#5197 = LINE ( 'NONE', #5812, #4139 ) ;
#5198 = EDGE_CURVE ( 'NONE', #691, #6856, #8443, .T. ) ;
#5199 = PRESENTATION_STYLE_ASSIGNMENT (( #6776 ) ) ;
#5200 = FACE_BOUND ( 'NONE', #4459, .T. ) ;
#5201 = DIRECTION ( 'NONE',  ( -0.0000000000000000000, -0.0000000000000000000, 1.000000000000000000 ) ) ;
#5202 = ORIENTED_EDGE ( 'NONE', *, *, #7923, .T. ) ;
#5203 = DIRECTION ( 'NONE',  ( 3.872150616019660190E-17, 1.000000000000000000, -0.0000000000000000000 ) ) ;
#5204 = LINE ( 'NONE', #8187, #6537 ) ;
#5205 = ORIENTED_EDGE ( 'NONE', *, *, #860, .F. ) ;
#5206 = SURFACE_STYLE_FILL_AREA ( #9138 ) ;
#5207 =( LENGTH_UNIT ( ) NAMED_UNIT ( * ) SI_UNIT ( .MILLI., .METRE. ) );
#5208 = ORIENTED_EDGE ( 'NONE', *, *, #7129, .T. ) ;
#5209 = ORIENTED_EDGE ( 'NONE', *, *, #1886, .T. ) ;
#5210 = EDGE_CURVE ( 'NONE', #602, #9550, #1335, .T. ) ;
#5211 = LINE ( 'NONE', #4355, #5766 ) ;
#5212 = COLOUR_RGB ( '',1.000000000000000000, 0.8117647058823529438, 0.5019607843137254832 ) ;
#5213 = EDGE_CURVE ( 'NONE', #4861, #4083, #10074, .T. ) ;
#5214 =( GEOMETRIC_REPRESENTATION_CONTEXT ( 3 ) GLOBAL_UNCERTAINTY_ASSIGNED_CONTEXT ( ( #3851 ) ) GLOBAL_UNIT_ASSIGNED_CONTEXT ( ( #3099, #7968, #74 ) ) REPRESENTATION_CONTEXT ( 'NONE', 'WORKASPACE' ) );
#5215 = CARTESIAN_POINT ( 'NONE',  ( 6.249999999999998224, -3.399999999999999911, -0.1499999999999986622 ) ) ;
#5216 = SURFACE_SIDE_STYLE ('',( #1917 ) ) ;
#5217 = ORIENTED_EDGE ( 'NONE', *, *, #1169, .F. ) ;
#5218 =( NAMED_UNIT ( * ) PLANE_ANGLE_UNIT ( ) SI_UNIT ( $, .RADIAN. ) );
#5219 = CARTESIAN_POINT ( 'NONE',  ( 8.250000000000000000, 1.800000000000000044, -2.800000000000000266 ) ) ;
#5220 = CARTESIAN_POINT ( 'NONE',  ( 10.84999999999999609, 6.000000000000000888, 1.249999999999997558 ) ) ;
#5221 = LINE ( 'NONE', #3498, #4234 ) ;
#5222 = PRESENTATION_STYLE_ASSIGNMENT (( #9203 ) ) ;
#5223 = DIRECTION ( 'NONE',  ( -1.927470528863119542E-16, 1.000000000000000000, 0.0000000000000000000 ) ) ;
#5224 = EDGE_CURVE ( 'NONE', #7597, #9491, #10220, .T. ) ;
#5225 = SURFACE_STYLE_FILL_AREA ( #4424 ) ;
#5226 = VECTOR ( 'NONE', #1853, 1000.000000000000000 ) ;
#5227 = DIRECTION ( 'NONE',  ( -3.833233541708420554E-17, -0.7071067811865447972, -0.7071067811865502373 ) ) ;
#5228 = LINE ( 'NONE', #2826, #8996 ) ;
#5229 = STYLED_ITEM ( 'NONE', ( #9151 ), #6794 ) ;
#5230 = SURFACE_STYLE_USAGE ( .BOTH. , #6104 ) ;
#5231 =( GEOMETRIC_REPRESENTATION_CONTEXT ( 3 ) GLOBAL_UNCERTAINTY_ASSIGNED_CONTEXT ( ( #8644 ) ) GLOBAL_UNIT_ASSIGNED_CONTEXT ( ( #1534, #7920, #6973 ) ) REPRESENTATION_CONTEXT ( 'NONE', 'WORKASPACE' ) );
#5232 = EDGE_LOOP ( 'NONE', ( #290, #506, #7147, #8000 ) ) ;
#5233 = ORIENTED_EDGE ( 'NONE', *, *, #6405, .T. ) ;
#5234 = DIRECTION ( 'NONE',  ( 0.5773502691896239547, -0.5773502691896289507, -0.5773502691896243988 ) ) ;
#5235 =( LENGTH_UNIT ( ) NAMED_UNIT ( * ) SI_UNIT ( .MILLI., .METRE. ) );
#5236 = PLANE ( 'NONE',  #4834 ) ;
#5237 = EDGE_LOOP ( 'NONE', ( #2959, #7995, #5664, #2631, #494 ) ) ;
#5238 = EDGE_LOOP ( 'NONE', ( #8196, #5075, #9862, #8869, #4413 ) ) ;
#5239 = SURFACE_STYLE_FILL_AREA ( #2034 ) ;
#5240 = STYLED_ITEM ( 'NONE', ( #8682 ), #7079 ) ;
#5241 = CARTESIAN_POINT ( 'NONE',  ( 2.250000000000000000, 1.800000000000000044, -0.2499999999999997780 ) ) ;
#5242 = DIRECTION ( 'NONE',  ( -9.103382349328301547E-49, -2.350988701644575016E-32, -1.000000000000000000 ) ) ;
#5243 = SURFACE_STYLE_FILL_AREA ( #6011 ) ;
#5244 = CARTESIAN_POINT ( 'NONE',  ( 9.250000000000001776, 1.149999999999999911, -2.050000000000001599 ) ) ;
#5245 = AXIS2_PLACEMENT_3D ( 'NONE', #7625, #2070, #2914 ) ;
#5246 = ORIENTED_EDGE ( 'NONE', *, *, #6954, .T. ) ;
#5247 = FILL_AREA_STYLE ('',( #5190 ) ) ;
#5248 = CARTESIAN_POINT ( 'NONE',  ( 2.150000000000002132, -3.399999999999999911, -0.1500000000000021316 ) ) ;
#5249 = CARTESIAN_POINT ( 'NONE',  ( 13.17999999999999794, 4.230000000000001315, -2.801000000000000600 ) ) ;
#5250 = ORIENTED_EDGE ( 'NONE', *, *, #8159, .T. ) ;
#5251 =( LENGTH_UNIT ( ) NAMED_UNIT ( * ) SI_UNIT ( .MILLI., .METRE. ) );
#5252 = ORIENTED_EDGE ( 'NONE', *, *, #1781, .T. ) ;
#5253 = COLOUR_RGB ( '',1.000000000000000000, 0.8117647058823529438, 0.5019607843137254832 ) ;
#5254 = PRESENTATION_LAYER_ASSIGNMENT (  '', '', ( #77 ) ) ;
#5255 = CARTESIAN_POINT ( 'NONE',  ( -1.949999999999999956, 0.0000000000000000000, -2.800000000000000266 ) ) ;
#5256 = VECTOR ( 'NONE', #1840, 1000.000000000000000 ) ;
#5257 =( LENGTH_UNIT ( ) NAMED_UNIT ( * ) SI_UNIT ( .MILLI., .METRE. ) );
#5258 = EDGE_CURVE ( 'NONE', #1852, #7892, #6436, .T. ) ;
#5259 = ORIENTED_EDGE ( 'NONE', *, *, #2255, .F. ) ;
#5260 = SURFACE_SIDE_STYLE ('',( #8971 ) ) ;
#5261 = LINE ( 'NONE', #1107, #8061 ) ;
#5262 = CARTESIAN_POINT ( 'NONE',  ( 1.749999999999999778, -3.399999999999999911, -0.2499999999999997780 ) ) ;
#5263 = DIRECTION ( 'NONE',  ( 1.000000000000000000, -0.0000000000000000000, 0.0000000000000000000 ) ) ;
#5264 = STYLED_ITEM ( 'NONE', ( #5888 ), #8221 ) ;
#5265 = EDGE_LOOP ( 'NONE', ( #6195, #9278, #7210, #7592 ) ) ;
#5266 = CARTESIAN_POINT ( 'NONE',  ( 13.34999999999999787, 5.650000000000000355, 1.249999999999997558 ) ) ;
#5267 = MANIFOLD_SOLID_BREP ( 'Вырез-Вытянуть10', #1434 ) ;
#5268 = PRESENTATION_LAYER_ASSIGNMENT (  '', '', ( #275 ) ) ;
#5269 = ORIENTED_EDGE ( 'NONE', *, *, #6816, .T. ) ;
#5270 =( GEOMETRIC_REPRESENTATION_CONTEXT ( 3 ) GLOBAL_UNCERTAINTY_ASSIGNED_CONTEXT ( ( #201 ) ) GLOBAL_UNIT_ASSIGNED_CONTEXT ( ( #6742, #7566, #2813 ) ) REPRESENTATION_CONTEXT ( 'NONE', 'WORKASPACE' ) );
#5271 = EDGE_CURVE ( 'NONE', #5785, #1818, #8085, .T. ) ;
#5272 = EDGE_CURVE ( 'NONE', #2104, #9787, #8806, .T. ) ;
#5273 = CARTESIAN_POINT ( 'NONE',  ( -1.950000000000000178, -3.399999999999999911, 0.1500000000000025757 ) ) ;
#5274 = ORIENTED_EDGE ( 'NONE', *, *, #2980, .T. ) ;
#5275 = LINE ( 'NONE', #9258, #5416 ) ;
#5276 = FILL_AREA_STYLE_COLOUR ( '', #3058 ) ;
#5277 = LINE ( 'NONE', #2919, #6158 ) ;
#5278 = MECHANICAL_DESIGN_GEOMETRIC_PRESENTATION_REPRESENTATION (  '', ( #757 ), #8389 ) ;
#5279 = VERTEX_POINT ( 'NONE', #184 ) ;
#5280 = CARTESIAN_POINT ( 'NONE',  ( 6.749999999999999112, 3.399999999999999467, -2.050000000000001599 ) ) ;
#5281 = MECHANICAL_DESIGN_GEOMETRIC_PRESENTATION_REPRESENTATION (  '', ( #1598 ), #8076 ) ;
#5282 =( NAMED_UNIT ( * ) PLANE_ANGLE_UNIT ( ) SI_UNIT ( $, .RADIAN. ) );
#5283 = DIRECTION ( 'NONE',  ( 0.0000000000000000000, 0.0000000000000000000, 1.000000000000000000 ) ) ;
#5284 = LINE ( 'NONE', #2775, #3390 ) ;
#5285 = DIRECTION ( 'NONE',  ( 0.7071067811865475727, -0.7071067811865475727, 1.662400053425836136E-32 ) ) ;
#5286 = COLOUR_RGB ( '',1.000000000000000000, 1.000000000000000000, 1.000000000000000000 ) ;
#5287 = EDGE_CURVE ( 'NONE', #3643, #1445, #8135, .T. ) ;
#5288 = VERTEX_POINT ( 'NONE', #5671 ) ;
#5289 = PRESENTATION_STYLE_ASSIGNMENT (( #6761 ) ) ;
#5290 = ORIENTED_EDGE ( 'NONE', *, *, #5287, .T. ) ;
#5291 = SURFACE_SIDE_STYLE ('',( #1137 ) ) ;
#5292 = COLOUR_RGB ( '',1.000000000000000000, 1.000000000000000000, 1.000000000000000000 ) ;
#5293 = CARTESIAN_POINT ( 'NONE',  ( 12.69999999999999929, 0.0000000000000000000, -2.800000000000000266 ) ) ;
#5294 = DIRECTION ( 'NONE',  ( -1.000000000000000000, 3.872150616019660190E-17, -0.0000000000000000000 ) ) ;
#5295 = VERTEX_POINT ( 'NONE', #1696 ) ;
#5296 = SURFACE_SIDE_STYLE ('',( #7817 ) ) ;
#5297 = CARTESIAN_POINT ( 'NONE',  ( -1.350000000000000089, 5.650000000000000355, -2.350000000000001421 ) ) ;
#5298 = CARTESIAN_POINT ( 'NONE',  ( -1.951000000000000956, 6.000000000000000000, 0.3199999999999986744 ) ) ;
#5299 =( NAMED_UNIT ( * ) SI_UNIT ( $, .STERADIAN. ) SOLID_ANGLE_UNIT ( ) );
#5300 = ORIENTED_EDGE ( 'NONE', *, *, #2270, .F. ) ;
#5301 = CARTESIAN_POINT ( 'NONE',  ( 9.750000000000000000, -3.399999999999999911, 0.2500000000000002220 ) ) ;
#5302 = UNCERTAINTY_MEASURE_WITH_UNIT (LENGTH_MEASURE( 1.000000000000000082E-05 ), #8255, 'distance_accuracy_value', 'NONE');
#5303 = ORIENTED_EDGE ( 'NONE', *, *, #7973, .T. ) ;
#5304 = DIRECTION ( 'NONE',  ( 9.103382349328301547E-49, 2.350988701644575016E-32, 1.000000000000000000 ) ) ;
#5305 = ADVANCED_FACE ( 'NONE', ( #1008 ), #5625, .T. ) ;
#5306 = SURFACE_STYLE_FILL_AREA ( #6070 ) ;
#5307 = VECTOR ( 'NONE', #4972, 1000.000000000000000 ) ;
#5308 = ORIENTED_EDGE ( 'NONE', *, *, #7834, .F. ) ;
#5309 = CARTESIAN_POINT ( 'NONE',  ( -1.350000000000000089, 1.149999999999999911, -1.050000000000005373 ) ) ;
#5310 = CARTESIAN_POINT ( 'NONE',  ( 7.249999999999999112, 3.399999999999999467, -2.350000000000001421 ) ) ;
#5311 = SURFACE_STYLE_FILL_AREA ( #2220 ) ;
#5312 = PLANE ( 'NONE',  #8332 ) ;
#5313 = ORIENTED_EDGE ( 'NONE', *, *, #9374, .T. ) ;
#5314 = SURFACE_SIDE_STYLE ('',( #8667 ) ) ;
#5315 = ORIENTED_EDGE ( 'NONE', *, *, #6689, .F. ) ;
#5316 = ORIENTED_EDGE ( 'NONE', *, *, #7850, .F. ) ;
#5317 = FILL_AREA_STYLE_COLOUR ( '', #4979 ) ;
#5318 = CARTESIAN_POINT ( 'NONE',  ( 0.7500000000000006661, 1.149999999999999911, -2.050000000000001599 ) ) ;
#5319 = ORIENTED_EDGE ( 'NONE', *, *, #9987, .F. ) ;
#5320 = VECTOR ( 'NONE', #4050, 1000.000000000000000 ) ;
#5321 = STYLED_ITEM ( 'NONE', ( #8102 ), #3853 ) ;
#5322 = VERTEX_POINT ( 'NONE', #2535 ) ;
#5323 = SURFACE_SIDE_STYLE ('',( #9255 ) ) ;
#5324 = CARTESIAN_POINT ( 'NONE',  ( 0.2499999999999997780, 1.800000000000000044, 0.2500000000000002220 ) ) ;
#5325 = AXIS2_PLACEMENT_3D ( 'NONE', #8709, #8750, #4100 ) ;
#5326 = FACE_OUTER_BOUND ( 'NONE', #2481, .T. ) ;
#5327 = COLOUR_RGB ( '',1.000000000000000000, 0.8117647058823529438, 0.5019607843137254832 ) ;
#5328 = CARTESIAN_POINT ( 'NONE',  ( 12.25000000000000000, -3.399999999999999911, 0.2500000000000002220 ) ) ;
#5329 = CARTESIAN_POINT ( 'NONE',  ( -0.2500000000000013323, 1.800000000000000044, -2.800000000000001155 ) ) ;
#5330 = ORIENTED_EDGE ( 'NONE', *, *, #2905, .F. ) ;
#5331 = ORIENTED_EDGE ( 'NONE', *, *, #9438, .F. ) ;
#5332 = FILL_AREA_STYLE_COLOUR ( '', #9645 ) ;
#5333 = SURFACE_SIDE_STYLE ('',( #8355 ) ) ;
#5334 = EDGE_CURVE ( 'NONE', #599, #9963, #7240, .T. ) ;
#5335 = ADVANCED_FACE ( 'NONE', ( #6492 ), #5721, .F. ) ;
#5336 = STYLED_ITEM ( 'NONE', ( #1035 ), #5541 ) ;
#5337 = PRESENTATION_STYLE_ASSIGNMENT (( #4749 ) ) ;
#5338 = COLOUR_RGB ( '',1.000000000000000000, 1.000000000000000000, 1.000000000000000000 ) ;
#5339 =( NAMED_UNIT ( * ) PLANE_ANGLE_UNIT ( ) SI_UNIT ( $, .RADIAN. ) );
#5340 = PRESENTATION_STYLE_ASSIGNMENT (( #6963 ) ) ;
#5341 = PRESENTATION_STYLE_ASSIGNMENT (( #4974 ) ) ;
#5342 = DIRECTION ( 'NONE',  ( -1.000000000000000000, 3.872150616019660190E-17, 0.0000000000000000000 ) ) ;
#5343 = ORIENTED_EDGE ( 'NONE', *, *, #1934, .T. ) ;
#5344 = PLANE ( 'NONE',  #4041 ) ;
#5345 = FACE_OUTER_BOUND ( 'NONE', #8499, .T. ) ;
#5346 =( GEOMETRIC_REPRESENTATION_CONTEXT ( 3 ) GLOBAL_UNCERTAINTY_ASSIGNED_CONTEXT ( ( #83 ) ) GLOBAL_UNIT_ASSIGNED_CONTEXT ( ( #5972, #9181, #9133 ) ) REPRESENTATION_CONTEXT ( 'NONE', 'WORKASPACE' ) );
#5347 = VECTOR ( 'NONE', #9600, 1000.000000000000000 ) ;
#5348 =( NAMED_UNIT ( * ) PLANE_ANGLE_UNIT ( ) SI_UNIT ( $, .RADIAN. ) );
#5349 = UNCERTAINTY_MEASURE_WITH_UNIT (LENGTH_MEASURE( 1.000000000000000082E-05 ), #7692, 'distance_accuracy_value', 'NONE');
#5350 =( GEOMETRIC_REPRESENTATION_CONTEXT ( 3 ) GLOBAL_UNCERTAINTY_ASSIGNED_CONTEXT ( ( #2440 ) ) GLOBAL_UNIT_ASSIGNED_CONTEXT ( ( #8762, #4112, #5487 ) ) REPRESENTATION_CONTEXT ( 'NONE', 'WORKASPACE' ) );
#5351 = ADVANCED_FACE ( 'NONE', ( #3478 ), #9835, .F. ) ;
#5352 =( NAMED_UNIT ( * ) PLANE_ANGLE_UNIT ( ) SI_UNIT ( $, .RADIAN. ) );
#5353 = ORIENTED_EDGE ( 'NONE', *, *, #2242, .F. ) ;
#5354 = PRESENTATION_LAYER_ASSIGNMENT (  '', '', ( #331 ) ) ;
#5355 = VECTOR ( 'NONE', #3602, 1000.000000000000000 ) ;
#5356 = ORIENTED_EDGE ( 'NONE', *, *, #3318, .F. ) ;
#5357 = LINE ( 'NONE', #631, #8267 ) ;
#5358 = PLANE ( 'NONE',  #406 ) ;
#5359 = ORIENTED_EDGE ( 'NONE', *, *, #7068, .F. ) ;
#5360 = VECTOR ( 'NONE', #8672, 999.9999999999998863 ) ;
#5361 =( GEOMETRIC_REPRESENTATION_CONTEXT ( 3 ) GLOBAL_UNCERTAINTY_ASSIGNED_CONTEXT ( ( #4799 ) ) GLOBAL_UNIT_ASSIGNED_CONTEXT ( ( #3971, #4690, #5386 ) ) REPRESENTATION_CONTEXT ( 'NONE', 'WORKASPACE' ) );
#5362 = CARTESIAN_POINT ( 'NONE',  ( -0.2500000000000004441, -3.399999999999999911, -0.2499999999999997780 ) ) ;
#5363 = FACE_OUTER_BOUND ( 'NONE', #8739, .T. ) ;
#5364 = EDGE_CURVE ( 'NONE', #286, #2627, #7395, .T. ) ;
#5365 = LINE ( 'NONE', #590, #2421 ) ;
#5366 = ORIENTED_EDGE ( 'NONE', *, *, #2664, .T. ) ;
#5367 = FILL_AREA_STYLE ('',( #2217 ) ) ;
#5368 = DIRECTION ( 'NONE',  ( -0.0000000000000000000, 1.000000000000000000, -0.0000000000000000000 ) ) ;
#5369 = MECHANICAL_DESIGN_GEOMETRIC_PRESENTATION_REPRESENTATION (  '', ( #348 ), #8980 ) ;
#5370 = UNCERTAINTY_MEASURE_WITH_UNIT (LENGTH_MEASURE( 1.000000000000000082E-05 ), #7673, 'distance_accuracy_value', 'NONE');
#5371 = EDGE_LOOP ( 'NONE', ( #547, #9318, #7424, #475 ) ) ;
#5372 = VERTEX_POINT ( 'NONE', #7599 ) ;
#5373 = CARTESIAN_POINT ( 'NONE',  ( 13.95000000000000107, 6.000000000000000000, 1.699999999999999289 ) ) ;
#5374 = VERTEX_POINT ( 'NONE', #1263 ) ;
#5375 =( GEOMETRIC_REPRESENTATION_CONTEXT ( 3 ) GLOBAL_UNCERTAINTY_ASSIGNED_CONTEXT ( ( #6118 ) ) GLOBAL_UNIT_ASSIGNED_CONTEXT ( ( #3728, #6863, #9272 ) ) REPRESENTATION_CONTEXT ( 'NONE', 'WORKASPACE' ) );
#5376 = CARTESIAN_POINT ( 'NONE',  ( 2.250000000000000000, -3.399999999999999911, -0.2499999999999997780 ) ) ;
#5377 = DIRECTION ( 'NONE',  ( -0.0000000000000000000, 1.000000000000000000, -0.0000000000000000000 ) ) ;
#5378 = ORIENTED_EDGE ( 'NONE', *, *, #3306, .T. ) ;
#5379 =( NAMED_UNIT ( * ) PLANE_ANGLE_UNIT ( ) SI_UNIT ( $, .RADIAN. ) );
#5380 = DIRECTION ( 'NONE',  ( 0.5773502691896288397, 0.5773502691896263972, -0.5773502691896219563 ) ) ;
#5381 = DIRECTION ( 'NONE',  ( -0.0000000000000000000, -0.0000000000000000000, 1.000000000000000000 ) ) ;
#5382 = DIRECTION ( 'NONE',  ( -4.336808689942017736E-16, 0.0000000000000000000, -1.000000000000000000 ) ) ;
#5383 = LINE ( 'NONE', #5329, #3996 ) ;
#5384 = ORIENTED_EDGE ( 'NONE', *, *, #6022, .F. ) ;
#5385 = ORIENTED_EDGE ( 'NONE', *, *, #655, .F. ) ;
#5386 =( NAMED_UNIT ( * ) SI_UNIT ( $, .STERADIAN. ) SOLID_ANGLE_UNIT ( ) );
#5387 =( NAMED_UNIT ( * ) PLANE_ANGLE_UNIT ( ) SI_UNIT ( $, .RADIAN. ) );
#5388 = STYLED_ITEM ( 'NONE', ( #10028 ), #7964 ) ;
#5389 =( NAMED_UNIT ( * ) PLANE_ANGLE_UNIT ( ) SI_UNIT ( $, .RADIAN. ) );
#5390 = PRESENTATION_LAYER_ASSIGNMENT (  '', '', ( #9821 ) ) ;
#5391 = LINE ( 'NONE', #3290, #4189 ) ;
#5392 = UNCERTAINTY_MEASURE_WITH_UNIT (LENGTH_MEASURE( 1.000000000000000082E-05 ), #9359, 'distance_accuracy_value', 'NONE');
#5393 = CARTESIAN_POINT ( 'NONE',  ( 4.750000000000000888, 3.149999999999995470, -2.050000000000001599 ) ) ;
#5394 = DIRECTION ( 'NONE',  ( -5.421010862427522170E-17, -1.000000000000000000, 2.350988701644575016E-32 ) ) ;
#5395 = EDGE_CURVE ( 'NONE', #1275, #1262, #6587, .T. ) ;
#5397 = ORIENTED_EDGE ( 'NONE', *, *, #634, .T. ) ;
#5396 = ORIENTED_EDGE ( 'NONE', *, *, #3922, .F. ) ;
#5398 = PRESENTATION_LAYER_ASSIGNMENT (  '', '', ( #9826 ) ) ;
#5399 = FILL_AREA_STYLE ('',( #9481 ) ) ;
#5400 = ORIENTED_EDGE ( 'NONE', *, *, #8220, .F. ) ;
#5401 = ORIENTED_EDGE ( 'NONE', *, *, #2569, .F. ) ;
#5402 = PRODUCT_DEFINITION_FORMATION_WITH_SPECIFIED_SOURCE ( 'ANY', '', #8343, .NOT_KNOWN. ) ;
#5403 = CARTESIAN_POINT ( 'NONE',  ( 7.916666666666665186, 5.166666666666663410, -0.08333333333333542425 ) ) ;
#5404 = EDGE_CURVE ( 'NONE', #8850, #486, #1155, .T. ) ;
#5405 = EDGE_CURVE ( 'NONE', #2601, #8384, #2693, .T. ) ;
#5406 = ORIENTED_EDGE ( 'NONE', *, *, #936, .F. ) ;
#5407 = FILL_AREA_STYLE ('',( #1532 ) ) ;
#5408 = DIRECTION ( 'NONE',  ( -4.336808689942017736E-16, 0.0000000000000000000, -1.000000000000000000 ) ) ;
#5409 = DIRECTION ( 'NONE',  ( 1.000000000000000000, 0.0000000000000000000, 0.0000000000000000000 ) ) ;
#5410 = CARTESIAN_POINT ( 'NONE',  ( 7.749999999999998224, 0.2000000000000000111, -2.800000000000000266 ) ) ;
#5411 = FILL_AREA_STYLE_COLOUR ( '', #1887 ) ;
#5412 = ORIENTED_EDGE ( 'NONE', *, *, #5404, .F. ) ;
#5413 = MECHANICAL_DESIGN_GEOMETRIC_PRESENTATION_REPRESENTATION (  '', ( #378 ), #1566 ) ;
#5414 = ORIENTED_EDGE ( 'NONE', *, *, #7560, .T. ) ;
#5415 = LINE ( 'NONE', #4449, #8119 ) ;
#5416 = VECTOR ( 'NONE', #2125, 1000.000000000000000 ) ;
#5417 =( NAMED_UNIT ( * ) PLANE_ANGLE_UNIT ( ) SI_UNIT ( $, .RADIAN. ) );
#5418 = EDGE_CURVE ( 'NONE', #9377, #7655, #5197, .T. ) ;
#5419 = VERTEX_POINT ( 'NONE', #1057 ) ;
#5420 = DIRECTION ( 'NONE',  ( -0.0000000000000000000, -0.0000000000000000000, 1.000000000000000000 ) ) ;
#5421 = DIRECTION ( 'NONE',  ( -3.872150616019660190E-17, -1.000000000000000000, 0.0000000000000000000 ) ) ;
#5422 = DIRECTION ( 'NONE',  ( -1.927470528863119542E-16, 1.000000000000000000, 0.0000000000000000000 ) ) ;
#5423 = ORIENTED_EDGE ( 'NONE', *, *, #1289, .T. ) ;
#5424 = DIRECTION ( 'NONE',  ( 1.000000000000000000, -3.872150616019660190E-17, -4.336808689942017736E-16 ) ) ;
#5425 = VECTOR ( 'NONE', #2330, 1000.000000000000000 ) ;
#5426 = ORIENTED_EDGE ( 'NONE', *, *, #8938, .F. ) ;
#5427 = UNCERTAINTY_MEASURE_WITH_UNIT (LENGTH_MEASURE( 1.000000000000000082E-05 ), #5941, 'distance_accuracy_value', 'NONE');
#5428 = CARTESIAN_POINT ( 'NONE',  ( 11.74999999999999822, 1.800000000000000044, -2.800000000000006484 ) ) ;
#5429 = STYLED_ITEM ( 'NONE', ( #3077 ), #1572 ) ;
#5430 = MECHANICAL_DESIGN_GEOMETRIC_PRESENTATION_REPRESENTATION (  '', ( #9864 ), #405 ) ;
#5431 = DIRECTION ( 'NONE',  ( 1.000000000000000000, 0.0000000000000000000, 0.0000000000000000000 ) ) ;
#5432 = VERTEX_POINT ( 'NONE', #8322 ) ;
#5433 = SURFACE_STYLE_USAGE ( .BOTH. , #1343 ) ;
#5434 = CARTESIAN_POINT ( 'NONE',  ( 2.699999999999999734, 0.1999999999999999833, -2.800000000000000266 ) ) ;
#5435 = SURFACE_SIDE_STYLE ('',( #2773 ) ) ;
#5436 = UNCERTAINTY_MEASURE_WITH_UNIT (LENGTH_MEASURE( 1.000000000000000082E-05 ), #3898, 'distance_accuracy_value', 'NONE');
#5437 = MECHANICAL_DESIGN_GEOMETRIC_PRESENTATION_REPRESENTATION (  '', ( #8901 ), #2085 ) ;
#5438 = AXIS2_PLACEMENT_3D ( 'NONE', #1016, #3348, #9701 ) ;
#5439 = PLANE ( 'NONE',  #2102 ) ;
#5440 = ORIENTED_EDGE ( 'NONE', *, *, #3417, .T. ) ;
#5441 = EDGE_CURVE ( 'NONE', #9586, #8354, #7438, .T. ) ;
#5442 = PLANE ( 'NONE',  #9644 ) ;
#5443 = ORIENTED_EDGE ( 'NONE', *, *, #2271, .T. ) ;
#5444 = DIRECTION ( 'NONE',  ( -1.084202172485504237E-15, -1.000000000000000000, 0.0000000000000000000 ) ) ;
#5445 = SURFACE_STYLE_USAGE ( .BOTH. , #9161 ) ;
#5446 = LINE ( 'NONE', #3367, #2849 ) ;
#5447 = UNCERTAINTY_MEASURE_WITH_UNIT (LENGTH_MEASURE( 1.000000000000000082E-05 ), #4003, 'distance_accuracy_value', 'NONE');
#5448 = VERTEX_POINT ( 'NONE', #730 ) ;
#5449 = MECHANICAL_DESIGN_GEOMETRIC_PRESENTATION_REPRESENTATION (  '', ( #2613 ), #268 ) ;
#5450 = EDGE_CURVE ( 'NONE', #1712, #9695, #3983, .T. ) ;
#5451 =( NAMED_UNIT ( * ) PLANE_ANGLE_UNIT ( ) SI_UNIT ( $, .RADIAN. ) );
#5452 = ORIENTED_EDGE ( 'NONE', *, *, #1811, .F. ) ;
#5453 =( GEOMETRIC_REPRESENTATION_CONTEXT ( 3 ) GLOBAL_UNCERTAINTY_ASSIGNED_CONTEXT ( ( #9368 ) ) GLOBAL_UNIT_ASSIGNED_CONTEXT ( ( #2701, #5978, #9086 ) ) REPRESENTATION_CONTEXT ( 'NONE', 'WORKASPACE' ) );
#5454 = ORIENTED_EDGE ( 'NONE', *, *, #7119, .F. ) ;
#5455 = LINE ( 'NONE', #2370, #7393 ) ;
#5456 = CARTESIAN_POINT ( 'NONE',  ( 1.299999999999999600, 0.2000000000000000389, 1.700000000000000178 ) ) ;
#5457 = PRESENTATION_LAYER_ASSIGNMENT (  '', '', ( #9894 ) ) ;
#5458 = APPLICATION_PROTOCOL_DEFINITION ( 'draft international standard', 'automotive_design', 1998, #9531 ) ;
#5459 = VERTEX_POINT ( 'NONE', #785 ) ;
#5460 = STYLED_ITEM ( 'NONE', ( #5889 ), #731 ) ;
#5461 = COLOUR_RGB ( '',1.000000000000000000, 1.000000000000000000, 1.000000000000000000 ) ;
#5462 = FILL_AREA_STYLE_COLOUR ( '', #1747 ) ;
#5463 = EDGE_CURVE ( 'NONE', #2685, #7133, #3929, .T. ) ;
#5464 = ADVANCED_FACE ( 'NONE', ( #10248 ), #4030, .T. ) ;
#5465 = VECTOR ( 'NONE', #2902, 1000.000000000000114 ) ;
#5466 = DIRECTION ( 'NONE',  ( 0.0000000000000000000, 1.000000000000000000, 0.0000000000000000000 ) ) ;
#5467 = ORIENTED_EDGE ( 'NONE', *, *, #9388, .T. ) ;
#5468 = PLANE ( 'NONE',  #7292 ) ;
#5469 = CARTESIAN_POINT ( 'NONE',  ( -0.7000000000000002887, 0.2000000000000000389, -2.800000000000000266 ) ) ;
#5470 = SURFACE_SIDE_STYLE ('',( #7036 ) ) ;
#5471 = CARTESIAN_POINT ( 'NONE',  ( 0.7500000000000002220, 3.149999999999995914, -2.050000000000001599 ) ) ;
#5472 =( LENGTH_UNIT ( ) NAMED_UNIT ( * ) SI_UNIT ( .MILLI., .METRE. ) );
#5473 = PLANE ( 'NONE',  #9585 ) ;
#5474 = ORIENTED_EDGE ( 'NONE', *, *, #7972, .F. ) ;
#5475 = CARTESIAN_POINT ( 'NONE',  ( 5.250000000000000888, 3.399999999999999467, -2.050000000000001599 ) ) ;
#5476 = EDGE_LOOP ( 'NONE', ( #2193, #4790, #5984, #3874 ) ) ;
#5477 = ADVANCED_FACE ( 'NONE', ( #531 ), #6829, .T. ) ;
#5478 = AXIS2_PLACEMENT_3D ( 'NONE', #8014, #7274, #4082 ) ;
#5479 = DIRECTION ( 'NONE',  ( 1.000000000000000000, 1.095153709581317921E-16, 0.0000000000000000000 ) ) ;
#5480 = FACE_OUTER_BOUND ( 'NONE', #7231, .T. ) ;
#5481 = CARTESIAN_POINT ( 'NONE',  ( 12.25000000000000000, -3.399999999999999911, 0.2500000000000002220 ) ) ;
#5482 = SURFACE_STYLE_USAGE ( .BOTH. , #1601 ) ;
#5483 = LINE ( 'NONE', #3857, #1890 ) ;
#5484 = EDGE_LOOP ( 'NONE', ( #6616, #4057, #8755, #4406 ) ) ;
#5485 = FILL_AREA_STYLE ('',( #6943 ) ) ;
#5486 = DIRECTION ( 'NONE',  ( -4.336808689942017736E-16, 0.0000000000000000000, -1.000000000000000000 ) ) ;
#5487 =( NAMED_UNIT ( * ) SI_UNIT ( $, .STERADIAN. ) SOLID_ANGLE_UNIT ( ) );
#5488 = CARTESIAN_POINT ( 'NONE',  ( 13.95100000000000229, 6.000000000000000000, -0.6800000000000000488 ) ) ;
#5489 = ORIENTED_EDGE ( 'NONE', *, *, #1897, .F. ) ;
#5490 = STYLED_ITEM ( 'NONE', ( #3590 ), #5133 ) ;
#5491 = VECTOR ( 'NONE', #6456, 1000.000000000000000 ) ;
#5492 = EDGE_CURVE ( 'NONE', #9699, #9284, #9999, .T. ) ;
#5493 =( LENGTH_UNIT ( ) NAMED_UNIT ( * ) SI_UNIT ( .MILLI., .METRE. ) );
#5494 =( GEOMETRIC_REPRESENTATION_CONTEXT ( 3 ) GLOBAL_UNCERTAINTY_ASSIGNED_CONTEXT ( ( #3028 ) ) GLOBAL_UNIT_ASSIGNED_CONTEXT ( ( #4626, #7770, #2117 ) ) REPRESENTATION_CONTEXT ( 'NONE', 'WORKASPACE' ) );
#5495 = AXIS2_PLACEMENT_3D ( 'NONE', #1116, #5936, #7457 ) ;
#5496 = DIRECTION ( 'NONE',  ( -9.103382349328301547E-49, -2.350988701644575016E-32, -1.000000000000000000 ) ) ;
#5497 = CARTESIAN_POINT ( 'NONE',  ( 0.05000000000000012768, 5.100000000000001421, 0.1499999999999973577 ) ) ;
#5498 = DIRECTION ( 'NONE',  ( -9.103382349328301547E-49, -2.350988701644575016E-32, -1.000000000000000000 ) ) ;
#5499 =( LENGTH_UNIT ( ) NAMED_UNIT ( * ) SI_UNIT ( .MILLI., .METRE. ) );
#5500 =( LENGTH_UNIT ( ) NAMED_UNIT ( * ) SI_UNIT ( .MILLI., .METRE. ) );
#5501 = CARTESIAN_POINT ( 'NONE',  ( -1.949999999999999956, 1.800000000000000044, -0.2499999999999997780 ) ) ;
#5502 = ORIENTED_EDGE ( 'NONE', *, *, #8079, .F. ) ;
#5503 = AXIS2_PLACEMENT_3D ( 'NONE', #9976, #6754, #7630 ) ;
#5504 = MECHANICAL_DESIGN_GEOMETRIC_PRESENTATION_REPRESENTATION (  '', ( #6290 ), #5794 ) ;
#5505 = EDGE_CURVE ( 'NONE', #2084, #5825, #2894, .T. ) ;
#5506 = COLOUR_RGB ( '',1.000000000000000000, 1.000000000000000000, 1.000000000000000000 ) ;
#5507 = DIRECTION ( 'NONE',  ( -1.000000000000000000, 3.872150616019660190E-17, -0.0000000000000000000 ) ) ;
#5508 = VERTEX_POINT ( 'NONE', #4500 ) ;
#5509 = CARTESIAN_POINT ( 'NONE',  ( 10.05000000000000071, -3.399999999999999911, -0.1499999999999986622 ) ) ;
#5510 = VECTOR ( 'NONE', #189, 1000.000000000000000 ) ;
#5511 = VECTOR ( 'NONE', #4894, 1000.000000000000114 ) ;
#5512 = PLANE ( 'NONE',  #763 ) ;
#5513 =( NAMED_UNIT ( * ) PLANE_ANGLE_UNIT ( ) SI_UNIT ( $, .RADIAN. ) );
#5514 = FILL_AREA_STYLE_COLOUR ( '', #9174 ) ;
#5515 = ORIENTED_EDGE ( 'NONE', *, *, #4410, .T. ) ;
#5516 = ORIENTED_EDGE ( 'NONE', *, *, #8657, .T. ) ;
#5517 = MECHANICAL_DESIGN_GEOMETRIC_PRESENTATION_REPRESENTATION (  '', ( #1317 ), #991 ) ;
#5518 = FILL_AREA_STYLE ('',( #177 ) ) ;
#5519 = DIRECTION ( 'NONE',  ( 1.000000000000000000, 0.0000000000000000000, 0.0000000000000000000 ) ) ;
#5520 = PRODUCT_DEFINITION_CONTEXT ( 'detailed design', #9531, 'design' ) ;
#5521 = VERTEX_POINT ( 'NONE', #10057 ) ;
#5522 = LINE ( 'NONE', #10164, #3501 ) ;
#5523 = LINE ( 'NONE', #8660, #10223 ) ;
#5524 = FILL_AREA_STYLE ('',( #9497 ) ) ;
#5525 = MECHANICAL_DESIGN_GEOMETRIC_PRESENTATION_REPRESENTATION (  '', ( #331 ), #7456 ) ;
#5526 = CARTESIAN_POINT ( 'NONE',  ( 1.299999999999999600, 0.0000000000000000000, 1.700000000000000178 ) ) ;
#5527 = UNCERTAINTY_MEASURE_WITH_UNIT (LENGTH_MEASURE( 1.000000000000000082E-05 ), #7168, 'distance_accuracy_value', 'NONE');
#5528 = EDGE_CURVE ( 'NONE', #8369, #712, #2159, .T. ) ;
#5529 = CARTESIAN_POINT ( 'NONE',  ( 12.21999999999999886, 6.000000000000000000, 1.599999999999999867 ) ) ;
#5530 = ORIENTED_EDGE ( 'NONE', *, *, #4763, .T. ) ;
#5531 = ORIENTED_EDGE ( 'NONE', *, *, #5287, .F. ) ;
#5532 = UNCERTAINTY_MEASURE_WITH_UNIT (LENGTH_MEASURE( 1.000000000000000082E-05 ), #4900, 'distance_accuracy_value', 'NONE');
#5533 = FILL_AREA_STYLE ('',( #7983 ) ) ;
#5534 = DIRECTION ( 'NONE',  ( 1.000000000000000000, -5.421010862427522170E-17, 0.0000000000000000000 ) ) ;
#5535 = CARTESIAN_POINT ( 'NONE',  ( 7.750000000000000000, 4.999999999999997335, 0.2500000000000002220 ) ) ;
#5536 =( LENGTH_UNIT ( ) NAMED_UNIT ( * ) SI_UNIT ( .MILLI., .METRE. ) );
#5537 = ORIENTED_EDGE ( 'NONE', *, *, #5552, .F. ) ;
#5538 =( NAMED_UNIT ( * ) SI_UNIT ( $, .STERADIAN. ) SOLID_ANGLE_UNIT ( ) );
#5539 = EDGE_CURVE ( 'NONE', #21, #8031, #5896, .T. ) ;
#5540 = EDGE_LOOP ( 'NONE', ( #5919, #3394, #10075, #1782 ) ) ;
#5541 = ADVANCED_FACE ( 'NONE', ( #9815 ), #8886, .T. ) ;
#5542 = PLANE ( 'NONE',  #8898 ) ;
#5543 = COLOUR_RGB ( '',1.000000000000000000, 1.000000000000000000, 1.000000000000000000 ) ;
#5544 = VECTOR ( 'NONE', #6913, 1000.000000000000000 ) ;
#5545 = CARTESIAN_POINT ( 'NONE',  ( 0.05000000000000012768, 5.100000000000001421, -0.1499999999999969136 ) ) ;
#5546 = UNCERTAINTY_MEASURE_WITH_UNIT (LENGTH_MEASURE( 1.000000000000000082E-05 ), #2039, 'distance_accuracy_value', 'NONE');
#5547 =( NAMED_UNIT ( * ) SI_UNIT ( $, .STERADIAN. ) SOLID_ANGLE_UNIT ( ) );
#5548 = ORIENTED_EDGE ( 'NONE', *, *, #7649, .F. ) ;
#5549 =( GEOMETRIC_REPRESENTATION_CONTEXT ( 3 ) GLOBAL_UNCERTAINTY_ASSIGNED_CONTEXT ( ( #6378 ) ) GLOBAL_UNIT_ASSIGNED_CONTEXT ( ( #142, #9510, #4009 ) ) REPRESENTATION_CONTEXT ( 'NONE', 'WORKASPACE' ) );
#5550 = SURFACE_STYLE_USAGE ( .BOTH. , #8055 ) ;
#5551 = ORIENTED_EDGE ( 'NONE', *, *, #1278, .T. ) ;
#5552 = EDGE_CURVE ( 'NONE', #1791, #8093, #8203, .T. ) ;
#5553 = PRESENTATION_STYLE_ASSIGNMENT (( #832 ) ) ;
#5554 = DIRECTION ( 'NONE',  ( 1.000000000000000000, -3.872150616019660190E-17, -4.336808689942017736E-16 ) ) ;
#5555 = EDGE_LOOP ( 'NONE', ( #2929, #4708, #3122, #1629 ) ) ;
#5556 = FILL_AREA_STYLE_COLOUR ( '', #2368 ) ;
#5557 = VECTOR ( 'NONE', #782, 1000.000000000000114 ) ;
#5558 = PLANE ( 'NONE',  #3612 ) ;
#5559 = LINE ( 'NONE', #741, #454 ) ;
#5560 = LINE ( 'NONE', #7124, #9673 ) ;
#5561 = FILL_AREA_STYLE_COLOUR ( '', #6744 ) ;
#5562 = VECTOR ( 'NONE', #10167, 1000.000000000000000 ) ;
#5563 = CARTESIAN_POINT ( 'NONE',  ( 0.0000000000000000000, -3.541421356237309581, -0.05000000000000012768 ) ) ;
#5564 =( NAMED_UNIT ( * ) SI_UNIT ( $, .STERADIAN. ) SOLID_ANGLE_UNIT ( ) );
#5565 = STYLED_ITEM ( 'NONE', ( #7571 ), #6764 ) ;
#5566 = LINE ( 'NONE', #3276, #7127 ) ;
#5567 =( LENGTH_UNIT ( ) NAMED_UNIT ( * ) SI_UNIT ( .MILLI., .METRE. ) );
#5568 = UNCERTAINTY_MEASURE_WITH_UNIT (LENGTH_MEASURE( 1.000000000000000082E-05 ), #8601, 'distance_accuracy_value', 'NONE');
#5569 = VECTOR ( 'NONE', #8225, 1000.000000000000000 ) ;
#5570 = DIRECTION ( 'NONE',  ( 0.0000000000000000000, 1.000000000000000000, 0.0000000000000000000 ) ) ;
#5571 = PRESENTATION_STYLE_ASSIGNMENT (( #37 ) ) ;
#5572 = VERTEX_POINT ( 'NONE', #9770 ) ;
#5573 = FILL_AREA_STYLE_COLOUR ( '', #3480 ) ;
#5574 = DIRECTION ( 'NONE',  ( 3.872150616019660190E-17, 1.000000000000000000, 0.0000000000000000000 ) ) ;
#5575 =( GEOMETRIC_REPRESENTATION_CONTEXT ( 3 ) GLOBAL_UNCERTAINTY_ASSIGNED_CONTEXT ( ( #7046 ) ) GLOBAL_UNIT_ASSIGNED_CONTEXT ( ( #2816, #9095, #8153 ) ) REPRESENTATION_CONTEXT ( 'NONE', 'WORKASPACE' ) );
#5576 = SURFACE_STYLE_FILL_AREA ( #2448 ) ;
#5577 = ADVANCED_FACE ( 'NONE', ( #8941 ), #7414, .F. ) ;
#5578 = SURFACE_STYLE_FILL_AREA ( #7686 ) ;
#5579 = ORIENTED_EDGE ( 'NONE', *, *, #6977, .F. ) ;
#5580 = PRESENTATION_STYLE_ASSIGNMENT (( #2397 ) ) ;
#5581 = DIRECTION ( 'NONE',  ( 0.5773502691896259531, 0.5773502691896259531, 0.5773502691896255090 ) ) ;
#5582 = CARTESIAN_POINT ( 'NONE',  ( 1.299999999999999600, 0.2000000000000000389, -2.800000000000000266 ) ) ;
#5583 = VERTEX_POINT ( 'NONE', #9675 ) ;
#5584 = CARTESIAN_POINT ( 'NONE',  ( 1.250000000000000666, 3.399999999999999467, -2.050000000000001599 ) ) ;
#5585 = VECTOR ( 'NONE', #8720, 1000.000000000000000 ) ;
#5586 = CARTESIAN_POINT ( 'NONE',  ( 0.0000000000000000000, 0.0000000000000000000, 0.0000000000000000000 ) ) ;
#5587 = CARTESIAN_POINT ( 'NONE',  ( 1.150000000000000799, 5.650000000000001243, 1.249999999999997558 ) ) ;
#5588 =( GEOMETRIC_REPRESENTATION_CONTEXT ( 3 ) GLOBAL_UNCERTAINTY_ASSIGNED_CONTEXT ( ( #854 ) ) GLOBAL_UNIT_ASSIGNED_CONTEXT ( ( #5257, #5417, #7759 ) ) REPRESENTATION_CONTEXT ( 'NONE', 'WORKASPACE' ) );
#5589 = DIRECTION ( 'NONE',  ( 3.872150616019660190E-17, 1.000000000000000000, -0.0000000000000000000 ) ) ;
#5590 =( GEOMETRIC_REPRESENTATION_CONTEXT ( 3 ) GLOBAL_UNCERTAINTY_ASSIGNED_CONTEXT ( ( #7356 ) ) GLOBAL_UNIT_ASSIGNED_CONTEXT ( ( #9718, #309, #1821 ) ) REPRESENTATION_CONTEXT ( 'NONE', 'WORKASPACE' ) );
#5591 = LINE ( 'NONE', #9522, #3158 ) ;
#5592 = EDGE_CURVE ( 'NONE', #9985, #5372, #9634, .T. ) ;
#5593 = COLOUR_RGB ( '',1.000000000000000000, 1.000000000000000000, 1.000000000000000000 ) ;
#5594 = EDGE_CURVE ( 'NONE', #9491, #5374, #1725, .T. ) ;
#5595 = AXIS2_PLACEMENT_3D ( 'NONE', #9782, #6620, #5134 ) ;
#5596 = FILL_AREA_STYLE ('',( #673 ) ) ;
#5597 = ORIENTED_EDGE ( 'NONE', *, *, #2521, .T. ) ;
#5598 = SURFACE_STYLE_USAGE ( .BOTH. , #6408 ) ;
#5599 = LINE ( 'NONE', #2358, #7868 ) ;
#5600 = CARTESIAN_POINT ( 'NONE',  ( 5.750000000000000000, -3.399999999999999911, 0.2500000000000002220 ) ) ;
#5601 = CARTESIAN_POINT ( 'NONE',  ( 11.25000000000000000, 3.399999999999999467, -2.350000000000001865 ) ) ;
#5602 = PRESENTATION_STYLE_ASSIGNMENT (( #8059 ) ) ;
#5603 = FILL_AREA_STYLE ('',( #3210 ) ) ;
#5604 = VECTOR ( 'NONE', #4, 1000.000000000000000 ) ;
#5605 = EDGE_CURVE ( 'NONE', #9180, #2601, #7265, .T. ) ;
#5606 = PRESENTATION_LAYER_ASSIGNMENT (  '', '', ( #9226 ) ) ;
#5607 = AXIS2_PLACEMENT_3D ( 'NONE', #7081, #3159, #6317 ) ;
#5608 = STYLED_ITEM ( 'NONE', ( #4631 ), #8276 ) ;
#5609 = CARTESIAN_POINT ( 'NONE',  ( -0.1499999999999971356, 5.100000000000001421, -0.1499999999999969136 ) ) ;
#5610 = ORIENTED_EDGE ( 'NONE', *, *, #7489, .T. ) ;
#5611 = DIRECTION ( 'NONE',  ( -0.0000000000000000000, -0.0000000000000000000, -1.000000000000000000 ) ) ;
#5612 = AXIS2_PLACEMENT_3D ( 'NONE', #7107, #7990, #657 ) ;
#5613 =( GEOMETRIC_REPRESENTATION_CONTEXT ( 3 ) GLOBAL_UNCERTAINTY_ASSIGNED_CONTEXT ( ( #1860 ) ) GLOBAL_UNIT_ASSIGNED_CONTEXT ( ( #4274, #3333, #850 ) ) REPRESENTATION_CONTEXT ( 'NONE', 'WORKASPACE' ) );
#5614 = LINE ( 'NONE', #7174, #1812 ) ;
#5615 = PRESENTATION_STYLE_ASSIGNMENT (( #2434 ) ) ;
#5616 = PRESENTATION_LAYER_ASSIGNMENT (  '', '', ( #5115 ) ) ;
#5617 = AXIS2_PLACEMENT_3D ( 'NONE', #7313, #5691, #7364 ) ;
#5618 = VERTEX_POINT ( 'NONE', #6800 ) ;
#5619 = DIRECTION ( 'NONE',  ( 9.103382349328301547E-49, 2.350988701644575016E-32, 1.000000000000000000 ) ) ;
#5620 =( NAMED_UNIT ( * ) SI_UNIT ( $, .STERADIAN. ) SOLID_ANGLE_UNIT ( ) );
#5621 = UNCERTAINTY_MEASURE_WITH_UNIT (LENGTH_MEASURE( 1.000000000000000082E-05 ), #1925, 'distance_accuracy_value', 'NONE');
#5622 = CARTESIAN_POINT ( 'NONE',  ( 3.299999999999999378, 0.2000000000000000389, -2.800000000000000266 ) ) ;
#5623 = VERTEX_POINT ( 'NONE', #2873 ) ;
#5624 = EDGE_LOOP ( 'NONE', ( #2503, #2033, #965, #3952 ) ) ;
#5625 = PLANE ( 'NONE',  #5325 ) ;
#5626 =( GEOMETRIC_REPRESENTATION_CONTEXT ( 3 ) GLOBAL_UNCERTAINTY_ASSIGNED_CONTEXT ( ( #519 ) ) GLOBAL_UNIT_ASSIGNED_CONTEXT ( ( #9516, #1398, #6344 ) ) REPRESENTATION_CONTEXT ( 'NONE', 'WORKASPACE' ) );
#5627 = LINE ( 'NONE', #4233, #5704 ) ;
#5628 = ADVANCED_FACE ( 'NONE', ( #3606 ), #1230, .F. ) ;
#5629 = PLANE ( 'NONE',  #1136 ) ;
#5630 = VERTEX_POINT ( 'NONE', #7572 ) ;
#5631 = PRESENTATION_STYLE_ASSIGNMENT (( #6547 ) ) ;
#5632 = LINE ( 'NONE', #4156, #3771 ) ;
#5633 = FILL_AREA_STYLE_COLOUR ( '', #5110 ) ;
#5634 = SURFACE_STYLE_FILL_AREA ( #866 ) ;
#5635 = ORIENTED_EDGE ( 'NONE', *, *, #2945, .T. ) ;
#5636 = CARTESIAN_POINT ( 'NONE',  ( 2.250000000000000000, -3.300000000000002043, -0.2499999999999997780 ) ) ;
#5637 =( NAMED_UNIT ( * ) PLANE_ANGLE_UNIT ( ) SI_UNIT ( $, .RADIAN. ) );
#5638 = ORIENTED_EDGE ( 'NONE', *, *, #4188, .F. ) ;
#5639 = PRESENTATION_STYLE_ASSIGNMENT (( #4853 ) ) ;
#5640 = DIRECTION ( 'NONE',  ( 1.000000000000000000, 0.0000000000000000000, 0.0000000000000000000 ) ) ;
#5641 = CARTESIAN_POINT ( 'NONE',  ( 11.75000000000000000, -3.399999999999999911, -0.2499999999999997780 ) ) ;
#5642 = LINE ( 'NONE', #2553, #1885 ) ;
#5643 = FACE_OUTER_BOUND ( 'NONE', #6615, .T. ) ;
#5644 =( NAMED_UNIT ( * ) SI_UNIT ( $, .STERADIAN. ) SOLID_ANGLE_UNIT ( ) );
#5645 = LINE ( 'NONE', #8775, #1903 ) ;
#5646 = ADVANCED_FACE ( 'NONE', ( #456 ), #1180, .T. ) ;
#5647 = EDGE_CURVE ( 'NONE', #4224, #10233, #7516, .T. ) ;
#5648 = CARTESIAN_POINT ( 'NONE',  ( 2.250000000000000000, 4.999999999999997335, 0.2500000000000002220 ) ) ;
#5649 = DIRECTION ( 'NONE',  ( 0.0000000000000000000, 0.0000000000000000000, -1.000000000000000000 ) ) ;
#5650 = DIRECTION ( 'NONE',  ( -1.000000000000000000, 3.872150616019660190E-17, 0.0000000000000000000 ) ) ;
#5651 = PLANE ( 'NONE',  #4361 ) ;
#5652 = STYLED_ITEM ( 'NONE', ( #8305 ), #5628 ) ;
#5653 = ADVANCED_FACE ( 'NONE', ( #3550 ), #3711, .F. ) ;
#5654 = MECHANICAL_DESIGN_GEOMETRIC_PRESENTATION_REPRESENTATION (  '', ( #6940 ), #4468 ) ;
#5655 =( NAMED_UNIT ( * ) SI_UNIT ( $, .STERADIAN. ) SOLID_ANGLE_UNIT ( ) );
#5656 = EDGE_CURVE ( 'NONE', #6002, #747, #824, .T. ) ;
#5657 = EDGE_LOOP ( 'NONE', ( #1502, #10090, #1474, #2075 ) ) ;
#5658 = ORIENTED_EDGE ( 'NONE', *, *, #2422, .F. ) ;
#5659 = LINE ( 'NONE', #3274, #6313 ) ;
#5660 = VECTOR ( 'NONE', #1206, 1000.000000000000000 ) ;
#5661 = LINE ( 'NONE', #4882, #4833 ) ;
#5662 = CARTESIAN_POINT ( 'NONE',  ( -1.350000000000000089, 5.650000000000000355, 1.249999999999997558 ) ) ;
#5663 = CARTESIAN_POINT ( 'NONE',  ( 4.699999999999999289, 0.1999999999999999833, 1.700000000000000178 ) ) ;
#5664 = ORIENTED_EDGE ( 'NONE', *, *, #8415, .F. ) ;
#5665 = DIRECTION ( 'NONE',  ( -9.103382349328301547E-49, -2.350988701644575016E-32, -1.000000000000000000 ) ) ;
#5666 = ORIENTED_EDGE ( 'NONE', *, *, #857, .F. ) ;
#5667 = ADVANCED_FACE ( 'NONE', ( #1513 ), #3251, .F. ) ;
#5668 = VERTEX_POINT ( 'NONE', #7738 ) ;
#5669 = PRESENTATION_LAYER_ASSIGNMENT (  '', '', ( #4318 ) ) ;
#5670 = PRESENTATION_LAYER_ASSIGNMENT (  '', '', ( #8786 ) ) ;
#5671 = CARTESIAN_POINT ( 'NONE',  ( 12.21999999999999886, 4.230000000000003091, 1.249999999999997558 ) ) ;
#5672 = EDGE_LOOP ( 'NONE', ( #1489, #7761, #2294, #6847 ) ) ;
#5673 = CARTESIAN_POINT ( 'NONE',  ( 12.69999999999999929, 0.0000000000000000000, -2.800000000000000711 ) ) ;
#5674 = CARTESIAN_POINT ( 'NONE',  ( 8.750000000000000000, 1.149999999999999911, -2.050000000000001599 ) ) ;
#5675 = AXIS2_PLACEMENT_3D ( 'NONE', #6770, #4388, #9941 ) ;
#5676 =( GEOMETRIC_REPRESENTATION_CONTEXT ( 3 ) GLOBAL_UNCERTAINTY_ASSIGNED_CONTEXT ( ( #9 ) ) GLOBAL_UNIT_ASSIGNED_CONTEXT ( ( #4759, #626, #3923 ) ) REPRESENTATION_CONTEXT ( 'NONE', 'WORKASPACE' ) );
#5677 = VERTEX_POINT ( 'NONE', #8631 ) ;
#5678 = DIRECTION ( 'NONE',  ( 1.000000000000000000, -5.421010862427522170E-17, 0.0000000000000000000 ) ) ;
#5679 = CARTESIAN_POINT ( 'NONE',  ( -0.2200000000000001399, 2.250000000000000444, 1.249999999999997558 ) ) ;
#5680 = FILL_AREA_STYLE_COLOUR ( '', #2937 ) ;
#5681 = FILL_AREA_STYLE_COLOUR ( '', #6911 ) ;
#5682 = SURFACE_STYLE_USAGE ( .BOTH. , #2351 ) ;
#5683 = FILL_AREA_STYLE_COLOUR ( '', #3433 ) ;
#5684 = UNCERTAINTY_MEASURE_WITH_UNIT (LENGTH_MEASURE( 1.000000000000000082E-05 ), #8376, 'distance_accuracy_value', 'NONE');
#5685 = DIRECTION ( 'NONE',  ( -0.0000000000000000000, -0.0000000000000000000, -1.000000000000000000 ) ) ;
#5686 = PRESENTATION_STYLE_ASSIGNMENT (( #6455 ) ) ;
#5687 =( LENGTH_UNIT ( ) NAMED_UNIT ( * ) SI_UNIT ( .MILLI., .METRE. ) );
#5688 = LINE ( 'NONE', #882, #4324 ) ;
#5689 = CARTESIAN_POINT ( 'NONE',  ( -1.180000000000000160, 2.250000000000000000, 1.700000000000000178 ) ) ;
#5690 = DIRECTION ( 'NONE',  ( 3.872150616019660190E-17, 1.000000000000000000, -0.0000000000000000000 ) ) ;
#5691 = DIRECTION ( 'NONE',  ( 0.0000000000000000000, 0.0000000000000000000, 1.000000000000000000 ) ) ;
#5692 = CARTESIAN_POINT ( 'NONE',  ( 8.699999999999999289, 0.0000000000000000000, -2.800000000000000266 ) ) ;
#5693 = DIRECTION ( 'NONE',  ( 0.0000000000000000000, 1.000000000000000000, 0.0000000000000000000 ) ) ;
#5694 = MECHANICAL_DESIGN_GEOMETRIC_PRESENTATION_REPRESENTATION (  '', ( #508 ), #6983 ) ;
#5695 = ORIENTED_EDGE ( 'NONE', *, *, #4497, .F. ) ;
#5696 = CARTESIAN_POINT ( 'NONE',  ( 5.850000000000001421, -3.399999999999999911, -0.2499999999999997780 ) ) ;
#5697 = ADVANCED_FACE ( 'NONE', ( #3864 ), #620, .F. ) ;
#5698 = PLANE ( 'NONE',  #1007 ) ;
#5699 =( LENGTH_UNIT ( ) NAMED_UNIT ( * ) SI_UNIT ( .MILLI., .METRE. ) );
#5700 = ORIENTED_EDGE ( 'NONE', *, *, #1814, .T. ) ;
#5701 = LINE ( 'NONE', #8789, #211 ) ;
#5702 = CARTESIAN_POINT ( 'NONE',  ( 7.299999999999998934, 0.2000000000000000389, -2.800000000000000266 ) ) ;
#5703 = FILL_AREA_STYLE_COLOUR ( '', #8497 ) ;
#5704 = VECTOR ( 'NONE', #2389, 1000.000000000000000 ) ;
#5705 = EDGE_LOOP ( 'NONE', ( #6175, #7565, #100, #9245 ) ) ;
#5706 = COLOUR_RGB ( '',1.000000000000000000, 1.000000000000000000, 1.000000000000000000 ) ;
#5707 = CARTESIAN_POINT ( 'NONE',  ( 11.29999999999999893, 0.2000000000000000389, -0.2499999999999997780 ) ) ;
#5708 = EDGE_CURVE ( 'NONE', #8850, #7666, #3027, .T. ) ;
#5709 = VECTOR ( 'NONE', #5234, 1000.000000000000114 ) ;
#5710 = ADVANCED_FACE ( 'NONE', ( #876 ), #8090, .F. ) ;
#5711 = SURFACE_STYLE_USAGE ( .BOTH. , #5034 ) ;
#5712 = ORIENTED_EDGE ( 'NONE', *, *, #1447, .F. ) ;
#5713 = CARTESIAN_POINT ( 'NONE',  ( -1.949999999999999956, 6.000000000000000000, -2.800000000000000266 ) ) ;
#5714 = CARTESIAN_POINT ( 'NONE',  ( 13.95000000000000107, 6.000000000000000000, -0.6799999999999982725 ) ) ;
#5715 = DIRECTION ( 'NONE',  ( 0.0000000000000000000, 0.0000000000000000000, 1.000000000000000000 ) ) ;
#5716 = DIRECTION ( 'NONE',  ( -4.336808689942017736E-16, 0.0000000000000000000, -1.000000000000000000 ) ) ;
#5717 = ORIENTED_EDGE ( 'NONE', *, *, #8474, .T. ) ;
#5718 = LINE ( 'NONE', #8131, #2405 ) ;
#5719 = VECTOR ( 'NONE', #725, 1000.000000000000000 ) ;
#5720 = STYLED_ITEM ( 'NONE', ( #8146 ), #9697 ) ;
#5721 = PLANE ( 'NONE',  #8615 ) ;
#5722 = FILL_AREA_STYLE_COLOUR ( '', #3341 ) ;
#5723 = COLOUR_RGB ( '',1.000000000000000000, 1.000000000000000000, 1.000000000000000000 ) ;
#5724 = EDGE_CURVE ( 'NONE', #7423, #883, #5771, .T. ) ;
#5725 = FACE_OUTER_BOUND ( 'NONE', #7831, .T. ) ;
#5726 = PRESENTATION_LAYER_ASSIGNMENT (  '', '', ( #4553 ) ) ;
#5727 = ORIENTED_EDGE ( 'NONE', *, *, #3620, .T. ) ;
#5728 = CARTESIAN_POINT ( 'NONE',  ( 1.750000000000000666, 4.999999999999997335, 0.2500000000000002220 ) ) ;
#5729 = PRESENTATION_STYLE_ASSIGNMENT (( #3242 ) ) ;
#5730 = DIRECTION ( 'NONE',  ( 0.0000000000000000000, 1.000000000000000000, 0.0000000000000000000 ) ) ;
#5731 = CARTESIAN_POINT ( 'NONE',  ( 9.750000000000000000, 4.999999999999997335, -0.2499999999999997780 ) ) ;
#5732 = CARTESIAN_POINT ( 'NONE',  ( 5.850000000000001421, 5.100000000000001421, -2.800000000000001155 ) ) ;
#5733 = ORIENTED_EDGE ( 'NONE', *, *, #4682, .T. ) ;
#5734 = VERTEX_POINT ( 'NONE', #1703 ) ;
#5735 = UNCERTAINTY_MEASURE_WITH_UNIT (LENGTH_MEASURE( 1.000000000000000082E-05 ), #9168, 'distance_accuracy_value', 'NONE');
#5736 =( NAMED_UNIT ( * ) SI_UNIT ( $, .STERADIAN. ) SOLID_ANGLE_UNIT ( ) );
#5737 = FACE_OUTER_BOUND ( 'NONE', #5237, .T. ) ;
#5738 = CARTESIAN_POINT ( 'NONE',  ( 5.250000000000000888, 1.149999999999999911, -2.050000000000001599 ) ) ;
#5739 = DIRECTION ( 'NONE',  ( -0.7071067811865536790, -0.7071067811865414665, 1.662400053425821631E-32 ) ) ;
#5740 = CARTESIAN_POINT ( 'NONE',  ( 3.750000000000000444, 4.999999999999997335, 0.2500000000000002220 ) ) ;
#5741 = DIRECTION ( 'NONE',  ( 1.000000000000000000, 0.0000000000000000000, -0.0000000000000000000 ) ) ;
#5742 = DIRECTION ( 'NONE',  ( 1.000000000000000000, 0.0000000000000000000, -2.581433744013106177E-17 ) ) ;
#5743 = VECTOR ( 'NONE', #1198, 1000.000000000000000 ) ;
#5744 = ORIENTED_EDGE ( 'NONE', *, *, #8982, .F. ) ;
#5745 = CARTESIAN_POINT ( 'NONE',  ( 2.250000000000000000, 4.999999999999997335, 0.2500000000000002220 ) ) ;
#5746 = VECTOR ( 'NONE', #4385, 1000.000000000000000 ) ;
#5747 = EDGE_CURVE ( 'NONE', #2777, #9539, #8915, .T. ) ;
#5748 = EDGE_LOOP ( 'NONE', ( #9743, #891, #5971, #5804 ) ) ;
#5749 = CARTESIAN_POINT ( 'NONE',  ( 3.750000000000000444, -3.399999999999999911, 0.2500000000000002220 ) ) ;
#5750 = MECHANICAL_DESIGN_GEOMETRIC_PRESENTATION_REPRESENTATION (  '', ( #4945 ), #6081 ) ;
#5751 = VECTOR ( 'NONE', #4610, 1000.000000000000000 ) ;
#5752 = CARTESIAN_POINT ( 'NONE',  ( 13.34999999999999787, 4.500000000000000888, -0.6799999999999974953 ) ) ;
#5753 = SURFACE_STYLE_USAGE ( .BOTH. , #6613 ) ;
#5754 = EDGE_CURVE ( 'NONE', #4464, #4302, #966, .T. ) ;
#5755 = COLOUR_RGB ( '',1.000000000000000000, 1.000000000000000000, 1.000000000000000000 ) ;
#5756 = PRESENTATION_STYLE_ASSIGNMENT (( #5711 ) ) ;
#5757 = FILL_AREA_STYLE ('',( #2574 ) ) ;
#5758 = LINE ( 'NONE', #8799, #1237 ) ;
#5759 = DIRECTION ( 'NONE',  ( 0.0000000000000000000, 0.0000000000000000000, -1.000000000000000000 ) ) ;
#5760 = LINE ( 'NONE', #1790, #538 ) ;
#5761 = COLOUR_RGB ( '',1.000000000000000000, 0.8117647058823529438, 0.5019607843137254832 ) ;
#5762 = VECTOR ( 'NONE', #10203, 1000.000000000000000 ) ;
#5763 = VERTEX_POINT ( 'NONE', #2499 ) ;
#5764 = EDGE_CURVE ( 'NONE', #3315, #3740, #9656, .T. ) ;
#5765 = EDGE_CURVE ( 'NONE', #6511, #3491, #2540, .T. ) ;
#5766 = VECTOR ( 'NONE', #2762, 1000.000000000000114 ) ;
#5767 = CARTESIAN_POINT ( 'NONE',  ( -0.2200000000000003619, 4.229999999999999538, -2.801000000000000600 ) ) ;
#5768 = VECTOR ( 'NONE', #1468, 1000.000000000000000 ) ;
#5769 = PLANE ( 'NONE',  #6062 ) ;
#5770 = ORIENTED_EDGE ( 'NONE', *, *, #4306, .F. ) ;
#5771 = LINE ( 'NONE', #9613, #6950 ) ;
#5772 = SURFACE_STYLE_USAGE ( .BOTH. , #5153 ) ;
#5773 = LINE ( 'NONE', #341, #8180 ) ;
#5774 = ORIENTED_EDGE ( 'NONE', *, *, #9978, .F. ) ;
#5775 =( NAMED_UNIT ( * ) SI_UNIT ( $, .STERADIAN. ) SOLID_ANGLE_UNIT ( ) );
#5776 = CARTESIAN_POINT ( 'NONE',  ( 6.149999999999995914, 5.100000000000001421, -2.800000000000000266 ) ) ;
#5777 = FILL_AREA_STYLE_COLOUR ( '', #2925 ) ;
#5778 = ORIENTED_EDGE ( 'NONE', *, *, #1033, .T. ) ;
#5779 = AXIS2_PLACEMENT_3D ( 'NONE', #10147, #7904, #9580 ) ;
#5780 = STYLED_ITEM ( 'NONE', ( #7676 ), #9113 ) ;
#5781 = CARTESIAN_POINT ( 'NONE',  ( 10.14999999999999680, -3.399999999999999911, -0.1499999999999986622 ) ) ;
#5782 = ADVANCED_FACE ( 'NONE', ( #4844 ), #144, .F. ) ;
#5783 = CARTESIAN_POINT ( 'NONE',  ( -1.350000000000000089, 1.149999999999999911, -2.350000000000001421 ) ) ;
#5784 =( NAMED_UNIT ( * ) SI_UNIT ( $, .STERADIAN. ) SOLID_ANGLE_UNIT ( ) );
#5785 = VERTEX_POINT ( 'NONE', #7302 ) ;
#5786 = DIRECTION ( 'NONE',  ( 1.000000000000000000, 1.927470528863119542E-16, -0.0000000000000000000 ) ) ;
#5787 = CARTESIAN_POINT ( 'NONE',  ( 1.299999999999999600, 0.2000000000000000389, -2.800000000000000266 ) ) ;
#5788 = FACE_OUTER_BOUND ( 'NONE', #7378, .T. ) ;
#5789 = LINE ( 'NONE', #9859, #4395 ) ;
#5790 =( NAMED_UNIT ( * ) SI_UNIT ( $, .STERADIAN. ) SOLID_ANGLE_UNIT ( ) );
#5791 = EDGE_CURVE ( 'NONE', #5763, #4498, #1015, .T. ) ;
#5792 = ORIENTED_EDGE ( 'NONE', *, *, #6405, .F. ) ;
#5793 =( NAMED_UNIT ( * ) PLANE_ANGLE_UNIT ( ) SI_UNIT ( $, .RADIAN. ) );
#5794 =( GEOMETRIC_REPRESENTATION_CONTEXT ( 3 ) GLOBAL_UNCERTAINTY_ASSIGNED_CONTEXT ( ( #5527 ) ) GLOBAL_UNIT_ASSIGNED_CONTEXT ( ( #7168, #7865, #1779 ) ) REPRESENTATION_CONTEXT ( 'NONE', 'WORKASPACE' ) );
#5795 = STYLED_ITEM ( 'NONE', ( #8833 ), #3592 ) ;
#5796 = DIRECTION ( 'NONE',  ( 0.0000000000000000000, -0.0000000000000000000, -1.000000000000000000 ) ) ;
#5797 = VERTEX_POINT ( 'NONE', #8717 ) ;
#5798 = FILL_AREA_STYLE_COLOUR ( '', #1871 ) ;
#5799 = ORIENTED_EDGE ( 'NONE', *, *, #9640, .T. ) ;
#5800 = VECTOR ( 'NONE', #7158, 1000.000000000000000 ) ;
#5801 = SURFACE_STYLE_USAGE ( .BOTH. , #998 ) ;
#5802 = LINE ( 'NONE', #5856, #484 ) ;
#5803 = STYLED_ITEM ( 'NONE', ( #4513 ), #4037 ) ;
#5804 = ORIENTED_EDGE ( 'NONE', *, *, #3156, .T. ) ;
#5805 = ORIENTED_EDGE ( 'NONE', *, *, #7317, .F. ) ;
#5806 = SURFACE_SIDE_STYLE ('',( #8375 ) ) ;
#5807 = DIRECTION ( 'NONE',  ( 0.5773502691896239547, -0.5773502691896289507, -0.5773502691896243988 ) ) ;
#5808 = CARTESIAN_POINT ( 'NONE',  ( 4.250000000000000000, -3.399999999999999911, 0.2500000000000002220 ) ) ;
#5809 = CARTESIAN_POINT ( 'NONE',  ( 11.25000000000000000, 3.399999999999999467, -2.300000000000006928 ) ) ;
#5810 = ORIENTED_EDGE ( 'NONE', *, *, #6336, .F. ) ;
#5811 =( NAMED_UNIT ( * ) SI_UNIT ( $, .STERADIAN. ) SOLID_ANGLE_UNIT ( ) );
#5812 = CARTESIAN_POINT ( 'NONE',  ( 13.17999999999999794, 4.230000000000001315, -2.801000000000000600 ) ) ;
#5813 = VERTEX_POINT ( 'NONE', #7344 ) ;
#5814 = PRESENTATION_LAYER_ASSIGNMENT (  '', '', ( #5336 ) ) ;
#5815 = MECHANICAL_DESIGN_GEOMETRIC_PRESENTATION_REPRESENTATION (  '', ( #8442 ), #9781 ) ;
#5816 = AXIS2_PLACEMENT_3D ( 'NONE', #6209, #8587, #2934 ) ;
#5817 = CARTESIAN_POINT ( 'NONE',  ( 12.69999999999999929, 0.1999999999999999833, 1.700000000000000178 ) ) ;
#5818 = DIRECTION ( 'NONE',  ( -1.000000000000000000, 0.0000000000000000000, -0.0000000000000000000 ) ) ;
#5819 = EDGE_CURVE ( 'NONE', #1215, #5459, #8756, .T. ) ;
#5820 = ORIENTED_EDGE ( 'NONE', *, *, #7204, .F. ) ;
#5821 = SURFACE_STYLE_USAGE ( .BOTH. , #5874 ) ;
#5822 = FILL_AREA_STYLE ('',( #2651 ) ) ;
#5823 = CARTESIAN_POINT ( 'NONE',  ( 4.149999999999999467, -3.399999999999999911, 0.1499999999999990785 ) ) ;
#5824 = COLOUR_RGB ( '',1.000000000000000000, 0.8117647058823529438, 0.5019607843137254832 ) ;
#5825 = VERTEX_POINT ( 'NONE', #7148 ) ;
#5826 = CARTESIAN_POINT ( 'NONE',  ( 6.749999999999999112, 3.399999999999998579, -2.350000000000001421 ) ) ;
#5827 = UNCERTAINTY_MEASURE_WITH_UNIT (LENGTH_MEASURE( 1.000000000000000082E-05 ), #6499, 'distance_accuracy_value', 'NONE');
#5828 = MECHANICAL_DESIGN_GEOMETRIC_PRESENTATION_REPRESENTATION (  '', ( #9306 ), #3506 ) ;
#5829 = VECTOR ( 'NONE', #8054, 1000.000000000000114 ) ;
#5830 =( LENGTH_UNIT ( ) NAMED_UNIT ( * ) SI_UNIT ( .MILLI., .METRE. ) );
#5831 = PRESENTATION_LAYER_ASSIGNMENT (  '', '', ( #6968 ) ) ;
#5832 = EDGE_CURVE ( 'NONE', #10197, #9004, #48, .T. ) ;
#5833 = EDGE_CURVE ( 'NONE', #2524, #5295, #1209, .T. ) ;
#5834 = CARTESIAN_POINT ( 'NONE',  ( 7.249999999999999112, 3.149999999999995470, -2.050000000000001599 ) ) ;
#5835 = PLANE ( 'NONE',  #2589 ) ;
#5836 = DIRECTION ( 'NONE',  ( -1.000000000000000000, 5.421010862427522170E-17, 0.0000000000000000000 ) ) ;
#5837 = EDGE_LOOP ( 'NONE', ( #3811, #7641, #9907, #345, #7491, #9062, #1304, #9651, #6904, #3836, #3557, #4901, #5744, #6914, #8289, #3071, #2703, #6931, #5872, #6646, #9313, #6452, #6051, #5167, #9674, #5845, #335, #1480 ) ) ;
#5838 = PLANE ( 'NONE',  #5617 ) ;
#5839 = PLANE ( 'NONE',  #4535 ) ;
#5840 = DIRECTION ( 'NONE',  ( 3.872150616019660190E-17, 1.000000000000000000, -0.0000000000000000000 ) ) ;
#5841 = VECTOR ( 'NONE', #4412, 1000.000000000000000 ) ;
#5842 = PRESENTATION_LAYER_ASSIGNMENT (  '', '', ( #6657 ) ) ;
#5843 = CARTESIAN_POINT ( 'NONE',  ( 1.150000000000000355, 6.000000000000000000, 1.249999999999997558 ) ) ;
#5844 = SURFACE_SIDE_STYLE ('',( #2671 ) ) ;
#5845 = ORIENTED_EDGE ( 'NONE', *, *, #108, .F. ) ;
#5846 = EDGE_CURVE ( 'NONE', #6925, #7825, #6728, .T. ) ;
#5847 = DIRECTION ( 'NONE',  ( 1.000000000000000000, -5.421010862427522170E-17, 0.0000000000000000000 ) ) ;
#5848 = COLOUR_RGB ( '',1.000000000000000000, 0.8117647058823529438, 0.5019607843137254832 ) ;
#5849 = CARTESIAN_POINT ( 'NONE',  ( 0.7500000000000002220, 1.149999999999999911, -2.350000000000001421 ) ) ;
#5850 = EDGE_LOOP ( 'NONE', ( #5515, #2175, #4446, #5274, #3440, #7840, #9504, #4258, #7784, #7934, #3698, #2677, #2314, #5043, #4906, #4062, #9291, #3133, #1383, #6716, #4113, #403, #5900, #9728, #6429, #7301, #9775, #1538, #1756, #10061, #10270, #2957 ) ) ;
#5851 = DIRECTION ( 'NONE',  ( 4.336808689942017736E-16, 0.0000000000000000000, 1.000000000000000000 ) ) ;
#5852 = UNCERTAINTY_MEASURE_WITH_UNIT (LENGTH_MEASURE( 1.000000000000000082E-05 ), #3632, 'distance_accuracy_value', 'NONE');
#5853 = VECTOR ( 'NONE', #1530, 1000.000000000000000 ) ;
#5854 = CARTESIAN_POINT ( 'NONE',  ( 8.083333333333333925, 5.166666666666665186, -0.08333333333333370341 ) ) ;
#5855 = ORIENTED_EDGE ( 'NONE', *, *, #8427, .T. ) ;
#5856 = CARTESIAN_POINT ( 'NONE',  ( -1.350000000000000089, 6.000000000000000000, 0.3199999999999999512 ) ) ;
#5857 =( LENGTH_UNIT ( ) NAMED_UNIT ( * ) SI_UNIT ( .MILLI., .METRE. ) );
#5858 = MECHANICAL_DESIGN_GEOMETRIC_PRESENTATION_REPRESENTATION (  '', ( #42 ), #6053 ) ;
#5859 = VERTEX_POINT ( 'NONE', #1952 ) ;
#5860 = SURFACE_STYLE_USAGE ( .BOTH. , #2741 ) ;
#5861 = VECTOR ( 'NONE', #7398, 1000.000000000000000 ) ;
#5862 = DIRECTION ( 'NONE',  ( -1.000000000000000000, 3.872150616019660190E-17, 0.0000000000000000000 ) ) ;
#5863 = DIRECTION ( 'NONE',  ( -1.000000000000000000, 0.0000000000000000000, 0.0000000000000000000 ) ) ;
#5864 = DIRECTION ( 'NONE',  ( -0.0000000000000000000, -0.0000000000000000000, 1.000000000000000000 ) ) ;
#5865 = EDGE_LOOP ( 'NONE', ( #2387, #6119, #380, #900 ) ) ;
#5866 = CARTESIAN_POINT ( 'NONE',  ( 8.833333333333332149, -4.383333333333335524, -0.8333333333333357018 ) ) ;
#5867 = VECTOR ( 'NONE', #400, 1000.000000000000000 ) ;
#5868 = AXIS2_PLACEMENT_3D ( 'NONE', #9160, #7643, #2143 ) ;
#5869 = EDGE_CURVE ( 'NONE', #3773, #4887, #7492, .T. ) ;
#5870 = DIRECTION ( 'NONE',  ( -0.0000000000000000000, 0.0000000000000000000, 1.000000000000000000 ) ) ;
#5871 = VECTOR ( 'NONE', #1720, 1000.000000000000000 ) ;
#5872 = ORIENTED_EDGE ( 'NONE', *, *, #1919, .F. ) ;
#5873 = DIRECTION ( 'NONE',  ( 1.000000000000000000, -5.421010862427522170E-17, 0.0000000000000000000 ) ) ;
#5874 = SURFACE_SIDE_STYLE ('',( #8186 ) ) ;
#5875 =( LENGTH_UNIT ( ) NAMED_UNIT ( * ) SI_UNIT ( .MILLI., .METRE. ) );
#5876 = PRESENTATION_LAYER_ASSIGNMENT (  '', '', ( #1191 ) ) ;
#5877 = STYLED_ITEM ( 'NONE', ( #4648 ), #9688 ) ;
#5878 = DIRECTION ( 'NONE',  ( -0.0000000000000000000, 1.000000000000000000, -0.0000000000000000000 ) ) ;
#5879 = VERTEX_POINT ( 'NONE', #6634 ) ;
#5880 = LINE ( 'NONE', #6733, #7811 ) ;
#5881 = ORIENTED_EDGE ( 'NONE', *, *, #8114, .T. ) ;
#5882 = SURFACE_STYLE_FILL_AREA ( #496 ) ;
#5883 = ORIENTED_EDGE ( 'NONE', *, *, #1156, .T. ) ;
#5884 = EDGE_CURVE ( 'NONE', #2442, #6838, #9795, .T. ) ;
#5885 = PLANE ( 'NONE',  #10273 ) ;
#5886 = VECTOR ( 'NONE', #2383, 1000.000000000000000 ) ;
#5887 = CARTESIAN_POINT ( 'NONE',  ( 9.250000000000001776, 3.399999999999999467, -2.050000000000001599 ) ) ;
#5888 = PRESENTATION_STYLE_ASSIGNMENT (( #4311 ) ) ;
#5889 = PRESENTATION_STYLE_ASSIGNMENT (( #2714 ) ) ;
#5890 = ORIENTED_EDGE ( 'NONE', *, *, #4250, .F. ) ;
#5891 = SURFACE_SIDE_STYLE ('',( #4415 ) ) ;
#5892 = AXIS2_PLACEMENT_3D ( 'NONE', #3805, #6091, #4580 ) ;
#5893 = DIRECTION ( 'NONE',  ( 0.7071067811865475727, -0.7071067811865475727, 1.662400053425836136E-32 ) ) ;
#5894 = DIRECTION ( 'NONE',  ( 0.0000000000000000000, 0.0000000000000000000, 1.000000000000000000 ) ) ;
#5895 =( NAMED_UNIT ( * ) PLANE_ANGLE_UNIT ( ) SI_UNIT ( $, .RADIAN. ) );
#5896 = LINE ( 'NONE', #9049, #9777 ) ;
#5897 = EDGE_CURVE ( 'NONE', #9142, #4083, #7444, .T. ) ;
#5898 = ADVANCED_FACE ( 'NONE', ( #5150 ), #4252, .F. ) ;
#5899 = DIRECTION ( 'NONE',  ( -1.000000000000000000, 5.421010862427522170E-17, 0.0000000000000000000 ) ) ;
#5900 = ORIENTED_EDGE ( 'NONE', *, *, #603, .T. ) ;
#5901 = LINE ( 'NONE', #9055, #1308 ) ;
#5902 = VECTOR ( 'NONE', #7608, 999.9999999999998863 ) ;
#5903 = AXIS2_PLACEMENT_3D ( 'NONE', #690, #5466, #78 ) ;
#5904 = ADVANCED_FACE ( 'NONE', ( #9083 ), #1901, .F. ) ;
#5905 = STYLED_ITEM ( 'NONE', ( #8201 ), #1537 ) ;
#5906 = ORIENTED_EDGE ( 'NONE', *, *, #8415, .T. ) ;
#5907 = ORIENTED_EDGE ( 'NONE', *, *, #7068, .T. ) ;
#5908 = CARTESIAN_POINT ( 'NONE',  ( 7.750000000000000000, 4.999999999999997335, 0.2500000000000002220 ) ) ;
#5909 = ORIENTED_EDGE ( 'NONE', *, *, #6212, .F. ) ;
#5910 =( LENGTH_UNIT ( ) NAMED_UNIT ( * ) SI_UNIT ( .MILLI., .METRE. ) );
#5911 = MECHANICAL_DESIGN_GEOMETRIC_PRESENTATION_REPRESENTATION (  '', ( #7542 ), #2588 ) ;
#5912 = VECTOR ( 'NONE', #8718, 1000.000000000000000 ) ;
#5913 = FILL_AREA_STYLE ('',( #3691 ) ) ;
#5914 =( LENGTH_UNIT ( ) NAMED_UNIT ( * ) SI_UNIT ( .MILLI., .METRE. ) );
#5915 = DIRECTION ( 'NONE',  ( 0.0000000000000000000, 0.0000000000000000000, -1.000000000000000000 ) ) ;
#5916 = PRESENTATION_LAYER_ASSIGNMENT (  '', '', ( #102 ) ) ;
#5917 = MECHANICAL_DESIGN_GEOMETRIC_PRESENTATION_REPRESENTATION (  '', ( #5101 ), #4594 ) ;
#5918 = COLOUR_RGB ( '',1.000000000000000000, 0.8117647058823529438, 0.5019607843137254832 ) ;
#5919 = ORIENTED_EDGE ( 'NONE', *, *, #1829, .T. ) ;
#5920 = DIRECTION ( 'NONE',  ( -5.421010862427522170E-17, -1.000000000000000000, 2.350988701644575016E-32 ) ) ;
#5921 = DIRECTION ( 'NONE',  ( 0.7071067811865459074, -0.7071067811865491270, -3.066586833366741374E-16 ) ) ;
#5922 = DIRECTION ( 'NONE',  ( -0.7071067811865475727, 0.7071067811865475727, 0.0000000000000000000 ) ) ;
#5923 = SURFACE_SIDE_STYLE ('',( #7347 ) ) ;
#5924 = ORIENTED_EDGE ( 'NONE', *, *, #7426, .F. ) ;
#5925 =( NAMED_UNIT ( * ) PLANE_ANGLE_UNIT ( ) SI_UNIT ( $, .RADIAN. ) );
#5926 = SURFACE_SIDE_STYLE ('',( #9187 ) ) ;
#5927 = CARTESIAN_POINT ( 'NONE',  ( 8.149999999999996803, 5.100000000000001421, -2.800000000000000266 ) ) ;
#5928 = ORIENTED_EDGE ( 'NONE', *, *, #9517, .T. ) ;
#5929 = ORIENTED_EDGE ( 'NONE', *, *, #205, .F. ) ;
#5930 = ORIENTED_EDGE ( 'NONE', *, *, #8590, .F. ) ;
#5931 = EDGE_CURVE ( 'NONE', #929, #5109, #5522, .T. ) ;
#5932 = COLOUR_RGB ( '',1.000000000000000000, 0.8117647058823529438, 0.5019607843137254832 ) ;
#5933 = VECTOR ( 'NONE', #756, 1000.000000000000000 ) ;
#5934 = COLOUR_RGB ( '',1.000000000000000000, 0.8117647058823529438, 0.5019607843137254832 ) ;
#5935 = UNCERTAINTY_MEASURE_WITH_UNIT (LENGTH_MEASURE( 1.000000000000000082E-05 ), #935, 'distance_accuracy_value', 'NONE');
#5936 = DIRECTION ( 'NONE',  ( 0.0000000000000000000, 0.0000000000000000000, 1.000000000000000000 ) ) ;
#5937 = DIRECTION ( 'NONE',  ( 0.0000000000000000000, 0.0000000000000000000, -1.000000000000000000 ) ) ;
#5938 = COLOUR_RGB ( '',1.000000000000000000, 0.8117647058823529438, 0.5019607843137254832 ) ;
#5939 = CARTESIAN_POINT ( 'NONE',  ( 8.699999999999999289, 0.1999999999999999833, -2.800000000000000266 ) ) ;
#5940 = SURFACE_SIDE_STYLE ('',( #305 ) ) ;
#5941 =( LENGTH_UNIT ( ) NAMED_UNIT ( * ) SI_UNIT ( .MILLI., .METRE. ) );
#5942 = DIRECTION ( 'NONE',  ( 1.000000000000000000, 0.0000000000000000000, -0.0000000000000000000 ) ) ;
#5943 = CARTESIAN_POINT ( 'NONE',  ( 6.749999999999999112, 1.149999999999999911, -2.350000000000001421 ) ) ;
#5944 = DIRECTION ( 'NONE',  ( 0.0000000000000000000, -1.000000000000000000, -0.0000000000000000000 ) ) ;
#5945 =( NAMED_UNIT ( * ) SI_UNIT ( $, .STERADIAN. ) SOLID_ANGLE_UNIT ( ) );
#5946 = STYLED_ITEM ( 'NONE', ( #8238 ), #9253 ) ;
#5947 = FILL_AREA_STYLE ('',( #1132 ) ) ;
#5948 = DIRECTION ( 'NONE',  ( -0.0000000000000000000, -0.0000000000000000000, -1.000000000000000000 ) ) ;
#5949 = ADVANCED_FACE ( 'NONE', ( #9336 ), #1384, .T. ) ;
#5950 = EDGE_CURVE ( 'NONE', #8652, #7500, #2276, .T. ) ;
#5951 = PLANE ( 'NONE',  #9080 ) ;
#5952 = ORIENTED_EDGE ( 'NONE', *, *, #6021, .T. ) ;
#5953 =( NAMED_UNIT ( * ) SI_UNIT ( $, .STERADIAN. ) SOLID_ANGLE_UNIT ( ) );
#5954 = DIRECTION ( 'NONE',  ( 0.0000000000000000000, -1.000000000000000000, 0.0000000000000000000 ) ) ;
#5955 = CARTESIAN_POINT ( 'NONE',  ( 1.299999999999999600, 0.2000000000000000389, 1.700000000000000178 ) ) ;
#5956 = LINE ( 'NONE', #7696, #9235 ) ;
#5957 = CARTESIAN_POINT ( 'NONE',  ( 13.69999999999999751, 6.000000000000000000, 0.3200000000000017275 ) ) ;
#5958 = ADVANCED_FACE ( 'NONE', ( #8659 ), #5468, .F. ) ;
#5959 = EDGE_CURVE ( 'NONE', #2201, #9606, #6979, .T. ) ;
#5960 = DIRECTION ( 'NONE',  ( 1.000000000000000000, -0.0000000000000000000, -5.455105270367317620E-17 ) ) ;
#5961 = LINE ( 'NONE', #3625, #10201 ) ;
#5962 = AXIS2_PLACEMENT_3D ( 'NONE', #8872, #4904, #8049 ) ;
#5963 = VECTOR ( 'NONE', #4222, 1000.000000000000000 ) ;
#5964 = ORIENTED_EDGE ( 'NONE', *, *, #9866, .T. ) ;
#5965 = ORIENTED_EDGE ( 'NONE', *, *, #7506, .T. ) ;
#5966 = DIRECTION ( 'NONE',  ( 1.000000000000000000, -5.421010862427522170E-17, 0.0000000000000000000 ) ) ;
#5967 = VECTOR ( 'NONE', #3264, 1000.000000000000000 ) ;
#5968 = FACE_OUTER_BOUND ( 'NONE', #3749, .T. ) ;
#5969 =( GEOMETRIC_REPRESENTATION_CONTEXT ( 3 ) GLOBAL_UNCERTAINTY_ASSIGNED_CONTEXT ( ( #7636 ) ) GLOBAL_UNIT_ASSIGNED_CONTEXT ( ( #5071, #1292, #5945 ) ) REPRESENTATION_CONTEXT ( 'NONE', 'WORKASPACE' ) );
#5970 = EDGE_CURVE ( 'NONE', #5618, #2916, #3892, .T. ) ;
#5971 = ORIENTED_EDGE ( 'NONE', *, *, #4008, .T. ) ;
#5972 =( LENGTH_UNIT ( ) NAMED_UNIT ( * ) SI_UNIT ( .MILLI., .METRE. ) );
#5973 = CARTESIAN_POINT ( 'NONE',  ( 3.850000000000000533, -3.399999999999999911, -0.1499999999999986622 ) ) ;
#5974 = LINE ( 'NONE', #6928, #7533 ) ;
#5975 = ORIENTED_EDGE ( 'NONE', *, *, #1505, .F. ) ;
#5976 = CARTESIAN_POINT ( 'NONE',  ( 6.249999999999998224, -3.299999999999998490, 0.2500000000000002220 ) ) ;
#5977 = VERTEX_POINT ( 'NONE', #8437 ) ;
#5978 =( NAMED_UNIT ( * ) PLANE_ANGLE_UNIT ( ) SI_UNIT ( $, .RADIAN. ) );
#5979 = PRESENTATION_STYLE_ASSIGNMENT (( #7555 ) ) ;
#5980 = VERTEX_POINT ( 'NONE', #7875 ) ;
#5981 = VECTOR ( 'NONE', #987, 1000.000000000000000 ) ;
#5982 = MECHANICAL_DESIGN_GEOMETRIC_PRESENTATION_REPRESENTATION (  '', ( #9116 ), #4148 ) ;
#5983 = SURFACE_SIDE_STYLE ('',( #5882 ) ) ;
#5984 = ORIENTED_EDGE ( 'NONE', *, *, #9282, .F. ) ;
#5985 = SURFACE_SIDE_STYLE ('',( #2811 ) ) ;
#5986 = COLOUR_RGB ( '',1.000000000000000000, 0.8117647058823529438, 0.5019607843137254832 ) ;
#5987 = CARTESIAN_POINT ( 'NONE',  ( 5.299999999999998934, 0.0000000000000000000, 1.700000000000000178 ) ) ;
#5988 = CARTESIAN_POINT ( 'NONE',  ( 3.250000000000000888, 3.149999999999995470, -2.050000000000001599 ) ) ;
#5989 = ORIENTED_EDGE ( 'NONE', *, *, #3492, .T. ) ;
#5990 =( LENGTH_UNIT ( ) NAMED_UNIT ( * ) SI_UNIT ( .MILLI., .METRE. ) );
#5991 = SURFACE_STYLE_USAGE ( .BOTH. , #5940 ) ;
#5992 = DIRECTION ( 'NONE',  ( -3.872150616019660190E-17, -1.000000000000000000, 0.0000000000000000000 ) ) ;
#5993 = FILL_AREA_STYLE_COLOUR ( '', #5723 ) ;
#5994 = CARTESIAN_POINT ( 'NONE',  ( 6.249999999999998224, 1.800000000000000044, 0.2500000000000002220 ) ) ;
#5995 =( NAMED_UNIT ( * ) PLANE_ANGLE_UNIT ( ) SI_UNIT ( $, .RADIAN. ) );
#5996 = ORIENTED_EDGE ( 'NONE', *, *, #3111, .F. ) ;
#5997 = ORIENTED_EDGE ( 'NONE', *, *, #9599, .F. ) ;
#5998 = VECTOR ( 'NONE', #1737, 1000.000000000000000 ) ;
#5999 = DIRECTION ( 'NONE',  ( 0.0000000000000000000, 0.0000000000000000000, -1.000000000000000000 ) ) ;
#6000 = AXIS2_PLACEMENT_3D ( 'NONE', #8844, #2433, #9493 ) ;
#6001 = DIRECTION ( 'NONE',  ( 3.872150616019660190E-17, 1.000000000000000000, -0.0000000000000000000 ) ) ;
#6002 = VERTEX_POINT ( 'NONE', #748 ) ;
#6003 = STYLED_ITEM ( 'NONE', ( #1526 ), #4762 ) ;
#6004 = SURFACE_STYLE_USAGE ( .BOTH. , #2984 ) ;
#6005 = ORIENTED_EDGE ( 'NONE', *, *, #4084, .T. ) ;
#6006 =( NAMED_UNIT ( * ) PLANE_ANGLE_UNIT ( ) SI_UNIT ( $, .RADIAN. ) );
#6007 = FACE_OUTER_BOUND ( 'NONE', #7211, .T. ) ;
#6008 = ORIENTED_EDGE ( 'NONE', *, *, #3779, .T. ) ;
#6009 = EDGE_CURVE ( 'NONE', #495, #7423, #4504, .T. ) ;
#6010 =( NAMED_UNIT ( * ) PLANE_ANGLE_UNIT ( ) SI_UNIT ( $, .RADIAN. ) );
#6011 = FILL_AREA_STYLE ('',( #7590 ) ) ;
#6012 = FILL_AREA_STYLE ('',( #526 ) ) ;
#6013 = DIRECTION ( 'NONE',  ( -4.336808689942017736E-16, 0.0000000000000000000, -1.000000000000000000 ) ) ;
#6014 = PLANE ( 'NONE',  #7041 ) ;
#6015 = CARTESIAN_POINT ( 'NONE',  ( 4.750000000000000888, 1.149999999999999911, -2.050000000000001599 ) ) ;
#6016 =( LENGTH_UNIT ( ) NAMED_UNIT ( * ) SI_UNIT ( .MILLI., .METRE. ) );
#6017 = ORIENTED_EDGE ( 'NONE', *, *, #5869, .T. ) ;
#6018 = SURFACE_STYLE_USAGE ( .BOTH. , #328 ) ;
#6019 = ORIENTED_EDGE ( 'NONE', *, *, #4966, .T. ) ;
#6020 = VECTOR ( 'NONE', #7320, 1000.000000000000000 ) ;
#6021 = EDGE_CURVE ( 'NONE', #772, #5785, #7134, .T. ) ;
#6022 = EDGE_CURVE ( 'NONE', #9000, #8652, #179, .T. ) ;
#6023 = LINE ( 'NONE', #9177, #167 ) ;
#6024 = CARTESIAN_POINT ( 'NONE',  ( 10.05000000000000071, 5.100000000000001421, -0.1499999999999969136 ) ) ;
#6025 = CARTESIAN_POINT ( 'NONE',  ( 5.250000000000000888, 3.149999999999995470, -2.050000000000001599 ) ) ;
#6026 = SURFACE_STYLE_FILL_AREA ( #2168 ) ;
#6027 = FILL_AREA_STYLE_COLOUR ( '', #6756 ) ;
#6028 = EDGE_LOOP ( 'NONE', ( #2581, #5989, #9706, #2599 ) ) ;
#6029 = ORIENTED_EDGE ( 'NONE', *, *, #1078, .F. ) ;
#6030 = SURFACE_STYLE_USAGE ( .BOTH. , #5983 ) ;
#6031 = ORIENTED_EDGE ( 'NONE', *, *, #10141, .F. ) ;
#6032 = ADVANCED_FACE ( 'NONE', ( #4775 ), #8846, .T. ) ;
#6033 = PLANE ( 'NONE',  #3439 ) ;
#6034 = ORIENTED_EDGE ( 'NONE', *, *, #2336, .T. ) ;
#6035 = LINE ( 'NONE', #4516, #6255 ) ;
#6036 = PRESENTATION_STYLE_ASSIGNMENT (( #2868 ) ) ;
#6037 =( NAMED_UNIT ( * ) PLANE_ANGLE_UNIT ( ) SI_UNIT ( $, .RADIAN. ) );
#6038 = FILL_AREA_STYLE_COLOUR ( '', #7199 ) ;
#6039 = FACE_OUTER_BOUND ( 'NONE', #6233, .T. ) ;
#6040 = LINE ( 'NONE', #401, #5355 ) ;
#6041 = PRESENTATION_LAYER_ASSIGNMENT (  '', '', ( #1551 ) ) ;
#6042 =( NAMED_UNIT ( * ) PLANE_ANGLE_UNIT ( ) SI_UNIT ( $, .RADIAN. ) );
#6043 = VECTOR ( 'NONE', #2900, 1000.000000000000000 ) ;
#6044 = CARTESIAN_POINT ( 'NONE',  ( -1.949999999999999956, 4.500000000000000888, -0.1799999999999996048 ) ) ;
#6045 = CARTESIAN_POINT ( 'NONE',  ( 10.75000000000000000, 1.149999999999999911, -2.050000000000001599 ) ) ;
#6046 =( GEOMETRIC_REPRESENTATION_CONTEXT ( 3 ) GLOBAL_UNCERTAINTY_ASSIGNED_CONTEXT ( ( #10271 ) ) GLOBAL_UNIT_ASSIGNED_CONTEXT ( ( #709, #2580, #5811 ) ) REPRESENTATION_CONTEXT ( 'NONE', 'WORKASPACE' ) );
#6047 = DIRECTION ( 'NONE',  ( 1.000000000000000000, 0.0000000000000000000, -0.0000000000000000000 ) ) ;
#6048 =( LENGTH_UNIT ( ) NAMED_UNIT ( * ) SI_UNIT ( .MILLI., .METRE. ) );
#6049 = VECTOR ( 'NONE', #2156, 1000.000000000000000 ) ;
#6051 = ORIENTED_EDGE ( 'NONE', *, *, #8363, .F. ) ;
#6050 = ORIENTED_EDGE ( 'NONE', *, *, #1550, .T. ) ;
#6052 = LINE ( 'NONE', #461, #6592 ) ;
#6053 =( GEOMETRIC_REPRESENTATION_CONTEXT ( 3 ) GLOBAL_UNCERTAINTY_ASSIGNED_CONTEXT ( ( #1387 ) ) GLOBAL_UNIT_ASSIGNED_CONTEXT ( ( #6383, #4733, #3958 ) ) REPRESENTATION_CONTEXT ( 'NONE', 'WORKASPACE' ) );
#6054 = CARTESIAN_POINT ( 'NONE',  ( 7.750000000000000000, 4.999999999999997335, -0.2499999999999997780 ) ) ;
#6055 = PLANE ( 'NONE',  #7293 ) ;
#6056 = DIRECTION ( 'NONE',  ( -0.0000000000000000000, 1.000000000000000000, -0.0000000000000000000 ) ) ;
#6057 = EDGE_CURVE ( 'NONE', #10160, #8668, #5566, .T. ) ;
#6058 =( LENGTH_UNIT ( ) NAMED_UNIT ( * ) SI_UNIT ( .MILLI., .METRE. ) );
#6059 = CARTESIAN_POINT ( 'NONE',  ( 11.29999999999999893, 0.2000000000000000389, 1.700000000000000178 ) ) ;
#6060 = FILL_AREA_STYLE_COLOUR ( '', #1764 ) ;
#6061 =( NAMED_UNIT ( * ) SI_UNIT ( $, .STERADIAN. ) SOLID_ANGLE_UNIT ( ) );
#6062 = AXIS2_PLACEMENT_3D ( 'NONE', #4152, #5915, #5818 ) ;
#6063 = DIRECTION ( 'NONE',  ( 0.0000000000000000000, 1.000000000000000000, 0.0000000000000000000 ) ) ;
#6064 = DIRECTION ( 'NONE',  ( 1.000000000000000000, -3.872150616019660190E-17, -4.336808689942017736E-16 ) ) ;
#6065 = CARTESIAN_POINT ( 'NONE',  ( 11.75000000000000000, -3.299999999999998490, 0.2500000000000002220 ) ) ;
#6066 = VECTOR ( 'NONE', #7262, 1000.000000000000114 ) ;
#6067 = PRESENTATION_LAYER_ASSIGNMENT (  '', '', ( #8866 ) ) ;
#6068 = DIRECTION ( 'NONE',  ( -3.872150616019660190E-17, -1.000000000000000000, 0.0000000000000000000 ) ) ;
#6069 = MECHANICAL_DESIGN_GEOMETRIC_PRESENTATION_REPRESENTATION (  '', ( #3916 ), #5375 ) ;
#6070 = FILL_AREA_STYLE ('',( #10004 ) ) ;
#6071 = ORIENTED_EDGE ( 'NONE', *, *, #1564, .F. ) ;
#6072 = CARTESIAN_POINT ( 'NONE',  ( 4.149999999999999467, -3.399999999999999911, 0.2500000000000002220 ) ) ;
#6073 = LINE ( 'NONE', #9240, #761 ) ;
#6074 = MECHANICAL_DESIGN_GEOMETRIC_PRESENTATION_REPRESENTATION (  '', ( #7889 ), #2923 ) ;
#6075 = LINE ( 'NONE', #596, #9710 ) ;
#6076 = PRESENTATION_STYLE_ASSIGNMENT (( #6837 ) ) ;
#6077 = EDGE_CURVE ( 'NONE', #5279, #3591, #3226, .T. ) ;
#6078 = EDGE_LOOP ( 'NONE', ( #4601, #2978, #6948, #6810, #8593, #5799 ) ) ;
#6079 = FACE_OUTER_BOUND ( 'NONE', #7099, .T. ) ;
#6080 = VERTEX_POINT ( 'NONE', #8701 ) ;
#6081 =( GEOMETRIC_REPRESENTATION_CONTEXT ( 3 ) GLOBAL_UNCERTAINTY_ASSIGNED_CONTEXT ( ( #5111 ) ) GLOBAL_UNIT_ASSIGNED_CONTEXT ( ( #10242, #1297, #1281 ) ) REPRESENTATION_CONTEXT ( 'NONE', 'WORKASPACE' ) );
#6082 = CARTESIAN_POINT ( 'NONE',  ( 7.850000000000003197, 5.100000000000001421, -2.800000000000001155 ) ) ;
#6083 = EDGE_CURVE ( 'NONE', #9475, #2992, #6374, .T. ) ;
#6084 = ORIENTED_EDGE ( 'NONE', *, *, #6661, .T. ) ;
#6085 =( NAMED_UNIT ( * ) SI_UNIT ( $, .STERADIAN. ) SOLID_ANGLE_UNIT ( ) );
#6086 = VECTOR ( 'NONE', #9547, 1000.000000000000000 ) ;
#6087 = MECHANICAL_DESIGN_GEOMETRIC_PRESENTATION_REPRESENTATION (  '', ( #4764 ), #4116 ) ;
#6088 = STYLED_ITEM ( 'NONE', ( #7838 ), #8275 ) ;
#6089 = FILL_AREA_STYLE ('',( #2910 ) ) ;
#6090 = LINE ( 'NONE', #8620, #4588 ) ;
#6091 = DIRECTION ( 'NONE',  ( -1.000000000000000000, 0.0000000000000000000, 0.0000000000000000000 ) ) ;
#6092 = EDGE_CURVE ( 'NONE', #5521, #8384, #8742, .T. ) ;
#6093 = CARTESIAN_POINT ( 'NONE',  ( -1.350000000000000089, 1.800000000000001155, 1.249999999999997558 ) ) ;
#6094 = SURFACE_SIDE_STYLE ('',( #7733 ) ) ;
#6095 = PLANE ( 'NONE',  #7640 ) ;
#6096 = MECHANICAL_DESIGN_GEOMETRIC_PRESENTATION_REPRESENTATION (  '', ( #3783 ), #7725 ) ;
#6097 =( GEOMETRIC_REPRESENTATION_CONTEXT ( 3 ) GLOBAL_UNCERTAINTY_ASSIGNED_CONTEXT ( ( #5447 ) ) GLOBAL_UNIT_ASSIGNED_CONTEXT ( ( #4003, #10156, #3160 ) ) REPRESENTATION_CONTEXT ( 'NONE', 'WORKASPACE' ) );
#6098 =( LENGTH_UNIT ( ) NAMED_UNIT ( * ) SI_UNIT ( .MILLI., .METRE. ) );
#6099 =( NAMED_UNIT ( * ) SI_UNIT ( $, .STERADIAN. ) SOLID_ANGLE_UNIT ( ) );
#6100 = STYLED_ITEM ( 'NONE', ( #5686 ), #166 ) ;
#6101 = DIRECTION ( 'NONE',  ( -1.084202172485504237E-15, -1.000000000000000000, 0.0000000000000000000 ) ) ;
#6102 = UNCERTAINTY_MEASURE_WITH_UNIT (LENGTH_MEASURE( 1.000000000000000082E-05 ), #5493, 'distance_accuracy_value', 'NONE');
#6103 =( GEOMETRIC_REPRESENTATION_CONTEXT ( 3 ) GLOBAL_UNCERTAINTY_ASSIGNED_CONTEXT ( ( #9850 ) ) GLOBAL_UNIT_ASSIGNED_CONTEXT ( ( #16, #9526, #3150 ) ) REPRESENTATION_CONTEXT ( 'NONE', 'WORKASPACE' ) );
#6104 = SURFACE_SIDE_STYLE ('',( #7522 ) ) ;
#6105 = VECTOR ( 'NONE', #9267, 1000.000000000000000 ) ;
#6106 = FILL_AREA_STYLE ('',( #1357 ) ) ;
#6107 =( LENGTH_UNIT ( ) NAMED_UNIT ( * ) SI_UNIT ( .MILLI., .METRE. ) );
#6108 = EDGE_CURVE ( 'NONE', #6288, #8189, #4827, .T. ) ;
#6109 =( LENGTH_UNIT ( ) NAMED_UNIT ( * ) SI_UNIT ( .MILLI., .METRE. ) );
#6110 = PLANE ( 'NONE',  #877 ) ;
#6111 = SURFACE_SIDE_STYLE ('',( #9984 ) ) ;
#6112 = DIRECTION ( 'NONE',  ( -1.000000000000000000, 0.0000000000000000000, -0.0000000000000000000 ) ) ;
#6113 = DIRECTION ( 'NONE',  ( 3.872150616019660190E-17, 1.000000000000000000, -0.0000000000000000000 ) ) ;
#6114 = DIRECTION ( 'NONE',  ( 1.540436225342582858E-17, -0.0000000000000000000, 1.000000000000000000 ) ) ;
#6115 = DIRECTION ( 'NONE',  ( -1.362927481496328130E-16, 0.7071067811865451302, -0.7071067811865500152 ) ) ;
#6116 = FILL_AREA_STYLE ('',( #1312 ) ) ;
#6117 = ORIENTED_EDGE ( 'NONE', *, *, #8822, .T. ) ;
#6118 = UNCERTAINTY_MEASURE_WITH_UNIT (LENGTH_MEASURE( 1.000000000000000082E-05 ), #3728, 'distance_accuracy_value', 'NONE');
#6119 = ORIENTED_EDGE ( 'NONE', *, *, #4983, .T. ) ;
#6120 =( NAMED_UNIT ( * ) SI_UNIT ( $, .STERADIAN. ) SOLID_ANGLE_UNIT ( ) );
#6121 = CARTESIAN_POINT ( 'NONE',  ( 9.850000000000001421, -3.399999999999999911, -0.1499999999999986622 ) ) ;
#6122 = FILL_AREA_STYLE ('',( #8434 ) ) ;
#6123 = SURFACE_STYLE_USAGE ( .BOTH. , #7603 ) ;
#6124 = FILL_AREA_STYLE ('',( #4502 ) ) ;
#6125 = PRESENTATION_LAYER_ASSIGNMENT (  '', '', ( #1961 ) ) ;
#6126 = COLOUR_RGB ( '',1.000000000000000000, 0.8117647058823529438, 0.5019607843137254832 ) ;
#6127 = VERTEX_POINT ( 'NONE', #9545 ) ;
#6128 = SURFACE_STYLE_FILL_AREA ( #3794 ) ;
#6129 = CARTESIAN_POINT ( 'NONE',  ( -1.350000000000000089, 1.800000000000001155, -0.4000000000000023537 ) ) ;
#6130 = DIRECTION ( 'NONE',  ( 0.0000000000000000000, -0.7071067811865451302, 0.7071067811865500152 ) ) ;
#6131 = SURFACE_SIDE_STYLE ('',( #5311 ) ) ;
#6132 = LINE ( 'NONE', #2170, #9401 ) ;
#6133 = ORIENTED_EDGE ( 'NONE', *, *, #2176, .T. ) ;
#6134 = VERTEX_POINT ( 'NONE', #4929 ) ;
#6135 = SURFACE_STYLE_FILL_AREA ( #6231 ) ;
#6136 = VECTOR ( 'NONE', #1644, 1000.000000000000000 ) ;
#6137 = PRESENTATION_LAYER_ASSIGNMENT (  '', '', ( #1296 ) ) ;
#6138 = PLANE ( 'NONE',  #8266 ) ;
#6139 = EDGE_CURVE ( 'NONE', #3384, #9661, #6531, .T. ) ;
#6140 = CARTESIAN_POINT ( 'NONE',  ( 8.699999999999999289, 0.1999999999999999833, -2.800000000000000266 ) ) ;
#6141 = DIRECTION ( 'NONE',  ( 0.0000000000000000000, 0.0000000000000000000, -1.000000000000000000 ) ) ;
#6142 = EDGE_LOOP ( 'NONE', ( #6996, #4946, #6333, #4698, #7940 ) ) ;
#6143 = CARTESIAN_POINT ( 'NONE',  ( -1.949999999999999956, 6.000000000000000000, 0.3199999999999999512 ) ) ;
#6144 = COLOUR_RGB ( '',1.000000000000000000, 1.000000000000000000, 1.000000000000000000 ) ;
#6145 = CARTESIAN_POINT ( 'NONE',  ( 0.7500000000000002220, 3.399999999999999467, -2.350000000000001421 ) ) ;
#6146 = PRESENTATION_LAYER_ASSIGNMENT (  '', '', ( #1808 ) ) ;
#6147 = SURFACE_SIDE_STYLE ('',( #8624 ) ) ;
#6148 = SURFACE_STYLE_FILL_AREA ( #2820 ) ;
#6149 = SURFACE_STYLE_USAGE ( .BOTH. , #10027 ) ;
#6150 = FILL_AREA_STYLE_COLOUR ( '', #5706 ) ;
#6151 = ORIENTED_EDGE ( 'NONE', *, *, #9936, .T. ) ;
#6152 = SURFACE_STYLE_FILL_AREA ( #2023 ) ;
#6153 = SURFACE_SIDE_STYLE ('',( #4022 ) ) ;
#6154 = MECHANICAL_DESIGN_GEOMETRIC_PRESENTATION_REPRESENTATION (  '', ( #9294 ), #8458 ) ;
#6155 = EDGE_CURVE ( 'NONE', #4836, #1426, #80, .T. ) ;
#6156 = VECTOR ( 'NONE', #9440, 1000.000000000000000 ) ;
#6157 = EDGE_CURVE ( 'NONE', #5763, #3016, #5661, .T. ) ;
#6158 = VECTOR ( 'NONE', #6846, 1000.000000000000000 ) ;
#6159 = EDGE_LOOP ( 'NONE', ( #2689, #8444, #327, #3166 ) ) ;
#6160 = CARTESIAN_POINT ( 'NONE',  ( 8.750000000000000000, 1.149999999999999911, -2.050000000000001599 ) ) ;
#6161 = LINE ( 'NONE', #1412, #4943 ) ;
#6162 = FILL_AREA_STYLE ('',( #7957 ) ) ;
#6163 = FACE_BOUND ( 'NONE', #9108, .T. ) ;
#6164 = MECHANICAL_DESIGN_GEOMETRIC_PRESENTATION_REPRESENTATION (  '', ( #9789 ), #652 ) ;
#6165 = COLOUR_RGB ( '',1.000000000000000000, 0.8117647058823529438, 0.5019607843137254832 ) ;
#6166 = FILL_AREA_STYLE ('',( #6859 ) ) ;
#6167 = UNCERTAINTY_MEASURE_WITH_UNIT (LENGTH_MEASURE( 1.000000000000000082E-05 ), #4756, 'distance_accuracy_value', 'NONE');
#6168 = CARTESIAN_POINT ( 'NONE',  ( 8.050000000000000711, 5.100000000000001421, -2.800000000000000266 ) ) ;
#6169 = EDGE_CURVE ( 'NONE', #4662, #4302, #6484, .T. ) ;
#6170 = LINE ( 'NONE', #1422, #1356 ) ;
#6171 =( NAMED_UNIT ( * ) SI_UNIT ( $, .STERADIAN. ) SOLID_ANGLE_UNIT ( ) );
#6172 = LINE ( 'NONE', #9325, #8053 ) ;
#6173 = DIRECTION ( 'NONE',  ( -1.000000000000000000, 0.0000000000000000000, 0.0000000000000000000 ) ) ;
#6174 = CARTESIAN_POINT ( 'NONE',  ( 1.150000000000000799, 1.799999999999999600, 1.700000000000000178 ) ) ;
#6175 = ORIENTED_EDGE ( 'NONE', *, *, #1368, .T. ) ;
#6176 = LINE ( 'NONE', #1385, #2094 ) ;
#6177 = DIRECTION ( 'NONE',  ( 0.5773502691896239547, -0.5773502691896289507, 0.5773502691896243988 ) ) ;
#6178 = DIRECTION ( 'NONE',  ( 1.000000000000000000, 0.0000000000000000000, 0.0000000000000000000 ) ) ;
#6179 = UNCERTAINTY_MEASURE_WITH_UNIT (LENGTH_MEASURE( 1.000000000000000082E-05 ), #6098, 'distance_accuracy_value', 'NONE');
#6180 =( NAMED_UNIT ( * ) SI_UNIT ( $, .STERADIAN. ) SOLID_ANGLE_UNIT ( ) );
#6181 = SURFACE_STYLE_FILL_AREA ( #6930 ) ;
#6182 = FACE_OUTER_BOUND ( 'NONE', #99, .T. ) ;
#6183 = ORIENTED_EDGE ( 'NONE', *, *, #9679, .T. ) ;
#6184 = ADVANCED_FACE ( 'NONE', ( #8081 ), #9691, .F. ) ;
#6185 = SURFACE_SIDE_STYLE ('',( #1549 ) ) ;
#6186 = SURFACE_SIDE_STYLE ('',( #3191 ) ) ;
#6187 = ORIENTED_EDGE ( 'NONE', *, *, #5724, .F. ) ;
#6188 = SURFACE_STYLE_USAGE ( .BOTH. , #9150 ) ;
#6189 =( LENGTH_UNIT ( ) NAMED_UNIT ( * ) SI_UNIT ( .MILLI., .METRE. ) );
#6190 = ORIENTED_EDGE ( 'NONE', *, *, #2520, .T. ) ;
#6191 =( NAMED_UNIT ( * ) SI_UNIT ( $, .STERADIAN. ) SOLID_ANGLE_UNIT ( ) );
#6192 = VECTOR ( 'NONE', #9209, 1000.000000000000114 ) ;
#6193 = SURFACE_STYLE_USAGE ( .BOTH. , #3021 ) ;
#6194 =( NAMED_UNIT ( * ) SI_UNIT ( $, .STERADIAN. ) SOLID_ANGLE_UNIT ( ) );
#6195 = ORIENTED_EDGE ( 'NONE', *, *, #8536, .T. ) ;
#6196 = ORIENTED_EDGE ( 'NONE', *, *, #4367, .T. ) ;
#6197 = EDGE_CURVE ( 'NONE', #2871, #4002, #6625, .T. ) ;
#6198 = DIRECTION ( 'NONE',  ( 1.000000000000000000, -5.421010862427522170E-17, 0.0000000000000000000 ) ) ;
#6199 = ORIENTED_EDGE ( 'NONE', *, *, #9006, .F. ) ;
#6200 = CARTESIAN_POINT ( 'NONE',  ( 13.95000000000000107, 0.0000000000000000000, 1.699999999999999289 ) ) ;
#6201 = STYLED_ITEM ( 'NONE', ( #5222 ), #7909 ) ;
#6202 = STYLED_ITEM ( 'NONE', ( #2031 ), #9632 ) ;
#6203 = SURFACE_STYLE_FILL_AREA ( #10143 ) ;
#6204 =( NAMED_UNIT ( * ) PLANE_ANGLE_UNIT ( ) SI_UNIT ( $, .RADIAN. ) );
#6205 = VERTEX_POINT ( 'NONE', #9784 ) ;
#6206 = FILL_AREA_STYLE_COLOUR ( '', #8401 ) ;
#6207 =( GEOMETRIC_REPRESENTATION_CONTEXT ( 3 ) GLOBAL_UNCERTAINTY_ASSIGNED_CONTEXT ( ( #8704 ) ) GLOBAL_UNIT_ASSIGNED_CONTEXT ( ( #3088, #4123, #7958 ) ) REPRESENTATION_CONTEXT ( 'NONE', 'WORKASPACE' ) );
#6208 = FACE_OUTER_BOUND ( 'NONE', #1684, .T. ) ;
#6209 = CARTESIAN_POINT ( 'NONE',  ( 11.75000000000000000, -3.399999999999999911, -0.2499999999999997780 ) ) ;
#6210 = ADVANCED_FACE ( 'NONE', ( #8222, #1095 ), #6578, .F. ) ;
#6211 = CARTESIAN_POINT ( 'NONE',  ( -1.180000000000000160, 2.250000000000000000, 1.700000000000000178 ) ) ;
#6212 = EDGE_CURVE ( 'NONE', #1056, #4774, #2842, .T. ) ;
#6213 = FILL_AREA_STYLE_COLOUR ( '', #7102 ) ;
#6214 = COLOUR_RGB ( '',1.000000000000000000, 0.8117647058823529438, 0.5019607843137254832 ) ;
#6215 = ORIENTED_EDGE ( 'NONE', *, *, #3343, .F. ) ;
#6216 = VECTOR ( 'NONE', #7333, 1000.000000000000114 ) ;
#6217 = SURFACE_STYLE_FILL_AREA ( #3829 ) ;
#6218 = DIRECTION ( 'NONE',  ( 4.336808689942017736E-16, 0.0000000000000000000, 1.000000000000000000 ) ) ;
#6219 = CARTESIAN_POINT ( 'NONE',  ( 9.750000000000000000, 4.999999999999997335, 0.2500000000000002220 ) ) ;
#6220 = DIRECTION ( 'NONE',  ( 1.000000000000000000, -3.872150616019660190E-17, -4.336808689942017736E-16 ) ) ;
#6221 = SHAPE_DEFINITION_REPRESENTATION ( #3649, #6621 ) ;
#6222 = EDGE_CURVE ( 'NONE', #3509, #2216, #7386, .T. ) ;
#6223 =( NAMED_UNIT ( * ) PLANE_ANGLE_UNIT ( ) SI_UNIT ( $, .RADIAN. ) );
#6224 = PRESENTATION_LAYER_ASSIGNMENT (  '', '', ( #10199 ) ) ;
#6225 = CARTESIAN_POINT ( 'NONE',  ( 2.050000000000000266, 3.149999999999995470, -2.050000000000001599 ) ) ;
#6226 = ORIENTED_EDGE ( 'NONE', *, *, #8840, .T. ) ;
#6227 = PRESENTATION_STYLE_ASSIGNMENT (( #4829 ) ) ;
#6228 = ORIENTED_EDGE ( 'NONE', *, *, #7574, .T. ) ;
#6229 =( NAMED_UNIT ( * ) SI_UNIT ( $, .STERADIAN. ) SOLID_ANGLE_UNIT ( ) );
#6230 = EDGE_CURVE ( 'NONE', #4897, #8528, #2637, .T. ) ;
#6231 = FILL_AREA_STYLE ('',( #5317 ) ) ;
#6232 = VECTOR ( 'NONE', #1097, 1000.000000000000000 ) ;
#6233 = EDGE_LOOP ( 'NONE', ( #1483, #438, #8440, #3570 ) ) ;
#6234 = UNCERTAINTY_MEASURE_WITH_UNIT (LENGTH_MEASURE( 1.000000000000000082E-05 ), #6795, 'distance_accuracy_value', 'NONE');
#6235 = STYLED_ITEM ( 'NONE', ( #5756 ), #2313 ) ;
#6236 = VECTOR ( 'NONE', #4862, 1000.000000000000000 ) ;
#6237 = VECTOR ( 'NONE', #529, 1000.000000000000000 ) ;
#6238 = CARTESIAN_POINT ( 'NONE',  ( -1.350000000000000089, 1.800000000000001155, 1.249999999999997558 ) ) ;
#6239 = FACE_OUTER_BOUND ( 'NONE', #6343, .T. ) ;
#6240 = FILL_AREA_STYLE_COLOUR ( '', #6701 ) ;
#6241 = ORIENTED_EDGE ( 'NONE', *, *, #10252, .T. ) ;
#6242 = ADVANCED_FACE ( 'NONE', ( #2042 ), #1993, .F. ) ;
#6243 = SURFACE_STYLE_FILL_AREA ( #7842 ) ;
#6244 = FACE_OUTER_BOUND ( 'NONE', #9505, .T. ) ;
#6245 = SURFACE_SIDE_STYLE ('',( #9303 ) ) ;
#6246 = SURFACE_SIDE_STYLE ('',( #7735 ) ) ;
#6247 = UNCERTAINTY_MEASURE_WITH_UNIT (LENGTH_MEASURE( 1.000000000000000082E-05 ), #5910, 'distance_accuracy_value', 'NONE');
#6248 = VECTOR ( 'NONE', #10037, 1000.000000000000000 ) ;
#6249 = VECTOR ( 'NONE', #7189, 1000.000000000000000 ) ;
#6250 = LINE ( 'NONE', #826, #4267 ) ;
#6251 = DIRECTION ( 'NONE',  ( -1.084202172485504237E-15, -1.000000000000000000, 0.0000000000000000000 ) ) ;
#6252 = EDGE_CURVE ( 'NONE', #5572, #7133, #7754, .T. ) ;
#6253 = SURFACE_STYLE_USAGE ( .BOTH. , #9360 ) ;
#6254 = ORIENTED_EDGE ( 'NONE', *, *, #639, .F. ) ;
#6255 = VECTOR ( 'NONE', #8510, 1000.000000000000000 ) ;
#6256 =( GEOMETRIC_REPRESENTATION_CONTEXT ( 3 ) GLOBAL_UNCERTAINTY_ASSIGNED_CONTEXT ( ( #2461 ) ) GLOBAL_UNIT_ASSIGNED_CONTEXT ( ( #1976, #10032, #1233 ) ) REPRESENTATION_CONTEXT ( 'NONE', 'WORKASPACE' ) );
#6257 = VECTOR ( 'NONE', #5050, 1000.000000000000000 ) ;
#6258 = PLANE ( 'NONE',  #7224 ) ;
#6259 = LINE ( 'NONE', #7907, #7329 ) ;
#6260 =( NAMED_UNIT ( * ) PLANE_ANGLE_UNIT ( ) SI_UNIT ( $, .RADIAN. ) );
#6261 = COLOUR_RGB ( '',1.000000000000000000, 0.8117647058823529438, 0.5019607843137254832 ) ;
#6262 =( LENGTH_UNIT ( ) NAMED_UNIT ( * ) SI_UNIT ( .MILLI., .METRE. ) );
#6263 = UNCERTAINTY_MEASURE_WITH_UNIT (LENGTH_MEASURE( 1.000000000000000082E-05 ), #4686, 'distance_accuracy_value', 'NONE');
#6264 = ORIENTED_EDGE ( 'NONE', *, *, #2134, .T. ) ;
#6265 = PRESENTATION_LAYER_ASSIGNMENT (  '', '', ( #7396 ) ) ;
#6266 =( GEOMETRIC_REPRESENTATION_CONTEXT ( 3 ) GLOBAL_UNCERTAINTY_ASSIGNED_CONTEXT ( ( #874 ) ) GLOBAL_UNIT_ASSIGNED_CONTEXT ( ( #4394, #2800, #5142 ) ) REPRESENTATION_CONTEXT ( 'NONE', 'WORKASPACE' ) );
#6267 = AXIS2_PLACEMENT_3D ( 'NONE', #5124, #8256, #1133 ) ;
#6268 =( GEOMETRIC_REPRESENTATION_CONTEXT ( 3 ) GLOBAL_UNCERTAINTY_ASSIGNED_CONTEXT ( ( #5009 ) ) GLOBAL_UNIT_ASSIGNED_CONTEXT ( ( #6048, #8637, #2192 ) ) REPRESENTATION_CONTEXT ( 'NONE', 'WORKASPACE' ) );
#6269 = ADVANCED_FACE ( 'NONE', ( #8594 ), #9324, .F. ) ;
#6270 =( LENGTH_UNIT ( ) NAMED_UNIT ( * ) SI_UNIT ( .MILLI., .METRE. ) );
#6271 = FACE_OUTER_BOUND ( 'NONE', #10198, .T. ) ;
#6272 = ORIENTED_EDGE ( 'NONE', *, *, #9517, .F. ) ;
#6273 = COLOUR_RGB ( '',1.000000000000000000, 0.8117647058823529438, 0.5019607843137254832 ) ;
#6274 = ORIENTED_EDGE ( 'NONE', *, *, #9058, .T. ) ;
#6275 = CARTESIAN_POINT ( 'NONE',  ( 7.750000000000000000, -3.399999999999999911, 0.2500000000000002220 ) ) ;
#6276 = SURFACE_STYLE_USAGE ( .BOTH. , #687 ) ;
#6277 = EDGE_CURVE ( 'NONE', #4677, #7586, #2153, .T. ) ;
#6278 = PRESENTATION_LAYER_ASSIGNMENT (  '', '', ( #5946 ) ) ;
#6279 = EDGE_CURVE ( 'NONE', #8320, #1724, #5357, .T. ) ;
#6280 = DIRECTION ( 'NONE',  ( 1.000000000000000000, 0.0000000000000000000, 0.0000000000000000000 ) ) ;
#6281 = ORIENTED_EDGE ( 'NONE', *, *, #5418, .F. ) ;
#6282 = DIRECTION ( 'NONE',  ( 0.0000000000000000000, -0.7071067811865445751, -0.7071067811865503483 ) ) ;
#6283 = DIRECTION ( 'NONE',  ( -0.0000000000000000000, -0.0000000000000000000, 1.000000000000000000 ) ) ;
#6284 = CARTESIAN_POINT ( 'NONE',  ( 9.916666666666666075, 5.166666666666665186, -0.08333333333333325932 ) ) ;
#6285 = DIRECTION ( 'NONE',  ( -1.000000000000000000, -0.0000000000000000000, -0.0000000000000000000 ) ) ;
#6286 = CARTESIAN_POINT ( 'NONE',  ( 4.750000000000000888, 3.399999999999999467, -2.050000000000001599 ) ) ;
#6287 = PRESENTATION_STYLE_ASSIGNMENT (( #10124 ) ) ;
#6288 = VERTEX_POINT ( 'NONE', #3098 ) ;
#6289 = FACE_OUTER_BOUND ( 'NONE', #9694, .T. ) ;
#6290 = STYLED_ITEM ( 'NONE', ( #9684 ), #6389 ) ;
#6291 = AXIS2_PLACEMENT_3D ( 'NONE', #1726, #8010, #4031 ) ;
#6292 = ADVANCED_FACE ( 'NONE', ( #3832, #1369 ), #6971, .F. ) ;
#6293 = DIRECTION ( 'NONE',  ( 0.0000000000000000000, 0.0000000000000000000, -1.000000000000000000 ) ) ;
#6294 = ORIENTED_EDGE ( 'NONE', *, *, #2510, .T. ) ;
#6295 = FILL_AREA_STYLE_COLOUR ( '', #2086 ) ;
#6296 = CARTESIAN_POINT ( 'NONE',  ( -0.7000000000000002887, 0.2000000000000000389, -2.800000000000000266 ) ) ;
#6297 = CARTESIAN_POINT ( 'NONE',  ( 11.75000000000000000, -3.399999999999999911, 0.2500000000000002220 ) ) ;
#6298 = SURFACE_STYLE_FILL_AREA ( #1694 ) ;
#6299 = FILL_AREA_STYLE_COLOUR ( '', #5506 ) ;
#6300 = SURFACE_SIDE_STYLE ('',( #4524 ) ) ;
#6301 = STYLED_ITEM ( 'NONE', ( #6287 ), #5162 ) ;
#6302 = MECHANICAL_DESIGN_GEOMETRIC_PRESENTATION_REPRESENTATION (  '', ( #460 ), #5969 ) ;
#6303 = LINE ( 'NONE', #8628, #840 ) ;
#6304 =( NAMED_UNIT ( * ) SI_UNIT ( $, .STERADIAN. ) SOLID_ANGLE_UNIT ( ) );
#6305 = SURFACE_STYLE_USAGE ( .BOTH. , #6153 ) ;
#6306 = VECTOR ( 'NONE', #3069, 1000.000000000000000 ) ;
#6307 = LINE ( 'NONE', #14, #6510 ) ;
#6308 = CARTESIAN_POINT ( 'NONE',  ( 4.750000000000000888, 3.399999999999999467, -2.300000000000006928 ) ) ;
#6309 = DIRECTION ( 'NONE',  ( 0.5773502691896259531, 0.5773502691896259531, 0.5773502691896255090 ) ) ;
#6310 = LINE ( 'NONE', #10194, #4005 ) ;
#6311 = COLOUR_RGB ( '',1.000000000000000000, 1.000000000000000000, 1.000000000000000000 ) ;
#6312 = SURFACE_SIDE_STYLE ('',( #1675 ) ) ;
#6313 = VECTOR ( 'NONE', #4040, 1000.000000000000000 ) ;
#6314 = VECTOR ( 'NONE', #5611, 1000.000000000000000 ) ;
#6315 = PRESENTATION_STYLE_ASSIGNMENT (( #6912 ) ) ;
#6316 = VECTOR ( 'NONE', #9898, 1000.000000000000000 ) ;
#6317 = DIRECTION ( 'NONE',  ( 1.000000000000000000, 0.0000000000000000000, 0.0000000000000000000 ) ) ;
#6318 = PRESENTATION_STYLE_ASSIGNMENT (( #740 ) ) ;
#6319 = CARTESIAN_POINT ( 'NONE',  ( 0.08333333333333456383, 5.166666666666665186, 0.08333333333333456383 ) ) ;
#6320 = ORIENTED_EDGE ( 'NONE', *, *, #4628, .F. ) ;
#6321 = EDGE_CURVE ( 'NONE', #5182, #1146, #9488, .T. ) ;
#6322 = COLOUR_RGB ( '',1.000000000000000000, 0.8117647058823529438, 0.5019607843137254832 ) ;
#6323 = MECHANICAL_DESIGN_GEOMETRIC_PRESENTATION_REPRESENTATION (  '', ( #5012 ), #5676 ) ;
#6324 = DIRECTION ( 'NONE',  ( 0.5773502691896206240, -0.5773502691896306160, -0.5773502691896261751 ) ) ;
#6325 = SURFACE_STYLE_FILL_AREA ( #4880 ) ;
#6326 = ORIENTED_EDGE ( 'NONE', *, *, #8611, .T. ) ;
#6327 = CARTESIAN_POINT ( 'NONE',  ( 6.249999999999998224, 0.2000000000000000111, -2.800000000000000266 ) ) ;
#6328 = UNCERTAINTY_MEASURE_WITH_UNIT (LENGTH_MEASURE( 1.000000000000000082E-05 ), #7805, 'distance_accuracy_value', 'NONE');
#6329 = STYLED_ITEM ( 'NONE', ( #7897 ), #4995 ) ;
#6330 = VERTEX_POINT ( 'NONE', #3375 ) ;
#6331 = CARTESIAN_POINT ( 'NONE',  ( 0.2500000000000002220, 4.999999999999997335, -0.2499999999999997780 ) ) ;
#6332 = FILL_AREA_STYLE ('',( #9503 ) ) ;
#6333 = ORIENTED_EDGE ( 'NONE', *, *, #1942, .F. ) ;
#6334 = EDGE_CURVE ( 'NONE', #7944, #1724, #8790, .T. ) ;
#6335 = ORIENTED_EDGE ( 'NONE', *, *, #3477, .F. ) ;
#6336 = EDGE_CURVE ( 'NONE', #9142, #2239, #3218, .T. ) ;
#6337 = UNCERTAINTY_MEASURE_WITH_UNIT (LENGTH_MEASURE( 1.000000000000000082E-05 ), #556, 'distance_accuracy_value', 'NONE');
#6338 = DIRECTION ( 'NONE',  ( 0.0000000000000000000, -0.0000000000000000000, -1.000000000000000000 ) ) ;
#6339 = CARTESIAN_POINT ( 'NONE',  ( -1.949999999999999956, 1.800000000000000044, 0.2500000000000002220 ) ) ;
#6340 = ORIENTED_EDGE ( 'NONE', *, *, #5032, .T. ) ;
#6341 = SURFACE_STYLE_FILL_AREA ( #2501 ) ;
#6342 = FILL_AREA_STYLE_COLOUR ( '', #9039 ) ;
#6343 = EDGE_LOOP ( 'NONE', ( #6785, #8404, #8970, #6743 ) ) ;
#6344 =( NAMED_UNIT ( * ) SI_UNIT ( $, .STERADIAN. ) SOLID_ANGLE_UNIT ( ) );
#6345 = CARTESIAN_POINT ( 'NONE',  ( 10.75000000000000000, 3.399999999999999467, -2.050000000000001599 ) ) ;
#6346 = DIRECTION ( 'NONE',  ( 1.927470528863119542E-16, -1.000000000000000000, 0.0000000000000000000 ) ) ;
#6347 = EDGE_CURVE ( 'NONE', #2114, #7075, #3271, .T. ) ;
#6348 = VECTOR ( 'NONE', #1909, 1000.000000000000000 ) ;
#6349 = UNCERTAINTY_MEASURE_WITH_UNIT (LENGTH_MEASURE( 1.000000000000000082E-05 ), #4539, 'distance_accuracy_value', 'NONE');
#6350 = LINE ( 'NONE', #10139, #9735 ) ;
#6351 = CARTESIAN_POINT ( 'NONE',  ( 2.050000000000000266, 0.0000000000000000000, -2.050000000000001599 ) ) ;
#6352 = ORIENTED_EDGE ( 'NONE', *, *, #1872, .T. ) ;
#6353 =( GEOMETRIC_REPRESENTATION_CONTEXT ( 3 ) GLOBAL_UNCERTAINTY_ASSIGNED_CONTEXT ( ( #643 ) ) GLOBAL_UNIT_ASSIGNED_CONTEXT ( ( #7936, #9779, #7100 ) ) REPRESENTATION_CONTEXT ( 'NONE', 'WORKASPACE' ) );
#6354 = COLOUR_RGB ( '',1.000000000000000000, 1.000000000000000000, 1.000000000000000000 ) ;
#6355 = CARTESIAN_POINT ( 'NONE',  ( 0.2499999999999997780, 1.800000000000000044, -0.2499999999999997780 ) ) ;
#6356 =( NAMED_UNIT ( * ) SI_UNIT ( $, .STERADIAN. ) SOLID_ANGLE_UNIT ( ) );
#6357 = SURFACE_STYLE_FILL_AREA ( #9314 ) ;
#6358 = LINE ( 'NONE', #8639, #8678 ) ;
#6359 = CARTESIAN_POINT ( 'NONE',  ( 12.83333333333333215, -4.383333333333335524, -0.8333333333333357018 ) ) ;
#6360 = LINE ( 'NONE', #833, #6066 ) ;
#6361 = AXIS2_PLACEMENT_3D ( 'NONE', #9860, #8352, #8303 ) ;
#6362 = CARTESIAN_POINT ( 'NONE',  ( 10.69999999999999929, 0.1999999999999999833, 1.700000000000000178 ) ) ;
#6363 = CARTESIAN_POINT ( 'NONE',  ( 0.05000000000000012768, -3.399999999999999911, -2.800000000000000266 ) ) ;
#6364 = SURFACE_SIDE_STYLE ('',( #6217 ) ) ;
#6365 = LINE ( 'NONE', #9378, #4423 ) ;
#6366 = DIRECTION ( 'NONE',  ( 0.0000000000000000000, 1.000000000000000000, 0.0000000000000000000 ) ) ;
#6367 = EDGE_CURVE ( 'NONE', #10017, #566, #5559, .T. ) ;
#6368 = ORIENTED_EDGE ( 'NONE', *, *, #10153, .F. ) ;
#6369 = COLOUR_RGB ( '',1.000000000000000000, 0.8117647058823529438, 0.5019607843137254832 ) ;
#6370 = ORIENTED_EDGE ( 'NONE', *, *, #1315, .T. ) ;
#6371 = CARTESIAN_POINT ( 'NONE',  ( 10.69999999999999929, 0.1999999999999999833, -2.800000000000000266 ) ) ;
#6372 = SURFACE_SIDE_STYLE ('',( #2377 ) ) ;
#6373 = ADVANCED_FACE ( 'NONE', ( #897 ), #173, .F. ) ;
#6374 = LINE ( 'NONE', #7285, #3355 ) ;
#6375 = CARTESIAN_POINT ( 'NONE',  ( 9.299999999999998934, 0.2000000000000000389, -2.800000000000000266 ) ) ;
#6376 = CARTESIAN_POINT ( 'NONE',  ( 13.95000000000000107, 6.000000000000000000, 1.699999999999999289 ) ) ;
#6377 =( NAMED_UNIT ( * ) PLANE_ANGLE_UNIT ( ) SI_UNIT ( $, .RADIAN. ) );
#6378 = UNCERTAINTY_MEASURE_WITH_UNIT (LENGTH_MEASURE( 1.000000000000000082E-05 ), #142, 'distance_accuracy_value', 'NONE');
#6379 = VECTOR ( 'NONE', #1627, 1000.000000000000114 ) ;
#6380 = CARTESIAN_POINT ( 'NONE',  ( -1.180000000000000382, 4.229999999999999538, 1.700000000000000178 ) ) ;
#6381 = ORIENTED_EDGE ( 'NONE', *, *, #4558, .F. ) ;
#6382 = SURFACE_STYLE_USAGE ( .BOTH. , #4990 ) ;
#6383 =( LENGTH_UNIT ( ) NAMED_UNIT ( * ) SI_UNIT ( .MILLI., .METRE. ) );
#6384 = VECTOR ( 'NONE', #3654, 1000.000000000000114 ) ;
#6385 = CARTESIAN_POINT ( 'NONE',  ( 9.250000000000001776, 3.399999999999999467, -2.300000000000006928 ) ) ;
#6386 = SURFACE_SIDE_STYLE ('',( #5578 ) ) ;
#6387 = PLANE ( 'NONE',  #8582 ) ;
#6388 = EDGE_CURVE ( 'NONE', #9361, #2629, #7083, .T. ) ;
#6389 = ADVANCED_FACE ( 'NONE', ( #3322 ), #842, .T. ) ;
#6390 = LINE ( 'NONE', #9561, #6192 ) ;
#6391 = ORIENTED_EDGE ( 'NONE', *, *, #8103, .F. ) ;
#6392 = CARTESIAN_POINT ( 'NONE',  ( 10.24999999999999822, -3.399999999999999911, -0.2499999999999997780 ) ) ;
#6393 = FACE_OUTER_BOUND ( 'NONE', #10041, .T. ) ;
#6394 = ORIENTED_EDGE ( 'NONE', *, *, #7750, .F. ) ;
#6395 = ORIENTED_EDGE ( 'NONE', *, *, #9455, .T. ) ;
#6396 =( LENGTH_UNIT ( ) NAMED_UNIT ( * ) SI_UNIT ( .MILLI., .METRE. ) );
#6397 = STYLED_ITEM ( 'NONE', ( #7664 ), #7439 ) ;
#6398 = DIRECTION ( 'NONE',  ( 0.0000000000000000000, 0.7071067811865445751, 0.7071067811865503483 ) ) ;
#6399 = PRESENTATION_LAYER_ASSIGNMENT (  '', '', ( #4391 ) ) ;
#6400 = SURFACE_SIDE_STYLE ('',( #875 ) ) ;
#6401 = ORIENTED_EDGE ( 'NONE', *, *, #1171, .T. ) ;
#6402 = VECTOR ( 'NONE', #1721, 1000.000000000000000 ) ;
#6403 = FILL_AREA_STYLE_COLOUR ( '', #4812 ) ;
#6404 = COLOUR_RGB ( '',1.000000000000000000, 0.8117647058823529438, 0.5019607843137254832 ) ;
#6405 = EDGE_CURVE ( 'NONE', #5825, #3337, #8165, .T. ) ;
#6406 = EDGE_CURVE ( 'NONE', #640, #2524, #8118, .T. ) ;
#6407 = DIRECTION ( 'NONE',  ( 0.0000000000000000000, 0.0000000000000000000, -1.000000000000000000 ) ) ;
#6408 = SURFACE_SIDE_STYLE ('',( #7954 ) ) ;
#6409 = LINE ( 'NONE', #8726, #6862 ) ;
#6410 = ORIENTED_EDGE ( 'NONE', *, *, #7803, .F. ) ;
#6411 = FILL_AREA_STYLE ('',( #1819 ) ) ;
#6412 = SURFACE_SIDE_STYLE ('',( #8108 ) ) ;
#6413 = CARTESIAN_POINT ( 'NONE',  ( 12.21999999999999886, 4.230000000000001315, 1.700000000000000178 ) ) ;
#6414 = VECTOR ( 'NONE', #6177, 1000.000000000000114 ) ;
#6415 = ORIENTED_EDGE ( 'NONE', *, *, #8032, .F. ) ;
#6416 = VERTEX_POINT ( 'NONE', #4186 ) ;
#6417 = CIRCLE ( 'NONE', #9719, 0.05000000000000019013 ) ;
#6418 = EDGE_CURVE ( 'NONE', #1450, #3219, #1042, .T. ) ;
#6419 = DIRECTION ( 'NONE',  ( -1.000000000000000000, 0.0000000000000000000, -0.0000000000000000000 ) ) ;
#6420 = FILL_AREA_STYLE ('',( #1681 ) ) ;
#6421 = FILL_AREA_STYLE_COLOUR ( '', #2408 ) ;
#6422 = VERTEX_POINT ( 'NONE', #9872 ) ;
#6423 = PRESENTATION_LAYER_ASSIGNMENT (  '', '', ( #591 ) ) ;
#6424 =( GEOMETRIC_REPRESENTATION_CONTEXT ( 3 ) GLOBAL_UNCERTAINTY_ASSIGNED_CONTEXT ( ( #8214 ) ) GLOBAL_UNIT_ASSIGNED_CONTEXT ( ( #8462, #3662, #6099 ) ) REPRESENTATION_CONTEXT ( 'NONE', 'WORKASPACE' ) );
#6425 = AXIS2_PLACEMENT_3D ( 'NONE', #3843, #6835, #3115 ) ;
#6426 = PRESENTATION_LAYER_ASSIGNMENT (  '', '', ( #10063 ) ) ;
#6427 =( NAMED_UNIT ( * ) SI_UNIT ( $, .STERADIAN. ) SOLID_ANGLE_UNIT ( ) );
#6428 = VECTOR ( 'NONE', #3667, 1000.000000000000000 ) ;
#6429 = ORIENTED_EDGE ( 'NONE', *, *, #639, .T. ) ;
#6430 = CARTESIAN_POINT ( 'NONE',  ( 1.750000000000000222, -3.399999999999999911, 0.2500000000000002220 ) ) ;
#6431 = SURFACE_STYLE_USAGE ( .BOTH. , #3508 ) ;
#6432 = PRESENTATION_STYLE_ASSIGNMENT (( #852 ) ) ;
#6433 = UNCERTAINTY_MEASURE_WITH_UNIT (LENGTH_MEASURE( 1.000000000000000082E-05 ), #4372, 'distance_accuracy_value', 'NONE');
#6434 = LINE ( 'NONE', #695, #6216 ) ;
#6435 = ORIENTED_EDGE ( 'NONE', *, *, #9114, .T. ) ;
#6436 = LINE ( 'NONE', #3388, #6136 ) ;
#6437 = ORIENTED_EDGE ( 'NONE', *, *, #9599, .T. ) ;
#6438 = SURFACE_SIDE_STYLE ('',( #4788 ) ) ;
#6439 = DIRECTION ( 'NONE',  ( 1.000000000000000000, 0.0000000000000000000, 0.0000000000000000000 ) ) ;
#6440 = SURFACE_STYLE_USAGE ( .BOTH. , #10095 ) ;
#6441 = VERTEX_POINT ( 'NONE', #5184 ) ;
#6442 = DIRECTION ( 'NONE',  ( -1.000000000000000000, 0.0000000000000000000, -0.0000000000000000000 ) ) ;
#6443 = CARTESIAN_POINT ( 'NONE',  ( 0.0000000000000000000, 0.0000000000000000000, -0.05000000000000012768 ) ) ;
#6444 = PRESENTATION_STYLE_ASSIGNMENT (( #4685 ) ) ;
#6445 = FACE_OUTER_BOUND ( 'NONE', #9344, .T. ) ;
#6446 = ORIENTED_EDGE ( 'NONE', *, *, #9641, .F. ) ;
#6447 = CARTESIAN_POINT ( 'NONE',  ( 13.17999999999999794, 2.250000000000001776, 1.249999999999997558 ) ) ;
#6448 = LINE ( 'NONE', #6345, #8953 ) ;
#6449 = SURFACE_SIDE_STYLE ('',( #9466 ) ) ;
#6450 = VERTEX_POINT ( 'NONE', #412 ) ;
#6451 = DIRECTION ( 'NONE',  ( 1.000000000000000000, 0.0000000000000000000, 0.0000000000000000000 ) ) ;
#6452 = ORIENTED_EDGE ( 'NONE', *, *, #41, .T. ) ;
#6453 = PRESENTATION_STYLE_ASSIGNMENT (( #3302 ) ) ;
#6454 = ADVANCED_FACE ( 'NONE', ( #4382 ), #3616, .F. ) ;
#6455 = SURFACE_STYLE_USAGE ( .BOTH. , #3304 ) ;
#6456 = DIRECTION ( 'NONE',  ( 2.261546562329163656E-17, -1.000000000000000000, 0.0000000000000000000 ) ) ;
#6457 = SURFACE_STYLE_FILL_AREA ( #4121 ) ;
#6458 = ORIENTED_EDGE ( 'NONE', *, *, #6638, .F. ) ;
#6459 = LINE ( 'NONE', #9629, #2948 ) ;
#6460 = MECHANICAL_DESIGN_GEOMETRIC_PRESENTATION_REPRESENTATION (  '', ( #7257 ), #9271 ) ;
#6461 = CARTESIAN_POINT ( 'NONE',  ( 1.250000000000000666, 3.149999999999995470, -2.050000000000001599 ) ) ;
#6462 =( GEOMETRIC_REPRESENTATION_CONTEXT ( 3 ) GLOBAL_UNCERTAINTY_ASSIGNED_CONTEXT ( ( #3797 ) ) GLOBAL_UNIT_ASSIGNED_CONTEXT ( ( #2252, #5451, #4811 ) ) REPRESENTATION_CONTEXT ( 'NONE', 'WORKASPACE' ) );
#6463 =( NAMED_UNIT ( * ) PLANE_ANGLE_UNIT ( ) SI_UNIT ( $, .RADIAN. ) );
#6464 = SURFACE_STYLE_USAGE ( .BOTH. , #8774 ) ;
#6465 = FILL_AREA_STYLE_COLOUR ( '', #7705 ) ;
#6466 = CARTESIAN_POINT ( 'NONE',  ( 1.849999999999997868, -3.399999999999999911, -0.1500000000000021316 ) ) ;
#6467 = ORIENTED_EDGE ( 'NONE', *, *, #5528, .T. ) ;
#6468 = DIRECTION ( 'NONE',  ( -1.000000000000000000, -1.032573497605242347E-16, 0.0000000000000000000 ) ) ;
#6469 = EDGE_CURVE ( 'NONE', #1455, #1023, #8310, .T. ) ;
#6470 = EDGE_CURVE ( 'NONE', #994, #2157, #4230, .T. ) ;
#6471 = AXIS2_PLACEMENT_3D ( 'NONE', #8273, #9020, #9126 ) ;
#6472 = FILL_AREA_STYLE ('',( #8942 ) ) ;
#6473 = CARTESIAN_POINT ( 'NONE',  ( 0.9666666666666643426, -2.516666666666667052, -1.033333333333334325 ) ) ;
#6474 =( NAMED_UNIT ( * ) PLANE_ANGLE_UNIT ( ) SI_UNIT ( $, .RADIAN. ) );
#6475 = VECTOR ( 'NONE', #3960, 1000.000000000000000 ) ;
#6476 =( GEOMETRIC_REPRESENTATION_CONTEXT ( 3 ) GLOBAL_UNCERTAINTY_ASSIGNED_CONTEXT ( ( #7878 ) ) GLOBAL_UNIT_ASSIGNED_CONTEXT ( ( #220, #366, #6705 ) ) REPRESENTATION_CONTEXT ( 'NONE', 'WORKASPACE' ) );
#6477 = EDGE_CURVE ( 'NONE', #8520, #1455, #316, .T. ) ;
#6478 = PRESENTATION_STYLE_ASSIGNMENT (( #3221 ) ) ;
#6479 = ORIENTED_EDGE ( 'NONE', *, *, #8233, .T. ) ;
#6480 = FACE_OUTER_BOUND ( 'NONE', #795, .T. ) ;
#6481 = PRESENTATION_LAYER_ASSIGNMENT (  '', '', ( #818 ) ) ;
#6482 = FACE_OUTER_BOUND ( 'NONE', #410, .T. ) ;
#6483 = ORIENTED_EDGE ( 'NONE', *, *, #5077, .F. ) ;
#6484 = LINE ( 'NONE', #5713, #5998 ) ;
#6485 = FACE_OUTER_BOUND ( 'NONE', #9212, .T. ) ;
#6486 =( LENGTH_UNIT ( ) NAMED_UNIT ( * ) SI_UNIT ( .MILLI., .METRE. ) );
#6487 =( LENGTH_UNIT ( ) NAMED_UNIT ( * ) SI_UNIT ( .MILLI., .METRE. ) );
#6488 = CARTESIAN_POINT ( 'NONE',  ( 5.850000000000001421, -3.399999999999999911, 0.1499999999999990785 ) ) ;
#6489 = ORIENTED_EDGE ( 'NONE', *, *, #7296, .T. ) ;
#6490 = SURFACE_STYLE_USAGE ( .BOTH. , #4989 ) ;
#6491 = STYLED_ITEM ( 'NONE', ( #6927 ), #5958 ) ;
#6492 = FACE_OUTER_BOUND ( 'NONE', #3120, .T. ) ;
#6493 = ORIENTED_EDGE ( 'NONE', *, *, #9620, .F. ) ;
#6494 = LINE ( 'NONE', #90, #6475 ) ;
#6495 = PRESENTATION_STYLE_ASSIGNMENT (( #3346 ) ) ;
#6496 = MECHANICAL_DESIGN_GEOMETRIC_PRESENTATION_REPRESENTATION (  '', ( #3844 ), #8293 ) ;
#6497 = VECTOR ( 'NONE', #4527, 1000.000000000000000 ) ;
#6498 = ORIENTED_EDGE ( 'NONE', *, *, #9951, .T. ) ;
#6499 =( LENGTH_UNIT ( ) NAMED_UNIT ( * ) SI_UNIT ( .MILLI., .METRE. ) );
#6500 =( NAMED_UNIT ( * ) SI_UNIT ( $, .STERADIAN. ) SOLID_ANGLE_UNIT ( ) );
#6501 = DIRECTION ( 'NONE',  ( 1.000000000000000000, 0.0000000000000000000, 0.0000000000000000000 ) ) ;
#6502 = ORIENTED_EDGE ( 'NONE', *, *, #5832, .T. ) ;
#6503 =( LENGTH_UNIT ( ) NAMED_UNIT ( * ) SI_UNIT ( .MILLI., .METRE. ) );
#6504 = DIRECTION ( 'NONE',  ( -0.0000000000000000000, -0.0000000000000000000, -1.000000000000000000 ) ) ;
#6505 = ORIENTED_EDGE ( 'NONE', *, *, #9515, .T. ) ;
#6506 = UNCERTAINTY_MEASURE_WITH_UNIT (LENGTH_MEASURE( 1.000000000000000082E-05 ), #3192, 'distance_accuracy_value', 'NONE');
#6507 = CARTESIAN_POINT ( 'NONE',  ( 1.250000000000000666, 1.149999999999999911, -2.050000000000001599 ) ) ;
#6508 = ORIENTED_EDGE ( 'NONE', *, *, #4226, .F. ) ;
#6509 = EDGE_CURVE ( 'NONE', #5879, #1992, #7322, .T. ) ;
#6510 = VECTOR ( 'NONE', #4752, 1000.000000000000000 ) ;
#6511 = VERTEX_POINT ( 'NONE', #7422 ) ;
#6512 = CARTESIAN_POINT ( 'NONE',  ( 0.7500000000000002220, 3.399999999999999467, -2.050000000000001599 ) ) ;
#6513 = FILL_AREA_STYLE_COLOUR ( '', #223 ) ;
#6514 =( NAMED_UNIT ( * ) PLANE_ANGLE_UNIT ( ) SI_UNIT ( $, .RADIAN. ) );
#6515 = LINE ( 'NONE', #18, #6402 ) ;
#6516 = AXIS2_PLACEMENT_3D ( 'NONE', #830, #3145, #1517 ) ;
#6517 = ORIENTED_EDGE ( 'NONE', *, *, #1358, .F. ) ;
#6518 = VECTOR ( 'NONE', #1803, 1000.000000000000000 ) ;
#6519 = ORIENTED_EDGE ( 'NONE', *, *, #6277, .T. ) ;
#6520 = DIRECTION ( 'NONE',  ( -1.000000000000000000, 3.872150616019660190E-17, -0.0000000000000000000 ) ) ;
#6521 = EDGE_CURVE ( 'NONE', #10170, #4051, #5901, .T. ) ;
#6522 = ADVANCED_FACE ( 'NONE', ( #8213 ), #4328, .T. ) ;
#6523 = SURFACE_STYLE_FILL_AREA ( #4035 ) ;
#6524 = STYLED_ITEM ( 'NONE', ( #458 ), #3307 ) ;
#6525 = ORIENTED_EDGE ( 'NONE', *, *, #7560, .F. ) ;
#6526 = PLANE ( 'NONE',  #6000 ) ;
#6527 = AXIS2_PLACEMENT_3D ( 'NONE', #7582, #4327, #571 ) ;
#6528 =( NAMED_UNIT ( * ) PLANE_ANGLE_UNIT ( ) SI_UNIT ( $, .RADIAN. ) );
#6529 = EDGE_CURVE ( 'NONE', #3284, #3384, #8423, .T. ) ;
#6530 = ORIENTED_EDGE ( 'NONE', *, *, #8414, .F. ) ;
#6531 = LINE ( 'NONE', #2435, #5010 ) ;
#6532 = LINE ( 'NONE', #953, #1247 ) ;
#6533 =( LENGTH_UNIT ( ) NAMED_UNIT ( * ) SI_UNIT ( .MILLI., .METRE. ) );
#6534 = CARTESIAN_POINT ( 'NONE',  ( 8.250000000000000000, -3.299999999999998490, -0.2499999999999997780 ) ) ;
#6535 = PRESENTATION_LAYER_ASSIGNMENT (  '', '', ( #3406 ) ) ;
#6536 = ORIENTED_EDGE ( 'NONE', *, *, #9114, .F. ) ;
#6537 = VECTOR ( 'NONE', #6732, 1000.000000000000000 ) ;
#6538 = FILL_AREA_STYLE ('',( #4835 ) ) ;
#6539 = ORIENTED_EDGE ( 'NONE', *, *, #2065, .T. ) ;
#6540 = EDGE_LOOP ( 'NONE', ( #9137, #7374, #7728, #4296 ) ) ;
#6541 = CARTESIAN_POINT ( 'NONE',  ( 12.14999999999999680, 4.450000000000001066, -1.150000000000002576 ) ) ;
#6542 = STYLED_ITEM ( 'NONE', ( #9172 ), #6922 ) ;
#6543 = CARTESIAN_POINT ( 'NONE',  ( 9.299999999999998934, 0.0000000000000000000, -2.800000000000000266 ) ) ;
#6544 =( GEOMETRIC_REPRESENTATION_CONTEXT ( 3 ) GLOBAL_UNCERTAINTY_ASSIGNED_CONTEXT ( ( #7694 ) ) GLOBAL_UNIT_ASSIGNED_CONTEXT ( ( #5472, #8609, #7139 ) ) REPRESENTATION_CONTEXT ( 'NONE', 'WORKASPACE' ) );
#6545 = ADVANCED_FACE ( 'NONE', ( #6007 ), #8365, .F. ) ;
#6546 = VERTEX_POINT ( 'NONE', #9213 ) ;
#6547 = SURFACE_STYLE_USAGE ( .BOTH. , #3347 ) ;
#6548 = DIRECTION ( 'NONE',  ( -0.7071067811865489050, -0.7071067811865461294, 3.066586833366754193E-16 ) ) ;
#6549 = LINE ( 'NONE', #8237, #5226 ) ;
#6550 = SURFACE_STYLE_USAGE ( .BOTH. , #4163 ) ;
#6551 = DIRECTION ( 'NONE',  ( -1.000000000000000000, 0.0000000000000000000, 0.0000000000000000000 ) ) ;
#6552 = PRESENTATION_STYLE_ASSIGNMENT (( #1804 ) ) ;
#6553 = ORIENTED_EDGE ( 'NONE', *, *, #9951, .F. ) ;
#6554 = ORIENTED_EDGE ( 'NONE', *, *, #588, .F. ) ;
#6555 =( LENGTH_UNIT ( ) NAMED_UNIT ( * ) SI_UNIT ( .MILLI., .METRE. ) );
#6556 = VECTOR ( 'NONE', #3259, 1000.000000000000000 ) ;
#6557 = UNCERTAINTY_MEASURE_WITH_UNIT (LENGTH_MEASURE( 1.000000000000000082E-05 ), #7346, 'distance_accuracy_value', 'NONE');
#6558 = UNCERTAINTY_MEASURE_WITH_UNIT (LENGTH_MEASURE( 1.000000000000000082E-05 ), #8937, 'distance_accuracy_value', 'NONE');
#6559 = SURFACE_STYLE_FILL_AREA ( #4857 ) ;
#6560 = MECHANICAL_DESIGN_GEOMETRIC_PRESENTATION_REPRESENTATION (  '', ( #3907 ), #1731 ) ;
#6561 = CARTESIAN_POINT ( 'NONE',  ( 2.150000000000002132, -3.399999999999999911, -2.800000000000000266 ) ) ;
#6562 = AXIS2_PLACEMENT_3D ( 'NONE', #7227, #3224, #5519 ) ;
#6563 = CARTESIAN_POINT ( 'NONE',  ( -1.350000000000000089, 1.800000000000001155, 1.249999999999996669 ) ) ;
#6564 = LINE ( 'NONE', #2619, #1415 ) ;
#6565 = SURFACE_STYLE_FILL_AREA ( #1672 ) ;
#6566 = MECHANICAL_DESIGN_GEOMETRIC_PRESENTATION_REPRESENTATION (  '', ( #737 ), #2424 ) ;
#6567 = DIRECTION ( 'NONE',  ( 0.5773502691896259531, 0.5773502691896259531, -0.5773502691896255090 ) ) ;
#6568 = AXIS2_PLACEMENT_3D ( 'NONE', #2059, #9242, #5421 ) ;
#6569 = COLOUR_RGB ( '',1.000000000000000000, 0.8117647058823529438, 0.5019607843137254832 ) ;
#6570 =( NAMED_UNIT ( * ) SI_UNIT ( $, .STERADIAN. ) SOLID_ANGLE_UNIT ( ) );
#6571 = CARTESIAN_POINT ( 'NONE',  ( 0.6999999999999992895, 0.0000000000000000000, -2.800000000000000266 ) ) ;
#6572 = VECTOR ( 'NONE', #1324, 1000.000000000000000 ) ;
#6573 = MECHANICAL_DESIGN_GEOMETRIC_PRESENTATION_REPRESENTATION (  '', ( #5264 ), #5270 ) ;
#6574 = CARTESIAN_POINT ( 'NONE',  ( -1.350000000000000089, -15.13439790675532670, -2.350000000000001421 ) ) ;
#6575 = CARTESIAN_POINT ( 'NONE',  ( 12.21999999999999886, 6.000000000000000000, 1.599999999999999867 ) ) ;
#6576 = EDGE_CURVE ( 'NONE', #6861, #9448, #8473, .T. ) ;
#6577 = PRESENTATION_LAYER_ASSIGNMENT (  '', '', ( #93 ) ) ;
#6578 = PLANE ( 'NONE',  #5675 ) ;
#6579 = VECTOR ( 'NONE', #7331, 1000.000000000000000 ) ;
#6580 = LINE ( 'NONE', #7432, #2587 ) ;
#6581 =( NAMED_UNIT ( * ) SI_UNIT ( $, .STERADIAN. ) SOLID_ANGLE_UNIT ( ) );
#6582 = DIRECTION ( 'NONE',  ( 1.000000000000000000, 0.0000000000000000000, 0.0000000000000000000 ) ) ;
#6583 = DIRECTION ( 'NONE',  ( -0.0000000000000000000, 1.000000000000000000, -0.0000000000000000000 ) ) ;
#6584 = VECTOR ( 'NONE', #488, 1000.000000000000000 ) ;
#6585 = MECHANICAL_DESIGN_GEOMETRIC_PRESENTATION_REPRESENTATION (  '', ( #10063 ), #8228 ) ;
#6586 = ORIENTED_EDGE ( 'NONE', *, *, #391, .T. ) ;
#6587 = LINE ( 'NONE', #2645, #4982 ) ;
#6588 = ADVANCED_FACE ( 'NONE', ( #5345 ), #6110, .T. ) ;
#6589 = ADVANCED_FACE ( 'NONE', ( #6858, #9983, #2880, #8530, #6163, #9316, #2195, #1414 ), #4598, .T. ) ;
#6590 = MECHANICAL_DESIGN_GEOMETRIC_PRESENTATION_REPRESENTATION (  '', ( #7396 ), #3109 ) ;
#6591 =( LENGTH_UNIT ( ) NAMED_UNIT ( * ) SI_UNIT ( .MILLI., .METRE. ) );
#6592 = VECTOR ( 'NONE', #3719, 1000.000000000000000 ) ;
#6593 = PRESENTATION_LAYER_ASSIGNMENT (  '', '', ( #1261 ) ) ;
#6594 = ORIENTED_EDGE ( 'NONE', *, *, #2394, .T. ) ;
#6595 = DIRECTION ( 'NONE',  ( 3.872150616019660190E-17, 1.000000000000000000, -0.0000000000000000000 ) ) ;
#6596 = SURFACE_STYLE_USAGE ( .BOTH. , #7493 ) ;
#6597 = CARTESIAN_POINT ( 'NONE',  ( 5.750000000000000000, -3.399999999999999911, -0.2499999999999997780 ) ) ;
#6598 = DIRECTION ( 'NONE',  ( 0.0000000000000000000, 0.0000000000000000000, -1.000000000000000000 ) ) ;
#6599 = DIRECTION ( 'NONE',  ( -9.103382349328301547E-49, -2.350988701644575016E-32, -1.000000000000000000 ) ) ;
#6600 = LINE ( 'NONE', #7947, #6921 ) ;
#6601 = VECTOR ( 'NONE', #5065, 1000.000000000000000 ) ;
#6602 = VERTEX_POINT ( 'NONE', #7205 ) ;
#6603 = ADVANCED_FACE ( 'NONE', ( #1524 ), #9631, .F. ) ;
#6604 = CARTESIAN_POINT ( 'NONE',  ( 7.750000000000000000, 4.999999999999997335, -0.2499999999999997780 ) ) ;
#6605 = FILL_AREA_STYLE_COLOUR ( '', #3364 ) ;
#6606 = SURFACE_SIDE_STYLE ('',( #9094 ) ) ;
#6607 =( NAMED_UNIT ( * ) SI_UNIT ( $, .STERADIAN. ) SOLID_ANGLE_UNIT ( ) );
#6608 = LINE ( 'NONE', #113, #4429 ) ;
#6609 = PLANE ( 'NONE',  #4179 ) ;
#6610 = FILL_AREA_STYLE_COLOUR ( '', #3148 ) ;
#6611 = MECHANICAL_DESIGN_GEOMETRIC_PRESENTATION_REPRESENTATION (  '', ( #1961 ), #297 ) ;
#6612 = CARTESIAN_POINT ( 'NONE',  ( 2.050000000000000266, 5.100000000000001421, -0.1499999999999969136 ) ) ;
#6613 = SURFACE_SIDE_STYLE ('',( #4275 ) ) ;
#6614 = DIRECTION ( 'NONE',  ( -1.000000000000000000, 5.421010862427522170E-17, 0.0000000000000000000 ) ) ;
#6615 = EDGE_LOOP ( 'NONE', ( #2209, #2960, #2814, #3549 ) ) ;
#6616 = ORIENTED_EDGE ( 'NONE', *, *, #9893, .T. ) ;
#6617 =( GEOMETRIC_REPRESENTATION_CONTEXT ( 3 ) GLOBAL_UNCERTAINTY_ASSIGNED_CONTEXT ( ( #3865 ) ) GLOBAL_UNIT_ASSIGNED_CONTEXT ( ( #4783, #3432, #3338 ) ) REPRESENTATION_CONTEXT ( 'NONE', 'WORKASPACE' ) );
#6618 = MECHANICAL_DESIGN_GEOMETRIC_PRESENTATION_REPRESENTATION (  '', ( #5321 ), #3481 ) ;
#6619 = EDGE_CURVE ( 'NONE', #9284, #4865, #17, .T. ) ;
#6620 = DIRECTION ( 'NONE',  ( -3.833233541708433496E-17, -0.7071067811865472397, 0.7071067811865479058 ) ) ;
#6621 = ADVANCED_BREP_SHAPE_REPRESENTATION ( 'JST-B7B-PH-K-S', ( #5267, #8521 ), #5231 ) ;
#6622 = PRESENTATION_LAYER_ASSIGNMENT (  '', '', ( #5652 ) ) ;
#6623 = VECTOR ( 'NONE', #8504, 1000.000000000000000 ) ;
#6624 = VERTEX_POINT ( 'NONE', #5692 ) ;
#6625 = LINE ( 'NONE', #9739, #2998 ) ;
#6626 = SURFACE_SIDE_STYLE ('',( #3470 ) ) ;
#6627 = PLANE ( 'NONE',  #392 ) ;
#6628 = EDGE_CURVE ( 'NONE', #1847, #6640, #9529, .T. ) ;
#6629 = LINE ( 'NONE', #9788, #7505 ) ;
#6630 = FILL_AREA_STYLE ('',( #1100 ) ) ;
#6631 = SURFACE_SIDE_STYLE ('',( #433 ) ) ;
#6632 = CARTESIAN_POINT ( 'NONE',  ( 1.749999999999999778, 0.2000000000000000111, -0.2499999999999997780 ) ) ;
#6633 = VERTEX_POINT ( 'NONE', #8730 ) ;
#6634 = CARTESIAN_POINT ( 'NONE',  ( 5.750000000000000000, -3.299999999999998490, -0.2499999999999997780 ) ) ;
#6635 = CARTESIAN_POINT ( 'NONE',  ( 12.21999999999999709, 2.250000000000001776, 1.249999999999997558 ) ) ;
#6636 = AXIS2_PLACEMENT_3D ( 'NONE', #1750, #4948, #238 ) ;
#6637 =( NAMED_UNIT ( * ) SI_UNIT ( $, .STERADIAN. ) SOLID_ANGLE_UNIT ( ) );
#6638 = EDGE_CURVE ( 'NONE', #3219, #7884, #10191, .T. ) ;
#6639 = VECTOR ( 'NONE', #6324, 1000.000000000000000 ) ;
#6640 = VERTEX_POINT ( 'NONE', #1618 ) ;
#6641 = CARTESIAN_POINT ( 'NONE',  ( 4.250000000000000000, -3.399999999999999911, -0.1499999999999986622 ) ) ;
#6642 = DIRECTION ( 'NONE',  ( -3.872150616019660190E-17, -1.000000000000000000, 0.0000000000000000000 ) ) ;
#6643 = EDGE_CURVE ( 'NONE', #1986, #5797, #4912, .T. ) ;
#6644 = LINE ( 'NONE', #9844, #9979 ) ;
#6645 = ORIENTED_EDGE ( 'NONE', *, *, #5747, .T. ) ;
#6646 = ORIENTED_EDGE ( 'NONE', *, *, #5022, .F. ) ;
#6647 = UNCERTAINTY_MEASURE_WITH_UNIT (LENGTH_MEASURE( 1.000000000000000082E-05 ), #244, 'distance_accuracy_value', 'NONE');
#6648 = PRESENTATION_LAYER_ASSIGNMENT (  '', '', ( #6003 ) ) ;
#6649 = ORIENTED_EDGE ( 'NONE', *, *, #4048, .T. ) ;
#6650 = PRESENTATION_STYLE_ASSIGNMENT (( #448 ) ) ;
#6651 =( NAMED_UNIT ( * ) SI_UNIT ( $, .STERADIAN. ) SOLID_ANGLE_UNIT ( ) );
#6652 = FACE_OUTER_BOUND ( 'NONE', #5238, .T. ) ;
#6653 = DIRECTION ( 'NONE',  ( -0.7071067811865489050, -0.7071067811865461294, 3.066586833366754193E-16 ) ) ;
#6654 = EDGE_CURVE ( 'NONE', #1579, #959, #8640, .T. ) ;
#6655 = SURFACE_SIDE_STYLE ('',( #8881 ) ) ;
#6656 = VECTOR ( 'NONE', #1552, 1000.000000000000000 ) ;
#6657 = STYLED_ITEM ( 'NONE', ( #10182 ), #4952 ) ;
#6658 =( LENGTH_UNIT ( ) NAMED_UNIT ( * ) SI_UNIT ( .MILLI., .METRE. ) );
#6659 = SURFACE_STYLE_USAGE ( .BOTH. , #2926 ) ;
#6660 =( LENGTH_UNIT ( ) NAMED_UNIT ( * ) SI_UNIT ( .MILLI., .METRE. ) );
#6661 = EDGE_CURVE ( 'NONE', #3747, #9601, #9477, .T. ) ;
#6662 = ORIENTED_EDGE ( 'NONE', *, *, #3053, .T. ) ;
#6663 = CARTESIAN_POINT ( 'NONE',  ( 12.08333333333333570, 5.166666666666665186, -0.08333333333333370341 ) ) ;
#6664 = UNCERTAINTY_MEASURE_WITH_UNIT (LENGTH_MEASURE( 1.000000000000000082E-05 ), #5536, 'distance_accuracy_value', 'NONE');
#6665 = CARTESIAN_POINT ( 'NONE',  ( -1.180000000000000382, 4.229999999999999538, -2.801000000000000600 ) ) ;
#6666 = CARTESIAN_POINT ( 'NONE',  ( 9.750000000000000000, -3.299999999999998490, -0.2499999999999997780 ) ) ;
#6667 = FACE_OUTER_BOUND ( 'NONE', #5041, .T. ) ;
#6668 = LINE ( 'NONE', #951, #8047 ) ;
#6669 = EDGE_CURVE ( 'NONE', #4303, #1986, #3361, .T. ) ;
#6670 = ORIENTED_EDGE ( 'NONE', *, *, #5647, .F. ) ;
#6671 = FILL_AREA_STYLE ('',( #8129 ) ) ;
#6672 =( NAMED_UNIT ( * ) PLANE_ANGLE_UNIT ( ) SI_UNIT ( $, .RADIAN. ) );
#6673 = ORIENTED_EDGE ( 'NONE', *, *, #2242, .T. ) ;
#6674 = PRESENTATION_LAYER_ASSIGNMENT (  '', '', ( #2030 ) ) ;
#6675 =( GEOMETRIC_REPRESENTATION_CONTEXT ( 3 ) GLOBAL_UNCERTAINTY_ASSIGNED_CONTEXT ( ( #6167 ) ) GLOBAL_UNIT_ASSIGNED_CONTEXT ( ( #4756, #3980, #10190 ) ) REPRESENTATION_CONTEXT ( 'NONE', 'WORKASPACE' ) );
#6676 = SURFACE_STYLE_USAGE ( .BOTH. , #5099 ) ;
#6677 = ORIENTED_EDGE ( 'NONE', *, *, #4048, .F. ) ;
#6678 =( LENGTH_UNIT ( ) NAMED_UNIT ( * ) SI_UNIT ( .MILLI., .METRE. ) );
#6679 =( NAMED_UNIT ( * ) PLANE_ANGLE_UNIT ( ) SI_UNIT ( $, .RADIAN. ) );
#6680 = ORIENTED_EDGE ( 'NONE', *, *, #481, .F. ) ;
#6681 = LINE ( 'NONE', #1019, #369 ) ;
#6682 = LINE ( 'NONE', #6082, #443 ) ;
#6683 = ORIENTED_EDGE ( 'NONE', *, *, #8657, .F. ) ;
#6684 = SURFACE_STYLE_USAGE ( .BOTH. , #442 ) ;
#6685 = EDGE_LOOP ( 'NONE', ( #5548, #3200, #4510, #8516 ) ) ;
#6686 =( GEOMETRIC_REPRESENTATION_CONTEXT ( 3 ) GLOBAL_UNCERTAINTY_ASSIGNED_CONTEXT ( ( #6234 ) ) GLOBAL_UNIT_ASSIGNED_CONTEXT ( ( #6795, #1740, #3135 ) ) REPRESENTATION_CONTEXT ( 'NONE', 'WORKASPACE' ) );
#6687 = EDGE_CURVE ( 'NONE', #7089, #8452, #4314, .T. ) ;
#6688 = STYLED_ITEM ( 'NONE', ( #9434 ), #6621 ) ;
#6689 = EDGE_CURVE ( 'NONE', #559, #9355, #1177, .T. ) ;
#6690 = DIRECTION ( 'NONE',  ( 4.336808689942017736E-16, 0.0000000000000000000, 1.000000000000000000 ) ) ;
#6691 = EDGE_LOOP ( 'NONE', ( #6029, #8089, #4959, #7710 ) ) ;
#6692 =( NAMED_UNIT ( * ) SI_UNIT ( $, .STERADIAN. ) SOLID_ANGLE_UNIT ( ) );
#6693 = DIRECTION ( 'NONE',  ( 4.336808689942017736E-16, 0.0000000000000000000, 1.000000000000000000 ) ) ;
#6694 =( NAMED_UNIT ( * ) SI_UNIT ( $, .STERADIAN. ) SOLID_ANGLE_UNIT ( ) );
#6695 = COLOUR_RGB ( '',1.000000000000000000, 1.000000000000000000, 1.000000000000000000 ) ;
#6696 = CARTESIAN_POINT ( 'NONE',  ( 5.750000000000000000, -3.399999999999999911, -0.2499999999999997780 ) ) ;
#6697 =( NAMED_UNIT ( * ) SI_UNIT ( $, .STERADIAN. ) SOLID_ANGLE_UNIT ( ) );
#6698 = FILL_AREA_STYLE ('',( #3548 ) ) ;
#6699 =( LENGTH_UNIT ( ) NAMED_UNIT ( * ) SI_UNIT ( .MILLI., .METRE. ) );
#6700 = ADVANCED_FACE ( 'NONE', ( #3497 ), #9670, .T. ) ;
#6701 = COLOUR_RGB ( '',1.000000000000000000, 0.8117647058823529438, 0.5019607843137254832 ) ;
#6702 = ADVANCED_FACE ( 'NONE', ( #5170 ), #7261, .F. ) ;
#6703 = CARTESIAN_POINT ( 'NONE',  ( 3.750000000000000444, 4.999999999999997335, 0.2500000000000002220 ) ) ;
#6704 = SURFACE_SIDE_STYLE ('',( #4480 ) ) ;
#6705 =( NAMED_UNIT ( * ) SI_UNIT ( $, .STERADIAN. ) SOLID_ANGLE_UNIT ( ) );
#6706 = AXIS2_PLACEMENT_3D ( 'NONE', #1540, #2438, #9498 ) ;
#6707 = VERTEX_POINT ( 'NONE', #1820 ) ;
#6708 = ADVANCED_FACE ( 'NONE', ( #5788 ), #5839, .F. ) ;
#6709 = AXIS2_PLACEMENT_3D ( 'NONE', #2480, #6366, #26 ) ;
#6710 = DIRECTION ( 'NONE',  ( 0.0000000000000000000, -1.000000000000000000, 0.0000000000000000000 ) ) ;
#6711 = SURFACE_SIDE_STYLE ('',( #9828 ) ) ;
#6712 = ORIENTED_EDGE ( 'NONE', *, *, #6521, .T. ) ;
#6713 = DIRECTION ( 'NONE',  ( 0.0000000000000000000, 0.0000000000000000000, 1.000000000000000000 ) ) ;
#6714 = CARTESIAN_POINT ( 'NONE',  ( 13.69999999999999751, 6.000000000000000000, 1.599999999999997202 ) ) ;
#6715 =( NAMED_UNIT ( * ) SI_UNIT ( $, .STERADIAN. ) SOLID_ANGLE_UNIT ( ) );
#6716 = ORIENTED_EDGE ( 'NONE', *, *, #717, .T. ) ;
#6717 = LINE ( 'NONE', #8176, #8184 ) ;
#6718 = EDGE_LOOP ( 'NONE', ( #7326, #9940, #5530, #719 ) ) ;
#6719 = CARTESIAN_POINT ( 'NONE',  ( 2.699999999999999734, 0.1999999999999999833, -2.800000000000000266 ) ) ;
#6720 = ORIENTED_EDGE ( 'NONE', *, *, #9746, .F. ) ;
#6721 = CARTESIAN_POINT ( 'NONE',  ( 2.699999999999999734, 0.1999999999999999833, 1.700000000000000178 ) ) ;
#6722 = STYLED_ITEM ( 'NONE', ( #8344 ), #8262 ) ;
#6723 = DIRECTION ( 'NONE',  ( 1.000000000000000000, 0.0000000000000000000, 0.0000000000000000000 ) ) ;
#6724 = CARTESIAN_POINT ( 'NONE',  ( 0.05000000000000012768, 0.0000000000000000000, -2.050000000000001599 ) ) ;
#6725 = VECTOR ( 'NONE', #907, 1000.000000000000114 ) ;
#6726 =( GEOMETRIC_REPRESENTATION_CONTEXT ( 3 ) GLOBAL_UNCERTAINTY_ASSIGNED_CONTEXT ( ( #3536 ) ) GLOBAL_UNIT_ASSIGNED_CONTEXT ( ( #1539, #8798, #5620 ) ) REPRESENTATION_CONTEXT ( 'NONE', 'WORKASPACE' ) );
#6727 = ORIENTED_EDGE ( 'NONE', *, *, #3664, .T. ) ;
#6728 = LINE ( 'NONE', #9953, #1825 ) ;
#6729 = LINE ( 'NONE', #5105, #7543 ) ;
#6730 = CARTESIAN_POINT ( 'NONE',  ( 2.250000000000000000, -3.399999999999999911, -0.1500000000000021316 ) ) ;
#6731 = DIRECTION ( 'NONE',  ( -3.833233541708420554E-17, -0.7071067811865447972, -0.7071067811865502373 ) ) ;
#6732 = DIRECTION ( 'NONE',  ( 0.0000000000000000000, -0.0000000000000000000, 1.000000000000000000 ) ) ;
#6733 = CARTESIAN_POINT ( 'NONE',  ( -0.2500000000000013323, 0.2000000000000000111, -2.800000000000000266 ) ) ;
#6734 = ORIENTED_EDGE ( 'NONE', *, *, #7850, .T. ) ;
#6735 = ORIENTED_EDGE ( 'NONE', *, *, #1829, .F. ) ;
#6736 =( GEOMETRIC_REPRESENTATION_CONTEXT ( 3 ) GLOBAL_UNCERTAINTY_ASSIGNED_CONTEXT ( ( #9056 ) ) GLOBAL_UNIT_ASSIGNED_CONTEXT ( ( #1734, #2150, #1140 ) ) REPRESENTATION_CONTEXT ( 'NONE', 'WORKASPACE' ) );
#6737 =( GEOMETRIC_REPRESENTATION_CONTEXT ( 3 ) GLOBAL_UNCERTAINTY_ASSIGNED_CONTEXT ( ( #5684 ) ) GLOBAL_UNIT_ASSIGNED_CONTEXT ( ( #8376, #9176, #9302 ) ) REPRESENTATION_CONTEXT ( 'NONE', 'WORKASPACE' ) );
#6738 = AXIS2_PLACEMENT_3D ( 'NONE', #5740, #9716, #1073 ) ;
#6739 = EDGE_CURVE ( 'NONE', #7597, #9586, #7513, .T. ) ;
#6740 = UNCERTAINTY_MEASURE_WITH_UNIT (LENGTH_MEASURE( 1.000000000000000082E-05 ), #664, 'distance_accuracy_value', 'NONE');
#6741 =( NAMED_UNIT ( * ) SI_UNIT ( $, .STERADIAN. ) SOLID_ANGLE_UNIT ( ) );
#6742 =( LENGTH_UNIT ( ) NAMED_UNIT ( * ) SI_UNIT ( .MILLI., .METRE. ) );
#6743 = ORIENTED_EDGE ( 'NONE', *, *, #1795, .T. ) ;
#6744 = COLOUR_RGB ( '',1.000000000000000000, 0.8117647058823529438, 0.5019607843137254832 ) ;
#6745 = FILL_AREA_STYLE ('',( #553 ) ) ;
#6746 = ORIENTED_EDGE ( 'NONE', *, *, #8414, .T. ) ;
#6747 = MECHANICAL_DESIGN_GEOMETRIC_PRESENTATION_REPRESENTATION (  '', ( #5460 ), #3127 ) ;
#6748 = AXIS2_PLACEMENT_3D ( 'NONE', #8975, #820, #8043 ) ;
#6749 = DIRECTION ( 'NONE',  ( -1.000000000000000000, 3.872150616019660190E-17, 0.0000000000000000000 ) ) ;
#6750 = DIRECTION ( 'NONE',  ( -1.000000000000000000, 0.0000000000000000000, -0.0000000000000000000 ) ) ;
#6751 = SURFACE_SIDE_STYLE ('',( #5068 ) ) ;
#6752 = CARTESIAN_POINT ( 'NONE',  ( 9.750000000000000000, -3.299999999999998490, 0.2500000000000002220 ) ) ;
#6753 = EDGE_CURVE ( 'NONE', #2846, #2281, #8453, .T. ) ;
#6754 = DIRECTION ( 'NONE',  ( 0.7071067811865475727, -0.7071067811865475727, 1.662400053425836136E-32 ) ) ;
#6755 = FILL_AREA_STYLE_COLOUR ( '', #1634 ) ;
#6756 = COLOUR_RGB ( '',1.000000000000000000, 0.8117647058823529438, 0.5019607843137254832 ) ;
#6757 = FILL_AREA_STYLE_COLOUR ( '', #5212 ) ;
#6758 = DIRECTION ( 'NONE',  ( -9.103382349328301547E-49, -2.350988701644575016E-32, -1.000000000000000000 ) ) ;
#6759 = CARTESIAN_POINT ( 'NONE',  ( 3.750000000000000444, -3.399999999999999911, -0.2499999999999997780 ) ) ;
#6760 = ORIENTED_EDGE ( 'NONE', *, *, #2963, .T. ) ;
#6761 = SURFACE_STYLE_USAGE ( .BOTH. , #8420 ) ;
#6762 = FACE_OUTER_BOUND ( 'NONE', #8792, .T. ) ;
#6763 = CARTESIAN_POINT ( 'NONE',  ( -0.2500000000000004441, -3.300000000000002043, -0.2499999999999997780 ) ) ;
#6764 = ADVANCED_FACE ( 'NONE', ( #9261 ), #1400, .F. ) ;
#6765 = EDGE_CURVE ( 'NONE', #9601, #10097, #2236, .T. ) ;
#6766 = CARTESIAN_POINT ( 'NONE',  ( -0.2200000000000003619, 4.229999999999999538, -2.801000000000000600 ) ) ;
#6767 = VECTOR ( 'NONE', #4818, 1000.000000000000000 ) ;
#6768 = DIRECTION ( 'NONE',  ( 0.0000000000000000000, 0.0000000000000000000, -1.000000000000000000 ) ) ;
#6769 = SURFACE_STYLE_USAGE ( .BOTH. , #470 ) ;
#6770 = CARTESIAN_POINT ( 'NONE',  ( 13.95000000000000107, 6.000000000000000000, 1.699999999999999289 ) ) ;
#6771 = DIRECTION ( 'NONE',  ( -9.103382349328301547E-49, -2.350988701644575016E-32, -1.000000000000000000 ) ) ;
#6772 = COLOUR_RGB ( '',1.000000000000000000, 1.000000000000000000, 1.000000000000000000 ) ;
#6773 = CARTESIAN_POINT ( 'NONE',  ( 3.750000000000001332, 4.999999999999997335, -0.2499999999999997780 ) ) ;
#6774 = CARTESIAN_POINT ( 'NONE',  ( -1.350000000000000089, 5.649999999999993250, 1.249999999999997558 ) ) ;
#6775 = EDGE_CURVE ( 'NONE', #957, #10097, #7732, .T. ) ;
#6776 = SURFACE_STYLE_USAGE ( .BOTH. , #3633 ) ;
#6777 = VECTOR ( 'NONE', #4195, 1000.000000000000000 ) ;
#6778 = LINE ( 'NONE', #8964, #9128 ) ;
#6779 = VERTEX_POINT ( 'NONE', #398 ) ;
#6780 = DIRECTION ( 'NONE',  ( 1.000000000000000000, -5.421010862427522170E-17, 0.0000000000000000000 ) ) ;
#6781 = DIRECTION ( 'NONE',  ( 0.0000000000000000000, 0.0000000000000000000, 1.000000000000000000 ) ) ;
#6782 = ORIENTED_EDGE ( 'NONE', *, *, #6222, .T. ) ;
#6783 =( LENGTH_UNIT ( ) NAMED_UNIT ( * ) SI_UNIT ( .MILLI., .METRE. ) );
#6784 = ORIENTED_EDGE ( 'NONE', *, *, #4628, .T. ) ;
#6785 = ORIENTED_EDGE ( 'NONE', *, *, #1700, .F. ) ;
#6786 = STYLED_ITEM ( 'NONE', ( #1432 ), #4349 ) ;
#6787 = VECTOR ( 'NONE', #5954, 1000.000000000000000 ) ;
#6788 = EDGE_LOOP ( 'NONE', ( #8533, #4564, #5997, #4627 ) ) ;
#6789 =( GEOMETRIC_REPRESENTATION_CONTEXT ( 3 ) GLOBAL_UNCERTAINTY_ASSIGNED_CONTEXT ( ( #7978 ) ) GLOBAL_UNIT_ASSIGNED_CONTEXT ( ( #3972, #5387, #1609 ) ) REPRESENTATION_CONTEXT ( 'NONE', 'WORKASPACE' ) );
#6790 = VECTOR ( 'NONE', #333, 1000.000000000000000 ) ;
#6791 = CARTESIAN_POINT ( 'NONE',  ( 13.94999999999999751, 1.380000000000003890, 1.700000000000000178 ) ) ;
#6792 = DIRECTION ( 'NONE',  ( 1.000000000000000000, 1.927470528863119542E-16, -0.0000000000000000000 ) ) ;
#6793 = FILL_AREA_STYLE_COLOUR ( '', #6273 ) ;
#6794 = ADVANCED_FACE ( 'NONE', ( #3600 ), #6944, .F. ) ;
#6795 =( LENGTH_UNIT ( ) NAMED_UNIT ( * ) SI_UNIT ( .MILLI., .METRE. ) );
#6796 =( LENGTH_UNIT ( ) NAMED_UNIT ( * ) SI_UNIT ( .MILLI., .METRE. ) );
#6797 = PLANE ( 'NONE',  #8169 ) ;
#6798 = ORIENTED_EDGE ( 'NONE', *, *, #10196, .T. ) ;
#6799 =( NAMED_UNIT ( * ) SI_UNIT ( $, .STERADIAN. ) SOLID_ANGLE_UNIT ( ) );
#6800 = CARTESIAN_POINT ( 'NONE',  ( 7.249999999999999112, 1.149999999999999911, -2.050000000000001599 ) ) ;
#6801 = VECTOR ( 'NONE', #465, 1000.000000000000000 ) ;
#6802 = DIRECTION ( 'NONE',  ( 1.772909212869378935E-16, -1.000000000000000000, 0.0000000000000000000 ) ) ;
#6803 = LINE ( 'NONE', #9977, #10110 ) ;
#6804 =( LENGTH_UNIT ( ) NAMED_UNIT ( * ) SI_UNIT ( .MILLI., .METRE. ) );
#6805 = VERTEX_POINT ( 'NONE', #7291 ) ;
#6806 = SURFACE_SIDE_STYLE ('',( #2828 ) ) ;
#6807 = STYLED_ITEM ( 'NONE', ( #1070 ), #2951 ) ;
#6808 = VERTEX_POINT ( 'NONE', #2493 ) ;
#6809 = DIRECTION ( 'NONE',  ( -1.000000000000000000, -0.0000000000000000000, -0.0000000000000000000 ) ) ;
#6810 = ORIENTED_EDGE ( 'NONE', *, *, #3185, .T. ) ;
#6811 = CARTESIAN_POINT ( 'NONE',  ( 13.34999999999999787, 1.800000000000001155, 1.249999999999997558 ) ) ;
#6812 = DIRECTION ( 'NONE',  ( -0.7071067811865489050, -0.7071067811865461294, 3.066586833366754193E-16 ) ) ;
#6813 = PRESENTATION_STYLE_ASSIGNMENT (( #7475 ) ) ;
#6814 = CARTESIAN_POINT ( 'NONE',  ( 10.75000000000000000, 3.399999999999999467, -2.350000000000001865 ) ) ;
#6815 = PRESENTATION_LAYER_ASSIGNMENT (  '', '', ( #508 ) ) ;
#6816 = EDGE_CURVE ( 'NONE', #1847, #8296, #7238, .T. ) ;
#6817 = EDGE_CURVE ( 'NONE', #4444, #8963, #9693, .T. ) ;
#6818 = CARTESIAN_POINT ( 'NONE',  ( 13.95000000000000107, 0.0000000000000000000, -2.800000000000000711 ) ) ;
#6819 = ORIENTED_EDGE ( 'NONE', *, *, #8483, .F. ) ;
#6820 = DIRECTION ( 'NONE',  ( 0.7071067811865520136, -0.7071067811865431318, -3.066586833366767505E-16 ) ) ;
#6821 =( NAMED_UNIT ( * ) PLANE_ANGLE_UNIT ( ) SI_UNIT ( $, .RADIAN. ) );
#6822 =( NAMED_UNIT ( * ) SI_UNIT ( $, .STERADIAN. ) SOLID_ANGLE_UNIT ( ) );
#6823 =( LENGTH_UNIT ( ) NAMED_UNIT ( * ) SI_UNIT ( .MILLI., .METRE. ) );
#6824 = EDGE_LOOP ( 'NONE', ( #9612, #9682, #6437, #6965 ) ) ;
#6825 =( NAMED_UNIT ( * ) SI_UNIT ( $, .STERADIAN. ) SOLID_ANGLE_UNIT ( ) );
#6826 = ORIENTED_EDGE ( 'NONE', *, *, #5846, .F. ) ;
#6827 =( LENGTH_UNIT ( ) NAMED_UNIT ( * ) SI_UNIT ( .MILLI., .METRE. ) );
#6828 = AXIS2_PLACEMENT_3D ( 'NONE', #7536, #7699, #580 ) ;
#6829 = PLANE ( 'NONE',  #9115 ) ;
#6830 = COLOUR_RGB ( '',1.000000000000000000, 1.000000000000000000, 1.000000000000000000 ) ;
#6831 = EDGE_CURVE ( 'NONE', #8910, #1262, #5718, .T. ) ;
#6832 = CARTESIAN_POINT ( 'NONE',  ( 12.25000000000000000, -3.299999999999998490, 0.2500000000000002220 ) ) ;
#6833 = SURFACE_STYLE_USAGE ( .BOTH. , #537 ) ;
#6834 = ORIENTED_EDGE ( 'NONE', *, *, #8551, .F. ) ;
#6835 = DIRECTION ( 'NONE',  ( -0.0000000000000000000, 0.7071067811865500152, 0.7071067811865451302 ) ) ;
#6836 = SURFACE_STYLE_FILL_AREA ( #2955 ) ;
#6837 = SURFACE_STYLE_USAGE ( .BOTH. , #8439 ) ;
#6838 = VERTEX_POINT ( 'NONE', #4145 ) ;
#6839 = EDGE_CURVE ( 'NONE', #4887, #9180, #6997, .T. ) ;
#6840 = PRESENTATION_LAYER_ASSIGNMENT (  '', '', ( #5877 ) ) ;
#6841 = PLANE ( 'NONE',  #4020 ) ;
#6842 = LINE ( 'NONE', #8195, #7915 ) ;
#6843 = ORIENTED_EDGE ( 'NONE', *, *, #5708, .F. ) ;
#6844 = SURFACE_STYLE_FILL_AREA ( #2913 ) ;
#6845 = FACE_OUTER_BOUND ( 'NONE', #5748, .T. ) ;
#6846 = DIRECTION ( 'NONE',  ( 0.5773502691896241767, -0.5773502691896268413, -0.5773502691896262862 ) ) ;
#6847 = ORIENTED_EDGE ( 'NONE', *, *, #4151, .F. ) ;
#6848 = PLANE ( 'NONE',  #3690 ) ;
#6849 =( GEOMETRIC_REPRESENTATION_CONTEXT ( 3 ) GLOBAL_UNCERTAINTY_ASSIGNED_CONTEXT ( ( #5427 ) ) GLOBAL_UNIT_ASSIGNED_CONTEXT ( ( #5941, #4219, #1768 ) ) REPRESENTATION_CONTEXT ( 'NONE', 'WORKASPACE' ) );
#6850 =( NAMED_UNIT ( * ) SI_UNIT ( $, .STERADIAN. ) SOLID_ANGLE_UNIT ( ) );
#6851 = SURFACE_STYLE_FILL_AREA ( #3713 ) ;
#6852 = CARTESIAN_POINT ( 'NONE',  ( 11.85000000000000142, -3.399999999999999911, -0.1499999999999986622 ) ) ;
#6853 = CARTESIAN_POINT ( 'NONE',  ( -1.699999999999999734, 6.000000000000000000, -0.6800000000000000488 ) ) ;
#6854 = PLANE ( 'NONE',  #10207 ) ;
#6856 = VERTEX_POINT ( 'NONE', #7056 ) ;
#6855 = EDGE_LOOP ( 'NONE', ( #9091, #587, #7390, #5635 ) ) ;
#6857 = SURFACE_STYLE_FILL_AREA ( #517 ) ;
#6858 = FACE_OUTER_BOUND ( 'NONE', #9132, .T. ) ;
#6859 = FILL_AREA_STYLE_COLOUR ( '', #10128 ) ;
#6860 = UNCERTAINTY_MEASURE_WITH_UNIT (LENGTH_MEASURE( 1.000000000000000082E-05 ), #194, 'distance_accuracy_value', 'NONE');
#6861 = VERTEX_POINT ( 'NONE', #8804 ) ;
#6862 = VECTOR ( 'NONE', #3977, 1000.000000000000000 ) ;
#6863 =( NAMED_UNIT ( * ) PLANE_ANGLE_UNIT ( ) SI_UNIT ( $, .RADIAN. ) );
#6864 = COLOUR_RGB ( '',1.000000000000000000, 0.8117647058823529438, 0.5019607843137254832 ) ;
#6865 = FILL_AREA_STYLE_COLOUR ( '', #5179 ) ;
#6866 = FILL_AREA_STYLE_COLOUR ( '', #9865 ) ;
#6867 = EDGE_LOOP ( 'NONE', ( #2539, #1861, #3476, #4617 ) ) ;
#6868 = ADVANCED_FACE ( 'NONE', ( #662 ), #230, .F. ) ;
#6869 = SURFACE_STYLE_FILL_AREA ( #3734 ) ;
#6870 = STYLED_ITEM ( 'NONE', ( #6076 ), #7451 ) ;
#6871 = FILL_AREA_STYLE_COLOUR ( '', #5986 ) ;
#6872 = CARTESIAN_POINT ( 'NONE',  ( 3.299999999999999378, 0.2000000000000000389, -0.2499999999999997780 ) ) ;
#6873 = LINE ( 'NONE', #6923, #4941 ) ;
#6874 = ORIENTED_EDGE ( 'NONE', *, *, #2905, .T. ) ;
#6875 = DIRECTION ( 'NONE',  ( 4.336808689942017736E-16, 0.0000000000000000000, 1.000000000000000000 ) ) ;
#6876 = ORIENTED_EDGE ( 'NONE', *, *, #3922, .T. ) ;
#6877 = DIRECTION ( 'NONE',  ( 0.0000000000000000000, -1.000000000000000000, 0.0000000000000000000 ) ) ;
#6878 = ORIENTED_EDGE ( 'NONE', *, *, #8427, .F. ) ;
#6879 = PRESENTATION_STYLE_ASSIGNMENT (( #7667 ) ) ;
#6880 = ORIENTED_EDGE ( 'NONE', *, *, #3809, .F. ) ;
#6881 = EDGE_CURVE ( 'NONE', #4624, #233, #958, .T. ) ;
#6882 = CARTESIAN_POINT ( 'NONE',  ( 3.750000000000000444, -3.399999999999999911, 0.2500000000000002220 ) ) ;
#6883 = ORIENTED_EDGE ( 'NONE', *, *, #408, .F. ) ;
#6884 = EDGE_CURVE ( 'NONE', #8185, #6441, #5760, .T. ) ;
#6885 = MECHANICAL_DESIGN_GEOMETRIC_PRESENTATION_REPRESENTATION (  '', ( #1584 ), #257 ) ;
#6886 = FILL_AREA_STYLE_COLOUR ( '', #8769 ) ;
#6887 = PLANE ( 'NONE',  #9876 ) ;
#6888 =( LENGTH_UNIT ( ) NAMED_UNIT ( * ) SI_UNIT ( .MILLI., .METRE. ) );
#6889 = PLANE ( 'NONE',  #7900 ) ;
#6890 = LINE ( 'NONE', #6447, #8583 ) ;
#6891 = ORIENTED_EDGE ( 'NONE', *, *, #8671, .T. ) ;
#6892 = EDGE_LOOP ( 'NONE', ( #10216, #2229, #4600, #8257 ) ) ;
#6893 =( GEOMETRIC_REPRESENTATION_CONTEXT ( 3 ) GLOBAL_UNCERTAINTY_ASSIGNED_CONTEXT ( ( #6506 ) ) GLOBAL_UNIT_ASSIGNED_CONTEXT ( ( #3192, #4737, #5538 ) ) REPRESENTATION_CONTEXT ( 'NONE', 'WORKASPACE' ) );
#6894 =( LENGTH_UNIT ( ) NAMED_UNIT ( * ) SI_UNIT ( .MILLI., .METRE. ) );
#6895 = PRESENTATION_LAYER_ASSIGNMENT (  '', '', ( #263 ) ) ;
#6896 = ADVANCED_FACE ( 'NONE', ( #2297 ), #9744, .F. ) ;
#6897 = CARTESIAN_POINT ( 'NONE',  ( 13.17999999999999794, 2.250000000000001776, -2.801000000000000600 ) ) ;
#6898 = DIRECTION ( 'NONE',  ( 1.000000000000000000, 0.0000000000000000000, 0.0000000000000000000 ) ) ;
#6899 = FACE_OUTER_BOUND ( 'NONE', #5265, .T. ) ;
#6900 = PRESENTATION_LAYER_ASSIGNMENT (  '', '', ( #4971 ) ) ;
#6901 = UNCERTAINTY_MEASURE_WITH_UNIT (LENGTH_MEASURE( 1.000000000000000082E-05 ), #5830, 'distance_accuracy_value', 'NONE');
#6902 = PRESENTATION_STYLE_ASSIGNMENT (( #568 ) ) ;
#6903 = CARTESIAN_POINT ( 'NONE',  ( 3.750000000000000444, -3.399999999999999911, -0.2499999999999997780 ) ) ;
#6904 = ORIENTED_EDGE ( 'NONE', *, *, #2235, .F. ) ;
#6905 = DIRECTION ( 'NONE',  ( -5.421010862427522170E-17, -1.000000000000000000, 2.350988701644575016E-32 ) ) ;
#6906 = ORIENTED_EDGE ( 'NONE', *, *, #1055, .F. ) ;
#6907 = FILL_AREA_STYLE ('',( #1299 ) ) ;
#6908 = FILL_AREA_STYLE ('',( #8424 ) ) ;
#6909 = VERTEX_POINT ( 'NONE', #6774 ) ;
#6910 = COLOUR_RGB ( '',1.000000000000000000, 1.000000000000000000, 1.000000000000000000 ) ;
#6911 = COLOUR_RGB ( '',1.000000000000000000, 0.8117647058823529438, 0.5019607843137254832 ) ;
#6912 = SURFACE_STYLE_USAGE ( .BOTH. , #3930 ) ;
#6913 = DIRECTION ( 'NONE',  ( 1.000000000000000000, 0.0000000000000000000, 0.0000000000000000000 ) ) ;
#6914 = ORIENTED_EDGE ( 'NONE', *, *, #7723, .T. ) ;
#6915 =( NAMED_UNIT ( * ) SI_UNIT ( $, .STERADIAN. ) SOLID_ANGLE_UNIT ( ) );
#6916 =( LENGTH_UNIT ( ) NAMED_UNIT ( * ) SI_UNIT ( .MILLI., .METRE. ) );
#6917 = LINE ( 'NONE', #2844, #4921 ) ;
#6918 = UNCERTAINTY_MEASURE_WITH_UNIT (LENGTH_MEASURE( 1.000000000000000082E-05 ), #7006, 'distance_accuracy_value', 'NONE');
#6919 =( NAMED_UNIT ( * ) SI_UNIT ( $, .STERADIAN. ) SOLID_ANGLE_UNIT ( ) );
#6920 = CARTESIAN_POINT ( 'NONE',  ( 2.750000000000001332, 1.149999999999999911, -2.050000000000001599 ) ) ;
#6921 = VECTOR ( 'NONE', #7353, 1000.000000000000000 ) ;
#6922 = ADVANCED_FACE ( 'NONE', ( #2889 ), #429, .F. ) ;
#6923 = CARTESIAN_POINT ( 'NONE',  ( 13.95000000000000107, 0.0000000000000000000, -2.800000000000000711 ) ) ;
#6924 = MECHANICAL_DESIGN_GEOMETRIC_PRESENTATION_REPRESENTATION (  '', ( #1114 ), #10258 ) ;
#6926 = VERTEX_POINT ( 'NONE', #1996 ) ;
#6925 = VERTEX_POINT ( 'NONE', #8382 ) ;
#6927 = PRESENTATION_STYLE_ASSIGNMENT (( #10008 ) ) ;
#6928 = CARTESIAN_POINT ( 'NONE',  ( 1.749999999999999778, -3.399999999999999911, -0.2499999999999997780 ) ) ;
#6929 = FILL_AREA_STYLE ('',( #8394 ) ) ;
#6930 = FILL_AREA_STYLE ('',( #3849 ) ) ;
#6931 = ORIENTED_EDGE ( 'NONE', *, *, #2135, .T. ) ;
#6932 = DIRECTION ( 'NONE',  ( 0.5773502691896253980, 0.5773502691896281735, -0.5773502691896237327 ) ) ;
#6933 = UNCERTAINTY_MEASURE_WITH_UNIT (LENGTH_MEASURE( 1.000000000000000082E-05 ), #6533, 'distance_accuracy_value', 'NONE');
#6934 = STYLED_ITEM ( 'NONE', ( #232 ), #5305 ) ;
#6935 = DIRECTION ( 'NONE',  ( 1.000000000000000000, -5.421010862427522170E-17, 0.0000000000000000000 ) ) ;
#6936 = EDGE_CURVE ( 'NONE', #3740, #9606, #3522, .T. ) ;
#6937 = EDGE_CURVE ( 'NONE', #2912, #185, #480, .T. ) ;
#6938 = SURFACE_STYLE_FILL_AREA ( #3904 ) ;
#6939 = COLOUR_RGB ( '',1.000000000000000000, 1.000000000000000000, 1.000000000000000000 ) ;
#6940 = STYLED_ITEM ( 'NONE', ( #2287 ), #3938 ) ;
#6941 = COLOUR_RGB ( '',1.000000000000000000, 0.8117647058823529438, 0.5019607843137254832 ) ;
#6942 = FILL_AREA_STYLE_COLOUR ( '', #3438 ) ;
#6943 = FILL_AREA_STYLE_COLOUR ( '', #3128 ) ;
#6944 = PLANE ( 'NONE',  #5066 ) ;
#6945 = FILL_AREA_STYLE ('',( #6038 ) ) ;
#6946 =( NAMED_UNIT ( * ) SI_UNIT ( $, .STERADIAN. ) SOLID_ANGLE_UNIT ( ) );
#6947 = ORIENTED_EDGE ( 'NONE', *, *, #4640, .T. ) ;
#6948 = ORIENTED_EDGE ( 'NONE', *, *, #1419, .T. ) ;
#6949 = DIRECTION ( 'NONE',  ( 0.0000000000000000000, 0.0000000000000000000, -1.000000000000000000 ) ) ;
#6950 = VECTOR ( 'NONE', #5581, 1000.000000000000000 ) ;
#6951 =( NAMED_UNIT ( * ) SI_UNIT ( $, .STERADIAN. ) SOLID_ANGLE_UNIT ( ) );
#6952 = AXIS2_PLACEMENT_3D ( 'NONE', #8550, #3057, #6068 ) ;
#6953 = MECHANICAL_DESIGN_GEOMETRIC_PRESENTATION_REPRESENTATION (  '', ( #7616 ), #8948 ) ;
#6954 = EDGE_CURVE ( 'NONE', #7655, #3016, #1945, .T. ) ;
#6955 = DIRECTION ( 'NONE',  ( 1.000000000000000000, 0.0000000000000000000, 0.0000000000000000000 ) ) ;
#6956 = CARTESIAN_POINT ( 'NONE',  ( -1.350000000000000089, 4.500000000000000888, -0.1799999999999996048 ) ) ;
#6957 = VERTEX_POINT ( 'NONE', #4338 ) ;
#6958 = FILL_AREA_STYLE ('',( #676 ) ) ;
#6959 =( NAMED_UNIT ( * ) PLANE_ANGLE_UNIT ( ) SI_UNIT ( $, .RADIAN. ) );
#6960 = MECHANICAL_DESIGN_GEOMETRIC_PRESENTATION_REPRESENTATION (  '', ( #6491 ), #3189 ) ;
#6961 = VECTOR ( 'NONE', #7090, 1000.000000000000000 ) ;
#6962 = UNCERTAINTY_MEASURE_WITH_UNIT (LENGTH_MEASURE( 1.000000000000000082E-05 ), #6503, 'distance_accuracy_value', 'NONE');
#6963 = SURFACE_STYLE_USAGE ( .BOTH. , #9317 ) ;
#6964 = ORIENTED_EDGE ( 'NONE', *, *, #5334, .F. ) ;
#6965 = ORIENTED_EDGE ( 'NONE', *, *, #9849, .F. ) ;
#6966 =( NAMED_UNIT ( * ) SI_UNIT ( $, .STERADIAN. ) SOLID_ANGLE_UNIT ( ) );
#6967 = VECTOR ( 'NONE', #6013, 1000.000000000000000 ) ;
#6968 = STYLED_ITEM ( 'NONE', ( #8993 ), #4874 ) ;
#6969 = ADVANCED_FACE ( 'NONE', ( #2847 ), #279, .F. ) ;
#6970 = FACE_OUTER_BOUND ( 'NONE', #886, .T. ) ;
#6971 = PLANE ( 'NONE',  #9915 ) ;
#6972 = CARTESIAN_POINT ( 'NONE',  ( 12.14999999999999858, -3.399999999999999911, 0.1499999999999990785 ) ) ;
#6973 =( NAMED_UNIT ( * ) SI_UNIT ( $, .STERADIAN. ) SOLID_ANGLE_UNIT ( ) );
#6974 = ORIENTED_EDGE ( 'NONE', *, *, #10044, .T. ) ;
#6975 = COLOUR_RGB ( '',1.000000000000000000, 1.000000000000000000, 1.000000000000000000 ) ;
#6976 = DIRECTION ( 'NONE',  ( -0.7071067811865536790, -0.7071067811865414665, 1.662400053425821631E-32 ) ) ;
#6977 = EDGE_CURVE ( 'NONE', #3056, #9881, #2101, .T. ) ;
#6978 = ORIENTED_EDGE ( 'NONE', *, *, #5791, .T. ) ;
#6979 = LINE ( 'NONE', #8605, #1325 ) ;
#6980 = FILL_AREA_STYLE ('',( #3795 ) ) ;
#6981 = CARTESIAN_POINT ( 'NONE',  ( 0.0000000000000000000, -3.399999999999999911, 0.05000000000000012768 ) ) ;
#6982 = SURFACE_STYLE_USAGE ( .BOTH. , #6131 ) ;
#6983 =( GEOMETRIC_REPRESENTATION_CONTEXT ( 3 ) GLOBAL_UNCERTAINTY_ASSIGNED_CONTEXT ( ( #1313 ) ) GLOBAL_UNIT_ASSIGNED_CONTEXT ( ( #2877, #9050, #1183 ) ) REPRESENTATION_CONTEXT ( 'NONE', 'WORKASPACE' ) );
#6984 = UNCERTAINTY_MEASURE_WITH_UNIT (LENGTH_MEASURE( 1.000000000000000082E-05 ), #8589, 'distance_accuracy_value', 'NONE');
#6985 = CARTESIAN_POINT ( 'NONE',  ( 7.749999999999998224, 1.800000000000000044, -2.800000000000004707 ) ) ;
#6986 = ORIENTED_EDGE ( 'NONE', *, *, #8629, .T. ) ;
#6987 = UNCERTAINTY_MEASURE_WITH_UNIT (LENGTH_MEASURE( 1.000000000000000082E-05 ), #6804, 'distance_accuracy_value', 'NONE');
#6988 = EDGE_CURVE ( 'NONE', #7926, #1450, #885, .T. ) ;
#6989 = DIRECTION ( 'NONE',  ( -3.833233541708420554E-17, -0.7071067811865447972, 0.7071067811865502373 ) ) ;
#6990 = ORIENTED_EDGE ( 'NONE', *, *, #8051, .F. ) ;
#6991 = LINE ( 'NONE', #9402, #6656 ) ;
#6992 = ORIENTED_EDGE ( 'NONE', *, *, #8965, .F. ) ;
#6993 = ORIENTED_EDGE ( 'NONE', *, *, #6884, .F. ) ;
#6994 =( NAMED_UNIT ( * ) PLANE_ANGLE_UNIT ( ) SI_UNIT ( $, .RADIAN. ) );
#6995 = SURFACE_STYLE_FILL_AREA ( #658 ) ;
#6996 = ORIENTED_EDGE ( 'NONE', *, *, #2035, .F. ) ;
#6997 = LINE ( 'NONE', #9408, #4542 ) ;
#6998 =( NAMED_UNIT ( * ) PLANE_ANGLE_UNIT ( ) SI_UNIT ( $, .RADIAN. ) );
#6999 = SURFACE_STYLE_FILL_AREA ( #4470 ) ;
#7000 = ORIENTED_EDGE ( 'NONE', *, *, #7739, .T. ) ;
#7001 = EDGE_LOOP ( 'NONE', ( #6467, #5964, #8347, #4637 ) ) ;
#7002 = EDGE_CURVE ( 'NONE', #8123, #7874, #7203, .T. ) ;
#7003 = EDGE_CURVE ( 'NONE', #295, #4924, #9525, .T. ) ;
#7004 = STYLED_ITEM ( 'NONE', ( #9351 ), #8019 ) ;
#7005 = COLOUR_RGB ( '',1.000000000000000000, 0.8117647058823529438, 0.5019607843137254832 ) ;
#7006 =( LENGTH_UNIT ( ) NAMED_UNIT ( * ) SI_UNIT ( .MILLI., .METRE. ) );
#7007 = FACE_BOUND ( 'NONE', #4646, .T. ) ;
#7008 = ORIENTED_EDGE ( 'NONE', *, *, #283, .T. ) ;
#7009 = LINE ( 'NONE', #4703, #5768 ) ;
#7010 = VECTOR ( 'NONE', #1244, 1000.000000000000000 ) ;
#7011 = LINE ( 'NONE', #9366, #533 ) ;
#7012 =( NAMED_UNIT ( * ) PLANE_ANGLE_UNIT ( ) SI_UNIT ( $, .RADIAN. ) );
#7013 = FILL_AREA_STYLE_COLOUR ( '', #9214 ) ;
#7014 = COLOUR_RGB ( '',1.000000000000000000, 0.8117647058823529438, 0.5019607843137254832 ) ;
#7015 = CARTESIAN_POINT ( 'NONE',  ( 2.750000000000000444, 3.399999999999999467, -2.050000000000001599 ) ) ;
#7016 = EDGE_LOOP ( 'NONE', ( #134, #7443, #10103, #9364 ) ) ;
#7017 = EDGE_CURVE ( 'NONE', #286, #1581, #6409, .T. ) ;
#7018 = EDGE_CURVE ( 'NONE', #7836, #2201, #780, .T. ) ;
#7019 = SURFACE_SIDE_STYLE ('',( #3157 ) ) ;
#7020 = VECTOR ( 'NONE', #4447, 1000.000000000000000 ) ;
#7021 = SURFACE_STYLE_USAGE ( .BOTH. , #7863 ) ;
#7022 = LINE ( 'NONE', #7753, #8579 ) ;
#7023 = FILL_AREA_STYLE ('',( #5561 ) ) ;
#7024 = ORIENTED_EDGE ( 'NONE', *, *, #2772, .F. ) ;
#7025 = PRESENTATION_LAYER_ASSIGNMENT (  '', '', ( #7354 ) ) ;
#7026 = DIRECTION ( 'NONE',  ( -0.0000000000000000000, -0.0000000000000000000, -1.000000000000000000 ) ) ;
#7027 = EDGE_CURVE ( 'NONE', #8851, #5508, #5642, .T. ) ;
#7028 = VECTOR ( 'NONE', #7380, 1000.000000000000000 ) ;
#7029 = CARTESIAN_POINT ( 'NONE',  ( 4.699999999999999289, 0.1999999999999999833, -2.800000000000000266 ) ) ;
#7030 = CARTESIAN_POINT ( 'NONE',  ( 8.250000000000000000, 0.2000000000000000111, 0.2500000000000002220 ) ) ;
#7031 = STYLED_ITEM ( 'NONE', ( #8571 ), #7269 ) ;
#7032 = PLANE ( 'NONE',  #6562 ) ;
#7033 = STYLED_ITEM ( 'NONE', ( #5615 ), #2253 ) ;
#7034 = ORIENTED_EDGE ( 'NONE', *, *, #5258, .F. ) ;
#7035 = FILL_AREA_STYLE_COLOUR ( '', #6322 ) ;
#7036 = SURFACE_STYLE_FILL_AREA ( #5524 ) ;
#7037 = CARTESIAN_POINT ( 'NONE',  ( 10.24999999999999822, -3.399999999999999911, -0.1499999999999986622 ) ) ;
#7038 = UNCERTAINTY_MEASURE_WITH_UNIT (LENGTH_MEASURE( 1.000000000000000082E-05 ), #9563, 'distance_accuracy_value', 'NONE');
#7039 = PRESENTATION_STYLE_ASSIGNMENT (( #84 ) ) ;
#7040 = CARTESIAN_POINT ( 'NONE',  ( 13.95100000000000229, 4.500000000000000888, -0.6799999999999991607 ) ) ;
#7041 = AXIS2_PLACEMENT_3D ( 'NONE', #9427, #7481, #4494 ) ;
#7042 = ORIENTED_EDGE ( 'NONE', *, *, #1419, .F. ) ;
#7043 = PRESENTATION_STYLE_ASSIGNMENT (( #8562 ) ) ;
#7044 = MECHANICAL_DESIGN_GEOMETRIC_PRESENTATION_REPRESENTATION (  '', ( #4917 ), #5086 ) ;
#7045 = EDGE_LOOP ( 'NONE', ( #4140, #2332, #6435, #8820 ) ) ;
#7046 = UNCERTAINTY_MEASURE_WITH_UNIT (LENGTH_MEASURE( 1.000000000000000082E-05 ), #2816, 'distance_accuracy_value', 'NONE');
#7047 = CIRCLE ( 'NONE', #2071, 0.05000000000000019013 ) ;
#7048 = DIRECTION ( 'NONE',  ( -3.833233541708433496E-17, -0.7071067811865472397, 0.7071067811865479058 ) ) ;
#7049 = SURFACE_STYLE_USAGE ( .BOTH. , #6185 ) ;
#7050 = FACE_OUTER_BOUND ( 'NONE', #8449, .T. ) ;
#7051 = EDGE_LOOP ( 'NONE', ( #7485, #4288, #269, #4345 ) ) ;
#7052 = SURFACE_SIDE_STYLE ('',( #6938 ) ) ;
#7053 = PRESENTATION_STYLE_ASSIGNMENT (( #5482 ) ) ;
#7054 = LINE ( 'NONE', #7991, #3748 ) ;
#7055 = LINE ( 'NONE', #8722, #8242 ) ;
#7056 = CARTESIAN_POINT ( 'NONE',  ( 5.250000000000000888, 3.149999999999995470, -2.050000000000001599 ) ) ;
#7057 = CARTESIAN_POINT ( 'NONE',  ( 9.250000000000001776, 3.399999999999999467, -2.300000000000006928 ) ) ;
#7058 = ORIENTED_EDGE ( 'NONE', *, *, #3168, .T. ) ;
#7059 = CARTESIAN_POINT ( 'NONE',  ( 1.750000000000000222, -3.399999999999999911, 0.2500000000000002220 ) ) ;
#7060 = ADVANCED_FACE ( 'NONE', ( #3360 ), #3310, .F. ) ;
#7061 = DIRECTION ( 'NONE',  ( 1.000000000000000000, -5.421010862427522170E-17, 0.0000000000000000000 ) ) ;
#7062 = UNCERTAINTY_MEASURE_WITH_UNIT (LENGTH_MEASURE( 1.000000000000000082E-05 ), #4282, 'distance_accuracy_value', 'NONE');
#7063 = VECTOR ( 'NONE', #1798, 1000.000000000000000 ) ;
#7064 = FILL_AREA_STYLE_COLOUR ( '', #3984 ) ;
#7065 = FILL_AREA_STYLE_COLOUR ( '', #9964 ) ;
#7066 = PRESENTATION_STYLE_ASSIGNMENT (( #5550 ) ) ;
#7067 = SURFACE_STYLE_USAGE ( .BOTH. , #3085 ) ;
#7068 = EDGE_CURVE ( 'NONE', #3773, #3431, #5599, .T. ) ;
#7069 =( GEOMETRIC_REPRESENTATION_CONTEXT ( 3 ) GLOBAL_UNCERTAINTY_ASSIGNED_CONTEXT ( ( #300 ) ) GLOBAL_UNIT_ASSIGNED_CONTEXT ( ( #4561, #8554, #10118 ) ) REPRESENTATION_CONTEXT ( 'NONE', 'WORKASPACE' ) );
#7070 = DIRECTION ( 'NONE',  ( -4.336808689942017736E-16, 0.0000000000000000000, -1.000000000000000000 ) ) ;
#7071 =( LENGTH_UNIT ( ) NAMED_UNIT ( * ) SI_UNIT ( .MILLI., .METRE. ) );
#7072 = DIRECTION ( 'NONE',  ( 0.0000000000000000000, -0.0000000000000000000, 1.000000000000000000 ) ) ;
#7073 = PRESENTATION_LAYER_ASSIGNMENT (  '', '', ( #7551 ) ) ;
#7074 = UNCERTAINTY_MEASURE_WITH_UNIT (LENGTH_MEASURE( 1.000000000000000082E-05 ), #6109, 'distance_accuracy_value', 'NONE');
#7075 = VERTEX_POINT ( 'NONE', #6461 ) ;
#7076 = FACE_OUTER_BOUND ( 'NONE', #2088, .T. ) ;
#7077 = COLOUR_RGB ( '',1.000000000000000000, 0.8117647058823529438, 0.5019607843137254832 ) ;
#7078 = PLANE ( 'NONE',  #34 ) ;
#7079 = ADVANCED_FACE ( 'NONE', ( #9630 ), #2509, .T. ) ;
#7080 = ADVANCED_FACE ( 'NONE', ( #8198 ), #395, .T. ) ;
#7081 = CARTESIAN_POINT ( 'NONE',  ( 0.05000000000000012768, 3.149999999999995470, -2.050000000000001599 ) ) ;
#7082 = DIRECTION ( 'NONE',  ( -0.7071067811865489050, -0.7071067811865461294, 3.066586833366754193E-16 ) ) ;
#7083 = LINE ( 'NONE', #125, #6314 ) ;
#7084 =( GEOMETRIC_REPRESENTATION_CONTEXT ( 3 ) GLOBAL_UNCERTAINTY_ASSIGNED_CONTEXT ( ( #9873 ) ) GLOBAL_UNIT_ASSIGNED_CONTEXT ( ( #5699, #4129, #1531 ) ) REPRESENTATION_CONTEXT ( 'NONE', 'WORKASPACE' ) );
#7085 = CARTESIAN_POINT ( 'NONE',  ( 2.699999999999999734, 0.1999999999999999833, -2.800000000000000266 ) ) ;
#7086 = EDGE_LOOP ( 'NONE', ( #4452, #6483, #5930, #10046 ) ) ;
#7087 = VECTOR ( 'NONE', #2184, 1000.000000000000000 ) ;
#7088 = PRESENTATION_LAYER_ASSIGNMENT (  '', '', ( #2107 ) ) ;
#7089 = VERTEX_POINT ( 'NONE', #9810 ) ;
#7090 = DIRECTION ( 'NONE',  ( 0.5773502691896206240, -0.5773502691896306160, -0.5773502691896261751 ) ) ;
#7091 =( NAMED_UNIT ( * ) PLANE_ANGLE_UNIT ( ) SI_UNIT ( $, .RADIAN. ) );
#7092 = EDGE_CURVE ( 'NONE', #8612, #7097, #8987, .T. ) ;
#7093 = ORIENTED_EDGE ( 'NONE', *, *, #8032, .T. ) ;
#7094 = FILL_AREA_STYLE ('',( #3175 ) ) ;
#7095 = FACE_OUTER_BOUND ( 'NONE', #5705, .T. ) ;
#7096 = CARTESIAN_POINT ( 'NONE',  ( -1.349999999999999867, 1.149999999999999911, -1.050000000000005373 ) ) ;
#7097 = VERTEX_POINT ( 'NONE', #9041 ) ;
#7098 = DIRECTION ( 'NONE',  ( -0.0000000000000000000, -0.0000000000000000000, 1.000000000000000000 ) ) ;
#7099 = EDGE_LOOP ( 'NONE', ( #6883, #5316, #4166, #163, #4018, #4109, #9891, #8505, #3835, #1910, #548, #2145 ) ) ;
#7100 =( NAMED_UNIT ( * ) SI_UNIT ( $, .STERADIAN. ) SOLID_ANGLE_UNIT ( ) );
#7101 = PRESENTATION_STYLE_ASSIGNMENT (( #3187 ) ) ;
#7102 = COLOUR_RGB ( '',1.000000000000000000, 1.000000000000000000, 1.000000000000000000 ) ;
#7103 = CARTESIAN_POINT ( 'NONE',  ( 8.250000000000000000, 4.999999999999997335, 0.2500000000000002220 ) ) ;
#7104 = PRESENTATION_STYLE_ASSIGNMENT (( #764 ) ) ;
#7105 = CARTESIAN_POINT ( 'NONE',  ( 6.699999999999999289, 0.1999999999999999833, -2.800000000000000266 ) ) ;
#7106 = CARTESIAN_POINT ( 'NONE',  ( 13.34999999999999787, 1.149999999999999911, -2.350000000000001865 ) ) ;
#7107 = CARTESIAN_POINT ( 'NONE',  ( -1.949999999999999956, 0.0000000000000000000, -2.800000000000000266 ) ) ;
#7108 = FACE_BOUND ( 'NONE', #2066, .T. ) ;
#7109 = LINE ( 'NONE', #2186, #3465 ) ;
#7110 = VECTOR ( 'NONE', #9623, 1000.000000000000000 ) ;
#7111 = PRESENTATION_LAYER_ASSIGNMENT (  '', '', ( #7277 ) ) ;
#7112 = EDGE_CURVE ( 'NONE', #7334, #883, #5169, .T. ) ;
#7113 = FILL_AREA_STYLE ('',( #7202 ) ) ;
#7114 = DIRECTION ( 'NONE',  ( 1.000000000000000000, 0.0000000000000000000, -0.0000000000000000000 ) ) ;
#7115 = PRESENTATION_STYLE_ASSIGNMENT (( #1523 ) ) ;
#7116 = LINE ( 'NONE', #9584, #2754 ) ;
#7117 = PLANE ( 'NONE',  #10138 ) ;
#7118 = CARTESIAN_POINT ( 'NONE',  ( 8.750000000000000000, 3.399999999999999467, -2.050000000000001599 ) ) ;
#7119 = EDGE_CURVE ( 'NONE', #10170, #566, #4313, .T. ) ;
#7120 = PLANE ( 'NONE',  #931 ) ;
#7121 = DIRECTION ( 'NONE',  ( 0.0000000000000000000, 0.0000000000000000000, -1.000000000000000000 ) ) ;
#7122 = SURFACE_SIDE_STYLE ('',( #6523 ) ) ;
#7123 = AXIS2_PLACEMENT_3D ( 'NONE', #9029, #2544, #243 ) ;
#7124 = CARTESIAN_POINT ( 'NONE',  ( 7.750000000000000000, -3.399999999999999911, -0.2499999999999997780 ) ) ;
#7125 = ORIENTED_EDGE ( 'NONE', *, *, #2652, .T. ) ;
#7126 = ORIENTED_EDGE ( 'NONE', *, *, #4181, .F. ) ;
#7127 = VECTOR ( 'NONE', #3380, 1000.000000000000000 ) ;
#7128 = COLOUR_RGB ( '',1.000000000000000000, 1.000000000000000000, 1.000000000000000000 ) ;
#7129 = EDGE_CURVE ( 'NONE', #8031, #3488, #2614, .T. ) ;
#7130 = EDGE_CURVE ( 'NONE', #8073, #8369, #3542, .T. ) ;
#7131 = CARTESIAN_POINT ( 'NONE',  ( 10.75000000000000000, 1.149999999999999911, -2.050000000000001599 ) ) ;
#7132 = FILL_AREA_STYLE_COLOUR ( '', #4569 ) ;
#7133 = VERTEX_POINT ( 'NONE', #8247 ) ;
#7134 = LINE ( 'NONE', #8127, #4010 ) ;
#7135 = DIRECTION ( 'NONE',  ( 1.000000000000000000, 0.0000000000000000000, 0.0000000000000000000 ) ) ;
#7136 = AXIS2_PLACEMENT_3D ( 'NONE', #9040, #497, #2812 ) ;
#7137 = UNCERTAINTY_MEASURE_WITH_UNIT (LENGTH_MEASURE( 1.000000000000000082E-05 ), #2792, 'distance_accuracy_value', 'NONE');
#7138 = VECTOR ( 'NONE', #6346, 1000.000000000000000 ) ;
#7139 =( NAMED_UNIT ( * ) SI_UNIT ( $, .STERADIAN. ) SOLID_ANGLE_UNIT ( ) );
#7140 = ORIENTED_EDGE ( 'NONE', *, *, #8312, .T. ) ;
#7141 = PRESENTATION_STYLE_ASSIGNMENT (( #9454 ) ) ;
#7142 = ADVANCED_FACE ( 'NONE', ( #1121 ), #4414, .F. ) ;
#7143 = LINE ( 'NONE', #6339, #10123 ) ;
#7144 = PLANE ( 'NONE',  #3709 ) ;
#7145 = EDGE_LOOP ( 'NONE', ( #1094, #6133, #8518, #7008 ) ) ;
#7146 = CARTESIAN_POINT ( 'NONE',  ( 7.299999999999998934, 0.0000000000000000000, -2.800000000000000266 ) ) ;
#7147 = ORIENTED_EDGE ( 'NONE', *, *, #5869, .F. ) ;
#7148 = CARTESIAN_POINT ( 'NONE',  ( 4.250000000000000000, 4.999999999999997335, 0.2500000000000002220 ) ) ;
#7149 = SURFACE_STYLE_FILL_AREA ( #9614 ) ;
#7150 = PLANE ( 'NONE',  #8035 ) ;
#7151 = ORIENTED_EDGE ( 'NONE', *, *, #7706, .T. ) ;
#7152 = FILL_AREA_STYLE ('',( #3401 ) ) ;
#7153 = PRESENTATION_STYLE_ASSIGNMENT (( #7994 ) ) ;
#7154 = PLANE ( 'NONE',  #2130 ) ;
#7155 = VECTOR ( 'NONE', #4656, 1000.000000000000000 ) ;
#7156 = UNCERTAINTY_MEASURE_WITH_UNIT (LENGTH_MEASURE( 1.000000000000000082E-05 ), #6555, 'distance_accuracy_value', 'NONE');
#7157 = EDGE_CURVE ( 'NONE', #5049, #277, #2967, .T. ) ;
#7158 = DIRECTION ( 'NONE',  ( 3.872150616019660190E-17, 1.000000000000000000, -0.0000000000000000000 ) ) ;
#7159 = CARTESIAN_POINT ( 'NONE',  ( 8.750000000000000000, 3.399999999999999467, -2.300000000000006928 ) ) ;
#7160 = PLANE ( 'NONE',  #4786 ) ;
#7161 = FILL_AREA_STYLE ('',( #1619 ) ) ;
#7162 = DIRECTION ( 'NONE',  ( -3.872150616019660190E-17, -1.000000000000000000, 0.0000000000000000000 ) ) ;
#7163 = ORIENTED_EDGE ( 'NONE', *, *, #39, .T. ) ;
#7164 =( NAMED_UNIT ( * ) PLANE_ANGLE_UNIT ( ) SI_UNIT ( $, .RADIAN. ) );
#7165 = FACE_OUTER_BOUND ( 'NONE', #3047, .T. ) ;
#7166 = VECTOR ( 'NONE', #7932, 1000.000000000000000 ) ;
#7167 = DIRECTION ( 'NONE',  ( 0.0000000000000000000, 0.0000000000000000000, -1.000000000000000000 ) ) ;
#7168 =( LENGTH_UNIT ( ) NAMED_UNIT ( * ) SI_UNIT ( .MILLI., .METRE. ) );
#7169 = DIRECTION ( 'NONE',  ( -0.7071067811865505703, -0.7071067811865444641, 1.662400053425828747E-32 ) ) ;
#7170 = ORIENTED_EDGE ( 'NONE', *, *, #2585, .T. ) ;
#7171 = ORIENTED_EDGE ( 'NONE', *, *, #6529, .T. ) ;
#7172 = PRESENTATION_LAYER_ASSIGNMENT (  '', '', ( #5565 ) ) ;
#7173 = VECTOR ( 'NONE', #10268, 1000.000000000000114 ) ;
#7174 = CARTESIAN_POINT ( 'NONE',  ( 1.299999999999999600, 0.2000000000000000389, -2.800000000000000266 ) ) ;
#7175 = PRESENTATION_LAYER_ASSIGNMENT (  '', '', ( #3250 ) ) ;
#7176 = DIRECTION ( 'NONE',  ( 1.000000000000000000, -5.421010862427522170E-17, 0.0000000000000000000 ) ) ;
#7177 = DIRECTION ( 'NONE',  ( -1.084202172485504237E-15, -1.000000000000000000, 0.0000000000000000000 ) ) ;
#7178 = EDGE_CURVE ( 'NONE', #3427, #2629, #2293, .T. ) ;
#7179 = UNCERTAINTY_MEASURE_WITH_UNIT (LENGTH_MEASURE( 1.000000000000000082E-05 ), #8325, 'distance_accuracy_value', 'NONE');
#7180 = COLOUR_RGB ( '',1.000000000000000000, 1.000000000000000000, 1.000000000000000000 ) ;
#7181 = ORIENTED_EDGE ( 'NONE', *, *, #3900, .F. ) ;
#7182 = SURFACE_STYLE_USAGE ( .BOTH. , #137 ) ;
#7183 = ORIENTED_EDGE ( 'NONE', *, *, #1463, .T. ) ;
#7184 = FACE_OUTER_BOUND ( 'NONE', #3064, .T. ) ;
#7185 = VECTOR ( 'NONE', #9753, 1000.000000000000000 ) ;
#7186 = PLANE ( 'NONE',  #988 ) ;
#7187 = ORIENTED_EDGE ( 'NONE', *, *, #7984, .F. ) ;
#7188 =( NAMED_UNIT ( * ) SI_UNIT ( $, .STERADIAN. ) SOLID_ANGLE_UNIT ( ) );
#7189 = DIRECTION ( 'NONE',  ( -0.0000000000000000000, 1.000000000000000000, -0.0000000000000000000 ) ) ;
#7190 =( NAMED_UNIT ( * ) PLANE_ANGLE_UNIT ( ) SI_UNIT ( $, .RADIAN. ) );
#7191 = EDGE_CURVE ( 'NONE', #3165, #1151, #7730, .T. ) ;
#7192 = PLANE ( 'NONE',  #8911 ) ;
#7193 = COLOUR_RGB ( '',1.000000000000000000, 0.8117647058823529438, 0.5019607843137254832 ) ;
#7194 = EDGE_CURVE ( 'NONE', #7757, #1712, #4467, .T. ) ;
#7195 = AXIS2_PLACEMENT_3D ( 'NONE', #7546, #2108, #638 ) ;
#7196 = UNCERTAINTY_MEASURE_WITH_UNIT (LENGTH_MEASURE( 1.000000000000000082E-05 ), #7740, 'distance_accuracy_value', 'NONE');
#7197 = LINE ( 'NONE', #6507, #9759 ) ;
#7198 = FILL_AREA_STYLE ('',( #4065 ) ) ;
#7199 = COLOUR_RGB ( '',1.000000000000000000, 1.000000000000000000, 1.000000000000000000 ) ;
#7200 = CARTESIAN_POINT ( 'NONE',  ( 1.749999999999999778, 1.800000000000000044, -0.2499999999999997780 ) ) ;
#7201 = LINE ( 'NONE', #5641, #2848 ) ;
#7202 = FILL_AREA_STYLE_COLOUR ( '', #8074 ) ;
#7203 = LINE ( 'NONE', #158, #6556 ) ;
#7204 = EDGE_CURVE ( 'NONE', #3398, #8241, #9969, .T. ) ;
#7205 = CARTESIAN_POINT ( 'NONE',  ( 0.2499999999999997780, 0.2000000000000000111, -0.2499999999999997780 ) ) ;
#7206 = CARTESIAN_POINT ( 'NONE',  ( 1.250000000000000666, 3.399999999999999467, -2.050000000000001599 ) ) ;
#7207 = FILL_AREA_STYLE ('',( #1723 ) ) ;
#7208 = COLOUR_RGB ( '',1.000000000000000000, 1.000000000000000000, 1.000000000000000000 ) ;
#7209 =( GEOMETRIC_REPRESENTATION_CONTEXT ( 3 ) GLOBAL_UNCERTAINTY_ASSIGNED_CONTEXT ( ( #1963 ) ) GLOBAL_UNIT_ASSIGNED_CONTEXT ( ( #5063, #1071, #6651 ) ) REPRESENTATION_CONTEXT ( 'NONE', 'WORKASPACE' ) );
#7210 = ORIENTED_EDGE ( 'NONE', *, *, #10172, .F. ) ;
#7211 = EDGE_LOOP ( 'NONE', ( #2149, #845, #8314, #8803 ) ) ;
#7212 = FILL_AREA_STYLE ('',( #311 ) ) ;
#7213 = SURFACE_STYLE_FILL_AREA ( #893 ) ;
#7214 = CARTESIAN_POINT ( 'NONE',  ( 6.249999999999998224, 0.2000000000000000111, 0.2500000000000002220 ) ) ;
#7215 = VECTOR ( 'NONE', #4930, 1000.000000000000000 ) ;
#7216 = VECTOR ( 'NONE', #32, 1000.000000000000000 ) ;
#7217 = FILL_AREA_STYLE ('',( #3319 ) ) ;
#7218 = DIRECTION ( 'NONE',  ( -0.7071067811865474617, 0.7071067811865474617, -0.0000000000000000000 ) ) ;
#7219 = CARTESIAN_POINT ( 'NONE',  ( 4.149999999999997691, 5.100000000000001421, -0.1499999999999969136 ) ) ;
#7220 = CARTESIAN_POINT ( 'NONE',  ( 10.75000000000000000, 3.149999999999995470, -2.050000000000001599 ) ) ;
#7221 = SURFACE_STYLE_FILL_AREA ( #7515 ) ;
#7222 = STYLED_ITEM ( 'NONE', ( #4281 ), #92 ) ;
#7223 = VECTOR ( 'NONE', #9458, 1000.000000000000000 ) ;
#7224 = AXIS2_PLACEMENT_3D ( 'NONE', #623, #2359, #7114 ) ;
#7225 = PRESENTATION_LAYER_ASSIGNMENT (  '', '', ( #594 ) ) ;
#7226 = DIRECTION ( 'NONE',  ( -1.000000000000000000, 3.872150616019660190E-17, -0.0000000000000000000 ) ) ;
#7227 = CARTESIAN_POINT ( 'NONE',  ( 6.049999999999999822, 0.0000000000000000000, -2.050000000000001599 ) ) ;
#7228 = COLOUR_RGB ( '',1.000000000000000000, 0.8117647058823529438, 0.5019607843137254832 ) ;
#7229 =( GEOMETRIC_REPRESENTATION_CONTEXT ( 3 ) GLOBAL_UNCERTAINTY_ASSIGNED_CONTEXT ( ( #8292 ) ) GLOBAL_UNIT_ASSIGNED_CONTEXT ( ( #1123, #3706, #2818 ) ) REPRESENTATION_CONTEXT ( 'NONE', 'WORKASPACE' ) );
#7230 = EDGE_CURVE ( 'NONE', #9361, #2114, #5483, .T. ) ;
#7231 = EDGE_LOOP ( 'NONE', ( #3311, #7758, #4595, #7058 ) ) ;
#7232 = SURFACE_STYLE_USAGE ( .BOTH. , #9496 ) ;
#7233 = CARTESIAN_POINT ( 'NONE',  ( 12.08333333333333570, 5.166666666666665186, 0.08333333333333413362 ) ) ;
#7234 = CARTESIAN_POINT ( 'NONE',  ( -0.08333333333333413362, 5.166666666666665186, -0.08333333333333370341 ) ) ;
#7235 = DIRECTION ( 'NONE',  ( -0.0000000000000000000, 1.000000000000000000, -0.0000000000000000000 ) ) ;
#7236 = UNCERTAINTY_MEASURE_WITH_UNIT (LENGTH_MEASURE( 1.000000000000000082E-05 ), #1251, 'distance_accuracy_value', 'NONE');
#7237 = LINE ( 'NONE', #4728, #8507 ) ;
#7238 = LINE ( 'NONE', #3908, #4722 ) ;
#7239 = ORIENTED_EDGE ( 'NONE', *, *, #2684, .T. ) ;
#7240 = LINE ( 'NONE', #4006, #2977 ) ;
#7241 = ORIENTED_EDGE ( 'NONE', *, *, #2134, .F. ) ;
#7242 = LINE ( 'NONE', #5767, #636 ) ;
#7243 = ADVANCED_FACE ( 'NONE', ( #1454 ), #10178, .T. ) ;
#7244 = EDGE_LOOP ( 'NONE', ( #9562, #4432, #1648, #4550 ) ) ;
#7245 = CARTESIAN_POINT ( 'NONE',  ( 1.166666666666667851, -4.383333333333334636, -0.8333333333333304838 ) ) ;
#7246 = LINE ( 'NONE', #9797, #7372 ) ;
#7247 = CARTESIAN_POINT ( 'NONE',  ( -1.949999999999999956, 0.0000000000000000000, -2.800000000000000266 ) ) ;
#7248 = DIRECTION ( 'NONE',  ( 3.872150616019660190E-17, 1.000000000000000000, -0.0000000000000000000 ) ) ;
#7249 = LINE ( 'NONE', #3353, #9251 ) ;
#7250 =( NAMED_UNIT ( * ) PLANE_ANGLE_UNIT ( ) SI_UNIT ( $, .RADIAN. ) );
#7251 = ORIENTED_EDGE ( 'NONE', *, *, #6212, .T. ) ;
#7252 = PRESENTATION_LAYER_ASSIGNMENT (  '', '', ( #3172 ) ) ;
#7253 = MECHANICAL_DESIGN_GEOMETRIC_PRESENTATION_REPRESENTATION (  '', ( #3978 ), #6462 ) ;
#7254 = LINE ( 'NONE', #7309, #7110 ) ;
#7255 = EDGE_CURVE ( 'NONE', #1151, #7948, #5275, .T. ) ;
#7256 = EDGE_CURVE ( 'NONE', #8185, #67, #1283, .T. ) ;
#7257 = STYLED_ITEM ( 'NONE', ( #823 ), #5094 ) ;
#7258 =( LENGTH_UNIT ( ) NAMED_UNIT ( * ) SI_UNIT ( .MILLI., .METRE. ) );
#7259 = MECHANICAL_DESIGN_GEOMETRIC_PRESENTATION_REPRESENTATION (  '', ( #5795 ), #7937 ) ;
#7260 = DIRECTION ( 'NONE',  ( 3.872150616019660190E-17, 1.000000000000000000, -0.0000000000000000000 ) ) ;
#7261 = PLANE ( 'NONE',  #2391 ) ;
#7262 = DIRECTION ( 'NONE',  ( 0.5773502691896239547, -0.5773502691896289507, 0.5773502691896243988 ) ) ;
#7263 = SURFACE_SIDE_STYLE ('',( #6565 ) ) ;
#7264 = ORIENTED_EDGE ( 'NONE', *, *, #2507, .T. ) ;
#7265 = LINE ( 'NONE', #5745, #5981 ) ;
#7266 = SURFACE_STYLE_USAGE ( .BOTH. , #4125 ) ;
#7267 = PRESENTATION_LAYER_ASSIGNMENT (  '', '', ( #3162 ) ) ;
#7268 =( NAMED_UNIT ( * ) PLANE_ANGLE_UNIT ( ) SI_UNIT ( $, .RADIAN. ) );
#7269 = ADVANCED_FACE ( 'NONE', ( #5326 ), #3705, .F. ) ;
#7270 = ORIENTED_EDGE ( 'NONE', *, *, #7027, .F. ) ;
#7271 = FILL_AREA_STYLE ('',( #945 ) ) ;
#7272 = ORIENTED_EDGE ( 'NONE', *, *, #7545, .F. ) ;
#7273 = FILL_AREA_STYLE ('',( #5798 ) ) ;
#7274 = DIRECTION ( 'NONE',  ( 0.0000000000000000000, 0.0000000000000000000, -1.000000000000000000 ) ) ;
#7275 = CARTESIAN_POINT ( 'NONE',  ( 4.750000000000000888, 3.399999999999999467, -2.050000000000001599 ) ) ;
#7276 = MECHANICAL_DESIGN_GEOMETRIC_PRESENTATION_REPRESENTATION (  '', ( #5652 ), #7951 ) ;
#7277 = STYLED_ITEM ( 'NONE', ( #4409 ), #3925 ) ;
#7278 = ORIENTED_EDGE ( 'NONE', *, *, #2664, .F. ) ;
#7279 = AXIS2_PLACEMENT_3D ( 'NONE', #3816, #6949, #10137 ) ;
#7280 =( NAMED_UNIT ( * ) PLANE_ANGLE_UNIT ( ) SI_UNIT ( $, .RADIAN. ) );
#7281 = MECHANICAL_DESIGN_GEOMETRIC_PRESENTATION_REPRESENTATION (  '', ( #980 ), #2152 ) ;
#7282 = DIRECTION ( 'NONE',  ( -0.0000000000000000000, -1.000000000000000000, -0.0000000000000000000 ) ) ;
#7283 = VECTOR ( 'NONE', #6504, 1000.000000000000000 ) ;
#7284 = VERTEX_POINT ( 'NONE', #4847 ) ;
#7285 = CARTESIAN_POINT ( 'NONE',  ( 5.299999999999998934, 0.2000000000000000389, 1.700000000000000178 ) ) ;
#7286 = CARTESIAN_POINT ( 'NONE',  ( 4.699999999999999289, 0.1999999999999999833, -2.800000000000000266 ) ) ;
#7287 = PRESENTATION_STYLE_ASSIGNMENT (( #4143 ) ) ;
#7288 = ORIENTED_EDGE ( 'NONE', *, *, #4064, .T. ) ;
#7289 = LINE ( 'NONE', #8083, #1562 ) ;
#7290 = ORIENTED_EDGE ( 'NONE', *, *, #512, .F. ) ;
#7291 = CARTESIAN_POINT ( 'NONE',  ( 0.6999999999999992895, 0.1999999999999999833, 1.700000000000000178 ) ) ;
#7292 = AXIS2_PLACEMENT_3D ( 'NONE', #7826, #2898, #3842 ) ;
#7293 = AXIS2_PLACEMENT_3D ( 'NONE', #573, #9215, #1936 ) ;
#7294 = CARTESIAN_POINT ( 'NONE',  ( 11.29999999999999893, 0.2000000000000000389, -2.800000000000000266 ) ) ;
#7295 = ORIENTED_EDGE ( 'NONE', *, *, #8312, .F. ) ;
#7296 = EDGE_CURVE ( 'NONE', #7944, #640, #4794, .T. ) ;
#7297 = DIRECTION ( 'NONE',  ( -1.000000000000000000, 0.0000000000000000000, 0.0000000000000000000 ) ) ;
#7298 =( LENGTH_UNIT ( ) NAMED_UNIT ( * ) SI_UNIT ( .MILLI., .METRE. ) );
#7299 =( GEOMETRIC_REPRESENTATION_CONTEXT ( 3 ) GLOBAL_UNCERTAINTY_ASSIGNED_CONTEXT ( ( #9327 ) ) GLOBAL_UNIT_ASSIGNED_CONTEXT ( ( #156, #2611, #9665 ) ) REPRESENTATION_CONTEXT ( 'NONE', 'WORKASPACE' ) );
#7300 = VECTOR ( 'NONE', #3037, 1000.000000000000000 ) ;
#7301 = ORIENTED_EDGE ( 'NONE', *, *, #3800, .T. ) ;
#7302 = CARTESIAN_POINT ( 'NONE',  ( 9.750000000000000000, 4.999999999999997335, 0.2500000000000002220 ) ) ;
#7303 = CARTESIAN_POINT ( 'NONE',  ( 8.250000000000000000, 1.800000000000000044, 0.2500000000000002220 ) ) ;
#7304 =( NAMED_UNIT ( * ) PLANE_ANGLE_UNIT ( ) SI_UNIT ( $, .RADIAN. ) );
#7305 = DIRECTION ( 'NONE',  ( 0.0000000000000000000, -0.0000000000000000000, 1.000000000000000000 ) ) ;
#7306 = FILL_AREA_STYLE ('',( #5683 ) ) ;
#7307 = ORIENTED_EDGE ( 'NONE', *, *, #5505, .F. ) ;
#7308 = CARTESIAN_POINT ( 'NONE',  ( 12.25000000000000000, -3.299999999999998490, 0.2500000000000002220 ) ) ;
#7309 = CARTESIAN_POINT ( 'NONE',  ( 2.250000000000000000, -3.399999999999999911, -0.2499999999999997780 ) ) ;
#7310 = FILL_AREA_STYLE ('',( #982 ) ) ;
#7311 = CARTESIAN_POINT ( 'NONE',  ( -1.699999999999999734, 6.000000000000000000, -2.350000000000001421 ) ) ;
#7312 = ORIENTED_EDGE ( 'NONE', *, *, #2837, .F. ) ;
#7313 = CARTESIAN_POINT ( 'NONE',  ( 7.750000000000000000, -3.399999999999999911, -0.2499999999999997780 ) ) ;
#7314 =( LENGTH_UNIT ( ) NAMED_UNIT ( * ) SI_UNIT ( .MILLI., .METRE. ) );
#7315 = LINE ( 'NONE', #9045, #5085 ) ;
#7316 = AXIS2_PLACEMENT_3D ( 'NONE', #91, #1597, #8713 ) ;
#7317 = EDGE_CURVE ( 'NONE', #10176, #6002, #7054, .T. ) ;
#7318 = CARTESIAN_POINT ( 'NONE',  ( -1.949999999999999956, 0.0000000000000000000, -2.050000000000001599 ) ) ;
#7319 = EDGE_LOOP ( 'NONE', ( #7611, #3084, #1286, #3059 ) ) ;
#7320 = DIRECTION ( 'NONE',  ( 3.872150616019660190E-17, 1.000000000000000000, -0.0000000000000000000 ) ) ;
#7321 =( NAMED_UNIT ( * ) SI_UNIT ( $, .STERADIAN. ) SOLID_ANGLE_UNIT ( ) );
#7322 = LINE ( 'NONE', #9002, #637 ) ;
#7323 = EDGE_CURVE ( 'NONE', #495, #5813, #98, .T. ) ;
#7324 = ORIENTED_EDGE ( 'NONE', *, *, #9145, .F. ) ;
#7325 = ADVANCED_FACE ( 'NONE', ( #7108, #6445 ), #7939, .F. ) ;
#7326 = ORIENTED_EDGE ( 'NONE', *, *, #989, .T. ) ;
#7327 = VECTOR ( 'NONE', #8595, 1000.000000000000000 ) ;
#7328 = CARTESIAN_POINT ( 'NONE',  ( 4.250000000000000000, -3.399999999999999911, -0.2499999999999997780 ) ) ;
#7329 = VECTOR ( 'NONE', #4597, 1000.000000000000000 ) ;
#7330 = ORIENTED_EDGE ( 'NONE', *, *, #1550, .F. ) ;
#7331 = DIRECTION ( 'NONE',  ( 0.0000000000000000000, -0.0000000000000000000, 1.000000000000000000 ) ) ;
#7332 = DIRECTION ( 'NONE',  ( 9.103382349328301547E-49, 2.350988701644575016E-32, 1.000000000000000000 ) ) ;
#7333 = DIRECTION ( 'NONE',  ( 0.5773502691896238437, 0.5773502691896290617, -0.5773502691896245098 ) ) ;
#7334 = VERTEX_POINT ( 'NONE', #3966 ) ;
#7335 = PRESENTATION_LAYER_ASSIGNMENT (  '', '', ( #8326 ) ) ;
#7336 = ADVANCED_FACE ( 'NONE', ( #1555 ), #7150, .F. ) ;
#7337 = AXIS2_PLACEMENT_3D ( 'NONE', #2222, #5263, #4456 ) ;
#7338 = FILL_AREA_STYLE ('',( #5573 ) ) ;
#7339 = VERTEX_POINT ( 'NONE', #9027 ) ;
#7340 = DIRECTION ( 'NONE',  ( -0.0000000000000000000, 0.7071067811865500152, 0.7071067811865451302 ) ) ;
#7341 = STYLED_ITEM ( 'NONE', ( #8178 ), #6969 ) ;
#7342 = AXIS2_PLACEMENT_3D ( 'NONE', #5249, #6063, #1372 ) ;
#7343 = EDGE_LOOP ( 'NONE', ( #8379, #3013, #3050, #5400 ) ) ;
#7344 = CARTESIAN_POINT ( 'NONE',  ( 4.250000000000000000, -3.299999999999998490, -0.2499999999999997780 ) ) ;
#7345 = CARTESIAN_POINT ( 'NONE',  ( -0.2500000000000002220, -3.399999999999999911, 0.2500000000000002220 ) ) ;
#7346 =( LENGTH_UNIT ( ) NAMED_UNIT ( * ) SI_UNIT ( .MILLI., .METRE. ) );
#7347 = SURFACE_STYLE_FILL_AREA ( #8918 ) ;
#7348 =( NAMED_UNIT ( * ) SI_UNIT ( $, .STERADIAN. ) SOLID_ANGLE_UNIT ( ) );
#7349 = CARTESIAN_POINT ( 'NONE',  ( 11.75000000000000000, 1.800000000000000044, -0.2499999999999997780 ) ) ;
#7350 = CARTESIAN_POINT ( 'NONE',  ( 7.299999999999998934, 0.2000000000000000389, 0.2500000000000002220 ) ) ;
#7351 = ORIENTED_EDGE ( 'NONE', *, *, #10218, .T. ) ;
#7352 = ORIENTED_EDGE ( 'NONE', *, *, #10218, .F. ) ;
#7353 = DIRECTION ( 'NONE',  ( -9.103382349328301547E-49, -2.350988701644575016E-32, -1.000000000000000000 ) ) ;
#7354 = STYLED_ITEM ( 'NONE', ( #9714 ), #7142 ) ;
#7355 = EDGE_LOOP ( 'NONE', ( #3374, #6554, #2063, #696 ) ) ;
#7356 = UNCERTAINTY_MEASURE_WITH_UNIT (LENGTH_MEASURE( 1.000000000000000082E-05 ), #9718, 'distance_accuracy_value', 'NONE');
#7357 = UNCERTAINTY_MEASURE_WITH_UNIT (LENGTH_MEASURE( 1.000000000000000082E-05 ), #3017, 'distance_accuracy_value', 'NONE');
#7358 = VECTOR ( 'NONE', #1109, 1000.000000000000000 ) ;
#7359 = CARTESIAN_POINT ( 'NONE',  ( 0.6999999999999992895, 0.1999999999999999833, -2.800000000000000266 ) ) ;
#7360 = FILL_AREA_STYLE_COLOUR ( '', #5292 ) ;
#7361 = CARTESIAN_POINT ( 'NONE',  ( 8.050000000000000711, 5.100000000000001421, 0.1499999999999973577 ) ) ;
#7362 = VECTOR ( 'NONE', #4616, 1000.000000000000114 ) ;
#7363 = EDGE_LOOP ( 'NONE', ( #7799, #2323, #4650, #246 ) ) ;
#7364 = DIRECTION ( 'NONE',  ( 1.000000000000000000, 0.0000000000000000000, -0.0000000000000000000 ) ) ;
#7365 = SURFACE_STYLE_FILL_AREA ( #1031 ) ;
#7366 = PRESENTATION_LAYER_ASSIGNMENT (  '', '', ( #737 ) ) ;
#7367 =( LENGTH_UNIT ( ) NAMED_UNIT ( * ) SI_UNIT ( .MILLI., .METRE. ) );
#7368 = FILL_AREA_STYLE_COLOUR ( '', #8226 ) ;
#7369 = CARTESIAN_POINT ( 'NONE',  ( -0.2500000000000002220, -3.399999999999999911, 0.2500000000000002220 ) ) ;
#7370 = EDGE_CURVE ( 'NONE', #4051, #10017, #1799, .T. ) ;
#7371 = CARTESIAN_POINT ( 'NONE',  ( 2.050000000000000266, 5.100000000000001421, 0.1499999999999973577 ) ) ;
#7372 = VECTOR ( 'NONE', #7400, 1000.000000000000000 ) ;
#7373 = STYLED_ITEM ( 'NONE', ( #4061 ), #8072 ) ;
#7374 = ORIENTED_EDGE ( 'NONE', *, *, #3231, .T. ) ;
#7375 =( LENGTH_UNIT ( ) NAMED_UNIT ( * ) SI_UNIT ( .MILLI., .METRE. ) );
#7376 = CARTESIAN_POINT ( 'NONE',  ( -1.949999999999999956, 6.000000000000000000, -2.800000000000000266 ) ) ;
#7377 = ORIENTED_EDGE ( 'NONE', *, *, #218, .T. ) ;
#7378 = EDGE_LOOP ( 'NONE', ( #9947, #3025, #6084, #5093, #6760, #809, #7845, #251, #3716, #4085 ) ) ;
#7379 = VECTOR ( 'NONE', #8986, 1000.000000000000114 ) ;
#7380 = DIRECTION ( 'NONE',  ( -4.336808689942017736E-16, 1.679277644031839923E-32, -1.000000000000000000 ) ) ;
#7381 = VECTOR ( 'NONE', #4615, 1000.000000000000000 ) ;
#7382 =( GEOMETRIC_REPRESENTATION_CONTEXT ( 3 ) GLOBAL_UNCERTAINTY_ASSIGNED_CONTEXT ( ( #7357 ) ) GLOBAL_UNIT_ASSIGNED_CONTEXT ( ( #3017, #8860, #8143 ) ) REPRESENTATION_CONTEXT ( 'NONE', 'WORKASPACE' ) );
#7383 = PRESENTATION_STYLE_ASSIGNMENT (( #8315 ) ) ;
#7384 = EDGE_CURVE ( 'NONE', #4380, #148, #9900, .T. ) ;
#7385 = ADVANCED_FACE ( 'NONE', ( #5107 ), #7494, .F. ) ;
#7386 = LINE ( 'NONE', #2686, #1152 ) ;
#7387 = CARTESIAN_POINT ( 'NONE',  ( 5.750000000000000000, 4.999999999999997335, 0.2500000000000002220 ) ) ;
#7388 = ORIENTED_EDGE ( 'NONE', *, *, #9308, .T. ) ;
#7389 = CARTESIAN_POINT ( 'NONE',  ( 11.29999999999999893, 0.2000000000000000389, -2.800000000000000266 ) ) ;
#7390 = ORIENTED_EDGE ( 'NONE', *, *, #978, .T. ) ;
#7391 = MECHANICAL_DESIGN_GEOMETRIC_PRESENTATION_REPRESENTATION (  '', ( #760 ), #6424 ) ;
#7392 = STYLED_ITEM ( 'NONE', ( #803 ), #8731 ) ;
#7393 = VECTOR ( 'NONE', #3097, 1000.000000000000000 ) ;
#7394 = ORIENTED_EDGE ( 'NONE', *, *, #6347, .F. ) ;
#7395 = LINE ( 'NONE', #5866, #3329 ) ;
#7396 = STYLED_ITEM ( 'NONE', ( #9880 ), #153 ) ;
#7397 = ADVANCED_FACE ( 'NONE', ( #2756 ), #3397, .T. ) ;
#7398 = DIRECTION ( 'NONE',  ( -0.0000000000000000000, -0.0000000000000000000, -1.000000000000000000 ) ) ;
#7399 = CARTESIAN_POINT ( 'NONE',  ( 9.250000000000001776, 3.399999999999998579, -2.350000000000001865 ) ) ;
#7400 = DIRECTION ( 'NONE',  ( 1.000000000000000000, 1.772909212869378689E-16, -0.0000000000000000000 ) ) ;
#7401 = DIRECTION ( 'NONE',  ( 0.0000000000000000000, -0.0000000000000000000, -1.000000000000000000 ) ) ;
#7402 = ORIENTED_EDGE ( 'NONE', *, *, #4180, .F. ) ;
#7403 = DIRECTION ( 'NONE',  ( -1.000000000000000000, 3.872150616019660190E-17, 0.0000000000000000000 ) ) ;
#7404 = DIRECTION ( 'NONE',  ( 0.0000000000000000000, -0.0000000000000000000, 1.000000000000000000 ) ) ;
#7405 = ORIENTED_EDGE ( 'NONE', *, *, #4816, .T. ) ;
#7406 = CARTESIAN_POINT ( 'NONE',  ( -1.350000000000000089, -15.13439790675532670, 1.249999999999997558 ) ) ;
#7407 =( GEOMETRIC_REPRESENTATION_CONTEXT ( 3 ) GLOBAL_UNCERTAINTY_ASSIGNED_CONTEXT ( ( #9621 ) ) GLOBAL_UNIT_ASSIGNED_CONTEXT ( ( #9473, #157, #9524 ) ) REPRESENTATION_CONTEXT ( 'NONE', 'WORKASPACE' ) );
#7408 = VERTEX_POINT ( 'NONE', #8145 ) ;
#7409 = FILL_AREA_STYLE_COLOUR ( '', #7602 ) ;
#7410 = SURFACE_STYLE_FILL_AREA ( #8197 ) ;
#7411 = CARTESIAN_POINT ( 'NONE',  ( 10.14999999999999680, -3.399999999999999911, 0.1499999999999990785 ) ) ;
#7412 = FILL_AREA_STYLE_COLOUR ( '', #213 ) ;
#7413 = CARTESIAN_POINT ( 'NONE',  ( 0.08333333333333456383, 5.166666666666665186, -0.08333333333333370341 ) ) ;
#7414 = PLANE ( 'NONE',  #3489 ) ;
#7415 = CARTESIAN_POINT ( 'NONE',  ( 9.750000000000000000, -3.299999999999998490, 0.2500000000000002220 ) ) ;
#7416 = EDGE_CURVE ( 'NONE', #4836, #9586, #3444, .T. ) ;
#7417 = AXIS2_PLACEMENT_3D ( 'NONE', #9031, #7670, #1545 ) ;
#7418 = PRESENTATION_LAYER_ASSIGNMENT (  '', '', ( #8753 ) ) ;
#7419 = DIRECTION ( 'NONE',  ( -3.833233541708420554E-17, -0.7071067811865447972, -0.7071067811865502373 ) ) ;
#7420 = EDGE_LOOP ( 'NONE', ( #6335, #171, #27, #4090, #7524 ) ) ;
#7421 = CARTESIAN_POINT ( 'NONE',  ( 5.850000000000003197, 5.100000000000001421, 0.1499999999999973577 ) ) ;
#7422 = CARTESIAN_POINT ( 'NONE',  ( 2.150000000000002132, -3.399999999999999911, 0.1500000000000025757 ) ) ;
#7423 = VERTEX_POINT ( 'NONE', #5823 ) ;
#7424 = ORIENTED_EDGE ( 'NONE', *, *, #9515, .F. ) ;
#7425 = VECTOR ( 'NONE', #7882, 1000.000000000000000 ) ;
#7426 = EDGE_CURVE ( 'NONE', #7133, #9963, #8973, .T. ) ;
#7427 = DIRECTION ( 'NONE',  ( 0.5773502691896239547, -0.5773502691896289507, -0.5773502691896243988 ) ) ;
#7428 = CARTESIAN_POINT ( 'NONE',  ( 9.850000000000001421, -3.399999999999999911, 0.1499999999999990785 ) ) ;
#7429 = SURFACE_STYLE_USAGE ( .BOTH. , #9065 ) ;
#7430 = ORIENTED_EDGE ( 'NONE', *, *, #7768, .F. ) ;
#7431 = PRESENTATION_STYLE_ASSIGNMENT (( #1892 ) ) ;
#7432 = CARTESIAN_POINT ( 'NONE',  ( 0.2499999999999997780, -3.399999999999999911, -0.2499999999999997780 ) ) ;
#7433 = CARTESIAN_POINT ( 'NONE',  ( 8.149999999999998579, -3.399999999999999911, 0.2500000000000002220 ) ) ;
#7434 = ORIENTED_EDGE ( 'NONE', *, *, #6230, .T. ) ;
#7435 = SURFACE_STYLE_USAGE ( .BOTH. , #4289 ) ;
#7436 = EDGE_LOOP ( 'NONE', ( #2385, #6683, #4043, #3297 ) ) ;
#7437 = EDGE_CURVE ( 'NONE', #4809, #9088, #1327, .T. ) ;
#7438 = LINE ( 'NONE', #5096, #7601 ) ;
#7439 = ADVANCED_FACE ( 'NONE', ( #4562 ), #2007, .F. ) ;
#7440 =( GEOMETRIC_REPRESENTATION_CONTEXT ( 3 ) GLOBAL_UNCERTAINTY_ASSIGNED_CONTEXT ( ( #2138 ) ) GLOBAL_UNIT_ASSIGNED_CONTEXT ( ( #6591, #3525, #9836 ) ) REPRESENTATION_CONTEXT ( 'NONE', 'WORKASPACE' ) );
#7441 = VECTOR ( 'NONE', #7678, 1000.000000000000000 ) ;
#7442 = LINE ( 'NONE', #6543, #9508 ) ;
#7443 = ORIENTED_EDGE ( 'NONE', *, *, #1043, .F. ) ;
#7444 = LINE ( 'NONE', #8280, #8274 ) ;
#7445 = PRESENTATION_STYLE_ASSIGNMENT (( #968 ) ) ;
#7446 = ORIENTED_EDGE ( 'NONE', *, *, #7157, .T. ) ;
#7447 = CARTESIAN_POINT ( 'NONE',  ( 6.749999999999999112, 3.399999999999999467, -2.050000000000001599 ) ) ;
#7448 = CARTESIAN_POINT ( 'NONE',  ( 7.299999999999998934, 0.0000000000000000000, -2.800000000000000266 ) ) ;
#7449 = ORIENTED_EDGE ( 'NONE', *, *, #5950, .T. ) ;
#7450 = ORIENTED_EDGE ( 'NONE', *, *, #2652, .F. ) ;
#7451 = ADVANCED_FACE ( 'NONE', ( #491 ), #8330, .F. ) ;
#7452 =( LENGTH_UNIT ( ) NAMED_UNIT ( * ) SI_UNIT ( .MILLI., .METRE. ) );
#7453 = EDGE_CURVE ( 'NONE', #1023, #5036, #642, .T. ) ;
#7454 = UNCERTAINTY_MEASURE_WITH_UNIT (LENGTH_MEASURE( 1.000000000000000082E-05 ), #6107, 'distance_accuracy_value', 'NONE');
#7455 = STYLED_ITEM ( 'NONE', ( #582 ), #6269 ) ;
#7456 =( GEOMETRIC_REPRESENTATION_CONTEXT ( 3 ) GLOBAL_UNCERTAINTY_ASSIGNED_CONTEXT ( ( #2996 ) ) GLOBAL_UNIT_ASSIGNED_CONTEXT ( ( #4697, #2356, #5784 ) ) REPRESENTATION_CONTEXT ( 'NONE', 'WORKASPACE' ) );
#7457 = DIRECTION ( 'NONE',  ( 1.000000000000000000, 0.0000000000000000000, -0.0000000000000000000 ) ) ;
#7458 = PRESENTATION_LAYER_ASSIGNMENT (  '', '', ( #176 ) ) ;
#7459 = VECTOR ( 'NONE', #3587, 1000.000000000000000 ) ;
#7460 = CARTESIAN_POINT ( 'NONE',  ( 3.850000000000001421, 5.100000000000001421, -2.800000000000001155 ) ) ;
#7461 = FILL_AREA_STYLE_COLOUR ( '', #2583 ) ;
#7462 = FILL_AREA_STYLE ('',( #3597 ) ) ;
#7463 = FILL_AREA_STYLE ('',( #4177 ) ) ;
#7464 = CARTESIAN_POINT ( 'NONE',  ( 8.750000000000000000, 3.149999999999995470, -2.050000000000001599 ) ) ;
#7465 = PRESENTATION_LAYER_ASSIGNMENT (  '', '', ( #2177 ) ) ;
#7466 = DIRECTION ( 'NONE',  ( -0.0000000000000000000, 1.000000000000000000, -0.0000000000000000000 ) ) ;
#7467 = ADVANCED_FACE ( 'NONE', ( #3846 ), #3696, .F. ) ;
#7468 = FILL_AREA_STYLE_COLOUR ( '', #7613 ) ;
#7469 = SURFACE_STYLE_USAGE ( .BOTH. , #8356 ) ;
#7470 = DIRECTION ( 'NONE',  ( -3.833233541708420554E-17, -0.7071067811865447972, 0.7071067811865502373 ) ) ;
#7471 = FILL_AREA_STYLE_COLOUR ( '', #3697 ) ;
#7472 =( NAMED_UNIT ( * ) PLANE_ANGLE_UNIT ( ) SI_UNIT ( $, .RADIAN. ) );
#7473 = FILL_AREA_STYLE_COLOUR ( '', #3342 ) ;
#7474 = UNCERTAINTY_MEASURE_WITH_UNIT (LENGTH_MEASURE( 1.000000000000000082E-05 ), #1195, 'distance_accuracy_value', 'NONE');
#7475 = SURFACE_STYLE_USAGE ( .BOTH. , #5291 ) ;
#7476 = EDGE_LOOP ( 'NONE', ( #1196, #2944, #3628, #2786 ) ) ;
#7477 = CARTESIAN_POINT ( 'NONE',  ( 6.750000000000000888, 1.149999999999999911, -2.050000000000001599 ) ) ;
#7478 = DIRECTION ( 'NONE',  ( 1.000000000000000000, -0.0000000000000000000, 1.927470528863119049E-16 ) ) ;
#7479 = DIRECTION ( 'NONE',  ( 0.0000000000000000000, -0.0000000000000000000, 1.000000000000000000 ) ) ;
#7480 = ORIENTED_EDGE ( 'NONE', *, *, #4426, .F. ) ;
#7481 = DIRECTION ( 'NONE',  ( -0.0000000000000000000, 0.0000000000000000000, 1.000000000000000000 ) ) ;
#7482 = SURFACE_SIDE_STYLE ('',( #2576 ) ) ;
#7483 = EDGE_LOOP ( 'NONE', ( #10129, #3655, #117, #1693 ) ) ;
#7484 = CARTESIAN_POINT ( 'NONE',  ( 13.95000000000000107, 6.000000000000000000, -0.6799999999999982725 ) ) ;
#7485 = ORIENTED_EDGE ( 'NONE', *, *, #1154, .T. ) ;
#7486 = COLOUR_RGB ( '',1.000000000000000000, 1.000000000000000000, 1.000000000000000000 ) ;
#7487 = PRESENTATION_STYLE_ASSIGNMENT (( #6676 ) ) ;
#7488 =( LENGTH_UNIT ( ) NAMED_UNIT ( * ) SI_UNIT ( .MILLI., .METRE. ) );
#7489 = EDGE_CURVE ( 'NONE', #233, #21, #2490, .T. ) ;
#7490 = VECTOR ( 'NONE', #4070, 1000.000000000000000 ) ;
#7491 = ORIENTED_EDGE ( 'NONE', *, *, #2892, .F. ) ;
#7492 = LINE ( 'NONE', #8327, #3830 ) ;
#7493 = SURFACE_SIDE_STYLE ('',( #8392 ) ) ;
#7494 = PLANE ( 'NONE',  #564 ) ;
#7495 = ORIENTED_EDGE ( 'NONE', *, *, #10126, .T. ) ;
#7496 =( GEOMETRIC_REPRESENTATION_CONTEXT ( 3 ) GLOBAL_UNCERTAINTY_ASSIGNED_CONTEXT ( ( #10195 ) ) GLOBAL_UNIT_ASSIGNED_CONTEXT ( ( #6783, #3010, #6180 ) ) REPRESENTATION_CONTEXT ( 'NONE', 'WORKASPACE' ) );
#7497 = DIRECTION ( 'NONE',  ( -1.000000000000000000, 0.0000000000000000000, -0.0000000000000000000 ) ) ;
#7498 = LINE ( 'NONE', #1273, #5465 ) ;
#7499 = LINE ( 'NONE', #384, #851 ) ;
#7500 = VERTEX_POINT ( 'NONE', #7096 ) ;
#7501 = ORIENTED_EDGE ( 'NONE', *, *, #1814, .F. ) ;
#7502 = CARTESIAN_POINT ( 'NONE',  ( -1.949999999999999956, 6.000000000000000000, -2.800000000000000266 ) ) ;
#7503 = PRESENTATION_LAYER_ASSIGNMENT (  '', '', ( #5229 ) ) ;
#7504 =( NAMED_UNIT ( * ) PLANE_ANGLE_UNIT ( ) SI_UNIT ( $, .RADIAN. ) );
#7505 = VECTOR ( 'NONE', #5716, 1000.000000000000000 ) ;
#7506 = EDGE_CURVE ( 'NONE', #3668, #3282, #2381, .T. ) ;
#7507 = EDGE_CURVE ( 'NONE', #6127, #8895, #4779, .T. ) ;
#7508 = FACE_OUTER_BOUND ( 'NONE', #2169, .T. ) ;
#7509 = ORIENTED_EDGE ( 'NONE', *, *, #4746, .T. ) ;
#7510 = CARTESIAN_POINT ( 'NONE',  ( 7.750000000000000000, 1.800000000000000044, 0.2500000000000002220 ) ) ;
#7511 = DIRECTION ( 'NONE',  ( 1.000000000000000000, -5.421010862427522170E-17, 0.0000000000000000000 ) ) ;
#7512 = VECTOR ( 'NONE', #1766, 1000.000000000000000 ) ;
#7513 = LINE ( 'NONE', #9202, #4375 ) ;
#7514 =( NAMED_UNIT ( * ) PLANE_ANGLE_UNIT ( ) SI_UNIT ( $, .RADIAN. ) );
#7515 = FILL_AREA_STYLE ('',( #4870 ) ) ;
#7516 = LINE ( 'NONE', #9917, #8946 ) ;
#7517 = DIRECTION ( 'NONE',  ( 1.000000000000000000, 0.0000000000000000000, 0.0000000000000000000 ) ) ;
#7518 = PRESENTATION_LAYER_ASSIGNMENT (  '', '', ( #7031 ) ) ;
#7519 = SURFACE_STYLE_FILL_AREA ( #5947 ) ;
#7520 = MECHANICAL_DESIGN_GEOMETRIC_PRESENTATION_REPRESENTATION (  '', ( #3910 ), #734 ) ;
#7521 = ADVANCED_FACE ( 'NONE', ( #9394 ), #33, .T. ) ;
#7522 = SURFACE_STYLE_FILL_AREA ( #8307 ) ;
#7523 = FILL_AREA_STYLE_COLOUR ( '', #3300 ) ;
#7524 = ORIENTED_EDGE ( 'NONE', *, *, #7723, .F. ) ;
#7525 = FILL_AREA_STYLE_COLOUR ( '', #7005 ) ;
#7526 = CARTESIAN_POINT ( 'NONE',  ( -1.949999999999999734, 5.100000000000001421, -0.1499999999999969136 ) ) ;
#7527 = MECHANICAL_DESIGN_GEOMETRIC_PRESENTATION_REPRESENTATION (  '', ( #10202 ), #3586 ) ;
#7528 = PRESENTATION_LAYER_ASSIGNMENT (  '', '', ( #6235 ) ) ;
#7529 = DIRECTION ( 'NONE',  ( -0.0000000000000000000, -0.0000000000000000000, 1.000000000000000000 ) ) ;
#7530 = CARTESIAN_POINT ( 'NONE',  ( 5.750000000000000000, -3.299999999999998490, -0.2499999999999997780 ) ) ;
#7531 = ORIENTED_EDGE ( 'NONE', *, *, #8402, .T. ) ;
#7532 = CARTESIAN_POINT ( 'NONE',  ( 0.05000000000000012768, -3.399999999999999911, -0.1500000000000021316 ) ) ;
#7533 = VECTOR ( 'NONE', #489, 1000.000000000000000 ) ;
#7534 = VECTOR ( 'NONE', #1557, 1000.000000000000000 ) ;
#7535 = AXIS2_PLACEMENT_3D ( 'NONE', #5298, #9994, #425 ) ;
#7536 = CARTESIAN_POINT ( 'NONE',  ( 10.05000000000000071, 5.100000000000001421, -2.800000000000000266 ) ) ;
#7537 = FILL_AREA_STYLE ('',( #9990 ) ) ;
#7538 = VERTEX_POINT ( 'NONE', #4885 ) ;
#7539 = DIRECTION ( 'NONE',  ( 0.0000000000000000000, 0.0000000000000000000, -1.000000000000000000 ) ) ;
#7540 = ORIENTED_EDGE ( 'NONE', *, *, #7204, .T. ) ;
#7541 = DIRECTION ( 'NONE',  ( -5.421010862427522170E-17, -1.000000000000000000, 2.350988701644575016E-32 ) ) ;
#7542 = STYLED_ITEM ( 'NONE', ( #9437 ), #299 ) ;
#7543 = VECTOR ( 'NONE', #2057, 1000.000000000000114 ) ;
#7544 = PRESENTATION_STYLE_ASSIGNMENT (( #2749 ) ) ;
#7545 = EDGE_CURVE ( 'NONE', #8687, #9745, #9445, .T. ) ;
#7546 = CARTESIAN_POINT ( 'NONE',  ( 7.750000000000000000, -3.399999999999999911, 0.2500000000000002220 ) ) ;
#7547 = AXIS2_PLACEMENT_3D ( 'NONE', #10024, #6792, #2966 ) ;
#7548 = AXIS2_PLACEMENT_3D ( 'NONE', #9774, #6905, #1980 ) ;
#7549 = EDGE_LOOP ( 'NONE', ( #8977, #5233, #3763, #8500 ) ) ;
#7550 = SURFACE_STYLE_USAGE ( .BOTH. , #5260 ) ;
#7551 = STYLED_ITEM ( 'NONE', ( #1834 ), #9500 ) ;
#7552 = CARTESIAN_POINT ( 'NONE',  ( 0.8333333333333313719, -4.383333333333333748, -0.8333333333333309279 ) ) ;
#7553 = FILL_AREA_STYLE ('',( #1330 ) ) ;
#7554 = PLANE ( 'NONE',  #9890 ) ;
#7555 = SURFACE_STYLE_USAGE ( .BOTH. , #440 ) ;
#7556 = ORIENTED_EDGE ( 'NONE', *, *, #1156, .F. ) ;
#7557 = ORIENTED_EDGE ( 'NONE', *, *, #5931, .T. ) ;
#7558 = DIRECTION ( 'NONE',  ( 0.0000000000000000000, -0.0000000000000000000, 1.000000000000000000 ) ) ;
#7559 = ORIENTED_EDGE ( 'NONE', *, *, #8207, .F. ) ;
#7560 = EDGE_CURVE ( 'NONE', #9699, #3315, #7930, .T. ) ;
#7561 = SURFACE_SIDE_STYLE ('',( #9143 ) ) ;
#7562 = MECHANICAL_DESIGN_GEOMETRIC_PRESENTATION_REPRESENTATION (  '', ( #3610 ), #258 ) ;
#7563 = AXIS2_PLACEMENT_3D ( 'NONE', #6956, #10146, #3920 ) ;
#7564 = LINE ( 'NONE', #8294, #973 ) ;
#7565 = ORIENTED_EDGE ( 'NONE', *, *, #7017, .F. ) ;
#7566 =( NAMED_UNIT ( * ) PLANE_ANGLE_UNIT ( ) SI_UNIT ( $, .RADIAN. ) );
#7567 = VECTOR ( 'NONE', #4614, 1000.000000000000000 ) ;
#7568 =( NAMED_UNIT ( * ) SI_UNIT ( $, .STERADIAN. ) SOLID_ANGLE_UNIT ( ) );
#7569 = COLOUR_RGB ( '',1.000000000000000000, 0.8117647058823529438, 0.5019607843137254832 ) ;
#7570 =( LENGTH_UNIT ( ) NAMED_UNIT ( * ) SI_UNIT ( .MILLI., .METRE. ) );
#7571 = PRESENTATION_STYLE_ASSIGNMENT (( #9972 ) ) ;
#7572 = CARTESIAN_POINT ( 'NONE',  ( 8.750000000000000000, 3.399999999999998579, -2.350000000000001865 ) ) ;
#7573 = EDGE_CURVE ( 'NONE', #3841, #9361, #132, .T. ) ;
#7574 = EDGE_CURVE ( 'NONE', #1818, #5109, #8608, .T. ) ;
#7575 = CARTESIAN_POINT ( 'NONE',  ( 12.25000000000000000, -3.399999999999999911, -0.2499999999999997780 ) ) ;
#7576 = MECHANICAL_DESIGN_GEOMETRIC_PRESENTATION_REPRESENTATION (  '', ( #5946 ), #5453 ) ;
#7577 = LINE ( 'NONE', #6045, #7999 ) ;
#7578 =( NAMED_UNIT ( * ) SI_UNIT ( $, .STERADIAN. ) SOLID_ANGLE_UNIT ( ) );
#7579 = EDGE_LOOP ( 'NONE', ( #9980, #2129, #3035, #729 ) ) ;
#7580 = FACE_OUTER_BOUND ( 'NONE', #4013, .T. ) ;
#7581 = ORIENTED_EDGE ( 'NONE', *, *, #3001, .F. ) ;
#7582 = CARTESIAN_POINT ( 'NONE',  ( 9.750000000000000000, -3.399999999999999911, -0.2499999999999997780 ) ) ;
#7583 = SURFACE_STYLE_USAGE ( .BOTH. , #4433 ) ;
#7584 = PRESENTATION_LAYER_ASSIGNMENT (  '', '', ( #8575 ) ) ;
#7585 = CARTESIAN_POINT ( 'NONE',  ( 11.75000000000000000, -3.399999999999999911, 0.2500000000000002220 ) ) ;
#7586 = VERTEX_POINT ( 'NONE', #5526 ) ;
#7587 = ADVANCED_FACE ( 'NONE', ( #4726 ), #7877, .F. ) ;
#7588 = FILL_AREA_STYLE_COLOUR ( '', #8927 ) ;
#7589 = COLOUR_RGB ( '',1.000000000000000000, 0.8117647058823529438, 0.5019607843137254832 ) ;
#7590 = FILL_AREA_STYLE_COLOUR ( '', #5174 ) ;
#7591 = DIRECTION ( 'NONE',  ( -1.000000000000000000, 0.0000000000000000000, 1.540436225342582858E-17 ) ) ;
#7592 = ORIENTED_EDGE ( 'NONE', *, *, #5272, .T. ) ;
#7593 = FILL_AREA_STYLE_COLOUR ( '', #5158 ) ;
#7594 = SURFACE_STYLE_FILL_AREA ( #372 ) ;
#7595 = AXIS2_PLACEMENT_3D ( 'NONE', #3354, #6451, #8979 ) ;
#7596 = FACE_OUTER_BOUND ( 'NONE', #7821, .T. ) ;
#7597 = VERTEX_POINT ( 'NONE', #7387 ) ;
#7598 = SURFACE_STYLE_FILL_AREA ( #1258 ) ;
#7599 = CARTESIAN_POINT ( 'NONE',  ( 5.850000000000001421, -3.399999999999999911, -0.1499999999999986622 ) ) ;
#7600 = EDGE_CURVE ( 'NONE', #9004, #4933, #5091, .T. ) ;
#7601 = VECTOR ( 'NONE', #2747, 1000.000000000000000 ) ;
#7602 = COLOUR_RGB ( '',1.000000000000000000, 0.8117647058823529438, 0.5019607843137254832 ) ;
#7603 = SURFACE_SIDE_STYLE ('',( #2004 ) ) ;
#7604 = EDGE_LOOP ( 'NONE', ( #1467, #7651, #6539, #8166 ) ) ;
#7605 = FILL_AREA_STYLE_COLOUR ( '', #7618 ) ;
#7606 = LINE ( 'NONE', #3742, #6584 ) ;
#7607 = DIRECTION ( 'NONE',  ( 1.000000000000000000, 0.0000000000000000000, -0.0000000000000000000 ) ) ;
#7608 = DIRECTION ( 'NONE',  ( 0.5773502691896258421, -0.5773502691896259531, -0.5773502691896255090 ) ) ;
#7609 = FILL_AREA_STYLE_COLOUR ( '', #8892 ) ;
#7610 = SURFACE_STYLE_USAGE ( .BOTH. , #4436 ) ;
#7611 = ORIENTED_EDGE ( 'NONE', *, *, #3822, .T. ) ;
#7612 = VERTEX_POINT ( 'NONE', #5039 ) ;
#7613 = COLOUR_RGB ( '',1.000000000000000000, 0.8117647058823529438, 0.5019607843137254832 ) ;
#7614 = COLOUR_RGB ( '',1.000000000000000000, 1.000000000000000000, 1.000000000000000000 ) ;
#7615 =( NAMED_UNIT ( * ) PLANE_ANGLE_UNIT ( ) SI_UNIT ( $, .RADIAN. ) );
#7616 = STYLED_ITEM ( 'NONE', ( #3758 ), #1642 ) ;
#7617 = FILL_AREA_STYLE ('',( #8193 ) ) ;
#7618 = COLOUR_RGB ( '',1.000000000000000000, 0.8117647058823529438, 0.5019607843137254832 ) ;
#7619 = AXIS2_PLACEMENT_3D ( 'NONE', #3515, #8900, #1783 ) ;
#7620 = SURFACE_STYLE_FILL_AREA ( #3494 ) ;
#7621 = CARTESIAN_POINT ( 'NONE',  ( 12.25000000000000000, -3.399999999999999911, 0.2500000000000002220 ) ) ;
#7622 = ORIENTED_EDGE ( 'NONE', *, *, #1078, .T. ) ;
#7623 = MECHANICAL_DESIGN_GEOMETRIC_PRESENTATION_REPRESENTATION (  '', ( #4481 ), #8450 ) ;
#7624 =( LENGTH_UNIT ( ) NAMED_UNIT ( * ) SI_UNIT ( .MILLI., .METRE. ) );
#7625 = CARTESIAN_POINT ( 'NONE',  ( 1.849999999999996536, -3.399999999999999911, -2.800000000000001155 ) ) ;
#7626 = CARTESIAN_POINT ( 'NONE',  ( 0.1500000000000021316, -3.399999999999999911, 0.2500000000000002220 ) ) ;
#7627 = PLANE ( 'NONE',  #7791 ) ;
#7628 = SURFACE_STYLE_USAGE ( .BOTH. , #6245 ) ;
#7629 = CARTESIAN_POINT ( 'NONE',  ( 1.750000000000000222, 4.999999999999997335, -0.2499999999999997780 ) ) ;
#7630 = DIRECTION ( 'NONE',  ( -9.103382349328301547E-49, -2.350988701644575016E-32, -1.000000000000000000 ) ) ;
#7631 = COLOUR_RGB ( '',1.000000000000000000, 1.000000000000000000, 1.000000000000000000 ) ;
#7632 = DIRECTION ( 'NONE',  ( 1.000000000000000000, 0.0000000000000000000, 0.0000000000000000000 ) ) ;
#7633 = FILL_AREA_STYLE_COLOUR ( '', #6772 ) ;
#7634 = CARTESIAN_POINT ( 'NONE',  ( 9.299999999999998934, 0.2000000000000000389, 1.700000000000000178 ) ) ;
#7635 = PLANE ( 'NONE',  #9588 ) ;
#7636 = UNCERTAINTY_MEASURE_WITH_UNIT (LENGTH_MEASURE( 1.000000000000000082E-05 ), #5071, 'distance_accuracy_value', 'NONE');
#7637 = LINE ( 'NONE', #1931, #2190 ) ;
#7638 = SURFACE_SIDE_STYLE ('',( #10096 ) ) ;
#7639 = ADVANCED_FACE ( 'NONE', ( #8224 ), #6627, .T. ) ;
#7640 = AXIS2_PLACEMENT_3D ( 'NONE', #7793, #9305, #713 ) ;
#7641 = ORIENTED_EDGE ( 'NONE', *, *, #3343, .T. ) ;
#7642 = SURFACE_STYLE_FILL_AREA ( #2141 ) ;
#7643 = DIRECTION ( 'NONE',  ( -1.000000000000000000, 3.872150616019660190E-17, 0.0000000000000000000 ) ) ;
#7644 = CARTESIAN_POINT ( 'NONE',  ( 0.0000000000000000000, -3.541421356237309581, 0.05000000000000012768 ) ) ;
#7645 = ORIENTED_EDGE ( 'NONE', *, *, #4955, .F. ) ;
#7646 = ORIENTED_EDGE ( 'NONE', *, *, #8402, .F. ) ;
#7647 = AXIS2_PLACEMENT_3D ( 'NONE', #4482, #2028, #9923 ) ;
#7648 = CARTESIAN_POINT ( 'NONE',  ( 6.249999999999998224, -3.299999999999998490, -0.2499999999999997780 ) ) ;
#7649 = EDGE_CURVE ( 'NONE', #883, #5432, #2688, .T. ) ;
#7650 = ADVANCED_FACE ( 'NONE', ( #5136 ), #3519, .T. ) ;
#7651 = ORIENTED_EDGE ( 'NONE', *, *, #5492, .T. ) ;
#7652 = SURFACE_SIDE_STYLE ('',( #9120 ) ) ;
#7653 =( NAMED_UNIT ( * ) PLANE_ANGLE_UNIT ( ) SI_UNIT ( $, .RADIAN. ) );
#7654 = UNCERTAINTY_MEASURE_WITH_UNIT (LENGTH_MEASURE( 1.000000000000000082E-05 ), #9711, 'distance_accuracy_value', 'NONE');
#7655 = VERTEX_POINT ( 'NONE', #5192 ) ;
#7656 = VECTOR ( 'NONE', #2316, 1000.000000000000000 ) ;
#7657 = CARTESIAN_POINT ( 'NONE',  ( 4.049999999999999822, -3.399999999999999911, 0.1499999999999990785 ) ) ;
#7658 = SURFACE_SIDE_STYLE ('',( #5306 ) ) ;
#7659 = EDGE_CURVE ( 'NONE', #280, #7339, #583, .T. ) ;
#7660 = ORIENTED_EDGE ( 'NONE', *, *, #2484, .F. ) ;
#7661 = CARTESIAN_POINT ( 'NONE',  ( -1.949999999999999956, 6.000000000000000000, -2.800000000000000266 ) ) ;
#7662 = CARTESIAN_POINT ( 'NONE',  ( 12.69999999999999929, 0.0000000000000000000, 1.700000000000000178 ) ) ;
#7663 = CARTESIAN_POINT ( 'NONE',  ( 3.850000000000003197, 5.100000000000001421, -0.1499999999999969136 ) ) ;
#7664 = PRESENTATION_STYLE_ASSIGNMENT (( #9136 ) ) ;
#7665 =( NAMED_UNIT ( * ) SI_UNIT ( $, .STERADIAN. ) SOLID_ANGLE_UNIT ( ) );
#7666 = VERTEX_POINT ( 'NONE', #2098 ) ;
#7667 = SURFACE_STYLE_USAGE ( .BOTH. , #3121 ) ;
#7668 = VECTOR ( 'NONE', #7734, 1000.000000000000000 ) ;
#7669 = ORIENTED_EDGE ( 'NONE', *, *, #4227, .F. ) ;
#7670 = DIRECTION ( 'NONE',  ( 0.0000000000000000000, 0.0000000000000000000, 1.000000000000000000 ) ) ;
#7671 = EDGE_LOOP ( 'NONE', ( #2275, #6294, #8003, #174, #4630, #2185 ) ) ;
#7672 = DIRECTION ( 'NONE',  ( 3.872150616019660190E-17, 1.000000000000000000, -0.0000000000000000000 ) ) ;
#7673 =( LENGTH_UNIT ( ) NAMED_UNIT ( * ) SI_UNIT ( .MILLI., .METRE. ) );
#7674 = PRESENTATION_STYLE_ASSIGNMENT (( #4515 ) ) ;
#7675 = DIRECTION ( 'NONE',  ( 9.103382349328301547E-49, 2.350988701644575016E-32, 1.000000000000000000 ) ) ;
#7676 = PRESENTATION_STYLE_ASSIGNMENT (( #3808 ) ) ;
#7677 =( NAMED_UNIT ( * ) PLANE_ANGLE_UNIT ( ) SI_UNIT ( $, .RADIAN. ) );
#7678 = DIRECTION ( 'NONE',  ( -0.0000000000000000000, -0.0000000000000000000, 1.000000000000000000 ) ) ;
#7679 =( LENGTH_UNIT ( ) NAMED_UNIT ( * ) SI_UNIT ( .MILLI., .METRE. ) );
#7680 = ORIENTED_EDGE ( 'NONE', *, *, #9652, .F. ) ;
#7681 = ORIENTED_EDGE ( 'NONE', *, *, #6139, .T. ) ;
#7682 = SURFACE_SIDE_STYLE ('',( #6152 ) ) ;
#7683 = STYLED_ITEM ( 'NONE', ( #5002 ), #9807 ) ;
#7684 = LINE ( 'NONE', #563, #1608 ) ;
#7685 = CARTESIAN_POINT ( 'NONE',  ( 12.14999999999999858, -3.399999999999999911, -0.1499999999999986622 ) ) ;
#7686 = FILL_AREA_STYLE ('',( #3768 ) ) ;
#7687 = PRESENTATION_LAYER_ASSIGNMENT (  '', '', ( #4063 ) ) ;
#7688 = PRESENTATION_STYLE_ASSIGNMENT (( #5230 ) ) ;
#7689 = LINE ( 'NONE', #5497, #9560 ) ;
#7690 = PRESENTATION_LAYER_ASSIGNMENT (  '', '', ( #6688 ) ) ;
#7691 =( LENGTH_UNIT ( ) NAMED_UNIT ( * ) SI_UNIT ( .MILLI., .METRE. ) );
#7692 =( LENGTH_UNIT ( ) NAMED_UNIT ( * ) SI_UNIT ( .MILLI., .METRE. ) );
#7693 = CARTESIAN_POINT ( 'NONE',  ( 7.750000000000000000, -3.299999999999998490, 0.2500000000000002220 ) ) ;
#7694 = UNCERTAINTY_MEASURE_WITH_UNIT (LENGTH_MEASURE( 1.000000000000000082E-05 ), #5472, 'distance_accuracy_value', 'NONE');
#7695 = EDGE_LOOP ( 'NONE', ( #6536, #1880, #3862, #9237, #4187 ) ) ;
#7696 = CARTESIAN_POINT ( 'NONE',  ( 4.699999999999999289, 0.0000000000000000000, -2.800000000000000266 ) ) ;
#7697 = COLOUR_RGB ( '',1.000000000000000000, 0.8117647058823529438, 0.5019607843137254832 ) ;
#7698 = ADVANCED_FACE ( 'NONE', ( #3626 ), #5358, .T. ) ;
#7699 = DIRECTION ( 'NONE',  ( -5.421010862427522170E-17, -1.000000000000000000, 2.350988701644575016E-32 ) ) ;
#7700 = VECTOR ( 'NONE', #4507, 1000.000000000000000 ) ;
#7701 = EDGE_LOOP ( 'NONE', ( #2794, #193, #123, #3523 ) ) ;
#7702 = LINE ( 'NONE', #1371, #4404 ) ;
#7703 = ORIENTED_EDGE ( 'NONE', *, *, #4875, .F. ) ;
#7704 =( NAMED_UNIT ( * ) PLANE_ANGLE_UNIT ( ) SI_UNIT ( $, .RADIAN. ) );
#7705 = COLOUR_RGB ( '',1.000000000000000000, 1.000000000000000000, 1.000000000000000000 ) ;
#7706 = EDGE_CURVE ( 'NONE', #6080, #5508, #9944, .T. ) ;
#7707 = EDGE_CURVE ( 'NONE', #9902, #4809, #6917, .T. ) ;
#7708 = SURFACE_SIDE_STYLE ('',( #1319 ) ) ;
#7709 =( LENGTH_UNIT ( ) NAMED_UNIT ( * ) SI_UNIT ( .MILLI., .METRE. ) );
#7710 = ORIENTED_EDGE ( 'NONE', *, *, #829, .F. ) ;
#7711 = DIRECTION ( 'NONE',  ( -1.000000000000000000, 5.421010862427522170E-17, 0.0000000000000000000 ) ) ;
#7712 = CARTESIAN_POINT ( 'NONE',  ( 13.34999999999999787, 5.650000000000000355, -2.350000000000001865 ) ) ;
#7713 =( NAMED_UNIT ( * ) PLANE_ANGLE_UNIT ( ) SI_UNIT ( $, .RADIAN. ) );
#7714 = UNCERTAINTY_MEASURE_WITH_UNIT (LENGTH_MEASURE( 1.000000000000000082E-05 ), #704, 'distance_accuracy_value', 'NONE');
#7715 = SURFACE_STYLE_USAGE ( .BOTH. , #2113 ) ;
#7716 = ORIENTED_EDGE ( 'NONE', *, *, #6077, .T. ) ;
#7717 = MECHANICAL_DESIGN_GEOMETRIC_PRESENTATION_REPRESENTATION (  '', ( #1241 ), #7382 ) ;
#7718 = CARTESIAN_POINT ( 'NONE',  ( 10.24999999999999822, -3.399999999999999911, 0.2500000000000002220 ) ) ;
#7719 = ORIENTED_EDGE ( 'NONE', *, *, #7191, .F. ) ;
#7720 = ORIENTED_EDGE ( 'NONE', *, *, #6643, .F. ) ;
#7721 = DIRECTION ( 'NONE',  ( -0.0000000000000000000, -1.000000000000000000, -0.0000000000000000000 ) ) ;
#7722 = ORIENTED_EDGE ( 'NONE', *, *, #1043, .T. ) ;
#7723 = EDGE_CURVE ( 'NONE', #6546, #7777, #8481, .T. ) ;
#7724 =( NAMED_UNIT ( * ) PLANE_ANGLE_UNIT ( ) SI_UNIT ( $, .RADIAN. ) );
#7725 =( GEOMETRIC_REPRESENTATION_CONTEXT ( 3 ) GLOBAL_UNCERTAINTY_ASSIGNED_CONTEXT ( ( #4358 ) ) GLOBAL_UNIT_ASSIGNED_CONTEXT ( ( #9899, #8328, #4618 ) ) REPRESENTATION_CONTEXT ( 'NONE', 'WORKASPACE' ) );
#7726 = ORIENTED_EDGE ( 'NONE', *, *, #7119, .T. ) ;
#7727 =( NAMED_UNIT ( * ) PLANE_ANGLE_UNIT ( ) SI_UNIT ( $, .RADIAN. ) );
#7728 = ORIENTED_EDGE ( 'NONE', *, *, #6279, .F. ) ;
#7729 = SURFACE_STYLE_USAGE ( .BOTH. , #610 ) ;
#7730 = LINE ( 'NONE', #9301, #555 ) ;
#7731 = SURFACE_SIDE_STYLE ('',( #8572 ) ) ;
#7732 = LINE ( 'NONE', #5220, #1719 ) ;
#7733 = SURFACE_STYLE_FILL_AREA ( #6945 ) ;
#7734 = DIRECTION ( 'NONE',  ( -1.000000000000000000, 3.872150616019660190E-17, 0.0000000000000000000 ) ) ;
#7735 = SURFACE_STYLE_FILL_AREA ( #4639 ) ;
#7736 =( GEOMETRIC_REPRESENTATION_CONTEXT ( 3 ) GLOBAL_UNCERTAINTY_ASSIGNED_CONTEXT ( ( #4276 ) ) GLOBAL_UNIT_ASSIGNED_CONTEXT ( ( #7709, #10005, #1320 ) ) REPRESENTATION_CONTEXT ( 'NONE', 'WORKASPACE' ) );
#7737 = VECTOR ( 'NONE', #6283, 1000.000000000000000 ) ;
#7738 = CARTESIAN_POINT ( 'NONE',  ( 13.34999999999999787, 4.500000000000000888, 0.3200000000000017275 ) ) ;
#7739 = EDGE_CURVE ( 'NONE', #4231, #722, #10050, .T. ) ;
#7740 =( LENGTH_UNIT ( ) NAMED_UNIT ( * ) SI_UNIT ( .MILLI., .METRE. ) );
#7741 = STYLED_ITEM ( 'NONE', ( #7919 ), #175 ) ;
#7742 = AXIS2_PLACEMENT_3D ( 'NONE', #1762, #975, #200 ) ;
#7743 = PRESENTATION_LAYER_ASSIGNMENT (  '', '', ( #1939 ) ) ;
#7744 = SURFACE_STYLE_USAGE ( .BOTH. , #4644 ) ;
#7745 = ORIENTED_EDGE ( 'NONE', *, *, #7255, .F. ) ;
#7746 = DIRECTION ( 'NONE',  ( -1.000000000000000000, 5.421010862427522170E-17, 0.0000000000000000000 ) ) ;
#7747 = SURFACE_STYLE_FILL_AREA ( #2247 ) ;
#7748 = ORIENTED_EDGE ( 'NONE', *, *, #8291, .F. ) ;
#7749 = MECHANICAL_DESIGN_GEOMETRIC_PRESENTATION_REPRESENTATION (  '', ( #2285 ), #7229 ) ;
#7750 = EDGE_CURVE ( 'NONE', #9586, #6422, #9169, .T. ) ;
#7751 = DIRECTION ( 'NONE',  ( 0.0000000000000000000, 0.0000000000000000000, 1.000000000000000000 ) ) ;
#7752 = CARTESIAN_POINT ( 'NONE',  ( 8.750000000000000000, 3.399999999999999467, -2.050000000000001599 ) ) ;
#7753 = CARTESIAN_POINT ( 'NONE',  ( -1.350000000000000089, 5.650000000000000355, -2.350000000000001421 ) ) ;
#7754 = LINE ( 'NONE', #3048, #9643 ) ;
#7755 = FILL_AREA_STYLE_COLOUR ( '', #8323 ) ;
#7756 = LINE ( 'NONE', #9122, #9687 ) ;
#7757 = VERTEX_POINT ( 'NONE', #5248 ) ;
#7758 = ORIENTED_EDGE ( 'NONE', *, *, #1092, .T. ) ;
#7759 =( NAMED_UNIT ( * ) SI_UNIT ( $, .STERADIAN. ) SOLID_ANGLE_UNIT ( ) );
#7760 = VECTOR ( 'NONE', #5021, 1000.000000000000000 ) ;
#7761 = ORIENTED_EDGE ( 'NONE', *, *, #5395, .T. ) ;
#7762 = DIRECTION ( 'NONE',  ( -0.0000000000000000000, -0.0000000000000000000, 1.000000000000000000 ) ) ;
#7763 = DIRECTION ( 'NONE',  ( 0.0000000000000000000, 0.0000000000000000000, -1.000000000000000000 ) ) ;
#7764 = EDGE_CURVE ( 'NONE', #9149, #1818, #7702, .T. ) ;
#7765 = EDGE_LOOP ( 'NONE', ( #5551, #5717, #5007, #5401, #3011, #8136, #1160, #2567, #5883, #8944, #8849, #8988 ) ) ;
#7766 =( NAMED_UNIT ( * ) SI_UNIT ( $, .STERADIAN. ) SOLID_ANGLE_UNIT ( ) );
#7767 =( NAMED_UNIT ( * ) PLANE_ANGLE_UNIT ( ) SI_UNIT ( $, .RADIAN. ) );
#7768 = EDGE_CURVE ( 'NONE', #9513, #3107, #6172, .T. ) ;
#7769 = ORIENTED_EDGE ( 'NONE', *, *, #3800, .F. ) ;
#7770 =( NAMED_UNIT ( * ) PLANE_ANGLE_UNIT ( ) SI_UNIT ( $, .RADIAN. ) );
#7771 = ORIENTED_EDGE ( 'NONE', *, *, #8168, .F. ) ;
#7772 = UNCERTAINTY_MEASURE_WITH_UNIT (LENGTH_MEASURE( 1.000000000000000082E-05 ), #6888, 'distance_accuracy_value', 'NONE');
#7773 = VECTOR ( 'NONE', #2445, 1000.000000000000000 ) ;
#7774 = VECTOR ( 'NONE', #2133, 1000.000000000000000 ) ;
#7775 = DIRECTION ( 'NONE',  ( 0.5773502691896221783, 0.5773502691896298389, -0.5773502691896253980 ) ) ;
#7776 = CARTESIAN_POINT ( 'NONE',  ( 2.250000000000000000, 0.2000000000000000111, -2.800000000000000266 ) ) ;
#7777 = VERTEX_POINT ( 'NONE', #8542 ) ;
#7778 = CARTESIAN_POINT ( 'NONE',  ( -1.950000000000000400, 1.380000000000000782, 1.700000000000000178 ) ) ;
#7779 = MECHANICAL_DESIGN_GEOMETRIC_PRESENTATION_REPRESENTATION (  '', ( #2495 ), #3340 ) ;
#7780 = CARTESIAN_POINT ( 'NONE',  ( 1.450000000000001288, -4.100000000000001421, 0.5499999999999983791 ) ) ;
#7781 = EDGE_CURVE ( 'NONE', #8479, #5288, #1424, .T. ) ;
#7782 = VECTOR ( 'NONE', #8807, 1000.000000000000000 ) ;
#7783 = VECTOR ( 'NONE', #2371, 1000.000000000000000 ) ;
#7784 = ORIENTED_EDGE ( 'NONE', *, *, #10087, .F. ) ;
#7785 = FILL_AREA_STYLE ('',( #6942 ) ) ;
#7786 = ADVANCED_FACE ( 'NONE', ( #2793 ), #10158, .F. ) ;
#7787 = DIRECTION ( 'NONE',  ( 1.000000000000000000, 0.0000000000000000000, -2.581433744013106177E-17 ) ) ;
#7788 = LINE ( 'NONE', #4416, #2154 ) ;
#7789 = PLANE ( 'NONE',  #8209 ) ;
#7790 = ORIENTED_EDGE ( 'NONE', *, *, #3365, .F. ) ;
#7791 = AXIS2_PLACEMENT_3D ( 'NONE', #504, #4635, #3708 ) ;
#7792 = ORIENTED_EDGE ( 'NONE', *, *, #3900, .T. ) ;
#7793 = CARTESIAN_POINT ( 'NONE',  ( -1.949999999999999956, 0.0000000000000000000, -2.800000000000000266 ) ) ;
#7794 = EDGE_LOOP ( 'NONE', ( #539, #7288, #4822, #6226 ) ) ;
#7795 = CARTESIAN_POINT ( 'NONE',  ( 3.750000000000001332, 4.999999999999997335, -0.2499999999999997780 ) ) ;
#7796 = UNCERTAINTY_MEASURE_WITH_UNIT (LENGTH_MEASURE( 1.000000000000000082E-05 ), #6894, 'distance_accuracy_value', 'NONE');
#7797 = AXIS2_PLACEMENT_3D ( 'NONE', #7795, #670, #7061 ) ;
#7798 = COLOUR_RGB ( '',1.000000000000000000, 1.000000000000000000, 1.000000000000000000 ) ;
#7799 = ORIENTED_EDGE ( 'NONE', *, *, #8724, .F. ) ;
#7800 = FILL_AREA_STYLE_COLOUR ( '', #4403 ) ;
#7801 = ORIENTED_EDGE ( 'NONE', *, *, #3951, .F. ) ;
#7802 = PLANE ( 'NONE',  #6738 ) ;
#7803 = EDGE_CURVE ( 'NONE', #1184, #1967, #2319, .T. ) ;
#7804 = DIRECTION ( 'NONE',  ( 1.000000000000000000, -5.421010862427522170E-17, 0.0000000000000000000 ) ) ;
#7805 =( LENGTH_UNIT ( ) NAMED_UNIT ( * ) SI_UNIT ( .MILLI., .METRE. ) );
#7806 = VECTOR ( 'NONE', #4724, 1000.000000000000000 ) ;
#7807 = VECTOR ( 'NONE', #4981, 1000.000000000000000 ) ;
#7808 = PLANE ( 'NONE',  #1328 ) ;
#7809 = UNCERTAINTY_MEASURE_WITH_UNIT (LENGTH_MEASURE( 1.000000000000000082E-05 ), #630, 'distance_accuracy_value', 'NONE');
#7810 = ORIENTED_EDGE ( 'NONE', *, *, #5592, .T. ) ;
#7811 = VECTOR ( 'NONE', #1068, 1000.000000000000000 ) ;
#7812 = DIRECTION ( 'NONE',  ( 1.000000000000000000, -5.421010862427522170E-17, 0.0000000000000000000 ) ) ;
#7813 = VECTOR ( 'NONE', #930, 1000.000000000000000 ) ;
#7814 = VECTOR ( 'NONE', #1822, 1000.000000000000000 ) ;
#7815 = CARTESIAN_POINT ( 'NONE',  ( 5.749999999999998224, 1.800000000000000044, -2.800000000000003819 ) ) ;
#7816 = ORIENTED_EDGE ( 'NONE', *, *, #6406, .T. ) ;
#7817 = SURFACE_STYLE_FILL_AREA ( #4493 ) ;
#7818 = LINE ( 'NONE', #8791, #7327 ) ;
#7819 = ORIENTED_EDGE ( 'NONE', *, *, #6977, .T. ) ;
#7820 = CARTESIAN_POINT ( 'NONE',  ( 7.750000000000000000, -3.299999999999998490, 0.2500000000000002220 ) ) ;
#7821 = EDGE_LOOP ( 'NONE', ( #3975, #6498, #8482, #9123, #2353 ) ) ;
#7822 = CARTESIAN_POINT ( 'NONE',  ( 13.34999999999999787, 5.650000000000000355, 1.249999999999997558 ) ) ;
#7823 = DIRECTION ( 'NONE',  ( 1.000000000000000000, 0.0000000000000000000, 0.0000000000000000000 ) ) ;
#7824 = ADVANCED_FACE ( 'NONE', ( #3049 ), #5651, .F. ) ;
#7825 = VERTEX_POINT ( 'NONE', #7085 ) ;
#7826 = CARTESIAN_POINT ( 'NONE',  ( 4.250000000000000000, -3.399999999999999911, 0.2500000000000002220 ) ) ;
#7827 = LINE ( 'NONE', #3893, #3452 ) ;
#7828 = CARTESIAN_POINT ( 'NONE',  ( 7.750000000000000000, -3.299999999999998490, -0.2499999999999997780 ) ) ;
#7829 = DIRECTION ( 'NONE',  ( 0.0000000000000000000, 1.000000000000000000, 0.0000000000000000000 ) ) ;
#7830 = DIRECTION ( 'NONE',  ( -9.103382349328301547E-49, -2.350988701644575016E-32, -1.000000000000000000 ) ) ;
#7831 = EDGE_LOOP ( 'NONE', ( #9727, #5385, #7769, #1403 ) ) ;
#7832 = CARTESIAN_POINT ( 'NONE',  ( 9.850000000000001421, 5.100000000000001421, -2.800000000000001155 ) ) ;
#7833 = SURFACE_SIDE_STYLE ('',( #607 ) ) ;
#7834 = EDGE_CURVE ( 'NONE', #6805, #1349, #7818, .T. ) ;
#7835 = DIRECTION ( 'NONE',  ( -1.000000000000000000, 5.421010862427522170E-17, 0.0000000000000000000 ) ) ;
#7836 = VERTEX_POINT ( 'NONE', #6972 ) ;
#7837 = ORIENTED_EDGE ( 'NONE', *, *, #3822, .F. ) ;
#7838 = PRESENTATION_STYLE_ASSIGNMENT (( #2182 ) ) ;
#7839 = CARTESIAN_POINT ( 'NONE',  ( 5.750000000000000000, -3.399999999999999911, 0.2500000000000002220 ) ) ;
#7840 = ORIENTED_EDGE ( 'NONE', *, *, #857, .T. ) ;
#7841 = PRESENTATION_LAYER_ASSIGNMENT (  '', '', ( #859 ) ) ;
#7842 = FILL_AREA_STYLE ('',( #3076 ) ) ;
#7843 = CARTESIAN_POINT ( 'NONE',  ( 0.2500000000000002220, 4.999999999999997335, 0.2500000000000002220 ) ) ;
#7844 = CARTESIAN_POINT ( 'NONE',  ( 3.299999999999999378, 0.2000000000000000389, 0.2500000000000002220 ) ) ;
#7845 = ORIENTED_EDGE ( 'NONE', *, *, #446, .T. ) ;
#7846 = PLANE ( 'NONE',  #8969 ) ;
#7847 = CARTESIAN_POINT ( 'NONE',  ( -0.7000000000000002887, 0.2000000000000000389, -2.800000000000000266 ) ) ;
#7848 = MECHANICAL_DESIGN_GEOMETRIC_PRESENTATION_REPRESENTATION (  '', ( #7004 ), #3222 ) ;
#7849 = FILL_AREA_STYLE ('',( #7064 ) ) ;
#7850 = EDGE_CURVE ( 'NONE', #2439, #5084, #1682, .T. ) ;
#7851 = AXIS2_PLACEMENT_3D ( 'NONE', #4868, #5026, #1728 ) ;
#7852 = EDGE_CURVE ( 'NONE', #6205, #3284, #5560, .T. ) ;
#7853 = DIRECTION ( 'NONE',  ( -1.000000000000000000, 3.872150616019660190E-17, 0.0000000000000000000 ) ) ;
#7854 = ORIENTED_EDGE ( 'NONE', *, *, #2148, .T. ) ;
#7855 = FILL_AREA_STYLE_COLOUR ( '', #5934 ) ;
#7856 = MECHANICAL_DESIGN_GEOMETRIC_PRESENTATION_REPRESENTATION (  '', ( #8326 ), #2719 ) ;
#7857 = CARTESIAN_POINT ( 'NONE',  ( 1.299999999999999600, 0.2000000000000000389, -2.800000000000000266 ) ) ;
#7858 = FACE_OUTER_BOUND ( 'NONE', #2211, .T. ) ;
#7859 = ORIENTED_EDGE ( 'NONE', *, *, #2288, .F. ) ;
#7860 = VECTOR ( 'NONE', #8321, 1000.000000000000000 ) ;
#7861 = ADVANCED_FACE ( 'NONE', ( #843 ), #9536, .F. ) ;
#7862 = VECTOR ( 'NONE', #8270, 1000.000000000000000 ) ;
#7863 = SURFACE_SIDE_STYLE ('',( #3268 ) ) ;
#7864 = LINE ( 'NONE', #1625, #1249 ) ;
#7865 =( NAMED_UNIT ( * ) PLANE_ANGLE_UNIT ( ) SI_UNIT ( $, .RADIAN. ) );
#7866 = SURFACE_STYLE_USAGE ( .BOTH. , #1577 ) ;
#7867 =( LENGTH_UNIT ( ) NAMED_UNIT ( * ) SI_UNIT ( .MILLI., .METRE. ) );
#7868 = VECTOR ( 'NONE', #8002, 1000.000000000000000 ) ;
#7869 =( NAMED_UNIT ( * ) PLANE_ANGLE_UNIT ( ) SI_UNIT ( $, .RADIAN. ) );
#7870 =( LENGTH_UNIT ( ) NAMED_UNIT ( * ) SI_UNIT ( .MILLI., .METRE. ) );
#7871 = PRESENTATION_LAYER_ASSIGNMENT (  '', '', ( #2234 ) ) ;
#7872 = PRESENTATION_LAYER_ASSIGNMENT (  '', '', ( #7033 ) ) ;
#7873 = DIRECTION ( 'NONE',  ( -1.000000000000000000, 0.0000000000000000000, 1.540436225342582858E-17 ) ) ;
#7874 = VERTEX_POINT ( 'NONE', #7464 ) ;
#7875 = CARTESIAN_POINT ( 'NONE',  ( 4.250000000000000000, 1.800000000000000044, -0.2499999999999997780 ) ) ;
#7876 = DIRECTION ( 'NONE',  ( 0.5773502691896259531, 0.5773502691896259531, -0.5773502691896255090 ) ) ;
#7877 = PLANE ( 'NONE',  #1406 ) ;
#7878 = UNCERTAINTY_MEASURE_WITH_UNIT (LENGTH_MEASURE( 1.000000000000000082E-05 ), #220, 'distance_accuracy_value', 'NONE');
#7879 = LINE ( 'NONE', #3119, #8836 ) ;
#7880 = CARTESIAN_POINT ( 'NONE',  ( -1.951000000000000956, 4.500000000000000888, -0.6800000000000004929 ) ) ;
#7881 = ORIENTED_EDGE ( 'NONE', *, *, #920, .F. ) ;
#7882 = DIRECTION ( 'NONE',  ( -1.000000000000000000, 0.0000000000000000000, 1.540436225342582858E-17 ) ) ;
#7883 = VECTOR ( 'NONE', #10214, 1000.000000000000000 ) ;
#7884 = VERTEX_POINT ( 'NONE', #2021 ) ;
#7885 = UNCERTAINTY_MEASURE_WITH_UNIT (LENGTH_MEASURE( 1.000000000000000082E-05 ), #8703, 'distance_accuracy_value', 'NONE');
#7886 = VECTOR ( 'NONE', #6113, 1000.000000000000000 ) ;
#7887 = ADVANCED_FACE ( 'NONE', ( #4132 ), #1124, .F. ) ;
#7888 =( LENGTH_UNIT ( ) NAMED_UNIT ( * ) SI_UNIT ( .MILLI., .METRE. ) );
#7889 = STYLED_ITEM ( 'NONE', ( #10119 ), #1074 ) ;
#7890 = LINE ( 'NONE', #3854, #2517 ) ;
#7891 = FILL_AREA_STYLE_COLOUR ( '', #5755 ) ;
#7892 = VERTEX_POINT ( 'NONE', #5943 ) ;
#7893 = FILL_AREA_STYLE ('',( #661 ) ) ;
#7894 =( NAMED_UNIT ( * ) SI_UNIT ( $, .STERADIAN. ) SOLID_ANGLE_UNIT ( ) );
#7895 = DIRECTION ( 'NONE',  ( 1.000000000000000000, -0.0000000000000000000, -5.455105270367317620E-17 ) ) ;
#7896 = ORIENTED_EDGE ( 'NONE', *, *, #2336, .F. ) ;
#7897 = PRESENTATION_STYLE_ASSIGNMENT (( #4744 ) ) ;
#7898 = COLOUR_RGB ( '',1.000000000000000000, 0.8117647058823529438, 0.5019607843137254832 ) ;
#7899 = UNCERTAINTY_MEASURE_WITH_UNIT (LENGTH_MEASURE( 1.000000000000000082E-05 ), #3775, 'distance_accuracy_value', 'NONE');
#7900 = AXIS2_PLACEMENT_3D ( 'NONE', #660, #4633, #3757 ) ;
#7901 = VECTOR ( 'NONE', #9300, 1000.000000000000000 ) ;
#7902 = FILL_AREA_STYLE ('',( #3303 ) ) ;
#7903 = LINE ( 'NONE', #720, #2274 ) ;
#7904 = DIRECTION ( 'NONE',  ( -0.0000000000000000000, 0.7071067811865500152, 0.7071067811865451302 ) ) ;
#7905 = VECTOR ( 'NONE', #9546, 1000.000000000000114 ) ;
#7906 = SURFACE_STYLE_USAGE ( .BOTH. , #3870 ) ;
#7907 = CARTESIAN_POINT ( 'NONE',  ( 13.95000000000000107, 6.000000000000000000, 1.699999999999999289 ) ) ;
#7908 = CARTESIAN_POINT ( 'NONE',  ( 6.699999999999999289, 0.1999999999999999833, -2.800000000000000266 ) ) ;
#7909 = ADVANCED_FACE ( 'NONE', ( #6039 ), #2523, .F. ) ;
#7910 = EDGE_CURVE ( 'NONE', #5797, #1459, #8251, .T. ) ;
#7911 = DIRECTION ( 'NONE',  ( 4.336808689942017736E-16, 0.0000000000000000000, 1.000000000000000000 ) ) ;
#7912 = DIRECTION ( 'NONE',  ( -5.421010862427522170E-17, -1.000000000000000000, 2.350988701644575016E-32 ) ) ;
#7913 = COLOUR_RGB ( '',1.000000000000000000, 1.000000000000000000, 1.000000000000000000 ) ;
#7914 = STYLED_ITEM ( 'NONE', ( #2305 ), #8853 ) ;
#7915 = VECTOR ( 'NONE', #5166, 1000.000000000000000 ) ;
#7916 = CARTESIAN_POINT ( 'NONE',  ( -1.949999999999999734, 5.100000000000001421, 0.1499999999999973577 ) ) ;
#7917 = CARTESIAN_POINT ( 'NONE',  ( 9.849999999999999645, -3.399999999999999911, -2.800000000000001155 ) ) ;
#7918 = CARTESIAN_POINT ( 'NONE',  ( 0.2500000000000002220, 4.999999999999997335, 0.2500000000000002220 ) ) ;
#7919 = PRESENTATION_STYLE_ASSIGNMENT (( #1578 ) ) ;
#7920 =( NAMED_UNIT ( * ) PLANE_ANGLE_UNIT ( ) SI_UNIT ( $, .RADIAN. ) );
#7921 = VERTEX_POINT ( 'NONE', #8838 ) ;
#7922 = STYLED_ITEM ( 'NONE', ( #3134 ), #9104 ) ;
#7923 = EDGE_CURVE ( 'NONE', #8553, #4242, #9099, .T. ) ;
#7924 = LINE ( 'NONE', #128, #3838 ) ;
#7925 = LINE ( 'NONE', #902, #5082 ) ;
#7926 = VERTEX_POINT ( 'NONE', #6752 ) ;
#7927 = DIRECTION ( 'NONE',  ( -1.000000000000000000, 5.421010862427522170E-17, 0.0000000000000000000 ) ) ;
#7928 = DIRECTION ( 'NONE',  ( -4.336808689942017736E-16, 0.0000000000000000000, -1.000000000000000000 ) ) ;
#7929 = CARTESIAN_POINT ( 'NONE',  ( 10.75000000000000000, 3.149999999999995470, -2.050000000000001599 ) ) ;
#7930 = LINE ( 'NONE', #10266, #2426 ) ;
#7931 = UNCERTAINTY_MEASURE_WITH_UNIT (LENGTH_MEASURE( 1.000000000000000082E-05 ), #5207, 'distance_accuracy_value', 'NONE');
#7932 = DIRECTION ( 'NONE',  ( -0.0000000000000000000, -0.0000000000000000000, 1.000000000000000000 ) ) ;
#7933 = EDGE_LOOP ( 'NONE', ( #699, #2897, #7312, #4821 ) ) ;
#7934 = ORIENTED_EDGE ( 'NONE', *, *, #10019, .T. ) ;
#7935 = ORIENTED_EDGE ( 'NONE', *, *, #6252, .F. ) ;
#7936 =( LENGTH_UNIT ( ) NAMED_UNIT ( * ) SI_UNIT ( .MILLI., .METRE. ) );
#7937 =( GEOMETRIC_REPRESENTATION_CONTEXT ( 3 ) GLOBAL_UNCERTAINTY_ASSIGNED_CONTEXT ( ( #10121 ) ) GLOBAL_UNIT_ASSIGNED_CONTEXT ( ( #9589, #7164, #6570 ) ) REPRESENTATION_CONTEXT ( 'NONE', 'WORKASPACE' ) );
#7938 = DIRECTION ( 'NONE',  ( 1.000000000000000000, -0.0000000000000000000, 1.927470528863119049E-16 ) ) ;
#7939 = PLANE ( 'NONE',  #8534 ) ;
#7940 = ORIENTED_EDGE ( 'NONE', *, *, #6628, .T. ) ;
#7941 =( NAMED_UNIT ( * ) SI_UNIT ( $, .STERADIAN. ) SOLID_ANGLE_UNIT ( ) );
#7942 = FACE_OUTER_BOUND ( 'NONE', #5232, .T. ) ;
#7943 =( LENGTH_UNIT ( ) NAMED_UNIT ( * ) SI_UNIT ( .MILLI., .METRE. ) );
#7944 = VERTEX_POINT ( 'NONE', #9914 ) ;
#7945 = MECHANICAL_DESIGN_GEOMETRIC_PRESENTATION_REPRESENTATION (  '', ( #972 ), #10109 ) ;
#7946 = VECTOR ( 'NONE', #8931, 1000.000000000000000 ) ;
#7947 = CARTESIAN_POINT ( 'NONE',  ( 0.2499999999999997780, -3.300000000000002043, -0.2499999999999997780 ) ) ;
#7948 = VERTEX_POINT ( 'NONE', #4417 ) ;
#7949 =( LENGTH_UNIT ( ) NAMED_UNIT ( * ) SI_UNIT ( .MILLI., .METRE. ) );
#7950 = SURFACE_STYLE_FILL_AREA ( #8877 ) ;
#7951 =( GEOMETRIC_REPRESENTATION_CONTEXT ( 3 ) GLOBAL_UNCERTAINTY_ASSIGNED_CONTEXT ( ( #9548 ) ) GLOBAL_UNIT_ASSIGNED_CONTEXT ( ( #1352, #6042, #6850 ) ) REPRESENTATION_CONTEXT ( 'NONE', 'WORKASPACE' ) );
#7952 = DIRECTION ( 'NONE',  ( -0.0000000000000000000, 1.000000000000000000, -0.0000000000000000000 ) ) ;
#7953 = ORIENTED_EDGE ( 'NONE', *, *, #9866, .F. ) ;
#7954 = SURFACE_STYLE_FILL_AREA ( #7113 ) ;
#7955 = SURFACE_STYLE_FILL_AREA ( #8056 ) ;
#7956 = PRESENTATION_STYLE_ASSIGNMENT (( #4805 ) ) ;
#7957 = FILL_AREA_STYLE_COLOUR ( '', #1036 ) ;
#7958 =( NAMED_UNIT ( * ) SI_UNIT ( $, .STERADIAN. ) SOLID_ANGLE_UNIT ( ) );
#7959 = CARTESIAN_POINT ( 'NONE',  ( 9.299999999999998934, 0.0000000000000000000, 1.700000000000000178 ) ) ;
#7960 = VERTEX_POINT ( 'NONE', #5994 ) ;
#7961 = FILL_AREA_STYLE_COLOUR ( '', #6311 ) ;
#7962 =( GEOMETRIC_REPRESENTATION_CONTEXT ( 3 ) GLOBAL_UNCERTAINTY_ASSIGNED_CONTEXT ( ( #9468 ) ) GLOBAL_UNIT_ASSIGNED_CONTEXT ( ( #9280, #2160, #10113 ) ) REPRESENTATION_CONTEXT ( 'NONE', 'WORKASPACE' ) );
#7963 = PRESENTATION_STYLE_ASSIGNMENT (( #8995 ) ) ;
#7964 = ADVANCED_FACE ( 'NONE', ( #453 ), #6797, .F. ) ;
#7965 = DIRECTION ( 'NONE',  ( -1.000000000000000000, 5.421010862427522170E-17, 0.0000000000000000000 ) ) ;
#7966 = AXIS2_PLACEMENT_3D ( 'NONE', #815, #864, #6442 ) ;
#7967 = MECHANICAL_DESIGN_GEOMETRIC_PRESENTATION_REPRESENTATION (  '', ( #3183 ), #1143 ) ;
#7968 =( NAMED_UNIT ( * ) PLANE_ANGLE_UNIT ( ) SI_UNIT ( $, .RADIAN. ) );
#7969 = VERTEX_POINT ( 'NONE', #4636 ) ;
#7970 =( GEOMETRIC_REPRESENTATION_CONTEXT ( 3 ) GLOBAL_UNCERTAINTY_ASSIGNED_CONTEXT ( ( #6918 ) ) GLOBAL_UNIT_ASSIGNED_CONTEXT ( ( #7006, #3819, #3032 ) ) REPRESENTATION_CONTEXT ( 'NONE', 'WORKASPACE' ) );
#7971 = CARTESIAN_POINT ( 'NONE',  ( 9.166666666666664298, -4.383333333333332860, -0.8333333333333330373 ) ) ;
#7972 = EDGE_CURVE ( 'NONE', #1992, #5279, #1402, .T. ) ;
#7973 = EDGE_CURVE ( 'NONE', #994, #3369, #3759, .T. ) ;
#7974 = ORIENTED_EDGE ( 'NONE', *, *, #4119, .F. ) ;
#7975 = LINE ( 'NONE', #7233, #7905 ) ;
#7976 =( GEOMETRIC_REPRESENTATION_CONTEXT ( 3 ) GLOBAL_UNCERTAINTY_ASSIGNED_CONTEXT ( ( #3731 ) ) GLOBAL_UNIT_ASSIGNED_CONTEXT ( ( #9967, #9195, #8245 ) ) REPRESENTATION_CONTEXT ( 'NONE', 'WORKASPACE' ) );
#7977 = DIRECTION ( 'NONE',  ( 0.0000000000000000000, 0.0000000000000000000, -1.000000000000000000 ) ) ;
#7978 = UNCERTAINTY_MEASURE_WITH_UNIT (LENGTH_MEASURE( 1.000000000000000082E-05 ), #3972, 'distance_accuracy_value', 'NONE');
#7979 = COLOUR_RGB ( '',1.000000000000000000, 0.8117647058823529438, 0.5019607843137254832 ) ;
#7980 = ORIENTED_EDGE ( 'NONE', *, *, #8997, .F. ) ;
#7981 = CARTESIAN_POINT ( 'NONE',  ( 9.250000000000001776, 3.399999999999999467, -2.350000000000001421 ) ) ;
#7982 = ORIENTED_EDGE ( 'NONE', *, *, #6009, .T. ) ;
#7983 = FILL_AREA_STYLE_COLOUR ( '', #3875 ) ;
#7984 = EDGE_CURVE ( 'NONE', #5432, #2912, #4584, .T. ) ;
#7985 = SURFACE_STYLE_FILL_AREA ( #4529 ) ;
#7986 = DIRECTION ( 'NONE',  ( 0.0000000000000000000, -0.0000000000000000000, 1.000000000000000000 ) ) ;
#7987 = ORIENTED_EDGE ( 'NONE', *, *, #2863, .T. ) ;
#7988 = CARTESIAN_POINT ( 'NONE',  ( 0.2499999999999997780, -3.399999999999999911, 0.2500000000000002220 ) ) ;
#7989 = PRESENTATION_STYLE_ASSIGNMENT (( #4014 ) ) ;
#7990 = DIRECTION ( 'NONE',  ( 0.0000000000000000000, 1.000000000000000000, 0.0000000000000000000 ) ) ;
#7991 = CARTESIAN_POINT ( 'NONE',  ( 2.149999999999997691, 5.100000000000001421, -2.800000000000000266 ) ) ;
#7992 = ORIENTED_EDGE ( 'NONE', *, *, #5441, .F. ) ;
#7993 = SURFACE_SIDE_STYLE ('',( #8815 ) ) ;
#7994 = SURFACE_STYLE_USAGE ( .BOTH. , #4060 ) ;
#7995 = ORIENTED_EDGE ( 'NONE', *, *, #8938, .T. ) ;
#7996 = LINE ( 'NONE', #2462, #459 ) ;
#7997 = DIRECTION ( 'NONE',  ( 1.000000000000000000, -0.0000000000000000000, -5.455105270367317620E-17 ) ) ;
#7998 = FACE_OUTER_BOUND ( 'NONE', #9731, .T. ) ;
#7999 = VECTOR ( 'NONE', #8416, 1000.000000000000000 ) ;
#8000 = ORIENTED_EDGE ( 'NONE', *, *, #10142, .F. ) ;
#8001 =( NAMED_UNIT ( * ) PLANE_ANGLE_UNIT ( ) SI_UNIT ( $, .RADIAN. ) );
#8002 = DIRECTION ( 'NONE',  ( 1.000000000000000000, 0.0000000000000000000, 0.0000000000000000000 ) ) ;
#8003 = ORIENTED_EDGE ( 'NONE', *, *, #9438, .T. ) ;
#8004 = FILL_AREA_STYLE_COLOUR ( '', #612 ) ;
#8005 = FACE_OUTER_BOUND ( 'NONE', #1518, .T. ) ;
#8006 = DIRECTION ( 'NONE',  ( 0.7071067811865475727, 0.7071067811865475727, 0.0000000000000000000 ) ) ;
#8007 =( GEOMETRIC_REPRESENTATION_CONTEXT ( 3 ) GLOBAL_UNCERTAINTY_ASSIGNED_CONTEXT ( ( #2706 ) ) GLOBAL_UNIT_ASSIGNED_CONTEXT ( ( #8015, #6474, #6697 ) ) REPRESENTATION_CONTEXT ( 'NONE', 'WORKASPACE' ) );
#8008 = EDGE_LOOP ( 'NONE', ( #4400, #7278, #1758, #5792 ) ) ;
#8009 = DIRECTION ( 'NONE',  ( 0.0000000000000000000, -1.000000000000000000, 5.782411586589358625E-16 ) ) ;
#8010 = DIRECTION ( 'NONE',  ( -1.000000000000000000, 1.084202172485504237E-15, 0.0000000000000000000 ) ) ;
#8011 = LINE ( 'NONE', #5749, #6020 ) ;
#8012 = ORIENTED_EDGE ( 'NONE', *, *, #10071, .T. ) ;
#8013 = CARTESIAN_POINT ( 'NONE',  ( 10.83333333333333215, -4.383333333333335524, -0.8333333333333357018 ) ) ;
#8014 = CARTESIAN_POINT ( 'NONE',  ( 9.750000000000000000, -3.399999999999999911, 0.2500000000000002220 ) ) ;
#8015 =( LENGTH_UNIT ( ) NAMED_UNIT ( * ) SI_UNIT ( .MILLI., .METRE. ) );
#8016 = DIRECTION ( 'NONE',  ( 1.000000000000000000, 0.0000000000000000000, 0.0000000000000000000 ) ) ;
#8017 = EDGE_LOOP ( 'NONE', ( #10247, #9642, #6673, #9568 ) ) ;
#8018 = ORIENTED_EDGE ( 'NONE', *, *, #7852, .T. ) ;
#8019 = ADVANCED_FACE ( 'NONE', ( #4688 ), #10232, .F. ) ;
#8020 = STYLED_ITEM ( 'NONE', ( #1006 ), #6868 ) ;
#8021 = PRESENTATION_LAYER_ASSIGNMENT (  '', '', ( #3253 ) ) ;
#8022 = EDGE_LOOP ( 'NONE', ( #4689, #229, #5975, #646 ) ) ;
#8023 = DIRECTION ( 'NONE',  ( 1.000000000000000000, -3.872150616019660190E-17, 0.0000000000000000000 ) ) ;
#8024 = ORIENTED_EDGE ( 'NONE', *, *, #6753, .T. ) ;
#8025 = DIRECTION ( 'NONE',  ( 3.872150616019660190E-17, 1.000000000000000000, -0.0000000000000000000 ) ) ;
#8026 = CARTESIAN_POINT ( 'NONE',  ( 9.299999999999998934, 0.2000000000000000389, -2.800000000000000266 ) ) ;
#8027 = CARTESIAN_POINT ( 'NONE',  ( 12.25000000000000000, 4.999999999999997335, 0.2500000000000002220 ) ) ;
#8028 = DIRECTION ( 'NONE',  ( 1.000000000000000000, -5.421010862427522170E-17, 0.0000000000000000000 ) ) ;
#8029 = EDGE_LOOP ( 'NONE', ( #6782, #3543, #3198, #4146 ) ) ;
#8030 = DIRECTION ( 'NONE',  ( 3.872150616019660190E-17, 1.000000000000000000, -0.0000000000000000000 ) ) ;
#8031 = VERTEX_POINT ( 'NONE', #2128 ) ;
#8032 = EDGE_CURVE ( 'NONE', #7825, #486, #616, .T. ) ;
#8033 = ORIENTED_EDGE ( 'NONE', *, *, #3376, .F. ) ;
#8034 = ADVANCED_FACE ( 'NONE', ( #1458 ), #7789, .F. ) ;
#8035 = AXIS2_PLACEMENT_3D ( 'NONE', #289, #6731, #1905 ) ;
#8036 = CARTESIAN_POINT ( 'NONE',  ( 2.050000000000000266, -3.399999999999999911, -0.1499999999999986622 ) ) ;
#8037 = DIRECTION ( 'NONE',  ( -0.7071067811865505703, -0.7071067811865444641, 1.662400053425828747E-32 ) ) ;
#8038 = ORIENTED_EDGE ( 'NONE', *, *, #9793, .T. ) ;
#8039 = CARTESIAN_POINT ( 'NONE',  ( -1.699999999999999734, 6.000000000000000000, -2.350000000000001421 ) ) ;
#8040 = CARTESIAN_POINT ( 'NONE',  ( 10.14999999999999503, 5.100000000000001421, -2.800000000000000266 ) ) ;
#8041 = FILL_AREA_STYLE ('',( #6342 ) ) ;
#8042 = ORIENTED_EDGE ( 'NONE', *, *, #1138, .T. ) ;
#8043 = DIRECTION ( 'NONE',  ( -4.336808689942017736E-16, 0.0000000000000000000, -1.000000000000000000 ) ) ;
#8044 = VECTOR ( 'NONE', #7235, 1000.000000000000000 ) ;
#8045 = CARTESIAN_POINT ( 'NONE',  ( 13.94999999999999751, 0.8200000000000032818, 1.700000000000000178 ) ) ;
#8046 = ORIENTED_EDGE ( 'NONE', *, *, #9420, .T. ) ;
#8047 = VECTOR ( 'NONE', #7282, 1000.000000000000000 ) ;
#8048 = UNCERTAINTY_MEASURE_WITH_UNIT (LENGTH_MEASURE( 1.000000000000000082E-05 ), #351, 'distance_accuracy_value', 'NONE');
#8049 = DIRECTION ( 'NONE',  ( 1.000000000000000000, 0.0000000000000000000, 0.0000000000000000000 ) ) ;
#8050 = EDGE_LOOP ( 'NONE', ( #4154, #2413, #9407, #8268 ) ) ;
#8051 = EDGE_CURVE ( 'NONE', #3165, #9369, #9519, .T. ) ;
#8052 = DIRECTION ( 'NONE',  ( 0.5773502691896259531, 0.5773502691896259531, 0.5773502691896255090 ) ) ;
#8053 = VECTOR ( 'NONE', #2207, 1000.000000000000000 ) ;
#8054 = DIRECTION ( 'NONE',  ( 0.5773502691896246208, -0.5773502691896266192, 0.5773502691896260641 ) ) ;
#8055 = SURFACE_SIDE_STYLE ('',( #4700 ) ) ;
#8056 = FILL_AREA_STYLE ('',( #8880 ) ) ;
#8057 = SURFACE_STYLE_FILL_AREA ( #6411 ) ;
#8058 = CARTESIAN_POINT ( 'NONE',  ( 10.84999999999999609, 6.000000000000000888, 1.700000000000000178 ) ) ;
#8059 = SURFACE_STYLE_USAGE ( .BOTH. , #6412 ) ;
#8060 = FACE_OUTER_BOUND ( 'NONE', #3627, .T. ) ;
#8061 = VECTOR ( 'NONE', #3484, 1000.000000000000000 ) ;
#8062 = EDGE_CURVE ( 'NONE', #2931, #4303, #3197, .T. ) ;
#8063 = ORIENTED_EDGE ( 'NONE', *, *, #2520, .F. ) ;
#8064 = AXIS2_PLACEMENT_3D ( 'NONE', #5090, #3518, #1096 ) ;
#8065 = STYLED_ITEM ( 'NONE', ( #1225 ), #800 ) ;
#8066 = AXIS2_PLACEMENT_3D ( 'NONE', #2111, #10064, #1490 ) ;
#8067 = PLANE ( 'NONE',  #3524 ) ;
#8068 = MECHANICAL_DESIGN_GEOMETRIC_PRESENTATION_REPRESENTATION (  '', ( #3942 ), #9239 ) ;
#8069 = LINE ( 'NONE', #6473, #2386 ) ;
#8070 = CARTESIAN_POINT ( 'NONE',  ( 1.250000000000000666, 3.149999999999995470, -2.050000000000001599 ) ) ;
#8071 =( LENGTH_UNIT ( ) NAMED_UNIT ( * ) SI_UNIT ( .MILLI., .METRE. ) );
#8072 = ADVANCED_FACE ( 'NONE', ( #3403 ), #5542, .F. ) ;
#8073 = VERTEX_POINT ( 'NONE', #4017 ) ;
#8074 = COLOUR_RGB ( '',1.000000000000000000, 1.000000000000000000, 1.000000000000000000 ) ;
#8075 = PRESENTATION_LAYER_ASSIGNMENT (  '', '', ( #3945 ) ) ;
#8076 =( GEOMETRIC_REPRESENTATION_CONTEXT ( 3 ) GLOBAL_UNCERTAINTY_ASSIGNED_CONTEXT ( ( #7809 ) ) GLOBAL_UNIT_ASSIGNED_CONTEXT ( ( #630, #1575, #8736 ) ) REPRESENTATION_CONTEXT ( 'NONE', 'WORKASPACE' ) );
#8077 = LINE ( 'NONE', #2324, #1827 ) ;
#8078 = SURFACE_STYLE_FILL_AREA ( #5087 ) ;
#8079 = EDGE_CURVE ( 'NONE', #8638, #8241, #9619, .T. ) ;
#8080 = VECTOR ( 'NONE', #3656, 999.9999999999998863 ) ;
#8081 = FACE_OUTER_BOUND ( 'NONE', #3644, .T. ) ;
#8082 = FILL_AREA_STYLE ('',( #8269 ) ) ;
#8083 = CARTESIAN_POINT ( 'NONE',  ( -0.2200000000000001399, 2.250000000000000000, -2.801000000000000600 ) ) ;
#8084 = ORIENTED_EDGE ( 'NONE', *, *, #9206, .F. ) ;
#8085 = LINE ( 'NONE', #1743, #6777 ) ;
#8086 = DIRECTION ( 'NONE',  ( -1.000000000000000000, 0.0000000000000000000, 0.0000000000000000000 ) ) ;
#8087 =( NAMED_UNIT ( * ) SI_UNIT ( $, .STERADIAN. ) SOLID_ANGLE_UNIT ( ) );
#8088 = EDGE_CURVE ( 'NONE', #3474, #3747, #7249, .T. ) ;
#8089 = ORIENTED_EDGE ( 'NONE', *, *, #4084, .F. ) ;
#8090 = PLANE ( 'NONE',  #7966 ) ;
#8091 = CARTESIAN_POINT ( 'NONE',  ( -1.350000000000000089, 1.149999999999999911, -2.350000000000001421 ) ) ;
#8092 = SURFACE_SIDE_STYLE ('',( #191 ) ) ;
#8093 = VERTEX_POINT ( 'NONE', #5587 ) ;
#8094 = FILL_AREA_STYLE_COLOUR ( '', #2790 ) ;
#8095 = DIRECTION ( 'NONE',  ( -1.000000000000000000, 3.872150616019660190E-17, 0.0000000000000000000 ) ) ;
#8096 = DIRECTION ( 'NONE',  ( -0.0000000000000000000, 1.000000000000000000, -0.0000000000000000000 ) ) ;
#8097 = ORIENTED_EDGE ( 'NONE', *, *, #4696, .T. ) ;
#8098 = SURFACE_SIDE_STYLE ('',( #8925 ) ) ;
#8099 = ORIENTED_EDGE ( 'NONE', *, *, #455, .F. ) ;
#8100 =( GEOMETRIC_REPRESENTATION_CONTEXT ( 3 ) GLOBAL_UNCERTAINTY_ASSIGNED_CONTEXT ( ( #4621 ) ) GLOBAL_UNIT_ASSIGNED_CONTEXT ( ( #3317, #4182, #942 ) ) REPRESENTATION_CONTEXT ( 'NONE', 'WORKASPACE' ) );
#8101 = UNCERTAINTY_MEASURE_WITH_UNIT (LENGTH_MEASURE( 1.000000000000000082E-05 ), #5000, 'distance_accuracy_value', 'NONE');
#8102 = PRESENTATION_STYLE_ASSIGNMENT (( #59 ) ) ;
#8103 = EDGE_CURVE ( 'NONE', #143, #3282, #8675, .T. ) ;
#8104 = EDGE_CURVE ( 'NONE', #148, #4002, #924, .T. ) ;
#8105 = DIRECTION ( 'NONE',  ( -3.833233541708420554E-17, -0.7071067811865447972, -0.7071067811865502373 ) ) ;
#8106 = ORIENTED_EDGE ( 'NONE', *, *, #5463, .F. ) ;
#8107 = AXIS2_PLACEMENT_3D ( 'NONE', #7406, #8339, #1276 ) ;
#8108 = SURFACE_STYLE_FILL_AREA ( #7161 ) ;
#8109 = DIRECTION ( 'NONE',  ( -8.761229676650542385E-16, -1.000000000000000000, 0.0000000000000000000 ) ) ;
#8110 =( NAMED_UNIT ( * ) SI_UNIT ( $, .STERADIAN. ) SOLID_ANGLE_UNIT ( ) );
#8111 = CARTESIAN_POINT ( 'NONE',  ( 8.699999999999999289, 0.1999999999999999833, 1.700000000000000178 ) ) ;
#8112 = AXIS2_PLACEMENT_3D ( 'NONE', #9909, #2014, #2764 ) ;
#8113 = ORIENTED_EDGE ( 'NONE', *, *, #4875, .T. ) ;
#8114 = EDGE_CURVE ( 'NONE', #6422, #9491, #2545, .T. ) ;
#8115 = CARTESIAN_POINT ( 'NONE',  ( 1.750000000000000222, -3.399999999999999911, 0.2500000000000002220 ) ) ;
#8116 = LINE ( 'NONE', #8258, #6248 ) ;
#8117 = FILL_AREA_STYLE_COLOUR ( '', #4937 ) ;
#8118 = LINE ( 'NONE', #7526, #4994 ) ;
#8119 = VECTOR ( 'NONE', #589, 1000.000000000000000 ) ;
#8120 = ORIENTED_EDGE ( 'NONE', *, *, #7923, .F. ) ;
#8121 = STYLED_ITEM ( 'NONE', ( #9269 ), #6545 ) ;
#8122 = ORIENTED_EDGE ( 'NONE', *, *, #6937, .T. ) ;
#8123 = VERTEX_POINT ( 'NONE', #1605 ) ;
#8124 = MECHANICAL_DESIGN_GEOMETRIC_PRESENTATION_REPRESENTATION (  '', ( #1135 ), #318 ) ;
#8125 = CARTESIAN_POINT ( 'NONE',  ( 11.75000000000000000, 0.2000000000000000111, -0.2499999999999997780 ) ) ;
#8126 = CARTESIAN_POINT ( 'NONE',  ( 2.250000000000000000, 0.2000000000000000111, -0.2499999999999997780 ) ) ;
#8127 = CARTESIAN_POINT ( 'NONE',  ( 9.750000000000000000, 4.999999999999997335, 0.2500000000000002220 ) ) ;
#8128 = LINE ( 'NONE', #5662, #7215 ) ;
#8129 = FILL_AREA_STYLE_COLOUR ( '', #7193 ) ;
#8130 = LINE ( 'NONE', #4987, #9358 ) ;
#8131 = CARTESIAN_POINT ( 'NONE',  ( 11.75000000000000000, -3.399999999999999911, 0.2500000000000002220 ) ) ;
#8132 =( GEOMETRIC_REPRESENTATION_CONTEXT ( 3 ) GLOBAL_UNCERTAINTY_ASSIGNED_CONTEXT ( ( #4886 ) ) GLOBAL_UNIT_ASSIGNED_CONTEXT ( ( #3004, #2953, #3741 ) ) REPRESENTATION_CONTEXT ( 'NONE', 'WORKASPACE' ) );
#8133 = PRESENTATION_LAYER_ASSIGNMENT (  '', '', ( #8459 ) ) ;
#8134 = PRESENTATION_LAYER_ASSIGNMENT (  '', '', ( #9957 ) ) ;
#8135 = LINE ( 'NONE', #9553, #7773 ) ;
#8136 = ORIENTED_EDGE ( 'NONE', *, *, #5897, .F. ) ;
#8137 = FILL_AREA_STYLE ('',( #4293 ) ) ;
#8138 = SURFACE_SIDE_STYLE ('',( #3436 ) ) ;
#8139 = VECTOR ( 'NONE', #8770, 1000.000000000000000 ) ;
#8140 =( GEOMETRIC_REPRESENTATION_CONTEXT ( 3 ) GLOBAL_UNCERTAINTY_ASSIGNED_CONTEXT ( ( #1462 ) ) GLOBAL_UNIT_ASSIGNED_CONTEXT ( ( #2718, #5895, #6799 ) ) REPRESENTATION_CONTEXT ( 'NONE', 'WORKASPACE' ) );
#8141 = ORIENTED_EDGE ( 'NONE', *, *, #512, .T. ) ;
#8142 =( NAMED_UNIT ( * ) PLANE_ANGLE_UNIT ( ) SI_UNIT ( $, .RADIAN. ) );
#8143 =( NAMED_UNIT ( * ) SI_UNIT ( $, .STERADIAN. ) SOLID_ANGLE_UNIT ( ) );
#8144 = PRESENTATION_STYLE_ASSIGNMENT (( #4157 ) ) ;
#8145 = CARTESIAN_POINT ( 'NONE',  ( 0.7500000000000002220, 1.149999999999999911, -2.050000000000001599 ) ) ;
#8146 = PRESENTATION_STYLE_ASSIGNMENT (( #9754 ) ) ;
#8147 = CARTESIAN_POINT ( 'NONE',  ( 12.21999999999999709, 2.250000000000001776, -2.801000000000000600 ) ) ;
#8148 = SURFACE_STYLE_FILL_AREA ( #4208 ) ;
#8149 = EDGE_LOOP ( 'NONE', ( #2987, #6352, #2769, #4387 ) ) ;
#8150 = EDGE_LOOP ( 'NONE', ( #9273, #6415, #6826, #914 ) ) ;
#8151 = ADVANCED_FACE ( 'NONE', ( #771, #3246 ), #5003, .T. ) ;
#8152 = LINE ( 'NONE', #249, #7946 ) ;
#8153 =( NAMED_UNIT ( * ) SI_UNIT ( $, .STERADIAN. ) SOLID_ANGLE_UNIT ( ) );
#8154 = SURFACE_STYLE_USAGE ( .BOTH. , #6655 ) ;
#8155 = CARTESIAN_POINT ( 'NONE',  ( -1.949999999999999956, 0.0000000000000000000, -2.800000000000000266 ) ) ;
#8156 = VECTOR ( 'NONE', #2989, 1000.000000000000000 ) ;
#8157 = CARTESIAN_POINT ( 'NONE',  ( 13.95000000000000107, 6.000000000000000000, 1.699999999999999289 ) ) ;
#8158 = SURFACE_STYLE_USAGE ( .BOTH. , #8994 ) ;
#8159 = EDGE_CURVE ( 'NONE', #5734, #185, #8527, .T. ) ;
#8160 = EDGE_CURVE ( 'NONE', #10014, #10176, #7689, .T. ) ;
#8161 = FACE_OUTER_BOUND ( 'NONE', #4577, .T. ) ;
#8162 = ORIENTED_EDGE ( 'NONE', *, *, #7384, .T. ) ;
#8163 = MECHANICAL_DESIGN_GEOMETRIC_PRESENTATION_REPRESENTATION (  '', ( #5388 ), #1701 ) ;
#8164 = SURFACE_STYLE_FILL_AREA ( #7273 ) ;
#8165 = LINE ( 'NONE', #3420, #8623 ) ;
#8166 = ORIENTED_EDGE ( 'NONE', *, *, #3412, .T. ) ;
#8167 = ORIENTED_EDGE ( 'NONE', *, *, #10067, .F. ) ;
#8168 = EDGE_CURVE ( 'NONE', #3369, #5797, #3034, .T. ) ;
#8169 = AXIS2_PLACEMENT_3D ( 'NONE', #5488, #9409, #1348 ) ;
#8170 = ORIENTED_EDGE ( 'NONE', *, *, #5819, .F. ) ;
#8171 =( LENGTH_UNIT ( ) NAMED_UNIT ( * ) SI_UNIT ( .MILLI., .METRE. ) );
#8172 =( GEOMETRIC_REPRESENTATION_CONTEXT ( 3 ) GLOBAL_UNCERTAINTY_ASSIGNED_CONTEXT ( ( #5349 ) ) GLOBAL_UNIT_ASSIGNED_CONTEXT ( ( #7692, #6006, #5126 ) ) REPRESENTATION_CONTEXT ( 'NONE', 'WORKASPACE' ) );
#8173 = LINE ( 'NONE', #1049, #8871 ) ;
#8174 = CARTESIAN_POINT ( 'NONE',  ( 2.699999999999999734, 0.0000000000000000000, -2.800000000000000266 ) ) ;
#8175 =( LENGTH_UNIT ( ) NAMED_UNIT ( * ) SI_UNIT ( .MILLI., .METRE. ) );
#8176 = CARTESIAN_POINT ( 'NONE',  ( 11.85000000000000142, -3.399999999999999911, -0.2499999999999997780 ) ) ;
#8177 = EDGE_LOOP ( 'NONE', ( #6891, #3792, #8700, #3517 ) ) ;
#8178 = PRESENTATION_STYLE_ASSIGNMENT (( #1845 ) ) ;
#8179 = COLOUR_RGB ( '',1.000000000000000000, 0.8117647058823529438, 0.5019607843137254832 ) ;
#8180 = VECTOR ( 'NONE', #5878, 1000.000000000000000 ) ;
#8181 =( LENGTH_UNIT ( ) NAMED_UNIT ( * ) SI_UNIT ( .MILLI., .METRE. ) );
#8182 = AXIS2_PLACEMENT_3D ( 'NONE', #3430, #4687, #10179 ) ;
#8183 = LINE ( 'NONE', #1794, #1571 ) ;
#8184 = VECTOR ( 'NONE', #4144, 1000.000000000000000 ) ;
#8185 = VERTEX_POINT ( 'NONE', #2244 ) ;
#8186 = SURFACE_STYLE_FILL_AREA ( #2650 ) ;
#8187 = CARTESIAN_POINT ( 'NONE',  ( 4.250000000000000000, 1.800000000000000044, -2.800000000000000266 ) ) ;
#8188 = DIRECTION ( 'NONE',  ( -0.0000000000000000000, -0.0000000000000000000, 1.000000000000000000 ) ) ;
#8189 = VERTEX_POINT ( 'NONE', #4645 ) ;
#8190 = LINE ( 'NONE', #9247, #4427 ) ;
#8191 = ADVANCED_FACE ( 'NONE', ( #569, #7007 ), #6854, .F. ) ;
#8192 = UNCERTAINTY_MEASURE_WITH_UNIT (LENGTH_MEASURE( 1.000000000000000082E-05 ), #7691, 'distance_accuracy_value', 'NONE');
#8193 = FILL_AREA_STYLE_COLOUR ( '', #155 ) ;
#8194 = CARTESIAN_POINT ( 'NONE',  ( 1.299999999999999600, 0.2000000000000000389, -0.2499999999999997780 ) ) ;
#8195 = CARTESIAN_POINT ( 'NONE',  ( -1.949999999999999956, 1.149999999999999911, -1.050000000000005373 ) ) ;
#8196 = ORIENTED_EDGE ( 'NONE', *, *, #5011, .F. ) ;
#8197 = FILL_AREA_STYLE ('',( #7360 ) ) ;
#8198 = FACE_OUTER_BOUND ( 'NONE', #2514, .T. ) ;
#8199 = VECTOR ( 'NONE', #8388, 1000.000000000000000 ) ;
#8200 = CARTESIAN_POINT ( 'NONE',  ( 12.25000000000000000, 1.800000000000000044, -0.2499999999999997780 ) ) ;
#8201 = PRESENTATION_STYLE_ASSIGNMENT (( #256 ) ) ;
#8202 = PRESENTATION_LAYER_ASSIGNMENT (  '', '', ( #9384 ) ) ;
#8203 = LINE ( 'NONE', #5843, #9279 ) ;
#8204 = VECTOR ( 'NONE', #7332, 1000.000000000000000 ) ;
#8205 = EDGE_LOOP ( 'NONE', ( #9158, #188, #4676, #4199 ) ) ;
#8206 = PLANE ( 'NONE',  #8664 ) ;
#8207 = EDGE_CURVE ( 'NONE', #7921, #1058, #9414, .T. ) ;
#8208 = PRESENTATION_LAYER_ASSIGNMENT (  '', '', ( #10047 ) ) ;
#8209 = AXIS2_PLACEMENT_3D ( 'NONE', #872, #4741, #3969 ) ;
#8210 = ADVANCED_FACE ( 'NONE', ( #8584 ), #3704, .T. ) ;
#8211 = FILL_AREA_STYLE ('',( #9820 ) ) ;
#8212 = DIRECTION ( 'NONE',  ( 0.5773502691896261751, -0.5773502691896257311, 0.5773502691896252870 ) ) ;
#8213 = FACE_OUTER_BOUND ( 'NONE', #6078, .T. ) ;
#8214 = UNCERTAINTY_MEASURE_WITH_UNIT (LENGTH_MEASURE( 1.000000000000000082E-05 ), #8462, 'distance_accuracy_value', 'NONE');
#8215 = AXIS2_PLACEMENT_3D ( 'NONE', #1585, #3998, #2219 ) ;
#8216 = PRESENTATION_LAYER_ASSIGNMENT (  '', '', ( #7542 ) ) ;
#8217 = AXIS2_PLACEMENT_3D ( 'NONE', #5582, #4201, #1751 ) ;
#8218 = SURFACE_SIDE_STYLE ('',( #5187 ) ) ;
#8219 = LINE ( 'NONE', #1000, #8543 ) ;
#8220 = EDGE_CURVE ( 'NONE', #7500, #3474, #6842, .T. ) ;
#8221 = ADVANCED_FACE ( 'NONE', ( #2865 ), #6033, .F. ) ;
#8222 = FACE_BOUND ( 'NONE', #426, .T. ) ;
#8223 =( NAMED_UNIT ( * ) PLANE_ANGLE_UNIT ( ) SI_UNIT ( $, .RADIAN. ) );
#8224 = FACE_OUTER_BOUND ( 'NONE', #2456, .T. ) ;
#8225 = DIRECTION ( 'NONE',  ( 1.927470528863119542E-16, -1.000000000000000000, 0.0000000000000000000 ) ) ;
#8226 = COLOUR_RGB ( '',1.000000000000000000, 1.000000000000000000, 1.000000000000000000 ) ;
#8227 = VECTOR ( 'NONE', #7762, 1000.000000000000000 ) ;
#8228 =( GEOMETRIC_REPRESENTATION_CONTEXT ( 3 ) GLOBAL_UNCERTAINTY_ASSIGNED_CONTEXT ( ( #2198 ) ) GLOBAL_UNIT_ASSIGNED_CONTEXT ( ( #3699, #10015, #292 ) ) REPRESENTATION_CONTEXT ( 'NONE', 'WORKASPACE' ) );
#8229 = EDGE_LOOP ( 'NONE', ( #9164, #4196, #3848, #5014 ) ) ;
#8230 = PRESENTATION_STYLE_ASSIGNMENT (( #9791 ) ) ;
#8231 = LINE ( 'NONE', #2003, #1 ) ;
#8232 =( GEOMETRIC_REPRESENTATION_CONTEXT ( 3 ) GLOBAL_UNCERTAINTY_ASSIGNED_CONTEXT ( ( #7454 ) ) GLOBAL_UNIT_ASSIGNED_CONTEXT ( ( #6107, #9053, #9926 ) ) REPRESENTATION_CONTEXT ( 'NONE', 'WORKASPACE' ) );
#8233 = EDGE_CURVE ( 'NONE', #5583, #7666, #3651, .T. ) ;
#8234 = VERTEX_POINT ( 'NONE', #1966 ) ;
#8235 = DIRECTION ( 'NONE',  ( -0.0000000000000000000, -0.0000000000000000000, -1.000000000000000000 ) ) ;
#8236 = PLANE ( 'NONE',  #2604 ) ;
#8237 = CARTESIAN_POINT ( 'NONE',  ( -1.350000000000000089, -15.13439790675532670, 1.249999999999997558 ) ) ;
#8238 = PRESENTATION_STYLE_ASSIGNMENT (( #1908 ) ) ;
#8239 = LINE ( 'NONE', #5776, #6518 ) ;
#8240 = EDGE_LOOP ( 'NONE', ( #7982, #4518, #7434, #2577 ) ) ;
#8241 = VERTEX_POINT ( 'NONE', #5988 ) ;
#8242 = VECTOR ( 'NONE', #613, 1000.000000000000000 ) ;
#8243 = ORIENTED_EDGE ( 'NONE', *, *, #1593, .F. ) ;
#8244 =( NAMED_UNIT ( * ) PLANE_ANGLE_UNIT ( ) SI_UNIT ( $, .RADIAN. ) );
#8245 =( NAMED_UNIT ( * ) SI_UNIT ( $, .STERADIAN. ) SOLID_ANGLE_UNIT ( ) );
#8246 = FILL_AREA_STYLE ('',( #9809 ) ) ;
#8247 = CARTESIAN_POINT ( 'NONE',  ( -0.2500000000000000000, 4.999999999999997335, -0.2499999999999997780 ) ) ;
#8248 = FILL_AREA_STYLE ('',( #8004 ) ) ;
#8249 =( NAMED_UNIT ( * ) SI_UNIT ( $, .STERADIAN. ) SOLID_ANGLE_UNIT ( ) );
#8250 = LINE ( 'NONE', #7413, #8876 ) ;
#8251 = LINE ( 'NONE', #2821, #525 ) ;
#8252 = DIRECTION ( 'NONE',  ( -5.421010862427522170E-17, -1.000000000000000000, 2.350988701644575016E-32 ) ) ;
#8253 = CARTESIAN_POINT ( 'NONE',  ( 7.750000000000000000, 4.999999999999997335, -0.2499999999999997780 ) ) ;
#8254 = MECHANICAL_DESIGN_GEOMETRIC_PRESENTATION_REPRESENTATION (  '', ( #5490 ), #2310 ) ;
#8255 =( LENGTH_UNIT ( ) NAMED_UNIT ( * ) SI_UNIT ( .MILLI., .METRE. ) );
#8256 = DIRECTION ( 'NONE',  ( 0.7071067811865505703, -0.7071067811865445751, -3.066586833366761588E-16 ) ) ;
#8257 = ORIENTED_EDGE ( 'NONE', *, *, #9746, .T. ) ;
#8258 = CARTESIAN_POINT ( 'NONE',  ( -1.350000000000000089, 1.149999999999999911, -2.350000000000001421 ) ) ;
#8259 = SURFACE_STYLE_FILL_AREA ( #1084 ) ;
#8260 = VECTOR ( 'NONE', #6932, 1000.000000000000114 ) ;
#8261 = AXIS2_PLACEMENT_3D ( 'NONE', #1516, #8634, #12 ) ;
#8262 = ADVANCED_FACE ( 'NONE', ( #1224 ), #5835, .F. ) ;
#8263 = SURFACE_SIDE_STYLE ('',( #999 ) ) ;
#8264 =( NAMED_UNIT ( * ) SI_UNIT ( $, .STERADIAN. ) SOLID_ANGLE_UNIT ( ) );
#8265 = PRESENTATION_LAYER_ASSIGNMENT (  '', '', ( #4652 ) ) ;
#8266 = AXIS2_PLACEMENT_3D ( 'NONE', #5535, #10079, #8565 ) ;
#8267 = VECTOR ( 'NONE', #3881, 1000.000000000000000 ) ;
#8268 = ORIENTED_EDGE ( 'NONE', *, *, #9575, .T. ) ;
#8269 = FILL_AREA_STYLE_COLOUR ( '', #5593 ) ;
#8270 = DIRECTION ( 'NONE',  ( -1.000000000000000000, 0.0000000000000000000, 1.540436225342582858E-17 ) ) ;
#8271 = ORIENTED_EDGE ( 'NONE', *, *, #2945, .F. ) ;
#8272 =( NAMED_UNIT ( * ) PLANE_ANGLE_UNIT ( ) SI_UNIT ( $, .RADIAN. ) );
#8273 = CARTESIAN_POINT ( 'NONE',  ( 0.7500000000000002220, 3.399999999999999467, -2.050000000000001599 ) ) ;
#8274 = VECTOR ( 'NONE', #381, 1000.000000000000000 ) ;
#8275 = ADVANCED_FACE ( 'NONE', ( #2766 ), #9093, .F. ) ;
#8276 = ADVANCED_FACE ( 'NONE', ( #9346 ), #3755, .F. ) ;
#8277 = CARTESIAN_POINT ( 'NONE',  ( 6.749999999999999112, 3.149999999999995470, -2.050000000000001599 ) ) ;
#8278 =( NAMED_UNIT ( * ) PLANE_ANGLE_UNIT ( ) SI_UNIT ( $, .RADIAN. ) );
#8279 = ORIENTED_EDGE ( 'NONE', *, *, #10274, .T. ) ;
#8280 = CARTESIAN_POINT ( 'NONE',  ( 13.94999999999999751, 1.380000000000003890, 1.300000000000000044 ) ) ;
#8281 = CARTESIAN_POINT ( 'NONE',  ( 1.849999999999997868, -3.399999999999999911, -0.2499999999999997780 ) ) ;
#8282 = DIRECTION ( 'NONE',  ( -9.103382349328301547E-49, -2.350988701644575016E-32, -1.000000000000000000 ) ) ;
#8283 = MECHANICAL_DESIGN_GEOMETRIC_PRESENTATION_REPRESENTATION (  '', ( #10127 ), #10136 ) ;
#8284 = VECTOR ( 'NONE', #368, 1000.000000000000114 ) ;
#8285 = ORIENTED_EDGE ( 'NONE', *, *, #218, .F. ) ;
#8286 = CARTESIAN_POINT ( 'NONE',  ( 8.149999999999998579, -3.399999999999999911, -2.800000000000000266 ) ) ;
#8287 =( NAMED_UNIT ( * ) PLANE_ANGLE_UNIT ( ) SI_UNIT ( $, .RADIAN. ) );
#8288 = DIRECTION ( 'NONE',  ( 1.000000000000000000, 0.0000000000000000000, -2.581433744013106177E-17 ) ) ;
#8289 = ORIENTED_EDGE ( 'NONE', *, *, #535, .F. ) ;
#8290 = VECTOR ( 'NONE', #7248, 1000.000000000000000 ) ;
#8291 = EDGE_CURVE ( 'NONE', #2201, #9653, #552, .T. ) ;
#8292 = UNCERTAINTY_MEASURE_WITH_UNIT (LENGTH_MEASURE( 1.000000000000000082E-05 ), #1123, 'distance_accuracy_value', 'NONE');
#8293 =( GEOMETRIC_REPRESENTATION_CONTEXT ( 3 ) GLOBAL_UNCERTAINTY_ASSIGNED_CONTEXT ( ( #7236 ) ) GLOBAL_UNIT_ASSIGNED_CONTEXT ( ( #1251, #2318, #6915 ) ) REPRESENTATION_CONTEXT ( 'NONE', 'WORKASPACE' ) );
#8294 = CARTESIAN_POINT ( 'NONE',  ( 12.21999999999999886, 4.230000000000001315, -2.801000000000000600 ) ) ;
#8295 = STYLED_ITEM ( 'NONE', ( #4473 ), #4892 ) ;
#8296 = VERTEX_POINT ( 'NONE', #7106 ) ;
#8297 = CARTESIAN_POINT ( 'NONE',  ( 12.67999999999999616, 4.230000000000001315, 1.700000000000000178 ) ) ;
#8298 = ORIENTED_EDGE ( 'NONE', *, *, #7416, .T. ) ;
#8299 = PLANE ( 'NONE',  #8408 ) ;
#8300 = LINE ( 'NONE', #1533, #3956 ) ;
#8301 = PLANE ( 'NONE',  #1612 ) ;
#8302 = FILL_AREA_STYLE ('',( #1869 ) ) ;
#8303 = DIRECTION ( 'NONE',  ( 0.0000000000000000000, 0.0000000000000000000, 1.000000000000000000 ) ) ;
#8304 = DIRECTION ( 'NONE',  ( 1.000000000000000000, 1.927470528863119542E-16, -0.0000000000000000000 ) ) ;
#8305 = PRESENTATION_STYLE_ASSIGNMENT (( #9155 ) ) ;
#8306 = SURFACE_STYLE_USAGE ( .BOTH. , #6704 ) ;
#8307 = FILL_AREA_STYLE ('',( #8418 ) ) ;
#8308 = PRESENTATION_LAYER_ASSIGNMENT (  '', '', ( #9975 ) ) ;
#8309 = PRESENTATION_STYLE_ASSIGNMENT (( #8472 ) ) ;
#8310 = LINE ( 'NONE', #2675, #3827 ) ;
#8311 = ORIENTED_EDGE ( 'NONE', *, *, #2235, .T. ) ;
#8312 = EDGE_CURVE ( 'NONE', #6602, #5459, #6090, .T. ) ;
#8313 = CARTESIAN_POINT ( 'NONE',  ( 2.250000000000000000, -3.300000000000002043, 0.2500000000000002220 ) ) ;
#8314 = ORIENTED_EDGE ( 'NONE', *, *, #2798, .T. ) ;
#8315 = SURFACE_STYLE_USAGE ( .BOTH. , #8218 ) ;
#8316 = ORIENTED_EDGE ( 'NONE', *, *, #4931, .T. ) ;
#8317 = DIRECTION ( 'NONE',  ( -1.000000000000000000, 0.0000000000000000000, 5.455105270367317004E-17 ) ) ;
#8318 = SURFACE_SIDE_STYLE ('',( #7594 ) ) ;
#8319 = ORIENTED_EDGE ( 'NONE', *, *, #10071, .F. ) ;
#8320 = VERTEX_POINT ( 'NONE', #5324 ) ;
#8321 = DIRECTION ( 'NONE',  ( 0.5773502691896259531, 0.5773502691896259531, -0.5773502691896255090 ) ) ;
#8322 = CARTESIAN_POINT ( 'NONE',  ( 4.250000000000000000, 0.2000000000000000111, 0.2500000000000002220 ) ) ;
#8323 = COLOUR_RGB ( '',1.000000000000000000, 0.8117647058823529438, 0.5019607843137254832 ) ;
#8324 = MECHANICAL_DESIGN_GEOMETRIC_PRESENTATION_REPRESENTATION (  '', ( #4204 ), #52 ) ;
#8325 =( LENGTH_UNIT ( ) NAMED_UNIT ( * ) SI_UNIT ( .MILLI., .METRE. ) );
#8326 = STYLED_ITEM ( 'NONE', ( #4537 ), #6588 ) ;
#8327 = CARTESIAN_POINT ( 'NONE',  ( 1.749999999999999778, -3.399999999999999911, -0.2499999999999997780 ) ) ;
#8328 =( NAMED_UNIT ( * ) PLANE_ANGLE_UNIT ( ) SI_UNIT ( $, .RADIAN. ) );
#8329 = DIRECTION ( 'NONE',  ( 1.000000000000000000, -0.0000000000000000000, -5.455105270367317620E-17 ) ) ;
#8330 = PLANE ( 'NONE',  #4567 ) ;
#8331 = ADVANCED_FACE ( 'NONE', ( #1341 ), #4684, .F. ) ;
#8332 = AXIS2_PLACEMENT_3D ( 'NONE', #1442, #644, #8395 ) ;
#8333 = DIRECTION ( 'NONE',  ( 0.0000000000000000000, -0.0000000000000000000, -1.000000000000000000 ) ) ;
#8334 = ORIENTED_EDGE ( 'NONE', *, *, #4983, .F. ) ;
#8335 = SURFACE_STYLE_USAGE ( .BOTH. , #1167 ) ;
#8336 = EDGE_CURVE ( 'NONE', #5288, #9377, #1650, .T. ) ;
#8337 = SURFACE_STYLE_FILL_AREA ( #9904 ) ;
#8338 = VERTEX_POINT ( 'NONE', #6443 ) ;
#8339 = DIRECTION ( 'NONE',  ( -0.0000000000000000000, 0.0000000000000000000, 1.000000000000000000 ) ) ;
#8340 = VECTOR ( 'NONE', #6750, 1000.000000000000000 ) ;
#8341 = PLANE ( 'NONE',  #8943 ) ;
#8342 = VECTOR ( 'NONE', #8848, 1000.000000000000000 ) ;
#8343 = PRODUCT ( 'JST-B7B-PH-K-S', 'JST-B7B-PH-K-S', '', ( #3164 ) ) ;
#8344 = PRESENTATION_STYLE_ASSIGNMENT (( #1864 ) ) ;
#8345 = CARTESIAN_POINT ( 'NONE',  ( 10.24999999999999822, 4.999999999999997335, 0.2500000000000002220 ) ) ;
#8346 = FILL_AREA_STYLE_COLOUR ( '', #6695 ) ;
#8347 = ORIENTED_EDGE ( 'NONE', *, *, #10193, .T. ) ;
#8348 = FILL_AREA_STYLE ('',( #9857 ) ) ;
#8349 = VECTOR ( 'NONE', #5836, 1000.000000000000000 ) ;
#8350 = EDGE_CURVE ( 'NONE', #5028, #5825, #8916, .T. ) ;
#8351 = DIRECTION ( 'NONE',  ( -1.909286844628561475E-16, 1.000000000000000000, 0.0000000000000000000 ) ) ;
#8352 = DIRECTION ( 'NONE',  ( -1.000000000000000000, -0.0000000000000000000, -0.0000000000000000000 ) ) ;
#8353 = SURFACE_STYLE_USAGE ( .BOTH. , #4316 ) ;
#8354 = VERTEX_POINT ( 'NONE', #10277 ) ;
#8355 = SURFACE_STYLE_FILL_AREA ( #2132 ) ;
#8356 = SURFACE_SIDE_STYLE ('',( #9208 ) ) ;
#8357 =( GEOMETRIC_REPRESENTATION_CONTEXT ( 3 ) GLOBAL_UNCERTAINTY_ASSIGNED_CONTEXT ( ( #5532 ) ) GLOBAL_UNIT_ASSIGNED_CONTEXT ( ( #4900, #1653, #1602 ) ) REPRESENTATION_CONTEXT ( 'NONE', 'WORKASPACE' ) );
#8358 = STYLED_ITEM ( 'NONE', ( #8913 ), #2060 ) ;
#8359 = DIRECTION ( 'NONE',  ( -0.0000000000000000000, 0.7071067811865474617, 0.7071067811865474617 ) ) ;
#8360 = ORIENTED_EDGE ( 'NONE', *, *, #6418, .F. ) ;
#8361 = ORIENTED_EDGE ( 'NONE', *, *, #4966, .F. ) ;
#8362 = FILL_AREA_STYLE ('',( #7523 ) ) ;
#8363 = EDGE_CURVE ( 'NONE', #4864, #8728, #2453, .T. ) ;
#8364 = ORIENTED_EDGE ( 'NONE', *, *, #2464, .F. ) ;
#8365 = PLANE ( 'NONE',  #5816 ) ;
#8366 =( GEOMETRIC_REPRESENTATION_CONTEXT ( 3 ) GLOBAL_UNCERTAINTY_ASSIGNED_CONTEXT ( ( #1760 ) ) GLOBAL_UNIT_ASSIGNED_CONTEXT ( ( #3089, #726, #6061 ) ) REPRESENTATION_CONTEXT ( 'NONE', 'WORKASPACE' ) );
#8367 = FACE_OUTER_BOUND ( 'NONE', #4039, .T. ) ;
#8368 = COLOUR_RGB ( '',1.000000000000000000, 1.000000000000000000, 1.000000000000000000 ) ;
#8369 = VERTEX_POINT ( 'NONE', #7303 ) ;
#8370 = PRESENTATION_STYLE_ASSIGNMENT (( #2734 ) ) ;
#8371 = ORIENTED_EDGE ( 'NONE', *, *, #8551, .T. ) ;
#8372 = LINE ( 'NONE', #4715, #8896 ) ;
#8373 = STYLED_ITEM ( 'NONE', ( #505 ), #8034 ) ;
#8374 = ADVANCED_FACE ( 'NONE', ( #967 ), #9514, .F. ) ;
#8375 = SURFACE_STYLE_FILL_AREA ( #5247 ) ;
#8376 =( LENGTH_UNIT ( ) NAMED_UNIT ( * ) SI_UNIT ( .MILLI., .METRE. ) );
#8377 = DIRECTION ( 'NONE',  ( -3.833233541708433496E-17, -0.7071067811865472397, -0.7071067811865479058 ) ) ;
#8378 = SURFACE_STYLE_USAGE ( .BOTH. , #1199 ) ;
#8379 = ORIENTED_EDGE ( 'NONE', *, *, #5950, .F. ) ;
#8380 = DIRECTION ( 'NONE',  ( 1.927470528863119542E-16, -1.000000000000000000, 0.0000000000000000000 ) ) ;
#8381 = EDGE_LOOP ( 'NONE', ( #8666, #7449, #9678, #5928, #5159, #9018, #7559, #9690, #294, #2355 ) ) ;
#8382 = CARTESIAN_POINT ( 'NONE',  ( 2.699999999999999734, 0.0000000000000000000, -2.800000000000000266 ) ) ;
#8383 = AXIS2_PLACEMENT_3D ( 'NONE', #8744, #8607, #1637 ) ;
#8384 = VERTEX_POINT ( 'NONE', #5728 ) ;
#8385 = DIRECTION ( 'NONE',  ( 0.5773502691896241767, -0.5773502691896268413, -0.5773502691896262862 ) ) ;
#8386 = MECHANICAL_DESIGN_GEOMETRIC_PRESENTATION_REPRESENTATION (  '', ( #6722 ), #7209 ) ;
#8387 =( NAMED_UNIT ( * ) PLANE_ANGLE_UNIT ( ) SI_UNIT ( $, .RADIAN. ) );
#8388 = DIRECTION ( 'NONE',  ( -1.000000000000000000, 0.0000000000000000000, -0.0000000000000000000 ) ) ;
#8389 =( GEOMETRIC_REPRESENTATION_CONTEXT ( 3 ) GLOBAL_UNCERTAINTY_ASSIGNED_CONTEXT ( ( #5735 ) ) GLOBAL_UNIT_ASSIGNED_CONTEXT ( ( #9168, #6821, #2843 ) ) REPRESENTATION_CONTEXT ( 'NONE', 'WORKASPACE' ) );
#8390 = PRESENTATION_LAYER_ASSIGNMENT (  '', '', ( #3783 ) ) ;
#8391 = COLOUR_RGB ( '',1.000000000000000000, 0.8117647058823529438, 0.5019607843137254832 ) ;
#8392 = SURFACE_STYLE_FILL_AREA ( #4346 ) ;
#8393 = CARTESIAN_POINT ( 'NONE',  ( 10.84999999999999609, 5.650000000000001243, 1.249999999999998446 ) ) ;
#8394 = FILL_AREA_STYLE_COLOUR ( '', #9554 ) ;
#8395 = DIRECTION ( 'NONE',  ( -1.000000000000000000, 0.0000000000000000000, -0.0000000000000000000 ) ) ;
#8396 = ORIENTED_EDGE ( 'NONE', *, *, #4052, .T. ) ;
#8397 = PLANE ( 'NONE',  #8107 ) ;
#8398 = EDGE_LOOP ( 'NONE', ( #6017, #819, #7837, #5359 ) ) ;
#8399 = COLOUR_RGB ( '',1.000000000000000000, 0.8117647058823529438, 0.5019607843137254832 ) ;
#8400 = VECTOR ( 'NONE', #1405, 1000.000000000000000 ) ;
#8401 = COLOUR_RGB ( '',1.000000000000000000, 0.8117647058823529438, 0.5019607843137254832 ) ;
#8402 = EDGE_CURVE ( 'NONE', #10007, #1445, #5632, .T. ) ;
#8403 = SURFACE_SIDE_STYLE ('',( #1174 ) ) ;
#8404 = ORIENTED_EDGE ( 'NONE', *, *, #7545, .T. ) ;
#8405 = MECHANICAL_DESIGN_GEOMETRIC_PRESENTATION_REPRESENTATION (  '', ( #9077 ), #7084 ) ;
#8406 = FACE_OUTER_BOUND ( 'NONE', #947, .T. ) ;
#8407 = SURFACE_SIDE_STYLE ('',( #6995 ) ) ;
#8408 = AXIS2_PLACEMENT_3D ( 'NONE', #253, #1968, #1072 ) ;
#8409 = DIRECTION ( 'NONE',  ( 0.0000000000000000000, -1.000000000000000000, 0.0000000000000000000 ) ) ;
#8410 =( LENGTH_UNIT ( ) NAMED_UNIT ( * ) SI_UNIT ( .MILLI., .METRE. ) );
#8411 = DIRECTION ( 'NONE',  ( 0.0000000000000000000, 1.000000000000000000, 0.0000000000000000000 ) ) ;
#8412 = CARTESIAN_POINT ( 'NONE',  ( 13.34999999999999787, 4.500000000000000888, -0.1799999999999978839 ) ) ;
#8413 = CARTESIAN_POINT ( 'NONE',  ( 7.299999999999998934, 0.2000000000000000389, -2.800000000000000266 ) ) ;
#8414 = EDGE_CURVE ( 'NONE', #8751, #143, #3241, .T. ) ;
#8415 = EDGE_CURVE ( 'NONE', #2442, #8123, #4949, .T. ) ;
#8416 = DIRECTION ( 'NONE',  ( -0.0000000000000000000, -0.0000000000000000000, -1.000000000000000000 ) ) ;
#8417 = FACE_OUTER_BOUND ( 'NONE', #9622, .T. ) ;
#8418 = FILL_AREA_STYLE_COLOUR ( '', #2526 ) ;
#8419 = ORIENTED_EDGE ( 'NONE', *, *, #8114, .F. ) ;
#8420 = SURFACE_SIDE_STYLE ('',( #7642 ) ) ;
#8421 = ORIENTED_EDGE ( 'NONE', *, *, #3608, .F. ) ;
#8422 = SURFACE_STYLE_USAGE ( .BOTH. , #1243 ) ;
#8423 = LINE ( 'NONE', #6054, #9117 ) ;
#8424 = FILL_AREA_STYLE_COLOUR ( '', #4173 ) ;
#8425 = VECTOR ( 'NONE', #9569, 1000.000000000000000 ) ;
#8426 = PLANE ( 'NONE',  #1962 ) ;
#8427 = EDGE_CURVE ( 'NONE', #665, #51, #4792, .T. ) ;
#8428 = DIRECTION ( 'NONE',  ( 1.000000000000000000, -5.421010862427522170E-17, 0.0000000000000000000 ) ) ;
#8429 = FILL_AREA_STYLE_COLOUR ( '', #8547 ) ;
#8430 = COLOUR_RGB ( '',1.000000000000000000, 1.000000000000000000, 1.000000000000000000 ) ;
#8431 = ORIENTED_EDGE ( 'NONE', *, *, #3809, .T. ) ;
#8432 = DIRECTION ( 'NONE',  ( 9.103382349328301547E-49, 2.350988701644575016E-32, 1.000000000000000000 ) ) ;
#8433 = MECHANICAL_DESIGN_GEOMETRIC_PRESENTATION_REPRESENTATION (  '', ( #3653 ), #8764 ) ;
#8434 = FILL_AREA_STYLE_COLOUR ( '', #2991 ) ;
#8435 = CARTESIAN_POINT ( 'NONE',  ( 11.25000000000000000, 3.149999999999995470, -2.050000000000001599 ) ) ;
#8436 = ORIENTED_EDGE ( 'NONE', *, *, #2354, .T. ) ;
#8437 = CARTESIAN_POINT ( 'NONE',  ( 1.150000000000000355, 6.000000000000000000, 1.599999999999997202 ) ) ;
#8438 = LINE ( 'NONE', #4454, #8227 ) ;
#8439 = SURFACE_SIDE_STYLE ('',( #10120 ) ) ;
#8440 = ORIENTED_EDGE ( 'NONE', *, *, #408, .T. ) ;
#8441 = VECTOR ( 'NONE', #940, 1000.000000000000000 ) ;
#8442 = STYLED_ITEM ( 'NONE', ( #950 ), #4425 ) ;
#8443 = LINE ( 'NONE', #5475, #2486 ) ;
#8444 = ORIENTED_EDGE ( 'NONE', *, *, #4696, .F. ) ;
#8445 =( GEOMETRIC_REPRESENTATION_CONTEXT ( 3 ) GLOBAL_UNCERTAINTY_ASSIGNED_CONTEXT ( ( #3450 ) ) GLOBAL_UNIT_ASSIGNED_CONTEXT ( ( #8410, #10135, #6194 ) ) REPRESENTATION_CONTEXT ( 'NONE', 'WORKASPACE' ) );
#8446 =( NAMED_UNIT ( * ) SI_UNIT ( $, .STERADIAN. ) SOLID_ANGLE_UNIT ( ) );
#8447 = VECTOR ( 'NONE', #4791, 1000.000000000000000 ) ;
#8448 = MECHANICAL_DESIGN_GEOMETRIC_PRESENTATION_REPRESENTATION (  '', ( #8951 ), #9298 ) ;
#8449 = EDGE_LOOP ( 'NONE', ( #5820, #5025, #4354, #3404 ) ) ;
#8450 =( GEOMETRIC_REPRESENTATION_CONTEXT ( 3 ) GLOBAL_UNCERTAINTY_ASSIGNED_CONTEXT ( ( #35 ) ) GLOBAL_UNIT_ASSIGNED_CONTEXT ( ( #10231, #3968, #7894 ) ) REPRESENTATION_CONTEXT ( 'NONE', 'WORKASPACE' ) );
#8451 = FILL_AREA_STYLE ('',( #6240 ) ) ;
#8452 = VERTEX_POINT ( 'NONE', #5679 ) ;
#8453 = LINE ( 'NONE', #7626, #9834 ) ;
#8454 = LINE ( 'NONE', #1457, #7441 ) ;
#8455 = DIRECTION ( 'NONE',  ( 1.000000000000000000, -3.872150616019660190E-17, 0.0000000000000000000 ) ) ;
#8456 = VERTEX_POINT ( 'NONE', #1704 ) ;
#8457 = EDGE_CURVE ( 'NONE', #7097, #929, #4899, .T. ) ;
#8458 =( GEOMETRIC_REPRESENTATION_CONTEXT ( 3 ) GLOBAL_UNCERTAINTY_ASSIGNED_CONTEXT ( ( #8801 ) ) GLOBAL_UNIT_ASSIGNED_CONTEXT ( ( #4453, #1062, #2649 ) ) REPRESENTATION_CONTEXT ( 'NONE', 'WORKASPACE' ) );
#8459 = STYLED_ITEM ( 'NONE', ( #109 ), #2988 ) ;
#8460 =( GEOMETRIC_REPRESENTATION_CONTEXT ( 3 ) GLOBAL_UNCERTAINTY_ASSIGNED_CONTEXT ( ( #825 ) ) GLOBAL_UNIT_ASSIGNED_CONTEXT ( ( #208, #3314, #4270 ) ) REPRESENTATION_CONTEXT ( 'NONE', 'WORKASPACE' ) );
#8461 = CARTESIAN_POINT ( 'NONE',  ( 9.299999999999998934, 0.2000000000000000389, -2.800000000000000266 ) ) ;
#8462 =( LENGTH_UNIT ( ) NAMED_UNIT ( * ) SI_UNIT ( .MILLI., .METRE. ) );
#8463 =( LENGTH_UNIT ( ) NAMED_UNIT ( * ) SI_UNIT ( .MILLI., .METRE. ) );
#8464 = UNCERTAINTY_MEASURE_WITH_UNIT (LENGTH_MEASURE( 1.000000000000000082E-05 ), #5914, 'distance_accuracy_value', 'NONE');
#8465 = LINE ( 'NONE', #2779, #3026 ) ;
#8466 = MECHANICAL_DESIGN_GEOMETRIC_PRESENTATION_REPRESENTATION (  '', ( #2177 ), #3707 ) ;
#8467 = SURFACE_STYLE_USAGE ( .BOTH. , #7638 ) ;
#8468 = MECHANICAL_DESIGN_GEOMETRIC_PRESENTATION_REPRESENTATION (  '', ( #6329 ), #5361 ) ;
#8469 = ORIENTED_EDGE ( 'NONE', *, *, #4826, .F. ) ;
#8470 = CARTESIAN_POINT ( 'NONE',  ( 2.966666666666668117, -2.516666666666663499, -1.033333333333334547 ) ) ;
#8471 = ORIENTED_EDGE ( 'NONE', *, *, #1522, .T. ) ;
#8472 = SURFACE_STYLE_USAGE ( .BOTH. , #9054 ) ;
#8473 = LINE ( 'NONE', #1470, #7010 ) ;
#8474 = EDGE_CURVE ( 'NONE', #9167, #1816, #4087, .T. ) ;
#8475 = LINE ( 'NONE', #3673, #8643 ) ;
#8476 = EDGE_CURVE ( 'NONE', #143, #3509, #5261, .T. ) ;
#8477 = ORIENTED_EDGE ( 'NONE', *, *, #1221, .F. ) ;
#8478 = FACE_OUTER_BOUND ( 'NONE', #7244, .T. ) ;
#8479 = VERTEX_POINT ( 'NONE', #6635 ) ;
#8480 = PLANE ( 'NONE',  #6828 ) ;
#8481 = LINE ( 'NONE', #6015, #6237 ) ;
#8482 = ORIENTED_EDGE ( 'NONE', *, *, #5970, .F. ) ;
#8483 = EDGE_CURVE ( 'NONE', #2109, #9475, #4298, .T. ) ;
#8484 = UNCERTAINTY_MEASURE_WITH_UNIT (LENGTH_MEASURE( 1.000000000000000082E-05 ), #2928, 'distance_accuracy_value', 'NONE');
#8485 = PRESENTATION_LAYER_ASSIGNMENT (  '', '', ( #8661 ) ) ;
#8486 = MECHANICAL_DESIGN_GEOMETRIC_PRESENTATION_REPRESENTATION (  '', ( #4512 ), #1529 ) ;
#8487 = DIRECTION ( 'NONE',  ( -1.000000000000000000, 5.421010862427522170E-17, 0.0000000000000000000 ) ) ;
#8488 = FILL_AREA_STYLE ('',( #6871 ) ) ;
#8489 = AXIS2_PLACEMENT_3D ( 'NONE', #4321, #7470, #1234 ) ;
#8490 = SURFACE_STYLE_USAGE ( .BOTH. , #7658 ) ;
#8491 = DIRECTION ( 'NONE',  ( 1.000000000000000000, 0.0000000000000000000, 0.0000000000000000000 ) ) ;
#8492 = ORIENTED_EDGE ( 'NONE', *, *, #3575, .T. ) ;
#8493 = CARTESIAN_POINT ( 'NONE',  ( 13.95100000000000229, 4.500000000000000888, 0.3199999999999999512 ) ) ;
#8494 = CARTESIAN_POINT ( 'NONE',  ( 2.250000000000000000, 1.800000000000000044, 0.2500000000000002220 ) ) ;
#8495 =( LENGTH_UNIT ( ) NAMED_UNIT ( * ) SI_UNIT ( .MILLI., .METRE. ) );
#8496 = CARTESIAN_POINT ( 'NONE',  ( 6.149999999999995914, 5.100000000000001421, -0.1499999999999969136 ) ) ;
#8497 = COLOUR_RGB ( '',1.000000000000000000, 1.000000000000000000, 1.000000000000000000 ) ;
#8498 = EDGE_CURVE ( 'NONE', #3337, #863, #6729, .T. ) ;
#8499 = EDGE_LOOP ( 'NONE', ( #5103, #9659, #8243, #7669 ) ) ;
#8500 = ORIENTED_EDGE ( 'NONE', *, *, #847, .F. ) ;
#8501 = CARTESIAN_POINT ( 'NONE',  ( 6.249999999999998224, 4.999999999999997335, 0.2500000000000002220 ) ) ;
#8502 = VERTEX_POINT ( 'NONE', #7399 ) ;
#8503 = UNCERTAINTY_MEASURE_WITH_UNIT (LENGTH_MEASURE( 1.000000000000000082E-05 ), #8175, 'distance_accuracy_value', 'NONE');
#8504 = DIRECTION ( 'NONE',  ( 3.872150616019660190E-17, 1.000000000000000000, -0.0000000000000000000 ) ) ;
#8505 = ORIENTED_EDGE ( 'NONE', *, *, #3798, .F. ) ;
#8506 = MECHANICAL_DESIGN_GEOMETRIC_PRESENTATION_REPRESENTATION (  '', ( #1191 ), #2973 ) ;
#8507 = VECTOR ( 'NONE', #7829, 1000.000000000000000 ) ;
#8508 = DIRECTION ( 'NONE',  ( 1.000000000000000000, -3.872150616019660190E-17, 0.0000000000000000000 ) ) ;
#8509 = VERTEX_POINT ( 'NONE', #239 ) ;
#8510 = DIRECTION ( 'NONE',  ( -0.0000000000000000000, -0.0000000000000000000, -1.000000000000000000 ) ) ;
#8511 =( NAMED_UNIT ( * ) PLANE_ANGLE_UNIT ( ) SI_UNIT ( $, .RADIAN. ) );
#8512 = EDGE_CURVE ( 'NONE', #8189, #4848, #2697, .T. ) ;
#8513 =( LENGTH_UNIT ( ) NAMED_UNIT ( * ) SI_UNIT ( .MILLI., .METRE. ) );
#8514 = CARTESIAN_POINT ( 'NONE',  ( -1.949999999999999956, 4.500000000000000888, 0.3199999999999999512 ) ) ;
#8515 =( NAMED_UNIT ( * ) SI_UNIT ( $, .STERADIAN. ) SOLID_ANGLE_UNIT ( ) );
#8516 = ORIENTED_EDGE ( 'NONE', *, *, #1267, .T. ) ;
#8517 = ORIENTED_EDGE ( 'NONE', *, *, #4107, .F. ) ;
#8518 = ORIENTED_EDGE ( 'NONE', *, *, #7437, .T. ) ;
#8519 = STYLED_ITEM ( 'NONE', ( #4243 ), #6896 ) ;
#8520 = VERTEX_POINT ( 'NONE', #3530 ) ;
#8521 = AXIS2_PLACEMENT_3D ( 'NONE', #3101, #793, #8016 ) ;
#8522 =( NAMED_UNIT ( * ) SI_UNIT ( $, .STERADIAN. ) SOLID_ANGLE_UNIT ( ) );
#8523 = CARTESIAN_POINT ( 'NONE',  ( 10.84999999999999609, 1.800000000000000933, 1.700000000000000178 ) ) ;
#8524 = ORIENTED_EDGE ( 'NONE', *, *, #2585, .F. ) ;
#8525 = AXIS2_PLACEMENT_3D ( 'NONE', #9474, #5739, #9667 ) ;
#8526 = LINE ( 'NONE', #6160, #9790 ) ;
#8527 = LINE ( 'NONE', #6903, #6105 ) ;
#8528 = VERTEX_POINT ( 'NONE', #5973 ) ;
#8529 = DIRECTION ( 'NONE',  ( -0.0000000000000000000, 1.000000000000000000, -0.0000000000000000000 ) ) ;
#8530 = FACE_BOUND ( 'NONE', #6892, .T. ) ;
#8531 = LINE ( 'NONE', #6211, #1833 ) ;
#8532 = UNCERTAINTY_MEASURE_WITH_UNIT (LENGTH_MEASURE( 1.000000000000000082E-05 ), #5154, 'distance_accuracy_value', 'NONE');
#8533 = ORIENTED_EDGE ( 'NONE', *, *, #8724, .T. ) ;
#8534 = AXIS2_PLACEMENT_3D ( 'NONE', #817, #8673, #6501 ) ;
#8535 = VERTEX_POINT ( 'NONE', #1902 ) ;
#8536 = EDGE_CURVE ( 'NONE', #9787, #3282, #3442, .T. ) ;
#8537 = ADVANCED_FACE ( 'NONE', ( #9084 ), #8236, .F. ) ;
#8538 = CARTESIAN_POINT ( 'NONE',  ( 7.850000000000001421, -3.399999999999999911, -0.2499999999999997780 ) ) ;
#8539 = PRESENTATION_LAYER_ASSIGNMENT (  '', '', ( #1574 ) ) ;
#8540 = DIRECTION ( 'NONE',  ( 0.5773502691896258421, -0.5773502691896258421, 0.5773502691896255090 ) ) ;
#8541 = CARTESIAN_POINT ( 'NONE',  ( 7.750000000000000000, -3.399999999999999911, 0.1499999999999990785 ) ) ;
#8542 = CARTESIAN_POINT ( 'NONE',  ( 4.750000000000000888, 1.149999999999999911, -2.350000000000001421 ) ) ;
#8543 = VECTOR ( 'NONE', #4332, 1000.000000000000114 ) ;
#8544 = LINE ( 'NONE', #1683, #6379 ) ;
#8545 = EDGE_LOOP ( 'NONE', ( #6519, #5356, #6446, #2860 ) ) ;
#8546 = EDGE_LOOP ( 'NONE', ( #912, #1466, #9204, #3521 ) ) ;
#8547 = COLOUR_RGB ( '',1.000000000000000000, 1.000000000000000000, 1.000000000000000000 ) ;
#8548 = VECTOR ( 'NONE', #2155, 1000.000000000000000 ) ;
#8549 =( LENGTH_UNIT ( ) NAMED_UNIT ( * ) SI_UNIT ( .MILLI., .METRE. ) );
#8550 = CARTESIAN_POINT ( 'NONE',  ( 6.249999999999998224, -3.399999999999999911, 0.2500000000000002220 ) ) ;
#8551 = EDGE_CURVE ( 'NONE', #1428, #5572, #2753, .T. ) ;
#8552 = ADVANCED_FACE ( 'NONE', ( #1953 ), #5151, .T. ) ;
#8553 = VERTEX_POINT ( 'NONE', #7662 ) ;
#8554 =( NAMED_UNIT ( * ) PLANE_ANGLE_UNIT ( ) SI_UNIT ( $, .RADIAN. ) );
#8555 = CARTESIAN_POINT ( 'NONE',  ( 7.299999999999998934, 0.2000000000000000389, -2.800000000000000266 ) ) ;
#8556 = CARTESIAN_POINT ( 'NONE',  ( -0.2500000000000000000, 4.999999999999997335, -0.2499999999999997780 ) ) ;
#8557 = UNCERTAINTY_MEASURE_WITH_UNIT (LENGTH_MEASURE( 1.000000000000000082E-05 ), #8463, 'distance_accuracy_value', 'NONE');
#8558 = ORIENTED_EDGE ( 'NONE', *, *, #4803, .F. ) ;
#8559 = VECTOR ( 'NONE', #919, 1000.000000000000000 ) ;
#8560 =( LENGTH_UNIT ( ) NAMED_UNIT ( * ) SI_UNIT ( .MILLI., .METRE. ) );
#8561 = ORIENTED_EDGE ( 'NONE', *, *, #8476, .T. ) ;
#8562 = SURFACE_STYLE_USAGE ( .BOTH. , #700 ) ;
#8563 = ORIENTED_EDGE ( 'NONE', *, *, #2396, .F. ) ;
#8564 = VECTOR ( 'NONE', #5420, 1000.000000000000000 ) ;
#8565 = DIRECTION ( 'NONE',  ( -1.000000000000000000, 5.421010862427522170E-17, 0.0000000000000000000 ) ) ;
#8566 = AXIS2_PLACEMENT_3D ( 'NONE', #10069, #3640, #8491 ) ;
#8567 = EDGE_CURVE ( 'NONE', #5623, #4209, #9286, .T. ) ;
#8568 =( NAMED_UNIT ( * ) SI_UNIT ( $, .STERADIAN. ) SOLID_ANGLE_UNIT ( ) );
#8569 = FILL_AREA_STYLE ('',( #7891 ) ) ;
#8570 =( NAMED_UNIT ( * ) SI_UNIT ( $, .STERADIAN. ) SOLID_ANGLE_UNIT ( ) );
#8571 = PRESENTATION_STYLE_ASSIGNMENT (( #5433 ) ) ;
#8572 = SURFACE_STYLE_FILL_AREA ( #7893 ) ;
#8573 = DIRECTION ( 'NONE',  ( -0.0000000000000000000, -0.0000000000000000000, 1.000000000000000000 ) ) ;
#8574 = ORIENTED_EDGE ( 'NONE', *, *, #7370, .T. ) ;
#8575 = STYLED_ITEM ( 'NONE', ( #9993 ), #122 ) ;
#8576 = LINE ( 'NONE', #9411, #2680 ) ;
#8577 =( GEOMETRIC_REPRESENTATION_CONTEXT ( 3 ) GLOBAL_UNCERTAINTY_ASSIGNED_CONTEXT ( ( #7196 ) ) GLOBAL_UNIT_ASSIGNED_CONTEXT ( ( #7740, #9035, #3068 ) ) REPRESENTATION_CONTEXT ( 'NONE', 'WORKASPACE' ) );
#8578 = PRESENTATION_LAYER_ASSIGNMENT (  '', '', ( #2778 ) ) ;
#8579 = VECTOR ( 'NONE', #8540, 1000.000000000000114 ) ;
#8580 = SURFACE_STYLE_USAGE ( .BOTH. , #3202 ) ;
#8581 = FILL_AREA_STYLE ('',( #3031 ) ) ;
#8582 = AXIS2_PLACEMENT_3D ( 'NONE', #964, #4840, #3962 ) ;
#8583 = VECTOR ( 'NONE', #9618, 1000.000000000000000 ) ;
#8584 = FACE_OUTER_BOUND ( 'NONE', #9243, .T. ) ;
#8585 = FILL_AREA_STYLE ('',( #7855 ) ) ;
#8586 = DIRECTION ( 'NONE',  ( -5.421010862427522170E-17, -1.000000000000000000, 2.350988701644575016E-32 ) ) ;
#8587 = DIRECTION ( 'NONE',  ( 0.0000000000000000000, 0.0000000000000000000, 1.000000000000000000 ) ) ;
#8588 = LINE ( 'NONE', #5501, #7300 ) ;
#8589 =( LENGTH_UNIT ( ) NAMED_UNIT ( * ) SI_UNIT ( .MILLI., .METRE. ) );
#8590 = EDGE_CURVE ( 'NONE', #2281, #1215, #7606, .T. ) ;
#8591 = CARTESIAN_POINT ( 'NONE',  ( 13.95000000000000107, 6.000000000000000000, 1.699999999999999289 ) ) ;
#8592 = ORIENTED_EDGE ( 'NONE', *, *, #9875, .F. ) ;
#8593 = ORIENTED_EDGE ( 'NONE', *, *, #8597, .T. ) ;
#8594 = FACE_OUTER_BOUND ( 'NONE', #5850, .T. ) ;
#8595 = DIRECTION ( 'NONE',  ( -1.000000000000000000, 3.872150616019660190E-17, -0.0000000000000000000 ) ) ;
#8596 = VECTOR ( 'NONE', #4609, 1000.000000000000000 ) ;
#8597 = EDGE_CURVE ( 'NONE', #4498, #3139, #8438, .T. ) ;
#8598 = COLOUR_RGB ( '',1.000000000000000000, 0.8117647058823529438, 0.5019607843137254832 ) ;
#8599 = FILL_AREA_STYLE ('',( #5462 ) ) ;
#8600 = ORIENTED_EDGE ( 'NONE', *, *, #9420, .F. ) ;
#8601 =( LENGTH_UNIT ( ) NAMED_UNIT ( * ) SI_UNIT ( .MILLI., .METRE. ) );
#8602 = AXIS2_PLACEMENT_3D ( 'NONE', #6882, #5424, #2338 ) ;
#8603 = AXIS2_PLACEMENT_3D ( 'NONE', #2079, #5227, #457 ) ;
#8604 = ORIENTED_EDGE ( 'NONE', *, *, #6954, .F. ) ;
#8605 = CARTESIAN_POINT ( 'NONE',  ( 12.25000000000000000, -3.299999999999998490, -0.2499999999999997780 ) ) ;
#8606 = PRESENTATION_STYLE_ASSIGNMENT (( #3060 ) ) ;
#8607 = DIRECTION ( 'NONE',  ( -3.833233541708420554E-17, -0.7071067811865447972, 0.7071067811865502373 ) ) ;
#8608 = LINE ( 'NONE', #6284, #5425 ) ;
#8609 =( NAMED_UNIT ( * ) PLANE_ANGLE_UNIT ( ) SI_UNIT ( $, .RADIAN. ) );
#8610 = LINE ( 'NONE', #7040, #4771 ) ;
#8611 = EDGE_CURVE ( 'NONE', #7921, #1660, #4505, .T. ) ;
#8612 = VERTEX_POINT ( 'NONE', #540 ) ;
#8613 = EDGE_CURVE ( 'NONE', #9661, #3675, #6176, .T. ) ;
#8614 = UNCERTAINTY_MEASURE_WITH_UNIT (LENGTH_MEASURE( 1.000000000000000082E-05 ), #7258, 'distance_accuracy_value', 'NONE');
#8615 = AXIS2_PLACEMENT_3D ( 'NONE', #281, #7541, #5966 ) ;
#8616 = STYLED_ITEM ( 'NONE', ( #4214 ), #3877 ) ;
#8617 = FILL_AREA_STYLE ('',( #10225 ) ) ;
#8618 =( NAMED_UNIT ( * ) PLANE_ANGLE_UNIT ( ) SI_UNIT ( $, .RADIAN. ) );
#8619 = ORIENTED_EDGE ( 'NONE', *, *, #8691, .F. ) ;
#8620 = CARTESIAN_POINT ( 'NONE',  ( 0.2499999999999997780, 0.2000000000000000111, -2.800000000000000266 ) ) ;
#8621 = PRESENTATION_LAYER_ASSIGNMENT (  '', '', ( #2495 ) ) ;
#8622 = FILL_AREA_STYLE_COLOUR ( '', #7697 ) ;
#8623 = VECTOR ( 'NONE', #2782, 1000.000000000000000 ) ;
#8624 = SURFACE_STYLE_FILL_AREA ( #5485 ) ;
#8625 = SURFACE_STYLE_USAGE ( .BOTH. , #2644 ) ;
#8626 = LINE ( 'NONE', #3909, #9943 ) ;
#8627 = VERTEX_POINT ( 'NONE', #595 ) ;
#8628 = CARTESIAN_POINT ( 'NONE',  ( 0.7500000000000002220, 3.399999999999999467, -2.050000000000001599 ) ) ;
#8629 = EDGE_CURVE ( 'NONE', #9695, #6288, #7827, .T. ) ;
#8630 = ORIENTED_EDGE ( 'NONE', *, *, #2374, .T. ) ;
#8631 = CARTESIAN_POINT ( 'NONE',  ( 13.34999999999999787, 5.649999999999993250, -2.350000000000001865 ) ) ;
#8632 = UNCERTAINTY_MEASURE_WITH_UNIT (LENGTH_MEASURE( 1.000000000000000082E-05 ), #9905, 'distance_accuracy_value', 'NONE');
#8633 = VECTOR ( 'NONE', #3441, 1000.000000000000000 ) ;
#8634 = DIRECTION ( 'NONE',  ( 1.000000000000000000, -0.0000000000000000000, 1.927470528863119049E-16 ) ) ;
#8635 = PRESENTATION_LAYER_ASSIGNMENT (  '', '', ( #980 ) ) ;
#8636 = FACE_OUTER_BOUND ( 'NONE', #8870, .T. ) ;
#8637 =( NAMED_UNIT ( * ) PLANE_ANGLE_UNIT ( ) SI_UNIT ( $, .RADIAN. ) );
#8638 = VERTEX_POINT ( 'NONE', #2954 ) ;
#8639 = CARTESIAN_POINT ( 'NONE',  ( 13.34999999999999787, 6.000000000000000000, -2.700000000000001066 ) ) ;
#8640 = LINE ( 'NONE', #4705, #5719 ) ;
#8641 =( NAMED_UNIT ( * ) PLANE_ANGLE_UNIT ( ) SI_UNIT ( $, .RADIAN. ) );
#8642 = AXIS2_PLACEMENT_3D ( 'NONE', #4091, #10264, #2488 ) ;
#8643 = VECTOR ( 'NONE', #1188, 1000.000000000000000 ) ;
#8644 = UNCERTAINTY_MEASURE_WITH_UNIT (LENGTH_MEASURE( 1.000000000000000082E-05 ), #1534, 'distance_accuracy_value', 'NONE');
#8645 = EDGE_LOOP ( 'NONE', ( #8431, #6241, #10256, #9386 ) ) ;
#8646 = SURFACE_SIDE_STYLE ('',( #2311 ) ) ;
#8647 = VECTOR ( 'NONE', #4969, 1000.000000000000000 ) ;
#8648 = LINE ( 'NONE', #9487, #4032 ) ;
#8649 = ORIENTED_EDGE ( 'NONE', *, *, #8159, .F. ) ;
#8650 = LINE ( 'NONE', #683, #2780 ) ;
#8651 = SURFACE_STYLE_USAGE ( .BOTH. , #1626 ) ;
#8652 = VERTEX_POINT ( 'NONE', #6129 ) ;
#8653 = ADVANCED_FACE ( 'NONE', ( #2218 ), #9391, .T. ) ;
#8654 = VECTOR ( 'NONE', #6520, 1000.000000000000000 ) ;
#8655 = LINE ( 'NONE', #797, #6961 ) ;
#8656 = FILL_AREA_STYLE ('',( #7132 ) ) ;
#8657 = EDGE_CURVE ( 'NONE', #5859, #1349, #2277, .T. ) ;
#8658 = ORIENTED_EDGE ( 'NONE', *, *, #8062, .T. ) ;
#8659 = FACE_OUTER_BOUND ( 'NONE', #3577, .T. ) ;
#8660 = CARTESIAN_POINT ( 'NONE',  ( 11.25000000000000000, 1.149999999999999911, -2.050000000000001599 ) ) ;
#8661 = STYLED_ITEM ( 'NONE', ( #5979 ), #1950 ) ;
#8662 = SURFACE_STYLE_FILL_AREA ( #10265 ) ;
#8663 = CARTESIAN_POINT ( 'NONE',  ( 13.17999999999999794, 4.230000000000001315, -2.801000000000000600 ) ) ;
#8664 = AXIS2_PLACEMENT_3D ( 'NONE', #3418, #2626, #5796 ) ;
#8665 = CARTESIAN_POINT ( 'NONE',  ( 7.249999999999999112, 3.149999999999995470, -2.050000000000001599 ) ) ;
#8666 = ORIENTED_EDGE ( 'NONE', *, *, #6022, .T. ) ;
#8667 = SURFACE_STYLE_FILL_AREA ( #1443 ) ;
#8668 = VERTEX_POINT ( 'NONE', #9443 ) ;
#8669 = PRESENTATION_STYLE_ASSIGNMENT (( #9608 ) ) ;
#8670 = EDGE_CURVE ( 'NONE', #8963, #1847, #5523, .T. ) ;
#8671 = EDGE_CURVE ( 'NONE', #9004, #10160, #6073, .T. ) ;
#8672 = DIRECTION ( 'NONE',  ( 0.5773502691896257311, 0.5773502691896257311, 0.5773502691896257311 ) ) ;
#8673 = DIRECTION ( 'NONE',  ( -0.0000000000000000000, 0.0000000000000000000, 1.000000000000000000 ) ) ;
#8674 = PLANE ( 'NONE',  #5005 ) ;
#8675 = LINE ( 'NONE', #9660, #2078 ) ;
#8676 = EDGE_LOOP ( 'NONE', ( #6391, #6530, #8563, #5965 ) ) ;
#8677 = CYLINDRICAL_SURFACE ( 'NONE', #8261, 0.4999999999999995559 ) ;
#8678 = VECTOR ( 'NONE', #3774, 1000.000000000000000 ) ;
#8679 = EDGE_CURVE ( 'NONE', #8749, #578, #130, .T. ) ;
#8680 = EDGE_LOOP ( 'NONE', ( #7859, #4585, #9822, #5474 ) ) ;
#8681 =( NAMED_UNIT ( * ) SI_UNIT ( $, .STERADIAN. ) SOLID_ANGLE_UNIT ( ) );
#8682 = PRESENTATION_STYLE_ASSIGNMENT (( #4175 ) ) ;
#8683 = ORIENTED_EDGE ( 'NONE', *, *, #5418, .T. ) ;
#8684 = FACE_OUTER_BOUND ( 'NONE', #8398, .T. ) ;
#8685 = PLANE ( 'NONE',  #911 ) ;
#8686 = VECTOR ( 'NONE', #8974, 1000.000000000000000 ) ;
#8687 = VERTEX_POINT ( 'NONE', #4092 ) ;
#8688 = PRESENTATION_LAYER_ASSIGNMENT (  '', '', ( #7341 ) ) ;
#8689 = SURFACE_SIDE_STYLE ('',( #9484 ) ) ;
#8690 = COLOUR_RGB ( '',1.000000000000000000, 1.000000000000000000, 1.000000000000000000 ) ;
#8691 = EDGE_CURVE ( 'NONE', #5813, #1749, #3227, .T. ) ;
#8692 = FILL_AREA_STYLE_COLOUR ( '', #8992 ) ;
#8693 = CARTESIAN_POINT ( 'NONE',  ( 13.95000000000000107, 6.000000000000000000, 1.699999999999999289 ) ) ;
#8694 = FILL_AREA_STYLE ('',( #5514 ) ) ;
#8695 = SURFACE_STYLE_FILL_AREA ( #7023 ) ;
#8696 = FACE_OUTER_BOUND ( 'NONE', #7579, .T. ) ;
#8697 =( GEOMETRIC_REPRESENTATION_CONTEXT ( 3 ) GLOBAL_UNCERTAINTY_ASSIGNED_CONTEXT ( ( #7772 ) ) GLOBAL_UNIT_ASSIGNED_CONTEXT ( ( #6888, #7190, #2542 ) ) REPRESENTATION_CONTEXT ( 'NONE', 'WORKASPACE' ) );
#8698 = SURFACE_STYLE_USAGE ( .BOTH. , #4721 ) ;
#8699 = MECHANICAL_DESIGN_GEOMETRIC_PRESENTATION_REPRESENTATION (  '', ( #4391 ), #5588 ) ;
#8700 = ORIENTED_EDGE ( 'NONE', *, *, #1368, .F. ) ;
#8701 = CARTESIAN_POINT ( 'NONE',  ( 7.750000000000000000, 0.2000000000000000944, 0.2500000000000002220 ) ) ;
#8702 =( NAMED_UNIT ( * ) SI_UNIT ( $, .STERADIAN. ) SOLID_ANGLE_UNIT ( ) );
#8703 =( LENGTH_UNIT ( ) NAMED_UNIT ( * ) SI_UNIT ( .MILLI., .METRE. ) );
#8704 = UNCERTAINTY_MEASURE_WITH_UNIT (LENGTH_MEASURE( 1.000000000000000082E-05 ), #3088, 'distance_accuracy_value', 'NONE');
#8705 = ORIENTED_EDGE ( 'NONE', *, *, #4803, .T. ) ;
#8706 = CARTESIAN_POINT ( 'NONE',  ( -1.949999999999999956, 0.0000000000000000000, -2.800000000000000266 ) ) ;
#8707 = DIRECTION ( 'NONE',  ( 4.336808689942017736E-16, 0.0000000000000000000, 1.000000000000000000 ) ) ;
#8708 = PRESENTATION_LAYER_ASSIGNMENT (  '', '', ( #4078 ) ) ;
#8709 = CARTESIAN_POINT ( 'NONE',  ( 7.849999999999999645, -3.399999999999999911, -2.800000000000001155 ) ) ;
#8710 = ORIENTED_EDGE ( 'NONE', *, *, #733, .T. ) ;
#8711 = UNCERTAINTY_MEASURE_WITH_UNIT (LENGTH_MEASURE( 1.000000000000000082E-05 ), #6189, 'distance_accuracy_value', 'NONE');
#8712 = CARTESIAN_POINT ( 'NONE',  ( 12.14999999999999680, 5.100000000000001421, 0.1499999999999973577 ) ) ;
#8713 = DIRECTION ( 'NONE',  ( 1.000000000000000000, -5.421010862427522170E-17, 0.0000000000000000000 ) ) ;
#8714 = CARTESIAN_POINT ( 'NONE',  ( -1.350000000000000089, 5.650000000000000355, 1.249999999999997558 ) ) ;
#8715 = COLOUR_RGB ( '',1.000000000000000000, 0.8117647058823529438, 0.5019607843137254832 ) ;
#8716 = PLANE ( 'NONE',  #2373 ) ;
#8717 = CARTESIAN_POINT ( 'NONE',  ( 10.84999999999999609, 6.000000000000000888, 1.700000000000000178 ) ) ;
#8718 = DIRECTION ( 'NONE',  ( -0.0000000000000000000, -0.0000000000000000000, 1.000000000000000000 ) ) ;
#8719 = DIRECTION ( 'NONE',  ( 0.0000000000000000000, 0.0000000000000000000, -1.000000000000000000 ) ) ;
#8720 = DIRECTION ( 'NONE',  ( 0.5773502691896259531, 0.5773502691896259531, -0.5773502691896255090 ) ) ;
#8721 = ORIENTED_EDGE ( 'NONE', *, *, #6469, .F. ) ;
#8722 = CARTESIAN_POINT ( 'NONE',  ( 7.299999999999998934, 0.2000000000000000389, 1.700000000000000178 ) ) ;
#8723 = UNCERTAINTY_MEASURE_WITH_UNIT (LENGTH_MEASURE( 1.000000000000000082E-05 ), #6658, 'distance_accuracy_value', 'NONE');
#8724 = EDGE_CURVE ( 'NONE', #3405, #1275, #7975, .T. ) ;
#8725 = CARTESIAN_POINT ( 'NONE',  ( 13.95000000000000107, 6.000000000000000000, -2.800000000000000711 ) ) ;
#8726 = CARTESIAN_POINT ( 'NONE',  ( 8.250000000000000000, -3.299999999999998490, 0.2500000000000002220 ) ) ;
#8727 = PRESENTATION_LAYER_ASSIGNMENT (  '', '', ( #8889 ) ) ;
#8728 = VERTEX_POINT ( 'NONE', #5849 ) ;
#8729 = SURFACE_STYLE_FILL_AREA ( #6958 ) ;
#8730 = CARTESIAN_POINT ( 'NONE',  ( 5.750000000000000000, 1.800000000000000044, 0.2500000000000002220 ) ) ;
#8731 = ADVANCED_FACE ( 'NONE', ( #7095 ), #1879, .T. ) ;
#8732 = ADVANCED_FACE ( 'NONE', ( #6485 ), #3997, .F. ) ;
#8733 = LINE ( 'NONE', #9321, #2642 ) ;
#8734 = AXIS2_PLACEMENT_3D ( 'NONE', #8412, #6898, #5119 ) ;
#8735 =( GEOMETRIC_REPRESENTATION_CONTEXT ( 3 ) GLOBAL_UNCERTAINTY_ASSIGNED_CONTEXT ( ( #6558 ) ) GLOBAL_UNIT_ASSIGNED_CONTEXT ( ( #8937, #6463, #4217 ) ) REPRESENTATION_CONTEXT ( 'NONE', 'WORKASPACE' ) );
#8736 =( NAMED_UNIT ( * ) SI_UNIT ( $, .STERADIAN. ) SOLID_ANGLE_UNIT ( ) );
#8737 = DIRECTION ( 'NONE',  ( 9.103382349328301547E-49, 2.350988701644575016E-32, 1.000000000000000000 ) ) ;
#8738 = VECTOR ( 'NONE', #9854, 1000.000000000000000 ) ;
#8739 = EDGE_LOOP ( 'NONE', ( #2011, #10219, #3931, #1667 ) ) ;
#8740 = EDGE_CURVE ( 'NONE', #5419, #6805, #81, .T. ) ;
#8741 = DIRECTION ( 'NONE',  ( -0.0000000000000000000, -0.0000000000000000000, 1.000000000000000000 ) ) ;
#8742 = LINE ( 'NONE', #6430, #4664 ) ;
#8743 = DIRECTION ( 'NONE',  ( -3.833233541708433496E-17, -0.7071067811865472397, 0.7071067811865479058 ) ) ;
#8744 = CARTESIAN_POINT ( 'NONE',  ( -0.2500000000000000000, 4.999999999999997335, -0.2499999999999997780 ) ) ;
#8745 = PRESENTATION_STYLE_ASSIGNMENT (( #4045 ) ) ;
#8746 = UNCERTAINTY_MEASURE_WITH_UNIT (LENGTH_MEASURE( 1.000000000000000082E-05 ), #7298, 'distance_accuracy_value', 'NONE');
#8747 = FILL_AREA_STYLE_COLOUR ( '', #4049 ) ;
#8748 = ORIENTED_EDGE ( 'NONE', *, *, #9130, .F. ) ;
#8749 = VERTEX_POINT ( 'NONE', #8026 ) ;
#8750 = DIRECTION ( 'NONE',  ( -0.7071067811865489050, -0.7071067811865461294, 3.066586833366754193E-16 ) ) ;
#8751 = VERTEX_POINT ( 'NONE', #4828 ) ;
#8752 = PRESENTATION_LAYER_ASSIGNMENT (  '', '', ( #6301 ) ) ;
#8753 = STYLED_ITEM ( 'NONE', ( #8888 ), #3555 ) ;
#8754 = DIRECTION ( 'NONE',  ( 0.0000000000000000000, 0.0000000000000000000, 1.000000000000000000 ) ) ;
#8755 = ORIENTED_EDGE ( 'NONE', *, *, #5791, .F. ) ;
#8756 = LINE ( 'NONE', #7988, #9470 ) ;
#8757 = DIRECTION ( 'NONE',  ( 1.000000000000000000, -0.0000000000000000000, 0.0000000000000000000 ) ) ;
#8758 = FILL_AREA_STYLE ('',( #5633 ) ) ;
#8759 = SURFACE_SIDE_STYLE ('',( #5634 ) ) ;
#8760 = ORIENTED_EDGE ( 'NONE', *, *, #6418, .T. ) ;
#8761 =( NAMED_UNIT ( * ) PLANE_ANGLE_UNIT ( ) SI_UNIT ( $, .RADIAN. ) );
#8762 =( LENGTH_UNIT ( ) NAMED_UNIT ( * ) SI_UNIT ( .MILLI., .METRE. ) );
#8763 = ORIENTED_EDGE ( 'NONE', *, *, #2922, .F. ) ;
#8764 =( GEOMETRIC_REPRESENTATION_CONTEXT ( 3 ) GLOBAL_UNCERTAINTY_ASSIGNED_CONTEXT ( ( #10183 ) ) GLOBAL_UNIT_ASSIGNED_CONTEXT ( ( #8181, #1999, #9892 ) ) REPRESENTATION_CONTEXT ( 'NONE', 'WORKASPACE' ) );
#8765 = UNCERTAINTY_MEASURE_WITH_UNIT (LENGTH_MEASURE( 1.000000000000000082E-05 ), #3072, 'distance_accuracy_value', 'NONE');
#8766 = FILL_AREA_STYLE_COLOUR ( '', #1113 ) ;
#8767 = LINE ( 'NONE', #4908, #8936 ) ;
#8768 =( GEOMETRIC_REPRESENTATION_CONTEXT ( 3 ) GLOBAL_UNCERTAINTY_ASSIGNED_CONTEXT ( ( #6433 ) ) GLOBAL_UNIT_ASSIGNED_CONTEXT ( ( #4372, #5282, #404 ) ) REPRESENTATION_CONTEXT ( 'NONE', 'WORKASPACE' ) );
#8769 = COLOUR_RGB ( '',1.000000000000000000, 0.8117647058823529438, 0.5019607843137254832 ) ;
#8770 = DIRECTION ( 'NONE',  ( 0.0000000000000000000, 0.0000000000000000000, -1.000000000000000000 ) ) ;
#8771 = CARTESIAN_POINT ( 'NONE',  ( 3.250000000000000888, 3.399999999999999467, -2.050000000000001599 ) ) ;
#8772 =( NAMED_UNIT ( * ) SI_UNIT ( $, .STERADIAN. ) SOLID_ANGLE_UNIT ( ) );
#8773 = EDGE_CURVE ( 'NONE', #5139, #1166, #417, .T. ) ;
#8774 = SURFACE_SIDE_STYLE ('',( #114 ) ) ;
#8775 = CARTESIAN_POINT ( 'NONE',  ( -1.350000000000000089, 1.149999999999999911, -2.350000000000001421 ) ) ;
#8776 = CARTESIAN_POINT ( 'NONE',  ( 6.049999999999999822, 5.100000000000001421, 0.1499999999999973577 ) ) ;
#8777 = ORIENTED_EDGE ( 'NONE', *, *, #7973, .F. ) ;
#8778 = MECHANICAL_DESIGN_GEOMETRIC_PRESENTATION_REPRESENTATION (  '', ( #8950 ), #6789 ) ;
#8779 = CARTESIAN_POINT ( 'NONE',  ( 1.749999999999999778, -3.300000000000002043, -0.2499999999999997780 ) ) ;
#8780 = PRESENTATION_LAYER_ASSIGNMENT (  '', '', ( #6786 ) ) ;
#8781 = CARTESIAN_POINT ( 'NONE',  ( -0.2500000000000002220, -3.399999999999999911, 0.2500000000000002220 ) ) ;
#8782 = DIRECTION ( 'NONE',  ( 0.0000000000000000000, 0.0000000000000000000, -1.000000000000000000 ) ) ;
#8783 = CARTESIAN_POINT ( 'NONE',  ( 7.850000000000001421, -3.399999999999999911, 0.1499999999999990785 ) ) ;
#8784 = COLOUR_RGB ( '',1.000000000000000000, 1.000000000000000000, 1.000000000000000000 ) ;
#8785 = EDGE_CURVE ( 'NONE', #5734, #8528, #4431, .T. ) ;
#8786 = STYLED_ITEM ( 'NONE', ( #9107 ), #4681 ) ;
#8787 = PLANE ( 'NONE',  #5779 ) ;
#8788 = ADVANCED_FACE ( 'NONE', ( #7580 ), #4378, .F. ) ;
#8789 = CARTESIAN_POINT ( 'NONE',  ( 7.750000000000000000, 4.999999999999997335, 0.2500000000000002220 ) ) ;
#8790 = LINE ( 'NONE', #6319, #981 ) ;
#8791 = CARTESIAN_POINT ( 'NONE',  ( -0.7000000000000002887, 0.2000000000000000389, 1.700000000000000178 ) ) ;
#8792 = EDGE_LOOP ( 'NONE', ( #5252, #7405, #8864, #6071 ) ) ;
#8793 = ORIENTED_EDGE ( 'NONE', *, *, #3425, .F. ) ;
#8794 = VECTOR ( 'NONE', #5960, 1000.000000000000000 ) ;
#8795 = CARTESIAN_POINT ( 'NONE',  ( -1.950000000000000400, 0.8200000000000003952, 1.300000000000000044 ) ) ;
#8796 = EDGE_CURVE ( 'NONE', #9745, #3591, #6052, .T. ) ;
#8797 = DIRECTION ( 'NONE',  ( 0.0000000000000000000, -0.0000000000000000000, 1.000000000000000000 ) ) ;
#8798 =( NAMED_UNIT ( * ) PLANE_ANGLE_UNIT ( ) SI_UNIT ( $, .RADIAN. ) );
#8799 = CARTESIAN_POINT ( 'NONE',  ( 1.299999999999999600, 0.2000000000000000389, 0.2500000000000002220 ) ) ;
#8800 = VECTOR ( 'NONE', #2864, 1000.000000000000000 ) ;
#8801 = UNCERTAINTY_MEASURE_WITH_UNIT (LENGTH_MEASURE( 1.000000000000000082E-05 ), #4453, 'distance_accuracy_value', 'NONE');
#8802 = LINE ( 'NONE', #4095, #7166 ) ;
#8803 = ORIENTED_EDGE ( 'NONE', *, *, #4386, .T. ) ;
#8804 = CARTESIAN_POINT ( 'NONE',  ( 3.750000000000000444, 1.800000000000000044, 0.2500000000000002220 ) ) ;
#8805 = ORIENTED_EDGE ( 'NONE', *, *, #9939, .T. ) ;
#8806 = LINE ( 'NONE', #7294, #5320 ) ;
#8807 = DIRECTION ( 'NONE',  ( -0.0000000000000000000, -0.0000000000000000000, 1.000000000000000000 ) ) ;
#8808 = FILL_AREA_STYLE_COLOUR ( '', #5543 ) ;
#8809 = VECTOR ( 'NONE', #7404, 1000.000000000000000 ) ;
#8810 = PRESENTATION_LAYER_ASSIGNMENT (  '', '', ( #679 ) ) ;
#8811 = ORIENTED_EDGE ( 'NONE', *, *, #4572, .T. ) ;
#8812 = FILL_AREA_STYLE_COLOUR ( '', #986 ) ;
#8813 = CARTESIAN_POINT ( 'NONE',  ( 4.250000000000000000, -3.399999999999999911, 0.2500000000000002220 ) ) ;
#8814 = DIRECTION ( 'NONE',  ( -9.103382349328301547E-49, -2.350988701644575016E-32, -1.000000000000000000 ) ) ;
#8815 = SURFACE_STYLE_FILL_AREA ( #2653 ) ;
#8816 = CARTESIAN_POINT ( 'NONE',  ( 4.250000000000000000, 0.2000000000000000111, -0.2499999999999997780 ) ) ;
#8817 = CARTESIAN_POINT ( 'NONE',  ( 3.250000000000000888, 3.399999999999999467, -2.050000000000001599 ) ) ;
#8818 = ORIENTED_EDGE ( 'NONE', *, *, #689, .T. ) ;
#8819 = PLANE ( 'NONE',  #5962 ) ;
#8820 = ORIENTED_EDGE ( 'NONE', *, *, #7178, .T. ) ;
#8821 = STYLED_ITEM ( 'NONE', ( #8669 ), #3368 ) ;
#8822 = EDGE_CURVE ( 'NONE', #2916, #4231, #2029, .T. ) ;
#8823 = DIRECTION ( 'NONE',  ( -1.000000000000000000, 5.421010862427522170E-17, 0.0000000000000000000 ) ) ;
#8824 = EDGE_LOOP ( 'NONE', ( #3954, #8793, #822, #8658, #7974 ) ) ;
#8825 = CARTESIAN_POINT ( 'NONE',  ( 4.149999999999997691, 5.100000000000001421, 0.1499999999999973577 ) ) ;
#8826 = DIRECTION ( 'NONE',  ( 3.872150616019660190E-17, 1.000000000000000000, -0.0000000000000000000 ) ) ;
#8827 = ORIENTED_EDGE ( 'NONE', *, *, #6336, .T. ) ;
#8828 = CARTESIAN_POINT ( 'NONE',  ( 9.250000000000001776, 3.149999999999995470, -2.050000000000001599 ) ) ;
#8829 = CARTESIAN_POINT ( 'NONE',  ( 9.299999999999998934, 0.2000000000000000389, -0.2499999999999997780 ) ) ;
#8830 = CARTESIAN_POINT ( 'NONE',  ( 5.750000000000000000, 1.800000000000000044, -0.2499999999999997780 ) ) ;
#8831 = EDGE_LOOP ( 'NONE', ( #1175, #4405, #808, #5006 ) ) ;
#8832 = DIRECTION ( 'NONE',  ( -4.336808689942017736E-16, 0.0000000000000000000, -1.000000000000000000 ) ) ;
#8833 = PRESENTATION_STYLE_ASSIGNMENT (( #4126 ) ) ;
#8834 = VECTOR ( 'NONE', #3152, 1000.000000000000000 ) ;
#8835 = CARTESIAN_POINT ( 'NONE',  ( 8.149999999999996803, 5.100000000000001421, 0.1499999999999973577 ) ) ;
#8836 = VECTOR ( 'NONE', #5665, 1000.000000000000000 ) ;
#8837 = DIRECTION ( 'NONE',  ( 3.872150616019660190E-17, 1.000000000000000000, 0.0000000000000000000 ) ) ;
#8838 = CARTESIAN_POINT ( 'NONE',  ( -1.350000000000000089, 4.500000000000000888, 0.3199999999999999512 ) ) ;
#8839 = VECTOR ( 'NONE', #1456, 1000.000000000000000 ) ;
#8840 = EDGE_CURVE ( 'NONE', #8502, #5630, #9981, .T. ) ;
#8841 = PRESENTATION_LAYER_ASSIGNMENT (  '', '', ( #9194 ) ) ;
#8842 = ADVANCED_FACE ( 'NONE', ( #1360 ), #3772, .F. ) ;
#8843 = SURFACE_STYLE_FILL_AREA ( #5913 ) ;
#8844 = CARTESIAN_POINT ( 'NONE',  ( 13.34999999999999787, -15.13439790675532670, -2.350000000000001865 ) ) ;
#8845 = VECTOR ( 'NONE', #1615, 1000.000000000000000 ) ;
#8846 = PLANE ( 'NONE',  #8642 ) ;
#8847 = SURFACE_STYLE_FILL_AREA ( #3177 ) ;
#8848 = DIRECTION ( 'NONE',  ( -0.0000000000000000000, -0.0000000000000000000, 1.000000000000000000 ) ) ;
#8849 = ORIENTED_EDGE ( 'NONE', *, *, #10019, .F. ) ;
#8850 = VERTEX_POINT ( 'NONE', #4326 ) ;
#8851 = VERTEX_POINT ( 'NONE', #362 ) ;
#8852 = ORIENTED_EDGE ( 'NONE', *, *, #7230, .F. ) ;
#8853 = ADVANCED_FACE ( 'NONE', ( #3558 ), #5951, .F. ) ;
#8854 = VECTOR ( 'NONE', #8814, 1000.000000000000000 ) ;
#8855 = EDGE_CURVE ( 'NONE', #602, #5825, #7009, .T. ) ;
#8856 = DIRECTION ( 'NONE',  ( -1.000000000000000000, 5.421010862427522170E-17, 0.0000000000000000000 ) ) ;
#8857 = MECHANICAL_DESIGN_GEOMETRIC_PRESENTATION_REPRESENTATION (  '', ( #8358 ), #10035 ) ;
#8858 = FILL_AREA_STYLE_COLOUR ( '', #6354 ) ;
#8859 = EDGE_LOOP ( 'NONE', ( #3700, #7726, #8705, #6031 ) ) ;
#8860 =( NAMED_UNIT ( * ) PLANE_ANGLE_UNIT ( ) SI_UNIT ( $, .RADIAN. ) );
#8861 = AXIS2_PLACEMENT_3D ( 'NONE', #6696, #5894, #5942 ) ;
#8862 = FACE_OUTER_BOUND ( 'NONE', #6855, .T. ) ;
#8863 = FILL_AREA_STYLE_COLOUR ( '', #9542 ) ;
#8864 = ORIENTED_EDGE ( 'NONE', *, *, #5032, .F. ) ;
#8865 = PLANE ( 'NONE',  #6748 ) ;
#8866 = STYLED_ITEM ( 'NONE', ( #8745 ), #7521 ) ;
#8867 = DIRECTION ( 'NONE',  ( -4.336808689942017736E-16, 1.679277644031839923E-32, -1.000000000000000000 ) ) ;
#8868 = DIRECTION ( 'NONE',  ( 4.336808689942017736E-16, 0.0000000000000000000, 1.000000000000000000 ) ) ;
#8869 = ORIENTED_EDGE ( 'NONE', *, *, #2606, .T. ) ;
#8870 = EDGE_LOOP ( 'NONE', ( #2327, #9925, #4915, #3131 ) ) ;
#8871 = VECTOR ( 'NONE', #4236, 1000.000000000000000 ) ;
#8872 = CARTESIAN_POINT ( 'NONE',  ( 4.049999999999999822, 0.0000000000000000000, -2.050000000000001599 ) ) ;
#8873 = ORIENTED_EDGE ( 'NONE', *, *, #9528, .T. ) ;
#8874 = PLANE ( 'NONE',  #4958 ) ;
#8875 = EDGE_CURVE ( 'NONE', #1660, #754, #3036, .T. ) ;
#8876 = VECTOR ( 'NONE', #2020, 1000.000000000000114 ) ;
#8877 = FILL_AREA_STYLE ('',( #928 ) ) ;
#8878 = VECTOR ( 'NONE', #9121, 1000.000000000000000 ) ;
#8879 = DIRECTION ( 'NONE',  ( 3.872150616019660190E-17, 1.000000000000000000, -0.0000000000000000000 ) ) ;
#8880 = FILL_AREA_STYLE_COLOUR ( '', #4551 ) ;
#8881 = SURFACE_STYLE_FILL_AREA ( #308 ) ;
#8882 = CARTESIAN_POINT ( 'NONE',  ( -1.949999999999999956, 6.000000000000000000, -2.800000000000000266 ) ) ;
#8883 = LINE ( 'NONE', #259, #8647 ) ;
#8884 =( GEOMETRIC_REPRESENTATION_CONTEXT ( 3 ) GLOBAL_UNCERTAINTY_ASSIGNED_CONTEXT ( ( #9034 ) ) GLOBAL_UNIT_ASSIGNED_CONTEXT ( ( #9256, #7727, #3803 ) ) REPRESENTATION_CONTEXT ( 'NONE', 'WORKASPACE' ) );
#8885 = ORIENTED_EDGE ( 'NONE', *, *, #1870, .T. ) ;
#8886 = PLANE ( 'NONE',  #472 ) ;
#8887 = PRESENTATION_STYLE_ASSIGNMENT (( #7266 ) ) ;
#8888 = PRESENTATION_STYLE_ASSIGNMENT (( #1527 ) ) ;
#8889 = STYLED_ITEM ( 'NONE', ( #6444 ), #846 ) ;
#8890 = PRESENTATION_LAYER_ASSIGNMENT (  '', '', ( #592 ) ) ;
#8891 = DIRECTION ( 'NONE',  ( -1.000000000000000000, 5.421010862427522170E-17, 0.0000000000000000000 ) ) ;
#8892 = COLOUR_RGB ( '',1.000000000000000000, 1.000000000000000000, 1.000000000000000000 ) ;
#8893 = ORIENTED_EDGE ( 'NONE', *, *, #5405, .F. ) ;
#8894 = SURFACE_STYLE_USAGE ( .BOTH. , #3511 ) ;
#8895 = VERTEX_POINT ( 'NONE', #4647 ) ;
#8896 = VECTOR ( 'NONE', #5409, 1000.000000000000000 ) ;
#8897 = STYLED_ITEM ( 'NONE', ( #1030 ), #8983 ) ;
#8898 = AXIS2_PLACEMENT_3D ( 'NONE', #54, #3296, #4797 ) ;
#8899 = ORIENTED_EDGE ( 'NONE', *, *, #2120, .F. ) ;
#8900 = DIRECTION ( 'NONE',  ( -3.833233541708433496E-17, -0.7071067811865472397, 0.7071067811865479058 ) ) ;
#8901 = STYLED_ITEM ( 'NONE', ( #7104 ), #272 ) ;
#8902 = CARTESIAN_POINT ( 'NONE',  ( 10.69999999999999929, 0.0000000000000000000, 1.700000000000000178 ) ) ;
#8903 = PRESENTATION_LAYER_ASSIGNMENT (  '', '', ( #2285 ) ) ;
#8904 = SURFACE_STYLE_FILL_AREA ( #5757 ) ;
#8905 = LINE ( 'NONE', #4142, #6579 ) ;
#8906 =( NAMED_UNIT ( * ) PLANE_ANGLE_UNIT ( ) SI_UNIT ( $, .RADIAN. ) );
#8907 = EDGE_CURVE ( 'NONE', #3405, #6707, #6161, .T. ) ;
#8908 = CARTESIAN_POINT ( 'NONE',  ( 4.699999999999999289, 0.1999999999999999833, -2.800000000000000266 ) ) ;
#8909 = CARTESIAN_POINT ( 'NONE',  ( 9.850000000000001421, -3.399999999999999911, -0.2499999999999997780 ) ) ;
#8910 = VERTEX_POINT ( 'NONE', #4596 ) ;
#8911 = AXIS2_PLACEMENT_3D ( 'NONE', #7247, #5730, #8920 ) ;
#8912 = DIRECTION ( 'NONE',  ( -0.0000000000000000000, -0.0000000000000000000, 1.000000000000000000 ) ) ;
#8913 = PRESENTATION_STYLE_ASSIGNMENT (( #5147 ) ) ;
#8914 = EDGE_LOOP ( 'NONE', ( #3710, #6990, #4134, #2172 ) ) ;
#8915 = LINE ( 'NONE', #8039, #8633 ) ;
#8916 = LINE ( 'NONE', #8813, #7063 ) ;
#8917 = DIRECTION ( 'NONE',  ( 1.000000000000000000, 0.0000000000000000000, 0.0000000000000000000 ) ) ;
#8918 = FILL_AREA_STYLE ('',( #2699 ) ) ;
#8919 = ADVANCED_FACE ( 'NONE', ( #8684 ), #6258, .F. ) ;
#8920 = DIRECTION ( 'NONE',  ( 0.0000000000000000000, -0.0000000000000000000, 1.000000000000000000 ) ) ;
#8921 = ADVANCED_FACE ( 'NONE', ( #3821 ), #7802, .F. ) ;
#8922 = CARTESIAN_POINT ( 'NONE',  ( -0.7000000000000002887, 0.2000000000000000389, 0.2500000000000002220 ) ) ;
#8923 = ORIENTED_EDGE ( 'NONE', *, *, #7659, .F. ) ;
#8924 = ORIENTED_EDGE ( 'NONE', *, *, #2606, .F. ) ;
#8925 = SURFACE_STYLE_FILL_AREA ( #1757 ) ;
#8926 = ORIENTED_EDGE ( 'NONE', *, *, #2550, .F. ) ;
#8927 = COLOUR_RGB ( '',1.000000000000000000, 0.8117647058823529438, 0.5019607843137254832 ) ;
#8928 = UNCERTAINTY_MEASURE_WITH_UNIT (LENGTH_MEASURE( 1.000000000000000082E-05 ), #5500, 'distance_accuracy_value', 'NONE');
#8929 = FACE_OUTER_BOUND ( 'NONE', #1014, .T. ) ;
#8930 = UNCERTAINTY_MEASURE_WITH_UNIT (LENGTH_MEASURE( 1.000000000000000082E-05 ), #7570, 'distance_accuracy_value', 'NONE');
#8931 = DIRECTION ( 'NONE',  ( 9.103382349328301547E-49, 2.350988701644575016E-32, 1.000000000000000000 ) ) ;
#8932 = LINE ( 'NONE', #3359, #8139 ) ;
#8933 = ORIENTED_EDGE ( 'NONE', *, *, #3868, .T. ) ;
#8934 = CARTESIAN_POINT ( 'NONE',  ( 13.94999999999999751, 1.380000000000003890, 1.300000000000000044 ) ) ;
#8935 =( LENGTH_UNIT ( ) NAMED_UNIT ( * ) SI_UNIT ( .MILLI., .METRE. ) );
#8936 = VECTOR ( 'NONE', #3305, 1000.000000000000000 ) ;
#8937 =( LENGTH_UNIT ( ) NAMED_UNIT ( * ) SI_UNIT ( .MILLI., .METRE. ) );
#8938 = EDGE_CURVE ( 'NONE', #1702, #8123, #4176, .T. ) ;
#8939 = PRESENTATION_STYLE_ASSIGNMENT (( #3460 ) ) ;
#8940 = SURFACE_STYLE_USAGE ( .BOTH. , #7263 ) ;
#8941 = FACE_OUTER_BOUND ( 'NONE', #8824, .T. ) ;
#8942 = FILL_AREA_STYLE_COLOUR ( '', #7589 ) ;
#8943 = AXIS2_PLACEMENT_3D ( 'NONE', #6604, #1279, #9762 ) ;
#8944 = ORIENTED_EDGE ( 'NONE', *, *, #4399, .T. ) ;
#8945 =( NAMED_UNIT ( * ) SI_UNIT ( $, .STERADIAN. ) SOLID_ANGLE_UNIT ( ) );
#8946 = VECTOR ( 'NONE', #4528, 1000.000000000000000 ) ;
#8947 = ORIENTED_EDGE ( 'NONE', *, *, #1494, .T. ) ;
#8948 =( GEOMETRIC_REPRESENTATION_CONTEXT ( 3 ) GLOBAL_UNCERTAINTY_ASSIGNED_CONTEXT ( ( #4000 ) ) GLOBAL_UNIT_ASSIGNED_CONTEXT ( ( #6796, #6998, #2074 ) ) REPRESENTATION_CONTEXT ( 'NONE', 'WORKASPACE' ) );
#8949 = CARTESIAN_POINT ( 'NONE',  ( 3.250000000000000888, 3.399999999999999467, -2.300000000000006928 ) ) ;
#8950 = STYLED_ITEM ( 'NONE', ( #4745 ), #5697 ) ;
#8951 = STYLED_ITEM ( 'NONE', ( #9165 ), #4625 ) ;
#8952 = CARTESIAN_POINT ( 'NONE',  ( 0.7500000000000002220, 3.149999999999995470, -2.050000000000001599 ) ) ;
#8953 = VECTOR ( 'NONE', #9567, 1000.000000000000000 ) ;
#8954 = EDGE_CURVE ( 'NONE', #1581, #4377, #2663, .T. ) ;
#8955 = ORIENTED_EDGE ( 'NONE', *, *, #5970, .T. ) ;
#8956 = SURFACE_STYLE_USAGE ( .BOTH. , #5806 ) ;
#8957 = FILL_AREA_STYLE_COLOUR ( '', #3449 ) ;
#8958 = SURFACE_STYLE_FILL_AREA ( #6671 ) ;
#8959 =( LENGTH_UNIT ( ) NAMED_UNIT ( * ) SI_UNIT ( .MILLI., .METRE. ) );
#8960 = ORIENTED_EDGE ( 'NONE', *, *, #7017, .T. ) ;
#8961 = SURFACE_SIDE_STYLE ('',( #7598 ) ) ;
#8962 = COLOUR_RGB ( '',1.000000000000000000, 1.000000000000000000, 1.000000000000000000 ) ;
#8963 = VERTEX_POINT ( 'NONE', #3312 ) ;
#8964 = CARTESIAN_POINT ( 'NONE',  ( 12.69999999999999929, 0.1999999999999999833, -2.800000000000000266 ) ) ;
#8965 = EDGE_CURVE ( 'NONE', #9038, #2104, #6608, .T. ) ;
#8966 = PLANE ( 'NONE',  #3266 ) ;
#8967 = FACE_OUTER_BOUND ( 'NONE', #4742, .T. ) ;
#8968 = VECTOR ( 'NONE', #6690, 1000.000000000000000 ) ;
#8969 = AXIS2_PLACEMENT_3D ( 'NONE', #7059, #3138, #3080 ) ;
#8970 = ORIENTED_EDGE ( 'NONE', *, *, #8796, .T. ) ;
#8971 = SURFACE_STYLE_FILL_AREA ( #2056 ) ;
#8972 = DIRECTION ( 'NONE',  ( -4.336808689942017736E-16, 0.0000000000000000000, -1.000000000000000000 ) ) ;
#8973 = LINE ( 'NONE', #8556, #3566 ) ;
#8974 = DIRECTION ( 'NONE',  ( -4.336808689942017736E-16, 0.0000000000000000000, -1.000000000000000000 ) ) ;
#8975 = CARTESIAN_POINT ( 'NONE',  ( -0.2500000000000002220, -3.399999999999999911, 0.2500000000000002220 ) ) ;
#8976 = CARTESIAN_POINT ( 'NONE',  ( 8.250000000000000000, 0.2000000000000000111, -2.800000000000000266 ) ) ;
#8977 = ORIENTED_EDGE ( 'NONE', *, *, #8350, .T. ) ;
#8978 = ORIENTED_EDGE ( 'NONE', *, *, #4472, .F. ) ;
#8979 = DIRECTION ( 'NONE',  ( 0.0000000000000000000, 0.0000000000000000000, -1.000000000000000000 ) ) ;
#8980 =( GEOMETRIC_REPRESENTATION_CONTEXT ( 3 ) GLOBAL_UNCERTAINTY_ASSIGNED_CONTEXT ( ( #5302 ) ) GLOBAL_UNIT_ASSIGNED_CONTEXT ( ( #8255, #4376, #5123 ) ) REPRESENTATION_CONTEXT ( 'NONE', 'WORKASPACE' ) );
#8981 = SURFACE_STYLE_FILL_AREA ( #7617 ) ;
#8982 = EDGE_CURVE ( 'NONE', #6546, #691, #159, .T. ) ;
#8983 = ADVANCED_FACE ( 'NONE', ( #254 ), #5838, .F. ) ;
#8984 = CARTESIAN_POINT ( 'NONE',  ( 1.150000000000000355, 6.000000000000000000, 1.700000000000000178 ) ) ;
#8985 = FILL_AREA_STYLE_COLOUR ( '', #4927 ) ;
#8986 = DIRECTION ( 'NONE',  ( -1.362927481496328130E-16, 0.7071067811865451302, -0.7071067811865500152 ) ) ;
#8987 = LINE ( 'NONE', #7361, #4223 ) ;
#8988 = ORIENTED_EDGE ( 'NONE', *, *, #9363, .F. ) ;
#8989 = DIRECTION ( 'NONE',  ( -0.0000000000000000000, -0.0000000000000000000, 1.000000000000000000 ) ) ;
#8990 = SURFACE_STYLE_USAGE ( .BOTH. , #255 ) ;
#8991 =( NAMED_UNIT ( * ) SI_UNIT ( $, .STERADIAN. ) SOLID_ANGLE_UNIT ( ) );
#8992 = COLOUR_RGB ( '',1.000000000000000000, 0.8117647058823529438, 0.5019607843137254832 ) ;
#8993 = PRESENTATION_STYLE_ASSIGNMENT (( #2666 ) ) ;
#8994 = SURFACE_SIDE_STYLE ('',( #5020 ) ) ;
#8995 = SURFACE_STYLE_USAGE ( .BOTH. , #5844 ) ;
#8996 = VECTOR ( 'NONE', #360, 1000.000000000000000 ) ;
#8997 = EDGE_CURVE ( 'NONE', #873, #4677, #3458, .T. ) ;
#8998 = SURFACE_SIDE_STYLE ('',( #1082 ) ) ;
#8999 = MECHANICAL_DESIGN_GEOMETRIC_PRESENTATION_REPRESENTATION (  '', ( #2879 ), #5046 ) ;
#9000 = VERTEX_POINT ( 'NONE', #6563 ) ;
#9001 = DIRECTION ( 'NONE',  ( 0.5773502691896241767, -0.5773502691896268413, -0.5773502691896262862 ) ) ;
#9002 = CARTESIAN_POINT ( 'NONE',  ( 5.750000000000000000, -3.399999999999999911, -0.2499999999999997780 ) ) ;
#9003 = ORIENTED_EDGE ( 'NONE', *, *, #6139, .F. ) ;
#9004 = VERTEX_POINT ( 'NONE', #9582 ) ;
#9005 =( GEOMETRIC_REPRESENTATION_CONTEXT ( 3 ) GLOBAL_UNCERTAINTY_ASSIGNED_CONTEXT ( ( #10171 ) ) GLOBAL_UNIT_ASSIGNED_CONTEXT ( ( #8513, #6037, #4582 ) ) REPRESENTATION_CONTEXT ( 'NONE', 'WORKASPACE' ) );
#9006 = EDGE_CURVE ( 'NONE', #578, #6624, #5016, .T. ) ;
#9007 = CARTESIAN_POINT ( 'NONE',  ( 6.149999999999997691, -3.399999999999999911, -0.1499999999999986622 ) ) ;
#9008 = MECHANICAL_DESIGN_GEOMETRIC_PRESENTATION_REPRESENTATION (  '', ( #5877 ), #6675 ) ;
#9009 = FACE_OUTER_BOUND ( 'NONE', #3324, .T. ) ;
#9010 = ORIENTED_EDGE ( 'NONE', *, *, #3492, .F. ) ;
#9011 = LINE ( 'NONE', #7234, #9059 ) ;
#9012 = SURFACE_STYLE_USAGE ( .BOTH. , #9741 ) ;
#9013 = ORIENTED_EDGE ( 'NONE', *, *, #1942, .T. ) ;
#9014 = DIRECTION ( 'NONE',  ( -1.084202172485504237E-15, -1.000000000000000000, 0.0000000000000000000 ) ) ;
#9015 = VERTEX_POINT ( 'NONE', #8200 ) ;
#9016 =( NAMED_UNIT ( * ) PLANE_ANGLE_UNIT ( ) SI_UNIT ( $, .RADIAN. ) );
#9017 = AXIS2_PLACEMENT_3D ( 'NONE', #2019, #9913, #3810 ) ;
#9018 = ORIENTED_EDGE ( 'NONE', *, *, #9806, .F. ) ;
#9019 = VECTOR ( 'NONE', #6285, 1000.000000000000000 ) ;
#9020 = DIRECTION ( 'NONE',  ( 0.0000000000000000000, -1.000000000000000000, 0.0000000000000000000 ) ) ;
#9021 = CARTESIAN_POINT ( 'NONE',  ( 1.750000000000000666, 4.999999999999997335, 0.2500000000000002220 ) ) ;
#9022 = VECTOR ( 'NONE', #9855, 1000.000000000000000 ) ;
#9023 = SURFACE_SIDE_STYLE ('',( #9896 ) ) ;
#9024 = MECHANICAL_DESIGN_GEOMETRIC_PRESENTATION_REPRESENTATION (  '', ( #6688 ), #2735 ) ;
#9025 = EDGE_LOOP ( 'NONE', ( #4435, #5208, #5778, #5125 ) ) ;
#9026 = CARTESIAN_POINT ( 'NONE',  ( 5.299999999999998934, 0.2000000000000000389, -2.800000000000000266 ) ) ;
#9027 = CARTESIAN_POINT ( 'NONE',  ( 13.34999999999999787, 5.650000000000000355, -0.6799999999999982725 ) ) ;
#9028 = FACE_OUTER_BOUND ( 'NONE', #8859, .T. ) ;
#9029 = CARTESIAN_POINT ( 'NONE',  ( 1.750000000000000222, -3.399999999999999911, 0.2500000000000002220 ) ) ;
#9030 = ORIENTED_EDGE ( 'NONE', *, *, #4064, .F. ) ;
#9031 = CARTESIAN_POINT ( 'NONE',  ( -0.2500000000000004441, -3.399999999999999911, -0.2499999999999997780 ) ) ;
#9032 = PRESENTATION_LAYER_ASSIGNMENT (  '', '', ( #3907 ) ) ;
#9033 = ORIENTED_EDGE ( 'NONE', *, *, #3681, .F. ) ;
#9034 = UNCERTAINTY_MEASURE_WITH_UNIT (LENGTH_MEASURE( 1.000000000000000082E-05 ), #9256, 'distance_accuracy_value', 'NONE');
#9035 =( NAMED_UNIT ( * ) PLANE_ANGLE_UNIT ( ) SI_UNIT ( $, .RADIAN. ) );
#9036 =( LENGTH_UNIT ( ) NAMED_UNIT ( * ) SI_UNIT ( .MILLI., .METRE. ) );
#9037 = VERTEX_POINT ( 'NONE', #7411 ) ;
#9038 = VERTEX_POINT ( 'NONE', #2471 ) ;
#9039 = COLOUR_RGB ( '',1.000000000000000000, 1.000000000000000000, 1.000000000000000000 ) ;
#9040 = CARTESIAN_POINT ( 'NONE',  ( 10.75000000000000000, 3.399999999999999467, -2.050000000000001599 ) ) ;
#9041 = CARTESIAN_POINT ( 'NONE',  ( 10.14999999999999503, 5.100000000000001421, 0.1499999999999973577 ) ) ;
#9042 = VECTOR ( 'NONE', #9131, 1000.000000000000000 ) ;
#9043 = DIRECTION ( 'NONE',  ( -3.872150616019660190E-17, -1.000000000000000000, 0.0000000000000000000 ) ) ;
#9044 = PRESENTATION_STYLE_ASSIGNMENT (( #8154 ) ) ;
#9045 = CARTESIAN_POINT ( 'NONE',  ( 1.750000000000000222, -3.399999999999999911, 0.1500000000000025757 ) ) ;
#9046 = ADVANCED_FACE ( 'NONE', ( #5643 ), #1669, .F. ) ;
#9047 = AXIS2_PLACEMENT_3D ( 'NONE', #8882, #5693, #7072 ) ;
#9048 = EDGE_LOOP ( 'NONE', ( #3897, #9715, #7126, #7680 ) ) ;
#9049 = CARTESIAN_POINT ( 'NONE',  ( 9.449999999999997513, -4.099999999999999645, 0.5500000000000001554 ) ) ;
#9050 =( NAMED_UNIT ( * ) PLANE_ANGLE_UNIT ( ) SI_UNIT ( $, .RADIAN. ) );
#9051 = AXIS2_PLACEMENT_3D ( 'NONE', #7029, #10209, #5649 ) ;
#9052 = MECHANICAL_DESIGN_GEOMETRIC_PRESENTATION_REPRESENTATION (  '', ( #6088 ), #8884 ) ;
#9053 =( NAMED_UNIT ( * ) PLANE_ANGLE_UNIT ( ) SI_UNIT ( $, .RADIAN. ) );
#9054 = SURFACE_SIDE_STYLE ('',( #6857 ) ) ;
#9055 = CARTESIAN_POINT ( 'NONE',  ( -1.180000000000000382, 4.229999999999999538, 1.249999999999997558 ) ) ;
#9056 = UNCERTAINTY_MEASURE_WITH_UNIT (LENGTH_MEASURE( 1.000000000000000082E-05 ), #1734, 'distance_accuracy_value', 'NONE');
#9057 = ADVANCED_FACE ( 'NONE', ( #6845 ), #8301, .F. ) ;
#9058 = EDGE_CURVE ( 'NONE', #6909, #295, #9260, .T. ) ;
#9059 = VECTOR ( 'NONE', #2687, 1000.000000000000114 ) ;
#9060 = LINE ( 'NONE', #7530, #4973 ) ;
#9061 = MECHANICAL_DESIGN_GEOMETRIC_PRESENTATION_REPRESENTATION (  '', ( #2449 ), #105 ) ;
#9062 = ORIENTED_EDGE ( 'NONE', *, *, #4127, .T. ) ;
#9063 = CARTESIAN_POINT ( 'NONE',  ( 0.1500000000000021316, -3.399999999999999911, -2.800000000000000266 ) ) ;
#9064 = DIRECTION ( 'NONE',  ( -1.000000000000000000, 5.421010862427522170E-17, 0.0000000000000000000 ) ) ;
#9065 = SURFACE_SIDE_STYLE ('',( #4283 ) ) ;
#9066 =( LENGTH_UNIT ( ) NAMED_UNIT ( * ) SI_UNIT ( .MILLI., .METRE. ) );
#9067 = PRESENTATION_STYLE_ASSIGNMENT (( #3872 ) ) ;
#9068 = SURFACE_SIDE_STYLE ('',( #8958 ) ) ;
#9069 = ORIENTED_EDGE ( 'NONE', *, *, #3538, .T. ) ;
#9070 =( NAMED_UNIT ( * ) SI_UNIT ( $, .STERADIAN. ) SOLID_ANGLE_UNIT ( ) );
#9071 = CARTESIAN_POINT ( 'NONE',  ( 3.749999999999999556, 0.2000000000000000111, -2.800000000000000266 ) ) ;
#9072 = STYLED_ITEM ( 'NONE', ( #1380 ), #353 ) ;
#9073 = MECHANICAL_DESIGN_GEOMETRIC_PRESENTATION_REPRESENTATION (  '', ( #9889 ), #4606 ) ;
#9074 = ADVANCED_FACE ( 'NONE', ( #3544 ), #4519, .F. ) ;
#9075 = CARTESIAN_POINT ( 'NONE',  ( 12.25000000000000000, 0.2000000000000000111, -2.800000000000000266 ) ) ;
#9076 = SURFACE_STYLE_USAGE ( .BOTH. , #4448 ) ;
#9077 = STYLED_ITEM ( 'NONE', ( #946 ), #215 ) ;
#9078 =( NAMED_UNIT ( * ) SI_UNIT ( $, .STERADIAN. ) SOLID_ANGLE_UNIT ( ) );
#9079 = STYLED_ITEM ( 'NONE', ( #5199 ), #524 ) ;
#9080 = AXIS2_PLACEMENT_3D ( 'NONE', #5600, #723, #7070 ) ;
#9081 = FILL_AREA_STYLE ('',( #8858 ) ) ;
#9082 = EDGE_LOOP ( 'NONE', ( #6008, #2530, #2760, #5805 ) ) ;
#9083 = FACE_OUTER_BOUND ( 'NONE', #2498, .T. ) ;
#9084 = FACE_OUTER_BOUND ( 'NONE', #3860, .T. ) ;
#9085 = DIRECTION ( 'NONE',  ( 1.000000000000000000, -5.421010862427522170E-17, 0.0000000000000000000 ) ) ;
#9086 =( NAMED_UNIT ( * ) SI_UNIT ( $, .STERADIAN. ) SOLID_ANGLE_UNIT ( ) );
#9087 = LINE ( 'NONE', #1110, #7459 ) ;
#9088 = VERTEX_POINT ( 'NONE', #10086 ) ;
#9089 = EDGE_LOOP ( 'NONE', ( #1559, #5467, #10091, #9945 ) ) ;
#9090 =( NAMED_UNIT ( * ) SI_UNIT ( $, .STERADIAN. ) SOLID_ANGLE_UNIT ( ) );
#9091 = ORIENTED_EDGE ( 'NONE', *, *, #4008, .F. ) ;
#9092 = CARTESIAN_POINT ( 'NONE',  ( 8.699999999999999289, 0.0000000000000000000, -2.800000000000000266 ) ) ;
#9093 = PLANE ( 'NONE',  #2765 ) ;
#9094 = SURFACE_STYLE_FILL_AREA ( #8246 ) ;
#9095 =( NAMED_UNIT ( * ) PLANE_ANGLE_UNIT ( ) SI_UNIT ( $, .RADIAN. ) );
#9096 = EDGE_LOOP ( 'NONE', ( #6228, #9970, #5423, #9403 ) ) ;
#9097 = PRESENTATION_STYLE_ASSIGNMENT (( #397 ) ) ;
#9098 = EDGE_CURVE ( 'NONE', #7969, #2162, #7109, .T. ) ;
#9099 = LINE ( 'NONE', #4369, #5867 ) ;
#9100 = LINE ( 'NONE', #507, #3847 ) ;
#9101 = LINE ( 'NONE', #7575, #963 ) ;
#9102 = SURFACE_SIDE_STYLE ('',( #7519 ) ) ;
#9103 = COLOUR_RGB ( '',1.000000000000000000, 0.8117647058823529438, 0.5019607843137254832 ) ;
#9104 = ADVANCED_FACE ( 'NONE', ( #769 ), #2400, .F. ) ;
#9105 = EDGE_LOOP ( 'NONE', ( #2983, #527, #2238, #7935 ) ) ;
#9106 =( NAMED_UNIT ( * ) SI_UNIT ( $, .STERADIAN. ) SOLID_ANGLE_UNIT ( ) );
#9107 = PRESENTATION_STYLE_ASSIGNMENT (( #1985 ) ) ;
#9108 = EDGE_LOOP ( 'NONE', ( #2872, #3885, #3535, #2878 ) ) ;
#9109 = PRESENTATION_LAYER_ASSIGNMENT (  '', '', ( #2487 ) ) ;
#9110 =( LENGTH_UNIT ( ) NAMED_UNIT ( * ) SI_UNIT ( .MILLI., .METRE. ) );
#9111 = ORIENTED_EDGE ( 'NONE', *, *, #7781, .F. ) ;
#9112 = SURFACE_STYLE_USAGE ( .BOTH. , #8263 ) ;
#9113 = ADVANCED_FACE ( 'NONE', ( #2, #1506 ), #4581, .F. ) ;
#9114 = EDGE_CURVE ( 'NONE', #2114, #3427, #1603, .T. ) ;
#9115 = AXIS2_PLACEMENT_3D ( 'NONE', #1570, #4761, #8009 ) ;
#9116 = STYLED_ITEM ( 'NONE', ( #7101 ), #4120 ) ;
#9117 = VECTOR ( 'NONE', #2090, 1000.000000000000000 ) ;
#9118 = EDGE_LOOP ( 'NONE', ( #6649, #7290, #340, #2744 ) ) ;
#9119 = CARTESIAN_POINT ( 'NONE',  ( 3.850000000000000533, -3.399999999999999911, -0.2499999999999997780 ) ) ;
#9120 = SURFACE_STYLE_FILL_AREA ( #9830 ) ;
#9121 = DIRECTION ( 'NONE',  ( -4.336808689942017736E-16, 1.679277644031839923E-32, -1.000000000000000000 ) ) ;
#9122 = CARTESIAN_POINT ( 'NONE',  ( 2.750000000000000444, 3.399999999999999467, -2.050000000000001599 ) ) ;
#9123 = ORIENTED_EDGE ( 'NONE', *, *, #4351, .T. ) ;
#9124 = PLANE ( 'NONE',  #2787 ) ;
#9125 = EDGE_LOOP ( 'NONE', ( #3446, #8524, #3732, #4534 ) ) ;
#9126 = DIRECTION ( 'NONE',  ( 0.0000000000000000000, -0.0000000000000000000, -1.000000000000000000 ) ) ;
#9127 = FILL_AREA_STYLE_COLOUR ( '', #5286 ) ;
#9128 = VECTOR ( 'NONE', #9950, 1000.000000000000000 ) ;
#9129 = CARTESIAN_POINT ( 'NONE',  ( 3.750000000000000444, -3.299999999999998490, 0.2500000000000002220 ) ) ;
#9130 = EDGE_CURVE ( 'NONE', #7948, #67, #7055, .T. ) ;
#9131 = DIRECTION ( 'NONE',  ( -0.0000000000000000000, -0.0000000000000000000, -1.000000000000000000 ) ) ;
#9132 = EDGE_LOOP ( 'NONE', ( #10251, #5384, #3891, #4392, #2167, #5638, #674, #9552 ) ) ;
#9133 =( NAMED_UNIT ( * ) SI_UNIT ( $, .STERADIAN. ) SOLID_ANGLE_UNIT ( ) );
#9134 = CARTESIAN_POINT ( 'NONE',  ( -0.2500000000000002220, -3.300000000000002043, 0.2500000000000002220 ) ) ;
#9135 = AXIS2_PLACEMENT_3D ( 'NONE', #5104, #1106, #3529 ) ;
#9136 = SURFACE_STYLE_USAGE ( .BOTH. , #9288 ) ;
#9137 = ORIENTED_EDGE ( 'NONE', *, *, #5334, .T. ) ;
#9138 = FILL_AREA_STYLE ('',( #7609 ) ) ;
#9139 = FACE_OUTER_BOUND ( 'NONE', #2055, .T. ) ;
#9140 = EDGE_LOOP ( 'NONE', ( #2140, #4872, #4357, #8885 ) ) ;
#9141 = EDGE_LOOP ( 'NONE', ( #4663, #9429, #3564, #1645 ) ) ;
#9142 = VERTEX_POINT ( 'NONE', #554 ) ;
#9143 = SURFACE_STYLE_FILL_AREA ( #4718 ) ;
#9144 = MECHANICAL_DESIGN_GEOMETRIC_PRESENTATION_REPRESENTATION (  '', ( #8295 ), #1671 ) ;
#9145 = EDGE_CURVE ( 'NONE', #5049, #8479, #6890, .T. ) ;
#9146 = DIRECTION ( 'NONE',  ( -0.0000000000000000000, -0.0000000000000000000, 1.000000000000000000 ) ) ;
#9147 = ORIENTED_EDGE ( 'NONE', *, *, #4290, .T. ) ;
#9148 = FILL_AREA_STYLE ('',( #8985 ) ) ;
#9149 = VERTEX_POINT ( 'NONE', #4206 ) ;
#9150 = SURFACE_SIDE_STYLE ('',( #6844 ) ) ;
#9151 = PRESENTATION_STYLE_ASSIGNMENT (( #6193 ) ) ;
#9152 = PLANE ( 'NONE',  #8861 ) ;
#9153 = FILL_AREA_STYLE ('',( #5173 ) ) ;
#9154 = STYLED_ITEM ( 'NONE', ( #4023 ), #2852 ) ;
#9155 = SURFACE_STYLE_USAGE ( .BOTH. , #5333 ) ;
#9156 =( NAMED_UNIT ( * ) SI_UNIT ( $, .STERADIAN. ) SOLID_ANGLE_UNIT ( ) );
#9157 = ADVANCED_FACE ( 'NONE', ( #4795 ), #8865, .F. ) ;
#9158 = ORIENTED_EDGE ( 'NONE', *, *, #523, .T. ) ;
#9159 = VECTOR ( 'NONE', #4225, 1000.000000000000000 ) ;
#9160 = CARTESIAN_POINT ( 'NONE',  ( 6.249999999999998224, -3.399999999999999911, 0.2500000000000002220 ) ) ;
#9161 = SURFACE_SIDE_STYLE ('',( #9367 ) ) ;
#9162 = ORIENTED_EDGE ( 'NONE', *, *, #6628, .F. ) ;
#9163 = CARTESIAN_POINT ( 'NONE',  ( 13.34999999999999787, 1.149999999999999911, -1.050000000000005373 ) ) ;
#9164 = ORIENTED_EDGE ( 'NONE', *, *, #6509, .F. ) ;
#9165 = PRESENTATION_STYLE_ASSIGNMENT (( #6769 ) ) ;
#9166 = SURFACE_STYLE_USAGE ( .BOTH. , #1193 ) ;
#9167 = VERTEX_POINT ( 'NONE', #242 ) ;
#9168 =( LENGTH_UNIT ( ) NAMED_UNIT ( * ) SI_UNIT ( .MILLI., .METRE. ) );
#9169 = LINE ( 'NONE', #9274, #8548 ) ;
#9170 = CARTESIAN_POINT ( 'NONE',  ( 3.750000000000000444, -3.399999999999999911, 0.2500000000000002220 ) ) ;
#9171 = VERTEX_POINT ( 'NONE', #7349 ) ;
#9172 = PRESENTATION_STYLE_ASSIGNMENT (( #6018 ) ) ;
#9173 = ADVANCED_FACE ( 'NONE', ( #1802 ), #7192, .F. ) ;
#9174 = COLOUR_RGB ( '',1.000000000000000000, 0.8117647058823529438, 0.5019607843137254832 ) ;
#9175 = VECTOR ( 'NONE', #9001, 1000.000000000000000 ) ;
#9176 =( NAMED_UNIT ( * ) PLANE_ANGLE_UNIT ( ) SI_UNIT ( $, .RADIAN. ) );
#9177 = CARTESIAN_POINT ( 'NONE',  ( 12.25000000000000000, -3.399999999999999911, 0.2500000000000002220 ) ) ;
#9178 = DIRECTION ( 'NONE',  ( 1.000000000000000000, -3.872150616019660190E-17, 0.0000000000000000000 ) ) ;
#9179 =( GEOMETRIC_REPRESENTATION_CONTEXT ( 3 ) GLOBAL_UNCERTAINTY_ASSIGNED_CONTEXT ( ( #3230 ) ) GLOBAL_UNIT_ASSIGNED_CONTEXT ( ( #7314, #6514, #8249 ) ) REPRESENTATION_CONTEXT ( 'NONE', 'WORKASPACE' ) );
#9180 = VERTEX_POINT ( 'NONE', #146 ) ;
#9181 =( NAMED_UNIT ( * ) PLANE_ANGLE_UNIT ( ) SI_UNIT ( $, .RADIAN. ) );
#9182 = DIRECTION ( 'NONE',  ( 3.872150616019660190E-17, 1.000000000000000000, -0.0000000000000000000 ) ) ;
#9183 = LINE ( 'NONE', #3796, #6572 ) ;
#9184 = SURFACE_STYLE_FILL_AREA ( #3744 ) ;
#9185 =( GEOMETRIC_REPRESENTATION_CONTEXT ( 3 ) GLOBAL_UNCERTAINTY_ASSIGNED_CONTEXT ( ( #8532 ) ) GLOBAL_UNIT_ASSIGNED_CONTEXT ( ( #5154, #5925, #7665 ) ) REPRESENTATION_CONTEXT ( 'NONE', 'WORKASPACE' ) );
#9186 = CARTESIAN_POINT ( 'NONE',  ( -1.180000000000000160, 2.250000000000000000, -2.801000000000000600 ) ) ;
#9187 = SURFACE_STYLE_FILL_AREA ( #1956 ) ;
#9188 = ORIENTED_EDGE ( 'NONE', *, *, #9633, .F. ) ;
#9189 = ADVANCED_FACE ( 'NONE', ( #1754 ), #4954, .F. ) ;
#9190 =( NAMED_UNIT ( * ) PLANE_ANGLE_UNIT ( ) SI_UNIT ( $, .RADIAN. ) );
#9191 = ORIENTED_EDGE ( 'NONE', *, *, #4367, .F. ) ;
#9192 = EDGE_CURVE ( 'NONE', #5572, #5295, #7498, .T. ) ;
#9193 = SURFACE_STYLE_USAGE ( .BOTH. , #7561 ) ;
#9194 = STYLED_ITEM ( 'NONE', ( #9886 ), #10259 ) ;
#9195 =( NAMED_UNIT ( * ) PLANE_ANGLE_UNIT ( ) SI_UNIT ( $, .RADIAN. ) );
#9196 = FILL_AREA_STYLE ('',( #7461 ) ) ;
#9197 = FACE_OUTER_BOUND ( 'NONE', #6159, .T. ) ;
#9198 = DIRECTION ( 'NONE',  ( -1.000000000000000000, -0.0000000000000000000, -0.0000000000000000000 ) ) ;
#9199 = EDGE_LOOP ( 'NONE', ( #6843, #5217, #4228, #6479 ) ) ;
#9200 =( NAMED_UNIT ( * ) SI_UNIT ( $, .STERADIAN. ) SOLID_ANGLE_UNIT ( ) );
#9201 = AXIS2_PLACEMENT_3D ( 'NONE', #6561, #3496, #2715 ) ;
#9202 = CARTESIAN_POINT ( 'NONE',  ( 5.750000000000000000, 4.999999999999997335, 0.2500000000000002220 ) ) ;
#9203 = SURFACE_STYLE_USAGE ( .BOTH. , #355 ) ;
#9204 = ORIENTED_EDGE ( 'NONE', *, *, #3806, .F. ) ;
#9205 = CARTESIAN_POINT ( 'NONE',  ( 3.850000000000000533, -3.399999999999999911, 0.1499999999999990785 ) ) ;
#9206 = EDGE_CURVE ( 'NONE', #4823, #8627, #6682, .T. ) ;
#9207 = DIRECTION ( 'NONE',  ( -1.000000000000000000, 0.0000000000000000000, 0.0000000000000000000 ) ) ;
#9208 = SURFACE_STYLE_FILL_AREA ( #1076 ) ;
#9209 = DIRECTION ( 'NONE',  ( -0.7071067811865474617, -0.7071067811865474617, 2.725854962992666614E-16 ) ) ;
#9210 =( NAMED_UNIT ( * ) SI_UNIT ( $, .STERADIAN. ) SOLID_ANGLE_UNIT ( ) );
#9211 = VERTEX_POINT ( 'NONE', #2758 ) ;
#9212 = EDGE_LOOP ( 'NONE', ( #925, #4192, #1431, #8760 ) ) ;
#9213 = CARTESIAN_POINT ( 'NONE',  ( 4.750000000000000888, 1.149999999999999911, -2.050000000000001599 ) ) ;
#9214 = COLOUR_RGB ( '',1.000000000000000000, 1.000000000000000000, 1.000000000000000000 ) ;
#9215 = DIRECTION ( 'NONE',  ( -1.000000000000000000, 0.0000000000000000000, 0.0000000000000000000 ) ) ;
#9216 = PRESENTATION_LAYER_ASSIGNMENT (  '', '', ( #3916 ) ) ;
#9217 = SURFACE_SIDE_STYLE ('',( #9823 ) ) ;
#9218 = AXIS2_PLACEMENT_3D ( 'NONE', #5262, #6781, #7607 ) ;
#9219 = LINE ( 'NONE', #2840, #5088 ) ;
#9220 = ORIENTED_EDGE ( 'NONE', *, *, #3167, .T. ) ;
#9221 =( NAMED_UNIT ( * ) PLANE_ANGLE_UNIT ( ) SI_UNIT ( $, .RADIAN. ) );
#9222 = PRESENTATION_STYLE_ASSIGNMENT (( #8378 ) ) ;
#9223 =( NAMED_UNIT ( * ) PLANE_ANGLE_UNIT ( ) SI_UNIT ( $, .RADIAN. ) );
#9224 = ORIENTED_EDGE ( 'NONE', *, *, #6470, .F. ) ;
#9225 = DIRECTION ( 'NONE',  ( -4.336808689942017736E-16, 0.0000000000000000000, -1.000000000000000000 ) ) ;
#9226 = STYLED_ITEM ( 'NONE', ( #6432 ), #1103 ) ;
#9227 = VECTOR ( 'NONE', #3309, 1000.000000000000000 ) ;
#9228 =( LENGTH_UNIT ( ) NAMED_UNIT ( * ) SI_UNIT ( .MILLI., .METRE. ) );
#9229 = CARTESIAN_POINT ( 'NONE',  ( 13.95000000000000107, 0.0000000000000000000, 1.699999999999999289 ) ) ;
#9230 = DIRECTION ( 'NONE',  ( -1.000000000000000000, -0.0000000000000000000, -0.0000000000000000000 ) ) ;
#9231 = DIRECTION ( 'NONE',  ( -1.000000000000000000, 5.421010862427522170E-17, 0.0000000000000000000 ) ) ;
#9232 = FACE_OUTER_BOUND ( 'NONE', #4029, .T. ) ;
#9233 = VECTOR ( 'NONE', #5380, 1000.000000000000114 ) ;
#9234 = EDGE_CURVE ( 'NONE', #6450, #10233, #9960, .T. ) ;
#9235 = VECTOR ( 'NONE', #7529, 1000.000000000000000 ) ;
#9236 = COLOUR_RGB ( '',1.000000000000000000, 0.8117647058823529438, 0.5019607843137254832 ) ;
#9237 = ORIENTED_EDGE ( 'NONE', *, *, #5022, .T. ) ;
#9238 = DIRECTION ( 'NONE',  ( 9.103382349328301547E-49, 2.350988701644575016E-32, 1.000000000000000000 ) ) ;
#9239 =( GEOMETRIC_REPRESENTATION_CONTEXT ( 3 ) GLOBAL_UNCERTAINTY_ASSIGNED_CONTEXT ( ( #3776 ) ) GLOBAL_UNIT_ASSIGNED_CONTEXT ( ( #697, #9338, #6229 ) ) REPRESENTATION_CONTEXT ( 'NONE', 'WORKASPACE' ) );
#9240 = CARTESIAN_POINT ( 'NONE',  ( 7.449999999999998401, -4.100000000000000533, 0.5500000000000010436 ) ) ;
#9241 = DIRECTION ( 'NONE',  ( 1.000000000000000000, 0.0000000000000000000, -1.475104996578918079E-17 ) ) ;
#9242 = DIRECTION ( 'NONE',  ( -1.000000000000000000, 3.872150616019660190E-17, 0.0000000000000000000 ) ) ;
#9243 = EDGE_LOOP ( 'NONE', ( #1111, #3448, #751, #10029 ) ) ;
#9244 = SURFACE_STYLE_USAGE ( .BOTH. , #5314 ) ;
#9245 = ORIENTED_EDGE ( 'NONE', *, *, #107, .F. ) ;
#9246 = ORIENTED_EDGE ( 'NONE', *, *, #2654, .F. ) ;
#9247 = CARTESIAN_POINT ( 'NONE',  ( 3.250000000000000888, 3.399999999999999467, -2.050000000000001599 ) ) ;
#9248 = ORIENTED_EDGE ( 'NONE', *, *, #466, .F. ) ;
#9249 = AXIS2_PLACEMENT_3D ( 'NONE', #9573, #776, #10 ) ;
#9250 = CIRCLE ( 'NONE', #8734, 0.4999999999999995559 ) ;
#9251 = VECTOR ( 'NONE', #6398, 1000.000000000000114 ) ;
#9252 =( LENGTH_UNIT ( ) NAMED_UNIT ( * ) SI_UNIT ( .MILLI., .METRE. ) );
#9253 = ADVANCED_FACE ( 'NONE', ( #2858 ), #7554, .T. ) ;
#9254 = ADVANCED_FACE ( 'NONE', ( #5054 ), #342, .F. ) ;
#9255 = SURFACE_STYLE_FILL_AREA ( #6089 ) ;
#9256 =( LENGTH_UNIT ( ) NAMED_UNIT ( * ) SI_UNIT ( .MILLI., .METRE. ) );
#9257 = SURFACE_STYLE_FILL_AREA ( #6745 ) ;
#9258 = CARTESIAN_POINT ( 'NONE',  ( 7.299999999999998934, 0.2000000000000000389, -2.800000000000000266 ) ) ;
#9259 = MECHANICAL_DESIGN_GEOMETRIC_PRESENTATION_REPRESENTATION (  '', ( #7922 ), #9598 ) ;
#9260 = LINE ( 'NONE', #2126, #8080 ) ;
#9261 = FACE_OUTER_BOUND ( 'NONE', #9105, .T. ) ;
#9262 = SURFACE_STYLE_FILL_AREA ( #9153 ) ;
#9263 = FILL_AREA_STYLE_COLOUR ( '', #6144 ) ;
#9264 =( NAMED_UNIT ( * ) SI_UNIT ( $, .STERADIAN. ) SOLID_ANGLE_UNIT ( ) );
#9265 = ADVANCED_FACE ( 'NONE', ( #2333 ), #3063, .F. ) ;
#9266 =( NAMED_UNIT ( * ) PLANE_ANGLE_UNIT ( ) SI_UNIT ( $, .RADIAN. ) );
#9267 = DIRECTION ( 'NONE',  ( 3.872150616019660190E-17, 1.000000000000000000, -0.0000000000000000000 ) ) ;
#9268 = EDGE_LOOP ( 'NONE', ( #8298, #1061, #1024, #550 ) ) ;
#9269 = PRESENTATION_STYLE_ASSIGNMENT (( #5445 ) ) ;
#9270 = UNCERTAINTY_MEASURE_WITH_UNIT (LENGTH_MEASURE( 1.000000000000000082E-05 ), #8560, 'distance_accuracy_value', 'NONE');
#9271 =( GEOMETRIC_REPRESENTATION_CONTEXT ( 3 ) GLOBAL_UNCERTAINTY_ASSIGNED_CONTEXT ( ( #3252 ) ) GLOBAL_UNIT_ASSIGNED_CONTEXT ( ( #9708, #9756, #2600 ) ) REPRESENTATION_CONTEXT ( 'NONE', 'WORKASPACE' ) );
#9272 =( NAMED_UNIT ( * ) SI_UNIT ( $, .STERADIAN. ) SOLID_ANGLE_UNIT ( ) );
#9273 = ORIENTED_EDGE ( 'NONE', *, *, #5404, .T. ) ;
#9274 = CARTESIAN_POINT ( 'NONE',  ( 5.916666666666665186, 5.166666666666664298, -0.08333333333333456383 ) ) ;
#9275 = MECHANICAL_DESIGN_GEOMETRIC_PRESENTATION_REPRESENTATION (  '', ( #6934 ), #6617 ) ;
#9276 =( GEOMETRIC_REPRESENTATION_CONTEXT ( 3 ) GLOBAL_UNCERTAINTY_ASSIGNED_CONTEXT ( ( #5392 ) ) GLOBAL_UNIT_ASSIGNED_CONTEXT ( ( #9359, #10140, #8522 ) ) REPRESENTATION_CONTEXT ( 'NONE', 'WORKASPACE' ) );
#9277 = DIRECTION ( 'NONE',  ( 9.103382349328301547E-49, 2.350988701644575016E-32, 1.000000000000000000 ) ) ;
#9278 = ORIENTED_EDGE ( 'NONE', *, *, #7506, .F. ) ;
#9279 = VECTOR ( 'NONE', #2622, 1000.000000000000000 ) ;
#9280 =( LENGTH_UNIT ( ) NAMED_UNIT ( * ) SI_UNIT ( .MILLI., .METRE. ) );
#9281 = VECTOR ( 'NONE', #10222, 1000.000000000000000 ) ;
#9282 = EDGE_CURVE ( 'NONE', #1437, #1212, #3799, .T. ) ;
#9283 = SURFACE_STYLE_FILL_AREA ( #6124 ) ;
#9284 = VERTEX_POINT ( 'NONE', #598 ) ;
#9285 = SURFACE_SIDE_STYLE ('',( #6128 ) ) ;
#9286 = LINE ( 'NONE', #5310, #9725 ) ;
#9287 = LINE ( 'NONE', #9955, #9392 ) ;
#9288 = SURFACE_SIDE_STYLE ('',( #9184 ) ) ;
#9289 = ORIENTED_EDGE ( 'NONE', *, *, #2724, .T. ) ;
#9290 = FACE_OUTER_BOUND ( 'NONE', #3534, .T. ) ;
#9291 = ORIENTED_EDGE ( 'NONE', *, *, #3736, .T. ) ;
#9292 = CARTESIAN_POINT ( 'NONE',  ( 12.25000000000000000, 4.999999999999997335, 0.2500000000000002220 ) ) ;
#9293 = EDGE_LOOP ( 'NONE', ( #5315, #6005, #9555, #88 ) ) ;
#9294 = STYLED_ITEM ( 'NONE', ( #9839 ), #5904 ) ;
#9295 = SURFACE_SIDE_STYLE ('',( #601 ) ) ;
#9296 = ADVANCED_FACE ( 'NONE', ( #645 ), #5473, .F. ) ;
#9297 = CARTESIAN_POINT ( 'NONE',  ( 1.750000000000000222, 4.999999999999997335, -0.2499999999999997780 ) ) ;
#9298 =( GEOMETRIC_REPRESENTATION_CONTEXT ( 3 ) GLOBAL_UNCERTAINTY_ASSIGNED_CONTEXT ( ( #5546 ) ) GLOBAL_UNIT_ASSIGNED_CONTEXT ( ( #2039, #4441, #5186 ) ) REPRESENTATION_CONTEXT ( 'NONE', 'WORKASPACE' ) );
#9299 = DIRECTION ( 'NONE',  ( -1.000000000000000000, 0.0000000000000000000, -0.0000000000000000000 ) ) ;
#9300 = DIRECTION ( 'NONE',  ( 3.872150616019660190E-17, 1.000000000000000000, -0.0000000000000000000 ) ) ;
#9301 = CARTESIAN_POINT ( 'NONE',  ( 7.299999999999998934, 0.2000000000000000389, -2.800000000000000266 ) ) ;
#9302 =( NAMED_UNIT ( * ) SI_UNIT ( $, .STERADIAN. ) SOLID_ANGLE_UNIT ( ) );
#9303 = SURFACE_STYLE_FILL_AREA ( #1730 ) ;
#9304 = ORIENTED_EDGE ( 'NONE', *, *, #6687, .T. ) ;
#9305 = DIRECTION ( 'NONE',  ( 0.0000000000000000000, 1.000000000000000000, 0.0000000000000000000 ) ) ;
#9306 = STYLED_ITEM ( 'NONE', ( #7431 ), #6184 ) ;
#9307 = EDGE_CURVE ( 'NONE', #1058, #5084, #8610, .T. ) ;
#9308 = EDGE_CURVE ( 'NONE', #280, #9167, #3180, .T. ) ;
#9309 = DIRECTION ( 'NONE',  ( 1.000000000000000000, 0.0000000000000000000, 0.0000000000000000000 ) ) ;
#9310 = UNCERTAINTY_MEASURE_WITH_UNIT (LENGTH_MEASURE( 1.000000000000000082E-05 ), #4590, 'distance_accuracy_value', 'NONE');
#9311 = VECTOR ( 'NONE', #3903, 1000.000000000000000 ) ;
#9312 = PRESENTATION_LAYER_ASSIGNMENT (  '', '', ( #6329 ) ) ;
#9313 = ORIENTED_EDGE ( 'NONE', *, *, #4290, .F. ) ;
#9314 = FILL_AREA_STYLE ('',( #6206 ) ) ;
#9315 = PLANE ( 'NONE',  #3235 ) ;
#9316 = FACE_BOUND ( 'NONE', #7001, .T. ) ;
#9317 = SURFACE_SIDE_STYLE ('',( #2375 ) ) ;
#9318 = ORIENTED_EDGE ( 'NONE', *, *, #6881, .F. ) ;
#9319 = EDGE_CURVE ( 'NONE', #8456, #1275, #3746, .T. ) ;
#9320 = EDGE_CURVE ( 'NONE', #5879, #8687, #6132, .T. ) ;
#9321 = CARTESIAN_POINT ( 'NONE',  ( 7.299999999999998934, 0.2000000000000000389, 1.700000000000000178 ) ) ;
#9322 = MECHANICAL_DESIGN_GEOMETRIC_PRESENTATION_REPRESENTATION (  '', ( #679 ), #1525 ) ;
#9323 = LINE ( 'NONE', #5403, #4190 ) ;
#9324 = PLANE ( 'NONE',  #4323 ) ;
#9325 = CARTESIAN_POINT ( 'NONE',  ( 10.24999999999999822, -3.399999999999999911, 0.2500000000000002220 ) ) ;
#9326 = CARTESIAN_POINT ( 'NONE',  ( 10.14999999999999680, -3.399999999999999911, 0.2500000000000002220 ) ) ;
#9327 = UNCERTAINTY_MEASURE_WITH_UNIT (LENGTH_MEASURE( 1.000000000000000082E-05 ), #156, 'distance_accuracy_value', 'NONE');
#9328 = AXIS2_PLACEMENT_3D ( 'NONE', #7103, #8037, #762 ) ;
#9329 = ADVANCED_FACE ( 'NONE', ( #1591 ), #5512, .T. ) ;
#9330 = PRESENTATION_STYLE_ASSIGNMENT (( #3020 ) ) ;
#9331 = PLANE ( 'NONE',  #6952 ) ;
#9332 = COLOUR_RGB ( '',1.000000000000000000, 1.000000000000000000, 1.000000000000000000 ) ;
#9333 = CARTESIAN_POINT ( 'NONE',  ( 2.750000000000000444, 3.149999999999995470, -2.050000000000001599 ) ) ;
#9335 = ORIENTED_EDGE ( 'NONE', *, *, #6775, .F. ) ;
#9334 = EDGE_LOOP ( 'NONE', ( #7352, #7163, #7531, #5057, #225 ) ) ;
#9336 = FACE_OUTER_BOUND ( 'NONE', #7671, .T. ) ;
#9337 = EDGE_LOOP ( 'NONE', ( #8933, #8805, #9461, #1543 ) ) ;
#9338 =( NAMED_UNIT ( * ) PLANE_ANGLE_UNIT ( ) SI_UNIT ( $, .RADIAN. ) );
#9339 = EDGE_LOOP ( 'NONE', ( #1685, #7272, #2952, #38 ) ) ;
#9340 = VECTOR ( 'NONE', #1881, 1000.000000000000000 ) ;
#9341 = ORIENTED_EDGE ( 'NONE', *, *, #6277, .F. ) ;
#9342 = UNCERTAINTY_MEASURE_WITH_UNIT (LENGTH_MEASURE( 1.000000000000000082E-05 ), #4660, 'distance_accuracy_value', 'NONE');
#9343 = CARTESIAN_POINT ( 'NONE',  ( 9.750000000000000000, 4.999999999999997335, 0.2500000000000002220 ) ) ;
#9344 = EDGE_LOOP ( 'NONE', ( #9537, #9335, #1359, #9757 ) ) ;
#9345 = PRESENTATION_LAYER_ASSIGNMENT (  '', '', ( #3052 ) ) ;
#9346 = FACE_OUTER_BOUND ( 'NONE', #8914, .T. ) ;
#9347 = CARTESIAN_POINT ( 'NONE',  ( 10.24999999999999822, 4.999999999999997335, 0.2500000000000002220 ) ) ;
#9348 = ORIENTED_EDGE ( 'NONE', *, *, #1744, .T. ) ;
#9349 = CARTESIAN_POINT ( 'NONE',  ( 13.34999999999999787, -15.13439790675532670, 1.249999999999997558 ) ) ;
#9350 = PLANE ( 'NONE',  #9778 ) ;
#9351 = PRESENTATION_STYLE_ASSIGNMENT (( #711 ) ) ;
#9352 = ORIENTED_EDGE ( 'NONE', *, *, #8062, .F. ) ;
#9353 = ORIENTED_EDGE ( 'NONE', *, *, #3425, .T. ) ;
#9354 = PRESENTATION_LAYER_ASSIGNMENT (  '', '', ( #6542 ) ) ;
#9355 = VERTEX_POINT ( 'NONE', #4608 ) ;
#9356 = SURFACE_STYLE_USAGE ( .BOTH. , #4021 ) ;
#9357 = UNCERTAINTY_MEASURE_WITH_UNIT (LENGTH_MEASURE( 1.000000000000000082E-05 ), #2582, 'distance_accuracy_value', 'NONE');
#9358 = VECTOR ( 'NONE', #6582, 1000.000000000000000 ) ;
#9359 =( LENGTH_UNIT ( ) NAMED_UNIT ( * ) SI_UNIT ( .MILLI., .METRE. ) );
#9360 = SURFACE_SIDE_STYLE ('',( #6203 ) ) ;
#9361 = VERTEX_POINT ( 'NONE', #3880 ) ;
#9362 =( NAMED_UNIT ( * ) SI_UNIT ( $, .STERADIAN. ) SOLID_ANGLE_UNIT ( ) );
#9363 = EDGE_CURVE ( 'NONE', #10083, #3770, #2427, .T. ) ;
#9364 = ORIENTED_EDGE ( 'NONE', *, *, #9978, .T. ) ;
#9365 = SURFACE_STYLE_USAGE ( .BOTH. , #10148 ) ;
#9366 = CARTESIAN_POINT ( 'NONE',  ( 3.750000000000000444, -3.399999999999999911, 0.1499999999999990785 ) ) ;
#9367 = SURFACE_STYLE_FILL_AREA ( #6907 ) ;
#9368 = UNCERTAINTY_MEASURE_WITH_UNIT (LENGTH_MEASURE( 1.000000000000000082E-05 ), #2701, 'distance_accuracy_value', 'NONE');
#9369 = VERTEX_POINT ( 'NONE', #4767 ) ;
#9370 =( GEOMETRIC_REPRESENTATION_CONTEXT ( 3 ) GLOBAL_UNCERTAINTY_ASSIGNED_CONTEXT ( ( #701 ) ) GLOBAL_UNIT_ASSIGNED_CONTEXT ( ( #9616, #3132, #768 ) ) REPRESENTATION_CONTEXT ( 'NONE', 'WORKASPACE' ) );
#9371 = FILL_AREA_STYLE ('',( #6213 ) ) ;
#9372 = ORIENTED_EDGE ( 'NONE', *, *, #6643, .T. ) ;
#9373 = CARTESIAN_POINT ( 'NONE',  ( -0.1500000000000025757, -3.399999999999999911, -0.1500000000000021316 ) ) ;
#9374 = EDGE_CURVE ( 'NONE', #2281, #5036, #7864, .T. ) ;
#9375 =( GEOMETRIC_REPRESENTATION_CONTEXT ( 3 ) GLOBAL_UNCERTAINTY_ASSIGNED_CONTEXT ( ( #4785 ) ) GLOBAL_UNIT_ASSIGNED_CONTEXT ( ( #5567, #6377, #82 ) ) REPRESENTATION_CONTEXT ( 'NONE', 'WORKASPACE' ) );
#9376 = EDGE_CURVE ( 'NONE', #1497, #1437, #6365, .T. ) ;
#9377 = VERTEX_POINT ( 'NONE', #790 ) ;
#9378 = CARTESIAN_POINT ( 'NONE',  ( 13.95000000000000107, 0.0000000000000000000, -2.800000000000000711 ) ) ;
#9379 = DIRECTION ( 'NONE',  ( -4.336808689942017736E-16, 0.0000000000000000000, -1.000000000000000000 ) ) ;
#9380 = CARTESIAN_POINT ( 'NONE',  ( 13.95000000000000107, 0.0000000000000000000, -2.800000000000000711 ) ) ;
#9381 = VECTOR ( 'NONE', #1784, 1000.000000000000000 ) ;
#9382 = EDGE_LOOP ( 'NONE', ( #9353, #9191, #6274, #7402 ) ) ;
#9383 = FACE_OUTER_BOUND ( 'NONE', #9334, .T. ) ;
#9384 = STYLED_ITEM ( 'NONE', ( #5602 ), #1382 ) ;
#9385 = STYLED_ITEM ( 'NONE', ( #9222 ), #7698 ) ;
#9386 = ORIENTED_EDGE ( 'NONE', *, *, #4169, .F. ) ;
#9387 = CARTESIAN_POINT ( 'NONE',  ( 7.249999999999999112, 1.149999999999999911, -2.050000000000001599 ) ) ;
#9388 = EDGE_CURVE ( 'NONE', #2533, #10130, #4817, .T. ) ;
#9389 = ORIENTED_EDGE ( 'NONE', *, *, #7781, .T. ) ;
#9390 =( NAMED_UNIT ( * ) PLANE_ANGLE_UNIT ( ) SI_UNIT ( $, .RADIAN. ) );
#9391 = PLANE ( 'NONE',  #6425 ) ;
#9392 = VECTOR ( 'NONE', #8282, 1000.000000000000000 ) ;
#9393 =( NAMED_UNIT ( * ) PLANE_ANGLE_UNIT ( ) SI_UNIT ( $, .RADIAN. ) );
#9394 = FACE_OUTER_BOUND ( 'NONE', #1333, .T. ) ;
#9395 = UNCERTAINTY_MEASURE_WITH_UNIT (LENGTH_MEASURE( 1.000000000000000082E-05 ), #9110, 'distance_accuracy_value', 'NONE');
#9396 = LINE ( 'NONE', #2279, #1040 ) ;
#9397 = ORIENTED_EDGE ( 'NONE', *, *, #3318, .T. ) ;
#9398 = UNCERTAINTY_MEASURE_WITH_UNIT (LENGTH_MEASURE( 1.000000000000000082E-05 ), #2027, 'distance_accuracy_value', 'NONE');
#9399 = CARTESIAN_POINT ( 'NONE',  ( 13.94999999999999751, 0.8200000000000032818, 1.700000000000000178 ) ) ;
#9400 = VECTOR ( 'NONE', #4883, 1000.000000000000000 ) ;
#9401 = VECTOR ( 'NONE', #8707, 1000.000000000000000 ) ;
#9402 = CARTESIAN_POINT ( 'NONE',  ( -1.350000000000000089, 6.000000000000000000, 1.599999999999997202 ) ) ;
#9403 = ORIENTED_EDGE ( 'NONE', *, *, #2394, .F. ) ;
#9404 = SURFACE_SIDE_STYLE ('',( #10228 ) ) ;
#9405 = DIRECTION ( 'NONE',  ( -1.000000000000000000, 0.0000000000000000000, 0.0000000000000000000 ) ) ;
#9406 = CARTESIAN_POINT ( 'NONE',  ( 3.250000000000000888, 3.149999999999995470, -2.050000000000001599 ) ) ;
#9407 = ORIENTED_EDGE ( 'NONE', *, *, #7768, .T. ) ;
#9408 = CARTESIAN_POINT ( 'NONE',  ( 1.750000000000000222, 4.999999999999997335, -0.2499999999999997780 ) ) ;
#9409 = DIRECTION ( 'NONE',  ( 0.0000000000000000000, -5.782411586589358625E-16, -1.000000000000000000 ) ) ;
#9410 = ORIENTED_EDGE ( 'NONE', *, *, #8336, .T. ) ;
#9411 = CARTESIAN_POINT ( 'NONE',  ( 2.250000000000000000, -3.300000000000002043, 0.2500000000000002220 ) ) ;
#9412 = VECTOR ( 'NONE', #206, 1000.000000000000000 ) ;
#9413 = ORIENTED_EDGE ( 'NONE', *, *, #418, .F. ) ;
#9414 = CIRCLE ( 'NONE', #7563, 0.4999999999999995559 ) ;
#9415 = ORIENTED_EDGE ( 'NONE', *, *, #5210, .T. ) ;
#9416 = DIRECTION ( 'NONE',  ( -1.000000000000000000, 5.421010862427522170E-17, 0.0000000000000000000 ) ) ;
#9417 = DIRECTION ( 'NONE',  ( -1.000000000000000000, -0.0000000000000000000, -0.0000000000000000000 ) ) ;
#9418 = COLOUR_RGB ( '',1.000000000000000000, 1.000000000000000000, 1.000000000000000000 ) ;
#9419 = PRESENTATION_LAYER_ASSIGNMENT (  '', '', ( #3619 ) ) ;
#9420 = EDGE_CURVE ( 'NONE', #486, #4677, #8650, .T. ) ;
#9421 = DIRECTION ( 'NONE',  ( 1.000000000000000000, -5.421010862427522170E-17, 0.0000000000000000000 ) ) ;
#9422 = ORIENTED_EDGE ( 'NONE', *, *, #2922, .T. ) ;
#9423 = CARTESIAN_POINT ( 'NONE',  ( 0.1499999999999973577, 5.100000000000001421, -0.1499999999999969136 ) ) ;
#9424 =( NAMED_UNIT ( * ) SI_UNIT ( $, .STERADIAN. ) SOLID_ANGLE_UNIT ( ) );
#9425 = LINE ( 'NONE', #3206, #1707 ) ;
#9426 = DIRECTION ( 'NONE',  ( -0.0000000000000000000, 1.000000000000000000, -0.0000000000000000000 ) ) ;
#9427 = CARTESIAN_POINT ( 'NONE',  ( 13.95100000000000229, 6.000000000000000000, 0.3199999999999999512 ) ) ;
#9428 = DIRECTION ( 'NONE',  ( 1.000000000000000000, -5.421010862427522170E-17, 0.0000000000000000000 ) ) ;
#9429 = ORIENTED_EDGE ( 'NONE', *, *, #3424, .F. ) ;
#9430 = DIRECTION ( 'NONE',  ( 1.927470528863119542E-16, -1.000000000000000000, 0.0000000000000000000 ) ) ;
#9431 = COLOUR_RGB ( '',1.000000000000000000, 0.8117647058823529438, 0.5019607843137254832 ) ;
#9432 = SURFACE_SIDE_STYLE ('',( #3831 ) ) ;
#9433 = PRESENTATION_STYLE_ASSIGNMENT (( #684 ) ) ;
#9434 = PRESENTATION_STYLE_ASSIGNMENT (( #4661 ) ) ;
#9435 = VECTOR ( 'NONE', #9928, 1000.000000000000000 ) ;
#9436 = FILL_AREA_STYLE_COLOUR ( '', #447 ) ;
#9437 = PRESENTATION_STYLE_ASSIGNMENT (( #6276 ) ) ;
#9438 = EDGE_CURVE ( 'NONE', #9211, #2931, #3217, .T. ) ;
#9439 = EDGE_CURVE ( 'NONE', #9539, #217, #7022, .T. ) ;
#9440 = DIRECTION ( 'NONE',  ( 1.000000000000000000, 0.0000000000000000000, 0.0000000000000000000 ) ) ;
#9441 = DIRECTION ( 'NONE',  ( -1.000000000000000000, 5.421010862427522170E-17, 0.0000000000000000000 ) ) ;
#9442 = MECHANICAL_DESIGN_GEOMETRIC_PRESENTATION_REPRESENTATION (  '', ( #1296 ), #3330 ) ;
#9443 = CARTESIAN_POINT ( 'NONE',  ( 8.250000000000000000, 0.2000000000000000111, -0.2499999999999997780 ) ) ;
#9444 = FACE_OUTER_BOUND ( 'NONE', #2142, .T. ) ;
#9445 = LINE ( 'NONE', #3229, #4750 ) ;
#9446 = UNCERTAINTY_MEASURE_WITH_UNIT (LENGTH_MEASURE( 1.000000000000000082E-05 ), #4768, 'distance_accuracy_value', 'NONE');
#9447 = DIRECTION ( 'NONE',  ( -1.000000000000000000, 5.421010862427522170E-17, 0.0000000000000000000 ) ) ;
#9448 = VERTEX_POINT ( 'NONE', #3986 ) ;
#9449 = ORIENTED_EDGE ( 'NONE', *, *, #455, .T. ) ;
#9450 =( NAMED_UNIT ( * ) SI_UNIT ( $, .STERADIAN. ) SOLID_ANGLE_UNIT ( ) );
#9451 = ORIENTED_EDGE ( 'NONE', *, *, #6739, .T. ) ;
#9452 = UNCERTAINTY_MEASURE_WITH_UNIT (LENGTH_MEASURE( 1.000000000000000082E-05 ), #241, 'distance_accuracy_value', 'NONE');
#9453 = PRESENTATION_LAYER_ASSIGNMENT (  '', '', ( #3653 ) ) ;
#9454 = SURFACE_STYLE_USAGE ( .BOTH. , #2679 ) ;
#9455 = EDGE_CURVE ( 'NONE', #2777, #2439, #5455, .T. ) ;
#9456 = FILL_AREA_STYLE_COLOUR ( '', #5327 ) ;
#9457 = FILL_AREA_STYLE ('',( #6295 ) ) ;
#9458 = DIRECTION ( 'NONE',  ( 1.000000000000000000, 0.0000000000000000000, 0.0000000000000000000 ) ) ;
#9459 = AXIS2_PLACEMENT_3D ( 'NONE', #6897, #5944, #5999 ) ;
#9460 = AXIS2_PLACEMENT_3D ( 'NONE', #3839, #6976, #5304 ) ;
#9461 = ORIENTED_EDGE ( 'NONE', *, *, #10099, .T. ) ;
#9462 = MECHANICAL_DESIGN_GEOMETRIC_PRESENTATION_REPRESENTATION (  '', ( #8121 ), #2804 ) ;
#9463 = DIRECTION ( 'NONE',  ( 1.000000000000000000, -3.872150616019660190E-17, -4.336808689942017736E-16 ) ) ;
#9464 = DIRECTION ( 'NONE',  ( 1.000000000000000000, -0.0000000000000000000, 0.0000000000000000000 ) ) ;
#9465 = PRESENTATION_STYLE_ASSIGNMENT (( #5682 ) ) ;
#9466 = SURFACE_STYLE_FILL_AREA ( #7306 ) ;
#9467 = LINE ( 'NONE', #10235, #9794 ) ;
#9468 = UNCERTAINTY_MEASURE_WITH_UNIT (LENGTH_MEASURE( 1.000000000000000082E-05 ), #9280, 'distance_accuracy_value', 'NONE');
#9469 = ADVANCED_FACE ( 'NONE', ( #6271 ), #5558, .F. ) ;
#9470 = VECTOR ( 'NONE', #6595, 1000.000000000000000 ) ;
#9471 =( NAMED_UNIT ( * ) PLANE_ANGLE_UNIT ( ) SI_UNIT ( $, .RADIAN. ) );
#9472 = DIRECTION ( 'NONE',  ( 0.0000000000000000000, 0.7071067811865475727, -0.7071067811865475727 ) ) ;
#9473 =( LENGTH_UNIT ( ) NAMED_UNIT ( * ) SI_UNIT ( .MILLI., .METRE. ) );
#9474 = CARTESIAN_POINT ( 'NONE',  ( 4.250000000000000000, 4.999999999999997335, 0.2500000000000002220 ) ) ;
#9475 = VERTEX_POINT ( 'NONE', #1680 ) ;
#9476 = CARTESIAN_POINT ( 'NONE',  ( 2.050000000000000266, 5.100000000000001421, -2.800000000000000266 ) ) ;
#9477 = LINE ( 'NONE', #2360, #1190 ) ;
#9478 = FACE_OUTER_BOUND ( 'NONE', #7695, .T. ) ;
#9479 = VECTOR ( 'NONE', #8797, 1000.000000000000000 ) ;
#9480 = COLOUR_RGB ( '',1.000000000000000000, 0.8117647058823529438, 0.5019607843137254832 ) ;
#9481 = FILL_AREA_STYLE_COLOUR ( '', #9480 ) ;
#9482 =( LENGTH_UNIT ( ) NAMED_UNIT ( * ) SI_UNIT ( .MILLI., .METRE. ) );
#9483 = CARTESIAN_POINT ( 'NONE',  ( 12.25000000000000000, 4.999999999999997335, 0.2500000000000002220 ) ) ;
#9484 = SURFACE_STYLE_FILL_AREA ( #4709 ) ;
#9485 = COLOUR_RGB ( '',1.000000000000000000, 0.8117647058823529438, 0.5019607843137254832 ) ;
#9486 = COLOUR_RGB ( '',1.000000000000000000, 1.000000000000000000, 1.000000000000000000 ) ;
#9487 = CARTESIAN_POINT ( 'NONE',  ( 0.7500000000000002220, 3.399999999999999467, -2.350000000000001421 ) ) ;
#9488 = LINE ( 'NONE', #7220, #6767 ) ;
#9489 =( NAMED_UNIT ( * ) SI_UNIT ( $, .STERADIAN. ) SOLID_ANGLE_UNIT ( ) );
#9490 = EDGE_LOOP ( 'NONE', ( #7646, #5140, #4363, #5290 ) ) ;
#9491 = VERTEX_POINT ( 'NONE', #7421 ) ;
#9492 = PRESENTATION_LAYER_ASSIGNMENT (  '', '', ( #348 ) ) ;
#9493 = DIRECTION ( 'NONE',  ( -1.000000000000000000, 0.0000000000000000000, 1.475104996578918079E-17 ) ) ;
#9494 =( LENGTH_UNIT ( ) NAMED_UNIT ( * ) SI_UNIT ( .MILLI., .METRE. ) );
#9495 = EDGE_LOOP ( 'NONE', ( #8899, #138, #1641, #2506 ) ) ;
#9496 = SURFACE_SIDE_STYLE ('',( #9649 ) ) ;
#9497 = FILL_AREA_STYLE_COLOUR ( '', #7898 ) ;
#9498 = DIRECTION ( 'NONE',  ( -1.000000000000000000, 5.421010862427522170E-17, 0.0000000000000000000 ) ) ;
#9499 = PRESENTATION_LAYER_ASSIGNMENT (  '', '', ( #187 ) ) ;
#9500 = ADVANCED_FACE ( 'NONE', ( #2522 ), #219, .T. ) ;
#9501 = UNCERTAINTY_MEASURE_WITH_UNIT (LENGTH_MEASURE( 1.000000000000000082E-05 ), #9494, 'distance_accuracy_value', 'NONE');
#9502 = VERTEX_POINT ( 'NONE', #4976 ) ;
#9503 = FILL_AREA_STYLE_COLOUR ( '', #1932 ) ;
#9504 = ORIENTED_EDGE ( 'NONE', *, *, #5754, .T. ) ;
#9505 = EDGE_LOOP ( 'NONE', ( #414, #6594, #6878, #7881 ) ) ;
#9506 = DIRECTION ( 'NONE',  ( -1.000000000000000000, 5.421010862427522170E-17, 0.0000000000000000000 ) ) ;
#9507 =( GEOMETRIC_REPRESENTATION_CONTEXT ( 3 ) GLOBAL_UNCERTAINTY_ASSIGNED_CONTEXT ( ( #2221 ) ) GLOBAL_UNIT_ASSIGNED_CONTEXT ( ( #6660, #4479, #3505 ) ) REPRESENTATION_CONTEXT ( 'NONE', 'WORKASPACE' ) );
#9508 = VECTOR ( 'NONE', #4197, 1000.000000000000000 ) ;
#9509 = LINE ( 'NONE', #44, #1495 ) ;
#9510 =( NAMED_UNIT ( * ) PLANE_ANGLE_UNIT ( ) SI_UNIT ( $, .RADIAN. ) );
#9511 = PRESENTATION_LAYER_ASSIGNMENT (  '', '', ( #2879 ) ) ;
#9512 =( NAMED_UNIT ( * ) PLANE_ANGLE_UNIT ( ) SI_UNIT ( $, .RADIAN. ) );
#9513 = VERTEX_POINT ( 'NONE', #3510 ) ;
#9514 = PLANE ( 'NONE',  #8217 ) ;
#9515 = EDGE_CURVE ( 'NONE', #7926, #4624, #896, .T. ) ;
#9516 =( LENGTH_UNIT ( ) NAMED_UNIT ( * ) SI_UNIT ( .MILLI., .METRE. ) );
#9517 = EDGE_CURVE ( 'NONE', #4864, #217, #3419, .T. ) ;
#9518 = CARTESIAN_POINT ( 'NONE',  ( 5.750000000000000000, -3.399999999999999911, 0.2500000000000002220 ) ) ;
#9519 = LINE ( 'NONE', #196, #5604 ) ;
#9520 = EDGE_LOOP ( 'NONE', ( #5426, #9030, #3884, #231 ) ) ;
#9521 = FACE_OUTER_BOUND ( 'NONE', #9495, .T. ) ;
#9522 = CARTESIAN_POINT ( 'NONE',  ( 2.083333333333336590, 5.166666666666664298, 0.08333333333333542425 ) ) ;
#9523 =( NAMED_UNIT ( * ) SI_UNIT ( $, .STERADIAN. ) SOLID_ANGLE_UNIT ( ) );
#9524 =( NAMED_UNIT ( * ) SI_UNIT ( $, .STERADIAN. ) SOLID_ANGLE_UNIT ( ) );
#9525 = LINE ( 'NONE', #7311, #2053 ) ;
#9526 =( NAMED_UNIT ( * ) PLANE_ANGLE_UNIT ( ) SI_UNIT ( $, .RADIAN. ) );
#9527 = COLOUR_RGB ( '',1.000000000000000000, 1.000000000000000000, 1.000000000000000000 ) ;
#9528 = EDGE_CURVE ( 'NONE', #9653, #6957, #9729, .T. ) ;
#9529 = LINE ( 'NONE', #5601, #8834 ) ;
#9530 = DIRECTION ( 'NONE',  ( 0.0000000000000000000, 0.0000000000000000000, 1.000000000000000000 ) ) ;
#9531 = APPLICATION_CONTEXT ( 'automotive_design' ) ;
#9532 = VECTOR ( 'NONE', #9948, 1000.000000000000000 ) ;
#9533 = VECTOR ( 'NONE', #9995, 1000.000000000000114 ) ;
#9534 = PRESENTATION_STYLE_ASSIGNMENT (( #4033 ) ) ;
#9535 =( NAMED_UNIT ( * ) PLANE_ANGLE_UNIT ( ) SI_UNIT ( $, .RADIAN. ) );
#9536 = PLANE ( 'NONE',  #45 ) ;
#9537 = ORIENTED_EDGE ( 'NONE', *, *, #6765, .T. ) ;
#9538 = VECTOR ( 'NONE', #9198, 1000.000000000000000 ) ;
#9539 = VERTEX_POINT ( 'NONE', #9683 ) ;
#9540 = EDGE_LOOP ( 'NONE', ( #1239, #7854, #7351, #8947 ) ) ;
#9541 = SURFACE_SIDE_STYLE ('',( #4825 ) ) ;
#9542 = COLOUR_RGB ( '',1.000000000000000000, 0.8117647058823529438, 0.5019607843137254832 ) ;
#9543 = COLOUR_RGB ( '',1.000000000000000000, 1.000000000000000000, 1.000000000000000000 ) ;
#9544 = EDGE_CURVE ( 'NONE', #9695, #4848, #8069, .T. ) ;
#9545 = CARTESIAN_POINT ( 'NONE',  ( 4.699999999999999289, 0.0000000000000000000, 1.700000000000000178 ) ) ;
#9546 = DIRECTION ( 'NONE',  ( 0.5773502691896239547, -0.5773502691896289507, 0.5773502691896243988 ) ) ;
#9547 = DIRECTION ( 'NONE',  ( -0.0000000000000000000, -1.000000000000000000, -0.0000000000000000000 ) ) ;
#9548 = UNCERTAINTY_MEASURE_WITH_UNIT (LENGTH_MEASURE( 1.000000000000000082E-05 ), #1352, 'distance_accuracy_value', 'NONE');
#9549 = DIRECTION ( 'NONE',  ( -0.0000000000000000000, -1.000000000000000000, -0.0000000000000000000 ) ) ;
#9550 = VERTEX_POINT ( 'NONE', #7219 ) ;
#9551 = MECHANICAL_DESIGN_GEOMETRIC_PRESENTATION_REPRESENTATION (  '', ( #9384 ), #3913 ) ;
#9552 = ORIENTED_EDGE ( 'NONE', *, *, #6661, .F. ) ;
#9553 = CARTESIAN_POINT ( 'NONE',  ( 2.750000000000000444, 3.399999999999999467, -2.350000000000001421 ) ) ;
#9554 = COLOUR_RGB ( '',1.000000000000000000, 1.000000000000000000, 1.000000000000000000 ) ;
#9555 = ORIENTED_EDGE ( 'NONE', *, *, #5647, .T. ) ;
#9556 = MECHANICAL_DESIGN_GEOMETRIC_PRESENTATION_REPRESENTATION (  '', ( #247 ), #2429 ) ;
#9557 = CARTESIAN_POINT ( 'NONE',  ( 5.250000000000000888, 3.399999999999999467, -2.300000000000006928 ) ) ;
#9558 = EDGE_CURVE ( 'NONE', #6808, #4823, #2628, .T. ) ;
#9559 = PLANE ( 'NONE',  #9328 ) ;
#9560 = VECTOR ( 'NONE', #4533, 1000.000000000000000 ) ;
#9561 = CARTESIAN_POINT ( 'NONE',  ( 5.874499999999997613, -1.825499999999999012, -0.6799999999999952749 ) ) ;
#9562 = ORIENTED_EDGE ( 'NONE', *, *, #391, .F. ) ;
#9563 =( LENGTH_UNIT ( ) NAMED_UNIT ( * ) SI_UNIT ( .MILLI., .METRE. ) );
#9564 = FILL_AREA_STYLE_COLOUR ( '', #9869 ) ;
#9565 =( NAMED_UNIT ( * ) SI_UNIT ( $, .STERADIAN. ) SOLID_ANGLE_UNIT ( ) );
#9566 = EDGE_LOOP ( 'NONE', ( #5246, #4814, #10144, #5396, #9410, #8683 ) ) ;
#9567 = DIRECTION ( 'NONE',  ( -0.0000000000000000000, -0.0000000000000000000, -1.000000000000000000 ) ) ;
#9568 = ORIENTED_EDGE ( 'NONE', *, *, #8160, .T. ) ;
#9569 = DIRECTION ( 'NONE',  ( 1.000000000000000000, -5.421010862427522170E-17, 0.0000000000000000000 ) ) ;
#9570 = PRESENTATION_LAYER_ASSIGNMENT (  '', '', ( #1584 ) ) ;
#9571 = FILL_AREA_STYLE ('',( #8 ) ) ;
#9572 = UNCERTAINTY_MEASURE_WITH_UNIT (LENGTH_MEASURE( 1.000000000000000082E-05 ), #9962, 'distance_accuracy_value', 'NONE');
#9573 = CARTESIAN_POINT ( 'NONE',  ( 5.750000000000000000, -3.399999999999999911, -0.2499999999999997780 ) ) ;
#9574 = CARTESIAN_POINT ( 'NONE',  ( -1.950000000000000400, 1.380000000000000782, 1.300000000000000044 ) ) ;
#9575 = EDGE_CURVE ( 'NONE', #3107, #1450, #992, .T. ) ;
#9576 = EDGE_CURVE ( 'NONE', #3675, #3284, #5701, .T. ) ;
#9577 =( LENGTH_UNIT ( ) NAMED_UNIT ( * ) SI_UNIT ( .MILLI., .METRE. ) );
#9578 = AXIS2_PLACEMENT_3D ( 'NONE', #7839, #8719, #3294 ) ;
#9579 = ORIENTED_EDGE ( 'NONE', *, *, #9455, .F. ) ;
#9580 = DIRECTION ( 'NONE',  ( 1.000000000000000000, 0.0000000000000000000, 0.0000000000000000000 ) ) ;
#9581 = PRESENTATION_LAYER_ASSIGNMENT (  '', '', ( #4605 ) ) ;
#9582 = CARTESIAN_POINT ( 'NONE',  ( 8.149999999999998579, -3.399999999999999911, -0.1499999999999986622 ) ) ;
#9583 = DIRECTION ( 'NONE',  ( -5.421010862427522170E-17, -1.000000000000000000, 2.350988701644575016E-32 ) ) ;
#9584 = CARTESIAN_POINT ( 'NONE',  ( 6.125500000000002387, -1.825499999999999012, -0.6799999999999957190 ) ) ;
#9585 = AXIS2_PLACEMENT_3D ( 'NONE', #1331, #3896, #1390 ) ;
#9586 = VERTEX_POINT ( 'NONE', #3321 ) ;
#9587 = FILL_AREA_STYLE_COLOUR ( '', #1478 ) ;
#9588 = AXIS2_PLACEMENT_3D ( 'NONE', #10034, #5285, #6758 ) ;
#9589 =( LENGTH_UNIT ( ) NAMED_UNIT ( * ) SI_UNIT ( .MILLI., .METRE. ) );
#9590 = CIRCLE ( 'NONE', #4773, 0.4999999999999995559 ) ;
#9591 = VECTOR ( 'NONE', #8529, 1000.000000000000000 ) ;
#9592 = ADVANCED_FACE ( 'NONE', ( #9638 ), #4130, .F. ) ;
#9593 =( NAMED_UNIT ( * ) SI_UNIT ( $, .STERADIAN. ) SOLID_ANGLE_UNIT ( ) );
#9594 = DIRECTION ( 'NONE',  ( -0.0000000000000000000, 1.000000000000000000, -0.0000000000000000000 ) ) ;
#9595 =( NAMED_UNIT ( * ) SI_UNIT ( $, .STERADIAN. ) SOLID_ANGLE_UNIT ( ) );
#9596 = CARTESIAN_POINT ( 'NONE',  ( 3.750000000000000444, -3.399999999999999911, 0.2500000000000002220 ) ) ;
#9597 = ORIENTED_EDGE ( 'NONE', *, *, #1221, .T. ) ;
#9598 =( GEOMETRIC_REPRESENTATION_CONTEXT ( 3 ) GLOBAL_UNCERTAINTY_ASSIGNED_CONTEXT ( ( #6263 ) ) GLOBAL_UNIT_ASSIGNED_CONTEXT ( ( #4686, #3967, #6191 ) ) REPRESENTATION_CONTEXT ( 'NONE', 'WORKASPACE' ) );
#9599 = EDGE_CURVE ( 'NONE', #6707, #8456, #9927, .T. ) ;
#9600 = DIRECTION ( 'NONE',  ( -0.0000000000000000000, 1.000000000000000000, -0.0000000000000000000 ) ) ;
#9601 = VERTEX_POINT ( 'NONE', #6811 ) ;
#9602 = CARTESIAN_POINT ( 'NONE',  ( -1.350000000000000089, 1.800000000000001155, -2.350000000000001421 ) ) ;
#9603 = CARTESIAN_POINT ( 'NONE',  ( 11.75000000000000000, 4.999999999999997335, 0.2500000000000002220 ) ) ;
#9604 = SURFACE_SIDE_STYLE ('',( #3999 ) ) ;
#9605 = LINE ( 'NONE', #3335, #2893 ) ;
#9606 = VERTEX_POINT ( 'NONE', #9871 ) ;
#9607 = PRESENTATION_STYLE_ASSIGNMENT (( #6382 ) ) ;
#9608 = SURFACE_STYLE_USAGE ( .BOTH. , #6438 ) ;
#9609 = ADVANCED_FACE ( 'NONE', ( #6762 ), #9982, .F. ) ;
#9610 = LINE ( 'NONE', #6541, #5511 ) ;
#9611 = PRESENTATION_LAYER_ASSIGNMENT (  '', '', ( #3978 ) ) ;
#9612 = ORIENTED_EDGE ( 'NONE', *, *, #7707, .T. ) ;
#9613 = CARTESIAN_POINT ( 'NONE',  ( 3.166666666666665186, -4.383333333333332860, -0.8333333333333330373 ) ) ;
#9614 = FILL_AREA_STYLE ('',( #9564 ) ) ;
#9615 = SURFACE_STYLE_FILL_AREA ( #3856 ) ;
#9616 =( LENGTH_UNIT ( ) NAMED_UNIT ( * ) SI_UNIT ( .MILLI., .METRE. ) );
#9617 = ORIENTED_EDGE ( 'NONE', *, *, #8336, .F. ) ;
#9618 = DIRECTION ( 'NONE',  ( -1.000000000000000000, 0.0000000000000000000, 0.0000000000000000000 ) ) ;
#9619 = LINE ( 'NONE', #8817, #432 ) ;
#9620 = EDGE_CURVE ( 'NONE', #6134, #5785, #10038, .T. ) ;
#9621 = UNCERTAINTY_MEASURE_WITH_UNIT (LENGTH_MEASURE( 1.000000000000000082E-05 ), #9473, 'distance_accuracy_value', 'NONE');
#9622 = EDGE_LOOP ( 'NONE', ( #5440, #6050, #1800, #3636 ) ) ;
#9623 = DIRECTION ( 'NONE',  ( 3.872150616019660190E-17, 1.000000000000000000, -0.0000000000000000000 ) ) ;
#9624 = MECHANICAL_DESIGN_GEOMETRIC_PRESENTATION_REPRESENTATION (  '', ( #4652 ), #4304 ) ;
#9625 = VECTOR ( 'NONE', #962, 1000.000000000000000 ) ;
#9626 = MECHANICAL_DESIGN_GEOMETRIC_PRESENTATION_REPRESENTATION (  '', ( #1788 ), #4149 ) ;
#9627 = SURFACE_SIDE_STYLE ('',( #6457 ) ) ;
#9628 = ORIENTED_EDGE ( 'NONE', *, *, #1430, .F. ) ;
#9629 = CARTESIAN_POINT ( 'NONE',  ( 5.299999999999998934, 0.2000000000000000389, -2.800000000000000266 ) ) ;
#9630 = FACE_OUTER_BOUND ( 'NONE', #7355, .T. ) ;
#9631 = PLANE ( 'NONE',  #1713 ) ;
#9632 = ADVANCED_FACE ( 'NONE', ( #2089 ), #5344, .T. ) ;
#9633 = EDGE_CURVE ( 'NONE', #5322, #6134, #9425, .T. ) ;
#9634 = LINE ( 'NONE', #5696, #1484 ) ;
#9635 = VECTOR ( 'NONE', #1485, 1000.000000000000000 ) ;
#9636 = SURFACE_STYLE_FILL_AREA ( #6472 ) ;
#9637 = FACE_OUTER_BOUND ( 'NONE', #8645, .T. ) ;
#9638 = FACE_OUTER_BOUND ( 'NONE', #9025, .T. ) ;
#9639 =( NAMED_UNIT ( * ) PLANE_ANGLE_UNIT ( ) SI_UNIT ( $, .RADIAN. ) );
#9640 = EDGE_CURVE ( 'NONE', #3139, #4861, #6259, .T. ) ;
#9641 = EDGE_CURVE ( 'NONE', #873, #1184, #624, .T. ) ;
#9642 = ORIENTED_EDGE ( 'NONE', *, *, #5656, .T. ) ;
#9643 = VECTOR ( 'NONE', #9379, 1000.000000000000000 ) ;
#9644 = AXIS2_PLACEMENT_3D ( 'NONE', #7359, #1028, #6407 ) ;
#9645 = COLOUR_RGB ( '',1.000000000000000000, 0.8117647058823529438, 0.5019607843137254832 ) ;
#9646 = ORIENTED_EDGE ( 'NONE', *, *, #10099, .F. ) ;
#9647 = LINE ( 'NONE', #5707, #4993 ) ;
#9648 = FILL_AREA_STYLE_COLOUR ( '', #6569 ) ;
#9649 = SURFACE_STYLE_FILL_AREA ( #7094 ) ;
#9650 = FILL_AREA_STYLE ('',( #8747 ) ) ;
#9651 = ORIENTED_EDGE ( 'NONE', *, *, #4351, .F. ) ;
#9652 = EDGE_CURVE ( 'NONE', #9539, #4922, #6358, .T. ) ;
#9653 = VERTEX_POINT ( 'NONE', #3823 ) ;
#9654 =( LENGTH_UNIT ( ) NAMED_UNIT ( * ) SI_UNIT ( .MILLI., .METRE. ) );
#9655 = ORIENTED_EDGE ( 'NONE', *, *, #3466, .F. ) ;
#9656 = LINE ( 'NONE', #4999, #2335 ) ;
#9657 =( NAMED_UNIT ( * ) PLANE_ANGLE_UNIT ( ) SI_UNIT ( $, .RADIAN. ) );
#9658 = CARTESIAN_POINT ( 'NONE',  ( 10.14999999999999503, 5.100000000000001421, -0.1499999999999969136 ) ) ;
#9659 = ORIENTED_EDGE ( 'NONE', *, *, #6230, .F. ) ;
#9660 = CARTESIAN_POINT ( 'NONE',  ( 13.95000000000000107, 0.0000000000000000000, 1.699999999999999289 ) ) ;
#9661 = VERTEX_POINT ( 'NONE', #4704 ) ;
#9662 = CARTESIAN_POINT ( 'NONE',  ( -0.1500000000000023537, -3.399999999999999911, 0.1500000000000025757 ) ) ;
#9663 = DIRECTION ( 'NONE',  ( 0.5773502691896206240, -0.5773502691896306160, 0.5773502691896261751 ) ) ;
#9664 = PRESENTATION_LAYER_ASSIGNMENT (  '', '', ( #42 ) ) ;
#9665 =( NAMED_UNIT ( * ) SI_UNIT ( $, .STERADIAN. ) SOLID_ANGLE_UNIT ( ) );
#9666 = LINE ( 'NONE', #8934, #7087 ) ;
#9667 = DIRECTION ( 'NONE',  ( 9.103382349328301547E-49, 2.350988701644575016E-32, 1.000000000000000000 ) ) ;
#9668 =( NAMED_UNIT ( * ) SI_UNIT ( $, .STERADIAN. ) SOLID_ANGLE_UNIT ( ) );
#9669 = EDGE_CURVE ( 'NONE', #7423, #4897, #7011, .T. ) ;
#9670 = PLANE ( 'NONE',  #4719 ) ;
#9671 = CARTESIAN_POINT ( 'NONE',  ( 4.699999999999999289, 0.0000000000000000000, -2.800000000000000266 ) ) ;
#9672 = LINE ( 'NONE', #6413, #3507 ) ;
#9673 = VECTOR ( 'NONE', #632, 1000.000000000000000 ) ;
#9674 = ORIENTED_EDGE ( 'NONE', *, *, #8220, .T. ) ;
#9675 = CARTESIAN_POINT ( 'NONE',  ( 3.299999999999999378, 0.0000000000000000000, -2.800000000000000266 ) ) ;
#9676 =( GEOMETRIC_REPRESENTATION_CONTEXT ( 3 ) GLOBAL_UNCERTAINTY_ASSIGNED_CONTEXT ( ( #2309 ) ) GLOBAL_UNIT_ASSIGNED_CONTEXT ( ( #2674, #124, #7321 ) ) REPRESENTATION_CONTEXT ( 'NONE', 'WORKASPACE' ) );
#9677 = PLANE ( 'NONE',  #1435 ) ;
#9678 = ORIENTED_EDGE ( 'NONE', *, *, #282, .F. ) ;
#9679 = EDGE_CURVE ( 'NONE', #8851, #10197, #3871, .T. ) ;
#9680 = MECHANICAL_DESIGN_GEOMETRIC_PRESENTATION_REPRESENTATION (  '', ( #4213 ), #6207 ) ;
#9681 = DIRECTION ( 'NONE',  ( -4.336808689942017736E-16, 0.0000000000000000000, -1.000000000000000000 ) ) ;
#9682 = ORIENTED_EDGE ( 'NONE', *, *, #2176, .F. ) ;
#9683 = CARTESIAN_POINT ( 'NONE',  ( -1.699999999999999734, 6.000000000000000000, -2.700000000000001066 ) ) ;
#9684 = PRESENTATION_STYLE_ASSIGNMENT (( #791 ) ) ;
#9685 = ORIENTED_EDGE ( 'NONE', *, *, #3412, .F. ) ;
#9686 = VECTOR ( 'NONE', #5486, 1000.000000000000000 ) ;
#9687 = VECTOR ( 'NONE', #8380, 1000.000000000000000 ) ;
#9688 = ADVANCED_FACE ( 'NONE', ( #6208 ), #9315, .F. ) ;
#9689 = ADVANCED_FACE ( 'NONE', ( #2194 ), #677, .F. ) ;
#9690 = ORIENTED_EDGE ( 'NONE', *, *, #4613, .F. ) ;
#9691 = PLANE ( 'NONE',  #322 ) ;
#9692 = DIRECTION ( 'NONE',  ( -1.114542791890761911E-31, -1.000000000000000000, 5.782411586589358625E-16 ) ) ;
#9693 = LINE ( 'NONE', #4934, #8839 ) ;
#9694 = EDGE_LOOP ( 'NONE', ( #5161, #6819, #6254, #7722 ) ) ;
#9695 = VERTEX_POINT ( 'NONE', #1801 ) ;
#9696 =( NAMED_UNIT ( * ) PLANE_ANGLE_UNIT ( ) SI_UNIT ( $, .RADIAN. ) );
#9697 = ADVANCED_FACE ( 'NONE', ( #9799 ), #3486, .T. ) ;
#9698 = CARTESIAN_POINT ( 'NONE',  ( 11.25000000000000000, 3.399999999999999467, -2.050000000000001599 ) ) ;
#9699 = VERTEX_POINT ( 'NONE', #4162 ) ;
#9700 = ORIENTED_EDGE ( 'NONE', *, *, #5592, .F. ) ;
#9701 = DIRECTION ( 'NONE',  ( 0.0000000000000000000, 0.0000000000000000000, 1.000000000000000000 ) ) ;
#9702 = DIRECTION ( 'NONE',  ( 4.336808689942017736E-16, 0.0000000000000000000, 1.000000000000000000 ) ) ;
#9703 = SURFACE_STYLE_USAGE ( .BOTH. , #2757 ) ;
#9704 = PRESENTATION_LAYER_ASSIGNMENT (  '', '', ( #4917 ) ) ;
#9705 = CARTESIAN_POINT ( 'NONE',  ( -1.350000000000000089, 1.149999999999999911, -2.350000000000001421 ) ) ;
#9706 = ORIENTED_EDGE ( 'NONE', *, *, #6509, .T. ) ;
#9707 = VECTOR ( 'NONE', #9934, 1000.000000000000000 ) ;
#9708 =( LENGTH_UNIT ( ) NAMED_UNIT ( * ) SI_UNIT ( .MILLI., .METRE. ) );
#9709 = SURFACE_STYLE_USAGE ( .BOTH. , #4066 ) ;
#9710 = VECTOR ( 'NONE', #5203, 1000.000000000000000 ) ;
#9711 =( LENGTH_UNIT ( ) NAMED_UNIT ( * ) SI_UNIT ( .MILLI., .METRE. ) );
#9712 = ORIENTED_EDGE ( 'NONE', *, *, #4613, .T. ) ;
#9713 = PRESENTATION_STYLE_ASSIGNMENT (( #1817 ) ) ;
#9714 = PRESENTATION_STYLE_ASSIGNMENT (( #3410 ) ) ;
#9715 = ORIENTED_EDGE ( 'NONE', *, *, #1315, .F. ) ;
#9716 = DIRECTION ( 'NONE',  ( 0.7071067811865489050, -0.7071067811865461294, -3.066586833366754193E-16 ) ) ;
#9717 = DIRECTION ( 'NONE',  ( -0.0000000000000000000, -0.0000000000000000000, -1.000000000000000000 ) ) ;
#9718 =( LENGTH_UNIT ( ) NAMED_UNIT ( * ) SI_UNIT ( .MILLI., .METRE. ) );
#9719 = AXIS2_PLACEMENT_3D ( 'NONE', #804, #1440, #7135 ) ;
#9720 = CARTESIAN_POINT ( 'NONE',  ( 13.34999999999999787, 5.650000000000000355, 1.249999999999997558 ) ) ;
#9721 = CARTESIAN_POINT ( 'NONE',  ( 13.95000000000000107, 0.0000000000000000000, 1.699999999999999289 ) ) ;
#9722 = EDGE_CURVE ( 'NONE', #9000, #6909, #6549, .T. ) ;
#9723 = VECTOR ( 'NONE', #9692, 1000.000000000000000 ) ;
#9724 =( GEOMETRIC_REPRESENTATION_CONTEXT ( 3 ) GLOBAL_UNCERTAINTY_ASSIGNED_CONTEXT ( ( #150 ) ) GLOBAL_UNIT_ASSIGNED_CONTEXT ( ( #5990, #4465, #7568 ) ) REPRESENTATION_CONTEXT ( 'NONE', 'WORKASPACE' ) );
#9725 = VECTOR ( 'NONE', #5368, 1000.000000000000000 ) ;
#9726 = PRESENTATION_LAYER_ASSIGNMENT (  '', '', ( #1598 ) ) ;
#9727 = ORIENTED_EDGE ( 'NONE', *, *, #6083, .T. ) ;
#9728 = ORIENTED_EDGE ( 'NONE', *, *, #3204, .T. ) ;
#9729 = LINE ( 'NONE', #2565, #9340 ) ;
#9730 = DIRECTION ( 'NONE',  ( 3.872150616019660190E-17, 1.000000000000000000, -0.0000000000000000000 ) ) ;
#9731 = EDGE_LOOP ( 'NONE', ( #5202, #5890, #5189, #2869 ) ) ;
#9732 = ORIENTED_EDGE ( 'NONE', *, *, #6687, .F. ) ;
#9733 = VECTOR ( 'NONE', #6713, 1000.000000000000000 ) ;
#9734 = PRODUCT_RELATED_PRODUCT_CATEGORY ( 'part', '', ( #8343 ) ) ;
#9735 = VECTOR ( 'NONE', #9417, 1000.000000000000000 ) ;
#9736 = AXIS2_PLACEMENT_3D ( 'NONE', #675, #5394, #2982 ) ;
#9737 = DIRECTION ( 'NONE',  ( -1.000000000000000000, 5.421010862427522170E-17, 0.0000000000000000000 ) ) ;
#9738 = MECHANICAL_DESIGN_GEOMETRIC_PRESENTATION_REPRESENTATION (  '', ( #275 ), #7407 ) ;
#9739 = CARTESIAN_POINT ( 'NONE',  ( 13.94999999999999751, 0.8200000000000032818, 1.300000000000000044 ) ) ;
#9740 = PLANE ( 'NONE',  #8064 ) ;
#9741 = SURFACE_SIDE_STYLE ('',( #8847 ) ) ;
#9742 = CARTESIAN_POINT ( 'NONE',  ( 13.95000000000000107, 6.000000000000000000, -2.800000000000000711 ) ) ;
#9743 = ORIENTED_EDGE ( 'NONE', *, *, #1565, .F. ) ;
#9744 = PLANE ( 'NONE',  #714 ) ;
#9745 = VERTEX_POINT ( 'NONE', #5976 ) ;
#9746 = EDGE_CURVE ( 'NONE', #5980, #5028, #5204, .T. ) ;
#9747 = CARTESIAN_POINT ( 'NONE',  ( 1.750000000000000666, 4.999999999999997335, 0.2500000000000002220 ) ) ;
#9748 = EDGE_CURVE ( 'NONE', #5036, #2625, #9901, .T. ) ;
#9749 = SURFACE_STYLE_FILL_AREA ( #8137 ) ;
#9750 = ORIENTED_EDGE ( 'NONE', *, *, #6654, .T. ) ;
#9751 = SURFACE_STYLE_FILL_AREA ( #3395 ) ;
#9752 =( NAMED_UNIT ( * ) PLANE_ANGLE_UNIT ( ) SI_UNIT ( $, .RADIAN. ) );
#9753 = DIRECTION ( 'NONE',  ( 3.872150616019660190E-17, 1.000000000000000000, -0.0000000000000000000 ) ) ;
#9754 = SURFACE_STYLE_USAGE ( .BOTH. , #1066 ) ;
#9755 = CARTESIAN_POINT ( 'NONE',  ( 12.25000000000000000, 1.800000000000000044, -2.800000000000000266 ) ) ;
#9756 =( NAMED_UNIT ( * ) PLANE_ANGLE_UNIT ( ) SI_UNIT ( $, .RADIAN. ) );
#9757 = ORIENTED_EDGE ( 'NONE', *, *, #2340, .F. ) ;
#9758 = EDGE_CURVE ( 'NONE', #8528, #495, #192, .T. ) ;
#9759 = VECTOR ( 'NONE', #5685, 1000.000000000000000 ) ;
#9760 = UNCERTAINTY_MEASURE_WITH_UNIT (LENGTH_MEASURE( 1.000000000000000082E-05 ), #4044, 'distance_accuracy_value', 'NONE');
#9761 = UNCERTAINTY_MEASURE_WITH_UNIT (LENGTH_MEASURE( 1.000000000000000082E-05 ), #4957, 'distance_accuracy_value', 'NONE');
#9762 = DIRECTION ( 'NONE',  ( 1.000000000000000000, -5.421010862427522170E-17, 0.0000000000000000000 ) ) ;
#9763 = ORIENTED_EDGE ( 'NONE', *, *, #1933, .F. ) ;
#9764 = CARTESIAN_POINT ( 'NONE',  ( 3.750000000000000444, 0.2000000000000000944, 0.2500000000000002220 ) ) ;
#9765 = SURFACE_SIDE_STYLE ('',( #7410 ) ) ;
#9766 = COLOUR_RGB ( '',1.000000000000000000, 1.000000000000000000, 1.000000000000000000 ) ;
#9767 = CARTESIAN_POINT ( 'NONE',  ( 5.299999999999998934, 0.0000000000000000000, -2.800000000000000266 ) ) ;
#9768 = PLANE ( 'NONE',  #9966 ) ;
#9769 = EDGE_CURVE ( 'NONE', #722, #1852, #4300, .T. ) ;
#9770 = CARTESIAN_POINT ( 'NONE',  ( -0.2499999999999997780, 4.999999999999997335, 0.2500000000000002220 ) ) ;
#9771 = FILL_AREA_STYLE ('',( #6610 ) ) ;
#9772 =( GEOMETRIC_REPRESENTATION_CONTEXT ( 3 ) GLOBAL_UNCERTAINTY_ASSIGNED_CONTEXT ( ( #6901 ) ) GLOBAL_UNIT_ASSIGNED_CONTEXT ( ( #5830, #7504, #5060 ) ) REPRESENTATION_CONTEXT ( 'NONE', 'WORKASPACE' ) );
#9773 = CARTESIAN_POINT ( 'NONE',  ( -0.2499999999999997780, 4.999999999999997335, 0.2500000000000002220 ) ) ;
#9774 = CARTESIAN_POINT ( 'NONE',  ( 0.0000000000000000000, -3.399999999999999911, 0.0000000000000000000 ) ) ;
#9775 = ORIENTED_EDGE ( 'NONE', *, *, #9376, .T. ) ;
#9776 = DIRECTION ( 'NONE',  ( -4.336808689942017736E-16, 1.679277644031839923E-32, -1.000000000000000000 ) ) ;
#9777 = VECTOR ( 'NONE', #6567, 1000.000000000000000 ) ;
#9778 = AXIS2_PLACEMENT_3D ( 'NONE', #615, #8351, #2127 ) ;
#9779 =( NAMED_UNIT ( * ) PLANE_ANGLE_UNIT ( ) SI_UNIT ( $, .RADIAN. ) );
#9780 =( NAMED_UNIT ( * ) PLANE_ANGLE_UNIT ( ) SI_UNIT ( $, .RADIAN. ) );
#9781 =( GEOMETRIC_REPRESENTATION_CONTEXT ( 3 ) GLOBAL_UNCERTAINTY_ASSIGNED_CONTEXT ( ( #3141 ) ) GLOBAL_UNIT_ASSIGNED_CONTEXT ( ( #7870, #7280, #6427 ) ) REPRESENTATION_CONTEXT ( 'NONE', 'WORKASPACE' ) );
#9782 = CARTESIAN_POINT ( 'NONE',  ( 8.050000000000000711, -3.399999999999999911, 0.1499999999999990785 ) ) ;
#9783 = ORIENTED_EDGE ( 'NONE', *, *, #745, .T. ) ;
#9784 = CARTESIAN_POINT ( 'NONE',  ( 7.750000000000000000, 1.800000000000000044, -0.2499999999999997780 ) ) ;
#9785 = FILL_AREA_STYLE_COLOUR ( '', #4592 ) ;
#9786 = PRESENTATION_STYLE_ASSIGNMENT (( #9012 ) ) ;
#9787 = VERTEX_POINT ( 'NONE', #5053 ) ;
#9788 = CARTESIAN_POINT ( 'NONE',  ( 1.749999999999998890, 1.800000000000000044, -2.800000000000002043 ) ) ;
#9789 = STYLED_ITEM ( 'NONE', ( #1785 ), #6032 ) ;
#9790 = VECTOR ( 'NONE', #6955, 1000.000000000000000 ) ;
#9791 = SURFACE_STYLE_USAGE ( .BOTH. , #6631 ) ;
#9792 = CARTESIAN_POINT ( 'NONE',  ( 4.250000000000000000, 4.999999999999997335, -0.2499999999999997780 ) ) ;
#9793 = EDGE_CURVE ( 'NONE', #2444, #7075, #5773, .T. ) ;
#9794 = VECTOR ( 'NONE', #5589, 1000.000000000000000 ) ;
#9795 = LINE ( 'NONE', #4297, #3349 ) ;
#9796 = DIRECTION ( 'NONE',  ( -0.0000000000000000000, -0.0000000000000000000, 1.000000000000000000 ) ) ;
#9797 = CARTESIAN_POINT ( 'NONE',  ( 13.94999999999999751, 0.8200000000000032818, 1.300000000000000044 ) ) ;
#9798 = CARTESIAN_POINT ( 'NONE',  ( 10.75000000000000000, 3.399999999999999467, -2.050000000000001599 ) ) ;
#9799 = FACE_OUTER_BOUND ( 'NONE', #8177, .T. ) ;
#9800 = DIRECTION ( 'NONE',  ( -1.000000000000000000, 3.872150616019660190E-17, 0.0000000000000000000 ) ) ;
#9801 = ORIENTED_EDGE ( 'NONE', *, *, #8103, .T. ) ;
#9802 = ORIENTED_EDGE ( 'NONE', *, *, #2065, .F. ) ;
#9803 = PRESENTATION_STYLE_ASSIGNMENT (( #9193 ) ) ;
#9804 =( NAMED_UNIT ( * ) SI_UNIT ( $, .STERADIAN. ) SOLID_ANGLE_UNIT ( ) );
#9805 = ORIENTED_EDGE ( 'NONE', *, *, #4227, .T. ) ;
#9806 = EDGE_CURVE ( 'NONE', #1058, #4559, #6681, .T. ) ;
#9807 = ADVANCED_FACE ( 'NONE', ( #9028 ), #3582, .F. ) ;
#9808 = DIRECTION ( 'NONE',  ( -0.0000000000000000000, -1.000000000000000000, -0.0000000000000000000 ) ) ;
#9809 = FILL_AREA_STYLE_COLOUR ( '', #9418 ) ;
#9810 = CARTESIAN_POINT ( 'NONE',  ( -0.2200000000000003619, 4.229999999999999538, 1.249999999999997558 ) ) ;
#9811 =( NAMED_UNIT ( * ) PLANE_ANGLE_UNIT ( ) SI_UNIT ( $, .RADIAN. ) );
#9812 = DIRECTION ( 'NONE',  ( -9.103382349328301547E-49, -2.350988701644575016E-32, -1.000000000000000000 ) ) ;
#9813 = VECTOR ( 'NONE', #4301, 1000.000000000000000 ) ;
#9814 = FILL_AREA_STYLE ('',( #5332 ) ) ;
#9815 = FACE_OUTER_BOUND ( 'NONE', #2494, .T. ) ;
#9816 = PRESENTATION_STYLE_ASSIGNMENT (( #6659 ) ) ;
#9817 = AXIS2_PLACEMENT_3D ( 'NONE', #1548, #89, #6338 ) ;
#9818 = FACE_OUTER_BOUND ( 'NONE', #2118, .T. ) ;
#9819 = ADVANCED_FACE ( 'NONE', ( #9290 ), #5312, .F. ) ;
#9820 = FILL_AREA_STYLE_COLOUR ( '', #9236 ) ;
#9821 = STYLED_ITEM ( 'NONE', ( #7115 ), #9689 ) ;
#9822 = ORIENTED_EDGE ( 'NONE', *, *, #6077, .F. ) ;
#9823 = SURFACE_STYLE_FILL_AREA ( #2883 ) ;
#9824 = MECHANICAL_DESIGN_GEOMETRIC_PRESENTATION_REPRESENTATION (  '', ( #1551 ), #6849 ) ;
#9825 = VERTEX_POINT ( 'NONE', #8496 ) ;
#9826 = STYLED_ITEM ( 'NONE', ( #7039 ), #10003 ) ;
#9827 = CARTESIAN_POINT ( 'NONE',  ( 0.1500000000000021316, -3.399999999999999911, 0.1500000000000025757 ) ) ;
#9828 = SURFACE_STYLE_FILL_AREA ( #7537 ) ;
#9829 =( NAMED_UNIT ( * ) PLANE_ANGLE_UNIT ( ) SI_UNIT ( $, .RADIAN. ) );
#9830 = FILL_AREA_STYLE ('',( #8429 ) ) ;
#9831 =( NAMED_UNIT ( * ) SI_UNIT ( $, .STERADIAN. ) SOLID_ANGLE_UNIT ( ) );
#9832 = DIRECTION ( 'NONE',  ( -0.0000000000000000000, -0.0000000000000000000, 1.000000000000000000 ) ) ;
#9833 = ORIENTED_EDGE ( 'NONE', *, *, #4108, .F. ) ;
#9834 = VECTOR ( 'NONE', #614, 1000.000000000000000 ) ;
#9835 = PLANE ( 'NONE',  #6471 ) ;
#9836 =( NAMED_UNIT ( * ) SI_UNIT ( $, .STERADIAN. ) SOLID_ANGLE_UNIT ( ) );
#9837 = AXIS2_PLACEMENT_3D ( 'NONE', #4266, #6653, #6693 ) ;
#9838 = ORIENTED_EDGE ( 'NONE', *, *, #8740, .T. ) ;
#9839 = PRESENTATION_STYLE_ASSIGNMENT (( #7550 ) ) ;
#9840 = PRESENTATION_STYLE_ASSIGNMENT (( #5821 ) ) ;
#9841 = FILL_AREA_STYLE_COLOUR ( '', #2924 ) ;
#9842 = FILL_AREA_STYLE_COLOUR ( '', #3257 ) ;
#9843 = FILL_AREA_STYLE ('',( #1165 ) ) ;
#9844 = CARTESIAN_POINT ( 'NONE',  ( -1.180000000000000160, 2.250000000000000000, 1.249999999999997558 ) ) ;
#9845 = ORIENTED_EDGE ( 'NONE', *, *, #7256, .F. ) ;
#9846 = PRESENTATION_STYLE_ASSIGNMENT (( #6684 ) ) ;
#9847 = DIRECTION ( 'NONE',  ( 3.872150616019660190E-17, 1.000000000000000000, -0.0000000000000000000 ) ) ;
#9848 =( GEOMETRIC_REPRESENTATION_CONTEXT ( 3 ) GLOBAL_UNCERTAINTY_ASSIGNED_CONTEXT ( ( #3125 ) ) GLOBAL_UNIT_ASSIGNED_CONTEXT ( ( #4203, #1018, #6637 ) ) REPRESENTATION_CONTEXT ( 'NONE', 'WORKASPACE' ) );
#9849 = EDGE_CURVE ( 'NONE', #9902, #8456, #1272, .T. ) ;
#9850 = UNCERTAINTY_MEASURE_WITH_UNIT (LENGTH_MEASURE( 1.000000000000000082E-05 ), #16, 'distance_accuracy_value', 'NONE');
#9851 =( GEOMETRIC_REPRESENTATION_CONTEXT ( 3 ) GLOBAL_UNCERTAINTY_ASSIGNED_CONTEXT ( ( #604 ) ) GLOBAL_UNIT_ASSIGNED_CONTEXT ( ( #6487, #1944, #6581 ) ) REPRESENTATION_CONTEXT ( 'NONE', 'WORKASPACE' ) );
#9852 = CARTESIAN_POINT ( 'NONE',  ( -1.949999999999999956, 0.0000000000000000000, 1.700000000000000178 ) ) ;
#9853 = CARTESIAN_POINT ( 'NONE',  ( 11.75000000000000000, -3.399999999999999911, 0.2500000000000002220 ) ) ;
#9854 = DIRECTION ( 'NONE',  ( -0.0000000000000000000, 1.000000000000000000, -0.0000000000000000000 ) ) ;
#9855 = DIRECTION ( 'NONE',  ( -0.0000000000000000000, -0.0000000000000000000, 1.000000000000000000 ) ) ;
#9856 = COLOUR_RGB ( '',1.000000000000000000, 1.000000000000000000, 1.000000000000000000 ) ;
#9857 = FILL_AREA_STYLE_COLOUR ( '', #7569 ) ;
#9858 = CARTESIAN_POINT ( 'NONE',  ( 1.150000000000000799, 1.799999999999999600, 1.700000000000000178 ) ) ;
#9859 = CARTESIAN_POINT ( 'NONE',  ( 2.250000000000000000, -3.399999999999999911, 0.2500000000000002220 ) ) ;
#9860 = CARTESIAN_POINT ( 'NONE',  ( 13.95100000000000229, 4.500000000000000888, -0.1799999999999996048 ) ) ;
#9861 = CARTESIAN_POINT ( 'NONE',  ( -1.699999999999999734, 6.000000000000000000, 0.3199999999999999512 ) ) ;
#9862 = ORIENTED_EDGE ( 'NONE', *, *, #6388, .T. ) ;
#9863 = ADVANCED_FACE ( 'NONE', ( #6079 ), #4623, .F. ) ;
#9864 = STYLED_ITEM ( 'NONE', ( #7445 ), #922 ) ;
#9865 = COLOUR_RGB ( '',1.000000000000000000, 0.8117647058823529438, 0.5019607843137254832 ) ;
#9866 = EDGE_CURVE ( 'NONE', #712, #6205, #4563, .T. ) ;
#9867 = DIRECTION ( 'NONE',  ( -0.0000000000000000000, 0.0000000000000000000, 1.000000000000000000 ) ) ;
#9868 = SURFACE_STYLE_USAGE ( .BOTH. , #9102 ) ;
#9869 = COLOUR_RGB ( '',1.000000000000000000, 1.000000000000000000, 1.000000000000000000 ) ;
#9870 = CARTESIAN_POINT ( 'NONE',  ( 8.750000000000000000, 3.399999999999999467, -2.350000000000001421 ) ) ;
#9871 = CARTESIAN_POINT ( 'NONE',  ( 12.25000000000000000, -3.299999999999998490, -0.2499999999999997780 ) ) ;
#9872 = CARTESIAN_POINT ( 'NONE',  ( 5.850000000000003197, 5.100000000000001421, -0.1499999999999969136 ) ) ;
#9873 = UNCERTAINTY_MEASURE_WITH_UNIT (LENGTH_MEASURE( 1.000000000000000082E-05 ), #5699, 'distance_accuracy_value', 'NONE');
#9874 = ORIENTED_EDGE ( 'NONE', *, *, #10141, .T. ) ;
#9875 = EDGE_CURVE ( 'NONE', #7612, #3509, #9396, .T. ) ;
#9876 = AXIS2_PLACEMENT_3D ( 'NONE', #9347, #2232, #7675 ) ;
#9877 = MECHANICAL_DESIGN_GEOMETRIC_PRESENTATION_REPRESENTATION (  '', ( #592 ), #6256 ) ;
#9878 = PLANE ( 'NONE',  #7619 ) ;
#9879 = LINE ( 'NONE', #7648, #575 ) ;
#9880 = PRESENTATION_STYLE_ASSIGNMENT (( #4237 ) ) ;
#9881 = VERTEX_POINT ( 'NONE', #2331 ) ;
#9882 = CARTESIAN_POINT ( 'NONE',  ( 13.95000000000000107, 0.0000000000000000000, 1.699999999999999289 ) ) ;
#9883 = SURFACE_SIDE_STYLE ('',( #1253 ) ) ;
#9884 = LINE ( 'NONE', #5297, #5743 ) ;
#9885 = CARTESIAN_POINT ( 'NONE',  ( 12.21999999999999886, 4.230000000000001315, 1.249999999999997558 ) ) ;
#9886 = PRESENTATION_STYLE_ASSIGNMENT (( #10051 ) ) ;
#9887 = ORIENTED_EDGE ( 'NONE', *, *, #2411, .T. ) ;
#9888 = VECTOR ( 'NONE', #1810, 1000.000000000000000 ) ;
#9889 = STYLED_ITEM ( 'NONE', ( #7956 ), #8919 ) ;
#9890 = AXIS2_PLACEMENT_3D ( 'NONE', #2010, #1854, #4458 ) ;
#9891 = ORIENTED_EDGE ( 'NONE', *, *, #7384, .F. ) ;
#9892 =( NAMED_UNIT ( * ) SI_UNIT ( $, .STERADIAN. ) SOLID_ANGLE_UNIT ( ) );
#9893 = EDGE_CURVE ( 'NONE', #3016, #3139, #133, .T. ) ;
#9894 = STYLED_ITEM ( 'NONE', ( #9803 ), #237 ) ;
#9895 = MECHANICAL_DESIGN_GEOMETRIC_PRESENTATION_REPRESENTATION (  '', ( #121 ), #4117 ) ;
#9896 = SURFACE_STYLE_FILL_AREA ( #9081 ) ;
#9897 = EDGE_LOOP ( 'NONE', ( #4975, #8419, #6394, #1673 ) ) ;
#9898 = DIRECTION ( 'NONE',  ( 4.336808689942017736E-16, 0.0000000000000000000, 1.000000000000000000 ) ) ;
#9899 =( LENGTH_UNIT ( ) NAMED_UNIT ( * ) SI_UNIT ( .MILLI., .METRE. ) );
#9900 = LINE ( 'NONE', #4254, #7358 ) ;
#9901 = LINE ( 'NONE', #4256, #8686 ) ;
#9902 = VERTEX_POINT ( 'NONE', #4047 ) ;
#9903 = DIRECTION ( 'NONE',  ( -0.0000000000000000000, 1.000000000000000000, -0.0000000000000000000 ) ) ;
#9904 = FILL_AREA_STYLE ('',( #1214 ) ) ;
#9905 =( LENGTH_UNIT ( ) NAMED_UNIT ( * ) SI_UNIT ( .MILLI., .METRE. ) );
#9906 = MECHANICAL_DESIGN_GEOMETRIC_PRESENTATION_REPRESENTATION (  '', ( #3623 ), #4443 ) ;
#9907 = ORIENTED_EDGE ( 'NONE', *, *, #4291, .F. ) ;
#9908 = EDGE_CURVE ( 'NONE', #4498, #994, #3895, .T. ) ;
#9909 = CARTESIAN_POINT ( 'NONE',  ( 9.299999999999998934, 0.2000000000000000389, -2.800000000000000266 ) ) ;
#9910 = DIRECTION ( 'NONE',  ( -0.0000000000000000000, -0.0000000000000000000, 1.000000000000000000 ) ) ;
#9911 = CARTESIAN_POINT ( 'NONE',  ( -1.180000000000000160, 2.250000000000000000, -2.801000000000000600 ) ) ;
#9912 = SURFACE_STYLE_FILL_AREA ( #8248 ) ;
#9913 = DIRECTION ( 'NONE',  ( 0.7071067811865505703, -0.7071067811865445751, -3.066586833366761588E-16 ) ) ;
#9914 = CARTESIAN_POINT ( 'NONE',  ( 0.1499999999999973577, 5.100000000000001421, 0.1499999999999973577 ) ) ;
#9915 = AXIS2_PLACEMENT_3D ( 'NONE', #5702, #8837, #1576 ) ;
#9916 = PRESENTATION_LAYER_ASSIGNMENT (  '', '', ( #1114 ) ) ;
#9917 = CARTESIAN_POINT ( 'NONE',  ( 5.250000000000000888, 3.399999999999999467, -2.050000000000001599 ) ) ;
#9918 = DIRECTION ( 'NONE',  ( -4.336808689942017736E-16, 0.0000000000000000000, -1.000000000000000000 ) ) ;
#9919 = FACE_OUTER_BOUND ( 'NONE', #2204, .T. ) ;
#9920 =( NAMED_UNIT ( * ) PLANE_ANGLE_UNIT ( ) SI_UNIT ( $, .RADIAN. ) );
#9921 = PRESENTATION_LAYER_ASSIGNMENT (  '', '', ( #4135 ) ) ;
#9922 = ORIENTED_EDGE ( 'NONE', *, *, #7910, .T. ) ;
#9923 = DIRECTION ( 'NONE',  ( 1.095153709581317921E-16, -1.000000000000000000, 0.0000000000000000000 ) ) ;
#9924 = EDGE_CURVE ( 'NONE', #6838, #8502, #2492, .T. ) ;
#9925 = ORIENTED_EDGE ( 'NONE', *, *, #3245, .F. ) ;
#9926 =( NAMED_UNIT ( * ) SI_UNIT ( $, .STERADIAN. ) SOLID_ANGLE_UNIT ( ) );
#9927 = LINE ( 'NONE', #6663, #5709 ) ;
#9928 = DIRECTION ( 'NONE',  ( -1.000000000000000000, 5.421010862427522170E-17, 0.0000000000000000000 ) ) ;
#9929 = COLOUR_RGB ( '',0.7921568627450980005, 0.8196078431372548767, 0.9333333333333333481 ) ;
#9930 = MECHANICAL_DESIGN_GEOMETRIC_PRESENTATION_REPRESENTATION (  '', ( #1808 ), #9772 ) ;
#9931 = FILL_AREA_STYLE_COLOUR ( '', #262 ) ;
#9932 = DIRECTION ( 'NONE',  ( -0.0000000000000000000, -0.0000000000000000000, 1.000000000000000000 ) ) ;
#9933 = EDGE_LOOP ( 'NONE', ( #1772, #7000, #1054, #2061, #2554 ) ) ;
#9934 = DIRECTION ( 'NONE',  ( 1.000000000000000000, -3.872150616019660190E-17, 0.0000000000000000000 ) ) ;
#9935 = PRESENTATION_LAYER_ASSIGNMENT (  '', '', ( #3169 ) ) ;
#9936 = EDGE_CURVE ( 'NONE', #9513, #8031, #7879, .T. ) ;
#9937 = VECTOR ( 'NONE', #4150, 1000.000000000000000 ) ;
#9938 = MECHANICAL_DESIGN_GEOMETRIC_PRESENTATION_REPRESENTATION (  '', ( #4451 ), #474 ) ;
#9939 = EDGE_CURVE ( 'NONE', #7836, #4865, #855, .T. ) ;
#9940 = ORIENTED_EDGE ( 'NONE', *, *, #1622, .T. ) ;
#9941 = DIRECTION ( 'NONE',  ( -1.000000000000000000, 0.0000000000000000000, 5.455105270367317004E-17 ) ) ;
#9942 = FACE_OUTER_BOUND ( 'NONE', #4730, .T. ) ;
#9943 = VECTOR ( 'NONE', #3136, 1000.000000000000000 ) ;
#9944 = LINE ( 'NONE', #5410, #8878 ) ;
#9945 = ORIENTED_EDGE ( 'NONE', *, *, #3466, .T. ) ;
#9946 = LINE ( 'NONE', #6773, #4896 ) ;
#9947 = ORIENTED_EDGE ( 'NONE', *, *, #108, .T. ) ;
#9948 = DIRECTION ( 'NONE',  ( -1.000000000000000000, 0.0000000000000000000, 0.0000000000000000000 ) ) ;
#9949 = PRESENTATION_STYLE_ASSIGNMENT (( #9076 ) ) ;
#9950 = DIRECTION ( 'NONE',  ( -0.0000000000000000000, -0.0000000000000000000, 1.000000000000000000 ) ) ;
#9951 = EDGE_CURVE ( 'NONE', #3583, #2916, #1640, .T. ) ;
#9952 = VERTEX_POINT ( 'NONE', #3179 ) ;
#9953 = CARTESIAN_POINT ( 'NONE',  ( 2.699999999999999734, 0.1999999999999999833, -2.800000000000000266 ) ) ;
#9954 = DIRECTION ( 'NONE',  ( 0.0000000000000000000, 0.0000000000000000000, 1.000000000000000000 ) ) ;
#9955 = CARTESIAN_POINT ( 'NONE',  ( 8.250000000000000000, -3.299999999999998490, -0.2499999999999997780 ) ) ;
#9956 =( NAMED_UNIT ( * ) SI_UNIT ( $, .STERADIAN. ) SOLID_ANGLE_UNIT ( ) );
#9957 = STYLED_ITEM ( 'NONE', ( #6813 ), #4711 ) ;
#9958 = SURFACE_STYLE_FILL_AREA ( #7553 ) ;
#9959 = EDGE_LOOP ( 'NONE', ( #8170, #4641, #9597, #7140 ) ) ;
#9960 = LINE ( 'NONE', #3641, #949 ) ;
#9961 = ORIENTED_EDGE ( 'NONE', *, *, #603, .F. ) ;
#9962 =( LENGTH_UNIT ( ) NAMED_UNIT ( * ) SI_UNIT ( .MILLI., .METRE. ) );
#9963 = VERTEX_POINT ( 'NONE', #6331 ) ;
#9964 = COLOUR_RGB ( '',1.000000000000000000, 1.000000000000000000, 1.000000000000000000 ) ;
#9965 =( NAMED_UNIT ( * ) SI_UNIT ( $, .STERADIAN. ) SOLID_ANGLE_UNIT ( ) );
#9966 = AXIS2_PLACEMENT_3D ( 'NONE', #4863, #8006, #890 ) ;
#9967 =( LENGTH_UNIT ( ) NAMED_UNIT ( * ) SI_UNIT ( .MILLI., .METRE. ) );
#9968 = PRESENTATION_STYLE_ASSIGNMENT (( #6188 ) ) ;
#9969 = LINE ( 'NONE', #9406, #6384 ) ;
#9970 = ORIENTED_EDGE ( 'NONE', *, *, #5931, .F. ) ;
#9971 = PRESENTATION_STYLE_ASSIGNMENT (( #1176 ) ) ;
#9972 = SURFACE_STYLE_USAGE ( .BOTH. , #503 ) ;
#9973 = SURFACE_STYLE_USAGE ( .BOTH. , #5172 ) ;
#9974 = CARTESIAN_POINT ( 'NONE',  ( 8.050000000000000711, -3.399999999999999911, -2.800000000000000266 ) ) ;
#9975 = STYLED_ITEM ( 'NONE', ( #7688 ), #2819 ) ;
#9976 = CARTESIAN_POINT ( 'NONE',  ( 6.149999999999997691, -3.399999999999999911, -2.800000000000000266 ) ) ;
#9977 = CARTESIAN_POINT ( 'NONE',  ( 5.750000000000000000, -3.399999999999999911, 0.2500000000000002220 ) ) ;
#9978 = EDGE_CURVE ( 'NONE', #743, #8185, #8802, .T. ) ;
#9979 = VECTOR ( 'NONE', #6551, 1000.000000000000000 ) ;
#9980 = ORIENTED_EDGE ( 'NONE', *, *, #9544, .F. ) ;
#9981 = LINE ( 'NONE', #9870, #4105 ) ;
#9982 = PLANE ( 'NONE',  #5868 ) ;
#9983 = FACE_BOUND ( 'NONE', #6718, .T. ) ;
#9984 = SURFACE_STYLE_FILL_AREA ( #6166 ) ;
#9985 = VERTEX_POINT ( 'NONE', #6488 ) ;
#9986 = CARTESIAN_POINT ( 'NONE',  ( -1.350000000000000089, 1.149999999999999911, -2.350000000000001421 ) ) ;
#9987 = EDGE_CURVE ( 'NONE', #1212, #3855, #4001, .T. ) ;
#9988 = LINE ( 'NONE', #2835, #10016 ) ;
#9989 = CARTESIAN_POINT ( 'NONE',  ( -1.949999999999999956, 6.000000000000000000, -0.6800000000000000488 ) ) ;
#9990 = FILL_AREA_STYLE_COLOUR ( '', #3142 ) ;
#9991 = ORIENTED_EDGE ( 'NONE', *, *, #6021, .F. ) ;
#9992 =( LENGTH_UNIT ( ) NAMED_UNIT ( * ) SI_UNIT ( .MILLI., .METRE. ) );
#9993 = PRESENTATION_STYLE_ASSIGNMENT (( #1370 ) ) ;
#9994 = DIRECTION ( 'NONE',  ( 1.927470528863119049E-16, 0.0000000000000000000, -1.000000000000000000 ) ) ;
#9995 = DIRECTION ( 'NONE',  ( -1.362927481496328130E-16, 0.7071067811865451302, -0.7071067811865500152 ) ) ;
#9996 = ORIENTED_EDGE ( 'NONE', *, *, #9320, .F. ) ;
#9997 = CARTESIAN_POINT ( 'NONE',  ( 11.44999999999999751, -4.100000000000000533, 0.5500000000000010436 ) ) ;
#9998 = ORIENTED_EDGE ( 'NONE', *, *, #9558, .F. ) ;
#9999 = LINE ( 'NONE', #6065, #3825 ) ;
#10000 = VECTOR ( 'NONE', #8573, 1000.000000000000000 ) ;
#10001 = EDGE_CURVE ( 'NONE', #1816, #2283, #7237, .T. ) ;
#10002 = MECHANICAL_DESIGN_GEOMETRIC_PRESENTATION_REPRESENTATION (  '', ( #7551 ), #9676 ) ;
#10003 = ADVANCED_FACE ( 'NONE', ( #1542 ), #36, .F. ) ;
#10004 = FILL_AREA_STYLE_COLOUR ( '', #9543 ) ;
#10005 =( NAMED_UNIT ( * ) PLANE_ANGLE_UNIT ( ) SI_UNIT ( $, .RADIAN. ) );
#10006 = MECHANICAL_DESIGN_GEOMETRIC_PRESENTATION_REPRESENTATION (  '', ( #3406 ), #9179 ) ;
#10007 = VERTEX_POINT ( 'NONE', #3233 ) ;
#10008 = SURFACE_STYLE_USAGE ( .BOTH. , #9285 ) ;
#10009 = DIRECTION ( 'NONE',  ( -0.0000000000000000000, -0.0000000000000000000, -1.000000000000000000 ) ) ;
#10010 =( LENGTH_UNIT ( ) NAMED_UNIT ( * ) SI_UNIT ( .MILLI., .METRE. ) );
#10011 = FILL_AREA_STYLE_COLOUR ( '', #738 ) ;
#10012 =( GEOMETRIC_REPRESENTATION_CONTEXT ( 3 ) GLOBAL_UNCERTAINTY_ASSIGNED_CONTEXT ( ( #728 ) ) GLOBAL_UNIT_ASSIGNED_CONTEXT ( ( #7071, #6959, #3151 ) ) REPRESENTATION_CONTEXT ( 'NONE', 'WORKASPACE' ) );
#10013 = FILL_AREA_STYLE_COLOUR ( '', #7014 ) ;
#10014 = VERTEX_POINT ( 'NONE', #4781 ) ;
#10015 =( NAMED_UNIT ( * ) PLANE_ANGLE_UNIT ( ) SI_UNIT ( $, .RADIAN. ) );
#10016 = VECTOR ( 'NONE', #2036, 1000.000000000000000 ) ;
#10017 = VERTEX_POINT ( 'NONE', #6380 ) ;
#10018 = ORIENTED_EDGE ( 'NONE', *, *, #3326, .F. ) ;
#10019 = EDGE_CURVE ( 'NONE', #3770, #2636, #9605, .T. ) ;
#10020 = LINE ( 'NONE', #3802, #6306 ) ;
#10021 = ORIENTED_EDGE ( 'NONE', *, *, #7739, .F. ) ;
#10022 = DIRECTION ( 'NONE',  ( -1.000000000000000000, 0.0000000000000000000, 0.0000000000000000000 ) ) ;
#10023 = DIRECTION ( 'NONE',  ( -3.872150616019660190E-17, -1.000000000000000000, 0.0000000000000000000 ) ) ;
#10024 = CARTESIAN_POINT ( 'NONE',  ( 8.750000000000000000, 3.399999999999999467, -2.050000000000001599 ) ) ;
#10025 = MECHANICAL_DESIGN_GEOMETRIC_PRESENTATION_REPRESENTATION (  '', ( #4063 ), #5575 ) ;
#10026 = DIRECTION ( 'NONE',  ( 0.0000000000000000000, 0.0000000000000000000, -1.000000000000000000 ) ) ;
#10027 = SURFACE_SIDE_STYLE ('',( #3657 ) ) ;
#10028 = PRESENTATION_STYLE_ASSIGNMENT (( #7628 ) ) ;
#10029 = ORIENTED_EDGE ( 'NONE', *, *, #9374, .F. ) ;
#10030 = FACE_OUTER_BOUND ( 'NONE', #2968, .T. ) ;
#10031 = PRESENTATION_STYLE_ASSIGNMENT (( #4474 ) ) ;
#10032 =( NAMED_UNIT ( * ) PLANE_ANGLE_UNIT ( ) SI_UNIT ( $, .RADIAN. ) );
#10033 = DIRECTION ( 'NONE',  ( 3.872150616019660190E-17, 1.000000000000000000, -0.0000000000000000000 ) ) ;
#10034 = CARTESIAN_POINT ( 'NONE',  ( 12.14999999999999858, -3.399999999999999911, -2.800000000000000266 ) ) ;
#10035 =( GEOMETRIC_REPRESENTATION_CONTEXT ( 3 ) GLOBAL_UNCERTAINTY_ASSIGNED_CONTEXT ( ( #4832 ) ) GLOBAL_UNIT_ASSIGNED_CONTEXT ( ( #7488, #8278, #8087 ) ) REPRESENTATION_CONTEXT ( 'NONE', 'WORKASPACE' ) );
#10036 = UNCERTAINTY_MEASURE_WITH_UNIT (LENGTH_MEASURE( 1.000000000000000082E-05 ), #9252, 'distance_accuracy_value', 'NONE');
#10037 = DIRECTION ( 'NONE',  ( 1.668003342285392044E-16, 0.0000000000000000000, 1.000000000000000000 ) ) ;
#10038 = LINE ( 'NONE', #2933, #2203 ) ;
#10039 = CARTESIAN_POINT ( 'NONE',  ( -1.949999999999999956, 6.000000000000000000, -2.800000000000000266 ) ) ;
#10040 = MECHANICAL_DESIGN_GEOMETRIC_PRESENTATION_REPRESENTATION (  '', ( #77 ), #87 ) ;
#10041 = EDGE_LOOP ( 'NONE', ( #7042, #8167, #2841, #3211 ) ) ;
#10042 = ORIENTED_EDGE ( 'NONE', *, *, #789, .T. ) ;
#10043 =( GEOMETRIC_REPRESENTATION_CONTEXT ( 3 ) GLOBAL_UNCERTAINTY_ASSIGNED_CONTEXT ( ( #1587 ) ) GLOBAL_UNIT_ASSIGNED_CONTEXT ( ( #274, #6528, #2572 ) ) REPRESENTATION_CONTEXT ( 'NONE', 'WORKASPACE' ) );
#10044 = EDGE_CURVE ( 'NONE', #8384, #10014, #6434, .T. ) ;
#10045 = SURFACE_STYLE_USAGE ( .BOTH. , #5130 ) ;
#10046 = ORIENTED_EDGE ( 'NONE', *, *, #6753, .F. ) ;
#10047 = STYLED_ITEM ( 'NONE', ( #8144 ), #952 ) ;
#10048 =( GEOMETRIC_REPRESENTATION_CONTEXT ( 3 ) GLOBAL_UNCERTAINTY_ASSIGNED_CONTEXT ( ( #388 ) ) GLOBAL_UNIT_ASSIGNED_CONTEXT ( ( #7943, #5637, #1657 ) ) REPRESENTATION_CONTEXT ( 'NONE', 'WORKASPACE' ) );
#10049 = CARTESIAN_POINT ( 'NONE',  ( 0.0000000000000000000, 0.0000000000000000000, 0.0000000000000000000 ) ) ;
#10050 = LINE ( 'NONE', #2943, #10208 ) ;
#10051 = SURFACE_STYLE_USAGE ( .BOTH. , #2845 ) ;
#10052 = ORIENTED_EDGE ( 'NONE', *, *, #1507, .T. ) ;
#10053 = UNCERTAINTY_MEASURE_WITH_UNIT (LENGTH_MEASURE( 1.000000000000000082E-05 ), #5857, 'distance_accuracy_value', 'NONE');
#10054 = COLOUR_RGB ( '',1.000000000000000000, 0.8117647058823529438, 0.5019607843137254832 ) ;
#10055 = EDGE_LOOP ( 'NONE', ( #1373, #4211, #2799, #1342 ) ) ;
#10056 = MECHANICAL_DESIGN_GEOMETRIC_PRESENTATION_REPRESENTATION (  '', ( #8065 ), #9724 ) ;
#10057 = CARTESIAN_POINT ( 'NONE',  ( 1.750000000000000222, 1.800000000000000044, 0.2500000000000002220 ) ) ;
#10058 = SURFACE_STYLE_FILL_AREA ( #8488 ) ;
#10059 = FACE_OUTER_BOUND ( 'NONE', #5555, .T. ) ;
#10060 = MECHANICAL_DESIGN_GEOMETRIC_PRESENTATION_REPRESENTATION (  '', ( #7392 ), #5613 ) ;
#10061 = ORIENTED_EDGE ( 'NONE', *, *, #2837, .T. ) ;
#10062 = SURFACE_STYLE_FILL_AREA ( #5367 ) ;
#10063 = STYLED_ITEM ( 'NONE', ( #493 ), #9254 ) ;
#10064 = DIRECTION ( 'NONE',  ( -5.421010862427522170E-17, -1.000000000000000000, 2.350988701644575016E-32 ) ) ;
#10065 = FACE_OUTER_BOUND ( 'NONE', #9048, .T. ) ;
#10066 =( NAMED_UNIT ( * ) PLANE_ANGLE_UNIT ( ) SI_UNIT ( $, .RADIAN. ) );
#10067 = EDGE_CURVE ( 'NONE', #6416, #4525, #3383, .T. ) ;
#10068 = SURFACE_SIDE_STYLE ('',( #6026 ) ) ;
#10069 = CARTESIAN_POINT ( 'NONE',  ( 4.049999999999999822, 3.149999999999995470, -2.050000000000001599 ) ) ;
#10070 = CARTESIAN_POINT ( 'NONE',  ( 4.699999999999999289, 0.1999999999999999833, -2.800000000000000266 ) ) ;
#10071 = EDGE_CURVE ( 'NONE', #4922, #2745, #5040, .T. ) ;
#10072 = ORIENTED_EDGE ( 'NONE', *, *, #6477, .F. ) ;
#10073 = ORIENTED_EDGE ( 'NONE', *, *, #7910, .F. ) ;
#10074 = LINE ( 'NONE', #5373, #1633 ) ;
#10075 = ORIENTED_EDGE ( 'NONE', *, *, #9206, .T. ) ;
#10076 = MECHANICAL_DESIGN_GEOMETRIC_PRESENTATION_REPRESENTATION (  '', ( #6100 ), #5113 ) ;
#10077 = COLOUR_RGB ( '',1.000000000000000000, 0.8117647058823529438, 0.5019607843137254832 ) ;
#10078 = MECHANICAL_DESIGN_GEOMETRIC_PRESENTATION_REPRESENTATION (  '', ( #2778 ), #934 ) ;
#10079 = DIRECTION ( 'NONE',  ( -3.833233541708420554E-17, -0.7071067811865447972, -0.7071067811865502373 ) ) ;
#10080 = LINE ( 'NONE', #2230, #5360 ) ;
#10081 = PLANE ( 'NONE',  #7547 ) ;
#10082 = EDGE_CURVE ( 'NONE', #1212, #8895, #1053, .T. ) ;
#10083 = VERTEX_POINT ( 'NONE', #7484 ) ;
#10084 = SURFACE_STYLE_FILL_AREA ( #7785 ) ;
#10085 = VECTOR ( 'NONE', #8989, 1000.000000000000000 ) ;
#10086 = CARTESIAN_POINT ( 'NONE',  ( 11.85000000000000497, 5.100000000000001421, 0.1499999999999973577 ) ) ;
#10087 = EDGE_CURVE ( 'NONE', #3770, #4662, #4336, .T. ) ;
#10088 = LINE ( 'NONE', #1401, #3344 ) ;
#10089 =( NAMED_UNIT ( * ) PLANE_ANGLE_UNIT ( ) SI_UNIT ( $, .RADIAN. ) );
#10090 = ORIENTED_EDGE ( 'NONE', *, *, #3985, .T. ) ;
#10091 = ORIENTED_EDGE ( 'NONE', *, *, #2035, .T. ) ;
#10092 =( NAMED_UNIT ( * ) PLANE_ANGLE_UNIT ( ) SI_UNIT ( $, .RADIAN. ) );
#10093 = PRESENTATION_STYLE_ASSIGNMENT (( #562 ) ) ;
#10094 = PRESENTATION_STYLE_ASSIGNMENT (( #3914 ) ) ;
#10095 = SURFACE_SIDE_STYLE ('',( #7985 ) ) ;
#10096 = SURFACE_STYLE_FILL_AREA ( #6106 ) ;
#10097 = VERTEX_POINT ( 'NONE', #3571 ) ;
#10098 = DIRECTION ( 'NONE',  ( 0.5773502691896246208, -0.5773502691896266192, 0.5773502691896260641 ) ) ;
#10099 = EDGE_CURVE ( 'NONE', #4865, #3315, #6717, .T. ) ;
#10100 = FILL_AREA_STYLE ('',( #1617 ) ) ;
#10101 =( NAMED_UNIT ( * ) SI_UNIT ( $, .STERADIAN. ) SOLID_ANGLE_UNIT ( ) );
#10102 = UNCERTAINTY_MEASURE_WITH_UNIT (LENGTH_MEASURE( 1.000000000000000082E-05 ), #2700, 'distance_accuracy_value', 'NONE');
#10103 = ORIENTED_EDGE ( 'NONE', *, *, #3204, .F. ) ;
#10104 = STYLED_ITEM ( 'NONE', ( #7963 ), #3631 ) ;
#10105 = DIRECTION ( 'NONE',  ( 1.000000000000000000, -5.421010862427522170E-17, 0.0000000000000000000 ) ) ;
#10106 = LINE ( 'NONE', #1250, #8156 ) ;
#10107 =( LENGTH_UNIT ( ) NAMED_UNIT ( * ) SI_UNIT ( .MILLI., .METRE. ) );
#10108 =( NAMED_UNIT ( * ) PLANE_ANGLE_UNIT ( ) SI_UNIT ( $, .RADIAN. ) );
#10109 =( GEOMETRIC_REPRESENTATION_CONTEXT ( 3 ) GLOBAL_UNCERTAINTY_ASSIGNED_CONTEXT ( ( #9357 ) ) GLOBAL_UNIT_ASSIGNED_CONTEXT ( ( #2582, #4891, #40 ) ) REPRESENTATION_CONTEXT ( 'NONE', 'WORKASPACE' ) );
#10110 = VECTOR ( 'NONE', #10033, 1000.000000000000000 ) ;
#10111 = PLANE ( 'NONE',  #10184 ) ;
#10112 = ORIENTED_EDGE ( 'NONE', *, *, #8840, .F. ) ;
#10113 =( NAMED_UNIT ( * ) SI_UNIT ( $, .STERADIAN. ) SOLID_ANGLE_UNIT ( ) );
#10114 =( GEOMETRIC_REPRESENTATION_CONTEXT ( 3 ) GLOBAL_UNCERTAINTY_ASSIGNED_CONTEXT ( ( #1409 ) ) GLOBAL_UNIT_ASSIGNED_CONTEXT ( ( #1027, #8244, #9965 ) ) REPRESENTATION_CONTEXT ( 'NONE', 'WORKASPACE' ) );
#10115 = CARTESIAN_POINT ( 'NONE',  ( 8.750000000000000000, 1.149999999999999911, -2.050000000000001599 ) ) ;
#10116 = ORIENTED_EDGE ( 'NONE', *, *, #8796, .F. ) ;
#10117 =( LENGTH_UNIT ( ) NAMED_UNIT ( * ) SI_UNIT ( .MILLI., .METRE. ) );
#10118 =( NAMED_UNIT ( * ) SI_UNIT ( $, .STERADIAN. ) SOLID_ANGLE_UNIT ( ) );
#10119 = PRESENTATION_STYLE_ASSIGNMENT (( #2856 ) ) ;
#10120 = SURFACE_STYLE_FILL_AREA ( #6929 ) ;
#10121 = UNCERTAINTY_MEASURE_WITH_UNIT (LENGTH_MEASURE( 1.000000000000000082E-05 ), #9589, 'distance_accuracy_value', 'NONE');
#10122 = DIRECTION ( 'NONE',  ( -0.0000000000000000000, 1.000000000000000000, -0.0000000000000000000 ) ) ;
#10123 = VECTOR ( 'NONE', #8086, 1000.000000000000000 ) ;
#10124 = SURFACE_STYLE_USAGE ( .BOTH. , #9295 ) ;
#10125 = VERTEX_POINT ( 'NONE', #326 ) ;
#10126 = EDGE_CURVE ( 'NONE', #4231, #2037, #278, .T. ) ;
#10127 = STYLED_ITEM ( 'NONE', ( #423 ), #6210 ) ;
#10128 = COLOUR_RGB ( '',1.000000000000000000, 1.000000000000000000, 1.000000000000000000 ) ;
#10129 = ORIENTED_EDGE ( 'NONE', *, *, #325, .T. ) ;
#10130 = VERTEX_POINT ( 'NONE', #5809 ) ;
#10131 = DIRECTION ( 'NONE',  ( 1.000000000000000000, 0.0000000000000000000, 0.0000000000000000000 ) ) ;
#10132 = SURFACE_SIDE_STYLE ('',( #10084 ) ) ;
#10133 = DIRECTION ( 'NONE',  ( -3.872150616019660190E-17, -1.000000000000000000, 0.0000000000000000000 ) ) ;
#10134 = PRESENTATION_STYLE_ASSIGNMENT (( #8990 ) ) ;
#10135 =( NAMED_UNIT ( * ) PLANE_ANGLE_UNIT ( ) SI_UNIT ( $, .RADIAN. ) );
#10136 =( GEOMETRIC_REPRESENTATION_CONTEXT ( 3 ) GLOBAL_UNCERTAINTY_ASSIGNED_CONTEXT ( ( #908 ) ) GLOBAL_UNIT_ASSIGNED_CONTEXT ( ( #9066, #4333, #5135 ) ) REPRESENTATION_CONTEXT ( 'NONE', 'WORKASPACE' ) );
#10137 = DIRECTION ( 'NONE',  ( -1.000000000000000000, 0.0000000000000000000, -0.0000000000000000000 ) ) ;
#10138 = AXIS2_PLACEMENT_3D ( 'NONE', #2197, #5554, #10149 ) ;
#10139 = CARTESIAN_POINT ( 'NONE',  ( -1.180000000000000382, 4.229999999999999538, 1.700000000000000178 ) ) ;
#10140 =( NAMED_UNIT ( * ) PLANE_ANGLE_UNIT ( ) SI_UNIT ( $, .RADIAN. ) );
#10141 = EDGE_CURVE ( 'NONE', #8452, #6779, #7289, .T. ) ;
#10142 = EDGE_CURVE ( 'NONE', #5521, #3773, #6629, .T. ) ;
#10143 = FILL_AREA_STYLE ('',( #7065 ) ) ;
#10144 = ORIENTED_EDGE ( 'NONE', *, *, #94, .F. ) ;
#10145 = VECTOR ( 'NONE', #2712, 1000.000000000000114 ) ;
#10146 = DIRECTION ( 'NONE',  ( 1.000000000000000000, -0.0000000000000000000, -0.0000000000000000000 ) ) ;
#10147 = CARTESIAN_POINT ( 'NONE',  ( 8.050000000000000711, 3.149999999999995470, -2.050000000000001599 ) ) ;
#10148 = SURFACE_SIDE_STYLE ('',( #8729 ) ) ;
#10149 = DIRECTION ( 'NONE',  ( -4.336808689942017736E-16, 0.0000000000000000000, -1.000000000000000000 ) ) ;
#10150 = ORIENTED_EDGE ( 'NONE', *, *, #2654, .T. ) ;
#10151 = ORIENTED_EDGE ( 'NONE', *, *, #9936, .F. ) ;
#10152 = FACE_OUTER_BOUND ( 'NONE', #7933, .T. ) ;
#10153 = EDGE_CURVE ( 'NONE', #4302, #3056, #181, .T. ) ;
#10154 = DIRECTION ( 'NONE',  ( 1.927470528863119542E-16, -1.000000000000000000, 0.0000000000000000000 ) ) ;
#10155 = EDGE_LOOP ( 'NONE', ( #8018, #7171, #5330, #1916 ) ) ;
#10156 =( NAMED_UNIT ( * ) PLANE_ANGLE_UNIT ( ) SI_UNIT ( $, .RADIAN. ) );
#10157 = DIRECTION ( 'NONE',  ( -1.000000000000000000, 5.421010862427522170E-17, 0.0000000000000000000 ) ) ;
#10158 = CYLINDRICAL_SURFACE ( 'NONE', #6709, 0.05000000000000019013 ) ;
#10159 = ORIENTED_EDGE ( 'NONE', *, *, #3081, .T. ) ;
#10160 = VERTEX_POINT ( 'NONE', #6534 ) ;
#10161 = LINE ( 'NONE', #9387, #9635 ) ;
#10162 = LINE ( 'NONE', #9333, #8199 ) ;
#10163 = EDGE_LOOP ( 'NONE', ( #801, #6517, #5810, #4651 ) ) ;
#10164 = CARTESIAN_POINT ( 'NONE',  ( 8.050000000000000711, 5.100000000000001421, -0.1499999999999969136 ) ) ;
#10165 = LINE ( 'NONE', #8174, #3278 ) ;
#10166 = DIRECTION ( 'NONE',  ( 1.000000000000000000, -5.421010862427522170E-17, 0.0000000000000000000 ) ) ;
#10167 = DIRECTION ( 'NONE',  ( -4.336808689942017736E-16, 0.0000000000000000000, -1.000000000000000000 ) ) ;
#10168 = VECTOR ( 'NONE', #315, 1000.000000000000000 ) ;
#10169 = DIRECTION ( 'NONE',  ( 9.103382349328301547E-49, 2.350988701644575016E-32, 1.000000000000000000 ) ) ;
#10170 = VERTEX_POINT ( 'NONE', #1004 ) ;
#10171 = UNCERTAINTY_MEASURE_WITH_UNIT (LENGTH_MEASURE( 1.000000000000000082E-05 ), #8513, 'distance_accuracy_value', 'NONE');
#10172 = EDGE_CURVE ( 'NONE', #2104, #3668, #228, .T. ) ;
#10173 = MECHANICAL_DESIGN_GEOMETRIC_PRESENTATION_REPRESENTATION (  '', ( #3052 ), #2212 ) ;
#10174 = AXIS2_PLACEMENT_3D ( 'NONE', #9186, #6877, #8333 ) ;
#10175 = LINE ( 'NONE', #765, #4854 ) ;
#10176 = VERTEX_POINT ( 'NONE', #5092 ) ;
#10177 = CARTESIAN_POINT ( 'NONE',  ( 3.850000000000003197, 5.100000000000001421, 0.1499999999999973577 ) ) ;
#10178 = PLANE ( 'NONE',  #5245 ) ;
#10179 = DIRECTION ( 'NONE',  ( -3.872150616019660190E-17, -1.000000000000000000, 0.0000000000000000000 ) ) ;
#10180 = SURFACE_SIDE_STYLE ('',( #6999 ) ) ;
#10181 = ADVANCED_FACE ( 'NONE', ( #1098 ), #5138, .T. ) ;
#10182 = PRESENTATION_STYLE_ASSIGNMENT (( #7 ) ) ;
#10183 = UNCERTAINTY_MEASURE_WITH_UNIT (LENGTH_MEASURE( 1.000000000000000082E-05 ), #8181, 'distance_accuracy_value', 'NONE');
#10184 = AXIS2_PLACEMENT_3D ( 'NONE', #427, #6173, #1425 ) ;
#10185 = PLANE ( 'NONE',  #4643 ) ;
#10186 = COLOUR_RGB ( '',1.000000000000000000, 0.8117647058823529438, 0.5019607843137254832 ) ;
#10187 = EDGE_LOOP ( 'NONE', ( #6196, #5537, #9220, #1951 ) ) ;
#10188 = SURFACE_STYLE_FILL_AREA ( #1521 ) ;
#10189 = CARTESIAN_POINT ( 'NONE',  ( -1.949999999999999956, 6.000000000000000000, 0.3199999999999999512 ) ) ;
#10190 =( NAMED_UNIT ( * ) SI_UNIT ( $, .STERADIAN. ) SOLID_ANGLE_UNIT ( ) );
#10191 = LINE ( 'NONE', #8829, #5871 ) ;
#10192 = SURFACE_STYLE_USAGE ( .BOTH. , #8318 ) ;
#10193 = EDGE_CURVE ( 'NONE', #6205, #8073, #8130, .T. ) ;
#10194 = CARTESIAN_POINT ( 'NONE',  ( 0.2499999999999997780, -3.399999999999999911, -0.1500000000000021316 ) ) ;
#10195 = UNCERTAINTY_MEASURE_WITH_UNIT (LENGTH_MEASURE( 1.000000000000000082E-05 ), #6783, 'distance_accuracy_value', 'NONE');
#10196 = EDGE_CURVE ( 'NONE', #1146, #2533, #1200, .T. ) ;
#10197 = VERTEX_POINT ( 'NONE', #1256 ) ;
#10198 = EDGE_LOOP ( 'NONE', ( #8361, #8960, #1277, #5343 ) ) ;
#10199 = STYLED_ITEM ( 'NONE', ( #3580 ), #7385 ) ;
#10200 = DIRECTION ( 'NONE',  ( 0.0000000000000000000, -0.0000000000000000000, -1.000000000000000000 ) ) ;
#10201 = VECTOR ( 'NONE', #5191, 1000.000000000000000 ) ;
#10202 = STYLED_ITEM ( 'NONE', ( #7287 ), #7650 ) ;
#10203 = DIRECTION ( 'NONE',  ( 1.000000000000000000, -0.0000000000000000000, -5.455105270367317620E-17 ) ) ;
#10204 = EDGE_CURVE ( 'NONE', #21, #9037, #2099, .T. ) ;
#10205 = ORIENTED_EDGE ( 'NONE', *, *, #6937, .F. ) ;
#10206 = FACE_OUTER_BOUND ( 'NONE', #7701, .T. ) ;
#10207 = AXIS2_PLACEMENT_3D ( 'NONE', #2930, #3820, #5342 ) ;
#10208 = VECTOR ( 'NONE', #6115, 1000.000000000000114 ) ;
#10209 = DIRECTION ( 'NONE',  ( 1.000000000000000000, 0.0000000000000000000, 0.0000000000000000000 ) ) ;
#10210 = ORIENTED_EDGE ( 'NONE', *, *, #7507, .F. ) ;
#10211 = PLANE ( 'NONE',  #9460 ) ;
#10212 = LINE ( 'NONE', #3108, #2750 ) ;
#10213 = EDGE_LOOP ( 'NONE', ( #7388, #3181, #1246, #2681, #8923 ) ) ;
#10214 = DIRECTION ( 'NONE',  ( -0.0000000000000000000, -0.0000000000000000000, 1.000000000000000000 ) ) ;
#10215 = DIRECTION ( 'NONE',  ( -1.000000000000000000, 3.872150616019660190E-17, -0.0000000000000000000 ) ) ;
#10216 = ORIENTED_EDGE ( 'NONE', *, *, #847, .T. ) ;
#10217 = PRESENTATION_LAYER_ASSIGNMENT (  '', '', ( #6088 ) ) ;
#10218 = EDGE_CURVE ( 'NONE', #9502, #4278, #7756, .T. ) ;
#10219 = ORIENTED_EDGE ( 'NONE', *, *, #1092, .F. ) ;
#10220 = LINE ( 'NONE', #4566, #8260 ) ;
#10221 = EDGE_LOOP ( 'NONE', ( #3807, #7446, #1336, #6281 ) ) ;
#10222 = DIRECTION ( 'NONE',  ( -4.336808689942017736E-16, 0.0000000000000000000, -1.000000000000000000 ) ) ;
#10223 = VECTOR ( 'NONE', #10009, 1000.000000000000000 ) ;
#10224 = AXIS2_PLACEMENT_3D ( 'NONE', #7718, #2280, #2223 ) ;
#10225 = FILL_AREA_STYLE_COLOUR ( '', #434 ) ;
#10226 = DIRECTION ( 'NONE',  ( 0.0000000000000000000, -0.0000000000000000000, 1.000000000000000000 ) ) ;
#10227 = ORIENTED_EDGE ( 'NONE', *, *, #1171, .F. ) ;
#10228 = SURFACE_STYLE_FILL_AREA ( #9457 ) ;
#10229 = SURFACE_STYLE_USAGE ( .BOTH. , #6147 ) ;
#10230 = EDGE_CURVE ( 'NONE', #6861, #3337, #2795, .T. ) ;
#10231 =( LENGTH_UNIT ( ) NAMED_UNIT ( * ) SI_UNIT ( .MILLI., .METRE. ) );
#10232 = PLANE ( 'NONE',  #3393 ) ;
#10233 = VERTEX_POINT ( 'NONE', #4549 ) ;
#10234 = COLOUR_RGB ( '',1.000000000000000000, 1.000000000000000000, 1.000000000000000000 ) ;
#10235 = CARTESIAN_POINT ( 'NONE',  ( 7.750000000000000000, -3.399999999999999911, 0.2500000000000002220 ) ) ;
#10236 = FILL_AREA_STYLE ('',( #4693 ) ) ;
#10237 = DIRECTION ( 'NONE',  ( -0.0000000000000000000, 0.0000000000000000000, 1.000000000000000000 ) ) ;
#10238 =( GEOMETRIC_REPRESENTATION_CONTEXT ( 3 ) GLOBAL_UNCERTAINTY_ASSIGNED_CONTEXT ( ( #5852 ) ) GLOBAL_UNIT_ASSIGNED_CONTEXT ( ( #3632, #7869, #5118 ) ) REPRESENTATION_CONTEXT ( 'NONE', 'WORKASPACE' ) );
#10239 = PRESENTATION_LAYER_ASSIGNMENT (  '', '', ( #5780 ) ) ;
#10240 = DIRECTION ( 'NONE',  ( -3.872150616019660190E-17, -1.000000000000000000, 0.0000000000000000000 ) ) ;
#10241 =( LENGTH_UNIT ( ) NAMED_UNIT ( * ) SI_UNIT ( .MILLI., .METRE. ) );
#10242 =( LENGTH_UNIT ( ) NAMED_UNIT ( * ) SI_UNIT ( .MILLI., .METRE. ) );
#10243 =( NAMED_UNIT ( * ) PLANE_ANGLE_UNIT ( ) SI_UNIT ( $, .RADIAN. ) );
#10244 = DIRECTION ( 'NONE',  ( 1.000000000000000000, -5.421010862427522170E-17, 0.0000000000000000000 ) ) ;
#10245 = LINE ( 'NONE', #2417, #3269 ) ;
#10246 = DIRECTION ( 'NONE',  ( 0.0000000000000000000, -1.000000000000000000, 0.0000000000000000000 ) ) ;
#10247 = ORIENTED_EDGE ( 'NONE', *, *, #7317, .T. ) ;
#10248 = FACE_OUTER_BOUND ( 'NONE', #9339, .T. ) ;
#10249 = AXIS2_PLACEMENT_3D ( 'NONE', #3585, #7403, #6642 ) ;
#10250 = FILL_AREA_STYLE_COLOUR ( '', #8598 ) ;
#10251 = ORIENTED_EDGE ( 'NONE', *, *, #1912, .F. ) ;
#10252 = EDGE_CURVE ( 'NONE', #1579, #2084, #9946, .T. ) ;
#10253 = CARTESIAN_POINT ( 'NONE',  ( 11.25000000000000000, 3.399999999999999467, -2.300000000000006928 ) ) ;
#10254 = CARTESIAN_POINT ( 'NONE',  ( 13.94999999999999751, 1.380000000000003890, 1.300000000000000044 ) ) ;
#10255 = LINE ( 'NONE', #8541, #2273 ) ;
#10256 = ORIENTED_EDGE ( 'NONE', *, *, #4572, .F. ) ;
#10257 = AXIS2_PLACEMENT_3D ( 'NONE', #3467, #4977, #6614 ) ;
#10258 =( GEOMETRIC_REPRESENTATION_CONTEXT ( 3 ) GLOBAL_UNCERTAINTY_ASSIGNED_CONTEXT ( ( #9395 ) ) GLOBAL_UNIT_ASSIGNED_CONTEXT ( ( #9110, #5352, #4655 ) ) REPRESENTATION_CONTEXT ( 'NONE', 'WORKASPACE' ) );
#10259 = ADVANCED_FACE ( 'NONE', ( #2887 ), #1994, .F. ) ;
#10260 = ADVANCED_FACE ( 'NONE', ( #7596 ), #10111, .F. ) ;
#10261 = VECTOR ( 'NONE', #1112, 1000.000000000000000 ) ;
#10262 = PRESENTATION_LAYER_ASSIGNMENT (  '', '', ( #460 ) ) ;
#10263 = EDGE_LOOP ( 'NONE', ( #8099, #4277, #5489, #9732 ) ) ;
#10264 = DIRECTION ( 'NONE',  ( 0.0000000000000000000, 0.7071067811865475727, -0.7071067811865475727 ) ) ;
#10265 = FILL_AREA_STYLE ('',( #692 ) ) ;
#10266 = CARTESIAN_POINT ( 'NONE',  ( 10.96666666666666856, -2.516666666666663499, -1.033333333333334547 ) ) ;
#10267 = UNCERTAINTY_MEASURE_WITH_UNIT (LENGTH_MEASURE( 1.000000000000000082E-05 ), #5235, 'distance_accuracy_value', 'NONE');
#10268 = DIRECTION ( 'NONE',  ( 0.0000000000000000000, -0.7071067811865451302, 0.7071067811865500152 ) ) ;
#10269 = ORIENTED_EDGE ( 'NONE', *, *, #5765, .T. ) ;
#10270 = ORIENTED_EDGE ( 'NONE', *, *, #5196, .T. ) ;
#10271 = UNCERTAINTY_MEASURE_WITH_UNIT (LENGTH_MEASURE( 1.000000000000000082E-05 ), #709, 'distance_accuracy_value', 'NONE');
#10272 = COLOUR_RGB ( '',1.000000000000000000, 1.000000000000000000, 1.000000000000000000 ) ;
#10273 = AXIS2_PLACEMENT_3D ( 'NONE', #9297, #6989, #6935 ) ;
#10274 = EDGE_CURVE ( 'NONE', #2648, #9661, #8544, .T. ) ;
#10275 =( NAMED_UNIT ( * ) SI_UNIT ( $, .STERADIAN. ) SOLID_ANGLE_UNIT ( ) );
#10276 = FILL_AREA_STYLE ('',( #2290 ) ) ;
#10277 = CARTESIAN_POINT ( 'NONE',  ( 6.249999999999998224, 4.999999999999997335, -0.2499999999999997780 ) ) ;
#10278 = FILL_AREA_STYLE_COLOUR ( '', #5932 ) ;
#10279 = DIRECTION ( 'NONE',  ( -1.000000000000000000, 0.0000000000000000000, -0.0000000000000000000 ) ) ;
ENDSEC;
END-ISO-10303-21;
