ISO-10303-21;
HEADER;
FILE_DESCRIPTION (( 'STEP AP214' ),
    '1' );
FILE_NAME ('JST-B6B-PH-K-S.STEP',
    '2020-12-29T22:27:54',
    ( '' ),
    ( '' ),
    'SwSTEP 2.0',
    'SolidWorks 2020',
    '' );
FILE_SCHEMA (( 'AUTOMOTIVE_DESIGN' ));
ENDSEC;

DATA;
#1 = DIRECTION ( 'NONE',  ( 1.000000000000000000, -5.421010862427522170E-17, 0.0000000000000000000 ) ) ;
#2 = CARTESIAN_POINT ( 'NONE',  ( 7.750000000000000000, -3.399999999999999911, -0.2499999999999997780 ) ) ;
#3 = VERTEX_POINT ( 'NONE', #4349 ) ;
#4 = DIRECTION ( 'NONE',  ( -1.000000000000000000, 3.872150616019660190E-17, 0.0000000000000000000 ) ) ;
#5 = VECTOR ( 'NONE', #613, 1000.000000000000000 ) ;
#6 =( NAMED_UNIT ( * ) PLANE_ANGLE_UNIT ( ) SI_UNIT ( $, .RADIAN. ) );
#7 = COLOUR_RGB ( '',1.000000000000000000, 1.000000000000000000, 1.000000000000000000 ) ;
#8 =( NAMED_UNIT ( * ) SI_UNIT ( $, .STERADIAN. ) SOLID_ANGLE_UNIT ( ) );
#9 = ORIENTED_EDGE ( 'NONE', *, *, #7676, .F. ) ;
#10 = AXIS2_PLACEMENT_3D ( 'NONE', #2663, #4090, #4641 ) ;
#11 = CARTESIAN_POINT ( 'NONE',  ( 3.916666666666665630, 5.166666666666667851, -0.08333333333333456383 ) ) ;
#12 = ORIENTED_EDGE ( 'NONE', *, *, #5730, .F. ) ;
#13 =( GEOMETRIC_REPRESENTATION_CONTEXT ( 3 ) GLOBAL_UNCERTAINTY_ASSIGNED_CONTEXT ( ( #5729 ) ) GLOBAL_UNIT_ASSIGNED_CONTEXT ( ( #5935, #942, #8022 ) ) REPRESENTATION_CONTEXT ( 'NONE', 'WORKASPACE' ) );
#14 = DIRECTION ( 'NONE',  ( -1.000000000000000000, 3.872150616019660190E-17, 0.0000000000000000000 ) ) ;
#15 = DIRECTION ( 'NONE',  ( 1.000000000000000000, -5.421010862427522170E-17, 0.0000000000000000000 ) ) ;
#16 = ORIENTED_EDGE ( 'NONE', *, *, #5806, .F. ) ;
#17 = EDGE_CURVE ( 'NONE', #8318, #8361, #99, .T. ) ;
#18 = EDGE_CURVE ( 'NONE', #6546, #3545, #7939, .T. ) ;
#19 = EDGE_CURVE ( 'NONE', #8064, #7743, #7806, .T. ) ;
#20 = AXIS2_PLACEMENT_3D ( 'NONE', #1572, #6607, #3833 ) ;
#21 = AXIS2_PLACEMENT_3D ( 'NONE', #1031, #7373, #2419 ) ;
#22 = VECTOR ( 'NONE', #8903, 1000.000000000000000 ) ;
#23 = UNCERTAINTY_MEASURE_WITH_UNIT (LENGTH_MEASURE( 1.000000000000000082E-05 ), #2907, 'distance_accuracy_value', 'NONE');
#24 =( LENGTH_UNIT ( ) NAMED_UNIT ( * ) SI_UNIT ( .MILLI., .METRE. ) );
#25 = CARTESIAN_POINT ( 'NONE',  ( 1.750000000000000222, -3.399999999999999911, 0.2500000000000002220 ) ) ;
#26 = FILL_AREA_STYLE ('',( #2719 ) ) ;
#27 = FILL_AREA_STYLE_COLOUR ( '', #2967 ) ;
#28 = FILL_AREA_STYLE_COLOUR ( '', #3065 ) ;
#29 = ORIENTED_EDGE ( 'NONE', *, *, #5412, .T. ) ;
#30 = STYLED_ITEM ( 'NONE', ( #1108 ), #5066 ) ;
#31 = EDGE_CURVE ( 'NONE', #6716, #600, #5171, .T. ) ;
#32 = MECHANICAL_DESIGN_GEOMETRIC_PRESENTATION_REPRESENTATION (  '', ( #3283 ), #441 ) ;
#33 = EDGE_CURVE ( 'NONE', #2290, #3937, #8612, .T. ) ;
#34 = CARTESIAN_POINT ( 'NONE',  ( 0.2500000000000002220, 5.000000000000000888, 0.2500000000000002220 ) ) ;
#35 = DIRECTION ( 'NONE',  ( 1.000000000000000000, -5.421010862427522170E-17, 0.0000000000000000000 ) ) ;
#36 =( NAMED_UNIT ( * ) SI_UNIT ( $, .STERADIAN. ) SOLID_ANGLE_UNIT ( ) );
#37 = PRESENTATION_STYLE_ASSIGNMENT (( #7742 ) ) ;
#38 = VERTEX_POINT ( 'NONE', #852 ) ;
#39 = COLOUR_RGB ( '',1.000000000000000000, 0.8117647058823529438, 0.5019607843137254832 ) ;
#40 = UNCERTAINTY_MEASURE_WITH_UNIT (LENGTH_MEASURE( 1.000000000000000082E-05 ), #8540, 'distance_accuracy_value', 'NONE');
#41 = CARTESIAN_POINT ( 'NONE',  ( 11.35000000000000142, 5.650000000000000355, 1.249999999999998446 ) ) ;
#42 = CARTESIAN_POINT ( 'NONE',  ( 0.7500000000000002220, 3.399999999999999467, -2.050000000000001599 ) ) ;
#43 = FACE_OUTER_BOUND ( 'NONE', #4738, .T. ) ;
#44 = ORIENTED_EDGE ( 'NONE', *, *, #8751, .T. ) ;
#45 = FACE_OUTER_BOUND ( 'NONE', #4556, .T. ) ;
#46 = PLANE ( 'NONE',  #1183 ) ;
#47 = LINE ( 'NONE', #5085, #8288 ) ;
#48 = ORIENTED_EDGE ( 'NONE', *, *, #9089, .T. ) ;
#49 = PLANE ( 'NONE',  #6945 ) ;
#50 = LINE ( 'NONE', #2873, #3042 ) ;
#51 = VERTEX_POINT ( 'NONE', #766 ) ;
#52 = VECTOR ( 'NONE', #6947, 1000.000000000000000 ) ;
#53 = COLOUR_RGB ( '',1.000000000000000000, 1.000000000000000000, 1.000000000000000000 ) ;
#54 = PRESENTATION_STYLE_ASSIGNMENT (( #2789 ) ) ;
#55 = SURFACE_SIDE_STYLE ('',( #943 ) ) ;
#56 = DIRECTION ( 'NONE',  ( 0.0000000000000000000, 1.000000000000000000, 0.0000000000000000000 ) ) ;
#57 = SURFACE_STYLE_USAGE ( .BOTH. , #4350 ) ;
#58 = DIRECTION ( 'NONE',  ( -0.0000000000000000000, 1.000000000000000000, -0.0000000000000000000 ) ) ;
#59 = VECTOR ( 'NONE', #3820, 1000.000000000000000 ) ;
#60 = DIRECTION ( 'NONE',  ( -1.927470528863119542E-16, 1.000000000000000000, 0.0000000000000000000 ) ) ;
#61 = ORIENTED_EDGE ( 'NONE', *, *, #8883, .T. ) ;
#62 = LINE ( 'NONE', #7723, #6969 ) ;
#63 = CARTESIAN_POINT ( 'NONE',  ( 7.750000000000000000, -3.399999999999999911, -0.2499999999999997780 ) ) ;
#64 = SURFACE_STYLE_FILL_AREA ( #6377 ) ;
#65 = ORIENTED_EDGE ( 'NONE', *, *, #8733, .T. ) ;
#66 = VECTOR ( 'NONE', #4800, 1000.000000000000000 ) ;
#67 = VECTOR ( 'NONE', #1399, 1000.000000000000000 ) ;
#68 = EDGE_CURVE ( 'NONE', #8318, #6378, #2368, .T. ) ;
#69 = FACE_OUTER_BOUND ( 'NONE', #4342, .T. ) ;
#70 = DIRECTION ( 'NONE',  ( 0.7071067811865459074, -0.7071067811865491270, -3.066586833366741374E-16 ) ) ;
#71 = SURFACE_STYLE_USAGE ( .BOTH. , #647 ) ;
#72 = ORIENTED_EDGE ( 'NONE', *, *, #4731, .T. ) ;
#73 = EDGE_CURVE ( 'NONE', #8642, #6931, #2237, .T. ) ;
#74 = ORIENTED_EDGE ( 'NONE', *, *, #7328, .F. ) ;
#75 = ADVANCED_FACE ( 'NONE', ( #2194 ), #1516, .F. ) ;
#76 = SURFACE_STYLE_FILL_AREA ( #8593 ) ;
#77 = FACE_OUTER_BOUND ( 'NONE', #375, .T. ) ;
#78 =( LENGTH_UNIT ( ) NAMED_UNIT ( * ) SI_UNIT ( .MILLI., .METRE. ) );
#79 = FILL_AREA_STYLE ('',( #1442 ) ) ;
#80 = ORIENTED_EDGE ( 'NONE', *, *, #247, .F. ) ;
#81 = MECHANICAL_DESIGN_GEOMETRIC_PRESENTATION_REPRESENTATION (  '', ( #230 ), #3333 ) ;
#82 = AXIS2_PLACEMENT_3D ( 'NONE', #1551, #6553, #4341 ) ;
#83 = ADVANCED_FACE ( 'NONE', ( #6561 ), #3666, .F. ) ;
#84 = STYLED_ITEM ( 'NONE', ( #9016 ), #7167 ) ;
#85 = FILL_AREA_STYLE ('',( #3566 ) ) ;
#86 = AXIS2_PLACEMENT_3D ( 'NONE', #1769, #5237, #8047 ) ;
#87 = FACE_OUTER_BOUND ( 'NONE', #1145, .T. ) ;
#88 = CARTESIAN_POINT ( 'NONE',  ( 4.750000000000000888, 1.149999999999999911, -2.050000000000001599 ) ) ;
#89 = FILL_AREA_STYLE ('',( #3571 ) ) ;
#90 =( LENGTH_UNIT ( ) NAMED_UNIT ( * ) SI_UNIT ( .MILLI., .METRE. ) );
#91 = DIRECTION ( 'NONE',  ( 0.0000000000000000000, 0.0000000000000000000, 1.000000000000000000 ) ) ;
#92 = ORIENTED_EDGE ( 'NONE', *, *, #7121, .F. ) ;
#93 = FILL_AREA_STYLE_COLOUR ( '', #5466 ) ;
#94 = FILL_AREA_STYLE_COLOUR ( '', #2899 ) ;
#95 = EDGE_LOOP ( 'NONE', ( #2714, #8853, #6121, #7848 ) ) ;
#96 = MECHANICAL_DESIGN_GEOMETRIC_PRESENTATION_REPRESENTATION (  '', ( #3510 ), #7180 ) ;
#97 = SURFACE_STYLE_FILL_AREA ( #3581 ) ;
#98 = SURFACE_SIDE_STYLE ('',( #2052 ) ) ;
#99 = LINE ( 'NONE', #4479, #6776 ) ;
#100 = DIRECTION ( 'NONE',  ( -0.0000000000000000000, -0.0000000000000000000, -1.000000000000000000 ) ) ;
#101 =( GEOMETRIC_REPRESENTATION_CONTEXT ( 3 ) GLOBAL_UNCERTAINTY_ASSIGNED_CONTEXT ( ( #8135 ) ) GLOBAL_UNIT_ASSIGNED_CONTEXT ( ( #1963, #6995, #682 ) ) REPRESENTATION_CONTEXT ( 'NONE', 'WORKASPACE' ) );
#102 = CARTESIAN_POINT ( 'NONE',  ( 0.6999999999999992895, 0.1999999999999999833, 1.700000000000000178 ) ) ;
#103 = PLANE ( 'NONE',  #4925 ) ;
#104 = ORIENTED_EDGE ( 'NONE', *, *, #1934, .F. ) ;
#105 = DIRECTION ( 'NONE',  ( -0.0000000000000000000, -0.0000000000000000000, -1.000000000000000000 ) ) ;
#106 = SURFACE_STYLE_FILL_AREA ( #4922 ) ;
#107 = EDGE_CURVE ( 'NONE', #5668, #5952, #353, .T. ) ;
#108 = UNCERTAINTY_MEASURE_WITH_UNIT (LENGTH_MEASURE( 1.000000000000000082E-05 ), #2927, 'distance_accuracy_value', 'NONE');
#109 = EDGE_CURVE ( 'NONE', #7587, #6316, #6641, .T. ) ;
#110 = CARTESIAN_POINT ( 'NONE',  ( 2.250000000000000000, -3.300000000000002043, 0.2500000000000002220 ) ) ;
#111 =( NAMED_UNIT ( * ) SI_UNIT ( $, .STERADIAN. ) SOLID_ANGLE_UNIT ( ) );
#112 = CARTESIAN_POINT ( 'NONE',  ( 1.850000000000000089, 5.100000000000001421, 0.1500000000000008271 ) ) ;
#113 = DIRECTION ( 'NONE',  ( 0.5773502691896246208, -0.5773502691896265082, 0.5773502691896260641 ) ) ;
#114 = AXIS2_PLACEMENT_3D ( 'NONE', #6532, #2384, #2989 ) ;
#115 =( NAMED_UNIT ( * ) SI_UNIT ( $, .STERADIAN. ) SOLID_ANGLE_UNIT ( ) );
#116 = ORIENTED_EDGE ( 'NONE', *, *, #2344, .T. ) ;
#117 = ADVANCED_FACE ( 'NONE', ( #8816 ), #315, .T. ) ;
#118 = VERTEX_POINT ( 'NONE', #7424 ) ;
#119 = EDGE_CURVE ( 'NONE', #2187, #2290, #3918, .T. ) ;
#120 = DIRECTION ( 'NONE',  ( 4.336808689942017736E-16, 0.0000000000000000000, 1.000000000000000000 ) ) ;
#121 = SURFACE_STYLE_FILL_AREA ( #8464 ) ;
#122 =( NAMED_UNIT ( * ) SI_UNIT ( $, .STERADIAN. ) SOLID_ANGLE_UNIT ( ) );
#123 = SURFACE_SIDE_STYLE ('',( #5482 ) ) ;
#124 = SURFACE_STYLE_FILL_AREA ( #7102 ) ;
#125 = VERTEX_POINT ( 'NONE', #3095 ) ;
#126 = ORIENTED_EDGE ( 'NONE', *, *, #4696, .F. ) ;
#127 = EDGE_CURVE ( 'NONE', #4263, #6338, #3288, .T. ) ;
#128 = DIRECTION ( 'NONE',  ( 0.0000000000000000000, 0.0000000000000000000, 1.000000000000000000 ) ) ;
#129 = LINE ( 'NONE', #5029, #4742 ) ;
#130 = UNCERTAINTY_MEASURE_WITH_UNIT (LENGTH_MEASURE( 1.000000000000000082E-05 ), #1428, 'distance_accuracy_value', 'NONE');
#131 =( NAMED_UNIT ( * ) SI_UNIT ( $, .STERADIAN. ) SOLID_ANGLE_UNIT ( ) );
#132 = SURFACE_STYLE_FILL_AREA ( #7796 ) ;
#133 = LINE ( 'NONE', #7156, #181 ) ;
#134 = FILL_AREA_STYLE_COLOUR ( '', #1462 ) ;
#135 = PLANE ( 'NONE',  #7744 ) ;
#136 = AXIS2_PLACEMENT_3D ( 'NONE', #5106, #3800, #7997 ) ;
#137 = CARTESIAN_POINT ( 'NONE',  ( 1.750000000000000222, 5.000000000000000888, -0.2499999999999997780 ) ) ;
#138 = SURFACE_STYLE_FILL_AREA ( #808 ) ;
#139 = ORIENTED_EDGE ( 'NONE', *, *, #1109, .T. ) ;
#140 = DIRECTION ( 'NONE',  ( -1.000000000000000000, 0.0000000000000000000, -0.0000000000000000000 ) ) ;
#141 = FACE_OUTER_BOUND ( 'NONE', #2063, .T. ) ;
#142 = VERTEX_POINT ( 'NONE', #7464 ) ;
#143 = STYLED_ITEM ( 'NONE', ( #2151 ), #2949 ) ;
#144 = PRODUCT_DEFINITION_CONTEXT ( 'detailed design', #8368, 'design' ) ;
#145 =( LENGTH_UNIT ( ) NAMED_UNIT ( * ) SI_UNIT ( .MILLI., .METRE. ) );
#146 = EDGE_CURVE ( 'NONE', #6322, #3146, #6022, .T. ) ;
#147 = PRESENTATION_STYLE_ASSIGNMENT (( #4434 ) ) ;
#148 = FILL_AREA_STYLE ('',( #7290 ) ) ;
#149 = LINE ( 'NONE', #2149, #6943 ) ;
#150 = LINE ( 'NONE', #1609, #5764 ) ;
#151 = DIRECTION ( 'NONE',  ( -0.0000000000000000000, -0.0000000000000000000, 1.000000000000000000 ) ) ;
#152 = VERTEX_POINT ( 'NONE', #1119 ) ;
#153 = FACE_OUTER_BOUND ( 'NONE', #395, .T. ) ;
#154 = VECTOR ( 'NONE', #3057, 1000.000000000000000 ) ;
#155 = COLOUR_RGB ( '',1.000000000000000000, 0.8117647058823529438, 0.5019607843137254832 ) ;
#156 = ORIENTED_EDGE ( 'NONE', *, *, #8646, .F. ) ;
#157 = SURFACE_STYLE_FILL_AREA ( #5774 ) ;
#158 = VECTOR ( 'NONE', #1795, 1000.000000000000000 ) ;
#159 = LINE ( 'NONE', #6480, #7214 ) ;
#160 = CARTESIAN_POINT ( 'NONE',  ( 4.699999999999999289, 0.1999999999999999833, 1.700000000000000178 ) ) ;
#161 = COLOUR_RGB ( '',1.000000000000000000, 0.8117647058823529438, 0.5019607843137254832 ) ;
#162 = AXIS2_PLACEMENT_3D ( 'NONE', #7322, #5840, #187 ) ;
#163 = CARTESIAN_POINT ( 'NONE',  ( 4.750000000000000888, 3.399999999999999467, -2.350000000000001421 ) ) ;
#164 = EDGE_LOOP ( 'NONE', ( #2114, #6555, #8292, #5576 ) ) ;
#165 = MECHANICAL_DESIGN_GEOMETRIC_PRESENTATION_REPRESENTATION (  '', ( #4737 ), #3832 ) ;
#166 = STYLED_ITEM ( 'NONE', ( #192 ), #4872 ) ;
#167 = VECTOR ( 'NONE', #4592, 1000.000000000000000 ) ;
#168 = AXIS2_PLACEMENT_3D ( 'NONE', #8300, #6284, #2834 ) ;
#169 =( LENGTH_UNIT ( ) NAMED_UNIT ( * ) SI_UNIT ( .MILLI., .METRE. ) );
#170 = ORIENTED_EDGE ( 'NONE', *, *, #1603, .T. ) ;
#171 =( GEOMETRIC_REPRESENTATION_CONTEXT ( 3 ) GLOBAL_UNCERTAINTY_ASSIGNED_CONTEXT ( ( #4927 ) ) GLOBAL_UNIT_ASSIGNED_CONTEXT ( ( #3570, #6221, #570 ) ) REPRESENTATION_CONTEXT ( 'NONE', 'WORKASPACE' ) );
#172 = DIRECTION ( 'NONE',  ( -5.421010862427522170E-17, -1.000000000000000000, 2.350988701644575016E-32 ) ) ;
#173 = LINE ( 'NONE', #9094, #6870 ) ;
#174 = LINE ( 'NONE', #3078, #4239 ) ;
#175 = DIRECTION ( 'NONE',  ( 0.5773502691896259531, 0.5773502691896259531, 0.5773502691896255090 ) ) ;
#176 = EDGE_LOOP ( 'NONE', ( #7859, #1632, #5419, #5969, #6774 ) ) ;
#177 = PRESENTATION_LAYER_ASSIGNMENT (  '', '', ( #30 ) ) ;
#178 =( GEOMETRIC_REPRESENTATION_CONTEXT ( 3 ) GLOBAL_UNCERTAINTY_ASSIGNED_CONTEXT ( ( #390 ) ) GLOBAL_UNIT_ASSIGNED_CONTEXT ( ( #3718, #5229, #6530 ) ) REPRESENTATION_CONTEXT ( 'NONE', 'WORKASPACE' ) );
#179 = EDGE_CURVE ( 'NONE', #5498, #1522, #3959, .T. ) ;
#180 =( GEOMETRIC_REPRESENTATION_CONTEXT ( 3 ) GLOBAL_UNCERTAINTY_ASSIGNED_CONTEXT ( ( #5101 ) ) GLOBAL_UNIT_ASSIGNED_CONTEXT ( ( #1123, #8028, #2461 ) ) REPRESENTATION_CONTEXT ( 'NONE', 'WORKASPACE' ) );
#181 = VECTOR ( 'NONE', #4550, 1000.000000000000000 ) ;
#182 =( LENGTH_UNIT ( ) NAMED_UNIT ( * ) SI_UNIT ( .MILLI., .METRE. ) );
#183 = MECHANICAL_DESIGN_GEOMETRIC_PRESENTATION_REPRESENTATION (  '', ( #4165 ), #7258 ) ;
#184 = EDGE_CURVE ( 'NONE', #9084, #4638, #1891, .T. ) ;
#185 = FACE_OUTER_BOUND ( 'NONE', #1309, .T. ) ;
#186 = COLOUR_RGB ( '',1.000000000000000000, 0.8117647058823529438, 0.5019607843137254832 ) ;
#187 = DIRECTION ( 'NONE',  ( -1.084202172485504237E-15, -1.000000000000000000, 0.0000000000000000000 ) ) ;
#188 = COLOUR_RGB ( '',1.000000000000000000, 0.8117647058823529438, 0.5019607843137254832 ) ;
#189 =( NAMED_UNIT ( * ) PLANE_ANGLE_UNIT ( ) SI_UNIT ( $, .RADIAN. ) );
#190 = FILL_AREA_STYLE_COLOUR ( '', #6675 ) ;
#191 = ORIENTED_EDGE ( 'NONE', *, *, #6229, .T. ) ;
#192 = PRESENTATION_STYLE_ASSIGNMENT (( #8513 ) ) ;
#193 = EDGE_CURVE ( 'NONE', #553, #8411, #7515, .T. ) ;
#194 = EDGE_LOOP ( 'NONE', ( #5773, #863, #4509, #4318 ) ) ;
#195 = ORIENTED_EDGE ( 'NONE', *, *, #4488, .F. ) ;
#196 = MECHANICAL_DESIGN_GEOMETRIC_PRESENTATION_REPRESENTATION (  '', ( #1038 ), #5490 ) ;
#197 = AXIS2_PLACEMENT_3D ( 'NONE', #8856, #6110, #4746 ) ;
#198 = CARTESIAN_POINT ( 'NONE',  ( 9.299999999999998934, 0.2000000000000000389, -2.800000000000000266 ) ) ;
#199 = FILL_AREA_STYLE ('',( #897 ) ) ;
#200 = DIRECTION ( 'NONE',  ( 1.000000000000000000, -0.0000000000000000000, 1.927470528863119295E-16 ) ) ;
#201 = VECTOR ( 'NONE', #1124, 1000.000000000000000 ) ;
#202 = LINE ( 'NONE', #3096, #8543 ) ;
#203 = DIRECTION ( 'NONE',  ( -4.336808689942017736E-16, 0.0000000000000000000, -1.000000000000000000 ) ) ;
#204 = VERTEX_POINT ( 'NONE', #4855 ) ;
#205 =( NAMED_UNIT ( * ) PLANE_ANGLE_UNIT ( ) SI_UNIT ( $, .RADIAN. ) );
#206 = EDGE_CURVE ( 'NONE', #2796, #4187, #4757, .T. ) ;
#207 = AXIS2_PLACEMENT_3D ( 'NONE', #25, #5516, #1433 ) ;
#208 = STYLED_ITEM ( 'NONE', ( #3616 ), #5718 ) ;
#209 = EDGE_CURVE ( 'NONE', #5861, #5942, #5537, .T. ) ;
#210 = UNCERTAINTY_MEASURE_WITH_UNIT (LENGTH_MEASURE( 1.000000000000000082E-05 ), #2513, 'distance_accuracy_value', 'NONE');
#211 = CARTESIAN_POINT ( 'NONE',  ( 0.2499999999999997780, -3.399999999999999911, -0.2499999999999997780 ) ) ;
#212 = CARTESIAN_POINT ( 'NONE',  ( 7.750000000000000000, 5.000000000000000888, -0.2499999999999997780 ) ) ;
#213 = COLOUR_RGB ( '',1.000000000000000000, 0.8117647058823529438, 0.5019607843137254832 ) ;
#214 = DIRECTION ( 'NONE',  ( 1.000000000000000000, -0.0000000000000000000, -0.0000000000000000000 ) ) ;
#215 = PLANE ( 'NONE',  #4850 ) ;
#216 = ORIENTED_EDGE ( 'NONE', *, *, #5549, .F. ) ;
#217 = AXIS2_PLACEMENT_3D ( 'NONE', #6960, #7691, #6150 ) ;
#218 = FILL_AREA_STYLE ('',( #6537 ) ) ;
#219 = VECTOR ( 'NONE', #1276, 1000.000000000000000 ) ;
#220 = DIRECTION ( 'NONE',  ( -4.336808689942017736E-16, 0.0000000000000000000, -1.000000000000000000 ) ) ;
#221 =( LENGTH_UNIT ( ) NAMED_UNIT ( * ) SI_UNIT ( .MILLI., .METRE. ) );
#222 = FACE_OUTER_BOUND ( 'NONE', #4596, .T. ) ;
#223 = ORIENTED_EDGE ( 'NONE', *, *, #3297, .F. ) ;
#224 = UNCERTAINTY_MEASURE_WITH_UNIT (LENGTH_MEASURE( 1.000000000000000082E-05 ), #7534, 'distance_accuracy_value', 'NONE');
#225 = DIRECTION ( 'NONE',  ( -0.0000000000000000000, -0.0000000000000000000, 1.000000000000000000 ) ) ;
#226 = DIRECTION ( 'NONE',  ( 1.000000000000000000, -3.872150616019660190E-17, -4.336808689942017736E-16 ) ) ;
#227 = VERTEX_POINT ( 'NONE', #1216 ) ;
#228 = CARTESIAN_POINT ( 'NONE',  ( -1.949999999999999956, 1.800000000000000044, -0.2499999999999997780 ) ) ;
#229 = EDGE_CURVE ( 'NONE', #4161, #3962, #6826, .T. ) ;
#230 = STYLED_ITEM ( 'NONE', ( #1341 ), #6956 ) ;
#231 =( NAMED_UNIT ( * ) SI_UNIT ( $, .STERADIAN. ) SOLID_ANGLE_UNIT ( ) );
#232 = FILL_AREA_STYLE_COLOUR ( '', #3596 ) ;
#233 = VERTEX_POINT ( 'NONE', #528 ) ;
#234 = EDGE_CURVE ( 'NONE', #3228, #338, #4332, .T. ) ;
#235 = PRESENTATION_LAYER_ASSIGNMENT (  '', '', ( #4223 ) ) ;
#236 =( GEOMETRIC_REPRESENTATION_CONTEXT ( 3 ) GLOBAL_UNCERTAINTY_ASSIGNED_CONTEXT ( ( #5477 ) ) GLOBAL_UNIT_ASSIGNED_CONTEXT ( ( #6038, #2006, #447 ) ) REPRESENTATION_CONTEXT ( 'NONE', 'WORKASPACE' ) );
#237 = PRESENTATION_STYLE_ASSIGNMENT (( #4348 ) ) ;
#238 = CARTESIAN_POINT ( 'NONE',  ( 11.35000000000000142, 6.000000000000000000, 0.3200000000000012834 ) ) ;
#239 = FILL_AREA_STYLE ('',( #6469 ) ) ;
#240 = CARTESIAN_POINT ( 'NONE',  ( -1.350000000000000089, 1.149999999999999911, -2.350000000000001421 ) ) ;
#241 = DIRECTION ( 'NONE',  ( 1.000000000000000000, -3.872150616019660190E-17, -4.336808689942017736E-16 ) ) ;
#242 = SURFACE_SIDE_STYLE ('',( #1563 ) ) ;
#243 = ORIENTED_EDGE ( 'NONE', *, *, #4642, .T. ) ;
#244 = CARTESIAN_POINT ( 'NONE',  ( 1.749999999999999778, -3.300000000000002043, -0.2499999999999997780 ) ) ;
#245 = COLOUR_RGB ( '',1.000000000000000000, 1.000000000000000000, 1.000000000000000000 ) ;
#246 =( NAMED_UNIT ( * ) PLANE_ANGLE_UNIT ( ) SI_UNIT ( $, .RADIAN. ) );
#247 = EDGE_CURVE ( 'NONE', #7976, #7935, #3383, .T. ) ;
#248 = EDGE_CURVE ( 'NONE', #939, #1671, #4153, .T. ) ;
#249 = DIRECTION ( 'NONE',  ( 0.0000000000000000000, 0.0000000000000000000, -1.000000000000000000 ) ) ;
#250 = DIRECTION ( 'NONE',  ( 3.872150616019660190E-17, 1.000000000000000000, -0.0000000000000000000 ) ) ;
#251 = CARTESIAN_POINT ( 'NONE',  ( 1.849999999999997868, -3.399999999999999911, -0.1500000000000021316 ) ) ;
#252 = DIRECTION ( 'NONE',  ( 0.0000000000000000000, 0.0000000000000000000, -1.000000000000000000 ) ) ;
#253 = EDGE_LOOP ( 'NONE', ( #721, #1946 ) ) ;
#254 = ADVANCED_FACE ( 'NONE', ( #6976 ), #4805, .F. ) ;
#255 = DIRECTION ( 'NONE',  ( 1.000000000000000000, -5.421010862427522170E-17, 0.0000000000000000000 ) ) ;
#256 = SURFACE_SIDE_STYLE ('',( #5917 ) ) ;
#257 = CARTESIAN_POINT ( 'NONE',  ( 11.35000000000000142, 5.650000000000000355, -2.350000000000000977 ) ) ;
#258 =( NAMED_UNIT ( * ) PLANE_ANGLE_UNIT ( ) SI_UNIT ( $, .RADIAN. ) );
#259 = DIRECTION ( 'NONE',  ( 1.000000000000000000, 0.0000000000000000000, 0.0000000000000000000 ) ) ;
#260 = DIRECTION ( 'NONE',  ( -1.000000000000000000, 0.0000000000000000000, 1.762081725391875198E-17 ) ) ;
#261 = ORIENTED_EDGE ( 'NONE', *, *, #4902, .T. ) ;
#262 = ADVANCED_FACE ( 'NONE', ( #1996 ), #6266, .F. ) ;
#263 =( NAMED_UNIT ( * ) PLANE_ANGLE_UNIT ( ) SI_UNIT ( $, .RADIAN. ) );
#264 = FACE_OUTER_BOUND ( 'NONE', #4513, .T. ) ;
#265 = PLANE ( 'NONE',  #2991 ) ;
#266 = FILL_AREA_STYLE ('',( #1549 ) ) ;
#267 = SURFACE_STYLE_USAGE ( .BOTH. , #7928 ) ;
#268 = FACE_OUTER_BOUND ( 'NONE', #2883, .T. ) ;
#269 = SURFACE_STYLE_USAGE ( .BOTH. , #5208 ) ;
#270 =( LENGTH_UNIT ( ) NAMED_UNIT ( * ) SI_UNIT ( .MILLI., .METRE. ) );
#271 = EDGE_LOOP ( 'NONE', ( #4071, #6136, #2008, #6387, #7354, #3688 ) ) ;
#272 =( GEOMETRIC_REPRESENTATION_CONTEXT ( 3 ) GLOBAL_UNCERTAINTY_ASSIGNED_CONTEXT ( ( #2443 ) ) GLOBAL_UNIT_ASSIGNED_CONTEXT ( ( #8795, #1200, #8266 ) ) REPRESENTATION_CONTEXT ( 'NONE', 'WORKASPACE' ) );
#273 = DIRECTION ( 'NONE',  ( -0.7071067811865489050, -0.7071067811865462405, 3.066586833366754193E-16 ) ) ;
#274 = SURFACE_STYLE_USAGE ( .BOTH. , #3018 ) ;
#275 = SURFACE_STYLE_FILL_AREA ( #5977 ) ;
#276 = PRESENTATION_STYLE_ASSIGNMENT (( #1796 ) ) ;
#277 = CARTESIAN_POINT ( 'NONE',  ( 9.849999999999999645, 5.100000000000001421, -0.1500000000000003830 ) ) ;
#278 = FILL_AREA_STYLE_COLOUR ( '', #5601 ) ;
#279 = LINE ( 'NONE', #5720, #6349 ) ;
#280 = SURFACE_STYLE_FILL_AREA ( #5682 ) ;
#281 = ORIENTED_EDGE ( 'NONE', *, *, #1526, .F. ) ;
#282 =( LENGTH_UNIT ( ) NAMED_UNIT ( * ) SI_UNIT ( .MILLI., .METRE. ) );
#283 = PLANE ( 'NONE',  #5888 ) ;
#284 = COLOUR_RGB ( '',1.000000000000000000, 0.8117647058823529438, 0.5019607843137254832 ) ;
#285 = DIRECTION ( 'NONE',  ( 1.000000000000000000, -5.421010862427522170E-17, 0.0000000000000000000 ) ) ;
#286 =( NAMED_UNIT ( * ) SI_UNIT ( $, .STERADIAN. ) SOLID_ANGLE_UNIT ( ) );
#287 = CARTESIAN_POINT ( 'NONE',  ( 0.7500000000000006661, 1.149999999999999911, -2.050000000000001599 ) ) ;
#288 = SURFACE_STYLE_USAGE ( .BOTH. , #5186 ) ;
#289 = EDGE_CURVE ( 'NONE', #2783, #737, #5151, .T. ) ;
#290 =( NAMED_UNIT ( * ) SI_UNIT ( $, .STERADIAN. ) SOLID_ANGLE_UNIT ( ) );
#291 = FACE_OUTER_BOUND ( 'NONE', #6057, .T. ) ;
#292 = ORIENTED_EDGE ( 'NONE', *, *, #2454, .T. ) ;
#293 = EDGE_CURVE ( 'NONE', #1194, #1365, #3725, .T. ) ;
#294 = STYLED_ITEM ( 'NONE', ( #6119 ), #262 ) ;
#295 = CARTESIAN_POINT ( 'NONE',  ( 9.299999999999998934, 0.2000000000000000389, 0.2500000000000002220 ) ) ;
#296 = STYLED_ITEM ( 'NONE', ( #2761 ), #426 ) ;
#297 = SURFACE_STYLE_FILL_AREA ( #5787 ) ;
#298 =( NAMED_UNIT ( * ) PLANE_ANGLE_UNIT ( ) SI_UNIT ( $, .RADIAN. ) );
#299 = AXIS2_PLACEMENT_3D ( 'NONE', #2701, #8110, #7530 ) ;
#300 = EDGE_LOOP ( 'NONE', ( #7629, #1429, #603, #8075 ) ) ;
#301 = COLOUR_RGB ( '',1.000000000000000000, 0.8117647058823529438, 0.5019607843137254832 ) ;
#302 = ADVANCED_FACE ( 'NONE', ( #2435 ), #8711, .T. ) ;
#303 = PRESENTATION_LAYER_ASSIGNMENT (  '', '', ( #8544 ) ) ;
#304 = UNCERTAINTY_MEASURE_WITH_UNIT (LENGTH_MEASURE( 1.000000000000000082E-05 ), #511, 'distance_accuracy_value', 'NONE');
#305 = VECTOR ( 'NONE', #7239, 1000.000000000000000 ) ;
#306 = CARTESIAN_POINT ( 'NONE',  ( 11.95000000000000107, 1.380000000000003002, 1.300000000000000044 ) ) ;
#307 = CARTESIAN_POINT ( 'NONE',  ( -1.949999999999999956, 6.000000000000000000, 0.3199999999999999512 ) ) ;
#308 = FILL_AREA_STYLE ('',( #6504 ) ) ;
#309 = ORIENTED_EDGE ( 'NONE', *, *, #2923, .T. ) ;
#310 = MECHANICAL_DESIGN_GEOMETRIC_PRESENTATION_REPRESENTATION (  '', ( #1487 ), #7689 ) ;
#311 = SURFACE_SIDE_STYLE ('',( #6638 ) ) ;
#312 = VECTOR ( 'NONE', #1619, 1000.000000000000000 ) ;
#313 = LINE ( 'NONE', #1560, #4432 ) ;
#314 = MECHANICAL_DESIGN_GEOMETRIC_PRESENTATION_REPRESENTATION (  '', ( #6357 ), #7115 ) ;
#315 = PLANE ( 'NONE',  #413 ) ;
#316 = LINE ( 'NONE', #5849, #6035 ) ;
#317 =( LENGTH_UNIT ( ) NAMED_UNIT ( * ) SI_UNIT ( .MILLI., .METRE. ) );
#318 = FILL_AREA_STYLE ('',( #2638 ) ) ;
#319 = FILL_AREA_STYLE ('',( #5255 ) ) ;
#320 = VERTEX_POINT ( 'NONE', #4373 ) ;
#321 = DIRECTION ( 'NONE',  ( 0.0000000000000000000, 0.0000000000000000000, -1.000000000000000000 ) ) ;
#322 = VECTOR ( 'NONE', #403, 1000.000000000000000 ) ;
#323 = VECTOR ( 'NONE', #8489, 1000.000000000000000 ) ;
#324 = ADVANCED_FACE ( 'NONE', ( #2346 ), #2393, .F. ) ;
#325 = CARTESIAN_POINT ( 'NONE',  ( 9.750000000000000000, 5.000000000000000888, 0.2500000000000002220 ) ) ;
#326 = SURFACE_SIDE_STYLE ('',( #5063 ) ) ;
#327 = CARTESIAN_POINT ( 'NONE',  ( 11.70000000000000284, 6.000000000000000000, -0.6800000000000013811 ) ) ;
#328 = CARTESIAN_POINT ( 'NONE',  ( 4.150000000000001243, -3.399999999999999911, 0.2500000000000002220 ) ) ;
#329 = ORIENTED_EDGE ( 'NONE', *, *, #548, .F. ) ;
#330 = COLOUR_RGB ( '',1.000000000000000000, 1.000000000000000000, 1.000000000000000000 ) ;
#331 = EDGE_CURVE ( 'NONE', #4538, #3, #3075, .T. ) ;
#332 = AXIS2_PLACEMENT_3D ( 'NONE', #533, #4064, #3387 ) ;
#333 = DIRECTION ( 'NONE',  ( 1.000000000000000000, -0.0000000000000000000, -6.240012503513693999E-17 ) ) ;
#334 = SURFACE_STYLE_USAGE ( .BOTH. , #256 ) ;
#335 = SURFACE_STYLE_FILL_AREA ( #6581 ) ;
#336 = PRESENTATION_STYLE_ASSIGNMENT (( #1004 ) ) ;
#337 = ORIENTED_EDGE ( 'NONE', *, *, #7338, .F. ) ;
#338 = VERTEX_POINT ( 'NONE', #8665 ) ;
#339 = EDGE_CURVE ( 'NONE', #6522, #2218, #8003, .T. ) ;
#340 = VECTOR ( 'NONE', #3479, 1000.000000000000000 ) ;
#341 = ADVANCED_FACE ( 'NONE', ( #8170 ), #8843, .F. ) ;
#342 = DIRECTION ( 'NONE',  ( -0.0000000000000000000, 0.0000000000000000000, 1.000000000000000000 ) ) ;
#343 = LINE ( 'NONE', #7414, #1790 ) ;
#344 = ORIENTED_EDGE ( 'NONE', *, *, #127, .T. ) ;
#345 = LINE ( 'NONE', #8638, #6015 ) ;
#346 =( NAMED_UNIT ( * ) PLANE_ANGLE_UNIT ( ) SI_UNIT ( $, .RADIAN. ) );
#347 = FACE_OUTER_BOUND ( 'NONE', #7823, .T. ) ;
#348 = DIRECTION ( 'NONE',  ( 1.000000000000000000, 0.0000000000000000000, 0.0000000000000000000 ) ) ;
#349 = ORIENTED_EDGE ( 'NONE', *, *, #8782, .T. ) ;
#350 = EDGE_CURVE ( 'NONE', #564, #3497, #8211, .T. ) ;
#351 = EDGE_CURVE ( 'NONE', #3292, #1510, #1146, .T. ) ;
#352 = DIRECTION ( 'NONE',  ( 1.000000000000000000, 0.0000000000000000000, 0.0000000000000000000 ) ) ;
#353 = LINE ( 'NONE', #6596, #6628 ) ;
#354 = DIRECTION ( 'NONE',  ( -1.000000000000000000, 0.0000000000000000000, 0.0000000000000000000 ) ) ;
#355 = DIRECTION ( 'NONE',  ( 9.103382349328301547E-49, 2.350988701644575016E-32, 1.000000000000000000 ) ) ;
#356 = FACE_OUTER_BOUND ( 'NONE', #5665, .T. ) ;
#357 = EDGE_CURVE ( 'NONE', #204, #7161, #370, .T. ) ;
#358 = FILL_AREA_STYLE ('',( #1895 ) ) ;
#359 = DIRECTION ( 'NONE',  ( 1.872003751054108200E-16, -1.000000000000000000, 0.0000000000000000000 ) ) ;
#360 = ORIENTED_EDGE ( 'NONE', *, *, #8830, .T. ) ;
#361 = DIRECTION ( 'NONE',  ( 0.0000000000000000000, -0.0000000000000000000, 1.000000000000000000 ) ) ;
#362 = CARTESIAN_POINT ( 'NONE',  ( 4.250000000000000000, -3.399999999999999911, 0.2500000000000002220 ) ) ;
#363 = VECTOR ( 'NONE', #3115, 1000.000000000000000 ) ;
#364 = SURFACE_STYLE_USAGE ( .BOTH. , #8741 ) ;
#365 = MECHANICAL_DESIGN_GEOMETRIC_PRESENTATION_REPRESENTATION (  '', ( #4362 ), #6428 ) ;
#366 = SURFACE_STYLE_USAGE ( .BOTH. , #3357 ) ;
#367 = CARTESIAN_POINT ( 'NONE',  ( 7.750000000000000000, -3.300000000000000266, -0.2499999999999997780 ) ) ;
#368 = ORIENTED_EDGE ( 'NONE', *, *, #6795, .T. ) ;
#369 = COLOUR_RGB ( '',1.000000000000000000, 0.8117647058823529438, 0.5019607843137254832 ) ;
#370 = LINE ( 'NONE', #8926, #2083 ) ;
#371 = PRESENTATION_STYLE_ASSIGNMENT (( #6709 ) ) ;
#372 = STYLED_ITEM ( 'NONE', ( #7930 ), #2980 ) ;
#373 = LINE ( 'NONE', #6757, #4246 ) ;
#374 =( NAMED_UNIT ( * ) PLANE_ANGLE_UNIT ( ) SI_UNIT ( $, .RADIAN. ) );
#375 = EDGE_LOOP ( 'NONE', ( #4469, #3342, #1706, #8954 ) ) ;
#376 = EDGE_LOOP ( 'NONE', ( #5677, #1404, #7005, #5700 ) ) ;
#377 = STYLED_ITEM ( 'NONE', ( #7879 ), #3073 ) ;
#378 = EDGE_CURVE ( 'NONE', #8849, #2048, #4732, .T. ) ;
#379 =( NAMED_UNIT ( * ) PLANE_ANGLE_UNIT ( ) SI_UNIT ( $, .RADIAN. ) );
#380 = UNCERTAINTY_MEASURE_WITH_UNIT (LENGTH_MEASURE( 1.000000000000000082E-05 ), #6086, 'distance_accuracy_value', 'NONE');
#381 = PRESENTATION_STYLE_ASSIGNMENT (( #6588 ) ) ;
#382 =( NAMED_UNIT ( * ) PLANE_ANGLE_UNIT ( ) SI_UNIT ( $, .RADIAN. ) );
#383 = DIRECTION ( 'NONE',  ( -1.000000000000000000, 0.0000000000000000000, -0.0000000000000000000 ) ) ;
#384 = LINE ( 'NONE', #3784, #8851 ) ;
#385 = ORIENTED_EDGE ( 'NONE', *, *, #119, .F. ) ;
#386 = ADVANCED_FACE ( 'NONE', ( #6049 ), #2579, .F. ) ;
#387 = MECHANICAL_DESIGN_GEOMETRIC_PRESENTATION_REPRESENTATION (  '', ( #5846 ), #531 ) ;
#388 = EDGE_CURVE ( 'NONE', #7802, #4134, #1096, .T. ) ;
#389 = LINE ( 'NONE', #3231, #2284 ) ;
#390 = UNCERTAINTY_MEASURE_WITH_UNIT (LENGTH_MEASURE( 1.000000000000000082E-05 ), #3718, 'distance_accuracy_value', 'NONE');
#391 = CARTESIAN_POINT ( 'NONE',  ( -1.180000000000000382, 2.250000000000000000, 1.249999999999997558 ) ) ;
#392 =( NAMED_UNIT ( * ) SI_UNIT ( $, .STERADIAN. ) SOLID_ANGLE_UNIT ( ) );
#393 = LINE ( 'NONE', #8818, #4133 ) ;
#394 = PRESENTATION_STYLE_ASSIGNMENT (( #4621 ) ) ;
#395 = EDGE_LOOP ( 'NONE', ( #4622, #2827, #5178, #1558 ) ) ;
#396 = DIRECTION ( 'NONE',  ( -1.000000000000000000, 0.0000000000000000000, -6.829619984160658046E-17 ) ) ;
#397 = DIRECTION ( 'NONE',  ( 0.0000000000000000000, 0.0000000000000000000, -1.000000000000000000 ) ) ;
#398 = MECHANICAL_DESIGN_GEOMETRIC_PRESENTATION_REPRESENTATION (  '', ( #8209 ), #7936 ) ;
#399 = VERTEX_POINT ( 'NONE', #8074 ) ;
#400 = FILL_AREA_STYLE_COLOUR ( '', #1179 ) ;
#401 = PLANE ( 'NONE',  #2147 ) ;
#402 = CARTESIAN_POINT ( 'NONE',  ( 7.849999999999999645, -3.399999999999999911, -0.1500000000000003830 ) ) ;
#403 = DIRECTION ( 'NONE',  ( 0.5773502691896259531, 0.5773502691896259531, -0.5773502691896255090 ) ) ;
#404 = FACE_OUTER_BOUND ( 'NONE', #164, .T. ) ;
#405 = CARTESIAN_POINT ( 'NONE',  ( -1.949999999999999956, 1.149999999999999911, -1.050000000000005373 ) ) ;
#406 = PRESENTATION_LAYER_ASSIGNMENT (  '', '', ( #2361 ) ) ;
#407 = ORIENTED_EDGE ( 'NONE', *, *, #6724, .T. ) ;
#408 = FILL_AREA_STYLE ('',( #7548 ) ) ;
#409 =( LENGTH_UNIT ( ) NAMED_UNIT ( * ) SI_UNIT ( .MILLI., .METRE. ) );
#410 = MECHANICAL_DESIGN_GEOMETRIC_PRESENTATION_REPRESENTATION (  '', ( #707 ), #2952 ) ;
#411 = LINE ( 'NONE', #2397, #4465 ) ;
#412 = VERTEX_POINT ( 'NONE', #1054 ) ;
#413 = AXIS2_PLACEMENT_3D ( 'NONE', #6778, #8024, #5936 ) ;
#414 = AXIS2_PLACEMENT_3D ( 'NONE', #8045, #172, #6579 ) ;
#415 = DIRECTION ( 'NONE',  ( 1.000000000000000000, 0.0000000000000000000, 0.0000000000000000000 ) ) ;
#416 = VECTOR ( 'NONE', #1679, 1000.000000000000000 ) ;
#417 = CARTESIAN_POINT ( 'NONE',  ( 3.750000000000000444, -3.399999999999999911, 0.2500000000000002220 ) ) ;
#418 =( NAMED_UNIT ( * ) SI_UNIT ( $, .STERADIAN. ) SOLID_ANGLE_UNIT ( ) );
#419 = DIRECTION ( 'NONE',  ( -1.000000000000000000, 0.0000000000000000000, -2.987958743070288203E-17 ) ) ;
#420 = FILL_AREA_STYLE_COLOUR ( '', #7408 ) ;
#421 = VERTEX_POINT ( 'NONE', #4590 ) ;
#422 = ORIENTED_EDGE ( 'NONE', *, *, #1249, .T. ) ;
#423 = STYLED_ITEM ( 'NONE', ( #1393 ), #4626 ) ;
#424 =( GEOMETRIC_REPRESENTATION_CONTEXT ( 3 ) GLOBAL_UNCERTAINTY_ASSIGNED_CONTEXT ( ( #3067 ) ) GLOBAL_UNIT_ASSIGNED_CONTEXT ( ( #24, #4323, #2066 ) ) REPRESENTATION_CONTEXT ( 'NONE', 'WORKASPACE' ) );
#425 = PLANE ( 'NONE',  #6388 ) ;
#426 = ADVANCED_FACE ( 'NONE', ( #7085 ), #2116, .T. ) ;
#427 = VECTOR ( 'NONE', #8105, 1000.000000000000000 ) ;
#428 =( LENGTH_UNIT ( ) NAMED_UNIT ( * ) SI_UNIT ( .MILLI., .METRE. ) );
#429 = ADVANCED_FACE ( 'NONE', ( #8309 ), #2892, .T. ) ;
#430 = FILL_AREA_STYLE_COLOUR ( '', #8103 ) ;
#431 = LINE ( 'NONE', #484, #7088 ) ;
#432 = VECTOR ( 'NONE', #6600, 1000.000000000000000 ) ;
#433 = PRESENTATION_STYLE_ASSIGNMENT (( #2550 ) ) ;
#434 = COLOUR_RGB ( '',1.000000000000000000, 1.000000000000000000, 1.000000000000000000 ) ;
#435 = ORIENTED_EDGE ( 'NONE', *, *, #4189, .T. ) ;
#436 = CARTESIAN_POINT ( 'NONE',  ( 4.699999999999999289, 0.1999999999999999833, -2.800000000000000266 ) ) ;
#437 =( LENGTH_UNIT ( ) NAMED_UNIT ( * ) SI_UNIT ( .MILLI., .METRE. ) );
#438 = DIRECTION ( 'NONE',  ( -0.0000000000000000000, -0.0000000000000000000, 1.000000000000000000 ) ) ;
#439 = COLOUR_RGB ( '',1.000000000000000000, 1.000000000000000000, 1.000000000000000000 ) ;
#440 = VECTOR ( 'NONE', #5692, 1000.000000000000000 ) ;
#441 =( GEOMETRIC_REPRESENTATION_CONTEXT ( 3 ) GLOBAL_UNCERTAINTY_ASSIGNED_CONTEXT ( ( #8657 ) ) GLOBAL_UNIT_ASSIGNED_CONTEXT ( ( #4860, #1320, #5436 ) ) REPRESENTATION_CONTEXT ( 'NONE', 'WORKASPACE' ) );
#442 = STYLED_ITEM ( 'NONE', ( #5123 ), #9003 ) ;
#443 = EDGE_CURVE ( 'NONE', #822, #7722, #1482, .T. ) ;
#444 = DIRECTION ( 'NONE',  ( -1.000000000000000000, -0.0000000000000000000, -0.0000000000000000000 ) ) ;
#445 = DIRECTION ( 'NONE',  ( -0.0000000000000000000, -0.0000000000000000000, -1.000000000000000000 ) ) ;
#446 = FILL_AREA_STYLE ('',( #1754 ) ) ;
#447 =( NAMED_UNIT ( * ) SI_UNIT ( $, .STERADIAN. ) SOLID_ANGLE_UNIT ( ) );
#448 = SURFACE_SIDE_STYLE ('',( #5265 ) ) ;
#449 = VERTEX_POINT ( 'NONE', #3504 ) ;
#450 = CARTESIAN_POINT ( 'NONE',  ( 8.250000000000000000, -3.300000000000000266, -0.2499999999999997780 ) ) ;
#451 = VECTOR ( 'NONE', #7438, 1000.000000000000000 ) ;
#452 = MECHANICAL_DESIGN_GEOMETRIC_PRESENTATION_REPRESENTATION (  '', ( #6366 ), #8122 ) ;
#453 = DIRECTION ( 'NONE',  ( 1.000000000000000000, 0.0000000000000000000, 6.829619984160658046E-17 ) ) ;
#454 = ORIENTED_EDGE ( 'NONE', *, *, #7475, .T. ) ;
#455 = ORIENTED_EDGE ( 'NONE', *, *, #2177, .F. ) ;
#456 = VECTOR ( 'NONE', #3851, 1000.000000000000000 ) ;
#457 = UNCERTAINTY_MEASURE_WITH_UNIT (LENGTH_MEASURE( 1.000000000000000082E-05 ), #428, 'distance_accuracy_value', 'NONE');
#458 =( NAMED_UNIT ( * ) SI_UNIT ( $, .STERADIAN. ) SOLID_ANGLE_UNIT ( ) );
#459 = DIRECTION ( 'NONE',  ( 0.0000000000000000000, 0.0000000000000000000, -1.000000000000000000 ) ) ;
#460 =( LENGTH_UNIT ( ) NAMED_UNIT ( * ) SI_UNIT ( .MILLI., .METRE. ) );
#461 = DIRECTION ( 'NONE',  ( -3.833233541708433496E-17, -0.7071067811865472397, -0.7071067811865479058 ) ) ;
#462 = CARTESIAN_POINT ( 'NONE',  ( 1.150000000000000355, 6.000000000000000000, 1.700000000000000178 ) ) ;
#463 = DIRECTION ( 'NONE',  ( -0.0000000000000000000, -0.0000000000000000000, 1.000000000000000000 ) ) ;
#464 = ORIENTED_EDGE ( 'NONE', *, *, #7315, .F. ) ;
#465 = VECTOR ( 'NONE', #4250, 1000.000000000000000 ) ;
#466 =( GEOMETRIC_REPRESENTATION_CONTEXT ( 3 ) GLOBAL_UNCERTAINTY_ASSIGNED_CONTEXT ( ( #5379 ) ) GLOBAL_UNIT_ASSIGNED_CONTEXT ( ( #8821, #3961, #6124 ) ) REPRESENTATION_CONTEXT ( 'NONE', 'WORKASPACE' ) );
#467 =( LENGTH_UNIT ( ) NAMED_UNIT ( * ) SI_UNIT ( .MILLI., .METRE. ) );
#468 = ORIENTED_EDGE ( 'NONE', *, *, #4876, .F. ) ;
#469 = UNCERTAINTY_MEASURE_WITH_UNIT (LENGTH_MEASURE( 1.000000000000000082E-05 ), #6554, 'distance_accuracy_value', 'NONE');
#470 = AXIS2_PLACEMENT_3D ( 'NONE', #5430, #6072, #1072 ) ;
#471 = FILL_AREA_STYLE_COLOUR ( '', #5480 ) ;
#472 = ORIENTED_EDGE ( 'NONE', *, *, #7893, .T. ) ;
#473 = DIRECTION ( 'NONE',  ( 0.0000000000000000000, -0.7071067811865451302, 0.7071067811865500152 ) ) ;
#474 = ORIENTED_EDGE ( 'NONE', *, *, #4921, .T. ) ;
#475 = ORIENTED_EDGE ( 'NONE', *, *, #6261, .F. ) ;
#476 = EDGE_LOOP ( 'NONE', ( #4390, #4039, #856, #836 ) ) ;
#477 = MECHANICAL_DESIGN_GEOMETRIC_PRESENTATION_REPRESENTATION (  '', ( #5080 ), #3746 ) ;
#478 = EDGE_CURVE ( 'NONE', #7045, #5281, #641, .T. ) ;
#479 = VECTOR ( 'NONE', #6007, 1000.000000000000114 ) ;
#480 = ADVANCED_FACE ( 'NONE', ( #4833 ), #3455, .F. ) ;
#481 = DIRECTION ( 'NONE',  ( -5.421010862427522170E-17, -1.000000000000000000, 2.350988701644575016E-32 ) ) ;
#482 = UNCERTAINTY_MEASURE_WITH_UNIT (LENGTH_MEASURE( 1.000000000000000082E-05 ), #7596, 'distance_accuracy_value', 'NONE');
#483 = CARTESIAN_POINT ( 'NONE',  ( 5.250000000000000888, 3.399999999999999467, -2.300000000000001599 ) ) ;
#484 = CARTESIAN_POINT ( 'NONE',  ( 6.083333333333333037, 5.166666666666668739, -0.08333333333333370341 ) ) ;
#485 = DIRECTION ( 'NONE',  ( -1.000000000000000000, 3.872150616019660190E-17, 0.0000000000000000000 ) ) ;
#486 = CARTESIAN_POINT ( 'NONE',  ( 5.750000000000000000, -3.399999999999999911, 0.2500000000000002220 ) ) ;
#487 = EDGE_LOOP ( 'NONE', ( #2641, #6484, #5542, #5550 ) ) ;
#488 = DIRECTION ( 'NONE',  ( -0.0000000000000000000, -0.0000000000000000000, 1.000000000000000000 ) ) ;
#489 = FACE_OUTER_BOUND ( 'NONE', #2411, .T. ) ;
#490 = DIRECTION ( 'NONE',  ( 1.000000000000000000, -5.421010862427522170E-17, 0.0000000000000000000 ) ) ;
#491 = ADVANCED_FACE ( 'NONE', ( #6571 ), #5905, .F. ) ;
#492 = ORIENTED_EDGE ( 'NONE', *, *, #19, .F. ) ;
#493 = VERTEX_POINT ( 'NONE', #7910 ) ;
#494 = SURFACE_STYLE_USAGE ( .BOTH. , #6884 ) ;
#495 = CARTESIAN_POINT ( 'NONE',  ( 11.18000000000000149, 4.230000000000001315, 1.700000000000000178 ) ) ;
#496 = CARTESIAN_POINT ( 'NONE',  ( 11.95000000000000107, 0.0000000000000000000, 1.699999999999999289 ) ) ;
#497 = ORIENTED_EDGE ( 'NONE', *, *, #515, .T. ) ;
#498 = DIRECTION ( 'NONE',  ( -0.0000000000000000000, -0.0000000000000000000, 1.000000000000000000 ) ) ;
#499 = PRESENTATION_LAYER_ASSIGNMENT (  '', '', ( #2756 ) ) ;
#500 =( LENGTH_UNIT ( ) NAMED_UNIT ( * ) SI_UNIT ( .MILLI., .METRE. ) );
#501 = LINE ( 'NONE', #6748, #8199 ) ;
#502 = PRESENTATION_LAYER_ASSIGNMENT (  '', '', ( #1398 ) ) ;
#503 = VERTEX_POINT ( 'NONE', #3758 ) ;
#504 = EDGE_CURVE ( 'NONE', #4686, #3226, #5227, .T. ) ;
#505 = ORIENTED_EDGE ( 'NONE', *, *, #4203, .T. ) ;
#506 = VECTOR ( 'NONE', #2505, 1000.000000000000000 ) ;
#507 = PRESENTATION_LAYER_ASSIGNMENT (  '', '', ( #2609 ) ) ;
#508 = EDGE_CURVE ( 'NONE', #7800, #3101, #7182, .T. ) ;
#509 = DIRECTION ( 'NONE',  ( -4.336808689942017736E-16, 0.0000000000000000000, -1.000000000000000000 ) ) ;
#510 = DIRECTION ( 'NONE',  ( 0.0000000000000000000, -0.0000000000000000000, 1.000000000000000000 ) ) ;
#511 =( LENGTH_UNIT ( ) NAMED_UNIT ( * ) SI_UNIT ( .MILLI., .METRE. ) );
#512 = CARTESIAN_POINT ( 'NONE',  ( 0.2499999999999997780, -3.300000000000002043, 0.2500000000000002220 ) ) ;
#513 = FACE_OUTER_BOUND ( 'NONE', #6973, .T. ) ;
#514 = ORIENTED_EDGE ( 'NONE', *, *, #4056, .F. ) ;
#515 = EDGE_CURVE ( 'NONE', #5165, #4839, #5731, .T. ) ;
#516 = PRESENTATION_LAYER_ASSIGNMENT (  '', '', ( #8482 ) ) ;
#517 = ADVANCED_FACE ( 'NONE', ( #3068 ), #8623, .F. ) ;
#518 = DIRECTION ( 'NONE',  ( -4.336808689942017736E-16, 0.0000000000000000000, -1.000000000000000000 ) ) ;
#519 = EDGE_LOOP ( 'NONE', ( #3814, #2874, #6026, #8845 ) ) ;
#520 = CARTESIAN_POINT ( 'NONE',  ( 4.750000000000000888, 1.149999999999999911, -2.050000000000001599 ) ) ;
#521 =( LENGTH_UNIT ( ) NAMED_UNIT ( * ) SI_UNIT ( .MILLI., .METRE. ) );
#522 = CARTESIAN_POINT ( 'NONE',  ( 8.849999999999999645, 1.800000000000000711, 1.249999999999997558 ) ) ;
#523 = SURFACE_STYLE_FILL_AREA ( #3908 ) ;
#524 = SURFACE_SIDE_STYLE ('',( #6869 ) ) ;
#525 = VERTEX_POINT ( 'NONE', #4578 ) ;
#526 = LINE ( 'NONE', #5253, #5349 ) ;
#527 = SURFACE_SIDE_STYLE ('',( #5340 ) ) ;
#528 = CARTESIAN_POINT ( 'NONE',  ( 0.2499999999999997780, 0.2000000000000000111, -0.2499999999999997780 ) ) ;
#529 =( LENGTH_UNIT ( ) NAMED_UNIT ( * ) SI_UNIT ( .MILLI., .METRE. ) );
#530 = ORIENTED_EDGE ( 'NONE', *, *, #1303, .F. ) ;
#531 =( GEOMETRIC_REPRESENTATION_CONTEXT ( 3 ) GLOBAL_UNCERTAINTY_ASSIGNED_CONTEXT ( ( #7883 ) ) GLOBAL_UNIT_ASSIGNED_CONTEXT ( ( #2723, #5520, #2165 ) ) REPRESENTATION_CONTEXT ( 'NONE', 'WORKASPACE' ) );
#532 = LINE ( 'NONE', #3484, #2112 ) ;
#533 = CARTESIAN_POINT ( 'NONE',  ( -1.949999999999999956, 0.0000000000000000000, -2.800000000000000266 ) ) ;
#534 = VERTEX_POINT ( 'NONE', #1186 ) ;
#535 = PLANE ( 'NONE',  #6673 ) ;
#536 = DIRECTION ( 'NONE',  ( -1.927470528863119542E-16, 1.000000000000000000, 0.0000000000000000000 ) ) ;
#537 = EDGE_LOOP ( 'NONE', ( #4584, #2999, #2751, #6410 ) ) ;
#538 = SURFACE_STYLE_FILL_AREA ( #1903 ) ;
#539 = DIRECTION ( 'NONE',  ( 1.000000000000000000, -5.421010862427522170E-17, 0.0000000000000000000 ) ) ;
#540 = ORIENTED_EDGE ( 'NONE', *, *, #3525, .F. ) ;
#541 = SURFACE_SIDE_STYLE ('',( #6282 ) ) ;
#542 = SURFACE_STYLE_USAGE ( .BOTH. , #9073 ) ;
#543 = FILL_AREA_STYLE ('',( #7768 ) ) ;
#544 = FILL_AREA_STYLE ('',( #3358 ) ) ;
#545 = ORIENTED_EDGE ( 'NONE', *, *, #6766, .T. ) ;
#546 = DIRECTION ( 'NONE',  ( 0.0000000000000000000, 1.000000000000000000, 0.0000000000000000000 ) ) ;
#547 = EDGE_LOOP ( 'NONE', ( #2005, #3542, #1242, #292, #588, #6088, #5350, #2263, #7812, #6355, #2484, #1554, #8961, #464 ) ) ;
#548 = EDGE_CURVE ( 'NONE', #320, #7266, #3932, .T. ) ;
#549 = UNCERTAINTY_MEASURE_WITH_UNIT (LENGTH_MEASURE( 1.000000000000000082E-05 ), #896, 'distance_accuracy_value', 'NONE');
#550 = EDGE_CURVE ( 'NONE', #6234, #2893, #4675, .T. ) ;
#551 = PRESENTATION_STYLE_ASSIGNMENT (( #1977 ) ) ;
#552 = CARTESIAN_POINT ( 'NONE',  ( 4.699999999999999289, 0.0000000000000000000, 1.700000000000000178 ) ) ;
#553 = VERTEX_POINT ( 'NONE', #4721 ) ;
#554 = ORIENTED_EDGE ( 'NONE', *, *, #3743, .F. ) ;
#555 = VERTEX_POINT ( 'NONE', #7436 ) ;
#556 = CARTESIAN_POINT ( 'NONE',  ( 1.749999999999998890, 0.2000000000000000111, -2.800000000000000266 ) ) ;
#557 = EDGE_CURVE ( 'NONE', #4911, #6164, #8834, .T. ) ;
#558 = VECTOR ( 'NONE', #2239, 1000.000000000000000 ) ;
#559 = UNCERTAINTY_MEASURE_WITH_UNIT (LENGTH_MEASURE( 1.000000000000000082E-05 ), #6677, 'distance_accuracy_value', 'NONE');
#560 = LINE ( 'NONE', #6155, #3502 ) ;
#561 = DIRECTION ( 'NONE',  ( 1.000000000000000000, 0.0000000000000000000, -0.0000000000000000000 ) ) ;
#562 = ORIENTED_EDGE ( 'NONE', *, *, #8377, .F. ) ;
#563 = ADVANCED_FACE ( 'NONE', ( #3303 ), #5355, .F. ) ;
#564 = VERTEX_POINT ( 'NONE', #402 ) ;
#565 = PRESENTATION_LAYER_ASSIGNMENT (  '', '', ( #3413 ) ) ;
#566 = CARTESIAN_POINT ( 'NONE',  ( 4.833333333333332149, -4.383333333333336412, -0.8333333333333343695 ) ) ;
#567 = UNCERTAINTY_MEASURE_WITH_UNIT (LENGTH_MEASURE( 1.000000000000000082E-05 ), #4302, 'distance_accuracy_value', 'NONE');
#568 = SURFACE_STYLE_USAGE ( .BOTH. , #6918 ) ;
#569 = DIRECTION ( 'NONE',  ( -3.833233541708433496E-17, -0.7071067811865472397, 0.7071067811865479058 ) ) ;
#570 =( NAMED_UNIT ( * ) SI_UNIT ( $, .STERADIAN. ) SOLID_ANGLE_UNIT ( ) );
#571 = PLANE ( 'NONE',  #5884 ) ;
#572 = STYLED_ITEM ( 'NONE', ( #3863 ), #4085 ) ;
#573 = SURFACE_SIDE_STYLE ('',( #4909 ) ) ;
#574 = ORIENTED_EDGE ( 'NONE', *, *, #4997, .F. ) ;
#575 = ORIENTED_EDGE ( 'NONE', *, *, #9004, .F. ) ;
#576 =( NAMED_UNIT ( * ) SI_UNIT ( $, .STERADIAN. ) SOLID_ANGLE_UNIT ( ) );
#577 =( LENGTH_UNIT ( ) NAMED_UNIT ( * ) SI_UNIT ( .MILLI., .METRE. ) );
#578 = COLOUR_RGB ( '',1.000000000000000000, 0.8117647058823529438, 0.5019607843137254832 ) ;
#579 =( GEOMETRIC_REPRESENTATION_CONTEXT ( 3 ) GLOBAL_UNCERTAINTY_ASSIGNED_CONTEXT ( ( #8123 ) ) GLOBAL_UNIT_ASSIGNED_CONTEXT ( ( #4853, #4248, #8372 ) ) REPRESENTATION_CONTEXT ( 'NONE', 'WORKASPACE' ) );
#580 =( LENGTH_UNIT ( ) NAMED_UNIT ( * ) SI_UNIT ( .MILLI., .METRE. ) );
#581 = CARTESIAN_POINT ( 'NONE',  ( 8.699999999999999289, 0.1999999999999999833, -2.800000000000000266 ) ) ;
#582 = VECTOR ( 'NONE', #4061, 1000.000000000000000 ) ;
#583 = ORIENTED_EDGE ( 'NONE', *, *, #2965, .T. ) ;
#584 = SURFACE_SIDE_STYLE ('',( #8347 ) ) ;
#585 = CARTESIAN_POINT ( 'NONE',  ( 8.750000000000000000, 3.399999999999999467, -2.050000000000001599 ) ) ;
#586 = SURFACE_STYLE_FILL_AREA ( #4826 ) ;
#587 = LINE ( 'NONE', #9025, #3405 ) ;
#588 = ORIENTED_EDGE ( 'NONE', *, *, #4327, .F. ) ;
#589 = LINE ( 'NONE', #1910, #4006 ) ;
#590 = STYLED_ITEM ( 'NONE', ( #5094 ), #753 ) ;
#591 = VECTOR ( 'NONE', #4607, 1000.000000000000000 ) ;
#592 = STYLED_ITEM ( 'NONE', ( #1016 ), #5090 ) ;
#593 = VECTOR ( 'NONE', #8293, 1000.000000000000000 ) ;
#594 = PRESENTATION_LAYER_ASSIGNMENT (  '', '', ( #3283 ) ) ;
#595 = CARTESIAN_POINT ( 'NONE',  ( 9.849999999999999645, -3.399999999999999911, -0.2499999999999997780 ) ) ;
#596 = CARTESIAN_POINT ( 'NONE',  ( 1.750000000000000222, 5.000000000000000888, -0.2499999999999997780 ) ) ;
#597 = LINE ( 'NONE', #5693, #3263 ) ;
#598 = LINE ( 'NONE', #6857, #8327 ) ;
#599 = SURFACE_STYLE_USAGE ( .BOTH. , #5657 ) ;
#600 = VERTEX_POINT ( 'NONE', #1042 ) ;
#601 = MECHANICAL_DESIGN_GEOMETRIC_PRESENTATION_REPRESENTATION (  '', ( #5058 ), #4021 ) ;
#602 = EDGE_CURVE ( 'NONE', #7205, #1522, #5452, .T. ) ;
#603 = ORIENTED_EDGE ( 'NONE', *, *, #2342, .T. ) ;
#604 = MECHANICAL_DESIGN_GEOMETRIC_PRESENTATION_REPRESENTATION (  '', ( #4010 ), #8117 ) ;
#605 = VECTOR ( 'NONE', #4471, 1000.000000000000000 ) ;
#606 = EDGE_LOOP ( 'NONE', ( #6435, #7451, #6413, #3763, #7899 ) ) ;
#607 = MECHANICAL_DESIGN_GEOMETRIC_PRESENTATION_REPRESENTATION (  '', ( #4330 ), #6219 ) ;
#608 = ORIENTED_EDGE ( 'NONE', *, *, #2134, .T. ) ;
#609 = CARTESIAN_POINT ( 'NONE',  ( 10.14999999999999858, -3.399999999999999911, 0.2500000000000002220 ) ) ;
#610 =( GEOMETRIC_REPRESENTATION_CONTEXT ( 3 ) GLOBAL_UNCERTAINTY_ASSIGNED_CONTEXT ( ( #8854 ) ) GLOBAL_UNIT_ASSIGNED_CONTEXT ( ( #8301, #3588, #6321 ) ) REPRESENTATION_CONTEXT ( 'NONE', 'WORKASPACE' ) );
#611 = CARTESIAN_POINT ( 'NONE',  ( -0.2500000000000004441, -3.300000000000002043, -0.2499999999999997780 ) ) ;
#612 = FILL_AREA_STYLE_COLOUR ( '', #1490 ) ;
#613 = DIRECTION ( 'NONE',  ( -1.000000000000000000, 5.421010862427522170E-17, 0.0000000000000000000 ) ) ;
#614 = FILL_AREA_STYLE_COLOUR ( '', #6276 ) ;
#615 = LINE ( 'NONE', #5620, #5830 ) ;
#616 = ORIENTED_EDGE ( 'NONE', *, *, #4087, .F. ) ;
#617 = MECHANICAL_DESIGN_GEOMETRIC_PRESENTATION_REPRESENTATION (  '', ( #8583 ), #6536 ) ;
#618 = EDGE_CURVE ( 'NONE', #3497, #525, #7583, .T. ) ;
#619 = VECTOR ( 'NONE', #6558, 1000.000000000000000 ) ;
#620 = DIRECTION ( 'NONE',  ( -9.103382349328301547E-49, -2.350988701644575016E-32, -1.000000000000000000 ) ) ;
#621 =( LENGTH_UNIT ( ) NAMED_UNIT ( * ) SI_UNIT ( .MILLI., .METRE. ) );
#622 = FILL_AREA_STYLE_COLOUR ( '', #1614 ) ;
#623 = CARTESIAN_POINT ( 'NONE',  ( 11.95000000000000107, 6.000000000000000000, 0.3200000000000012834 ) ) ;
#624 = CARTESIAN_POINT ( 'NONE',  ( 2.050000000000000266, 5.100000000000001421, -2.800000000000000266 ) ) ;
#625 = ADVANCED_FACE ( 'NONE', ( #1234 ), #3353, .T. ) ;
#626 = LINE ( 'NONE', #6360, #739 ) ;
#627 = ORIENTED_EDGE ( 'NONE', *, *, #3298, .F. ) ;
#628 = FILL_AREA_STYLE ('',( #7231 ) ) ;
#629 = FILL_AREA_STYLE ('',( #2746 ) ) ;
#630 = DIRECTION ( 'NONE',  ( 0.0000000000000000000, -1.000000000000000000, 0.0000000000000000000 ) ) ;
#631 = ADVANCED_FACE ( 'NONE', ( #6887 ), #7811, .F. ) ;
#632 = EDGE_CURVE ( 'NONE', #4134, #8716, #7718, .T. ) ;
#633 = CARTESIAN_POINT ( 'NONE',  ( 6.149999999999999467, -3.399999999999999911, -0.1500000000000003830 ) ) ;
#634 = AXIS2_PLACEMENT_3D ( 'NONE', #7259, #4490, #990 ) ;
#635 = ORIENTED_EDGE ( 'NONE', *, *, #508, .T. ) ;
#636 = DIRECTION ( 'NONE',  ( 3.872150616019660190E-17, 1.000000000000000000, -0.0000000000000000000 ) ) ;
#637 = ORIENTED_EDGE ( 'NONE', *, *, #649, .T. ) ;
#638 = SURFACE_STYLE_USAGE ( .BOTH. , #1342 ) ;
#639 = UNCERTAINTY_MEASURE_WITH_UNIT (LENGTH_MEASURE( 1.000000000000000082E-05 ), #980, 'distance_accuracy_value', 'NONE');
#640 =( GEOMETRIC_REPRESENTATION_CONTEXT ( 3 ) GLOBAL_UNCERTAINTY_ASSIGNED_CONTEXT ( ( #2064 ) ) GLOBAL_UNIT_ASSIGNED_CONTEXT ( ( #7176, #7079, #6426 ) ) REPRESENTATION_CONTEXT ( 'NONE', 'WORKASPACE' ) );
#641 = LINE ( 'NONE', #8402, #7826 ) ;
#642 = EDGE_LOOP ( 'NONE', ( #139, #2117, #2374, #2778 ) ) ;
#643 = CARTESIAN_POINT ( 'NONE',  ( 5.299999999999998934, 0.2000000000000000389, 1.700000000000000178 ) ) ;
#644 = SURFACE_STYLE_USAGE ( .BOTH. , #7821 ) ;
#645 = PLANE ( 'NONE',  #6940 ) ;
#646 = DIRECTION ( 'NONE',  ( 0.0000000000000000000, -1.000000000000000000, 5.782411586589358625E-16 ) ) ;
#647 = SURFACE_SIDE_STYLE ('',( #4280 ) ) ;
#648 = ORIENTED_EDGE ( 'NONE', *, *, #8912, .T. ) ;
#649 = EDGE_CURVE ( 'NONE', #7225, #4965, #4220, .T. ) ;
#650 = VECTOR ( 'NONE', #4722, 1000.000000000000000 ) ;
#651 =( NAMED_UNIT ( * ) SI_UNIT ( $, .STERADIAN. ) SOLID_ANGLE_UNIT ( ) );
#652 =( NAMED_UNIT ( * ) SI_UNIT ( $, .STERADIAN. ) SOLID_ANGLE_UNIT ( ) );
#653 = CARTESIAN_POINT ( 'NONE',  ( 3.299999999999999378, 0.2000000000000000389, 0.2500000000000002220 ) ) ;
#654 = LINE ( 'NONE', #3516, #7073 ) ;
#655 = VECTOR ( 'NONE', #810, 1000.000000000000000 ) ;
#656 = CARTESIAN_POINT ( 'NONE',  ( 3.750000000000000444, 5.000000000000000888, 0.2500000000000002220 ) ) ;
#657 = LINE ( 'NONE', #6299, #5565 ) ;
#658 = AXIS2_PLACEMENT_3D ( 'NONE', #7053, #833, #6491 ) ;
#659 = ORIENTED_EDGE ( 'NONE', *, *, #4711, .F. ) ;
#660 = VERTEX_POINT ( 'NONE', #4918 ) ;
#661 = AXIS2_PLACEMENT_3D ( 'NONE', #2766, #2722, #2023 ) ;
#662 = DIRECTION ( 'NONE',  ( -0.0000000000000000000, 0.0000000000000000000, 1.000000000000000000 ) ) ;
#663 = ORIENTED_EDGE ( 'NONE', *, *, #4141, .T. ) ;
#664 = UNCERTAINTY_MEASURE_WITH_UNIT (LENGTH_MEASURE( 1.000000000000000082E-05 ), #4708, 'distance_accuracy_value', 'NONE');
#665 = EDGE_CURVE ( 'NONE', #4055, #8274, #680, .T. ) ;
#666 = LINE ( 'NONE', #2090, #8410 ) ;
#667 = FACE_OUTER_BOUND ( 'NONE', #6452, .T. ) ;
#668 = FACE_OUTER_BOUND ( 'NONE', #5950, .T. ) ;
#669 = DIRECTION ( 'NONE',  ( 1.000000000000000000, -5.421010862427522170E-17, 0.0000000000000000000 ) ) ;
#670 = EDGE_CURVE ( 'NONE', #1623, #7447, #1337, .T. ) ;
#671 = VERTEX_POINT ( 'NONE', #6371 ) ;
#672 = ADVANCED_FACE ( 'NONE', ( #2150 ), #4962, .T. ) ;
#673 = PLANE ( 'NONE',  #6431 ) ;
#674 = LINE ( 'NONE', #4995, #7454 ) ;
#675 = VECTOR ( 'NONE', #7494, 1000.000000000000000 ) ;
#676 = CARTESIAN_POINT ( 'NONE',  ( 3.299999999999999378, 0.2000000000000000389, -2.800000000000000266 ) ) ;
#677 = EDGE_CURVE ( 'NONE', #4218, #8426, #902, .T. ) ;
#678 = ORIENTED_EDGE ( 'NONE', *, *, #6372, .T. ) ;
#679 = FACE_OUTER_BOUND ( 'NONE', #8624, .T. ) ;
#680 = LINE ( 'NONE', #8967, #7106 ) ;
#681 =( NAMED_UNIT ( * ) SI_UNIT ( $, .STERADIAN. ) SOLID_ANGLE_UNIT ( ) );
#682 =( NAMED_UNIT ( * ) SI_UNIT ( $, .STERADIAN. ) SOLID_ANGLE_UNIT ( ) );
#683 = EDGE_LOOP ( 'NONE', ( #2843, #8868, #5346, #5369 ) ) ;
#684 = DIRECTION ( 'NONE',  ( 1.000000000000000000, 0.0000000000000000000, 6.829619984160658046E-17 ) ) ;
#685 = PRESENTATION_STYLE_ASSIGNMENT (( #2154 ) ) ;
#686 = ORIENTED_EDGE ( 'NONE', *, *, #3123, .T. ) ;
#687 = SURFACE_STYLE_USAGE ( .BOTH. , #7042 ) ;
#688 = DIRECTION ( 'NONE',  ( -9.103382349328301547E-49, -2.350988701644575016E-32, -1.000000000000000000 ) ) ;
#689 = PLANE ( 'NONE',  #2111 ) ;
#690 = SURFACE_STYLE_FILL_AREA ( #4973 ) ;
#691 = CARTESIAN_POINT ( 'NONE',  ( 11.95000000000000107, 6.000000000000000000, 1.699999999999999289 ) ) ;
#692 = LINE ( 'NONE', #2897, #1421 ) ;
#693 = ORIENTED_EDGE ( 'NONE', *, *, #5245, .F. ) ;
#694 = PLANE ( 'NONE',  #7428 ) ;
#695 = FACE_OUTER_BOUND ( 'NONE', #6903, .T. ) ;
#696 = DIRECTION ( 'NONE',  ( -1.000000000000000000, 0.0000000000000000000, -0.0000000000000000000 ) ) ;
#697 = CARTESIAN_POINT ( 'NONE',  ( 4.750000000000000888, 3.399999999999999467, -2.050000000000001599 ) ) ;
#698 = SURFACE_SIDE_STYLE ('',( #2131 ) ) ;
#699 = ORIENTED_EDGE ( 'NONE', *, *, #2495, .F. ) ;
#700 =( NAMED_UNIT ( * ) PLANE_ANGLE_UNIT ( ) SI_UNIT ( $, .RADIAN. ) );
#701 = LINE ( 'NONE', #566, #6653 ) ;
#702 = LINE ( 'NONE', #8433, #2108 ) ;
#703 = FACE_OUTER_BOUND ( 'NONE', #7581, .T. ) ;
#704 = DIRECTION ( 'NONE',  ( 1.000000000000000000, -5.421010862427522170E-17, 0.0000000000000000000 ) ) ;
#705 =( LENGTH_UNIT ( ) NAMED_UNIT ( * ) SI_UNIT ( .MILLI., .METRE. ) );
#706 = ORIENTED_EDGE ( 'NONE', *, *, #3243, .F. ) ;
#707 = STYLED_ITEM ( 'NONE', ( #7209 ), #3834 ) ;
#708 = DIRECTION ( 'NONE',  ( 1.000000000000000000, -8.761229676650541399E-16, 0.0000000000000000000 ) ) ;
#709 = ORIENTED_EDGE ( 'NONE', *, *, #2914, .F. ) ;
#710 = VECTOR ( 'NONE', #814, 1000.000000000000000 ) ;
#711 = EDGE_CURVE ( 'NONE', #1071, #7789, #150, .T. ) ;
#712 = ORIENTED_EDGE ( 'NONE', *, *, #8830, .F. ) ;
#713 = EDGE_CURVE ( 'NONE', #3194, #4546, #4438, .T. ) ;
#714 = MECHANICAL_DESIGN_GEOMETRIC_PRESENTATION_REPRESENTATION (  '', ( #423 ), #6186 ) ;
#715 = MECHANICAL_DESIGN_GEOMETRIC_PRESENTATION_REPRESENTATION (  '', ( #6781 ), #7519 ) ;
#716 = VERTEX_POINT ( 'NONE', #4351 ) ;
#717 =( GEOMETRIC_REPRESENTATION_CONTEXT ( 3 ) GLOBAL_UNCERTAINTY_ASSIGNED_CONTEXT ( ( #4755 ) ) GLOBAL_UNIT_ASSIGNED_CONTEXT ( ( #4108, #5738, #5073 ) ) REPRESENTATION_CONTEXT ( 'NONE', 'WORKASPACE' ) );
#718 = CARTESIAN_POINT ( 'NONE',  ( 10.68000000000000149, 6.000000000000000000, 1.599999999999999867 ) ) ;
#719 = LINE ( 'NONE', #8969, #5781 ) ;
#720 = SURFACE_STYLE_USAGE ( .BOTH. , #5929 ) ;
#721 = ORIENTED_EDGE ( 'NONE', *, *, #996, .T. ) ;
#722 = SURFACE_STYLE_FILL_AREA ( #7078 ) ;
#723 = PLANE ( 'NONE',  #1906 ) ;
#724 = VECTOR ( 'NONE', #6482, 1000.000000000000000 ) ;
#725 = EDGE_CURVE ( 'NONE', #7496, #1419, #7942, .T. ) ;
#726 = EDGE_LOOP ( 'NONE', ( #3646, #5278, #6348, #7947 ) ) ;
#727 = AXIS2_PLACEMENT_3D ( 'NONE', #4011, #481, #1215 ) ;
#728 = UNCERTAINTY_MEASURE_WITH_UNIT (LENGTH_MEASURE( 1.000000000000000082E-05 ), #90, 'distance_accuracy_value', 'NONE');
#729 = SURFACE_SIDE_STYLE ('',( #1288 ) ) ;
#730 = CARTESIAN_POINT ( 'NONE',  ( 7.750000000000000000, 1.800000000000000044, 0.2500000000000002220 ) ) ;
#731 = DIRECTION ( 'NONE',  ( -1.084202172485504237E-15, -1.000000000000000000, 0.0000000000000000000 ) ) ;
#732 =( GEOMETRIC_REPRESENTATION_CONTEXT ( 3 ) GLOBAL_UNCERTAINTY_ASSIGNED_CONTEXT ( ( #9055 ) ) GLOBAL_UNIT_ASSIGNED_CONTEXT ( ( #5415, #5368, #6244 ) ) REPRESENTATION_CONTEXT ( 'NONE', 'WORKASPACE' ) );
#733 =( NAMED_UNIT ( * ) PLANE_ANGLE_UNIT ( ) SI_UNIT ( $, .RADIAN. ) );
#734 =( GEOMETRIC_REPRESENTATION_CONTEXT ( 3 ) GLOBAL_UNCERTAINTY_ASSIGNED_CONTEXT ( ( #5392 ) ) GLOBAL_UNIT_ASSIGNED_CONTEXT ( ( #1662, #3236, #8150 ) ) REPRESENTATION_CONTEXT ( 'NONE', 'WORKASPACE' ) );
#735 = PRESENTATION_STYLE_ASSIGNMENT (( #599 ) ) ;
#736 = VECTOR ( 'NONE', #8375, 1000.000000000000000 ) ;
#737 = VERTEX_POINT ( 'NONE', #2241 ) ;
#738 = VECTOR ( 'NONE', #4930, 1000.000000000000000 ) ;
#739 = VECTOR ( 'NONE', #4158, 1000.000000000000000 ) ;
#740 = PLANE ( 'NONE',  #1171 ) ;
#741 = SURFACE_STYLE_FILL_AREA ( #2905 ) ;
#742 = DIRECTION ( 'NONE',  ( 0.0000000000000000000, -1.000000000000000000, 0.0000000000000000000 ) ) ;
#743 = EDGE_LOOP ( 'NONE', ( #583, #3723, #5070, #3852 ) ) ;
#744 = COLOUR_RGB ( '',1.000000000000000000, 1.000000000000000000, 1.000000000000000000 ) ;
#745 = VECTOR ( 'NONE', #7557, 1000.000000000000000 ) ;
#746 = STYLED_ITEM ( 'NONE', ( #2611 ), #5233 ) ;
#747 =( NAMED_UNIT ( * ) SI_UNIT ( $, .STERADIAN. ) SOLID_ANGLE_UNIT ( ) );
#748 = COLOUR_RGB ( '',1.000000000000000000, 1.000000000000000000, 1.000000000000000000 ) ;
#749 = UNCERTAINTY_MEASURE_WITH_UNIT (LENGTH_MEASURE( 1.000000000000000082E-05 ), #4407, 'distance_accuracy_value', 'NONE');
#750 = DIRECTION ( 'NONE',  ( -0.0000000000000000000, -0.0000000000000000000, -1.000000000000000000 ) ) ;
#751 = DIRECTION ( 'NONE',  ( -0.0000000000000000000, 0.0000000000000000000, 1.000000000000000000 ) ) ;
#752 = CARTESIAN_POINT ( 'NONE',  ( 0.2499999999999997780, -3.399999999999999911, -0.1500000000000021316 ) ) ;
#753 = ADVANCED_FACE ( 'NONE', ( #3706 ), #5175, .F. ) ;
#754 =( LENGTH_UNIT ( ) NAMED_UNIT ( * ) SI_UNIT ( .MILLI., .METRE. ) );
#755 = CARTESIAN_POINT ( 'NONE',  ( 0.0000000000000000000, 0.0000000000000000000, 0.0000000000000000000 ) ) ;
#756 = CARTESIAN_POINT ( 'NONE',  ( 11.95100000000000051, 6.000000000000000000, 0.3199999999999999512 ) ) ;
#757 = ORIENTED_EDGE ( 'NONE', *, *, #5408, .F. ) ;
#758 = DIRECTION ( 'NONE',  ( -3.872150616019660190E-17, -1.000000000000000000, 0.0000000000000000000 ) ) ;
#759 = MECHANICAL_DESIGN_GEOMETRIC_PRESENTATION_REPRESENTATION (  '', ( #6071 ), #610 ) ;
#760 = CARTESIAN_POINT ( 'NONE',  ( 10.24999999999999822, -3.399999999999999911, 0.2500000000000002220 ) ) ;
#761 = EDGE_LOOP ( 'NONE', ( #554, #4152, #6148, #223 ) ) ;
#762 = CIRCLE ( 'NONE', #3149, 0.4999999999999995559 ) ;
#763 = EDGE_CURVE ( 'NONE', #2071, #51, #3792, .T. ) ;
#764 =( NAMED_UNIT ( * ) PLANE_ANGLE_UNIT ( ) SI_UNIT ( $, .RADIAN. ) );
#765 = STYLED_ITEM ( 'NONE', ( #2640 ), #5599 ) ;
#766 = CARTESIAN_POINT ( 'NONE',  ( 9.250000000000001776, 1.149999999999999911, -2.350000000000001421 ) ) ;
#767 = PLANE ( 'NONE',  #2825 ) ;
#768 = VECTOR ( 'NONE', #6595, 1000.000000000000000 ) ;
#769 = SURFACE_SIDE_STYLE ('',( #2932 ) ) ;
#770 = EDGE_CURVE ( 'NONE', #1356, #2715, #279, .T. ) ;
#771 = ORIENTED_EDGE ( 'NONE', *, *, #8034, .T. ) ;
#772 = LINE ( 'NONE', #1340, #5775 ) ;
#773 = CARTESIAN_POINT ( 'NONE',  ( 10.24999999999999822, 5.000000000000000888, 0.2500000000000002220 ) ) ;
#774 = CARTESIAN_POINT ( 'NONE',  ( 8.849999999999999645, 6.000000000000000888, -2.801000000000000600 ) ) ;
#775 = EDGE_LOOP ( 'NONE', ( #5923, #1859, #1909, #7461 ) ) ;
#776 = EDGE_LOOP ( 'NONE', ( #3744, #8073, #5375, #3359 ) ) ;
#777 =( GEOMETRIC_REPRESENTATION_CONTEXT ( 3 ) GLOBAL_UNCERTAINTY_ASSIGNED_CONTEXT ( ( #5005 ) ) GLOBAL_UNIT_ASSIGNED_CONTEXT ( ( #3380, #4294, #1992 ) ) REPRESENTATION_CONTEXT ( 'NONE', 'WORKASPACE' ) );
#778 = DIRECTION ( 'NONE',  ( -0.0000000000000000000, -0.0000000000000000000, 1.000000000000000000 ) ) ;
#779 = EDGE_CURVE ( 'NONE', #7266, #7642, #3023, .T. ) ;
#780 = DIRECTION ( 'NONE',  ( 3.872150616019660190E-17, 1.000000000000000000, -0.0000000000000000000 ) ) ;
#781 = LINE ( 'NONE', #4181, #6657 ) ;
#782 =( NAMED_UNIT ( * ) SI_UNIT ( $, .STERADIAN. ) SOLID_ANGLE_UNIT ( ) );
#783 = CARTESIAN_POINT ( 'NONE',  ( 6.249999999999998224, 1.800000000000000044, -0.2499999999999997780 ) ) ;
#784 = COLOUR_RGB ( '',1.000000000000000000, 0.8117647058823529438, 0.5019607843137254832 ) ;
#785 = EDGE_CURVE ( 'NONE', #6378, #2615, #3752, .T. ) ;
#786 = EDGE_LOOP ( 'NONE', ( #3647, #9049, #8932, #7621, #2708 ) ) ;
#787 = ADVANCED_FACE ( 'NONE', ( #5766 ), #3099, .F. ) ;
#788 = EDGE_LOOP ( 'NONE', ( #1863, #1664, #4463, #9030 ) ) ;
#789 = ORIENTED_EDGE ( 'NONE', *, *, #6907, .T. ) ;
#790 = CARTESIAN_POINT ( 'NONE',  ( -1.949999999999999956, 0.0000000000000000000, -2.800000000000000266 ) ) ;
#791 =( NAMED_UNIT ( * ) PLANE_ANGLE_UNIT ( ) SI_UNIT ( $, .RADIAN. ) );
#792 = DIRECTION ( 'NONE',  ( 1.000000000000000000, -5.421010862427522170E-17, 0.0000000000000000000 ) ) ;
#793 = LINE ( 'NONE', #6397, #4230 ) ;
#794 = PRESENTATION_STYLE_ASSIGNMENT (( #7787 ) ) ;
#795 = ORIENTED_EDGE ( 'NONE', *, *, #8882, .T. ) ;
#796 = PRESENTATION_LAYER_ASSIGNMENT (  '', '', ( #4956 ) ) ;
#797 =( GEOMETRIC_REPRESENTATION_CONTEXT ( 3 ) GLOBAL_UNCERTAINTY_ASSIGNED_CONTEXT ( ( #728 ) ) GLOBAL_UNIT_ASSIGNED_CONTEXT ( ( #90, #8857, #6771 ) ) REPRESENTATION_CONTEXT ( 'NONE', 'WORKASPACE' ) );
#798 = VERTEX_POINT ( 'NONE', #4525 ) ;
#799 = EDGE_CURVE ( 'NONE', #8480, #7496, #2500, .T. ) ;
#800 = CARTESIAN_POINT ( 'NONE',  ( 11.35000000000000497, 1.149999999999999911, -1.050000000000005373 ) ) ;
#801 = CARTESIAN_POINT ( 'NONE',  ( 3.250000000000000888, 1.149999999999999911, -2.350000000000001421 ) ) ;
#802 = VECTOR ( 'NONE', #8365, 1000.000000000000000 ) ;
#803 = LINE ( 'NONE', #3654, #2128 ) ;
#804 = DIRECTION ( 'NONE',  ( -1.000000000000000000, 0.0000000000000000000, -6.829619984160658046E-17 ) ) ;
#805 = PRESENTATION_STYLE_ASSIGNMENT (( #5796 ) ) ;
#806 =( NAMED_UNIT ( * ) PLANE_ANGLE_UNIT ( ) SI_UNIT ( $, .RADIAN. ) );
#807 = PRESENTATION_STYLE_ASSIGNMENT (( #4989 ) ) ;
#808 = FILL_AREA_STYLE ('',( #7117 ) ) ;
#809 = ORIENTED_EDGE ( 'NONE', *, *, #8515, .T. ) ;
#810 = DIRECTION ( 'NONE',  ( -1.000000000000000000, 5.421010862427522170E-17, 0.0000000000000000000 ) ) ;
#811 = EDGE_LOOP ( 'NONE', ( #5983, #789, #5118, #1677 ) ) ;
#812 = SURFACE_STYLE_USAGE ( .BOTH. , #311 ) ;
#813 = DIRECTION ( 'NONE',  ( 0.5773502691896259531, 0.5773502691896259531, -0.5773502691896255090 ) ) ;
#814 = DIRECTION ( 'NONE',  ( 9.103382349328301547E-49, 2.350988701644575016E-32, 1.000000000000000000 ) ) ;
#815 = FILL_AREA_STYLE_COLOUR ( '', #7511 ) ;
#816 =( GEOMETRIC_REPRESENTATION_CONTEXT ( 3 ) GLOBAL_UNCERTAINTY_ASSIGNED_CONTEXT ( ( #6676 ) ) GLOBAL_UNIT_ASSIGNED_CONTEXT ( ( #5162, #7366, #7974 ) ) REPRESENTATION_CONTEXT ( 'NONE', 'WORKASPACE' ) );
#817 =( LENGTH_UNIT ( ) NAMED_UNIT ( * ) SI_UNIT ( .MILLI., .METRE. ) );
#818 = DIRECTION ( 'NONE',  ( -0.5773502691896266192, 0.5773502691896239547, 0.5773502691896267303 ) ) ;
#819 = EDGE_LOOP ( 'NONE', ( #3967, #3708, #3810, #4401 ) ) ;
#820 = DIRECTION ( 'NONE',  ( 0.0000000000000000000, 0.0000000000000000000, -1.000000000000000000 ) ) ;
#821 = EDGE_LOOP ( 'NONE', ( #5270, #849, #1355, #1636 ) ) ;
#822 = VERTEX_POINT ( 'NONE', #7375 ) ;
#823 = UNCERTAINTY_MEASURE_WITH_UNIT (LENGTH_MEASURE( 1.000000000000000082E-05 ), #3386, 'distance_accuracy_value', 'NONE');
#824 = CARTESIAN_POINT ( 'NONE',  ( 10.22000000000000064, 6.000000000000000000, 1.700000000000000178 ) ) ;
#825 = DIRECTION ( 'NONE',  ( 0.5773502691896291728, 0.5773502691896262862, 0.5773502691896218453 ) ) ;
#826 = LINE ( 'NONE', #3070, #5260 ) ;
#827 = ORIENTED_EDGE ( 'NONE', *, *, #2454, .F. ) ;
#828 = EDGE_CURVE ( 'NONE', #4530, #4970, #8102, .T. ) ;
#829 = MECHANICAL_DESIGN_GEOMETRIC_PRESENTATION_REPRESENTATION (  '', ( #2049 ), #2787 ) ;
#830 = ADVANCED_FACE ( 'NONE', ( #6686 ), #1846, .T. ) ;
#831 =( LENGTH_UNIT ( ) NAMED_UNIT ( * ) SI_UNIT ( .MILLI., .METRE. ) );
#832 = CARTESIAN_POINT ( 'NONE',  ( 8.250000000000000000, 0.2000000000000000111, 0.2500000000000002220 ) ) ;
#833 = DIRECTION ( 'NONE',  ( -3.833233541708420554E-17, -0.7071067811865447972, -0.7071067811865502373 ) ) ;
#834 = SURFACE_STYLE_FILL_AREA ( #4461 ) ;
#835 =( LENGTH_UNIT ( ) NAMED_UNIT ( * ) SI_UNIT ( .MILLI., .METRE. ) );
#836 = ORIENTED_EDGE ( 'NONE', *, *, #7851, .F. ) ;
#837 = ORIENTED_EDGE ( 'NONE', *, *, #8793, .T. ) ;
#838 = FILL_AREA_STYLE_COLOUR ( '', #330 ) ;
#839 = DIRECTION ( 'NONE',  ( 1.000000000000000000, 0.0000000000000000000, -0.0000000000000000000 ) ) ;
#840 =( NAMED_UNIT ( * ) PLANE_ANGLE_UNIT ( ) SI_UNIT ( $, .RADIAN. ) );
#841 = LINE ( 'NONE', #5289, #7349 ) ;
#842 = FILL_AREA_STYLE_COLOUR ( '', #1698 ) ;
#843 = VECTOR ( 'NONE', #3631, 1000.000000000000114 ) ;
#844 = LINE ( 'NONE', #5163, #3131 ) ;
#845 = PLANE ( 'NONE',  #1050 ) ;
#846 = EDGE_LOOP ( 'NONE', ( #1201, #1125, #2413, #4518 ) ) ;
#847 = SURFACE_STYLE_FILL_AREA ( #4992 ) ;
#848 = VERTEX_POINT ( 'NONE', #6645 ) ;
#849 = ORIENTED_EDGE ( 'NONE', *, *, #7625, .T. ) ;
#850 = CARTESIAN_POINT ( 'NONE',  ( 7.249999999999999112, 3.399999999999999467, -2.050000000000001599 ) ) ;
#851 = DIRECTION ( 'NONE',  ( -0.0000000000000000000, 1.000000000000000000, -0.0000000000000000000 ) ) ;
#852 = CARTESIAN_POINT ( 'NONE',  ( 9.250000000000001776, 3.150000000000000799, -2.050000000000001599 ) ) ;
#853 = SURFACE_STYLE_FILL_AREA ( #8026 ) ;
#854 = DIRECTION ( 'NONE',  ( -0.7071067811865489050, -0.7071067811865462405, 3.066586833366754193E-16 ) ) ;
#855 = DIRECTION ( 'NONE',  ( 1.927470528863119542E-16, -1.000000000000000000, 0.0000000000000000000 ) ) ;
#856 = ORIENTED_EDGE ( 'NONE', *, *, #73, .F. ) ;
#857 = DIRECTION ( 'NONE',  ( -1.000000000000000000, 5.421010862427522170E-17, 0.0000000000000000000 ) ) ;
#858 =( NAMED_UNIT ( * ) SI_UNIT ( $, .STERADIAN. ) SOLID_ANGLE_UNIT ( ) );
#859 = PRESENTATION_LAYER_ASSIGNMENT (  '', '', ( #4571 ) ) ;
#860 = VERTEX_POINT ( 'NONE', #3921 ) ;
#861 = PRESENTATION_LAYER_ASSIGNMENT (  '', '', ( #7666 ) ) ;
#862 = VERTEX_POINT ( 'NONE', #6735 ) ;
#863 = ORIENTED_EDGE ( 'NONE', *, *, #1311, .F. ) ;
#864 = LINE ( 'NONE', #325, #8867 ) ;
#865 = AXIS2_PLACEMENT_3D ( 'NONE', #3121, #6577, #255 ) ;
#866 = VECTOR ( 'NONE', #2750, 1000.000000000000000 ) ;
#867 = SURFACE_STYLE_USAGE ( .BOTH. , #8626 ) ;
#868 = CARTESIAN_POINT ( 'NONE',  ( -1.949999999999999956, 1.800000000000000044, 0.2500000000000002220 ) ) ;
#869 = SURFACE_SIDE_STYLE ('',( #1622 ) ) ;
#870 = ADVANCED_FACE ( 'NONE', ( #7470 ), #8063, .F. ) ;
#871 = ORIENTED_EDGE ( 'NONE', *, *, #2304, .F. ) ;
#872 = STYLED_ITEM ( 'NONE', ( #2695 ), #4784 ) ;
#873 = ORIENTED_EDGE ( 'NONE', *, *, #8275, .T. ) ;
#874 = VECTOR ( 'NONE', #1057, 1000.000000000000000 ) ;
#875 = EDGE_LOOP ( 'NONE', ( #7967, #8007, #4874, #4935 ) ) ;
#876 = DIRECTION ( 'NONE',  ( -1.000000000000000000, 3.872150616019660190E-17, 0.0000000000000000000 ) ) ;
#877 = CARTESIAN_POINT ( 'NONE',  ( 3.750000000000000444, -3.399999999999999911, -0.2499999999999997780 ) ) ;
#878 =( NAMED_UNIT ( * ) SI_UNIT ( $, .STERADIAN. ) SOLID_ANGLE_UNIT ( ) );
#879 = CARTESIAN_POINT ( 'NONE',  ( 2.250000000000000000, 5.000000000000000888, 0.2500000000000002220 ) ) ;
#880 = DIRECTION ( 'NONE',  ( 1.000000000000000000, -5.421010862427522170E-17, 0.0000000000000000000 ) ) ;
#881 = VERTEX_POINT ( 'NONE', #6307 ) ;
#882 = EDGE_CURVE ( 'NONE', #1522, #5006, #6921, .T. ) ;
#883 = COLOUR_RGB ( '',1.000000000000000000, 0.8117647058823529438, 0.5019607843137254832 ) ;
#884 = VECTOR ( 'NONE', #5752, 1000.000000000000000 ) ;
#885 = FILL_AREA_STYLE_COLOUR ( '', #7135 ) ;
#886 = CARTESIAN_POINT ( 'NONE',  ( 1.299999999999999600, 0.2000000000000000389, 0.2500000000000002220 ) ) ;
#887 = SURFACE_STYLE_FILL_AREA ( #7799 ) ;
#888 = DIRECTION ( 'NONE',  ( -1.084202172485504237E-15, -1.000000000000000000, 0.0000000000000000000 ) ) ;
#889 = SURFACE_STYLE_FILL_AREA ( #2362 ) ;
#890 = CARTESIAN_POINT ( 'NONE',  ( 1.749999999999999778, -3.399999999999999911, -0.2499999999999997780 ) ) ;
#891 = ORIENTED_EDGE ( 'NONE', *, *, #109, .F. ) ;
#892 = FILL_AREA_STYLE ('',( #7933 ) ) ;
#893 = ORIENTED_EDGE ( 'NONE', *, *, #6605, .F. ) ;
#894 = MECHANICAL_DESIGN_GEOMETRIC_PRESENTATION_REPRESENTATION (  '', ( #746 ), #4321 ) ;
#895 = COLOUR_RGB ( '',1.000000000000000000, 0.8117647058823529438, 0.5019607843137254832 ) ;
#896 =( LENGTH_UNIT ( ) NAMED_UNIT ( * ) SI_UNIT ( .MILLI., .METRE. ) );
#897 = FILL_AREA_STYLE_COLOUR ( '', #6182 ) ;
#898 = EDGE_CURVE ( 'NONE', #2048, #8760, #532, .T. ) ;
#899 = PRESENTATION_LAYER_ASSIGNMENT (  '', '', ( #4611 ) ) ;
#900 = CARTESIAN_POINT ( 'NONE',  ( 11.35000000000000142, 4.500000000000000888, -0.6799999999999978284 ) ) ;
#901 = SURFACE_STYLE_USAGE ( .BOTH. , #7253 ) ;
#902 = LINE ( 'NONE', #1469, #4444 ) ;
#903 = CARTESIAN_POINT ( 'NONE',  ( -1.350000000000000089, 5.650000000000000355, 1.249999999999997558 ) ) ;
#904 = ORIENTED_EDGE ( 'NONE', *, *, #5558, .F. ) ;
#905 =( NAMED_UNIT ( * ) SI_UNIT ( $, .STERADIAN. ) SOLID_ANGLE_UNIT ( ) );
#906 = EDGE_CURVE ( 'NONE', #6556, #5021, #6980, .T. ) ;
#907 = PRESENTATION_LAYER_ASSIGNMENT (  '', '', ( #1665 ) ) ;
#908 = LINE ( 'NONE', #3796, #2015 ) ;
#909 = VECTOR ( 'NONE', #6879, 1000.000000000000000 ) ;
#910 = PLANE ( 'NONE',  #4489 ) ;
#911 = VECTOR ( 'NONE', #1027, 1000.000000000000000 ) ;
#912 = UNCERTAINTY_MEASURE_WITH_UNIT (LENGTH_MEASURE( 1.000000000000000082E-05 ), #3050, 'distance_accuracy_value', 'NONE');
#913 = SURFACE_SIDE_STYLE ('',( #7301 ) ) ;
#914 = LINE ( 'NONE', #7949, #843 ) ;
#915 = ADVANCED_FACE ( 'NONE', ( #7022 ), #6270, .F. ) ;
#916 = LINE ( 'NONE', #1674, #312 ) ;
#917 = AXIS2_PLACEMENT_3D ( 'NONE', #7986, #7425, #6597 ) ;
#918 = DIRECTION ( 'NONE',  ( 1.000000000000000000, 0.0000000000000000000, 0.0000000000000000000 ) ) ;
#919 = CARTESIAN_POINT ( 'NONE',  ( 4.750000000000000888, 3.399999999999998579, -2.350000000000001421 ) ) ;
#920 = ORIENTED_EDGE ( 'NONE', *, *, #7636, .F. ) ;
#921 =( NAMED_UNIT ( * ) PLANE_ANGLE_UNIT ( ) SI_UNIT ( $, .RADIAN. ) );
#922 = MECHANICAL_DESIGN_GEOMETRIC_PRESENTATION_REPRESENTATION (  '', ( #5365 ), #5945 ) ;
#923 = LINE ( 'NONE', #1681, #1629 ) ;
#924 =( LENGTH_UNIT ( ) NAMED_UNIT ( * ) SI_UNIT ( .MILLI., .METRE. ) );
#925 = DIRECTION ( 'NONE',  ( -9.103382349328301547E-49, -2.350988701644575016E-32, -1.000000000000000000 ) ) ;
#926 = FILL_AREA_STYLE_COLOUR ( '', #2414 ) ;
#927 = ORIENTED_EDGE ( 'NONE', *, *, #1661, .T. ) ;
#928 = SURFACE_SIDE_STYLE ('',( #5120 ) ) ;
#929 = UNCERTAINTY_MEASURE_WITH_UNIT (LENGTH_MEASURE( 1.000000000000000082E-05 ), #3722, 'distance_accuracy_value', 'NONE');
#930 = SURFACE_SIDE_STYLE ('',( #2486 ) ) ;
#931 =( NAMED_UNIT ( * ) SI_UNIT ( $, .STERADIAN. ) SOLID_ANGLE_UNIT ( ) );
#932 = SURFACE_STYLE_USAGE ( .BOTH. , #4512 ) ;
#933 = CARTESIAN_POINT ( 'NONE',  ( 9.250000000000001776, 3.399999999999999467, -2.050000000000001599 ) ) ;
#934 = DIRECTION ( 'NONE',  ( 3.872150616019660190E-17, 1.000000000000000000, 0.0000000000000000000 ) ) ;
#935 = PLANE ( 'NONE',  #7623 ) ;
#936 =( NAMED_UNIT ( * ) PLANE_ANGLE_UNIT ( ) SI_UNIT ( $, .RADIAN. ) );
#937 = PRESENTATION_STYLE_ASSIGNMENT (( #4473 ) ) ;
#938 = VECTOR ( 'NONE', #1857, 1000.000000000000000 ) ;
#939 = VERTEX_POINT ( 'NONE', #5496 ) ;
#940 = CARTESIAN_POINT ( 'NONE',  ( 2.250000000000000000, -3.399999999999999911, -0.2499999999999997780 ) ) ;
#941 = EDGE_CURVE ( 'NONE', #118, #4353, #626, .T. ) ;
#942 =( NAMED_UNIT ( * ) PLANE_ANGLE_UNIT ( ) SI_UNIT ( $, .RADIAN. ) );
#943 = SURFACE_STYLE_FILL_AREA ( #239 ) ;
#944 = ADVANCED_FACE ( 'NONE', ( #668 ), #46, .F. ) ;
#945 = LINE ( 'NONE', #7987, #7824 ) ;
#946 = FILL_AREA_STYLE_COLOUR ( '', #6486 ) ;
#947 = CARTESIAN_POINT ( 'NONE',  ( 7.249999999999999112, 3.150000000000000799, -2.050000000000001599 ) ) ;
#948 = ORIENTED_EDGE ( 'NONE', *, *, #2596, .F. ) ;
#949 =( NAMED_UNIT ( * ) PLANE_ANGLE_UNIT ( ) SI_UNIT ( $, .RADIAN. ) );
#950 = DIRECTION ( 'NONE',  ( -4.336808689942017736E-16, 1.679277644031839923E-32, -1.000000000000000000 ) ) ;
#951 = ADVANCED_FACE ( 'NONE', ( #1552 ), #7975, .F. ) ;
#952 = AXIS2_PLACEMENT_3D ( 'NONE', #4894, #2908, #7696 ) ;
#953 = DIRECTION ( 'NONE',  ( -4.336808689942017736E-16, 0.0000000000000000000, -1.000000000000000000 ) ) ;
#954 =( NAMED_UNIT ( * ) PLANE_ANGLE_UNIT ( ) SI_UNIT ( $, .RADIAN. ) );
#955 = SURFACE_SIDE_STYLE ('',( #8070 ) ) ;
#956 = DIRECTION ( 'NONE',  ( 0.0000000000000000000, -0.7071067811865445751, -0.7071067811865503483 ) ) ;
#957 = VERTEX_POINT ( 'NONE', #2320 ) ;
#958 = PRESENTATION_LAYER_ASSIGNMENT (  '', '', ( #4979 ) ) ;
#959 = EDGE_CURVE ( 'NONE', #4840, #6726, #844, .T. ) ;
#960 = VECTOR ( 'NONE', #1203, 1000.000000000000000 ) ;
#961 = FILL_AREA_STYLE_COLOUR ( '', #7260 ) ;
#962 = FACE_OUTER_BOUND ( 'NONE', #5555, .T. ) ;
#963 = DIRECTION ( 'NONE',  ( -1.000000000000000000, 0.0000000000000000000, -0.0000000000000000000 ) ) ;
#964 = CARTESIAN_POINT ( 'NONE',  ( 6.249999999999998224, 5.000000000000000888, 0.2500000000000002220 ) ) ;
#965 = CARTESIAN_POINT ( 'NONE',  ( 8.250000000000000000, -3.399999999999999911, -0.2499999999999997780 ) ) ;
#966 = EDGE_LOOP ( 'NONE', ( #4945, #4208, #9068, #2876 ) ) ;
#967 = ORIENTED_EDGE ( 'NONE', *, *, #1750, .F. ) ;
#968 = SURFACE_STYLE_FILL_AREA ( #7317 ) ;
#969 = VERTEX_POINT ( 'NONE', #2185 ) ;
#970 = CARTESIAN_POINT ( 'NONE',  ( 0.0000000000000000000, 0.0000000000000000000, 0.0000000000000000000 ) ) ;
#971 = LINE ( 'NONE', #5797, #2504 ) ;
#972 = FILL_AREA_STYLE_COLOUR ( '', #5104 ) ;
#973 = CARTESIAN_POINT ( 'NONE',  ( 5.299999999999998934, 0.2000000000000000389, -2.800000000000000266 ) ) ;
#974 = FILL_AREA_STYLE ('',( #420 ) ) ;
#975 = ORIENTED_EDGE ( 'NONE', *, *, #7565, .F. ) ;
#976 = EDGE_CURVE ( 'NONE', #5373, #6931, #7159, .T. ) ;
#977 = LINE ( 'NONE', #2286, #619 ) ;
#978 = FACE_OUTER_BOUND ( 'NONE', #726, .T. ) ;
#979 = SURFACE_STYLE_USAGE ( .BOTH. , #4480 ) ;
#980 =( LENGTH_UNIT ( ) NAMED_UNIT ( * ) SI_UNIT ( .MILLI., .METRE. ) );
#981 = SURFACE_SIDE_STYLE ('',( #5138 ) ) ;
#982 = FILL_AREA_STYLE ('',( #2605 ) ) ;
#983 = ORIENTED_EDGE ( 'NONE', *, *, #4455, .T. ) ;
#984 = MECHANICAL_DESIGN_GEOMETRIC_PRESENTATION_REPRESENTATION (  '', ( #6620 ), #7803 ) ;
#985 = FILL_AREA_STYLE ('',( #4570 ) ) ;
#986 = ADVANCED_FACE ( 'NONE', ( #7242 ), #1594, .T. ) ;
#987 = VECTOR ( 'NONE', #3886, 1000.000000000000000 ) ;
#988 = ORIENTED_EDGE ( 'NONE', *, *, #1651, .F. ) ;
#989 = AXIS2_PLACEMENT_3D ( 'NONE', #8807, #6770, #419 ) ;
#990 = DIRECTION ( 'NONE',  ( 0.0000000000000000000, 0.0000000000000000000, -1.000000000000000000 ) ) ;
#991 = LINE ( 'NONE', #1043, #322 ) ;
#992 = LINE ( 'NONE', #7912, #3719 ) ;
#993 = CARTESIAN_POINT ( 'NONE',  ( 10.22000000000000242, 4.230000000000000426, -2.801000000000000600 ) ) ;
#994 = FILL_AREA_STYLE ('',( #6091 ) ) ;
#995 = ORIENTED_EDGE ( 'NONE', *, *, #4203, .F. ) ;
#996 = EDGE_CURVE ( 'NONE', #5531, #2106, #3286, .T. ) ;
#997 = PRESENTATION_LAYER_ASSIGNMENT (  '', '', ( #3829 ) ) ;
#998 = VECTOR ( 'NONE', #7617, 1000.000000000000000 ) ;
#999 = EDGE_CURVE ( 'NONE', #3937, #798, #6409, .T. ) ;
#1000 = DIRECTION ( 'NONE',  ( 1.000000000000000000, 0.0000000000000000000, 0.0000000000000000000 ) ) ;
#1001 = SURFACE_SIDE_STYLE ('',( #2268 ) ) ;
#1002 =( NAMED_UNIT ( * ) PLANE_ANGLE_UNIT ( ) SI_UNIT ( $, .RADIAN. ) );
#1003 = PRESENTATION_LAYER_ASSIGNMENT (  '', '', ( #6496 ) ) ;
#1004 = SURFACE_STYLE_USAGE ( .BOTH. , #1685 ) ;
#1005 = EDGE_LOOP ( 'NONE', ( #5309, #7551, #6990, #6042 ) ) ;
#1006 = AXIS2_PLACEMENT_3D ( 'NONE', #5045, #4866, #6278 ) ;
#1007 = EDGE_LOOP ( 'NONE', ( #6845, #8748, #7747, #4335 ) ) ;
#1008 =( GEOMETRIC_REPRESENTATION_CONTEXT ( 3 ) GLOBAL_UNCERTAINTY_ASSIGNED_CONTEXT ( ( #3567 ) ) GLOBAL_UNIT_ASSIGNED_CONTEXT ( ( #2785, #8243, #1127 ) ) REPRESENTATION_CONTEXT ( 'NONE', 'WORKASPACE' ) );
#1009 = ORIENTED_EDGE ( 'NONE', *, *, #7955, .T. ) ;
#1010 = STYLED_ITEM ( 'NONE', ( #8202 ), #625 ) ;
#1011 = COLOUR_RGB ( '',1.000000000000000000, 1.000000000000000000, 1.000000000000000000 ) ;
#1012 = VERTEX_POINT ( 'NONE', #8563 ) ;
#1013 = STYLED_ITEM ( 'NONE', ( #8472 ), #8340 ) ;
#1014 = UNCERTAINTY_MEASURE_WITH_UNIT (LENGTH_MEASURE( 1.000000000000000082E-05 ), #437, 'distance_accuracy_value', 'NONE');
#1015 =( LENGTH_UNIT ( ) NAMED_UNIT ( * ) SI_UNIT ( .MILLI., .METRE. ) );
#1016 = PRESENTATION_STYLE_ASSIGNMENT (( #5288 ) ) ;
#1017 = MECHANICAL_DESIGN_GEOMETRIC_PRESENTATION_REPRESENTATION (  '', ( #8554 ), #6047 ) ;
#1018 =( LENGTH_UNIT ( ) NAMED_UNIT ( * ) SI_UNIT ( .MILLI., .METRE. ) );
#1019 = SURFACE_STYLE_USAGE ( .BOTH. , #1732 ) ;
#1020 = SURFACE_SIDE_STYLE ('',( #5126 ) ) ;
#1021 = LINE ( 'NONE', #7326, #7269 ) ;
#1022 = ORIENTED_EDGE ( 'NONE', *, *, #5579, .F. ) ;
#1023 = PRESENTATION_LAYER_ASSIGNMENT (  '', '', ( #5902 ) ) ;
#1024 = VECTOR ( 'NONE', #5893, 1000.000000000000000 ) ;
#1025 = AXIS2_PLACEMENT_3D ( 'NONE', #6551, #7971, #8601 ) ;
#1026 = MECHANICAL_DESIGN_GEOMETRIC_PRESENTATION_REPRESENTATION (  '', ( #592 ), #1184 ) ;
#1027 = DIRECTION ( 'NONE',  ( -1.000000000000000000, 0.0000000000000000000, 1.762081725391875198E-17 ) ) ;
#1028 = DIRECTION ( 'NONE',  ( -0.0000000000000000000, 1.000000000000000000, -0.0000000000000000000 ) ) ;
#1029 = ADVANCED_FACE ( 'NONE', ( #5084, #7887 ), #3083, .F. ) ;
#1030 = DIRECTION ( 'NONE',  ( -9.103382349328301547E-49, -2.350988701644575016E-32, -1.000000000000000000 ) ) ;
#1031 = CARTESIAN_POINT ( 'NONE',  ( -0.2500000000000002220, -3.399999999999999911, 0.2500000000000002220 ) ) ;
#1032 = CARTESIAN_POINT ( 'NONE',  ( -1.951000000000000956, 6.000000000000000000, 0.3199999999999986744 ) ) ;
#1033 = DIRECTION ( 'NONE',  ( 0.0000000000000000000, 0.0000000000000000000, -1.000000000000000000 ) ) ;
#1034 = ORIENTED_EDGE ( 'NONE', *, *, #6444, .F. ) ;
#1035 = LINE ( 'NONE', #8780, #724 ) ;
#1036 =( LENGTH_UNIT ( ) NAMED_UNIT ( * ) SI_UNIT ( .MILLI., .METRE. ) );
#1037 = VECTOR ( 'NONE', #2245, 1000.000000000000000 ) ;
#1038 = STYLED_ITEM ( 'NONE', ( #1925 ), #1175 ) ;
#1039 = CARTESIAN_POINT ( 'NONE',  ( 4.250000000000000000, -3.300000000000000266, 0.2500000000000002220 ) ) ;
#1040 =( GEOMETRIC_REPRESENTATION_CONTEXT ( 3 ) GLOBAL_UNCERTAINTY_ASSIGNED_CONTEXT ( ( #6863 ) ) GLOBAL_UNIT_ASSIGNED_CONTEXT ( ( #6736, #2423, #3193 ) ) REPRESENTATION_CONTEXT ( 'NONE', 'WORKASPACE' ) );
#1041 = CARTESIAN_POINT ( 'NONE',  ( 10.68000000000000149, 6.000000000000000000, 1.700000000000000178 ) ) ;
#1042 = CARTESIAN_POINT ( 'NONE',  ( 7.850000000000001421, 5.100000000000001421, 0.1500000000000008271 ) ) ;
#1043 = CARTESIAN_POINT ( 'NONE',  ( 1.450000000000001288, -4.100000000000001421, 0.5499999999999983791 ) ) ;
#1044 = LINE ( 'NONE', #7585, #6415 ) ;
#1045 = FILL_AREA_STYLE_COLOUR ( '', #5862 ) ;
#1046 = DIRECTION ( 'NONE',  ( -0.0000000000000000000, -0.0000000000000000000, 1.000000000000000000 ) ) ;
#1047 = CARTESIAN_POINT ( 'NONE',  ( -1.350000000000000089, 1.149999999999999911, -1.050000000000005373 ) ) ;
#1048 = SURFACE_STYLE_FILL_AREA ( #994 ) ;
#1049 = VERTEX_POINT ( 'NONE', #5287 ) ;
#1050 = AXIS2_PLACEMENT_3D ( 'NONE', #4303, #8142, #8055 ) ;
#1051 = VECTOR ( 'NONE', #1214, 1000.000000000000000 ) ;
#1052 = EDGE_CURVE ( 'NONE', #5455, #555, #3860, .T. ) ;
#1053 = ORIENTED_EDGE ( 'NONE', *, *, #504, .F. ) ;
#1054 = CARTESIAN_POINT ( 'NONE',  ( 4.699999999999999289, 0.0000000000000000000, -2.800000000000000266 ) ) ;
#1055 = EDGE_CURVE ( 'NONE', #1623, #2925, #5246, .T. ) ;
#1056 = LINE ( 'NONE', #6753, #3956 ) ;
#1057 = DIRECTION ( 'NONE',  ( 1.000000000000000000, -5.421010862427522170E-17, 0.0000000000000000000 ) ) ;
#1058 = ADVANCED_FACE ( 'NONE', ( #264 ), #5967, .F. ) ;
#1059 =( NAMED_UNIT ( * ) PLANE_ANGLE_UNIT ( ) SI_UNIT ( $, .RADIAN. ) );
#1060 = PLANE ( 'NONE',  #6285 ) ;
#1061 = LINE ( 'NONE', #6712, #7197 ) ;
#1062 = VECTOR ( 'NONE', #4795, 1000.000000000000000 ) ;
#1063 = VERTEX_POINT ( 'NONE', #7280 ) ;
#1064 = VECTOR ( 'NONE', #8598, 1000.000000000000000 ) ;
#1065 = PRESENTATION_STYLE_ASSIGNMENT (( #7453 ) ) ;
#1066 = DIRECTION ( 'NONE',  ( -3.833233541708420554E-17, -0.7071067811865447972, -0.7071067811865502373 ) ) ;
#1067 = LINE ( 'NONE', #7503, #6958 ) ;
#1068 = FILL_AREA_STYLE ('',( #7559 ) ) ;
#1069 = DIRECTION ( 'NONE',  ( 1.000000000000000000, -5.421010862427522170E-17, 0.0000000000000000000 ) ) ;
#1070 =( NAMED_UNIT ( * ) SI_UNIT ( $, .STERADIAN. ) SOLID_ANGLE_UNIT ( ) );
#1071 = VERTEX_POINT ( 'NONE', #3904 ) ;
#1072 = DIRECTION ( 'NONE',  ( -1.000000000000000000, 5.421010862427522170E-17, 0.0000000000000000000 ) ) ;
#1073 = CARTESIAN_POINT ( 'NONE',  ( -1.949999999999999956, 0.0000000000000000000, -2.800000000000000266 ) ) ;
#1074 = DIRECTION ( 'NONE',  ( -1.000000000000000000, 0.0000000000000000000, -6.829619984160658046E-17 ) ) ;
#1075 = ORIENTED_EDGE ( 'NONE', *, *, #3940, .F. ) ;
#1076 = DIRECTION ( 'NONE',  ( -3.833233541708432880E-17, -0.7071067811865471286, -0.7071067811865479058 ) ) ;
#1077 = FACE_OUTER_BOUND ( 'NONE', #8336, .T. ) ;
#1078 = ORIENTED_EDGE ( 'NONE', *, *, #4451, .F. ) ;
#1079 = CARTESIAN_POINT ( 'NONE',  ( 4.250000000000000000, 0.2000000000000000111, -2.800000000000000266 ) ) ;
#1080 = DIRECTION ( 'NONE',  ( -0.0000000000000000000, -0.0000000000000000000, 1.000000000000000000 ) ) ;
#1081 = DIRECTION ( 'NONE',  ( 0.0000000000000000000, 1.000000000000000000, 0.0000000000000000000 ) ) ;
#1082 = MECHANICAL_DESIGN_GEOMETRIC_PRESENTATION_REPRESENTATION (  '', ( #3346 ), #7442 ) ;
#1083 = MECHANICAL_DESIGN_GEOMETRIC_PRESENTATION_REPRESENTATION (  '', ( #1372 ), #6707 ) ;
#1084 = ORIENTED_EDGE ( 'NONE', *, *, #4756, .T. ) ;
#1085 = SURFACE_STYLE_FILL_AREA ( #7434 ) ;
#1086 = SURFACE_SIDE_STYLE ('',( #3394 ) ) ;
#1087 = SURFACE_SIDE_STYLE ('',( #7480 ) ) ;
#1088 = AXIS2_PLACEMENT_3D ( 'NONE', #5574, #1210, #8186 ) ;
#1089 = SURFACE_STYLE_USAGE ( .BOTH. , #8744 ) ;
#1090 = LINE ( 'NONE', #5992, #8517 ) ;
#1091 = DIRECTION ( 'NONE',  ( -9.103382349328301547E-49, -2.350988701644575016E-32, -1.000000000000000000 ) ) ;
#1092 = FILL_AREA_STYLE ('',( #3935 ) ) ;
#1093 = ORIENTED_EDGE ( 'NONE', *, *, #2847, .T. ) ;
#1094 = PRESENTATION_LAYER_ASSIGNMENT (  '', '', ( #7455 ) ) ;
#1095 = UNCERTAINTY_MEASURE_WITH_UNIT (LENGTH_MEASURE( 1.000000000000000082E-05 ), #4846, 'distance_accuracy_value', 'NONE');
#1096 = LINE ( 'NONE', #8983, #8390 ) ;
#1097 = CARTESIAN_POINT ( 'NONE',  ( 7.249999999999999112, 3.399999999999999467, -2.300000000000001599 ) ) ;
#1098 = ORIENTED_EDGE ( 'NONE', *, *, #2062, .F. ) ;
#1099 =( GEOMETRIC_REPRESENTATION_CONTEXT ( 3 ) GLOBAL_UNCERTAINTY_ASSIGNED_CONTEXT ( ( #1504 ) ) GLOBAL_UNIT_ASSIGNED_CONTEXT ( ( #4656, #1989, #6868 ) ) REPRESENTATION_CONTEXT ( 'NONE', 'WORKASPACE' ) );
#1100 = CARTESIAN_POINT ( 'NONE',  ( 6.699999999999999289, 0.1999999999999999833, -2.800000000000000266 ) ) ;
#1101 = CARTESIAN_POINT ( 'NONE',  ( 11.95000000000000107, 0.0000000000000000000, -2.800000000000000711 ) ) ;
#1102 = LINE ( 'NONE', #965, #3000 ) ;
#1103 = ORIENTED_EDGE ( 'NONE', *, *, #1809, .F. ) ;
#1104 = ADVANCED_FACE ( 'NONE', ( #1833 ), #6767, .F. ) ;
#1105 = EDGE_CURVE ( 'NONE', #7645, #5716, #2030, .T. ) ;
#1106 =( NAMED_UNIT ( * ) SI_UNIT ( $, .STERADIAN. ) SOLID_ANGLE_UNIT ( ) );
#1107 = PRESENTATION_STYLE_ASSIGNMENT (( #5876 ) ) ;
#1108 = PRESENTATION_STYLE_ASSIGNMENT (( #4606 ) ) ;
#1109 = EDGE_CURVE ( 'NONE', #6030, #7722, #6905, .T. ) ;
#1110 = CARTESIAN_POINT ( 'NONE',  ( 1.750000000000000222, -3.399999999999999911, 0.2500000000000002220 ) ) ;
#1111 =( LENGTH_UNIT ( ) NAMED_UNIT ( * ) SI_UNIT ( .MILLI., .METRE. ) );
#1112 = ORIENTED_EDGE ( 'NONE', *, *, #3021, .T. ) ;
#1113 =( NAMED_UNIT ( * ) SI_UNIT ( $, .STERADIAN. ) SOLID_ANGLE_UNIT ( ) );
#1114 = ORIENTED_EDGE ( 'NONE', *, *, #2308, .F. ) ;
#1115 = VERTEX_POINT ( 'NONE', #8276 ) ;
#1116 =( LENGTH_UNIT ( ) NAMED_UNIT ( * ) SI_UNIT ( .MILLI., .METRE. ) );
#1117 = VECTOR ( 'NONE', #6659, 1000.000000000000000 ) ;
#1118 = UNCERTAINTY_MEASURE_WITH_UNIT (LENGTH_MEASURE( 1.000000000000000082E-05 ), #3044, 'distance_accuracy_value', 'NONE');
#1119 = CARTESIAN_POINT ( 'NONE',  ( 8.699999999999999289, 0.0000000000000000000, -2.800000000000000266 ) ) ;
#1120 =( LENGTH_UNIT ( ) NAMED_UNIT ( * ) SI_UNIT ( .MILLI., .METRE. ) );
#1121 = CARTESIAN_POINT ( 'NONE',  ( 7.249999999999999112, 3.399999999999999467, -2.350000000000001421 ) ) ;
#1122 = ORIENTED_EDGE ( 'NONE', *, *, #4292, .F. ) ;
#1123 =( LENGTH_UNIT ( ) NAMED_UNIT ( * ) SI_UNIT ( .MILLI., .METRE. ) );
#1124 = DIRECTION ( 'NONE',  ( 4.336808689942017736E-16, 0.0000000000000000000, 1.000000000000000000 ) ) ;
#1125 = ORIENTED_EDGE ( 'NONE', *, *, #3021, .F. ) ;
#1126 = CARTESIAN_POINT ( 'NONE',  ( 5.299999999999998934, 0.2000000000000000389, 0.2500000000000002220 ) ) ;
#1127 =( NAMED_UNIT ( * ) SI_UNIT ( $, .STERADIAN. ) SOLID_ANGLE_UNIT ( ) );
#1128 = FILL_AREA_STYLE_COLOUR ( '', #4816 ) ;
#1129 = PRESENTATION_LAYER_ASSIGNMENT (  '', '', ( #8209 ) ) ;
#1130 = ORIENTED_EDGE ( 'NONE', *, *, #8912, .F. ) ;
#1131 = FACE_BOUND ( 'NONE', #4822, .T. ) ;
#1132 = FACE_OUTER_BOUND ( 'NONE', #8488, .T. ) ;
#1133 = PRESENTATION_LAYER_ASSIGNMENT (  '', '', ( #3392 ) ) ;
#1134 = SURFACE_SIDE_STYLE ('',( #1853 ) ) ;
#1135 = CARTESIAN_POINT ( 'NONE',  ( 3.750000000000000444, -3.399999999999999911, 0.2500000000000002220 ) ) ;
#1136 = PLANE ( 'NONE',  #3040 ) ;
#1137 = LINE ( 'NONE', #4678, #987 ) ;
#1138 = VERTEX_POINT ( 'NONE', #4196 ) ;
#1139 = CARTESIAN_POINT ( 'NONE',  ( 11.35000000000000142, -13.20037878244408880, 1.249999999999998446 ) ) ;
#1140 = FILL_AREA_STYLE_COLOUR ( '', #5678 ) ;
#1141 = MECHANICAL_DESIGN_GEOMETRIC_PRESENTATION_REPRESENTATION (  '', ( #7498 ), #8370 ) ;
#1142 = ORIENTED_EDGE ( 'NONE', *, *, #8952, .F. ) ;
#1143 = MECHANICAL_DESIGN_GEOMETRIC_PRESENTATION_REPRESENTATION (  '', ( #3392 ), #1600 ) ;
#1144 = AXIS2_PLACEMENT_3D ( 'NONE', #4173, #8447, #5510 ) ;
#1145 = EDGE_LOOP ( 'NONE', ( #757, #5895, #8230, #3051 ) ) ;
#1146 = LINE ( 'NONE', #3892, #2671 ) ;
#1147 =( NAMED_UNIT ( * ) SI_UNIT ( $, .STERADIAN. ) SOLID_ANGLE_UNIT ( ) );
#1148 = COLOUR_RGB ( '',1.000000000000000000, 1.000000000000000000, 1.000000000000000000 ) ;
#1149 = EDGE_LOOP ( 'NONE', ( #6369, #2724, #6789, #4694 ) ) ;
#1150 = PRESENTATION_STYLE_ASSIGNMENT (( #4734 ) ) ;
#1151 =( GEOMETRIC_REPRESENTATION_CONTEXT ( 3 ) GLOBAL_UNCERTAINTY_ASSIGNED_CONTEXT ( ( #7793 ) ) GLOBAL_UNIT_ASSIGNED_CONTEXT ( ( #4999, #7900, #7127 ) ) REPRESENTATION_CONTEXT ( 'NONE', 'WORKASPACE' ) );
#1152 = LINE ( 'NONE', #3322, #6986 ) ;
#1153 = VERTEX_POINT ( 'NONE', #520 ) ;
#1154 = EDGE_CURVE ( 'NONE', #3771, #1138, #1985, .T. ) ;
#1155 = FILL_AREA_STYLE_COLOUR ( '', #7729 ) ;
#1156 = ORIENTED_EDGE ( 'NONE', *, *, #4997, .T. ) ;
#1157 = COLOUR_RGB ( '',1.000000000000000000, 0.8117647058823529438, 0.5019607843137254832 ) ;
#1158 = EDGE_CURVE ( 'NONE', #4186, #5955, #3327, .T. ) ;
#1159 = PLANE ( 'NONE',  #5770 ) ;
#1160 = FILL_AREA_STYLE_COLOUR ( '', #3732 ) ;
#1161 = PRESENTATION_STYLE_ASSIGNMENT (( #4895 ) ) ;
#1162 = VERTEX_POINT ( 'NONE', #6108 ) ;
#1163 = ORIENTED_EDGE ( 'NONE', *, *, #2859, .F. ) ;
#1164 = PRESENTATION_LAYER_ASSIGNMENT (  '', '', ( #8811 ) ) ;
#1165 =( GEOMETRIC_REPRESENTATION_CONTEXT ( 3 ) GLOBAL_UNCERTAINTY_ASSIGNED_CONTEXT ( ( #7616 ) ) GLOBAL_UNIT_ASSIGNED_CONTEXT ( ( #6243, #7261, #4361 ) ) REPRESENTATION_CONTEXT ( 'NONE', 'WORKASPACE' ) );
#1166 =( NAMED_UNIT ( * ) SI_UNIT ( $, .STERADIAN. ) SOLID_ANGLE_UNIT ( ) );
#1167 = PLANE ( 'NONE',  #727 ) ;
#1168 = EDGE_CURVE ( 'NONE', #4792, #3271, #7607, .T. ) ;
#1169 = CARTESIAN_POINT ( 'NONE',  ( 8.250000000000000000, 5.000000000000000888, 0.2500000000000002220 ) ) ;
#1170 = CARTESIAN_POINT ( 'NONE',  ( -1.350000000000000089, 1.149999999999999911, -2.350000000000001421 ) ) ;
#1171 = AXIS2_PLACEMENT_3D ( 'NONE', #7829, #7147, #876 ) ;
#1172 = PRESENTATION_STYLE_ASSIGNMENT (( #7658 ) ) ;
#1173 = VECTOR ( 'NONE', #1705, 1000.000000000000000 ) ;
#1175 = ADVANCED_FACE ( 'NONE', ( #4891 ), #4699, .F. ) ;
#1174 = STYLED_ITEM ( 'NONE', ( #2781 ), #8832 ) ;
#1176 = ORIENTED_EDGE ( 'NONE', *, *, #8935, .F. ) ;
#1177 = LINE ( 'NONE', #4019, #8993 ) ;
#1178 = CARTESIAN_POINT ( 'NONE',  ( 6.249999999999998224, -3.399999999999999911, 0.2500000000000002220 ) ) ;
#1179 = COLOUR_RGB ( '',1.000000000000000000, 1.000000000000000000, 1.000000000000000000 ) ;
#1180 = SURFACE_STYLE_FILL_AREA ( #4068 ) ;
#1181 = VECTOR ( 'NONE', #4125, 1000.000000000000000 ) ;
#1182 = EDGE_CURVE ( 'NONE', #7961, #4485, #8997, .T. ) ;
#1183 = AXIS2_PLACEMENT_3D ( 'NONE', #8953, #5541, #7843 ) ;
#1184 =( GEOMETRIC_REPRESENTATION_CONTEXT ( 3 ) GLOBAL_UNCERTAINTY_ASSIGNED_CONTEXT ( ( #5571 ) ) GLOBAL_UNIT_ASSIGNED_CONTEXT ( ( #2487, #5877, #6630 ) ) REPRESENTATION_CONTEXT ( 'NONE', 'WORKASPACE' ) );
#1185 = EDGE_CURVE ( 'NONE', #4055, #2798, #8321, .T. ) ;
#1186 = CARTESIAN_POINT ( 'NONE',  ( 0.7500000000000002220, 3.399999999999999467, -2.300000000000001599 ) ) ;
#1187 =( NAMED_UNIT ( * ) PLANE_ANGLE_UNIT ( ) SI_UNIT ( $, .RADIAN. ) );
#1188 = CARTESIAN_POINT ( 'NONE',  ( 11.95000000000000107, 6.000000000000000000, 1.699999999999999289 ) ) ;
#1189 = PRESENTATION_STYLE_ASSIGNMENT (( #8161 ) ) ;
#1190 = ORIENTED_EDGE ( 'NONE', *, *, #6394, .T. ) ;
#1191 = MECHANICAL_DESIGN_GEOMETRIC_PRESENTATION_REPRESENTATION (  '', ( #6525 ), #3285 ) ;
#1192 = VECTOR ( 'NONE', #7009, 1000.000000000000000 ) ;
#1193 = PLANE ( 'NONE',  #6467 ) ;
#1194 = VERTEX_POINT ( 'NONE', #1879 ) ;
#1195 = ADVANCED_FACE ( 'NONE', ( #6963 ), #3470, .F. ) ;
#1196 = ORIENTED_EDGE ( 'NONE', *, *, #7794, .T. ) ;
#1197 = VECTOR ( 'NONE', #3799, 1000.000000000000000 ) ;
#1198 =( GEOMETRIC_REPRESENTATION_CONTEXT ( 3 ) GLOBAL_UNCERTAINTY_ASSIGNED_CONTEXT ( ( #7218 ) ) GLOBAL_UNIT_ASSIGNED_CONTEXT ( ( #6622, #298, #2583 ) ) REPRESENTATION_CONTEXT ( 'NONE', 'WORKASPACE' ) );
#1199 = UNCERTAINTY_MEASURE_WITH_UNIT (LENGTH_MEASURE( 1.000000000000000082E-05 ), #7628, 'distance_accuracy_value', 'NONE');
#1200 =( NAMED_UNIT ( * ) PLANE_ANGLE_UNIT ( ) SI_UNIT ( $, .RADIAN. ) );
#1201 = ORIENTED_EDGE ( 'NONE', *, *, #7568, .F. ) ;
#1202 =( NAMED_UNIT ( * ) SI_UNIT ( $, .STERADIAN. ) SOLID_ANGLE_UNIT ( ) );
#1203 = DIRECTION ( 'NONE',  ( 1.000000000000000000, -3.872150616019660190E-17, 0.0000000000000000000 ) ) ;
#1204 = VERTEX_POINT ( 'NONE', #34 ) ;
#1205 = STYLED_ITEM ( 'NONE', ( #7839 ), #2466 ) ;
#1206 = ORIENTED_EDGE ( 'NONE', *, *, #618, .F. ) ;
#1207 = UNCERTAINTY_MEASURE_WITH_UNIT (LENGTH_MEASURE( 1.000000000000000082E-05 ), #6768, 'distance_accuracy_value', 'NONE');
#1208 = STYLED_ITEM ( 'NONE', ( #1840 ), #7441 ) ;
#1209 = FILL_AREA_STYLE ('',( #612 ) ) ;
#1210 = DIRECTION ( 'NONE',  ( -1.000000000000000000, 3.872150616019660190E-17, 0.0000000000000000000 ) ) ;
#1211 =( NAMED_UNIT ( * ) SI_UNIT ( $, .STERADIAN. ) SOLID_ANGLE_UNIT ( ) );
#1212 = DIRECTION ( 'NONE',  ( 0.7071067811865505703, -0.7071067811865445751, -3.066586833366761588E-16 ) ) ;
#1213 = ORIENTED_EDGE ( 'NONE', *, *, #8017, .T. ) ;
#1214 = DIRECTION ( 'NONE',  ( 0.5773502691896259531, 0.5773502691896259531, 0.5773502691896255090 ) ) ;
#1215 = DIRECTION ( 'NONE',  ( 1.000000000000000000, -5.421010862427522170E-17, 0.0000000000000000000 ) ) ;
#1216 = CARTESIAN_POINT ( 'NONE',  ( 0.7500000000000002220, 3.150000000000000799, -2.050000000000001599 ) ) ;
#1217 = LINE ( 'NONE', #4060, #3999 ) ;
#1218 = DIRECTION ( 'NONE',  ( 1.000000000000000000, 0.0000000000000000000, -0.0000000000000000000 ) ) ;
#1219 = DIRECTION ( 'NONE',  ( 0.0000000000000000000, 1.000000000000000000, -5.782411586589358625E-16 ) ) ;
#1220 = PRESENTATION_STYLE_ASSIGNMENT (( #2092 ) ) ;
#1221 = ORIENTED_EDGE ( 'NONE', *, *, #3648, .T. ) ;
#1222 = AXIS2_PLACEMENT_3D ( 'NONE', #5448, #4821, #8833 ) ;
#1223 = LINE ( 'NONE', #3485, #4783 ) ;
#1224 = ORIENTED_EDGE ( 'NONE', *, *, #7338, .T. ) ;
#1225 = CARTESIAN_POINT ( 'NONE',  ( 5.250000000000000888, 3.150000000000000799, -2.050000000000001599 ) ) ;
#1226 = CARTESIAN_POINT ( 'NONE',  ( -1.950000000000000400, 1.380000000000000782, 1.300000000000000044 ) ) ;
#1227 = ADVANCED_FACE ( 'NONE', ( #4980, #7192 ), #740, .F. ) ;
#1228 = ORIENTED_EDGE ( 'NONE', *, *, #127, .F. ) ;
#1229 = DIRECTION ( 'NONE',  ( 3.872150616019660190E-17, 1.000000000000000000, -0.0000000000000000000 ) ) ;
#1230 = EDGE_CURVE ( 'NONE', #1012, #2551, #1493, .T. ) ;
#1231 = LINE ( 'NONE', #4772, #219 ) ;
#1232 = ORIENTED_EDGE ( 'NONE', *, *, #1888, .T. ) ;
#1233 = CARTESIAN_POINT ( 'NONE',  ( -1.951000000000000956, 4.500000000000000888, 0.3199999999999986744 ) ) ;
#1234 = FACE_OUTER_BOUND ( 'NONE', #2910, .T. ) ;
#1235 = CARTESIAN_POINT ( 'NONE',  ( 2.250000000000000000, -3.300000000000002043, -0.2499999999999997780 ) ) ;
#1236 = SURFACE_STYLE_USAGE ( .BOTH. , #7721 ) ;
#1237 = ORIENTED_EDGE ( 'NONE', *, *, #711, .T. ) ;
#1238 = LINE ( 'NONE', #1139, #2400 ) ;
#1239 =( NAMED_UNIT ( * ) SI_UNIT ( $, .STERADIAN. ) SOLID_ANGLE_UNIT ( ) );
#1240 = PRESENTATION_STYLE_ASSIGNMENT (( #638 ) ) ;
#1241 =( GEOMETRIC_REPRESENTATION_CONTEXT ( 3 ) GLOBAL_UNCERTAINTY_ASSIGNED_CONTEXT ( ( #2254 ) ) GLOBAL_UNIT_ASSIGNED_CONTEXT ( ( #6459, #806, #2918 ) ) REPRESENTATION_CONTEXT ( 'NONE', 'WORKASPACE' ) );
#1242 = ORIENTED_EDGE ( 'NONE', *, *, #7013, .F. ) ;
#1243 = EDGE_CURVE ( 'NONE', #2424, #8917, #1579, .T. ) ;
#1244 = ADVANCED_FACE ( 'NONE', ( #3560 ), #9091, .F. ) ;
#1245 = PRESENTATION_LAYER_ASSIGNMENT (  '', '', ( #84 ) ) ;
#1246 = STYLED_ITEM ( 'NONE', ( #4593 ), #6430 ) ;
#1247 = ORIENTED_EDGE ( 'NONE', *, *, #7813, .T. ) ;
#1248 = CARTESIAN_POINT ( 'NONE',  ( 11.95000000000000107, 6.000000000000000000, 1.699999999999999289 ) ) ;
#1249 = EDGE_CURVE ( 'NONE', #3443, #4911, #8077, .T. ) ;
#1250 =( LENGTH_UNIT ( ) NAMED_UNIT ( * ) SI_UNIT ( .MILLI., .METRE. ) );
#1251 = FILL_AREA_STYLE ('',( #3370 ) ) ;
#1252 = ORIENTED_EDGE ( 'NONE', *, *, #4573, .T. ) ;
#1253 = MECHANICAL_DESIGN_GEOMETRIC_PRESENTATION_REPRESENTATION (  '', ( #1246 ), #3776 ) ;
#1254 = ORIENTED_EDGE ( 'NONE', *, *, #5099, .T. ) ;
#1255 = FILL_AREA_STYLE_COLOUR ( '', #3027 ) ;
#1256 = MECHANICAL_DESIGN_GEOMETRIC_PRESENTATION_REPRESENTATION (  '', ( #372 ), #2029 ) ;
#1257 = DIRECTION ( 'NONE',  ( -1.000000000000000000, 5.421010862427522170E-17, 0.0000000000000000000 ) ) ;
#1258 = ORIENTED_EDGE ( 'NONE', *, *, #6829, .F. ) ;
#1259 = DIRECTION ( 'NONE',  ( -1.000000000000000000, 1.084202172485504237E-15, 0.0000000000000000000 ) ) ;
#1260 = PRESENTATION_STYLE_ASSIGNMENT (( #7460 ) ) ;
#1261 = CARTESIAN_POINT ( 'NONE',  ( -1.949999999999999956, 0.0000000000000000000, -2.800000000000000266 ) ) ;
#1262 = ORIENTED_EDGE ( 'NONE', *, *, #4309, .F. ) ;
#1263 = LINE ( 'NONE', #4105, #5940 ) ;
#1264 = SURFACE_STYLE_FILL_AREA ( #5492 ) ;
#1265 = SURFACE_STYLE_FILL_AREA ( #3482 ) ;
#1266 = SURFACE_STYLE_FILL_AREA ( #8290 ) ;
#1267 = VECTOR ( 'NONE', #4934, 1000.000000000000000 ) ;
#1268 = EDGE_CURVE ( 'NONE', #9002, #8082, #2522, .T. ) ;
#1269 = CARTESIAN_POINT ( 'NONE',  ( 6.249999999999998224, 5.000000000000000888, 0.2500000000000002220 ) ) ;
#1270 = LINE ( 'NONE', #4861, #7567 ) ;
#1271 = ORIENTED_EDGE ( 'NONE', *, *, #2441, .F. ) ;
#1272 = CARTESIAN_POINT ( 'NONE',  ( 0.0000000000000000000, -3.399999999999999911, 0.0000000000000000000 ) ) ;
#1273 = VECTOR ( 'NONE', #2472, 1000.000000000000114 ) ;
#1274 = EDGE_CURVE ( 'NONE', #5498, #3716, #3076, .T. ) ;
#1275 = CARTESIAN_POINT ( 'NONE',  ( 3.750000000000000444, 5.000000000000000888, -0.2499999999999997780 ) ) ;
#1276 = DIRECTION ( 'NONE',  ( -1.000000000000000000, 0.0000000000000000000, 0.0000000000000000000 ) ) ;
#1277 = ORIENTED_EDGE ( 'NONE', *, *, #5559, .F. ) ;
#1278 = DIRECTION ( 'NONE',  ( 1.000000000000000000, -5.421010862427522170E-17, 0.0000000000000000000 ) ) ;
#1279 =( NAMED_UNIT ( * ) PLANE_ANGLE_UNIT ( ) SI_UNIT ( $, .RADIAN. ) );
#1280 = DIRECTION ( 'NONE',  ( 1.000000000000000000, 1.927470528863119542E-16, -0.0000000000000000000 ) ) ;
#1281 = EDGE_CURVE ( 'NONE', #8274, #4316, #8754, .T. ) ;
#1282 = ORIENTED_EDGE ( 'NONE', *, *, #1182, .F. ) ;
#1283 = LINE ( 'NONE', #4829, #8560 ) ;
#1284 = EDGE_CURVE ( 'NONE', #2920, #5531, #8127, .T. ) ;
#1285 = ORIENTED_EDGE ( 'NONE', *, *, #31, .T. ) ;
#1286 = ORIENTED_EDGE ( 'NONE', *, *, #1534, .F. ) ;
#1287 = UNCERTAINTY_MEASURE_WITH_UNIT (LENGTH_MEASURE( 1.000000000000000082E-05 ), #8808, 'distance_accuracy_value', 'NONE');
#1288 = SURFACE_STYLE_FILL_AREA ( #4787 ) ;
#1289 = DIRECTION ( 'NONE',  ( 0.0000000000000000000, 1.000000000000000000, 0.0000000000000000000 ) ) ;
#1290 = LINE ( 'NONE', #6756, #5833 ) ;
#1291 = CARTESIAN_POINT ( 'NONE',  ( 3.750000000000001332, 5.000000000000000888, 0.2500000000000002220 ) ) ;
#1292 = EDGE_CURVE ( 'NONE', #5921, #1153, #8667, .T. ) ;
#1293 = ORIENTED_EDGE ( 'NONE', *, *, #779, .T. ) ;
#1294 = ORIENTED_EDGE ( 'NONE', *, *, #7089, .F. ) ;
#1295 = EDGE_LOOP ( 'NONE', ( #4698, #4385, #1458, #4095 ) ) ;
#1296 =( GEOMETRIC_REPRESENTATION_CONTEXT ( 3 ) GLOBAL_UNCERTAINTY_ASSIGNED_CONTEXT ( ( #130 ) ) GLOBAL_UNIT_ASSIGNED_CONTEXT ( ( #1428, #4267, #3446 ) ) REPRESENTATION_CONTEXT ( 'NONE', 'WORKASPACE' ) );
#1297 = ORIENTED_EDGE ( 'NONE', *, *, #7133, .F. ) ;
#1298 = SURFACE_SIDE_STYLE ('',( #5570 ) ) ;
#1299 = MECHANICAL_DESIGN_GEOMETRIC_PRESENTATION_REPRESENTATION (  '', ( #4877 ), #7807 ) ;
#1300 = UNCERTAINTY_MEASURE_WITH_UNIT (LENGTH_MEASURE( 1.000000000000000082E-05 ), #1907, 'distance_accuracy_value', 'NONE');
#1301 = CARTESIAN_POINT ( 'NONE',  ( 6.833333333333330373, -4.383333333333336412, -0.8333333333333343695 ) ) ;
#1302 =( LENGTH_UNIT ( ) NAMED_UNIT ( * ) SI_UNIT ( .MILLI., .METRE. ) );
#1303 = EDGE_CURVE ( 'NONE', #4878, #4034, #5828, .T. ) ;
#1304 = SURFACE_STYLE_USAGE ( .BOTH. , #7648 ) ;
#1305 =( NAMED_UNIT ( * ) SI_UNIT ( $, .STERADIAN. ) SOLID_ANGLE_UNIT ( ) );
#1306 = VECTOR ( 'NONE', #8099, 1000.000000000000000 ) ;
#1307 =( NAMED_UNIT ( * ) SI_UNIT ( $, .STERADIAN. ) SOLID_ANGLE_UNIT ( ) );
#1308 = CARTESIAN_POINT ( 'NONE',  ( 2.699999999999999734, 0.0000000000000000000, -2.800000000000000266 ) ) ;
#1309 = EDGE_LOOP ( 'NONE', ( #472, #920, #5280, #2606 ) ) ;
#1310 = AXIS2_PLACEMENT_3D ( 'NONE', #1580, #7350, #220 ) ;
#1311 = EDGE_CURVE ( 'NONE', #600, #4281, #8796, .T. ) ;
#1312 = ORIENTED_EDGE ( 'NONE', *, *, #2134, .F. ) ;
#1313 = MECHANICAL_DESIGN_GEOMETRIC_PRESENTATION_REPRESENTATION (  '', ( #6496 ), #424 ) ;
#1314 = PRESENTATION_LAYER_ASSIGNMENT (  '', '', ( #1473 ) ) ;
#1315 = VERTEX_POINT ( 'NONE', #1718 ) ;
#1316 = SURFACE_STYLE_FILL_AREA ( #85 ) ;
#1317 = UNCERTAINTY_MEASURE_WITH_UNIT (LENGTH_MEASURE( 1.000000000000000082E-05 ), #6925, 'distance_accuracy_value', 'NONE');
#1318 = SURFACE_STYLE_USAGE ( .BOTH. , #8547 ) ;
#1319 = CARTESIAN_POINT ( 'NONE',  ( 11.35000000000000142, 5.650000000000000355, -2.350000000000000977 ) ) ;
#1320 =( NAMED_UNIT ( * ) PLANE_ANGLE_UNIT ( ) SI_UNIT ( $, .RADIAN. ) );
#1321 = DIRECTION ( 'NONE',  ( 3.872150616019660190E-17, 1.000000000000000000, -0.0000000000000000000 ) ) ;
#1322 = ORIENTED_EDGE ( 'NONE', *, *, #4902, .F. ) ;
#1323 = PRESENTATION_STYLE_ASSIGNMENT (( #2745 ) ) ;
#1324 = SURFACE_STYLE_USAGE ( .BOTH. , #8958 ) ;
#1325 = FILL_AREA_STYLE ('',( #94 ) ) ;
#1326 =( GEOMETRIC_REPRESENTATION_CONTEXT ( 3 ) GLOBAL_UNCERTAINTY_ASSIGNED_CONTEXT ( ( #6118 ) ) GLOBAL_UNIT_ASSIGNED_CONTEXT ( ( #2205, #2846, #5650 ) ) REPRESENTATION_CONTEXT ( 'NONE', 'WORKASPACE' ) );
#1327 = VERTEX_POINT ( 'NONE', #4540 ) ;
#1328 = PRESENTATION_LAYER_ASSIGNMENT (  '', '', ( #5317 ) ) ;
#1329 =( NAMED_UNIT ( * ) PLANE_ANGLE_UNIT ( ) SI_UNIT ( $, .RADIAN. ) );
#1330 = VECTOR ( 'NONE', #1822, 1000.000000000000000 ) ;
#1331 = SURFACE_STYLE_USAGE ( .BOTH. , #98 ) ;
#1332 = STYLED_ITEM ( 'NONE', ( #4121 ), #631 ) ;
#1333 = AXIS2_PLACEMENT_3D ( 'NONE', #4300, #751, #9100 ) ;
#1334 = ORIENTED_EDGE ( 'NONE', *, *, #3601, .F. ) ;
#1335 = ORIENTED_EDGE ( 'NONE', *, *, #999, .F. ) ;
#1336 = SURFACE_STYLE_FILL_AREA ( #6796 ) ;
#1337 = LINE ( 'NONE', #4077, #8690 ) ;
#1338 = SURFACE_STYLE_USAGE ( .BOTH. , #6933 ) ;
#1339 = VERTEX_POINT ( 'NONE', #8004 ) ;
#1340 = CARTESIAN_POINT ( 'NONE',  ( 8.750000000000000000, 1.149999999999999911, -2.050000000000001599 ) ) ;
#1341 = PRESENTATION_STYLE_ASSIGNMENT (( #4271 ) ) ;
#1342 = SURFACE_SIDE_STYLE ('',( #7080 ) ) ;
#1343 = VECTOR ( 'NONE', #4680, 1000.000000000000000 ) ;
#1344 = MECHANICAL_DESIGN_GEOMETRIC_PRESENTATION_REPRESENTATION (  '', ( #590 ), #7978 ) ;
#1345 = EDGE_CURVE ( 'NONE', #8041, #1315, #923, .T. ) ;
#1346 = EDGE_LOOP ( 'NONE', ( #3910, #2122, #2152, #5633 ) ) ;
#1347 = VECTOR ( 'NONE', #8779, 1000.000000000000000 ) ;
#1348 =( GEOMETRIC_REPRESENTATION_CONTEXT ( 3 ) GLOBAL_UNCERTAINTY_ASSIGNED_CONTEXT ( ( #823 ) ) GLOBAL_UNIT_ASSIGNED_CONTEXT ( ( #3386, #9057, #6877 ) ) REPRESENTATION_CONTEXT ( 'NONE', 'WORKASPACE' ) );
#1349 = FILL_AREA_STYLE ('',( #7778 ) ) ;
#1350 = LINE ( 'NONE', #8457, #6535 ) ;
#1351 = DIRECTION ( 'NONE',  ( -1.000000000000000000, 3.872150616019660190E-17, 0.0000000000000000000 ) ) ;
#1352 = CARTESIAN_POINT ( 'NONE',  ( 9.750000000000000000, 5.000000000000000888, 0.2500000000000002220 ) ) ;
#1353 = ORIENTED_EDGE ( 'NONE', *, *, #3094, .F. ) ;
#1354 = FACE_OUTER_BOUND ( 'NONE', #7500, .T. ) ;
#1355 = ORIENTED_EDGE ( 'NONE', *, *, #725, .F. ) ;
#1356 = VERTEX_POINT ( 'NONE', #3894 ) ;
#1357 = EDGE_CURVE ( 'NONE', #3526, #6069, #6002, .T. ) ;
#1358 = ADVANCED_FACE ( 'NONE', ( #7446 ), #8712, .F. ) ;
#1359 =( LENGTH_UNIT ( ) NAMED_UNIT ( * ) SI_UNIT ( .MILLI., .METRE. ) );
#1360 =( GEOMETRIC_REPRESENTATION_CONTEXT ( 3 ) GLOBAL_UNCERTAINTY_ASSIGNED_CONTEXT ( ( #2726 ) ) GLOBAL_UNIT_ASSIGNED_CONTEXT ( ( #5553, #2835, #4871 ) ) REPRESENTATION_CONTEXT ( 'NONE', 'WORKASPACE' ) );
#1361 = EDGE_CURVE ( 'NONE', #4538, #5068, #3848, .T. ) ;
#1362 = SURFACE_STYLE_FILL_AREA ( #4844 ) ;
#1363 = LINE ( 'NONE', #5616, #2554 ) ;
#1364 = AXIS2_PLACEMENT_3D ( 'NONE', #4338, #2956, #7110 ) ;
#1365 = VERTEX_POINT ( 'NONE', #7956 ) ;
#1366 =( NAMED_UNIT ( * ) PLANE_ANGLE_UNIT ( ) SI_UNIT ( $, .RADIAN. ) );
#1367 = CARTESIAN_POINT ( 'NONE',  ( 3.849999999999998757, -3.399999999999999911, -0.2499999999999997780 ) ) ;
#1368 = EDGE_LOOP ( 'NONE', ( #8881, #7709, #8476, #8858 ) ) ;
#1369 =( GEOMETRIC_REPRESENTATION_CONTEXT ( 3 ) GLOBAL_UNCERTAINTY_ASSIGNED_CONTEXT ( ( #469 ) ) GLOBAL_UNIT_ASSIGNED_CONTEXT ( ( #6554, #7844, #4256 ) ) REPRESENTATION_CONTEXT ( 'NONE', 'WORKASPACE' ) );
#1370 = ORIENTED_EDGE ( 'NONE', *, *, #7057, .T. ) ;
#1371 = CARTESIAN_POINT ( 'NONE',  ( 2.150000000000002132, -3.399999999999999911, -2.800000000000000266 ) ) ;
#1372 = STYLED_ITEM ( 'NONE', ( #8100 ), #6023 ) ;
#1373 = DIRECTION ( 'NONE',  ( -0.0000000000000000000, -0.0000000000000000000, 1.000000000000000000 ) ) ;
#1374 = SURFACE_STYLE_USAGE ( .BOTH. , #4857 ) ;
#1375 = CARTESIAN_POINT ( 'NONE',  ( 1.250000000000000666, 1.149999999999999911, -2.050000000000001599 ) ) ;
#1376 = CARTESIAN_POINT ( 'NONE',  ( -0.5499999999999990452, -4.100000000000001421, 0.5499999999999983791 ) ) ;
#1377 = ORIENTED_EDGE ( 'NONE', *, *, #7015, .F. ) ;
#1378 =( NAMED_UNIT ( * ) PLANE_ANGLE_UNIT ( ) SI_UNIT ( $, .RADIAN. ) );
#1379 = CIRCLE ( 'NONE', #6547, 0.4999999999999995559 ) ;
#1380 = PLANE ( 'NONE',  #4659 ) ;
#1381 = STYLED_ITEM ( 'NONE', ( #1752 ), #7911 ) ;
#1382 = ORIENTED_EDGE ( 'NONE', *, *, #1243, .T. ) ;
#1383 = VERTEX_POINT ( 'NONE', #1633 ) ;
#1384 =( NAMED_UNIT ( * ) SI_UNIT ( $, .STERADIAN. ) SOLID_ANGLE_UNIT ( ) );
#1385 = VERTEX_POINT ( 'NONE', #5273 ) ;
#1386 = FILL_AREA_STYLE ('',( #5001 ) ) ;
#1387 = SURFACE_SIDE_STYLE ('',( #4224 ) ) ;
#1388 = CARTESIAN_POINT ( 'NONE',  ( -1.350000000000000089, 5.650000000000000355, 1.249999999999997558 ) ) ;
#1389 = ORIENTED_EDGE ( 'NONE', *, *, #6095, .T. ) ;
#1390 = UNCERTAINTY_MEASURE_WITH_UNIT (LENGTH_MEASURE( 1.000000000000000082E-05 ), #924, 'distance_accuracy_value', 'NONE');
#1391 = DIRECTION ( 'NONE',  ( -9.103382349328301547E-49, -2.350988701644575016E-32, -1.000000000000000000 ) ) ;
#1392 = CARTESIAN_POINT ( 'NONE',  ( 0.0000000000000000000, 0.0000000000000000000, 0.0000000000000000000 ) ) ;
#1393 = PRESENTATION_STYLE_ASSIGNMENT (( #2801 ) ) ;
#1394 = ORIENTED_EDGE ( 'NONE', *, *, #3648, .F. ) ;
#1395 = LINE ( 'NONE', #4366, #8042 ) ;
#1396 = FACE_OUTER_BOUND ( 'NONE', #6180, .T. ) ;
#1397 = ORIENTED_EDGE ( 'NONE', *, *, #1105, .T. ) ;
#1398 = STYLED_ITEM ( 'NONE', ( #3572 ), #6115 ) ;
#1399 = DIRECTION ( 'NONE',  ( -4.336808689942017736E-16, 1.679277644031839923E-32, -1.000000000000000000 ) ) ;
#1400 = DIRECTION ( 'NONE',  ( 0.0000000000000000000, 0.0000000000000000000, 1.000000000000000000 ) ) ;
#1401 = SURFACE_SIDE_STYLE ('',( #4414 ) ) ;
#1402 = PLANE ( 'NONE',  #5836 ) ;
#1403 =( NAMED_UNIT ( * ) PLANE_ANGLE_UNIT ( ) SI_UNIT ( $, .RADIAN. ) );
#1404 = ORIENTED_EDGE ( 'NONE', *, *, #2617, .F. ) ;
#1405 = EDGE_CURVE ( 'NONE', #233, #1327, #6710, .T. ) ;
#1406 = ADVANCED_FACE ( 'NONE', ( #2620 ), #4092, .F. ) ;
#1407 = COLOUR_RGB ( '',1.000000000000000000, 1.000000000000000000, 1.000000000000000000 ) ;
#1408 = CARTESIAN_POINT ( 'NONE',  ( 3.750000000000000444, -3.399999999999999911, 0.2500000000000002220 ) ) ;
#1409 = PLANE ( 'NONE',  #1364 ) ;
#1410 = PLANE ( 'NONE',  #4587 ) ;
#1411 = VERTEX_POINT ( 'NONE', #1916 ) ;
#1412 = SURFACE_STYLE_FILL_AREA ( #4988 ) ;
#1413 = PRESENTATION_STYLE_ASSIGNMENT (( #1453 ) ) ;
#1414 = SURFACE_SIDE_STYLE ('',( #3531 ) ) ;
#1415 = DIRECTION ( 'NONE',  ( 3.872150616019660190E-17, 1.000000000000000000, -0.0000000000000000000 ) ) ;
#1416 = ORIENTED_EDGE ( 'NONE', *, *, #8419, .T. ) ;
#1417 =( NAMED_UNIT ( * ) SI_UNIT ( $, .STERADIAN. ) SOLID_ANGLE_UNIT ( ) );
#1418 = STYLED_ITEM ( 'NONE', ( #3644 ), #3072 ) ;
#1419 = VERTEX_POINT ( 'NONE', #596 ) ;
#1420 = CARTESIAN_POINT ( 'NONE',  ( 11.70000000000000284, 6.000000000000000000, -2.700000000000002398 ) ) ;
#1421 = VECTOR ( 'NONE', #2209, 1000.000000000000000 ) ;
#1422 = CARTESIAN_POINT ( 'NONE',  ( 2.750000000000001332, 1.149999999999999911, -2.050000000000001599 ) ) ;
#1423 = ORIENTED_EDGE ( 'NONE', *, *, #6616, .T. ) ;
#1424 = CARTESIAN_POINT ( 'NONE',  ( 0.0000000000000000000, -3.541421356237309581, -0.05000000000000012768 ) ) ;
#1425 =( NAMED_UNIT ( * ) SI_UNIT ( $, .STERADIAN. ) SOLID_ANGLE_UNIT ( ) );
#1426 = FILL_AREA_STYLE_COLOUR ( '', #5322 ) ;
#1427 = PLANE ( 'NONE',  #3867 ) ;
#1428 =( LENGTH_UNIT ( ) NAMED_UNIT ( * ) SI_UNIT ( .MILLI., .METRE. ) );
#1429 = ORIENTED_EDGE ( 'NONE', *, *, #6104, .T. ) ;
#1430 = CARTESIAN_POINT ( 'NONE',  ( 7.750000000000000000, 5.000000000000000888, -0.2499999999999997780 ) ) ;
#1431 =( LENGTH_UNIT ( ) NAMED_UNIT ( * ) SI_UNIT ( .MILLI., .METRE. ) );
#1432 = VERTEX_POINT ( 'NONE', #6898 ) ;
#1433 = DIRECTION ( 'NONE',  ( -4.336808689942017736E-16, 0.0000000000000000000, -1.000000000000000000 ) ) ;
#1434 = DIRECTION ( 'NONE',  ( -0.0000000000000000000, 1.000000000000000000, -0.0000000000000000000 ) ) ;
#1435 = DIRECTION ( 'NONE',  ( 1.000000000000000000, -5.421010862427522170E-17, 0.0000000000000000000 ) ) ;
#1436 =( LENGTH_UNIT ( ) NAMED_UNIT ( * ) SI_UNIT ( .MILLI., .METRE. ) );
#1437 = ORIENTED_EDGE ( 'NONE', *, *, #4494, .F. ) ;
#1438 = ADVANCED_FACE ( 'NONE', ( #8844 ), #6194, .T. ) ;
#1439 = CARTESIAN_POINT ( 'NONE',  ( 10.22000000000000064, 6.000000000000000000, 1.599999999999999867 ) ) ;
#1440 =( LENGTH_UNIT ( ) NAMED_UNIT ( * ) SI_UNIT ( .MILLI., .METRE. ) );
#1441 = PRESENTATION_LAYER_ASSIGNMENT (  '', '', ( #6620 ) ) ;
#1442 = FILL_AREA_STYLE_COLOUR ( '', #8037 ) ;
#1443 = CARTESIAN_POINT ( 'NONE',  ( 10.24999999999999822, -3.399999999999999911, 0.2500000000000002220 ) ) ;
#1444 = ORIENTED_EDGE ( 'NONE', *, *, #5748, .F. ) ;
#1445 = VERTEX_POINT ( 'NONE', #1869 ) ;
#1446 = FILL_AREA_STYLE_COLOUR ( '', #9006 ) ;
#1447 = EDGE_CURVE ( 'NONE', #4765, #564, #8928, .T. ) ;
#1448 = CARTESIAN_POINT ( 'NONE',  ( 1.150000000000000799, 1.799999999999999600, 1.700000000000000178 ) ) ;
#1449 = FACE_OUTER_BOUND ( 'NONE', #3025, .T. ) ;
#1450 = LINE ( 'NONE', #7884, #305 ) ;
#1451 = PLANE ( 'NONE',  #1333 ) ;
#1452 = CARTESIAN_POINT ( 'NONE',  ( -1.180000000000000160, 4.229999999999999538, 1.700000000000000178 ) ) ;
#1453 = SURFACE_STYLE_USAGE ( .BOTH. , #2360 ) ;
#1454 = DIRECTION ( 'NONE',  ( -0.7071067811865474617, -0.7071067811865476838, 3.066586833366747783E-16 ) ) ;
#1455 = ORIENTED_EDGE ( 'NONE', *, *, #8630, .F. ) ;
#1456 =( GEOMETRIC_REPRESENTATION_CONTEXT ( 3 ) GLOBAL_UNCERTAINTY_ASSIGNED_CONTEXT ( ( #1587 ) ) GLOBAL_UNIT_ASSIGNED_CONTEXT ( ( #1660, #7426, #4619 ) ) REPRESENTATION_CONTEXT ( 'NONE', 'WORKASPACE' ) );
#1457 = CARTESIAN_POINT ( 'NONE',  ( 9.916666666666666075, 5.166666666666668739, -0.08333333333333325932 ) ) ;
#1458 = ORIENTED_EDGE ( 'NONE', *, *, #7395, .F. ) ;
#1459 = MECHANICAL_DESIGN_GEOMETRIC_PRESENTATION_REPRESENTATION (  '', ( #294 ), #717 ) ;
#1460 = EDGE_CURVE ( 'NONE', #6316, #6301, #2664, .T. ) ;
#1461 = VECTOR ( 'NONE', #4932, 1000.000000000000000 ) ;
#1462 = COLOUR_RGB ( '',1.000000000000000000, 0.8117647058823529438, 0.5019607843137254832 ) ;
#1463 = FILL_AREA_STYLE_COLOUR ( '', #7361 ) ;
#1464 = EDGE_CURVE ( 'NONE', #7961, #2097, #8267, .T. ) ;
#1465 = DIRECTION ( 'NONE',  ( -1.084202172485504237E-15, -1.000000000000000000, 0.0000000000000000000 ) ) ;
#1466 = PLANE ( 'NONE',  #21 ) ;
#1467 = SURFACE_STYLE_FILL_AREA ( #6520 ) ;
#1468 = MECHANICAL_DESIGN_GEOMETRIC_PRESENTATION_REPRESENTATION (  '', ( #296 ), #1326 ) ;
#1469 = CARTESIAN_POINT ( 'NONE',  ( 10.22000000000000242, 4.230000000000000426, 1.249999999999998446 ) ) ;
#1470 = CARTESIAN_POINT ( 'NONE',  ( 11.95000000000000107, 0.0000000000000000000, -2.800000000000000711 ) ) ;
#1471 = VECTOR ( 'NONE', #355, 1000.000000000000000 ) ;
#1472 = ORIENTED_EDGE ( 'NONE', *, *, #1185, .T. ) ;
#1473 = STYLED_ITEM ( 'NONE', ( #54 ), #8058 ) ;
#1474 = FILL_AREA_STYLE_COLOUR ( '', #8163 ) ;
#1475 =( NAMED_UNIT ( * ) PLANE_ANGLE_UNIT ( ) SI_UNIT ( $, .RADIAN. ) );
#1476 = MECHANICAL_DESIGN_GEOMETRIC_PRESENTATION_REPRESENTATION (  '', ( #166 ), #1777 ) ;
#1477 = ADVANCED_FACE ( 'NONE', ( #7491 ), #2067, .F. ) ;
#1478 = ORIENTED_EDGE ( 'NONE', *, *, #1230, .F. ) ;
#1479 = STYLED_ITEM ( 'NONE', ( #5185 ), #491 ) ;
#1480 = COLOUR_RGB ( '',1.000000000000000000, 1.000000000000000000, 1.000000000000000000 ) ;
#1481 = ORIENTED_EDGE ( 'NONE', *, *, #234, .F. ) ;
#1482 = LINE ( 'NONE', #7137, #7965 ) ;
#1483 = CARTESIAN_POINT ( 'NONE',  ( 1.250000000000000666, 1.149999999999999911, -2.350000000000001421 ) ) ;
#1484 =( NAMED_UNIT ( * ) SI_UNIT ( $, .STERADIAN. ) SOLID_ANGLE_UNIT ( ) );
#1485 = FILL_AREA_STYLE ('',( #27 ) ) ;
#1486 = EDGE_CURVE ( 'NONE', #2097, #1012, #781, .T. ) ;
#1487 = STYLED_ITEM ( 'NONE', ( #2197 ), #672 ) ;
#1488 = SURFACE_STYLE_FILL_AREA ( #7141 ) ;
#1489 = ORIENTED_EDGE ( 'NONE', *, *, #4539, .F. ) ;
#1490 = COLOUR_RGB ( '',1.000000000000000000, 1.000000000000000000, 1.000000000000000000 ) ;
#1491 = VERTEX_POINT ( 'NONE', #824 ) ;
#1492 = MECHANICAL_DESIGN_GEOMETRIC_PRESENTATION_REPRESENTATION (  '', ( #5331 ), #1348 ) ;
#1493 = LINE ( 'NONE', #2858, #3713 ) ;
#1494 = CARTESIAN_POINT ( 'NONE',  ( -0.7000000000000002887, 0.2000000000000000389, -2.800000000000000266 ) ) ;
#1495 = PRESENTATION_STYLE_ASSIGNMENT (( #1304 ) ) ;
#1496 = FACE_OUTER_BOUND ( 'NONE', #5231, .T. ) ;
#1497 = FILL_AREA_STYLE ('',( #4847 ) ) ;
#1498 = PLANE ( 'NONE',  #6066 ) ;
#1499 = ORIENTED_EDGE ( 'NONE', *, *, #9021, .T. ) ;
#1500 = VECTOR ( 'NONE', #5347, 1000.000000000000000 ) ;
#1501 = EDGE_CURVE ( 'NONE', #8124, #5952, #3506, .T. ) ;
#1502 = MECHANICAL_DESIGN_GEOMETRIC_PRESENTATION_REPRESENTATION (  '', ( #5069 ), #2275 ) ;
#1503 = LINE ( 'NONE', #2955, #7248 ) ;
#1504 = UNCERTAINTY_MEASURE_WITH_UNIT (LENGTH_MEASURE( 1.000000000000000082E-05 ), #4656, 'distance_accuracy_value', 'NONE');
#1505 = FACE_OUTER_BOUND ( 'NONE', #2199, .T. ) ;
#1506 =( NAMED_UNIT ( * ) SI_UNIT ( $, .STERADIAN. ) SOLID_ANGLE_UNIT ( ) );
#1507 = SURFACE_STYLE_FILL_AREA ( #3048 ) ;
#1508 = SURFACE_SIDE_STYLE ('',( #889 ) ) ;
#1509 = PRESENTATION_STYLE_ASSIGNMENT (( #4426 ) ) ;
#1510 = VERTEX_POINT ( 'NONE', #160 ) ;
#1511 = ORIENTED_EDGE ( 'NONE', *, *, #146, .T. ) ;
#1512 = MECHANICAL_DESIGN_GEOMETRIC_PRESENTATION_REPRESENTATION (  '', ( #7268 ), #4774 ) ;
#1513 = PLANE ( 'NONE',  #470 ) ;
#1514 = VECTOR ( 'NONE', #8564, 1000.000000000000000 ) ;
#1515 =( LENGTH_UNIT ( ) NAMED_UNIT ( * ) SI_UNIT ( .MILLI., .METRE. ) );
#1516 = PLANE ( 'NONE',  #6017 ) ;
#1517 =( NAMED_UNIT ( * ) SI_UNIT ( $, .STERADIAN. ) SOLID_ANGLE_UNIT ( ) );
#1518 = FILL_AREA_STYLE ('',( #7717 ) ) ;
#1519 = CARTESIAN_POINT ( 'NONE',  ( 8.849999999999999645, 1.800000000000000711, -2.801000000000000600 ) ) ;
#1520 =( GEOMETRIC_REPRESENTATION_CONTEXT ( 3 ) GLOBAL_UNCERTAINTY_ASSIGNED_CONTEXT ( ( #549 ) ) GLOBAL_UNIT_ASSIGNED_CONTEXT ( ( #896, #7850, #3787 ) ) REPRESENTATION_CONTEXT ( 'NONE', 'WORKASPACE' ) );
#1521 = CARTESIAN_POINT ( 'NONE',  ( 11.35000000000000142, 1.149999999999999911, -1.050000000000005373 ) ) ;
#1522 = VERTEX_POINT ( 'NONE', #7866 ) ;
#1523 =( NAMED_UNIT ( * ) PLANE_ANGLE_UNIT ( ) SI_UNIT ( $, .RADIAN. ) );
#1524 = CARTESIAN_POINT ( 'NONE',  ( 0.2499999999999997780, -3.399999999999999911, 0.2500000000000002220 ) ) ;
#1525 = ORIENTED_EDGE ( 'NONE', *, *, #5412, .F. ) ;
#1526 = EDGE_CURVE ( 'NONE', #8064, #7800, #1530, .T. ) ;
#1527 = EDGE_CURVE ( 'NONE', #1805, #671, #2162, .T. ) ;
#1528 = PRESENTATION_LAYER_ASSIGNMENT (  '', '', ( #4629 ) ) ;
#1529 = SURFACE_STYLE_FILL_AREA ( #2338 ) ;
#1530 = LINE ( 'NONE', #6481, #440 ) ;
#1531 = FILL_AREA_STYLE ('',( #7868 ) ) ;
#1532 = CARTESIAN_POINT ( 'NONE',  ( 7.916666666666665186, 5.166666666666666963, -0.08333333333333542425 ) ) ;
#1533 = EDGE_LOOP ( 'NONE', ( #3696, #4018, #2776, #7952 ) ) ;
#1534 = EDGE_CURVE ( 'NONE', #2294, #3962, #3675, .T. ) ;
#1535 = VECTOR ( 'NONE', #4279, 1000.000000000000000 ) ;
#1536 = EDGE_LOOP ( 'NONE', ( #6225, #7932, #4183, #8049 ) ) ;
#1537 = PRESENTATION_STYLE_ASSIGNMENT (( #2804 ) ) ;
#1538 = DIRECTION ( 'NONE',  ( -1.000000000000000000, 0.0000000000000000000, -0.0000000000000000000 ) ) ;
#1539 = SURFACE_STYLE_FILL_AREA ( #79 ) ;
#1540 = CARTESIAN_POINT ( 'NONE',  ( -0.7000000000000005107, 0.0000000000000000000, -2.800000000000000266 ) ) ;
#1541 = CARTESIAN_POINT ( 'NONE',  ( -1.951000000000000956, 6.000000000000000000, -0.6800000000000013811 ) ) ;
#1542 = EDGE_LOOP ( 'NONE', ( #1556, #243, #8718, #2081 ) ) ;
#1543 = AXIS2_PLACEMENT_3D ( 'NONE', #8705, #1575, #8659 ) ;
#1544 = ORIENTED_EDGE ( 'NONE', *, *, #2224, .T. ) ;
#1545 = LINE ( 'NONE', #6497, #2584 ) ;
#1546 = PRESENTATION_LAYER_ASSIGNMENT (  '', '', ( #8742 ) ) ;
#1547 = CARTESIAN_POINT ( 'NONE',  ( 6.749999999999999112, 3.399999999999999467, -2.300000000000001599 ) ) ;
#1548 = FACE_OUTER_BOUND ( 'NONE', #6913, .T. ) ;
#1549 = FILL_AREA_STYLE_COLOUR ( '', #5476 ) ;
#1550 = CARTESIAN_POINT ( 'NONE',  ( 10.68000000000000149, 4.230000000000001315, 1.599999999999999867 ) ) ;
#1551 = CARTESIAN_POINT ( 'NONE',  ( 2.699999999999999734, 0.1999999999999999833, -2.800000000000000266 ) ) ;
#1552 = FACE_OUTER_BOUND ( 'NONE', #1817, .T. ) ;
#1553 = FACE_OUTER_BOUND ( 'NONE', #743, .T. ) ;
#1554 = ORIENTED_EDGE ( 'NONE', *, *, #2737, .F. ) ;
#1555 = ORIENTED_EDGE ( 'NONE', *, *, #6073, .F. ) ;
#1556 = ORIENTED_EDGE ( 'NONE', *, *, #1501, .F. ) ;
#1557 = MECHANICAL_DESIGN_GEOMETRIC_PRESENTATION_REPRESENTATION (  '', ( #2769 ), #7614 ) ;
#1558 = ORIENTED_EDGE ( 'NONE', *, *, #1345, .T. ) ;
#1559 = SURFACE_STYLE_FILL_AREA ( #5763 ) ;
#1560 = CARTESIAN_POINT ( 'NONE',  ( 7.299999999999998934, 0.2000000000000000389, -2.800000000000000266 ) ) ;
#1561 = DIRECTION ( 'NONE',  ( -1.000000000000000000, 0.0000000000000000000, -0.0000000000000000000 ) ) ;
#1562 = DIRECTION ( 'NONE',  ( 1.000000000000000000, 0.0000000000000000000, 1.707404996040163895E-17 ) ) ;
#1563 = SURFACE_STYLE_FILL_AREA ( #7901 ) ;
#1564 = DIRECTION ( 'NONE',  ( 0.0000000000000000000, 0.7071067811865445751, 0.7071067811865503483 ) ) ;
#1565 = EDGE_LOOP ( 'NONE', ( #6423, #8810, #7068, #6850 ) ) ;
#1566 = SURFACE_STYLE_FILL_AREA ( #5769 ) ;
#1567 =( NAMED_UNIT ( * ) SI_UNIT ( $, .STERADIAN. ) SOLID_ANGLE_UNIT ( ) );
#1568 = ORIENTED_EDGE ( 'NONE', *, *, #2914, .T. ) ;
#1569 =( LENGTH_UNIT ( ) NAMED_UNIT ( * ) SI_UNIT ( .MILLI., .METRE. ) );
#1570 = EDGE_CURVE ( 'NONE', #6125, #3937, #2206, .T. ) ;
#1571 = UNCERTAINTY_MEASURE_WITH_UNIT (LENGTH_MEASURE( 1.000000000000000082E-05 ), #5404, 'distance_accuracy_value', 'NONE');
#1572 = CARTESIAN_POINT ( 'NONE',  ( -0.2500000000000004441, -3.399999999999999911, -0.2499999999999997780 ) ) ;
#1573 = CARTESIAN_POINT ( 'NONE',  ( -0.7000000000000002887, 0.2000000000000000389, 1.700000000000000178 ) ) ;
#1574 = CARTESIAN_POINT ( 'NONE',  ( -1.350000000000000089, -13.20037878244408880, 1.249999999999997558 ) ) ;
#1575 = DIRECTION ( 'NONE',  ( -0.0000000000000000000, 0.7071067811865500152, 0.7071067811865451302 ) ) ;
#1576 = PRESENTATION_STYLE_ASSIGNMENT (( #7914 ) ) ;
#1577 = ORIENTED_EDGE ( 'NONE', *, *, #6559, .F. ) ;
#1578 = CARTESIAN_POINT ( 'NONE',  ( 10.14999999999999858, 5.100000000000001421, -2.800000000000000266 ) ) ;
#1579 = LINE ( 'NONE', #8463, #4146 ) ;
#1580 = CARTESIAN_POINT ( 'NONE',  ( 5.750000000000000000, -3.399999999999999911, 0.2500000000000002220 ) ) ;
#1581 = FACE_OUTER_BOUND ( 'NONE', #4329, .T. ) ;
#1582 = CARTESIAN_POINT ( 'NONE',  ( 5.849999999999999645, -3.399999999999999911, -0.1500000000000003830 ) ) ;
#1583 = ORIENTED_EDGE ( 'NONE', *, *, #4273, .F. ) ;
#1584 = ORIENTED_EDGE ( 'NONE', *, *, #3911, .T. ) ;
#1585 = CARTESIAN_POINT ( 'NONE',  ( 6.749999999999999112, 1.149999999999999911, -2.350000000000001421 ) ) ;
#1586 = EDGE_CURVE ( 'NONE', #4213, #1049, #7780, .T. ) ;
#1587 = UNCERTAINTY_MEASURE_WITH_UNIT (LENGTH_MEASURE( 1.000000000000000082E-05 ), #1660, 'distance_accuracy_value', 'NONE');
#1588 = DIRECTION ( 'NONE',  ( -0.0000000000000000000, -0.0000000000000000000, 1.000000000000000000 ) ) ;
#1589 =( NAMED_UNIT ( * ) SI_UNIT ( $, .STERADIAN. ) SOLID_ANGLE_UNIT ( ) );
#1590 = CARTESIAN_POINT ( 'NONE',  ( 7.299999999999998934, 0.2000000000000000389, -2.800000000000000266 ) ) ;
#1591 = PRESENTATION_STYLE_ASSIGNMENT (( #267 ) ) ;
#1592 = MECHANICAL_DESIGN_GEOMETRIC_PRESENTATION_REPRESENTATION (  '', ( #5007 ), #8072 ) ;
#1593 = DIRECTION ( 'NONE',  ( -0.0000000000000000000, 0.0000000000000000000, 1.000000000000000000 ) ) ;
#1594 = PLANE ( 'NONE',  #1968 ) ;
#1595 = SURFACE_SIDE_STYLE ('',( #7931 ) ) ;
#1596 = ORIENTED_EDGE ( 'NONE', *, *, #33, .F. ) ;
#1597 = DIRECTION ( 'NONE',  ( -1.000000000000000000, 3.872150616019660190E-17, -0.0000000000000000000 ) ) ;
#1598 = ORIENTED_EDGE ( 'NONE', *, *, #3521, .T. ) ;
#1599 = VECTOR ( 'NONE', #2318, 1000.000000000000000 ) ;
#1600 =( GEOMETRIC_REPRESENTATION_CONTEXT ( 3 ) GLOBAL_UNCERTAINTY_ASSIGNED_CONTEXT ( ( #6009 ) ) GLOBAL_UNIT_ASSIGNED_CONTEXT ( ( #3367, #1821, #1147 ) ) REPRESENTATION_CONTEXT ( 'NONE', 'WORKASPACE' ) );
#1601 = ORIENTED_EDGE ( 'NONE', *, *, #209, .F. ) ;
#1602 = PRESENTATION_LAYER_ASSIGNMENT (  '', '', ( #143 ) ) ;
#1603 = EDGE_CURVE ( 'NONE', #7976, #2132, #7733, .T. ) ;
#1604 = DIRECTION ( 'NONE',  ( -1.000000000000000000, -0.0000000000000000000, -0.0000000000000000000 ) ) ;
#1605 = VERTEX_POINT ( 'NONE', #112 ) ;
#1606 = CARTESIAN_POINT ( 'NONE',  ( 10.68000000000000149, 6.000000000000000000, 1.599999999999999867 ) ) ;
#1607 = DIRECTION ( 'NONE',  ( -1.927470528863119542E-16, 1.000000000000000000, 0.0000000000000000000 ) ) ;
#1608 = MECHANICAL_DESIGN_GEOMETRIC_PRESENTATION_REPRESENTATION (  '', ( #8231 ), #1456 ) ;
#1609 = CARTESIAN_POINT ( 'NONE',  ( 2.750000000000000444, 3.399999999999999467, -2.350000000000001421 ) ) ;
#1610 = DIRECTION ( 'NONE',  ( -1.000000000000000000, 0.0000000000000000000, 1.762081725391875198E-17 ) ) ;
#1611 = VERTEX_POINT ( 'NONE', #2800 ) ;
#1612 =( NAMED_UNIT ( * ) PLANE_ANGLE_UNIT ( ) SI_UNIT ( $, .RADIAN. ) );
#1613 = CARTESIAN_POINT ( 'NONE',  ( 3.749999999999999556, 0.2000000000000000111, -2.800000000000000266 ) ) ;
#1614 = COLOUR_RGB ( '',1.000000000000000000, 1.000000000000000000, 1.000000000000000000 ) ;
#1615 = MECHANICAL_DESIGN_GEOMETRIC_PRESENTATION_REPRESENTATION (  '', ( #3258 ), #2236 ) ;
#1616 =( GEOMETRIC_REPRESENTATION_CONTEXT ( 3 ) GLOBAL_UNCERTAINTY_ASSIGNED_CONTEXT ( ( #6777 ) ) GLOBAL_UNIT_ASSIGNED_CONTEXT ( ( #169, #921, #5916 ) ) REPRESENTATION_CONTEXT ( 'NONE', 'WORKASPACE' ) );
#1617 =( GEOMETRIC_REPRESENTATION_CONTEXT ( 3 ) GLOBAL_UNCERTAINTY_ASSIGNED_CONTEXT ( ( #2157 ) ) GLOBAL_UNIT_ASSIGNED_CONTEXT ( ( #4674, #3970, #4718 ) ) REPRESENTATION_CONTEXT ( 'NONE', 'WORKASPACE' ) );
#1618 = CARTESIAN_POINT ( 'NONE',  ( 9.849999999999999645, 5.100000000000001421, 0.1500000000000008271 ) ) ;
#1619 = DIRECTION ( 'NONE',  ( -4.336808689942017736E-16, 0.0000000000000000000, -1.000000000000000000 ) ) ;
#1620 = COLOUR_RGB ( '',1.000000000000000000, 0.8117647058823529438, 0.5019607843137254832 ) ;
#1621 = LINE ( 'NONE', #5822, #8468 ) ;
#1622 = SURFACE_STYLE_FILL_AREA ( #7224 ) ;
#1623 = VERTEX_POINT ( 'NONE', #730 ) ;
#1624 = VECTOR ( 'NONE', #445, 1000.000000000000000 ) ;
#1625 = COLOUR_RGB ( '',1.000000000000000000, 1.000000000000000000, 1.000000000000000000 ) ;
#1626 = EDGE_CURVE ( 'NONE', #3160, #5240, #4364, .T. ) ;
#1627 = AXIS2_PLACEMENT_3D ( 'NONE', #7329, #7938, #8645 ) ;
#1628 = ORIENTED_EDGE ( 'NONE', *, *, #6314, .T. ) ;
#1629 = VECTOR ( 'NONE', #7270, 1000.000000000000000 ) ;
#1630 = PRESENTATION_LAYER_ASSIGNMENT (  '', '', ( #7836 ) ) ;
#1631 = DIRECTION ( 'NONE',  ( -5.421010862427522170E-17, -1.000000000000000000, 2.350988701644575016E-32 ) ) ;
#1632 = ORIENTED_EDGE ( 'NONE', *, *, #976, .F. ) ;
#1633 = CARTESIAN_POINT ( 'NONE',  ( -1.350000000000000089, 1.799999999999999600, 1.249999999999996669 ) ) ;
#1634 = SURFACE_STYLE_FILL_AREA ( #7958 ) ;
#1635 = CARTESIAN_POINT ( 'NONE',  ( 7.750000000000000000, 0.2000000000000000111, -0.2499999999999997780 ) ) ;
#1636 = ORIENTED_EDGE ( 'NONE', *, *, #799, .F. ) ;
#1637 = VECTOR ( 'NONE', #804, 1000.000000000000000 ) ;
#1638 = EDGE_CURVE ( 'NONE', #4187, #1356, #8587, .T. ) ;
#1639 = COLOUR_RGB ( '',1.000000000000000000, 0.8117647058823529438, 0.5019607843137254832 ) ;
#1640 = ADVANCED_FACE ( 'NONE', ( #2303 ), #689, .T. ) ;
#1641 = LINE ( 'NONE', #2315, #3753 ) ;
#1642 = EDGE_LOOP ( 'NONE', ( #9053, #1699, #8823, #7142 ) ) ;
#1643 = FILL_AREA_STYLE_COLOUR ( '', #1647 ) ;
#1644 = DIRECTION ( 'NONE',  ( 1.000000000000000000, 0.0000000000000000000, 0.0000000000000000000 ) ) ;
#1645 = DIRECTION ( 'NONE',  ( 0.0000000000000000000, -1.000000000000000000, 0.0000000000000000000 ) ) ;
#1646 = LINE ( 'NONE', #933, #7662 ) ;
#1647 = COLOUR_RGB ( '',1.000000000000000000, 0.8117647058823529438, 0.5019607843137254832 ) ;
#1648 = FACE_BOUND ( 'NONE', #5236, .T. ) ;
#1649 = FACE_BOUND ( 'NONE', #3995, .T. ) ;
#1650 = ORIENTED_EDGE ( 'NONE', *, *, #7287, .T. ) ;
#1651 = EDGE_CURVE ( 'NONE', #7266, #8256, #2849, .T. ) ;
#1652 = EDGE_CURVE ( 'NONE', #2940, #6060, #1756, .T. ) ;
#1653 = MECHANICAL_DESIGN_GEOMETRIC_PRESENTATION_REPRESENTATION (  '', ( #4769 ), #7131 ) ;
#1654 = STYLED_ITEM ( 'NONE', ( #2021 ), #1406 ) ;
#1655 = FACE_OUTER_BOUND ( 'NONE', #6389, .T. ) ;
#1656 = SURFACE_SIDE_STYLE ('',( #7896 ) ) ;
#1657 = ORIENTED_EDGE ( 'NONE', *, *, #5400, .T. ) ;
#1658 = VECTOR ( 'NONE', #2198, 1000.000000000000000 ) ;
#1659 = CARTESIAN_POINT ( 'NONE',  ( 11.35000000000000497, 1.149999999999999911, -2.350000000000000977 ) ) ;
#1660 =( LENGTH_UNIT ( ) NAMED_UNIT ( * ) SI_UNIT ( .MILLI., .METRE. ) );
#1661 = EDGE_CURVE ( 'NONE', #3388, #3523, #1714, .T. ) ;
#1662 =( LENGTH_UNIT ( ) NAMED_UNIT ( * ) SI_UNIT ( .MILLI., .METRE. ) );
#1663 = DIRECTION ( 'NONE',  ( 1.000000000000000000, -3.872150616019660190E-17, -4.336808689942017736E-16 ) ) ;
#1664 = ORIENTED_EDGE ( 'NONE', *, *, #8343, .F. ) ;
#1665 = STYLED_ITEM ( 'NONE', ( #6897 ), #2556 ) ;
#1666 =( LENGTH_UNIT ( ) NAMED_UNIT ( * ) SI_UNIT ( .MILLI., .METRE. ) );
#1667 = STYLED_ITEM ( 'NONE', ( #937 ), #5863 ) ;
#1668 = SURFACE_STYLE_FILL_AREA ( #5143 ) ;
#1669 = VECTOR ( 'NONE', #5390, 1000.000000000000000 ) ;
#1670 = PRESENTATION_STYLE_ASSIGNMENT (( #7220 ) ) ;
#1671 = VERTEX_POINT ( 'NONE', #4450 ) ;
#1672 = PLANE ( 'NONE',  #4768 ) ;
#1673 = LINE ( 'NONE', #6436, #6312 ) ;
#1674 = CARTESIAN_POINT ( 'NONE',  ( 3.750000000000000444, 5.000000000000000888, 0.2500000000000002220 ) ) ;
#1675 = DIRECTION ( 'NONE',  ( -0.0000000000000000000, -0.0000000000000000000, -1.000000000000000000 ) ) ;
#1676 = SURFACE_STYLE_USAGE ( .BOTH. , #869 ) ;
#1677 = ORIENTED_EDGE ( 'NONE', *, *, #3797, .T. ) ;
#1678 = MECHANICAL_DESIGN_GEOMETRIC_PRESENTATION_REPRESENTATION (  '', ( #4346 ), #5521 ) ;
#1679 = DIRECTION ( 'NONE',  ( -9.103382349328301547E-49, -2.350988701644575016E-32, -1.000000000000000000 ) ) ;
#1680 = PRESENTATION_LAYER_ASSIGNMENT (  '', '', ( #8592 ) ) ;
#1681 = CARTESIAN_POINT ( 'NONE',  ( 8.699999999999999289, 0.1999999999999999833, -2.800000000000000266 ) ) ;
#1682 = SURFACE_SIDE_STYLE ('',( #7957 ) ) ;
#1683 =( NAMED_UNIT ( * ) SI_UNIT ( $, .STERADIAN. ) SOLID_ANGLE_UNIT ( ) );
#1684 = LINE ( 'NONE', #7195, #4392 ) ;
#1685 = SURFACE_SIDE_STYLE ('',( #5920 ) ) ;
#1686 = ORIENTED_EDGE ( 'NONE', *, *, #2013, .T. ) ;
#1687 = ORIENTED_EDGE ( 'NONE', *, *, #33, .T. ) ;
#1688 = ADVANCED_FACE ( 'NONE', ( #7950 ), #5107, .F. ) ;
#1689 = UNCERTAINTY_MEASURE_WITH_UNIT (LENGTH_MEASURE( 1.000000000000000082E-05 ), #6669, 'distance_accuracy_value', 'NONE');
#1690 = EDGE_CURVE ( 'NONE', #1445, #3398, #7998, .T. ) ;
#1691 = DIRECTION ( 'NONE',  ( 3.872150616019660190E-17, 1.000000000000000000, -0.0000000000000000000 ) ) ;
#1692 = LINE ( 'NONE', #306, #7384 ) ;
#1693 = CARTESIAN_POINT ( 'NONE',  ( 2.150000000000002132, -3.399999999999999911, 0.1500000000000025757 ) ) ;
#1694 = STYLED_ITEM ( 'NONE', ( #4830 ), #6896 ) ;
#1695 = CARTESIAN_POINT ( 'NONE',  ( 4.874499999999967415, -0.8255000000000033422, -0.6799999999999961631 ) ) ;
#1696 =( LENGTH_UNIT ( ) NAMED_UNIT ( * ) SI_UNIT ( .MILLI., .METRE. ) );
#1697 = PRESENTATION_STYLE_ASSIGNMENT (( #6634 ) ) ;
#1698 = COLOUR_RGB ( '',1.000000000000000000, 1.000000000000000000, 1.000000000000000000 ) ;
#1699 = ORIENTED_EDGE ( 'NONE', *, *, #7121, .T. ) ;
#1700 =( GEOMETRIC_REPRESENTATION_CONTEXT ( 3 ) GLOBAL_UNCERTAINTY_ASSIGNED_CONTEXT ( ( #5560 ) ) GLOBAL_UNIT_ASSIGNED_CONTEXT ( ( #2555, #6985, #8478 ) ) REPRESENTATION_CONTEXT ( 'NONE', 'WORKASPACE' ) );
#1701 = DIRECTION ( 'NONE',  ( -0.0000000000000000000, 1.000000000000000000, -0.0000000000000000000 ) ) ;
#1702 = CARTESIAN_POINT ( 'NONE',  ( 6.149999999999999467, 5.100000000000001421, -2.800000000000000266 ) ) ;
#1703 = CARTESIAN_POINT ( 'NONE',  ( 3.299999999999999378, 0.2000000000000000389, 1.700000000000000178 ) ) ;
#1704 = SURFACE_SIDE_STYLE ('',( #853 ) ) ;
#1705 = DIRECTION ( 'NONE',  ( -4.336808689942017736E-16, 0.0000000000000000000, -1.000000000000000000 ) ) ;
#1706 = ORIENTED_EDGE ( 'NONE', *, *, #6265, .F. ) ;
#1707 = CARTESIAN_POINT ( 'NONE',  ( 11.95000000000000107, 0.0000000000000000000, 1.699999999999999289 ) ) ;
#1708 = COLOUR_RGB ( '',1.000000000000000000, 1.000000000000000000, 1.000000000000000000 ) ;
#1709 = EDGE_CURVE ( 'NONE', #6280, #7205, #916, .T. ) ;
#1710 = CARTESIAN_POINT ( 'NONE',  ( 6.749999999999999112, 3.399999999999999467, -2.050000000000001599 ) ) ;
#1711 = FILL_AREA_STYLE_COLOUR ( '', #3267 ) ;
#1712 = PRESENTATION_STYLE_ASSIGNMENT (( #1089 ) ) ;
#1713 = DIRECTION ( 'NONE',  ( -0.0000000000000000000, 1.000000000000000000, -0.0000000000000000000 ) ) ;
#1714 = LINE ( 'NONE', #4581, #7112 ) ;
#1715 = FILL_AREA_STYLE_COLOUR ( '', #6740 ) ;
#1716 = ORIENTED_EDGE ( 'NONE', *, *, #1570, .F. ) ;
#1717 = PRESENTATION_LAYER_ASSIGNMENT (  '', '', ( #5702 ) ) ;
#1718 = CARTESIAN_POINT ( 'NONE',  ( 8.699999999999999289, 0.1999999999999999833, 1.700000000000000178 ) ) ;
#1719 = SURFACE_STYLE_USAGE ( .BOTH. , #1001 ) ;
#1720 =( NAMED_UNIT ( * ) PLANE_ANGLE_UNIT ( ) SI_UNIT ( $, .RADIAN. ) );
#1721 = FACE_OUTER_BOUND ( 'NONE', #1565, .T. ) ;
#1722 = ORIENTED_EDGE ( 'NONE', *, *, #7433, .F. ) ;
#1723 = EDGE_LOOP ( 'NONE', ( #6935, #6391, #5987, #575 ) ) ;
#1724 = AXIS2_PLACEMENT_3D ( 'NONE', #6702, #3979, #453 ) ;
#1725 = EDGE_CURVE ( 'NONE', #4667, #5155, #6610, .T. ) ;
#1726 = PLANE ( 'NONE',  #2875 ) ;
#1727 =( NAMED_UNIT ( * ) PLANE_ANGLE_UNIT ( ) SI_UNIT ( $, .RADIAN. ) );
#1728 = FILL_AREA_STYLE_COLOUR ( '', #2543 ) ;
#1729 = DIRECTION ( 'NONE',  ( 1.000000000000000000, 0.0000000000000000000, 0.0000000000000000000 ) ) ;
#1730 = CARTESIAN_POINT ( 'NONE',  ( 2.150000000000001243, 5.100000000000001421, 0.1500000000000008271 ) ) ;
#1731 = EDGE_CURVE ( 'NONE', #4110, #3146, #992, .T. ) ;
#1732 = SURFACE_SIDE_STYLE ('',( #5248 ) ) ;
#1733 = PRESENTATION_STYLE_ASSIGNMENT (( #720 ) ) ;
#1734 = FACE_OUTER_BOUND ( 'NONE', #5760, .T. ) ;
#1735 = ORIENTED_EDGE ( 'NONE', *, *, #2836, .T. ) ;
#1736 = ADVANCED_FACE ( 'NONE', ( #7390, #3887 ), #5266, .F. ) ;
#1737 = STYLED_ITEM ( 'NONE', ( #2713 ), #3651 ) ;
#1738 =( NAMED_UNIT ( * ) SI_UNIT ( $, .STERADIAN. ) SOLID_ANGLE_UNIT ( ) );
#1739 = CARTESIAN_POINT ( 'NONE',  ( 6.049999999999999822, 3.150000000000000799, -2.050000000000001599 ) ) ;
#1740 = CARTESIAN_POINT ( 'NONE',  ( -1.949999999999999956, 1.800000000000000044, -0.2499999999999997780 ) ) ;
#1741 = PLANE ( 'NONE',  #6625 ) ;
#1742 = SURFACE_STYLE_FILL_AREA ( #318 ) ;
#1743 = PRESENTATION_STYLE_ASSIGNMENT (( #1896 ) ) ;
#1744 = ORIENTED_EDGE ( 'NONE', *, *, #5579, .T. ) ;
#1745 = LINE ( 'NONE', #6691, #4442 ) ;
#1746 = PRESENTATION_LAYER_ASSIGNMENT (  '', '', ( #7345 ) ) ;
#1747 = FILL_AREA_STYLE_COLOUR ( '', #7609 ) ;
#1748 = EDGE_CURVE ( 'NONE', #5165, #6885, #1283, .T. ) ;
#1749 = EDGE_LOOP ( 'NONE', ( #3414, #5696, #6151, #8497 ) ) ;
#1750 = EDGE_CURVE ( 'NONE', #6784, #7632, #3360, .T. ) ;
#1751 = MECHANICAL_DESIGN_GEOMETRIC_PRESENTATION_REPRESENTATION (  '', ( #2661 ), #5865 ) ;
#1752 = PRESENTATION_STYLE_ASSIGNMENT (( #5226 ) ) ;
#1753 = FILL_AREA_STYLE ('',( #6697 ) ) ;
#1754 = FILL_AREA_STYLE_COLOUR ( '', #4916 ) ;
#1755 = LINE ( 'NONE', #1858, #7804 ) ;
#1756 = LINE ( 'NONE', #2382, #4588 ) ;
#1757 = LINE ( 'NONE', #7342, #2159 ) ;
#1758 =( NAMED_UNIT ( * ) PLANE_ANGLE_UNIT ( ) SI_UNIT ( $, .RADIAN. ) );
#1759 = ORIENTED_EDGE ( 'NONE', *, *, #8462, .T. ) ;
#1760 = EDGE_LOOP ( 'NONE', ( #7030, #475, #5293, #637 ) ) ;
#1761 = EDGE_CURVE ( 'NONE', #6526, #4186, #7485, .T. ) ;
#1762 = MECHANICAL_DESIGN_GEOMETRIC_PRESENTATION_REPRESENTATION (  '', ( #4720 ), #5159 ) ;
#1763 = EDGE_CURVE ( 'NONE', #6982, #4965, #5316, .T. ) ;
#1764 = DIRECTION ( 'NONE',  ( -0.0000000000000000000, 1.000000000000000000, -0.0000000000000000000 ) ) ;
#1765 = ORIENTED_EDGE ( 'NONE', *, *, #2297, .T. ) ;
#1766 = SURFACE_STYLE_FILL_AREA ( #408 ) ;
#1767 = DIRECTION ( 'NONE',  ( -1.000000000000000000, 0.0000000000000000000, 1.762081725391875198E-17 ) ) ;
#1768 = LINE ( 'NONE', #2580, #4136 ) ;
#1769 = CARTESIAN_POINT ( 'NONE',  ( -1.949999999999999956, 6.000000000000000000, -2.800000000000000266 ) ) ;
#1770 = VECTOR ( 'NONE', #1868, 1000.000000000000000 ) ;
#1771 = CARTESIAN_POINT ( 'NONE',  ( 9.166666666666664298, -4.383333333333333748, -0.8333333333333317050 ) ) ;
#1772 = LINE ( 'NONE', #7450, #1972 ) ;
#1773 = PRESENTATION_LAYER_ASSIGNMENT (  '', '', ( #1935 ) ) ;
#1774 = ORIENTED_EDGE ( 'NONE', *, *, #4009, .F. ) ;
#1775 = VECTOR ( 'NONE', #1604, 1000.000000000000000 ) ;
#1776 = ORIENTED_EDGE ( 'NONE', *, *, #8343, .T. ) ;
#1777 =( GEOMETRIC_REPRESENTATION_CONTEXT ( 3 ) GLOBAL_UNCERTAINTY_ASSIGNED_CONTEXT ( ( #7606 ) ) GLOBAL_UNIT_ASSIGNED_CONTEXT ( ( #4912, #1378, #8437 ) ) REPRESENTATION_CONTEXT ( 'NONE', 'WORKASPACE' ) );
#1778 = VECTOR ( 'NONE', #8113, 1000.000000000000000 ) ;
#1779 = VECTOR ( 'NONE', #4807, 1000.000000000000000 ) ;
#1780 = SURFACE_SIDE_STYLE ('',( #968 ) ) ;
#1781 = UNCERTAINTY_MEASURE_WITH_UNIT (LENGTH_MEASURE( 1.000000000000000082E-05 ), #5334, 'distance_accuracy_value', 'NONE');
#1782 =( LENGTH_UNIT ( ) NAMED_UNIT ( * ) SI_UNIT ( .MILLI., .METRE. ) );
#1783 = FILL_AREA_STYLE ('',( #8138 ) ) ;
#1784 = CARTESIAN_POINT ( 'NONE',  ( 2.250000000000000000, -3.399999999999999911, 0.2500000000000002220 ) ) ;
#1785 = DIRECTION ( 'NONE',  ( 3.872150616019660190E-17, 1.000000000000000000, -0.0000000000000000000 ) ) ;
#1786 = DIRECTION ( 'NONE',  ( -1.000000000000000000, 3.872150616019660190E-17, 0.0000000000000000000 ) ) ;
#1787 = FACE_OUTER_BOUND ( 'NONE', #875, .T. ) ;
#1788 = VERTEX_POINT ( 'NONE', #5359 ) ;
#1789 =( GEOMETRIC_REPRESENTATION_CONTEXT ( 3 ) GLOBAL_UNCERTAINTY_ASSIGNED_CONTEXT ( ( #210 ) ) GLOBAL_UNIT_ASSIGNED_CONTEXT ( ( #2513, #5512, #2709 ) ) REPRESENTATION_CONTEXT ( 'NONE', 'WORKASPACE' ) );
#1790 = VECTOR ( 'NONE', #1835, 1000.000000000000000 ) ;
#1791 = MECHANICAL_DESIGN_GEOMETRIC_PRESENTATION_REPRESENTATION (  '', ( #2264 ), #7552 ) ;
#1792 = LINE ( 'NONE', #3186, #5514 ) ;
#1793 = LINE ( 'NONE', #6020, #22 ) ;
#1794 = UNCERTAINTY_MEASURE_WITH_UNIT (LENGTH_MEASURE( 1.000000000000000082E-05 ), #2300, 'distance_accuracy_value', 'NONE');
#1795 = DIRECTION ( 'NONE',  ( 9.103382349328301547E-49, 2.350988701644575016E-32, 1.000000000000000000 ) ) ;
#1796 = SURFACE_STYLE_USAGE ( .BOTH. , #1843 ) ;
#1797 = LINE ( 'NONE', #7570, #582 ) ;
#1798 = SURFACE_SIDE_STYLE ('',( #5303 ) ) ;
#1799 = VERTEX_POINT ( 'NONE', #3308 ) ;
#1800 = CARTESIAN_POINT ( 'NONE',  ( 0.7500000000000002220, 1.149999999999999911, -2.050000000000001599 ) ) ;
#1801 = PRESENTATION_STYLE_ASSIGNMENT (( #3345 ) ) ;
#1802 = VECTOR ( 'NONE', #1588, 1000.000000000000000 ) ;
#1803 = STYLED_ITEM ( 'NONE', ( #2960 ), #986 ) ;
#1804 = VERTEX_POINT ( 'NONE', #6089 ) ;
#1805 = VERTEX_POINT ( 'NONE', #6746 ) ;
#1806 = VECTOR ( 'NONE', #1961, 1000.000000000000000 ) ;
#1807 = DIRECTION ( 'NONE',  ( 0.5773502691896259531, 0.5773502691896259531, -0.5773502691896255090 ) ) ;
#1808 = DIRECTION ( 'NONE',  ( -1.000000000000000000, 0.0000000000000000000, -0.0000000000000000000 ) ) ;
#1809 = EDGE_CURVE ( 'NONE', #2754, #2838, #5407, .T. ) ;
#1810 = DIRECTION ( 'NONE',  ( -1.000000000000000000, 0.0000000000000000000, 0.0000000000000000000 ) ) ;
#1811 =( LENGTH_UNIT ( ) NAMED_UNIT ( * ) SI_UNIT ( .MILLI., .METRE. ) );
#1812 = LINE ( 'NONE', #4780, #1181 ) ;
#1813 = DIRECTION ( 'NONE',  ( 0.0000000000000000000, -0.0000000000000000000, 1.000000000000000000 ) ) ;
#1814 = CARTESIAN_POINT ( 'NONE',  ( 11.35000000000000142, 5.650000000000000355, 1.249999999999998446 ) ) ;
#1815 = VERTEX_POINT ( 'NONE', #8918 ) ;
#1816 = EDGE_CURVE ( 'NONE', #7047, #2132, #589, .T. ) ;
#1817 = EDGE_LOOP ( 'NONE', ( #3766, #3556, #8893, #3061 ) ) ;
#1818 = EDGE_CURVE ( 'NONE', #6726, #4353, #1812, .T. ) ;
#1819 = MECHANICAL_DESIGN_GEOMETRIC_PRESENTATION_REPRESENTATION (  '', ( #2287 ), #5791 ) ;
#1820 =( LENGTH_UNIT ( ) NAMED_UNIT ( * ) SI_UNIT ( .MILLI., .METRE. ) );
#1821 =( NAMED_UNIT ( * ) PLANE_ANGLE_UNIT ( ) SI_UNIT ( $, .RADIAN. ) );
#1822 = DIRECTION ( 'NONE',  ( 0.0000000000000000000, 1.000000000000000000, 0.0000000000000000000 ) ) ;
#1823 = EDGE_LOOP ( 'NONE', ( #3424, #2110, #5079, #7529 ) ) ;
#1824 = LINE ( 'NONE', #8080, #5612 ) ;
#1825 = CARTESIAN_POINT ( 'NONE',  ( 7.750000000000000000, -3.399999999999999911, 0.2500000000000002220 ) ) ;
#1826 =( NAMED_UNIT ( * ) SI_UNIT ( $, .STERADIAN. ) SOLID_ANGLE_UNIT ( ) );
#1827 = ORIENTED_EDGE ( 'NONE', *, *, #9069, .F. ) ;
#1828 = ORIENTED_EDGE ( 'NONE', *, *, #2402, .F. ) ;
#1829 = EDGE_CURVE ( 'NONE', #5096, #3480, #1238, .T. ) ;
#1830 = VECTOR ( 'NONE', #7217, 1000.000000000000000 ) ;
#1831 = CARTESIAN_POINT ( 'NONE',  ( 8.250000000000000000, -3.399999999999999911, -0.2499999999999997780 ) ) ;
#1832 = ORIENTED_EDGE ( 'NONE', *, *, #779, .F. ) ;
#1833 = FACE_OUTER_BOUND ( 'NONE', #1368, .T. ) ;
#1834 = PLANE ( 'NONE',  #4453 ) ;
#1835 = DIRECTION ( 'NONE',  ( 0.0000000000000000000, -0.0000000000000000000, 1.000000000000000000 ) ) ;
#1836 = FACE_BOUND ( 'NONE', #7150, .T. ) ;
#1837 = ORIENTED_EDGE ( 'NONE', *, *, #6093, .F. ) ;
#1838 = LINE ( 'NONE', #5209, #2133 ) ;
#1839 = ORIENTED_EDGE ( 'NONE', *, *, #3176, .T. ) ;
#1840 = PRESENTATION_STYLE_ASSIGNMENT (( #7421 ) ) ;
#1841 = COLOUR_RGB ( '',1.000000000000000000, 0.8117647058823529438, 0.5019607843137254832 ) ;
#1842 = DIRECTION ( 'NONE',  ( -1.084202172485504237E-15, -1.000000000000000000, 0.0000000000000000000 ) ) ;
#1843 = SURFACE_SIDE_STYLE ('',( #8773 ) ) ;
#1844 =( NAMED_UNIT ( * ) SI_UNIT ( $, .STERADIAN. ) SOLID_ANGLE_UNIT ( ) );
#1845 = LINE ( 'NONE', #8237, #3699 ) ;
#1846 = PLANE ( 'NONE',  #2392 ) ;
#1847 = ORIENTED_EDGE ( 'NONE', *, *, #2669, .F. ) ;
#1848 = LINE ( 'NONE', #436, #7849 ) ;
#1849 = MECHANICAL_DESIGN_GEOMETRIC_PRESENTATION_REPRESENTATION (  '', ( #7905 ), #7017 ) ;
#1850 = COLOUR_RGB ( '',1.000000000000000000, 1.000000000000000000, 1.000000000000000000 ) ;
#1851 = EDGE_CURVE ( 'NONE', #1138, #8616, #8206, .T. ) ;
#1852 = DIRECTION ( 'NONE',  ( -4.336808689942017736E-16, 1.679277644031839923E-32, -1.000000000000000000 ) ) ;
#1853 = SURFACE_STYLE_FILL_AREA ( #6744 ) ;
#1854 = ORIENTED_EDGE ( 'NONE', *, *, #7777, .F. ) ;
#1855 = VECTOR ( 'NONE', #473, 1000.000000000000114 ) ;
#1856 = CARTESIAN_POINT ( 'NONE',  ( -1.949999999999999956, 6.000000000000000000, -2.800000000000000266 ) ) ;
#1857 = DIRECTION ( 'NONE',  ( 1.000000000000000000, -0.0000000000000000000, -6.240012503513693999E-17 ) ) ;
#1858 = CARTESIAN_POINT ( 'NONE',  ( 3.849999999999997868, 5.100000000000001421, -2.800000000000001155 ) ) ;
#1859 = ORIENTED_EDGE ( 'NONE', *, *, #8771, .T. ) ;
#1860 = LINE ( 'NONE', #2153, #8837 ) ;
#1861 = ADVANCED_FACE ( 'NONE', ( #404 ), #6846, .T. ) ;
#1862 = CARTESIAN_POINT ( 'NONE',  ( 9.750000000000000000, 5.000000000000000888, 0.2500000000000002220 ) ) ;
#1863 = ORIENTED_EDGE ( 'NONE', *, *, #3633, .T. ) ;
#1864 = COLOUR_RGB ( '',1.000000000000000000, 0.8117647058823529438, 0.5019607843137254832 ) ;
#1865 = STYLED_ITEM ( 'NONE', ( #2851 ), #6662 ) ;
#1866 = EDGE_CURVE ( 'NONE', #4840, #5568, #7633, .T. ) ;
#1867 = UNCERTAINTY_MEASURE_WITH_UNIT (LENGTH_MEASURE( 1.000000000000000082E-05 ), #3537, 'distance_accuracy_value', 'NONE');
#1868 = DIRECTION ( 'NONE',  ( 0.5773502691896246208, -0.5773502691896265082, 0.5773502691896260641 ) ) ;
#1869 = CARTESIAN_POINT ( 'NONE',  ( -1.949999999999999956, 6.000000000000000000, 0.3199999999999999512 ) ) ;
#1870 = DIRECTION ( 'NONE',  ( 0.0000000000000000000, 0.0000000000000000000, -1.000000000000000000 ) ) ;
#1871 = DIRECTION ( 'NONE',  ( -1.000000000000000000, 0.0000000000000000000, -0.0000000000000000000 ) ) ;
#1872 = LINE ( 'NONE', #6146, #2921 ) ;
#1873 = DIRECTION ( 'NONE',  ( -1.000000000000000000, 5.421010862427522170E-17, 0.0000000000000000000 ) ) ;
#1874 = ORIENTED_EDGE ( 'NONE', *, *, #1447, .F. ) ;
#1875 = MECHANICAL_DESIGN_GEOMETRIC_PRESENTATION_REPRESENTATION (  '', ( #5702 ), #4395 ) ;
#1876 = LINE ( 'NONE', #6105, #2144 ) ;
#1877 = ORIENTED_EDGE ( 'NONE', *, *, #1922, .T. ) ;
#1878 = UNCERTAINTY_MEASURE_WITH_UNIT (LENGTH_MEASURE( 1.000000000000000082E-05 ), #705, 'distance_accuracy_value', 'NONE');
#1879 = CARTESIAN_POINT ( 'NONE',  ( 10.69999999999999929, 0.0000000000000000000, 1.700000000000000178 ) ) ;
#1880 = FACE_OUTER_BOUND ( 'NONE', #1760, .T. ) ;
#1881 = DIRECTION ( 'NONE',  ( 0.0000000000000000000, 0.0000000000000000000, 1.000000000000000000 ) ) ;
#1882 = LINE ( 'NONE', #6867, #5389 ) ;
#1883 = PLANE ( 'NONE',  #917 ) ;
#1884 = EDGE_LOOP ( 'NONE', ( #4810, #6838, #7344, #1282 ) ) ;
#1885 = ORIENTED_EDGE ( 'NONE', *, *, #2630, .T. ) ;
#1886 = COLOUR_RGB ( '',1.000000000000000000, 1.000000000000000000, 1.000000000000000000 ) ;
#1887 = EDGE_CURVE ( 'NONE', #6726, #525, #3255, .T. ) ;
#1888 = EDGE_CURVE ( 'NONE', #7573, #6585, #1860, .T. ) ;
#1889 = LINE ( 'NONE', #7564, #911 ) ;
#1890 = UNCERTAINTY_MEASURE_WITH_UNIT (LENGTH_MEASURE( 1.000000000000000082E-05 ), #6873, 'distance_accuracy_value', 'NONE');
#1891 = LINE ( 'NONE', #2602, #6176 ) ;
#1892 = DIRECTION ( 'NONE',  ( 1.000000000000000000, 0.0000000000000000000, 1.707404996040163895E-17 ) ) ;
#1893 = SURFACE_STYLE_FILL_AREA ( #8192 ) ;
#1894 = EDGE_CURVE ( 'NONE', #6123, #4161, #5597, .T. ) ;
#1895 = FILL_AREA_STYLE_COLOUR ( '', #5475 ) ;
#1896 = SURFACE_STYLE_USAGE ( .BOTH. , #7471 ) ;
#1897 = ORIENTED_EDGE ( 'NONE', *, *, #1866, .F. ) ;
#1898 = CARTESIAN_POINT ( 'NONE',  ( 1.250000000000000666, 3.399999999999999467, -2.050000000000001599 ) ) ;
#1899 = DIRECTION ( 'NONE',  ( -3.872150616019660190E-17, -1.000000000000000000, 0.0000000000000000000 ) ) ;
#1900 = FILL_AREA_STYLE ('',( #3198 ) ) ;
#1901 = EDGE_CURVE ( 'NONE', #8439, #2071, #772, .T. ) ;
#1902 = ORIENTED_EDGE ( 'NONE', *, *, #1243, .F. ) ;
#1903 = FILL_AREA_STYLE ('',( #400 ) ) ;
#1904 = CARTESIAN_POINT ( 'NONE',  ( 9.750000000000000000, -3.399999999999999911, -0.2499999999999997780 ) ) ;
#1905 = PRESENTATION_STYLE_ASSIGNMENT (( #2704 ) ) ;
#1906 = AXIS2_PLACEMENT_3D ( 'NONE', #774, #1000, #459 ) ;
#1907 =( LENGTH_UNIT ( ) NAMED_UNIT ( * ) SI_UNIT ( .MILLI., .METRE. ) );
#1908 = LINE ( 'NONE', #496, #938 ) ;
#1909 = ORIENTED_EDGE ( 'NONE', *, *, #7409, .T. ) ;
#1910 = CARTESIAN_POINT ( 'NONE',  ( 11.95000000000000107, 0.8200000000000030598, 1.300000000000000044 ) ) ;
#1911 = CARTESIAN_POINT ( 'NONE',  ( 4.750000000000000888, 1.149999999999999911, -2.050000000000001599 ) ) ;
#1912 = MECHANICAL_DESIGN_GEOMETRIC_PRESENTATION_REPRESENTATION (  '', ( #8933 ), #2659 ) ;
#1913 = ORIENTED_EDGE ( 'NONE', *, *, #2668, .F. ) ;
#1914 = VECTOR ( 'NONE', #3496, 1000.000000000000114 ) ;
#1915 = CARTESIAN_POINT ( 'NONE',  ( 7.749999999999998224, 0.2000000000000000111, -2.800000000000000266 ) ) ;
#1916 = CARTESIAN_POINT ( 'NONE',  ( 2.150000000000001243, 5.100000000000001421, -0.1500000000000003830 ) ) ;
#1917 = STYLED_ITEM ( 'NONE', ( #2438 ), #4406 ) ;
#1918 = PLANE ( 'NONE',  #661 ) ;
#1919 =( NAMED_UNIT ( * ) SI_UNIT ( $, .STERADIAN. ) SOLID_ANGLE_UNIT ( ) );
#1920 = ORIENTED_EDGE ( 'NONE', *, *, #7081, .F. ) ;
#1921 = MECHANICAL_DESIGN_GEOMETRIC_PRESENTATION_REPRESENTATION (  '', ( #4571 ), #5295 ) ;
#1922 = EDGE_CURVE ( 'NONE', #2954, #3605, #2884, .T. ) ;
#1923 = CARTESIAN_POINT ( 'NONE',  ( 8.050000000000000711, -3.399999999999999911, -2.800000000000000266 ) ) ;
#1924 = ORIENTED_EDGE ( 'NONE', *, *, #4204, .T. ) ;
#1925 = PRESENTATION_STYLE_ASSIGNMENT (( #7693 ) ) ;
#1926 = SURFACE_SIDE_STYLE ('',( #8896 ) ) ;
#1927 = SURFACE_STYLE_FILL_AREA ( #3948 ) ;
#1928 = LINE ( 'NONE', #4748, #802 ) ;
#1929 = SURFACE_STYLE_USAGE ( .BOTH. , #2033 ) ;
#1930 = DIRECTION ( 'NONE',  ( 0.0000000000000000000, 1.000000000000000000, 0.0000000000000000000 ) ) ;
#1931 = ORIENTED_EDGE ( 'NONE', *, *, #3489, .T. ) ;
#1932 = EDGE_CURVE ( 'NONE', #8318, #3480, #9027, .T. ) ;
#1933 = VERTEX_POINT ( 'NONE', #8394 ) ;
#1934 = EDGE_CURVE ( 'NONE', #4187, #4839, #62, .T. ) ;
#1935 = STYLED_ITEM ( 'NONE', ( #7855 ), #8520 ) ;
#1936 = VECTOR ( 'NONE', #4754, 1000.000000000000000 ) ;
#1937 = CARTESIAN_POINT ( 'NONE',  ( 7.750000000000000000, 1.800000000000000044, -0.2499999999999997780 ) ) ;
#1938 = PRESENTATION_LAYER_ASSIGNMENT (  '', '', ( #2984 ) ) ;
#1939 = FACE_OUTER_BOUND ( 'NONE', #95, .T. ) ;
#1940 = EDGE_CURVE ( 'NONE', #4281, #3962, #5556, .T. ) ;
#1941 = DIRECTION ( 'NONE',  ( -0.0000000000000000000, 1.000000000000000000, -0.0000000000000000000 ) ) ;
#1942 = PRESENTATION_LAYER_ASSIGNMENT (  '', '', ( #7977 ) ) ;
#1943 = DIRECTION ( 'NONE',  ( 4.336808689942017736E-16, 0.0000000000000000000, 1.000000000000000000 ) ) ;
#1944 = DIRECTION ( 'NONE',  ( 0.5773502691896239547, -0.5773502691896289507, -0.5773502691896243988 ) ) ;
#1945 = PRESENTATION_LAYER_ASSIGNMENT (  '', '', ( #8829 ) ) ;
#1946 = ORIENTED_EDGE ( 'NONE', *, *, #9004, .T. ) ;
#1947 = ADVANCED_FACE ( 'NONE', ( #8350 ), #6997, .F. ) ;
#1948 = FACE_OUTER_BOUND ( 'NONE', #2385, .T. ) ;
#1949 = SURFACE_STYLE_USAGE ( .BOTH. , #3294 ) ;
#1950 = FACE_OUTER_BOUND ( 'NONE', #819, .T. ) ;
#1951 = STYLED_ITEM ( 'NONE', ( #4251 ), #4982 ) ;
#1952 = EDGE_CURVE ( 'NONE', #8439, #3079, #6424, .T. ) ;
#1953 = VECTOR ( 'NONE', #7679, 1000.000000000000000 ) ;
#1954 = PRESENTATION_LAYER_ASSIGNMENT (  '', '', ( #442 ) ) ;
#1955 = FILL_AREA_STYLE ('',( #8157 ) ) ;
#1956 = FACE_OUTER_BOUND ( 'NONE', #1723, .T. ) ;
#1957 = ORIENTED_EDGE ( 'NONE', *, *, #7730, .F. ) ;
#1958 = MECHANICAL_DESIGN_GEOMETRIC_PRESENTATION_REPRESENTATION (  '', ( #8271 ), #7122 ) ;
#1959 = LINE ( 'NONE', #1233, #3812 ) ;
#1960 = CARTESIAN_POINT ( 'NONE',  ( -0.2499999999999997780, 5.000000000000000888, 0.2500000000000002220 ) ) ;
#1961 = DIRECTION ( 'NONE',  ( -0.0000000000000000000, 1.000000000000000000, -0.0000000000000000000 ) ) ;
#1962 = SURFACE_STYLE_USAGE ( .BOTH. , #8255 ) ;
#1963 =( LENGTH_UNIT ( ) NAMED_UNIT ( * ) SI_UNIT ( .MILLI., .METRE. ) );
#1964 = VERTEX_POINT ( 'NONE', #3543 ) ;
#1965 = DIRECTION ( 'NONE',  ( 0.0000000000000000000, 0.0000000000000000000, -1.000000000000000000 ) ) ;
#1966 = PRESENTATION_LAYER_ASSIGNMENT (  '', '', ( #5060 ) ) ;
#1967 = SURFACE_SIDE_STYLE ('',( #5360 ) ) ;
#1968 = AXIS2_PLACEMENT_3D ( 'NONE', #4425, #1454, #7116 ) ;
#1969 = CARTESIAN_POINT ( 'NONE',  ( 5.299999999999998934, 0.0000000000000000000, 1.700000000000000178 ) ) ;
#1970 = EDGE_LOOP ( 'NONE', ( #2253, #5088, #6672, #5378 ) ) ;
#1971 = PRESENTATION_LAYER_ASSIGNMENT (  '', '', ( #746 ) ) ;
#1972 = VECTOR ( 'NONE', #8715, 1000.000000000000114 ) ;
#1973 = UNCERTAINTY_MEASURE_WITH_UNIT (LENGTH_MEASURE( 1.000000000000000082E-05 ), #8817, 'distance_accuracy_value', 'NONE');
#1974 = CARTESIAN_POINT ( 'NONE',  ( 7.750000000000000000, -3.399999999999999911, 0.2500000000000002220 ) ) ;
#1975 = DIRECTION ( 'NONE',  ( 3.872150616019660190E-17, 1.000000000000000000, -0.0000000000000000000 ) ) ;
#1976 = AXIS2_PLACEMENT_3D ( 'NONE', #6888, #3445, #5595 ) ;
#1977 = SURFACE_STYLE_USAGE ( .BOTH. , #8269 ) ;
#1978 = CARTESIAN_POINT ( 'NONE',  ( 11.95000000000000107, 0.0000000000000000000, 1.699999999999999289 ) ) ;
#1979 = VERTEX_POINT ( 'NONE', #7130 ) ;
#1980 = ORIENTED_EDGE ( 'NONE', *, *, #4520, .T. ) ;
#1981 = EDGE_CURVE ( 'NONE', #2097, #8369, #2839, .T. ) ;
#1982 = CARTESIAN_POINT ( 'NONE',  ( 2.750000000000000444, 1.149999999999999911, -2.350000000000001421 ) ) ;
#1983 = UNCERTAINTY_MEASURE_WITH_UNIT (LENGTH_MEASURE( 1.000000000000000082E-05 ), #3203, 'distance_accuracy_value', 'NONE');
#1984 = PRESENTATION_LAYER_ASSIGNMENT (  '', '', ( #4188 ) ) ;
#1985 = LINE ( 'NONE', #4796, #1192 ) ;
#1986 = LINE ( 'NONE', #5423, #3133 ) ;
#1987 = DIRECTION ( 'NONE',  ( -3.833233541708420554E-17, -0.7071067811865447972, 0.7071067811865502373 ) ) ;
#1988 =( NAMED_UNIT ( * ) PLANE_ANGLE_UNIT ( ) SI_UNIT ( $, .RADIAN. ) );
#1989 =( NAMED_UNIT ( * ) PLANE_ANGLE_UNIT ( ) SI_UNIT ( $, .RADIAN. ) );
#1990 = ORIENTED_EDGE ( 'NONE', *, *, #4650, .T. ) ;
#1991 = PRESENTATION_LAYER_ASSIGNMENT (  '', '', ( #4346 ) ) ;
#1992 =( NAMED_UNIT ( * ) SI_UNIT ( $, .STERADIAN. ) SOLID_ANGLE_UNIT ( ) );
#1993 = ADVANCED_FACE ( 'NONE', ( #5055 ), #5643, .T. ) ;
#1994 = DIRECTION ( 'NONE',  ( 0.0000000000000000000, -0.0000000000000000000, 1.000000000000000000 ) ) ;
#1995 = UNCERTAINTY_MEASURE_WITH_UNIT (LENGTH_MEASURE( 1.000000000000000082E-05 ), #282, 'distance_accuracy_value', 'NONE');
#1996 = FACE_OUTER_BOUND ( 'NONE', #7221, .T. ) ;
#1997 = ADVANCED_FACE ( 'NONE', ( #153, #7296 ), #3102, .F. ) ;
#1998 = DIRECTION ( 'NONE',  ( 3.872150616019660190E-17, 1.000000000000000000, -0.0000000000000000000 ) ) ;
#1999 = DIRECTION ( 'NONE',  ( 0.5773502691896259531, 0.5773502691896259531, -0.5773502691896255090 ) ) ;
#2000 = EDGE_LOOP ( 'NONE', ( #4257, #3682, #5963, #7314, #5852, #712, #8143, #4113, #1416, #5268, #2612, #5437 ) ) ;
#2001 = LINE ( 'NONE', #1126, #2710 ) ;
#2002 = LINE ( 'NONE', #3965, #8323 ) ;
#2003 = PRESENTATION_STYLE_ASSIGNMENT (( #7665 ) ) ;
#2004 = ADVANCED_FACE ( 'NONE', ( #8065 ), #3026, .F. ) ;
#2005 = ORIENTED_EDGE ( 'NONE', *, *, #8392, .F. ) ;
#2006 =( NAMED_UNIT ( * ) PLANE_ANGLE_UNIT ( ) SI_UNIT ( $, .RADIAN. ) );
#2007 = SURFACE_STYLE_USAGE ( .BOTH. , #7671 ) ;
#2008 = ORIENTED_EDGE ( 'NONE', *, *, #388, .F. ) ;
#2009 = DIRECTION ( 'NONE',  ( 1.000000000000000000, -0.0000000000000000000, 2.987958743070288203E-17 ) ) ;
#2010 = SURFACE_STYLE_USAGE ( .BOTH. , #1967 ) ;
#2011 = LINE ( 'NONE', #6893, #3950 ) ;
#2012 = AXIS2_PLACEMENT_3D ( 'NONE', #1110, #2408, #383 ) ;
#2013 = EDGE_CURVE ( 'NONE', #2476, #3677, #4402, .T. ) ;
#2014 = EDGE_CURVE ( 'NONE', #6660, #2871, #7213, .T. ) ;
#2015 = VECTOR ( 'NONE', #285, 1000.000000000000000 ) ;
#2016 = ORIENTED_EDGE ( 'NONE', *, *, #6805, .T. ) ;
#2017 = AXIS2_PLACEMENT_3D ( 'NONE', #2861, #2311, #6449 ) ;
#2018 = ORIENTED_EDGE ( 'NONE', *, *, #6605, .T. ) ;
#2019 = VERTEX_POINT ( 'NONE', #6785 ) ;
#2020 = FILL_AREA_STYLE ('',( #7086 ) ) ;
#2021 = PRESENTATION_STYLE_ASSIGNMENT (( #4688 ) ) ;
#2022 = CARTESIAN_POINT ( 'NONE',  ( -1.350000000000000089, 6.000000000000000000, -0.6800000000000000488 ) ) ;
#2023 = DIRECTION ( 'NONE',  ( 0.0000000000000000000, 0.0000000000000000000, -1.000000000000000000 ) ) ;
#2024 = DIRECTION ( 'NONE',  ( 1.000000000000000000, -5.421010862427522170E-17, 0.0000000000000000000 ) ) ;
#2025 = EDGE_LOOP ( 'NONE', ( #7036, #1478, #7668, #7307 ) ) ;
#2026 = ORIENTED_EDGE ( 'NONE', *, *, #725, .T. ) ;
#2027 = STYLED_ITEM ( 'NONE', ( #5087 ), #7191 ) ;
#2028 =( NAMED_UNIT ( * ) PLANE_ANGLE_UNIT ( ) SI_UNIT ( $, .RADIAN. ) );
#2029 =( GEOMETRIC_REPRESENTATION_CONTEXT ( 3 ) GLOBAL_UNCERTAINTY_ASSIGNED_CONTEXT ( ( #4382 ) ) GLOBAL_UNIT_ASSIGNED_CONTEXT ( ( #1696, #6910, #4003 ) ) REPRESENTATION_CONTEXT ( 'NONE', 'WORKASPACE' ) );
#2030 = LINE ( 'NONE', #3515, #5192 ) ;
#2031 = SURFACE_STYLE_FILL_AREA ( #1209 ) ;
#2032 = LINE ( 'NONE', #4142, #6572 ) ;
#2033 = SURFACE_SIDE_STYLE ('',( #523 ) ) ;
#2034 = FILL_AREA_STYLE_COLOUR ( '', #213 ) ;
#2035 = ORIENTED_EDGE ( 'NONE', *, *, #4731, .F. ) ;
#2036 = ORIENTED_EDGE ( 'NONE', *, *, #670, .T. ) ;
#2037 = FILL_AREA_STYLE ('',( #6351 ) ) ;
#2038 = EDGE_CURVE ( 'NONE', #716, #1385, #5398, .T. ) ;
#2039 = CARTESIAN_POINT ( 'NONE',  ( 8.849999999999999645, 6.000000000000000000, 1.599999999999999867 ) ) ;
#2040 =( NAMED_UNIT ( * ) SI_UNIT ( $, .STERADIAN. ) SOLID_ANGLE_UNIT ( ) );
#2041 = LINE ( 'NONE', #7020, #4745 ) ;
#2042 = CARTESIAN_POINT ( 'NONE',  ( 8.250000000000000000, 1.800000000000000044, -2.800000000000000266 ) ) ;
#2043 = DIRECTION ( 'NONE',  ( -3.872150616019660190E-17, -1.000000000000000000, 0.0000000000000000000 ) ) ;
#2044 = CARTESIAN_POINT ( 'NONE',  ( 3.250000000000000888, 3.399999999999999467, -2.050000000000001599 ) ) ;
#2045 = EDGE_LOOP ( 'NONE', ( #6147, #771, #16, #4898 ) ) ;
#2046 =( NAMED_UNIT ( * ) SI_UNIT ( $, .STERADIAN. ) SOLID_ANGLE_UNIT ( ) );
#2047 = SURFACE_STYLE_USAGE ( .BOTH. , #7847 ) ;
#2048 = VERTEX_POINT ( 'NONE', #6690 ) ;
#2049 = STYLED_ITEM ( 'NONE', ( #1576 ), #3477 ) ;
#2050 = CARTESIAN_POINT ( 'NONE',  ( 9.299999999999998934, 0.2000000000000000389, -2.800000000000000266 ) ) ;
#2051 = EDGE_CURVE ( 'NONE', #534, #2424, #6881, .T. ) ;
#2052 = SURFACE_STYLE_FILL_AREA ( #7070 ) ;
#2053 = ORIENTED_EDGE ( 'NONE', *, *, #7462, .T. ) ;
#2054 = CARTESIAN_POINT ( 'NONE',  ( 6.249999999999998224, 1.800000000000000044, 0.2500000000000002220 ) ) ;
#2055 =( NAMED_UNIT ( * ) SI_UNIT ( $, .STERADIAN. ) SOLID_ANGLE_UNIT ( ) );
#2056 = DIRECTION ( 'NONE',  ( 0.7071067811865475727, -0.7071067811865475727, 1.662400053425836136E-32 ) ) ;
#2057 = FACE_OUTER_BOUND ( 'NONE', #271, .T. ) ;
#2058 = VERTEX_POINT ( 'NONE', #2552 ) ;
#2059 = SURFACE_STYLE_FILL_AREA ( #1386 ) ;
#2060 = MECHANICAL_DESIGN_GEOMETRIC_PRESENTATION_REPRESENTATION (  '', ( #5999 ), #8643 ) ;
#2061 =( LENGTH_UNIT ( ) NAMED_UNIT ( * ) SI_UNIT ( .MILLI., .METRE. ) );
#2062 = EDGE_CURVE ( 'NONE', #8770, #2450, #4668, .T. ) ;
#2063 = EDGE_LOOP ( 'NONE', ( #8166, #6615, #6231, #72 ) ) ;
#2064 = UNCERTAINTY_MEASURE_WITH_UNIT (LENGTH_MEASURE( 1.000000000000000082E-05 ), #7176, 'distance_accuracy_value', 'NONE');
#2065 = VECTOR ( 'NONE', #3717, 1000.000000000000000 ) ;
#2066 =( NAMED_UNIT ( * ) SI_UNIT ( $, .STERADIAN. ) SOLID_ANGLE_UNIT ( ) );
#2067 = PLANE ( 'NONE',  #3856 ) ;
#2068 = DIRECTION ( 'NONE',  ( -4.336808689942017736E-16, 0.0000000000000000000, -1.000000000000000000 ) ) ;
#2069 = ORIENTED_EDGE ( 'NONE', *, *, #4948, .F. ) ;
#2070 = CARTESIAN_POINT ( 'NONE',  ( -1.949999999999999956, 6.000000000000000000, 1.700000000000000178 ) ) ;
#2071 = VERTEX_POINT ( 'NONE', #7473 ) ;
#2072 = ORIENTED_EDGE ( 'NONE', *, *, #6279, .T. ) ;
#2073 = FACE_OUTER_BOUND ( 'NONE', #5870, .T. ) ;
#2074 = AXIS2_PLACEMENT_3D ( 'NONE', #4961, #2460, #1607 ) ;
#2075 = UNCERTAINTY_MEASURE_WITH_UNIT (LENGTH_MEASURE( 1.000000000000000082E-05 ), #8615, 'distance_accuracy_value', 'NONE');
#2076 =( LENGTH_UNIT ( ) NAMED_UNIT ( * ) SI_UNIT ( .MILLI., .METRE. ) );
#2077 = CARTESIAN_POINT ( 'NONE',  ( -1.949999999999999956, 0.0000000000000000000, 1.300000000000000044 ) ) ;
#2078 = PRESENTATION_STYLE_ASSIGNMENT (( #6209 ) ) ;
#2079 = VECTOR ( 'NONE', #2738, 1000.000000000000000 ) ;
#2080 = DIRECTION ( 'NONE',  ( 0.0000000000000000000, -0.0000000000000000000, 1.000000000000000000 ) ) ;
#2081 = ORIENTED_EDGE ( 'NONE', *, *, #107, .T. ) ;
#2082 = VECTOR ( 'NONE', #6810, 1000.000000000000227 ) ;
#2083 = VECTOR ( 'NONE', #5467, 1000.000000000000000 ) ;
#2084 = CARTESIAN_POINT ( 'NONE',  ( 11.95000000000000107, 0.0000000000000000000, 1.699999999999999289 ) ) ;
#2085 = COLOUR_RGB ( '',1.000000000000000000, 1.000000000000000000, 1.000000000000000000 ) ;
#2086 = ORIENTED_EDGE ( 'NONE', *, *, #6559, .T. ) ;
#2087 = PRESENTATION_STYLE_ASSIGNMENT (( #6974 ) ) ;
#2088 = CARTESIAN_POINT ( 'NONE',  ( 2.150000000000002132, -3.399999999999999911, 0.2500000000000002220 ) ) ;
#2089 = FACE_OUTER_BOUND ( 'NONE', #846, .T. ) ;
#2090 = CARTESIAN_POINT ( 'NONE',  ( -0.2200000000000003619, 4.229999999999999538, 1.700000000000000178 ) ) ;
#2091 =( NAMED_UNIT ( * ) SI_UNIT ( $, .STERADIAN. ) SOLID_ANGLE_UNIT ( ) );
#2092 = SURFACE_STYLE_USAGE ( .BOTH. , #573 ) ;
#2093 = SURFACE_SIDE_STYLE ('',( #6923 ) ) ;
#2094 = ORIENTED_EDGE ( 'NONE', *, *, #5932, .T. ) ;
#2095 = PRESENTATION_STYLE_ASSIGNMENT (( #2047 ) ) ;
#2096 = AXIS2_PLACEMENT_3D ( 'NONE', #8494, #8456, #1391 ) ;
#2097 = VERTEX_POINT ( 'NONE', #6170 ) ;
#2098 = FACE_OUTER_BOUND ( 'NONE', #7561, .T. ) ;
#2099 = STYLED_ITEM ( 'NONE', ( #6538 ), #1358 ) ;
#2100 = MECHANICAL_DESIGN_GEOMETRIC_PRESENTATION_REPRESENTATION (  '', ( #2982 ), #5183 ) ;
#2101 = ORIENTED_EDGE ( 'NONE', *, *, #4937, .T. ) ;
#2102 = DIRECTION ( 'NONE',  ( -0.0000000000000000000, 0.7071067811865500152, 0.7071067811865451302 ) ) ;
#2103 = DIRECTION ( 'NONE',  ( -1.000000000000000000, 5.421010862427522170E-17, 0.0000000000000000000 ) ) ;
#2104 = PRESENTATION_STYLE_ASSIGNMENT (( #1338 ) ) ;
#2105 = CARTESIAN_POINT ( 'NONE',  ( 0.0000000000000000000, -3.399999999999999911, 0.05000000000000012768 ) ) ;
#2106 = VERTEX_POINT ( 'NONE', #4623 ) ;
#2107 =( NAMED_UNIT ( * ) SI_UNIT ( $, .STERADIAN. ) SOLID_ANGLE_UNIT ( ) );
#2108 = VECTOR ( 'NONE', #4986, 1000.000000000000000 ) ;
#2109 = LINE ( 'NONE', #4924, #2645 ) ;
#2110 = ORIENTED_EDGE ( 'NONE', *, *, #4130, .T. ) ;
#2111 = AXIS2_PLACEMENT_3D ( 'NONE', #1392, #4233, #7044 ) ;
#2112 = VECTOR ( 'NONE', #1, 1000.000000000000000 ) ;
#2113 = EDGE_CURVE ( 'NONE', #4543, #7961, #7622, .T. ) ;
#2114 = ORIENTED_EDGE ( 'NONE', *, *, #7508, .T. ) ;
#2115 = COLOUR_RGB ( '',1.000000000000000000, 1.000000000000000000, 1.000000000000000000 ) ;
#2116 = PLANE ( 'NONE',  #8542 ) ;
#2117 = ORIENTED_EDGE ( 'NONE', *, *, #443, .F. ) ;
#2118 = LINE ( 'NONE', #4880, #8850 ) ;
#2119 = EDGE_CURVE ( 'NONE', #1510, #6030, #2694, .T. ) ;
#2120 = CARTESIAN_POINT ( 'NONE',  ( 5.125500000000032585, -0.8255000000000024540, -0.6799999999999961631 ) ) ;
#2121 =( NAMED_UNIT ( * ) PLANE_ANGLE_UNIT ( ) SI_UNIT ( $, .RADIAN. ) );
#2122 = ORIENTED_EDGE ( 'NONE', *, *, #8572, .T. ) ;
#2123 = STYLED_ITEM ( 'NONE', ( #2784 ), #2285 ) ;
#2124 = AXIS2_PLACEMENT_3D ( 'NONE', #3419, #6864, #5380 ) ;
#2125 = FILL_AREA_STYLE ('',( #6204 ) ) ;
#2126 = COLOUR_RGB ( '',1.000000000000000000, 0.8117647058823529438, 0.5019607843137254832 ) ;
#2127 = DIRECTION ( 'NONE',  ( 0.0000000000000000000, -1.000000000000000000, 0.0000000000000000000 ) ) ;
#2128 = VECTOR ( 'NONE', #2276, 1000.000000000000000 ) ;
#2129 = FILL_AREA_STYLE ('',( #8420 ) ) ;
#2130 = PRESENTATION_STYLE_ASSIGNMENT (( #8421 ) ) ;
#2131 = SURFACE_STYLE_FILL_AREA ( #4244 ) ;
#2132 = VERTEX_POINT ( 'NONE', #8197 ) ;
#2133 = VECTOR ( 'NONE', #3818, 1000.000000000000000 ) ;
#2134 = EDGE_CURVE ( 'NONE', #1611, #8716, #3293, .T. ) ;
#2135 = DIRECTION ( 'NONE',  ( 0.5773502691896267303, -0.5773502691896238437, 0.5773502691896267303 ) ) ;
#2136 = ORIENTED_EDGE ( 'NONE', *, *, #247, .T. ) ;
#2137 = CARTESIAN_POINT ( 'NONE',  ( 4.083333333333336590, 5.166666666666667851, 0.08333333333333542425 ) ) ;
#2138 = CARTESIAN_POINT ( 'NONE',  ( 9.750000000000000000, 1.800000000000000044, 0.2500000000000002220 ) ) ;
#2139 = DIRECTION ( 'NONE',  ( -0.0000000000000000000, -0.0000000000000000000, -1.000000000000000000 ) ) ;
#2140 = ORIENTED_EDGE ( 'NONE', *, *, #4464, .F. ) ;
#2141 = LINE ( 'NONE', #1376, #5342 ) ;
#2142 = ORIENTED_EDGE ( 'NONE', *, *, #3683, .T. ) ;
#2143 = VERTEX_POINT ( 'NONE', #7431 ) ;
#2144 = VECTOR ( 'NONE', #5332, 1000.000000000000114 ) ;
#2145 = DIRECTION ( 'NONE',  ( 9.103382349328301547E-49, 2.350988701644575016E-32, 1.000000000000000000 ) ) ;
#2146 = DIRECTION ( 'NONE',  ( -1.084202172485504237E-15, -1.000000000000000000, 0.0000000000000000000 ) ) ;
#2147 = AXIS2_PLACEMENT_3D ( 'NONE', #6033, #2610, #3350 ) ;
#2148 = ORIENTED_EDGE ( 'NONE', *, *, #5695, .F. ) ;
#2149 = CARTESIAN_POINT ( 'NONE',  ( 5.125500000000032585, -0.8255000000000024540, 0.3199999999999999512 ) ) ;
#2150 = FACE_OUTER_BOUND ( 'NONE', #8145, .T. ) ;
#2151 = PRESENTATION_STYLE_ASSIGNMENT (( #1236 ) ) ;
#2152 = ORIENTED_EDGE ( 'NONE', *, *, #996, .F. ) ;
#2153 = CARTESIAN_POINT ( 'NONE',  ( 11.95100000000000051, 4.500000000000000888, 0.3199999999999999512 ) ) ;
#2154 = SURFACE_STYLE_USAGE ( .BOTH. , #6939 ) ;
#2155 = ORIENTED_EDGE ( 'NONE', *, *, #7636, .T. ) ;
#2156 = EDGE_CURVE ( 'NONE', #4065, #8917, #8824, .T. ) ;
#2157 = UNCERTAINTY_MEASURE_WITH_UNIT (LENGTH_MEASURE( 1.000000000000000082E-05 ), #4674, 'distance_accuracy_value', 'NONE');
#2158 = EDGE_CURVE ( 'NONE', #4316, #5668, #2001, .T. ) ;
#2159 = VECTOR ( 'NONE', #8789, 1000.000000000000000 ) ;
#2160 = SURFACE_STYLE_USAGE ( .BOTH. , #7638 ) ;
#2161 = DIRECTION ( 'NONE',  ( -0.0000000000000000000, -1.000000000000000000, -0.0000000000000000000 ) ) ;
#2162 = LINE ( 'NONE', #6292, #2842 ) ;
#2163 = DIRECTION ( 'NONE',  ( -1.000000000000000000, 5.421010862427522170E-17, 0.0000000000000000000 ) ) ;
#2164 = SURFACE_STYLE_USAGE ( .BOTH. , #5609 ) ;
#2165 =( NAMED_UNIT ( * ) SI_UNIT ( $, .STERADIAN. ) SOLID_ANGLE_UNIT ( ) );
#2166 = ORIENTED_EDGE ( 'NONE', *, *, #8353, .F. ) ;
#2167 = EDGE_CURVE ( 'NONE', #555, #1432, #3195, .T. ) ;
#2168 = ORIENTED_EDGE ( 'NONE', *, *, #8793, .F. ) ;
#2169 =( GEOMETRIC_REPRESENTATION_CONTEXT ( 3 ) GLOBAL_UNCERTAINTY_ASSIGNED_CONTEXT ( ( #7041 ) ) GLOBAL_UNIT_ASSIGNED_CONTEXT ( ( #1036, #2977, #858 ) ) REPRESENTATION_CONTEXT ( 'NONE', 'WORKASPACE' ) );
#2170 = PRESENTATION_STYLE_ASSIGNMENT (( #2267 ) ) ;
#2171 =( NAMED_UNIT ( * ) SI_UNIT ( $, .STERADIAN. ) SOLID_ANGLE_UNIT ( ) );
#2172 =( NAMED_UNIT ( * ) PLANE_ANGLE_UNIT ( ) SI_UNIT ( $, .RADIAN. ) );
#2173 = SURFACE_STYLE_USAGE ( .BOTH. , #123 ) ;
#2174 =( GEOMETRIC_REPRESENTATION_CONTEXT ( 3 ) GLOBAL_UNCERTAINTY_ASSIGNED_CONTEXT ( ( #6853 ) ) GLOBAL_UNIT_ASSIGNED_CONTEXT ( ( #4235, #2121, #782 ) ) REPRESENTATION_CONTEXT ( 'NONE', 'WORKASPACE' ) );
#2175 = ORIENTED_EDGE ( 'NONE', *, *, #2847, .F. ) ;
#2176 = EDGE_CURVE ( 'NONE', #412, #6721, #1848, .T. ) ;
#2177 = EDGE_CURVE ( 'NONE', #1933, #7976, #7522, .T. ) ;
#2178 = COLOUR_RGB ( '',1.000000000000000000, 1.000000000000000000, 1.000000000000000000 ) ;
#2179 = PRESENTATION_STYLE_ASSIGNMENT (( #7056 ) ) ;
#2180 = UNCERTAINTY_MEASURE_WITH_UNIT (LENGTH_MEASURE( 1.000000000000000082E-05 ), #221, 'distance_accuracy_value', 'NONE');
#2181 =( LENGTH_UNIT ( ) NAMED_UNIT ( * ) SI_UNIT ( .MILLI., .METRE. ) );
#2182 =( NAMED_UNIT ( * ) PLANE_ANGLE_UNIT ( ) SI_UNIT ( $, .RADIAN. ) );
#2183 = EDGE_CURVE ( 'NONE', #1315, #204, #3343, .T. ) ;
#2184 = SURFACE_STYLE_USAGE ( .BOTH. , #5841 ) ;
#2185 = CARTESIAN_POINT ( 'NONE',  ( 4.150000000000001243, 5.100000000000001421, -0.1500000000000003830 ) ) ;
#2186 = LINE ( 'NONE', #890, #1514 ) ;
#2187 = VERTEX_POINT ( 'NONE', #6126 ) ;
#2188 = COLOUR_RGB ( '',1.000000000000000000, 0.8117647058823529438, 0.5019607843137254832 ) ;
#2189 = CARTESIAN_POINT ( 'NONE',  ( 8.750000000000000000, 3.399999999999999467, -2.050000000000001599 ) ) ;
#2190 = EDGE_LOOP ( 'NONE', ( #6264, #4648, #4202, #1920 ) ) ;
#2191 = EDGE_CURVE ( 'NONE', #4911, #1194, #1177, .T. ) ;
#2192 = ORIENTED_EDGE ( 'NONE', *, *, #6213, .F. ) ;
#2193 = COLOUR_RGB ( '',1.000000000000000000, 0.8117647058823529438, 0.5019607843137254832 ) ;
#2194 = FACE_OUTER_BOUND ( 'NONE', #6493, .T. ) ;
#2195 = CARTESIAN_POINT ( 'NONE',  ( 10.22000000000000064, 6.000000000000000000, 1.599999999999999867 ) ) ;
#2196 = PLANE ( 'NONE',  #2074 ) ;
#2197 = PRESENTATION_STYLE_ASSIGNMENT (( #8485 ) ) ;
#2198 = DIRECTION ( 'NONE',  ( -1.000000000000000000, 0.0000000000000000000, 1.762081725391875198E-17 ) ) ;
#2199 = EDGE_LOOP ( 'NONE', ( #9086, #948, #2529, #1112 ) ) ;
#2200 = DIRECTION ( 'NONE',  ( 0.5773502691896239547, -0.5773502691896289507, 0.5773502691896243988 ) ) ;
#2201 = LINE ( 'NONE', #5002, #9046 ) ;
#2202 = SURFACE_STYLE_USAGE ( .BOTH. , #2886 ) ;
#2203 = VECTOR ( 'NONE', #2572, 1000.000000000000000 ) ;
#2204 = ORIENTED_EDGE ( 'NONE', *, *, #5043, .T. ) ;
#2205 =( LENGTH_UNIT ( ) NAMED_UNIT ( * ) SI_UNIT ( .MILLI., .METRE. ) );
#2206 = LINE ( 'NONE', #4325, #1953 ) ;
#2207 =( NAMED_UNIT ( * ) PLANE_ANGLE_UNIT ( ) SI_UNIT ( $, .RADIAN. ) );
#2208 = FILL_AREA_STYLE ('',( #7783 ) ) ;
#2209 = DIRECTION ( 'NONE',  ( -1.084202172485504237E-15, -1.000000000000000000, 0.0000000000000000000 ) ) ;
#2210 = ORIENTED_EDGE ( 'NONE', *, *, #8034, .F. ) ;
#2211 = VERTEX_POINT ( 'NONE', #8909 ) ;
#2212 = DIRECTION ( 'NONE',  ( -1.000000000000000000, 0.0000000000000000000, -0.0000000000000000000 ) ) ;
#2213 = CARTESIAN_POINT ( 'NONE',  ( 11.17999999999999972, 2.250000000000001332, 1.249999999999998446 ) ) ;
#2214 = VECTOR ( 'NONE', #2139, 1000.000000000000000 ) ;
#2215 = CARTESIAN_POINT ( 'NONE',  ( 11.95000000000000107, 1.380000000000003002, 1.700000000000000178 ) ) ;
#2216 = COLOUR_RGB ( '',1.000000000000000000, 0.8117647058823529438, 0.5019607843137254832 ) ;
#2217 = FILL_AREA_STYLE_COLOUR ( '', #3369 ) ;
#2218 = VERTEX_POINT ( 'NONE', #2502 ) ;
#2219 = VECTOR ( 'NONE', #4363, 1000.000000000000000 ) ;
#2220 = ORIENTED_EDGE ( 'NONE', *, *, #1303, .T. ) ;
#2221 =( GEOMETRIC_REPRESENTATION_CONTEXT ( 3 ) GLOBAL_UNCERTAINTY_ASSIGNED_CONTEXT ( ( #7411 ) ) GLOBAL_UNIT_ASSIGNED_CONTEXT ( ( #8139, #382, #8897 ) ) REPRESENTATION_CONTEXT ( 'NONE', 'WORKASPACE' ) );
#2222 = DIRECTION ( 'NONE',  ( -1.000000000000000000, -1.032573497605242347E-16, 0.0000000000000000000 ) ) ;
#2223 =( NAMED_UNIT ( * ) SI_UNIT ( $, .STERADIAN. ) SOLID_ANGLE_UNIT ( ) );
#2224 = EDGE_CURVE ( 'NONE', #3388, #939, #2642, .T. ) ;
#2225 = DIRECTION ( 'NONE',  ( 0.0000000000000000000, 0.0000000000000000000, 1.000000000000000000 ) ) ;
#2226 = DIRECTION ( 'NONE',  ( 0.0000000000000000000, 1.000000000000000000, 0.0000000000000000000 ) ) ;
#2227 = SURFACE_SIDE_STYLE ('',( #5753 ) ) ;
#2228 = FILL_AREA_STYLE_COLOUR ( '', #5386 ) ;
#2229 = LINE ( 'NONE', #7888, #6681 ) ;
#2230 = EDGE_LOOP ( 'NONE', ( #8802, #2646, #5484, #3071 ) ) ;
#2231 =( GEOMETRIC_REPRESENTATION_CONTEXT ( 3 ) GLOBAL_UNCERTAINTY_ASSIGNED_CONTEXT ( ( #6765 ) ) GLOBAL_UNIT_ASSIGNED_CONTEXT ( ( #317, #2421, #5810 ) ) REPRESENTATION_CONTEXT ( 'NONE', 'WORKASPACE' ) );
#2232 = EDGE_LOOP ( 'NONE', ( #6246, #6533, #1885, #2725 ) ) ;
#2233 = VECTOR ( 'NONE', #200, 1000.000000000000000 ) ;
#2234 = STYLED_ITEM ( 'NONE', ( #8201 ), #8050 ) ;
#2235 = DIRECTION ( 'NONE',  ( 9.103382349328301547E-49, 2.350988701644575016E-32, 1.000000000000000000 ) ) ;
#2236 =( GEOMETRIC_REPRESENTATION_CONTEXT ( 3 ) GLOBAL_UNCERTAINTY_ASSIGNED_CONTEXT ( ( #7318 ) ) GLOBAL_UNIT_ASSIGNED_CONTEXT ( ( #409, #2480, #8889 ) ) REPRESENTATION_CONTEXT ( 'NONE', 'WORKASPACE' ) );
#2237 = LINE ( 'NONE', #6518, #2233 ) ;
#2238 = SURFACE_STYLE_FILL_AREA ( #3667 ) ;
#2239 = DIRECTION ( 'NONE',  ( 3.872150616019660190E-17, 1.000000000000000000, -0.0000000000000000000 ) ) ;
#2240 = VECTOR ( 'NONE', #333, 1000.000000000000000 ) ;
#2241 = CARTESIAN_POINT ( 'NONE',  ( 10.14999999999999858, 5.100000000000001421, -0.1500000000000003830 ) ) ;
#2242 = DIRECTION ( 'NONE',  ( -4.336808689942017736E-16, 0.0000000000000000000, -1.000000000000000000 ) ) ;
#2243 = VECTOR ( 'NONE', #8732, 1000.000000000000000 ) ;
#2244 = VERTEX_POINT ( 'NONE', #8242 ) ;
#2245 = DIRECTION ( 'NONE',  ( 1.000000000000000000, -5.421010862427522170E-17, 0.0000000000000000000 ) ) ;
#2246 =( LENGTH_UNIT ( ) NAMED_UNIT ( * ) SI_UNIT ( .MILLI., .METRE. ) );
#2247 = EDGE_LOOP ( 'NONE', ( #5037, #7604, #8922, #6647 ) ) ;
#2248 = MECHANICAL_DESIGN_GEOMETRIC_PRESENTATION_REPRESENTATION (  '', ( #872 ), #8247 ) ;
#2249 = ADVANCED_FACE ( 'NONE', ( #1948 ), #535, .T. ) ;
#2250 = MECHANICAL_DESIGN_GEOMETRIC_PRESENTATION_REPRESENTATION (  '', ( #7683 ), #7374 ) ;
#2251 = STYLED_ITEM ( 'NONE', ( #3612 ), #8934 ) ;
#2252 = MECHANICAL_DESIGN_GEOMETRIC_PRESENTATION_REPRESENTATION (  '', ( #1013 ), #579 ) ;
#2253 = ORIENTED_EDGE ( 'NONE', *, *, #5158, .F. ) ;
#2254 = UNCERTAINTY_MEASURE_WITH_UNIT (LENGTH_MEASURE( 1.000000000000000082E-05 ), #6459, 'distance_accuracy_value', 'NONE');
#2255 = FILL_AREA_STYLE ('',( #1711 ) ) ;
#2256 = FILL_AREA_STYLE ('',( #2937 ) ) ;
#2257 = DIRECTION ( 'NONE',  ( 0.5773502691896240657, 0.5773502691896287287, 0.5773502691896243988 ) ) ;
#2258 = DIRECTION ( 'NONE',  ( 1.000000000000000000, 0.0000000000000000000, 1.707404996040163895E-17 ) ) ;
#2259 = STYLED_ITEM ( 'NONE', ( #2170 ), #1244 ) ;
#2260 = PLANE ( 'NONE',  #6700 ) ;
#2261 = AXIS2_PLACEMENT_3D ( 'NONE', #8697, #2931, #5052 ) ;
#2262 = VECTOR ( 'NONE', #5083, 1000.000000000000000 ) ;
#2263 = ORIENTED_EDGE ( 'NONE', *, *, #7893, .F. ) ;
#2264 = STYLED_ITEM ( 'NONE', ( #2772 ), #5136 ) ;
#2265 =( GEOMETRIC_REPRESENTATION_CONTEXT ( 3 ) GLOBAL_UNCERTAINTY_ASSIGNED_CONTEXT ( ( #3917 ) ) GLOBAL_UNIT_ASSIGNED_CONTEXT ( ( #3205, #5949, #3113 ) ) REPRESENTATION_CONTEXT ( 'NONE', 'WORKASPACE' ) );
#2266 = ORIENTED_EDGE ( 'NONE', *, *, #7469, .F. ) ;
#2267 = SURFACE_STYLE_USAGE ( .BOTH. , #8549 ) ;
#2268 = SURFACE_STYLE_FILL_AREA ( #8633 ) ;
#2269 = CARTESIAN_POINT ( 'NONE',  ( 11.17999999999999972, 2.250000000000001332, 1.249999999999998446 ) ) ;
#2270 = DIRECTION ( 'NONE',  ( 0.0000000000000000000, -1.000000000000000000, 5.782411586589358625E-16 ) ) ;
#2271 = ORIENTED_EDGE ( 'NONE', *, *, #8479, .T. ) ;
#2272 = VECTOR ( 'NONE', #857, 1000.000000000000000 ) ;
#2273 = ADVANCED_FACE ( 'NONE', ( #222 ), #1498, .F. ) ;
#2274 =( GEOMETRIC_REPRESENTATION_CONTEXT ( 3 ) GLOBAL_UNCERTAINTY_ASSIGNED_CONTEXT ( ( #4194 ) ) GLOBAL_UNIT_ASSIGNED_CONTEXT ( ( #3100, #5894, #8734 ) ) REPRESENTATION_CONTEXT ( 'NONE', 'WORKASPACE' ) );
#2275 =( GEOMETRIC_REPRESENTATION_CONTEXT ( 3 ) GLOBAL_UNCERTAINTY_ASSIGNED_CONTEXT ( ( #5818 ) ) GLOBAL_UNIT_ASSIGNED_CONTEXT ( ( #8081, #374, #4647 ) ) REPRESENTATION_CONTEXT ( 'NONE', 'WORKASPACE' ) );
#2276 = DIRECTION ( 'NONE',  ( -0.0000000000000000000, -1.000000000000000000, -0.0000000000000000000 ) ) ;
#2277 =( LENGTH_UNIT ( ) NAMED_UNIT ( * ) SI_UNIT ( .MILLI., .METRE. ) );
#2278 = CARTESIAN_POINT ( 'NONE',  ( 11.35000000000000142, 6.000000000000000000, -2.700000000000002398 ) ) ;
#2279 = ORIENTED_EDGE ( 'NONE', *, *, #2119, .F. ) ;
#2280 = FACE_OUTER_BOUND ( 'NONE', #4867, .T. ) ;
#2281 = VECTOR ( 'NONE', #9012, 1000.000000000000000 ) ;
#2282 = CARTESIAN_POINT ( 'NONE',  ( 3.750000000000001332, 5.000000000000000888, 0.2500000000000002220 ) ) ;
#2283 = ORIENTED_EDGE ( 'NONE', *, *, #2901, .F. ) ;
#2284 = VECTOR ( 'NONE', #3284, 1000.000000000000000 ) ;
#2285 = ADVANCED_FACE ( 'NONE', ( #4416 ), #4162, .T. ) ;
#2286 = CARTESIAN_POINT ( 'NONE',  ( 0.2500000000000002220, 5.000000000000000888, 0.2500000000000002220 ) ) ;
#2287 = STYLED_ITEM ( 'NONE', ( #276 ), #5974 ) ;
#2288 = EDGE_CURVE ( 'NONE', #7743, #8274, #5077, .T. ) ;
#2289 = CARTESIAN_POINT ( 'NONE',  ( 10.22000000000000242, 2.250000000000001332, -2.801000000000000600 ) ) ;
#2290 = VERTEX_POINT ( 'NONE', #5788 ) ;
#2291 = PRESENTATION_STYLE_ASSIGNMENT (( #4313 ) ) ;
#2292 = FILL_AREA_STYLE_COLOUR ( '', #4157 ) ;
#2293 = CARTESIAN_POINT ( 'NONE',  ( 11.95000000000000107, 6.000000000000000000, -0.6799999999999987166 ) ) ;
#2294 = VERTEX_POINT ( 'NONE', #8596 ) ;
#2295 = FILL_AREA_STYLE_COLOUR ( '', #2115 ) ;
#2296 = CARTESIAN_POINT ( 'NONE',  ( 11.95000000000000107, 6.000000000000000000, 1.699999999999999289 ) ) ;
#2297 = EDGE_CURVE ( 'NONE', #6784, #1204, #1772, .T. ) ;
#2298 = ORIENTED_EDGE ( 'NONE', *, *, #763, .T. ) ;
#2299 = PRESENTATION_LAYER_ASSIGNMENT (  '', '', ( #5365 ) ) ;
#2300 =( LENGTH_UNIT ( ) NAMED_UNIT ( * ) SI_UNIT ( .MILLI., .METRE. ) );
#2301 = ORIENTED_EDGE ( 'NONE', *, *, #2737, .T. ) ;
#2302 = LINE ( 'NONE', #3030, #4411 ) ;
#2303 = FACE_OUTER_BOUND ( 'NONE', #253, .T. ) ;
#2304 = EDGE_CURVE ( 'NONE', #2954, #5092, #5869, .T. ) ;
#2305 = DIRECTION ( 'NONE',  ( -0.0000000000000000000, -0.0000000000000000000, -1.000000000000000000 ) ) ;
#2306 = DIRECTION ( 'NONE',  ( -1.095153709581317921E-16, 1.000000000000000000, 0.0000000000000000000 ) ) ;
#2307 = EDGE_LOOP ( 'NONE', ( #3218, #2702, #8755, #7834 ) ) ;
#2308 = EDGE_CURVE ( 'NONE', #3716, #5006, #7313, .T. ) ;
#2309 = STYLED_ITEM ( 'NONE', ( #7037 ), #6937 ) ;
#2310 = DIRECTION ( 'NONE',  ( 1.000000000000000000, -5.421010862427522170E-17, 0.0000000000000000000 ) ) ;
#2311 = DIRECTION ( 'NONE',  ( 1.000000000000000000, 0.0000000000000000000, 0.0000000000000000000 ) ) ;
#2312 = CARTESIAN_POINT ( 'NONE',  ( 1.750000000000000222, 5.000000000000000888, -0.2499999999999997780 ) ) ;
#2313 = ORIENTED_EDGE ( 'NONE', *, *, #5421, .F. ) ;
#2314 = AXIS2_PLACEMENT_3D ( 'NONE', #1739, #5978, #5172 ) ;
#2315 = CARTESIAN_POINT ( 'NONE',  ( 1.750000000000000666, 5.000000000000000888, 0.2500000000000002220 ) ) ;
#2316 = STYLED_ITEM ( 'NONE', ( #7125 ), #7193 ) ;
#2317 = LINE ( 'NONE', #4298, #8973 ) ;
#2318 = DIRECTION ( 'NONE',  ( -0.0000000000000000000, -0.0000000000000000000, 1.000000000000000000 ) ) ;
#2319 = CARTESIAN_POINT ( 'NONE',  ( 7.750000000000000000, 5.000000000000000888, -0.2499999999999997780 ) ) ;
#2320 = CARTESIAN_POINT ( 'NONE',  ( 5.750000000000000000, 1.800000000000000044, -0.2499999999999997780 ) ) ;
#2321 = LINE ( 'NONE', #2278, #4334 ) ;
#2322 = EDGE_LOOP ( 'NONE', ( #8555, #1584, #349, #5003 ) ) ;
#2323 = PRESENTATION_STYLE_ASSIGNMENT (( #8607 ) ) ;
#2324 = ORIENTED_EDGE ( 'NONE', *, *, #7497, .F. ) ;
#2325 = AXIS2_PLACEMENT_3D ( 'NONE', #3441, #3490, #2145 ) ;
#2326 = VECTOR ( 'NONE', #646, 1000.000000000000000 ) ;
#2327 = ORIENTED_EDGE ( 'NONE', *, *, #179, .F. ) ;
#2328 = EDGE_CURVE ( 'NONE', #7286, #6006, #3269, .T. ) ;
#2329 = SURFACE_SIDE_STYLE ('',( #1559 ) ) ;
#2330 = DIRECTION ( 'NONE',  ( 1.000000000000000000, -5.421010862427522170E-17, 0.0000000000000000000 ) ) ;
#2331 = DIRECTION ( 'NONE',  ( 1.000000000000000000, 0.0000000000000000000, 0.0000000000000000000 ) ) ;
#2332 = FILL_AREA_STYLE ('',( #8613 ) ) ;
#2333 = PRESENTATION_LAYER_ASSIGNMENT (  '', '', ( #5975 ) ) ;
#2334 = FILL_AREA_STYLE_COLOUR ( '', #2126 ) ;
#2335 = ORIENTED_EDGE ( 'NONE', *, *, #2177, .T. ) ;
#2336 = SURFACE_STYLE_FILL_AREA ( #3029 ) ;
#2337 = EDGE_CURVE ( 'NONE', #8424, #338, #4462, .T. ) ;
#2338 = FILL_AREA_STYLE ('',( #8625 ) ) ;
#2339 = SURFACE_STYLE_USAGE ( .BOTH. , #955 ) ;
#2340 = LINE ( 'NONE', #7951, #9039 ) ;
#2341 = SURFACE_STYLE_FILL_AREA ( #8628 ) ;
#2342 = EDGE_CURVE ( 'NONE', #125, #2527, #411, .T. ) ;
#2343 = ORIENTED_EDGE ( 'NONE', *, *, #8218, .F. ) ;
#2344 = EDGE_CURVE ( 'NONE', #7006, #6556, #3171, .T. ) ;
#2345 = PRESENTATION_LAYER_ASSIGNMENT (  '', '', ( #4254 ) ) ;
#2346 = FACE_OUTER_BOUND ( 'NONE', #194, .T. ) ;
#2347 = EDGE_CURVE ( 'NONE', #6891, #4161, #1102, .T. ) ;
#2348 = CARTESIAN_POINT ( 'NONE',  ( 9.750000000000000000, 5.000000000000000888, 0.2500000000000002220 ) ) ;
#2349 = FILL_AREA_STYLE_COLOUR ( '', #5242 ) ;
#2350 = CARTESIAN_POINT ( 'NONE',  ( -0.2500000000000002220, -3.300000000000002043, 0.2500000000000002220 ) ) ;
#2351 = CARTESIAN_POINT ( 'NONE',  ( 10.22000000000000242, 4.230000000000000426, -2.801000000000000600 ) ) ;
#2352 = ORIENTED_EDGE ( 'NONE', *, *, #763, .F. ) ;
#2353 = ORIENTED_EDGE ( 'NONE', *, *, #8169, .T. ) ;
#2354 = FILL_AREA_STYLE ('',( #3650 ) ) ;
#2355 = VECTOR ( 'NONE', #15, 1000.000000000000000 ) ;
#2356 = CARTESIAN_POINT ( 'NONE',  ( 5.750000000000001776, 5.000000000000000888, 0.2500000000000002220 ) ) ;
#2357 = SURFACE_SIDE_STYLE ('',( #7457 ) ) ;
#2358 =( NAMED_UNIT ( * ) SI_UNIT ( $, .STERADIAN. ) SOLID_ANGLE_UNIT ( ) );
#2359 = SURFACE_STYLE_FILL_AREA ( #89 ) ;
#2360 = SURFACE_SIDE_STYLE ('',( #887 ) ) ;
#2361 = STYLED_ITEM ( 'NONE', ( #4493 ), #2748 ) ;
#2362 = FILL_AREA_STYLE ('',( #4388 ) ) ;
#2363 = ORIENTED_EDGE ( 'NONE', *, *, #3118, .T. ) ;
#2364 = STYLED_ITEM ( 'NONE', ( #1495 ), #4347 ) ;
#2365 = MECHANICAL_DESIGN_GEOMETRIC_PRESENTATION_REPRESENTATION (  '', ( #6008 ), #3091 ) ;
#2366 = CARTESIAN_POINT ( 'NONE',  ( -1.949999999999999734, 5.100000000000001421, 0.1500000000000008271 ) ) ;
#2367 = LINE ( 'NONE', #2289, #5180 ) ;
#2368 = LINE ( 'NONE', #7207, #154 ) ;
#2369 = AXIS2_PLACEMENT_3D ( 'NONE', #7504, #1987, #792 ) ;
#2370 = DIRECTION ( 'NONE',  ( 1.000000000000000000, 9.035018104045878829E-16, 6.829619984160658046E-17 ) ) ;
#2371 = SURFACE_STYLE_USAGE ( .BOTH. , #8027 ) ;
#2372 = DIRECTION ( 'NONE',  ( -0.0000000000000000000, -0.0000000000000000000, -1.000000000000000000 ) ) ;
#2373 = LINE ( 'NONE', #8487, #6984 ) ;
#2374 = ORIENTED_EDGE ( 'NONE', *, *, #8334, .F. ) ;
#2375 = FILL_AREA_STYLE_COLOUR ( '', #4454 ) ;
#2376 = CARTESIAN_POINT ( 'NONE',  ( 11.95000000000000107, 0.8200000000000030598, 1.300000000000000044 ) ) ;
#2377 =( GEOMETRIC_REPRESENTATION_CONTEXT ( 3 ) GLOBAL_UNCERTAINTY_ASSIGNED_CONTEXT ( ( #1890 ) ) GLOBAL_UNIT_ASSIGNED_CONTEXT ( ( #6873, #8331, #2040 ) ) REPRESENTATION_CONTEXT ( 'NONE', 'WORKASPACE' ) );
#2378 =( GEOMETRIC_REPRESENTATION_CONTEXT ( 3 ) GLOBAL_UNCERTAINTY_ASSIGNED_CONTEXT ( ( #3082 ) ) GLOBAL_UNIT_ASSIGNED_CONTEXT ( ( #5866, #8668, #2996 ) ) REPRESENTATION_CONTEXT ( 'NONE', 'WORKASPACE' ) );
#2379 = CARTESIAN_POINT ( 'NONE',  ( -1.949999999999999956, 0.0000000000000000000, 1.700000000000000178 ) ) ;
#2380 = DIRECTION ( 'NONE',  ( 0.0000000000000000000, 0.0000000000000000000, 1.000000000000000000 ) ) ;
#2381 =( NAMED_UNIT ( * ) PLANE_ANGLE_UNIT ( ) SI_UNIT ( $, .RADIAN. ) );
#2382 = CARTESIAN_POINT ( 'NONE',  ( 6.749999999999999112, 3.150000000000000799, -2.050000000000001599 ) ) ;
#2383 = SURFACE_STYLE_USAGE ( .BOTH. , #5995 ) ;
#2384 = DIRECTION ( 'NONE',  ( -0.0000000000000000000, 0.0000000000000000000, 1.000000000000000000 ) ) ;
#2385 = EDGE_LOOP ( 'NONE', ( #5686, #8341, #4419, #6894 ) ) ;
#2386 = VECTOR ( 'NONE', #4563, 1000.000000000000000 ) ;
#2387 = VECTOR ( 'NONE', #851, 1000.000000000000000 ) ;
#2388 = ADVANCED_FACE ( 'NONE', ( #1721 ), #8048, .F. ) ;
#2389 = VECTOR ( 'NONE', #8066, 1000.000000000000000 ) ;
#2390 = ADVANCED_FACE ( 'NONE', ( #3127 ), #7353, .T. ) ;
#2391 = PRESENTATION_LAYER_ASSIGNMENT (  '', '', ( #2099 ) ) ;
#2392 = AXIS2_PLACEMENT_3D ( 'NONE', #8195, #1076, #4016 ) ;
#2393 = PLANE ( 'NONE',  #6788 ) ;
#2394 =( GEOMETRIC_REPRESENTATION_CONTEXT ( 3 ) GLOBAL_UNCERTAINTY_ASSIGNED_CONTEXT ( ( #6750 ) ) GLOBAL_UNIT_ASSIGNED_CONTEXT ( ( #529, #3190, #1844 ) ) REPRESENTATION_CONTEXT ( 'NONE', 'WORKASPACE' ) );
#2395 = CARTESIAN_POINT ( 'NONE',  ( 4.250000000000000000, 1.800000000000000044, -2.800000000000000266 ) ) ;
#2396 = LINE ( 'NONE', #4415, #8344 ) ;
#2397 = CARTESIAN_POINT ( 'NONE',  ( 3.750000000000000444, -3.399999999999999911, -0.2499999999999997780 ) ) ;
#2398 = ORIENTED_EDGE ( 'NONE', *, *, #3404, .F. ) ;
#2399 = PRESENTATION_LAYER_ASSIGNMENT (  '', '', ( #8692 ) ) ;
#2400 = VECTOR ( 'NONE', #3399, 1000.000000000000000 ) ;
#2401 = VECTOR ( 'NONE', #6166, 1000.000000000000000 ) ;
#2402 = EDGE_CURVE ( 'NONE', #449, #1815, #5372, .T. ) ;
#2403 = SURFACE_SIDE_STYLE ('',( #4381 ) ) ;
#2404 = COLOUR_RGB ( '',1.000000000000000000, 1.000000000000000000, 1.000000000000000000 ) ;
#2405 = FILL_AREA_STYLE_COLOUR ( '', #7687 ) ;
#2406 = SURFACE_SIDE_STYLE ('',( #2359 ) ) ;
#2407 =( GEOMETRIC_REPRESENTATION_CONTEXT ( 3 ) GLOBAL_UNCERTAINTY_ASSIGNED_CONTEXT ( ( #912 ) ) GLOBAL_UNIT_ASSIGNED_CONTEXT ( ( #3050, #8509, #8605 ) ) REPRESENTATION_CONTEXT ( 'NONE', 'WORKASPACE' ) );
#2408 = DIRECTION ( 'NONE',  ( 0.0000000000000000000, 0.0000000000000000000, -1.000000000000000000 ) ) ;
#2409 = FILL_AREA_STYLE ('',( #7324 ) ) ;
#2410 = CARTESIAN_POINT ( 'NONE',  ( -1.949999999999999956, 1.149999999999999911, -1.050000000000005373 ) ) ;
#2411 = EDGE_LOOP ( 'NONE', ( #795, #8975, #2453, #8448 ) ) ;
#2412 = AXIS2_PLACEMENT_3D ( 'NONE', #1856, #5264, #8835 ) ;
#2413 = ORIENTED_EDGE ( 'NONE', *, *, #6837, .F. ) ;
#2414 = COLOUR_RGB ( '',1.000000000000000000, 0.8117647058823529438, 0.5019607843137254832 ) ;
#2415 = CARTESIAN_POINT ( 'NONE',  ( 10.24999999999999822, 5.000000000000000888, 0.2500000000000002220 ) ) ;
#2416 = CARTESIAN_POINT ( 'NONE',  ( 7.299999999999998934, 0.2000000000000000389, -2.800000000000000266 ) ) ;
#2417 = VECTOR ( 'NONE', #855, 1000.000000000000000 ) ;
#2418 = CARTESIAN_POINT ( 'NONE',  ( 1.150000000000000799, 1.799999999999999600, 1.700000000000000178 ) ) ;
#2419 = DIRECTION ( 'NONE',  ( -4.336808689942017736E-16, 0.0000000000000000000, -1.000000000000000000 ) ) ;
#2420 = ORIENTED_EDGE ( 'NONE', *, *, #1311, .T. ) ;
#2421 =( NAMED_UNIT ( * ) PLANE_ANGLE_UNIT ( ) SI_UNIT ( $, .RADIAN. ) );
#2422 = CARTESIAN_POINT ( 'NONE',  ( 9.250000000000001776, 1.149999999999999911, -2.050000000000001599 ) ) ;
#2423 =( NAMED_UNIT ( * ) PLANE_ANGLE_UNIT ( ) SI_UNIT ( $, .RADIAN. ) );
#2424 = VERTEX_POINT ( 'NONE', #7495 ) ;
#2425 = DIRECTION ( 'NONE',  ( 4.336808689942017736E-16, 0.0000000000000000000, 1.000000000000000000 ) ) ;
#2426 = AXIS2_PLACEMENT_3D ( 'NONE', #7620, #8380, #669 ) ;
#2427 = LINE ( 'NONE', #3798, #7004 ) ;
#2428 = COLOUR_RGB ( '',1.000000000000000000, 0.8117647058823529438, 0.5019607843137254832 ) ;
#2429 = PRESENTATION_STYLE_ASSIGNMENT (( #288 ) ) ;
#2430 = STYLED_ITEM ( 'NONE', ( #2774 ), #5915 ) ;
#2431 = DIRECTION ( 'NONE',  ( -1.000000000000000000, 0.0000000000000000000, 0.0000000000000000000 ) ) ;
#2432 = EDGE_CURVE ( 'NONE', #503, #7161, #1152, .T. ) ;
#2433 = ORIENTED_EDGE ( 'NONE', *, *, #2038, .T. ) ;
#2434 =( GEOMETRIC_REPRESENTATION_CONTEXT ( 3 ) GLOBAL_UNCERTAINTY_ASSIGNED_CONTEXT ( ( #2890 ) ) GLOBAL_UNIT_ASSIGNED_CONTEXT ( ( #182, #263, #747 ) ) REPRESENTATION_CONTEXT ( 'NONE', 'WORKASPACE' ) );
#2435 = FACE_OUTER_BOUND ( 'NONE', #4427, .T. ) ;
#2436 = COLOUR_RGB ( '',1.000000000000000000, 1.000000000000000000, 1.000000000000000000 ) ;
#2437 = DIRECTION ( 'NONE',  ( 0.0000000000000000000, 0.0000000000000000000, 1.000000000000000000 ) ) ;
#2438 = PRESENTATION_STYLE_ASSIGNMENT (( #1719 ) ) ;
#2439 = PRESENTATION_STYLE_ASSIGNMENT (( #5277 ) ) ;
#2440 = ORIENTED_EDGE ( 'NONE', *, *, #8630, .T. ) ;
#2441 = EDGE_CURVE ( 'NONE', #5716, #3011, #7750, .T. ) ;
#2442 = DIRECTION ( 'NONE',  ( 3.872150616019660190E-17, 1.000000000000000000, -0.0000000000000000000 ) ) ;
#2443 = UNCERTAINTY_MEASURE_WITH_UNIT (LENGTH_MEASURE( 1.000000000000000082E-05 ), #8795, 'distance_accuracy_value', 'NONE');
#2444 =( NAMED_UNIT ( * ) SI_UNIT ( $, .STERADIAN. ) SOLID_ANGLE_UNIT ( ) );
#2445 =( NAMED_UNIT ( * ) SI_UNIT ( $, .STERADIAN. ) SOLID_ANGLE_UNIT ( ) );
#2446 = DIRECTION ( 'NONE',  ( 0.0000000000000000000, 0.0000000000000000000, -1.000000000000000000 ) ) ;
#2447 = DIRECTION ( 'NONE',  ( -0.0000000000000000000, 1.000000000000000000, -0.0000000000000000000 ) ) ;
#2448 = PRESENTATION_LAYER_ASSIGNMENT (  '', '', ( #230 ) ) ;
#2449 = FACE_OUTER_BOUND ( 'NONE', #6055, .T. ) ;
#2450 = VERTEX_POINT ( 'NONE', #7926 ) ;
#2451 = PLANE ( 'NONE',  #2575 ) ;
#2452 = PRESENTATION_LAYER_ASSIGNMENT (  '', '', ( #4804 ) ) ;
#2453 = ORIENTED_EDGE ( 'NONE', *, *, #1851, .F. ) ;
#2454 = EDGE_CURVE ( 'NONE', #3398, #7652, #803, .T. ) ;
#2455 = EDGE_CURVE ( 'NONE', #7573, #5861, #762, .T. ) ;
#2456 =( NAMED_UNIT ( * ) PLANE_ANGLE_UNIT ( ) SI_UNIT ( $, .RADIAN. ) );
#2457 = CARTESIAN_POINT ( 'NONE',  ( 10.68000000000000149, 4.230000000000001315, 1.599999999999999867 ) ) ;
#2458 = CARTESIAN_POINT ( 'NONE',  ( -1.350000000000000089, 1.799999999999999600, 1.249999999999997558 ) ) ;
#2459 = ORIENTED_EDGE ( 'NONE', *, *, #4486, .T. ) ;
#2460 = DIRECTION ( 'NONE',  ( 1.000000000000000000, 1.927470528863119542E-16, -0.0000000000000000000 ) ) ;
#2461 =( NAMED_UNIT ( * ) SI_UNIT ( $, .STERADIAN. ) SOLID_ANGLE_UNIT ( ) );
#2462 = FACE_OUTER_BOUND ( 'NONE', #9026, .T. ) ;
#2463 = ORIENTED_EDGE ( 'NONE', *, *, #1829, .T. ) ;
#2464 = CARTESIAN_POINT ( 'NONE',  ( 7.299999999999998934, 0.2000000000000000389, -2.800000000000000266 ) ) ;
#2465 = DIRECTION ( 'NONE',  ( 0.5773502691896259531, 0.5773502691896259531, 0.5773502691896255090 ) ) ;
#2466 = ADVANCED_FACE ( 'NONE', ( #1449 ), #1409, .T. ) ;
#2467 = MECHANICAL_DESIGN_GEOMETRIC_PRESENTATION_REPRESENTATION (  '', ( #5251 ), #1099 ) ;
#2468 = DIRECTION ( 'NONE',  ( 0.0000000000000000000, -1.000000000000000000, 0.0000000000000000000 ) ) ;
#2469 = DIRECTION ( 'NONE',  ( -1.000000000000000000, -9.035018104045878829E-16, 0.0000000000000000000 ) ) ;
#2470 =( LENGTH_UNIT ( ) NAMED_UNIT ( * ) SI_UNIT ( .MILLI., .METRE. ) );
#2471 = FILL_AREA_STYLE ('',( #6658 ) ) ;
#2472 = DIRECTION ( 'NONE',  ( 0.5773502691896239547, -0.5773502691896289507, -0.5773502691896243988 ) ) ;
#2473 = ORIENTED_EDGE ( 'NONE', *, *, #1652, .T. ) ;
#2474 =( GEOMETRIC_REPRESENTATION_CONTEXT ( 3 ) GLOBAL_UNCERTAINTY_ASSIGNED_CONTEXT ( ( #3653 ) ) GLOBAL_UNIT_ASSIGNED_CONTEXT ( ( #3474, #6257, #36 ) ) REPRESENTATION_CONTEXT ( 'NONE', 'WORKASPACE' ) );
#2475 = STYLED_ITEM ( 'NONE', ( #7265 ), #3432 ) ;
#2476 = VERTEX_POINT ( 'NONE', #1547 ) ;
#2477 = SURFACE_SIDE_STYLE ('',( #5953 ) ) ;
#2478 = DIRECTION ( 'NONE',  ( -0.0000000000000000000, 1.000000000000000000, -0.0000000000000000000 ) ) ;
#2479 = ORIENTED_EDGE ( 'NONE', *, *, #1748, .F. ) ;
#2480 =( NAMED_UNIT ( * ) PLANE_ANGLE_UNIT ( ) SI_UNIT ( $, .RADIAN. ) );
#2481 = LINE ( 'NONE', #5867, #2909 ) ;
#2482 = LINE ( 'NONE', #7404, #960 ) ;
#2483 = VERTEX_POINT ( 'NONE', #4383 ) ;
#2484 = ORIENTED_EDGE ( 'NONE', *, *, #6790, .F. ) ;
#2485 = FILL_AREA_STYLE ('',( #4545 ) ) ;
#2486 = SURFACE_STYLE_FILL_AREA ( #6010 ) ;
#2487 =( LENGTH_UNIT ( ) NAMED_UNIT ( * ) SI_UNIT ( .MILLI., .METRE. ) );
#2488 = APPLICATION_PROTOCOL_DEFINITION ( 'draft international standard', 'automotive_design', 1998, #8368 ) ;
#2489 = CARTESIAN_POINT ( 'NONE',  ( 0.2499999999999997780, -3.300000000000002043, -0.2499999999999997780 ) ) ;
#2490 =( LENGTH_UNIT ( ) NAMED_UNIT ( * ) SI_UNIT ( .MILLI., .METRE. ) );
#2491 = SURFACE_STYLE_USAGE ( .BOTH. , #3782 ) ;
#2492 = DIRECTION ( 'NONE',  ( 1.000000000000000000, -5.421010862427522170E-17, 0.0000000000000000000 ) ) ;
#2493 = ORIENTED_EDGE ( 'NONE', *, *, #1158, .F. ) ;
#2494 = DIRECTION ( 'NONE',  ( 0.5773502691896206240, -0.5773502691896306160, -0.5773502691896260641 ) ) ;
#2495 = EDGE_CURVE ( 'NONE', #3325, #8270, #3610, .T. ) ;
#2496 = CARTESIAN_POINT ( 'NONE',  ( 3.849999999999998757, -3.399999999999999911, -0.1500000000000003830 ) ) ;
#2497 = COLOUR_RGB ( '',1.000000000000000000, 0.8117647058823529438, 0.5019607843137254832 ) ;
#2498 =( NAMED_UNIT ( * ) SI_UNIT ( $, .STERADIAN. ) SOLID_ANGLE_UNIT ( ) );
#2499 = EDGE_CURVE ( 'NONE', #1385, #3244, #4985, .T. ) ;
#2500 = LINE ( 'NONE', #4620, #1173 ) ;
#2501 = ORIENTED_EDGE ( 'NONE', *, *, #6569, .T. ) ;
#2502 = CARTESIAN_POINT ( 'NONE',  ( 9.750000000000000000, 0.2000000000000000944, 0.2500000000000002220 ) ) ;
#2503 = LINE ( 'NONE', #4528, #427 ) ;
#2504 = VECTOR ( 'NONE', #5970, 1000.000000000000000 ) ;
#2505 = DIRECTION ( 'NONE',  ( -0.0000000000000000000, -0.0000000000000000000, -1.000000000000000000 ) ) ;
#2506 = PRESENTATION_STYLE_ASSIGNMENT (( #494 ) ) ;
#2507 = STYLED_ITEM ( 'NONE', ( #4564 ), #3881 ) ;
#2508 = PLANE ( 'NONE',  #1006 ) ;
#2509 = ADVANCED_FACE ( 'NONE', ( #87 ), #7238, .T. ) ;
#2510 = VECTOR ( 'NONE', #1941, 1000.000000000000000 ) ;
#2511 = FILL_AREA_STYLE_COLOUR ( '', #1850 ) ;
#2512 = DIRECTION ( 'NONE',  ( 1.000000000000000000, -5.421010862427522170E-17, 0.0000000000000000000 ) ) ;
#2513 =( LENGTH_UNIT ( ) NAMED_UNIT ( * ) SI_UNIT ( .MILLI., .METRE. ) );
#2514 = CARTESIAN_POINT ( 'NONE',  ( 11.95000000000000107, 6.000000000000000000, 1.699999999999999289 ) ) ;
#2515 = ORIENTED_EDGE ( 'NONE', *, *, #3313, .T. ) ;
#2516 = COLOUR_RGB ( '',1.000000000000000000, 0.8117647058823529438, 0.5019607843137254832 ) ;
#2517 = AXIS2_PLACEMENT_3D ( 'NONE', #7309, #1631, #2310 ) ;
#2518 = UNCERTAINTY_MEASURE_WITH_UNIT (LENGTH_MEASURE( 1.000000000000000082E-05 ), #8831, 'distance_accuracy_value', 'NONE');
#2519 = STYLED_ITEM ( 'NONE', ( #4690 ), #4532 ) ;
#2520 = VECTOR ( 'NONE', #3613, 1000.000000000000000 ) ;
#2521 =( NAMED_UNIT ( * ) PLANE_ANGLE_UNIT ( ) SI_UNIT ( $, .RADIAN. ) );
#2522 = LINE ( 'NONE', #3213, #5644 ) ;
#2523 = DIRECTION ( 'NONE',  ( -0.0000000000000000000, -0.0000000000000000000, -1.000000000000000000 ) ) ;
#2524 = MECHANICAL_DESIGN_GEOMETRIC_PRESENTATION_REPRESENTATION (  '', ( #2679 ), #5040 ) ;
#2525 = DIRECTION ( 'NONE',  ( 1.000000000000000000, -3.872150616019660190E-17, -4.336808689942017736E-16 ) ) ;
#2526 = VECTOR ( 'NONE', #4072, 1000.000000000000000 ) ;
#2527 = VERTEX_POINT ( 'NONE', #7732 ) ;
#2528 =( GEOMETRIC_REPRESENTATION_CONTEXT ( 3 ) GLOBAL_UNCERTAINTY_ASSIGNED_CONTEXT ( ( #8763 ) ) GLOBAL_UNIT_ASSIGNED_CONTEXT ( ( #4163, #8383, #1417 ) ) REPRESENTATION_CONTEXT ( 'NONE', 'WORKASPACE' ) );
#2529 = ORIENTED_EDGE ( 'NONE', *, *, #2176, .F. ) ;
#2530 = PRESENTATION_LAYER_ASSIGNMENT (  '', '', ( #1332 ) ) ;
#2531 = STYLED_ITEM ( 'NONE', ( #805 ), #8946 ) ;
#2532 = UNCERTAINTY_MEASURE_WITH_UNIT (LENGTH_MEASURE( 1.000000000000000082E-05 ), #5567, 'distance_accuracy_value', 'NONE');
#2533 = SURFACE_STYLE_FILL_AREA ( #3861 ) ;
#2534 = VECTOR ( 'NONE', #7155, 1000.000000000000000 ) ;
#2535 = SURFACE_STYLE_USAGE ( .BOTH. , #4000 ) ;
#2536 =( NAMED_UNIT ( * ) SI_UNIT ( $, .STERADIAN. ) SOLID_ANGLE_UNIT ( ) );
#2537 = PLANE ( 'NONE',  #3914 ) ;
#2538 = CARTESIAN_POINT ( 'NONE',  ( 11.95100000000000051, 4.500000000000000888, -0.1799999999999996048 ) ) ;
#2539 = CARTESIAN_POINT ( 'NONE',  ( -1.950000000000000178, -3.399999999999999911, -2.800000000000000266 ) ) ;
#2540 = ORIENTED_EDGE ( 'NONE', *, *, #8515, .F. ) ;
#2541 = AXIS2_PLACEMENT_3D ( 'NONE', #212, #5187, #8745 ) ;
#2542 = EDGE_CURVE ( 'NONE', #5955, #1671, #8310, .T. ) ;
#2543 = COLOUR_RGB ( '',1.000000000000000000, 0.8117647058823529438, 0.5019607843137254832 ) ;
#2544 = FILL_AREA_STYLE_COLOUR ( '', #6081 ) ;
#2545 = VECTOR ( 'NONE', #8736, 1000.000000000000000 ) ;
#2546 = FILL_AREA_STYLE ('',( #3187 ) ) ;
#2547 = UNCERTAINTY_MEASURE_WITH_UNIT (LENGTH_MEASURE( 1.000000000000000082E-05 ), #2181, 'distance_accuracy_value', 'NONE');
#2548 =( LENGTH_UNIT ( ) NAMED_UNIT ( * ) SI_UNIT ( .MILLI., .METRE. ) );
#2549 = CARTESIAN_POINT ( 'NONE',  ( 8.150000000000000355, -3.399999999999999911, 0.1500000000000008271 ) ) ;
#2550 = SURFACE_STYLE_USAGE ( .BOTH. , #8820 ) ;
#2551 = VERTEX_POINT ( 'NONE', #2799 ) ;
#2552 = CARTESIAN_POINT ( 'NONE',  ( 9.750000000000000000, -3.300000000000000266, 0.2500000000000002220 ) ) ;
#2553 = FILL_AREA_STYLE ('',( #7185 ) ) ;
#2554 = VECTOR ( 'NONE', #5016, 1000.000000000000000 ) ;
#2555 =( LENGTH_UNIT ( ) NAMED_UNIT ( * ) SI_UNIT ( .MILLI., .METRE. ) );
#2556 = ADVANCED_FACE ( 'NONE', ( #5562 ), #5605, .F. ) ;
#2557 = VECTOR ( 'NONE', #3770, 1000.000000000000000 ) ;
#2558 = VECTOR ( 'NONE', #5526, 1000.000000000000000 ) ;
#2559 = ORIENTED_EDGE ( 'NONE', *, *, #3229, .F. ) ;
#2560 = PRODUCT_DEFINITION_FORMATION_WITH_SPECIFIED_SOURCE ( 'ANY', '', #5899, .NOT_KNOWN. ) ;
#2561 = ORIENTED_EDGE ( 'NONE', *, *, #5308, .T. ) ;
#2562 = FILL_AREA_STYLE_COLOUR ( '', #6793 ) ;
#2563 = COLOUR_RGB ( '',1.000000000000000000, 0.8117647058823529438, 0.5019607843137254832 ) ;
#2564 = LINE ( 'NONE', #8248, #8460 ) ;
#2565 = VECTOR ( 'NONE', #4834, 1000.000000000000000 ) ;
#2566 = CARTESIAN_POINT ( 'NONE',  ( 10.69999999999999929, 0.1999999999999999833, -2.800000000000000266 ) ) ;
#2567 = DIRECTION ( 'NONE',  ( 2.261546562329163656E-17, -1.000000000000000000, 0.0000000000000000000 ) ) ;
#2568 = SURFACE_STYLE_USAGE ( .BOTH. , #326 ) ;
#2569 = ORIENTED_EDGE ( 'NONE', *, *, #4249, .F. ) ;
#2570 = DIRECTION ( 'NONE',  ( -9.103382349328301547E-49, -2.350988701644575016E-32, -1.000000000000000000 ) ) ;
#2571 = CARTESIAN_POINT ( 'NONE',  ( 8.050000000000000711, 5.100000000000001421, -0.1500000000000003830 ) ) ;
#2572 = DIRECTION ( 'NONE',  ( 1.000000000000000000, 0.0000000000000000000, 0.0000000000000000000 ) ) ;
#2573 = ORIENTED_EDGE ( 'NONE', *, *, #799, .T. ) ;
#2574 = EDGE_CURVE ( 'NONE', #848, #4161, #1350, .T. ) ;
#2575 = AXIS2_PLACEMENT_3D ( 'NONE', #2539, #7285, #2492 ) ;
#2576 = EDGE_CURVE ( 'NONE', #2294, #1623, #4232, .T. ) ;
#2577 = AXIS2_PLACEMENT_3D ( 'NONE', #1261, #1930, #2080 ) ;
#2578 = EDGE_CURVE ( 'NONE', #8411, #6546, #7001, .T. ) ;
#2579 = PLANE ( 'NONE',  #3564 ) ;
#2580 = CARTESIAN_POINT ( 'NONE',  ( 11.95000000000000107, 0.0000000000000000000, 1.699999999999999289 ) ) ;
#2581 = FILL_AREA_STYLE ('',( #6052 ) ) ;
#2582 = CARTESIAN_POINT ( 'NONE',  ( 9.750000000000000000, -3.399999999999999911, 0.2500000000000002220 ) ) ;
#2583 =( NAMED_UNIT ( * ) SI_UNIT ( $, .STERADIAN. ) SOLID_ANGLE_UNIT ( ) );
#2584 = VECTOR ( 'NONE', #3609, 1000.000000000000000 ) ;
#2585 = ORIENTED_EDGE ( 'NONE', *, *, #179, .T. ) ;
#2586 = EDGE_CURVE ( 'NONE', #7645, #3443, #6333, .T. ) ;
#2587 = CARTESIAN_POINT ( 'NONE',  ( 4.750000000000000888, 3.399999999999999467, -2.300000000000001599 ) ) ;
#2588 = ORIENTED_EDGE ( 'NONE', *, *, #2818, .T. ) ;
#2589 =( LENGTH_UNIT ( ) NAMED_UNIT ( * ) SI_UNIT ( .MILLI., .METRE. ) );
#2590 = CARTESIAN_POINT ( 'NONE',  ( -1.949999999999999956, 3.150000000000000799, -2.050000000000001599 ) ) ;
#2591 = FILL_AREA_STYLE_COLOUR ( '', #1148 ) ;
#2592 = FILL_AREA_STYLE ('',( #614 ) ) ;
#2593 = PLANE ( 'NONE',  #952 ) ;
#2594 = DIRECTION ( 'NONE',  ( -4.336808689942017736E-16, 0.0000000000000000000, -1.000000000000000000 ) ) ;
#2595 = ORIENTED_EDGE ( 'NONE', *, *, #3163, .F. ) ;
#2596 = EDGE_CURVE ( 'NONE', #6721, #1510, #2118, .T. ) ;
#2597 = EDGE_LOOP ( 'NONE', ( #1897, #6593, #7891, #2820 ) ) ;
#2598 = CARTESIAN_POINT ( 'NONE',  ( 8.750000000000000000, 3.399999999999999467, -2.050000000000001599 ) ) ;
#2599 = VECTOR ( 'NONE', #6183, 1000.000000000000000 ) ;
#2600 = CARTESIAN_POINT ( 'NONE',  ( 5.250000000000000888, 3.399999999999998579, -2.350000000000001421 ) ) ;
#2601 =( GEOMETRIC_REPRESENTATION_CONTEXT ( 3 ) GLOBAL_UNCERTAINTY_ASSIGNED_CONTEXT ( ( #7594 ) ) GLOBAL_UNIT_ASSIGNED_CONTEXT ( ( #754, #6359, #7753 ) ) REPRESENTATION_CONTEXT ( 'NONE', 'WORKASPACE' ) );
#2602 = CARTESIAN_POINT ( 'NONE',  ( 2.250000000000000000, 1.800000000000000044, -2.800000000000000266 ) ) ;
#2603 = DIRECTION ( 'NONE',  ( -9.103382349328301547E-49, -2.350988701644575016E-32, -1.000000000000000000 ) ) ;
#2604 = SURFACE_STYLE_USAGE ( .BOTH. , #6782 ) ;
#2605 = FILL_AREA_STYLE_COLOUR ( '', #5647 ) ;
#2606 = ORIENTED_EDGE ( 'NONE', *, *, #6019, .T. ) ;
#2607 = CARTESIAN_POINT ( 'NONE',  ( -0.2500000000000013323, 1.800000000000000044, -2.800000000000001155 ) ) ;
#2608 = CIRCLE ( 'NONE', #5241, 0.05000000000000019013 ) ;
#2609 = STYLED_ITEM ( 'NONE', ( #3181 ), #6272 ) ;
#2610 = DIRECTION ( 'NONE',  ( 3.872150616019660190E-17, 1.000000000000000000, 0.0000000000000000000 ) ) ;
#2611 = PRESENTATION_STYLE_ASSIGNMENT (( #3304 ) ) ;
#2612 = ORIENTED_EDGE ( 'NONE', *, *, #2586, .F. ) ;
#2613 = SURFACE_STYLE_USAGE ( .BOTH. , #6137 ) ;
#2614 = PRESENTATION_STYLE_ASSIGNMENT (( #2010 ) ) ;
#2615 = VERTEX_POINT ( 'NONE', #6291 ) ;
#2616 = AXIS2_PLACEMENT_3D ( 'NONE', #8303, #8348, #7586 ) ;
#2617 = EDGE_CURVE ( 'NONE', #8500, #5455, #4929, .T. ) ;
#2618 = UNCERTAINTY_MEASURE_WITH_UNIT (LENGTH_MEASURE( 1.000000000000000082E-05 ), #5457, 'distance_accuracy_value', 'NONE');
#2619 = DIRECTION ( 'NONE',  ( 0.0000000000000000000, 0.0000000000000000000, 1.000000000000000000 ) ) ;
#2620 = FACE_OUTER_BOUND ( 'NONE', #3311, .T. ) ;
#2621 = ORIENTED_EDGE ( 'NONE', *, *, #1940, .T. ) ;
#2622 = VECTOR ( 'NONE', #4376, 1000.000000000000000 ) ;
#2623 = DIRECTION ( 'NONE',  ( 1.000000000000000000, 1.927470528863119542E-16, -0.0000000000000000000 ) ) ;
#2624 = EDGE_LOOP ( 'NONE', ( #7925, #6510, #2569, #4841 ) ) ;
#2625 = EDGE_CURVE ( 'NONE', #4081, #1204, #3551, .T. ) ;
#2626 =( LENGTH_UNIT ( ) NAMED_UNIT ( * ) SI_UNIT ( .MILLI., .METRE. ) );
#2627 = ORIENTED_EDGE ( 'NONE', *, *, #8620, .F. ) ;
#2628 = UNCERTAINTY_MEASURE_WITH_UNIT (LENGTH_MEASURE( 1.000000000000000082E-05 ), #8061, 'distance_accuracy_value', 'NONE');
#2629 = CARTESIAN_POINT ( 'NONE',  ( 3.299999999999999378, 0.2000000000000000389, 1.700000000000000178 ) ) ;
#2630 = EDGE_CURVE ( 'NONE', #8082, #2048, #2848, .T. ) ;
#2631 = DIRECTION ( 'NONE',  ( -1.362927481496328130E-16, 0.7071067811865451302, -0.7071067811865500152 ) ) ;
#2632 = CARTESIAN_POINT ( 'NONE',  ( -1.350000000000000089, 5.650000000000000355, -2.350000000000001421 ) ) ;
#2633 = EDGE_LOOP ( 'NONE', ( #4885, #3054, #6953, #3128 ) ) ;
#2634 = ADVANCED_FACE ( 'NONE', ( #69 ), #2718, .T. ) ;
#2635 = UNCERTAINTY_MEASURE_WITH_UNIT (LENGTH_MEASURE( 1.000000000000000082E-05 ), #1015, 'distance_accuracy_value', 'NONE');
#2636 = DIRECTION ( 'NONE',  ( 1.927470528863119542E-16, -1.000000000000000000, 0.0000000000000000000 ) ) ;
#2637 = DIRECTION ( 'NONE',  ( -0.0000000000000000000, 1.000000000000000000, -0.0000000000000000000 ) ) ;
#2638 = FILL_AREA_STYLE_COLOUR ( '', #6045 ) ;
#2639 = ORIENTED_EDGE ( 'NONE', *, *, #7676, .T. ) ;
#2640 = PRESENTATION_STYLE_ASSIGNMENT (( #9059 ) ) ;
#2641 = ORIENTED_EDGE ( 'NONE', *, *, #3221, .F. ) ;
#2642 = LINE ( 'NONE', #5305, #2992 ) ;
#2643 = CARTESIAN_POINT ( 'NONE',  ( 7.849999999999999645, -3.399999999999999911, 0.1500000000000008271 ) ) ;
#2644 = LINE ( 'NONE', #4815, #8167 ) ;
#2645 = VECTOR ( 'NONE', #7590, 1000.000000000000114 ) ;
#2646 = ORIENTED_EDGE ( 'NONE', *, *, #8620, .T. ) ;
#2647 = VERTEX_POINT ( 'NONE', #1573 ) ;
#2648 = FACE_OUTER_BOUND ( 'NONE', #7695, .T. ) ;
#2649 = LINE ( 'NONE', #8298, #4794 ) ;
#2650 = ORIENTED_EDGE ( 'NONE', *, *, #6664, .T. ) ;
#2651 = DIRECTION ( 'NONE',  ( -4.336808689942017736E-16, 0.0000000000000000000, -1.000000000000000000 ) ) ;
#2652 = DIRECTION ( 'NONE',  ( 0.7071067811865505703, -0.7071067811865445751, -3.066586833366761588E-16 ) ) ;
#2653 =( NAMED_UNIT ( * ) PLANE_ANGLE_UNIT ( ) SI_UNIT ( $, .RADIAN. ) );
#2654 = PLANE ( 'NONE',  #3052 ) ;
#2655 = ORIENTED_EDGE ( 'NONE', *, *, #8108, .F. ) ;
#2656 = CARTESIAN_POINT ( 'NONE',  ( 11.35000000000000142, 5.650000000000000355, -2.350000000000000977 ) ) ;
#2657 = FILL_AREA_STYLE ('',( #1140 ) ) ;
#2658 = LINE ( 'NONE', #8165, #2934 ) ;
#2659 =( GEOMETRIC_REPRESENTATION_CONTEXT ( 3 ) GLOBAL_UNCERTAINTY_ASSIGNED_CONTEXT ( ( #8503 ) ) GLOBAL_UNIT_ASSIGNED_CONTEXT ( ( #4580, #3204, #8204 ) ) REPRESENTATION_CONTEXT ( 'NONE', 'WORKASPACE' ) );
#2660 = ORIENTED_EDGE ( 'NONE', *, *, #8777, .T. ) ;
#2661 = STYLED_ITEM ( 'NONE', ( #4942 ), #4259 ) ;
#2662 = PRESENTATION_LAYER_ASSIGNMENT (  '', '', ( #2507 ) ) ;
#2663 = CARTESIAN_POINT ( 'NONE',  ( -1.180000000000000160, 4.229999999999999538, -2.801000000000000600 ) ) ;
#2664 = LINE ( 'NONE', #8356, #2685 ) ;
#2665 = PLANE ( 'NONE',  #7675 ) ;
#2666 = VECTOR ( 'NONE', #5301, 1000.000000000000000 ) ;
#2667 = ORIENTED_EDGE ( 'NONE', *, *, #478, .T. ) ;
#2668 = EDGE_CURVE ( 'NONE', #1327, #3523, #5857, .T. ) ;
#2669 = EDGE_CURVE ( 'NONE', #7735, #7935, #7304, .T. ) ;
#2670 = AXIS2_PLACEMENT_3D ( 'NONE', #5495, #5395, #2043 ) ;
#2671 = VECTOR ( 'NONE', #1764, 1000.000000000000000 ) ;
#2672 = VECTOR ( 'NONE', #6519, 1000.000000000000000 ) ;
#2673 = DIRECTION ( 'NONE',  ( -1.000000000000000000, 0.0000000000000000000, 1.762081725391875198E-17 ) ) ;
#2674 = SURFACE_SIDE_STYLE ('',( #2031 ) ) ;
#2675 = CARTESIAN_POINT ( 'NONE',  ( 3.250000000000000888, 3.150000000000000799, -2.050000000000001599 ) ) ;
#2676 = FACE_OUTER_BOUND ( 'NONE', #4714, .T. ) ;
#2677 = ORIENTED_EDGE ( 'NONE', *, *, #1952, .T. ) ;
#2678 = AXIS2_PLACEMENT_3D ( 'NONE', #7119, #4, #758 ) ;
#2679 = STYLED_ITEM ( 'NONE', ( #7535 ), #563 ) ;
#2680 = AXIS2_PLACEMENT_3D ( 'NONE', #6780, #4759, #1218 ) ;
#2681 = VECTOR ( 'NONE', #4856, 1000.000000000000000 ) ;
#2682 = LINE ( 'NONE', #5489, #7831 ) ;
#2683 = DIRECTION ( 'NONE',  ( 0.0000000000000000000, -0.0000000000000000000, 1.000000000000000000 ) ) ;
#2684 = FILL_AREA_STYLE_COLOUR ( '', #439 ) ;
#2685 = VECTOR ( 'NONE', #5469, 1000.000000000000000 ) ;
#2686 = DIRECTION ( 'NONE',  ( 1.000000000000000000, -5.421010862427522170E-17, 0.0000000000000000000 ) ) ;
#2687 = EDGE_CURVE ( 'NONE', #4954, #6954, #159, .T. ) ;
#2688 = PRESENTATION_LAYER_ASSIGNMENT (  '', '', ( #590 ) ) ;
#2689 = DIRECTION ( 'NONE',  ( -3.833233541708420554E-17, -0.7071067811865447972, 0.7071067811865502373 ) ) ;
#2690 = ORIENTED_EDGE ( 'NONE', *, *, #4249, .T. ) ;
#2691 = LINE ( 'NONE', #6981, #909 ) ;
#2692 = MECHANICAL_DESIGN_GEOMETRIC_PRESENTATION_REPRESENTATION (  '', ( #442 ), #3846 ) ;
#2693 = EDGE_LOOP ( 'NONE', ( #3600, #9022, #216, #3939 ) ) ;
#2694 = LINE ( 'NONE', #8957, #4166 ) ;
#2695 = PRESENTATION_STYLE_ASSIGNMENT (( #1324 ) ) ;
#2696 = PRESENTATION_LAYER_ASSIGNMENT (  '', '', ( #8826 ) ) ;
#2697 = PLANE ( 'NONE',  #3039 ) ;
#2698 = PRESENTATION_LAYER_ASSIGNMENT (  '', '', ( #8271 ) ) ;
#2699 = ORIENTED_EDGE ( 'NONE', *, *, #6314, .F. ) ;
#2700 = MECHANICAL_DESIGN_GEOMETRIC_PRESENTATION_REPRESENTATION (  '', ( #6353 ), #178 ) ;
#2701 = CARTESIAN_POINT ( 'NONE',  ( -0.1500000000000038525, -3.399999999999999911, -2.800000000000001155 ) ) ;
#2702 = ORIENTED_EDGE ( 'NONE', *, *, #1725, .T. ) ;
#2703 = VECTOR ( 'NONE', #8702, 1000.000000000000000 ) ;
#2704 = SURFACE_STYLE_USAGE ( .BOTH. , #541 ) ;
#2705 = LINE ( 'NONE', #8254, #1806 ) ;
#2706 = PRESENTATION_STYLE_ASSIGNMENT (( #1962 ) ) ;
#2707 = CARTESIAN_POINT ( 'NONE',  ( 7.750000000000000000, 5.000000000000000888, 0.2500000000000002220 ) ) ;
#2708 = ORIENTED_EDGE ( 'NONE', *, *, #1651, .T. ) ;
#2709 =( NAMED_UNIT ( * ) SI_UNIT ( $, .STERADIAN. ) SOLID_ANGLE_UNIT ( ) );
#2710 = VECTOR ( 'NONE', #8152, 1000.000000000000000 ) ;
#2711 = FACE_OUTER_BOUND ( 'NONE', #5694, .T. ) ;
#2712 = VECTOR ( 'NONE', #1691, 1000.000000000000000 ) ;
#2713 = PRESENTATION_STYLE_ASSIGNMENT (( #2202 ) ) ;
#2714 = ORIENTED_EDGE ( 'NONE', *, *, #4639, .F. ) ;
#2715 = VERTEX_POINT ( 'NONE', #251 ) ;
#2716 = VECTOR ( 'NONE', #5239, 1000.000000000000000 ) ;
#2717 = UNCERTAINTY_MEASURE_WITH_UNIT (LENGTH_MEASURE( 1.000000000000000082E-05 ), #9036, 'distance_accuracy_value', 'NONE');
#2718 = PLANE ( 'NONE',  #136 ) ;
#2719 = FILL_AREA_STYLE_COLOUR ( '', #4752 ) ;
#2720 = MECHANICAL_DESIGN_GEOMETRIC_PRESENTATION_REPRESENTATION (  '', ( #3458 ), #5071 ) ;
#2721 =( NAMED_UNIT ( * ) PLANE_ANGLE_UNIT ( ) SI_UNIT ( $, .RADIAN. ) );
#2722 = DIRECTION ( 'NONE',  ( 1.000000000000000000, 0.0000000000000000000, 0.0000000000000000000 ) ) ;
#2723 =( LENGTH_UNIT ( ) NAMED_UNIT ( * ) SI_UNIT ( .MILLI., .METRE. ) );
#2724 = ORIENTED_EDGE ( 'NONE', *, *, #770, .F. ) ;
#2725 = ORIENTED_EDGE ( 'NONE', *, *, #898, .T. ) ;
#2726 = UNCERTAINTY_MEASURE_WITH_UNIT (LENGTH_MEASURE( 1.000000000000000082E-05 ), #5553, 'distance_accuracy_value', 'NONE');
#2727 = EDGE_CURVE ( 'NONE', #4047, #1115, #914, .T. ) ;
#2728 = DIRECTION ( 'NONE',  ( -3.833233541708420554E-17, -0.7071067811865447972, 0.7071067811865502373 ) ) ;
#2729 = SURFACE_STYLE_FILL_AREA ( #8942 ) ;
#2730 = CARTESIAN_POINT ( 'NONE',  ( -1.949999999999999956, 4.500000000000000888, -0.6799999999999991607 ) ) ;
#2731 = VERTEX_POINT ( 'NONE', #1618 ) ;
#2732 = EDGE_CURVE ( 'NONE', #4186, #233, #6529, .T. ) ;
#2733 = EDGE_LOOP ( 'NONE', ( #5105, #8908, #3217, #116 ) ) ;
#2734 = LINE ( 'NONE', #4150, #340 ) ;
#2735 = SURFACE_SIDE_STYLE ('',( #2866 ) ) ;
#2736 = UNCERTAINTY_MEASURE_WITH_UNIT (LENGTH_MEASURE( 1.000000000000000082E-05 ), #817, 'distance_accuracy_value', 'NONE');
#2737 = EDGE_CURVE ( 'NONE', #1491, #1804, #1673, .T. ) ;
#2738 = DIRECTION ( 'NONE',  ( 9.103382349328301547E-49, 2.350988701644575016E-32, 1.000000000000000000 ) ) ;
#2739 = DIRECTION ( 'NONE',  ( 1.000000000000000000, -5.421010862427522170E-17, 0.0000000000000000000 ) ) ;
#2740 = FILL_AREA_STYLE ('',( #9009 ) ) ;
#2741 =( NAMED_UNIT ( * ) PLANE_ANGLE_UNIT ( ) SI_UNIT ( $, .RADIAN. ) );
#2742 = LINE ( 'NONE', #5543, #8133 ) ;
#2743 = EDGE_CURVE ( 'NONE', #152, #5523, #2302, .T. ) ;
#2744 = ORIENTED_EDGE ( 'NONE', *, *, #2158, .T. ) ;
#2745 = SURFACE_STYLE_USAGE ( .BOTH. , #9014 ) ;
#2746 = FILL_AREA_STYLE_COLOUR ( '', #5751 ) ;
#2747 = EDGE_CURVE ( 'NONE', #7286, #3244, #5145, .T. ) ;
#2748 = MANIFOLD_SOLID_BREP ( 'Вырез-Вытянуть10', #3971 ) ;
#2749 =( GEOMETRIC_REPRESENTATION_CONTEXT ( 3 ) GLOBAL_UNCERTAINTY_ASSIGNED_CONTEXT ( ( #4730 ) ) GLOBAL_UNIT_ASSIGNED_CONTEXT ( ( #1250, #8358, #1202 ) ) REPRESENTATION_CONTEXT ( 'NONE', 'WORKASPACE' ) );
#2750 = DIRECTION ( 'NONE',  ( -0.0000000000000000000, -0.0000000000000000000, 1.000000000000000000 ) ) ;
#2751 = ORIENTED_EDGE ( 'NONE', *, *, #2347, .F. ) ;
#2752 =( NAMED_UNIT ( * ) PLANE_ANGLE_UNIT ( ) SI_UNIT ( $, .RADIAN. ) );
#2753 = DIRECTION ( 'NONE',  ( 0.5773502691896259531, 0.5773502691896279515, 0.5773502691896235106 ) ) ;
#2754 = VERTEX_POINT ( 'NONE', #1483 ) ;
#2755 = DIRECTION ( 'NONE',  ( -0.0000000000000000000, -0.0000000000000000000, 1.000000000000000000 ) ) ;
#2756 = STYLED_ITEM ( 'NONE', ( #2614 ), #6852 ) ;
#2757 = SURFACE_STYLE_FILL_AREA ( #6475 ) ;
#2758 = CARTESIAN_POINT ( 'NONE',  ( -1.180000000000000160, 4.229999999999999538, -2.801000000000000600 ) ) ;
#2759 = AXIS2_PLACEMENT_3D ( 'NONE', #7576, #1081, #6172 ) ;
#2760 = COLOUR_RGB ( '',1.000000000000000000, 1.000000000000000000, 1.000000000000000000 ) ;
#2761 = PRESENTATION_STYLE_ASSIGNMENT (( #2160 ) ) ;
#2762 = DIRECTION ( 'NONE',  ( 0.5773502691896261751, -0.5773502691896257311, 0.5773502691896252870 ) ) ;
#2763 = SURFACE_STYLE_FILL_AREA ( #3319 ) ;
#2764 = LINE ( 'NONE', #7087, #1461 ) ;
#2765 = EDGE_LOOP ( 'NONE', ( #1525, #7818, #6472, #1847 ) ) ;
#2766 = CARTESIAN_POINT ( 'NONE',  ( 0.6999999999999992895, 0.1999999999999999833, -2.800000000000000266 ) ) ;
#2767 = DIRECTION ( 'NONE',  ( -1.000000000000000000, 5.421010862427522170E-17, 0.0000000000000000000 ) ) ;
#2768 = ORIENTED_EDGE ( 'NONE', *, *, #331, .T. ) ;
#2769 = STYLED_ITEM ( 'NONE', ( #7271 ), #6443 ) ;
#2770 = ORIENTED_EDGE ( 'NONE', *, *, #1268, .F. ) ;
#2771 = SURFACE_SIDE_STYLE ('',( #9043 ) ) ;
#2772 = PRESENTATION_STYLE_ASSIGNMENT (( #6906 ) ) ;
#2773 = SURFACE_STYLE_USAGE ( .BOTH. , #5019 ) ;
#2774 = PRESENTATION_STYLE_ASSIGNMENT (( #6967 ) ) ;
#2775 = ORIENTED_EDGE ( 'NONE', *, *, #7592, .T. ) ;
#2776 = ORIENTED_EDGE ( 'NONE', *, *, #7089, .T. ) ;
#2777 = DIRECTION ( 'NONE',  ( 1.000000000000000000, 0.0000000000000000000, 0.0000000000000000000 ) ) ;
#2778 = ORIENTED_EDGE ( 'NONE', *, *, #5487, .T. ) ;
#2779 = SURFACE_SIDE_STYLE ('',( #1316 ) ) ;
#2780 = CARTESIAN_POINT ( 'NONE',  ( 2.250000000000000000, -3.399999999999999911, 0.2500000000000002220 ) ) ;
#2781 = PRESENTATION_STYLE_ASSIGNMENT (( #1374 ) ) ;
#2782 = MECHANICAL_DESIGN_GEOMETRIC_PRESENTATION_REPRESENTATION (  '', ( #2475 ), #5711 ) ;
#2783 = VERTEX_POINT ( 'NONE', #4324 ) ;
#2784 = PRESENTATION_STYLE_ASSIGNMENT (( #9061 ) ) ;
#2785 =( LENGTH_UNIT ( ) NAMED_UNIT ( * ) SI_UNIT ( .MILLI., .METRE. ) );
#2786 = ADVANCED_FACE ( 'NONE', ( #5821 ), #7138, .T. ) ;
#2787 =( GEOMETRIC_REPRESENTATION_CONTEXT ( 3 ) GLOBAL_UNCERTAINTY_ASSIGNED_CONTEXT ( ( #749 ) ) GLOBAL_UNIT_ASSIGNED_CONTEXT ( ( #4407, #4367, #5458 ) ) REPRESENTATION_CONTEXT ( 'NONE', 'WORKASPACE' ) );
#2788 = ADVANCED_FACE ( 'NONE', ( #6844 ), #7389, .F. ) ;
#2789 = SURFACE_STYLE_USAGE ( .BOTH. , #5636 ) ;
#2790 = EDGE_LOOP ( 'NONE', ( #5004, #3562, #3740, #4491 ) ) ;
#2791 = CARTESIAN_POINT ( 'NONE',  ( 5.299999999999998934, 0.0000000000000000000, -2.800000000000000266 ) ) ;
#2792 = CARTESIAN_POINT ( 'NONE',  ( 6.149999999999999467, -3.399999999999999911, -2.800000000000000266 ) ) ;
#2793 = DIRECTION ( 'NONE',  ( -0.0000000000000000000, 1.000000000000000000, -0.0000000000000000000 ) ) ;
#2794 = ORIENTED_EDGE ( 'NONE', *, *, #7774, .T. ) ;
#2795 = VECTOR ( 'NONE', #8747, 1000.000000000000000 ) ;
#2796 = VERTEX_POINT ( 'NONE', #7538 ) ;
#2797 = UNCERTAINTY_MEASURE_WITH_UNIT (LENGTH_MEASURE( 1.000000000000000082E-05 ), #7790, 'distance_accuracy_value', 'NONE');
#2798 = VERTEX_POINT ( 'NONE', #5948 ) ;
#2799 = CARTESIAN_POINT ( 'NONE',  ( -0.1500000000000003830, 5.100000000000001421, 0.1500000000000008271 ) ) ;
#2800 = CARTESIAN_POINT ( 'NONE',  ( 11.70000000000000284, 6.000000000000000000, 1.599999999999999867 ) ) ;
#2801 = SURFACE_STYLE_USAGE ( .BOTH. , #8357 ) ;
#2802 = ORIENTED_EDGE ( 'NONE', *, *, #1570, .T. ) ;
#2803 = SURFACE_STYLE_USAGE ( .BOTH. , #1298 ) ;
#2804 = SURFACE_STYLE_USAGE ( .BOTH. , #2995 ) ;
#2805 = SURFACE_SIDE_STYLE ('',( #741 ) ) ;
#2806 =( LENGTH_UNIT ( ) NAMED_UNIT ( * ) SI_UNIT ( .MILLI., .METRE. ) );
#2807 = PRESENTATION_LAYER_ASSIGNMENT (  '', '', ( #7226 ) ) ;
#2808 = FACE_OUTER_BOUND ( 'NONE', #7715, .T. ) ;
#2809 = ORIENTED_EDGE ( 'NONE', *, *, #2347, .T. ) ;
#2810 = VECTOR ( 'NONE', #3728, 1000.000000000000000 ) ;
#2811 = ORIENTED_EDGE ( 'NONE', *, *, #1447, .T. ) ;
#2812 = COLOUR_RGB ( '',1.000000000000000000, 1.000000000000000000, 1.000000000000000000 ) ;
#2813 = VECTOR ( 'NONE', #5808, 1000.000000000000000 ) ;
#2814 = FACE_OUTER_BOUND ( 'NONE', #4653, .T. ) ;
#2815 = UNCERTAINTY_MEASURE_WITH_UNIT (LENGTH_MEASURE( 1.000000000000000082E-05 ), #5509, 'distance_accuracy_value', 'NONE');
#2816 = MECHANICAL_DESIGN_GEOMETRIC_PRESENTATION_REPRESENTATION (  '', ( #8811 ), #4290 ) ;
#2817 =( NAMED_UNIT ( * ) PLANE_ANGLE_UNIT ( ) SI_UNIT ( $, .RADIAN. ) );
#2818 = EDGE_CURVE ( 'NONE', #5658, #3151, #8069, .T. ) ;
#2819 = FILL_AREA_STYLE ('',( #7619 ) ) ;
#2820 = ORIENTED_EDGE ( 'NONE', *, *, #7198, .T. ) ;
#2821 = CARTESIAN_POINT ( 'NONE',  ( 11.18000000000000149, 4.230000000000001315, 1.249999999999998446 ) ) ;
#2822 = ORIENTED_EDGE ( 'NONE', *, *, #5262, .F. ) ;
#2823 = SURFACE_SIDE_STYLE ('',( #847 ) ) ;
#2824 = PRESENTATION_LAYER_ASSIGNMENT (  '', '', ( #1479 ) ) ;
#2825 = AXIS2_PLACEMENT_3D ( 'NONE', #6419, #2102, #9071 ) ;
#2826 = AXIS2_PLACEMENT_3D ( 'NONE', #1073, #8862, #1994 ) ;
#2827 = ORIENTED_EDGE ( 'NONE', *, *, #8131, .F. ) ;
#2828 = VECTOR ( 'NONE', #3240, 1000.000000000000000 ) ;
#2829 = COLOUR_RGB ( '',1.000000000000000000, 1.000000000000000000, 1.000000000000000000 ) ;
#2830 = CARTESIAN_POINT ( 'NONE',  ( 11.95000000000000107, 6.000000000000000000, -2.800000000000000711 ) ) ;
#2831 = EDGE_LOOP ( 'NONE', ( #2595, #8132, #693, #706 ) ) ;
#2832 = SURFACE_STYLE_USAGE ( .BOTH. , #5050 ) ;
#2833 = DIRECTION ( 'NONE',  ( 0.5773502691896238437, 0.5773502691896289507, -0.5773502691896246208 ) ) ;
#2834 = DIRECTION ( 'NONE',  ( 0.0000000000000000000, 0.0000000000000000000, -1.000000000000000000 ) ) ;
#2835 =( NAMED_UNIT ( * ) PLANE_ANGLE_UNIT ( ) SI_UNIT ( $, .RADIAN. ) );
#2836 = EDGE_CURVE ( 'NONE', #7472, #3160, #1090, .T. ) ;
#2837 = CYLINDRICAL_SURFACE ( 'NONE', #1144, 0.05000000000000019013 ) ;
#2838 = VERTEX_POINT ( 'NONE', #8703 ) ;
#2839 = LINE ( 'NONE', #8528, #1037 ) ;
#2840 = AXIS2_PLACEMENT_3D ( 'NONE', #6550, #1644, #7320 ) ;
#2841 = PLANE ( 'NONE',  #7601 ) ;
#2842 = VECTOR ( 'NONE', #9083, 1000.000000000000000 ) ;
#2843 = ORIENTED_EDGE ( 'NONE', *, *, #7337, .F. ) ;
#2844 = AXIS2_PLACEMENT_3D ( 'NONE', #3147, #5097, #7944 ) ;
#2845 = VECTOR ( 'NONE', #1257, 1000.000000000000000 ) ;
#2846 =( NAMED_UNIT ( * ) PLANE_ANGLE_UNIT ( ) SI_UNIT ( $, .RADIAN. ) );
#2847 = EDGE_CURVE ( 'NONE', #5459, #2244, #1755, .T. ) ;
#2848 = LINE ( 'NONE', #595, #6761 ) ;
#2849 = LINE ( 'NONE', #5652, #4905 ) ;
#2850 = CARTESIAN_POINT ( 'NONE',  ( 9.750000000000000000, 5.000000000000000888, -0.2499999999999997780 ) ) ;
#2851 = PRESENTATION_STYLE_ASSIGNMENT (( #8407 ) ) ;
#2852 =( NAMED_UNIT ( * ) PLANE_ANGLE_UNIT ( ) SI_UNIT ( $, .RADIAN. ) );
#2853 = EDGE_CURVE ( 'NONE', #3523, #6429, #1137, .T. ) ;
#2854 = ORIENTED_EDGE ( 'NONE', *, *, #7234, .F. ) ;
#2855 =( GEOMETRIC_REPRESENTATION_CONTEXT ( 3 ) GLOBAL_UNCERTAINTY_ASSIGNED_CONTEXT ( ( #7706 ) ) GLOBAL_UNIT_ASSIGNED_CONTEXT ( ( #835, #8635, #2046 ) ) REPRESENTATION_CONTEXT ( 'NONE', 'WORKASPACE' ) );
#2856 = VECTOR ( 'NONE', #4400, 1000.000000000000000 ) ;
#2857 = EDGE_LOOP ( 'NONE', ( #1098, #2627, #709, #2559 ) ) ;
#2858 = CARTESIAN_POINT ( 'NONE',  ( -0.1500000000000016875, 5.100000000000001421, -2.800000000000001155 ) ) ;
#2859 = EDGE_CURVE ( 'NONE', #1204, #8444, #6699, .T. ) ;
#2860 = LINE ( 'NONE', #9045, #5 ) ;
#2861 = CARTESIAN_POINT ( 'NONE',  ( 10.69999999999999929, 0.1999999999999999833, -2.800000000000000266 ) ) ;
#2862 = LINE ( 'NONE', #3518, #4670 ) ;
#2863 = ORIENTED_EDGE ( 'NONE', *, *, #7134, .T. ) ;
#2864 = EDGE_CURVE ( 'NONE', #8673, #4965, #7483, .T. ) ;
#2865 = CARTESIAN_POINT ( 'NONE',  ( 8.150000000000000355, -3.399999999999999911, -2.800000000000000266 ) ) ;
#2866 = SURFACE_STYLE_FILL_AREA ( #3427 ) ;
#2867 = DIRECTION ( 'NONE',  ( 0.0000000000000000000, -0.0000000000000000000, 1.000000000000000000 ) ) ;
#2868 = FILL_AREA_STYLE ('',( #7113 ) ) ;
#2869 = SURFACE_STYLE_FILL_AREA ( #6592 ) ;
#2870 =( NAMED_UNIT ( * ) SI_UNIT ( $, .STERADIAN. ) SOLID_ANGLE_UNIT ( ) );
#2871 = VERTEX_POINT ( 'NONE', #4535 ) ;
#2872 = DIRECTION ( 'NONE',  ( 0.0000000000000000000, 0.0000000000000000000, 1.000000000000000000 ) ) ;
#2873 = CARTESIAN_POINT ( 'NONE',  ( 0.7500000000000002220, 3.150000000000000799, -2.050000000000001599 ) ) ;
#2874 = ORIENTED_EDGE ( 'NONE', *, *, #68, .F. ) ;
#2875 = AXIS2_PLACEMENT_3D ( 'NONE', #6762, #342, #415 ) ;
#2876 = ORIENTED_EDGE ( 'NONE', *, *, #8131, .T. ) ;
#2877 = FILL_AREA_STYLE_COLOUR ( '', #5689 ) ;
#2878 =( GEOMETRIC_REPRESENTATION_CONTEXT ( 3 ) GLOBAL_UNCERTAINTY_ASSIGNED_CONTEXT ( ( #3262 ) ) GLOBAL_UNIT_ASSIGNED_CONTEXT ( ( #8035, #4576, #7908 ) ) REPRESENTATION_CONTEXT ( 'NONE', 'WORKASPACE' ) );
#2879 = CARTESIAN_POINT ( 'NONE',  ( 4.049999999999999822, 5.100000000000001421, -0.1500000000000003830 ) ) ;
#2880 = FILL_AREA_STYLE_COLOUR ( '', #3991 ) ;
#2881 =( NAMED_UNIT ( * ) SI_UNIT ( $, .STERADIAN. ) SOLID_ANGLE_UNIT ( ) );
#2882 = FILL_AREA_STYLE ('',( #2334 ) ) ;
#2883 = EDGE_LOOP ( 'NONE', ( #344, #2035, #468, #435 ) ) ;
#2884 = LINE ( 'NONE', #5723, #7994 ) ;
#2885 = FILL_AREA_STYLE_COLOUR ( '', #1841 ) ;
#2886 = SURFACE_SIDE_STYLE ('',( #64 ) ) ;
#2887 = ORIENTED_EDGE ( 'NONE', *, *, #6444, .T. ) ;
#2888 = EDGE_CURVE ( 'NONE', #5756, #4546, #3835, .T. ) ;
#2889 = ORIENTED_EDGE ( 'NONE', *, *, #6724, .F. ) ;
#2890 = UNCERTAINTY_MEASURE_WITH_UNIT (LENGTH_MEASURE( 1.000000000000000082E-05 ), #182, 'distance_accuracy_value', 'NONE');
#2891 = PRESENTATION_LAYER_ASSIGNMENT (  '', '', ( #2309 ) ) ;
#2892 = PLANE ( 'NONE',  #2096 ) ;
#2893 = VERTEX_POINT ( 'NONE', #5641 ) ;
#2894 = SURFACE_STYLE_USAGE ( .BOTH. , #729 ) ;
#2895 =( NAMED_UNIT ( * ) PLANE_ANGLE_UNIT ( ) SI_UNIT ( $, .RADIAN. ) );
#2896 = LINE ( 'NONE', #3554, #2326 ) ;
#2897 = CARTESIAN_POINT ( 'NONE',  ( 1.299999999999999600, 0.2000000000000000389, -2.800000000000000266 ) ) ;
#2898 = ORIENTED_EDGE ( 'NONE', *, *, #7025, .F. ) ;
#2899 = COLOUR_RGB ( '',1.000000000000000000, 0.8117647058823529438, 0.5019607843137254832 ) ;
#2900 = PRESENTATION_LAYER_ASSIGNMENT (  '', '', ( #4372 ) ) ;
#2901 = EDGE_CURVE ( 'NONE', #7205, #5459, #4778, .T. ) ;
#2902 = ORIENTED_EDGE ( 'NONE', *, *, #8751, .F. ) ;
#2903 =( NAMED_UNIT ( * ) PLANE_ANGLE_UNIT ( ) SI_UNIT ( $, .RADIAN. ) );
#2904 = DIRECTION ( 'NONE',  ( -3.833233541708432880E-17, -0.7071067811865471286, -0.7071067811865479058 ) ) ;
#2905 = FILL_AREA_STYLE ('',( #5527 ) ) ;
#2906 = PRESENTATION_LAYER_ASSIGNMENT (  '', '', ( #4511 ) ) ;
#2907 =( LENGTH_UNIT ( ) NAMED_UNIT ( * ) SI_UNIT ( .MILLI., .METRE. ) );
#2908 = DIRECTION ( 'NONE',  ( 0.0000000000000000000, 1.000000000000000000, 0.0000000000000000000 ) ) ;
#2909 = VECTOR ( 'NONE', #2523, 1000.000000000000000 ) ;
#2910 = EDGE_LOOP ( 'NONE', ( #3992, #5149, #7055, #8044 ) ) ;
#2911 = ADVANCED_FACE ( 'NONE', ( #4964 ), #2837, .F. ) ;
#2912 = MECHANICAL_DESIGN_GEOMETRIC_PRESENTATION_REPRESENTATION (  '', ( #4831 ), #4380 ) ;
#2913 = PLANE ( 'NONE',  #4195 ) ;
#2914 = EDGE_CURVE ( 'NONE', #5921, #7763, #6934, .T. ) ;
#2915 = CARTESIAN_POINT ( 'NONE',  ( 10.24999999999999822, 5.000000000000000888, 0.2500000000000002220 ) ) ;
#2916 = FILL_AREA_STYLE ('',( #838 ) ) ;
#2917 =( LENGTH_UNIT ( ) NAMED_UNIT ( * ) SI_UNIT ( .MILLI., .METRE. ) );
#2918 =( NAMED_UNIT ( * ) SI_UNIT ( $, .STERADIAN. ) SOLID_ANGLE_UNIT ( ) );
#2919 = DIRECTION ( 'NONE',  ( 0.0000000000000000000, 0.0000000000000000000, -1.000000000000000000 ) ) ;
#2920 = VERTEX_POINT ( 'NONE', #2105 ) ;
#2921 = VECTOR ( 'NONE', #4692, 1000.000000000000000 ) ;
#2922 = DIRECTION ( 'NONE',  ( -3.872150616019660190E-17, -1.000000000000000000, 0.0000000000000000000 ) ) ;
#2923 = EDGE_CURVE ( 'NONE', #5523, #1315, #587, .T. ) ;
#2924 = ORIENTED_EDGE ( 'NONE', *, *, #8125, .F. ) ;
#2925 = VERTEX_POINT ( 'NONE', #2707 ) ;
#2926 = SURFACE_SIDE_STYLE ('',( #97 ) ) ;
#2927 =( LENGTH_UNIT ( ) NAMED_UNIT ( * ) SI_UNIT ( .MILLI., .METRE. ) );
#2928 = SURFACE_SIDE_STYLE ('',( #7985 ) ) ;
#2929 =( LENGTH_UNIT ( ) NAMED_UNIT ( * ) SI_UNIT ( .MILLI., .METRE. ) );
#2930 = CARTESIAN_POINT ( 'NONE',  ( 2.050000000000000266, -3.399999999999999911, -0.1500000000000003830 ) ) ;
#2931 = DIRECTION ( 'NONE',  ( 0.0000000000000000000, 0.0000000000000000000, 1.000000000000000000 ) ) ;
#2932 = SURFACE_STYLE_FILL_AREA ( #2882 ) ;
#2933 = ORIENTED_EDGE ( 'NONE', *, *, #5703, .F. ) ;
#2934 = VECTOR ( 'NONE', #5319, 1000.000000000000000 ) ;
#2935 = ORIENTED_EDGE ( 'NONE', *, *, #1464, .F. ) ;
#2936 = DIRECTION ( 'NONE',  ( 1.000000000000000000, -5.421010862427522170E-17, 0.0000000000000000000 ) ) ;
#2937 = FILL_AREA_STYLE_COLOUR ( '', #2497 ) ;
#2938 = CARTESIAN_POINT ( 'NONE',  ( 7.166666666666666963, -4.383333333333333748, -0.8333333333333317050 ) ) ;
#2939 = CARTESIAN_POINT ( 'NONE',  ( 2.250000000000000000, -3.300000000000002043, -0.2499999999999997780 ) ) ;
#2940 = VERTEX_POINT ( 'NONE', #5554 ) ;
#2941 = AXIS2_PLACEMENT_3D ( 'NONE', #6039, #6656, #3157 ) ;
#2942 = DIRECTION ( 'NONE',  ( 0.0000000000000000000, 1.000000000000000000, 0.0000000000000000000 ) ) ;
#2943 = FILL_AREA_STYLE ('',( #7050 ) ) ;
#2944 = DIRECTION ( 'NONE',  ( -1.000000000000000000, 3.872150616019660190E-17, -0.0000000000000000000 ) ) ;
#2945 =( GEOMETRIC_REPRESENTATION_CONTEXT ( 3 ) GLOBAL_UNCERTAINTY_ASSIGNED_CONTEXT ( ( #7968 ) ) GLOBAL_UNIT_ASSIGNED_CONTEXT ( ( #6503, #4551, #5878 ) ) REPRESENTATION_CONTEXT ( 'NONE', 'WORKASPACE' ) );
#2946 =( NAMED_UNIT ( * ) PLANE_ANGLE_UNIT ( ) SI_UNIT ( $, .RADIAN. ) );
#2947 =( NAMED_UNIT ( * ) SI_UNIT ( $, .STERADIAN. ) SOLID_ANGLE_UNIT ( ) );
#2948 = ORIENTED_EDGE ( 'NONE', *, *, #6073, .T. ) ;
#2949 = ADVANCED_FACE ( 'NONE', ( #6179 ), #8916, .T. ) ;
#2950 = ADVANCED_FACE ( 'NONE', ( #2057 ), #2654, .F. ) ;
#2951 = AXIS2_PLACEMENT_3D ( 'NONE', #2077, #4198, #696 ) ;
#2952 =( GEOMETRIC_REPRESENTATION_CONTEXT ( 3 ) GLOBAL_UNCERTAINTY_ASSIGNED_CONTEXT ( ( #6587 ) ) GLOBAL_UNIT_ASSIGNED_CONTEXT ( ( #3705, #5593, #2881 ) ) REPRESENTATION_CONTEXT ( 'NONE', 'WORKASPACE' ) );
#2953 = DIRECTION ( 'NONE',  ( 1.000000000000000000, 0.0000000000000000000, -0.0000000000000000000 ) ) ;
#2954 = VERTEX_POINT ( 'NONE', #5249 ) ;
#2955 = CARTESIAN_POINT ( 'NONE',  ( -1.951000000000000956, 6.000000000000000000, 0.3199999999999986744 ) ) ;
#2956 = DIRECTION ( 'NONE',  ( -0.7071067811865457964, 0.7071067811865492381, 0.0000000000000000000 ) ) ;
#2957 = CARTESIAN_POINT ( 'NONE',  ( 1.749999999999999778, -3.399999999999999911, -0.2499999999999997780 ) ) ;
#2958 = LINE ( 'NONE', #1590, #884 ) ;
#2959 = CARTESIAN_POINT ( 'NONE',  ( 11.95000000000000107, 6.000000000000000000, 1.699999999999999289 ) ) ;
#2960 = PRESENTATION_STYLE_ASSIGNMENT (( #6505 ) ) ;
#2961 = DIRECTION ( 'NONE',  ( -1.000000000000000000, 0.0000000000000000000, 0.0000000000000000000 ) ) ;
#2962 = ORIENTED_EDGE ( 'NONE', *, *, #3063, .T. ) ;
#2963 = FILL_AREA_STYLE ('',( #4344 ) ) ;
#2964 = ORIENTED_EDGE ( 'NONE', *, *, #7452, .F. ) ;
#2965 = EDGE_CURVE ( 'NONE', #4546, #2647, #4516, .T. ) ;
#2966 = COLOUR_RGB ( '',1.000000000000000000, 0.8117647058823529438, 0.5019607843137254832 ) ;
#2967 = COLOUR_RGB ( '',1.000000000000000000, 0.8117647058823529438, 0.5019607843137254832 ) ;
#2968 =( NAMED_UNIT ( * ) SI_UNIT ( $, .STERADIAN. ) SOLID_ANGLE_UNIT ( ) );
#2969 = ADVANCED_FACE ( 'NONE', ( #347 ), #8054, .T. ) ;
#2970 = DIRECTION ( 'NONE',  ( -0.7071067811865492381, 0.7071067811865457964, -0.0000000000000000000 ) ) ;
#2971 = ORIENTED_EDGE ( 'NONE', *, *, #4705, .F. ) ;
#2972 = COLOUR_RGB ( '',1.000000000000000000, 0.8117647058823529438, 0.5019607843137254832 ) ;
#2973 = SURFACE_SIDE_STYLE ('',( #6562 ) ) ;
#2974 = CARTESIAN_POINT ( 'NONE',  ( 4.250000000000000000, -3.300000000000000266, -0.2499999999999997780 ) ) ;
#2975 = ORIENTED_EDGE ( 'NONE', *, *, #3825, .F. ) ;
#2976 = ADVANCED_FACE ( 'NONE', ( #1787 ), #4472, .F. ) ;
#2977 =( NAMED_UNIT ( * ) PLANE_ANGLE_UNIT ( ) SI_UNIT ( $, .RADIAN. ) );
#2978 = VECTOR ( 'NONE', #1597, 1000.000000000000000 ) ;
#2979 = ORIENTED_EDGE ( 'NONE', *, *, #1818, .F. ) ;
#2980 = ADVANCED_FACE ( 'NONE', ( #8685 ), #935, .T. ) ;
#2981 = STYLED_ITEM ( 'NONE', ( #3550 ), #480 ) ;
#2982 = STYLED_ITEM ( 'NONE', ( #5344 ), #8812 ) ;
#2983 = ORIENTED_EDGE ( 'NONE', *, *, #2167, .F. ) ;
#2984 = STYLED_ITEM ( 'NONE', ( #6220 ), #4946 ) ;
#2985 = SURFACE_STYLE_USAGE ( .BOTH. , #913 ) ;
#2986 = CARTESIAN_POINT ( 'NONE',  ( -0.7000000000000005107, 0.0000000000000000000, -2.800000000000000266 ) ) ;
#2987 = AXIS2_PLACEMENT_3D ( 'NONE', #2656, #4082, #2009 ) ;
#2988 = FILL_AREA_STYLE_COLOUR ( '', #8892 ) ;
#2989 = DIRECTION ( 'NONE',  ( 1.000000000000000000, 0.0000000000000000000, 0.0000000000000000000 ) ) ;
#2990 = ORIENTED_EDGE ( 'NONE', *, *, #1603, .F. ) ;
#2991 = AXIS2_PLACEMENT_3D ( 'NONE', #417, #3377, #9044 ) ;
#2992 = VECTOR ( 'NONE', #5440, 999.9999999999998863 ) ;
#2993 = COLOUR_RGB ( '',1.000000000000000000, 0.8117647058823529438, 0.5019607843137254832 ) ;
#2994 = DIRECTION ( 'NONE',  ( -3.833233541708420554E-17, -0.7071067811865447972, -0.7071067811865502373 ) ) ;
#2995 = SURFACE_SIDE_STYLE ('',( #76 ) ) ;
#2996 =( NAMED_UNIT ( * ) SI_UNIT ( $, .STERADIAN. ) SOLID_ANGLE_UNIT ( ) );
#2997 = CARTESIAN_POINT ( 'NONE',  ( 7.750000000000000000, -3.300000000000000266, -0.2499999999999997780 ) ) ;
#2998 = PLANE ( 'NONE',  #3522 ) ;
#2999 = ORIENTED_EDGE ( 'NONE', *, *, #1894, .T. ) ;
#3000 = VECTOR ( 'NONE', #5198, 1000.000000000000000 ) ;
#3001 = ADVANCED_FACE ( 'NONE', ( #3225 ), #7416, .F. ) ;
#3002 = AXIS2_PLACEMENT_3D ( 'NONE', #3777, #6064, #5926 ) ;
#3003 = MECHANICAL_DESIGN_GEOMETRIC_PRESENTATION_REPRESENTATION (  '', ( #4611 ), #2274 ) ;
#3004 = UNCERTAINTY_MEASURE_WITH_UNIT (LENGTH_MEASURE( 1.000000000000000082E-05 ), #7833, 'distance_accuracy_value', 'NONE');
#3005 = PLANE ( 'NONE',  #2840 ) ;
#3006 = DIRECTION ( 'NONE',  ( 3.872150616019660190E-17, 1.000000000000000000, -0.0000000000000000000 ) ) ;
#3007 = SURFACE_SIDE_STYLE ('',( #5034 ) ) ;
#3008 = DIRECTION ( 'NONE',  ( -1.000000000000000000, -9.035018104045878829E-16, 0.0000000000000000000 ) ) ;
#3009 = DIRECTION ( 'NONE',  ( 1.000000000000000000, -5.421010862427522170E-17, 0.0000000000000000000 ) ) ;
#3010 = SURFACE_SIDE_STYLE ('',( #138 ) ) ;
#3011 = VERTEX_POINT ( 'NONE', #5529 ) ;
#3012 = EDGE_CURVE ( 'NONE', #4965, #5068, #8899, .T. ) ;
#3013 = ORIENTED_EDGE ( 'NONE', *, *, #2578, .T. ) ;
#3014 = STYLED_ITEM ( 'NONE', ( #237 ), #7279 ) ;
#3015 = DIRECTION ( 'NONE',  ( 4.336808689942017736E-16, 0.0000000000000000000, 1.000000000000000000 ) ) ;
#3016 = ADVANCED_FACE ( 'NONE', ( #2676, #9001, #1836, #8141, #5425, #8228, #8324 ), #2593, .T. ) ;
#3017 = PRESENTATION_LAYER_ASSIGNMENT (  '', '', ( #5080 ) ) ;
#3018 = SURFACE_SIDE_STYLE ('',( #3056 ) ) ;
#3019 = EDGE_CURVE ( 'NONE', #6749, #881, #2862, .T. ) ;
#3020 = SURFACE_STYLE_USAGE ( .BOTH. , #2928 ) ;
#3021 = EDGE_CURVE ( 'NONE', #412, #3292, #615, .T. ) ;
#3022 = CARTESIAN_POINT ( 'NONE',  ( 11.35000000000000497, 1.149999999999999911, -2.350000000000000977 ) ) ;
#3023 = LINE ( 'NONE', #7857, #8977 ) ;
#3024 = AXIS2_PLACEMENT_3D ( 'NONE', #1923, #6061, #8762 ) ;
#3025 = EDGE_LOOP ( 'NONE', ( #1130, #5427, #1078, #5610 ) ) ;
#3026 = PLANE ( 'NONE',  #2844 ) ;
#3027 = COLOUR_RGB ( '',1.000000000000000000, 0.8117647058823529438, 0.5019607843137254832 ) ;
#3028 = ADVANCED_FACE ( 'NONE', ( #6398 ), #1402, .F. ) ;
#3029 = FILL_AREA_STYLE ('',( #8534 ) ) ;
#3030 = CARTESIAN_POINT ( 'NONE',  ( 8.699999999999999289, 0.0000000000000000000, -2.800000000000000266 ) ) ;
#3031 = DIRECTION ( 'NONE',  ( -1.000000000000000000, -0.0000000000000000000, -1.927470528863119049E-16 ) ) ;
#3032 = DIRECTION ( 'NONE',  ( -0.0000000000000000000, -0.0000000000000000000, 1.000000000000000000 ) ) ;
#3033 = ORIENTED_EDGE ( 'NONE', *, *, #1249, .F. ) ;
#3034 = CARTESIAN_POINT ( 'NONE',  ( 3.250000000000000888, 1.149999999999999911, -2.050000000000001599 ) ) ;
#3035 = FACE_OUTER_BOUND ( 'NONE', #3579, .T. ) ;
#3036 = CARTESIAN_POINT ( 'NONE',  ( -1.949999999999999956, 6.000000000000000000, 1.700000000000000178 ) ) ;
#3037 = FILL_AREA_STYLE ('',( #5832 ) ) ;
#3038 = ORIENTED_EDGE ( 'NONE', *, *, #4573, .F. ) ;
#3039 = AXIS2_PLACEMENT_3D ( 'NONE', #6129, #8870, #397 ) ;
#3040 = AXIS2_PLACEMENT_3D ( 'NONE', #7537, #1810, #8970 ) ;
#3041 = CARTESIAN_POINT ( 'NONE',  ( 1.150000000000000355, 6.000000000000000000, -2.801000000000000600 ) ) ;
#3042 = VECTOR ( 'NONE', #5676, 1000.000000000000000 ) ;
#3043 =( GEOMETRIC_REPRESENTATION_CONTEXT ( 3 ) GLOBAL_UNCERTAINTY_ASSIGNED_CONTEXT ( ( #8493 ) ) GLOBAL_UNIT_ASSIGNED_CONTEXT ( ( #7148, #7878, #7741 ) ) REPRESENTATION_CONTEXT ( 'NONE', 'WORKASPACE' ) );
#3044 =( LENGTH_UNIT ( ) NAMED_UNIT ( * ) SI_UNIT ( .MILLI., .METRE. ) );
#3045 =( NAMED_UNIT ( * ) PLANE_ANGLE_UNIT ( ) SI_UNIT ( $, .RADIAN. ) );
#3046 = SURFACE_STYLE_FILL_AREA ( #266 ) ;
#3047 = LINE ( 'NONE', #6678, #6914 ) ;
#3048 = FILL_AREA_STYLE ('',( #842 ) ) ;
#3049 = CARTESIAN_POINT ( 'NONE',  ( -1.949999999999999956, 0.0000000000000000000, -2.050000000000001599 ) ) ;
#3050 =( LENGTH_UNIT ( ) NAMED_UNIT ( * ) SI_UNIT ( .MILLI., .METRE. ) );
#3051 = ORIENTED_EDGE ( 'NONE', *, *, #1652, .F. ) ;
#3052 = AXIS2_PLACEMENT_3D ( 'NONE', #3541, #8089, #3008 ) ;
#3053 = PRESENTATION_LAYER_ASSIGNMENT (  '', '', ( #1246 ) ) ;
#3054 = ORIENTED_EDGE ( 'NONE', *, *, #7915, .T. ) ;
#3055 = LINE ( 'NONE', #198, #59 ) ;
#3056 = SURFACE_STYLE_FILL_AREA ( #199 ) ;
#3057 = DIRECTION ( 'NONE',  ( 0.0000000000000000000, -1.000000000000000000, 0.0000000000000000000 ) ) ;
#3058 =( NAMED_UNIT ( * ) SI_UNIT ( $, .STERADIAN. ) SOLID_ANGLE_UNIT ( ) );
#3059 = AXIS2_PLACEMENT_3D ( 'NONE', #697, #742, #8552 ) ;
#3060 = CARTESIAN_POINT ( 'NONE',  ( 8.699999999999999289, 0.0000000000000000000, 1.700000000000000178 ) ) ;
#3061 = ORIENTED_EDGE ( 'NONE', *, *, #3118, .F. ) ;
#3062 = SURFACE_STYLE_USAGE ( .BOTH. , #5814 ) ;
#3063 = EDGE_CURVE ( 'NONE', #881, #8251, #7054, .T. ) ;
#3064 = EDGE_CURVE ( 'NONE', #8875, #553, #657, .T. ) ;
#3065 = COLOUR_RGB ( '',1.000000000000000000, 0.8117647058823529438, 0.5019607843137254832 ) ;
#3066 = FILL_AREA_STYLE_COLOUR ( '', #6851 ) ;
#3067 = UNCERTAINTY_MEASURE_WITH_UNIT (LENGTH_MEASURE( 1.000000000000000082E-05 ), #24, 'distance_accuracy_value', 'NONE');
#3068 = FACE_OUTER_BOUND ( 'NONE', #4119, .T. ) ;
#3069 = DIRECTION ( 'NONE',  ( 1.000000000000000000, -3.872150616019660190E-17, 0.0000000000000000000 ) ) ;
#3070 = CARTESIAN_POINT ( 'NONE',  ( 6.249999999999998224, -3.300000000000000266, -0.2499999999999997780 ) ) ;
#3071 = ORIENTED_EDGE ( 'NONE', *, *, #6614, .T. ) ;
#3072 = ADVANCED_FACE ( 'NONE', ( #5664 ), #4288, .F. ) ;
#3073 = ADVANCED_FACE ( 'NONE', ( #7650 ), #4143, .F. ) ;
#3074 = VERTEX_POINT ( 'NONE', #1582 ) ;
#3075 = LINE ( 'NONE', #5193, #5885 ) ;
#3076 = LINE ( 'NONE', #2395, #8431 ) ;
#3077 = CARTESIAN_POINT ( 'NONE',  ( 8.699999999999999289, 0.1999999999999999833, -2.800000000000000266 ) ) ;
#3078 = CARTESIAN_POINT ( 'NONE',  ( 0.9666666666666643426, -2.516666666666667052, -1.033333333333334325 ) ) ;
#3079 = VERTEX_POINT ( 'NONE', #3126 ) ;
#3080 = ORIENTED_EDGE ( 'NONE', *, *, #2596, .T. ) ;
#3081 = FACE_OUTER_BOUND ( 'NONE', #7405, .T. ) ;
#3082 = UNCERTAINTY_MEASURE_WITH_UNIT (LENGTH_MEASURE( 1.000000000000000082E-05 ), #5866, 'distance_accuracy_value', 'NONE');
#3083 = PLANE ( 'NONE',  #3002 ) ;
#3084 = FILL_AREA_STYLE ('',( #1728 ) ) ;
#3085 = SURFACE_SIDE_STYLE ('',( #3737 ) ) ;
#3086 = LINE ( 'NONE', #5879, #7165 ) ;
#3087 = CARTESIAN_POINT ( 'NONE',  ( -0.7000000000000002887, 0.2000000000000000389, 1.700000000000000178 ) ) ;
#3088 = FILL_AREA_STYLE ('',( #5881 ) ) ;
#3089 = EDGE_LOOP ( 'NONE', ( #562, #1774, #2140, #3866 ) ) ;
#3090 = VECTOR ( 'NONE', #7052, 1000.000000000000000 ) ;
#3091 =( GEOMETRIC_REPRESENTATION_CONTEXT ( 3 ) GLOBAL_UNCERTAINTY_ASSIGNED_CONTEXT ( ( #224 ) ) GLOBAL_UNIT_ASSIGNED_CONTEXT ( ( #7534, #3444, #6235 ) ) REPRESENTATION_CONTEXT ( 'NONE', 'WORKASPACE' ) );
#3092 = CARTESIAN_POINT ( 'NONE',  ( 3.849999999999997868, -3.399999999999999911, -2.800000000000001155 ) ) ;
#3093 = DIRECTION ( 'NONE',  ( 1.000000000000000000, -5.421010862427522170E-17, 0.0000000000000000000 ) ) ;
#3094 = EDGE_CURVE ( 'NONE', #5930, #1805, #2396, .T. ) ;
#3095 = CARTESIAN_POINT ( 'NONE',  ( 3.750000000000000444, -3.300000000000000266, -0.2499999999999997780 ) ) ;
#3096 = CARTESIAN_POINT ( 'NONE',  ( 11.18000000000000149, 4.230000000000001315, 1.249999999999998446 ) ) ;
#3097 = FILL_AREA_STYLE ('',( #946 ) ) ;
#3098 = VECTOR ( 'NONE', #3823, 1000.000000000000000 ) ;
#3099 = PLANE ( 'NONE',  #3433 ) ;
#3100 =( LENGTH_UNIT ( ) NAMED_UNIT ( * ) SI_UNIT ( .MILLI., .METRE. ) );
#3101 = VERTEX_POINT ( 'NONE', #4541 ) ;
#3102 = PLANE ( 'NONE',  #5330 ) ;
#3103 = SURFACE_SIDE_STYLE ('',( #7432 ) ) ;
#3104 = MECHANICAL_DESIGN_GEOMETRIC_PRESENTATION_REPRESENTATION (  '', ( #7226 ), #2377 ) ;
#3105 = EDGE_CURVE ( 'NONE', #6802, #5373, #1684, .T. ) ;
#3106 = VECTOR ( 'NONE', #4710, 1000.000000000000000 ) ;
#3107 = CARTESIAN_POINT ( 'NONE',  ( -1.949999999999999956, 0.8200000000000012834, 1.700000000000000178 ) ) ;
#3108 = COLOUR_RGB ( '',1.000000000000000000, 0.8117647058823529438, 0.5019607843137254832 ) ;
#3109 =( GEOMETRIC_REPRESENTATION_CONTEXT ( 3 ) GLOBAL_UNCERTAINTY_ASSIGNED_CONTEXT ( ( #1867 ) ) GLOBAL_UNIT_ASSIGNED_CONTEXT ( ( #3537, #5680, #1517 ) ) REPRESENTATION_CONTEXT ( 'NONE', 'WORKASPACE' ) );
#3110 = EDGE_CURVE ( 'NONE', #7286, #1383, #4504, .T. ) ;
#3111 = STYLED_ITEM ( 'NONE', ( #7714 ), #8060 ) ;
#3112 = SURFACE_STYLE_USAGE ( .BOTH. , #1926 ) ;
#3113 =( NAMED_UNIT ( * ) SI_UNIT ( $, .STERADIAN. ) SOLID_ANGLE_UNIT ( ) );
#3114 =( GEOMETRIC_REPRESENTATION_CONTEXT ( 3 ) GLOBAL_UNCERTAINTY_ASSIGNED_CONTEXT ( ( #5286 ) ) GLOBAL_UNIT_ASSIGNED_CONTEXT ( ( #4305, #5757, #7890 ) ) REPRESENTATION_CONTEXT ( 'NONE', 'WORKASPACE' ) );
#3115 = DIRECTION ( 'NONE',  ( -1.000000000000000000, 5.421010862427522170E-17, 0.0000000000000000000 ) ) ;
#3116 = DIRECTION ( 'NONE',  ( -9.103382349328301547E-49, -2.350988701644575016E-32, -1.000000000000000000 ) ) ;
#3117 = ORIENTED_EDGE ( 'NONE', *, *, #7409, .F. ) ;
#3118 = EDGE_CURVE ( 'NONE', #1419, #6322, #7230, .T. ) ;
#3119 = VECTOR ( 'NONE', #2478, 1000.000000000000000 ) ;
#3120 = MECHANICAL_DESIGN_GEOMETRIC_PRESENTATION_REPRESENTATION (  '', ( #4589 ), #180 ) ;
#3121 = CARTESIAN_POINT ( 'NONE',  ( 8.050000000000000711, -3.399999999999999911, 0.1500000000000008271 ) ) ;
#3123 = EDGE_CURVE ( 'NONE', #5642, #142, #6582, .T. ) ;
#3122 = STYLED_ITEM ( 'NONE', ( #4523 ), #8764 ) ;
#3124 = CARTESIAN_POINT ( 'NONE',  ( 0.0000000000000000000, -3.541421356237309581, 0.05000000000000012768 ) ) ;
#3125 =( NAMED_UNIT ( * ) PLANE_ANGLE_UNIT ( ) SI_UNIT ( $, .RADIAN. ) );
#3126 = CARTESIAN_POINT ( 'NONE',  ( 8.750000000000000000, 1.149999999999999911, -2.350000000000001421 ) ) ;
#3127 = FACE_OUTER_BOUND ( 'NONE', #5544, .T. ) ;
#3128 = ORIENTED_EDGE ( 'NONE', *, *, #906, .F. ) ;
#3129 = PRESENTATION_LAYER_ASSIGNMENT (  '', '', ( #7391 ) ) ;
#3130 = ORIENTED_EDGE ( 'NONE', *, *, #8169, .F. ) ;
#3131 = VECTOR ( 'NONE', #3009, 1000.000000000000000 ) ;
#3132 = CARTESIAN_POINT ( 'NONE',  ( 6.149999999999999467, -3.399999999999999911, 0.1500000000000008271 ) ) ;
#3133 = VECTOR ( 'NONE', #8941, 1000.000000000000000 ) ;
#3134 = DIRECTION ( 'NONE',  ( -0.0000000000000000000, 1.000000000000000000, -0.0000000000000000000 ) ) ;
#3135 = STYLED_ITEM ( 'NONE', ( #8014 ), #1029 ) ;
#3136 = CARTESIAN_POINT ( 'NONE',  ( 11.18000000000000149, 4.230000000000001315, 1.699999999999999289 ) ) ;
#3137 = LINE ( 'NONE', #8726, #3312 ) ;
#3138 = ORIENTED_EDGE ( 'NONE', *, *, #4087, .T. ) ;
#3139 = STYLED_ITEM ( 'NONE', ( #1323 ), #2273 ) ;
#3140 = CARTESIAN_POINT ( 'NONE',  ( 8.849999999999999645, 6.000000000000000888, 1.700000000000000178 ) ) ;
#3141 = PLANE ( 'NONE',  #5168 ) ;
#3142 = AXIS2_PLACEMENT_3D ( 'NONE', #4713, #359, #7429 ) ;
#3143 = FILL_AREA_STYLE_COLOUR ( '', #7298 ) ;
#3144 = ORIENTED_EDGE ( 'NONE', *, *, #6265, .T. ) ;
#3145 = CARTESIAN_POINT ( 'NONE',  ( -1.949999999999999956, 1.800000000000000044, -0.2499999999999997780 ) ) ;
#3146 = VERTEX_POINT ( 'NONE', #879 ) ;
#3147 = CARTESIAN_POINT ( 'NONE',  ( 9.750000000000000000, -3.399999999999999911, -0.2499999999999997780 ) ) ;
#3148 = PLANE ( 'NONE',  #7825 ) ;
#3149 = AXIS2_PLACEMENT_3D ( 'NONE', #3736, #8504, #2225 ) ;
#3150 = CARTESIAN_POINT ( 'NONE',  ( -1.350000000000000089, 5.650000000000000355, 1.249999999999997558 ) ) ;
#3151 = VERTEX_POINT ( 'NONE', #2269 ) ;
#3152 = VECTOR ( 'NONE', #1415, 1000.000000000000000 ) ;
#3153 = DIRECTION ( 'NONE',  ( 0.0000000000000000000, -0.0000000000000000000, -1.000000000000000000 ) ) ;
#3154 = VECTOR ( 'NONE', #6683, 1000.000000000000000 ) ;
#3155 = SURFACE_STYLE_USAGE ( .BOTH. , #1087 ) ;
#3156 = DIRECTION ( 'NONE',  ( 0.0000000000000000000, 0.0000000000000000000, -1.000000000000000000 ) ) ;
#3157 = DIRECTION ( 'NONE',  ( 0.0000000000000000000, -0.0000000000000000000, -1.000000000000000000 ) ) ;
#3158 = FILL_AREA_STYLE_COLOUR ( '', #6806 ) ;
#3159 = CARTESIAN_POINT ( 'NONE',  ( 8.250000000000000000, -3.300000000000000266, 0.2500000000000002220 ) ) ;
#3160 = VERTEX_POINT ( 'NONE', #1540 ) ;
#3161 = ORIENTED_EDGE ( 'NONE', *, *, #8733, .F. ) ;
#3162 = MECHANICAL_DESIGN_GEOMETRIC_PRESENTATION_REPRESENTATION (  '', ( #3469 ), #3621 ) ;
#3163 = EDGE_CURVE ( 'NONE', #2871, #2715, #174, .T. ) ;
#3164 =( LENGTH_UNIT ( ) NAMED_UNIT ( * ) SI_UNIT ( .MILLI., .METRE. ) );
#3165 = VECTOR ( 'NONE', #8936, 1000.000000000000000 ) ;
#3166 = DIRECTION ( 'NONE',  ( -4.336808689942017736E-16, 0.0000000000000000000, -1.000000000000000000 ) ) ;
#3167 =( LENGTH_UNIT ( ) NAMED_UNIT ( * ) SI_UNIT ( .MILLI., .METRE. ) );
#3168 = ORIENTED_EDGE ( 'NONE', *, *, #2191, .F. ) ;
#3169 = CARTESIAN_POINT ( 'NONE',  ( 4.966666666666665897, -2.516666666666663943, -1.033333333333335213 ) ) ;
#3170 = DIRECTION ( 'NONE',  ( 1.000000000000000000, -0.0000000000000000000, 1.927470528863119295E-16 ) ) ;
#3171 = LINE ( 'NONE', #6054, #456 ) ;
#3172 = ORIENTED_EDGE ( 'NONE', *, *, #1748, .T. ) ;
#3173 = EDGE_CURVE ( 'NONE', #1788, #939, #5115, .T. ) ;
#3174 = VERTEX_POINT ( 'NONE', #964 ) ;
#3175 = ORIENTED_EDGE ( 'NONE', *, *, #4451, .T. ) ;
#3176 = EDGE_CURVE ( 'NONE', #5955, #3388, #5868, .T. ) ;
#3177 = LINE ( 'NONE', #5964, #5089 ) ;
#3178 = UNCERTAINTY_MEASURE_WITH_UNIT (LENGTH_MEASURE( 1.000000000000000082E-05 ), #1431, 'distance_accuracy_value', 'NONE');
#3179 = CARTESIAN_POINT ( 'NONE',  ( 1.150000000000000355, 6.000000000000000000, -2.801000000000000600 ) ) ;
#3180 = VECTOR ( 'NONE', #2431, 1000.000000000000000 ) ;
#3181 = PRESENTATION_STYLE_ASSIGNMENT (( #1019 ) ) ;
#3182 = COLOUR_RGB ( '',1.000000000000000000, 0.8117647058823529438, 0.5019607843137254832 ) ;
#3183 = ORIENTED_EDGE ( 'NONE', *, *, #5047, .T. ) ;
#3184 = AXIS2_PLACEMENT_3D ( 'NONE', #2189, #630, #7663 ) ;
#3185 = STYLED_ITEM ( 'NONE', ( #2078 ), #6331 ) ;
#3186 = CARTESIAN_POINT ( 'NONE',  ( 4.083333333333334814, 5.166666666666669627, -0.08333333333333282911 ) ) ;
#3187 = FILL_AREA_STYLE_COLOUR ( '', #7099 ) ;
#3188 = PRESENTATION_STYLE_ASSIGNMENT (( #3871 ) ) ;
#3189 = LINE ( 'NONE', #2457, #6999 ) ;
#3190 =( NAMED_UNIT ( * ) PLANE_ANGLE_UNIT ( ) SI_UNIT ( $, .RADIAN. ) );
#3191 = PLANE ( 'NONE',  #2670 ) ;
#3192 = SURFACE_STYLE_FILL_AREA ( #358 ) ;
#3193 =( NAMED_UNIT ( * ) SI_UNIT ( $, .STERADIAN. ) SOLID_ANGLE_UNIT ( ) );
#3194 = VERTEX_POINT ( 'NONE', #3808 ) ;
#3195 = LINE ( 'NONE', #1079, #5772 ) ;
#3196 = PRESENTATION_STYLE_ASSIGNMENT (( #5897 ) ) ;
#3197 = PRESENTATION_LAYER_ASSIGNMENT (  '', '', ( #5965 ) ) ;
#3198 = FILL_AREA_STYLE_COLOUR ( '', #8036 ) ;
#3199 = LINE ( 'NONE', #5988, #7236 ) ;
#3200 = PRESENTATION_STYLE_ASSIGNMENT (( #364 ) ) ;
#3201 = CARTESIAN_POINT ( 'NONE',  ( 5.250000000000000888, 1.149999999999999911, -2.050000000000001599 ) ) ;
#3202 = SURFACE_STYLE_FILL_AREA ( #3884 ) ;
#3203 =( LENGTH_UNIT ( ) NAMED_UNIT ( * ) SI_UNIT ( .MILLI., .METRE. ) );
#3204 =( NAMED_UNIT ( * ) PLANE_ANGLE_UNIT ( ) SI_UNIT ( $, .RADIAN. ) );
#3205 =( LENGTH_UNIT ( ) NAMED_UNIT ( * ) SI_UNIT ( .MILLI., .METRE. ) );
#3206 = FACE_OUTER_BOUND ( 'NONE', #2857, .T. ) ;
#3207 = LINE ( 'NONE', #3936, #9081 ) ;
#3208 = VERTEX_POINT ( 'NONE', #1635 ) ;
#3209 =( GEOMETRIC_REPRESENTATION_CONTEXT ( 3 ) GLOBAL_UNCERTAINTY_ASSIGNED_CONTEXT ( ( #6498 ) ) GLOBAL_UNIT_ASSIGNED_CONTEXT ( ( #7272, #1720, #7959 ) ) REPRESENTATION_CONTEXT ( 'NONE', 'WORKASPACE' ) );
#3210 = ADVANCED_FACE ( 'NONE', ( #8714 ), #2998, .F. ) ;
#3211 = SURFACE_SIDE_STYLE ('',( #8126 ) ) ;
#3212 = LINE ( 'NONE', #8076, #4409 ) ;
#3213 = CARTESIAN_POINT ( 'NONE',  ( 9.750000000000000000, -3.399999999999999911, 0.1500000000000008271 ) ) ;
#3214 = FACE_OUTER_BOUND ( 'NONE', #2624, .T. ) ;
#3215 = SURFACE_SIDE_STYLE ('',( #335 ) ) ;
#3216 = DIRECTION ( 'NONE',  ( 1.000000000000000000, -3.872150616019660190E-17, -4.336808689942017736E-16 ) ) ;
#3217 = ORIENTED_EDGE ( 'NONE', *, *, #8264, .T. ) ;
#3218 = ORIENTED_EDGE ( 'NONE', *, *, #6727, .T. ) ;
#3219 = EDGE_LOOP ( 'NONE', ( #2802, #1596, #6362, #5714 ) ) ;
#3220 = PLANE ( 'NONE',  #3024 ) ;
#3221 = EDGE_CURVE ( 'NONE', #5523, #6273, #5417, .T. ) ;
#3222 = SURFACE_SIDE_STYLE ('',( #3905 ) ) ;
#3223 =( LENGTH_UNIT ( ) NAMED_UNIT ( * ) SI_UNIT ( .MILLI., .METRE. ) );
#3224 = VERTEX_POINT ( 'NONE', #5276 ) ;
#3225 = FACE_OUTER_BOUND ( 'NONE', #1533, .T. ) ;
#3226 = VERTEX_POINT ( 'NONE', #7599 ) ;
#3227 = CARTESIAN_POINT ( 'NONE',  ( 10.24999999999999822, -3.399999999999999911, -0.2499999999999997780 ) ) ;
#3228 = VERTEX_POINT ( 'NONE', #8800 ) ;
#3229 = EDGE_CURVE ( 'NONE', #2450, #5921, #1872, .T. ) ;
#3230 = AXIS2_PLACEMENT_3D ( 'NONE', #4272, #7634, #5645 ) ;
#3231 = CARTESIAN_POINT ( 'NONE',  ( 6.749999999999999112, 3.399999999999999467, -2.350000000000001421 ) ) ;
#3232 = LINE ( 'NONE', #8098, #8400 ) ;
#3233 = PRESENTATION_LAYER_ASSIGNMENT (  '', '', ( #7498 ) ) ;
#3234 = FACE_OUTER_BOUND ( 'NONE', #2000, .T. ) ;
#3235 = FACE_OUTER_BOUND ( 'NONE', #487, .T. ) ;
#3236 =( NAMED_UNIT ( * ) PLANE_ANGLE_UNIT ( ) SI_UNIT ( $, .RADIAN. ) );
#3237 = DIRECTION ( 'NONE',  ( 1.000000000000000000, -5.421010862427522170E-17, 0.0000000000000000000 ) ) ;
#3238 = EDGE_LOOP ( 'NONE', ( #4782, #1913, #6106, #540 ) ) ;
#3239 = CARTESIAN_POINT ( 'NONE',  ( -1.350000000000000089, 5.650000000000000355, 1.249999999999997558 ) ) ;
#3240 = DIRECTION ( 'NONE',  ( 1.000000000000000000, -0.0000000000000000000, -6.240012503513693999E-17 ) ) ;
#3241 = DIRECTION ( 'NONE',  ( -5.421010862427522170E-17, -1.000000000000000000, 2.350988701644575016E-32 ) ) ;
#3242 = ORIENTED_EDGE ( 'NONE', *, *, #8291, .F. ) ;
#3243 = EDGE_CURVE ( 'NONE', #2715, #2796, #5471, .T. ) ;
#3244 = VERTEX_POINT ( 'NONE', #6858 ) ;
#3245 = SURFACE_STYLE_USAGE ( .BOTH. , #6032 ) ;
#3246 = STYLED_ITEM ( 'NONE', ( #6820 ), #4231 ) ;
#3247 = MECHANICAL_DESIGN_GEOMETRIC_PRESENTATION_REPRESENTATION (  '', ( #7345 ), #5447 ) ;
#3248 = LINE ( 'NONE', #1904, #7593 ) ;
#3249 = EDGE_CURVE ( 'NONE', #5962, #152, #7449, .T. ) ;
#3250 = VECTOR ( 'NONE', #1465, 1000.000000000000000 ) ;
#3251 =( NAMED_UNIT ( * ) SI_UNIT ( $, .STERADIAN. ) SOLID_ANGLE_UNIT ( ) );
#3252 = ORIENTED_EDGE ( 'NONE', *, *, #5688, .T. ) ;
#3253 = SURFACE_STYLE_USAGE ( .BOTH. , #5990 ) ;
#3254 = DIRECTION ( 'NONE',  ( 4.336808689942017736E-16, 0.0000000000000000000, 1.000000000000000000 ) ) ;
#3255 = LINE ( 'NONE', #450, #4753 ) ;
#3256 = CARTESIAN_POINT ( 'NONE',  ( 0.08333333333333456383, 5.166666666666668739, -0.08333333333333370341 ) ) ;
#3257 = ORIENTED_EDGE ( 'NONE', *, *, #6202, .T. ) ;
#3258 = STYLED_ITEM ( 'NONE', ( #1150 ), #4475 ) ;
#3259 = COLOUR_RGB ( '',1.000000000000000000, 0.8117647058823529438, 0.5019607843137254832 ) ;
#3260 =( GEOMETRIC_REPRESENTATION_CONTEXT ( 3 ) GLOBAL_UNCERTAINTY_ASSIGNED_CONTEXT ( ( #6872 ) ) GLOBAL_UNIT_ASSIGNED_CONTEXT ( ( #6098, #2521, #5414 ) ) REPRESENTATION_CONTEXT ( 'NONE', 'WORKASPACE' ) );
#3261 = ADVANCED_FACE ( 'NONE', ( #513 ), #3411, .T. ) ;
#3262 = UNCERTAINTY_MEASURE_WITH_UNIT (LENGTH_MEASURE( 1.000000000000000082E-05 ), #8035, 'distance_accuracy_value', 'NONE');
#3263 = VECTOR ( 'NONE', #731, 1000.000000000000000 ) ;
#3264 = FACE_OUTER_BOUND ( 'NONE', #786, .T. ) ;
#3265 = PLANE ( 'NONE',  #6495 ) ;
#3266 = LINE ( 'NONE', #5416, #4078 ) ;
#3267 = COLOUR_RGB ( '',1.000000000000000000, 0.8117647058823529438, 0.5019607843137254832 ) ;
#3268 = DIRECTION ( 'NONE',  ( 1.000000000000000000, -0.0000000000000000000, -6.240012503513693999E-17 ) ) ;
#3269 = LINE ( 'NONE', #6758, #2557 ) ;
#3270 = AXIS2_PLACEMENT_3D ( 'NONE', #4575, #8783, #5352 ) ;
#3271 = VERTEX_POINT ( 'NONE', #4042 ) ;
#3272 = EDGE_LOOP ( 'NONE', ( #2809, #3532, #1286, #3341 ) ) ;
#3273 = AXIS2_PLACEMENT_3D ( 'NONE', #585, #5594, #8391 ) ;
#3274 = PRESENTATION_LAYER_ASSIGNMENT (  '', '', ( #8550 ) ) ;
#3275 = UNCERTAINTY_MEASURE_WITH_UNIT (LENGTH_MEASURE( 1.000000000000000082E-05 ), #6269, 'distance_accuracy_value', 'NONE');
#3276 =( GEOMETRIC_REPRESENTATION_CONTEXT ( 3 ) GLOBAL_UNCERTAINTY_ASSIGNED_CONTEXT ( ( #7501 ) ) GLOBAL_UNIT_ASSIGNED_CONTEXT ( ( #6304, #6120, #5394 ) ) REPRESENTATION_CONTEXT ( 'NONE', 'WORKASPACE' ) );
#3277 = PRODUCT_CONTEXT ( 'NONE', #7918, 'mechanical' ) ;
#3278 = LINE ( 'NONE', #8140, #8317 ) ;
#3279 = FILL_AREA_STYLE_COLOUR ( '', #4088 ) ;
#3280 = LINE ( 'NONE', #3227, #7713 ) ;
#3281 = ORIENTED_EDGE ( 'NONE', *, *, #2224, .F. ) ;
#3282 = COLOUR_RGB ( '',1.000000000000000000, 1.000000000000000000, 1.000000000000000000 ) ;
#3283 = STYLED_ITEM ( 'NONE', ( #1220 ), #915 ) ;
#3284 = DIRECTION ( 'NONE',  ( 1.927470528863119542E-16, -1.000000000000000000, 0.0000000000000000000 ) ) ;
#3285 =( GEOMETRIC_REPRESENTATION_CONTEXT ( 3 ) GLOBAL_UNCERTAINTY_ASSIGNED_CONTEXT ( ( #1995 ) ) GLOBAL_UNIT_ASSIGNED_CONTEXT ( ( #282, #949, #905 ) ) REPRESENTATION_CONTEXT ( 'NONE', 'WORKASPACE' ) );
#3286 = CIRCLE ( 'NONE', #4923, 0.05000000000000019013 ) ;
#3287 = UNCERTAINTY_MEASURE_WITH_UNIT (LENGTH_MEASURE( 1.000000000000000082E-05 ), #7897, 'distance_accuracy_value', 'NONE');
#3288 = LINE ( 'NONE', #6684, #1306 ) ;
#3289 =( NAMED_UNIT ( * ) SI_UNIT ( $, .STERADIAN. ) SOLID_ANGLE_UNIT ( ) );
#3290 = DIRECTION ( 'NONE',  ( 0.0000000000000000000, 1.000000000000000000, 0.0000000000000000000 ) ) ;
#3291 =( NAMED_UNIT ( * ) SI_UNIT ( $, .STERADIAN. ) SOLID_ANGLE_UNIT ( ) );
#3292 = VERTEX_POINT ( 'NONE', #552 ) ;
#3293 = LINE ( 'NONE', #6738, #3449 ) ;
#3294 = SURFACE_SIDE_STYLE ('',( #4669 ) ) ;
#3295 =( LENGTH_UNIT ( ) NAMED_UNIT ( * ) SI_UNIT ( .MILLI., .METRE. ) );
#3296 = AXIS2_PLACEMENT_3D ( 'NONE', #1541, #5116, #2270 ) ;
#3297 = EDGE_CURVE ( 'NONE', #3208, #118, #2482, .T. ) ;
#3298 = EDGE_CURVE ( 'NONE', #9002, #5930, #3897, .T. ) ;
#3299 = CARTESIAN_POINT ( 'NONE',  ( -0.7000000000000002887, 0.2000000000000000389, 1.700000000000000178 ) ) ;
#3300 = COLOUR_RGB ( '',1.000000000000000000, 1.000000000000000000, 1.000000000000000000 ) ;
#3301 =( NAMED_UNIT ( * ) SI_UNIT ( $, .STERADIAN. ) SOLID_ANGLE_UNIT ( ) );
#3302 = MECHANICAL_DESIGN_GEOMETRIC_PRESENTATION_REPRESENTATION (  '', ( #1205 ), #5205 ) ;
#3303 = FACE_OUTER_BOUND ( 'NONE', #2025, .T. ) ;
#3304 = SURFACE_STYLE_USAGE ( .BOTH. , #3355 ) ;
#3305 = CARTESIAN_POINT ( 'NONE',  ( -1.949999999999999734, 5.100000000000001421, -0.1500000000000003830 ) ) ;
#3306 =( NAMED_UNIT ( * ) PLANE_ANGLE_UNIT ( ) SI_UNIT ( $, .RADIAN. ) );
#3307 = ORIENTED_EDGE ( 'NONE', *, *, #8419, .F. ) ;
#3308 = CARTESIAN_POINT ( 'NONE',  ( 2.699999999999999734, 0.0000000000000000000, 1.700000000000000178 ) ) ;
#3309 = LINE ( 'NONE', #9028, #2599 ) ;
#3310 = CARTESIAN_POINT ( 'NONE',  ( 8.150000000000000355, -3.399999999999999911, -0.1500000000000003830 ) ) ;
#3311 = EDGE_LOOP ( 'NONE', ( #1980, #5059, #7187, #7212 ) ) ;
#3312 = VECTOR ( 'NONE', #2594, 1000.000000000000000 ) ;
#3313 = EDGE_CURVE ( 'NONE', #8041, #6968, #1061, .T. ) ;
#3314 =( GEOMETRIC_REPRESENTATION_CONTEXT ( 3 ) GLOBAL_UNCERTAINTY_ASSIGNED_CONTEXT ( ( #4179 ) ) GLOBAL_UNIT_ASSIGNED_CONTEXT ( ( #580, #1329, #5169 ) ) REPRESENTATION_CONTEXT ( 'NONE', 'WORKASPACE' ) );
#3315 = EDGE_CURVE ( 'NONE', #7597, #8597, #373, .T. ) ;
#3316 = PRESENTATION_LAYER_ASSIGNMENT (  '', '', ( #1667 ) ) ;
#3317 = SURFACE_STYLE_FILL_AREA ( #8265 ) ;
#3318 = PRESENTATION_STYLE_ASSIGNMENT (( #8927 ) ) ;
#3319 = FILL_AREA_STYLE ('',( #3457 ) ) ;
#3320 = DIRECTION ( 'NONE',  ( 1.032573497605242224E-16, -1.000000000000000000, 0.0000000000000000000 ) ) ;
#3321 = SURFACE_STYLE_USAGE ( .BOTH. , #6053 ) ;
#3322 = CARTESIAN_POINT ( 'NONE',  ( 7.299999999999998934, 0.0000000000000000000, -2.800000000000000266 ) ) ;
#3323 = PRESENTATION_LAYER_ASSIGNMENT (  '', '', ( #3469 ) ) ;
#3324 = ORIENTED_EDGE ( 'NONE', *, *, #677, .T. ) ;
#3325 = VERTEX_POINT ( 'NONE', #783 ) ;
#3326 = DIRECTION ( 'NONE',  ( -0.0000000000000000000, -0.0000000000000000000, -1.000000000000000000 ) ) ;
#3327 = LINE ( 'NONE', #611, #2845 ) ;
#3328 = FILL_AREA_STYLE ('',( #471 ) ) ;
#3329 = FACE_OUTER_BOUND ( 'NONE', #3272, .T. ) ;
#3330 = ORIENTED_EDGE ( 'NONE', *, *, #5835, .T. ) ;
#3331 = ORIENTED_EDGE ( 'NONE', *, *, #8414, .T. ) ;
#3332 = DIRECTION ( 'NONE',  ( 1.000000000000000000, 0.0000000000000000000, -0.0000000000000000000 ) ) ;
#3333 =( GEOMETRIC_REPRESENTATION_CONTEXT ( 3 ) GLOBAL_UNCERTAINTY_ASSIGNED_CONTEXT ( ( #3454 ) ) GLOBAL_UNIT_ASSIGNED_CONTEXT ( ( #2246, #7674, #5685 ) ) REPRESENTATION_CONTEXT ( 'NONE', 'WORKASPACE' ) );
#3334 = FILL_AREA_STYLE_COLOUR ( '', #6794 ) ;
#3335 = VECTOR ( 'NONE', #3885, 1000.000000000000000 ) ;
#3336 = DIRECTION ( 'NONE',  ( -1.000000000000000000, -0.0000000000000000000, -0.0000000000000000000 ) ) ;
#3337 = CARTESIAN_POINT ( 'NONE',  ( -1.350000000000002753, 5.650000000000000355, -0.6800000000000000488 ) ) ;
#3338 = CARTESIAN_POINT ( 'NONE',  ( 1.299999999999999600, 0.2000000000000000389, 1.700000000000000178 ) ) ;
#3339 = CARTESIAN_POINT ( 'NONE',  ( 4.250000000000000000, -3.399999999999999911, 0.2500000000000002220 ) ) ;
#3340 = VERTEX_POINT ( 'NONE', #8459 ) ;
#3341 = ORIENTED_EDGE ( 'NONE', *, *, #8883, .F. ) ;
#3342 = ORIENTED_EDGE ( 'NONE', *, *, #4644, .F. ) ;
#3343 = LINE ( 'NONE', #4715, #1347 ) ;
#3344 = PLANE ( 'NONE',  #7678 ) ;
#3345 = SURFACE_STYLE_USAGE ( .BOTH. , #3391 ) ;
#3346 = STYLED_ITEM ( 'NONE', ( #8738 ), #6970 ) ;
#3347 = ORIENTED_EDGE ( 'NONE', *, *, #4644, .T. ) ;
#3348 = FACE_OUTER_BOUND ( 'NONE', #8735, .T. ) ;
#3349 = ORIENTED_EDGE ( 'NONE', *, *, #4598, .F. ) ;
#3350 = DIRECTION ( 'NONE',  ( -1.000000000000000000, 3.872150616019660190E-17, 0.0000000000000000000 ) ) ;
#3351 =( LENGTH_UNIT ( ) NAMED_UNIT ( * ) SI_UNIT ( .MILLI., .METRE. ) );
#3352 =( GEOMETRIC_REPRESENTATION_CONTEXT ( 3 ) GLOBAL_UNCERTAINTY_ASSIGNED_CONTEXT ( ( #7488 ) ) GLOBAL_UNIT_ASSIGNED_CONTEXT ( ( #577, #6412, #8386 ) ) REPRESENTATION_CONTEXT ( 'NONE', 'WORKASPACE' ) );
#3353 = PLANE ( 'NONE',  #168 ) ;
#3354 = COLOUR_RGB ( '',1.000000000000000000, 1.000000000000000000, 1.000000000000000000 ) ;
#3355 = SURFACE_SIDE_STYLE ('',( #8787 ) ) ;
#3356 = EDGE_CURVE ( 'NONE', #449, #2954, #692, .T. ) ;
#3357 = SURFACE_SIDE_STYLE ('',( #6890 ) ) ;
#3358 = FILL_AREA_STYLE_COLOUR ( '', #6927 ) ;
#3359 = ORIENTED_EDGE ( 'NONE', *, *, #1981, .F. ) ;
#3360 = LINE ( 'NONE', #5456, #1343 ) ;
#3361 = DIRECTION ( 'NONE',  ( 1.000000000000000000, -0.0000000000000000000, 0.0000000000000000000 ) ) ;
#3362 = ORIENTED_EDGE ( 'NONE', *, *, #5113, .T. ) ;
#3363 = PRODUCT_DEFINITION_SHAPE ( 'NONE', 'NONE',  #6627 ) ;
#3364 = PRESENTATION_LAYER_ASSIGNMENT (  '', '', ( #372 ) ) ;
#3365 = UNCERTAINTY_MEASURE_WITH_UNIT (LENGTH_MEASURE( 1.000000000000000082E-05 ), #2806, 'distance_accuracy_value', 'NONE');
#3366 = FILL_AREA_STYLE_COLOUR ( '', #2812 ) ;
#3367 =( LENGTH_UNIT ( ) NAMED_UNIT ( * ) SI_UNIT ( .MILLI., .METRE. ) );
#3368 = ORIENTED_EDGE ( 'NONE', *, *, #2455, .F. ) ;
#3369 = COLOUR_RGB ( '',1.000000000000000000, 1.000000000000000000, 1.000000000000000000 ) ;
#3370 = FILL_AREA_STYLE_COLOUR ( '', #2188 ) ;
#3371 = ORIENTED_EDGE ( 'NONE', *, *, #293, .T. ) ;
#3373 = ADVANCED_FACE ( 'NONE', ( #8989 ), #8312, .T. ) ;
#3372 = ORIENTED_EDGE ( 'NONE', *, *, #941, .T. ) ;
#3374 = PRESENTATION_LAYER_ASSIGNMENT (  '', '', ( #5846 ) ) ;
#3375 = LINE ( 'NONE', #5261, #6249 ) ;
#3376 = UNCERTAINTY_MEASURE_WITH_UNIT (LENGTH_MEASURE( 1.000000000000000082E-05 ), #8955, 'distance_accuracy_value', 'NONE');
#3377 = DIRECTION ( 'NONE',  ( 0.0000000000000000000, 0.0000000000000000000, -1.000000000000000000 ) ) ;
#3378 = DIRECTION ( 'NONE',  ( -3.833233541708432880E-17, -0.7071067811865471286, 0.7071067811865479058 ) ) ;
#3379 = ORIENTED_EDGE ( 'NONE', *, *, #4370, .F. ) ;
#3380 =( LENGTH_UNIT ( ) NAMED_UNIT ( * ) SI_UNIT ( .MILLI., .METRE. ) );
#3381 = PRESENTATION_STYLE_ASSIGNMENT (( #5391 ) ) ;
#3382 = UNCERTAINTY_MEASURE_WITH_UNIT (LENGTH_MEASURE( 1.000000000000000082E-05 ), #3397, 'distance_accuracy_value', 'NONE');
#3383 = LINE ( 'NONE', #4903, #6487 ) ;
#3384 = LINE ( 'NONE', #1121, #6952 ) ;
#3385 = LINE ( 'NONE', #8866, #3106 ) ;
#3386 =( LENGTH_UNIT ( ) NAMED_UNIT ( * ) SI_UNIT ( .MILLI., .METRE. ) );
#3387 = DIRECTION ( 'NONE',  ( 0.0000000000000000000, -0.0000000000000000000, 1.000000000000000000 ) ) ;
#3388 = VERTEX_POINT ( 'NONE', #6337 ) ;
#3389 = DIRECTION ( 'NONE',  ( -4.336808689942017736E-16, 0.0000000000000000000, -1.000000000000000000 ) ) ;
#3390 = FILL_AREA_STYLE ('',( #6786 ) ) ;
#3391 = SURFACE_SIDE_STYLE ('',( #1180 ) ) ;
#3392 = STYLED_ITEM ( 'NONE', ( #371 ), #3735 ) ;
#3393 = ADVANCED_FACE ( 'NONE', ( #6951 ), #6385, .F. ) ;
#3394 = SURFACE_STYLE_FILL_AREA ( #6930 ) ;
#3395 = ORIENTED_EDGE ( 'NONE', *, *, #5654, .T. ) ;
#3396 = PRESENTATION_LAYER_ASSIGNMENT (  '', '', ( #572 ) ) ;
#3397 =( LENGTH_UNIT ( ) NAMED_UNIT ( * ) SI_UNIT ( .MILLI., .METRE. ) );
#3398 = VERTEX_POINT ( 'NONE', #2070 ) ;
#3399 = DIRECTION ( 'NONE',  ( -0.0000000000000000000, 1.000000000000000000, -0.0000000000000000000 ) ) ;
#3400 = CARTESIAN_POINT ( 'NONE',  ( 1.750000000000000222, 0.2000000000000000944, 0.2500000000000002220 ) ) ;
#3401 = PLANE ( 'NONE',  #8919 ) ;
#3402 = PRESENTATION_LAYER_ASSIGNMENT (  '', '', ( #5007 ) ) ;
#3403 = ORIENTED_EDGE ( 'NONE', *, *, #3297, .T. ) ;
#3404 = EDGE_CURVE ( 'NONE', #6721, #862, #4185, .T. ) ;
#3405 = VECTOR ( 'NONE', #2793, 1000.000000000000000 ) ;
#3406 = FILL_AREA_STYLE ('',( #3986 ) ) ;
#3407 = PRESENTATION_LAYER_ASSIGNMENT (  '', '', ( #3559 ) ) ;
#3408 = DIRECTION ( 'NONE',  ( 0.0000000000000000000, 1.000000000000000000, -5.782411586589359611E-16 ) ) ;
#3409 = VECTOR ( 'NONE', #2686, 1000.000000000000000 ) ;
#3410 = ADVANCED_FACE ( 'NONE', ( #1396 ), #7003, .T. ) ;
#3411 = PLANE ( 'NONE',  #6453 ) ;
#3412 = ORIENTED_EDGE ( 'NONE', *, *, #7851, .T. ) ;
#3413 = STYLED_ITEM ( 'NONE', ( #5765 ), #75 ) ;
#3414 = ORIENTED_EDGE ( 'NONE', *, *, #5701, .T. ) ;
#3415 = STYLED_ITEM ( 'NONE', ( #8730 ), #8158 ) ;
#3416 = ORIENTED_EDGE ( 'NONE', *, *, #8125, .T. ) ;
#3417 = EDGE_CURVE ( 'NONE', #8274, #7800, #826, .T. ) ;
#3418 = EDGE_CURVE ( 'NONE', #8597, #3545, #5779, .T. ) ;
#3419 = CARTESIAN_POINT ( 'NONE',  ( 11.35000000000000142, -13.20037878244408880, 1.249999999999998446 ) ) ;
#3420 = MECHANICAL_DESIGN_GEOMETRIC_PRESENTATION_REPRESENTATION (  '', ( #5898 ), #5312 ) ;
#3421 = SURFACE_STYLE_FILL_AREA ( #2592 ) ;
#3422 = SURFACE_STYLE_FILL_AREA ( #4749 ) ;
#3423 = CARTESIAN_POINT ( 'NONE',  ( 4.750000000000000888, 3.150000000000000799, -2.050000000000001599 ) ) ;
#3424 = ORIENTED_EDGE ( 'NONE', *, *, #3686, .T. ) ;
#3425 = COLOUR_RGB ( '',1.000000000000000000, 0.8117647058823529438, 0.5019607843137254832 ) ;
#3426 = SURFACE_STYLE_USAGE ( .BOTH. , #6160 ) ;
#3427 = FILL_AREA_STYLE ('',( #8430 ) ) ;
#3428 = CARTESIAN_POINT ( 'NONE',  ( 11.95100000000000051, 4.500000000000000888, -0.6799999999999991607 ) ) ;
#3429 = DIRECTION ( 'NONE',  ( -0.7071067811865536790, -0.7071067811865414665, 1.662400053425821631E-32 ) ) ;
#3430 = AXIS2_PLACEMENT_3D ( 'NONE', #8043, #2437, #5235 ) ;
#3431 = LINE ( 'NONE', #4664, #5014 ) ;
#3432 = ADVANCED_FACE ( 'NONE', ( #291 ), #215, .F. ) ;
#3433 = AXIS2_PLACEMENT_3D ( 'NONE', #3339, #485, #4665 ) ;
#3434 = PRESENTATION_STYLE_ASSIGNMENT (( #4112 ) ) ;
#3435 = DIRECTION ( 'NONE',  ( -0.0000000000000000000, 1.000000000000000000, -0.0000000000000000000 ) ) ;
#3436 = VECTOR ( 'NONE', #2446, 1000.000000000000000 ) ;
#3437 = VERTEX_POINT ( 'NONE', #919 ) ;
#3438 = PLANE ( 'NONE',  #6501 ) ;
#3439 = CARTESIAN_POINT ( 'NONE',  ( 11.18000000000000149, 4.230000000000001315, -2.801000000000000600 ) ) ;
#3440 = MECHANICAL_DESIGN_GEOMETRIC_PRESENTATION_REPRESENTATION (  '', ( #7391 ), #2265 ) ;
#3441 = CARTESIAN_POINT ( 'NONE',  ( 0.2500000000000002220, 5.000000000000000888, 0.2500000000000002220 ) ) ;
#3442 = CARTESIAN_POINT ( 'NONE',  ( 5.750000000000001776, 5.000000000000000888, -0.2499999999999997780 ) ) ;
#3443 = VERTEX_POINT ( 'NONE', #7306 ) ;
#3444 =( NAMED_UNIT ( * ) PLANE_ANGLE_UNIT ( ) SI_UNIT ( $, .RADIAN. ) );
#3445 = DIRECTION ( 'NONE',  ( 0.0000000000000000000, -1.000000000000000000, 0.0000000000000000000 ) ) ;
#3446 =( NAMED_UNIT ( * ) SI_UNIT ( $, .STERADIAN. ) SOLID_ANGLE_UNIT ( ) );
#3447 = ORIENTED_EDGE ( 'NONE', *, *, #711, .F. ) ;
#3448 = FILL_AREA_STYLE_COLOUR ( '', #3282 ) ;
#3449 = VECTOR ( 'NONE', #396, 1000.000000000000000 ) ;
#3450 =( GEOMETRIC_REPRESENTATION_CONTEXT ( 3 ) GLOBAL_UNCERTAINTY_ASSIGNED_CONTEXT ( ( #8147 ) ) GLOBAL_UNIT_ASSIGNED_CONTEXT ( ( #1782, #4605, #2444 ) ) REPRESENTATION_CONTEXT ( 'NONE', 'WORKASPACE' ) );
#3451 = DIRECTION ( 'NONE',  ( 0.5773502691896238437, 0.5773502691896289507, -0.5773502691896246208 ) ) ;
#3452 = STYLED_ITEM ( 'NONE', ( #394 ), #5547 ) ;
#3453 = VECTOR ( 'NONE', #463, 1000.000000000000000 ) ;
#3454 = UNCERTAINTY_MEASURE_WITH_UNIT (LENGTH_MEASURE( 1.000000000000000082E-05 ), #2246, 'distance_accuracy_value', 'NONE');
#3455 = PLANE ( 'NONE',  #7095 ) ;
#3456 =( NAMED_UNIT ( * ) SI_UNIT ( $, .STERADIAN. ) SOLID_ANGLE_UNIT ( ) );
#3457 = FILL_AREA_STYLE_COLOUR ( '', #8406 ) ;
#3458 = STYLED_ITEM ( 'NONE', ( #1509 ), #5758 ) ;
#3459 = LINE ( 'NONE', #3599, #5460 ) ;
#3460 = EDGE_LOOP ( 'NONE', ( #6773, #3840, #809, #1237, #6252 ) ) ;
#3461 = DIRECTION ( 'NONE',  ( -1.000000000000000000, 3.872150616019660190E-17, -0.0000000000000000000 ) ) ;
#3462 = FILL_AREA_STYLE_COLOUR ( '', #2193 ) ;
#3463 = ORIENTED_EDGE ( 'NONE', *, *, #6907, .F. ) ;
#3464 = MECHANICAL_DESIGN_GEOMETRIC_PRESENTATION_REPRESENTATION (  '', ( #1208 ), #5659 ) ;
#3465 = EDGE_LOOP ( 'NONE', ( #7612, #1628, #2220, #8491 ) ) ;
#3466 = ORIENTED_EDGE ( 'NONE', *, *, #8785, .T. ) ;
#3467 = DIRECTION ( 'NONE',  ( 1.000000000000000000, 0.0000000000000000000, 0.0000000000000000000 ) ) ;
#3468 = UNCERTAINTY_MEASURE_WITH_UNIT (LENGTH_MEASURE( 1.000000000000000082E-05 ), #8658, 'distance_accuracy_value', 'NONE');
#3469 = STYLED_ITEM ( 'NONE', ( #4603 ), #7752 ) ;
#3470 = PLANE ( 'NONE',  #8689 ) ;
#3471 = SURFACE_STYLE_USAGE ( .BOTH. , #2674 ) ;
#3472 =( NAMED_UNIT ( * ) PLANE_ANGLE_UNIT ( ) SI_UNIT ( $, .RADIAN. ) );
#3473 = CARTESIAN_POINT ( 'NONE',  ( 9.250000000000001776, 3.150000000000000799, -2.050000000000001599 ) ) ;
#3474 =( LENGTH_UNIT ( ) NAMED_UNIT ( * ) SI_UNIT ( .MILLI., .METRE. ) );
#3475 = DIRECTION ( 'NONE',  ( 0.0000000000000000000, 0.0000000000000000000, 1.000000000000000000 ) ) ;
#3476 = ORIENTED_EDGE ( 'NONE', *, *, #3786, .F. ) ;
#3477 = ADVANCED_FACE ( 'NONE', ( #7343, #5108 ), #6440, .F. ) ;
#3478 = COLOUR_RGB ( '',1.000000000000000000, 1.000000000000000000, 1.000000000000000000 ) ;
#3479 = DIRECTION ( 'NONE',  ( -0.0000000000000000000, -0.0000000000000000000, 1.000000000000000000 ) ) ;
#3480 = VERTEX_POINT ( 'NONE', #1814 ) ;
#3481 = UNCERTAINTY_MEASURE_WITH_UNIT (LENGTH_MEASURE( 1.000000000000000082E-05 ), #6479, 'distance_accuracy_value', 'NONE');
#3482 = FILL_AREA_STYLE ('',( #4709 ) ) ;
#3483 = LINE ( 'NONE', #6305, #3584 ) ;
#3484 = CARTESIAN_POINT ( 'NONE',  ( 10.24999999999999822, -3.399999999999999911, -0.1500000000000003830 ) ) ;
#3485 = CARTESIAN_POINT ( 'NONE',  ( 9.250000000000001776, 3.399999999999999467, -2.350000000000001865 ) ) ;
#3486 = EDGE_LOOP ( 'NONE', ( #5039, #7232, #686, #975 ) ) ;
#3487 = SURFACE_STYLE_FILL_AREA ( #628 ) ;
#3488 = SURFACE_STYLE_FILL_AREA ( #1325 ) ;
#3489 = EDGE_CURVE ( 'NONE', #1063, #6199, #3207, .T. ) ;
#3490 = DIRECTION ( 'NONE',  ( -0.7071067811865505703, -0.7071067811865444641, 1.662400053425828747E-32 ) ) ;
#3491 = LINE ( 'NONE', #4262, #3565 ) ;
#3492 = EDGE_CURVE ( 'NONE', #1153, #320, #4583, .T. ) ;
#3493 = EDGE_LOOP ( 'NONE', ( #6703, #7726, #3281, #4679 ) ) ;
#3494 = FILL_AREA_STYLE ('',( #6841 ) ) ;
#3495 = DIRECTION ( 'NONE',  ( -1.084202172485504237E-15, -1.000000000000000000, 0.0000000000000000000 ) ) ;
#3496 = DIRECTION ( 'NONE',  ( -1.362927481496328130E-16, 0.7071067811865451302, -0.7071067811865500152 ) ) ;
#3497 = VERTEX_POINT ( 'NONE', #3310 ) ;
#3498 =( LENGTH_UNIT ( ) NAMED_UNIT ( * ) SI_UNIT ( .MILLI., .METRE. ) );
#3499 = STYLED_ITEM ( 'NONE', ( #5557 ), #6961 ) ;
#3500 = SURFACE_STYLE_FILL_AREA ( #8921 ) ;
#3501 = AXIS2_PLACEMENT_3D ( 'NONE', #8302, #8836, #4029 ) ;
#3502 = VECTOR ( 'NONE', #4101, 1000.000000000000000 ) ;
#3503 = ORIENTED_EDGE ( 'NONE', *, *, #2836, .F. ) ;
#3504 = CARTESIAN_POINT ( 'NONE',  ( 1.299999999999999600, 0.2000000000000000389, -2.800000000000000266 ) ) ;
#3505 = DIRECTION ( 'NONE',  ( -0.0000000000000000000, -0.0000000000000000000, 1.000000000000000000 ) ) ;
#3506 = LINE ( 'NONE', #5064, #7688 ) ;
#3507 = ORIENTED_EDGE ( 'NONE', *, *, #388, .T. ) ;
#3508 = LINE ( 'NONE', #8746, #7894 ) ;
#3509 = ORIENTED_EDGE ( 'NONE', *, *, #6616, .F. ) ;
#3510 = STYLED_ITEM ( 'NONE', ( #6336 ), #6654 ) ;
#3511 = ORIENTED_EDGE ( 'NONE', *, *, #357, .F. ) ;
#3512 = EDGE_CURVE ( 'NONE', #525, #6395, #5361, .T. ) ;
#3513 = SURFACE_SIDE_STYLE ('',( #157 ) ) ;
#3514 = AXIS2_PLACEMENT_3D ( 'NONE', #973, #7241, #888 ) ;
#3515 = CARTESIAN_POINT ( 'NONE',  ( 11.95000000000000107, 6.000000000000000000, -2.800000000000000711 ) ) ;
#3516 = CARTESIAN_POINT ( 'NONE',  ( 4.049999999999999822, 5.100000000000001421, 0.1500000000000008271 ) ) ;
#3517 = CARTESIAN_POINT ( 'NONE',  ( -1.180000000000000160, 2.250000000000000000, 1.249999999999997558 ) ) ;
#3518 = CARTESIAN_POINT ( 'NONE',  ( 3.750000000000000444, -3.399999999999999911, 0.1500000000000008271 ) ) ;
#3519 = PLANE ( 'NONE',  #8009 ) ;
#3520 = ORIENTED_EDGE ( 'NONE', *, *, #2747, .T. ) ;
#3521 = EDGE_CURVE ( 'NONE', #848, #6716, #501, .T. ) ;
#3522 = AXIS2_PLACEMENT_3D ( 'NONE', #2582, #3216, #8175 ) ;
#3523 = VERTEX_POINT ( 'NONE', #6041 ) ;
#3524 = CARTESIAN_POINT ( 'NONE',  ( -0.2200000000000001399, 2.250000000000000444, 1.249999999999997558 ) ) ;
#3525 = EDGE_CURVE ( 'NONE', #6429, #233, #2658, .T. ) ;
#3526 = VERTEX_POINT ( 'NONE', #1862 ) ;
#3527 = DIRECTION ( 'NONE',  ( 0.7071067811865475727, -0.7071067811865475727, 1.662400053425836136E-32 ) ) ;
#3528 =( NAMED_UNIT ( * ) PLANE_ANGLE_UNIT ( ) SI_UNIT ( $, .RADIAN. ) );
#3529 = CARTESIAN_POINT ( 'NONE',  ( 6.699999999999999289, 0.0000000000000000000, -2.800000000000000266 ) ) ;
#3530 = DIRECTION ( 'NONE',  ( -5.421010862427522170E-17, -1.000000000000000000, 2.350988701644575016E-32 ) ) ;
#3531 = SURFACE_STYLE_FILL_AREA ( #2819 ) ;
#3532 = ORIENTED_EDGE ( 'NONE', *, *, #229, .T. ) ;
#3533 =( LENGTH_UNIT ( ) NAMED_UNIT ( * ) SI_UNIT ( .MILLI., .METRE. ) );
#3534 = DIRECTION ( 'NONE',  ( 0.5773502691896246208, -0.5773502691896265082, 0.5773502691896260641 ) ) ;
#3535 = FILL_AREA_STYLE ('',( #1463 ) ) ;
#3536 = VERTEX_POINT ( 'NONE', #8119 ) ;
#3537 =( LENGTH_UNIT ( ) NAMED_UNIT ( * ) SI_UNIT ( .MILLI., .METRE. ) );
#3538 = FACE_OUTER_BOUND ( 'NONE', #2190, .T. ) ;
#3539 = DIRECTION ( 'NONE',  ( -4.336808689942017736E-16, 0.0000000000000000000, -1.000000000000000000 ) ) ;
#3540 = FILL_AREA_STYLE_COLOUR ( '', #6534 ) ;
#3541 = CARTESIAN_POINT ( 'NONE',  ( 11.18000000000000149, 4.230000000000001315, -2.801000000000000600 ) ) ;
#3542 = ORIENTED_EDGE ( 'NONE', *, *, #6523, .F. ) ;
#3543 = CARTESIAN_POINT ( 'NONE',  ( 7.249999999999999112, 1.149999999999999911, -2.350000000000001421 ) ) ;
#3544 =( LENGTH_UNIT ( ) NAMED_UNIT ( * ) SI_UNIT ( .MILLI., .METRE. ) );
#3545 = VERTEX_POINT ( 'NONE', #1969 ) ;
#3546 = ADVANCED_FACE ( 'NONE', ( #5996 ), #4725, .F. ) ;
#3547 = ORIENTED_EDGE ( 'NONE', *, *, #7288, .F. ) ;
#3548 = EDGE_CURVE ( 'NONE', #7632, #8369, #3839, .T. ) ;
#3549 = UNCERTAINTY_MEASURE_WITH_UNIT (LENGTH_MEASURE( 1.000000000000000082E-05 ), #5671, 'distance_accuracy_value', 'NONE');
#3550 = PRESENTATION_STYLE_ASSIGNMENT (( #687 ) ) ;
#3551 = LINE ( 'NONE', #8985, #4275 ) ;
#3552 =( NAMED_UNIT ( * ) SI_UNIT ( $, .STERADIAN. ) SOLID_ANGLE_UNIT ( ) );
#3553 = EDGE_CURVE ( 'NONE', #2476, #3224, #8071, .T. ) ;
#3554 = CARTESIAN_POINT ( 'NONE',  ( -1.949999999999999956, 6.000000000000000000, -0.6800000000000000488 ) ) ;
#3555 = CARTESIAN_POINT ( 'NONE',  ( 6.049999999999999822, -3.399999999999999911, 0.1500000000000008271 ) ) ;
#3556 = ORIENTED_EDGE ( 'NONE', *, *, #4130, .F. ) ;
#3557 = EDGE_CURVE ( 'NONE', #1162, #6749, #6848, .T. ) ;
#3558 = SURFACE_STYLE_USAGE ( .BOTH. , #3513 ) ;
#3559 = STYLED_ITEM ( 'NONE', ( #3849 ), #4412 ) ;
#3560 = FACE_OUTER_BOUND ( 'NONE', #8972, .T. ) ;
#3561 = DIRECTION ( 'NONE',  ( 0.5773502691896288397, 0.5773502691896263972, -0.5773502691896219563 ) ) ;
#3562 = ORIENTED_EDGE ( 'NONE', *, *, #4189, .F. ) ;
#3563 = EDGE_LOOP ( 'NONE', ( #8567, #8465, #9010, #5507 ) ) ;
#3564 = AXIS2_PLACEMENT_3D ( 'NONE', #1974, #6192, #4786 ) ;
#3565 = VECTOR ( 'NONE', #813, 1000.000000000000000 ) ;
#3566 = FILL_AREA_STYLE_COLOUR ( '', #7837 ) ;
#3567 = UNCERTAINTY_MEASURE_WITH_UNIT (LENGTH_MEASURE( 1.000000000000000082E-05 ), #2785, 'distance_accuracy_value', 'NONE');
#3568 =( NAMED_UNIT ( * ) SI_UNIT ( $, .STERADIAN. ) SOLID_ANGLE_UNIT ( ) );
#3569 = COLOUR_RGB ( '',1.000000000000000000, 0.8117647058823529438, 0.5019607843137254832 ) ;
#3570 =( LENGTH_UNIT ( ) NAMED_UNIT ( * ) SI_UNIT ( .MILLI., .METRE. ) );
#3571 = FILL_AREA_STYLE_COLOUR ( '', #6763 ) ;
#3572 = PRESENTATION_STYLE_ASSIGNMENT (( #8562 ) ) ;
#3573 = DIRECTION ( 'NONE',  ( 9.103382349328301547E-49, 2.350988701644575016E-32, 1.000000000000000000 ) ) ;
#3574 = EDGE_LOOP ( 'NONE', ( #6737, #3168, #3033, #3895 ) ) ;
#3575 = EDGE_LOOP ( 'NONE', ( #6880, #2343, #1544, #7196 ) ) ;
#3576 = DIRECTION ( 'NONE',  ( 8.761229676650541399E-16, 1.000000000000000000, 0.0000000000000000000 ) ) ;
#3577 = ORIENTED_EDGE ( 'NONE', *, *, #1052, .T. ) ;
#3578 = AXIS2_PLACEMENT_3D ( 'NONE', #1960, #2652, #5263 ) ;
#3579 = EDGE_LOOP ( 'NONE', ( #4379, #9058, #5906, #7170 ) ) ;
#3580 = COLOUR_RGB ( '',1.000000000000000000, 1.000000000000000000, 1.000000000000000000 ) ;
#3581 = FILL_AREA_STYLE ('',( #6988 ) ) ;
#3582 =( GEOMETRIC_REPRESENTATION_CONTEXT ( 3 ) GLOBAL_UNCERTAINTY_ASSIGNED_CONTEXT ( ( #5580 ) ) GLOBAL_UNIT_ASSIGNED_CONTEXT ( ( #460, #6855, #6948 ) ) REPRESENTATION_CONTEXT ( 'NONE', 'WORKASPACE' ) );
#3583 =( NAMED_UNIT ( * ) SI_UNIT ( $, .STERADIAN. ) SOLID_ANGLE_UNIT ( ) );
#3584 = VECTOR ( 'NONE', #4951, 1000.000000000000000 ) ;
#3585 = ORIENTED_EDGE ( 'NONE', *, *, #2344, .F. ) ;
#3586 = SURFACE_STYLE_USAGE ( .BOTH. , #4264 ) ;
#3587 = FILL_AREA_STYLE ('',( #1426 ) ) ;
#3588 =( NAMED_UNIT ( * ) PLANE_ANGLE_UNIT ( ) SI_UNIT ( $, .RADIAN. ) );
#3589 = ORIENTED_EDGE ( 'NONE', *, *, #8656, .T. ) ;
#3590 = PRESENTATION_STYLE_ASSIGNMENT (( #3628 ) ) ;
#3591 = VECTOR ( 'NONE', #2603, 1000.000000000000000 ) ;
#3592 = CARTESIAN_POINT ( 'NONE',  ( 2.250000000000000000, 0.2000000000000000111, -0.2499999999999997780 ) ) ;
#3593 = FILL_AREA_STYLE_COLOUR ( '', #5279 ) ;
#3594 = ADVANCED_FACE ( 'NONE', ( #7543 ), #1193, .F. ) ;
#3595 = STYLED_ITEM ( 'NONE', ( #8404 ), #1477 ) ;
#3596 = COLOUR_RGB ( '',1.000000000000000000, 0.8117647058823529438, 0.5019607843137254832 ) ;
#3597 = CARTESIAN_POINT ( 'NONE',  ( -1.033333333333336101, -2.516666666666667052, -1.033333333333334325 ) ) ;
#3598 = CARTESIAN_POINT ( 'NONE',  ( 1.750000000000000222, -3.399999999999999911, 0.1500000000000025757 ) ) ;
#3599 = CARTESIAN_POINT ( 'NONE',  ( 5.750000000000000000, 5.000000000000000888, 0.2500000000000002220 ) ) ;
#3600 = ORIENTED_EDGE ( 'NONE', *, *, #378, .T. ) ;
#3601 = EDGE_CURVE ( 'NONE', #4260, #1605, #2011, .T. ) ;
#3602 =( GEOMETRIC_REPRESENTATION_CONTEXT ( 3 ) GLOBAL_UNCERTAINTY_ASSIGNED_CONTEXT ( ( #2075 ) ) GLOBAL_UNIT_ASSIGNED_CONTEXT ( ( #8615, #6422, #5721 ) ) REPRESENTATION_CONTEXT ( 'NONE', 'WORKASPACE' ) );
#3603 = FILL_AREA_STYLE_COLOUR ( '', #7396 ) ;
#3604 = CARTESIAN_POINT ( 'NONE',  ( 9.750000000000000000, 5.000000000000000888, 0.2500000000000002220 ) ) ;
#3605 = VERTEX_POINT ( 'NONE', #6184 ) ;
#3606 = VECTOR ( 'NONE', #1321, 1000.000000000000000 ) ;
#3607 = ORIENTED_EDGE ( 'NONE', *, *, #8479, .F. ) ;
#3608 = PRESENTATION_LAYER_ASSIGNMENT (  '', '', ( #3014 ) ) ;
#3609 = DIRECTION ( 'NONE',  ( -0.0000000000000000000, -0.0000000000000000000, 1.000000000000000000 ) ) ;
#3610 = LINE ( 'NONE', #6406, #8284 ) ;
#3611 = SURFACE_SIDE_STYLE ('',( #132 ) ) ;
#3612 = PRESENTATION_STYLE_ASSIGNMENT (( #6268 ) ) ;
#3613 = DIRECTION ( 'NONE',  ( 1.000000000000000000, -5.421010862427522170E-17, 0.0000000000000000000 ) ) ;
#3614 = CARTESIAN_POINT ( 'NONE',  ( 3.750000000000000444, -3.300000000000000266, -0.2499999999999997780 ) ) ;
#3615 = DIRECTION ( 'NONE',  ( 0.0000000000000000000, -1.000000000000000000, 0.0000000000000000000 ) ) ;
#3616 = PRESENTATION_STYLE_ASSIGNMENT (( #5755 ) ) ;
#3617 = ORIENTED_EDGE ( 'NONE', *, *, #1731, .T. ) ;
#3618 = CARTESIAN_POINT ( 'NONE',  ( 5.299999999999998934, 0.2000000000000000389, -0.2499999999999997780 ) ) ;
#3619 = SURFACE_SIDE_STYLE ('',( #3488 ) ) ;
#3620 = EDGE_LOOP ( 'NONE', ( #2585, #7539, #1114, #3731 ) ) ;
#3621 =( GEOMETRIC_REPRESENTATION_CONTEXT ( 3 ) GLOBAL_UNCERTAINTY_ASSIGNED_CONTEXT ( ( #6096 ) ) GLOBAL_UNIT_ASSIGNED_CONTEXT ( ( #2626, #379, #8219 ) ) REPRESENTATION_CONTEXT ( 'NONE', 'WORKASPACE' ) );
#3622 = PLANE ( 'NONE',  #3982 ) ;
#3623 = ADVANCED_FACE ( 'NONE', ( #4176 ), #3401, .T. ) ;
#3624 = ORIENTED_EDGE ( 'NONE', *, *, #1527, .T. ) ;
#3625 = DIRECTION ( 'NONE',  ( 1.000000000000000000, 0.0000000000000000000, 1.707404996040163895E-17 ) ) ;
#3626 = DIRECTION ( 'NONE',  ( 0.0000000000000000000, -0.7071067811865451302, 0.7071067811865500152 ) ) ;
#3627 = ORIENTED_EDGE ( 'NONE', *, *, #7869, .T. ) ;
#3628 = SURFACE_STYLE_USAGE ( .BOTH. , #6323 ) ;
#3629 = UNCERTAINTY_MEASURE_WITH_UNIT (LENGTH_MEASURE( 1.000000000000000082E-05 ), #4193, 'distance_accuracy_value', 'NONE');
#3630 = FILL_AREA_STYLE ('',( #6946 ) ) ;
#3631 = DIRECTION ( 'NONE',  ( 0.7071067811865492381, 0.7071067811865457964, 1.362927481496336265E-16 ) ) ;
#3632 = DIRECTION ( 'NONE',  ( -1.000000000000000000, 0.0000000000000000000, -0.0000000000000000000 ) ) ;
#3633 = EDGE_CURVE ( 'NONE', #2783, #6955, #2109, .T. ) ;
#3634 = CARTESIAN_POINT ( 'NONE',  ( 9.849999999999997868, -3.399999999999999911, -2.800000000000001155 ) ) ;
#3635 = DIRECTION ( 'NONE',  ( -4.336808689942017736E-16, 0.0000000000000000000, -1.000000000000000000 ) ) ;
#3636 = EDGE_LOOP ( 'NONE', ( #5190, #1232, #505, #2933, #4408 ) ) ;
#3637 = ORIENTED_EDGE ( 'NONE', *, *, #9018, .T. ) ;
#3638 = COLOUR_RGB ( '',1.000000000000000000, 1.000000000000000000, 1.000000000000000000 ) ;
#3639 = AXIS2_PLACEMENT_3D ( 'NONE', #4799, #1259, #7560 ) ;
#3640 = EDGE_CURVE ( 'NONE', #7173, #2920, #5724, .T. ) ;
#3641 = FILL_AREA_STYLE ('',( #3603 ) ) ;
#3642 = LINE ( 'NONE', #3604, #8522 ) ;
#3643 = VECTOR ( 'NONE', #7627, 1000.000000000000000 ) ;
#3644 = PRESENTATION_STYLE_ASSIGNMENT (( #2773 ) ) ;
#3645 =( LENGTH_UNIT ( ) NAMED_UNIT ( * ) SI_UNIT ( .MILLI., .METRE. ) );
#3646 = ORIENTED_EDGE ( 'NONE', *, *, #1750, .T. ) ;
#3647 = ORIENTED_EDGE ( 'NONE', *, *, #6668, .F. ) ;
#3648 = EDGE_CURVE ( 'NONE', #2058, #5930, #4225, .T. ) ;
#3649 = COLOUR_RGB ( '',1.000000000000000000, 0.8117647058823529438, 0.5019607843137254832 ) ;
#3650 = FILL_AREA_STYLE_COLOUR ( '', #7277 ) ;
#3651 = ADVANCED_FACE ( 'NONE', ( #8451 ), #723, .F. ) ;
#3652 = CARTESIAN_POINT ( 'NONE',  ( 10.22000000000000242, 4.230000000000003091, 1.249999999999998446 ) ) ;
#3653 = UNCERTAINTY_MEASURE_WITH_UNIT (LENGTH_MEASURE( 1.000000000000000082E-05 ), #3474, 'distance_accuracy_value', 'NONE');
#3654 = CARTESIAN_POINT ( 'NONE',  ( -1.949999999999999956, 6.000000000000000000, 1.700000000000000178 ) ) ;
#3655 = SURFACE_STYLE_FILL_AREA ( #4904 ) ;
#3656 =( NAMED_UNIT ( * ) PLANE_ANGLE_UNIT ( ) SI_UNIT ( $, .RADIAN. ) );
#3657 = LINE ( 'NONE', #7062, #8538 ) ;
#3658 = DIRECTION ( 'NONE',  ( 4.336808689942017736E-16, 0.0000000000000000000, 1.000000000000000000 ) ) ;
#3659 = ORIENTED_EDGE ( 'NONE', *, *, #2888, .F. ) ;
#3660 = DIRECTION ( 'NONE',  ( -1.000000000000000000, 0.0000000000000000000, 0.0000000000000000000 ) ) ;
#3661 = MECHANICAL_DESIGN_GEOMETRIC_PRESENTATION_REPRESENTATION (  '', ( #377 ), #3209 ) ;
#3662 = PRESENTATION_STYLE_ASSIGNMENT (( #3245 ) ) ;
#3663 = ADVANCED_FACE ( 'NONE', ( #5272 ), #5367, .F. ) ;
#3664 = ORIENTED_EDGE ( 'NONE', *, *, #1361, .F. ) ;
#3665 = FILL_AREA_STYLE_COLOUR ( '', #6340 ) ;
#3666 = PLANE ( 'NONE',  #8662 ) ;
#3667 = FILL_AREA_STYLE ('',( #8523 ) ) ;
#3668 = CARTESIAN_POINT ( 'NONE',  ( 9.750000000000000000, -3.399999999999999911, 0.2500000000000002220 ) ) ;
#3669 = PRESENTATION_STYLE_ASSIGNMENT (( #3707 ) ) ;
#3670 = ORIENTED_EDGE ( 'NONE', *, *, #193, .F. ) ;
#3671 = SURFACE_STYLE_USAGE ( .BOTH. , #7860 ) ;
#3672 = FILL_AREA_STYLE_COLOUR ( '', #3913 ) ;
#3673 = VERTEX_POINT ( 'NONE', #7445 ) ;
#3674 = EDGE_LOOP ( 'NONE', ( #8590, #6704, #3577, #4933 ) ) ;
#3675 = LINE ( 'NONE', #8495, #8693 ) ;
#3676 = SURFACE_SIDE_STYLE ('',( #4328 ) ) ;
#3677 = VERTEX_POINT ( 'NONE', #1097 ) ;
#3678 = AXIS2_PLACEMENT_3D ( 'NONE', #3847, #3941, #509 ) ;
#3679 = AXIS2_PLACEMENT_3D ( 'NONE', #8115, #7341, #2512 ) ;
#3680 = PRESENTATION_STYLE_ASSIGNMENT (( #2173 ) ) ;
#3681 = DIRECTION ( 'NONE',  ( 4.336808689942017736E-16, 0.0000000000000000000, 1.000000000000000000 ) ) ;
#3682 = ORIENTED_EDGE ( 'NONE', *, *, #6682, .T. ) ;
#3683 = EDGE_CURVE ( 'NONE', #8616, #798, #3212, .T. ) ;
#3684 = ORIENTED_EDGE ( 'NONE', *, *, #1527, .F. ) ;
#3685 = EDGE_CURVE ( 'NONE', #2798, #3074, #7490, .T. ) ;
#3686 = EDGE_CURVE ( 'NONE', #4110, #1411, #1056, .T. ) ;
#3687 = DIRECTION ( 'NONE',  ( 1.032573497605242347E-16, -1.000000000000000000, 0.0000000000000000000 ) ) ;
#3688 = ORIENTED_EDGE ( 'NONE', *, *, #8108, .T. ) ;
#3689 = COLOUR_RGB ( '',1.000000000000000000, 0.8117647058823529438, 0.5019607843137254832 ) ;
#3690 = SURFACE_STYLE_USAGE ( .BOTH. , #7061 ) ;
#3691 = LINE ( 'NONE', #4384, #1637 ) ;
#3692 = DIRECTION ( 'NONE',  ( 0.0000000000000000000, 0.0000000000000000000, -1.000000000000000000 ) ) ;
#3693 = DIRECTION ( 'NONE',  ( -0.0000000000000000000, 1.000000000000000000, -0.0000000000000000000 ) ) ;
#3694 = DIRECTION ( 'NONE',  ( 1.000000000000000000, -5.421010862427522170E-17, 0.0000000000000000000 ) ) ;
#3695 = CARTESIAN_POINT ( 'NONE',  ( -1.949999999999999956, 6.000000000000000000, -2.800000000000000266 ) ) ;
#3696 = ORIENTED_EDGE ( 'NONE', *, *, #2455, .T. ) ;
#3697 = FILL_AREA_STYLE_COLOUR ( '', #301 ) ;
#3698 = MECHANICAL_DESIGN_GEOMETRIC_PRESENTATION_REPRESENTATION (  '', ( #3559 ), #7357 ) ;
#3699 = VECTOR ( 'NONE', #1998, 1000.000000000000000 ) ;
#3700 = ORIENTED_EDGE ( 'NONE', *, *, #6715, .F. ) ;
#3701 = LINE ( 'NONE', #3140, #6543 ) ;
#3702 = FILL_AREA_STYLE ('',( #3665 ) ) ;
#3703 = ORIENTED_EDGE ( 'NONE', *, *, #6614, .F. ) ;
#3704 = SURFACE_STYLE_USAGE ( .BOTH. , #1704 ) ;
#3705 =( LENGTH_UNIT ( ) NAMED_UNIT ( * ) SI_UNIT ( .MILLI., .METRE. ) );
#3706 = FACE_OUTER_BOUND ( 'NONE', #1642, .T. ) ;
#3707 = SURFACE_STYLE_USAGE ( .BOTH. , #769 ) ;
#3708 = ORIENTED_EDGE ( 'NONE', *, *, #8171, .T. ) ;
#3709 = SURFACE_STYLE_FILL_AREA ( #5896 ) ;
#3710 = AXIS2_PLACEMENT_3D ( 'NONE', #6404, #4106, #6217 ) ;
#3711 = DIRECTION ( 'NONE',  ( 1.000000000000000000, 0.0000000000000000000, -0.0000000000000000000 ) ) ;
#3712 = VECTOR ( 'NONE', #7756, 1000.000000000000000 ) ;
#3713 = VECTOR ( 'NONE', #120, 1000.000000000000000 ) ;
#3714 = UNCERTAINTY_MEASURE_WITH_UNIT (LENGTH_MEASURE( 1.000000000000000082E-05 ), #8068, 'distance_accuracy_value', 'NONE');
#3715 = STYLED_ITEM ( 'NONE', ( #381 ), #5049 ) ;
#3716 = VERTEX_POINT ( 'NONE', #3893 ) ;
#3717 = DIRECTION ( 'NONE',  ( -1.000000000000000000, 3.872150616019660190E-17, 0.0000000000000000000 ) ) ;
#3718 =( LENGTH_UNIT ( ) NAMED_UNIT ( * ) SI_UNIT ( .MILLI., .METRE. ) );
#3719 = VECTOR ( 'NONE', #8704, 1000.000000000000000 ) ;
#3720 = DIRECTION ( 'NONE',  ( -0.0000000000000000000, -0.0000000000000000000, 1.000000000000000000 ) ) ;
#3721 = VECTOR ( 'NONE', #7171, 1000.000000000000000 ) ;
#3722 =( LENGTH_UNIT ( ) NAMED_UNIT ( * ) SI_UNIT ( .MILLI., .METRE. ) );
#3723 = ORIENTED_EDGE ( 'NONE', *, *, #4052, .F. ) ;
#3724 = PRESENTATION_LAYER_ASSIGNMENT (  '', '', ( #4010 ) ) ;
#3725 = LINE ( 'NONE', #7921, #2240 ) ;
#3726 = DIRECTION ( 'NONE',  ( 0.0000000000000000000, -0.0000000000000000000, 1.000000000000000000 ) ) ;
#3727 = PRESENTATION_LAYER_ASSIGNMENT (  '', '', ( #5058 ) ) ;
#3728 = DIRECTION ( 'NONE',  ( -0.0000000000000000000, -0.0000000000000000000, -1.000000000000000000 ) ) ;
#3729 = FILL_AREA_STYLE_COLOUR ( '', #6294 ) ;
#3730 = SURFACE_STYLE_FILL_AREA ( #3037 ) ;
#3731 = ORIENTED_EDGE ( 'NONE', *, *, #1274, .F. ) ;
#3732 = COLOUR_RGB ( '',0.7921568627450980005, 0.8196078431372548767, 0.9333333333333333481 ) ;
#3733 = PRESENTATION_LAYER_ASSIGNMENT (  '', '', ( #7854 ) ) ;
#3734 = UNCERTAINTY_MEASURE_WITH_UNIT (LENGTH_MEASURE( 1.000000000000000082E-05 ), #6609, 'distance_accuracy_value', 'NONE');
#3735 = ADVANCED_FACE ( 'NONE', ( #3264 ), #6099, .F. ) ;
#3736 = CARTESIAN_POINT ( 'NONE',  ( -1.350000000000000089, 4.500000000000000888, -0.1799999999999996048 ) ) ;
#3737 = SURFACE_STYLE_FILL_AREA ( #2740 ) ;
#3738 =( LENGTH_UNIT ( ) NAMED_UNIT ( * ) SI_UNIT ( .MILLI., .METRE. ) );
#3739 = DIRECTION ( 'NONE',  ( 1.000000000000000000, 0.0000000000000000000, 2.987958743070288203E-17 ) ) ;
#3740 = ORIENTED_EDGE ( 'NONE', *, *, #557, .F. ) ;
#3741 = SURFACE_SIDE_STYLE ('',( #5803 ) ) ;
#3742 = AXIS2_PLACEMENT_3D ( 'NONE', #6461, #2961, #91 ) ;
#3743 = EDGE_CURVE ( 'NONE', #5568, #3208, #4591, .T. ) ;
#3744 = ORIENTED_EDGE ( 'NONE', *, *, #1486, .T. ) ;
#3745 = VECTOR ( 'NONE', #8021, 1000.000000000000000 ) ;
#3746 =( GEOMETRIC_REPRESENTATION_CONTEXT ( 3 ) GLOBAL_UNCERTAINTY_ASSIGNED_CONTEXT ( ( #8223 ) ) GLOBAL_UNIT_ASSIGNED_CONTEXT ( ( #8944, #8188, #4050 ) ) REPRESENTATION_CONTEXT ( 'NONE', 'WORKASPACE' ) );
#3747 = DIRECTION ( 'NONE',  ( -0.0000000000000000000, -0.0000000000000000000, 1.000000000000000000 ) ) ;
#3748 = ADVANCED_FACE ( 'NONE', ( #6141 ), #4120, .F. ) ;
#3749 =( NAMED_UNIT ( * ) PLANE_ANGLE_UNIT ( ) SI_UNIT ( $, .RADIAN. ) );
#3750 = CARTESIAN_POINT ( 'NONE',  ( 1.916666666666666297, 5.166666666666668739, -0.08333333333333370341 ) ) ;
#3751 = PRESENTATION_STYLE_ASSIGNMENT (( #901 ) ) ;
#3752 = LINE ( 'NONE', #1519, #3721 ) ;
#3753 = VECTOR ( 'NONE', #4510, 1000.000000000000000 ) ;
#3754 = LINE ( 'NONE', #6521, #8001 ) ;
#3755 = ORIENTED_EDGE ( 'NONE', *, *, #3012, .T. ) ;
#3756 = PRESENTATION_STYLE_ASSIGNMENT (( #4487 ) ) ;
#3757 = MECHANICAL_DESIGN_GEOMETRIC_PRESENTATION_REPRESENTATION (  '', ( #1381 ), #2878 ) ;
#3758 = CARTESIAN_POINT ( 'NONE',  ( 7.299999999999998934, 0.0000000000000000000, -2.800000000000000266 ) ) ;
#3759 = CARTESIAN_POINT ( 'NONE',  ( -0.7000000000000002887, 0.2000000000000000389, 0.2500000000000002220 ) ) ;
#3760 = PRESENTATION_STYLE_ASSIGNMENT (( #867 ) ) ;
#3761 = DIRECTION ( 'NONE',  ( -1.362927481496328130E-16, 0.7071067811865451302, -0.7071067811865500152 ) ) ;
#3762 = DIRECTION ( 'NONE',  ( 1.000000000000000000, 1.095153709581317921E-16, 0.0000000000000000000 ) ) ;
#3763 = ORIENTED_EDGE ( 'NONE', *, *, #5816, .F. ) ;
#3764 =( GEOMETRIC_REPRESENTATION_CONTEXT ( 3 ) GLOBAL_UNCERTAINTY_ASSIGNED_CONTEXT ( ( #2618 ) ) GLOBAL_UNIT_ASSIGNED_CONTEXT ( ( #5457, #7589, #1239 ) ) REPRESENTATION_CONTEXT ( 'NONE', 'WORKASPACE' ) );
#3765 = PRESENTATION_LAYER_ASSIGNMENT (  '', '', ( #8740 ) ) ;
#3766 = ORIENTED_EDGE ( 'NONE', *, *, #8675, .T. ) ;
#3767 = DIRECTION ( 'NONE',  ( -1.000000000000000000, 5.421010862427522170E-17, 0.0000000000000000000 ) ) ;
#3768 = LINE ( 'NONE', #3034, #2810 ) ;
#3769 = SURFACE_STYLE_USAGE ( .BOTH. , #4460 ) ;
#3770 = DIRECTION ( 'NONE',  ( -0.0000000000000000000, -0.0000000000000000000, 1.000000000000000000 ) ) ;
#3771 = VERTEX_POINT ( 'NONE', #2054 ) ;
#3772 = AXIS2_PLACEMENT_3D ( 'NONE', #3150, #5854, #8618 ) ;
#3773 = MECHANICAL_DESIGN_GEOMETRIC_PRESENTATION_REPRESENTATION (  '', ( #3185 ), #6113 ) ;
#3774 = PRESENTATION_STYLE_ASSIGNMENT (( #8011 ) ) ;
#3775 =( GEOMETRIC_REPRESENTATION_CONTEXT ( 3 ) GLOBAL_UNCERTAINTY_ASSIGNED_CONTEXT ( ( #7776 ) ) GLOBAL_UNIT_ASSIGNED_CONTEXT ( ( #6313, #764, #6928 ) ) REPRESENTATION_CONTEXT ( 'NONE', 'WORKASPACE' ) );
#3776 =( GEOMETRIC_REPRESENTATION_CONTEXT ( 3 ) GLOBAL_UNCERTAINTY_ASSIGNED_CONTEXT ( ( #1390 ) ) GLOBAL_UNIT_ASSIGNED_CONTEXT ( ( #924, #258, #5275 ) ) REPRESENTATION_CONTEXT ( 'NONE', 'WORKASPACE' ) );
#3777 = CARTESIAN_POINT ( 'NONE',  ( 1.299999999999999600, 0.2000000000000000389, -2.800000000000000266 ) ) ;
#3778 =( LENGTH_UNIT ( ) NAMED_UNIT ( * ) SI_UNIT ( .MILLI., .METRE. ) );
#3779 = PLANE ( 'NONE',  #6329 ) ;
#3780 = ADVANCED_FACE ( 'NONE', ( #1132 ), #5403, .F. ) ;
#3781 = DIRECTION ( 'NONE',  ( 0.5773502691896259531, 0.5773502691896259531, -0.5773502691896255090 ) ) ;
#3782 = SURFACE_SIDE_STYLE ('',( #5291 ) ) ;
#3783 =( NAMED_UNIT ( * ) SI_UNIT ( $, .STERADIAN. ) SOLID_ANGLE_UNIT ( ) );
#3784 = CARTESIAN_POINT ( 'NONE',  ( 8.849999999999999645, 6.000000000000000888, -2.801000000000000600 ) ) ;
#3785 = ORIENTED_EDGE ( 'NONE', *, *, #8272, .F. ) ;
#3786 = EDGE_CURVE ( 'NONE', #8056, #860, #1959, .T. ) ;
#3787 =( NAMED_UNIT ( * ) SI_UNIT ( $, .STERADIAN. ) SOLID_ANGLE_UNIT ( ) );
#3788 = CARTESIAN_POINT ( 'NONE',  ( 6.699999999999999289, 0.1999999999999999833, 1.700000000000000178 ) ) ;
#3789 = FACE_OUTER_BOUND ( 'NONE', #5406, .T. ) ;
#3790 = CARTESIAN_POINT ( 'NONE',  ( 3.750000000000000444, 0.2000000000000000944, 0.2500000000000002220 ) ) ;
#3791 = MECHANICAL_DESIGN_GEOMETRIC_PRESENTATION_REPRESENTATION (  '', ( #1418 ), #7775 ) ;
#3792 = LINE ( 'NONE', #2422, #8109 ) ;
#3793 = LINE ( 'NONE', #5851, #8128 ) ;
#3794 = ORIENTED_EDGE ( 'NONE', *, *, #3063, .F. ) ;
#3795 = PRESENTATION_STYLE_ASSIGNMENT (( #5179 ) ) ;
#3796 = CARTESIAN_POINT ( 'NONE',  ( 6.249999999999998224, -3.399999999999999911, -0.1500000000000003830 ) ) ;
#3797 = EDGE_CURVE ( 'NONE', #2731, #2783, #7582, .T. ) ;
#3798 = CARTESIAN_POINT ( 'NONE',  ( 9.750000000000000000, -3.399999999999999911, -0.2499999999999997780 ) ) ;
#3799 = DIRECTION ( 'NONE',  ( -1.000000000000000000, 0.0000000000000000000, -6.829619984160658046E-17 ) ) ;
#3800 = DIRECTION ( 'NONE',  ( -5.421010862427522170E-17, -1.000000000000000000, 2.350988701644575016E-32 ) ) ;
#3801 = ADVANCED_FACE ( 'NONE', ( #6886 ), #6992, .F. ) ;
#3802 = CARTESIAN_POINT ( 'NONE',  ( 2.750000000000000444, 3.150000000000001243, -2.050000000000002043 ) ) ;
#3803 = ORIENTED_EDGE ( 'NONE', *, *, #6837, .T. ) ;
#3804 = ADVANCED_FACE ( 'NONE', ( #3538 ), #7809, .T. ) ;
#3805 = EDGE_CURVE ( 'NONE', #7447, #6123, #6319, .T. ) ;
#3806 = DIRECTION ( 'NONE',  ( -0.0000000000000000000, 1.000000000000000000, -0.0000000000000000000 ) ) ;
#3807 = SURFACE_STYLE_USAGE ( .BOTH. , #3215 ) ;
#3808 = CARTESIAN_POINT ( 'NONE',  ( 0.6999999999999992895, 0.0000000000000000000, 1.700000000000000178 ) ) ;
#3809 = SURFACE_SIDE_STYLE ('',( #3945 ) ) ;
#3810 = ORIENTED_EDGE ( 'NONE', *, *, #6790, .T. ) ;
#3811 = LINE ( 'NONE', #8179, #6242 ) ;
#3812 = VECTOR ( 'NONE', #4719, 1000.000000000000000 ) ;
#3813 = UNCERTAINTY_MEASURE_WITH_UNIT (LENGTH_MEASURE( 1.000000000000000082E-05 ), #4111, 'distance_accuracy_value', 'NONE');
#3814 = ORIENTED_EDGE ( 'NONE', *, *, #8680, .T. ) ;
#3815 = DIRECTION ( 'NONE',  ( -0.0000000000000000000, -0.0000000000000000000, 1.000000000000000000 ) ) ;
#3816 = VECTOR ( 'NONE', #780, 1000.000000000000000 ) ;
#3817 = DIRECTION ( 'NONE',  ( -1.000000000000000000, 3.872150616019660190E-17, -0.0000000000000000000 ) ) ;
#3818 = DIRECTION ( 'NONE',  ( 0.0000000000000000000, 0.0000000000000000000, -1.000000000000000000 ) ) ;
#3819 = EDGE_LOOP ( 'NONE', ( #5824, #9040, #5109, #1312, #8987, #8511 ) ) ;
#3820 = DIRECTION ( 'NONE',  ( -1.084202172485504237E-15, -1.000000000000000000, 0.0000000000000000000 ) ) ;
#3821 = LINE ( 'NONE', #8571, #1775 ) ;
#3822 = FILL_AREA_STYLE ('',( #5299 ) ) ;
#3823 = DIRECTION ( 'NONE',  ( 0.0000000000000000000, 0.0000000000000000000, 1.000000000000000000 ) ) ;
#3824 =( NAMED_UNIT ( * ) SI_UNIT ( $, .STERADIAN. ) SOLID_ANGLE_UNIT ( ) );
#3825 = EDGE_CURVE ( 'NONE', #8444, #2551, #7765, .T. ) ;
#3826 = ORIENTED_EDGE ( 'NONE', *, *, #1168, .F. ) ;
#3827 = CARTESIAN_POINT ( 'NONE',  ( -1.350000000000000089, 1.149999999999999911, -2.350000000000001421 ) ) ;
#3828 = ORIENTED_EDGE ( 'NONE', *, *, #4056, .T. ) ;
#3829 = STYLED_ITEM ( 'NONE', ( #4209 ), #4013 ) ;
#3830 = EDGE_CURVE ( 'NONE', #716, #7573, #8445, .T. ) ;
#3831 = SURFACE_STYLE_FILL_AREA ( #3882 ) ;
#3832 =( GEOMETRIC_REPRESENTATION_CONTEXT ( 3 ) GLOBAL_UNCERTAINTY_ASSIGNED_CONTEXT ( ( #8401 ) ) GLOBAL_UNIT_ASSIGNED_CONTEXT ( ( #2929, #7716, #5638 ) ) REPRESENTATION_CONTEXT ( 'NONE', 'WORKASPACE' ) );
#3833 = DIRECTION ( 'NONE',  ( 1.000000000000000000, 0.0000000000000000000, -0.0000000000000000000 ) ) ;
#3834 = ADVANCED_FACE ( 'NONE', ( #7856 ), #2196, .F. ) ;
#3835 = LINE ( 'NONE', #6286, #4864 ) ;
#3836 = FILL_AREA_STYLE ('',( #3158 ) ) ;
#3837 =( GEOMETRIC_REPRESENTATION_CONTEXT ( 3 ) GLOBAL_UNCERTAINTY_ASSIGNED_CONTEXT ( ( #8051 ) ) GLOBAL_UNIT_ASSIGNED_CONTEXT ( ( #3925, #5224, #4326 ) ) REPRESENTATION_CONTEXT ( 'NONE', 'WORKASPACE' ) );
#3838 = DIRECTION ( 'NONE',  ( -0.0000000000000000000, -0.0000000000000000000, 1.000000000000000000 ) ) ;
#3839 = LINE ( 'NONE', #3256, #1273 ) ;
#3840 = ORIENTED_EDGE ( 'NONE', *, *, #6694, .T. ) ;
#3841 = EDGE_CURVE ( 'NONE', #8673, #7698, #7988, .T. ) ;
#3842 = COLOUR_RGB ( '',1.000000000000000000, 0.8117647058823529438, 0.5019607843137254832 ) ;
#3843 = VECTOR ( 'NONE', #7748, 1000.000000000000000 ) ;
#3844 = AXIS2_PLACEMENT_3D ( 'NONE', #8559, #2226, #2867 ) ;
#3845 = MECHANICAL_DESIGN_GEOMETRIC_PRESENTATION_REPRESENTATION (  '', ( #8829 ), #8556 ) ;
#3846 =( GEOMETRIC_REPRESENTATION_CONTEXT ( 3 ) GLOBAL_UNCERTAINTY_ASSIGNED_CONTEXT ( ( #6131 ) ) GLOBAL_UNIT_ASSIGNED_CONTEXT ( ( #6502, #840, #2358 ) ) REPRESENTATION_CONTEXT ( 'NONE', 'WORKASPACE' ) );
#3847 = CARTESIAN_POINT ( 'NONE',  ( -0.2500000000000002220, -3.399999999999999911, 0.2500000000000002220 ) ) ;
#3848 = LINE ( 'NONE', #5954, #3119 ) ;
#3849 = PRESENTATION_STYLE_ASSIGNMENT (( #6619 ) ) ;
#3850 = DIRECTION ( 'NONE',  ( 1.000000000000000000, -5.421010862427522170E-17, 0.0000000000000000000 ) ) ;
#3851 = DIRECTION ( 'NONE',  ( 0.0000000000000000000, -0.0000000000000000000, 1.000000000000000000 ) ) ;
#3852 = ORIENTED_EDGE ( 'NONE', *, *, #2888, .T. ) ;
#3853 = STYLED_ITEM ( 'NONE', ( #4941 ), #5144 ) ;
#3854 = ADVANCED_FACE ( 'NONE', ( #8649 ), #1741, .T. ) ;
#3855 = VERTEX_POINT ( 'NONE', #3790 ) ;
#3856 = AXIS2_PLACEMENT_3D ( 'NONE', #4972, #1351, #7139 ) ;
#3857 = ORIENTED_EDGE ( 'NONE', *, *, #1922, .F. ) ;
#3858 = EDGE_CURVE ( 'NONE', #4065, #2754, #6599, .T. ) ;
#3859 =( NAMED_UNIT ( * ) PLANE_ANGLE_UNIT ( ) SI_UNIT ( $, .RADIAN. ) );
#3860 = LINE ( 'NONE', #4549, #605 ) ;
#3861 = FILL_AREA_STYLE ('',( #2405 ) ) ;
#3862 = VECTOR ( 'NONE', #6833, 1000.000000000000000 ) ;
#3863 = PRESENTATION_STYLE_ASSIGNMENT (( #4514 ) ) ;
#3864 = PRESENTATION_LAYER_ASSIGNMENT (  '', '', ( #6366 ) ) ;
#3865 = LINE ( 'NONE', #7323, #3909 ) ;
#3866 = ORIENTED_EDGE ( 'NONE', *, *, #7189, .F. ) ;
#3867 = AXIS2_PLACEMENT_3D ( 'NONE', #4079, #1280, #60 ) ;
#3868 = MECHANICAL_DESIGN_GEOMETRIC_PRESENTATION_REPRESENTATION (  '', ( #5200 ), #1198 ) ;
#3869 = DIRECTION ( 'NONE',  ( 0.0000000000000000000, 1.000000000000000000, 0.0000000000000000000 ) ) ;
#3870 = FACE_OUTER_BOUND ( 'NONE', #1823, .T. ) ;
#3871 = SURFACE_STYLE_USAGE ( .BOTH. , #5217 ) ;
#3872 = PRESENTATION_LAYER_ASSIGNMENT (  '', '', ( #3458 ) ) ;
#3873 = CARTESIAN_POINT ( 'NONE',  ( 8.833333333333330373, -4.383333333333336412, -0.8333333333333343695 ) ) ;
#3874 = PLANE ( 'NONE',  #4771 ) ;
#3875 = ORIENTED_EDGE ( 'NONE', *, *, #8171, .F. ) ;
#3876 = PRESENTATION_STYLE_ASSIGNMENT (( #4813 ) ) ;
#3877 = CARTESIAN_POINT ( 'NONE',  ( 6.966666666666665897, -2.516666666666663943, -1.033333333333335213 ) ) ;
#3878 = VECTOR ( 'NONE', #2762, 999.9999999999998863 ) ;
#3879 = AXIS2_PLACEMENT_3D ( 'NONE', #2865, #7107, #620 ) ;
#3880 = MECHANICAL_DESIGN_GEOMETRIC_PRESENTATION_REPRESENTATION (  '', ( #1667 ), #4938 ) ;
#3881 = ADVANCED_FACE ( 'NONE', ( #8775 ), #3920, .F. ) ;
#3882 = FILL_AREA_STYLE ('',( #3066 ) ) ;
#3883 =( NAMED_UNIT ( * ) PLANE_ANGLE_UNIT ( ) SI_UNIT ( $, .RADIAN. ) );
#3884 = FILL_AREA_STYLE ('',( #8873 ) ) ;
#3885 = DIRECTION ( 'NONE',  ( -1.000000000000000000, 5.421010862427522170E-17, 0.0000000000000000000 ) ) ;
#3886 = DIRECTION ( 'NONE',  ( -4.336808689942017736E-16, 1.679277644031839923E-32, -1.000000000000000000 ) ) ;
#3887 = FACE_OUTER_BOUND ( 'NONE', #1536, .T. ) ;
#3888 = EDGE_LOOP ( 'NONE', ( #1277, #8189, #4369, #2744 ) ) ;
#3889 = STYLED_ITEM ( 'NONE', ( #1065 ), #7759 ) ;
#3890 = ADVANCED_FACE ( 'NONE', ( #356 ), #3191, .F. ) ;
#3891 = ADVANCED_FACE ( 'NONE', ( #8951 ), #571, .F. ) ;
#3892 = CARTESIAN_POINT ( 'NONE',  ( 4.699999999999999289, 0.1999999999999999833, 1.700000000000000178 ) ) ;
#3893 = CARTESIAN_POINT ( 'NONE',  ( 4.250000000000000000, 1.800000000000000044, 0.2500000000000002220 ) ) ;
#3894 = CARTESIAN_POINT ( 'NONE',  ( 1.849999999999997868, -3.399999999999999911, 0.1500000000000025757 ) ) ;
#3895 = ORIENTED_EDGE ( 'NONE', *, *, #4529, .F. ) ;
#3896 =( LENGTH_UNIT ( ) NAMED_UNIT ( * ) SI_UNIT ( .MILLI., .METRE. ) );
#3897 = LINE ( 'NONE', #1771, #7046 ) ;
#3898 = EDGE_LOOP ( 'NONE', ( #8461, #7394, #3624, #5790 ) ) ;
#3899 = ORIENTED_EDGE ( 'NONE', *, *, #7774, .F. ) ;
#3900 = PRESENTATION_LAYER_ASSIGNMENT (  '', '', ( #1865 ) ) ;
#3901 = EDGE_CURVE ( 'NONE', #8480, #4260, #1845, .T. ) ;
#3902 = EDGE_CURVE ( 'NONE', #2290, #8270, #431, .T. ) ;
#3903 = UNCERTAINTY_MEASURE_WITH_UNIT (LENGTH_MEASURE( 1.000000000000000082E-05 ), #3544, 'distance_accuracy_value', 'NONE');
#3904 = CARTESIAN_POINT ( 'NONE',  ( 2.749999999999999556, 3.399999999999998579, -2.350000000000001421 ) ) ;
#3905 = SURFACE_STYLE_FILL_AREA ( #1783 ) ;
#3906 = VECTOR ( 'NONE', #956, 1000.000000000000114 ) ;
#3907 = DIRECTION ( 'NONE',  ( 0.5773502691896259531, 0.5773502691896259531, 0.5773502691896255090 ) ) ;
#3908 = FILL_AREA_STYLE ('',( #6012 ) ) ;
#3909 = VECTOR ( 'NONE', #3951, 1000.000000000000000 ) ;
#3910 = ORIENTED_EDGE ( 'NONE', *, *, #7133, .T. ) ;
#3911 = EDGE_CURVE ( 'NONE', #6301, #4034, #393, .T. ) ;
#3912 = EDGE_CURVE ( 'NONE', #5998, #4765, #3431, .T. ) ;
#3913 = COLOUR_RGB ( '',1.000000000000000000, 0.8117647058823529438, 0.5019607843137254832 ) ;
#3914 = AXIS2_PLACEMENT_3D ( 'NONE', #7973, #934, #1786 ) ;
#3915 = SURFACE_SIDE_STYLE ('',( #8095 ) ) ;
#3916 = SURFACE_SIDE_STYLE ('',( #5297 ) ) ;
#3917 = UNCERTAINTY_MEASURE_WITH_UNIT (LENGTH_MEASURE( 1.000000000000000082E-05 ), #3205, 'distance_accuracy_value', 'NONE');
#3918 = LINE ( 'NONE', #1702, #4287 ) ;
#3919 = LINE ( 'NONE', #6731, #7979 ) ;
#3920 = PLANE ( 'NONE',  #6025 ) ;
#3921 = CARTESIAN_POINT ( 'NONE',  ( 11.95000000000000107, 4.500000000000000888, 0.3200000000000012834 ) ) ;
#3922 = PLANE ( 'NONE',  #2426 ) ;
#3923 = VERTEX_POINT ( 'NONE', #7467 ) ;
#3924 = DIRECTION ( 'NONE',  ( -1.000000000000000000, 3.872150616019660190E-17, -0.0000000000000000000 ) ) ;
#3925 =( LENGTH_UNIT ( ) NAMED_UNIT ( * ) SI_UNIT ( .MILLI., .METRE. ) );
#3926 = AXIS2_PLACEMENT_3D ( 'NONE', #760, #4164, #2922 ) ;
#3927 = CARTESIAN_POINT ( 'NONE',  ( 8.750000000000000000, 3.399999999999999467, -2.050000000000001599 ) ) ;
#3928 = PRODUCT_RELATED_PRODUCT_CATEGORY ( 'part', '', ( #5899 ) ) ;
#3929 = COLOUR_RGB ( '',1.000000000000000000, 1.000000000000000000, 1.000000000000000000 ) ;
#3930 = COLOUR_RGB ( '',1.000000000000000000, 1.000000000000000000, 1.000000000000000000 ) ;
#3931 = FILL_AREA_STYLE_COLOUR ( '', #784 ) ;
#3932 = LINE ( 'NONE', #3201, #1624 ) ;
#3933 = DIRECTION ( 'NONE',  ( 0.5773502691896206240, -0.5773502691896306160, -0.5773502691896260641 ) ) ;
#3934 = DIRECTION ( 'NONE',  ( 1.000000000000000000, 0.0000000000000000000, 6.829619984160658046E-17 ) ) ;
#3935 = FILL_AREA_STYLE_COLOUR ( '', #5102 ) ;
#3936 = CARTESIAN_POINT ( 'NONE',  ( 11.95000000000000107, 1.380000000000003002, 1.300000000000000044 ) ) ;
#3937 = VERTEX_POINT ( 'NONE', #3960 ) ;
#3938 = VECTOR ( 'NONE', #3681, 1000.000000000000000 ) ;
#3939 = ORIENTED_EDGE ( 'NONE', *, *, #8771, .F. ) ;
#3940 = EDGE_CURVE ( 'NONE', #4320, #3855, #3385, .T. ) ;
#3941 = DIRECTION ( 'NONE',  ( 1.000000000000000000, -3.872150616019660190E-17, -4.336808689942017736E-16 ) ) ;
#3942 = CARTESIAN_POINT ( 'NONE',  ( -1.949999999999999956, 6.000000000000000000, -2.800000000000000266 ) ) ;
#3943 = FILL_AREA_STYLE ('',( #7598 ) ) ;
#3944 = DIRECTION ( 'NONE',  ( -1.000000000000000000, 3.872150616019660190E-17, -0.0000000000000000000 ) ) ;
#3945 = SURFACE_STYLE_FILL_AREA ( #4595 ) ;
#3946 = ORIENTED_EDGE ( 'NONE', *, *, #5400, .F. ) ;
#3947 = SURFACE_SIDE_STYLE ('',( #7413 ) ) ;
#3948 = FILL_AREA_STYLE ('',( #1160 ) ) ;
#3949 = SURFACE_STYLE_USAGE ( .BOTH. , #5383 ) ;
#3950 = VECTOR ( 'NONE', #3451, 1000.000000000000114 ) ;
#3951 = DIRECTION ( 'NONE',  ( 1.000000000000000000, -0.0000000000000000000, -6.240012503513693999E-17 ) ) ;
#3952 = CARTESIAN_POINT ( 'NONE',  ( -1.350000000000000089, 4.500000000000000888, -0.6799999999999991607 ) ) ;
#3953 = EDGE_LOOP ( 'NONE', ( #7903, #1686, #2887, #873 ) ) ;
#3954 = EDGE_CURVE ( 'NONE', #4081, #4543, #6122, .T. ) ;
#3955 = EDGE_CURVE ( 'NONE', #8642, #6982, #4761, .T. ) ;
#3956 = VECTOR ( 'NONE', #4037, 1000.000000000000000 ) ;
#3957 = LINE ( 'NONE', #7371, #3154 ) ;
#3958 = SURFACE_STYLE_USAGE ( .BOTH. , #3916 ) ;
#3959 = LINE ( 'NONE', #7330, #5307 ) ;
#3960 = CARTESIAN_POINT ( 'NONE',  ( 5.849999999999999645, 5.100000000000001421, -0.1500000000000003830 ) ) ;
#3961 =( NAMED_UNIT ( * ) PLANE_ANGLE_UNIT ( ) SI_UNIT ( $, .RADIAN. ) );
#3962 = VERTEX_POINT ( 'NONE', #4062 ) ;
#3963 = DIRECTION ( 'NONE',  ( 0.0000000000000000000, -0.0000000000000000000, 1.000000000000000000 ) ) ;
#3964 = CARTESIAN_POINT ( 'NONE',  ( 5.750000000000000000, -3.399999999999999911, 0.1500000000000008271 ) ) ;
#3965 = CARTESIAN_POINT ( 'NONE',  ( 4.250000000000000000, -3.399999999999999911, -0.1500000000000003830 ) ) ;
#3966 = ORIENTED_EDGE ( 'NONE', *, *, #8717, .T. ) ;
#3967 = ORIENTED_EDGE ( 'NONE', *, *, #5158, .T. ) ;
#3968 = SURFACE_SIDE_STYLE ('',( #538 ) ) ;
#3969 = PRESENTATION_LAYER_ASSIGNMENT (  '', '', ( #8385 ) ) ;
#3970 =( NAMED_UNIT ( * ) PLANE_ANGLE_UNIT ( ) SI_UNIT ( $, .RADIAN. ) );
#3971 = CLOSED_SHELL ( 'NONE', ( #2911, #3016, #6251, #1997, #1227, #8019, #1029, #5599, #8253, #4982, #5863, #8832, #5758, #4214, #8812, #1438, #6401, #5974, #1175, #5144, #2466, #7954, #5214, #1736, #6970, #254, #6115, #8058, #3073, #8441, #7048, #6852, #3477, #4872, #4210, #5524, #4259, #625, #3623, #1861, #7181, #7071, #2273, #2950, #341, #3594, #3432, #6044, #4085, #6560, #5049, #8934, #7643, #3651, #8520, #7759, #3001, #2285, #1947, #3854, #3546, #5302, #5718, #5269, #2969, #5136, #4744, #6102, #2788, #2949, #3834, #3735, #3072, #7527, #6465, #480, #7911, #5110, #631, #7842, #7144, #3410, #8512, #6705, #2509, #6023, #5792, #1195, #6937, #8764, #3663, #8619, #491, #1406, #75, #8155, #426, #1993, #8501, #4946, #7388, #563, #7193, #870, #7191, #6381, #83, #5973, #2976, #6443, #8060, #8946, #6272, #6140, #2249, #6200, #6896, #1358, #2556, #3891, #5028, #4820, #4406, #8287, #2786, #5090, #1477, #6961, #5506, #3881, #5915, #787, #5233, #4024, #2634, #4626, #4784, #753, #8158, #4347, #7441, #4013, #4818, #262, #5547, #6430, #3890, #7700, #9003, #5066, #6956, #6331, #386, #5538, #7752, #944, #3028, #1244, #3210, #2388, #2004, #7167, #3801, #4412, #4475, #8354, #986, #3261, #3804, #429, #7235, #6654, #830, #5256, #672, #2980, #2390, #7509, #8340, #3373, #5156, #117, #4637, #302, #6386, #5873, #8050, #951, #3393, #3748, #4888, #1104, #1058, #7873, #915, #4231, #324, #6662, #3780, #1688, #4532, #517, #7279, #4557, #8023, #1640 ) ) ;
#3972 = DIRECTION ( 'NONE',  ( 0.7071067811865520136, -0.7071067811865430208, -3.066586833366767505E-16 ) ) ;
#3973 = PRESENTATION_STYLE_ASSIGNMENT (( #3253 ) ) ;
#3974 = FILL_AREA_STYLE ('',( #2511 ) ) ;
#3975 = CARTESIAN_POINT ( 'NONE',  ( 11.35000000000000142, -13.20037878244408880, -2.350000000000000977 ) ) ;
#3976 = ORIENTED_EDGE ( 'NONE', *, *, #7813, .F. ) ;
#3977 = DIRECTION ( 'NONE',  ( 3.872150616019660190E-17, 1.000000000000000000, -0.0000000000000000000 ) ) ;
#3978 = LINE ( 'NONE', #8118, #9032 ) ;
#3979 = DIRECTION ( 'NONE',  ( -6.829619984160658046E-17, 0.0000000000000000000, 1.000000000000000000 ) ) ;
#3980 = ORIENTED_EDGE ( 'NONE', *, *, #3601, .T. ) ;
#3981 =( GEOMETRIC_REPRESENTATION_CONTEXT ( 3 ) GLOBAL_UNCERTAINTY_ASSIGNED_CONTEXT ( ( #7514 ) ) GLOBAL_UNIT_ASSIGNED_CONTEXT ( ( #1820, #6807, #458 ) ) REPRESENTATION_CONTEXT ( 'NONE', 'WORKASPACE' ) );
#3982 = AXIS2_PLACEMENT_3D ( 'NONE', #2830, #5589, #4914 ) ;
#3983 = UNCERTAINTY_MEASURE_WITH_UNIT (LENGTH_MEASURE( 1.000000000000000082E-05 ), #6277, 'distance_accuracy_value', 'NONE');
#3984 = CARTESIAN_POINT ( 'NONE',  ( 8.966666666666666785, -2.516666666666663943, -1.033333333333335213 ) ) ;
#3985 = CARTESIAN_POINT ( 'NONE',  ( 5.849999999999999645, -3.399999999999999911, -0.2499999999999997780 ) ) ;
#3986 = FILL_AREA_STYLE_COLOUR ( '', #2829 ) ;
#3987 = CARTESIAN_POINT ( 'NONE',  ( 0.2499999999999997780, 1.800000000000000044, -0.2499999999999997780 ) ) ;
#3988 = CARTESIAN_POINT ( 'NONE',  ( 0.7500000000000002220, 3.399999999999999467, -2.350000000000001421 ) ) ;
#3989 = VECTOR ( 'NONE', #4776, 1000.000000000000000 ) ;
#3990 = DIRECTION ( 'NONE',  ( -3.833233541708432880E-17, -0.7071067811865471286, -0.7071067811865479058 ) ) ;
#3991 = COLOUR_RGB ( '',1.000000000000000000, 0.8117647058823529438, 0.5019607843137254832 ) ;
#3992 = ORIENTED_EDGE ( 'NONE', *, *, #8570, .T. ) ;
#3993 = PRESENTATION_LAYER_ASSIGNMENT (  '', '', ( #5898 ) ) ;
#3994 = STYLED_ITEM ( 'NONE', ( #7801 ), #4820 ) ;
#3995 = EDGE_LOOP ( 'NONE', ( #1297, #4990 ) ) ;
#3996 = ORIENTED_EDGE ( 'NONE', *, *, #9080, .T. ) ;
#3997 = UNCERTAINTY_MEASURE_WITH_UNIT (LENGTH_MEASURE( 1.000000000000000082E-05 ), #6679, 'distance_accuracy_value', 'NONE');
#3998 = CARTESIAN_POINT ( 'NONE',  ( 4.049999999999999822, 0.0000000000000000000, -2.050000000000001599 ) ) ;
#3999 = VECTOR ( 'NONE', #1373, 1000.000000000000000 ) ;
#4000 = SURFACE_SIDE_STYLE ('',( #1927 ) ) ;
#4001 = FACE_OUTER_BOUND ( 'NONE', #3219, .T. ) ;
#4002 = PLANE ( 'NONE',  #2017 ) ;
#4003 =( NAMED_UNIT ( * ) SI_UNIT ( $, .STERADIAN. ) SOLID_ANGLE_UNIT ( ) );
#4004 = FACE_OUTER_BOUND ( 'NONE', #4115, .T. ) ;
#4005 = ORIENTED_EDGE ( 'NONE', *, *, #2732, .T. ) ;
#4006 = VECTOR ( 'NONE', #498, 1000.000000000000000 ) ;
#4007 =( GEOMETRIC_REPRESENTATION_CONTEXT ( 3 ) GLOBAL_UNCERTAINTY_ASSIGNED_CONTEXT ( ( #559 ) ) GLOBAL_UNIT_ASSIGNED_CONTEXT ( ( #6677, #3045, #931 ) ) REPRESENTATION_CONTEXT ( 'NONE', 'WORKASPACE' ) );
#4008 = FILL_AREA_STYLE ('',( #2544 ) ) ;
#4009 = EDGE_CURVE ( 'NONE', #2244, #4191, #6875, .T. ) ;
#4010 = STYLED_ITEM ( 'NONE', ( #4875 ), #1993 ) ;
#4011 = CARTESIAN_POINT ( 'NONE',  ( 0.05000000000000012768, 5.100000000000001421, -2.800000000000000266 ) ) ;
#4012 = UNCERTAINTY_MEASURE_WITH_UNIT (LENGTH_MEASURE( 1.000000000000000082E-05 ), #8536, 'distance_accuracy_value', 'NONE');
#4013 = ADVANCED_FACE ( 'NONE', ( #667 ), #5672, .F. ) ;
#4014 = LINE ( 'NONE', #8101, #7828 ) ;
#4015 = DIRECTION ( 'NONE',  ( 1.000000000000000000, -3.872150616019660190E-17, -4.336808689942017736E-16 ) ) ;
#4016 = DIRECTION ( 'NONE',  ( -1.000000000000000000, 5.421010862427522170E-17, 0.0000000000000000000 ) ) ;
#4017 = CARTESIAN_POINT ( 'NONE',  ( 1.750000000000000222, -3.300000000000002043, 0.2500000000000002220 ) ) ;
#4018 = ORIENTED_EDGE ( 'NONE', *, *, #209, .T. ) ;
#4019 = CARTESIAN_POINT ( 'NONE',  ( 10.69999999999999929, 0.0000000000000000000, -2.800000000000000266 ) ) ;
#4020 = CARTESIAN_POINT ( 'NONE',  ( 2.750000000000000444, 1.149999999999999911, -2.050000000000001599 ) ) ;
#4021 =( GEOMETRIC_REPRESENTATION_CONTEXT ( 3 ) GLOBAL_UNCERTAINTY_ASSIGNED_CONTEXT ( ( #1300 ) ) GLOBAL_UNIT_ASSIGNED_CONTEXT ( ( #1907, #1187, #7387 ) ) REPRESENTATION_CONTEXT ( 'NONE', 'WORKASPACE' ) );
#4022 =( GEOMETRIC_REPRESENTATION_CONTEXT ( 3 ) GLOBAL_UNCERTAINTY_ASSIGNED_CONTEXT ( ( #4661 ) ) GLOBAL_UNIT_ASSIGNED_CONTEXT ( ( #3645, #6451, #2947 ) ) REPRESENTATION_CONTEXT ( 'NONE', 'WORKASPACE' ) );
#4023 = ORIENTED_EDGE ( 'NONE', *, *, #19, .T. ) ;
#4024 = ADVANCED_FACE ( 'NONE', ( #4907 ), #7021, .F. ) ;
#4025 = DIRECTION ( 'NONE',  ( 1.000000000000000000, -5.421010862427522170E-17, 0.0000000000000000000 ) ) ;
#4026 =( GEOMETRIC_REPRESENTATION_CONTEXT ( 3 ) GLOBAL_UNCERTAINTY_ASSIGNED_CONTEXT ( ( #482 ) ) GLOBAL_UNIT_ASSIGNED_CONTEXT ( ( #7596, #7779, #3456 ) ) REPRESENTATION_CONTEXT ( 'NONE', 'WORKASPACE' ) );
#4027 = CARTESIAN_POINT ( 'NONE',  ( 7.450000000000000178, -4.100000000000000533, 0.5499999999999997113 ) ) ;
#4028 = FACE_OUTER_BOUND ( 'NONE', #2247, .T. ) ;
#4029 = DIRECTION ( 'NONE',  ( 0.0000000000000000000, -0.0000000000000000000, -1.000000000000000000 ) ) ;
#4030 = CARTESIAN_POINT ( 'NONE',  ( 11.18000000000000149, 4.230000000000001315, 1.249999999999998446 ) ) ;
#4031 = ORIENTED_EDGE ( 'NONE', *, *, #2328, .T. ) ;
#4032 = PLANE ( 'NONE',  #6860 ) ;
#4033 = FILL_AREA_STYLE_COLOUR ( '', #7058 ) ;
#4034 = VERTEX_POINT ( 'NONE', #1452 ) ;
#4035 = COLOUR_RGB ( '',1.000000000000000000, 0.8117647058823529438, 0.5019607843137254832 ) ;
#4036 =( GEOMETRIC_REPRESENTATION_CONTEXT ( 3 ) GLOBAL_UNCERTAINTY_ASSIGNED_CONTEXT ( ( #6962 ) ) GLOBAL_UNIT_ASSIGNED_CONTEXT ( ( #9048, #6156, #8901 ) ) REPRESENTATION_CONTEXT ( 'NONE', 'WORKASPACE' ) );
#4037 = DIRECTION ( 'NONE',  ( -9.103382349328301547E-49, -2.350988701644575016E-32, -1.000000000000000000 ) ) ;
#4038 = PRESENTATION_STYLE_ASSIGNMENT (( #6808 ) ) ;
#4039 = ORIENTED_EDGE ( 'NONE', *, *, #6682, .F. ) ;
#4040 = DIRECTION ( 'NONE',  ( -0.0000000000000000000, -1.000000000000000000, -0.0000000000000000000 ) ) ;
#4041 = CARTESIAN_POINT ( 'NONE',  ( 4.750000000000000888, 3.399999999999999467, -2.350000000000001421 ) ) ;
#4042 = CARTESIAN_POINT ( 'NONE',  ( 3.250000000000000888, 1.149999999999999911, -2.050000000000001599 ) ) ;
#4043 = VECTOR ( 'NONE', #4098, 1000.000000000000000 ) ;
#4044 = EDGE_LOOP ( 'NONE', ( #3257, #5210, #4051, #6462, #5844, #1735, #29, #195, #8314, #4096, #422, #5132, #7820, #8241, #8326, #983, #2515, #8260, #5086, #7602, #7458, #7755, #3803, #8104, #4168, #5959, #6991, #7943 ) ) ;
#4045 = MECHANICAL_DESIGN_GEOMETRIC_PRESENTATION_REPRESENTATION (  '', ( #8592 ), #8728 ) ;
#4046 = CARTESIAN_POINT ( 'NONE',  ( 5.750000000000000000, 5.000000000000000888, 0.2500000000000002220 ) ) ;
#4047 = VERTEX_POINT ( 'NONE', #7798 ) ;
#4048 = DIRECTION ( 'NONE',  ( -0.0000000000000000000, 0.7071067811865500152, 0.7071067811865451302 ) ) ;
#4049 = CARTESIAN_POINT ( 'NONE',  ( 9.299999999999998934, 0.2000000000000000389, 1.700000000000000178 ) ) ;
#4050 =( NAMED_UNIT ( * ) SI_UNIT ( $, .STERADIAN. ) SOLID_ANGLE_UNIT ( ) );
#4051 = ORIENTED_EDGE ( 'NONE', *, *, #2304, .T. ) ;
#4052 = EDGE_CURVE ( 'NONE', #7472, #2647, #3657, .T. ) ;
#4053 = ORIENTED_EDGE ( 'NONE', *, *, #2183, .F. ) ;
#4054 =( NAMED_UNIT ( * ) PLANE_ANGLE_UNIT ( ) SI_UNIT ( $, .RADIAN. ) );
#4055 = VERTEX_POINT ( 'NONE', #6306 ) ;
#4056 = EDGE_CURVE ( 'NONE', #1671, #1979, #4301, .T. ) ;
#4057 = AXIS2_PLACEMENT_3D ( 'NONE', #7542, #546, #1813 ) ;
#4058 = LINE ( 'NONE', #8815, #1936 ) ;
#4059 = PRESENTATION_STYLE_ASSIGNMENT (( #568 ) ) ;
#4060 = CARTESIAN_POINT ( 'NONE',  ( 5.299999999999998934, 0.2000000000000000389, -2.800000000000000266 ) ) ;
#4061 = DIRECTION ( 'NONE',  ( 8.761229676650541399E-16, 1.000000000000000000, -0.0000000000000000000 ) ) ;
#4062 = CARTESIAN_POINT ( 'NONE',  ( 8.250000000000000000, 5.000000000000000888, 0.2500000000000002220 ) ) ;
#4063 = DIRECTION ( 'NONE',  ( -0.7071067811865505703, -0.7071067811865444641, 1.662400053425828747E-32 ) ) ;
#4064 = DIRECTION ( 'NONE',  ( 0.0000000000000000000, 1.000000000000000000, 0.0000000000000000000 ) ) ;
#4065 = VERTEX_POINT ( 'NONE', #1375 ) ;
#4066 = SURFACE_STYLE_FILL_AREA ( #7574 ) ;
#4067 = DIRECTION ( 'NONE',  ( 1.000000000000000000, 1.927470528863119542E-16, -0.0000000000000000000 ) ) ;
#4068 = FILL_AREA_STYLE ('',( #1128 ) ) ;
#4069 = EDGE_CURVE ( 'NONE', #8902, #1964, #9101, .T. ) ;
#4070 =( GEOMETRIC_REPRESENTATION_CONTEXT ( 3 ) GLOBAL_UNCERTAINTY_ASSIGNED_CONTEXT ( ( #23 ) ) GLOBAL_UNIT_ASSIGNED_CONTEXT ( ( #2907, #5741, #1683 ) ) REPRESENTATION_CONTEXT ( 'NONE', 'WORKASPACE' ) );
#4071 = ORIENTED_EDGE ( 'NONE', *, *, #550, .T. ) ;
#4072 = DIRECTION ( 'NONE',  ( -1.084202172485504237E-15, -1.000000000000000000, 0.0000000000000000000 ) ) ;
#4073 =( NAMED_UNIT ( * ) PLANE_ANGLE_UNIT ( ) SI_UNIT ( $, .RADIAN. ) );
#4074 = EDGE_LOOP ( 'NONE', ( #4124, #8514, #6809, #8379 ) ) ;
#4075 = PRESENTATION_STYLE_ASSIGNMENT (( #9072 ) ) ;
#4076 = MECHANICAL_DESIGN_GEOMETRIC_PRESENTATION_REPRESENTATION (  '', ( #2027 ), #7613 ) ;
#4077 = CARTESIAN_POINT ( 'NONE',  ( 7.749999999999998224, 1.800000000000000044, -2.800000000000004707 ) ) ;
#4078 = VECTOR ( 'NONE', #7641, 1000.000000000000000 ) ;
#4079 = CARTESIAN_POINT ( 'NONE',  ( 0.7500000000000002220, 3.399999999999999467, -2.050000000000001599 ) ) ;
#4080 = DIRECTION ( 'NONE',  ( -9.103382349328301547E-49, -2.350988701644575016E-32, -1.000000000000000000 ) ) ;
#4081 = VERTEX_POINT ( 'NONE', #7751 ) ;
#4082 = DIRECTION ( 'NONE',  ( -2.112805889130628640E-17, 0.7071067811865492381, 0.7071067811865457964 ) ) ;
#4083 = DIRECTION ( 'NONE',  ( -1.000000000000000000, 0.0000000000000000000, -6.829619984160658046E-17 ) ) ;
#4084 = ORIENTED_EDGE ( 'NONE', *, *, #4141, .F. ) ;
#4085 = ADVANCED_FACE ( 'NONE', ( #703 ), #6408, .F. ) ;
#4086 = EDGE_CURVE ( 'NONE', #7083, #6885, #8683, .T. ) ;
#4087 = EDGE_CURVE ( 'NONE', #7496, #9084, #6552, .T. ) ;
#4088 = COLOUR_RGB ( '',1.000000000000000000, 1.000000000000000000, 1.000000000000000000 ) ;
#4089 = UNCERTAINTY_MEASURE_WITH_UNIT (LENGTH_MEASURE( 1.000000000000000082E-05 ), #2490, 'distance_accuracy_value', 'NONE');
#4090 = DIRECTION ( 'NONE',  ( -1.000000000000000000, -1.095153709581317921E-16, 0.0000000000000000000 ) ) ;
#4091 = SURFACE_STYLE_USAGE ( .BOTH. , #4971 ) ;
#4092 = PLANE ( 'NONE',  #6803 ) ;
#4093 = SURFACE_STYLE_USAGE ( .BOTH. , #4789 ) ;
#4094 = DIRECTION ( 'NONE',  ( -3.833233541708433496E-17, -0.7071067811865472397, 0.7071067811865479058 ) ) ;
#4095 = ORIENTED_EDGE ( 'NONE', *, *, #8717, .F. ) ;
#4096 = ORIENTED_EDGE ( 'NONE', *, *, #2586, .T. ) ;
#4097 = ORIENTED_EDGE ( 'NONE', *, *, #4893, .T. ) ;
#4098 = DIRECTION ( 'NONE',  ( 9.103382349328301547E-49, 2.350988701644575016E-32, 1.000000000000000000 ) ) ;
#4099 = UNCERTAINTY_MEASURE_WITH_UNIT (LENGTH_MEASURE( 1.000000000000000082E-05 ), #2917, 'distance_accuracy_value', 'NONE');
#4100 = DIRECTION ( 'NONE',  ( -1.000000000000000000, -0.0000000000000000000, -0.0000000000000000000 ) ) ;
#4101 = DIRECTION ( 'NONE',  ( 1.000000000000000000, 0.0000000000000000000, 1.707404996040163895E-17 ) ) ;
#4102 = CARTESIAN_POINT ( 'NONE',  ( 1.750000000000000666, 5.000000000000000888, 0.2500000000000002220 ) ) ;
#4103 = ORIENTED_EDGE ( 'NONE', *, *, #1952, .F. ) ;
#4104 =( GEOMETRIC_REPRESENTATION_CONTEXT ( 3 ) GLOBAL_UNCERTAINTY_ASSIGNED_CONTEXT ( ( #8599 ) ) GLOBAL_UNIT_ASSIGNED_CONTEXT ( ( #8879, #1758, #8790 ) ) REPRESENTATION_CONTEXT ( 'NONE', 'WORKASPACE' ) );
#4105 = CARTESIAN_POINT ( 'NONE',  ( 8.750000000000000000, 3.399999999999999467, -2.350000000000001865 ) ) ;
#4106 = DIRECTION ( 'NONE',  ( -0.7071067811865489050, -0.7071067811865462405, 3.066586833366754193E-16 ) ) ;
#4107 = UNCERTAINTY_MEASURE_WITH_UNIT (LENGTH_MEASURE( 1.000000000000000082E-05 ), #3164, 'distance_accuracy_value', 'NONE');
#4108 =( LENGTH_UNIT ( ) NAMED_UNIT ( * ) SI_UNIT ( .MILLI., .METRE. ) );
#4109 = PLANE ( 'NONE',  #4148 ) ;
#4110 = VERTEX_POINT ( 'NONE', #1730 ) ;
#4111 =( LENGTH_UNIT ( ) NAMED_UNIT ( * ) SI_UNIT ( .MILLI., .METRE. ) );
#4112 = SURFACE_STYLE_USAGE ( .BOTH. , #1414 ) ;
#4113 = ORIENTED_EDGE ( 'NONE', *, *, #1816, .T. ) ;
#4114 = FILL_AREA_STYLE_COLOUR ( '', #8709 ) ;
#4115 = EDGE_LOOP ( 'NONE', ( #3980, #2854, #4356, #5804 ) ) ;
#4116 = MECHANICAL_DESIGN_GEOMETRIC_PRESENTATION_REPRESENTATION (  '', ( #1737 ), #8924 ) ;
#4117 = VECTOR ( 'NONE', #1713, 1000.000000000000000 ) ;
#4118 = FACE_OUTER_BOUND ( 'NONE', #6373, .T. ) ;
#4119 = EDGE_LOOP ( 'NONE', ( #2690, #5420, #5569, #7065 ) ) ;
#4120 = PLANE ( 'NONE',  #8222 ) ;
#4121 = PRESENTATION_STYLE_ASSIGNMENT (( #542 ) ) ;
#4122 = DIRECTION ( 'NONE',  ( -9.103382349328301547E-49, -2.350988701644575016E-32, -1.000000000000000000 ) ) ;
#4123 = FILL_AREA_STYLE ('',( #5454 ) ) ;
#4124 = ORIENTED_EDGE ( 'NONE', *, *, #5695, .T. ) ;
#4125 = DIRECTION ( 'NONE',  ( 3.872150616019660190E-17, 1.000000000000000000, -0.0000000000000000000 ) ) ;
#4126 = SURFACE_STYLE_FILL_AREA ( #2657 ) ;
#4127 = MECHANICAL_DESIGN_GEOMETRIC_PRESENTATION_REPRESENTATION (  '', ( #143 ), #1296 ) ;
#4128 = EDGE_CURVE ( 'NONE', #6556, #6955, #3047, .T. ) ;
#4129 = CARTESIAN_POINT ( 'NONE',  ( -0.2500000000000004441, -3.399999999999999911, -0.2499999999999997780 ) ) ;
#4130 = EDGE_CURVE ( 'NONE', #1411, #2211, #971, .T. ) ;
#4131 = VECTOR ( 'NONE', #6711, 1000.000000000000000 ) ;
#4132 = CARTESIAN_POINT ( 'NONE',  ( -1.350000000000000089, 1.149999999999999911, -2.350000000000001421 ) ) ;
#4133 = VECTOR ( 'NONE', #8149, 1000.000000000000000 ) ;
#4134 = VERTEX_POINT ( 'NONE', #1550 ) ;
#4135 = EDGE_CURVE ( 'NONE', #5092, #3194, #7283, .T. ) ;
#4136 = VECTOR ( 'NONE', #1870, 1000.000000000000000 ) ;
#4137 =( NAMED_UNIT ( * ) SI_UNIT ( $, .STERADIAN. ) SOLID_ANGLE_UNIT ( ) );
#4138 = PRESENTATION_LAYER_ASSIGNMENT (  '', '', ( #5026 ) ) ;
#4139 = FILL_AREA_STYLE_COLOUR ( '', #8273 ) ;
#4140 =( NAMED_UNIT ( * ) SI_UNIT ( $, .STERADIAN. ) SOLID_ANGLE_UNIT ( ) );
#4141 = EDGE_CURVE ( 'NONE', #421, #5364, #8723, .T. ) ;
#4142 = CARTESIAN_POINT ( 'NONE',  ( 6.749999999999999112, 3.150000000000001243, -2.050000000000002043 ) ) ;
#4143 = PLANE ( 'NONE',  #8761 ) ;
#4144 = DIRECTION ( 'NONE',  ( -0.0000000000000000000, -0.0000000000000000000, 1.000000000000000000 ) ) ;
#4145 = ORIENTED_EDGE ( 'NONE', *, *, #350, .T. ) ;
#4146 = VECTOR ( 'NONE', #6447, 1000.000000000000114 ) ;
#4147 =( GEOMETRIC_REPRESENTATION_CONTEXT ( 3 ) GLOBAL_UNCERTAINTY_ASSIGNED_CONTEXT ( ( #1571 ) ) GLOBAL_UNIT_ASSIGNED_CONTEXT ( ( #5404, #6842, #1384 ) ) REPRESENTATION_CONTEXT ( 'NONE', 'WORKASPACE' ) );
#4148 = AXIS2_PLACEMENT_3D ( 'NONE', #8774, #3290, #5300 ) ;
#4149 = ORIENTED_EDGE ( 'NONE', *, *, #4228, .F. ) ;
#4150 = CARTESIAN_POINT ( 'NONE',  ( -0.2200000000000001399, 2.250000000000000000, -2.801000000000000600 ) ) ;
#4151 = COLOUR_RGB ( '',1.000000000000000000, 0.8117647058823529438, 0.5019607843137254832 ) ;
#4152 = ORIENTED_EDGE ( 'NONE', *, *, #7198, .F. ) ;
#4153 = LINE ( 'NONE', #6446, #5602 ) ;
#4154 = DIRECTION ( 'NONE',  ( 9.103382349328301547E-49, 2.350988701644575016E-32, 1.000000000000000000 ) ) ;
#4155 =( NAMED_UNIT ( * ) SI_UNIT ( $, .STERADIAN. ) SOLID_ANGLE_UNIT ( ) );
#4156 = SURFACE_SIDE_STYLE ('',( #1412 ) ) ;
#4157 = COLOUR_RGB ( '',1.000000000000000000, 0.8117647058823529438, 0.5019607843137254832 ) ;
#4158 = DIRECTION ( 'NONE',  ( 0.0000000000000000000, -0.0000000000000000000, 1.000000000000000000 ) ) ;
#4159 = CARTESIAN_POINT ( 'NONE',  ( 7.750000000000000000, 0.2000000000000000944, 0.2500000000000002220 ) ) ;
#4160 = VECTOR ( 'NONE', #1729, 1000.000000000000000 ) ;
#4161 = VERTEX_POINT ( 'NONE', #8013 ) ;
#4162 = PLANE ( 'NONE',  #3296 ) ;
#4163 =( LENGTH_UNIT ( ) NAMED_UNIT ( * ) SI_UNIT ( .MILLI., .METRE. ) );
#4164 = DIRECTION ( 'NONE',  ( -1.000000000000000000, 3.872150616019660190E-17, 0.0000000000000000000 ) ) ;
#4165 = STYLED_ITEM ( 'NONE', ( #2429 ), #5156 ) ;
#4166 = VECTOR ( 'NONE', #3924, 1000.000000000000000 ) ;
#4167 = AXIS2_PLACEMENT_3D ( 'NONE', #1269, #4063, #7064 ) ;
#4168 = ORIENTED_EDGE ( 'NONE', *, *, #3404, .T. ) ;
#4169 = VECTOR ( 'NONE', #7830, 1000.000000000000000 ) ;
#4170 = CARTESIAN_POINT ( 'NONE',  ( 2.750000000000000444, 3.399999999999999467, -2.050000000000001599 ) ) ;
#4171 = CARTESIAN_POINT ( 'NONE',  ( 3.750000000000000444, 5.000000000000000888, 0.2500000000000002220 ) ) ;
#4172 = SURFACE_SIDE_STYLE ('',( #6994 ) ) ;
#4173 = CARTESIAN_POINT ( 'NONE',  ( 0.0000000000000000000, -3.541421356237309581, 0.0000000000000000000 ) ) ;
#4174 = ORIENTED_EDGE ( 'NONE', *, *, #1887, .T. ) ;
#4175 = VECTOR ( 'NONE', #3658, 1000.000000000000000 ) ;
#4176 = FACE_OUTER_BOUND ( 'NONE', #3819, .T. ) ;
#4177 = EDGE_CURVE ( 'NONE', #5021, #3526, #345, .T. ) ;
#4178 = VECTOR ( 'NONE', #818, 1000.000000000000114 ) ;
#4179 = UNCERTAINTY_MEASURE_WITH_UNIT (LENGTH_MEASURE( 1.000000000000000082E-05 ), #580, 'distance_accuracy_value', 'NONE');
#4180 = DIRECTION ( 'NONE',  ( 0.5773502691896239547, -0.5773502691896289507, -0.5773502691896243988 ) ) ;
#4181 = CARTESIAN_POINT ( 'NONE',  ( -0.08333333333333413362, 5.166666666666668739, -0.08333333333333370341 ) ) ;
#4182 = VECTOR ( 'NONE', #5713, 1000.000000000000000 ) ;
#4183 = ORIENTED_EDGE ( 'NONE', *, *, #3110, .T. ) ;
#4184 = PRESENTATION_STYLE_ASSIGNMENT (( #7781 ) ) ;
#4185 = LINE ( 'NONE', #6295, #1267 ) ;
#4186 = VERTEX_POINT ( 'NONE', #2489 ) ;
#4187 = VERTEX_POINT ( 'NONE', #1693 ) ;
#4188 = STYLED_ITEM ( 'NONE', ( #8518 ), #7388 ) ;
#4189 = EDGE_CURVE ( 'NONE', #6164, #4263, #841, .T. ) ;
#4190 = ORIENTED_EDGE ( 'NONE', *, *, #3019, .T. ) ;
#4191 = VERTEX_POINT ( 'NONE', #4386 ) ;
#4192 = COLOUR_RGB ( '',1.000000000000000000, 1.000000000000000000, 1.000000000000000000 ) ;
#4193 =( LENGTH_UNIT ( ) NAMED_UNIT ( * ) SI_UNIT ( .MILLI., .METRE. ) );
#4194 = UNCERTAINTY_MEASURE_WITH_UNIT (LENGTH_MEASURE( 1.000000000000000082E-05 ), #3100, 'distance_accuracy_value', 'NONE');
#4195 = AXIS2_PLACEMENT_3D ( 'NONE', #3041, #2222, #3687 ) ;
#4196 = CARTESIAN_POINT ( 'NONE',  ( 5.750000000000000000, 1.800000000000000044, 0.2500000000000002220 ) ) ;
#4197 =( NAMED_UNIT ( * ) SI_UNIT ( $, .STERADIAN. ) SOLID_ANGLE_UNIT ( ) );
#4198 = DIRECTION ( 'NONE',  ( 0.0000000000000000000, 0.0000000000000000000, -1.000000000000000000 ) ) ;
#4199 = CARTESIAN_POINT ( 'NONE',  ( 2.250000000000000000, 5.000000000000000888, -0.2499999999999997780 ) ) ;
#4200 = DIRECTION ( 'NONE',  ( -4.336808689942017736E-16, 0.0000000000000000000, -1.000000000000000000 ) ) ;
#4201 = FILL_AREA_STYLE ('',( #2034 ) ) ;
#4202 = ORIENTED_EDGE ( 'NONE', *, *, #8097, .F. ) ;
#4203 = EDGE_CURVE ( 'NONE', #6585, #1445, #7972, .T. ) ;
#4204 = EDGE_CURVE ( 'NONE', #2071, #38, #1646, .T. ) ;
#4205 = LINE ( 'NONE', #7016, #1064 ) ;
#4206 = CARTESIAN_POINT ( 'NONE',  ( 0.2500000000000002220, 5.000000000000000888, -0.2499999999999997780 ) ) ;
#4207 = UNCERTAINTY_MEASURE_WITH_UNIT (LENGTH_MEASURE( 1.000000000000000082E-05 ), #2548, 'distance_accuracy_value', 'NONE');
#4208 = ORIENTED_EDGE ( 'NONE', *, *, #2432, .F. ) ;
#4209 = PRESENTATION_STYLE_ASSIGNMENT (( #6356 ) ) ;
#4210 = ADVANCED_FACE ( 'NONE', ( #6590 ), #3779, .F. ) ;
#4211 = CARTESIAN_POINT ( 'NONE',  ( 4.250000000000000000, 5.000000000000000888, 0.2500000000000002220 ) ) ;
#4212 = CARTESIAN_POINT ( 'NONE',  ( -1.180000000000000160, 2.250000000000000000, 1.700000000000000178 ) ) ;
#4213 = VERTEX_POINT ( 'NONE', #2675 ) ;
#4214 = ADVANCED_FACE ( 'NONE', ( #9000 ), #8226, .F. ) ;
#4215 = ORIENTED_EDGE ( 'NONE', *, *, #3912, .F. ) ;
#4216 = MECHANICAL_DESIGN_GEOMETRIC_PRESENTATION_REPRESENTATION (  '', ( #2756 ), #8739 ) ;
#4217 =( NAMED_UNIT ( * ) PLANE_ANGLE_UNIT ( ) SI_UNIT ( $, .RADIAN. ) );
#4218 = VERTEX_POINT ( 'NONE', #6011 ) ;
#4219 = PLANE ( 'NONE',  #7370 ) ;
#4220 = LINE ( 'NONE', #5681, #6804 ) ;
#4221 = PRESENTATION_STYLE_ASSIGNMENT (( #6237 ) ) ;
#4222 = EDGE_LOOP ( 'NONE', ( #8527, #2036, #3589, #61 ) ) ;
#4223 = STYLED_ITEM ( 'NONE', ( #5444 ), #7144 ) ;
#4224 = SURFACE_STYLE_FILL_AREA ( #7862 ) ;
#4225 = LINE ( 'NONE', #7038, #2355 ) ;
#4226 = ORIENTED_EDGE ( 'NONE', *, *, #4559, .F. ) ;
#4227 = VECTOR ( 'NONE', #7158, 1000.000000000000000 ) ;
#4228 = EDGE_CURVE ( 'NONE', #957, #6125, #4747, .T. ) ;
#4229 = MECHANICAL_DESIGN_GEOMETRIC_PRESENTATION_REPRESENTATION (  '', ( #5965 ), #3314 ) ;
#4230 = VECTOR ( 'NONE', #8499, 1000.000000000000000 ) ;
#4231 = ADVANCED_FACE ( 'NONE', ( #4001 ), #6154, .F. ) ;
#4232 = LINE ( 'NONE', #6193, #2565 ) ;
#4233 = DIRECTION ( 'NONE',  ( 0.0000000000000000000, -1.000000000000000000, 0.0000000000000000000 ) ) ;
#4234 = LINE ( 'NONE', #2120, #5883 ) ;
#4235 =( LENGTH_UNIT ( ) NAMED_UNIT ( * ) SI_UNIT ( .MILLI., .METRE. ) );
#4236 = SURFACE_STYLE_USAGE ( .BOTH. , #4975 ) ;
#4237 = ORIENTED_EDGE ( 'NONE', *, *, #5022, .F. ) ;
#4238 = MECHANICAL_DESIGN_GEOMETRIC_PRESENTATION_REPRESENTATION (  '', ( #5975 ), #101 ) ;
#4239 = VECTOR ( 'NONE', #5919, 999.9999999999998863 ) ;
#4240 = DIRECTION ( 'NONE',  ( 0.0000000000000000000, 0.0000000000000000000, 1.000000000000000000 ) ) ;
#4241 =( LENGTH_UNIT ( ) NAMED_UNIT ( * ) SI_UNIT ( .MILLI., .METRE. ) );
#4242 = PRESENTATION_STYLE_ASSIGNMENT (( #7101 ) ) ;
#4243 = DIRECTION ( 'NONE',  ( -1.000000000000000000, 5.421010862427522170E-17, 0.0000000000000000000 ) ) ;
#4244 = FILL_AREA_STYLE ('',( #8423 ) ) ;
#4245 = ORIENTED_EDGE ( 'NONE', *, *, #3683, .F. ) ;
#4246 = VECTOR ( 'NONE', #6248, 1000.000000000000000 ) ;
#4247 = ORIENTED_EDGE ( 'NONE', *, *, #5487, .F. ) ;
#4248 =( NAMED_UNIT ( * ) PLANE_ANGLE_UNIT ( ) SI_UNIT ( $, .RADIAN. ) );
#4249 = EDGE_CURVE ( 'NONE', #3526, #2731, #3642, .T. ) ;
#4250 = DIRECTION ( 'NONE',  ( 1.000000000000000000, 0.0000000000000000000, 6.829619984160658046E-17 ) ) ;
#4251 = PRESENTATION_STYLE_ASSIGNMENT (( #5750 ) ) ;
#4252 = CARTESIAN_POINT ( 'NONE',  ( 1.250000000000000666, 3.150000000000000799, -2.050000000000001599 ) ) ;
#4253 =( LENGTH_UNIT ( ) NAMED_UNIT ( * ) SI_UNIT ( .MILLI., .METRE. ) );
#4254 = STYLED_ITEM ( 'NONE', ( #4635 ), #3546 ) ;
#4255 = PLANE ( 'NONE',  #82 ) ;
#4256 =( NAMED_UNIT ( * ) SI_UNIT ( $, .STERADIAN. ) SOLID_ANGLE_UNIT ( ) );
#4257 = ORIENTED_EDGE ( 'NONE', *, *, #976, .T. ) ;
#4258 = SURFACE_STYLE_FILL_AREA ( #5715 ) ;
#4259 = ADVANCED_FACE ( 'NONE', ( #8322 ), #7740, .F. ) ;
#4260 = VERTEX_POINT ( 'NONE', #7010 ) ;
#4261 = DIRECTION ( 'NONE',  ( 4.336808689942017736E-16, 0.0000000000000000000, 1.000000000000000000 ) ) ;
#4262 = CARTESIAN_POINT ( 'NONE',  ( 3.450000000000000178, -4.100000000000000533, 0.5499999999999992673 ) ) ;
#4263 = VERTEX_POINT ( 'NONE', #4285 ) ;
#4264 = SURFACE_SIDE_STYLE ('',( #6318 ) ) ;
#4265 = DIRECTION ( 'NONE',  ( -3.833233541708432880E-17, -0.7071067811865471286, -0.7071067811865479058 ) ) ;
#4266 = SURFACE_SIDE_STYLE ('',( #4870 ) ) ;
#4267 =( NAMED_UNIT ( * ) PLANE_ANGLE_UNIT ( ) SI_UNIT ( $, .RADIAN. ) );
#4268 = ORIENTED_EDGE ( 'NONE', *, *, #1281, .F. ) ;
#4269 = DIRECTION ( 'NONE',  ( 1.000000000000000000, -0.0000000000000000000, 1.927470528863119295E-16 ) ) ;
#4270 = COLOUR_RGB ( '',1.000000000000000000, 1.000000000000000000, 1.000000000000000000 ) ;
#4271 = SURFACE_STYLE_USAGE ( .BOTH. , #6376 ) ;
#4272 = CARTESIAN_POINT ( 'NONE',  ( 0.0000000000000000000, -3.399999999999999911, 0.0000000000000000000 ) ) ;
#4273 = EDGE_CURVE ( 'NONE', #227, #534, #6448, .T. ) ;
#4274 = UNCERTAINTY_MEASURE_WITH_UNIT (LENGTH_MEASURE( 1.000000000000000082E-05 ), #1116, 'distance_accuracy_value', 'NONE');
#4275 = VECTOR ( 'NONE', #6382, 1000.000000000000000 ) ;
#4276 = DIRECTION ( 'NONE',  ( -0.0000000000000000000, -0.0000000000000000000, -1.000000000000000000 ) ) ;
#4277 = FILL_AREA_STYLE_COLOUR ( '', #6005 ) ;
#4278 = DIRECTION ( 'NONE',  ( 1.000000000000000000, 1.872003751054108200E-16, -0.0000000000000000000 ) ) ;
#4279 = DIRECTION ( 'NONE',  ( -0.0000000000000000000, -1.000000000000000000, -0.0000000000000000000 ) ) ;
#4280 = SURFACE_STYLE_FILL_AREA ( #7737 ) ;
#4281 = VERTEX_POINT ( 'NONE', #6346 ) ;
#4282 = MECHANICAL_DESIGN_GEOMETRIC_PRESENTATION_REPRESENTATION (  '', ( #2364 ), #6624 ) ;
#4283 = PRESENTATION_LAYER_ASSIGNMENT (  '', '', ( #8231 ) ) ;
#4284 = CARTESIAN_POINT ( 'NONE',  ( 1.750000000000000222, -3.300000000000002043, 0.2500000000000002220 ) ) ;
#4285 = CARTESIAN_POINT ( 'NONE',  ( 10.69999999999999929, 0.1999999999999999833, 1.700000000000000178 ) ) ;
#4286 = ORIENTED_EDGE ( 'NONE', *, *, #1661, .F. ) ;
#4287 = VECTOR ( 'NONE', #1030, 1000.000000000000000 ) ;
#4288 = PLANE ( 'NONE',  #3059 ) ;
#4289 = ORIENTED_EDGE ( 'NONE', *, *, #350, .F. ) ;
#4290 =( GEOMETRIC_REPRESENTATION_CONTEXT ( 3 ) GLOBAL_UNCERTAINTY_ASSIGNED_CONTEXT ( ( #4297 ) ) GLOBAL_UNIT_ASSIGNED_CONTEXT ( ( #5655, #2721, #3552 ) ) REPRESENTATION_CONTEXT ( 'NONE', 'WORKASPACE' ) );
#4291 = VECTOR ( 'NONE', #8906, 1000.000000000000000 ) ;
#4292 = EDGE_CURVE ( 'NONE', #798, #2187, #654, .T. ) ;
#4293 =( GEOMETRIC_REPRESENTATION_CONTEXT ( 3 ) GLOBAL_UNCERTAINTY_ASSIGNED_CONTEXT ( ( #4107 ) ) GLOBAL_UNIT_ASSIGNED_CONTEXT ( ( #3164, #4500, #5827 ) ) REPRESENTATION_CONTEXT ( 'NONE', 'WORKASPACE' ) );
#4294 =( NAMED_UNIT ( * ) PLANE_ANGLE_UNIT ( ) SI_UNIT ( $, .RADIAN. ) );
#4295 = ORIENTED_EDGE ( 'NONE', *, *, #6889, .T. ) ;
#4296 = CARTESIAN_POINT ( 'NONE',  ( 3.299999999999999378, 0.2000000000000000389, -2.800000000000000266 ) ) ;
#4297 = UNCERTAINTY_MEASURE_WITH_UNIT (LENGTH_MEASURE( 1.000000000000000082E-05 ), #5655, 'distance_accuracy_value', 'NONE');
#4298 = CARTESIAN_POINT ( 'NONE',  ( 6.249999999999998224, 0.2000000000000000111, -2.800000000000000266 ) ) ;
#4299 = STYLED_ITEM ( 'NONE', ( #4767 ), #4818 ) ;
#4300 = CARTESIAN_POINT ( 'NONE',  ( -1.949999999999999956, 0.0000000000000000000, 1.599999999999999867 ) ) ;
#4301 = LINE ( 'NONE', #752, #2520 ) ;
#4302 =( LENGTH_UNIT ( ) NAMED_UNIT ( * ) SI_UNIT ( .MILLI., .METRE. ) );
#4303 = CARTESIAN_POINT ( 'NONE',  ( -0.7000000000000002887, 0.2000000000000000389, -2.800000000000000266 ) ) ;
#4304 = ORIENTED_EDGE ( 'NONE', *, *, #2158, .F. ) ;
#4305 =( LENGTH_UNIT ( ) NAMED_UNIT ( * ) SI_UNIT ( .MILLI., .METRE. ) );
#4306 = FACE_OUTER_BOUND ( 'NONE', #6635, .T. ) ;
#4307 = EDGE_LOOP ( 'NONE', ( #7034, #3659, #8698, #7889 ) ) ;
#4308 = AXIS2_PLACEMENT_3D ( 'NONE', #8786, #3972, #6037 ) ;
#4309 = EDGE_CURVE ( 'NONE', #3146, #4260, #2860, .T. ) ;
#4310 = FACE_OUTER_BOUND ( 'NONE', #5972, .T. ) ;
#4311 = COLOUR_RGB ( '',1.000000000000000000, 0.8117647058823529438, 0.5019607843137254832 ) ;
#4312 = VECTOR ( 'NONE', #1033, 1000.000000000000000 ) ;
#4313 = SURFACE_STYLE_USAGE ( .BOTH. , #6370 ) ;
#4314 = SURFACE_STYLE_USAGE ( .BOTH. , #2973 ) ;
#4315 = CARTESIAN_POINT ( 'NONE',  ( -1.350000000000000089, -13.20037878244408880, 1.249999999999997558 ) ) ;
#4316 = VERTEX_POINT ( 'NONE', #9093 ) ;
#4317 =( LENGTH_UNIT ( ) NAMED_UNIT ( * ) SI_UNIT ( .MILLI., .METRE. ) );
#4318 = ORIENTED_EDGE ( 'NONE', *, *, #6390, .F. ) ;
#4319 = VECTOR ( 'NONE', #1046, 1000.000000000000000 ) ;
#4320 = VERTEX_POINT ( 'NONE', #5663 ) ;
#4321 =( GEOMETRIC_REPRESENTATION_CONTEXT ( 3 ) GLOBAL_UNCERTAINTY_ASSIGNED_CONTEXT ( ( #9042 ) ) GLOBAL_UNIT_ASSIGNED_CONTEXT ( ( #2470, #6655, #6843 ) ) REPRESENTATION_CONTEXT ( 'NONE', 'WORKASPACE' ) );
#4322 = PRESENTATION_LAYER_ASSIGNMENT (  '', '', ( #3135 ) ) ;
#4323 =( NAMED_UNIT ( * ) PLANE_ANGLE_UNIT ( ) SI_UNIT ( $, .RADIAN. ) );
#4324 = CARTESIAN_POINT ( 'NONE',  ( 10.14999999999999858, 5.100000000000001421, 0.1500000000000008271 ) ) ;
#4325 = CARTESIAN_POINT ( 'NONE',  ( 5.916666666666665186, 5.166666666666667851, -0.08333333333333456383 ) ) ;
#4326 =( NAMED_UNIT ( * ) SI_UNIT ( $, .STERADIAN. ) SOLID_ANGLE_UNIT ( ) );
#4327 = EDGE_CURVE ( 'NONE', #399, #7652, #5618, .T. ) ;
#4328 = SURFACE_STYLE_FILL_AREA ( #2208 ) ;
#4329 = EDGE_LOOP ( 'NONE', ( #4704, #6584, #1334, #1262 ) ) ;
#4330 = STYLED_ITEM ( 'NONE', ( #5382 ), #6693 ) ;
#4331 = VECTOR ( 'NONE', #151, 1000.000000000000000 ) ;
#4332 = LINE ( 'NONE', #6162, #8803 ) ;
#4333 = EDGE_LOOP ( 'NONE', ( #3013, #6568, #8636, #7934 ) ) ;
#4334 = VECTOR ( 'NONE', #3739, 1000.000000000000000 ) ;
#4335 = ORIENTED_EDGE ( 'NONE', *, *, #4602, .T. ) ;
#4336 = CARTESIAN_POINT ( 'NONE',  ( 7.750000000000000000, -3.399999999999999911, -0.2499999999999997780 ) ) ;
#4337 = LINE ( 'NONE', #7152, #5048 ) ;
#4338 = CARTESIAN_POINT ( 'NONE',  ( 11.35000000000000142, 5.650000000000000355, 1.249999999999998446 ) ) ;
#4339 = CARTESIAN_POINT ( 'NONE',  ( 0.7500000000000002220, 3.399999999999999467, -2.350000000000001421 ) ) ;
#4340 = PLANE ( 'NONE',  #4910 ) ;
#4341 = DIRECTION ( 'NONE',  ( 0.0000000000000000000, 0.0000000000000000000, -1.000000000000000000 ) ) ;
#4342 = EDGE_LOOP ( 'NONE', ( #4023, #1084, #8360, #5283 ) ) ;
#4343 = ORIENTED_EDGE ( 'NONE', *, *, #7565, .T. ) ;
#4344 = FILL_AREA_STYLE_COLOUR ( '', #245 ) ;
#4345 = ORIENTED_EDGE ( 'NONE', *, *, #2495, .T. ) ;
#4346 = STYLED_ITEM ( 'NONE', ( #4468 ), #7643 ) ;
#4347 = ADVANCED_FACE ( 'NONE', ( #7832 ), #7100, .F. ) ;
#4348 = SURFACE_STYLE_USAGE ( .BOTH. , #2329 ) ;
#4349 = CARTESIAN_POINT ( 'NONE',  ( -1.349999999999999867, 1.149999999999999911, -1.050000000000005373 ) ) ;
#4350 = SURFACE_SIDE_STYLE ('',( #5639 ) ) ;
#4351 = CARTESIAN_POINT ( 'NONE',  ( -1.350000000000002753, 5.650000000000000355, 0.3199999999999999512 ) ) ;
#4352 = LINE ( 'NONE', #947, #8996 ) ;
#4353 = VERTEX_POINT ( 'NONE', #832 ) ;
#4354 = CARTESIAN_POINT ( 'NONE',  ( 8.750000000000000000, 1.149999999999999911, -2.050000000000001599 ) ) ;
#4355 = DIRECTION ( 'NONE',  ( 0.0000000000000000000, -0.0000000000000000000, 1.000000000000000000 ) ) ;
#4356 = ORIENTED_EDGE ( 'NONE', *, *, #8675, .F. ) ;
#4357 = ORIENTED_EDGE ( 'NONE', *, *, #4859, .F. ) ;
#4358 = ORIENTED_EDGE ( 'NONE', *, *, #6494, .T. ) ;
#4359 = UNCERTAINTY_MEASURE_WITH_UNIT (LENGTH_MEASURE( 1.000000000000000082E-05 ), #621, 'distance_accuracy_value', 'NONE');
#4360 = VECTOR ( 'NONE', #8306, 1000.000000000000000 ) ;
#4361 =( NAMED_UNIT ( * ) SI_UNIT ( $, .STERADIAN. ) SOLID_ANGLE_UNIT ( ) );
#4362 = STYLED_ITEM ( 'NONE', ( #8684 ), #6251 ) ;
#4363 = DIRECTION ( 'NONE',  ( -0.0000000000000000000, -0.0000000000000000000, 1.000000000000000000 ) ) ;
#4364 = LINE ( 'NONE', #2986, #738 ) ;
#4365 = CARTESIAN_POINT ( 'NONE',  ( 5.750000000000000000, -3.399999999999999911, 0.2500000000000002220 ) ) ;
#4366 = CARTESIAN_POINT ( 'NONE',  ( 1.250000000000000666, 3.399999999999999467, -2.050000000000001599 ) ) ;
#4367 =( NAMED_UNIT ( * ) PLANE_ANGLE_UNIT ( ) SI_UNIT ( $, .RADIAN. ) );
#4368 = EDGE_CURVE ( 'NONE', #5092, #5756, #7877, .T. ) ;
#4369 = ORIENTED_EDGE ( 'NONE', *, *, #1281, .T. ) ;
#4370 = EDGE_CURVE ( 'NONE', #3271, #8424, #3768, .T. ) ;
#4371 = MECHANICAL_DESIGN_GEOMETRIC_PRESENTATION_REPRESENTATION (  '', ( #84 ), #3352 ) ;
#4372 = STYLED_ITEM ( 'NONE', ( #4242 ), #6386 ) ;
#4373 = CARTESIAN_POINT ( 'NONE',  ( 5.250000000000000888, 1.149999999999999911, -2.050000000000001599 ) ) ;
#4374 = PRESENTATION_LAYER_ASSIGNMENT (  '', '', ( #2027 ) ) ;
#4375 = FILL_AREA_STYLE_COLOUR ( '', #7178 ) ;
#4376 = DIRECTION ( 'NONE',  ( -1.000000000000000000, 5.421010862427522170E-17, 0.0000000000000000000 ) ) ;
#4377 = VECTOR ( 'NONE', #8215, 1000.000000000000000 ) ;
#4378 = ORIENTED_EDGE ( 'NONE', *, *, #4948, .T. ) ;
#4379 = ORIENTED_EDGE ( 'NONE', *, *, #193, .T. ) ;
#4380 =( GEOMETRIC_REPRESENTATION_CONTEXT ( 3 ) GLOBAL_UNCERTAINTY_ASSIGNED_CONTEXT ( ( #5206 ) ) GLOBAL_UNIT_ASSIGNED_CONTEXT ( ( #3738, #189, #231 ) ) REPRESENTATION_CONTEXT ( 'NONE', 'WORKASPACE' ) );
#4381 = SURFACE_STYLE_FILL_AREA ( #2354 ) ;
#4382 = UNCERTAINTY_MEASURE_WITH_UNIT (LENGTH_MEASURE( 1.000000000000000082E-05 ), #1696, 'distance_accuracy_value', 'NONE');
#4383 = CARTESIAN_POINT ( 'NONE',  ( 11.17999999999999972, 2.250000000000001332, 1.700000000000000178 ) ) ;
#4384 = CARTESIAN_POINT ( 'NONE',  ( -1.350000000000000089, 6.000000000000000000, 1.599999999999998979 ) ) ;
#4385 = ORIENTED_EDGE ( 'NONE', *, *, #1761, .F. ) ;
#4386 = CARTESIAN_POINT ( 'NONE',  ( 4.150000000000001243, 5.100000000000001421, 0.1500000000000008271 ) ) ;
#4387 = PRESENTATION_STYLE_ASSIGNMENT (( #2184 ) ) ;
#4388 = FILL_AREA_STYLE_COLOUR ( '', #1639 ) ;
#4389 = FACE_BOUND ( 'NONE', #3238, .T. ) ;
#4390 = ORIENTED_EDGE ( 'NONE', *, *, #3786, .T. ) ;
#4391 = CARTESIAN_POINT ( 'NONE',  ( 5.750000000000000000, -3.399999999999999911, 0.2500000000000002220 ) ) ;
#4392 = VECTOR ( 'NONE', #3170, 1000.000000000000000 ) ;
#4393 = ORIENTED_EDGE ( 'NONE', *, *, #5600, .F. ) ;
#4394 = LINE ( 'NONE', #940, #768 ) ;
#4395 =( GEOMETRIC_REPRESENTATION_CONTEXT ( 3 ) GLOBAL_UNCERTAINTY_ASSIGNED_CONTEXT ( ( #40 ) ) GLOBAL_UNIT_ASSIGNED_CONTEXT ( ( #8540, #7186, #8706 ) ) REPRESENTATION_CONTEXT ( 'NONE', 'WORKASPACE' ) );
#4396 = PRESENTATION_STYLE_ASSIGNMENT (( #5679 ) ) ;
#4397 = CARTESIAN_POINT ( 'NONE',  ( 10.14999999999999858, -3.399999999999999911, -0.1500000000000003830 ) ) ;
#4398 = CARTESIAN_POINT ( 'NONE',  ( 7.750000000000000000, -3.399999999999999911, -0.2499999999999997780 ) ) ;
#4399 = SURFACE_STYLE_USAGE ( .BOTH. , #242 ) ;
#4400 = DIRECTION ( 'NONE',  ( 1.000000000000000000, 0.0000000000000000000, 0.0000000000000000000 ) ) ;
#4401 = ORIENTED_EDGE ( 'NONE', *, *, #7462, .F. ) ;
#4402 = LINE ( 'NONE', #5943, #2545 ) ;
#4403 = CARTESIAN_POINT ( 'NONE',  ( 10.24999999999999822, 1.800000000000000044, -0.2499999999999997780 ) ) ;
#4404 = CARTESIAN_POINT ( 'NONE',  ( 6.249999999999998224, -3.399999999999999911, -0.2499999999999997780 ) ) ;
#4405 = SURFACE_STYLE_FILL_AREA ( #3836 ) ;
#4406 = ADVANCED_FACE ( 'NONE', ( #962 ), #8551, .F. ) ;
#4407 =( LENGTH_UNIT ( ) NAMED_UNIT ( * ) SI_UNIT ( .MILLI., .METRE. ) );
#4408 = ORIENTED_EDGE ( 'NONE', *, *, #8570, .F. ) ;
#4409 = VECTOR ( 'NONE', #4687, 1000.000000000000227 ) ;
#4410 = EDGE_CURVE ( 'NONE', #5155, #7205, #7923, .T. ) ;
#4411 = VECTOR ( 'NONE', #4449, 1000.000000000000000 ) ;
#4412 = ADVANCED_FACE ( 'NONE', ( #5195 ), #4502, .F. ) ;
#4413 = VECTOR ( 'NONE', #7201, 1000.000000000000000 ) ;
#4414 = SURFACE_STYLE_FILL_AREA ( #5075 ) ;
#4415 = CARTESIAN_POINT ( 'NONE',  ( 10.24999999999999822, -3.300000000000000266, -0.2499999999999997780 ) ) ;
#4416 = FACE_OUTER_BOUND ( 'NONE', #176, .T. ) ;
#4417 = ORIENTED_EDGE ( 'NONE', *, *, #8275, .F. ) ;
#4418 = MECHANICAL_DESIGN_GEOMETRIC_PRESENTATION_REPRESENTATION (  '', ( #3246 ), #2221 ) ;
#4419 = ORIENTED_EDGE ( 'NONE', *, *, #770, .T. ) ;
#4420 = VECTOR ( 'NONE', #1074, 1000.000000000000000 ) ;
#4421 = SURFACE_STYLE_USAGE ( .BOTH. , #4950 ) ;
#4422 = CARTESIAN_POINT ( 'NONE',  ( 4.250000000000000000, 5.000000000000000888, 0.2500000000000002220 ) ) ;
#4423 = SURFACE_STYLE_FILL_AREA ( #5124 ) ;
#4424 = PRESENTATION_STYLE_ASSIGNMENT (( #2491 ) ) ;
#4425 = CARTESIAN_POINT ( 'NONE',  ( 1.849999999999996536, -3.399999999999999911, -2.800000000000001155 ) ) ;
#4426 = SURFACE_STYLE_USAGE ( .BOTH. , #1595 ) ;
#4427 = EDGE_LOOP ( 'NONE', ( #7164, #1394, #6507, #2770 ) ) ;
#4428 = FILL_AREA_STYLE ('',( #3143 ) ) ;
#4429 = PRESENTATION_LAYER_ASSIGNMENT (  '', '', ( #3258 ) ) ;
#4430 = EDGE_LOOP ( 'NONE', ( #7188, #1568, #6201, #4358, #1176 ) ) ;
#4431 = PRESENTATION_LAYER_ASSIGNMENT (  '', '', ( #4884 ) ) ;
#4432 = VECTOR ( 'NONE', #5847, 1000.000000000000000 ) ;
#4433 = MECHANICAL_DESIGN_GEOMETRIC_PRESENTATION_REPRESENTATION (  '', ( #2519 ), #4887 ) ;
#4434 = SURFACE_STYLE_USAGE ( .BOTH. , #1656 ) ;
#4435 = CARTESIAN_POINT ( 'NONE',  ( 6.149999999999999467, -3.399999999999999911, 0.2500000000000002220 ) ) ;
#4436 = LINE ( 'NONE', #7332, #1471 ) ;
#4437 = ORIENTED_EDGE ( 'NONE', *, *, #8353, .T. ) ;
#4438 = LINE ( 'NONE', #102, #1024 ) ;
#4439 = COLOUR_RGB ( '',1.000000000000000000, 0.8117647058823529438, 0.5019607843137254832 ) ;
#4440 = ORIENTED_EDGE ( 'NONE', *, *, #3173, .T. ) ;
#4441 = FACE_OUTER_BOUND ( 'NONE', #4852, .T. ) ;
#4442 = VECTOR ( 'NONE', #1080, 1000.000000000000000 ) ;
#4443 = PRESENTATION_LAYER_ASSIGNMENT (  '', '', ( #1654 ) ) ;
#4444 = VECTOR ( 'NONE', #8614, 1000.000000000000000 ) ;
#4445 = MECHANICAL_DESIGN_GEOMETRIC_PRESENTATION_REPRESENTATION (  '', ( #2251 ), #8548 ) ;
#4446 = FACE_OUTER_BOUND ( 'NONE', #8767, .T. ) ;
#4447 = MECHANICAL_DESIGN_GEOMETRIC_PRESENTATION_REPRESENTATION (  '', ( #2984 ), #5904 ) ;
#4448 =( NAMED_UNIT ( * ) SI_UNIT ( $, .STERADIAN. ) SOLID_ANGLE_UNIT ( ) );
#4449 = DIRECTION ( 'NONE',  ( -0.0000000000000000000, -0.0000000000000000000, 1.000000000000000000 ) ) ;
#4450 = CARTESIAN_POINT ( 'NONE',  ( -0.1500000000000025757, -3.399999999999999911, -0.1500000000000021316 ) ) ;
#4451 = EDGE_CURVE ( 'NONE', #3480, #4047, #5785, .T. ) ;
#4452 = ORIENTED_EDGE ( 'NONE', *, *, #184, .T. ) ;
#4453 = AXIS2_PLACEMENT_3D ( 'NONE', #7281, #226, #8766 ) ;
#4454 = COLOUR_RGB ( '',1.000000000000000000, 0.8117647058823529438, 0.5019607843137254832 ) ;
#4455 = EDGE_CURVE ( 'NONE', #152, #8041, #8005, .T. ) ;
#4456 = COLOUR_RGB ( '',1.000000000000000000, 1.000000000000000000, 1.000000000000000000 ) ;
#4457 = FILL_AREA_STYLE_COLOUR ( '', #1157 ) ;
#4458 = CARTESIAN_POINT ( 'NONE',  ( -1.180000000000000160, 4.229999999999999538, 1.700000000000000178 ) ) ;
#4459 = AXIS2_PLACEMENT_3D ( 'NONE', #2792, #2056, #4122 ) ;
#4460 = SURFACE_SIDE_STYLE ('',( #1634 ) ) ;
#4461 = FILL_AREA_STYLE ('',( #6966 ) ) ;
#4462 = LINE ( 'NONE', #7960, #2716 ) ;
#4463 = ORIENTED_EDGE ( 'NONE', *, *, #7739, .F. ) ;
#4464 = EDGE_CURVE ( 'NONE', #6280, #2244, #5370, .T. ) ;
#4465 = VECTOR ( 'NONE', #5958, 1000.000000000000000 ) ;
#4466 = VECTOR ( 'NONE', #510, 1000.000000000000000 ) ;
#4467 = MECHANICAL_DESIGN_GEOMETRIC_PRESENTATION_REPRESENTATION (  '', ( #6227 ), #1040 ) ;
#4468 = PRESENTATION_STYLE_ASSIGNMENT (( #5157 ) ) ;
#4469 = ORIENTED_EDGE ( 'NONE', *, *, #378, .F. ) ;
#4470 = UNCERTAINTY_MEASURE_WITH_UNIT (LENGTH_MEASURE( 1.000000000000000082E-05 ), #4253, 'distance_accuracy_value', 'NONE');
#4471 = DIRECTION ( 'NONE',  ( 3.872150616019660190E-17, 1.000000000000000000, -0.0000000000000000000 ) ) ;
#4472 = PLANE ( 'NONE',  #3514 ) ;
#4473 = SURFACE_STYLE_USAGE ( .BOTH. , #7367 ) ;
#4474 = ORIENTED_EDGE ( 'NONE', *, *, #3064, .F. ) ;
#4475 = ADVANCED_FACE ( 'NONE', ( #6144 ), #3265, .T. ) ;
#4476 = VECTOR ( 'NONE', #3435, 1000.000000000000000 ) ;
#4477 = PRESENTATION_LAYER_ASSIGNMENT (  '', '', ( #1208 ) ) ;
#4478 = LINE ( 'NONE', #850, #3745 ) ;
#4479 = CARTESIAN_POINT ( 'NONE',  ( 8.849999999999999645, 3.799500000000000544, -0.6005000000000111360 ) ) ;
#4480 = SURFACE_SIDE_STYLE ('',( #5889 ) ) ;
#4481 = PLANE ( 'NONE',  #2680 ) ;
#4482 =( NAMED_UNIT ( * ) SI_UNIT ( $, .STERADIAN. ) SOLID_ANGLE_UNIT ( ) );
#4483 = MECHANICAL_DESIGN_GEOMETRIC_PRESENTATION_REPRESENTATION (  '', ( #4629 ), #2434 ) ;
#4484 = CARTESIAN_POINT ( 'NONE',  ( -1.949999999999999956, 1.800000000000000044, -0.2499999999999997780 ) ) ;
#4485 = VERTEX_POINT ( 'NONE', #3987 ) ;
#4486 = EDGE_CURVE ( 'NONE', #1339, #7045, #5274, .T. ) ;
#4487 = SURFACE_STYLE_USAGE ( .BOTH. , #7256 ) ;
#4488 = EDGE_CURVE ( 'NONE', #5716, #7735, #8756, .T. ) ;
#4489 = AXIS2_PLACEMENT_3D ( 'NONE', #1710, #2468, #3153 ) ;
#4490 = DIRECTION ( 'NONE',  ( 0.7071067811865457964, 0.7071067811865492381, 0.0000000000000000000 ) ) ;
#4491 = ORIENTED_EDGE ( 'NONE', *, *, #2191, .T. ) ;
#4492 = LINE ( 'NONE', #2213, #1197 ) ;
#4493 = PRESENTATION_STYLE_ASSIGNMENT (( #7262 ) ) ;
#4494 = EDGE_CURVE ( 'NONE', #8124, #3074, #8846, .T. ) ;
#4495 = FILL_AREA_STYLE_COLOUR ( '', #883 ) ;
#4496 = LINE ( 'NONE', #3802, #5374 ) ;
#4497 = ORIENTED_EDGE ( 'NONE', *, *, #7015, .T. ) ;
#4498 = VECTOR ( 'NONE', #3838, 1000.000000000000000 ) ;
#4499 = STYLED_ITEM ( 'NONE', ( #2706 ), #6044 ) ;
#4500 =( NAMED_UNIT ( * ) PLANE_ANGLE_UNIT ( ) SI_UNIT ( $, .RADIAN. ) );
#4501 = CARTESIAN_POINT ( 'NONE',  ( 11.95000000000000107, 0.0000000000000000000, -2.800000000000000711 ) ) ;
#4502 = PLANE ( 'NONE',  #414 ) ;
#4503 = DIRECTION ( 'NONE',  ( 0.0000000000000000000, 0.0000000000000000000, -1.000000000000000000 ) ) ;
#4504 = LINE ( 'NONE', #7352, #6733 ) ;
#4505 = FILL_AREA_STYLE_COLOUR ( '', #39 ) ;
#4506 = ORIENTED_EDGE ( 'NONE', *, *, #2051, .T. ) ;
#4507 = PRESENTATION_LAYER_ASSIGNMENT (  '', '', ( #3346 ) ) ;
#4508 = PRESENTATION_LAYER_ASSIGNMENT (  '', '', ( #4362 ) ) ;
#4509 = ORIENTED_EDGE ( 'NONE', *, *, #6394, .F. ) ;
#4510 = DIRECTION ( 'NONE',  ( -4.336808689942017736E-16, 0.0000000000000000000, -1.000000000000000000 ) ) ;
#4511 = STYLED_ITEM ( 'NONE', ( #2095 ), #7181 ) ;
#4512 = SURFACE_SIDE_STYLE ('',( #3046 ) ) ;
#4513 = EDGE_LOOP ( 'NONE', ( #1957, #1122, #4245, #3700 ) ) ;
#4514 = SURFACE_STYLE_USAGE ( .BOTH. , #2406 ) ;
#4515 = DIRECTION ( 'NONE',  ( -0.7071067811865492381, -0.7071067811865457964, 2.725854962992651822E-16 ) ) ;
#4516 = LINE ( 'NONE', #3087, #8338 ) ;
#4517 =( LENGTH_UNIT ( ) NAMED_UNIT ( * ) SI_UNIT ( .MILLI., .METRE. ) );
#4518 = ORIENTED_EDGE ( 'NONE', *, *, #3418, .T. ) ;
#4519 = CARTESIAN_POINT ( 'NONE',  ( 6.249999999999998224, 1.800000000000000044, -2.800000000000000266 ) ) ;
#4520 = EDGE_CURVE ( 'NONE', #4485, #8369, #1824, .T. ) ;
#4521 = PLANE ( 'NONE',  #1627 ) ;
#4522 = FILL_AREA_STYLE_COLOUR ( '', #2966 ) ;
#4523 = PRESENTATION_STYLE_ASSIGNMENT (( #3704 ) ) ;
#4524 = PRESENTATION_LAYER_ASSIGNMENT (  '', '', ( #377 ) ) ;
#4525 = CARTESIAN_POINT ( 'NONE',  ( 5.849999999999999645, 5.100000000000001421, 0.1500000000000008271 ) ) ;
#4526 = EDGE_LOOP ( 'NONE', ( #7399, #1657, #48, #2463, #3175, #3416, #3412, #6092, #6433, #7179 ) ) ;
#4527 = DIRECTION ( 'NONE',  ( -1.000000000000000000, 3.872150616019660190E-17, 0.0000000000000000000 ) ) ;
#4528 = CARTESIAN_POINT ( 'NONE',  ( 9.750000000000000000, -3.300000000000000266, -0.2499999999999997780 ) ) ;
#4529 = EDGE_CURVE ( 'NONE', #1365, #3443, #1768, .T. ) ;
#4530 = VERTEX_POINT ( 'NONE', #1248 ) ;
#4531 = ORIENTED_EDGE ( 'NONE', *, *, #8017, .F. ) ;
#4532 = ADVANCED_FACE ( 'NONE', ( #3214 ), #2665, .F. ) ;
#4533 =( NAMED_UNIT ( * ) PLANE_ANGLE_UNIT ( ) SI_UNIT ( $, .RADIAN. ) );
#4534 = PLANE ( 'NONE',  #8568 ) ;
#4535 = CARTESIAN_POINT ( 'NONE',  ( 1.749999999999999778, -3.300000000000002043, -0.2499999999999997780 ) ) ;
#4536 = CARTESIAN_POINT ( 'NONE',  ( 11.17999999999999972, 2.250000000000001332, 1.700000000000000178 ) ) ;
#4537 = CARTESIAN_POINT ( 'NONE',  ( -0.2200000000000003619, 4.229999999999999538, -2.801000000000000600 ) ) ;
#4538 = VERTEX_POINT ( 'NONE', #4132 ) ;
#4539 = EDGE_CURVE ( 'NONE', #5861, #4968, #6949, .T. ) ;
#4540 = CARTESIAN_POINT ( 'NONE',  ( 0.2499999999999997780, 0.2000000000000000111, 0.2500000000000002220 ) ) ;
#4541 = CARTESIAN_POINT ( 'NONE',  ( 6.249999999999998224, 0.2000000000000000111, -0.2499999999999997780 ) ) ;
#4542 = CARTESIAN_POINT ( 'NONE',  ( 4.250000000000000000, -3.399999999999999911, 0.2500000000000002220 ) ) ;
#4543 = VERTEX_POINT ( 'NONE', #7680 ) ;
#4544 = ORIENTED_EDGE ( 'NONE', *, *, #5817, .F. ) ;
#4545 = FILL_AREA_STYLE_COLOUR ( '', #6687 ) ;
#4546 = VERTEX_POINT ( 'NONE', #5607 ) ;
#4547 = VECTOR ( 'NONE', #7363, 1000.000000000000000 ) ;
#4548 = UNCERTAINTY_MEASURE_WITH_UNIT (LENGTH_MEASURE( 1.000000000000000082E-05 ), #78, 'distance_accuracy_value', 'NONE');
#4549 = CARTESIAN_POINT ( 'NONE',  ( 4.250000000000000000, -3.399999999999999911, -0.2499999999999997780 ) ) ;
#4550 = DIRECTION ( 'NONE',  ( 1.000000000000000000, -5.421010862427522170E-17, 0.0000000000000000000 ) ) ;
#4551 =( NAMED_UNIT ( * ) PLANE_ANGLE_UNIT ( ) SI_UNIT ( $, .RADIAN. ) );
#4552 = LINE ( 'NONE', #1695, #7028 ) ;
#4553 = VECTOR ( 'NONE', #8038, 1000.000000000000000 ) ;
#4554 = SURFACE_STYLE_FILL_AREA ( #5842 ) ;
#4555 = PLANE ( 'NONE',  #2577 ) ;
#4556 = EDGE_LOOP ( 'NONE', ( #7626, #8196, #5768, #6971 ) ) ;
#4557 = ADVANCED_FACE ( 'NONE', ( #8405 ), #645, .F. ) ;
#4558 = VECTOR ( 'NONE', #1785, 1000.000000000000000 ) ;
#4559 = EDGE_CURVE ( 'NONE', #6338, #6273, #597, .T. ) ;
#4560 = CARTESIAN_POINT ( 'NONE',  ( 10.69999999999999929, 0.1999999999999999833, 1.700000000000000178 ) ) ;
#4561 = DIRECTION ( 'NONE',  ( -0.0000000000000000000, -0.0000000000000000000, 1.000000000000000000 ) ) ;
#4562 = VECTOR ( 'NONE', #8594, 1000.000000000000000 ) ;
#4563 = DIRECTION ( 'NONE',  ( -1.000000000000000000, 0.0000000000000000000, -6.829619984160658046E-17 ) ) ;
#4564 = PRESENTATION_STYLE_ASSIGNMENT (( #5850 ) ) ;
#4565 = MECHANICAL_DESIGN_GEOMETRIC_PRESENTATION_REPRESENTATION (  '', ( #3829 ), #8084 ) ;
#4566 = LINE ( 'NONE', #4017, #201 ) ;
#4567 = ORIENTED_EDGE ( 'NONE', *, *, #6751, .T. ) ;
#4568 =( LENGTH_UNIT ( ) NAMED_UNIT ( * ) SI_UNIT ( .MILLI., .METRE. ) );
#4569 = LINE ( 'NONE', #3877, #6639 ) ;
#4570 = FILL_AREA_STYLE_COLOUR ( '', #3638 ) ;
#4571 = STYLED_ITEM ( 'NONE', ( #4396 ), #83 ) ;
#4572 = EDGE_CURVE ( 'NONE', #5742, #4968, #4234, .T. ) ;
#4573 = EDGE_CURVE ( 'NONE', #8616, #6125, #3459, .T. ) ;
#4574 = PRESENTATION_LAYER_ASSIGNMENT (  '', '', ( #2519 ) ) ;
#4575 = CARTESIAN_POINT ( 'NONE',  ( 11.95000000000000107, 6.000000000000000000, 1.699999999999999289 ) ) ;
#4576 =( NAMED_UNIT ( * ) PLANE_ANGLE_UNIT ( ) SI_UNIT ( $, .RADIAN. ) );
#4577 = VECTOR ( 'NONE', #5173, 1000.000000000000000 ) ;
#4578 = CARTESIAN_POINT ( 'NONE',  ( 8.250000000000000000, -3.300000000000000266, -0.2499999999999997780 ) ) ;
#4579 = PLANE ( 'NONE',  #4459 ) ;
#4580 =( LENGTH_UNIT ( ) NAMED_UNIT ( * ) SI_UNIT ( .MILLI., .METRE. ) );
#4581 = CARTESIAN_POINT ( 'NONE',  ( -0.2500000000000002220, -3.399999999999999911, 0.2500000000000002220 ) ) ;
#4582 = CARTESIAN_POINT ( 'NONE',  ( 11.95000000000000107, 4.500000000000000888, -0.1799999999999983002 ) ) ;
#4583 = LINE ( 'NONE', #1911, #2203 ) ;
#4584 = ORIENTED_EDGE ( 'NONE', *, *, #3805, .T. ) ;
#4585 = VECTOR ( 'NONE', #5032, 1000.000000000000000 ) ;
#4586 = MECHANICAL_DESIGN_GEOMETRIC_PRESENTATION_REPRESENTATION (  '', ( #8550 ), #4729 ) ;
#4587 = AXIS2_PLACEMENT_3D ( 'NONE', #2957, #5670, #839 ) ;
#4588 = VECTOR ( 'NONE', #8039, 1000.000000000000000 ) ;
#4589 = STYLED_ITEM ( 'NONE', ( #433 ), #870 ) ;
#4590 = CARTESIAN_POINT ( 'NONE',  ( 1.150000000000000355, 6.000000000000000000, 1.599999999999999867 ) ) ;
#4591 = LINE ( 'NONE', #1915, #7216 ) ;
#4592 = DIRECTION ( 'NONE',  ( 1.927470528863119542E-16, -1.000000000000000000, 0.0000000000000000000 ) ) ;
#4593 = PRESENTATION_STYLE_ASSIGNMENT (( #3807 ) ) ;
#4594 = DIRECTION ( 'NONE',  ( 0.5773502691896259531, 0.5773502691896259531, 0.5773502691896255090 ) ) ;
#4595 = FILL_AREA_STYLE ('',( #4505 ) ) ;
#4596 = EDGE_LOOP ( 'NONE', ( #3324, #368, #7132, #4295, #2301, #3875 ) ) ;
#4597 = AXIS2_PLACEMENT_3D ( 'NONE', #3998, #4845, #6818 ) ;
#4598 = EDGE_CURVE ( 'NONE', #6395, #4840, #9035, .T. ) ;
#4599 = ORIENTED_EDGE ( 'NONE', *, *, #4756, .F. ) ;
#4600 = MECHANICAL_DESIGN_GEOMETRIC_PRESENTATION_REPRESENTATION (  '', ( #7546 ), #1789 ) ;
#4601 = ORIENTED_EDGE ( 'NONE', *, *, #882, .F. ) ;
#4602 = EDGE_CURVE ( 'NONE', #4485, #4081, #2764, .T. ) ;
#4603 = PRESENTATION_STYLE_ASSIGNMENT (( #6626 ) ) ;
#4604 = MECHANICAL_DESIGN_GEOMETRIC_PRESENTATION_REPRESENTATION (  '', ( #8427 ), #8121 ) ;
#4605 =( NAMED_UNIT ( * ) PLANE_ANGLE_UNIT ( ) SI_UNIT ( $, .RADIAN. ) );
#4606 = SURFACE_STYLE_USAGE ( .BOTH. , #3222 ) ;
#4607 = DIRECTION ( 'NONE',  ( 3.872150616019660190E-17, 1.000000000000000000, -0.0000000000000000000 ) ) ;
#4608 = MECHANICAL_DESIGN_GEOMETRIC_PRESENTATION_REPRESENTATION (  '', ( #1803 ), #2407 ) ;
#4609 = FILL_AREA_STYLE_COLOUR ( '', #8743 ) ;
#4610 = EDGE_LOOP ( 'NONE', ( #12, #6400, #3172, #1247 ) ) ;
#4611 = STYLED_ITEM ( 'NONE', ( #6688 ), #5524 ) ;
#4612 = PRESENTATION_LAYER_ASSIGNMENT (  '', '', ( #5069 ) ) ;
#4613 = CARTESIAN_POINT ( 'NONE',  ( 9.750000000000000000, -3.399999999999999911, 0.2500000000000002220 ) ) ;
#4614 = CARTESIAN_POINT ( 'NONE',  ( 11.35000000000000142, 5.650000000000000355, 1.249999999999998446 ) ) ;
#4615 =( NAMED_UNIT ( * ) PLANE_ANGLE_UNIT ( ) SI_UNIT ( $, .RADIAN. ) );
#4616 = PRESENTATION_LAYER_ASSIGNMENT (  '', '', ( #8583 ) ) ;
#4617 = CARTESIAN_POINT ( 'NONE',  ( 11.95000000000000107, 6.000000000000000000, 1.699999999999999289 ) ) ;
#4618 = SURFACE_STYLE_USAGE ( .BOTH. , #5493 ) ;
#4619 =( NAMED_UNIT ( * ) SI_UNIT ( $, .STERADIAN. ) SOLID_ANGLE_UNIT ( ) );
#4620 = CARTESIAN_POINT ( 'NONE',  ( 1.749999999999998890, 1.800000000000000044, -2.800000000000002043 ) ) ;
#4621 = SURFACE_STYLE_USAGE ( .BOTH. , #1798 ) ;
#4622 = ORIENTED_EDGE ( 'NONE', *, *, #2183, .T. ) ;
#4623 = CARTESIAN_POINT ( 'NONE',  ( 0.0000000000000000000, 0.0000000000000000000, -0.05000000000000012768 ) ) ;
#4624 = LINE ( 'NONE', #5944, #2389 ) ;
#4625 =( NAMED_UNIT ( * ) PLANE_ANGLE_UNIT ( ) SI_UNIT ( $, .RADIAN. ) );
#4626 = ADVANCED_FACE ( 'NONE', ( #4836 ), #7640, .F. ) ;
#4627 = COLOUR_RGB ( '',1.000000000000000000, 1.000000000000000000, 1.000000000000000000 ) ;
#4628 = SURFACE_STYLE_USAGE ( .BOTH. , #3968 ) ;
#4629 = STYLED_ITEM ( 'NONE', ( #3774 ), #7700 ) ;
#4630 = FILL_AREA_STYLE_COLOUR ( '', #8676 ) ;
#4631 = CARTESIAN_POINT ( 'NONE',  ( 9.299999999999998934, 0.2000000000000000389, -2.800000000000000266 ) ) ;
#4632 = LINE ( 'NONE', #3614, #4227 ) ;
#4633 = FILL_AREA_STYLE ('',( #1045 ) ) ;
#4634 = DIRECTION ( 'NONE',  ( -3.872150616019660190E-17, -1.000000000000000000, 0.0000000000000000000 ) ) ;
#4635 = PRESENTATION_STYLE_ASSIGNMENT (( #4682 ) ) ;
#4636 = ORIENTED_EDGE ( 'NONE', *, *, #4086, .F. ) ;
#4637 = ADVANCED_FACE ( 'NONE', ( #8153 ), #3148, .T. ) ;
#4638 = VERTEX_POINT ( 'NONE', #8825 ) ;
#4639 = EDGE_CURVE ( 'NONE', #1799, #7722, #8031, .T. ) ;
#4640 = UNCERTAINTY_MEASURE_WITH_UNIT (LENGTH_MEASURE( 1.000000000000000082E-05 ), #7478, 'distance_accuracy_value', 'NONE');
#4641 = DIRECTION ( 'NONE',  ( 1.095153709581317921E-16, -1.000000000000000000, 0.0000000000000000000 ) ) ;
#4642 = EDGE_CURVE ( 'NONE', #8124, #4055, #1035, .T. ) ;
#4643 = CARTESIAN_POINT ( 'NONE',  ( 4.750000000000000888, 3.399999999999999467, -2.050000000000001599 ) ) ;
#4644 = EDGE_CURVE ( 'NONE', #1805, #8849, #2503, .T. ) ;
#4645 = DIRECTION ( 'NONE',  ( 0.5773502691896246208, -0.5773502691896265082, 0.5773502691896260641 ) ) ;
#4646 = SURFACE_STYLE_FILL_AREA ( #8006 ) ;
#4647 =( NAMED_UNIT ( * ) SI_UNIT ( $, .STERADIAN. ) SOLID_ANGLE_UNIT ( ) );
#4648 = ORIENTED_EDGE ( 'NONE', *, *, #6104, .F. ) ;
#4649 = EDGE_LOOP ( 'NONE', ( #1902, #7082, #1583, #8521 ) ) ;
#4650 = EDGE_CURVE ( 'NONE', #1964, #3079, #6438, .T. ) ;
#4651 = UNCERTAINTY_MEASURE_WITH_UNIT (LENGTH_MEASURE( 1.000000000000000082E-05 ), #3351, 'distance_accuracy_value', 'NONE');
#4652 = CARTESIAN_POINT ( 'NONE',  ( -1.350000000000000089, 5.650000000000000355, -2.350000000000001421 ) ) ;
#4653 = EDGE_LOOP ( 'NONE', ( #5072, #1874, #1455, #3349 ) ) ;
#4654 = SURFACE_STYLE_FILL_AREA ( #1068 ) ;
#4655 = VECTOR ( 'NONE', #950, 1000.000000000000000 ) ;
#4656 =( LENGTH_UNIT ( ) NAMED_UNIT ( * ) SI_UNIT ( .MILLI., .METRE. ) );
#4657 = SURFACE_SIDE_STYLE ('',( #8769 ) ) ;
#4658 = ORIENTED_EDGE ( 'NONE', *, *, #1761, .T. ) ;
#4659 = AXIS2_PLACEMENT_3D ( 'NONE', #2050, #5717, #4865 ) ;
#4660 = MECHANICAL_DESIGN_GEOMETRIC_PRESENTATION_REPRESENTATION (  '', ( #4372 ), #7302 ) ;
#4661 = UNCERTAINTY_MEASURE_WITH_UNIT (LENGTH_MEASURE( 1.000000000000000082E-05 ), #3645, 'distance_accuracy_value', 'NONE');
#4662 = DIRECTION ( 'NONE',  ( -1.000000000000000000, 5.421010862427522170E-17, 0.0000000000000000000 ) ) ;
#4663 = VERTEX_POINT ( 'NONE', #6648 ) ;
#4664 = CARTESIAN_POINT ( 'NONE',  ( 7.750000000000000000, -3.399999999999999911, 0.1500000000000008271 ) ) ;
#4665 = DIRECTION ( 'NONE',  ( -3.872150616019660190E-17, -1.000000000000000000, 0.0000000000000000000 ) ) ;
#4666 = SURFACE_STYLE_USAGE ( .BOTH. , #6783 ) ;
#4667 = VERTEX_POINT ( 'NONE', #5733 ) ;
#4668 = LINE ( 'NONE', #1225, #6216 ) ;
#4669 = SURFACE_STYLE_FILL_AREA ( #1531 ) ;
#4670 = VECTOR ( 'NONE', #4243, 1000.000000000000000 ) ;
#4671 = AXIS2_PLACEMENT_3D ( 'NONE', #5566, #2623, #6900 ) ;
#4672 = ORIENTED_EDGE ( 'NONE', *, *, #5712, .T. ) ;
#4673 = STYLED_ITEM ( 'NONE', ( #8848 ), #3261 ) ;
#4674 =( LENGTH_UNIT ( ) NAMED_UNIT ( * ) SI_UNIT ( .MILLI., .METRE. ) );
#4675 = LINE ( 'NONE', #495, #6792 ) ;
#4676 = CARTESIAN_POINT ( 'NONE',  ( -0.7000000000000005107, 0.0000000000000000000, 1.700000000000000178 ) ) ;
#4677 = PLANE ( 'NONE',  #3501 ) ;
#4678 = CARTESIAN_POINT ( 'NONE',  ( -0.2500000000000013323, 0.2000000000000000111, -2.800000000000000266 ) ) ;
#4679 = ORIENTED_EDGE ( 'NONE', *, *, #3176, .F. ) ;
#4680 = DIRECTION ( 'NONE',  ( -9.103382349328301547E-49, -2.350988701644575016E-32, -1.000000000000000000 ) ) ;
#4681 = DIRECTION ( 'NONE',  ( -1.000000000000000000, 3.872150616019660190E-17, 0.0000000000000000000 ) ) ;
#4682 = SURFACE_STYLE_USAGE ( .BOTH. , #5267 ) ;
#4683 = ORIENTED_EDGE ( 'NONE', *, *, #7145, .T. ) ;
#4684 = VECTOR ( 'NONE', #8758, 1000.000000000000000 ) ;
#4685 = PRESENTATION_LAYER_ASSIGNMENT (  '', '', ( #7477 ) ) ;
#4686 = VERTEX_POINT ( 'NONE', #1800 ) ;
#4687 = DIRECTION ( 'NONE',  ( 0.5773502691896253980, 0.5773502691896280625, -0.5773502691896236216 ) ) ;
#4688 = SURFACE_STYLE_USAGE ( .BOTH. , #6754 ) ;
#4689 = ORIENTED_EDGE ( 'NONE', *, *, #1292, .T. ) ;
#4690 = PRESENTATION_STYLE_ASSIGNMENT (( #4093 ) ) ;
#4691 = CARTESIAN_POINT ( 'NONE',  ( 10.24999999999999822, 1.800000000000000044, 0.2500000000000002220 ) ) ;
#4692 = DIRECTION ( 'NONE',  ( -1.000000000000000000, 0.0000000000000000000, -0.0000000000000000000 ) ) ;
#4693 = CARTESIAN_POINT ( 'NONE',  ( 6.049999999999999822, -3.399999999999999911, -0.1500000000000003830 ) ) ;
#4694 = ORIENTED_EDGE ( 'NONE', *, *, #5532, .F. ) ;
#4695 = EDGE_CURVE ( 'NONE', #2754, #7789, #5306, .T. ) ;
#4696 = EDGE_CURVE ( 'NONE', #6301, #2143, #4624, .T. ) ;
#4697 = FACE_OUTER_BOUND ( 'NONE', #3636, .T. ) ;
#4698 = ORIENTED_EDGE ( 'NONE', *, *, #5600, .T. ) ;
#4699 = PLANE ( 'NONE',  #2124 ) ;
#4700 = CARTESIAN_POINT ( 'NONE',  ( 0.6999999999999996225, 0.0000000000000000000, -2.800000000000000266 ) ) ;
#4701 = LINE ( 'NONE', #1784, #591 ) ;
#4702 = SURFACE_STYLE_USAGE ( .BOTH. , #5424 ) ;
#4703 = DIRECTION ( 'NONE',  ( -1.000000000000000000, 0.0000000000000000000, -6.829619984160658046E-17 ) ) ;
#4704 = ORIENTED_EDGE ( 'NONE', *, *, #1731, .F. ) ;
#4705 = EDGE_CURVE ( 'NONE', #6395, #564, #4569, .T. ) ;
#4706 = PRESENTATION_LAYER_ASSIGNMENT (  '', '', ( #1737 ) ) ;
#4707 = LINE ( 'NONE', #8057, #1051 ) ;
#4708 =( LENGTH_UNIT ( ) NAMED_UNIT ( * ) SI_UNIT ( .MILLI., .METRE. ) );
#4709 = FILL_AREA_STYLE_COLOUR ( '', #6650 ) ;
#4710 = DIRECTION ( 'NONE',  ( 3.872150616019660190E-17, 1.000000000000000000, -0.0000000000000000000 ) ) ;
#4711 = EDGE_CURVE ( 'NONE', #5998, #6726, #8737, .T. ) ;
#4712 =( LENGTH_UNIT ( ) NAMED_UNIT ( * ) SI_UNIT ( .MILLI., .METRE. ) );
#4713 = CARTESIAN_POINT ( 'NONE',  ( 11.95000000000000107, 0.8200000000000030598, 1.300000000000000044 ) ) ;
#4714 = EDGE_LOOP ( 'NONE', ( #7769, #5596, #6290, #4031, #5910, #4723, #5722, #9013 ) ) ;
#4715 = CARTESIAN_POINT ( 'NONE',  ( 7.299999999999998934, 0.2000000000000000389, 1.700000000000000178 ) ) ;
#4716 = DIRECTION ( 'NONE',  ( -1.000000000000000000, 5.421010862427522170E-17, 0.0000000000000000000 ) ) ;
#4717 = DIRECTION ( 'NONE',  ( 3.872150616019660190E-17, 1.000000000000000000, -0.0000000000000000000 ) ) ;
#4718 =( NAMED_UNIT ( * ) SI_UNIT ( $, .STERADIAN. ) SOLID_ANGLE_UNIT ( ) );
#4719 = DIRECTION ( 'NONE',  ( 1.000000000000000000, -0.0000000000000000000, 1.927470528863119295E-16 ) ) ;
#4720 = STYLED_ITEM ( 'NONE', ( #3188 ), #117 ) ;
#4721 = CARTESIAN_POINT ( 'NONE',  ( 6.699999999999999289, 0.0000000000000000000, 1.700000000000000178 ) ) ;
#4722 = DIRECTION ( 'NONE',  ( 1.000000000000000000, -0.0000000000000000000, -6.240012503513693999E-17 ) ) ;
#4723 = ORIENTED_EDGE ( 'NONE', *, *, #785, .F. ) ;
#4724 = SURFACE_SIDE_STYLE ('',( #4126 ) ) ;
#4725 = PLANE ( 'NONE',  #5413 ) ;
#4726 = ORIENTED_EDGE ( 'NONE', *, *, #4069, .T. ) ;
#4727 = PRESENTATION_LAYER_ASSIGNMENT (  '', '', ( #8674 ) ) ;
#4728 =( GEOMETRIC_REPRESENTATION_CONTEXT ( 3 ) GLOBAL_UNCERTAINTY_ASSIGNED_CONTEXT ( ( #5838 ) ) GLOBAL_UNIT_ASSIGNED_CONTEXT ( ( #6223, #5540, #4808 ) ) REPRESENTATION_CONTEXT ( 'NONE', 'WORKASPACE' ) );
#4729 =( GEOMETRIC_REPRESENTATION_CONTEXT ( 3 ) GLOBAL_UNCERTAINTY_ASSIGNED_CONTEXT ( ( #2518 ) ) GLOBAL_UNIT_ASSIGNED_CONTEXT ( ( #8831, #6084, #5402 ) ) REPRESENTATION_CONTEXT ( 'NONE', 'WORKASPACE' ) );
#4730 = UNCERTAINTY_MEASURE_WITH_UNIT (LENGTH_MEASURE( 1.000000000000000082E-05 ), #1250, 'distance_accuracy_value', 'NONE');
#4731 = EDGE_CURVE ( 'NONE', #5243, #6338, #1745, .T. ) ;
#4732 = LINE ( 'NONE', #3984, #1770 ) ;
#4733 = DIRECTION ( 'NONE',  ( -4.336808689942017736E-16, 1.679277644031839923E-32, -1.000000000000000000 ) ) ;
#4734 = SURFACE_STYLE_USAGE ( .BOTH. , #6755 ) ;
#4735 = DIRECTION ( 'NONE',  ( 1.927470528863119542E-16, -1.000000000000000000, 0.0000000000000000000 ) ) ;
#4736 = PRESENTATION_LAYER_ASSIGNMENT (  '', '', ( #1010 ) ) ;
#4737 = STYLED_ITEM ( 'NONE', ( #3662 ), #8512 ) ;
#4738 = EDGE_LOOP ( 'NONE', ( #4994, #3507, #8956, #6004 ) ) ;
#4739 = EDGE_LOOP ( 'NONE', ( #5735, #2493, #4393, #514 ) ) ;
#4740 = PLANE ( 'NONE',  #217 ) ;
#4741 = ORIENTED_EDGE ( 'NONE', *, *, #1460, .F. ) ;
#4742 = VECTOR ( 'NONE', #1852, 1000.000000000000000 ) ;
#4743 = UNCERTAINTY_MEASURE_WITH_UNIT (LENGTH_MEASURE( 1.000000000000000082E-05 ), #2277, 'distance_accuracy_value', 'NONE');
#4744 = ADVANCED_FACE ( 'NONE', ( #5065 ), #283, .F. ) ;
#4745 = VECTOR ( 'NONE', #2636, 1000.000000000000000 ) ;
#4746 = DIRECTION ( 'NONE',  ( 1.000000000000000000, 0.0000000000000000000, 0.0000000000000000000 ) ) ;
#4747 = LINE ( 'NONE', #6908, #4558 ) ;
#4748 = CARTESIAN_POINT ( 'NONE',  ( 6.699999999999999289, 0.1999999999999999833, -2.800000000000000266 ) ) ;
#4749 = FILL_AREA_STYLE ('',( #3279 ) ) ;
#4750 = SURFACE_SIDE_STYLE ('',( #5426 ) ) ;
#4751 = ORIENTED_EDGE ( 'NONE', *, *, #2402, .T. ) ;
#4752 = COLOUR_RGB ( '',1.000000000000000000, 0.8117647058823529438, 0.5019607843137254832 ) ;
#4753 = VECTOR ( 'NONE', #2570, 1000.000000000000000 ) ;
#4754 = DIRECTION ( 'NONE',  ( 1.000000000000000000, 0.0000000000000000000, 0.0000000000000000000 ) ) ;
#4755 = UNCERTAINTY_MEASURE_WITH_UNIT (LENGTH_MEASURE( 1.000000000000000082E-05 ), #4108, 'distance_accuracy_value', 'NONE');
#4756 = EDGE_CURVE ( 'NONE', #7743, #2798, #7474, .T. ) ;
#4757 = LINE ( 'NONE', #2088, #2079 ) ;
#4758 = LINE ( 'NONE', #2780, #2681 ) ;
#4759 = DIRECTION ( 'NONE',  ( 0.0000000000000000000, 0.0000000000000000000, 1.000000000000000000 ) ) ;
#4760 = ORIENTED_EDGE ( 'NONE', *, *, #7568, .T. ) ;
#4761 = LINE ( 'NONE', #7572, #8238 ) ;
#4762 = ORIENTED_EDGE ( 'NONE', *, *, #4893, .F. ) ;
#4763 = FACE_OUTER_BOUND ( 'NONE', #8652, .T. ) ;
#4764 = EDGE_CURVE ( 'NONE', #5165, #1356, #8337, .T. ) ;
#4765 = VERTEX_POINT ( 'NONE', #2643 ) ;
#4766 = FILL_AREA_STYLE_COLOUR ( '', #5782 ) ;
#4767 = PRESENTATION_STYLE_ASSIGNMENT (( #4863 ) ) ;
#4768 = AXIS2_PLACEMENT_3D ( 'NONE', #5740, #2904, #5698 ) ;
#4769 = STYLED_ITEM ( 'NONE', ( #3876 ), #2249 ) ;
#4770 =( NAMED_UNIT ( * ) PLANE_ANGLE_UNIT ( ) SI_UNIT ( $, .RADIAN. ) );
#4771 = AXIS2_PLACEMENT_3D ( 'NONE', #7333, #5982, #3237 ) ;
#4772 = CARTESIAN_POINT ( 'NONE',  ( -1.949999999999999956, 1.800000000000000044, 0.2500000000000002220 ) ) ;
#4773 = ORIENTED_EDGE ( 'NONE', *, *, #5534, .F. ) ;
#4774 =( GEOMETRIC_REPRESENTATION_CONTEXT ( 3 ) GLOBAL_UNCERTAINTY_ASSIGNED_CONTEXT ( ( #1118 ) ) GLOBAL_UNIT_ASSIGNED_CONTEXT ( ( #3044, #8600, #3568 ) ) REPRESENTATION_CONTEXT ( 'NONE', 'WORKASPACE' ) );
#4775 = FILL_AREA_STYLE_COLOUR ( '', #5443 ) ;
#4776 = DIRECTION ( 'NONE',  ( -0.0000000000000000000, 1.000000000000000000, -0.0000000000000000000 ) ) ;
#4777 = LINE ( 'NONE', #7584, #2417 ) ;
#4778 = LINE ( 'NONE', #11, #7355 ) ;
#4779 = VERTEX_POINT ( 'NONE', #9062 ) ;
#4780 = CARTESIAN_POINT ( 'NONE',  ( 8.250000000000000000, -3.399999999999999911, 0.2500000000000002220 ) ) ;
#4781 = DIRECTION ( 'NONE',  ( -0.0000000000000000000, -0.7071067811865504593, 0.7071067811865446862 ) ) ;
#4782 = ORIENTED_EDGE ( 'NONE', *, *, #2853, .F. ) ;
#4783 = VECTOR ( 'NONE', #6308, 1000.000000000000000 ) ;
#4784 = ADVANCED_FACE ( 'NONE', ( #8294 ), #3438, .F. ) ;
#4785 = AXIS2_PLACEMENT_3D ( 'NONE', #3092, #273, #3015 ) ;
#4786 = DIRECTION ( 'NONE',  ( -1.000000000000000000, 0.0000000000000000000, -0.0000000000000000000 ) ) ;
#4787 = FILL_AREA_STYLE ('',( #4277 ) ) ;
#4788 = EDGE_LOOP ( 'NONE', ( #5329, #5860, #699, #4773 ) ) ;
#4789 = SURFACE_SIDE_STYLE ('',( #6856 ) ) ;
#4790 = LINE ( 'NONE', #4041, #8182 ) ;
#4791 = PRESENTATION_LAYER_ASSIGNMENT (  '', '', ( #7580 ) ) ;
#4792 = VERTEX_POINT ( 'NONE', #4020 ) ;
#4793 = ORIENTED_EDGE ( 'NONE', *, *, #9052, .F. ) ;
#4794 = VECTOR ( 'NONE', #444, 1000.000000000000000 ) ;
#4795 = DIRECTION ( 'NONE',  ( 3.872150616019660190E-17, 1.000000000000000000, -0.0000000000000000000 ) ) ;
#4796 = CARTESIAN_POINT ( 'NONE',  ( -1.949999999999999956, 1.800000000000000044, 0.2500000000000002220 ) ) ;
#4797 = FACE_OUTER_BOUND ( 'NONE', #4649, .T. ) ;
#4798 = DIRECTION ( 'NONE',  ( -1.560003125878423623E-16, 1.000000000000000000, 0.0000000000000000000 ) ) ;
#4799 = CARTESIAN_POINT ( 'NONE',  ( 1.299999999999999600, 0.2000000000000000389, -2.800000000000000266 ) ) ;
#4800 = DIRECTION ( 'NONE',  ( 1.927470528863119542E-16, -1.000000000000000000, 0.0000000000000000000 ) ) ;
#4801 = ORIENTED_EDGE ( 'NONE', *, *, #7531, .F. ) ;
#4802 = VECTOR ( 'NONE', #825, 1000.000000000000114 ) ;
#4803 = FILL_AREA_STYLE ('',( #3334 ) ) ;
#4804 = STYLED_ITEM ( 'NONE', ( #1413 ), #6200 ) ;
#4805 = PLANE ( 'NONE',  #7512 ) ;
#4806 = CARTESIAN_POINT ( 'NONE',  ( 4.250000000000000000, 5.000000000000000888, 0.2500000000000002220 ) ) ;
#4807 = DIRECTION ( 'NONE',  ( -1.000000000000000000, 3.872150616019660190E-17, -0.0000000000000000000 ) ) ;
#4808 =( NAMED_UNIT ( * ) SI_UNIT ( $, .STERADIAN. ) SOLID_ANGLE_UNIT ( ) );
#4809 = VERTEX_POINT ( 'NONE', #6834 ) ;
#4810 = ORIENTED_EDGE ( 'NONE', *, *, #1464, .T. ) ;
#4811 = CARTESIAN_POINT ( 'NONE',  ( 2.699999999999999734, 0.1999999999999999833, -2.800000000000000266 ) ) ;
#4812 = ORIENTED_EDGE ( 'NONE', *, *, #6959, .T. ) ;
#4813 = SURFACE_STYLE_USAGE ( .BOTH. , #5499 ) ;
#4814 = CARTESIAN_POINT ( 'NONE',  ( 2.833333333333331261, -4.383333333333333748, -0.8333333333333309279 ) ) ;
#4815 = CARTESIAN_POINT ( 'NONE',  ( 5.750000000000000000, -3.300000000000000266, -0.2499999999999997780 ) ) ;
#4816 = COLOUR_RGB ( '',1.000000000000000000, 1.000000000000000000, 1.000000000000000000 ) ;
#4817 =( GEOMETRIC_REPRESENTATION_CONTEXT ( 3 ) GLOBAL_UNCERTAINTY_ASSIGNED_CONTEXT ( ( #4089 ) ) GLOBAL_UNIT_ASSIGNED_CONTEXT ( ( #2490, #1988, #8280 ) ) REPRESENTATION_CONTEXT ( 'NONE', 'WORKASPACE' ) );
#4818 = ADVANCED_FACE ( 'NONE', ( #489 ), #3344, .F. ) ;
#4819 = ORIENTED_EDGE ( 'NONE', *, *, #3954, .F. ) ;
#4820 = ADVANCED_FACE ( 'NONE', ( #7026 ), #6310, .F. ) ;
#4821 = DIRECTION ( 'NONE',  ( 0.0000000000000000000, 1.000000000000000000, 0.0000000000000000000 ) ) ;
#4822 = EDGE_LOOP ( 'NONE', ( #1377, #6130, #2983, #1142 ) ) ;
#4823 = CARTESIAN_POINT ( 'NONE',  ( 8.250000000000000000, 5.000000000000000888, 0.2500000000000002220 ) ) ;
#4824 = COLOUR_RGB ( '',1.000000000000000000, 0.8117647058823529438, 0.5019607843137254832 ) ;
#4825 = MECHANICAL_DESIGN_GEOMETRIC_PRESENTATION_REPRESENTATION (  '', ( #8482 ), #2749 ) ;
#4826 = FILL_AREA_STYLE ('',( #3540 ) ) ;
#4827 = LINE ( 'NONE', #3305, #3335 ) ;
#4828 = ORIENTED_EDGE ( 'NONE', *, *, #3902, .F. ) ;
#4829 = CARTESIAN_POINT ( 'NONE',  ( 1.750000000000000222, -3.399999999999999911, 0.2500000000000002220 ) ) ;
#4830 = PRESENTATION_STYLE_ASSIGNMENT (( #8164 ) ) ;
#4831 = STYLED_ITEM ( 'NONE', ( #4424 ), #2969 ) ;
#4832 = UNCERTAINTY_MEASURE_WITH_UNIT (LENGTH_MEASURE( 1.000000000000000082E-05 ), #1515, 'distance_accuracy_value', 'NONE');
#4833 = FACE_OUTER_BOUND ( 'NONE', #6167, .T. ) ;
#4834 = DIRECTION ( 'NONE',  ( -1.000000000000000000, 0.0000000000000000000, 0.0000000000000000000 ) ) ;
#4835 = CARTESIAN_POINT ( 'NONE',  ( 0.2499999999999997780, -3.399999999999999911, 0.2500000000000002220 ) ) ;
#4836 = FACE_OUTER_BOUND ( 'NONE', #3888, .T. ) ;
#4837 = COLOUR_RGB ( '',1.000000000000000000, 1.000000000000000000, 1.000000000000000000 ) ;
#4838 = DIRECTION ( 'NONE',  ( -0.0000000000000000000, -0.0000000000000000000, 1.000000000000000000 ) ) ;
#4839 = VERTEX_POINT ( 'NONE', #7204 ) ;
#4840 = VERTEX_POINT ( 'NONE', #6508 ) ;
#4841 = ORIENTED_EDGE ( 'NONE', *, *, #7915, .F. ) ;
#4842 = AXIS2_PLACEMENT_3D ( 'NONE', #1291, #9037, #2767 ) ;
#4843 = UNCERTAINTY_MEASURE_WITH_UNIT (LENGTH_MEASURE( 1.000000000000000082E-05 ), #6267, 'distance_accuracy_value', 'NONE');
#4844 = FILL_AREA_STYLE ('',( #4139 ) ) ;
#4845 = DIRECTION ( 'NONE',  ( -0.0000000000000000000, 0.0000000000000000000, 1.000000000000000000 ) ) ;
#4846 =( LENGTH_UNIT ( ) NAMED_UNIT ( * ) SI_UNIT ( .MILLI., .METRE. ) );
#4847 = FILL_AREA_STYLE_COLOUR ( '', #1864 ) ;
#4848 = CARTESIAN_POINT ( 'NONE',  ( -0.2500000000000004441, -3.300000000000002043, -0.2499999999999997780 ) ) ;
#4849 = EDGE_LOOP ( 'NONE', ( #2650, #8553, #5912, #6544 ) ) ;
#4850 = AXIS2_PLACEMENT_3D ( 'NONE', #4537, #3762, #2306 ) ;
#4851 = SURFACE_STYLE_FILL_AREA ( #2037 ) ;
#4852 = EDGE_LOOP ( 'NONE', ( #5522, #2775, #8134, #3183 ) ) ;
#4853 =( LENGTH_UNIT ( ) NAMED_UNIT ( * ) SI_UNIT ( .MILLI., .METRE. ) );
#4854 = UNCERTAINTY_MEASURE_WITH_UNIT (LENGTH_MEASURE( 1.000000000000000082E-05 ), #4568, 'distance_accuracy_value', 'NONE');
#4855 = CARTESIAN_POINT ( 'NONE',  ( 7.299999999999998934, 0.2000000000000000389, 1.700000000000000178 ) ) ;
#4856 = DIRECTION ( 'NONE',  ( 3.872150616019660190E-17, 1.000000000000000000, -0.0000000000000000000 ) ) ;
#4857 = SURFACE_SIDE_STYLE ('',( #1893 ) ) ;
#4858 = SURFACE_SIDE_STYLE ('',( #1266 ) ) ;
#4859 = EDGE_CURVE ( 'NONE', #5952, #3101, #7846, .T. ) ;
#4860 =( LENGTH_UNIT ( ) NAMED_UNIT ( * ) SI_UNIT ( .MILLI., .METRE. ) );
#4861 = CARTESIAN_POINT ( 'NONE',  ( 10.83333333333333037, -4.383333333333336412, -0.8333333333333343695 ) ) ;
#4862 = ORIENTED_EDGE ( 'NONE', *, *, #2923, .F. ) ;
#4863 = SURFACE_STYLE_USAGE ( .BOTH. , #8910 ) ;
#4864 = VECTOR ( 'NONE', #8971, 1000.000000000000000 ) ;
#4865 = DIRECTION ( 'NONE',  ( -1.084202172485504237E-15, -1.000000000000000000, 0.0000000000000000000 ) ) ;
#4866 = DIRECTION ( 'NONE',  ( -0.7071067811865536790, -0.7071067811865414665, 1.662400053425821631E-32 ) ) ;
#4867 = EDGE_LOOP ( 'NONE', ( #1499, #545, #6466, #8355, #4812, #1489, #3368, #5434, #2433, #7203 ) ) ;
#4868 = AXIS2_PLACEMENT_3D ( 'NONE', #624, #3530, #8474 ) ;
#4869 = LINE ( 'NONE', #1424, #8245 ) ;
#4870 = SURFACE_STYLE_FILL_AREA ( #7767 ) ;
#4871 =( NAMED_UNIT ( * ) SI_UNIT ( $, .STERADIAN. ) SOLID_ANGLE_UNIT ( ) );
#4872 = ADVANCED_FACE ( 'NONE', ( #2280 ), #49, .F. ) ;
#4873 = CARTESIAN_POINT ( 'NONE',  ( 4.750000000000000888, 3.150000000000001243, -2.050000000000002043 ) ) ;
#4874 = ORIENTED_EDGE ( 'NONE', *, *, #3315, .F. ) ;
#4875 = PRESENTATION_STYLE_ASSIGNMENT (( #3671 ) ) ;
#4876 = EDGE_CURVE ( 'NONE', #6164, #5243, #8477, .T. ) ;
#4877 = STYLED_ITEM ( 'NONE', ( #1591 ), #4210 ) ;
#4878 = VERTEX_POINT ( 'NONE', #5130 ) ;
#4879 = FILL_AREA_STYLE ('',( #9033 ) ) ;
#4880 = CARTESIAN_POINT ( 'NONE',  ( 4.699999999999999289, 0.1999999999999999833, -2.800000000000000266 ) ) ;
#4881 = SURFACE_STYLE_FILL_AREA ( #3406 ) ;
#4882 = PRESENTATION_STYLE_ASSIGNMENT (( #4236 ) ) ;
#4883 = ORIENTED_EDGE ( 'NONE', *, *, #8272, .T. ) ;
#4884 = STYLED_ITEM ( 'NONE', ( #6489 ), #324 ) ;
#4885 = ORIENTED_EDGE ( 'NONE', *, *, #4128, .T. ) ;
#4886 = AXIS2_PLACEMENT_3D ( 'NONE', #676, #6315, #2146 ) ;
#4887 =( GEOMETRIC_REPRESENTATION_CONTEXT ( 3 ) GLOBAL_UNCERTAINTY_ASSIGNED_CONTEXT ( ( #304 ) ) GLOBAL_UNIT_ASSIGNED_CONTEXT ( ( #511, #1059, #8798 ) ) REPRESENTATION_CONTEXT ( 'NONE', 'WORKASPACE' ) );
#4888 = ADVANCED_FACE ( 'NONE', ( #7244 ), #8904, .F. ) ;
#4889 = MECHANICAL_DESIGN_GEOMETRIC_PRESENTATION_REPRESENTATION (  '', ( #1479 ), #6341 ) ;
#4890 = VECTOR ( 'NONE', #636, 1000.000000000000000 ) ;
#4891 = FACE_OUTER_BOUND ( 'NONE', #4526, .T. ) ;
#4892 = PLANE ( 'NONE',  #8263 ) ;
#4893 = EDGE_CURVE ( 'NONE', #4538, #3226, #7618, .T. ) ;
#4894 = CARTESIAN_POINT ( 'NONE',  ( -1.949999999999999956, 1.800000000000000044, -2.800000000000000266 ) ) ;
#4895 = SURFACE_STYLE_USAGE ( .BOTH. , #4750 ) ;
#4896 = ORIENTED_EDGE ( 'NONE', *, *, #2574, .F. ) ;
#4897 = VECTOR ( 'NONE', #5194, 1000.000000000000000 ) ;
#4898 = ORIENTED_EDGE ( 'NONE', *, *, #8264, .F. ) ;
#4899 = DIRECTION ( 'NONE',  ( 1.000000000000000000, -0.0000000000000000000, -6.240012503513693999E-17 ) ) ;
#4900 = MECHANICAL_DESIGN_GEOMETRIC_PRESENTATION_REPRESENTATION (  '', ( #3715 ), #7980 ) ;
#4901 = EDGE_LOOP ( 'NONE', ( #1294, #3509, #1271, #8759, #5922, #80, #455, #1555, #1370, #827, #7012, #995 ) ) ;
#4902 = EDGE_CURVE ( 'NONE', #6060, #4663, #2041, .T. ) ;
#4903 = CARTESIAN_POINT ( 'NONE',  ( -1.949999999999999956, 6.000000000000000000, 1.700000000000000178 ) ) ;
#4904 = FILL_AREA_STYLE ('',( #2684 ) ) ;
#4905 = VECTOR ( 'NONE', #1434, 1000.000000000000000 ) ;
#4906 = CARTESIAN_POINT ( 'NONE',  ( 11.70000000000000284, 6.000000000000000000, 1.249999999999998446 ) ) ;
#4907 = FACE_OUTER_BOUND ( 'NONE', #6741, .T. ) ;
#4908 = VECTOR ( 'NONE', #3573, 1000.000000000000000 ) ;
#4909 = SURFACE_STYLE_FILL_AREA ( #8378 ) ;
#4910 = AXIS2_PLACEMENT_3D ( 'NONE', #7321, #5160, #3692 ) ;
#4911 = VERTEX_POINT ( 'NONE', #8949 ) ;
#4912 =( LENGTH_UNIT ( ) NAMED_UNIT ( * ) SI_UNIT ( .MILLI., .METRE. ) );
#4913 = AXIS2_PLACEMENT_3D ( 'NONE', #7991, #8030, #6473 ) ;
#4914 = DIRECTION ( 'NONE',  ( 1.000000000000000000, 0.0000000000000000000, -1.762081725391875198E-17 ) ) ;
#4915 = ORIENTED_EDGE ( 'NONE', *, *, #4572, .F. ) ;
#4916 = COLOUR_RGB ( '',1.000000000000000000, 0.8117647058823529438, 0.5019607843137254832 ) ;
#4917 = FACE_OUTER_BOUND ( 'NONE', #6922, .T. ) ;
#4918 = CARTESIAN_POINT ( 'NONE',  ( 9.750000000000000000, 1.800000000000000044, -0.2499999999999997780 ) ) ;
#4919 = ORIENTED_EDGE ( 'NONE', *, *, #3553, .T. ) ;
#4920 = DIRECTION ( 'NONE',  ( 0.5773502691896259531, 0.5773502691896259531, 0.5773502691896255090 ) ) ;
#4921 = EDGE_CURVE ( 'NONE', #4191, #969, #8374, .T. ) ;
#4922 = FILL_AREA_STYLE ('',( #2885 ) ) ;
#4923 = AXIS2_PLACEMENT_3D ( 'NONE', #755, #3615, #2919 ) ;
#4924 = CARTESIAN_POINT ( 'NONE',  ( 10.08333333333333215, 5.166666666666667851, 0.08333333333333499404 ) ) ;
#4925 = AXIS2_PLACEMENT_3D ( 'NONE', #8526, #1663, #2242 ) ;
#4926 = VECTOR ( 'NONE', #688, 1000.000000000000000 ) ;
#4927 = UNCERTAINTY_MEASURE_WITH_UNIT (LENGTH_MEASURE( 1.000000000000000082E-05 ), #3570, 'distance_accuracy_value', 'NONE');
#4928 = ORIENTED_EDGE ( 'NONE', *, *, #7885, .T. ) ;
#4929 = LINE ( 'NONE', #7043, #4926 ) ;
#4930 = DIRECTION ( 'NONE',  ( -0.0000000000000000000, -0.0000000000000000000, 1.000000000000000000 ) ) ;
#4931 = VECTOR ( 'NONE', #348, 1000.000000000000000 ) ;
#4932 = DIRECTION ( 'NONE',  ( 0.0000000000000000000, -0.0000000000000000000, 1.000000000000000000 ) ) ;
#4933 = ORIENTED_EDGE ( 'NONE', *, *, #2167, .T. ) ;
#4934 = DIRECTION ( 'NONE',  ( -1.000000000000000000, 3.872150616019660190E-17, -0.0000000000000000000 ) ) ;
#4935 = ORIENTED_EDGE ( 'NONE', *, *, #4939, .T. ) ;
#4936 =( GEOMETRIC_REPRESENTATION_CONTEXT ( 3 ) GLOBAL_UNCERTAINTY_ASSIGNED_CONTEXT ( ( #6190 ) ) GLOBAL_UNIT_ASSIGNED_CONTEXT ( ( #145, #2456, #1166 ) ) REPRESENTATION_CONTEXT ( 'NONE', 'WORKASPACE' ) );
#4937 = EDGE_CURVE ( 'NONE', #3340, #3079, #7569, .T. ) ;
#4938 =( GEOMETRIC_REPRESENTATION_CONTEXT ( 3 ) GLOBAL_UNCERTAINTY_ASSIGNED_CONTEXT ( ( #8939 ) ) GLOBAL_UNIT_ASSIGNED_CONTEXT ( ( #270, #5971, #1070 ) ) REPRESENTATION_CONTEXT ( 'NONE', 'WORKASPACE' ) );
#4939 = EDGE_CURVE ( 'NONE', #7597, #6546, #1217, .T. ) ;
#4940 =( NAMED_UNIT ( * ) SI_UNIT ( $, .STERADIAN. ) SOLID_ANGLE_UNIT ( ) );
#4941 = PRESENTATION_STYLE_ASSIGNMENT (( #3112 ) ) ;
#4942 = PRESENTATION_STYLE_ASSIGNMENT (( #8363 ) ) ;
#4943 = PLANE ( 'NONE',  #658 ) ;
#4944 = ORIENTED_EDGE ( 'NONE', *, *, #5932, .F. ) ;
#4945 = ORIENTED_EDGE ( 'NONE', *, *, #357, .T. ) ;
#4946 = ADVANCED_FACE ( 'NONE', ( #5581 ), #6977, .T. ) ;
#4947 = SURFACE_SIDE_STYLE ('',( #4851 ) ) ;
#4948 = EDGE_CURVE ( 'NONE', #4638, #3146, #4758, .T. ) ;
#4949 = UNCERTAINTY_MEASURE_WITH_UNIT (LENGTH_MEASURE( 1.000000000000000082E-05 ), #1440, 'distance_accuracy_value', 'NONE');
#4950 = SURFACE_SIDE_STYLE ('',( #5030 ) ) ;
#4951 = DIRECTION ( 'NONE',  ( 3.872150616019660190E-17, 1.000000000000000000, -0.0000000000000000000 ) ) ;
#4952 = FILL_AREA_STYLE ('',( #8507 ) ) ;
#4953 = LINE ( 'NONE', #6224, #2281 ) ;
#4954 = VERTEX_POINT ( 'NONE', #7656 ) ;
#4955 = ORIENTED_EDGE ( 'NONE', *, *, #3912, .T. ) ;
#4956 = STYLED_ITEM ( 'NONE', ( #5909 ), #6705 ) ;
#4957 = MECHANICAL_DESIGN_GEOMETRIC_PRESENTATION_REPRESENTATION (  '', ( #4499 ), #236 ) ;
#4958 = PLANE ( 'NONE',  #2325 ) ;
#4959 = CARTESIAN_POINT ( 'NONE',  ( 9.849999999999999645, -3.399999999999999911, 0.1500000000000008271 ) ) ;
#4960 = ORIENTED_EDGE ( 'NONE', *, *, #4273, .T. ) ;
#4961 = CARTESIAN_POINT ( 'NONE',  ( 4.750000000000000888, 3.399999999999999467, -2.050000000000001599 ) ) ;
#4962 = PLANE ( 'NONE',  #6652 ) ;
#4963 = CARTESIAN_POINT ( 'NONE',  ( 9.250000000000001776, 3.399999999999998579, -2.350000000000001421 ) ) ;
#4964 = FACE_OUTER_BOUND ( 'NONE', #1346, .T. ) ;
#4965 = VERTEX_POINT ( 'NONE', #1319 ) ;
#4966 = FILL_AREA_STYLE_COLOUR ( '', #186 ) ;
#4967 = CIRCLE ( 'NONE', #7175, 0.4999999999999995559 ) ;
#4968 = VERTEX_POINT ( 'NONE', #3337 ) ;
#4969 = MECHANICAL_DESIGN_GEOMETRIC_PRESENTATION_REPRESENTATION (  '', ( #7906 ), #4070 ) ;
#4970 = VERTEX_POINT ( 'NONE', #623 ) ;
#4971 = SURFACE_SIDE_STYLE ('',( #7639 ) ) ;
#4972 = CARTESIAN_POINT ( 'NONE',  ( 4.250000000000000000, -3.399999999999999911, 0.2500000000000002220 ) ) ;
#4973 = FILL_AREA_STYLE ('',( #5518 ) ) ;
#4974 = DIRECTION ( 'NONE',  ( -3.833233541708432880E-17, -0.7071067811865471286, 0.7071067811865479058 ) ) ;
#4975 = SURFACE_SIDE_STYLE ('',( #1488 ) ) ;
#4976 = ORIENTED_EDGE ( 'NONE', *, *, #1158, .T. ) ;
#4977 =( GEOMETRIC_REPRESENTATION_CONTEXT ( 3 ) GLOBAL_UNCERTAINTY_ASSIGNED_CONTEXT ( ( #7153 ) ) GLOBAL_UNIT_ASSIGNED_CONTEXT ( ( #1111, #5483, #1211 ) ) REPRESENTATION_CONTEXT ( 'NONE', 'WORKASPACE' ) );
#4978 = ORIENTED_EDGE ( 'NONE', *, *, #7057, .F. ) ;
#4979 = STYLED_ITEM ( 'NONE', ( #8671 ), #3210 ) ;
#4980 = FACE_OUTER_BOUND ( 'NONE', #4333, .T. ) ;
#4981 = ORIENTED_EDGE ( 'NONE', *, *, #1690, .T. ) ;
#4982 = ADVANCED_FACE ( 'NONE', ( #2089 ), #6163, .F. ) ;
#4983 = FACE_OUTER_BOUND ( 'NONE', #5813, .T. ) ;
#4984 = DIRECTION ( 'NONE',  ( -9.103382349328301547E-49, -2.350988701644575016E-32, -1.000000000000000000 ) ) ;
#4985 = LINE ( 'NONE', #41, #465 ) ;
#4986 = DIRECTION ( 'NONE',  ( 1.000000000000000000, -5.421010862427522170E-17, 0.0000000000000000000 ) ) ;
#4987 = DIRECTION ( 'NONE',  ( 0.0000000000000000000, -0.0000000000000000000, 1.000000000000000000 ) ) ;
#4988 = FILL_AREA_STYLE ('',( #134 ) ) ;
#4989 = SURFACE_STYLE_USAGE ( .BOTH. , #1508 ) ;
#4990 = ORIENTED_EDGE ( 'NONE', *, *, #3640, .F. ) ;
#4991 = EDGE_CURVE ( 'NONE', #7225, #6802, #1450, .T. ) ;
#4992 = FILL_AREA_STYLE ('',( #3697 ) ) ;
#4993 = DIRECTION ( 'NONE',  ( 0.5773502691896224004, 0.5773502691896296168, 0.5773502691896251759 ) ) ;
#4994 = ORIENTED_EDGE ( 'NONE', *, *, #5203, .T. ) ;
#4995 = CARTESIAN_POINT ( 'NONE',  ( 2.966666666666666341, -2.516666666666663943, -1.033333333333335213 ) ) ;
#4996 = LINE ( 'NONE', #9020, #866 ) ;
#4997 = EDGE_CURVE ( 'NONE', #534, #5304, #9099, .T. ) ;
#4998 = LINE ( 'NONE', #4170, #5614 ) ;
#4999 =( LENGTH_UNIT ( ) NAMED_UNIT ( * ) SI_UNIT ( .MILLI., .METRE. ) );
#5000 = ORIENTED_EDGE ( 'NONE', *, *, #31, .F. ) ;
#5001 = FILL_AREA_STYLE_COLOUR ( '', #744 ) ;
#5002 = CARTESIAN_POINT ( 'NONE',  ( -1.350000000000000089, 5.650000000000000355, 1.249999999999997558 ) ) ;
#5003 = ORIENTED_EDGE ( 'NONE', *, *, #6483, .F. ) ;
#5004 = ORIENTED_EDGE ( 'NONE', *, *, #8173, .T. ) ;
#5005 = UNCERTAINTY_MEASURE_WITH_UNIT (LENGTH_MEASURE( 1.000000000000000082E-05 ), #3380, 'distance_accuracy_value', 'NONE');
#5006 = VERTEX_POINT ( 'NONE', #4422 ) ;
#5007 = STYLED_ITEM ( 'NONE', ( #5315 ), #2786 ) ;
#5008 = DIRECTION ( 'NONE',  ( -1.032573497605242347E-16, 1.000000000000000000, -7.052084594359430491E-33 ) ) ;
#5009 = CARTESIAN_POINT ( 'NONE',  ( 2.750000000000000444, 3.150000000000000799, -2.050000000000001599 ) ) ;
#5010 = FILL_AREA_STYLE ('',( #28 ) ) ;
#5011 = ORIENTED_EDGE ( 'NONE', *, *, #1866, .T. ) ;
#5012 = MECHANICAL_DESIGN_GEOMETRIC_PRESENTATION_REPRESENTATION (  '', ( #8385 ), #1151 ) ;
#5013 = EDGE_CURVE ( 'NONE', #1605, #4110, #702, .T. ) ;
#5014 = VECTOR ( 'NONE', #5435, 1000.000000000000000 ) ;
#5015 =( NAMED_UNIT ( * ) SI_UNIT ( $, .STERADIAN. ) SOLID_ANGLE_UNIT ( ) );
#5016 = DIRECTION ( 'NONE',  ( 1.000000000000000000, 0.0000000000000000000, 0.0000000000000000000 ) ) ;
#5017 =( NAMED_UNIT ( * ) SI_UNIT ( $, .STERADIAN. ) SOLID_ANGLE_UNIT ( ) );
#5018 = VECTOR ( 'NONE', #3336, 1000.000000000000000 ) ;
#5019 = SURFACE_SIDE_STYLE ('',( #124 ) ) ;
#5020 = DIRECTION ( 'NONE',  ( -5.421010862427522170E-17, -1.000000000000000000, 2.350988701644575016E-32 ) ) ;
#5021 = VERTEX_POINT ( 'NONE', #2138 ) ;
#5022 = EDGE_CURVE ( 'NONE', #3101, #4316, #2317, .T. ) ;
#5023 = VECTOR ( 'NONE', #4040, 1000.000000000000000 ) ;
#5024 = EDGE_LOOP ( 'NONE', ( #5577, #4190, #2962, #7243 ) ) ;
#5025 = COLOUR_RGB ( '',1.000000000000000000, 0.8117647058823529438, 0.5019607843137254832 ) ;
#5026 = STYLED_ITEM ( 'NONE', ( #6368 ), #8619 ) ;
#5027 = DIRECTION ( 'NONE',  ( -1.362927481496328130E-16, 0.7071067811865451302, -0.7071067811865500152 ) ) ;
#5028 = ADVANCED_FACE ( 'NONE', ( #1548 ), #1410, .F. ) ;
#5029 = CARTESIAN_POINT ( 'NONE',  ( 9.749999999999998224, 0.2000000000000000111, -2.800000000000000266 ) ) ;
#5030 = SURFACE_STYLE_FILL_AREA ( #5749 ) ;
#5031 = MECHANICAL_DESIGN_GEOMETRIC_PRESENTATION_REPRESENTATION (  '', ( #3994 ), #3114 ) ;
#5032 = DIRECTION ( 'NONE',  ( -0.0000000000000000000, -0.0000000000000000000, -1.000000000000000000 ) ) ;
#5033 =( NAMED_UNIT ( * ) PLANE_ANGLE_UNIT ( ) SI_UNIT ( $, .RADIAN. ) );
#5034 = SURFACE_STYLE_FILL_AREA ( #5754 ) ;
#5035 = CARTESIAN_POINT ( 'NONE',  ( 5.849999999999997868, 5.100000000000001421, -2.800000000000001155 ) ) ;
#5036 = DIRECTION ( 'NONE',  ( 9.103382349328301547E-49, 2.350988701644575016E-32, 1.000000000000000000 ) ) ;
#5037 = ORIENTED_EDGE ( 'NONE', *, *, #2308, .T. ) ;
#5038 = SURFACE_STYLE_USAGE ( .BOTH. , #2823 ) ;
#5039 = ORIENTED_EDGE ( 'NONE', *, *, #109, .T. ) ;
#5040 =( GEOMETRIC_REPRESENTATION_CONTEXT ( 3 ) GLOBAL_UNCERTAINTY_ASSIGNED_CONTEXT ( ( #3714 ) ) GLOBAL_UNIT_ASSIGNED_CONTEXT ( ( #8068, #3883, #3251 ) ) REPRESENTATION_CONTEXT ( 'NONE', 'WORKASPACE' ) );
#5041 = COLOUR_RGB ( '',1.000000000000000000, 0.8117647058823529438, 0.5019607843137254832 ) ;
#5042 = CARTESIAN_POINT ( 'NONE',  ( 5.250000000000000888, 1.149999999999999911, -2.350000000000001421 ) ) ;
#5043 = EDGE_CURVE ( 'NONE', #2838, #5304, #6500, .T. ) ;
#5044 = VECTOR ( 'NONE', #1767, 1000.000000000000000 ) ;
#5045 = CARTESIAN_POINT ( 'NONE',  ( 2.250000000000000000, 5.000000000000000888, 0.2500000000000002220 ) ) ;
#5046 = COLOUR_RGB ( '',1.000000000000000000, 0.8117647058823529438, 0.5019607843137254832 ) ;
#5047 = EDGE_CURVE ( 'NONE', #8608, #8361, #3691, .T. ) ;
#5049 = ADVANCED_FACE ( 'NONE', ( #185 ), #3005, .F. ) ;
#5048 = VECTOR ( 'NONE', #5746, 1000.000000000000000 ) ;
#5050 = SURFACE_SIDE_STYLE ('',( #2238 ) ) ;
#5051 = CARTESIAN_POINT ( 'NONE',  ( -0.2499999999999997780, 5.000000000000000888, 0.2500000000000002220 ) ) ;
#5052 = DIRECTION ( 'NONE',  ( 1.000000000000000000, 0.0000000000000000000, -0.0000000000000000000 ) ) ;
#5053 = FACE_OUTER_BOUND ( 'NONE', #8283, .T. ) ;
#5054 = ORIENTED_EDGE ( 'NONE', *, *, #2625, .T. ) ;
#5055 = FACE_OUTER_BOUND ( 'NONE', #1295, .T. ) ;
#5056 = PRESENTATION_LAYER_ASSIGNMENT (  '', '', ( #4165 ) ) ;
#5057 = VECTOR ( 'NONE', #1975, 1000.000000000000000 ) ;
#5058 = STYLED_ITEM ( 'NONE', ( #1712 ), #5214 ) ;
#5059 = ORIENTED_EDGE ( 'NONE', *, *, #7288, .T. ) ;
#5060 = STYLED_ITEM ( 'NONE', ( #3590 ), #1947 ) ;
#5061 = VECTOR ( 'NONE', #8224, 1000.000000000000000 ) ;
#5062 = SURFACE_SIDE_STYLE ('',( #2336 ) ) ;
#5063 = SURFACE_STYLE_FILL_AREA ( #2256 ) ;
#5064 = CARTESIAN_POINT ( 'NONE',  ( 5.750000000000000000, -3.399999999999999911, -0.2499999999999997780 ) ) ;
#5065 = FACE_OUTER_BOUND ( 'NONE', #3460, .T. ) ;
#5066 = ADVANCED_FACE ( 'NONE', ( #8012 ), #1834, .F. ) ;
#5067 = LINE ( 'NONE', #163, #5966 ) ;
#5068 = VERTEX_POINT ( 'NONE', #4652 ) ;
#5069 = STYLED_ITEM ( 'NONE', ( #336 ), #2390 ) ;
#5070 = ORIENTED_EDGE ( 'NONE', *, *, #5212, .F. ) ;
#5071 =( GEOMETRIC_REPRESENTATION_CONTEXT ( 3 ) GLOBAL_UNCERTAINTY_ASSIGNED_CONTEXT ( ( #1878 ) ) GLOBAL_UNIT_ASSIGNED_CONTEXT ( ( #705, #5164, #2870 ) ) REPRESENTATION_CONTEXT ( 'NONE', 'WORKASPACE' ) );
#5072 = ORIENTED_EDGE ( 'NONE', *, *, #4705, .T. ) ;
#5073 =( NAMED_UNIT ( * ) SI_UNIT ( $, .STERADIAN. ) SOLID_ANGLE_UNIT ( ) );
#5074 = FILL_AREA_STYLE_COLOUR ( '', #6929 ) ;
#5075 = FILL_AREA_STYLE ('',( #4375 ) ) ;
#5076 = DIRECTION ( 'NONE',  ( 0.0000000000000000000, 0.0000000000000000000, -1.000000000000000000 ) ) ;
#5077 = LINE ( 'NONE', #7880, #8429 ) ;
#5078 = VECTOR ( 'NONE', #5934, 1000.000000000000000 ) ;
#5079 = ORIENTED_EDGE ( 'NONE', *, *, #7234, .T. ) ;
#5080 = STYLED_ITEM ( 'NONE', ( #1161 ), #5873 ) ;
#5081 = MECHANICAL_DESIGN_GEOMETRIC_PRESENTATION_REPRESENTATION (  '', ( #7580 ), #7000 ) ;
#5082 = PRESENTATION_STYLE_ASSIGNMENT (( #5708 ) ) ;
#5083 = DIRECTION ( 'NONE',  ( 1.000000000000000000, -3.872150616019660190E-17, 0.0000000000000000000 ) ) ;
#5084 = FACE_OUTER_BOUND ( 'NONE', #5637, .T. ) ;
#5085 = CARTESIAN_POINT ( 'NONE',  ( 8.150000000000000355, -3.399999999999999911, 0.2500000000000002220 ) ) ;
#5086 = ORIENTED_EDGE ( 'NONE', *, *, #7433, .T. ) ;
#5087 = PRESENTATION_STYLE_ASSIGNMENT (( #8566 ) ) ;
#5088 = ORIENTED_EDGE ( 'NONE', *, *, #2818, .F. ) ;
#5089 = VECTOR ( 'NONE', #5284, 1000.000000000000000 ) ;
#5090 = ADVANCED_FACE ( 'NONE', ( #8052 ), #265, .F. ) ;
#5091 = LINE ( 'NONE', #2366, #8136 ) ;
#5092 = VERTEX_POINT ( 'NONE', #4700 ) ;
#5093 = CARTESIAN_POINT ( 'NONE',  ( 9.299999999999998934, 0.2000000000000000389, -0.2499999999999997780 ) ) ;
#5094 = PRESENTATION_STYLE_ASSIGNMENT (( #4314 ) ) ;
#5095 = LINE ( 'NONE', #1470, #1658 ) ;
#5096 = VERTEX_POINT ( 'NONE', #8855 ) ;
#5097 = DIRECTION ( 'NONE',  ( 0.0000000000000000000, 0.0000000000000000000, 1.000000000000000000 ) ) ;
#5098 = CARTESIAN_POINT ( 'NONE',  ( 7.299999999999998934, 0.2000000000000000389, -2.800000000000000266 ) ) ;
#5099 = EDGE_CURVE ( 'NONE', #5742, #3011, #7558, .T. ) ;
#5100 = MECHANICAL_DESIGN_GEOMETRIC_PRESENTATION_REPRESENTATION (  '', ( #1694 ), #3764 ) ;
#5101 = UNCERTAINTY_MEASURE_WITH_UNIT (LENGTH_MEASURE( 1.000000000000000082E-05 ), #1123, 'distance_accuracy_value', 'NONE');
#5102 = COLOUR_RGB ( '',1.000000000000000000, 1.000000000000000000, 1.000000000000000000 ) ;
#5103 = DIRECTION ( 'NONE',  ( -0.0000000000000000000, -0.0000000000000000000, -1.000000000000000000 ) ) ;
#5104 = COLOUR_RGB ( '',1.000000000000000000, 1.000000000000000000, 1.000000000000000000 ) ;
#5105 = ORIENTED_EDGE ( 'NONE', *, *, #906, .T. ) ;
#5106 = CARTESIAN_POINT ( 'NONE',  ( 4.049999999999999822, -3.399999999999999911, -2.800000000000000266 ) ) ;
#5107 = PLANE ( 'NONE',  #2541 ) ;
#5108 = FACE_OUTER_BOUND ( 'NONE', #519, .T. ) ;
#5109 = ORIENTED_EDGE ( 'NONE', *, *, #8008, .F. ) ;
#5110 = ADVANCED_FACE ( 'NONE', ( #8277 ), #6964, .T. ) ;
#5111 = VECTOR ( 'NONE', #438, 1000.000000000000000 ) ;
#5112 = PRESENTATION_LAYER_ASSIGNMENT (  '', '', ( #7906 ) ) ;
#5113 = EDGE_CURVE ( 'NONE', #4543, #8444, #1986, .T. ) ;
#5114 = CARTESIAN_POINT ( 'NONE',  ( 1.750000000000000222, -3.399999999999999911, 0.2500000000000002220 ) ) ;
#5115 = LINE ( 'NONE', #5238, #2622 ) ;
#5116 = DIRECTION ( 'NONE',  ( -1.927470528863119295E-16, 5.782411586589358625E-16, 1.000000000000000000 ) ) ;
#5117 = AXIS2_PLACEMENT_3D ( 'NONE', #1100, #6541, #8757 ) ;
#5118 = ORIENTED_EDGE ( 'NONE', *, *, #5201, .T. ) ;
#5119 = MECHANICAL_DESIGN_GEOMETRIC_PRESENTATION_REPRESENTATION (  '', ( #5399 ), #4977 ) ;
#5120 = SURFACE_STYLE_FILL_AREA ( #6548 ) ;
#5121 = UNCERTAINTY_MEASURE_WITH_UNIT (LENGTH_MEASURE( 1.000000000000000082E-05 ), #4317, 'distance_accuracy_value', 'NONE');
#5122 = FILL_AREA_STYLE_COLOUR ( '', #6514 ) ;
#5123 = PRESENTATION_STYLE_ASSIGNMENT (( #932 ) ) ;
#5124 = FILL_AREA_STYLE ('',( #8602 ) ) ;
#5125 = FACE_OUTER_BOUND ( 'NONE', #8000, .T. ) ;
#5126 = SURFACE_STYLE_FILL_AREA ( #2409 ) ;
#5127 = DIRECTION ( 'NONE',  ( -1.114542791890761911E-31, -1.000000000000000000, 5.782411586589358625E-16 ) ) ;
#5128 = CARTESIAN_POINT ( 'NONE',  ( -1.700000000000003064, 6.000000000000000000, -0.6800000000000000488 ) ) ;
#5129 = ORIENTED_EDGE ( 'NONE', *, *, #8804, .T. ) ;
#5130 = CARTESIAN_POINT ( 'NONE',  ( -0.2200000000000003619, 4.229999999999999538, 1.700000000000000178 ) ) ;
#5131 = VECTOR ( 'NONE', #4200, 1000.000000000000000 ) ;
#5132 = ORIENTED_EDGE ( 'NONE', *, *, #557, .T. ) ;
#5133 = EDGE_LOOP ( 'NONE', ( #2588, #2053, #5129, #2655 ) ) ;
#5134 = DIRECTION ( 'NONE',  ( -0.7071067811865505703, -0.7071067811865444641, 1.662400053425828747E-32 ) ) ;
#5135 = DIRECTION ( 'NONE',  ( -5.421010862427522170E-17, -1.000000000000000000, 2.350988701644575016E-32 ) ) ;
#5136 = ADVANCED_FACE ( 'NONE', ( #4797 ), #4892, .T. ) ;
#5137 = CARTESIAN_POINT ( 'NONE',  ( 6.750000000000000888, 1.149999999999999911, -2.050000000000001599 ) ) ;
#5138 = SURFACE_STYLE_FILL_AREA ( #3097 ) ;
#5139 = DIRECTION ( 'NONE',  ( 1.927470528863119542E-16, -1.000000000000000000, 0.0000000000000000000 ) ) ;
#5140 = ORIENTED_EDGE ( 'NONE', *, *, #2743, .T. ) ;
#5141 = DIRECTION ( 'NONE',  ( 1.000000000000000000, -0.0000000000000000000, -6.240012503513693999E-17 ) ) ;
#5142 = ORIENTED_EDGE ( 'NONE', *, *, #4711, .T. ) ;
#5143 = FILL_AREA_STYLE ('',( #8655 ) ) ;
#5144 = ADVANCED_FACE ( 'NONE', ( #1880 ), #1159, .T. ) ;
#5145 = LINE ( 'NONE', #6573, #7346 ) ;
#5146 = FILL_AREA_STYLE ('',( #4495 ) ) ;
#5147 =( NAMED_UNIT ( * ) PLANE_ANGLE_UNIT ( ) SI_UNIT ( $, .RADIAN. ) );
#5148 = SURFACE_SIDE_STYLE ('',( #2341 ) ) ;
#5149 = ORIENTED_EDGE ( 'NONE', *, *, #5825, .F. ) ;
#5150 = ORIENTED_EDGE ( 'NONE', *, *, #5825, .T. ) ;
#5151 = LINE ( 'NONE', #1578, #416 ) ;
#5152 = DIRECTION ( 'NONE',  ( 3.872150616019660190E-17, 1.000000000000000000, -0.0000000000000000000 ) ) ;
#5153 = FILL_AREA_STYLE_COLOUR ( '', #3354 ) ;
#5154 = CARTESIAN_POINT ( 'NONE',  ( 0.05000000000000012768, -3.399999999999999911, -2.800000000000000266 ) ) ;
#5155 = VERTEX_POINT ( 'NONE', #6393 ) ;
#5156 = ADVANCED_FACE ( 'NONE', ( #77 ), #1672, .T. ) ;
#5157 = SURFACE_STYLE_USAGE ( .BOTH. , #2403 ) ;
#5158 = EDGE_CURVE ( 'NONE', #3151, #4218, #4492, .T. ) ;
#5159 =( GEOMETRIC_REPRESENTATION_CONTEXT ( 3 ) GLOBAL_UNCERTAINTY_ASSIGNED_CONTEXT ( ( #664 ) ) GLOBAL_UNIT_ASSIGNED_CONTEXT ( ( #4708, #8695, #2498 ) ) REPRESENTATION_CONTEXT ( 'NONE', 'WORKASPACE' ) );
#5160 = DIRECTION ( 'NONE',  ( 1.000000000000000000, 0.0000000000000000000, 0.0000000000000000000 ) ) ;
#5161 = DIRECTION ( 'NONE',  ( -0.0000000000000000000, -0.0000000000000000000, 1.000000000000000000 ) ) ;
#5162 =( LENGTH_UNIT ( ) NAMED_UNIT ( * ) SI_UNIT ( .MILLI., .METRE. ) );
#5163 = CARTESIAN_POINT ( 'NONE',  ( 8.250000000000000000, -3.300000000000000266, 0.2500000000000002220 ) ) ;
#5164 =( NAMED_UNIT ( * ) PLANE_ANGLE_UNIT ( ) SI_UNIT ( $, .RADIAN. ) );
#5165 = VERTEX_POINT ( 'NONE', #4284 ) ;
#5166 = EDGE_CURVE ( 'NONE', #3923, #4809, #1363, .T. ) ;
#5167 = VECTOR ( 'NONE', #6752, 1000.000000000000000 ) ;
#5168 = AXIS2_PLACEMENT_3D ( 'NONE', #7372, #5135, #3093 ) ;
#5169 =( NAMED_UNIT ( * ) SI_UNIT ( $, .STERADIAN. ) SOLID_ANGLE_UNIT ( ) );
#5170 = EDGE_CURVE ( 'NONE', #1432, #3855, #7785, .T. ) ;
#5171 = LINE ( 'NONE', #5848, #7664 ) ;
#5172 = DIRECTION ( 'NONE',  ( 1.000000000000000000, 0.0000000000000000000, 0.0000000000000000000 ) ) ;
#5173 = DIRECTION ( 'NONE',  ( 1.000000000000000000, -3.872150616019660190E-17, 0.0000000000000000000 ) ) ;
#5174 = PRESENTATION_STYLE_ASSIGNMENT (( #2371 ) ) ;
#5175 = PLANE ( 'NONE',  #2261 ) ;
#5176 = DIRECTION ( 'NONE',  ( -9.103382349328301547E-49, -2.350988701644575016E-32, -1.000000000000000000 ) ) ;
#5177 = VECTOR ( 'NONE', #6598, 1000.000000000000000 ) ;
#5178 = ORIENTED_EDGE ( 'NONE', *, *, #3313, .F. ) ;
#5179 = SURFACE_STYLE_USAGE ( .BOTH. , #6565 ) ;
#5180 = VECTOR ( 'NONE', #3747, 1000.000000000000000 ) ;
#5181 = VECTOR ( 'NONE', #4716, 1000.000000000000000 ) ;
#5182 = MECHANICAL_DESIGN_GEOMETRIC_PRESENTATION_REPRESENTATION (  '', ( #5902 ), #7681 ) ;
#5183 =( GEOMETRIC_REPRESENTATION_CONTEXT ( 3 ) GLOBAL_UNCERTAINTY_ASSIGNED_CONTEXT ( ( #1973 ) ) GLOBAL_UNIT_ASSIGNED_CONTEXT ( ( #8817, #6920, #392 ) ) REPRESENTATION_CONTEXT ( 'NONE', 'WORKASPACE' ) );
#5184 = MECHANICAL_DESIGN_GEOMETRIC_PRESENTATION_REPRESENTATION (  '', ( #30 ), #4007 ) ;
#5185 = PRESENTATION_STYLE_ASSIGNMENT (( #2985 ) ) ;
#5186 = SURFACE_SIDE_STYLE ('',( #121 ) ) ;
#5187 = DIRECTION ( 'NONE',  ( -3.833233541708420554E-17, -0.7071067811865447972, 0.7071067811865502373 ) ) ;
#5188 = VECTOR ( 'NONE', #3632, 1000.000000000000000 ) ;
#5189 =( LENGTH_UNIT ( ) NAMED_UNIT ( * ) SI_UNIT ( .MILLI., .METRE. ) );
#5190 = ORIENTED_EDGE ( 'NONE', *, *, #3830, .T. ) ;
#5191 = MECHANICAL_DESIGN_GEOMETRIC_PRESENTATION_REPRESENTATION (  '', ( #6365 ), #6814 ) ;
#5192 = VECTOR ( 'NONE', #2673, 1000.000000000000000 ) ;
#5193 = CARTESIAN_POINT ( 'NONE',  ( -1.350000000000000089, 1.149999999999999911, -2.350000000000001421 ) ) ;
#5194 = DIRECTION ( 'NONE',  ( -1.000000000000000000, -0.0000000000000000000, -0.0000000000000000000 ) ) ;
#5195 = FACE_OUTER_BOUND ( 'NONE', #811, .T. ) ;
#5196 = FACE_OUTER_BOUND ( 'NONE', #7815, .T. ) ;
#5197 = SURFACE_STYLE_USAGE ( .BOTH. , #6621 ) ;
#5198 = DIRECTION ( 'NONE',  ( 3.872150616019660190E-17, 1.000000000000000000, -0.0000000000000000000 ) ) ;
#5199 = ORIENTED_EDGE ( 'NONE', *, *, #7964, .T. ) ;
#5200 = STYLED_ITEM ( 'NONE', ( #2439 ), #2388 ) ;
#5201 = EDGE_CURVE ( 'NONE', #8707, #2731, #9092, .T. ) ;
#5202 = MECHANICAL_DESIGN_GEOMETRIC_PRESENTATION_REPRESENTATION (  '', ( #3452 ), #466 ) ;
#5203 = EDGE_CURVE ( 'NONE', #8608, #7802, #8418, .T. ) ;
#5204 = FACE_OUTER_BOUND ( 'NONE', #7129, .T. ) ;
#5205 =( GEOMETRIC_REPRESENTATION_CONTEXT ( 3 ) GLOBAL_UNCERTAINTY_ASSIGNED_CONTEXT ( ( #2547 ) ) GLOBAL_UNIT_ASSIGNED_CONTEXT ( ( #2181, #7154, #131 ) ) REPRESENTATION_CONTEXT ( 'NONE', 'WORKASPACE' ) );
#5206 = UNCERTAINTY_MEASURE_WITH_UNIT (LENGTH_MEASURE( 1.000000000000000082E-05 ), #3738, 'distance_accuracy_value', 'NONE');
#5207 =( NAMED_UNIT ( * ) SI_UNIT ( $, .STERADIAN. ) SOLID_ANGLE_UNIT ( ) );
#5208 = SURFACE_SIDE_STYLE ('',( #8686 ) ) ;
#5209 = CARTESIAN_POINT ( 'NONE',  ( -1.700000000000001510, 6.000000000000000000, -2.350000000000001421 ) ) ;
#5210 = ORIENTED_EDGE ( 'NONE', *, *, #3356, .T. ) ;
#5211 = PRESENTATION_LAYER_ASSIGNMENT (  '', '', ( #208 ) ) ;
#5212 = EDGE_CURVE ( 'NONE', #5756, #7472, #7051, .T. ) ;
#5213 = COLOUR_RGB ( '',1.000000000000000000, 0.8117647058823529438, 0.5019607843137254832 ) ;
#5214 = ADVANCED_FACE ( 'NONE', ( #695 ), #7098, .T. ) ;
#5215 = CARTESIAN_POINT ( 'NONE',  ( 1.150000000000000799, 1.799999999999999600, 1.249999999999997558 ) ) ;
#5216 = STYLED_ITEM ( 'NONE', ( #37 ), #5973 ) ;
#5217 = SURFACE_SIDE_STYLE ('',( #275 ) ) ;
#5218 = DIRECTION ( 'NONE',  ( 0.5773502691896240657, 0.5773502691896287287, 0.5773502691896243988 ) ) ;
#5219 = SURFACE_STYLE_FILL_AREA ( #5891 ) ;
#5220 = DIRECTION ( 'NONE',  ( -4.336808689942017736E-16, 0.0000000000000000000, -1.000000000000000000 ) ) ;
#5221 = COLOUR_RGB ( '',1.000000000000000000, 1.000000000000000000, 1.000000000000000000 ) ;
#5222 = SURFACE_STYLE_FILL_AREA ( #319 ) ;
#5223 = ORIENTED_EDGE ( 'NONE', *, *, #3858, .F. ) ;
#5224 =( NAMED_UNIT ( * ) PLANE_ANGLE_UNIT ( ) SI_UNIT ( $, .RADIAN. ) );
#5225 = CARTESIAN_POINT ( 'NONE',  ( 9.250000000000001776, 3.399999999999999467, -2.300000000000001599 ) ) ;
#5226 = SURFACE_STYLE_USAGE ( .BOTH. , #7946 ) ;
#5227 = LINE ( 'NONE', #287, #7532 ) ;
#5228 = CARTESIAN_POINT ( 'NONE',  ( -0.2499999999999997780, 5.000000000000000888, 0.2500000000000002220 ) ) ;
#5229 =( NAMED_UNIT ( * ) PLANE_ANGLE_UNIT ( ) SI_UNIT ( $, .RADIAN. ) );
#5230 = CARTESIAN_POINT ( 'NONE',  ( 4.150000000000001243, -3.399999999999999911, 0.1500000000000008271 ) ) ;
#5231 = EDGE_LOOP ( 'NONE', ( #7544, #5397, #648, #608, #2155, #6540 ) ) ;
#5232 = VECTOR ( 'NONE', #2567, 1000.000000000000000 ) ;
#5233 = ADVANCED_FACE ( 'NONE', ( #4028 ), #4534, .F. ) ;
#5234 = SURFACE_SIDE_STYLE ('',( #6617 ) ) ;
#5235 = DIRECTION ( 'NONE',  ( 1.000000000000000000, 0.0000000000000000000, -0.0000000000000000000 ) ) ;
#5236 = EDGE_LOOP ( 'NONE', ( #5546, #6478, #1258, #3161 ) ) ;
#5237 = DIRECTION ( 'NONE',  ( 0.0000000000000000000, 1.000000000000000000, 0.0000000000000000000 ) ) ;
#5238 = CARTESIAN_POINT ( 'NONE',  ( -0.2500000000000002220, -3.399999999999999911, 0.1500000000000025757 ) ) ;
#5239 = DIRECTION ( 'NONE',  ( -0.0000000000000000000, 1.000000000000000000, -0.0000000000000000000 ) ) ;
#5240 = VERTEX_POINT ( 'NONE', #4676 ) ;
#5241 = AXIS2_PLACEMENT_3D ( 'NONE', #1272, #3241, #8198 ) ;
#5242 = COLOUR_RGB ( '',1.000000000000000000, 0.8117647058823529438, 0.5019607843137254832 ) ;
#5243 = VERTEX_POINT ( 'NONE', #4631 ) ;
#5244 = ORIENTED_EDGE ( 'NONE', *, *, #1405, .T. ) ;
#5245 = EDGE_CURVE ( 'NONE', #2796, #6660, #991, .T. ) ;
#5246 = LINE ( 'NONE', #7360, #2712 ) ;
#5247 = LINE ( 'NONE', #8053, #4160 ) ;
#5248 = SURFACE_STYLE_FILL_AREA ( #7365 ) ;
#5249 = CARTESIAN_POINT ( 'NONE',  ( 1.299999999999999600, 0.0000000000000000000, -2.800000000000000266 ) ) ;
#5250 = VERTEX_POINT ( 'NONE', #7481 ) ;
#5251 = STYLED_ITEM ( 'NONE', ( #1260 ), #3001 ) ;
#5252 = ORIENTED_EDGE ( 'NONE', *, *, #8923, .T. ) ;
#5253 = CARTESIAN_POINT ( 'NONE',  ( 11.95000000000000107, 6.000000000000000000, 0.3200000000000012834 ) ) ;
#5254 =( NAMED_UNIT ( * ) PLANE_ANGLE_UNIT ( ) SI_UNIT ( $, .RADIAN. ) );
#5255 = FILL_AREA_STYLE_COLOUR ( '', #2563 ) ;
#5256 = ADVANCED_FACE ( 'NONE', ( #7536 ), #4579, .T. ) ;
#5257 = ORIENTED_EDGE ( 'NONE', *, *, #5363, .T. ) ;
#5258 = DIRECTION ( 'NONE',  ( 3.872150616019660190E-17, 1.000000000000000000, 0.0000000000000000000 ) ) ;
#5259 = CARTESIAN_POINT ( 'NONE',  ( -1.350000000000000089, 1.149999999999999911, -2.350000000000001421 ) ) ;
#5260 = VECTOR ( 'NONE', #3116, 1000.000000000000000 ) ;
#5261 = CARTESIAN_POINT ( 'NONE',  ( 7.750000000000000000, 5.000000000000000888, 0.2500000000000002220 ) ) ;
#5262 = EDGE_CURVE ( 'NONE', #1815, #3605, #719, .T. ) ;
#5263 = DIRECTION ( 'NONE',  ( -4.336808689942017736E-16, 0.0000000000000000000, -1.000000000000000000 ) ) ;
#5264 = DIRECTION ( 'NONE',  ( 0.0000000000000000000, 1.000000000000000000, 0.0000000000000000000 ) ) ;
#5265 = SURFACE_STYLE_FILL_AREA ( #4633 ) ;
#5266 = PLANE ( 'NONE',  #8828 ) ;
#5267 = SURFACE_SIDE_STYLE ('',( #1048 ) ) ;
#5268 = ORIENTED_EDGE ( 'NONE', *, *, #4529, .T. ) ;
#5269 = ADVANCED_FACE ( 'NONE', ( #8446 ), #7720, .F. ) ;
#5270 = ORIENTED_EDGE ( 'NONE', *, *, #3901, .T. ) ;
#5271 = DIRECTION ( 'NONE',  ( 1.000000000000000000, 0.0000000000000000000, 0.0000000000000000000 ) ) ;
#5272 = FACE_OUTER_BOUND ( 'NONE', #5387, .T. ) ;
#5273 = CARTESIAN_POINT ( 'NONE',  ( -1.350000000000000089, 5.650000000000000355, 1.249999999999997558 ) ) ;
#5274 = LINE ( 'NONE', #6051, #7528 ) ;
#5275 =( NAMED_UNIT ( * ) SI_UNIT ( $, .STERADIAN. ) SOLID_ANGLE_UNIT ( ) );
#5276 = CARTESIAN_POINT ( 'NONE',  ( 6.749999999999999112, 3.399999999999998579, -2.350000000000001421 ) ) ;
#5277 = SURFACE_STYLE_USAGE ( .BOTH. , #3809 ) ;
#5278 = ORIENTED_EDGE ( 'NONE', *, *, #6082, .T. ) ;
#5279 = COLOUR_RGB ( '',1.000000000000000000, 1.000000000000000000, 1.000000000000000000 ) ;
#5280 = ORIENTED_EDGE ( 'NONE', *, *, #632, .F. ) ;
#5281 = VERTEX_POINT ( 'NONE', #4963 ) ;
#5282 =( GEOMETRIC_REPRESENTATION_CONTEXT ( 3 ) GLOBAL_UNCERTAINTY_ASSIGNED_CONTEXT ( ( #3734 ) ) GLOBAL_UNIT_ASSIGNED_CONTEXT ( ( #6609, #2381, #111 ) ) REPRESENTATION_CONTEXT ( 'NONE', 'WORKASPACE' ) );
#5283 = ORIENTED_EDGE ( 'NONE', *, *, #7025, .T. ) ;
#5284 = DIRECTION ( 'NONE',  ( 4.336808689942017736E-16, 0.0000000000000000000, 1.000000000000000000 ) ) ;
#5285 = VECTOR ( 'NONE', #5161, 1000.000000000000000 ) ;
#5286 = UNCERTAINTY_MEASURE_WITH_UNIT (LENGTH_MEASURE( 1.000000000000000082E-05 ), #4305, 'distance_accuracy_value', 'NONE');
#5287 = CARTESIAN_POINT ( 'NONE',  ( 2.750000000000000444, 3.150000000000000799, -2.050000000000001599 ) ) ;
#5288 = SURFACE_STYLE_USAGE ( .BOTH. , #2357 ) ;
#5289 = CARTESIAN_POINT ( 'NONE',  ( 10.69999999999999929, 0.1999999999999999833, -2.800000000000000266 ) ) ;
#5290 = SURFACE_SIDE_STYLE ('',( #6067 ) ) ;
#5291 = SURFACE_STYLE_FILL_AREA ( #308 ) ;
#5292 = FILL_AREA_STYLE_COLOUR ( '', #5653 ) ;
#5293 = ORIENTED_EDGE ( 'NONE', *, *, #4991, .F. ) ;
#5294 = VERTEX_POINT ( 'NONE', #7630 ) ;
#5295 =( GEOMETRIC_REPRESENTATION_CONTEXT ( 3 ) GLOBAL_UNCERTAINTY_ASSIGNED_CONTEXT ( ( #4207 ) ) GLOBAL_UNIT_ASSIGNED_CONTEXT ( ( #2548, #4615, #8191 ) ) REPRESENTATION_CONTEXT ( 'NONE', 'WORKASPACE' ) );
#5296 = LINE ( 'NONE', #4613, #5078 ) ;
#5297 = SURFACE_STYLE_FILL_AREA ( #4803 ) ;
#5298 = UNCERTAINTY_MEASURE_WITH_UNIT (LENGTH_MEASURE( 1.000000000000000082E-05 ), #7922, 'distance_accuracy_value', 'NONE');
#5299 = FILL_AREA_STYLE_COLOUR ( '', #4192 ) ;
#5300 = DIRECTION ( 'NONE',  ( 0.0000000000000000000, -0.0000000000000000000, 1.000000000000000000 ) ) ;
#5301 = DIRECTION ( 'NONE',  ( -0.0000000000000000000, -0.0000000000000000000, -1.000000000000000000 ) ) ;
#5302 = ADVANCED_FACE ( 'NONE', ( #9074 ), #1427, .F. ) ;
#5303 = SURFACE_STYLE_FILL_AREA ( #982 ) ;
#5304 = VERTEX_POINT ( 'NONE', #5453 ) ;
#5305 = CARTESIAN_POINT ( 'NONE',  ( 0.8333333333333313719, -4.383333333333333748, -0.8333333333333309279 ) ) ;
#5306 = LINE ( 'NONE', #5259, #5622 ) ;
#5307 = VECTOR ( 'NONE', #6075, 1000.000000000000000 ) ;
#5308 = EDGE_CURVE ( 'NONE', #320, #2450, #2705, .T. ) ;
#5309 = ORIENTED_EDGE ( 'NONE', *, *, #1534, .T. ) ;
#5310 = EDGE_CURVE ( 'NONE', #1049, #4792, #4777, .T. ) ;
#5311 = SURFACE_SIDE_STYLE ('',( #6085 ) ) ;
#5312 =( GEOMETRIC_REPRESENTATION_CONTEXT ( 3 ) GLOBAL_UNCERTAINTY_ASSIGNED_CONTEXT ( ( #457 ) ) GLOBAL_UNIT_ASSIGNED_CONTEXT ( ( #428, #6117, #6825 ) ) REPRESENTATION_CONTEXT ( 'NONE', 'WORKASPACE' ) );
#5313 = CARTESIAN_POINT ( 'NONE',  ( 3.750000000000001332, 5.000000000000000888, -0.2499999999999997780 ) ) ;
#5314 = CARTESIAN_POINT ( 'NONE',  ( 6.749999999999999112, 3.150000000000000799, -2.050000000000001599 ) ) ;
#5315 = PRESENTATION_STYLE_ASSIGNMENT (( #2568 ) ) ;
#5316 = LINE ( 'NONE', #8257, #7250 ) ;
#5317 = STYLED_ITEM ( 'NONE', ( #7575 ), #4744 ) ;
#5318 = DIRECTION ( 'NONE',  ( 0.0000000000000000000, -0.0000000000000000000, 1.000000000000000000 ) ) ;
#5319 = DIRECTION ( 'NONE',  ( 1.000000000000000000, -3.872150616019660190E-17, 0.0000000000000000000 ) ) ;
#5320 = EDGE_LOOP ( 'NONE', ( #3607, #4658, #4005, #5244 ) ) ;
#5321 = AXIS2_PLACEMENT_3D ( 'NONE', #7097, #4240, #6343 ) ;
#5322 = COLOUR_RGB ( '',1.000000000000000000, 1.000000000000000000, 1.000000000000000000 ) ;
#5323 = VECTOR ( 'NONE', #7059, 1000.000000000000000 ) ;
#5324 = VECTOR ( 'NONE', #5432, 1000.000000000000000 ) ;
#5325 = CARTESIAN_POINT ( 'NONE',  ( 6.249999999999998224, -3.399999999999999911, 0.2500000000000002220 ) ) ;
#5326 = CARTESIAN_POINT ( 'NONE',  ( -1.949999999999999956, 6.000000000000000000, -2.800000000000000266 ) ) ;
#5327 = PLANE ( 'NONE',  #4671 ) ;
#5328 =( NAMED_UNIT ( * ) PLANE_ANGLE_UNIT ( ) SI_UNIT ( $, .RADIAN. ) );
#5329 = ORIENTED_EDGE ( 'NONE', *, *, #4228, .T. ) ;
#5330 = AXIS2_PLACEMENT_3D ( 'NONE', #2464, #5258, #4527 ) ;
#5331 = STYLED_ITEM ( 'NONE', ( #3434 ), #944 ) ;
#5332 = DIRECTION ( 'NONE',  ( 0.5773502691896239547, -0.5773502691896289507, -0.5773502691896243988 ) ) ;
#5333 = COLOUR_RGB ( '',1.000000000000000000, 1.000000000000000000, 1.000000000000000000 ) ;
#5334 =( LENGTH_UNIT ( ) NAMED_UNIT ( * ) SI_UNIT ( .MILLI., .METRE. ) );
#5335 = PRESENTATION_LAYER_ASSIGNMENT (  '', '', ( #1038 ) ) ;
#5336 = LINE ( 'NONE', #7459, #7749 ) ;
#5337 = DIRECTION ( 'NONE',  ( 3.872150616019660190E-17, 1.000000000000000000, -0.0000000000000000000 ) ) ;
#5338 = ORIENTED_EDGE ( 'NONE', *, *, #2119, .T. ) ;
#5339 = ORIENTED_EDGE ( 'NONE', *, *, #6959, .F. ) ;
#5340 = SURFACE_STYLE_FILL_AREA ( #2546 ) ;
#5341 = CARTESIAN_POINT ( 'NONE',  ( 2.250000000000000000, 5.000000000000000888, 0.2500000000000002220 ) ) ;
#5342 = VECTOR ( 'NONE', #1999, 1000.000000000000000 ) ;
#5343 =( NAMED_UNIT ( * ) PLANE_ANGLE_UNIT ( ) SI_UNIT ( $, .RADIAN. ) );
#5344 = PRESENTATION_STYLE_ASSIGNMENT (( #4618 ) ) ;
#5345 = EDGE_LOOP ( 'NONE', ( #2948, #9038, #3637, #1931 ) ) ;
#5346 = ORIENTED_EDGE ( 'NONE', *, *, #5730, .T. ) ;
#5347 = DIRECTION ( 'NONE',  ( -0.0000000000000000000, 1.000000000000000000, -0.0000000000000000000 ) ) ;
#5348 = DIRECTION ( 'NONE',  ( -1.000000000000000000, 0.0000000000000000000, -0.0000000000000000000 ) ) ;
#5349 = VECTOR ( 'NONE', #3869, 1000.000000000000000 ) ;
#5350 = ORIENTED_EDGE ( 'NONE', *, *, #6097, .F. ) ;
#5351 = ORIENTED_EDGE ( 'NONE', *, *, #3492, .T. ) ;
#5352 = DIRECTION ( 'NONE',  ( -1.000000000000000000, 0.0000000000000000000, 6.240012503513693999E-17 ) ) ;
#5353 = COLOUR_RGB ( '',1.000000000000000000, 0.8117647058823529438, 0.5019607843137254832 ) ;
#5354 = PRESENTATION_STYLE_ASSIGNMENT (( #5450 ) ) ;
#5355 = PLANE ( 'NONE',  #3578 ) ;
#5356 = EDGE_CURVE ( 'NONE', #1383, #1385, #6601, .T. ) ;
#5357 = CARTESIAN_POINT ( 'NONE',  ( -1.950000000000000400, 1.380000000000000782, 1.300000000000000044 ) ) ;
#5358 = ORIENTED_EDGE ( 'NONE', *, *, #8092, .T. ) ;
#5359 = CARTESIAN_POINT ( 'NONE',  ( 0.1500000000000021316, -3.399999999999999911, 0.1500000000000025757 ) ) ;
#5360 = SURFACE_STYLE_FILL_AREA ( #1092 ) ;
#5361 = LINE ( 'NONE', #367, #1117 ) ;
#5362 = ORIENTED_EDGE ( 'NONE', *, *, #4695, .F. ) ;
#5363 = EDGE_CURVE ( 'NONE', #4281, #848, #2373, .T. ) ;
#5364 = VERTEX_POINT ( 'NONE', #8579 ) ;
#5365 = STYLED_ITEM ( 'NONE', ( #8362 ), #7873 ) ;
#5366 = UNCERTAINTY_MEASURE_WITH_UNIT (LENGTH_MEASURE( 1.000000000000000082E-05 ), #1569, 'distance_accuracy_value', 'NONE');
#5367 = PLANE ( 'NONE',  #3678 ) ;
#5368 =( NAMED_UNIT ( * ) PLANE_ANGLE_UNIT ( ) SI_UNIT ( $, .RADIAN. ) );
#5369 = ORIENTED_EDGE ( 'NONE', *, *, #2687, .T. ) ;
#5370 = LINE ( 'NONE', #8174, #2082 ) ;
#5371 = CARTESIAN_POINT ( 'NONE',  ( 0.05000000000000012768, -3.399999999999999911, 0.1500000000000025757 ) ) ;
#5372 = LINE ( 'NONE', #6812, #3453 ) ;
#5373 = VERTEX_POINT ( 'NONE', #2293 ) ;
#5374 = VECTOR ( 'NONE', #3761, 1000.000000000000114 ) ;
#5375 = ORIENTED_EDGE ( 'NONE', *, *, #3548, .T. ) ;
#5376 = MECHANICAL_DESIGN_GEOMETRIC_PRESENTATION_REPRESENTATION (  '', ( #1398 ), #2601 ) ;
#5377 = LINE ( 'NONE', #609, #4043 ) ;
#5378 = ORIENTED_EDGE ( 'NONE', *, *, #677, .F. ) ;
#5379 = UNCERTAINTY_MEASURE_WITH_UNIT (LENGTH_MEASURE( 1.000000000000000082E-05 ), #8821, 'distance_accuracy_value', 'NONE');
#5380 = DIRECTION ( 'NONE',  ( 0.0000000000000000000, 0.0000000000000000000, -1.000000000000000000 ) ) ;
#5381 =( NAMED_UNIT ( * ) PLANE_ANGLE_UNIT ( ) SI_UNIT ( $, .RADIAN. ) );
#5382 = PRESENTATION_STYLE_ASSIGNMENT (( #2535 ) ) ;
#5383 = SURFACE_SIDE_STYLE ('',( #2729 ) ) ;
#5384 = MECHANICAL_DESIGN_GEOMETRIC_PRESENTATION_REPRESENTATION (  '', ( #4223 ), #1700 ) ;
#5385 = LINE ( 'NONE', #2410, #4931 ) ;
#5386 = COLOUR_RGB ( '',1.000000000000000000, 1.000000000000000000, 1.000000000000000000 ) ;
#5387 = EDGE_LOOP ( 'NONE', ( #2889, #1839, #927, #8240 ) ) ;
#5388 = PRESENTATION_LAYER_ASSIGNMENT (  '', '', ( #2316 ) ) ;
#5389 = VECTOR ( 'NONE', #4703, 1000.000000000000000 ) ;
#5390 = DIRECTION ( 'NONE',  ( 1.927470528863119542E-16, -1.000000000000000000, 0.0000000000000000000 ) ) ;
#5391 = SURFACE_STYLE_USAGE ( .BOTH. , #527 ) ;
#5392 = UNCERTAINTY_MEASURE_WITH_UNIT (LENGTH_MEASURE( 1.000000000000000082E-05 ), #1662, 'distance_accuracy_value', 'NONE');
#5393 = DIRECTION ( 'NONE',  ( 0.0000000000000000000, -0.0000000000000000000, 1.000000000000000000 ) ) ;
#5394 =( NAMED_UNIT ( * ) SI_UNIT ( $, .STERADIAN. ) SOLID_ANGLE_UNIT ( ) );
#5395 = DIRECTION ( 'NONE',  ( -1.000000000000000000, 3.872150616019660190E-17, 0.0000000000000000000 ) ) ;
#5396 =( NAMED_UNIT ( * ) PLANE_ANGLE_UNIT ( ) SI_UNIT ( $, .RADIAN. ) );
#5397 = ORIENTED_EDGE ( 'NONE', *, *, #8414, .F. ) ;
#5398 = LINE ( 'NONE', #3239, #5488 ) ;
#5399 = STYLED_ITEM ( 'NONE', ( #6722 ), #3016 ) ;
#5400 = EDGE_CURVE ( 'NONE', #7698, #4809, #7172, .T. ) ;
#5401 = EDGE_LOOP ( 'NONE', ( #7556, #1252, #4149, #1444 ) ) ;
#5402 =( NAMED_UNIT ( * ) SI_UNIT ( $, .STERADIAN. ) SOLID_ANGLE_UNIT ( ) );
#5403 = PLANE ( 'NONE',  #5728 ) ;
#5404 =( LENGTH_UNIT ( ) NAMED_UNIT ( * ) SI_UNIT ( .MILLI., .METRE. ) );
#5405 =( NAMED_UNIT ( * ) SI_UNIT ( $, .STERADIAN. ) SOLID_ANGLE_UNIT ( ) );
#5406 = EDGE_LOOP ( 'NONE', ( #7484, #4976, #407, #8621 ) ) ;
#5407 = LINE ( 'NONE', #8305, #6211 ) ;
#5408 = EDGE_CURVE ( 'NONE', #3677, #2940, #4352, .T. ) ;
#5409 =( NAMED_UNIT ( * ) SI_UNIT ( $, .STERADIAN. ) SOLID_ANGLE_UNIT ( ) );
#5410 = DIRECTION ( 'NONE',  ( -1.000000000000000000, 5.421010862427522170E-17, 0.0000000000000000000 ) ) ;
#5411 = EDGE_LOOP ( 'NONE', ( #6874, #2459, #2667, #9023 ) ) ;
#5412 = EDGE_CURVE ( 'NONE', #3160, #7735, #5095, .T. ) ;
#5413 = AXIS2_PLACEMENT_3D ( 'NONE', #405, #4781, #3361 ) ;
#5414 =( NAMED_UNIT ( * ) SI_UNIT ( $, .STERADIAN. ) SOLID_ANGLE_UNIT ( ) );
#5415 =( LENGTH_UNIT ( ) NAMED_UNIT ( * ) SI_UNIT ( .MILLI., .METRE. ) );
#5416 = CARTESIAN_POINT ( 'NONE',  ( 9.749999999999998224, 1.800000000000000044, -2.800000000000005596 ) ) ;
#5417 = LINE ( 'NONE', #1978, #8631 ) ;
#5418 = ORIENTED_EDGE ( 'NONE', *, *, #5170, .T. ) ;
#5419 = ORIENTED_EDGE ( 'NONE', *, *, #3105, .F. ) ;
#5420 = ORIENTED_EDGE ( 'NONE', *, *, #5201, .F. ) ;
#5421 = EDGE_CURVE ( 'NONE', #5155, #5498, #5767, .T. ) ;
#5422 = ORIENTED_EDGE ( 'NONE', *, *, #351, .F. ) ;
#5423 = CARTESIAN_POINT ( 'NONE',  ( -0.2500000000000002220, -3.399999999999999911, 0.2500000000000002220 ) ) ;
#5424 = SURFACE_SIDE_STYLE ('',( #4654 ) ) ;
#5425 = FACE_BOUND ( 'NONE', #8304, .T. ) ;
#5426 = SURFACE_STYLE_FILL_AREA ( #4201 ) ;
#5427 = ORIENTED_EDGE ( 'NONE', *, *, #2727, .F. ) ;
#5428 = EDGE_LOOP ( 'NONE', ( #170, #7215, #8778, #2335 ) ) ;
#5429 = EDGE_CURVE ( 'NONE', #3228, #4213, #3754, .T. ) ;
#5430 = CARTESIAN_POINT ( 'NONE',  ( -0.2499999999999997780, 5.000000000000000888, 0.2500000000000002220 ) ) ;
#5431 = FILL_AREA_STYLE_COLOUR ( '', #8232 ) ;
#5432 = DIRECTION ( 'NONE',  ( 1.927470528863119542E-16, -1.000000000000000000, 0.0000000000000000000 ) ) ;
#5433 = FILL_AREA_STYLE ('',( #430 ) ) ;
#5434 = ORIENTED_EDGE ( 'NONE', *, *, #3830, .F. ) ;
#5435 = DIRECTION ( 'NONE',  ( -1.000000000000000000, 5.421010862427522170E-17, 0.0000000000000000000 ) ) ;
#5436 =( NAMED_UNIT ( * ) SI_UNIT ( $, .STERADIAN. ) SOLID_ANGLE_UNIT ( ) );
#5437 = ORIENTED_EDGE ( 'NONE', *, *, #6751, .F. ) ;
#5438 =( NAMED_UNIT ( * ) PLANE_ANGLE_UNIT ( ) SI_UNIT ( $, .RADIAN. ) );
#5439 = ORIENTED_EDGE ( 'NONE', *, *, #2297, .F. ) ;
#5440 = DIRECTION ( 'NONE',  ( 0.5773502691896258421, -0.5773502691896259531, -0.5773502691896255090 ) ) ;
#5441 = SURFACE_STYLE_FILL_AREA ( #3390 ) ;
#5442 = COLOUR_RGB ( '',1.000000000000000000, 1.000000000000000000, 1.000000000000000000 ) ;
#5443 = COLOUR_RGB ( '',1.000000000000000000, 0.8117647058823529438, 0.5019607843137254832 ) ;
#5444 = PRESENTATION_STYLE_ASSIGNMENT (( #7524 ) ) ;
#5445 = ORIENTED_EDGE ( 'NONE', *, *, #4494, .T. ) ;
#5446 = FACE_OUTER_BOUND ( 'NONE', #3493, .T. ) ;
#5447 =( GEOMETRIC_REPRESENTATION_CONTEXT ( 3 ) GLOBAL_UNCERTAINTY_ASSIGNED_CONTEXT ( ( #4651 ) ) GLOBAL_UNIT_ASSIGNED_CONTEXT ( ( #3351, #8524, #1425 ) ) REPRESENTATION_CONTEXT ( 'NONE', 'WORKASPACE' ) );
#5448 = CARTESIAN_POINT ( 'NONE',  ( 0.0000000000000000000, -3.541421356237309581, 0.0000000000000000000 ) ) ;
#5449 = ORIENTED_EDGE ( 'NONE', *, *, #665, .F. ) ;
#5450 = SURFACE_STYLE_USAGE ( .BOTH. , #6175 ) ;
#5451 = PRESENTATION_LAYER_ASSIGNMENT (  '', '', ( #294 ) ) ;
#5452 = LINE ( 'NONE', #5313, #1778 ) ;
#5453 = CARTESIAN_POINT ( 'NONE',  ( 0.7499999999999993339, 3.399999999999998579, -2.350000000000001421 ) ) ;
#5454 = FILL_AREA_STYLE_COLOUR ( '', #1407 ) ;
#5455 = VERTEX_POINT ( 'NONE', #2974 ) ;
#5456 = CARTESIAN_POINT ( 'NONE',  ( 0.1500000000000008271, 5.100000000000001421, -2.800000000000000266 ) ) ;
#5457 =( LENGTH_UNIT ( ) NAMED_UNIT ( * ) SI_UNIT ( .MILLI., .METRE. ) );
#5458 =( NAMED_UNIT ( * ) SI_UNIT ( $, .STERADIAN. ) SOLID_ANGLE_UNIT ( ) );
#5459 = VERTEX_POINT ( 'NONE', #7858 ) ;
#5460 = VECTOR ( 'NONE', #2068, 1000.000000000000000 ) ;
#5461 = PRESENTATION_LAYER_ASSIGNMENT (  '', '', ( #8533 ) ) ;
#5462 = PRESENTATION_LAYER_ASSIGNMENT (  '', '', ( #296 ) ) ;
#5463 = MECHANICAL_DESIGN_GEOMETRIC_PRESENTATION_REPRESENTATION (  '', ( #7533 ), #8677 ) ;
#5464 = MECHANICAL_DESIGN_GEOMETRIC_PRESENTATION_REPRESENTATION (  '', ( #2234 ), #1617 ) ;
#5465 = UNCERTAINTY_MEASURE_WITH_UNIT (LENGTH_MEASURE( 1.000000000000000082E-05 ), #1666, 'distance_accuracy_value', 'NONE');
#5466 = COLOUR_RGB ( '',1.000000000000000000, 1.000000000000000000, 1.000000000000000000 ) ;
#5467 = DIRECTION ( 'NONE',  ( -1.084202172485504237E-15, -1.000000000000000000, 0.0000000000000000000 ) ) ;
#5468 = SURFACE_SIDE_STYLE ('',( #1766 ) ) ;
#5469 = DIRECTION ( 'NONE',  ( -1.095153709581317921E-16, 1.000000000000000000, -7.479483660684246657E-33 ) ) ;
#5470 = LINE ( 'NONE', #3988, #4377 ) ;
#5471 = LINE ( 'NONE', #8216, #4684 ) ;
#5472 = ORIENTED_EDGE ( 'NONE', *, *, #3685, .F. ) ;
#5473 = PRESENTATION_LAYER_ASSIGNMENT (  '', '', ( #8554 ) ) ;
#5474 = MECHANICAL_DESIGN_GEOMETRIC_PRESENTATION_REPRESENTATION (  '', ( #2259 ), #8976 ) ;
#5475 = COLOUR_RGB ( '',1.000000000000000000, 0.8117647058823529438, 0.5019607843137254832 ) ;
#5476 = COLOUR_RGB ( '',1.000000000000000000, 0.8117647058823529438, 0.5019607843137254832 ) ;
#5477 = UNCERTAINTY_MEASURE_WITH_UNIT (LENGTH_MEASURE( 1.000000000000000082E-05 ), #6038, 'distance_accuracy_value', 'NONE');
#5478 = FILL_AREA_STYLE_COLOUR ( '', #895 ) ;
#5479 = CARTESIAN_POINT ( 'NONE',  ( 11.95100000000000051, 6.000000000000000000, -0.6800000000000000488 ) ) ;
#5480 = COLOUR_RGB ( '',1.000000000000000000, 1.000000000000000000, 1.000000000000000000 ) ;
#5481 = PRESENTATION_STYLE_ASSIGNMENT (( #3949 ) ) ;
#5482 = SURFACE_STYLE_FILL_AREA ( #8227 ) ;
#5483 =( NAMED_UNIT ( * ) PLANE_ANGLE_UNIT ( ) SI_UNIT ( $, .RADIAN. ) );
#5484 = ORIENTED_EDGE ( 'NONE', *, *, #6668, .T. ) ;
#5485 = EDGE_CURVE ( 'NONE', #1385, #7407, #7294, .T. ) ;
#5486 = VECTOR ( 'NONE', #7222, 1000.000000000000000 ) ;
#5487 = EDGE_CURVE ( 'NONE', #862, #6030, #6563, .T. ) ;
#5488 = VECTOR ( 'NONE', #361, 1000.000000000000000 ) ;
#5489 = CARTESIAN_POINT ( 'NONE',  ( 2.699999999999999734, 0.1999999999999999833, 1.700000000000000178 ) ) ;
#5490 =( GEOMETRIC_REPRESENTATION_CONTEXT ( 3 ) GLOBAL_UNCERTAINTY_ASSIGNED_CONTEXT ( ( #7423 ) ) GLOBAL_UNIT_ASSIGNED_CONTEXT ( ( #2589, #6207, #652 ) ) REPRESENTATION_CONTEXT ( 'NONE', 'WORKASPACE' ) );
#5491 = UNCERTAINTY_MEASURE_WITH_UNIT (LENGTH_MEASURE( 1.000000000000000082E-05 ), #4517, 'distance_accuracy_value', 'NONE');
#5492 = FILL_AREA_STYLE ('',( #5431 ) ) ;
#5493 = SURFACE_SIDE_STYLE ('',( #8236 ) ) ;
#5494 = ORIENTED_EDGE ( 'NONE', *, *, #2727, .T. ) ;
#5495 = CARTESIAN_POINT ( 'NONE',  ( 8.250000000000000000, -3.399999999999999911, 0.2500000000000002220 ) ) ;
#5496 = CARTESIAN_POINT ( 'NONE',  ( -0.1500000000000023537, -3.399999999999999911, 0.1500000000000025757 ) ) ;
#5497 = LINE ( 'NONE', #486, #3606 ) ;
#5498 = VERTEX_POINT ( 'NONE', #7211 ) ;
#5499 = SURFACE_SIDE_STYLE ('',( #4066 ) ) ;
#5500 = VECTOR ( 'NONE', #5941, 1000.000000000000000 ) ;
#5501 = CARTESIAN_POINT ( 'NONE',  ( 2.250000000000000000, 0.2000000000000000111, 0.2500000000000002220 ) ) ;
#5502 = EDGE_CURVE ( 'NONE', #822, #8990, #3793, .T. ) ;
#5503 = PRESENTATION_LAYER_ASSIGNMENT (  '', '', ( #5200 ) ) ;
#5504 = PRESENTATION_LAYER_ASSIGNMENT (  '', '', ( #4330 ) ) ;
#5505 = SURFACE_STYLE_USAGE ( .BOTH. , #1086 ) ;
#5506 = ADVANCED_FACE ( 'NONE', ( #5053 ), #103, .F. ) ;
#5507 = ORIENTED_EDGE ( 'NONE', *, *, #1725, .F. ) ;
#5508 = PRESENTATION_LAYER_ASSIGNMENT (  '', '', ( #7268 ) ) ;
#5509 =( LENGTH_UNIT ( ) NAMED_UNIT ( * ) SI_UNIT ( .MILLI., .METRE. ) );
#5510 = DIRECTION ( 'NONE',  ( 0.0000000000000000000, 0.0000000000000000000, 1.000000000000000000 ) ) ;
#5511 = ORIENTED_EDGE ( 'NONE', *, *, #6664, .F. ) ;
#5512 =( NAMED_UNIT ( * ) PLANE_ANGLE_UNIT ( ) SI_UNIT ( $, .RADIAN. ) );
#5513 = MECHANICAL_DESIGN_GEOMETRIC_PRESENTATION_REPRESENTATION (  '', ( #208 ), #1369 ) ;
#5514 = VECTOR ( 'NONE', #2494, 1000.000000000000000 ) ;
#5515 = SURFACE_STYLE_FILL_AREA ( #1349 ) ;
#5516 = DIRECTION ( 'NONE',  ( 1.000000000000000000, -3.872150616019660190E-17, -4.336808689942017736E-16 ) ) ;
#5517 = DIRECTION ( 'NONE',  ( -3.872150616019660190E-17, -1.000000000000000000, 0.0000000000000000000 ) ) ;
#5518 = FILL_AREA_STYLE_COLOUR ( '', #1620 ) ;
#5519 = CARTESIAN_POINT ( 'NONE',  ( 5.299999999999998934, 0.2000000000000000389, 1.700000000000000178 ) ) ;
#5520 =( NAMED_UNIT ( * ) PLANE_ANGLE_UNIT ( ) SI_UNIT ( $, .RADIAN. ) );
#5521 =( GEOMETRIC_REPRESENTATION_CONTEXT ( 3 ) GLOBAL_UNCERTAINTY_ASSIGNED_CONTEXT ( ( #6379 ) ) GLOBAL_UNIT_ASSIGNED_CONTEXT ( ( #8678, #8502, #5874 ) ) REPRESENTATION_CONTEXT ( 'NONE', 'WORKASPACE' ) );
#5522 = ORIENTED_EDGE ( 'NONE', *, *, #5816, .T. ) ;
#5523 = VERTEX_POINT ( 'NONE', #3060 ) ;
#5524 = ADVANCED_FACE ( 'NONE', ( #5812 ), #8651, .F. ) ;
#5525 = CARTESIAN_POINT ( 'NONE',  ( 6.249999999999998224, -3.300000000000000266, -0.2499999999999997780 ) ) ;
#5526 = DIRECTION ( 'NONE',  ( 1.000000000000000000, 0.0000000000000000000, 0.0000000000000000000 ) ) ;
#5527 = FILL_AREA_STYLE_COLOUR ( '', #5736 ) ;
#5528 = CARTESIAN_POINT ( 'NONE',  ( -1.180000000000000160, 4.229999999999999538, 1.249999999999997558 ) ) ;
#5529 = CARTESIAN_POINT ( 'NONE',  ( -1.949999999999999956, 6.000000000000000000, -0.6800000000000000488 ) ) ;
#5530 = DIRECTION ( 'NONE',  ( -4.336808689942017736E-16, 0.0000000000000000000, -1.000000000000000000 ) ) ;
#5531 = VERTEX_POINT ( 'NONE', #7520 ) ;
#5532 = EDGE_CURVE ( 'NONE', #2871, #5165, #4566, .T. ) ;
#5533 = VECTOR ( 'NONE', #3320, 1000.000000000000000 ) ;
#5534 = EDGE_CURVE ( 'NONE', #957, #3325, #8776, .T. ) ;
#5535 =( GEOMETRIC_REPRESENTATION_CONTEXT ( 3 ) GLOBAL_UNCERTAINTY_ASSIGNED_CONTEXT ( ( #6000 ) ) GLOBAL_UNIT_ASSIGNED_CONTEXT ( ( #5189, #5147, #290 ) ) REPRESENTATION_CONTEXT ( 'NONE', 'WORKASPACE' ) );
#5536 =( GEOMETRIC_REPRESENTATION_CONTEXT ( 3 ) GLOBAL_UNCERTAINTY_ASSIGNED_CONTEXT ( ( #1983 ) ) GLOBAL_UNIT_ASSIGNED_CONTEXT ( ( #3203, #8203, #5991 ) ) REPRESENTATION_CONTEXT ( 'NONE', 'WORKASPACE' ) );
#5537 = LINE ( 'NONE', #3428, #5018 ) ;
#5538 = ADVANCED_FACE ( 'NONE', ( #2462 ), #3874, .F. ) ;
#5539 = CARTESIAN_POINT ( 'NONE',  ( 9.750000000000000000, -3.300000000000000266, -0.2499999999999997780 ) ) ;
#5540 =( NAMED_UNIT ( * ) PLANE_ANGLE_UNIT ( ) SI_UNIT ( $, .RADIAN. ) );
#5541 = DIRECTION ( 'NONE',  ( 0.0000000000000000000, 0.0000000000000000000, -1.000000000000000000 ) ) ;
#5542 = ORIENTED_EDGE ( 'NONE', *, *, #3249, .F. ) ;
#5543 = CARTESIAN_POINT ( 'NONE',  ( 1.150000000000000799, 3.799500000000000544, -0.6005000000000120242 ) ) ;
#5544 = EDGE_LOOP ( 'NONE', ( #2971, #7788, #1206, #4289 ) ) ;
#5545 = STYLED_ITEM ( 'NONE', ( #3680 ), #6381 ) ;
#5546 = ORIENTED_EDGE ( 'NONE', *, *, #8432, .F. ) ;
#5547 = ADVANCED_FACE ( 'NONE', ( #1077 ), #3922, .T. ) ;
#5548 = CARTESIAN_POINT ( 'NONE',  ( 5.750000000000000000, -3.300000000000000266, -0.2499999999999997780 ) ) ;
#5549 = EDGE_CURVE ( 'NONE', #2058, #8082, #1270, .T. ) ;
#5550 = ORIENTED_EDGE ( 'NONE', *, *, #6734, .T. ) ;
#5551 =( NAMED_UNIT ( * ) SI_UNIT ( $, .STERADIAN. ) SOLID_ANGLE_UNIT ( ) );
#5552 = MECHANICAL_DESIGN_GEOMETRIC_PRESENTATION_REPRESENTATION (  '', ( #7455 ), #7909 ) ;
#5553 =( LENGTH_UNIT ( ) NAMED_UNIT ( * ) SI_UNIT ( .MILLI., .METRE. ) );
#5554 = CARTESIAN_POINT ( 'NONE',  ( 7.249999999999999112, 3.150000000000000799, -2.050000000000001599 ) ) ;
#5555 = EDGE_LOOP ( 'NONE', ( #4378, #6717, #6689, #4531 ) ) ;
#5556 = LINE ( 'NONE', #5684, #8425 ) ;
#5557 = PRESENTATION_STYLE_ASSIGNMENT (( #8396 ) ) ;
#5558 = EDGE_CURVE ( 'NONE', #51, #5281, #1223, .T. ) ;
#5559 = EDGE_CURVE ( 'NONE', #4055, #5668, #5497, .T. ) ;
#5560 = UNCERTAINTY_MEASURE_WITH_UNIT (LENGTH_MEASURE( 1.000000000000000082E-05 ), #2555, 'distance_accuracy_value', 'NONE');
#5561 = DIRECTION ( 'NONE',  ( -1.000000000000000000, 5.421010862427522170E-17, 0.0000000000000000000 ) ) ;
#5562 = FACE_OUTER_BOUND ( 'NONE', #4610, .T. ) ;
#5563 = CARTESIAN_POINT ( 'NONE',  ( 7.849999999999999645, -3.399999999999999911, -0.2499999999999997780 ) ) ;
#5564 = SURFACE_STYLE_FILL_AREA ( #1485 ) ;
#5565 = VECTOR ( 'NONE', #6450, 1000.000000000000000 ) ;
#5566 = CARTESIAN_POINT ( 'NONE',  ( 6.749999999999999112, 3.399999999999999467, -2.050000000000001599 ) ) ;
#5567 =( LENGTH_UNIT ( ) NAMED_UNIT ( * ) SI_UNIT ( .MILLI., .METRE. ) );
#5568 = VERTEX_POINT ( 'NONE', #4159 ) ;
#5569 = ORIENTED_EDGE ( 'NONE', *, *, #7145, .F. ) ;
#5570 = SURFACE_STYLE_FILL_AREA ( #2125 ) ;
#5571 = UNCERTAINTY_MEASURE_WITH_UNIT (LENGTH_MEASURE( 1.000000000000000082E-05 ), #2487, 'distance_accuracy_value', 'NONE');
#5572 = SURFACE_STYLE_USAGE ( .BOTH. , #2771 ) ;
#5573 = FILL_AREA_STYLE_COLOUR ( '', #2404 ) ;
#5574 = CARTESIAN_POINT ( 'NONE',  ( 8.250000000000000000, -3.399999999999999911, 0.2500000000000002220 ) ) ;
#5575 = CARTESIAN_POINT ( 'NONE',  ( 3.750000000000000444, -3.399999999999999911, -0.2499999999999997780 ) ) ;
#5576 = ORIENTED_EDGE ( 'NONE', *, *, #5712, .F. ) ;
#5577 = ORIENTED_EDGE ( 'NONE', *, *, #3557, .T. ) ;
#5578 = SURFACE_STYLE_FILL_AREA ( #6263 ) ;
#5579 = EDGE_CURVE ( 'NONE', #3194, #3605, #2691, .T. ) ;
#5580 = UNCERTAINTY_MEASURE_WITH_UNIT (LENGTH_MEASURE( 1.000000000000000082E-05 ), #460, 'distance_accuracy_value', 'NONE');
#5581 = FACE_OUTER_BOUND ( 'NONE', #3575, .T. ) ;
#5582 = CARTESIAN_POINT ( 'NONE',  ( 7.249999999999999112, 1.149999999999999911, -2.050000000000001599 ) ) ;
#5583 = CARTESIAN_POINT ( 'NONE',  ( -1.949999999999999956, 1.800000000000000044, 0.2500000000000002220 ) ) ;
#5584 = EDGE_LOOP ( 'NONE', ( #7487, #5632, #5683, #492 ) ) ;
#5585 = EDGE_LOOP ( 'NONE', ( #2324, #2639, #8393, #2101, #4103 ) ) ;
#5586 = LINE ( 'NONE', #1457, #6866 ) ;
#5587 = ORIENTED_EDGE ( 'NONE', *, *, #7219, .T. ) ;
#5588 = UNCERTAINTY_MEASURE_WITH_UNIT (LENGTH_MEASURE( 1.000000000000000082E-05 ), #3223, 'distance_accuracy_value', 'NONE');
#5589 = DIRECTION ( 'NONE',  ( 1.762081725391875198E-17, -0.0000000000000000000, 1.000000000000000000 ) ) ;
#5590 = ORIENTED_EDGE ( 'NONE', *, *, #4009, .T. ) ;
#5591 = MECHANICAL_DESIGN_GEOMETRIC_PRESENTATION_REPRESENTATION (  '', ( #7666 ), #6158 ) ;
#5592 = CARTESIAN_POINT ( 'NONE',  ( 5.750000000000000000, 5.000000000000000888, 0.2500000000000002220 ) ) ;
#5593 =( NAMED_UNIT ( * ) PLANE_ANGLE_UNIT ( ) SI_UNIT ( $, .RADIAN. ) );
#5594 = DIRECTION ( 'NONE',  ( 1.000000000000000000, 1.927470528863119542E-16, -0.0000000000000000000 ) ) ;
#5595 = DIRECTION ( 'NONE',  ( 0.0000000000000000000, -0.0000000000000000000, -1.000000000000000000 ) ) ;
#5596 = ORIENTED_EDGE ( 'NONE', *, *, #9021, .F. ) ;
#5597 = LINE ( 'NONE', #1430, #323 ) ;
#5598 =( NAMED_UNIT ( * ) PLANE_ANGLE_UNIT ( ) SI_UNIT ( $, .RADIAN. ) );
#5599 = ADVANCED_FACE ( 'NONE', ( #4763 ), #7708, .F. ) ;
#5600 = EDGE_CURVE ( 'NONE', #1979, #4186, #2141, .T. ) ;
#5601 = COLOUR_RGB ( '',1.000000000000000000, 1.000000000000000000, 1.000000000000000000 ) ;
#5602 = VECTOR ( 'NONE', #7146, 1000.000000000000000 ) ;
#5603 = SURFACE_STYLE_FILL_AREA ( #4879 ) ;
#5604 = ORIENTED_EDGE ( 'NONE', *, *, #7869, .F. ) ;
#5605 = PLANE ( 'NONE',  #207 ) ;
#5606 = DIRECTION ( 'NONE',  ( 3.872150616019660190E-17, 1.000000000000000000, -0.0000000000000000000 ) ) ;
#5607 = CARTESIAN_POINT ( 'NONE',  ( 0.6999999999999992895, 0.1999999999999999833, 1.700000000000000178 ) ) ;
#5608 = ORIENTED_EDGE ( 'NONE', *, *, #602, .T. ) ;
#5609 = SURFACE_SIDE_STYLE ('',( #5656 ) ) ;
#5610 = ORIENTED_EDGE ( 'NONE', *, *, #8316, .T. ) ;
#5611 = COLOUR_RGB ( '',1.000000000000000000, 0.8117647058823529438, 0.5019607843137254832 ) ;
#5612 = VECTOR ( 'NONE', #6100, 1000.000000000000000 ) ;
#5613 = PRESENTATION_LAYER_ASSIGNMENT (  '', '', ( #7683 ) ) ;
#5614 = VECTOR ( 'NONE', #100, 1000.000000000000000 ) ;
#5615 =( NAMED_UNIT ( * ) PLANE_ANGLE_UNIT ( ) SI_UNIT ( $, .RADIAN. ) );
#5616 = CARTESIAN_POINT ( 'NONE',  ( -1.349999999999999645, 1.800000000000000044, -0.4000000000000023537 ) ) ;
#5617 =( GEOMETRIC_REPRESENTATION_CONTEXT ( 3 ) GLOBAL_UNCERTAINTY_ASSIGNED_CONTEXT ( ( #8841 ) ) GLOBAL_UNIT_ASSIGNED_CONTEXT ( ( #8694, #5254, #2968 ) ) REPRESENTATION_CONTEXT ( 'NONE', 'WORKASPACE' ) );
#5618 = LINE ( 'NONE', #2215, #3090 ) ;
#5619 = PLANE ( 'NONE',  #86 ) ;
#5620 = CARTESIAN_POINT ( 'NONE',  ( 4.699999999999999289, 0.0000000000000000000, -2.800000000000000266 ) ) ;
#5621 = EDGE_LOOP ( 'NONE', ( #6328, #4801, #904, #44, #8794, #3755, #3664, #4097, #1577, #8346, #1103, #6149, #3447, #3130, #7108, #6309, #5631, #3703, #988, #1293, #6477, #4417, #2168, #1990 ) ) ;
#5622 = VECTOR ( 'NONE', #2258, 1000.000000000000000 ) ;
#5623 =( GEOMETRIC_REPRESENTATION_CONTEXT ( 3 ) GLOBAL_UNCERTAINTY_ASSIGNED_CONTEXT ( ( #7948 ) ) GLOBAL_UNIT_ASSIGNED_CONTEXT ( ( #3167, #7310, #8632 ) ) REPRESENTATION_CONTEXT ( 'NONE', 'WORKASPACE' ) );
#5624 = PRESENTATION_LAYER_ASSIGNMENT (  '', '', ( #1487 ) ) ;
#5625 = PRESENTATION_LAYER_ASSIGNMENT (  '', '', ( #1174 ) ) ;
#5626 = PRESENTATION_STYLE_ASSIGNMENT (( #3426 ) ) ;
#5627 =( NAMED_UNIT ( * ) SI_UNIT ( $, .STERADIAN. ) SOLID_ANGLE_UNIT ( ) );
#5628 = VECTOR ( 'NONE', #4278, 1000.000000000000000 ) ;
#5629 = CARTESIAN_POINT ( 'NONE',  ( 5.750000000000000000, 0.2000000000000000944, 0.2500000000000002220 ) ) ;
#5630 = CIRCLE ( 'NONE', #6050, 0.05000000000000019013 ) ;
#5631 = ORIENTED_EDGE ( 'NONE', *, *, #6494, .F. ) ;
#5632 = ORIENTED_EDGE ( 'NONE', *, *, #3417, .F. ) ;
#5633 = ORIENTED_EDGE ( 'NONE', *, *, #1284, .F. ) ;
#5634 = PRESENTATION_LAYER_ASSIGNMENT (  '', '', ( #6365 ) ) ;
#5635 = AXIS2_PLACEMENT_3D ( 'NONE', #2356, #1066, #8137 ) ;
#5636 = SURFACE_SIDE_STYLE ('',( #9067 ) ) ;
#5637 = EDGE_LOOP ( 'NONE', ( #3466, #1828, #7254, #3330 ) ) ;
#5638 =( NAMED_UNIT ( * ) SI_UNIT ( $, .STERADIAN. ) SOLID_ANGLE_UNIT ( ) );
#5639 = SURFACE_STYLE_FILL_AREA ( #1518 ) ;
#5640 = DIRECTION ( 'NONE',  ( 1.000000000000000000, -5.421010862427522170E-17, 0.0000000000000000000 ) ) ;
#5641 = CARTESIAN_POINT ( 'NONE',  ( 10.68000000000000149, 4.230000000000001315, 1.700000000000000178 ) ) ;
#5642 = VERTEX_POINT ( 'NONE', #4212 ) ;
#5643 = PLANE ( 'NONE',  #4913 ) ;
#5644 = VECTOR ( 'NONE', #3767, 1000.000000000000000 ) ;
#5645 = DIRECTION ( 'NONE',  ( 1.000000000000000000, 0.0000000000000000000, 0.0000000000000000000 ) ) ;
#5646 = ORIENTED_EDGE ( 'NONE', *, *, #5429, .F. ) ;
#5647 = COLOUR_RGB ( '',1.000000000000000000, 0.8117647058823529438, 0.5019607843137254832 ) ;
#5648 = EDGE_CURVE ( 'NONE', #8990, #8177, #6168, .T. ) ;
#5649 = UNCERTAINTY_MEASURE_WITH_UNIT (LENGTH_MEASURE( 1.000000000000000082E-05 ), #1359, 'distance_accuracy_value', 'NONE');
#5650 =( NAMED_UNIT ( * ) SI_UNIT ( $, .STERADIAN. ) SOLID_ANGLE_UNIT ( ) );
#5651 = DIRECTION ( 'NONE',  ( -4.336808689942017736E-16, 0.0000000000000000000, -1.000000000000000000 ) ) ;
#5652 = CARTESIAN_POINT ( 'NONE',  ( 5.250000000000000888, 3.399999999999999467, -2.350000000000001421 ) ) ;
#5653 = COLOUR_RGB ( '',1.000000000000000000, 1.000000000000000000, 1.000000000000000000 ) ;
#5654 = EDGE_CURVE ( 'NONE', #6395, #3208, #7023, .T. ) ;
#5655 =( LENGTH_UNIT ( ) NAMED_UNIT ( * ) SI_UNIT ( .MILLI., .METRE. ) );
#5656 = SURFACE_STYLE_FILL_AREA ( #9085 ) ;
#5657 = SURFACE_SIDE_STYLE ('',( #7091 ) ) ;
#5658 = VERTEX_POINT ( 'NONE', #2821 ) ;
#5659 =( GEOMETRIC_REPRESENTATION_CONTEXT ( 3 ) GLOBAL_UNCERTAINTY_ASSIGNED_CONTEXT ( ( #4274 ) ) GLOBAL_UNIT_ASSIGNED_CONTEXT ( ( #1116, #4054, #1738 ) ) REPRESENTATION_CONTEXT ( 'NONE', 'WORKASPACE' ) );
#5660 = AXIS2_PLACEMENT_3D ( 'NONE', #8328, #662, #2777 ) ;
#5661 = FILL_AREA_STYLE_COLOUR ( '', #6509 ) ;
#5662 = FILL_AREA_STYLE_COLOUR ( '', #8112 ) ;
#5663 = CARTESIAN_POINT ( 'NONE',  ( 3.750000000000000444, -3.300000000000000266, 0.2500000000000002220 ) ) ;
#5664 = FACE_OUTER_BOUND ( 'NONE', #2230, .T. ) ;
#5665 = EDGE_LOOP ( 'NONE', ( #2979, #4174, #6723, #3372 ) ) ;
#5666 = VECTOR ( 'NONE', #539, 1000.000000000000000 ) ;
#5667 = DIRECTION ( 'NONE',  ( 3.872150616019660190E-17, 1.000000000000000000, -0.0000000000000000000 ) ) ;
#5668 = VERTEX_POINT ( 'NONE', #5629 ) ;
#5669 = DIRECTION ( 'NONE',  ( 0.5773502691896242878, -0.5773502691896267303, -0.5773502691896262862 ) ) ;
#5670 = DIRECTION ( 'NONE',  ( 0.0000000000000000000, 0.0000000000000000000, 1.000000000000000000 ) ) ;
#5671 =( LENGTH_UNIT ( ) NAMED_UNIT ( * ) SI_UNIT ( .MILLI., .METRE. ) );
#5672 = PLANE ( 'NONE',  #6488 ) ;
#5673 = FACE_OUTER_BOUND ( 'NONE', #547, .T. ) ;
#5674 = PLANE ( 'NONE',  #3742 ) ;
#5675 = ORIENTED_EDGE ( 'NONE', *, *, #959, .F. ) ;
#5676 = DIRECTION ( 'NONE',  ( -1.000000000000000000, 0.0000000000000000000, -0.0000000000000000000 ) ) ;
#5677 = ORIENTED_EDGE ( 'NONE', *, *, #8097, .T. ) ;
#5678 = COLOUR_RGB ( '',1.000000000000000000, 0.8117647058823529438, 0.5019607843137254832 ) ;
#5679 = SURFACE_STYLE_USAGE ( .BOTH. , #55 ) ;
#5680 =( NAMED_UNIT ( * ) PLANE_ANGLE_UNIT ( ) SI_UNIT ( $, .RADIAN. ) );
#5681 = CARTESIAN_POINT ( 'NONE',  ( 10.14999999999999680, 4.450000000000002842, -1.149999999999997469 ) ) ;
#5682 = FILL_AREA_STYLE ('',( #7989 ) ) ;
#5683 = ORIENTED_EDGE ( 'NONE', *, *, #2288, .F. ) ;
#5684 = CARTESIAN_POINT ( 'NONE',  ( 8.083333333333333925, 5.166666666666668739, 0.08333333333333413362 ) ) ;
#5685 =( NAMED_UNIT ( * ) SI_UNIT ( $, .STERADIAN. ) SOLID_ANGLE_UNIT ( ) );
#5686 = ORIENTED_EDGE ( 'NONE', *, *, #206, .T. ) ;
#5687 = MECHANICAL_DESIGN_GEOMETRIC_PRESENTATION_REPRESENTATION (  '', ( #2609 ), #4817 ) ;
#5688 = EDGE_CURVE ( 'NONE', #8270, #3174, #4953, .T. ) ;
#5689 = COLOUR_RGB ( '',1.000000000000000000, 0.8117647058823529438, 0.5019607843137254832 ) ;
#5690 = PRESENTATION_LAYER_ASSIGNMENT (  '', '', ( #2769 ) ) ;
#5691 = PRESENTATION_STYLE_ASSIGNMENT (( #2894 ) ) ;
#5692 = DIRECTION ( 'NONE',  ( 0.5773502691896259531, 0.5773502691896259531, -0.5773502691896255090 ) ) ;
#5693 = CARTESIAN_POINT ( 'NONE',  ( 9.299999999999998934, 0.2000000000000000389, 1.700000000000000178 ) ) ;
#5694 = EDGE_LOOP ( 'NONE', ( #6399, #8984, #6862, #3996 ) ) ;
#5695 = EDGE_CURVE ( 'NONE', #421, #3244, #2742, .T. ) ;
#5696 = ORIENTED_EDGE ( 'NONE', *, *, #1586, .T. ) ;
#5697 = CARTESIAN_POINT ( 'NONE',  ( -0.2500000000000002220, -3.399999999999999911, 0.2500000000000002220 ) ) ;
#5698 = DIRECTION ( 'NONE',  ( -1.000000000000000000, 5.421010862427522170E-17, 0.0000000000000000000 ) ) ;
#5699 = CARTESIAN_POINT ( 'NONE',  ( 0.7500000000000002220, 3.150000000000001243, -2.050000000000001599 ) ) ;
#5700 = ORIENTED_EDGE ( 'NONE', *, *, #3557, .F. ) ;
#5701 = EDGE_CURVE ( 'NONE', #3271, #4213, #8335, .T. ) ;
#5702 = STYLED_ITEM ( 'NONE', ( #6612 ), #3410 ) ;
#5703 = EDGE_CURVE ( 'NONE', #4779, #1445, #8510, .T. ) ;
#5704 = EDGE_CURVE ( 'NONE', #3497, #5998, #47, .T. ) ;
#5705 = LINE ( 'NONE', #7278, #7876 ) ;
#5706 =( NAMED_UNIT ( * ) PLANE_ANGLE_UNIT ( ) SI_UNIT ( $, .RADIAN. ) );
#5707 = CARTESIAN_POINT ( 'NONE',  ( -1.949999999999999956, 6.000000000000000000, 1.700000000000000178 ) ) ;
#5708 = SURFACE_STYLE_USAGE ( .BOTH. , #3611 ) ;
#5709 = DIRECTION ( 'NONE',  ( -1.095153709581317798E-16, 1.000000000000000000, -0.0000000000000000000 ) ) ;
#5710 = CARTESIAN_POINT ( 'NONE',  ( 6.249999999999998224, -3.399999999999999911, 0.2500000000000002220 ) ) ;
#5711 =( GEOMETRIC_REPRESENTATION_CONTEXT ( 3 ) GLOBAL_UNCERTAINTY_ASSIGNED_CONTEXT ( ( #929 ) ) GLOBAL_UNIT_ASSIGNED_CONTEXT ( ( #3722, #5734, #8660 ) ) REPRESENTATION_CONTEXT ( 'NONE', 'WORKASPACE' ) );
#5712 = EDGE_CURVE ( 'NONE', #3536, #7225, #2321, .T. ) ;
#5713 = DIRECTION ( 'NONE',  ( -0.0000000000000000000, 1.000000000000000000, -0.0000000000000000000 ) ) ;
#5714 = ORIENTED_EDGE ( 'NONE', *, *, #7993, .F. ) ;
#5715 = FILL_AREA_STYLE ('',( #93 ) ) ;
#5716 = VERTEX_POINT ( 'NONE', #3695 ) ;
#5717 = DIRECTION ( 'NONE',  ( -1.000000000000000000, 1.084202172485504237E-15, 0.0000000000000000000 ) ) ;
#5718 = ADVANCED_FACE ( 'NONE', ( #7160 ), #5674, .F. ) ;
#5719 = EDGE_LOOP ( 'NONE', ( #6708, #2677, #7378, #8178, #4793, #6816, #1832, #329, #5727, #5726, #6197, #3379, #3826, #5358, #5362, #5223, #7881, #8349, #4762, #2768, #7845, #8792, #2902, #2352 ) ) ;
#5720 = CARTESIAN_POINT ( 'NONE',  ( 1.849999999999997868, -3.399999999999999911, -0.2499999999999997780 ) ) ;
#5721 =( NAMED_UNIT ( * ) SI_UNIT ( $, .STERADIAN. ) SOLID_ANGLE_UNIT ( ) );
#5722 = ORIENTED_EDGE ( 'NONE', *, *, #8680, .F. ) ;
#5723 = CARTESIAN_POINT ( 'NONE',  ( 1.299999999999999600, 0.0000000000000000000, -2.800000000000000266 ) ) ;
#5724 = CIRCLE ( 'NONE', #3230, 0.05000000000000019013 ) ;
#5725 = FACE_OUTER_BOUND ( 'NONE', #537, .T. ) ;
#5726 = ORIENTED_EDGE ( 'NONE', *, *, #8935, .T. ) ;
#5727 = ORIENTED_EDGE ( 'NONE', *, *, #3492, .F. ) ;
#5728 = AXIS2_PLACEMENT_3D ( 'NONE', #4823, #8252, #7479 ) ;
#5729 = UNCERTAINTY_MEASURE_WITH_UNIT (LENGTH_MEASURE( 1.000000000000000082E-05 ), #5935, 'distance_accuracy_value', 'NONE');
#5730 = EDGE_CURVE ( 'NONE', #2871, #4954, #2186, .T. ) ;
#5731 = LINE ( 'NONE', #110, #6644 ) ;
#5732 =( NAMED_UNIT ( * ) PLANE_ANGLE_UNIT ( ) SI_UNIT ( $, .RADIAN. ) );
#5733 = CARTESIAN_POINT ( 'NONE',  ( 3.750000000000000444, 1.800000000000000044, 0.2500000000000002220 ) ) ;
#5734 =( NAMED_UNIT ( * ) PLANE_ANGLE_UNIT ( ) SI_UNIT ( $, .RADIAN. ) );
#5735 = ORIENTED_EDGE ( 'NONE', *, *, #2542, .F. ) ;
#5736 = COLOUR_RGB ( '',1.000000000000000000, 1.000000000000000000, 1.000000000000000000 ) ;
#5737 = COLOUR_RGB ( '',1.000000000000000000, 1.000000000000000000, 1.000000000000000000 ) ;
#5738 =( NAMED_UNIT ( * ) PLANE_ANGLE_UNIT ( ) SI_UNIT ( $, .RADIAN. ) );
#5739 = SURFACE_STYLE_FILL_AREA ( #2943 ) ;
#5740 = CARTESIAN_POINT ( 'NONE',  ( 8.050000000000000711, -3.399999999999999911, -0.1500000000000003830 ) ) ;
#5741 =( NAMED_UNIT ( * ) PLANE_ANGLE_UNIT ( ) SI_UNIT ( $, .RADIAN. ) );
#5742 = VERTEX_POINT ( 'NONE', #5128 ) ;
#5743 =( GEOMETRIC_REPRESENTATION_CONTEXT ( 3 ) GLOBAL_UNCERTAINTY_ASSIGNED_CONTEXT ( ( #639 ) ) GLOBAL_UNIT_ASSIGNED_CONTEXT ( ( #980, #7291, #3058 ) ) REPRESENTATION_CONTEXT ( 'NONE', 'WORKASPACE' ) );
#5744 = CARTESIAN_POINT ( 'NONE',  ( 3.299999999999999378, 0.0000000000000000000, 1.700000000000000178 ) ) ;
#5745 = VECTOR ( 'NONE', #2330, 1000.000000000000000 ) ;
#5746 = DIRECTION ( 'NONE',  ( -0.0000000000000000000, -1.000000000000000000, -0.0000000000000000000 ) ) ;
#5747 = UNCERTAINTY_MEASURE_WITH_UNIT (LENGTH_MEASURE( 1.000000000000000082E-05 ), #8931, 'distance_accuracy_value', 'NONE');
#5748 = EDGE_CURVE ( 'NONE', #1138, #957, #2229, .T. ) ;
#5749 = FILL_AREA_STYLE ('',( #885 ) ) ;
#5750 = SURFACE_STYLE_USAGE ( .BOTH. , #5795 ) ;
#5751 = COLOUR_RGB ( '',1.000000000000000000, 0.8117647058823529438, 0.5019607843137254832 ) ;
#5752 = DIRECTION ( 'NONE',  ( -1.084202172485504237E-15, -1.000000000000000000, 0.0000000000000000000 ) ) ;
#5753 = SURFACE_STYLE_FILL_AREA ( #4952 ) ;
#5754 = FILL_AREA_STYLE ('',( #2228 ) ) ;
#5755 = SURFACE_STYLE_USAGE ( .BOTH. , #3010 ) ;
#5756 = VERTEX_POINT ( 'NONE', #6361 ) ;
#5757 =( NAMED_UNIT ( * ) PLANE_ANGLE_UNIT ( ) SI_UNIT ( $, .RADIAN. ) );
#5758 = ADVANCED_FACE ( 'NONE', ( #1553, #4389 ), #845, .F. ) ;
#5759 = SURFACE_SIDE_STYLE ('',( #6464 ) ) ;
#5760 = EDGE_LOOP ( 'NONE', ( #2192, #4474, #1722, #6883 ) ) ;
#5761 = VECTOR ( 'NONE', #1943, 1000.000000000000000 ) ;
#5762 = PRESENTATION_LAYER_ASSIGNMENT (  '', '', ( #3715 ) ) ;
#5763 = FILL_AREA_STYLE ('',( #5845 ) ) ;
#5764 = VECTOR ( 'NONE', #5139, 1000.000000000000000 ) ;
#5765 = PRESENTATION_STYLE_ASSIGNMENT (( #3020 ) ) ;
#5766 = FACE_OUTER_BOUND ( 'NONE', #3620, .T. ) ;
#5767 = LINE ( 'NONE', #4484, #2856 ) ;
#5768 = ORIENTED_EDGE ( 'NONE', *, *, #5648, .F. ) ;
#5769 = FILL_AREA_STYLE ('',( #2375 ) ) ;
#5770 = AXIS2_PLACEMENT_3D ( 'NONE', #6344, #6608, #1400 ) ;
#5771 = PLANE ( 'NONE',  #3772 ) ;
#5772 = VECTOR ( 'NONE', #3963, 1000.000000000000000 ) ;
#5773 = ORIENTED_EDGE ( 'NONE', *, *, #1940, .F. ) ;
#5774 = FILL_AREA_STYLE ('',( #1255 ) ) ;
#5775 = VECTOR ( 'NONE', #7770, 1000.000000000000000 ) ;
#5776 = PRESENTATION_LAYER_ASSIGNMENT (  '', '', ( #8569 ) ) ;
#5777 =( NAMED_UNIT ( * ) PLANE_ANGLE_UNIT ( ) SI_UNIT ( $, .RADIAN. ) );
#5778 = SURFACE_STYLE_FILL_AREA ( #26 ) ;
#5779 = LINE ( 'NONE', #8589, #8194 ) ;
#5780 = ORIENTED_EDGE ( 'NONE', *, *, #2965, .F. ) ;
#5781 = VECTOR ( 'NONE', #3495, 1000.000000000000000 ) ;
#5782 = COLOUR_RGB ( '',1.000000000000000000, 0.8117647058823529438, 0.5019607843137254832 ) ;
#5783 = DIRECTION ( 'NONE',  ( -1.000000000000000000, 5.421010862427522170E-17, 0.0000000000000000000 ) ) ;
#5784 = DIRECTION ( 'NONE',  ( 0.0000000000000000000, 0.0000000000000000000, -1.000000000000000000 ) ) ;
#5785 = LINE ( 'NONE', #257, #4562 ) ;
#5786 = SURFACE_SIDE_STYLE ('',( #1539 ) ) ;
#5787 = FILL_AREA_STYLE ('',( #3729 ) ) ;
#5788 = CARTESIAN_POINT ( 'NONE',  ( 6.149999999999999467, 5.100000000000001421, -0.1500000000000003830 ) ) ;
#5789 = VECTOR ( 'NONE', #5667, 1000.000000000000000 ) ;
#5790 = ORIENTED_EDGE ( 'NONE', *, *, #6829, .T. ) ;
#5791 =( GEOMETRIC_REPRESENTATION_CONTEXT ( 3 ) GLOBAL_UNCERTAINTY_ASSIGNED_CONTEXT ( ( #2628 ) ) GLOBAL_UNIT_ASSIGNED_CONTEXT ( ( #8061, #7331, #6779 ) ) REPRESENTATION_CONTEXT ( 'NONE', 'WORKASPACE' ) );
#5792 = ADVANCED_FACE ( 'NONE', ( #1649, #6013 ), #2451, .T. ) ;
#5793 =( GEOMETRIC_REPRESENTATION_CONTEXT ( 3 ) GLOBAL_UNCERTAINTY_ASSIGNED_CONTEXT ( ( #8210 ) ) GLOBAL_UNIT_ASSIGNED_CONTEXT ( ( #467, #3859, #1106 ) ) REPRESENTATION_CONTEXT ( 'NONE', 'WORKASPACE' ) );
#5794 = FILL_AREA_STYLE_COLOUR ( '', #5353 ) ;
#5795 = SURFACE_SIDE_STYLE ('',( #3655 ) ) ;
#5796 = SURFACE_STYLE_USAGE ( .BOTH. , #3085 ) ;
#5797 = CARTESIAN_POINT ( 'NONE',  ( 0.05000000000000012768, 5.100000000000001421, -0.1500000000000003830 ) ) ;
#5798 = CARTESIAN_POINT ( 'NONE',  ( 10.69999999999999929, 0.1999999999999999833, -2.800000000000000266 ) ) ;
#5799 = DIRECTION ( 'NONE',  ( 1.000000000000000000, 0.0000000000000000000, 0.0000000000000000000 ) ) ;
#5800 = CARTESIAN_POINT ( 'NONE',  ( 11.95000000000000107, 6.000000000000000000, -0.6799999999999987166 ) ) ;
#5801 = DIRECTION ( 'NONE',  ( -1.000000000000000000, -0.0000000000000000000, -0.0000000000000000000 ) ) ;
#5802 = EDGE_LOOP ( 'NONE', ( #6623, #8871, #4828, #385 ) ) ;
#5803 = SURFACE_STYLE_FILL_AREA ( #892 ) ;
#5804 = ORIENTED_EDGE ( 'NONE', *, *, #7625, .F. ) ;
#5805 = VECTOR ( 'NONE', #249, 1000.000000000000000 ) ;
#5806 = EDGE_CURVE ( 'NONE', #7006, #8029, #3280, .T. ) ;
#5807 = FACE_OUTER_BOUND ( 'NONE', #788, .T. ) ;
#5808 = DIRECTION ( 'NONE',  ( 0.0000000000000000000, -1.000000000000000000, 0.0000000000000000000 ) ) ;
#5809 = CARTESIAN_POINT ( 'NONE',  ( 5.299999999999998934, 0.2000000000000000389, 1.700000000000000178 ) ) ;
#5810 =( NAMED_UNIT ( * ) SI_UNIT ( $, .STERADIAN. ) SOLID_ANGLE_UNIT ( ) );
#5811 = PRESENTATION_STYLE_ASSIGNMENT (( #4399 ) ) ;
#5812 = FACE_OUTER_BOUND ( 'NONE', #5428, .T. ) ;
#5813 = EDGE_LOOP ( 'NONE', ( #2561, #6924, #4689, #5351 ) ) ;
#5814 = SURFACE_SIDE_STYLE ('',( #3709 ) ) ;
#5815 = AXIS2_PLACEMENT_3D ( 'NONE', #1524, #14, #8529 ) ;
#5816 = EDGE_CURVE ( 'NONE', #8361, #3673, #384, .T. ) ;
#5817 = EDGE_CURVE ( 'NONE', #3, #7698, #5385, .T. ) ;
#5818 = UNCERTAINTY_MEASURE_WITH_UNIT (LENGTH_MEASURE( 1.000000000000000082E-05 ), #8081, 'distance_accuracy_value', 'NONE');
#5819 = PRESENTATION_LAYER_ASSIGNMENT (  '', '', ( #7905 ) ) ;
#5820 =( NAMED_UNIT ( * ) SI_UNIT ( $, .STERADIAN. ) SOLID_ANGLE_UNIT ( ) );
#5821 = FACE_OUTER_BOUND ( 'NONE', #5024, .T. ) ;
#5822 = CARTESIAN_POINT ( 'NONE',  ( 9.299999999999998934, 0.0000000000000000000, -2.800000000000000266 ) ) ;
#5823 = FILL_AREA_STYLE_COLOUR ( '', #7637 ) ;
#5824 = ORIENTED_EDGE ( 'NONE', *, *, #17, .T. ) ;
#5825 = EDGE_CURVE ( 'NONE', #7407, #4779, #1838, .T. ) ;
#5826 =( GEOMETRIC_REPRESENTATION_CONTEXT ( 3 ) GLOBAL_UNCERTAINTY_ASSIGNED_CONTEXT ( ( #7136 ) ) GLOBAL_UNIT_ASSIGNED_CONTEXT ( ( #3533, #6, #7067 ) ) REPRESENTATION_CONTEXT ( 'NONE', 'WORKASPACE' ) );
#5827 =( NAMED_UNIT ( * ) SI_UNIT ( $, .STERADIAN. ) SOLID_ANGLE_UNIT ( ) );
#5828 = LINE ( 'NONE', #4458, #4897 ) ;
#5829 = DIRECTION ( 'NONE',  ( 0.0000000000000000000, 0.0000000000000000000, -1.000000000000000000 ) ) ;
#5830 = VECTOR ( 'NONE', #7149, 1000.000000000000000 ) ;
#5831 = DIRECTION ( 'NONE',  ( -1.000000000000000000, 0.0000000000000000000, -6.829619984160658046E-17 ) ) ;
#5832 = FILL_AREA_STYLE_COLOUR ( '', #5333 ) ;
#5833 = VECTOR ( 'NONE', #1871, 1000.000000000000000 ) ;
#5834 = ORIENTED_EDGE ( 'NONE', *, *, #2687, .F. ) ;
#5835 = EDGE_CURVE ( 'NONE', #8177, #5294, #1021, .T. ) ;
#5836 = AXIS2_PLACEMENT_3D ( 'NONE', #1443, #9095, #9047 ) ;
#5837 = PLANE ( 'NONE',  #8454 ) ;
#5838 = UNCERTAINTY_MEASURE_WITH_UNIT (LENGTH_MEASURE( 1.000000000000000082E-05 ), #6223, 'distance_accuracy_value', 'NONE');
#5839 = CARTESIAN_POINT ( 'NONE',  ( 2.699999999999999734, 0.0000000000000000000, -2.800000000000000266 ) ) ;
#5840 = DIRECTION ( 'NONE',  ( -1.000000000000000000, 1.084202172485504237E-15, 0.0000000000000000000 ) ) ;
#5841 = SURFACE_SIDE_STYLE ('',( #1507 ) ) ;
#5842 = FILL_AREA_STYLE ('',( #5880 ) ) ;
#5843 = FILL_AREA_STYLE ('',( #190 ) ) ;
#5844 = ORIENTED_EDGE ( 'NONE', *, *, #5212, .T. ) ;
#5845 = FILL_AREA_STYLE_COLOUR ( '', #4035 ) ;
#5846 = STYLED_ITEM ( 'NONE', ( #735 ), #3393 ) ;
#5847 = DIRECTION ( 'NONE',  ( -0.0000000000000000000, -0.0000000000000000000, 1.000000000000000000 ) ) ;
#5848 = CARTESIAN_POINT ( 'NONE',  ( 7.849999999999999645, 5.100000000000001421, -2.800000000000001155 ) ) ;
#5849 = CARTESIAN_POINT ( 'NONE',  ( 5.250000000000000888, 3.399999999999999467, -2.300000000000001599 ) ) ;
#5850 = SURFACE_STYLE_USAGE ( .BOTH. , #981 ) ;
#5851 = CARTESIAN_POINT ( 'NONE',  ( 11.95000000000000107, 0.0000000000000000000, -2.800000000000000711 ) ) ;
#5852 = ORIENTED_EDGE ( 'NONE', *, *, #6604, .T. ) ;
#5853 = PRESENTATION_STYLE_ASSIGNMENT (( #3062 ) ) ;
#5854 = DIRECTION ( 'NONE',  ( 4.829270603727150736E-17, 0.7071067811865493491, -0.7071067811865457964 ) ) ;
#5855 = LINE ( 'NONE', #6570, #5805 ) ;
#5856 = EDGE_CURVE ( 'NONE', #8444, #2097, #3137, .T. ) ;
#5857 = LINE ( 'NONE', #3759, #2065 ) ;
#5858 = DIRECTION ( 'NONE',  ( 3.872150616019660190E-17, 1.000000000000000000, -0.0000000000000000000 ) ) ;
#5859 = LINE ( 'NONE', #1047, #3906 ) ;
#5860 = ORIENTED_EDGE ( 'NONE', *, *, #7993, .T. ) ;
#5861 = VERTEX_POINT ( 'NONE', #3952 ) ;
#5862 = COLOUR_RGB ( '',1.000000000000000000, 1.000000000000000000, 1.000000000000000000 ) ;
#5863 = ADVANCED_FACE ( 'NONE', ( #1734 ), #4555, .F. ) ;
#5864 = DIRECTION ( 'NONE',  ( 3.872150616019660190E-17, 1.000000000000000000, -0.0000000000000000000 ) ) ;
#5865 =( GEOMETRIC_REPRESENTATION_CONTEXT ( 3 ) GLOBAL_UNCERTAINTY_ASSIGNED_CONTEXT ( ( #4548 ) ) GLOBAL_UNIT_ASSIGNED_CONTEXT ( ( #78, #2172, #5017 ) ) REPRESENTATION_CONTEXT ( 'NONE', 'WORKASPACE' ) );
#5866 =( LENGTH_UNIT ( ) NAMED_UNIT ( * ) SI_UNIT ( .MILLI., .METRE. ) );
#5867 = CARTESIAN_POINT ( 'NONE',  ( 7.249999999999999112, 3.399999999999999467, -2.050000000000001599 ) ) ;
#5868 = LINE ( 'NONE', #2350, #3938 ) ;
#5869 = LINE ( 'NONE', #8672, #6972 ) ;
#5870 = EDGE_LOOP ( 'NONE', ( #8839, #2072, #7228, #2298, #6849 ) ) ;
#5871 = PRESENTATION_LAYER_ASSIGNMENT (  '', '', ( #1917 ) ) ;
#5872 = PRESENTATION_LAYER_ASSIGNMENT (  '', '', ( #707 ) ) ;
#5873 = ADVANCED_FACE ( 'NONE', ( #4004 ), #8282, .F. ) ;
#5874 =( NAMED_UNIT ( * ) SI_UNIT ( $, .STERADIAN. ) SOLID_ANGLE_UNIT ( ) );
#5875 = PRESENTATION_LAYER_ASSIGNMENT (  '', '', ( #4720 ) ) ;
#5876 = SURFACE_STYLE_USAGE ( .BOTH. , #3947 ) ;
#5877 =( NAMED_UNIT ( * ) PLANE_ANGLE_UNIT ( ) SI_UNIT ( $, .RADIAN. ) );
#5878 =( NAMED_UNIT ( * ) SI_UNIT ( $, .STERADIAN. ) SOLID_ANGLE_UNIT ( ) );
#5879 = CARTESIAN_POINT ( 'NONE',  ( 1.299999999999999600, 0.2000000000000000389, -2.800000000000000266 ) ) ;
#5880 = FILL_AREA_STYLE_COLOUR ( '', #7463 ) ;
#5881 = FILL_AREA_STYLE_COLOUR ( '', #4456 ) ;
#5882 = ORIENTED_EDGE ( 'NONE', *, *, #5704, .T. ) ;
#5883 = VECTOR ( 'NONE', #6335, 1000.000000000000114 ) ;
#5884 = AXIS2_PLACEMENT_3D ( 'NONE', #6732, #4015, #9011 ) ;
#5885 = VECTOR ( 'NONE', #7229, 1000.000000000000000 ) ;
#5886 = PRESENTATION_LAYER_ASSIGNMENT (  '', '', ( #7533 ) ) ;
#5887 = MECHANICAL_DESIGN_GEOMETRIC_PRESENTATION_REPRESENTATION (  '', ( #1473 ), #7233 ) ;
#5888 = AXIS2_PLACEMENT_3D ( 'NONE', #6079, #4067, #536 ) ;
#5889 = SURFACE_STYLE_FILL_AREA ( #3822 ) ;
#5890 = CARTESIAN_POINT ( 'NONE',  ( 7.249999999999999112, 3.399999999999998579, -2.350000000000001421 ) ) ;
#5891 = FILL_AREA_STYLE ('',( #278 ) ) ;
#5892 = COLOUR_RGB ( '',1.000000000000000000, 1.000000000000000000, 1.000000000000000000 ) ;
#5893 = DIRECTION ( 'NONE',  ( -0.0000000000000000000, 1.000000000000000000, -0.0000000000000000000 ) ) ;
#5894 =( NAMED_UNIT ( * ) PLANE_ANGLE_UNIT ( ) SI_UNIT ( $, .RADIAN. ) );
#5895 = ORIENTED_EDGE ( 'NONE', *, *, #2013, .F. ) ;
#5896 = FILL_AREA_STYLE ('',( #2295 ) ) ;
#5897 = SURFACE_STYLE_USAGE ( .BOTH. , #3103 ) ;
#5898 = STYLED_ITEM ( 'NONE', ( #6074 ), #8253 ) ;
#5899 = PRODUCT ( 'JST-B6B-PH-K-S', 'JST-B6B-PH-K-S', '', ( #3277 ) ) ;
#5900 = FACE_OUTER_BOUND ( 'NONE', #4074, .T. ) ;
#5901 = PRESENTATION_LAYER_ASSIGNMENT (  '', '', ( #3994 ) ) ;
#5902 = STYLED_ITEM ( 'NONE', ( #1537 ), #1227 ) ;
#5903 = MECHANICAL_DESIGN_GEOMETRIC_PRESENTATION_REPRESENTATION (  '', ( #3122 ), #2394 ) ;
#5904 =( GEOMETRIC_REPRESENTATION_CONTEXT ( 3 ) GLOBAL_UNCERTAINTY_ASSIGNED_CONTEXT ( ( #4843 ) ) GLOBAL_UNIT_ASSIGNED_CONTEXT ( ( #6267, #3528, #8235 ) ) REPRESENTATION_CONTEXT ( 'NONE', 'WORKASPACE' ) );
#5905 = PLANE ( 'NONE',  #20 ) ;
#5906 = ORIENTED_EDGE ( 'NONE', *, *, #6358, .F. ) ;
#5907 = CARTESIAN_POINT ( 'NONE',  ( 3.749999999999998668, 1.800000000000000044, -2.800000000000002931 ) ) ;
#5908 = MECHANICAL_DESIGN_GEOMETRIC_PRESENTATION_REPRESENTATION (  '', ( #3595 ), #8413 ) ;
#5909 = PRESENTATION_STYLE_ASSIGNMENT (( #2383 ) ) ;
#5910 = ORIENTED_EDGE ( 'NONE', *, *, #8392, .T. ) ;
#5911 = PRESENTATION_LAYER_ASSIGNMENT (  '', '', ( #592 ) ) ;
#5912 = ORIENTED_EDGE ( 'NONE', *, *, #2574, .T. ) ;
#5913 =( GEOMETRIC_REPRESENTATION_CONTEXT ( 3 ) GLOBAL_UNCERTAINTY_ASSIGNED_CONTEXT ( ( #5491 ) ) GLOBAL_UNIT_ASSIGNED_CONTEXT ( ( #4517, #1727, #6629 ) ) REPRESENTATION_CONTEXT ( 'NONE', 'WORKASPACE' ) );
#5914 =( GEOMETRIC_REPRESENTATION_CONTEXT ( 3 ) GLOBAL_UNCERTAINTY_ASSIGNED_CONTEXT ( ( #9065 ) ) GLOBAL_UNIT_ASSIGNED_CONTEXT ( ( #1018, #6720, #6153 ) ) REPRESENTATION_CONTEXT ( 'NONE', 'WORKASPACE' ) );
#5915 = ADVANCED_FACE ( 'NONE', ( #6911 ), #3519, .F. ) ;
#5916 =( NAMED_UNIT ( * ) SI_UNIT ( $, .STERADIAN. ) SOLID_ANGLE_UNIT ( ) );
#5917 = SURFACE_STYLE_FILL_AREA ( #6578 ) ;
#5918 = FILL_AREA_STYLE_COLOUR ( '', #155 ) ;
#5919 = DIRECTION ( 'NONE',  ( 0.5773502691896261751, -0.5773502691896257311, 0.5773502691896252870 ) ) ;
#5920 = SURFACE_STYLE_FILL_AREA ( #6583 ) ;
#5921 = VERTEX_POINT ( 'NONE', #3423 ) ;
#5922 = ORIENTED_EDGE ( 'NONE', *, *, #2669, .T. ) ;
#5923 = ORIENTED_EDGE ( 'NONE', *, *, #7964, .F. ) ;
#5924 = MECHANICAL_DESIGN_GEOMETRIC_PRESENTATION_REPRESENTATION (  '', ( #7854 ), #1360 ) ;
#5925 = UNCERTAINTY_MEASURE_WITH_UNIT (LENGTH_MEASURE( 1.000000000000000082E-05 ), #8458, 'distance_accuracy_value', 'NONE');
#5926 = DIRECTION ( 'NONE',  ( -1.000000000000000000, 3.872150616019660190E-17, 0.0000000000000000000 ) ) ;
#5927 = SURFACE_SIDE_STYLE ('',( #2533 ) ) ;
#5928 = LINE ( 'NONE', #8722, #3436 ) ;
#5929 = SURFACE_SIDE_STYLE ('',( #4554 ) ) ;
#5930 = VERTEX_POINT ( 'NONE', #6258 ) ;
#5931 = MECHANICAL_DESIGN_GEOMETRIC_PRESENTATION_REPRESENTATION (  '', ( #765 ), #7140 ) ;
#5932 = EDGE_CURVE ( 'NONE', #227, #4686, #7506, .T. ) ;
#5933 = MECHANICAL_DESIGN_GEOMETRIC_PRESENTATION_REPRESENTATION (  '', ( #3014 ), #1520 ) ;
#5934 = DIRECTION ( 'NONE',  ( 3.872150616019660190E-17, 1.000000000000000000, -0.0000000000000000000 ) ) ;
#5935 =( LENGTH_UNIT ( ) NAMED_UNIT ( * ) SI_UNIT ( .MILLI., .METRE. ) );
#5936 = DIRECTION ( 'NONE',  ( -9.103382349328301547E-49, -2.350988701644575016E-32, -1.000000000000000000 ) ) ;
#5937 =( NAMED_UNIT ( * ) SI_UNIT ( $, .STERADIAN. ) SOLID_ANGLE_UNIT ( ) );
#5938 = LINE ( 'NONE', #3873, #2672 ) ;
#5939 = DIRECTION ( 'NONE',  ( -1.000000000000000000, 0.0000000000000000000, -1.927470528863119295E-16 ) ) ;
#5940 = VECTOR ( 'NONE', #6915, 1000.000000000000000 ) ;
#5941 = DIRECTION ( 'NONE',  ( 1.000000000000000000, 0.0000000000000000000, 0.0000000000000000000 ) ) ;
#5942 = VERTEX_POINT ( 'NONE', #2730 ) ;
#5943 = CARTESIAN_POINT ( 'NONE',  ( 7.249999999999999112, 3.399999999999999467, -2.300000000000001599 ) ) ;
#5944 = CARTESIAN_POINT ( 'NONE',  ( -1.180000000000000604, 4.229999999999999538, 1.249999999999997558 ) ) ;
#5945 =( GEOMETRIC_REPRESENTATION_CONTEXT ( 3 ) GLOBAL_UNCERTAINTY_ASSIGNED_CONTEXT ( ( #3629 ) ) GLOBAL_UNIT_ASSIGNED_CONTEXT ( ( #4193, #7007, #651 ) ) REPRESENTATION_CONTEXT ( 'NONE', 'WORKASPACE' ) );
#5946 = DIRECTION ( 'NONE',  ( -1.000000000000000000, 5.421010862427522170E-17, 0.0000000000000000000 ) ) ;
#5947 = SURFACE_STYLE_FILL_AREA ( #3641 ) ;
#5948 = CARTESIAN_POINT ( 'NONE',  ( 5.849999999999999645, -3.399999999999999911, 0.1500000000000008271 ) ) ;
#5949 =( NAMED_UNIT ( * ) PLANE_ANGLE_UNIT ( ) SI_UNIT ( $, .RADIAN. ) );
#5950 = EDGE_LOOP ( 'NONE', ( #3117, #1221, #7008, #6564 ) ) ;
#5951 = CIRCLE ( 'NONE', #8033, 0.4999999999999995559 ) ;
#5952 = VERTEX_POINT ( 'NONE', #8325 ) ;
#5953 = SURFACE_STYLE_FILL_AREA ( #7190 ) ;
#5954 = CARTESIAN_POINT ( 'NONE',  ( -1.350000000000000089, -13.20037878244408880, -2.350000000000001421 ) ) ;
#5955 = VERTEX_POINT ( 'NONE', #4848 ) ;
#5956 =( NAMED_UNIT ( * ) SI_UNIT ( $, .STERADIAN. ) SOLID_ANGLE_UNIT ( ) );
#5957 = CARTESIAN_POINT ( 'NONE',  ( -1.180000000000000160, 2.250000000000000000, 1.700000000000000178 ) ) ;
#5958 = DIRECTION ( 'NONE',  ( 3.872150616019660190E-17, 1.000000000000000000, -0.0000000000000000000 ) ) ;
#5959 = ORIENTED_EDGE ( 'NONE', *, *, #8334, .T. ) ;
#5960 = EDGE_CURVE ( 'NONE', #8990, #1799, #7651, .T. ) ;
#5961 = PRESENTATION_LAYER_ASSIGNMENT (  '', '', ( #5545 ) ) ;
#5962 = VERTEX_POINT ( 'NONE', #8367 ) ;
#5963 = ORIENTED_EDGE ( 'NONE', *, *, #7452, .T. ) ;
#5964 = CARTESIAN_POINT ( 'NONE',  ( 3.750000000000000444, -3.300000000000000266, 0.2500000000000002220 ) ) ;
#5965 = STYLED_ITEM ( 'NONE', ( #2003 ), #7235 ) ;
#5966 = VECTOR ( 'NONE', #8496, 1000.000000000000000 ) ;
#5967 = PLANE ( 'NONE',  #5635 ) ;
#5968 = APPLICATION_PROTOCOL_DEFINITION ( 'draft international standard', 'automotive_design', 1998, #7918 ) ;
#5969 = ORIENTED_EDGE ( 'NONE', *, *, #6261, .T. ) ;
#5970 = DIRECTION ( 'NONE',  ( -1.000000000000000000, 5.421010862427522170E-17, 0.0000000000000000000 ) ) ;
#5971 =( NAMED_UNIT ( * ) PLANE_ANGLE_UNIT ( ) SI_UNIT ( $, .RADIAN. ) );
#5972 = EDGE_LOOP ( 'NONE', ( #5587, #3794, #2166, #3899 ) ) ;
#5973 = ADVANCED_FACE ( 'NONE', ( #2808 ), #1883, .F. ) ;
#5974 = ADVANCED_FACE ( 'NONE', ( #3234 ), #7465, .F. ) ;
#5975 = STYLED_ITEM ( 'NONE', ( #7035 ), #2950 ) ;
#5976 = CARTESIAN_POINT ( 'NONE',  ( 6.249999999999998224, -3.300000000000000266, 0.2500000000000002220 ) ) ;
#5977 = FILL_AREA_STYLE ('',( #4522 ) ) ;
#5978 = DIRECTION ( 'NONE',  ( -0.0000000000000000000, 0.7071067811865500152, 0.7071067811865451302 ) ) ;
#5979 = FACE_OUTER_BOUND ( 'NONE', #5719, .T. ) ;
#5980 = DIRECTION ( 'NONE',  ( 1.927470528863119295E-16, 0.0000000000000000000, -1.000000000000000000 ) ) ;
#5981 = PRESENTATION_LAYER_ASSIGNMENT (  '', '', ( #1418 ) ) ;
#5982 = DIRECTION ( 'NONE',  ( -5.421010862427522170E-17, -1.000000000000000000, 2.350988701644575016E-32 ) ) ;
#5983 = ORIENTED_EDGE ( 'NONE', *, *, #289, .T. ) ;
#5984 = DIRECTION ( 'NONE',  ( -0.0000000000000000000, 1.000000000000000000, -0.0000000000000000000 ) ) ;
#5985 = DIRECTION ( 'NONE',  ( -0.7071067811865489050, -0.7071067811865462405, 3.066586833366754193E-16 ) ) ;
#5986 = SURFACE_STYLE_FILL_AREA ( #1900 ) ;
#5987 = ORIENTED_EDGE ( 'NONE', *, *, #1284, .T. ) ;
#5988 = CARTESIAN_POINT ( 'NONE',  ( 0.2499999999999997780, -3.399999999999999911, 0.2500000000000002220 ) ) ;
#5989 = FACE_OUTER_BOUND ( 'NONE', #3953, .T. ) ;
#5990 = SURFACE_SIDE_STYLE ('',( #3202 ) ) ;
#5991 =( NAMED_UNIT ( * ) SI_UNIT ( $, .STERADIAN. ) SOLID_ANGLE_UNIT ( ) );
#5992 = CARTESIAN_POINT ( 'NONE',  ( -0.7000000000000002887, 0.2000000000000000389, -2.800000000000000266 ) ) ;
#5993 = PRESENTATION_STYLE_ASSIGNMENT (( #2339 ) ) ;
#5994 = COLOUR_RGB ( '',1.000000000000000000, 1.000000000000000000, 1.000000000000000000 ) ;
#5995 = SURFACE_SIDE_STYLE ('',( #6701 ) ) ;
#5996 = FACE_OUTER_BOUND ( 'NONE', #8130, .T. ) ;
#5997 = ORIENTED_EDGE ( 'NONE', *, *, #18, .F. ) ;
#5998 = VERTEX_POINT ( 'NONE', #2549 ) ;
#5999 = STYLED_ITEM ( 'NONE', ( #1240 ), #3623 ) ;
#6000 = UNCERTAINTY_MEASURE_WITH_UNIT (LENGTH_MEASURE( 1.000000000000000082E-05 ), #5189, 'distance_accuracy_value', 'NONE');
#6001 = SURFACE_STYLE_USAGE ( .BOTH. , #3211 ) ;
#6002 = LINE ( 'NONE', #2348, #6043 ) ;
#6003 = ORIENTED_EDGE ( 'NONE', *, *, #4539, .T. ) ;
#6004 = ORIENTED_EDGE ( 'NONE', *, *, #8008, .T. ) ;
#6005 = COLOUR_RGB ( '',1.000000000000000000, 0.8117647058823529438, 0.5019607843137254832 ) ;
#6006 = VERTEX_POINT ( 'NONE', #2418 ) ;
#6007 = DIRECTION ( 'NONE',  ( 0.5773502691896239547, -0.5773502691896289507, 0.5773502691896243988 ) ) ;
#6008 = STYLED_ITEM ( 'NONE', ( #4075 ), #3748 ) ;
#6009 = UNCERTAINTY_MEASURE_WITH_UNIT (LENGTH_MEASURE( 1.000000000000000082E-05 ), #3367, 'distance_accuracy_value', 'NONE');
#6010 = FILL_AREA_STYLE ('',( #1643 ) ) ;
#6011 = CARTESIAN_POINT ( 'NONE',  ( 10.22000000000000242, 2.250000000000001332, 1.249999999999998446 ) ) ;
#6012 = FILL_AREA_STYLE_COLOUR ( '', #3930 ) ;
#6013 = FACE_OUTER_BOUND ( 'NONE', #6878, .T. ) ;
#6014 = ORIENTED_EDGE ( 'NONE', *, *, #8462, .F. ) ;
#6015 = VECTOR ( 'NONE', #8768, 1000.000000000000000 ) ;
#6016 = VECTOR ( 'NONE', #2833, 1000.000000000000114 ) ;
#6017 = AXIS2_PLACEMENT_3D ( 'NONE', #8573, #7168, #1561 ) ;
#6018 = CARTESIAN_POINT ( 'NONE',  ( 1.749999999999999778, 1.800000000000000044, -0.2499999999999997780 ) ) ;
#6019 = EDGE_CURVE ( 'NONE', #4134, #2893, #3189, .T. ) ;
#6020 = CARTESIAN_POINT ( 'NONE',  ( 6.749999999999999112, 3.399999999999999467, -2.350000000000001421 ) ) ;
#6021 = UNCERTAINTY_MEASURE_WITH_UNIT (LENGTH_MEASURE( 1.000000000000000082E-05 ), #6374, 'distance_accuracy_value', 'NONE');
#6022 = LINE ( 'NONE', #5341, #158 ) ;
#6023 = ADVANCED_FACE ( 'NONE', ( #6730 ), #8864, .T. ) ;
#6024 = FILL_AREA_STYLE ('',( #8731 ) ) ;
#6025 = AXIS2_PLACEMENT_3D ( 'NONE', #6643, #241, #203 ) ;
#6026 = ORIENTED_EDGE ( 'NONE', *, *, #1932, .T. ) ;
#6027 = DIRECTION ( 'NONE',  ( 0.0000000000000000000, -0.7071067811865451302, 0.7071067811865500152 ) ) ;
#6028 = DIRECTION ( 'NONE',  ( 1.000000000000000000, 0.0000000000000000000, 1.707404996040163895E-17 ) ) ;
#6029 = PRESENTATION_LAYER_ASSIGNMENT (  '', '', ( #6492 ) ) ;
#6030 = VERTEX_POINT ( 'NONE', #1703 ) ;
#6031 = VECTOR ( 'NONE', #4645, 1000.000000000000000 ) ;
#6032 = SURFACE_SIDE_STYLE ('',( #1085 ) ) ;
#6033 = CARTESIAN_POINT ( 'NONE',  ( 3.299999999999999378, 0.2000000000000000389, -2.800000000000000266 ) ) ;
#6034 = PRESENTATION_LAYER_ASSIGNMENT (  '', '', ( #2679 ) ) ;
#6035 = VECTOR ( 'NONE', #2331, 1000.000000000000000 ) ;
#6036 = MECHANICAL_DESIGN_GEOMETRIC_PRESENTATION_REPRESENTATION (  '', ( #8544 ), #8679 ) ;
#6037 = DIRECTION ( 'NONE',  ( -4.336808689942017736E-16, 0.0000000000000000000, -1.000000000000000000 ) ) ;
#6038 =( LENGTH_UNIT ( ) NAMED_UNIT ( * ) SI_UNIT ( .MILLI., .METRE. ) );
#6039 = CARTESIAN_POINT ( 'NONE',  ( 2.750000000000000444, 3.399999999999999467, -2.050000000000001599 ) ) ;
#6040 = PRESENTATION_LAYER_ASSIGNMENT (  '', '', ( #872 ) ) ;
#6041 = CARTESIAN_POINT ( 'NONE',  ( -0.2500000000000000000, 0.2000000000000000944, 0.2500000000000002220 ) ) ;
#6042 = ORIENTED_EDGE ( 'NONE', *, *, #2576, .F. ) ;
#6043 = VECTOR ( 'NONE', #6666, 1000.000000000000000 ) ;
#6044 = ADVANCED_FACE ( 'NONE', ( #6642 ), #4677, .F. ) ;
#6045 = COLOUR_RGB ( '',1.000000000000000000, 0.8117647058823529438, 0.5019607843137254832 ) ;
#6046 = VECTOR ( 'NONE', #6455, 1000.000000000000000 ) ;
#6047 =( GEOMETRIC_REPRESENTATION_CONTEXT ( 3 ) GLOBAL_UNCERTAINTY_ASSIGNED_CONTEXT ( ( #4743 ) ) GLOBAL_UNIT_ASSIGNED_CONTEXT ( ( #2277, #8505, #5627 ) ) REPRESENTATION_CONTEXT ( 'NONE', 'WORKASPACE' ) );
#6048 = VECTOR ( 'NONE', #3977, 1000.000000000000000 ) ;
#6049 = FACE_OUTER_BOUND ( 'NONE', #1005, .T. ) ;
#6050 = AXIS2_PLACEMENT_3D ( 'NONE', #970, #1645, #7282 ) ;
#6051 = CARTESIAN_POINT ( 'NONE',  ( 9.250000000000001776, 3.399999999999999467, -2.300000000000001599 ) ) ;
#6052 = FILL_AREA_STYLE_COLOUR ( '', #1708 ) ;
#6053 = SURFACE_SIDE_STYLE ('',( #6901 ) ) ;
#6054 = CARTESIAN_POINT ( 'NONE',  ( 10.24999999999999822, 1.800000000000000044, -2.800000000000000266 ) ) ;
#6055 = EDGE_LOOP ( 'NONE', ( #8719, #3857, #6576, #4751 ) ) ;
#6056 = VECTOR ( 'NONE', #4100, 1000.000000000000000 ) ;
#6057 = EDGE_LOOP ( 'NONE', ( #3627, #4343, #5252, #2699 ) ) ;
#6058 = VECTOR ( 'NONE', #105, 1000.000000000000000 ) ;
#6059 = PRESENTATION_LAYER_ASSIGNMENT (  '', '', ( #7124 ) ) ;
#6060 = VERTEX_POINT ( 'NONE', #5314 ) ;
#6061 = DIRECTION ( 'NONE',  ( -5.421010862427522170E-17, -1.000000000000000000, 2.350988701644575016E-32 ) ) ;
#6062 = ORIENTED_EDGE ( 'NONE', *, *, #5806, .T. ) ;
#6063 = COLOUR_RGB ( '',1.000000000000000000, 0.8117647058823529438, 0.5019607843137254832 ) ;
#6064 = DIRECTION ( 'NONE',  ( 3.872150616019660190E-17, 1.000000000000000000, 0.0000000000000000000 ) ) ;
#6065 =( NAMED_UNIT ( * ) PLANE_ANGLE_UNIT ( ) SI_UNIT ( $, .RADIAN. ) );
#6066 = AXIS2_PLACEMENT_3D ( 'NONE', #2351, #7661, #8382 ) ;
#6067 = SURFACE_STYLE_FILL_AREA ( #6633 ) ;
#6068 = DIRECTION ( 'NONE',  ( -0.0000000000000000000, -0.0000000000000000000, 1.000000000000000000 ) ) ;
#6069 = VERTEX_POINT ( 'NONE', #6178 ) ;
#6070 = EDGE_CURVE ( 'NONE', #1411, #6322, #1044, .T. ) ;
#6071 = STYLED_ITEM ( 'NONE', ( #2104 ), #5269 ) ;
#6072 = DIRECTION ( 'NONE',  ( -3.833233541708420554E-17, -0.7071067811865447972, -0.7071067811865502373 ) ) ;
#6073 = EDGE_CURVE ( 'NONE', #6199, #1933, #8788, .T. ) ;
#6074 = PRESENTATION_STYLE_ASSIGNMENT (( #3958 ) ) ;
#6075 = DIRECTION ( 'NONE',  ( 3.872150616019660190E-17, 1.000000000000000000, -0.0000000000000000000 ) ) ;
#6076 = DIRECTION ( 'NONE',  ( -0.0000000000000000000, -0.0000000000000000000, 1.000000000000000000 ) ) ;
#6077 = EDGE_LOOP ( 'NONE', ( #1075, #8992, #2863, #5418 ) ) ;
#6078 = CARTESIAN_POINT ( 'NONE',  ( -1.950000000000000400, 0.8200000000000003952, 1.300000000000000044 ) ) ;
#6079 = CARTESIAN_POINT ( 'NONE',  ( 2.750000000000000444, 3.399999999999999467, -2.050000000000001599 ) ) ;
#6080 = DIRECTION ( 'NONE',  ( -1.000000000000000000, 0.0000000000000000000, 0.0000000000000000000 ) ) ;
#6081 = COLOUR_RGB ( '',1.000000000000000000, 0.8117647058823529438, 0.5019607843137254832 ) ;
#6082 = EDGE_CURVE ( 'NONE', #7632, #1012, #4827, .T. ) ;
#6083 = MECHANICAL_DESIGN_GEOMETRIC_PRESENTATION_REPRESENTATION (  '', ( #5216 ), #8144 ) ;
#6084 =( NAMED_UNIT ( * ) PLANE_ANGLE_UNIT ( ) SI_UNIT ( $, .RADIAN. ) );
#6085 = SURFACE_STYLE_FILL_AREA ( #6840 ) ;
#6086 =( LENGTH_UNIT ( ) NAMED_UNIT ( * ) SI_UNIT ( .MILLI., .METRE. ) );
#6087 = SURFACE_STYLE_USAGE ( .BOTH. , #1134 ) ;
#6088 = ORIENTED_EDGE ( 'NONE', *, *, #6604, .F. ) ;
#6089 = CARTESIAN_POINT ( 'NONE',  ( 10.22000000000000242, 2.250000000000001332, 1.700000000000000178 ) ) ;
#6090 = LINE ( 'NONE', #6938, #4360 ) ;
#6091 = FILL_AREA_STYLE_COLOUR ( '', #5994 ) ;
#6092 = ORIENTED_EDGE ( 'NONE', *, *, #3955, .T. ) ;
#6093 = EDGE_CURVE ( 'NONE', #4839, #6660, #8160, .T. ) ;
#6094 =( GEOMETRIC_REPRESENTATION_CONTEXT ( 3 ) GLOBAL_UNCERTAINTY_ASSIGNED_CONTEXT ( ( #1199 ) ) GLOBAL_UNIT_ASSIGNED_CONTEXT ( ( #7628, #4073, #3301 ) ) REPRESENTATION_CONTEXT ( 'NONE', 'WORKASPACE' ) );
#6095 = EDGE_CURVE ( 'NONE', #7935, #5240, #1908, .T. ) ;
#6096 = UNCERTAINTY_MEASURE_WITH_UNIT (LENGTH_MEASURE( 1.000000000000000082E-05 ), #2626, 'distance_accuracy_value', 'NONE');
#6097 = EDGE_CURVE ( 'NONE', #8580, #4530, #7482, .T. ) ;
#6098 =( LENGTH_UNIT ( ) NAMED_UNIT ( * ) SI_UNIT ( .MILLI., .METRE. ) );
#6099 = PLANE ( 'NONE',  #6320 ) ;
#6100 = DIRECTION ( 'NONE',  ( 3.872150616019660190E-17, 1.000000000000000000, -0.0000000000000000000 ) ) ;
#6101 = ORIENTED_EDGE ( 'NONE', *, *, #4292, .T. ) ;
#6102 = ADVANCED_FACE ( 'NONE', ( #6698 ), #1136, .F. ) ;
#6103 = PRESENTATION_LAYER_ASSIGNMENT (  '', '', ( #4499 ) ) ;
#6104 = EDGE_CURVE ( 'NONE', #5455, #125, #4632, .T. ) ;
#6105 = CARTESIAN_POINT ( 'NONE',  ( 10.08333333333333215, 5.166666666666668739, -0.08333333333333370341 ) ) ;
#6106 = ORIENTED_EDGE ( 'NONE', *, *, #1405, .F. ) ;
#6107 = UNCERTAINTY_MEASURE_WITH_UNIT (LENGTH_MEASURE( 1.000000000000000082E-05 ), #6347, 'distance_accuracy_value', 'NONE');
#6108 = CARTESIAN_POINT ( 'NONE',  ( 4.150000000000001243, -3.399999999999999911, -0.1500000000000003830 ) ) ;
#6109 = SURFACE_STYLE_FILL_AREA ( #6865 ) ;
#6110 = DIRECTION ( 'NONE',  ( 0.0000000000000000000, 0.0000000000000000000, 1.000000000000000000 ) ) ;
#6111 = AXIS2_PLACEMENT_3D ( 'NONE', #7297, #7335, #3711 ) ;
#6112 = DIRECTION ( 'NONE',  ( -1.000000000000000000, -0.0000000000000000000, -0.0000000000000000000 ) ) ;
#6113 =( GEOMETRIC_REPRESENTATION_CONTEXT ( 3 ) GLOBAL_UNCERTAINTY_ASSIGNED_CONTEXT ( ( #1095 ) ) GLOBAL_UNIT_ASSIGNED_CONTEXT ( ( #4846, #1366, #1305 ) ) REPRESENTATION_CONTEXT ( 'NONE', 'WORKASPACE' ) );
#6114 = ORIENTED_EDGE ( 'NONE', *, *, #1809, .T. ) ;
#6115 = ADVANCED_FACE ( 'NONE', ( #8604, #5673 ), #135, .F. ) ;
#6116 = ORIENTED_EDGE ( 'NONE', *, *, #4128, .F. ) ;
#6117 =( NAMED_UNIT ( * ) PLANE_ANGLE_UNIT ( ) SI_UNIT ( $, .RADIAN. ) );
#6118 = UNCERTAINTY_MEASURE_WITH_UNIT (LENGTH_MEASURE( 1.000000000000000082E-05 ), #2205, 'distance_accuracy_value', 'NONE');
#6119 = PRESENTATION_STYLE_ASSIGNMENT (( #1318 ) ) ;
#6120 =( NAMED_UNIT ( * ) PLANE_ANGLE_UNIT ( ) SI_UNIT ( $, .RADIAN. ) );
#6121 = ORIENTED_EDGE ( 'NONE', *, *, #5502, .F. ) ;
#6122 = LINE ( 'NONE', #6828, #4291 ) ;
#6123 = VERTEX_POINT ( 'NONE', #2319 ) ;
#6124 =( NAMED_UNIT ( * ) SI_UNIT ( $, .STERADIAN. ) SOLID_ANGLE_UNIT ( ) );
#6125 = VERTEX_POINT ( 'NONE', #8508 ) ;
#6126 = CARTESIAN_POINT ( 'NONE',  ( 6.149999999999999467, 5.100000000000001421, 0.1500000000000008271 ) ) ;
#6127 = SURFACE_STYLE_FILL_AREA ( #629 ) ;
#6128 = STYLED_ITEM ( 'NONE', ( #794 ), #3028 ) ;
#6129 = CARTESIAN_POINT ( 'NONE',  ( 11.17999999999999972, 2.250000000000001332, -2.801000000000000600 ) ) ;
#6130 = ORIENTED_EDGE ( 'NONE', *, *, #5170, .F. ) ;
#6131 = UNCERTAINTY_MEASURE_WITH_UNIT (LENGTH_MEASURE( 1.000000000000000082E-05 ), #6502, 'distance_accuracy_value', 'NONE');
#6132 = CARTESIAN_POINT ( 'NONE',  ( 8.750000000000000000, 1.149999999999999911, -2.050000000000001599 ) ) ;
#6133 = MECHANICAL_DESIGN_GEOMETRIC_PRESENTATION_REPRESENTATION (  '', ( #4979 ), #7468 ) ;
#6134 = CYLINDRICAL_SURFACE ( 'NONE', #1222, 0.05000000000000019013 ) ;
#6135 = SURFACE_STYLE_FILL_AREA ( #4428 ) ;
#6136 = ORIENTED_EDGE ( 'NONE', *, *, #6019, .F. ) ;
#6137 = SURFACE_SIDE_STYLE ('',( #8876 ) ) ;
#6138 = CARTESIAN_POINT ( 'NONE',  ( 6.749999999999999112, 3.399999999999999467, -2.050000000000001599 ) ) ;
#6139 = ORIENTED_EDGE ( 'NONE', *, *, #5245, .T. ) ;
#6140 = ADVANCED_FACE ( 'NONE', ( #45 ), #4255, .F. ) ;
#6141 = FACE_OUTER_BOUND ( 'NONE', #6813, .T. ) ;
#6142 = DIRECTION ( 'NONE',  ( -1.000000000000000000, 3.872150616019660190E-17, 0.0000000000000000000 ) ) ;
#6143 = ORIENTED_EDGE ( 'NONE', *, *, #119, .T. ) ;
#6144 = FACE_OUTER_BOUND ( 'NONE', #2831, .T. ) ;
#6145 = LINE ( 'NONE', #462, #5533 ) ;
#6146 = CARTESIAN_POINT ( 'NONE',  ( 4.750000000000000888, 3.150000000000000799, -2.050000000000001599 ) ) ;
#6147 = ORIENTED_EDGE ( 'NONE', *, *, #8032, .T. ) ;
#6148 = ORIENTED_EDGE ( 'NONE', *, *, #941, .F. ) ;
#6149 = ORIENTED_EDGE ( 'NONE', *, *, #4695, .T. ) ;
#6150 = DIRECTION ( 'NONE',  ( 0.0000000000000000000, 0.0000000000000000000, 1.000000000000000000 ) ) ;
#6151 = ORIENTED_EDGE ( 'NONE', *, *, #5310, .T. ) ;
#6152 = DIRECTION ( 'NONE',  ( 1.000000000000000000, -5.421010862427522170E-17, 0.0000000000000000000 ) ) ;
#6153 =( NAMED_UNIT ( * ) SI_UNIT ( $, .STERADIAN. ) SOLID_ANGLE_UNIT ( ) );
#6154 = PLANE ( 'NONE',  #2369 ) ;
#6155 = CARTESIAN_POINT ( 'NONE',  ( -1.350000000000000089, 1.149999999999999911, -2.350000000000001421 ) ) ;
#6156 =( NAMED_UNIT ( * ) PLANE_ANGLE_UNIT ( ) SI_UNIT ( $, .RADIAN. ) );
#6157 = ORIENTED_EDGE ( 'NONE', *, *, #1055, .T. ) ;
#6158 =( GEOMETRIC_REPRESENTATION_CONTEXT ( 3 ) GLOBAL_UNCERTAINTY_ASSIGNED_CONTEXT ( ( #3275 ) ) GLOBAL_UNIT_ASSIGNED_CONTEXT ( ( #6269, #5033, #1506 ) ) REPRESENTATION_CONTEXT ( 'NONE', 'WORKASPACE' ) );
#6159 = VECTOR ( 'NONE', #1278, 1000.000000000000000 ) ;
#6160 = SURFACE_SIDE_STYLE ('',( #5578 ) ) ;
#6161 = PLANE ( 'NONE',  #2826 ) ;
#6162 = CARTESIAN_POINT ( 'NONE',  ( 3.250000000000000888, 3.399999999999999467, -2.050000000000001599 ) ) ;
#6163 = PLANE ( 'NONE',  #3844 ) ;
#6164 = VERTEX_POINT ( 'NONE', #5798 ) ;
#6165 = CARTESIAN_POINT ( 'NONE',  ( 2.050000000000000266, 5.100000000000001421, 0.1500000000000008271 ) ) ;
#6166 = DIRECTION ( 'NONE',  ( -1.000000000000000000, 0.0000000000000000000, 0.0000000000000000000 ) ) ;
#6167 = EDGE_LOOP ( 'NONE', ( #1034, #8162, #8436, #4726, #837 ) ) ;
#6168 = LINE ( 'NONE', #4811, #4476 ) ;
#6169 = EDGE_LOOP ( 'NONE', ( #7600, #6871, #530, #8467 ) ) ;
#6170 = CARTESIAN_POINT ( 'NONE',  ( -0.2500000000000000000, 5.000000000000000888, -0.2499999999999997780 ) ) ;
#6171 = PRESENTATION_LAYER_ASSIGNMENT (  '', '', ( #3246 ) ) ;
#6172 = DIRECTION ( 'NONE',  ( 0.0000000000000000000, -0.0000000000000000000, 1.000000000000000000 ) ) ;
#6173 = VECTOR ( 'NONE', #3806, 1000.000000000000000 ) ;
#6174 = ORIENTED_EDGE ( 'NONE', *, *, #3512, .T. ) ;
#6175 = SURFACE_SIDE_STYLE ('',( #1336 ) ) ;
#6176 = VECTOR ( 'NONE', #5393, 1000.000000000000000 ) ;
#6177 = FILL_AREA_STYLE_COLOUR ( '', #7247 ) ;
#6178 = CARTESIAN_POINT ( 'NONE',  ( 9.750000000000000000, 5.000000000000000888, -0.2499999999999997780 ) ) ;
#6179 = FACE_OUTER_BOUND ( 'NONE', #1749, .T. ) ;
#6180 = EDGE_LOOP ( 'NONE', ( #1924, #2501, #7092, #8299 ) ) ;
#6181 = CARTESIAN_POINT ( 'NONE',  ( 0.2499999999999997780, -3.300000000000002043, -0.2499999999999997780 ) ) ;
#6182 = COLOUR_RGB ( '',1.000000000000000000, 0.8117647058823529438, 0.5019607843137254832 ) ;
#6183 = DIRECTION ( 'NONE',  ( -0.0000000000000000000, -0.0000000000000000000, 1.000000000000000000 ) ) ;
#6184 = CARTESIAN_POINT ( 'NONE',  ( 1.299999999999999600, 0.0000000000000000000, 1.700000000000000178 ) ) ;
#6185 = ORIENTED_EDGE ( 'NONE', *, *, #5703, .T. ) ;
#6186 =( GEOMETRIC_REPRESENTATION_CONTEXT ( 3 ) GLOBAL_UNCERTAINTY_ASSIGNED_CONTEXT ( ( #5925 ) ) GLOBAL_UNIT_ASSIGNED_CONTEXT ( ( #8458, #2207, #6899 ) ) REPRESENTATION_CONTEXT ( 'NONE', 'WORKASPACE' ) );
#6187 = MECHANICAL_DESIGN_GEOMETRIC_PRESENTATION_REPRESENTATION (  '', ( #7525 ), #3260 ) ;
#6188 = MECHANICAL_DESIGN_GEOMETRIC_PRESENTATION_REPRESENTATION (  '', ( #5026 ), #5743 ) ;
#6189 = PRESENTATION_LAYER_ASSIGNMENT (  '', '', ( #3111 ) ) ;
#6190 = UNCERTAINTY_MEASURE_WITH_UNIT (LENGTH_MEASURE( 1.000000000000000082E-05 ), #145, 'distance_accuracy_value', 'NONE');
#6191 = PRESENTATION_LAYER_ASSIGNMENT (  '', '', ( #166 ) ) ;
#6192 = DIRECTION ( 'NONE',  ( 0.0000000000000000000, 0.0000000000000000000, -1.000000000000000000 ) ) ;
#6193 = CARTESIAN_POINT ( 'NONE',  ( -1.949999999999999956, 1.800000000000000044, 0.2500000000000002220 ) ) ;
#6194 = PLANE ( 'NONE',  #7995 ) ;
#6195 = SURFACE_SIDE_STYLE ('',( #690 ) ) ;
#6196 = MECHANICAL_DESIGN_GEOMETRIC_PRESENTATION_REPRESENTATION (  '', ( #1174 ), #171 ) ;
#6197 = ORIENTED_EDGE ( 'NONE', *, *, #6311, .F. ) ;
#6198 = PRESENTATION_LAYER_ASSIGNMENT (  '', '', ( #1013 ) ) ;
#6199 = VERTEX_POINT ( 'NONE', #7063 ) ;
#6200 = ADVANCED_FACE ( 'NONE', ( #5125 ), #8640, .F. ) ;
#6201 = ORIENTED_EDGE ( 'NONE', *, *, #7745, .T. ) ;
#6202 = EDGE_CURVE ( 'NONE', #8177, #449, #3086, .T. ) ;
#6203 =( GEOMETRIC_REPRESENTATION_CONTEXT ( 3 ) GLOBAL_UNCERTAINTY_ASSIGNED_CONTEXT ( ( #8330 ) ) GLOBAL_UNIT_ASSIGNED_CONTEXT ( ( #2076, #5615, #4940 ) ) REPRESENTATION_CONTEXT ( 'NONE', 'WORKASPACE' ) );
#6204 = FILL_AREA_STYLE_COLOUR ( '', #5221 ) ;
#6205 = MECHANICAL_DESIGN_GEOMETRIC_PRESENTATION_REPRESENTATION (  '', ( #8826 ), #6350 ) ;
#6206 = UNCERTAINTY_MEASURE_WITH_UNIT (LENGTH_MEASURE( 1.000000000000000082E-05 ), #1302, 'distance_accuracy_value', 'NONE');
#6207 =( NAMED_UNIT ( * ) PLANE_ANGLE_UNIT ( ) SI_UNIT ( $, .RADIAN. ) );
#6208 = DIRECTION ( 'NONE',  ( -1.000000000000000000, -1.560003125878423623E-16, 0.0000000000000000000 ) ) ;
#6209 = SURFACE_STYLE_USAGE ( .BOTH. , #8943 ) ;
#6210 = ORIENTED_EDGE ( 'NONE', *, *, #9052, .T. ) ;
#6211 = VECTOR ( 'NONE', #7588, 1000.000000000000000 ) ;
#6212 = AXIS2_PLACEMENT_3D ( 'NONE', #137, #8641, #3694 ) ;
#6213 = EDGE_CURVE ( 'NONE', #553, #7161, #3865, .T. ) ;
#6214 = PRESENTATION_LAYER_ASSIGNMENT (  '', '', ( #8427 ) ) ;
#6215 = CARTESIAN_POINT ( 'NONE',  ( -1.350000000000000089, 5.650000000000000355, -2.350000000000001421 ) ) ;
#6216 = VECTOR ( 'NONE', #6027, 1000.000000000000114 ) ;
#6217 = DIRECTION ( 'NONE',  ( 4.336808689942017736E-16, 0.0000000000000000000, 1.000000000000000000 ) ) ;
#6218 = VECTOR ( 'NONE', #8183, 1000.000000000000000 ) ;
#6219 =( GEOMETRIC_REPRESENTATION_CONTEXT ( 3 ) GLOBAL_UNCERTAINTY_ASSIGNED_CONTEXT ( ( #5588 ) ) GLOBAL_UNIT_ASSIGNED_CONTEXT ( ( #3223, #6769, #418 ) ) REPRESENTATION_CONTEXT ( 'NONE', 'WORKASPACE' ) );
#6220 = PRESENTATION_STYLE_ASSIGNMENT (( #7707 ) ) ;
#6221 =( NAMED_UNIT ( * ) PLANE_ANGLE_UNIT ( ) SI_UNIT ( $, .RADIAN. ) );
#6222 = EDGE_LOOP ( 'NONE', ( #4683, #3463, #6602, #2210 ) ) ;
#6223 =( LENGTH_UNIT ( ) NAMED_UNIT ( * ) SI_UNIT ( .MILLI., .METRE. ) );
#6224 = CARTESIAN_POINT ( 'NONE',  ( 6.249999999999998224, 5.000000000000000888, 0.2500000000000002220 ) ) ;
#6225 = ORIENTED_EDGE ( 'NONE', *, *, #2499, .T. ) ;
#6226 = DIRECTION ( 'NONE',  ( -1.000000000000000000, 3.872150616019660190E-17, 0.0000000000000000000 ) ) ;
#6227 = STYLED_ITEM ( 'NONE', ( #1743 ), #5538 ) ;
#6228 = SURFACE_STYLE_USAGE ( .BOTH. , #3619 ) ;
#6229 = EDGE_CURVE ( 'NONE', #6749, #8500, #3278, .T. ) ;
#6230 = PRESENTATION_LAYER_ASSIGNMENT (  '', '', ( #3139 ) ) ;
#6231 = ORIENTED_EDGE ( 'NONE', *, *, #7364, .F. ) ;
#6232 = SURFACE_STYLE_USAGE ( .BOTH. , #7761 ) ;
#6233 = PRESENTATION_LAYER_ASSIGNMENT (  '', '', ( #765 ) ) ;
#6234 = VERTEX_POINT ( 'NONE', #3136 ) ;
#6235 =( NAMED_UNIT ( * ) SI_UNIT ( $, .STERADIAN. ) SOLID_ANGLE_UNIT ( ) );
#6236 = STYLED_ITEM ( 'NONE', ( #5626 ), #7527 ) ;
#6237 = SURFACE_STYLE_USAGE ( .BOTH. , #4172 ) ;
#6238 = ORIENTED_EDGE ( 'NONE', *, *, #2441, .T. ) ;
#6239 = FILL_AREA_STYLE ('',( #3448 ) ) ;
#6240 = CARTESIAN_POINT ( 'NONE',  ( 2.250000000000000000, -3.399999999999999911, 0.2500000000000002220 ) ) ;
#6241 = COLOUR_RGB ( '',1.000000000000000000, 1.000000000000000000, 1.000000000000000000 ) ;
#6242 = VECTOR ( 'NONE', #3326, 1000.000000000000000 ) ;
#6243 =( LENGTH_UNIT ( ) NAMED_UNIT ( * ) SI_UNIT ( .MILLI., .METRE. ) );
#6244 =( NAMED_UNIT ( * ) SI_UNIT ( $, .STERADIAN. ) SOLID_ANGLE_UNIT ( ) );
#6245 = DIRECTION ( 'NONE',  ( 4.336808689942017736E-16, 0.0000000000000000000, 1.000000000000000000 ) ) ;
#6246 = ORIENTED_EDGE ( 'NONE', *, *, #7777, .T. ) ;
#6247 =( NAMED_UNIT ( * ) PLANE_ANGLE_UNIT ( ) SI_UNIT ( $, .RADIAN. ) );
#6248 = DIRECTION ( 'NONE',  ( -1.084202172485504237E-15, -1.000000000000000000, 0.0000000000000000000 ) ) ;
#6249 = VECTOR ( 'NONE', #953, 1000.000000000000000 ) ;
#6250 = ORIENTED_EDGE ( 'NONE', *, *, #4639, .T. ) ;
#6251 = ADVANCED_FACE ( 'NONE', ( #268, #1648 ), #2537, .F. ) ;
#6252 = ORIENTED_EDGE ( 'NONE', *, *, #8092, .F. ) ;
#6253 = DIRECTION ( 'NONE',  ( 0.0000000000000000000, 0.0000000000000000000, -1.000000000000000000 ) ) ;
#6254 = FILL_AREA_STYLE ('',( #5478 ) ) ;
#6255 = SURFACE_SIDE_STYLE ('',( #6109 ) ) ;
#6256 = PLANE ( 'NONE',  #1088 ) ;
#6257 =( NAMED_UNIT ( * ) PLANE_ANGLE_UNIT ( ) SI_UNIT ( $, .RADIAN. ) );
#6258 = CARTESIAN_POINT ( 'NONE',  ( 10.24999999999999822, -3.300000000000000266, 0.2500000000000002220 ) ) ;
#6259 = EDGE_LOOP ( 'NONE', ( #3617, #7920, #8900, #7275 ) ) ;
#6260 = VECTOR ( 'NONE', #7486, 1000.000000000000000 ) ;
#6261 = EDGE_CURVE ( 'NONE', #6802, #6982, #4552, .T. ) ;
#6262 = ORIENTED_EDGE ( 'NONE', *, *, #229, .F. ) ;
#6263 = FILL_AREA_STYLE ('',( #1446 ) ) ;
#6264 = ORIENTED_EDGE ( 'NONE', *, *, #7219, .F. ) ;
#6265 = EDGE_CURVE ( 'NONE', #8760, #1805, #5336, .T. ) ;
#6266 = PLANE ( 'NONE',  #2517 ) ;
#6267 =( LENGTH_UNIT ( ) NAMED_UNIT ( * ) SI_UNIT ( .MILLI., .METRE. ) );
#6268 = SURFACE_STYLE_USAGE ( .BOTH. , #6978 ) ;
#6269 =( LENGTH_UNIT ( ) NAMED_UNIT ( * ) SI_UNIT ( .MILLI., .METRE. ) );
#6270 = PLANE ( 'NONE',  #4167 ) ;
#6271 = FILL_AREA_STYLE ('',( #4114 ) ) ;
#6272 = ADVANCED_FACE ( 'NONE', ( #2449 ), #8724, .F. ) ;
#6273 = VERTEX_POINT ( 'NONE', #7610 ) ;
#6274 = SURFACE_SIDE_STYLE ('',( #3487 ) ) ;
#6275 =( GEOMETRIC_REPRESENTATION_CONTEXT ( 3 ) GLOBAL_UNCERTAINTY_ASSIGNED_CONTEXT ( ( #6289 ) ) GLOBAL_UNIT_ASSIGNED_CONTEXT ( ( #2061, #6566, #1567 ) ) REPRESENTATION_CONTEXT ( 'NONE', 'WORKASPACE' ) );
#6276 = COLOUR_RGB ( '',1.000000000000000000, 0.8117647058823529438, 0.5019607843137254832 ) ;
#6277 =( LENGTH_UNIT ( ) NAMED_UNIT ( * ) SI_UNIT ( .MILLI., .METRE. ) );
#6278 = DIRECTION ( 'NONE',  ( 9.103382349328301547E-49, 2.350988701644575016E-32, 1.000000000000000000 ) ) ;
#6279 = EDGE_CURVE ( 'NONE', #7045, #38, #7011, .T. ) ;
#6280 = VERTEX_POINT ( 'NONE', #656 ) ;
#6281 = CARTESIAN_POINT ( 'NONE',  ( 10.68000000000000149, 6.000000000000000000, 1.700000000000000178 ) ) ;
#6282 = SURFACE_STYLE_FILL_AREA ( #3494 ) ;
#6283 = MECHANICAL_DESIGN_GEOMETRIC_PRESENTATION_REPRESENTATION (  '', ( #2316 ), #3775 ) ;
#6284 = DIRECTION ( 'NONE',  ( 0.7071067811865457964, 0.7071067811865492381, 0.0000000000000000000 ) ) ;
#6285 = AXIS2_PLACEMENT_3D ( 'NONE', #1825, #4503, #963 ) ;
#6286 = CARTESIAN_POINT ( 'NONE',  ( 0.6999999999999992895, 0.1999999999999999833, -2.800000000000000266 ) ) ;
#6287 = ORIENTED_EDGE ( 'NONE', *, *, #8218, .T. ) ;
#6288 = AXIS2_PLACEMENT_3D ( 'NONE', #3049, #1593, #5799 ) ;
#6289 = UNCERTAINTY_MEASURE_WITH_UNIT (LENGTH_MEASURE( 1.000000000000000082E-05 ), #2061, 'distance_accuracy_value', 'NONE');
#6290 = ORIENTED_EDGE ( 'NONE', *, *, #3110, .F. ) ;
#6291 = CARTESIAN_POINT ( 'NONE',  ( 8.849999999999999645, 1.800000000000000711, 1.700000000000000178 ) ) ;
#6292 = CARTESIAN_POINT ( 'NONE',  ( 10.24999999999999822, -3.399999999999999911, -0.2499999999999997780 ) ) ;
#6293 = CARTESIAN_POINT ( 'NONE',  ( 7.750000000000000000, -3.300000000000000266, 0.2500000000000002220 ) ) ;
#6294 = COLOUR_RGB ( '',1.000000000000000000, 0.8117647058823529438, 0.5019607843137254832 ) ;
#6295 = CARTESIAN_POINT ( 'NONE',  ( 3.299999999999999378, 0.2000000000000000389, -2.800000000000000266 ) ) ;
#6296 = EDGE_LOOP ( 'NONE', ( #9060, #7916, #9, #8229 ) ) ;
#6297 = UNCERTAINTY_MEASURE_WITH_UNIT (LENGTH_MEASURE( 1.000000000000000082E-05 ), #8114, 'distance_accuracy_value', 'NONE');
#6298 = CARTESIAN_POINT ( 'NONE',  ( -0.2200000000000003619, 4.229999999999999538, -2.801000000000000600 ) ) ;
#6299 = CARTESIAN_POINT ( 'NONE',  ( 6.699999999999999289, 0.0000000000000000000, -2.800000000000000266 ) ) ;
#6300 = FILL_AREA_STYLE_COLOUR ( '', #7727 ) ;
#6301 = VERTEX_POINT ( 'NONE', #5528 ) ;
#6302 = ORIENTED_EDGE ( 'NONE', *, *, #5022, .T. ) ;
#6303 = LINE ( 'NONE', #4296, #7379 ) ;
#6304 =( LENGTH_UNIT ( ) NAMED_UNIT ( * ) SI_UNIT ( .MILLI., .METRE. ) );
#6305 = CARTESIAN_POINT ( 'NONE',  ( 6.249999999999998224, -3.399999999999999911, 0.2500000000000002220 ) ) ;
#6306 = CARTESIAN_POINT ( 'NONE',  ( 5.750000000000000000, -3.300000000000000266, 0.2500000000000002220 ) ) ;
#6307 = CARTESIAN_POINT ( 'NONE',  ( 3.849999999999998757, -3.399999999999999911, 0.1500000000000008271 ) ) ;
#6308 = DIRECTION ( 'NONE',  ( -0.0000000000000000000, 1.000000000000000000, -0.0000000000000000000 ) ) ;
#6309 = ORIENTED_EDGE ( 'NONE', *, *, #6311, .T. ) ;
#6310 = PLANE ( 'NONE',  #2678 ) ;
#6311 = EDGE_CURVE ( 'NONE', #8424, #8531, #560, .T. ) ;
#6312 = VECTOR ( 'NONE', #8586, 1000.000000000000000 ) ;
#6313 =( LENGTH_UNIT ( ) NAMED_UNIT ( * ) SI_UNIT ( .MILLI., .METRE. ) );
#6314 = EDGE_CURVE ( 'NONE', #2143, #4878, #6965, .T. ) ;
#6315 = DIRECTION ( 'NONE',  ( -1.000000000000000000, 1.084202172485504237E-15, 0.0000000000000000000 ) ) ;
#6316 = VERTEX_POINT ( 'NONE', #3517 ) ;
#6317 = COLOUR_RGB ( '',1.000000000000000000, 0.8117647058823529438, 0.5019607843137254832 ) ;
#6318 = SURFACE_STYLE_FILL_AREA ( #7031 ) ;
#6319 = LINE ( 'NONE', #4398, #558 ) ;
#6320 = AXIS2_PLACEMENT_3D ( 'NONE', #8212, #7348, #2619 ) ;
#6321 =( NAMED_UNIT ( * ) SI_UNIT ( $, .STERADIAN. ) SOLID_ANGLE_UNIT ( ) );
#6322 = VERTEX_POINT ( 'NONE', #4199 ) ;
#6323 = SURFACE_SIDE_STYLE ('',( #2059 ) ) ;
#6324 = PLANE ( 'NONE',  #6111 ) ;
#6325 =( NAMED_UNIT ( * ) SI_UNIT ( $, .STERADIAN. ) SOLID_ANGLE_UNIT ( ) );
#6326 = ORIENTED_EDGE ( 'NONE', *, *, #7955, .F. ) ;
#6327 = EDGE_CURVE ( 'NONE', #6060, #2476, #2032, .T. ) ;
#6328 = ORIENTED_EDGE ( 'NONE', *, *, #4937, .F. ) ;
#6329 = AXIS2_PLACEMENT_3D ( 'NONE', #7415, #4798, #6208 ) ;
#6330 = AXIS2_PLACEMENT_3D ( 'NONE', #2930, #4265, #2103 ) ;
#6331 = ADVANCED_FACE ( 'NONE', ( #3329 ), #6256, .F. ) ;
#6332 = PRESENTATION_STYLE_ASSIGNMENT (( #6380 ) ) ;
#6333 = LINE ( 'NONE', #8403, #7712 ) ;
#6334 = DIRECTION ( 'NONE',  ( 3.872150616019660190E-17, 1.000000000000000000, -0.0000000000000000000 ) ) ;
#6335 = DIRECTION ( 'NONE',  ( 0.7071067811865492381, -0.7071067811865457964, 4.088782444488988827E-16 ) ) ;
#6336 = PRESENTATION_STYLE_ASSIGNMENT (( #2164 ) ) ;
#6337 = CARTESIAN_POINT ( 'NONE',  ( -0.2500000000000002220, -3.300000000000002043, 0.2500000000000002220 ) ) ;
#6338 = VERTEX_POINT ( 'NONE', #4049 ) ;
#6339 = STYLED_ITEM ( 'NONE', ( #8752 ), #302 ) ;
#6340 = COLOUR_RGB ( '',1.000000000000000000, 0.8117647058823529438, 0.5019607843137254832 ) ;
#6341 =( GEOMETRIC_REPRESENTATION_CONTEXT ( 3 ) GLOBAL_UNCERTAINTY_ASSIGNED_CONTEXT ( ( #1794 ) ) GLOBAL_UNIT_ASSIGNED_CONTEXT ( ( #2300, #5777, #5820 ) ) REPRESENTATION_CONTEXT ( 'NONE', 'WORKASPACE' ) );
#6342 = VECTOR ( 'NONE', #5218, 1000.000000000000227 ) ;
#6343 = DIRECTION ( 'NONE',  ( 1.000000000000000000, 0.0000000000000000000, -0.0000000000000000000 ) ) ;
#6344 = CARTESIAN_POINT ( 'NONE',  ( 11.35000000000000142, 5.650000000000000355, 1.249999999999998446 ) ) ;
#6345 = PRESENTATION_LAYER_ASSIGNMENT (  '', '', ( #3415 ) ) ;
#6346 = CARTESIAN_POINT ( 'NONE',  ( 8.150000000000000355, 5.100000000000001421, 0.1500000000000008271 ) ) ;
#6347 =( LENGTH_UNIT ( ) NAMED_UNIT ( * ) SI_UNIT ( .MILLI., .METRE. ) );
#6348 = ORIENTED_EDGE ( 'NONE', *, *, #1230, .T. ) ;
#6349 = VECTOR ( 'NONE', #5220, 1000.000000000000000 ) ;
#6350 =( GEOMETRIC_REPRESENTATION_CONTEXT ( 3 ) GLOBAL_UNCERTAINTY_ASSIGNED_CONTEXT ( ( #4359 ) ) GLOBAL_UNIT_ASSIGNED_CONTEXT ( ( #621, #5706, #2223 ) ) REPRESENTATION_CONTEXT ( 'NONE', 'WORKASPACE' ) );
#6351 = FILL_AREA_STYLE_COLOUR ( '', #2428 ) ;
#6352 = CARTESIAN_POINT ( 'NONE',  ( 8.849999999999999645, 5.650000000000000355, 1.249999999999998446 ) ) ;
#6353 = STYLED_ITEM ( 'NONE', ( #3760 ), #1736 ) ;
#6354 = DIRECTION ( 'NONE',  ( 0.0000000000000000000, 1.000000000000000000, 0.0000000000000000000 ) ) ;
#6355 = ORIENTED_EDGE ( 'NONE', *, *, #8804, .F. ) ;
#6356 = SURFACE_STYLE_USAGE ( .BOTH. , #4156 ) ;
#6357 = STYLED_ITEM ( 'NONE', ( #807 ), #951 ) ;
#6358 = EDGE_CURVE ( 'NONE', #8875, #8629, #1928, .T. ) ;
#6359 =( NAMED_UNIT ( * ) PLANE_ANGLE_UNIT ( ) SI_UNIT ( $, .RADIAN. ) );
#6360 = CARTESIAN_POINT ( 'NONE',  ( 8.250000000000000000, 0.2000000000000000111, -2.800000000000000266 ) ) ;
#6361 = CARTESIAN_POINT ( 'NONE',  ( 0.6999999999999992895, 0.1999999999999999833, -2.800000000000000266 ) ) ;
#6362 = ORIENTED_EDGE ( 'NONE', *, *, #3902, .T. ) ;
#6363 = SURFACE_STYLE_FILL_AREA ( #9064 ) ;
#6364 = ORIENTED_EDGE ( 'NONE', *, *, #6213, .T. ) ;
#6365 = STYLED_ITEM ( 'NONE', ( #3795 ), #2004 ) ;
#6366 = STYLED_ITEM ( 'NONE', ( #1107 ), #1058 ) ;
#6367 = PLANE ( 'NONE',  #4886 ) ;
#6368 = PRESENTATION_STYLE_ASSIGNMENT (( #3586 ) ) ;
#6369 = ORIENTED_EDGE ( 'NONE', *, *, #3163, .T. ) ;
#6370 = SURFACE_SIDE_STYLE ('',( #1467 ) ) ;
#6371 = CARTESIAN_POINT ( 'NONE',  ( 10.24999999999999822, 0.2000000000000000111, -0.2499999999999997780 ) ) ;
#6372 = EDGE_CURVE ( 'NONE', #421, #7407, #1882, .T. ) ;
#6373 = EDGE_LOOP ( 'NONE', ( #5338, #4247, #2398, #3080 ) ) ;
#6374 =( LENGTH_UNIT ( ) NAMED_UNIT ( * ) SI_UNIT ( .MILLI., .METRE. ) );
#6375 = AXIS2_PLACEMENT_3D ( 'NONE', #6671, #2525, #7273 ) ;
#6376 = SURFACE_SIDE_STYLE ('',( #106 ) ) ;
#6377 = FILL_AREA_STYLE ('',( #3593 ) ) ;
#6378 = VERTEX_POINT ( 'NONE', #522 ) ;
#6379 = UNCERTAINTY_MEASURE_WITH_UNIT (LENGTH_MEASURE( 1.000000000000000082E-05 ), #8678, 'distance_accuracy_value', 'NONE');
#6380 = SURFACE_STYLE_USAGE ( .BOTH. , #9082 ) ;
#6381 = ADVANCED_FACE ( 'NONE', ( #7505 ), #4002, .F. ) ;
#6382 = DIRECTION ( 'NONE',  ( 3.872150616019660190E-17, 1.000000000000000000, -0.0000000000000000000 ) ) ;
#6383 = DIRECTION ( 'NONE',  ( -1.000000000000000000, 5.421010862427522170E-17, 0.0000000000000000000 ) ) ;
#6384 = CARTESIAN_POINT ( 'NONE',  ( 7.750000000000000000, 5.000000000000000888, 0.2500000000000002220 ) ) ;
#6385 = PLANE ( 'NONE',  #4842 ) ;
#6386 = ADVANCED_FACE ( 'NONE', ( #1581 ), #4943, .F. ) ;
#6387 = ORIENTED_EDGE ( 'NONE', *, *, #6795, .F. ) ;
#6388 = AXIS2_PLACEMENT_3D ( 'NONE', #8233, #8729, #3332 ) ;
#6389 = EDGE_LOOP ( 'NONE', ( #5439, #74, #2975, #1163 ) ) ;
#6390 = EDGE_CURVE ( 'NONE', #3962, #2925, #793, .T. ) ;
#6391 = ORIENTED_EDGE ( 'NONE', *, *, #3640, .T. ) ;
#6392 = VECTOR ( 'NONE', #2442, 1000.000000000000000 ) ;
#6393 = CARTESIAN_POINT ( 'NONE',  ( 3.750000000000000444, 1.800000000000000044, -0.2499999999999997780 ) ) ;
#6394 = EDGE_CURVE ( 'NONE', #2925, #600, #173, .T. ) ;
#6395 = VERTEX_POINT ( 'NONE', #2997 ) ;
#6396 = DIRECTION ( 'NONE',  ( 0.5773502691896220673, 0.5773502691896297279, -0.5773502691896253980 ) ) ;
#6397 = CARTESIAN_POINT ( 'NONE',  ( 7.750000000000000000, 5.000000000000000888, 0.2500000000000002220 ) ) ;
#6398 = FACE_OUTER_BOUND ( 'NONE', #3898, .T. ) ;
#6399 = ORIENTED_EDGE ( 'NONE', *, *, #9079, .F. ) ;
#6400 = ORIENTED_EDGE ( 'NONE', *, *, #5532, .T. ) ;
#6401 = ADVANCED_FACE ( 'NONE', ( #1496 ), #5619, .T. ) ;
#6402 = PRESENTATION_LAYER_ASSIGNMENT (  '', '', ( #7151 ) ) ;
#6403 = CARTESIAN_POINT ( 'NONE',  ( 0.1500000000000008271, 5.100000000000001421, -0.1500000000000003830 ) ) ;
#6404 = CARTESIAN_POINT ( 'NONE',  ( 7.849999999999997868, -3.399999999999999911, -2.800000000000001155 ) ) ;
#6405 = UNCERTAINTY_MEASURE_WITH_UNIT (LENGTH_MEASURE( 1.000000000000000082E-05 ), #9034, 'distance_accuracy_value', 'NONE');
#6406 = CARTESIAN_POINT ( 'NONE',  ( 6.249999999999998224, -3.399999999999999911, -0.2499999999999997780 ) ) ;
#6407 = LINE ( 'NONE', #88, #4585 ) ;
#6408 = PLANE ( 'NONE',  #162 ) ;
#6409 = LINE ( 'NONE', #5035, #4175 ) ;
#6410 = ORIENTED_EDGE ( 'NONE', *, *, #8656, .F. ) ;
#6411 = DIRECTION ( 'NONE',  ( 0.0000000000000000000, 0.0000000000000000000, -1.000000000000000000 ) ) ;
#6412 =( NAMED_UNIT ( * ) PLANE_ANGLE_UNIT ( ) SI_UNIT ( $, .RADIAN. ) );
#6413 = ORIENTED_EDGE ( 'NONE', *, *, #7315, .T. ) ;
#6414 = VECTOR ( 'NONE', #5318, 1000.000000000000000 ) ;
#6415 = VECTOR ( 'NONE', #3933, 1000.000000000000000 ) ;
#6416 = CARTESIAN_POINT ( 'NONE',  ( 1.849999999999998757, 5.100000000000001421, -2.800000000000001155 ) ) ;
#6417 = FILL_AREA_STYLE_COLOUR ( '', #2085 ) ;
#6418 = DIRECTION ( 'NONE',  ( 4.336808689942017736E-16, 0.0000000000000000000, 1.000000000000000000 ) ) ;
#6419 = CARTESIAN_POINT ( 'NONE',  ( 0.05000000000000012768, 3.150000000000000799, -2.050000000000001599 ) ) ;
#6420 = DIRECTION ( 'NONE',  ( -1.000000000000000000, 0.0000000000000000000, -0.0000000000000000000 ) ) ;
#6421 = CARTESIAN_POINT ( 'NONE',  ( 5.849999999999997868, -3.399999999999999911, -2.800000000000001155 ) ) ;
#6422 =( NAMED_UNIT ( * ) PLANE_ANGLE_UNIT ( ) SI_UNIT ( $, .RADIAN. ) );
#6423 = ORIENTED_EDGE ( 'NONE', *, *, #4177, .T. ) ;
#6424 = LINE ( 'NONE', #4354, #6058 ) ;
#6425 = MECHANICAL_DESIGN_GEOMETRIC_PRESENTATION_REPRESENTATION (  '', ( #3499 ), #6275 ) ;
#6426 =( NAMED_UNIT ( * ) SI_UNIT ( $, .STERADIAN. ) SOLID_ANGLE_UNIT ( ) );
#6427 = ORIENTED_EDGE ( 'NONE', *, *, #2668, .T. ) ;
#6428 =( GEOMETRIC_REPRESENTATION_CONTEXT ( 3 ) GLOBAL_UNCERTAINTY_ASSIGNED_CONTEXT ( ( #1287 ) ) GLOBAL_UNIT_ASSIGNED_CONTEXT ( ( #8808, #346, #8088 ) ) REPRESENTATION_CONTEXT ( 'NONE', 'WORKASPACE' ) );
#6429 = VERTEX_POINT ( 'NONE', #7351 ) ;
#6430 = ADVANCED_FACE ( 'NONE', ( #7403 ), #1060, .F. ) ;
#6431 = AXIS2_PLACEMENT_3D ( 'NONE', #3439, #708, #3576 ) ;
#6432 = VECTOR ( 'NONE', #4838, 1000.000000000000000 ) ;
#6433 = ORIENTED_EDGE ( 'NONE', *, *, #1763, .T. ) ;
#6434 = SURFACE_STYLE_FILL_AREA ( #3630 ) ;
#6435 = ORIENTED_EDGE ( 'NONE', *, *, #68, .T. ) ;
#6436 = CARTESIAN_POINT ( 'NONE',  ( 10.22000000000000242, 4.230000000000000426, 1.700000000000000178 ) ) ;
#6437 = CARTESIAN_POINT ( 'NONE',  ( 11.95000000000000107, 0.8200000000000030598, 1.700000000000000178 ) ) ;
#6438 = LINE ( 'NONE', #3827, #8681 ) ;
#6439 = CARTESIAN_POINT ( 'NONE',  ( -1.949999999999999956, 4.500000000000000888, 0.3199999999999999512 ) ) ;
#6440 = PLANE ( 'NONE',  #1724 ) ;
#6441 = EDGE_LOOP ( 'NONE', ( #4944, #4960, #1156, #2086, #1053 ) ) ;
#6442 = EDGE_LOOP ( 'NONE', ( #1481, #8582, #7591, #7644, #7784 ) ) ;
#6443 = ADVANCED_FACE ( 'NONE', ( #3035 ), #8799, .F. ) ;
#6444 = EDGE_CURVE ( 'NONE', #3677, #8750, #2481, .T. ) ;
#6445 =( GEOMETRIC_REPRESENTATION_CONTEXT ( 3 ) GLOBAL_UNCERTAINTY_ASSIGNED_CONTEXT ( ( #5747 ) ) GLOBAL_UNIT_ASSIGNED_CONTEXT ( ( #8931, #5328, #1919 ) ) REPRESENTATION_CONTEXT ( 'NONE', 'WORKASPACE' ) );
#6446 = CARTESIAN_POINT ( 'NONE',  ( -0.1500000000000025757, -3.399999999999999911, -0.2499999999999997780 ) ) ;
#6447 = DIRECTION ( 'NONE',  ( 0.0000000000000000000, -0.7071067811865451302, 0.7071067811865500152 ) ) ;
#6448 = LINE ( 'NONE', #5699, #8078 ) ;
#6449 = DIRECTION ( 'NONE',  ( 0.0000000000000000000, 0.0000000000000000000, -1.000000000000000000 ) ) ;
#6450 = DIRECTION ( 'NONE',  ( -0.0000000000000000000, -0.0000000000000000000, 1.000000000000000000 ) ) ;
#6451 =( NAMED_UNIT ( * ) PLANE_ANGLE_UNIT ( ) SI_UNIT ( $, .RADIAN. ) );
#6452 = EDGE_LOOP ( 'NONE', ( #4345, #3252, #8486, #337 ) ) ;
#6453 = AXIS2_PLACEMENT_3D ( 'NONE', #5371, #4094, #7550 ) ;
#6454 = CARTESIAN_POINT ( 'NONE',  ( 11.95000000000000107, 6.000000000000000000, -2.800000000000000711 ) ) ;
#6455 = DIRECTION ( 'NONE',  ( 1.000000000000000000, 1.689665723354033224E-16, 0.0000000000000000000 ) ) ;
#6456 = PLANE ( 'NONE',  #1025 ) ;
#6457 = EDGE_LOOP ( 'NONE', ( #191, #1827, #4437, #7334 ) ) ;
#6458 = DIRECTION ( 'NONE',  ( -0.0000000000000000000, -0.0000000000000000000, 1.000000000000000000 ) ) ;
#6459 =( LENGTH_UNIT ( ) NAMED_UNIT ( * ) SI_UNIT ( .MILLI., .METRE. ) );
#6460 = SURFACE_SIDE_STYLE ('',( #2869 ) ) ;
#6461 = CARTESIAN_POINT ( 'NONE',  ( 1.250000000000000666, 3.399999999999999467, -2.050000000000001599 ) ) ;
#6462 = ORIENTED_EDGE ( 'NONE', *, *, #4368, .T. ) ;
#6463 = CARTESIAN_POINT ( 'NONE',  ( 9.299999999999998934, 0.2000000000000000389, -2.800000000000000266 ) ) ;
#6464 = SURFACE_STYLE_FILL_AREA ( #2963 ) ;
#6465 = ADVANCED_FACE ( 'NONE', ( #5196 ), #5327, .F. ) ;
#6466 = ORIENTED_EDGE ( 'NONE', *, *, #331, .F. ) ;
#6467 = AXIS2_PLACEMENT_3D ( 'NONE', #2758, #7725, #8307 ) ;
#6468 = FACE_OUTER_BOUND ( 'NONE', #1542, .T. ) ;
#6469 = FILL_AREA_STYLE_COLOUR ( '', #7 ) ;
#6470 = DIRECTION ( 'NONE',  ( 4.336808689942017736E-16, 0.0000000000000000000, 1.000000000000000000 ) ) ;
#6471 = CARTESIAN_POINT ( 'NONE',  ( 3.299999999999999378, 0.2000000000000000389, -2.800000000000000266 ) ) ;
#6472 = ORIENTED_EDGE ( 'NONE', *, *, #6095, .F. ) ;
#6473 = DIRECTION ( 'NONE',  ( -9.103382349328301547E-49, -2.350988701644575016E-32, -1.000000000000000000 ) ) ;
#6474 = PRESENTATION_LAYER_ASSIGNMENT (  '', '', ( #8364 ) ) ;
#6475 = FILL_AREA_STYLE ('',( #3672 ) ) ;
#6476 = COLOUR_RGB ( '',0.7921568627450980005, 0.8196078431372548767, 0.9333333333333333481 ) ;
#6477 = ORIENTED_EDGE ( 'NONE', *, *, #7475, .F. ) ;
#6478 = ORIENTED_EDGE ( 'NONE', *, *, #339, .F. ) ;
#6479 =( LENGTH_UNIT ( ) NAMED_UNIT ( * ) SI_UNIT ( .MILLI., .METRE. ) );
#6480 = CARTESIAN_POINT ( 'NONE',  ( 1.299999999999999600, 0.2000000000000000389, -0.2499999999999997780 ) ) ;
#6481 = CARTESIAN_POINT ( 'NONE',  ( 5.450000000000000178, -4.100000000000000533, 0.5499999999999992673 ) ) ;
#6482 = DIRECTION ( 'NONE',  ( 4.336808689942017736E-16, 0.0000000000000000000, 1.000000000000000000 ) ) ;
#6483 = EDGE_CURVE ( 'NONE', #6316, #5642, #8847, .T. ) ;
#6484 = ORIENTED_EDGE ( 'NONE', *, *, #2743, .F. ) ;
#6485 =( GEOMETRIC_REPRESENTATION_CONTEXT ( 3 ) GLOBAL_UNCERTAINTY_ASSIGNED_CONTEXT ( ( #7060 ) ) GLOBAL_UNIT_ASSIGNED_CONTEXT ( ( #521, #8279, #8185 ) ) REPRESENTATION_CONTEXT ( 'NONE', 'WORKASPACE' ) );
#6486 = COLOUR_RGB ( '',1.000000000000000000, 0.8117647058823529438, 0.5019607843137254832 ) ;
#6487 = VECTOR ( 'NONE', #7827, 1000.000000000000000 ) ;
#6488 = AXIS2_PLACEMENT_3D ( 'NONE', #5710, #6979, #8376 ) ;
#6489 = PRESENTATION_STYLE_ASSIGNMENT (( #7347 ) ) ;
#6490 =( NAMED_UNIT ( * ) SI_UNIT ( $, .STERADIAN. ) SOLID_ANGLE_UNIT ( ) );
#6491 = DIRECTION ( 'NONE',  ( -1.000000000000000000, 5.421010862427522170E-17, 0.0000000000000000000 ) ) ;
#6492 = STYLED_ITEM ( 'NONE', ( #7489 ), #341 ) ;
#6493 = EDGE_LOOP ( 'NONE', ( #5054, #7773, #8151, #4819 ) ) ;
#6494 = EDGE_CURVE ( 'NONE', #3437, #8531, #4790, .T. ) ;
#6495 = AXIS2_PLACEMENT_3D ( 'NONE', #8929, #461, #8129 ) ;
#6496 = STYLED_ITEM ( 'NONE', ( #6332 ), #429 ) ;
#6497 = CARTESIAN_POINT ( 'NONE',  ( 10.68000000000000149, 6.000000000000000000, 1.599999999999999867 ) ) ;
#6498 = UNCERTAINTY_MEASURE_WITH_UNIT (LENGTH_MEASURE( 1.000000000000000082E-05 ), #7272, 'distance_accuracy_value', 'NONE');
#6499 = PRESENTATION_STYLE_ASSIGNMENT (( #3690 ) ) ;
#6500 = LINE ( 'NONE', #4339, #2534 ) ;
#6501 = AXIS2_PLACEMENT_3D ( 'NONE', #1178, #6226, #1899 ) ;
#6502 =( LENGTH_UNIT ( ) NAMED_UNIT ( * ) SI_UNIT ( .MILLI., .METRE. ) );
#6503 =( LENGTH_UNIT ( ) NAMED_UNIT ( * ) SI_UNIT ( .MILLI., .METRE. ) );
#6504 = FILL_AREA_STYLE_COLOUR ( '', #2178 ) ;
#6505 = SURFACE_STYLE_USAGE ( .BOTH. , #6460 ) ;
#6506 = DIRECTION ( 'NONE',  ( -4.336808689942017736E-16, 0.0000000000000000000, -1.000000000000000000 ) ) ;
#6507 = ORIENTED_EDGE ( 'NONE', *, *, #5549, .T. ) ;
#6508 = CARTESIAN_POINT ( 'NONE',  ( 7.750000000000000000, -3.300000000000000266, 0.2500000000000002220 ) ) ;
#6509 = COLOUR_RGB ( '',1.000000000000000000, 1.000000000000000000, 1.000000000000000000 ) ;
#6510 = ORIENTED_EDGE ( 'NONE', *, *, #3797, .F. ) ;
#6511 = VECTOR ( 'NONE', #250, 1000.000000000000000 ) ;
#6512 = AXIS2_PLACEMENT_3D ( 'NONE', #8333, #6354, #4987 ) ;
#6513 = EDGE_CURVE ( 'NONE', #5021, #660, #3266, .T. ) ;
#6514 = COLOUR_RGB ( '',1.000000000000000000, 0.8117647058823529438, 0.5019607843137254832 ) ;
#6515 = DIRECTION ( 'NONE',  ( 0.0000000000000000000, -0.0000000000000000000, 1.000000000000000000 ) ) ;
#6516 = PRESENTATION_LAYER_ASSIGNMENT (  '', '', ( #3595 ) ) ;
#6517 = EDGE_CURVE ( 'NONE', #8629, #7597, #598, .T. ) ;
#6518 = CARTESIAN_POINT ( 'NONE',  ( -1.951000000000000956, 4.500000000000000888, -0.6800000000000004929 ) ) ;
#6519 = DIRECTION ( 'NONE',  ( 0.5773502691896242878, -0.5773502691896267303, -0.5773502691896262862 ) ) ;
#6520 = FILL_AREA_STYLE ('',( #815 ) ) ;
#6521 = CARTESIAN_POINT ( 'NONE',  ( 3.250000000000000888, 3.150000000000000799, -2.050000000000001599 ) ) ;
#6522 = VERTEX_POINT ( 'NONE', #8930 ) ;
#6523 = EDGE_CURVE ( 'NONE', #5364, #6006, #6145, .T. ) ;
#6524 = FILL_AREA_STYLE ('',( #1747 ) ) ;
#6525 = STYLED_ITEM ( 'NONE', ( #5853 ), #1997 ) ;
#6526 = VERTEX_POINT ( 'NONE', #512 ) ;
#6527 = COLOUR_RGB ( '',1.000000000000000000, 0.8117647058823529438, 0.5019607843137254832 ) ;
#6528 =( NAMED_UNIT ( * ) PLANE_ANGLE_UNIT ( ) SI_UNIT ( $, .RADIAN. ) );
#6529 = LINE ( 'NONE', #211, #3816 ) ;
#6530 =( NAMED_UNIT ( * ) SI_UNIT ( $, .STERADIAN. ) SOLID_ANGLE_UNIT ( ) );
#6531 = LINE ( 'NONE', #4536, #6706 ) ;
#6532 = CARTESIAN_POINT ( 'NONE',  ( 6.049999999999999822, 0.0000000000000000000, -2.050000000000001599 ) ) ;
#6533 = ORIENTED_EDGE ( 'NONE', *, *, #1268, .T. ) ;
#6534 = COLOUR_RGB ( '',1.000000000000000000, 1.000000000000000000, 1.000000000000000000 ) ;
#6535 = VECTOR ( 'NONE', #4180, 1000.000000000000114 ) ;
#6536 =( GEOMETRIC_REPRESENTATION_CONTEXT ( 3 ) GLOBAL_UNCERTAINTY_ASSIGNED_CONTEXT ( ( #3997 ) ) GLOBAL_UNIT_ASSIGNED_CONTEXT ( ( #6679, #8687, #1113 ) ) REPRESENTATION_CONTEXT ( 'NONE', 'WORKASPACE' ) );
#6537 = FILL_AREA_STYLE_COLOUR ( '', #5611 ) ;
#6538 = PRESENTATION_STYLE_ASSIGNMENT (( #334 ) ) ;
#6539 = FILL_AREA_STYLE ('',( #5918 ) ) ;
#6540 = ORIENTED_EDGE ( 'NONE', *, *, #6097, .T. ) ;
#6541 = DIRECTION ( 'NONE',  ( 1.000000000000000000, 0.0000000000000000000, 0.0000000000000000000 ) ) ;
#6542 =( NAMED_UNIT ( * ) PLANE_ANGLE_UNIT ( ) SI_UNIT ( $, .RADIAN. ) );
#6543 = VECTOR ( 'NONE', #1701, 1000.000000000000000 ) ;
#6544 = ORIENTED_EDGE ( 'NONE', *, *, #1894, .F. ) ;
#6545 = AXIS2_PLACEMENT_3D ( 'NONE', #4102, #1212, #5530 ) ;
#6546 = VERTEX_POINT ( 'NONE', #5519 ) ;
#6547 = AXIS2_PLACEMENT_3D ( 'NONE', #7605, #3467, #6253 ) ;
#6548 = FILL_AREA_STYLE ('',( #5794 ) ) ;
#6549 = DIRECTION ( 'NONE',  ( 3.872150616019660190E-17, 1.000000000000000000, -0.0000000000000000000 ) ) ;
#6550 = CARTESIAN_POINT ( 'NONE',  ( 10.68000000000000149, 6.000000000000000000, 1.599999999999999867 ) ) ;
#6551 = CARTESIAN_POINT ( 'NONE',  ( 7.750000000000000000, -3.399999999999999911, 0.2500000000000002220 ) ) ;
#6552 = LINE ( 'NONE', #228, #4547 ) ;
#6553 = DIRECTION ( 'NONE',  ( 1.000000000000000000, 0.0000000000000000000, 0.0000000000000000000 ) ) ;
#6554 =( LENGTH_UNIT ( ) NAMED_UNIT ( * ) SI_UNIT ( .MILLI., .METRE. ) );
#6555 = ORIENTED_EDGE ( 'NONE', *, *, #3012, .F. ) ;
#6556 = VERTEX_POINT ( 'NONE', #4691 ) ;
#6557 = MECHANICAL_DESIGN_GEOMETRIC_PRESENTATION_REPRESENTATION (  '', ( #7151 ), #6094 ) ;
#6558 = DIRECTION ( 'NONE',  ( 9.103382349328301547E-49, 2.350988701644575016E-32, 1.000000000000000000 ) ) ;
#6559 = EDGE_CURVE ( 'NONE', #5304, #3226, #5470, .T. ) ;
#6560 = ADVANCED_FACE ( 'NONE', ( #7682 ), #1918, .F. ) ;
#6561 = FACE_OUTER_BOUND ( 'NONE', #966, .T. ) ;
#6562 = SURFACE_STYLE_FILL_AREA ( #7210 ) ;
#6563 = LINE ( 'NONE', #6471, #4331 ) ;
#6564 = ORIENTED_EDGE ( 'NONE', *, *, #339, .T. ) ;
#6565 = SURFACE_SIDE_STYLE ('',( #1566 ) ) ;
#6566 =( NAMED_UNIT ( * ) PLANE_ANGLE_UNIT ( ) SI_UNIT ( $, .RADIAN. ) );
#6567 = VECTOR ( 'NONE', #252, 1000.000000000000000 ) ;
#6568 = ORIENTED_EDGE ( 'NONE', *, *, #4939, .F. ) ;
#6569 = EDGE_CURVE ( 'NONE', #38, #5250, #1290, .T. ) ;
#6570 = CARTESIAN_POINT ( 'NONE',  ( -1.700000000000001510, 6.000000000000000000, -2.350000000000001421 ) ) ;
#6571 = FACE_OUTER_BOUND ( 'NONE', #1884, .T. ) ;
#6572 = VECTOR ( 'NONE', #2631, 1000.000000000000114 ) ;
#6573 = CARTESIAN_POINT ( 'NONE',  ( 1.150000000000000355, 6.000000000000000000, 1.249999999999997558 ) ) ;
#6574 = LINE ( 'NONE', #868, #3180 ) ;
#6575 = ORIENTED_EDGE ( 'NONE', *, *, #2578, .F. ) ;
#6576 = ORIENTED_EDGE ( 'NONE', *, *, #3356, .F. ) ;
#6577 = DIRECTION ( 'NONE',  ( -3.833233541708432880E-17, -0.7071067811865471286, 0.7071067811865479058 ) ) ;
#6578 = FILL_AREA_STYLE ('',( #961 ) ) ;
#6579 = DIRECTION ( 'NONE',  ( 1.000000000000000000, -5.421010862427522170E-17, 0.0000000000000000000 ) ) ;
#6580 = PRESENTATION_LAYER_ASSIGNMENT (  '', '', ( #5251 ) ) ;
#6581 = FILL_AREA_STYLE ('',( #2349 ) ) ;
#6582 = LINE ( 'NONE', #5957, #8492 ) ;
#6583 = FILL_AREA_STYLE ('',( #926 ) ) ;
#6584 = ORIENTED_EDGE ( 'NONE', *, *, #5013, .F. ) ;
#6585 = VERTEX_POINT ( 'NONE', #6439 ) ;
#6586 = PRESENTATION_LAYER_ASSIGNMENT (  '', '', ( #4673 ) ) ;
#6587 = UNCERTAINTY_MEASURE_WITH_UNIT (LENGTH_MEASURE( 1.000000000000000082E-05 ), #3705, 'distance_accuracy_value', 'NONE');
#6588 = SURFACE_STYLE_USAGE ( .BOTH. , #5927 ) ;
#6589 = CARTESIAN_POINT ( 'NONE',  ( 3.299999999999999378, 0.2000000000000000389, -0.2499999999999997780 ) ) ;
#6590 = FACE_OUTER_BOUND ( 'NONE', #7024, .T. ) ;
#6591 = DIRECTION ( 'NONE',  ( -1.000000000000000000, 3.872150616019660190E-17, -0.0000000000000000000 ) ) ;
#6592 = FILL_AREA_STYLE ('',( #232 ) ) ;
#6593 = ORIENTED_EDGE ( 'NONE', *, *, #959, .T. ) ;
#6594 =( GEOMETRIC_REPRESENTATION_CONTEXT ( 3 ) GLOBAL_UNCERTAINTY_ASSIGNED_CONTEXT ( ( #2532 ) ) GLOBAL_UNIT_ASSIGNED_CONTEXT ( ( #5567, #2852, #7684 ) ) REPRESENTATION_CONTEXT ( 'NONE', 'WORKASPACE' ) );
#6595 = DIRECTION ( 'NONE',  ( 3.872150616019660190E-17, 1.000000000000000000, -0.0000000000000000000 ) ) ;
#6596 = CARTESIAN_POINT ( 'NONE',  ( 5.750000000000000000, 0.2000000000000000111, -2.800000000000000266 ) ) ;
#6597 = DIRECTION ( 'NONE',  ( 0.0000000000000000000, 0.0000000000000000000, -1.000000000000000000 ) ) ;
#6598 = DIRECTION ( 'NONE',  ( -0.0000000000000000000, -0.0000000000000000000, -1.000000000000000000 ) ) ;
#6599 = LINE ( 'NONE', #7292, #2666 ) ;
#6600 = DIRECTION ( 'NONE',  ( 3.872150616019660190E-17, 1.000000000000000000, -0.0000000000000000000 ) ) ;
#6601 = LINE ( 'NONE', #4315, #7710 ) ;
#6602 = ORIENTED_EDGE ( 'NONE', *, *, #7739, .T. ) ;
#6603 =( NAMED_UNIT ( * ) SI_UNIT ( $, .STERADIAN. ) SOLID_ANGLE_UNIT ( ) );
#6604 = EDGE_CURVE ( 'NONE', #4530, #399, #7002, .T. ) ;
#6605 = EDGE_CURVE ( 'NONE', #2424, #2838, #1395, .T. ) ;
#6606 = DIRECTION ( 'NONE',  ( 3.872150616019660190E-17, 1.000000000000000000, -0.0000000000000000000 ) ) ;
#6607 = DIRECTION ( 'NONE',  ( 0.0000000000000000000, 0.0000000000000000000, 1.000000000000000000 ) ) ;
#6608 = DIRECTION ( 'NONE',  ( -0.7071067811865457964, 0.7071067811865492381, 0.0000000000000000000 ) ) ;
#6609 =( LENGTH_UNIT ( ) NAMED_UNIT ( * ) SI_UNIT ( .MILLI., .METRE. ) );
#6610 = LINE ( 'NONE', #5907, #5486 ) ;
#6611 = LINE ( 'NONE', #7999, #363 ) ;
#6612 = PRESENTATION_STYLE_ASSIGNMENT (( #71 ) ) ;
#6613 = ORIENTED_EDGE ( 'NONE', *, *, #2156, .F. ) ;
#6614 = EDGE_CURVE ( 'NONE', #8256, #3437, #5067, .T. ) ;
#6615 = ORIENTED_EDGE ( 'NONE', *, *, #6734, .F. ) ;
#6616 = EDGE_CURVE ( 'NONE', #3011, #5942, #2896, .T. ) ;
#6617 = SURFACE_STYLE_FILL_AREA ( #218 ) ;
#6618 = COLOUR_RGB ( '',1.000000000000000000, 0.8117647058823529438, 0.5019607843137254832 ) ;
#6619 = SURFACE_STYLE_USAGE ( .BOTH. , #1682 ) ;
#6620 = STYLED_ITEM ( 'NONE', ( #5354 ), #3780 ) ;
#6621 = SURFACE_SIDE_STYLE ('',( #834 ) ) ;
#6622 =( LENGTH_UNIT ( ) NAMED_UNIT ( * ) SI_UNIT ( .MILLI., .METRE. ) );
#6623 = ORIENTED_EDGE ( 'NONE', *, *, #7730, .T. ) ;
#6624 =( GEOMETRIC_REPRESENTATION_CONTEXT ( 3 ) GLOBAL_UNCERTAINTY_ASSIGNED_CONTEXT ( ( #4949 ) ) GLOBAL_UNIT_ASSIGNED_CONTEXT ( ( #1440, #3472, #122 ) ) REPRESENTATION_CONTEXT ( 'NONE', 'WORKASPACE' ) );
#6625 = AXIS2_PLACEMENT_3D ( 'NONE', #1032, #5980, #5939 ) ;
#6626 = SURFACE_STYLE_USAGE ( .BOTH. , #7358 ) ;
#6627 = PRODUCT_DEFINITION ( 'UNKNOWN', '', #2560, #144 ) ;
#6628 = VECTOR ( 'NONE', #8059, 1000.000000000000000 ) ;
#6629 =( NAMED_UNIT ( * ) SI_UNIT ( $, .STERADIAN. ) SOLID_ANGLE_UNIT ( ) );
#6630 =( NAMED_UNIT ( * ) SI_UNIT ( $, .STERADIAN. ) SOLID_ANGLE_UNIT ( ) );
#6631 = FACE_OUTER_BOUND ( 'NONE', #8428, .T. ) ;
#6632 = CARTESIAN_POINT ( 'NONE',  ( 0.6999999999999992895, 0.0000000000000000000, -2.800000000000000266 ) ) ;
#6633 = FILL_AREA_STYLE ('',( #972 ) ) ;
#6634 = SURFACE_STYLE_USAGE ( .BOTH. , #4657 ) ;
#6635 = EDGE_LOOP ( 'NONE', ( #6062, #1776, #6116, #3585 ) ) ;
#6636 = VECTOR ( 'NONE', #8591, 1000.000000000000000 ) ;
#6637 = STYLED_ITEM ( 'NONE', ( #147 ), #8155 ) ;
#6638 = SURFACE_STYLE_FILL_AREA ( #7895 ) ;
#6639 = VECTOR ( 'NONE', #113, 1000.000000000000000 ) ;
#6640 = CARTESIAN_POINT ( 'NONE',  ( 2.699999999999999734, 0.1999999999999999833, -2.800000000000000266 ) ) ;
#6641 = LINE ( 'NONE', #391, #4420 ) ;
#6642 = FACE_OUTER_BOUND ( 'NONE', #3486, .T. ) ;
#6643 = CARTESIAN_POINT ( 'NONE',  ( 3.750000000000000444, -3.399999999999999911, 0.2500000000000002220 ) ) ;
#6644 = VECTOR ( 'NONE', #2936, 1000.000000000000000 ) ;
#6645 = CARTESIAN_POINT ( 'NONE',  ( 8.150000000000000355, 5.100000000000001421, -0.1500000000000003830 ) ) ;
#6646 = PRESENTATION_LAYER_ASSIGNMENT (  '', '', ( #3122 ) ) ;
#6647 = ORIENTED_EDGE ( 'NONE', *, *, #6727, .F. ) ;
#6648 = CARTESIAN_POINT ( 'NONE',  ( 6.749999999999999112, 1.149999999999999911, -2.050000000000001599 ) ) ;
#6649 = SURFACE_STYLE_USAGE ( .BOTH. , #8653 ) ;
#6650 = COLOUR_RGB ( '',1.000000000000000000, 0.8117647058823529438, 0.5019607843137254832 ) ;
#6651 = PRESENTATION_LAYER_ASSIGNMENT (  '', '', ( #2259 ) ) ;
#6652 = AXIS2_PLACEMENT_3D ( 'NONE', #6421, #854, #6470 ) ;
#6653 = VECTOR ( 'NONE', #5669, 1000.000000000000000 ) ;
#6654 = ADVANCED_FACE ( 'NONE', ( #7736 ), #2260, .T. ) ;
#6655 =( NAMED_UNIT ( * ) PLANE_ANGLE_UNIT ( ) SI_UNIT ( $, .RADIAN. ) );
#6656 = DIRECTION ( 'NONE',  ( 0.0000000000000000000, -1.000000000000000000, 0.0000000000000000000 ) ) ;
#6657 = VECTOR ( 'NONE', #2257, 1000.000000000000227 ) ;
#6658 = FILL_AREA_STYLE_COLOUR ( '', #8315 ) ;
#6659 = DIRECTION ( 'NONE',  ( -1.000000000000000000, 5.421010862427522170E-17, 0.0000000000000000000 ) ) ;
#6660 = VERTEX_POINT ( 'NONE', #2939 ) ;
#6661 = PRESENTATION_LAYER_ASSIGNMENT (  '', '', ( #6525 ) ) ;
#6662 = ADVANCED_FACE ( 'NONE', ( #1354 ), #7090, .F. ) ;
#6663 = SURFACE_STYLE_USAGE ( .BOTH. , #5234 ) ;
#6664 = EDGE_CURVE ( 'NONE', #6123, #6716, #7870, .T. ) ;
#6665 = SURFACE_SIDE_STYLE ('',( #6854 ) ) ;
#6666 = DIRECTION ( 'NONE',  ( -4.336808689942017736E-16, 0.0000000000000000000, -1.000000000000000000 ) ) ;
#6667 = STYLED_ITEM ( 'NONE', ( #3669 ), #5506 ) ;
#6668 = EDGE_CURVE ( 'NONE', #8770, #8256, #3508, .T. ) ;
#6669 =( LENGTH_UNIT ( ) NAMED_UNIT ( * ) SI_UNIT ( .MILLI., .METRE. ) );
#6670 = SURFACE_SIDE_STYLE ('',( #4646 ) ) ;
#6671 = CARTESIAN_POINT ( 'NONE',  ( 9.750000000000000000, -3.399999999999999911, 0.2500000000000002220 ) ) ;
#6672 = ORIENTED_EDGE ( 'NONE', *, *, #8663, .F. ) ;
#6673 = AXIS2_PLACEMENT_3D ( 'NONE', #5154, #5020, #880 ) ;
#6674 = ORIENTED_EDGE ( 'NONE', *, *, #1934, .T. ) ;
#6675 = COLOUR_RGB ( '',1.000000000000000000, 1.000000000000000000, 1.000000000000000000 ) ;
#6676 = UNCERTAINTY_MEASURE_WITH_UNIT (LENGTH_MEASURE( 1.000000000000000082E-05 ), #5162, 'distance_accuracy_value', 'NONE');
#6677 =( LENGTH_UNIT ( ) NAMED_UNIT ( * ) SI_UNIT ( .MILLI., .METRE. ) );
#6678 = CARTESIAN_POINT ( 'NONE',  ( 10.24999999999999822, -3.399999999999999911, 0.2500000000000002220 ) ) ;
#6679 =( LENGTH_UNIT ( ) NAMED_UNIT ( * ) SI_UNIT ( .MILLI., .METRE. ) );
#6680 = ORIENTED_EDGE ( 'NONE', *, *, #713, .F. ) ;
#6681 = VECTOR ( 'NONE', #6506, 1000.000000000000000 ) ;
#6682 = EDGE_CURVE ( 'NONE', #6931, #860, #5951, .T. ) ;
#6683 = DIRECTION ( 'NONE',  ( -0.0000000000000000000, -0.0000000000000000000, 1.000000000000000000 ) ) ;
#6684 = CARTESIAN_POINT ( 'NONE',  ( 9.299999999999998934, 0.2000000000000000389, 1.700000000000000178 ) ) ;
#6685 = LINE ( 'NONE', #2458, #2386 ) ;
#6686 = FACE_OUTER_BOUND ( 'NONE', #9076, .T. ) ;
#6687 = COLOUR_RGB ( '',1.000000000000000000, 0.8117647058823529438, 0.5019607843137254832 ) ;
#6688 = PRESENTATION_STYLE_ASSIGNMENT (( #4666 ) ) ;
#6689 = ORIENTED_EDGE ( 'NONE', *, *, #3901, .F. ) ;
#6690 = CARTESIAN_POINT ( 'NONE',  ( 9.849999999999999645, -3.399999999999999911, -0.1500000000000003830 ) ) ;
#6691 = CARTESIAN_POINT ( 'NONE',  ( 9.299999999999998934, 0.2000000000000000389, -2.800000000000000266 ) ) ;
#6692 = LINE ( 'NONE', #362, #7300 ) ;
#6693 = ADVANCED_BREP_SHAPE_REPRESENTATION ( 'JST-B6B-PH-K-S', ( #2748, #197 ), #5914 ) ;
#6694 = EDGE_CURVE ( 'NONE', #1049, #2019, #4496, .T. ) ;
#6695 = ORIENTED_EDGE ( 'NONE', *, *, #8785, .F. ) ;
#6696 = LINE ( 'NONE', #1041, #1830 ) ;
#6697 = FILL_AREA_STYLE_COLOUR ( '', #3425 ) ;
#6698 = FACE_OUTER_BOUND ( 'NONE', #6442, .T. ) ;
#6699 = LINE ( 'NONE', #5228, #4553 ) ;
#6700 = AXIS2_PLACEMENT_3D ( 'NONE', #8539, #4974, #8588 ) ;
#6701 = SURFACE_STYLE_FILL_AREA ( #2471 ) ;
#6702 = CARTESIAN_POINT ( 'NONE',  ( -1.350000000000000089, -13.20037878244408880, 1.249999999999997558 ) ) ;
#6703 = ORIENTED_EDGE ( 'NONE', *, *, #2542, .T. ) ;
#6704 = ORIENTED_EDGE ( 'NONE', *, *, #2617, .T. ) ;
#6705 = ADVANCED_FACE ( 'NONE', ( #3206 ), #7223, .T. ) ;
#6706 = VECTOR ( 'NONE', #214, 1000.000000000000000 ) ;
#6707 =( GEOMETRIC_REPRESENTATION_CONTEXT ( 3 ) GLOBAL_UNCERTAINTY_ASSIGNED_CONTEXT ( ( #8320 ) ) GLOBAL_UNIT_ASSIGNED_CONTEXT ( ( #1120, #5343, #3289 ) ) REPRESENTATION_CONTEXT ( 'NONE', 'WORKASPACE' ) );
#6708 = ORIENTED_EDGE ( 'NONE', *, *, #1901, .F. ) ;
#6709 = SURFACE_STYLE_USAGE ( .BOTH. , #6665 ) ;
#6710 = LINE ( 'NONE', #8888, #4466 ) ;
#6711 = DIRECTION ( 'NONE',  ( -0.0000000000000000000, 1.000000000000000000, -0.0000000000000000000 ) ) ;
#6712 = CARTESIAN_POINT ( 'NONE',  ( 7.299999999999998934, 0.2000000000000000389, -2.800000000000000266 ) ) ;
#6713 = ORIENTED_EDGE ( 'NONE', *, *, #5748, .T. ) ;
#6714 = PRESENTATION_LAYER_ASSIGNMENT (  '', '', ( #3185 ) ) ;
#6715 = EDGE_CURVE ( 'NONE', #3174, #8616, #6611, .T. ) ;
#6716 = VERTEX_POINT ( 'NONE', #7305 ) ;
#6717 = ORIENTED_EDGE ( 'NONE', *, *, #4309, .T. ) ;
#6718 = FILL_AREA_STYLE ('',( #7969 ) ) ;
#6719 =( NAMED_UNIT ( * ) PLANE_ANGLE_UNIT ( ) SI_UNIT ( $, .RADIAN. ) );
#6720 =( NAMED_UNIT ( * ) PLANE_ANGLE_UNIT ( ) SI_UNIT ( $, .RADIAN. ) );
#6721 = VERTEX_POINT ( 'NONE', #7392 ) ;
#6722 = PRESENTATION_STYLE_ASSIGNMENT (( #1929 ) ) ;
#6723 = ORIENTED_EDGE ( 'NONE', *, *, #7728, .T. ) ;
#6724 = EDGE_CURVE ( 'NONE', #5955, #6429, #1757, .T. ) ;
#6725 = VECTOR ( 'NONE', #8809, 1000.000000000000000 ) ;
#6726 = VERTEX_POINT ( 'NONE', #3159 ) ;
#6727 = EDGE_CURVE ( 'NONE', #3716, #4667, #6574, .T. ) ;
#6728 = CARTESIAN_POINT ( 'NONE',  ( -0.7000000000000002887, 0.2000000000000000389, -2.800000000000000266 ) ) ;
#6729 = DIRECTION ( 'NONE',  ( -1.000000000000000000, 1.084202172485504237E-15, 0.0000000000000000000 ) ) ;
#6730 = FACE_OUTER_BOUND ( 'NONE', #6296, .T. ) ;
#6731 = CARTESIAN_POINT ( 'NONE',  ( 11.95000000000000107, 1.380000000000003002, 1.300000000000000044 ) ) ;
#6732 = CARTESIAN_POINT ( 'NONE',  ( 1.750000000000000222, -3.399999999999999911, 0.2500000000000002220 ) ) ;
#6733 = VECTOR ( 'NONE', #5831, 1000.000000000000000 ) ;
#6734 = EDGE_CURVE ( 'NONE', #5962, #6273, #1621, .T. ) ;
#6735 = CARTESIAN_POINT ( 'NONE',  ( 3.299999999999999378, 0.2000000000000000389, -2.800000000000000266 ) ) ;
#6736 =( LENGTH_UNIT ( ) NAMED_UNIT ( * ) SI_UNIT ( .MILLI., .METRE. ) );
#6737 = ORIENTED_EDGE ( 'NONE', *, *, #293, .F. ) ;
#6738 = CARTESIAN_POINT ( 'NONE',  ( -1.350000000000000089, 6.000000000000000000, 1.599999999999998979 ) ) ;
#6739 = DIRECTION ( 'NONE',  ( 0.0000000000000000000, 0.0000000000000000000, 1.000000000000000000 ) ) ;
#6740 = COLOUR_RGB ( '',1.000000000000000000, 1.000000000000000000, 1.000000000000000000 ) ;
#6741 = EDGE_LOOP ( 'NONE', ( #474, #2660, #1093, #5590 ) ) ;
#6742 = CARTESIAN_POINT ( 'NONE',  ( -0.2499999999999997780, 5.000000000000000888, 0.2500000000000002220 ) ) ;
#6743 = PRESENTATION_STYLE_ASSIGNMENT (( #5505 ) ) ;
#6744 = FILL_AREA_STYLE ('',( #4630 ) ) ;
#6745 = DIRECTION ( 'NONE',  ( -1.084202172485504237E-15, -1.000000000000000000, 0.0000000000000000000 ) ) ;
#6746 = CARTESIAN_POINT ( 'NONE',  ( 10.24999999999999822, -3.300000000000000266, -0.2499999999999997780 ) ) ;
#6747 = CARTESIAN_POINT ( 'NONE',  ( 11.95000000000000107, 4.500000000000000888, -0.6799999999999978284 ) ) ;
#6748 = CARTESIAN_POINT ( 'NONE',  ( 6.049999999999999822, 5.100000000000001421, -0.1500000000000003830 ) ) ;
#6749 = VERTEX_POINT ( 'NONE', #5230 ) ;
#6750 = UNCERTAINTY_MEASURE_WITH_UNIT (LENGTH_MEASURE( 1.000000000000000082E-05 ), #529, 'distance_accuracy_value', 'NONE');
#6751 = EDGE_CURVE ( 'NONE', #5373, #7645, #7264, .T. ) ;
#6752 = DIRECTION ( 'NONE',  ( 1.000000000000000000, -5.421010862427522170E-17, 0.0000000000000000000 ) ) ;
#6753 = CARTESIAN_POINT ( 'NONE',  ( 2.150000000000001243, 5.100000000000001421, -2.800000000000000266 ) ) ;
#6754 = SURFACE_SIDE_STYLE ('',( #2763 ) ) ;
#6755 = SURFACE_SIDE_STYLE ('',( #7492 ) ) ;
#6756 = CARTESIAN_POINT ( 'NONE',  ( 8.750000000000000000, 3.150000000000000799, -2.050000000000001599 ) ) ;
#6757 = CARTESIAN_POINT ( 'NONE',  ( 5.299999999999998934, 0.2000000000000000389, -2.800000000000000266 ) ) ;
#6758 = CARTESIAN_POINT ( 'NONE',  ( 1.150000000000000799, 1.799999999999999600, -2.801000000000000600 ) ) ;
#6759 = ORIENTED_EDGE ( 'NONE', *, *, #2328, .F. ) ;
#6760 = VECTOR ( 'NONE', #3166, 1000.000000000000000 ) ;
#6761 = VECTOR ( 'NONE', #5651, 1000.000000000000000 ) ;
#6762 = CARTESIAN_POINT ( 'NONE',  ( 11.95100000000000051, 6.000000000000000000, 0.3199999999999999512 ) ) ;
#6763 = COLOUR_RGB ( '',1.000000000000000000, 1.000000000000000000, 1.000000000000000000 ) ;
#6764 = PRESENTATION_LAYER_ASSIGNMENT (  '', '', ( #6008 ) ) ;
#6765 = UNCERTAINTY_MEASURE_WITH_UNIT (LENGTH_MEASURE( 1.000000000000000082E-05 ), #317, 'distance_accuracy_value', 'NONE');
#6766 = EDGE_CURVE ( 'NONE', #3923, #3, #5859, .T. ) ;
#6767 = PLANE ( 'NONE',  #6815 ) ;
#6768 =( LENGTH_UNIT ( ) NAMED_UNIT ( * ) SI_UNIT ( .MILLI., .METRE. ) );
#6769 =( NAMED_UNIT ( * ) PLANE_ANGLE_UNIT ( ) SI_UNIT ( $, .RADIAN. ) );
#6770 = DIRECTION ( 'NONE',  ( 2.987958743070288203E-17, 0.0000000000000000000, -1.000000000000000000 ) ) ;
#6771 =( NAMED_UNIT ( * ) SI_UNIT ( $, .STERADIAN. ) SOLID_ANGLE_UNIT ( ) );
#6772 = FILL_AREA_STYLE ('',( #5292 ) ) ;
#6773 = ORIENTED_EDGE ( 'NONE', *, *, #5310, .F. ) ;
#6774 = ORIENTED_EDGE ( 'NONE', *, *, #3955, .F. ) ;
#6775 = PRESENTATION_LAYER_ASSIGNMENT (  '', '', ( #2661 ) ) ;
#6776 = VECTOR ( 'NONE', #7853, 1000.000000000000114 ) ;
#6777 = UNCERTAINTY_MEASURE_WITH_UNIT (LENGTH_MEASURE( 1.000000000000000082E-05 ), #169, 'distance_accuracy_value', 'NONE');
#6778 = CARTESIAN_POINT ( 'NONE',  ( 10.14999999999999858, -3.399999999999999911, -2.800000000000000266 ) ) ;
#6779 =( NAMED_UNIT ( * ) SI_UNIT ( $, .STERADIAN. ) SOLID_ANGLE_UNIT ( ) );
#6780 = CARTESIAN_POINT ( 'NONE',  ( -0.2500000000000004441, -3.399999999999999911, -0.2499999999999997780 ) ) ;
#6781 = STYLED_ITEM ( 'NONE', ( #1172 ), #3891 ) ;
#6782 = SURFACE_SIDE_STYLE ('',( #3192 ) ) ;
#6783 = SURFACE_SIDE_STYLE ('',( #280 ) ) ;
#6784 = VERTEX_POINT ( 'NONE', #8040 ) ;
#6785 = CARTESIAN_POINT ( 'NONE',  ( 2.750000000000000444, 3.399999999999999467, -2.300000000000001599 ) ) ;
#6786 = FILL_AREA_STYLE_COLOUR ( '', #7970 ) ;
#6787 = PLANE ( 'NONE',  #3184 ) ;
#6788 = AXIS2_PLACEMENT_3D ( 'NONE', #7875, #2994, #5783 ) ;
#6789 = ORIENTED_EDGE ( 'NONE', *, *, #4764, .F. ) ;
#6790 = EDGE_CURVE ( 'NONE', #1804, #2483, #6531, .T. ) ;
#6791 = PLANE ( 'NONE',  #299 ) ;
#6792 = VECTOR ( 'NONE', #2469, 1000.000000000000000 ) ;
#6793 = COLOUR_RGB ( '',1.000000000000000000, 1.000000000000000000, 1.000000000000000000 ) ;
#6794 = COLOUR_RGB ( '',1.000000000000000000, 1.000000000000000000, 1.000000000000000000 ) ;
#6795 = EDGE_CURVE ( 'NONE', #8426, #7802, #8627, .T. ) ;
#6796 = FILL_AREA_STYLE ('',( #4775 ) ) ;
#6797 = PRESENTATION_STYLE_ASSIGNMENT (( #366 ) ) ;
#6798 = EDGE_LOOP ( 'NONE', ( #9088, #5608, #2327, #2313 ) ) ;
#6799 = CARTESIAN_POINT ( 'NONE',  ( 7.750000000000000000, -3.399999999999999911, 0.2500000000000002220 ) ) ;
#6800 = MECHANICAL_DESIGN_GEOMETRIC_PRESENTATION_REPRESENTATION (  '', ( #4299 ), #2528 ) ;
#6801 = DIRECTION ( 'NONE',  ( -0.0000000000000000000, -0.0000000000000000000, -1.000000000000000000 ) ) ;
#6802 = VERTEX_POINT ( 'NONE', #327 ) ;
#6803 = AXIS2_PLACEMENT_3D ( 'NONE', #4835, #6142, #5517 ) ;
#6804 = VECTOR ( 'NONE', #7076, 1000.000000000000000 ) ;
#6805 = EDGE_CURVE ( 'NONE', #4686, #4065, #2340, .T. ) ;
#6806 = COLOUR_RGB ( '',1.000000000000000000, 1.000000000000000000, 1.000000000000000000 ) ;
#6807 =( NAMED_UNIT ( * ) PLANE_ANGLE_UNIT ( ) SI_UNIT ( $, .RADIAN. ) );
#6808 = SURFACE_STYLE_USAGE ( .BOTH. , #8172 ) ;
#6809 = ORIENTED_EDGE ( 'NONE', *, *, #5485, .T. ) ;
#6810 = DIRECTION ( 'NONE',  ( 0.5773502691896253980, 0.5773502691896280625, -0.5773502691896236216 ) ) ;
#6811 = PRESENTATION_STYLE_ASSIGNMENT (( #3769 ) ) ;
#6812 = CARTESIAN_POINT ( 'NONE',  ( 1.299999999999999600, 0.2000000000000000389, -2.800000000000000266 ) ) ;
#6813 = EDGE_LOOP ( 'NONE', ( #7039, #2175, #2283, #7672 ) ) ;
#6814 =( GEOMETRIC_REPRESENTATION_CONTEXT ( 3 ) GLOBAL_UNCERTAINTY_ASSIGNED_CONTEXT ( ( #4854 ) ) GLOBAL_UNIT_ASSIGNED_CONTEXT ( ( #4568, #205, #8617 ) ) REPRESENTATION_CONTEXT ( 'NONE', 'WORKASPACE' ) );
#6815 = AXIS2_PLACEMENT_3D ( 'NONE', #8765, #2728, #6152 ) ;
#6816 = ORIENTED_EDGE ( 'NONE', *, *, #8646, .T. ) ;
#6817 = VECTOR ( 'NONE', #2127, 1000.000000000000000 ) ;
#6818 = DIRECTION ( 'NONE',  ( 1.000000000000000000, 0.0000000000000000000, 0.0000000000000000000 ) ) ;
#6819 = PRESENTATION_LAYER_ASSIGNMENT (  '', '', ( #4769 ) ) ;
#6820 = PRESENTATION_STYLE_ASSIGNMENT (( #4702 ) ) ;
#6821 = MECHANICAL_DESIGN_GEOMETRIC_PRESENTATION_REPRESENTATION (  '', ( #1654 ), #732 ) ;
#6822 = SURFACE_SIDE_STYLE ('',( #3422 ) ) ;
#6823 = EDGE_LOOP ( 'NONE', ( #1650, #2473, #261, #6210 ) ) ;
#6824 = VECTOR ( 'NONE', #1564, 1000.000000000000114 ) ;
#6825 =( NAMED_UNIT ( * ) SI_UNIT ( $, .STERADIAN. ) SOLID_ANGLE_UNIT ( ) );
#6826 = LINE ( 'NONE', #1169, #998 ) ;
#6827 = CARTESIAN_POINT ( 'NONE',  ( -1.180000000000000160, 4.229999999999999538, 1.700000000000000178 ) ) ;
#6828 = CARTESIAN_POINT ( 'NONE',  ( -1.949999999999999956, 1.800000000000000044, 0.2500000000000002220 ) ) ;
#6829 = EDGE_CURVE ( 'NONE', #671, #6522, #6847, .T. ) ;
#6830 = PRESENTATION_STYLE_ASSIGNMENT (( #2604 ) ) ;
#6831 =( NAMED_UNIT ( * ) SI_UNIT ( $, .STERADIAN. ) SOLID_ANGLE_UNIT ( ) );
#6832 = ORIENTED_EDGE ( 'NONE', *, *, #5534, .T. ) ;
#6833 = DIRECTION ( 'NONE',  ( -0.0000000000000000000, -0.0000000000000000000, 1.000000000000000000 ) ) ;
#6834 = CARTESIAN_POINT ( 'NONE',  ( 11.35000000000000497, 1.800000000000000044, -0.4000000000000023537 ) ) ;
#6835 = LINE ( 'NONE', #3927, #506 ) ;
#6836 = VECTOR ( 'NONE', #2135, 1000.000000000000000 ) ;
#6837 = EDGE_CURVE ( 'NONE', #8597, #412, #6090, .T. ) ;
#6838 = ORIENTED_EDGE ( 'NONE', *, *, #1981, .T. ) ;
#6839 = MECHANICAL_DESIGN_GEOMETRIC_PRESENTATION_REPRESENTATION (  '', ( #2430 ), #4036 ) ;
#6840 = FILL_AREA_STYLE ('',( #3931 ) ) ;
#6841 = FILL_AREA_STYLE_COLOUR ( '', #2216 ) ;
#6842 =( NAMED_UNIT ( * ) PLANE_ANGLE_UNIT ( ) SI_UNIT ( $, .RADIAN. ) );
#6843 =( NAMED_UNIT ( * ) SI_UNIT ( $, .STERADIAN. ) SOLID_ANGLE_UNIT ( ) );
#6844 = FACE_OUTER_BOUND ( 'NONE', #7430, .T. ) ;
#6845 = ORIENTED_EDGE ( 'NONE', *, *, #3954, .T. ) ;
#6846 = PLANE ( 'NONE',  #2987 ) ;
#6847 = LINE ( 'NONE', #8259, #6414 ) ;
#6848 = LINE ( 'NONE', #328, #2795 ) ;
#6849 = ORIENTED_EDGE ( 'NONE', *, *, #5558, .T. ) ;
#6850 = ORIENTED_EDGE ( 'NONE', *, *, #6513, .F. ) ;
#6851 = COLOUR_RGB ( '',1.000000000000000000, 1.000000000000000000, 1.000000000000000000 ) ;
#6852 = ADVANCED_FACE ( 'NONE', ( #8838 ), #8974, .F. ) ;
#6853 = UNCERTAINTY_MEASURE_WITH_UNIT (LENGTH_MEASURE( 1.000000000000000082E-05 ), #4235, 'distance_accuracy_value', 'NONE');
#6854 = SURFACE_STYLE_FILL_AREA ( #8753 ) ;
#6855 =( NAMED_UNIT ( * ) PLANE_ANGLE_UNIT ( ) SI_UNIT ( $, .RADIAN. ) );
#6856 = SURFACE_STYLE_FILL_AREA ( #8214 ) ;
#6857 = CARTESIAN_POINT ( 'NONE',  ( 5.299999999999998934, 0.2000000000000000389, -2.800000000000000266 ) ) ;
#6858 = CARTESIAN_POINT ( 'NONE',  ( 1.150000000000000799, 5.650000000000001243, 1.249999999999997558 ) ) ;
#6859 = ORIENTED_EDGE ( 'NONE', *, *, #3940, .T. ) ;
#6860 = AXIS2_PLACEMENT_3D ( 'NONE', #6240, #4681, #4634 ) ;
#6861 = DIRECTION ( 'NONE',  ( 0.7071067811865489050, -0.7071067811865461294, -3.066586833366754193E-16 ) ) ;
#6862 = ORIENTED_EDGE ( 'NONE', *, *, #7337, .T. ) ;
#6863 = UNCERTAINTY_MEASURE_WITH_UNIT (LENGTH_MEASURE( 1.000000000000000082E-05 ), #6736, 'distance_accuracy_value', 'NONE');
#6864 = DIRECTION ( 'NONE',  ( 1.000000000000000000, 0.0000000000000000000, 0.0000000000000000000 ) ) ;
#6865 = FILL_AREA_STYLE ('',( #5573 ) ) ;
#6866 = VECTOR ( 'NONE', #4993, 1000.000000000000114 ) ;
#6867 = CARTESIAN_POINT ( 'NONE',  ( -1.350000000000000089, 6.000000000000000000, 1.599999999999998979 ) ) ;
#6868 =( NAMED_UNIT ( * ) SI_UNIT ( $, .STERADIAN. ) SOLID_ANGLE_UNIT ( ) );
#6869 = SURFACE_STYLE_FILL_AREA ( #7697 ) ;
#6870 = VECTOR ( 'NONE', #3561, 1000.000000000000114 ) ;
#6871 = ORIENTED_EDGE ( 'NONE', *, *, #8782, .F. ) ;
#6872 = UNCERTAINTY_MEASURE_WITH_UNIT (LENGTH_MEASURE( 1.000000000000000082E-05 ), #6098, 'distance_accuracy_value', 'NONE');
#6873 =( LENGTH_UNIT ( ) NAMED_UNIT ( * ) SI_UNIT ( .MILLI., .METRE. ) );
#6874 = ORIENTED_EDGE ( 'NONE', *, *, #7084, .F. ) ;
#6875 = LINE ( 'NONE', #6165, #3409 ) ;
#6876 = EDGE_CURVE ( 'NONE', #8629, #8411, #3309, .T. ) ;
#6877 =( NAMED_UNIT ( * ) SI_UNIT ( $, .STERADIAN. ) SOLID_ANGLE_UNIT ( ) );
#6878 = EDGE_LOOP ( 'NONE', ( #3966, #4440, #7686, #3828 ) ) ;
#6879 = DIRECTION ( 'NONE',  ( 1.000000000000000000, -0.0000000000000000000, -6.240012503513693999E-17 ) ) ;
#6880 = ORIENTED_EDGE ( 'NONE', *, *, #7395, .T. ) ;
#6881 = LINE ( 'NONE', #8869, #593 ) ;
#6882 = PRESENTATION_LAYER_ASSIGNMENT (  '', '', ( #4831 ) ) ;
#6883 = ORIENTED_EDGE ( 'NONE', *, *, #2432, .T. ) ;
#6884 = SURFACE_SIDE_STYLE ('',( #8200 ) ) ;
#6885 = VERTEX_POINT ( 'NONE', #3400 ) ;
#6886 = FACE_OUTER_BOUND ( 'NONE', #2633, .T. ) ;
#6887 = FACE_OUTER_BOUND ( 'NONE', #5585, .T. ) ;
#6888 = CARTESIAN_POINT ( 'NONE',  ( 0.7500000000000002220, 3.399999999999999467, -2.050000000000001599 ) ) ;
#6889 = EDGE_CURVE ( 'NONE', #8608, #1491, #3978, .T. ) ;
#6890 = SURFACE_STYLE_FILL_AREA ( #3974 ) ;
#6891 = VERTEX_POINT ( 'NONE', #8207 ) ;
#6892 = PRESENTATION_STYLE_ASSIGNMENT (( #2613 ) ) ;
#6893 = CARTESIAN_POINT ( 'NONE',  ( 1.750000000000000666, 5.000000000000000888, 0.2500000000000002220 ) ) ;
#6894 = ORIENTED_EDGE ( 'NONE', *, *, #3243, .T. ) ;
#6895 = FILL_AREA_STYLE ('',( #3366 ) ) ;
#6896 = ADVANCED_FACE ( 'NONE', ( #2711 ), #4032, .F. ) ;
#6897 = PRESENTATION_STYLE_ASSIGNMENT (( #4091 ) ) ;
#6898 = CARTESIAN_POINT ( 'NONE',  ( 4.250000000000000000, 0.2000000000000000111, 0.2500000000000002220 ) ) ;
#6899 =( NAMED_UNIT ( * ) SI_UNIT ( $, .STERADIAN. ) SOLID_ANGLE_UNIT ( ) );
#6900 = DIRECTION ( 'NONE',  ( -1.927470528863119542E-16, 1.000000000000000000, 0.0000000000000000000 ) ) ;
#6901 = SURFACE_STYLE_FILL_AREA ( #1251 ) ;
#6902 = EDGE_LOOP ( 'NONE', ( #4286, #6287, #2271, #6427 ) ) ;
#6903 = EDGE_LOOP ( 'NONE', ( #6185, #4981, #8452, #4084, #678, #5150 ) ) ;
#6904 = LINE ( 'NONE', #556, #67 ) ;
#6905 = LINE ( 'NONE', #2629, #5061 ) ;
#6906 = SURFACE_STYLE_USAGE ( .BOTH. , #6255 ) ;
#6907 = EDGE_CURVE ( 'NONE', #737, #8707, #7439, .T. ) ;
#6908 = CARTESIAN_POINT ( 'NONE',  ( 5.750000000000000000, -3.399999999999999911, -0.2499999999999997780 ) ) ;
#6909 = DIRECTION ( 'NONE',  ( -0.0000000000000000000, -0.0000000000000000000, 1.000000000000000000 ) ) ;
#6910 =( NAMED_UNIT ( * ) PLANE_ANGLE_UNIT ( ) SI_UNIT ( $, .RADIAN. ) );
#6911 = FACE_OUTER_BOUND ( 'NONE', #6798, .T. ) ;
#6912 = ORIENTED_EDGE ( 'NONE', *, *, #670, .F. ) ;
#6913 = EDGE_LOOP ( 'NONE', ( #2026, #2363, #8713, #616 ) ) ;
#6914 = VECTOR ( 'NONE', #3006, 1000.000000000000000 ) ;
#6915 = DIRECTION ( 'NONE',  ( -1.000000000000000000, -0.0000000000000000000, -0.0000000000000000000 ) ) ;
#6916 = LINE ( 'NONE', #2915, #8979 ) ;
#6917 = MECHANICAL_DESIGN_GEOMETRIC_PRESENTATION_REPRESENTATION (  '', ( #2361 ), #5282 ) ;
#6918 = SURFACE_SIDE_STYLE ('',( #8948 ) ) ;
#6919 = CARTESIAN_POINT ( 'NONE',  ( -1.950000000000000178, -3.399999999999999911, 0.1500000000000025757 ) ) ;
#6920 =( NAMED_UNIT ( * ) PLANE_ANGLE_UNIT ( ) SI_UNIT ( $, .RADIAN. ) );
#6921 = LINE ( 'NONE', #4211, #4908 ) ;
#6922 = EDGE_LOOP ( 'NONE', ( #3362, #8208, #2935, #7126 ) ) ;
#6923 = SURFACE_STYLE_FILL_AREA ( #6271 ) ;
#6924 = ORIENTED_EDGE ( 'NONE', *, *, #3229, .T. ) ;
#6925 =( LENGTH_UNIT ( ) NAMED_UNIT ( * ) SI_UNIT ( .MILLI., .METRE. ) );
#6926 = FILL_AREA_STYLE_COLOUR ( '', #9050 ) ;
#6927 = COLOUR_RGB ( '',1.000000000000000000, 1.000000000000000000, 1.000000000000000000 ) ;
#6928 =( NAMED_UNIT ( * ) SI_UNIT ( $, .STERADIAN. ) SOLID_ANGLE_UNIT ( ) );
#6929 = COLOUR_RGB ( '',1.000000000000000000, 0.8117647058823529438, 0.5019607843137254832 ) ;
#6930 = FILL_AREA_STYLE ('',( #8964 ) ) ;
#6931 = VERTEX_POINT ( 'NONE', #6747 ) ;
#6932 = FILL_AREA_STYLE_COLOUR ( '', #8516 ) ;
#6933 = SURFACE_SIDE_STYLE ('',( #586 ) ) ;
#6934 = LINE ( 'NONE', #4873, #1914 ) ;
#6935 = ORIENTED_EDGE ( 'NONE', *, *, #8572, .F. ) ;
#6936 = DIRECTION ( 'NONE',  ( -6.829619984160658046E-17, 0.0000000000000000000, 1.000000000000000000 ) ) ;
#6937 = ADVANCED_FACE ( 'NONE', ( #8450 ), #7771, .F. ) ;
#6938 = CARTESIAN_POINT ( 'NONE',  ( 11.95000000000000107, 0.0000000000000000000, -2.800000000000000711 ) ) ;
#6939 = SURFACE_SIDE_STYLE ('',( #3500 ) ) ;
#6940 = AXIS2_PLACEMENT_3D ( 'NONE', #2850, #8988, #1435 ) ;
#6941 = MECHANICAL_DESIGN_GEOMETRIC_PRESENTATION_REPRESENTATION (  '', ( #572 ), #2945 ) ;
#6942 = PRESENTATION_LAYER_ASSIGNMENT (  '', '', ( #7525 ) ) ;
#6943 = VECTOR ( 'NONE', #2970, 1000.000000000000114 ) ;
#6944 = UNCERTAINTY_MEASURE_WITH_UNIT (LENGTH_MEASURE( 1.000000000000000082E-05 ), #3896, 'distance_accuracy_value', 'NONE');
#6945 = AXIS2_PLACEMENT_3D ( 'NONE', #7162, #3660, #2872 ) ;
#6946 = FILL_AREA_STYLE_COLOUR ( '', #5892 ) ;
#6947 = DIRECTION ( 'NONE',  ( -1.000000000000000000, 3.872150616019660190E-17, -0.0000000000000000000 ) ) ;
#6948 =( NAMED_UNIT ( * ) SI_UNIT ( $, .STERADIAN. ) SOLID_ANGLE_UNIT ( ) );
#6949 = LINE ( 'NONE', #2022, #8537 ) ;
#6950 = VECTOR ( 'NONE', #1807, 1000.000000000000000 ) ;
#6951 = FACE_OUTER_BOUND ( 'NONE', #3089, .T. ) ;
#6952 = VECTOR ( 'NONE', #2637, 1000.000000000000000 ) ;
#6953 = ORIENTED_EDGE ( 'NONE', *, *, #4177, .F. ) ;
#6954 = VERTEX_POINT ( 'NONE', #3592 ) ;
#6955 = VERTEX_POINT ( 'NONE', #773 ) ;
#6956 = ADVANCED_FACE ( 'NONE', ( #5725 ), #2841, .F. ) ;
#6957 = PRESENTATION_LAYER_ASSIGNMENT (  '', '', ( #7546 ) ) ;
#6959 = EDGE_CURVE ( 'NONE', #5068, #4968, #2201, .T. ) ;
#6958 = VECTOR ( 'NONE', #1881, 1000.000000000000000 ) ;
#6960 = CARTESIAN_POINT ( 'NONE',  ( 9.250000000000001776, 3.399999999999999467, -2.050000000000001599 ) ) ;
#6961 = ADVANCED_FACE ( 'NONE', ( #7814 ), #6324, .F. ) ;
#6962 = UNCERTAINTY_MEASURE_WITH_UNIT (LENGTH_MEASURE( 1.000000000000000082E-05 ), #9048, 'distance_accuracy_value', 'NONE');
#6963 = FACE_OUTER_BOUND ( 'NONE', #6902, .T. ) ;
#6964 = PLANE ( 'NONE',  #4597 ) ;
#6965 = LINE ( 'NONE', #6298, #7611 ) ;
#6966 = FILL_AREA_STYLE_COLOUR ( '', #4837 ) ;
#6967 = SURFACE_STYLE_USAGE ( .BOTH. , #524 ) ;
#6968 = VERTEX_POINT ( 'NONE', #5098 ) ;
#6969 = VECTOR ( 'NONE', #4920, 1000.000000000000000 ) ;
#6970 = ADVANCED_FACE ( 'NONE', ( #5900 ), #5771, .T. ) ;
#6971 = ORIENTED_EDGE ( 'NONE', *, *, #5960, .T. ) ;
#6972 = VECTOR ( 'NONE', #260, 1000.000000000000000 ) ;
#6973 = EDGE_LOOP ( 'NONE', ( #6674, #7440, #9070, #7990 ) ) ;
#6974 = SURFACE_STYLE_USAGE ( .BOTH. , #2779 ) ;
#6975 = UNCERTAINTY_MEASURE_WITH_UNIT (LENGTH_MEASURE( 1.000000000000000082E-05 ), #831, 'distance_accuracy_value', 'NONE');
#6976 = FACE_OUTER_BOUND ( 'NONE', #2765, .T. ) ;
#6977 = PLANE ( 'NONE',  #7109 ) ;
#6978 = SURFACE_SIDE_STYLE ('',( #8506 ) ) ;
#6979 = DIRECTION ( 'NONE',  ( -1.000000000000000000, 3.872150616019660190E-17, 0.0000000000000000000 ) ) ;
#6980 = LINE ( 'NONE', #5583, #2401 ) ;
#6981 = CARTESIAN_POINT ( 'NONE',  ( 11.95000000000000107, 0.0000000000000000000, 1.699999999999999289 ) ) ;
#6982 = VERTEX_POINT ( 'NONE', #7380 ) ;
#6983 =( NAMED_UNIT ( * ) SI_UNIT ( $, .STERADIAN. ) SOLID_ANGLE_UNIT ( ) );
#6984 = VECTOR ( 'NONE', #5176, 1000.000000000000000 ) ;
#6985 =( NAMED_UNIT ( * ) PLANE_ANGLE_UNIT ( ) SI_UNIT ( $, .RADIAN. ) );
#6986 = VECTOR ( 'NONE', #225, 1000.000000000000000 ) ;
#6987 = ORIENTED_EDGE ( 'NONE', *, *, #7508, .F. ) ;
#6988 = FILL_AREA_STYLE_COLOUR ( '', #4824 ) ;
#6989 = LINE ( 'NONE', #1422, #7526 ) ;
#6990 = ORIENTED_EDGE ( 'NONE', *, *, #1055, .F. ) ;
#6991 = ORIENTED_EDGE ( 'NONE', *, *, #5502, .T. ) ;
#6992 = PLANE ( 'NONE',  #8938 ) ;
#6993 = SURFACE_STYLE_FILL_AREA ( #3587 ) ;
#6994 = SURFACE_STYLE_FILL_AREA ( #543 ) ;
#6995 =( NAMED_UNIT ( * ) PLANE_ANGLE_UNIT ( ) SI_UNIT ( $, .RADIAN. ) );
#6996 = ORIENTED_EDGE ( 'NONE', *, *, #1109, .F. ) ;
#6997 = CYLINDRICAL_SURFACE ( 'NONE', #7123, 0.4999999999999995559 ) ;
#6998 = FILL_AREA_STYLE_COLOUR ( '', #4270 ) ;
#6999 = VECTOR ( 'NONE', #4561, 1000.000000000000000 ) ;
#7000 =( GEOMETRIC_REPRESENTATION_CONTEXT ( 3 ) GLOBAL_UNCERTAINTY_ASSIGNED_CONTEXT ( ( #5649 ) ) GLOBAL_UNIT_ASSIGNED_CONTEXT ( ( #1359, #2028, #4137 ) ) REPRESENTATION_CONTEXT ( 'NONE', 'WORKASPACE' ) );
#7001 = LINE ( 'NONE', #643, #52 ) ;
#7002 = LINE ( 'NONE', #691, #1535 ) ;
#7003 = PLANE ( 'NONE',  #114 ) ;
#7004 = VECTOR ( 'NONE', #6606, 1000.000000000000000 ) ;
#7005 = ORIENTED_EDGE ( 'NONE', *, *, #6229, .F. ) ;
#7006 = VERTEX_POINT ( 'NONE', #4403 ) ;
#7007 =( NAMED_UNIT ( * ) PLANE_ANGLE_UNIT ( ) SI_UNIT ( $, .RADIAN. ) );
#7008 = ORIENTED_EDGE ( 'NONE', *, *, #8575, .T. ) ;
#7009 = DIRECTION ( 'NONE',  ( -1.000000000000000000, 0.0000000000000000000, 0.0000000000000000000 ) ) ;
#7010 = CARTESIAN_POINT ( 'NONE',  ( 1.750000000000000666, 5.000000000000000888, 0.2500000000000002220 ) ) ;
#7011 = LINE ( 'NONE', #3473, #1855 ) ;
#7012 = ORIENTED_EDGE ( 'NONE', *, *, #1690, .F. ) ;
#7013 = EDGE_CURVE ( 'NONE', #3398, #5364, #8067, .T. ) ;
#7014 = PRESENTATION_LAYER_ASSIGNMENT (  '', '', ( #1694 ) ) ;
#7015 = EDGE_CURVE ( 'NONE', #3855, #2527, #7945, .T. ) ;
#7016 = CARTESIAN_POINT ( 'NONE',  ( 11.95000000000000107, 6.000000000000000000, 1.699999999999999289 ) ) ;
#7017 =( GEOMETRIC_REPRESENTATION_CONTEXT ( 3 ) GLOBAL_UNCERTAINTY_ASSIGNED_CONTEXT ( ( #9031 ) ) GLOBAL_UNIT_ASSIGNED_CONTEXT ( ( #3295, #4625, #8295 ) ) REPRESENTATION_CONTEXT ( 'NONE', 'WORKASPACE' ) );
#7018 = LINE ( 'NONE', #2137, #5323 ) ;
#7019 = MECHANICAL_DESIGN_GEOMETRIC_PRESENTATION_REPRESENTATION (  '', ( #8168 ), #5536 ) ;
#7020 = CARTESIAN_POINT ( 'NONE',  ( 6.749999999999999112, 3.399999999999999467, -2.050000000000001599 ) ) ;
#7021 = PLANE ( 'NONE',  #4868 ) ;
#7022 = FACE_OUTER_BOUND ( 'NONE', #5802, .T. ) ;
#7023 = LINE ( 'NONE', #2, #3152 ) ;
#7024 = EDGE_LOOP ( 'NONE', ( #8661, #4978, #8565, #360 ) ) ;
#7025 = EDGE_CURVE ( 'NONE', #3074, #8064, #908, .T. ) ;
#7026 = FACE_OUTER_BOUND ( 'NONE', #7521, .T. ) ;
#7027 = CARTESIAN_POINT ( 'NONE',  ( 0.0000000000000000000, -3.399999999999999911, -0.05000000000000012768 ) ) ;
#7028 = VECTOR ( 'NONE', #4515, 1000.000000000000114 ) ;
#7029 = ORIENTED_EDGE ( 'NONE', *, *, #7728, .F. ) ;
#7030 = ORIENTED_EDGE ( 'NONE', *, *, #1763, .F. ) ;
#7031 = FILL_AREA_STYLE ('',( #2880 ) ) ;
#7032 = PRESENTATION_LAYER_ASSIGNMENT (  '', '', ( #6128 ) ) ;
#7033 =( NAMED_UNIT ( * ) PLANE_ANGLE_UNIT ( ) SI_UNIT ( $, .RADIAN. ) );
#7034 = ORIENTED_EDGE ( 'NONE', *, *, #713, .T. ) ;
#7035 = PRESENTATION_STYLE_ASSIGNMENT (( #2007 ) ) ;
#7036 = ORIENTED_EDGE ( 'NONE', *, *, #3825, .T. ) ;
#7037 = PRESENTATION_STYLE_ASSIGNMENT (( #8351 ) ) ;
#7038 = CARTESIAN_POINT ( 'NONE',  ( 10.24999999999999822, -3.300000000000000266, 0.2500000000000002220 ) ) ;
#7039 = ORIENTED_EDGE ( 'NONE', *, *, #4464, .T. ) ;
#7040 = MECHANICAL_DESIGN_GEOMETRIC_PRESENTATION_REPRESENTATION (  '', ( #6128 ), #2474 ) ;
#7041 = UNCERTAINTY_MEASURE_WITH_UNIT (LENGTH_MEASURE( 1.000000000000000082E-05 ), #1036, 'distance_accuracy_value', 'NONE');
#7042 = SURFACE_SIDE_STYLE ('',( #6434 ) ) ;
#7043 = CARTESIAN_POINT ( 'NONE',  ( 4.250000000000000000, -3.300000000000000266, -0.2499999999999997780 ) ) ;
#7044 = DIRECTION ( 'NONE',  ( 0.0000000000000000000, -0.0000000000000000000, -1.000000000000000000 ) ) ;
#7045 = VERTEX_POINT ( 'NONE', #5225 ) ;
#7046 = VECTOR ( 'NONE', #4594, 1000.000000000000000 ) ;
#7047 = VERTEX_POINT ( 'NONE', #2376 ) ;
#7048 = ADVANCED_FACE ( 'NONE', ( #4441 ), #8581, .T. ) ;
#7049 = CARTESIAN_POINT ( 'NONE',  ( -0.2200000000000003619, 4.229999999999999538, 1.249999999999997558 ) ) ;
#7050 = FILL_AREA_STYLE_COLOUR ( '', #4311 ) ;
#7051 = LINE ( 'NONE', #1494, #7701 ) ;
#7052 = DIRECTION ( 'NONE',  ( -1.000000000000000000, -1.560003125878423376E-16, 0.0000000000000000000 ) ) ;
#7053 = CARTESIAN_POINT ( 'NONE',  ( 1.750000000000000666, 5.000000000000000888, 0.2500000000000002220 ) ) ;
#7054 = LINE ( 'NONE', #1367, #5131 ) ;
#7055 = ORIENTED_EDGE ( 'NONE', *, *, #5485, .F. ) ;
#7056 = SURFACE_STYLE_USAGE ( .BOTH. , #4947 ) ;
#7057 = EDGE_CURVE ( 'NONE', #6199, #7652, #8154, .T. ) ;
#7058 = COLOUR_RGB ( '',1.000000000000000000, 1.000000000000000000, 1.000000000000000000 ) ;
#7059 = DIRECTION ( 'NONE',  ( 0.5773502691896206240, -0.5773502691896306160, 0.5773502691896260641 ) ) ;
#7060 = UNCERTAINTY_MEASURE_WITH_UNIT (LENGTH_MEASURE( 1.000000000000000082E-05 ), #521, 'distance_accuracy_value', 'NONE');
#7061 = SURFACE_SIDE_STYLE ('',( #8473 ) ) ;
#7062 = CARTESIAN_POINT ( 'NONE',  ( -0.7000000000000002887, 0.2000000000000000389, -2.800000000000000266 ) ) ;
#7063 = CARTESIAN_POINT ( 'NONE',  ( -1.950000000000000400, 1.380000000000000782, 1.300000000000000044 ) ) ;
#7064 = DIRECTION ( 'NONE',  ( 9.103382349328301547E-49, 2.350988701644575016E-32, 1.000000000000000000 ) ) ;
#7065 = ORIENTED_EDGE ( 'NONE', *, *, #1357, .F. ) ;
#7066 = SURFACE_SIDE_STYLE ('',( #4258 ) ) ;
#7067 =( NAMED_UNIT ( * ) SI_UNIT ( $, .STERADIAN. ) SOLID_ANGLE_UNIT ( ) );
#7068 = ORIENTED_EDGE ( 'NONE', *, *, #8032, .F. ) ;
#7069 = PLANE ( 'NONE',  #4785 ) ;
#7070 = FILL_AREA_STYLE ('',( #6417 ) ) ;
#7071 = ADVANCED_FACE ( 'NONE', ( #1950 ), #2697, .F. ) ;
#7072 = ORIENTED_EDGE ( 'NONE', *, *, #5363, .F. ) ;
#7073 = VECTOR ( 'NONE', #35, 1000.000000000000000 ) ;
#7074 = CARTESIAN_POINT ( 'NONE',  ( 10.24999999999999822, -3.399999999999999911, 0.2500000000000002220 ) ) ;
#7075 = DIRECTION ( 'NONE',  ( 0.0000000000000000000, -1.000000000000000000, 0.0000000000000000000 ) ) ;
#7076 = DIRECTION ( 'NONE',  ( -0.5773502691896267303, -0.5773502691896238437, 0.5773502691896267303 ) ) ;
#7077 = EDGE_LOOP ( 'NONE', ( #8381, #4601, #2266, #7246 ) ) ;
#7078 = FILL_AREA_STYLE ('',( #4966 ) ) ;
#7079 =( NAMED_UNIT ( * ) PLANE_ANGLE_UNIT ( ) SI_UNIT ( $, .RADIAN. ) );
#7080 = SURFACE_STYLE_FILL_AREA ( #7772 ) ;
#7081 = EDGE_CURVE ( 'NONE', #8251, #1162, #2002, .T. ) ;
#7082 = ORIENTED_EDGE ( 'NONE', *, *, #2051, .F. ) ;
#7083 = VERTEX_POINT ( 'NONE', #5501 ) ;
#7084 = EDGE_CURVE ( 'NONE', #1339, #3340, #6835, .T. ) ;
#7085 = FACE_OUTER_BOUND ( 'NONE', #4739, .T. ) ;
#7086 = FILL_AREA_STYLE_COLOUR ( '', #8440 ) ;
#7087 = CARTESIAN_POINT ( 'NONE',  ( 0.2499999999999997780, 1.800000000000000044, -2.800000000000000266 ) ) ;
#7088 = VECTOR ( 'NONE', #1944, 1000.000000000000114 ) ;
#7089 = EDGE_CURVE ( 'NONE', #5942, #6585, #4967, .T. ) ;
#7090 = PLANE ( 'NONE',  #7308 ) ;
#7091 = SURFACE_STYLE_FILL_AREA ( #5010 ) ;
#7092 = ORIENTED_EDGE ( 'NONE', *, *, #7497, .T. ) ;
#7093 = MECHANICAL_DESIGN_GEOMETRIC_PRESENTATION_REPRESENTATION (  '', ( #6492 ), #3981 ) ;
#7094 = MECHANICAL_DESIGN_GEOMETRIC_PRESENTATION_REPRESENTATION (  '', ( #1935 ), #3109 ) ;
#7095 = AXIS2_PLACEMENT_3D ( 'NONE', #7996, #8585, #2380 ) ;
#7096 = VECTOR ( 'NONE', #8950, 1000.000000000000000 ) ;
#7097 = CARTESIAN_POINT ( 'NONE',  ( 9.750000000000000000, -3.399999999999999911, -0.2499999999999997780 ) ) ;
#7098 = PLANE ( 'NONE',  #2412 ) ;
#7099 = COLOUR_RGB ( '',1.000000000000000000, 0.8117647058823529438, 0.5019607843137254832 ) ;
#7100 = PLANE ( 'NONE',  #1310 ) ;
#7101 = SURFACE_STYLE_USAGE ( .BOTH. , #1401 ) ;
#7102 = FILL_AREA_STYLE ('',( #2217 ) ) ;
#7103 = ORIENTED_EDGE ( 'NONE', *, *, #3548, .F. ) ;
#7104 = PRESENTATION_LAYER_ASSIGNMENT (  '', '', ( #1951 ) ) ;
#7105 = MECHANICAL_DESIGN_GEOMETRIC_PRESENTATION_REPRESENTATION (  '', ( #7977 ), #3582 ) ;
#7106 = VECTOR ( 'NONE', #5640, 1000.000000000000000 ) ;
#7107 = DIRECTION ( 'NONE',  ( 0.7071067811865475727, -0.7071067811865475727, 1.662400053425836136E-32 ) ) ;
#7108 = ORIENTED_EDGE ( 'NONE', *, *, #2337, .F. ) ;
#7109 = AXIS2_PLACEMENT_3D ( 'NONE', #6919, #569, #2739 ) ;
#7110 = DIRECTION ( 'NONE',  ( 0.0000000000000000000, 0.0000000000000000000, 1.000000000000000000 ) ) ;
#7111 = DIRECTION ( 'NONE',  ( 0.0000000000000000000, -0.0000000000000000000, 1.000000000000000000 ) ) ;
#7112 = VECTOR ( 'NONE', #5858, 1000.000000000000000 ) ;
#7113 = FILL_AREA_STYLE_COLOUR ( '', #1011 ) ;
#7114 =( NAMED_UNIT ( * ) PLANE_ANGLE_UNIT ( ) SI_UNIT ( $, .RADIAN. ) );
#7115 =( GEOMETRIC_REPRESENTATION_CONTEXT ( 3 ) GLOBAL_UNCERTAINTY_ASSIGNED_CONTEXT ( ( #567 ) ) GLOBAL_UNIT_ASSIGNED_CONTEXT ( ( #4302, #936, #3783 ) ) REPRESENTATION_CONTEXT ( 'NONE', 'WORKASPACE' ) );
#7116 = DIRECTION ( 'NONE',  ( 4.336808689942017736E-16, 0.0000000000000000000, 1.000000000000000000 ) ) ;
#7117 = FILL_AREA_STYLE_COLOUR ( '', #53 ) ;
#7118 = ORIENTED_EDGE ( 'NONE', *, *, #5099, .F. ) ;
#7119 = CARTESIAN_POINT ( 'NONE',  ( 2.250000000000000000, -3.399999999999999911, 0.2500000000000002220 ) ) ;
#7120 = EDGE_LOOP ( 'NONE', ( #6157, #4928, #7907, #6912 ) ) ;
#7121 = EDGE_CURVE ( 'NONE', #7800, #8124, #2644, .T. ) ;
#7122 =( GEOMETRIC_REPRESENTATION_CONTEXT ( 3 ) GLOBAL_UNCERTAINTY_ASSIGNED_CONTEXT ( ( #6206 ) ) GLOBAL_UNIT_ASSIGNED_CONTEXT ( ( #1302, #5381, #4140 ) ) REPRESENTATION_CONTEXT ( 'NONE', 'WORKASPACE' ) );
#7123 = AXIS2_PLACEMENT_3D ( 'NONE', #8449, #4269, #820 ) ;
#7124 = STYLED_ITEM ( 'NONE', ( #8085 ), #1104 ) ;
#7125 = PRESENTATION_STYLE_ASSIGNMENT (( #6232 ) ) ;
#7126 = ORIENTED_EDGE ( 'NONE', *, *, #2113, .F. ) ;
#7127 =( NAMED_UNIT ( * ) SI_UNIT ( $, .STERADIAN. ) SOLID_ANGLE_UNIT ( ) );
#7128 = DIRECTION ( 'NONE',  ( 0.0000000000000000000, -0.7071067811865451302, 0.7071067811865500152 ) ) ;
#7129 = EDGE_LOOP ( 'NONE', ( #7029, #6174, #3395, #3403 ) ) ;
#7130 = CARTESIAN_POINT ( 'NONE',  ( 0.1500000000000021316, -3.399999999999999911, -0.1500000000000021316 ) ) ;
#7131 =( GEOMETRIC_REPRESENTATION_CONTEXT ( 3 ) GLOBAL_UNCERTAINTY_ASSIGNED_CONTEXT ( ( #1317 ) ) GLOBAL_UNIT_ASSIGNED_CONTEXT ( ( #6925, #6542, #6983 ) ) REPRESENTATION_CONTEXT ( 'NONE', 'WORKASPACE' ) );
#7132 = ORIENTED_EDGE ( 'NONE', *, *, #5203, .F. ) ;
#7133 = EDGE_CURVE ( 'NONE', #2920, #7173, #2608, .T. ) ;
#7134 = EDGE_CURVE ( 'NONE', #8500, #1432, #6692, .T. ) ;
#7135 = COLOUR_RGB ( '',1.000000000000000000, 1.000000000000000000, 1.000000000000000000 ) ;
#7136 = UNCERTAINTY_MEASURE_WITH_UNIT (LENGTH_MEASURE( 1.000000000000000082E-05 ), #3533, 'distance_accuracy_value', 'NONE');
#7137 = CARTESIAN_POINT ( 'NONE',  ( 3.299999999999999378, 0.0000000000000000000, -2.800000000000000266 ) ) ;
#7138 = PLANE ( 'NONE',  #3679 ) ;
#7139 = DIRECTION ( 'NONE',  ( -3.872150616019660190E-17, -1.000000000000000000, 0.0000000000000000000 ) ) ;
#7140 =( GEOMETRIC_REPRESENTATION_CONTEXT ( 3 ) GLOBAL_UNCERTAINTY_ASSIGNED_CONTEXT ( ( #3376 ) ) GLOBAL_UNIT_ASSIGNED_CONTEXT ( ( #8955, #5438, #6831 ) ) REPRESENTATION_CONTEXT ( 'NONE', 'WORKASPACE' ) );
#7141 = FILL_AREA_STYLE ('',( #3462 ) ) ;
#7142 = ORIENTED_EDGE ( 'NONE', *, *, #4859, .T. ) ;
#7143 = MECHANICAL_DESIGN_GEOMETRIC_PRESENTATION_REPRESENTATION (  '', ( #4188 ), #4936 ) ;
#7144 = ADVANCED_FACE ( 'NONE', ( #8781 ), #6787, .F. ) ;
#7145 = EDGE_CURVE ( 'NONE', #6069, #8707, #5586, .T. ) ;
#7146 = DIRECTION ( 'NONE',  ( -4.336808689942017736E-16, 0.0000000000000000000, -1.000000000000000000 ) ) ;
#7147 = DIRECTION ( 'NONE',  ( 3.872150616019660190E-17, 1.000000000000000000, 0.0000000000000000000 ) ) ;
#7148 =( LENGTH_UNIT ( ) NAMED_UNIT ( * ) SI_UNIT ( .MILLI., .METRE. ) );
#7149 = DIRECTION ( 'NONE',  ( -0.0000000000000000000, -0.0000000000000000000, 1.000000000000000000 ) ) ;
#7150 = EDGE_LOOP ( 'NONE', ( #1213, #2573, #3138, #4452 ) ) ;
#7151 = STYLED_ITEM ( 'NONE', ( #6743 ), #8019 ) ;
#7152 = CARTESIAN_POINT ( 'NONE',  ( 11.95000000000000107, 6.000000000000000000, 1.699999999999999289 ) ) ;
#7153 = UNCERTAINTY_MEASURE_WITH_UNIT (LENGTH_MEASURE( 1.000000000000000082E-05 ), #1111, 'distance_accuracy_value', 'NONE');
#7154 =( NAMED_UNIT ( * ) PLANE_ANGLE_UNIT ( ) SI_UNIT ( $, .RADIAN. ) );
#7155 = DIRECTION ( 'NONE',  ( -1.000000000000000000, -0.0000000000000000000, -0.0000000000000000000 ) ) ;
#7156 = CARTESIAN_POINT ( 'NONE',  ( 4.250000000000000000, -3.300000000000000266, 0.2500000000000002220 ) ) ;
#7157 = PRESENTATION_STYLE_ASSIGNMENT (( #7841 ) ) ;
#7158 = DIRECTION ( 'NONE',  ( -1.000000000000000000, 5.421010862427522170E-17, 0.0000000000000000000 ) ) ;
#7159 = LINE ( 'NONE', #5800, #7257 ) ;
#7160 = FACE_OUTER_BOUND ( 'NONE', #8083, .T. ) ;
#7161 = VERTEX_POINT ( 'NONE', #7711 ) ;
#7162 = CARTESIAN_POINT ( 'NONE',  ( -1.350000000000000089, -13.20037878244408880, -2.350000000000001421 ) ) ;
#7163 = LINE ( 'NONE', #2282, #655 ) ;
#7164 = ORIENTED_EDGE ( 'NONE', *, *, #3298, .T. ) ;
#7165 = VECTOR ( 'NONE', #6591, 1000.000000000000000 ) ;
#7166 = DIRECTION ( 'NONE',  ( -0.0000000000000000000, -0.0000000000000000000, -1.000000000000000000 ) ) ;
#7167 = ADVANCED_FACE ( 'NONE', ( #4306 ), #7757, .F. ) ;
#7168 = DIRECTION ( 'NONE',  ( 0.0000000000000000000, 0.0000000000000000000, -1.000000000000000000 ) ) ;
#7169 = DIRECTION ( 'NONE',  ( 0.0000000000000000000, 1.000000000000000000, -5.782411586589359611E-16 ) ) ;
#7170 = ORIENTED_EDGE ( 'NONE', *, *, #3064, .T. ) ;
#7171 = DIRECTION ( 'NONE',  ( -0.0000000000000000000, -0.0000000000000000000, 1.000000000000000000 ) ) ;
#7172 = LINE ( 'NONE', #1521, #6824 ) ;
#7173 = VERTEX_POINT ( 'NONE', #7027 ) ;
#7174 = DIRECTION ( 'NONE',  ( -1.000000000000000000, -0.0000000000000000000, -0.0000000000000000000 ) ) ;
#7175 = AXIS2_PLACEMENT_3D ( 'NONE', #8911, #6080, #6739 ) ;
#7176 =( LENGTH_UNIT ( ) NAMED_UNIT ( * ) SI_UNIT ( .MILLI., .METRE. ) );
#7177 = ORIENTED_EDGE ( 'NONE', *, *, #4135, .F. ) ;
#7178 = COLOUR_RGB ( '',1.000000000000000000, 0.8117647058823529438, 0.5019607843137254832 ) ;
#7179 = ORIENTED_EDGE ( 'NONE', *, *, #2864, .F. ) ;
#7180 =( GEOMETRIC_REPRESENTATION_CONTEXT ( 3 ) GLOBAL_UNCERTAINTY_ASSIGNED_CONTEXT ( ( #8925 ) ) GLOBAL_UNIT_ASSIGNED_CONTEXT ( ( #1436, #733, #115 ) ) REPRESENTATION_CONTEXT ( 'NONE', 'WORKASPACE' ) );
#7181 = ADVANCED_FACE ( 'NONE', ( #8339 ), #673, .F. ) ;
#7182 = LINE ( 'NONE', #4404, #6511 ) ;
#7183 = SURFACE_SIDE_STYLE ('',( #1529 ) ) ;
#7184 = EDGE_CURVE ( 'NONE', #8917, #227, #50, .T. ) ;
#7185 = FILL_AREA_STYLE_COLOUR ( '', #161 ) ;
#7186 =( NAMED_UNIT ( * ) PLANE_ANGLE_UNIT ( ) SI_UNIT ( $, .RADIAN. ) );
#7187 = ORIENTED_EDGE ( 'NONE', *, *, #2625, .F. ) ;
#7188 = ORIENTED_EDGE ( 'NONE', *, *, #1292, .F. ) ;
#7189 = EDGE_CURVE ( 'NONE', #5006, #6280, #7163, .T. ) ;
#7190 = FILL_AREA_STYLE ('',( #4457 ) ) ;
#7191 = ADVANCED_FACE ( 'NONE', ( #141 ), #1380, .F. ) ;
#7192 = FACE_BOUND ( 'NONE', #9097, .T. ) ;
#7193 = ADVANCED_FACE ( 'NONE', ( #2098 ), #4958, .F. ) ;
#7194 =( NAMED_UNIT ( * ) SI_UNIT ( $, .STERADIAN. ) SOLID_ANGLE_UNIT ( ) );
#7195 = CARTESIAN_POINT ( 'NONE',  ( -1.951000000000000956, 6.000000000000000000, -0.6800000000000013811 ) ) ;
#7196 = ORIENTED_EDGE ( 'NONE', *, *, #3173, .F. ) ;
#7197 = VECTOR ( 'NONE', #3944, 1000.000000000000000 ) ;
#7198 = EDGE_CURVE ( 'NONE', #4353, #5568, #8342, .T. ) ;
#7199 = CARTESIAN_POINT ( 'NONE',  ( 4.049999999999999822, 3.150000000000000799, -2.050000000000001599 ) ) ;
#7200 = CARTESIAN_POINT ( 'NONE',  ( 10.14999999999999858, -3.399999999999999911, 0.1500000000000008271 ) ) ;
#7201 = DIRECTION ( 'NONE',  ( -1.000000000000000000, 3.872150616019660190E-17, 0.0000000000000000000 ) ) ;
#7202 = MECHANICAL_DESIGN_GEOMETRIC_PRESENTATION_REPRESENTATION (  '', ( #4254 ), #4104 ) ;
#7203 = ORIENTED_EDGE ( 'NONE', *, *, #5356, .F. ) ;
#7204 = CARTESIAN_POINT ( 'NONE',  ( 2.250000000000000000, -3.300000000000002043, 0.2500000000000002220 ) ) ;
#7205 = VERTEX_POINT ( 'NONE', #1275 ) ;
#7206 = LINE ( 'NONE', #8611, #5745 ) ;
#7207 = CARTESIAN_POINT ( 'NONE',  ( 8.849999999999999645, 6.000000000000000888, 1.249999999999998446 ) ) ;
#7208 = FILL_AREA_STYLE_COLOUR ( '', #578 ) ;
#7209 = PRESENTATION_STYLE_ASSIGNMENT (( #57 ) ) ;
#7210 = FILL_AREA_STYLE ('',( #2292 ) ) ;
#7211 = CARTESIAN_POINT ( 'NONE',  ( 4.250000000000000000, 1.800000000000000044, -0.2499999999999997780 ) ) ;
#7212 = ORIENTED_EDGE ( 'NONE', *, *, #4602, .F. ) ;
#7213 = LINE ( 'NONE', #244, #2272 ) ;
#7214 = VECTOR ( 'NONE', #3069, 1000.000000000000000 ) ;
#7215 = ORIENTED_EDGE ( 'NONE', *, *, #1816, .F. ) ;
#7216 = VECTOR ( 'NONE', #4733, 1000.000000000000000 ) ;
#7217 = DIRECTION ( 'NONE',  ( -0.0000000000000000000, 1.000000000000000000, -0.0000000000000000000 ) ) ;
#7218 = UNCERTAINTY_MEASURE_WITH_UNIT (LENGTH_MEASURE( 1.000000000000000082E-05 ), #6622, 'distance_accuracy_value', 'NONE');
#7219 = EDGE_CURVE ( 'NONE', #125, #8251, #674, .T. ) ;
#7220 = SURFACE_STYLE_USAGE ( .BOTH. , #5062 ) ;
#7221 = EDGE_LOOP ( 'NONE', ( #6143, #1687, #8220, #6101 ) ) ;
#7222 = DIRECTION ( 'NONE',  ( -4.336808689942017736E-16, 0.0000000000000000000, -1.000000000000000000 ) ) ;
#7223 = PLANE ( 'NONE',  #1543 ) ;
#7224 = FILL_AREA_STYLE ('',( #1715 ) ) ;
#7225 = VERTEX_POINT ( 'NONE', #1420 ) ;
#7226 = STYLED_ITEM ( 'NONE', ( #4059 ), #254 ) ;
#7227 = COLOUR_RGB ( '',1.000000000000000000, 0.8117647058823529438, 0.5019607843137254832 ) ;
#7228 = ORIENTED_EDGE ( 'NONE', *, *, #4204, .F. ) ;
#7229 = DIRECTION ( 'NONE',  ( 1.668003342285392044E-16, 0.0000000000000000000, 1.000000000000000000 ) ) ;
#7230 = LINE ( 'NONE', #2312, #7919 ) ;
#7231 = FILL_AREA_STYLE_COLOUR ( '', #748 ) ;
#7232 = ORIENTED_EDGE ( 'NONE', *, *, #6483, .T. ) ;
#7233 =( GEOMETRIC_REPRESENTATION_CONTEXT ( 3 ) GLOBAL_UNCERTAINTY_ASSIGNED_CONTEXT ( ( #108 ) ) GLOBAL_UNIT_ASSIGNED_CONTEXT ( ( #2927, #7667, #8519 ) ) REPRESENTATION_CONTEXT ( 'NONE', 'WORKASPACE' ) );
#7234 = EDGE_CURVE ( 'NONE', #2211, #1605, #9019, .T. ) ;
#7235 = ADVANCED_FACE ( 'NONE', ( #4310 ), #7069, .T. ) ;
#7236 = VECTOR ( 'NONE', #1229, 1000.000000000000000 ) ;
#7237 = UNCERTAINTY_MEASURE_WITH_UNIT (LENGTH_MEASURE( 1.000000000000000082E-05 ), #1811, 'distance_accuracy_value', 'NONE');
#7238 = PLANE ( 'NONE',  #7863 ) ;
#7239 = DIRECTION ( 'NONE',  ( 0.0000000000000000000, 0.0000000000000000000, 1.000000000000000000 ) ) ;
#7240 = VECTOR ( 'NONE', #2465, 1000.000000000000000 ) ;
#7241 = DIRECTION ( 'NONE',  ( -1.000000000000000000, 1.084202172485504237E-15, 0.0000000000000000000 ) ) ;
#7242 = FACE_OUTER_BOUND ( 'NONE', #1149, .T. ) ;
#7243 = ORIENTED_EDGE ( 'NONE', *, *, #7081, .T. ) ;
#7244 = FACE_OUTER_BOUND ( 'NONE', #7077, .T. ) ;
#7245 = MECHANICAL_DESIGN_GEOMETRIC_PRESENTATION_REPRESENTATION (  '', ( #2099 ), #5623 ) ;
#7246 = ORIENTED_EDGE ( 'NONE', *, *, #4921, .F. ) ;
#7247 = COLOUR_RGB ( '',1.000000000000000000, 0.8117647058823529438, 0.5019607843137254832 ) ;
#7248 = VECTOR ( 'NONE', #8558, 1000.000000000000000 ) ;
#7249 = MECHANICAL_DESIGN_GEOMETRIC_PRESENTATION_REPRESENTATION (  '', ( #8692 ), #3276 ) ;
#7250 = VECTOR ( 'NONE', #1965, 1000.000000000000000 ) ;
#7251 = DIRECTION ( 'NONE',  ( -1.000000000000000000, 5.421010862427522170E-17, 0.0000000000000000000 ) ) ;
#7252 = LINE ( 'NONE', #240, #8959 ) ;
#7253 = SURFACE_SIDE_STYLE ('',( #7941 ) ) ;
#7254 = ORIENTED_EDGE ( 'NONE', *, *, #6202, .F. ) ;
#7255 = MECHANICAL_DESIGN_GEOMETRIC_PRESENTATION_REPRESENTATION (  '', ( #3853 ), #8980 ) ;
#7256 = SURFACE_SIDE_STYLE ('',( #7992 ) ) ;
#7257 = VECTOR ( 'NONE', #5127, 1000.000000000000000 ) ;
#7258 =( GEOMETRIC_REPRESENTATION_CONTEXT ( 3 ) GLOBAL_UNCERTAINTY_ASSIGNED_CONTEXT ( ( #3468 ) ) GLOBAL_UNIT_ASSIGNED_CONTEXT ( ( #8658, #791, #2171 ) ) REPRESENTATION_CONTEXT ( 'NONE', 'WORKASPACE' ) );
#7259 = CARTESIAN_POINT ( 'NONE',  ( -1.350000000000000089, 5.650000000000000355, -2.350000000000001421 ) ) ;
#7260 = COLOUR_RGB ( '',1.000000000000000000, 0.8117647058823529438, 0.5019607843137254832 ) ;
#7261 =( NAMED_UNIT ( * ) PLANE_ANGLE_UNIT ( ) SI_UNIT ( $, .RADIAN. ) );
#7262 = SURFACE_STYLE_USAGE ( .BOTH. , #7183 ) ;
#7263 = CARTESIAN_POINT ( 'NONE',  ( -1.949999999999999956, 6.000000000000000000, 1.700000000000000178 ) ) ;
#7264 = LINE ( 'NONE', #2514, #6567 ) ;
#7265 = PRESENTATION_STYLE_ASSIGNMENT (( #1676 ) ) ;
#7266 = VERTEX_POINT ( 'NONE', #5042 ) ;
#7267 = COLOUR_RGB ( '',1.000000000000000000, 1.000000000000000000, 1.000000000000000000 ) ;
#7268 = STYLED_ITEM ( 'NONE', ( #6499 ), #2509 ) ;
#7269 = VECTOR ( 'NONE', #8015, 1000.000000000000000 ) ;
#7270 = DIRECTION ( 'NONE',  ( -0.0000000000000000000, -0.0000000000000000000, 1.000000000000000000 ) ) ;
#7271 = PRESENTATION_STYLE_ASSIGNMENT (( #8634 ) ) ;
#7272 =( LENGTH_UNIT ( ) NAMED_UNIT ( * ) SI_UNIT ( .MILLI., .METRE. ) );
#7273 = DIRECTION ( 'NONE',  ( -4.336808689942017736E-16, 0.0000000000000000000, -1.000000000000000000 ) ) ;
#7274 = AXIS2_PLACEMENT_3D ( 'NONE', #2415, #5134, #2235 ) ;
#7275 = ORIENTED_EDGE ( 'NONE', *, *, #3686, .F. ) ;
#7276 = ORIENTED_EDGE ( 'NONE', *, *, #4572, .T. ) ;
#7277 = COLOUR_RGB ( '',1.000000000000000000, 1.000000000000000000, 1.000000000000000000 ) ;
#7278 = CARTESIAN_POINT ( 'NONE',  ( 8.750000000000000000, 3.150000000000001243, -2.050000000000002043 ) ) ;
#7279 = ADVANCED_FACE ( 'NONE', ( #5807 ), #7981, .F. ) ;
#7280 = CARTESIAN_POINT ( 'NONE',  ( 11.95000000000000107, 1.380000000000003002, 1.300000000000000044 ) ) ;
#7281 = CARTESIAN_POINT ( 'NONE',  ( 7.750000000000000000, -3.399999999999999911, 0.2500000000000002220 ) ) ;
#7282 = DIRECTION ( 'NONE',  ( 0.0000000000000000000, 0.0000000000000000000, -1.000000000000000000 ) ) ;
#7283 = LINE ( 'NONE', #6632, #5285 ) ;
#7284 = SURFACE_STYLE_USAGE ( .BOTH. , #5290 ) ;
#7285 = DIRECTION ( 'NONE',  ( -5.421010862427522170E-17, -1.000000000000000000, 2.350988701644575016E-32 ) ) ;
#7286 = VERTEX_POINT ( 'NONE', #5215 ) ;
#7287 = EDGE_CURVE ( 'NONE', #8902, #2940, #4478, .T. ) ;
#7288 = EDGE_CURVE ( 'NONE', #8369, #1204, #977, .T. ) ;
#7289 = FILL_AREA_STYLE_COLOUR ( '', #5213 ) ;
#7290 = FILL_AREA_STYLE_COLOUR ( '', #3689 ) ;
#7291 =( NAMED_UNIT ( * ) PLANE_ANGLE_UNIT ( ) SI_UNIT ( $, .RADIAN. ) );
#7292 = CARTESIAN_POINT ( 'NONE',  ( 1.250000000000000666, 1.149999999999999911, -2.050000000000001599 ) ) ;
#7293 = CARTESIAN_POINT ( 'NONE',  ( 1.749999999999999778, -3.399999999999999911, -0.2499999999999997780 ) ) ;
#7294 = LINE ( 'NONE', #903, #4178 ) ;
#7295 = ORIENTED_EDGE ( 'NONE', *, *, #7184, .T. ) ;
#7296 = FACE_BOUND ( 'NONE', #761, .T. ) ;
#7297 = CARTESIAN_POINT ( 'NONE',  ( 3.750000000000000444, -3.399999999999999911, -0.2499999999999997780 ) ) ;
#7298 = COLOUR_RGB ( '',1.000000000000000000, 1.000000000000000000, 1.000000000000000000 ) ;
#7299 = CARTESIAN_POINT ( 'NONE',  ( -0.2500000000000002220, 1.800000000000000044, -0.2499999999999997780 ) ) ;
#7300 = VECTOR ( 'NONE', #4717, 1000.000000000000000 ) ;
#7301 = SURFACE_STYLE_FILL_AREA ( #2255 ) ;
#7302 =( GEOMETRIC_REPRESENTATION_CONTEXT ( 3 ) GLOBAL_UNCERTAINTY_ASSIGNED_CONTEXT ( ( #3365 ) ) GLOBAL_UNIT_ASSIGNED_CONTEXT ( ( #2806, #2946, #878 ) ) REPRESENTATION_CONTEXT ( 'NONE', 'WORKASPACE' ) );
#7303 = CARTESIAN_POINT ( 'NONE',  ( 9.849999999999997868, 5.100000000000001421, -2.800000000000001155 ) ) ;
#7304 = LINE ( 'NONE', #7865, #2219 ) ;
#7305 = CARTESIAN_POINT ( 'NONE',  ( 7.850000000000001421, 5.100000000000001421, -0.1500000000000003830 ) ) ;
#7306 = CARTESIAN_POINT ( 'NONE',  ( 11.95000000000000107, 0.0000000000000000000, -2.800000000000000711 ) ) ;
#7307 = ORIENTED_EDGE ( 'NONE', *, *, #5856, .F. ) ;
#7308 = AXIS2_PLACEMENT_3D ( 'NONE', #6384, #70, #3635 ) ;
#7309 = CARTESIAN_POINT ( 'NONE',  ( 4.049999999999999822, 5.100000000000001421, -2.800000000000000266 ) ) ;
#7310 =( NAMED_UNIT ( * ) PLANE_ANGLE_UNIT ( ) SI_UNIT ( $, .RADIAN. ) );
#7311 = CARTESIAN_POINT ( 'NONE',  ( 0.6999999999999992895, 0.1999999999999999833, -2.800000000000000266 ) ) ;
#7312 = DIRECTION ( 'NONE',  ( 1.000000000000000000, -0.0000000000000000000, 0.0000000000000000000 ) ) ;
#7313 = LINE ( 'NONE', #4542, #7703 ) ;
#7314 = ORIENTED_EDGE ( 'NONE', *, *, #828, .F. ) ;
#7315 = EDGE_CURVE ( 'NONE', #2615, #3673, #3701, .T. ) ;
#7316 = MECHANICAL_DESIGN_GEOMETRIC_PRESENTATION_REPRESENTATION (  '', ( #4673 ), #6445 ) ;
#7317 = FILL_AREA_STYLE ('',( #1155 ) ) ;
#7318 = UNCERTAINTY_MEASURE_WITH_UNIT (LENGTH_MEASURE( 1.000000000000000082E-05 ), #409, 'distance_accuracy_value', 'NONE');
#7319 =( NAMED_UNIT ( * ) PLANE_ANGLE_UNIT ( ) SI_UNIT ( $, .RADIAN. ) );
#7320 = DIRECTION ( 'NONE',  ( 0.0000000000000000000, 0.0000000000000000000, -1.000000000000000000 ) ) ;
#7321 = CARTESIAN_POINT ( 'NONE',  ( 4.699999999999999289, 0.1999999999999999833, -2.800000000000000266 ) ) ;
#7322 = CARTESIAN_POINT ( 'NONE',  ( -0.7000000000000002887, 0.2000000000000000389, -2.800000000000000266 ) ) ;
#7323 = CARTESIAN_POINT ( 'NONE',  ( 11.95000000000000107, 0.0000000000000000000, 1.699999999999999289 ) ) ;
#7324 = FILL_AREA_STYLE_COLOUR ( '', #3649 ) ;
#7325 = DIRECTION ( 'NONE',  ( 1.000000000000000000, 0.0000000000000000000, 0.0000000000000000000 ) ) ;
#7326 = CARTESIAN_POINT ( 'NONE',  ( 2.699999999999999734, 0.1999999999999999833, -2.800000000000000266 ) ) ;
#7327 = EDGE_LOOP ( 'NONE', ( #126, #4741, #891, #5604 ) ) ;
#7328 = EDGE_CURVE ( 'NONE', #2551, #6784, #5091, .T. ) ;
#7329 = CARTESIAN_POINT ( 'NONE',  ( 5.750000000000000000, -3.399999999999999911, 0.2500000000000002220 ) ) ;
#7330 = CARTESIAN_POINT ( 'NONE',  ( 4.250000000000000000, -3.399999999999999911, -0.2499999999999997780 ) ) ;
#7331 =( NAMED_UNIT ( * ) PLANE_ANGLE_UNIT ( ) SI_UNIT ( $, .RADIAN. ) );
#7332 = CARTESIAN_POINT ( 'NONE',  ( 0.1500000000000021316, -3.399999999999999911, 0.2500000000000002220 ) ) ;
#7333 = CARTESIAN_POINT ( 'NONE',  ( 6.049999999999999822, 5.100000000000001421, -2.800000000000000266 ) ) ;
#7334 = ORIENTED_EDGE ( 'NONE', *, *, #3019, .F. ) ;
#7335 = DIRECTION ( 'NONE',  ( 0.0000000000000000000, 0.0000000000000000000, 1.000000000000000000 ) ) ;
#7336 = VECTOR ( 'NONE', #6801, 1000.000000000000000 ) ;
#7337 = EDGE_CURVE ( 'NONE', #6660, #6954, #4394, .T. ) ;
#7338 = EDGE_CURVE ( 'NONE', #3325, #3771, #7937, .T. ) ;
#7339 = PLANE ( 'NONE',  #634 ) ;
#7340 = ORIENTED_EDGE ( 'NONE', *, *, #5704, .F. ) ;
#7341 = DIRECTION ( 'NONE',  ( -5.421010862427522170E-17, -1.000000000000000000, 2.350988701644575016E-32 ) ) ;
#7342 = CARTESIAN_POINT ( 'NONE',  ( -0.2500000000000004441, -3.399999999999999911, -0.2499999999999997780 ) ) ;
#7343 = FACE_BOUND ( 'NONE', #1970, .T. ) ;
#7344 = ORIENTED_EDGE ( 'NONE', *, *, #4520, .F. ) ;
#7345 = STYLED_ITEM ( 'NONE', ( #1905 ), #3801 ) ;
#7346 = VECTOR ( 'NONE', #5008, 1000.000000000000000 ) ;
#7347 = SURFACE_STYLE_USAGE ( .BOTH. , #2477 ) ;
#7348 = DIRECTION ( 'NONE',  ( -1.000000000000000000, 0.0000000000000000000, 0.0000000000000000000 ) ) ;
#7349 = VECTOR ( 'NONE', #3815, 1000.000000000000000 ) ;
#7350 = DIRECTION ( 'NONE',  ( 1.000000000000000000, -3.872150616019660190E-17, -4.336808689942017736E-16 ) ) ;
#7351 = CARTESIAN_POINT ( 'NONE',  ( -0.2500000000000004441, 0.2000000000000000111, -0.2499999999999997780 ) ) ;
#7352 = CARTESIAN_POINT ( 'NONE',  ( -1.350000000000000089, 1.799999999999999600, 1.249999999999997558 ) ) ;
#7353 = PLANE ( 'NONE',  #7406 ) ;
#7354 = ORIENTED_EDGE ( 'NONE', *, *, #8663, .T. ) ;
#7355 = VECTOR ( 'NONE', #2753, 1000.000000000000000 ) ;
#7356 = ORIENTED_EDGE ( 'NONE', *, *, #4455, .F. ) ;
#7357 =( GEOMETRIC_REPRESENTATION_CONTEXT ( 3 ) GLOBAL_UNCERTAINTY_ASSIGNED_CONTEXT ( ( #1689 ) ) GLOBAL_UNIT_ASSIGNED_CONTEXT ( ( #6669, #3125, #7194 ) ) REPRESENTATION_CONTEXT ( 'NONE', 'WORKASPACE' ) );
#7358 = SURFACE_SIDE_STYLE ('',( #8894 ) ) ;
#7359 = VECTOR ( 'NONE', #7251, 1000.000000000000000 ) ;
#7360 = CARTESIAN_POINT ( 'NONE',  ( 7.750000000000000000, -3.399999999999999911, 0.2500000000000002220 ) ) ;
#7361 = COLOUR_RGB ( '',1.000000000000000000, 1.000000000000000000, 1.000000000000000000 ) ;
#7362 = CARTESIAN_POINT ( 'NONE',  ( 2.250000000000000000, 1.800000000000000044, -0.2499999999999997780 ) ) ;
#7363 = DIRECTION ( 'NONE',  ( 1.000000000000000000, 0.0000000000000000000, 0.0000000000000000000 ) ) ;
#7364 = EDGE_CURVE ( 'NONE', #5243, #5962, #3055, .T. ) ;
#7365 = FILL_AREA_STYLE ('',( #4609 ) ) ;
#7366 =( NAMED_UNIT ( * ) PLANE_ANGLE_UNIT ( ) SI_UNIT ( $, .RADIAN. ) );
#7367 = SURFACE_SIDE_STYLE ('',( #7417 ) ) ;
#7368 = EDGE_LOOP ( 'NONE', ( #4268, #8020, #635, #6302 ) ) ;
#7369 = MECHANICAL_DESIGN_GEOMETRIC_PRESENTATION_REPRESENTATION (  '', ( #8674 ), #3837 ) ;
#7370 = AXIS2_PLACEMENT_3D ( 'NONE', #8484, #7764, #7169 ) ;
#7371 = CARTESIAN_POINT ( 'NONE',  ( 11.17999999999999972, 2.250000000000001332, -2.801000000000000600 ) ) ;
#7372 = CARTESIAN_POINT ( 'NONE',  ( -1.949999999999999734, 5.100000000000001421, -2.800000000000000266 ) ) ;
#7373 = DIRECTION ( 'NONE',  ( 1.000000000000000000, -3.872150616019660190E-17, -4.336808689942017736E-16 ) ) ;
#7374 =( GEOMETRIC_REPRESENTATION_CONTEXT ( 3 ) GLOBAL_UNCERTAINTY_ASSIGNED_CONTEXT ( ( #3481 ) ) GLOBAL_UNIT_ASSIGNED_CONTEXT ( ( #6479, #6528, #4448 ) ) REPRESENTATION_CONTEXT ( 'NONE', 'WORKASPACE' ) );
#7375 = CARTESIAN_POINT ( 'NONE',  ( 3.299999999999999378, 0.0000000000000000000, -2.800000000000000266 ) ) ;
#7376 = EDGE_LOOP ( 'NONE', ( #8120, #8455, #4567, #1397, #6238, #7118, #1009, #4672 ) ) ;
#7377 = PRESENTATION_LAYER_ASSIGNMENT (  '', '', ( #2251 ) ) ;
#7378 = ORIENTED_EDGE ( 'NONE', *, *, #4650, .F. ) ;
#7379 = VECTOR ( 'NONE', #9007, 1000.000000000000000 ) ;
#7380 = CARTESIAN_POINT ( 'NONE',  ( 11.35000000000000497, 5.650000000000000355, -0.6799999999999987166 ) ) ;
#7381 = AXIS2_PLACEMENT_3D ( 'NONE', #4806, #3429, #4154 ) ;
#7382 = VECTOR ( 'NONE', #5864, 1000.000000000000000 ) ;
#7383 = MECHANICAL_DESIGN_GEOMETRIC_PRESENTATION_REPRESENTATION (  '', ( #7836 ), #734 ) ;
#7384 = VECTOR ( 'NONE', #3134, 1000.000000000000000 ) ;
#7385 = CARTESIAN_POINT ( 'NONE',  ( 1.750000000000000222, 1.800000000000000044, 0.2500000000000002220 ) ) ;
#7386 = PRESENTATION_LAYER_ASSIGNMENT (  '', '', ( #2264 ) ) ;
#7387 =( NAMED_UNIT ( * ) SI_UNIT ( $, .STERADIAN. ) SOLID_ANGLE_UNIT ( ) );
#7388 = ADVANCED_FACE ( 'NONE', ( #1655 ), #1513, .F. ) ;
#7389 = PLANE ( 'NONE',  #2941 ) ;
#7390 = FACE_BOUND ( 'NONE', #7327, .T. ) ;
#7391 = STYLED_ITEM ( 'NONE', ( #5993 ), #1688 ) ;
#7392 = CARTESIAN_POINT ( 'NONE',  ( 4.699999999999999289, 0.1999999999999999833, -2.800000000000000266 ) ) ;
#7393 = DIRECTION ( 'NONE',  ( -1.000000000000000000, -1.560003125878423376E-16, 0.0000000000000000000 ) ) ;
#7394 = ORIENTED_EDGE ( 'NONE', *, *, #3094, .T. ) ;
#7395 = EDGE_CURVE ( 'NONE', #1788, #6526, #4707, .T. ) ;
#7396 = COLOUR_RGB ( '',1.000000000000000000, 1.000000000000000000, 1.000000000000000000 ) ;
#7397 = MECHANICAL_DESIGN_GEOMETRIC_PRESENTATION_REPRESENTATION (  '', ( #5060 ), #7699 ) ;
#7398 = MECHANICAL_DESIGN_GEOMETRIC_PRESENTATION_REPRESENTATION (  '', ( #7124 ), #3450 ) ;
#7399 = ORIENTED_EDGE ( 'NONE', *, *, #3841, .T. ) ;
#7400 = FILL_AREA_STYLE_COLOUR ( '', #2972 ) ;
#7401 = CARTESIAN_POINT ( 'NONE',  ( 6.049999999999999822, 5.100000000000001421, 0.1500000000000008271 ) ) ;
#7402 = PRESENTATION_LAYER_ASSIGNMENT (  '', '', ( #6227 ) ) ;
#7403 = FACE_OUTER_BOUND ( 'NONE', #2597, .T. ) ;
#7404 = CARTESIAN_POINT ( 'NONE',  ( 7.299999999999998934, 0.2000000000000000389, -0.2499999999999997780 ) ) ;
#7405 = EDGE_LOOP ( 'NONE', ( #3520, #2148, #663, #8606, #6759 ) ) ;
#7406 = AXIS2_PLACEMENT_3D ( 'NONE', #4693, #3990, #1873 ) ;
#7407 = VERTEX_POINT ( 'NONE', #8814 ) ;
#7408 = COLOUR_RGB ( '',1.000000000000000000, 0.8117647058823529438, 0.5019607843137254832 ) ;
#7409 = EDGE_CURVE ( 'NONE', #2058, #2218, #5296, .T. ) ;
#7410 = CARTESIAN_POINT ( 'NONE',  ( 6.083333333333333037, 5.166666666666667851, 0.08333333333333499404 ) ) ;
#7411 = UNCERTAINTY_MEASURE_WITH_UNIT (LENGTH_MEASURE( 1.000000000000000082E-05 ), #8139, 'distance_accuracy_value', 'NONE');
#7412 = MECHANICAL_DESIGN_GEOMETRIC_PRESENTATION_REPRESENTATION (  '', ( #6236 ), #777 ) ;
#7413 = SURFACE_STYLE_FILL_AREA ( #6718 ) ;
#7414 = CARTESIAN_POINT ( 'NONE',  ( 2.250000000000000000, 0.2000000000000000111, -2.800000000000000266 ) ) ;
#7415 = CARTESIAN_POINT ( 'NONE',  ( 11.95000000000000107, 1.380000000000003002, 1.300000000000000044 ) ) ;
#7416 = CYLINDRICAL_SURFACE ( 'NONE', #7766, 0.4999999999999995559 ) ;
#7417 = SURFACE_STYLE_FILL_AREA ( #6772 ) ;
#7418 = ORIENTED_EDGE ( 'NONE', *, *, #4052, .T. ) ;
#7419 = PRESENTATION_LAYER_ASSIGNMENT (  '', '', ( #2287 ) ) ;
#7420 = VECTOR ( 'NONE', #4899, 1000.000000000000000 ) ;
#7421 = SURFACE_STYLE_USAGE ( .BOTH. , #3915 ) ;
#7422 = CARTESIAN_POINT ( 'NONE',  ( 6.249999999999998224, 5.000000000000000888, -0.2499999999999997780 ) ) ;
#7423 = UNCERTAINTY_MEASURE_WITH_UNIT (LENGTH_MEASURE( 1.000000000000000082E-05 ), #2589, 'distance_accuracy_value', 'NONE');
#7424 = CARTESIAN_POINT ( 'NONE',  ( 8.250000000000000000, 0.2000000000000000111, -0.2499999999999997780 ) ) ;
#7425 = DIRECTION ( 'NONE',  ( 1.000000000000000000, 0.0000000000000000000, 0.0000000000000000000 ) ) ;
#7426 =( NAMED_UNIT ( * ) PLANE_ANGLE_UNIT ( ) SI_UNIT ( $, .RADIAN. ) );
#7427 = CARTESIAN_POINT ( 'NONE',  ( 11.95000000000000107, 6.000000000000000000, 1.699999999999999289 ) ) ;
#7428 = AXIS2_PLACEMENT_3D ( 'NONE', #4046, #6861, #518 ) ;
#7429 = DIRECTION ( 'NONE',  ( 1.000000000000000000, 1.872003751054108200E-16, 0.0000000000000000000 ) ) ;
#7430 = EDGE_LOOP ( 'NONE', ( #2540, #4883, #8313, #2353 ) ) ;
#7431 = CARTESIAN_POINT ( 'NONE',  ( -0.2200000000000003619, 4.229999999999999538, 1.249999999999997558 ) ) ;
#7432 = SURFACE_STYLE_FILL_AREA ( #2553 ) ;
#7433 = EDGE_CURVE ( 'NONE', #503, #8875, #1889, .T. ) ;
#7434 = FILL_AREA_STYLE ('',( #2562 ) ) ;
#7435 = CARTESIAN_POINT ( 'NONE',  ( 10.24999999999999822, 5.000000000000000888, -0.2499999999999997780 ) ) ;
#7436 = CARTESIAN_POINT ( 'NONE',  ( 4.250000000000000000, 0.2000000000000000111, -0.2499999999999997780 ) ) ;
#7437 = DIRECTION ( 'NONE',  ( -8.761229676650541399E-16, -1.000000000000000000, -5.983586928547396231E-32 ) ) ;
#7438 = DIRECTION ( 'NONE',  ( 3.872150616019660190E-17, 1.000000000000000000, -0.0000000000000000000 ) ) ;
#7439 = LINE ( 'NONE', #2571, #6260 ) ;
#7440 = ORIENTED_EDGE ( 'NONE', *, *, #515, .F. ) ;
#7441 = ADVANCED_FACE ( 'NONE', ( #8772 ), #425, .F. ) ;
#7442 =( GEOMETRIC_REPRESENTATION_CONTEXT ( 3 ) GLOBAL_UNCERTAINTY_ASSIGNED_CONTEXT ( ( #5465 ) ) GLOBAL_UNIT_ASSIGNED_CONTEXT ( ( #1666, #246, #6603 ) ) REPRESENTATION_CONTEXT ( 'NONE', 'WORKASPACE' ) );
#7443 = PRESENTATION_LAYER_ASSIGNMENT (  '', '', ( #1372 ) ) ;
#7444 = SURFACE_SIDE_STYLE ('',( #3317 ) ) ;
#7445 = CARTESIAN_POINT ( 'NONE',  ( 8.849999999999999645, 6.000000000000000888, 1.700000000000000178 ) ) ;
#7446 = FACE_OUTER_BOUND ( 'NONE', #683, .T. ) ;
#7447 = VERTEX_POINT ( 'NONE', #1937 ) ;
#7448 = FILL_AREA_STYLE_COLOUR ( '', #3569 ) ;
#7449 = LINE ( 'NONE', #1101, #675 ) ;
#7450 = CARTESIAN_POINT ( 'NONE',  ( 0.08333333333333456383, 5.166666666666668739, 0.08333333333333456383 ) ) ;
#7451 = ORIENTED_EDGE ( 'NONE', *, *, #785, .T. ) ;
#7452 = EDGE_CURVE ( 'NONE', #860, #4970, #526, .T. ) ;
#7453 = SURFACE_STYLE_USAGE ( .BOTH. , #1780 ) ;
#7454 = VECTOR ( 'NONE', #3534, 1000.000000000000000 ) ;
#7455 = STYLED_ITEM ( 'NONE', ( #551 ), #6560 ) ;
#7456 = SURFACE_STYLE_USAGE ( .BOTH. , #930 ) ;
#7457 = SURFACE_STYLE_FILL_AREA ( #3084 ) ;
#7458 = ORIENTED_EDGE ( 'NONE', *, *, #6517, .T. ) ;
#7459 = CARTESIAN_POINT ( 'NONE',  ( 9.449999999999999289, -4.100000000000000533, 0.5499999999999992673 ) ) ;
#7460 = SURFACE_STYLE_USAGE ( .BOTH. , #6822 ) ;
#7461 = ORIENTED_EDGE ( 'NONE', *, *, #8432, .T. ) ;
#7462 = EDGE_CURVE ( 'NONE', #3151, #2483, #3957, .T. ) ;
#7463 = COLOUR_RGB ( '',1.000000000000000000, 1.000000000000000000, 1.000000000000000000 ) ;
#7464 = CARTESIAN_POINT ( 'NONE',  ( -0.2200000000000001399, 2.250000000000000000, 1.700000000000000178 ) ) ;
#7465 = PLANE ( 'NONE',  #8453 ) ;
#7466 = LINE ( 'NONE', #8905, #5761 ) ;
#7467 = CARTESIAN_POINT ( 'NONE',  ( -1.350000000000000089, 1.799999999999999600, -0.4000000000000023537 ) ) ;
#7468 =( GEOMETRIC_REPRESENTATION_CONTEXT ( 3 ) GLOBAL_UNCERTAINTY_ASSIGNED_CONTEXT ( ( #2180 ) ) GLOBAL_UNIT_ASSIGNED_CONTEXT ( ( #221, #8890, #1826 ) ) REPRESENTATION_CONTEXT ( 'NONE', 'WORKASPACE' ) );
#7469 = EDGE_CURVE ( 'NONE', #969, #1522, #1792, .T. ) ;
#7470 = FACE_OUTER_BOUND ( 'NONE', #776, .T. ) ;
#7471 = SURFACE_SIDE_STYLE ('',( #5222 ) ) ;
#7472 = VERTEX_POINT ( 'NONE', #6728 ) ;
#7473 = CARTESIAN_POINT ( 'NONE',  ( 9.250000000000001776, 1.149999999999999911, -2.050000000000001599 ) ) ;
#7474 = LINE ( 'NONE', #3964, #5181 ) ;
#7475 = EDGE_CURVE ( 'NONE', #3224, #7642, #389, .T. ) ;
#7476 = ORIENTED_EDGE ( 'NONE', *, *, #2156, .T. ) ;
#7477 = STYLED_ITEM ( 'NONE', ( #4882 ), #3373 ) ;
#7478 =( LENGTH_UNIT ( ) NAMED_UNIT ( * ) SI_UNIT ( .MILLI., .METRE. ) );
#7479 = DIRECTION ( 'NONE',  ( 9.103382349328301547E-49, 2.350988701644575016E-32, 1.000000000000000000 ) ) ;
#7480 = SURFACE_STYLE_FILL_AREA ( #1753 ) ;
#7481 = CARTESIAN_POINT ( 'NONE',  ( 8.750000000000000000, 3.150000000000000799, -2.050000000000001599 ) ) ;
#7482 = LINE ( 'NONE', #1188, #650 ) ;
#7483 = LINE ( 'NONE', #3975, #4117 ) ;
#7484 = ORIENTED_EDGE ( 'NONE', *, *, #2732, .F. ) ;
#7485 = LINE ( 'NONE', #6181, #7982 ) ;
#7486 = DIRECTION ( 'NONE',  ( -1.000000000000000000, 5.421010862427522170E-17, 0.0000000000000000000 ) ) ;
#7487 = ORIENTED_EDGE ( 'NONE', *, *, #1526, .T. ) ;
#7488 = UNCERTAINTY_MEASURE_WITH_UNIT (LENGTH_MEASURE( 1.000000000000000082E-05 ), #577, 'distance_accuracy_value', 'NONE');
#7489 = PRESENTATION_STYLE_ASSIGNMENT (( #6001 ) ) ;
#7490 = LINE ( 'NONE', #3985, #6760 ) ;
#7491 = FACE_OUTER_BOUND ( 'NONE', #3674, .T. ) ;
#7492 = SURFACE_STYLE_FILL_AREA ( #3943 ) ;
#7493 =( NAMED_UNIT ( * ) SI_UNIT ( $, .STERADIAN. ) SOLID_ANGLE_UNIT ( ) );
#7494 = DIRECTION ( 'NONE',  ( -1.000000000000000000, 0.0000000000000000000, 1.762081725391875198E-17 ) ) ;
#7495 = CARTESIAN_POINT ( 'NONE',  ( 1.250000000000000666, 3.399999999999999467, -2.300000000000001599 ) ) ;
#7496 = VERTEX_POINT ( 'NONE', #6018 ) ;
#7497 = EDGE_CURVE ( 'NONE', #5250, #8439, #8861, .T. ) ;
#7498 = STYLED_ITEM ( 'NONE', ( #5691 ), #2634 ) ;
#7499 = CARTESIAN_POINT ( 'NONE',  ( -1.949999999999999956, 0.0000000000000000000, -2.800000000000000266 ) ) ;
#7500 = EDGE_LOOP ( 'NONE', ( #1190, #5000, #5511, #8874 ) ) ;
#7501 = UNCERTAINTY_MEASURE_WITH_UNIT (LENGTH_MEASURE( 1.000000000000000082E-05 ), #6304, 'distance_accuracy_value', 'NONE');
#7502 = PRESENTATION_STYLE_ASSIGNMENT (( #5572 ) ) ;
#7503 = CARTESIAN_POINT ( 'NONE',  ( 11.35000000000000142, 1.799999999999999600, 1.249999999999998446 ) ) ;
#7504 = CARTESIAN_POINT ( 'NONE',  ( 5.750000000000001776, 5.000000000000000888, -0.2499999999999997780 ) ) ;
#7505 = FACE_OUTER_BOUND ( 'NONE', #2790, .T. ) ;
#7506 = LINE ( 'NONE', #9096, #66 ) ;
#7507 = ORIENTED_EDGE ( 'NONE', *, *, #3858, .T. ) ;
#7508 = EDGE_CURVE ( 'NONE', #3536, #5068, #8190, .T. ) ;
#7509 = ADVANCED_FACE ( 'NONE', ( #9098 ), #7746, .T. ) ;
#7510 = EDGE_CURVE ( 'NONE', #4667, #6280, #8470, .T. ) ;
#7511 = COLOUR_RGB ( '',1.000000000000000000, 0.8117647058823529438, 0.5019607843137254832 ) ;
#7512 = AXIS2_PLACEMENT_3D ( 'NONE', #790, #2942, #2683 ) ;
#7513 =( NAMED_UNIT ( * ) SI_UNIT ( $, .STERADIAN. ) SOLID_ANGLE_UNIT ( ) );
#7514 = UNCERTAINTY_MEASURE_WITH_UNIT (LENGTH_MEASURE( 1.000000000000000082E-05 ), #1820, 'distance_accuracy_value', 'NONE');
#7515 = LINE ( 'NONE', #3788, #2510 ) ;
#7516 = SURFACE_SIDE_STYLE ('',( #1265 ) ) ;
#7517 = VECTOR ( 'NONE', #5152, 1000.000000000000000 ) ;
#7518 = LINE ( 'NONE', #3338, #1779 ) ;
#7519 =( GEOMETRIC_REPRESENTATION_CONTEXT ( 3 ) GLOBAL_UNCERTAINTY_ASSIGNED_CONTEXT ( ( #3813 ) ) GLOBAL_UNIT_ASSIGNED_CONTEXT ( ( #4111, #2741, #3291 ) ) REPRESENTATION_CONTEXT ( 'NONE', 'WORKASPACE' ) );
#7520 = CARTESIAN_POINT ( 'NONE',  ( 0.0000000000000000000, 0.0000000000000000000, 0.05000000000000012768 ) ) ;
#7521 = EDGE_LOOP ( 'NONE', ( #1196, #1511, #2069, #8710 ) ) ;
#7522 = LINE ( 'NONE', #6078, #3862 ) ;
#7523 = DIRECTION ( 'NONE',  ( 0.5773502691896258421, -0.5773502691896259531, -0.5773502691896255090 ) ) ;
#7524 = SURFACE_STYLE_USAGE ( .BOTH. , #8107 ) ;
#7525 = STYLED_ITEM ( 'NONE', ( #8886 ), #386 ) ;
#7527 = ADVANCED_FACE ( 'NONE', ( #4983 ), #8371, .T. ) ;
#7526 = VECTOR ( 'NONE', #7166, 1000.000000000000000 ) ;
#7528 = VECTOR ( 'NONE', #8268, 1000.000000000000000 ) ;
#7529 = ORIENTED_EDGE ( 'NONE', *, *, #5013, .T. ) ;
#7530 = DIRECTION ( 'NONE',  ( 4.336808689942017736E-16, 0.0000000000000000000, 1.000000000000000000 ) ) ;
#7531 = EDGE_CURVE ( 'NONE', #5281, #3340, #1263, .T. ) ;
#7532 = VECTOR ( 'NONE', #5103, 1000.000000000000000 ) ;
#7533 = STYLED_ITEM ( 'NONE', ( #2506 ), #8501 ) ;
#7534 =( LENGTH_UNIT ( ) NAMED_UNIT ( * ) SI_UNIT ( .MILLI., .METRE. ) );
#7535 = PRESENTATION_STYLE_ASSIGNMENT (( #3155 ) ) ;
#7536 = FACE_OUTER_BOUND ( 'NONE', #5584, .T. ) ;
#7537 = CARTESIAN_POINT ( 'NONE',  ( 3.250000000000000888, 3.399999999999999467, -2.050000000000001599 ) ) ;
#7538 = CARTESIAN_POINT ( 'NONE',  ( 2.150000000000002132, -3.399999999999999911, -0.1500000000000021316 ) ) ;
#7539 = ORIENTED_EDGE ( 'NONE', *, *, #882, .T. ) ;
#7540 = CARTESIAN_POINT ( 'NONE',  ( 5.750000000000000000, -3.399999999999999911, 0.2500000000000002220 ) ) ;
#7541 = MECHANICAL_DESIGN_GEOMETRIC_PRESENTATION_REPRESENTATION (  '', ( #5317 ), #1008 ) ;
#7542 = CARTESIAN_POINT ( 'NONE',  ( -1.949999999999999956, 0.0000000000000000000, -2.800000000000000266 ) ) ;
#7543 = FACE_OUTER_BOUND ( 'NONE', #3465, .T. ) ;
#7544 = ORIENTED_EDGE ( 'NONE', *, *, #828, .T. ) ;
#7545 = PRESENTATION_LAYER_ASSIGNMENT (  '', '', ( #4589 ) ) ;
#7546 = STYLED_ITEM ( 'NONE', ( #6892 ), #1861 ) ;
#7547 = SURFACE_STYLE_USAGE ( .BOTH. , #7444 ) ;
#7548 = FILL_AREA_STYLE_COLOUR ( '', #284 ) ;
#7549 = SURFACE_STYLE_FILL_AREA ( #2581 ) ;
#7550 = DIRECTION ( 'NONE',  ( 1.000000000000000000, -5.421010862427522170E-17, 0.0000000000000000000 ) ) ;
#7551 = ORIENTED_EDGE ( 'NONE', *, *, #6390, .T. ) ;
#7552 =( GEOMETRIC_REPRESENTATION_CONTEXT ( 3 ) GLOBAL_UNCERTAINTY_ASSIGNED_CONTEXT ( ( #1207 ) ) GLOBAL_UNIT_ASSIGNED_CONTEXT ( ( #6768, #6065, #8998 ) ) REPRESENTATION_CONTEXT ( 'NONE', 'WORKASPACE' ) );
#7553 = VECTOR ( 'NONE', #684, 1000.000000000000000 ) ;
#7554 = MECHANICAL_DESIGN_GEOMETRIC_PRESENTATION_REPRESENTATION (  '', ( #3135 ), #5913 ) ;
#7555 = FACE_OUTER_BOUND ( 'NONE', #8079, .T. ) ;
#7556 = ORIENTED_EDGE ( 'NONE', *, *, #1851, .T. ) ;
#7557 = DIRECTION ( 'NONE',  ( 1.000000000000000000, 0.0000000000000000000, 0.0000000000000000000 ) ) ;
#7558 = LINE ( 'NONE', #5479, #6056 ) ;
#7559 = FILL_AREA_STYLE_COLOUR ( '', #6618 ) ;
#7560 = DIRECTION ( 'NONE',  ( -1.084202172485504237E-15, -1.000000000000000000, 0.0000000000000000000 ) ) ;
#7561 = EDGE_LOOP ( 'NONE', ( #1765, #3547, #7103, #967 ) ) ;
#7562 = PRESENTATION_LAYER_ASSIGNMENT (  '', '', ( #6667 ) ) ;
#7563 = PRESENTATION_LAYER_ASSIGNMENT (  '', '', ( #1205 ) ) ;
#7564 = CARTESIAN_POINT ( 'NONE',  ( 11.95000000000000107, 0.0000000000000000000, -2.800000000000000711 ) ) ;
#7565 = EDGE_CURVE ( 'NONE', #7587, #142, #2734, .T. ) ;
#7566 = FILL_AREA_STYLE ('',( #622 ) ) ;
#7567 = VECTOR ( 'NONE', #7659, 1000.000000000000000 ) ;
#7568 = EDGE_CURVE ( 'NONE', #3292, #3545, #9051, .T. ) ;
#7569 = LINE ( 'NONE', #9008, #5324 ) ;
#7570 = CARTESIAN_POINT ( 'NONE',  ( 11.18000000000000149, 4.230000000000001315, 1.700000000000000178 ) ) ;
#7571 = EDGE_LOOP ( 'NONE', ( #3144, #1353, #627, #1854 ) ) ;
#7572 = CARTESIAN_POINT ( 'NONE',  ( 11.35000000000000142, 6.000000000000000000, -0.6799999999999987166 ) ) ;
#7573 = VERTEX_POINT ( 'NONE', #7702 ) ;
#7574 = FILL_AREA_STYLE ('',( #4766 ) ) ;
#7575 = PRESENTATION_STYLE_ASSIGNMENT (( #1949 ) ) ;
#7576 = CARTESIAN_POINT ( 'NONE',  ( -1.949999999999999956, 6.000000000000000000, -2.800000000000000266 ) ) ;
#7577 = PRESENTATION_LAYER_ASSIGNMENT (  '', '', ( #7872 ) ) ;
#7578 = PRESENTATION_LAYER_ASSIGNMENT (  '', '', ( #2430 ) ) ;
#7579 = PRESENTATION_STYLE_ASSIGNMENT (( #4628 ) ) ;
#7580 = STYLED_ITEM ( 'NONE', ( #8995 ), #7842 ) ;
#7581 = EDGE_LOOP ( 'NONE', ( #1759, #8156, #3503, #7418 ) ) ;
#7582 = LINE ( 'NONE', #7670, #6159 ) ;
#7583 = LINE ( 'NONE', #4027, #6950 ) ;
#7584 = CARTESIAN_POINT ( 'NONE',  ( 2.750000000000000444, 3.399999999999999467, -2.050000000000001599 ) ) ;
#7585 = CARTESIAN_POINT ( 'NONE',  ( 2.083333333333334370, 5.166666666666669627, -0.08333333333333282911 ) ) ;
#7586 = DIRECTION ( 'NONE',  ( 1.000000000000000000, 0.0000000000000000000, 0.0000000000000000000 ) ) ;
#7587 = VERTEX_POINT ( 'NONE', #3524 ) ;
#7588 = DIRECTION ( 'NONE',  ( -0.0000000000000000000, 1.000000000000000000, -0.0000000000000000000 ) ) ;
#7589 =( NAMED_UNIT ( * ) PLANE_ANGLE_UNIT ( ) SI_UNIT ( $, .RADIAN. ) );
#7590 = DIRECTION ( 'NONE',  ( 0.5773502691896239547, -0.5773502691896289507, 0.5773502691896243988 ) ) ;
#7591 = ORIENTED_EDGE ( 'NONE', *, *, #5701, .F. ) ;
#7592 = EDGE_CURVE ( 'NONE', #3673, #1491, #4205, .T. ) ;
#7593 = VECTOR ( 'NONE', #8872, 1000.000000000000000 ) ;
#7594 = UNCERTAINTY_MEASURE_WITH_UNIT (LENGTH_MEASURE( 1.000000000000000082E-05 ), #754, 'distance_accuracy_value', 'NONE');
#7595 = CARTESIAN_POINT ( 'NONE',  ( 8.250000000000000000, -3.399999999999999911, -0.1500000000000003830 ) ) ;
#7596 =( LENGTH_UNIT ( ) NAMED_UNIT ( * ) SI_UNIT ( .MILLI., .METRE. ) );
#7597 = VERTEX_POINT ( 'NONE', #7966 ) ;
#7598 = FILL_AREA_STYLE_COLOUR ( '', #7227 ) ;
#7599 = CARTESIAN_POINT ( 'NONE',  ( 0.7500000000000002220, 1.149999999999999911, -2.350000000000001421 ) ) ;
#7600 = ORIENTED_EDGE ( 'NONE', *, *, #3123, .F. ) ;
#7601 = AXIS2_PLACEMENT_3D ( 'NONE', #63, #7724, #8490 ) ;
#7602 = ORIENTED_EDGE ( 'NONE', *, *, #6358, .T. ) ;
#7603 = MECHANICAL_DESIGN_GEOMETRIC_PRESENTATION_REPRESENTATION (  '', ( #4804 ), #797 ) ;
#7604 = ORIENTED_EDGE ( 'NONE', *, *, #7189, .T. ) ;
#7605 = CARTESIAN_POINT ( 'NONE',  ( 11.35000000000000142, 4.500000000000000888, -0.1799999999999983002 ) ) ;
#7606 = UNCERTAINTY_MEASURE_WITH_UNIT (LENGTH_MEASURE( 1.000000000000000082E-05 ), #4912, 'distance_accuracy_value', 'NONE');
#7607 = LINE ( 'NONE', #7647, #745 ) ;
#7608 =( NAMED_UNIT ( * ) PLANE_ANGLE_UNIT ( ) SI_UNIT ( $, .RADIAN. ) );
#7609 = COLOUR_RGB ( '',1.000000000000000000, 1.000000000000000000, 1.000000000000000000 ) ;
#7610 = CARTESIAN_POINT ( 'NONE',  ( 9.299999999999998934, 0.0000000000000000000, 1.700000000000000178 ) ) ;
#7611 = VECTOR ( 'NONE', #6909, 1000.000000000000000 ) ;
#7612 = ORIENTED_EDGE ( 'NONE', *, *, #4696, .T. ) ;
#7613 =( GEOMETRIC_REPRESENTATION_CONTEXT ( 3 ) GLOBAL_UNCERTAINTY_ASSIGNED_CONTEXT ( ( #3983 ) ) GLOBAL_UNIT_ASSIGNED_CONTEXT ( ( #6277, #4217, #8 ) ) REPRESENTATION_CONTEXT ( 'NONE', 'WORKASPACE' ) );
#7614 =( GEOMETRIC_REPRESENTATION_CONTEXT ( 3 ) GLOBAL_UNCERTAINTY_ASSIGNED_CONTEXT ( ( #6944 ) ) GLOBAL_UNIT_ASSIGNED_CONTEXT ( ( #3896, #1002, #5956 ) ) REPRESENTATION_CONTEXT ( 'NONE', 'WORKASPACE' ) );
#7615 = FACE_OUTER_BOUND ( 'NONE', #8541, .T. ) ;
#7616 = UNCERTAINTY_MEASURE_WITH_UNIT (LENGTH_MEASURE( 1.000000000000000082E-05 ), #6243, 'distance_accuracy_value', 'NONE');
#7617 = DIRECTION ( 'NONE',  ( 9.103382349328301547E-49, 2.350988701644575016E-32, 1.000000000000000000 ) ) ;
#7618 = LINE ( 'NONE', #1170, #8412 ) ;
#7619 = FILL_AREA_STYLE_COLOUR ( '', #2993 ) ;
#7620 = CARTESIAN_POINT ( 'NONE',  ( 6.049999999999999822, -3.399999999999999911, -2.800000000000000266 ) ) ;
#7621 = ORIENTED_EDGE ( 'NONE', *, *, #548, .T. ) ;
#7622 = LINE ( 'NONE', #2607, #8700 ) ;
#7623 = AXIS2_PLACEMENT_3D ( 'NONE', #8187, #3378, #1069 ) ;
#7624 = DIRECTION ( 'NONE',  ( -1.000000000000000000, 5.421010862427522170E-17, 0.0000000000000000000 ) ) ;
#7625 = EDGE_CURVE ( 'NONE', #4260, #1419, #1641, .T. ) ;
#7626 = ORIENTED_EDGE ( 'NONE', *, *, #8291, .T. ) ;
#7627 = DIRECTION ( 'NONE',  ( -1.000000000000000000, 3.872150616019660190E-17, 0.0000000000000000000 ) ) ;
#7628 =( LENGTH_UNIT ( ) NAMED_UNIT ( * ) SI_UNIT ( .MILLI., .METRE. ) );
#7629 = ORIENTED_EDGE ( 'NONE', *, *, #1052, .F. ) ;
#7630 = CARTESIAN_POINT ( 'NONE',  ( 2.699999999999999734, 0.1999999999999999833, 1.700000000000000178 ) ) ;
#7631 = SURFACE_STYLE_FILL_AREA ( #4123 ) ;
#7632 = VERTEX_POINT ( 'NONE', #6403 ) ;
#7633 = LINE ( 'NONE', #6799, #451 ) ;
#7634 = DIRECTION ( 'NONE',  ( -5.421010862427522170E-17, -1.000000000000000000, 2.350988701644575016E-32 ) ) ;
#7635 = PRESENTATION_LAYER_ASSIGNMENT (  '', '', ( #2475 ) ) ;
#7636 = EDGE_CURVE ( 'NONE', #8716, #8580, #1545, .T. ) ;
#7637 = COLOUR_RGB ( '',1.000000000000000000, 1.000000000000000000, 1.000000000000000000 ) ;
#7638 = SURFACE_SIDE_STYLE ('',( #5603 ) ) ;
#7639 = SURFACE_STYLE_FILL_AREA ( #2020 ) ;
#7640 = PLANE ( 'NONE',  #8091 ) ;
#7641 = DIRECTION ( 'NONE',  ( -4.336808689942017736E-16, 0.0000000000000000000, -1.000000000000000000 ) ) ;
#7642 = VERTEX_POINT ( 'NONE', #1585 ) ;
#7643 = ADVANCED_FACE ( 'NONE', ( #3081 ), #2913, .F. ) ;
#7644 = ORIENTED_EDGE ( 'NONE', *, *, #4370, .T. ) ;
#7645 = VERTEX_POINT ( 'NONE', #6454 ) ;
#7646 = CARTESIAN_POINT ( 'NONE',  ( 2.250000000000000000, -3.399999999999999911, -0.2499999999999997780 ) ) ;
#7647 = CARTESIAN_POINT ( 'NONE',  ( 2.750000000000001332, 1.149999999999999911, -2.050000000000001599 ) ) ;
#7648 = SURFACE_SIDE_STYLE ('',( #7786 ) ) ;
#7649 = MECHANICAL_DESIGN_GEOMETRIC_PRESENTATION_REPRESENTATION (  '', ( #8364 ), #272 ) ;
#7650 = FACE_OUTER_BOUND ( 'NONE', #4901, .T. ) ;
#7651 = LINE ( 'NONE', #1308, #8859 ) ;
#7652 = VERTEX_POINT ( 'NONE', #8557 ) ;
#7653 = PRESENTATION_LAYER_ASSIGNMENT (  '', '', ( #8933 ) ) ;
#7654 = ORIENTED_EDGE ( 'NONE', *, *, #2288, .T. ) ;
#7655 = PLANE ( 'NONE',  #3710 ) ;
#7656 = CARTESIAN_POINT ( 'NONE',  ( 1.749999999999999778, 0.2000000000000000111, -0.2499999999999997780 ) ) ;
#7657 = LINE ( 'NONE', #4906, #736 ) ;
#7658 = SURFACE_STYLE_USAGE ( .BOTH. , #4858 ) ;
#7659 = DIRECTION ( 'NONE',  ( 0.5773502691896242878, -0.5773502691896267303, -0.5773502691896262862 ) ) ;
#7660 = ORIENTED_EDGE ( 'NONE', *, *, #5166, .T. ) ;
#7661 = DIRECTION ( 'NONE',  ( -1.000000000000000000, 0.0000000000000000000, -0.0000000000000000000 ) ) ;
#7662 = VECTOR ( 'NONE', #3693, 1000.000000000000000 ) ;
#7663 = DIRECTION ( 'NONE',  ( 0.0000000000000000000, -0.0000000000000000000, -1.000000000000000000 ) ) ;
#7664 = VECTOR ( 'NONE', #6418, 1000.000000000000000 ) ;
#7665 = SURFACE_STYLE_USAGE ( .BOTH. , #2926 ) ;
#7666 = STYLED_ITEM ( 'NONE', ( #7157 ), #4024 ) ;
#7667 =( NAMED_UNIT ( * ) PLANE_ANGLE_UNIT ( ) SI_UNIT ( $, .RADIAN. ) );
#7668 = ORIENTED_EDGE ( 'NONE', *, *, #1486, .F. ) ;
#7669 = LINE ( 'NONE', #7074, #4890 ) ;
#7670 = CARTESIAN_POINT ( 'NONE',  ( 8.050000000000000711, 5.100000000000001421, 0.1500000000000008271 ) ) ;
#7671 = SURFACE_SIDE_STYLE ('',( #7631 ) ) ;
#7672 = ORIENTED_EDGE ( 'NONE', *, *, #1709, .F. ) ;
#7673 =( GEOMETRIC_REPRESENTATION_CONTEXT ( 3 ) GLOBAL_UNCERTAINTY_ASSIGNED_CONTEXT ( ( #4832 ) ) GLOBAL_UNIT_ASSIGNED_CONTEXT ( ( #1515, #7762, #3583 ) ) REPRESENTATION_CONTEXT ( 'NONE', 'WORKASPACE' ) );
#7674 =( NAMED_UNIT ( * ) PLANE_ANGLE_UNIT ( ) SI_UNIT ( $, .RADIAN. ) );
#7675 = AXIS2_PLACEMENT_3D ( 'NONE', #1352, #7734, #2163 ) ;
#7676 = EDGE_CURVE ( 'NONE', #5250, #1339, #5705, .T. ) ;
#7677 = UNCERTAINTY_MEASURE_WITH_UNIT (LENGTH_MEASURE( 1.000000000000000082E-05 ), #500, 'distance_accuracy_value', 'NONE');
#7678 = AXIS2_PLACEMENT_3D ( 'NONE', #4391, #6411, #140 ) ;
#7679 = DIRECTION ( 'NONE',  ( 0.5773502691896259531, 0.5773502691896279515, 0.5773502691896235106 ) ) ;
#7680 = CARTESIAN_POINT ( 'NONE',  ( -0.2500000000000002220, 1.800000000000000044, 0.2500000000000002220 ) ) ;
#7681 =( GEOMETRIC_REPRESENTATION_CONTEXT ( 3 ) GLOBAL_UNCERTAINTY_ASSIGNED_CONTEXT ( ( #5298 ) ) GLOBAL_UNIT_ASSIGNED_CONTEXT ( ( #7922, #2903, #5015 ) ) REPRESENTATION_CONTEXT ( 'NONE', 'WORKASPACE' ) );
#7682 = FACE_OUTER_BOUND ( 'NONE', #4307, .T. ) ;
#7683 = STYLED_ITEM ( 'NONE', ( #1670 ), #517 ) ;
#7684 =( NAMED_UNIT ( * ) SI_UNIT ( $, .STERADIAN. ) SOLID_ANGLE_UNIT ( ) );
#7685 = PRESENTATION_LAYER_ASSIGNMENT (  '', '', ( #2531 ) ) ;
#7686 = ORIENTED_EDGE ( 'NONE', *, *, #248, .T. ) ;
#7687 = COLOUR_RGB ( '',1.000000000000000000, 1.000000000000000000, 1.000000000000000000 ) ;
#7688 = VECTOR ( 'NONE', #5606, 1000.000000000000000 ) ;
#7689 =( GEOMETRIC_REPRESENTATION_CONTEXT ( 3 ) GLOBAL_UNCERTAINTY_ASSIGNED_CONTEXT ( ( #2815 ) ) GLOBAL_UNIT_ASSIGNED_CONTEXT ( ( #5509, #1279, #2055 ) ) REPRESENTATION_CONTEXT ( 'NONE', 'WORKASPACE' ) );
#7690 =( GEOMETRIC_REPRESENTATION_CONTEXT ( 3 ) GLOBAL_UNCERTAINTY_ASSIGNED_CONTEXT ( ( #8308 ) ) GLOBAL_UNIT_ASSIGNED_CONTEXT ( ( #8561, #3656, #7927 ) ) REPRESENTATION_CONTEXT ( 'NONE', 'WORKASPACE' ) );
#7691 = DIRECTION ( 'NONE',  ( -1.000000000000000000, 0.0000000000000000000, 0.0000000000000000000 ) ) ;
#7692 = UNCERTAINTY_MEASURE_WITH_UNIT (LENGTH_MEASURE( 1.000000000000000082E-05 ), #4241, 'distance_accuracy_value', 'NONE');
#7693 = SURFACE_STYLE_USAGE ( .BOTH. , #8895 ) ;
#7694 = PRESENTATION_LAYER_ASSIGNMENT (  '', '', ( #3853 ) ) ;
#7695 = EDGE_LOOP ( 'NONE', ( #1744, #2822, #6695, #3242, #6250, #6996, #2279, #5422, #4760, #5997, #6575, #3670, #6364, #3511, #4053, #4862, #8205, #4226, #1228, #7758, #3371, #3307, #2990, #2136, #1389, #6014, #5780, #6680 ) ) ;
#7696 = DIRECTION ( 'NONE',  ( 0.0000000000000000000, -0.0000000000000000000, 1.000000000000000000 ) ) ;
#7697 = FILL_AREA_STYLE ('',( #6300 ) ) ;
#7698 = VERTEX_POINT ( 'NONE', #800 ) ;
#7699 =( GEOMETRIC_REPRESENTATION_CONTEXT ( 3 ) GLOBAL_UNCERTAINTY_ASSIGNED_CONTEXT ( ( #6021 ) ) GLOBAL_UNIT_ASSIGNED_CONTEXT ( ( #6374, #1523, #2107 ) ) REPRESENTATION_CONTEXT ( 'NONE', 'WORKASPACE' ) );
#7700 = ADVANCED_FACE ( 'NONE', ( #5204 ), #5837, .F. ) ;
#7701 = VECTOR ( 'NONE', #2944, 1000.000000000000000 ) ;
#7702 = CARTESIAN_POINT ( 'NONE',  ( -1.350000000000000089, 4.500000000000000888, 0.3199999999999999512 ) ) ;
#7703 = VECTOR ( 'NONE', #8801, 1000.000000000000000 ) ;
#7704 = PLANE ( 'NONE',  #8106 ) ;
#7705 = MECHANICAL_DESIGN_GEOMETRIC_PRESENTATION_REPRESENTATION (  '', ( #8569 ), #6203 ) ;
#7706 = UNCERTAINTY_MEASURE_WITH_UNIT (LENGTH_MEASURE( 1.000000000000000082E-05 ), #835, 'distance_accuracy_value', 'NONE');
#7707 = SURFACE_STYLE_USAGE ( .BOTH. , #7516 ) ;
#7708 = PLANE ( 'NONE',  #332 ) ;
#7709 = ORIENTED_EDGE ( 'NONE', *, *, #8777, .F. ) ;
#7710 = VECTOR ( 'NONE', #7902, 1000.000000000000000 ) ;
#7711 = CARTESIAN_POINT ( 'NONE',  ( 7.299999999999998934, 0.0000000000000000000, 1.700000000000000178 ) ) ;
#7712 = VECTOR ( 'NONE', #2161, 1000.000000000000000 ) ;
#7713 = VECTOR ( 'NONE', #5337, 1000.000000000000000 ) ;
#7714 = PRESENTATION_STYLE_ASSIGNMENT (( #1331 ) ) ;
#7715 = EDGE_LOOP ( 'NONE', ( #309, #7874, #7356, #5140 ) ) ;
#7716 =( NAMED_UNIT ( * ) PLANE_ANGLE_UNIT ( ) SI_UNIT ( $, .RADIAN. ) );
#7717 = FILL_AREA_STYLE_COLOUR ( '', #5737 ) ;
#7718 = LINE ( 'NONE', #718, #8408 ) ;
#7719 = VECTOR ( 'NONE', #6515, 1000.000000000000000 ) ;
#7720 = PLANE ( 'NONE',  #1976 ) ;
#7721 = SURFACE_SIDE_STYLE ('',( #9075 ) ) ;
#7722 = VERTEX_POINT ( 'NONE', #5744 ) ;
#7723 = CARTESIAN_POINT ( 'NONE',  ( 1.166666666666667851, -4.383333333333334636, -0.8333333333333304838 ) ) ;
#7724 = DIRECTION ( 'NONE',  ( 0.0000000000000000000, 0.0000000000000000000, 1.000000000000000000 ) ) ;
#7725 = DIRECTION ( 'NONE',  ( -0.0000000000000000000, 1.000000000000000000, 0.0000000000000000000 ) ) ;
#7726 = ORIENTED_EDGE ( 'NONE', *, *, #248, .F. ) ;
#7727 = COLOUR_RGB ( '',1.000000000000000000, 0.8117647058823529438, 0.5019607843137254832 ) ;
#7728 = EDGE_CURVE ( 'NONE', #525, #118, #7882, .T. ) ;
#7729 = COLOUR_RGB ( '',1.000000000000000000, 1.000000000000000000, 1.000000000000000000 ) ;
#7730 = EDGE_CURVE ( 'NONE', #2187, #3174, #8721, .T. ) ;
#7731 = DIRECTION ( 'NONE',  ( -3.833233541708433496E-17, -0.7071067811865472397, -0.7071067811865479058 ) ) ;
#7732 = CARTESIAN_POINT ( 'NONE',  ( 3.750000000000000444, 0.2000000000000000111, -0.2499999999999997780 ) ) ;
#7733 = LINE ( 'NONE', #6437, #5628 ) ;
#7734 = DIRECTION ( 'NONE',  ( -3.833233541708420554E-17, -0.7071067811865447972, -0.7071067811865502373 ) ) ;
#7735 = VERTEX_POINT ( 'NONE', #7499 ) ;
#7736 = FACE_OUTER_BOUND ( 'NONE', #6457, .T. ) ;
#7737 = FILL_AREA_STYLE ('',( #8409 ) ) ;
#7738 = ORIENTED_EDGE ( 'NONE', *, *, #6327, .T. ) ;
#7739 = EDGE_CURVE ( 'NONE', #737, #8029, #1876, .T. ) ;
#7740 = PLANE ( 'NONE',  #2951 ) ;
#7741 =( NAMED_UNIT ( * ) SI_UNIT ( $, .STERADIAN. ) SOLID_ANGLE_UNIT ( ) );
#7742 = SURFACE_STYLE_USAGE ( .BOTH. , #698 ) ;
#7743 = VERTEX_POINT ( 'NONE', #3132 ) ;
#7744 = AXIS2_PLACEMENT_3D ( 'NONE', #2959, #7886, #8475 ) ;
#7745 = EDGE_CURVE ( 'NONE', #7763, #3437, #3811, .T. ) ;
#7746 = PLANE ( 'NONE',  #3879 ) ;
#7747 = ORIENTED_EDGE ( 'NONE', *, *, #1182, .T. ) ;
#7748 = DIRECTION ( 'NONE',  ( 0.5773502691896267303, 0.5773502691896238437, 0.5773502691896267303 ) ) ;
#7749 = VECTOR ( 'NONE', #3781, 1000.000000000000000 ) ;
#7750 = LINE ( 'NONE', #5707, #1802 ) ;
#7751 = CARTESIAN_POINT ( 'NONE',  ( 0.2499999999999997780, 1.800000000000000044, 0.2500000000000002220 ) ) ;
#7752 = ADVANCED_FACE ( 'NONE', ( #8852 ), #3220, .T. ) ;
#7753 =( NAMED_UNIT ( * ) SI_UNIT ( $, .STERADIAN. ) SOLID_ANGLE_UNIT ( ) );
#7754 = DIRECTION ( 'NONE',  ( 7.301397222301763825E-17, -0.7071067811865457964, -0.7071067811865492381 ) ) ;
#7755 = ORIENTED_EDGE ( 'NONE', *, *, #3315, .T. ) ;
#7756 = DIRECTION ( 'NONE',  ( 1.000000000000000000, -3.872150616019660190E-17, 0.0000000000000000000 ) ) ;
#7757 = PLANE ( 'NONE',  #3926 ) ;
#7758 = ORIENTED_EDGE ( 'NONE', *, *, #8173, .F. ) ;
#7759 = ADVANCED_FACE ( 'NONE', ( #4697 ), #1726, .F. ) ;
#7760 = MECHANICAL_DESIGN_GEOMETRIC_PRESENTATION_REPRESENTATION (  '', ( #1865 ), #2174 ) ;
#7761 = SURFACE_SIDE_STYLE ('',( #7805 ) ) ;
#7762 =( NAMED_UNIT ( * ) PLANE_ANGLE_UNIT ( ) SI_UNIT ( $, .RADIAN. ) );
#7763 = VERTEX_POINT ( 'NONE', #2587 ) ;
#7764 = DIRECTION ( 'NONE',  ( 0.0000000000000000000, -5.782411586589359611E-16, -1.000000000000000000 ) ) ;
#7765 = LINE ( 'NONE', #5051, #6016 ) ;
#7766 = AXIS2_PLACEMENT_3D ( 'NONE', #2538, #6112, #8281 ) ;
#7767 = FILL_AREA_STYLE ('',( #6177 ) ) ;
#7768 = FILL_AREA_STYLE_COLOUR ( '', #3300 ) ;
#7769 = ORIENTED_EDGE ( 'NONE', *, *, #5166, .F. ) ;
#7770 = DIRECTION ( 'NONE',  ( 1.000000000000000000, 0.0000000000000000000, 0.0000000000000000000 ) ) ;
#7771 = PLANE ( 'NONE',  #5815 ) ;
#7772 = FILL_AREA_STYLE ('',( #6998 ) ) ;
#7773 = ORIENTED_EDGE ( 'NONE', *, *, #2859, .T. ) ;
#7774 = EDGE_CURVE ( 'NONE', #125, #4320, #3177, .T. ) ;
#7775 =( GEOMETRIC_REPRESENTATION_CONTEXT ( 3 ) GLOBAL_UNCERTAINTY_ASSIGNED_CONTEXT ( ( #3004 ) ) GLOBAL_UNIT_ASSIGNED_CONTEXT ( ( #7833, #8366, #1307 ) ) REPRESENTATION_CONTEXT ( 'NONE', 'WORKASPACE' ) );
#7776 = UNCERTAINTY_MEASURE_WITH_UNIT (LENGTH_MEASURE( 1.000000000000000082E-05 ), #6313, 'distance_accuracy_value', 'NONE');
#7777 = EDGE_CURVE ( 'NONE', #8760, #9002, #5377, .T. ) ;
#7778 = FILL_AREA_STYLE_COLOUR ( '', #5025 ) ;
#7779 =( NAMED_UNIT ( * ) PLANE_ANGLE_UNIT ( ) SI_UNIT ( $, .RADIAN. ) );
#7780 = LINE ( 'NONE', #5009, #5188 ) ;
#7781 = SURFACE_STYLE_USAGE ( .BOTH. , #6195 ) ;
#7782 = AXIS2_PLACEMENT_3D ( 'NONE', #3555, #8359, #2024 ) ;
#7783 = FILL_AREA_STYLE_COLOUR ( '', #369 ) ;
#7784 = ORIENTED_EDGE ( 'NONE', *, *, #2337, .T. ) ;
#7785 = LINE ( 'NONE', #653, #4169 ) ;
#7786 = SURFACE_STYLE_FILL_AREA ( #2129 ) ;
#7787 = SURFACE_STYLE_USAGE ( .BOTH. , #8466 ) ;
#7788 = ORIENTED_EDGE ( 'NONE', *, *, #3512, .F. ) ;
#7789 = VERTEX_POINT ( 'NONE', #1982 ) ;
#7790 =( LENGTH_UNIT ( ) NAMED_UNIT ( * ) SI_UNIT ( .MILLI., .METRE. ) );
#7791 = COLOUR_RGB ( '',1.000000000000000000, 1.000000000000000000, 1.000000000000000000 ) ;
#7792 = LINE ( 'NONE', #1448, #6046 ) ;
#7793 = UNCERTAINTY_MEASURE_WITH_UNIT (LENGTH_MEASURE( 1.000000000000000082E-05 ), #4999, 'distance_accuracy_value', 'NONE');
#7794 = EDGE_CURVE ( 'NONE', #9084, #6322, #9090, .T. ) ;
#7795 = DIRECTION ( 'NONE',  ( -0.0000000000000000000, 0.7071067811865500152, 0.7071067811865451302 ) ) ;
#7796 = FILL_AREA_STYLE ('',( #5122 ) ) ;
#7797 = LINE ( 'NONE', #2042, #8965 ) ;
#7798 = CARTESIAN_POINT ( 'NONE',  ( 11.35000000000000142, 5.650000000000000355, 0.3200000000000012834 ) ) ;
#7799 = FILL_AREA_STYLE ('',( #7929 ) ) ;
#7800 = VERTEX_POINT ( 'NONE', #5525 ) ;
#7801 = PRESENTATION_STYLE_ASSIGNMENT (( #5038 ) ) ;
#7802 = VERTEX_POINT ( 'NONE', #8319 ) ;
#7803 =( GEOMETRIC_REPRESENTATION_CONTEXT ( 3 ) GLOBAL_UNCERTAINTY_ASSIGNED_CONTEXT ( ( #380 ) ) GLOBAL_UNIT_ASSIGNED_CONTEXT ( ( #6086, #2752, #8159 ) ) REPRESENTATION_CONTEXT ( 'NONE', 'WORKASPACE' ) );
#7804 = VECTOR ( 'NONE', #3254, 1000.000000000000000 ) ;
#7805 = SURFACE_STYLE_FILL_AREA ( #8442 ) ;
#7806 = LINE ( 'NONE', #4435, #710 ) ;
#7807 =( GEOMETRIC_REPRESENTATION_CONTEXT ( 3 ) GLOBAL_UNCERTAINTY_ASSIGNED_CONTEXT ( ( #1781 ) ) GLOBAL_UNIT_ASSIGNED_CONTEXT ( ( #5334, #7608, #2536 ) ) REPRESENTATION_CONTEXT ( 'NONE', 'WORKASPACE' ) );
#7808 = CARTESIAN_POINT ( 'NONE',  ( 4.750000000000000888, 1.149999999999999911, -2.350000000000001421 ) ) ;
#7809 = PLANE ( 'NONE',  #6330 ) ;
#7810 = MECHANICAL_DESIGN_GEOMETRIC_PRESENTATION_REPRESENTATION (  '', ( #2507 ), #2231 ) ;
#7811 = PLANE ( 'NONE',  #3273 ) ;
#7812 = ORIENTED_EDGE ( 'NONE', *, *, #550, .F. ) ;
#7813 = EDGE_CURVE ( 'NONE', #6885, #4954, #6904, .T. ) ;
#7814 = FACE_OUTER_BOUND ( 'NONE', #300, .T. ) ;
#7815 = EDGE_LOOP ( 'NONE', ( #1322, #7738, #4919, #454, #156 ) ) ;
#7816 = AXIS2_PLACEMENT_3D ( 'NONE', #5114, #5829, #1538 ) ;
#7817 =( GEOMETRIC_REPRESENTATION_CONTEXT ( 3 ) GLOBAL_UNCERTAINTY_ASSIGNED_CONTEXT ( ( #3287 ) ) GLOBAL_UNIT_ASSIGNED_CONTEXT ( ( #7897, #3749, #8647 ) ) REPRESENTATION_CONTEXT ( 'NONE', 'WORKASPACE' ) );
#7818 = ORIENTED_EDGE ( 'NONE', *, *, #1626, .T. ) ;
#7819 = CARTESIAN_POINT ( 'NONE',  ( -1.950000000000000178, -3.399999999999999911, -0.1500000000000021316 ) ) ;
#7820 = ORIENTED_EDGE ( 'NONE', *, *, #4876, .T. ) ;
#7821 = SURFACE_SIDE_STYLE ('',( #5778 ) ) ;
#7822 = COLOUR_RGB ( '',1.000000000000000000, 0.8117647058823529438, 0.5019607843137254832 ) ;
#7823 = EDGE_LOOP ( 'NONE', ( #7476, #7295, #2094, #2016 ) ) ;
#7824 = VECTOR ( 'NONE', #7898, 1000.000000000000000 ) ;
#7825 = AXIS2_PLACEMENT_3D ( 'NONE', #3634, #5985, #2425 ) ;
#7826 = VECTOR ( 'NONE', #4276, 1000.000000000000000 ) ;
#7827 = DIRECTION ( 'NONE',  ( -0.0000000000000000000, -1.000000000000000000, -0.0000000000000000000 ) ) ;
#7828 = VECTOR ( 'NONE', #4662, 1000.000000000000000 ) ;
#7829 = CARTESIAN_POINT ( 'NONE',  ( 5.299999999999998934, 0.2000000000000000389, -2.800000000000000266 ) ) ;
#7830 = DIRECTION ( 'NONE',  ( -1.000000000000000000, 3.872150616019660190E-17, 0.0000000000000000000 ) ) ;
#7831 = VECTOR ( 'NONE', #1028, 1000.000000000000000 ) ;
#7832 = FACE_OUTER_BOUND ( 'NONE', #5401, .T. ) ;
#7833 =( LENGTH_UNIT ( ) NAMED_UNIT ( * ) SI_UNIT ( .MILLI., .METRE. ) );
#7834 = ORIENTED_EDGE ( 'NONE', *, *, #1274, .T. ) ;
#7835 = MECHANICAL_DESIGN_GEOMETRIC_PRESENTATION_REPRESENTATION (  '', ( #1951 ), #8258 ) ;
#7836 = STYLED_ITEM ( 'NONE', ( #5811 ), #787 ) ;
#7837 = COLOUR_RGB ( '',1.000000000000000000, 0.8117647058823529438, 0.5019607843137254832 ) ;
#7838 = CARTESIAN_POINT ( 'NONE',  ( 6.699999999999999289, 0.1999999999999999833, 1.700000000000000178 ) ) ;
#7839 = PRESENTATION_STYLE_ASSIGNMENT (( #4421 ) ) ;
#7840 = VECTOR ( 'NONE', #6383, 1000.000000000000000 ) ;
#7841 = SURFACE_STYLE_USAGE ( .BOTH. , #2227 ) ;
#7842 = ADVANCED_FACE ( 'NONE', ( #2073 ), #4740, .F. ) ;
#7843 = DIRECTION ( 'NONE',  ( -1.000000000000000000, 0.0000000000000000000, -0.0000000000000000000 ) ) ;
#7844 =( NAMED_UNIT ( * ) PLANE_ANGLE_UNIT ( ) SI_UNIT ( $, .RADIAN. ) );
#7845 = ORIENTED_EDGE ( 'NONE', *, *, #5817, .T. ) ;
#7846 = LINE ( 'NONE', #3618, #3712 ) ;
#7847 = SURFACE_SIDE_STYLE ('',( #6363 ) ) ;
#7848 = ORIENTED_EDGE ( 'NONE', *, *, #443, .T. ) ;
#7849 = VECTOR ( 'NONE', #5984, 1000.000000000000000 ) ;
#7850 =( NAMED_UNIT ( * ) PLANE_ANGLE_UNIT ( ) SI_UNIT ( $, .RADIAN. ) );
#7851 = EDGE_CURVE ( 'NONE', #8056, #8642, #1379, .T. ) ;
#7852 = CARTESIAN_POINT ( 'NONE',  ( 11.35000000000000142, 4.500000000000000888, 0.3200000000000012834 ) ) ;
#7853 = DIRECTION ( 'NONE',  ( -0.0000000000000000000, 0.7071067811865457964, 0.7071067811865492381 ) ) ;
#7854 = STYLED_ITEM ( 'NONE', ( #4221 ), #5302 ) ;
#7855 = PRESENTATION_STYLE_ASSIGNMENT (( #2832 ) ) ;
#7856 = FACE_OUTER_BOUND ( 'NONE', #4430, .T. ) ;
#7857 = CARTESIAN_POINT ( 'NONE',  ( -1.350000000000000089, 1.149999999999999911, -2.350000000000001421 ) ) ;
#7858 = CARTESIAN_POINT ( 'NONE',  ( 3.849999999999999645, 5.100000000000001421, -0.1500000000000003830 ) ) ;
#7859 = ORIENTED_EDGE ( 'NONE', *, *, #73, .T. ) ;
#7860 = SURFACE_SIDE_STYLE ('',( #722 ) ) ;
#7861 = PRESENTATION_LAYER_ASSIGNMENT (  '', '', ( #2123 ) ) ;
#7862 = FILL_AREA_STYLE ('',( #1474 ) ) ;
#7863 = AXIS2_PLACEMENT_3D ( 'NONE', #7199, #7795, #7325 ) ;
#7864 = UNCERTAINTY_MEASURE_WITH_UNIT (LENGTH_MEASURE( 1.000000000000000082E-05 ), #8234, 'distance_accuracy_value', 'NONE');
#7865 = CARTESIAN_POINT ( 'NONE',  ( -1.949999999999999956, 0.0000000000000000000, 1.700000000000000178 ) ) ;
#7866 = CARTESIAN_POINT ( 'NONE',  ( 4.250000000000000000, 5.000000000000000888, -0.2499999999999997780 ) ) ;
#7867 = PRESENTATION_LAYER_ASSIGNMENT (  '', '', ( #5216 ) ) ;
#7868 = FILL_AREA_STYLE_COLOUR ( '', #3580 ) ;
#7869 = EDGE_CURVE ( 'NONE', #2143, #7587, #9041, .T. ) ;
#7870 = LINE ( 'NONE', #1532, #4802 ) ;
#7871 = ORIENTED_EDGE ( 'NONE', *, *, #1586, .F. ) ;
#7872 = STYLED_ITEM ( 'NONE', ( #2179 ), #7509 ) ;
#7873 = ADVANCED_FACE ( 'NONE', ( #7555 ), #694, .F. ) ;
#7874 = ORIENTED_EDGE ( 'NONE', *, *, #1345, .F. ) ;
#7875 = CARTESIAN_POINT ( 'NONE',  ( 7.750000000000000000, 5.000000000000000888, 0.2500000000000002220 ) ) ;
#7876 = VECTOR ( 'NONE', #5027, 1000.000000000000114 ) ;
#7877 = LINE ( 'NONE', #7311, #6173 ) ;
#7878 =( NAMED_UNIT ( * ) PLANE_ANGLE_UNIT ( ) SI_UNIT ( $, .RADIAN. ) );
#7879 = PRESENTATION_STYLE_ASSIGNMENT (( #5197 ) ) ;
#7880 = CARTESIAN_POINT ( 'NONE',  ( 5.166666666666666963, -4.383333333333333748, -0.8333333333333317050 ) ) ;
#7881 = ORIENTED_EDGE ( 'NONE', *, *, #6805, .F. ) ;
#7882 = LINE ( 'NONE', #1831, #6392 ) ;
#7883 = UNCERTAINTY_MEASURE_WITH_UNIT (LENGTH_MEASURE( 1.000000000000000082E-05 ), #2723, 'distance_accuracy_value', 'NONE');
#7884 = CARTESIAN_POINT ( 'NONE',  ( 11.70000000000000284, 6.000000000000000000, 1.249999999999998446 ) ) ;
#7885 = EDGE_CURVE ( 'NONE', #2925, #6123, #3375, .T. ) ;
#7886 = DIRECTION ( 'NONE',  ( -6.240012503513693999E-17, 0.0000000000000000000, -1.000000000000000000 ) ) ;
#7887 = FACE_BOUND ( 'NONE', #8093, .T. ) ;
#7888 = CARTESIAN_POINT ( 'NONE',  ( 5.749999999999998224, 1.800000000000000044, -2.800000000000003819 ) ) ;
#7889 = ORIENTED_EDGE ( 'NONE', *, *, #4135, .T. ) ;
#7890 =( NAMED_UNIT ( * ) SI_UNIT ( $, .STERADIAN. ) SOLID_ANGLE_UNIT ( ) );
#7891 = ORIENTED_EDGE ( 'NONE', *, *, #1818, .T. ) ;
#7892 = ORIENTED_EDGE ( 'NONE', *, *, #6766, .F. ) ;
#7893 = EDGE_CURVE ( 'NONE', #2893, #8580, #6696, .T. ) ;
#7894 = VECTOR ( 'NONE', #1675, 1000.000000000000000 ) ;
#7895 = FILL_AREA_STYLE ('',( #7289 ) ) ;
#7896 = SURFACE_STYLE_FILL_AREA ( #3702 ) ;
#7897 =( LENGTH_UNIT ( ) NAMED_UNIT ( * ) SI_UNIT ( .MILLI., .METRE. ) );
#7898 = DIRECTION ( 'NONE',  ( 1.000000000000000000, 1.872003751054108200E-16, -0.0000000000000000000 ) ) ;
#7899 = ORIENTED_EDGE ( 'NONE', *, *, #17, .F. ) ;
#7900 =( NAMED_UNIT ( * ) PLANE_ANGLE_UNIT ( ) SI_UNIT ( $, .RADIAN. ) );
#7901 = FILL_AREA_STYLE ('',( #8578 ) ) ;
#7902 = DIRECTION ( 'NONE',  ( -0.0000000000000000000, 1.000000000000000000, -0.0000000000000000000 ) ) ;
#7903 = ORIENTED_EDGE ( 'NONE', *, *, #3553, .F. ) ;
#7904 =( NAMED_UNIT ( * ) SI_UNIT ( $, .STERADIAN. ) SOLID_ANGLE_UNIT ( ) );
#7905 = STYLED_ITEM ( 'NONE', ( #1801 ), #7071 ) ;
#7906 = STYLED_ITEM ( 'NONE', ( #2130 ), #6401 ) ;
#7907 = ORIENTED_EDGE ( 'NONE', *, *, #3805, .F. ) ;
#7908 =( NAMED_UNIT ( * ) SI_UNIT ( $, .STERADIAN. ) SOLID_ANGLE_UNIT ( ) );
#7909 =( GEOMETRIC_REPRESENTATION_CONTEXT ( 3 ) GLOBAL_UNCERTAINTY_ASSIGNED_CONTEXT ( ( #2717 ) ) GLOBAL_UNIT_ASSIGNED_CONTEXT ( ( #9036, #6247, #7493 ) ) REPRESENTATION_CONTEXT ( 'NONE', 'WORKASPACE' ) );
#7910 = CARTESIAN_POINT ( 'NONE',  ( 9.750000000000000000, 0.2000000000000000111, -0.2499999999999997780 ) ) ;
#7911 = ADVANCED_FACE ( 'NONE', ( #5989 ), #910, .F. ) ;
#7912 = CARTESIAN_POINT ( 'NONE',  ( 2.083333333333336590, 5.166666666666667851, 0.08333333333333542425 ) ) ;
#7913 = DIRECTION ( 'NONE',  ( 0.0000000000000000000, 0.0000000000000000000, 1.000000000000000000 ) ) ;
#7914 = SURFACE_STYLE_USAGE ( .BOTH. , #5148 ) ;
#7915 = EDGE_CURVE ( 'NONE', #6955, #3526, #864, .T. ) ;
#7916 = ORIENTED_EDGE ( 'NONE', *, *, #4486, .F. ) ;
#7917 = PRESENTATION_LAYER_ASSIGNMENT (  '', '', ( #8181 ) ) ;
#7918 = APPLICATION_CONTEXT ( 'automotive_design' ) ;
#7919 = VECTOR ( 'NONE', #3850, 1000.000000000000000 ) ;
#7920 = ORIENTED_EDGE ( 'NONE', *, *, #146, .F. ) ;
#7921 = CARTESIAN_POINT ( 'NONE',  ( 11.95000000000000107, 0.0000000000000000000, 1.699999999999999289 ) ) ;
#7922 =( LENGTH_UNIT ( ) NAMED_UNIT ( * ) SI_UNIT ( .MILLI., .METRE. ) );
#7923 = LINE ( 'NONE', #877, #7517 ) ;
#7924 = SURFACE_STYLE_USAGE ( .BOTH. , #8595 ) ;
#7925 = ORIENTED_EDGE ( 'NONE', *, *, #3633, .F. ) ;
#7926 = CARTESIAN_POINT ( 'NONE',  ( 5.250000000000000888, 3.150000000000000799, -2.050000000000001599 ) ) ;
#7927 =( NAMED_UNIT ( * ) SI_UNIT ( $, .STERADIAN. ) SOLID_ANGLE_UNIT ( ) );
#7928 = SURFACE_SIDE_STYLE ('',( #4423 ) ) ;
#7929 = FILL_AREA_STYLE_COLOUR ( '', #3182 ) ;
#7930 = PRESENTATION_STYLE_ASSIGNMENT (( #8725 ) ) ;
#7931 = SURFACE_STYLE_FILL_AREA ( #5843 ) ;
#7932 = ORIENTED_EDGE ( 'NONE', *, *, #2747, .F. ) ;
#7933 = FILL_AREA_STYLE_COLOUR ( '', #8096 ) ;
#7934 = ORIENTED_EDGE ( 'NONE', *, *, #6876, .T. ) ;
#7935 = VERTEX_POINT ( 'NONE', #2379 ) ;
#7936 =( GEOMETRIC_REPRESENTATION_CONTEXT ( 3 ) GLOBAL_UNCERTAINTY_ASSIGNED_CONTEXT ( ( #3178 ) ) GLOBAL_UNIT_ASSIGNED_CONTEXT ( ( #1431, #5598, #9029 ) ) REPRESENTATION_CONTEXT ( 'NONE', 'WORKASPACE' ) );
#7937 = LINE ( 'NONE', #4519, #7719 ) ;
#7938 = DIRECTION ( 'NONE',  ( 1.000000000000000000, -3.872150616019660190E-17, -4.336808689942017736E-16 ) ) ;
#7939 = LINE ( 'NONE', #5809, #3250 ) ;
#7940 = LINE ( 'NONE', #3750, #6342 ) ;
#7941 = SURFACE_STYLE_FILL_AREA ( #2332 ) ;
#7942 = LINE ( 'NONE', #7293, #432 ) ;
#7943 = ORIENTED_EDGE ( 'NONE', *, *, #5648, .T. ) ;
#7944 = DIRECTION ( 'NONE',  ( 1.000000000000000000, 0.0000000000000000000, -0.0000000000000000000 ) ) ;
#7945 = LINE ( 'NONE', #1613, #4655 ) ;
#7946 = SURFACE_SIDE_STYLE ('',( #1668 ) ) ;
#7947 = ORIENTED_EDGE ( 'NONE', *, *, #7328, .T. ) ;
#7948 = UNCERTAINTY_MEASURE_WITH_UNIT (LENGTH_MEASURE( 1.000000000000000082E-05 ), #3167, 'distance_accuracy_value', 'NONE');
#7949 = CARTESIAN_POINT ( 'NONE',  ( 4.874499999999967415, -0.8255000000000033422, 0.3199999999999999512 ) ) ;
#7950 = FACE_OUTER_BOUND ( 'NONE', #4849, .T. ) ;
#7951 = CARTESIAN_POINT ( 'NONE',  ( 0.7500000000000006661, 1.149999999999999911, -2.050000000000001599 ) ) ;
#7952 = ORIENTED_EDGE ( 'NONE', *, *, #1888, .F. ) ;
#7953 = PRESENTATION_LAYER_ASSIGNMENT (  '', '', ( #8797 ) ) ;
#7954 = ADVANCED_FACE ( 'NONE', ( #4446 ), #7339, .T. ) ;
#7955 = EDGE_CURVE ( 'NONE', #5742, #3536, #5855, .T. ) ;
#7956 = CARTESIAN_POINT ( 'NONE',  ( 11.95000000000000107, 0.0000000000000000000, 1.699999999999999289 ) ) ;
#7957 = SURFACE_STYLE_FILL_AREA ( #6539 ) ;
#7958 = FILL_AREA_STYLE ('',( #5153 ) ) ;
#7959 =( NAMED_UNIT ( * ) SI_UNIT ( $, .STERADIAN. ) SOLID_ANGLE_UNIT ( ) );
#7960 = CARTESIAN_POINT ( 'NONE',  ( 3.250000000000000888, 3.399999999999999467, -2.350000000000001421 ) ) ;
#7961 = VERTEX_POINT ( 'NONE', #7299 ) ;
#7962 = PRESENTATION_LAYER_ASSIGNMENT (  '', '', ( #6637 ) ) ;
#7963 = PRESENTATION_LAYER_ASSIGNMENT (  '', '', ( #423 ) ) ;
#7964 = EDGE_CURVE ( 'NONE', #8849, #493, #2427, .T. ) ;
#7965 = VECTOR ( 'NONE', #778, 1000.000000000000000 ) ;
#7966 = CARTESIAN_POINT ( 'NONE',  ( 5.299999999999998934, 0.2000000000000000389, -2.800000000000000266 ) ) ;
#7967 = ORIENTED_EDGE ( 'NONE', *, *, #18, .T. ) ;
#7968 = UNCERTAINTY_MEASURE_WITH_UNIT (LENGTH_MEASURE( 1.000000000000000082E-05 ), #6503, 'distance_accuracy_value', 'NONE');
#7969 = FILL_AREA_STYLE_COLOUR ( '', #6527 ) ;
#7970 = COLOUR_RGB ( '',1.000000000000000000, 0.8117647058823529438, 0.5019607843137254832 ) ;
#7971 = DIRECTION ( 'NONE',  ( 1.000000000000000000, -3.872150616019660190E-17, -4.336808689942017736E-16 ) ) ;
#7972 = LINE ( 'NONE', #307, #8384 ) ;
#7973 = CARTESIAN_POINT ( 'NONE',  ( 9.299999999999998934, 0.2000000000000000389, -2.800000000000000266 ) ) ;
#7974 =( NAMED_UNIT ( * ) SI_UNIT ( $, .STERADIAN. ) SOLID_ANGLE_UNIT ( ) );
#7975 = PLANE ( 'NONE',  #6212 ) ;
#7976 = VERTEX_POINT ( 'NONE', #3107 ) ;
#7977 = STYLED_ITEM ( 'NONE', ( #4038 ), #1438 ) ;
#7978 =( GEOMETRIC_REPRESENTATION_CONTEXT ( 3 ) GLOBAL_UNCERTAINTY_ASSIGNED_CONTEXT ( ( #2736 ) ) GLOBAL_UNIT_ASSIGNED_CONTEXT ( ( #817, #8650, #4482 ) ) REPRESENTATION_CONTEXT ( 'NONE', 'WORKASPACE' ) );
#7979 = VECTOR ( 'NONE', #6076, 1000.000000000000000 ) ;
#7980 =( GEOMETRIC_REPRESENTATION_CONTEXT ( 3 ) GLOBAL_UNCERTAINTY_ASSIGNED_CONTEXT ( ( #8416 ) ) GLOBAL_UNIT_ASSIGNED_CONTEXT ( ( #3778, #6719, #2445 ) ) REPRESENTATION_CONTEXT ( 'NONE', 'WORKASPACE' ) );
#7981 = PLANE ( 'NONE',  #7274 ) ;
#7982 = VECTOR ( 'NONE', #1091, 1000.000000000000000 ) ;
#7983 = LINE ( 'NONE', #4560, #2387 ) ;
#7984 = AXIS2_PLACEMENT_3D ( 'NONE', #8435, #2689, #704 ) ;
#7985 = SURFACE_STYLE_FILL_AREA ( #148 ) ;
#7986 = CARTESIAN_POINT ( 'NONE',  ( 8.699999999999999289, 0.1999999999999999833, -2.800000000000000266 ) ) ;
#7987 = CARTESIAN_POINT ( 'NONE',  ( 11.95000000000000107, 0.8200000000000030598, 1.300000000000000044 ) ) ;
#7988 = LINE ( 'NONE', #3022, #3098 ) ;
#7989 = FILL_AREA_STYLE_COLOUR ( '', #7267 ) ;
#7990 = ORIENTED_EDGE ( 'NONE', *, *, #1638, .F. ) ;
#7991 = CARTESIAN_POINT ( 'NONE',  ( 0.1500000000000021316, -3.399999999999999911, -2.800000000000000266 ) ) ;
#7992 = SURFACE_STYLE_FILL_AREA ( #985 ) ;
#7993 = EDGE_CURVE ( 'NONE', #6125, #8270, #8701, .T. ) ;
#7994 = VECTOR ( 'NONE', #2755, 1000.000000000000000 ) ;
#7995 = AXIS2_PLACEMENT_3D ( 'NONE', #3942, #1289, #8213 ) ;
#7996 = CARTESIAN_POINT ( 'NONE',  ( 7.249999999999999112, 3.399999999999999467, -2.050000000000001599 ) ) ;
#7997 = DIRECTION ( 'NONE',  ( 1.000000000000000000, -5.421010862427522170E-17, 0.0000000000000000000 ) ) ;
#7998 = LINE ( 'NONE', #7263, #4319 ) ;
#7999 = CARTESIAN_POINT ( 'NONE',  ( 5.750000000000001776, 5.000000000000000888, 0.2500000000000002220 ) ) ;
#8000 = EDGE_LOOP ( 'NONE', ( #2479, #497, #8891, #8388 ) ) ;
#8001 = VECTOR ( 'NONE', #7128, 1000.000000000000114 ) ;
#8002 = VECTOR ( 'NONE', #5801, 1000.000000000000000 ) ;
#8003 = LINE ( 'NONE', #295, #6636 ) ;
#8004 = CARTESIAN_POINT ( 'NONE',  ( 8.750000000000000000, 3.399999999999999467, -2.300000000000001599 ) ) ;
#8005 = LINE ( 'NONE', #3077, #4131 ) ;
#8006 = FILL_AREA_STYLE ('',( #8669 ) ) ;
#8007 = ORIENTED_EDGE ( 'NONE', *, *, #3418, .F. ) ;
#8008 = EDGE_CURVE ( 'NONE', #8716, #8608, #2649, .T. ) ;
#8009 = AXIS2_PLACEMENT_3D ( 'NONE', #5575, #3475, #561 ) ;
#8010 = PRESENTATION_LAYER_ASSIGNMENT (  '', '', ( #3889 ) ) ;
#8011 = SURFACE_STYLE_USAGE ( .BOTH. , #928 ) ;
#8012 = FACE_OUTER_BOUND ( 'NONE', #7120, .T. ) ;
#8013 = CARTESIAN_POINT ( 'NONE',  ( 8.250000000000000000, 5.000000000000000888, -0.2499999999999997780 ) ) ;
#8014 = PRESENTATION_STYLE_ASSIGNMENT (( #269 ) ) ;
#8015 = DIRECTION ( 'NONE',  ( -0.0000000000000000000, -0.0000000000000000000, 1.000000000000000000 ) ) ;
#8016 = ORIENTED_EDGE ( 'NONE', *, *, #618, .T. ) ;
#8017 = EDGE_CURVE ( 'NONE', #4638, #8480, #1231, .T. ) ;
#8018 = PRESENTATION_LAYER_ASSIGNMENT (  '', '', ( #1381 ) ) ;
#8019 = ADVANCED_FACE ( 'NONE', ( #4118, #1131 ), #401, .F. ) ;
#8020 = ORIENTED_EDGE ( 'NONE', *, *, #3417, .T. ) ;
#8021 = DIRECTION ( 'NONE',  ( -0.0000000000000000000, 1.000000000000000000, -0.0000000000000000000 ) ) ;
#8022 =( NAMED_UNIT ( * ) SI_UNIT ( $, .STERADIAN. ) SOLID_ANGLE_UNIT ( ) );
#8023 = ADVANCED_FACE ( 'NONE', ( #1956 ), #6134, .F. ) ;
#8024 = DIRECTION ( 'NONE',  ( 0.7071067811865475727, -0.7071067811865475727, 1.662400053425836136E-32 ) ) ;
#8025 = DIRECTION ( 'NONE',  ( 0.0000000000000000000, 0.0000000000000000000, 1.000000000000000000 ) ) ;
#8026 = FILL_AREA_STYLE ('',( #7208 ) ) ;
#8027 = SURFACE_SIDE_STYLE ('',( #5219 ) ) ;
#8028 =( NAMED_UNIT ( * ) PLANE_ANGLE_UNIT ( ) SI_UNIT ( $, .RADIAN. ) );
#8029 = VERTEX_POINT ( 'NONE', #7435 ) ;
#8030 = DIRECTION ( 'NONE',  ( 0.7071067811865475727, -0.7071067811865475727, 1.662400053425836136E-32 ) ) ;
#8031 = LINE ( 'NONE', #1707, #2828 ) ;
#8032 = EDGE_CURVE ( 'NONE', #660, #6069, #3248, .T. ) ;
#8033 = AXIS2_PLACEMENT_3D ( 'NONE', #4582, #3031, #7913 ) ;
#8034 = EDGE_CURVE ( 'NONE', #6069, #8029, #2564, .T. ) ;
#8035 =( LENGTH_UNIT ( ) NAMED_UNIT ( * ) SI_UNIT ( .MILLI., .METRE. ) );
#8036 = COLOUR_RGB ( '',1.000000000000000000, 1.000000000000000000, 1.000000000000000000 ) ;
#8037 = COLOUR_RGB ( '',1.000000000000000000, 1.000000000000000000, 1.000000000000000000 ) ;
#8038 = DIRECTION ( 'NONE',  ( -1.000000000000000000, 5.421010862427522170E-17, 0.0000000000000000000 ) ) ;
#8039 = DIRECTION ( 'NONE',  ( -1.000000000000000000, 0.0000000000000000000, -0.0000000000000000000 ) ) ;
#8040 = CARTESIAN_POINT ( 'NONE',  ( 0.1500000000000008271, 5.100000000000001421, 0.1500000000000008271 ) ) ;
#8041 = VERTEX_POINT ( 'NONE', #581 ) ;
#8042 = VECTOR ( 'NONE', #2305, 1000.000000000000000 ) ;
#8043 = CARTESIAN_POINT ( 'NONE',  ( 1.749999999999999778, -3.399999999999999911, -0.2499999999999997780 ) ) ;
#8044 = ORIENTED_EDGE ( 'NONE', *, *, #2038, .F. ) ;
#8045 = CARTESIAN_POINT ( 'NONE',  ( 8.050000000000000711, 5.100000000000001421, -2.800000000000000266 ) ) ;
#8046 = MECHANICAL_DESIGN_GEOMETRIC_PRESENTATION_REPRESENTATION (  '', ( #8181 ), #816 ) ;
#8047 = DIRECTION ( 'NONE',  ( 0.0000000000000000000, -0.0000000000000000000, 1.000000000000000000 ) ) ;
#8048 = PLANE ( 'NONE',  #6375 ) ;
#8049 = ORIENTED_EDGE ( 'NONE', *, *, #5356, .T. ) ;
#8050 = ADVANCED_FACE ( 'NONE', ( #8784 ), #2508, .F. ) ;
#8051 = UNCERTAINTY_MEASURE_WITH_UNIT (LENGTH_MEASURE( 1.000000000000000082E-05 ), #3925, 'distance_accuracy_value', 'NONE');
#8052 = FACE_OUTER_BOUND ( 'NONE', #6077, .T. ) ;
#8053 = CARTESIAN_POINT ( 'NONE',  ( 6.750000000000000888, 1.149999999999999911, -2.050000000000001599 ) ) ;
#8054 = PLANE ( 'NONE',  #6288 ) ;
#8055 = DIRECTION ( 'NONE',  ( -1.000000000000000000, 3.872150616019660190E-17, 0.0000000000000000000 ) ) ;
#8056 = VERTEX_POINT ( 'NONE', #7852 ) ;
#8057 = CARTESIAN_POINT ( 'NONE',  ( -0.8333333333333321491, -4.383333333333334636, -0.8333333333333304838 ) ) ;
#8058 = ADVANCED_FACE ( 'NONE', ( #8483 ), #3622, .F. ) ;
#8059 = DIRECTION ( 'NONE',  ( -4.336808689942017736E-16, 1.679277644031839923E-32, -1.000000000000000000 ) ) ;
#8060 = ADVANCED_FACE ( 'NONE', ( #8443 ), #6367, .F. ) ;
#8061 =( LENGTH_UNIT ( ) NAMED_UNIT ( * ) SI_UNIT ( .MILLI., .METRE. ) );
#8062 = CARTESIAN_POINT ( 'NONE',  ( 6.699999999999999289, 0.1999999999999999833, -2.800000000000000266 ) ) ;
#8063 = PLANE ( 'NONE',  #7984 ) ;
#8064 = VERTEX_POINT ( 'NONE', #633 ) ;
#8065 = FACE_OUTER_BOUND ( 'NONE', #2045, .T. ) ;
#8066 = DIRECTION ( 'NONE',  ( 1.000000000000000000, 0.0000000000000000000, 6.829619984160658046E-17 ) ) ;
#8067 = LINE ( 'NONE', #2296, #8884 ) ;
#8068 =( LENGTH_UNIT ( ) NAMED_UNIT ( * ) SI_UNIT ( .MILLI., .METRE. ) );
#8069 = LINE ( 'NONE', #4030, #8791 ) ;
#8070 = SURFACE_STYLE_FILL_AREA ( #5146 ) ;
#8071 = LINE ( 'NONE', #6138, #7336 ) ;
#8072 =( GEOMETRIC_REPRESENTATION_CONTEXT ( 3 ) GLOBAL_UNCERTAINTY_ASSIGNED_CONTEXT ( ( #7237 ) ) GLOBAL_UNIT_ASSIGNED_CONTEXT ( ( #1811, #3306, #5405 ) ) REPRESENTATION_CONTEXT ( 'NONE', 'WORKASPACE' ) );
#8073 = ORIENTED_EDGE ( 'NONE', *, *, #6082, .F. ) ;
#8074 = CARTESIAN_POINT ( 'NONE',  ( 11.95000000000000107, 1.380000000000003002, 1.700000000000000178 ) ) ;
#8075 = ORIENTED_EDGE ( 'NONE', *, *, #8952, .T. ) ;
#8076 = CARTESIAN_POINT ( 'NONE',  ( 5.750000000000000000, 5.000000000000000888, 0.2500000000000002220 ) ) ;
#8077 = LINE ( 'NONE', #4501, #5044 ) ;
#8078 = VECTOR ( 'NONE', #8498, 1000.000000000000114 ) ;
#8079 = EDGE_LOOP ( 'NONE', ( #2142, #1335, #1716, #3038 ) ) ;
#8080 = CARTESIAN_POINT ( 'NONE',  ( 0.2499999999999997780, -3.399999999999999911, -0.2499999999999997780 ) ) ;
#8081 =( LENGTH_UNIT ( ) NAMED_UNIT ( * ) SI_UNIT ( .MILLI., .METRE. ) );
#8082 = VERTEX_POINT ( 'NONE', #4959 ) ;
#8083 = EDGE_LOOP ( 'NONE', ( #893, #1382, #6613, #7507, #6114 ) ) ;
#8084 =( GEOMETRIC_REPRESENTATION_CONTEXT ( 3 ) GLOBAL_UNCERTAINTY_ASSIGNED_CONTEXT ( ( #4470 ) ) GLOBAL_UNIT_ASSIGNED_CONTEXT ( ( #4253, #7114, #2091 ) ) REPRESENTATION_CONTEXT ( 'NONE', 'WORKASPACE' ) );
#8085 = PRESENTATION_STYLE_ASSIGNMENT (( #7456 ) ) ;
#8086 = SHAPE_DEFINITION_REPRESENTATION ( #3363, #6693 ) ;
#8087 = ORIENTED_EDGE ( 'NONE', *, *, #2342, .F. ) ;
#8088 =( NAMED_UNIT ( * ) SI_UNIT ( $, .STERADIAN. ) SOLID_ANGLE_UNIT ( ) );
#8089 = DIRECTION ( 'NONE',  ( -9.035018104045878829E-16, 1.000000000000000000, 0.0000000000000000000 ) ) ;
#8090 = ORIENTED_EDGE ( 'NONE', *, *, #1154, .T. ) ;
#8091 = AXIS2_PLACEMENT_3D ( 'NONE', #4365, #321, #5348 ) ;
#8092 = EDGE_CURVE ( 'NONE', #4792, #7789, #6989, .T. ) ;
#8093 = EDGE_LOOP ( 'NONE', ( #3976, #4636, #8842, #5834 ) ) ;
#8094 = PRESENTATION_LAYER_ASSIGNMENT (  '', '', ( #4737 ) ) ;
#8095 = SURFACE_STYLE_FILL_AREA ( #4008 ) ;
#8096 = COLOUR_RGB ( '',1.000000000000000000, 0.8117647058823529438, 0.5019607843137254832 ) ;
#8097 = EDGE_CURVE ( 'NONE', #1162, #5455, #3491, .T. ) ;
#8098 = CARTESIAN_POINT ( 'NONE',  ( 3.250000000000000888, 3.399999999999999467, -2.300000000000001599 ) ) ;
#8099 = DIRECTION ( 'NONE',  ( -1.000000000000000000, 3.872150616019660190E-17, -0.0000000000000000000 ) ) ;
#8100 = PRESENTATION_STYLE_ASSIGNMENT (( #979 ) ) ;
#8101 = CARTESIAN_POINT ( 'NONE',  ( 2.050000000000000266, 5.100000000000001421, -0.1500000000000003830 ) ) ;
#8102 = LINE ( 'NONE', #7427, #4312 ) ;
#8103 = COLOUR_RGB ( '',1.000000000000000000, 1.000000000000000000, 1.000000000000000000 ) ;
#8104 = ORIENTED_EDGE ( 'NONE', *, *, #2176, .T. ) ;
#8105 = DIRECTION ( 'NONE',  ( -1.000000000000000000, 5.421010862427522170E-17, 0.0000000000000000000 ) ) ;
#8106 = AXIS2_PLACEMENT_3D ( 'NONE', #1371, #3527, #4984 ) ;
#8107 = SURFACE_SIDE_STYLE ('',( #5986 ) ) ;
#8108 = EDGE_CURVE ( 'NONE', #5658, #6234, #4996, .T. ) ;
#8109 = VECTOR ( 'NONE', #2372, 1000.000000000000000 ) ;
#8110 = DIRECTION ( 'NONE',  ( -0.7071067811865474617, -0.7071067811865476838, 3.066586833366747783E-16 ) ) ;
#8111 = SURFACE_STYLE_USAGE ( .BOTH. , #5311 ) ;
#8112 = COLOUR_RGB ( '',1.000000000000000000, 0.8117647058823529438, 0.5019607843137254832 ) ;
#8113 = DIRECTION ( 'NONE',  ( 1.000000000000000000, -5.421010862427522170E-17, 0.0000000000000000000 ) ) ;
#8114 =( LENGTH_UNIT ( ) NAMED_UNIT ( * ) SI_UNIT ( .MILLI., .METRE. ) );
#8115 = CARTESIAN_POINT ( 'NONE',  ( 2.050000000000000266, -3.399999999999999911, -2.800000000000000266 ) ) ;
#8116 = DIRECTION ( 'NONE',  ( 3.872150616019660190E-17, 1.000000000000000000, -0.0000000000000000000 ) ) ;
#8117 =( GEOMETRIC_REPRESENTATION_CONTEXT ( 3 ) GLOBAL_UNCERTAINTY_ASSIGNED_CONTEXT ( ( #8863 ) ) GLOBAL_UNIT_ASSIGNED_CONTEXT ( ( #3498, #1612, #7904 ) ) REPRESENTATION_CONTEXT ( 'NONE', 'WORKASPACE' ) );
#8118 = CARTESIAN_POINT ( 'NONE',  ( 10.22000000000000064, 6.000000000000000000, 1.599999999999999867 ) ) ;
#8119 = CARTESIAN_POINT ( 'NONE',  ( -1.700000000000001510, 6.000000000000000000, -2.700000000000002842 ) ) ;
#8120 = ORIENTED_EDGE ( 'NONE', *, *, #4991, .T. ) ;
#8121 =( GEOMETRIC_REPRESENTATION_CONTEXT ( 3 ) GLOBAL_UNCERTAINTY_ASSIGNED_CONTEXT ( ( #6297 ) ) GLOBAL_UNIT_ASSIGNED_CONTEXT ( ( #8114, #2653, #681 ) ) REPRESENTATION_CONTEXT ( 'NONE', 'WORKASPACE' ) );
#8122 =( GEOMETRIC_REPRESENTATION_CONTEXT ( 3 ) GLOBAL_UNCERTAINTY_ASSIGNED_CONTEXT ( ( #2635 ) ) GLOBAL_UNIT_ASSIGNED_CONTEXT ( ( #1015, #7319, #5207 ) ) REPRESENTATION_CONTEXT ( 'NONE', 'WORKASPACE' ) );
#8123 = UNCERTAINTY_MEASURE_WITH_UNIT (LENGTH_MEASURE( 1.000000000000000082E-05 ), #4853, 'distance_accuracy_value', 'NONE');
#8124 = VERTEX_POINT ( 'NONE', #5548 ) ;
#8125 = EDGE_CURVE ( 'NONE', #4047, #8056, #8345, .T. ) ;
#8126 = SURFACE_STYLE_FILL_AREA ( #6895 ) ;
#8127 = LINE ( 'NONE', #3124, #1330 ) ;
#8128 = VECTOR ( 'NONE', #1610, 1000.000000000000000 ) ;
#8129 = DIRECTION ( 'NONE',  ( -1.000000000000000000, 5.421010862427522170E-17, 0.0000000000000000000 ) ) ;
#8130 = EDGE_LOOP ( 'NONE', ( #7892, #7660, #3946, #4544 ) ) ;
#8131 = EDGE_CURVE ( 'NONE', #6968, #204, #313, .T. ) ;
#8132 = ORIENTED_EDGE ( 'NONE', *, *, #2014, .F. ) ;
#8133 = VECTOR ( 'NONE', #7754, 1000.000000000000114 ) ;
#8134 = ORIENTED_EDGE ( 'NONE', *, *, #6889, .F. ) ;
#8135 = UNCERTAINTY_MEASURE_WITH_UNIT (LENGTH_MEASURE( 1.000000000000000082E-05 ), #1963, 'distance_accuracy_value', 'NONE');
#8136 = VECTOR ( 'NONE', #8644, 1000.000000000000000 ) ;
#8137 = DIRECTION ( 'NONE',  ( -1.000000000000000000, 5.421010862427522170E-17, 0.0000000000000000000 ) ) ;
#8138 = FILL_AREA_STYLE_COLOUR ( '', #4151 ) ;
#8139 =( LENGTH_UNIT ( ) NAMED_UNIT ( * ) SI_UNIT ( .MILLI., .METRE. ) );
#8140 = CARTESIAN_POINT ( 'NONE',  ( 3.166666666666666963, -4.383333333333333748, -0.8333333333333317050 ) ) ;
#8141 = FACE_BOUND ( 'NONE', #2307, .T. ) ;
#8142 = DIRECTION ( 'NONE',  ( 3.872150616019660190E-17, 1.000000000000000000, 0.0000000000000000000 ) ) ;
#8143 = ORIENTED_EDGE ( 'NONE', *, *, #9018, .F. ) ;
#8144 =( GEOMETRIC_REPRESENTATION_CONTEXT ( 3 ) GLOBAL_UNCERTAINTY_ASSIGNED_CONTEXT ( ( #6107 ) ) GLOBAL_UNIT_ASSIGNED_CONTEXT ( ( #6347, #1403, #5937 ) ) REPRESENTATION_CONTEXT ( 'NONE', 'WORKASPACE' ) );
#8145 = EDGE_LOOP ( 'NONE', ( #5445, #5472, #8180, #8176 ) ) ;
#8146 =( NAMED_UNIT ( * ) PLANE_ANGLE_UNIT ( ) SI_UNIT ( $, .RADIAN. ) );
#8147 = UNCERTAINTY_MEASURE_WITH_UNIT (LENGTH_MEASURE( 1.000000000000000082E-05 ), #1782, 'distance_accuracy_value', 'NONE');
#8148 = PLANE ( 'NONE',  #6512 ) ;
#8149 = DIRECTION ( 'NONE',  ( -0.0000000000000000000, -0.0000000000000000000, 1.000000000000000000 ) ) ;
#8150 =( NAMED_UNIT ( * ) SI_UNIT ( $, .STERADIAN. ) SOLID_ANGLE_UNIT ( ) );
#8151 = ORIENTED_EDGE ( 'NONE', *, *, #5113, .F. ) ;
#8152 = DIRECTION ( 'NONE',  ( -1.000000000000000000, 3.872150616019660190E-17, 0.0000000000000000000 ) ) ;
#8153 = FACE_OUTER_BOUND ( 'NONE', #2693, .T. ) ;
#8154 = LINE ( 'NONE', #1226, #5111 ) ;
#8155 = ADVANCED_FACE ( 'NONE', ( #978 ), #3141, .F. ) ;
#8156 = ORIENTED_EDGE ( 'NONE', *, *, #1626, .F. ) ;
#8157 = FILL_AREA_STYLE_COLOUR ( '', #4439 ) ;
#8158 = ADVANCED_FACE ( 'NONE', ( #6468 ), #4521, .F. ) ;
#8159 =( NAMED_UNIT ( * ) SI_UNIT ( $, .STERADIAN. ) SOLID_ANGLE_UNIT ( ) );
#8160 = LINE ( 'NONE', #1235, #8610 ) ;
#8161 = SURFACE_STYLE_USAGE ( .BOTH. , #448 ) ;
#8162 = ORIENTED_EDGE ( 'NONE', *, *, #5408, .T. ) ;
#8163 = COLOUR_RGB ( '',1.000000000000000000, 0.8117647058823529438, 0.5019607843137254832 ) ;
#8164 = SURFACE_STYLE_USAGE ( .BOTH. , #4724 ) ;
#8165 = CARTESIAN_POINT ( 'NONE',  ( -0.7000000000000002887, 0.2000000000000000389, -0.2499999999999997780 ) ) ;
#8166 = ORIENTED_EDGE ( 'NONE', *, *, #4559, .T. ) ;
#8167 = VECTOR ( 'NONE', #7624, 1000.000000000000000 ) ;
#8168 = STYLED_ITEM ( 'NONE', ( #6797 ), #6102 ) ;
#8169 = EDGE_CURVE ( 'NONE', #338, #1071, #3821, .T. ) ;
#8170 = FACE_OUTER_BOUND ( 'NONE', #2322, .T. ) ;
#8171 = EDGE_CURVE ( 'NONE', #4218, #1804, #2367, .T. ) ;
#8172 = SURFACE_SIDE_STYLE ('',( #4881 ) ) ;
#8173 = EDGE_CURVE ( 'NONE', #1194, #4263, #7983, .T. ) ;
#8174 = CARTESIAN_POINT ( 'NONE',  ( 3.750000000000000444, 5.000000000000000888, 0.2500000000000002220 ) ) ;
#8175 = DIRECTION ( 'NONE',  ( -4.336808689942017736E-16, 0.0000000000000000000, -1.000000000000000000 ) ) ;
#8176 = ORIENTED_EDGE ( 'NONE', *, *, #4642, .F. ) ;
#8177 = VERTEX_POINT ( 'NONE', #6640 ) ;
#8178 = ORIENTED_EDGE ( 'NONE', *, *, #4069, .F. ) ;
#8179 = CARTESIAN_POINT ( 'NONE',  ( 4.750000000000000888, 3.399999999999999467, -2.050000000000001599 ) ) ;
#8180 = ORIENTED_EDGE ( 'NONE', *, *, #1185, .F. ) ;
#8181 = STYLED_ITEM ( 'NONE', ( #1733 ), #2976 ) ;
#8182 = VECTOR ( 'NONE', #4735, 1000.000000000000000 ) ;
#8183 = DIRECTION ( 'NONE',  ( 0.5773502691896242878, -0.5773502691896267303, -0.5773502691896262862 ) ) ;
#8184 = DIRECTION ( 'NONE',  ( 1.000000000000000000, 0.0000000000000000000, 0.0000000000000000000 ) ) ;
#8185 =( NAMED_UNIT ( * ) SI_UNIT ( $, .STERADIAN. ) SOLID_ANGLE_UNIT ( ) );
#8186 = DIRECTION ( 'NONE',  ( -3.872150616019660190E-17, -1.000000000000000000, 0.0000000000000000000 ) ) ;
#8187 = CARTESIAN_POINT ( 'NONE',  ( 4.049999999999999822, -3.399999999999999911, 0.1500000000000008271 ) ) ;
#8188 =( NAMED_UNIT ( * ) PLANE_ANGLE_UNIT ( ) SI_UNIT ( $, .RADIAN. ) );
#8189 = ORIENTED_EDGE ( 'NONE', *, *, #665, .T. ) ;
#8190 = LINE ( 'NONE', #6215, #6836 ) ;
#8191 =( NAMED_UNIT ( * ) SI_UNIT ( $, .STERADIAN. ) SOLID_ANGLE_UNIT ( ) );
#8192 = FILL_AREA_STYLE ('',( #8865 ) ) ;
#8193 = FILL_AREA_STYLE_COLOUR ( '', #7822 ) ;
#8194 = VECTOR ( 'NONE', #3032, 1000.000000000000000 ) ;
#8195 = CARTESIAN_POINT ( 'NONE',  ( 4.049999999999999822, -3.399999999999999911, -0.1500000000000003830 ) ) ;
#8196 = ORIENTED_EDGE ( 'NONE', *, *, #5835, .F. ) ;
#8197 = CARTESIAN_POINT ( 'NONE',  ( 11.95000000000000107, 0.8200000000000030598, 1.700000000000000178 ) ) ;
#8198 = DIRECTION ( 'NONE',  ( 1.000000000000000000, 0.0000000000000000000, 0.0000000000000000000 ) ) ;
#8199 = VECTOR ( 'NONE', #5410, 1000.000000000000000 ) ;
#8200 = SURFACE_STYLE_FILL_AREA ( #1955 ) ;
#8201 = PRESENTATION_STYLE_ASSIGNMENT (( #8111 ) ) ;
#8202 = PRESENTATION_STYLE_ASSIGNMENT (( #6087 ) ) ;
#8203 =( NAMED_UNIT ( * ) PLANE_ANGLE_UNIT ( ) SI_UNIT ( $, .RADIAN. ) );
#8204 =( NAMED_UNIT ( * ) SI_UNIT ( $, .STERADIAN. ) SOLID_ANGLE_UNIT ( ) );
#8205 = ORIENTED_EDGE ( 'NONE', *, *, #3221, .T. ) ;
#8206 = LINE ( 'NONE', #7540, #6048 ) ;
#8207 = CARTESIAN_POINT ( 'NONE',  ( 8.250000000000000000, 1.800000000000000044, -0.2499999999999997780 ) ) ;
#8208 = ORIENTED_EDGE ( 'NONE', *, *, #5856, .T. ) ;
#8209 = STYLED_ITEM ( 'NONE', ( #685 ), #3594 ) ;
#8210 = UNCERTAINTY_MEASURE_WITH_UNIT (LENGTH_MEASURE( 1.000000000000000082E-05 ), #467, 'distance_accuracy_value', 'NONE');
#8211 = LINE ( 'NONE', #7595, #5167 ) ;
#8212 = CARTESIAN_POINT ( 'NONE',  ( 5.250000000000000888, 3.399999999999999467, -2.050000000000001599 ) ) ;
#8213 = DIRECTION ( 'NONE',  ( 0.0000000000000000000, -0.0000000000000000000, 1.000000000000000000 ) ) ;
#8214 = FILL_AREA_STYLE ('',( #7448 ) ) ;
#8215 = DIRECTION ( 'NONE',  ( 1.927470528863119542E-16, -1.000000000000000000, 0.0000000000000000000 ) ) ;
#8216 = CARTESIAN_POINT ( 'NONE',  ( 2.250000000000000000, -3.399999999999999911, -0.1500000000000021316 ) ) ;
#8217 = ORIENTED_EDGE ( 'NONE', *, *, #206, .F. ) ;
#8218 = EDGE_CURVE ( 'NONE', #3388, #6526, #7206, .T. ) ;
#8219 =( NAMED_UNIT ( * ) SI_UNIT ( $, .STERADIAN. ) SOLID_ANGLE_UNIT ( ) );
#8220 = ORIENTED_EDGE ( 'NONE', *, *, #999, .T. ) ;
#8221 = PRESENTATION_LAYER_ASSIGNMENT (  '', '', ( #2364 ) ) ;
#8222 = AXIS2_PLACEMENT_3D ( 'NONE', #4171, #8915, #2651 ) ;
#8223 = UNCERTAINTY_MEASURE_WITH_UNIT (LENGTH_MEASURE( 1.000000000000000082E-05 ), #8944, 'distance_accuracy_value', 'NONE');
#8224 = DIRECTION ( 'NONE',  ( -1.084202172485504237E-15, -1.000000000000000000, 0.0000000000000000000 ) ) ;
#8225 = PRESENTATION_STYLE_ASSIGNMENT (( #3471 ) ) ;
#8226 = PLANE ( 'NONE',  #989 ) ;
#8227 = FILL_AREA_STYLE ('',( #8898 ) ) ;
#8228 = FACE_BOUND ( 'NONE', #4222, .T. ) ;
#8229 = ORIENTED_EDGE ( 'NONE', *, *, #6569, .F. ) ;
#8230 = ORIENTED_EDGE ( 'NONE', *, *, #6327, .F. ) ;
#8231 = STYLED_ITEM ( 'NONE', ( #5174 ), #3854 ) ;
#8232 = COLOUR_RGB ( '',1.000000000000000000, 0.8117647058823529438, 0.5019607843137254832 ) ;
#8233 = CARTESIAN_POINT ( 'NONE',  ( 5.750000000000000000, -3.399999999999999911, -0.2499999999999997780 ) ) ;
#8234 =( LENGTH_UNIT ( ) NAMED_UNIT ( * ) SI_UNIT ( .MILLI., .METRE. ) );
#8235 =( NAMED_UNIT ( * ) SI_UNIT ( $, .STERADIAN. ) SOLID_ANGLE_UNIT ( ) );
#8236 = SURFACE_STYLE_FILL_AREA ( #5433 ) ;
#8237 = CARTESIAN_POINT ( 'NONE',  ( 1.750000000000000222, -3.399999999999999911, 0.2500000000000002220 ) ) ;
#8238 = VECTOR ( 'NONE', #1219, 1000.000000000000000 ) ;
#8239 = FILL_AREA_STYLE_COLOUR ( '', #188 ) ;
#8240 = ORIENTED_EDGE ( 'NONE', *, *, #2853, .T. ) ;
#8241 = ORIENTED_EDGE ( 'NONE', *, *, #7364, .T. ) ;
#8242 = CARTESIAN_POINT ( 'NONE',  ( 3.849999999999999645, 5.100000000000001421, 0.1500000000000008271 ) ) ;
#8243 =( NAMED_UNIT ( * ) PLANE_ANGLE_UNIT ( ) SI_UNIT ( $, .RADIAN. ) );
#8244 = PRESENTATION_LAYER_ASSIGNMENT (  '', '', ( #6339 ) ) ;
#8245 = VECTOR ( 'NONE', #56, 1000.000000000000000 ) ;
#8246 = MECHANICAL_DESIGN_GEOMETRIC_PRESENTATION_REPRESENTATION (  '', ( #3111 ), #7673 ) ;
#8247 =( GEOMETRIC_REPRESENTATION_CONTEXT ( 3 ) GLOBAL_UNCERTAINTY_ASSIGNED_CONTEXT ( ( #1014 ) ) GLOBAL_UNIT_ASSIGNED_CONTEXT ( ( #437, #9015, #576 ) ) REPRESENTATION_CONTEXT ( 'NONE', 'WORKASPACE' ) );
#8248 = CARTESIAN_POINT ( 'NONE',  ( 9.750000000000000000, 5.000000000000000888, -0.2499999999999997780 ) ) ;
#8249 = PRESENTATION_LAYER_ASSIGNMENT (  '', '', ( #2981 ) ) ;
#8250 = PRESENTATION_LAYER_ASSIGNMENT (  '', '', ( #2982 ) ) ;
#8251 = VERTEX_POINT ( 'NONE', #2496 ) ;
#8252 = DIRECTION ( 'NONE',  ( -0.7071067811865505703, -0.7071067811865444641, 1.662400053425828747E-32 ) ) ;
#8253 = ADVANCED_FACE ( 'NONE', ( #1939 ), #6161, .F. ) ;
#8254 = CARTESIAN_POINT ( 'NONE',  ( 5.250000000000000888, 3.399999999999999467, -2.050000000000001599 ) ) ;
#8255 = SURFACE_SIDE_STYLE ('',( #6135 ) ) ;
#8256 = VERTEX_POINT ( 'NONE', #2600 ) ;
#8257 = CARTESIAN_POINT ( 'NONE',  ( 11.35000000000000142, 5.650000000000000355, -2.350000000000000977 ) ) ;
#8258 =( GEOMETRIC_REPRESENTATION_CONTEXT ( 3 ) GLOBAL_UNCERTAINTY_ASSIGNED_CONTEXT ( ( #4099 ) ) GLOBAL_UNIT_ASSIGNED_CONTEXT ( ( #2917, #2182, #1589 ) ) REPRESENTATION_CONTEXT ( 'NONE', 'WORKASPACE' ) );
#8259 = CARTESIAN_POINT ( 'NONE',  ( 10.24999999999999822, 0.2000000000000000111, -2.800000000000000266 ) ) ;
#8260 = ORIENTED_EDGE ( 'NONE', *, *, #8991, .T. ) ;
#8261 = VECTOR ( 'NONE', #8986, 1000.000000000000000 ) ;
#8262 = MECHANICAL_DESIGN_GEOMETRIC_PRESENTATION_REPRESENTATION (  '', ( #1332 ), #8819 ) ;
#8263 = AXIS2_PLACEMENT_3D ( 'NONE', #2590, #4048, #8184 ) ;
#8264 = EDGE_CURVE ( 'NONE', #660, #7006, #4058, .T. ) ;
#8265 = FILL_AREA_STYLE ('',( #7400 ) ) ;
#8266 =( NAMED_UNIT ( * ) SI_UNIT ( $, .STERADIAN. ) SOLID_ANGLE_UNIT ( ) );
#8267 = LINE ( 'NONE', #4129, #5057 ) ;
#8268 = DIRECTION ( 'NONE',  ( 1.000000000000000000, 0.0000000000000000000, 0.0000000000000000000 ) ) ;
#8269 = SURFACE_SIDE_STYLE ('',( #7549 ) ) ;
#8270 = VERTEX_POINT ( 'NONE', #7422 ) ;
#8271 = STYLED_ITEM ( 'NONE', ( #8225 ), #5110 ) ;
#8272 = EDGE_CURVE ( 'NONE', #2019, #3228, #3232, .T. ) ;
#8273 = COLOUR_RGB ( '',1.000000000000000000, 1.000000000000000000, 1.000000000000000000 ) ;
#8274 = VERTEX_POINT ( 'NONE', #5976 ) ;
#8275 = EDGE_CURVE ( 'NONE', #8750, #3224, #1793, .T. ) ;
#8276 = CARTESIAN_POINT ( 'NONE',  ( 11.70000000000000462, 6.000000000000000000, 0.3200000000000012834 ) ) ;
#8277 = FACE_OUTER_BOUND ( 'NONE', #6823, .T. ) ;
#8278 = MECHANICAL_DESIGN_GEOMETRIC_PRESENTATION_REPRESENTATION (  '', ( #3139 ), #2855 ) ;
#8279 =( NAMED_UNIT ( * ) PLANE_ANGLE_UNIT ( ) SI_UNIT ( $, .RADIAN. ) );
#8280 =( NAMED_UNIT ( * ) SI_UNIT ( $, .STERADIAN. ) SOLID_ANGLE_UNIT ( ) );
#8281 = DIRECTION ( 'NONE',  ( 0.0000000000000000000, 0.0000000000000000000, 1.000000000000000000 ) ) ;
#8282 = PLANE ( 'NONE',  #6545 ) ;
#8283 = EDGE_LOOP ( 'NONE', ( #8087, #2794, #6859, #4497 ) ) ;
#8284 = VECTOR ( 'NONE', #6549, 1000.000000000000000 ) ;
#8285 =( NAMED_UNIT ( * ) SI_UNIT ( $, .STERADIAN. ) SOLID_ANGLE_UNIT ( ) );
#8286 = LINE ( 'NONE', #4614, #3843 ) ;
#8287 = ADVANCED_FACE ( 'NONE', ( #3870 ), #1167, .F. ) ;
#8288 = VECTOR ( 'NONE', #5036, 1000.000000000000000 ) ;
#8289 = LINE ( 'NONE', #6827, #7096 ) ;
#8290 = FILL_AREA_STYLE ('',( #8193 ) ) ;
#8291 = EDGE_CURVE ( 'NONE', #1799, #5294, #2682, .T. ) ;
#8292 = ORIENTED_EDGE ( 'NONE', *, *, #649, .F. ) ;
#8293 = DIRECTION ( 'NONE',  ( 1.000000000000000000, 0.0000000000000000000, 0.0000000000000000000 ) ) ;
#8294 = FACE_OUTER_BOUND ( 'NONE', #7368, .T. ) ;
#8295 =( NAMED_UNIT ( * ) SI_UNIT ( $, .STERADIAN. ) SOLID_ANGLE_UNIT ( ) );
#8296 = MECHANICAL_DESIGN_GEOMETRIC_PRESENTATION_REPRESENTATION (  '', ( #7872 ), #9017 ) ;
#8297 = LINE ( 'NONE', #3299, #2526 ) ;
#8298 = CARTESIAN_POINT ( 'NONE',  ( 10.22000000000000064, 6.000000000000000000, 1.599999999999999867 ) ) ;
#8299 = ORIENTED_EDGE ( 'NONE', *, *, #1901, .T. ) ;
#8300 = CARTESIAN_POINT ( 'NONE',  ( -1.350000000000000089, 5.650000000000000355, -2.350000000000001421 ) ) ;
#8301 =( LENGTH_UNIT ( ) NAMED_UNIT ( * ) SI_UNIT ( .MILLI., .METRE. ) );
#8302 = CARTESIAN_POINT ( 'NONE',  ( -1.180000000000000160, 2.250000000000000000, -2.801000000000000600 ) ) ;
#8303 = CARTESIAN_POINT ( 'NONE',  ( 0.05000000000000012768, 0.0000000000000000000, -2.050000000000001599 ) ) ;
#8304 = EDGE_LOOP ( 'NONE', ( #8090, #6713, #6832, #1224 ) ) ;
#8305 = CARTESIAN_POINT ( 'NONE',  ( 1.250000000000000666, 3.399999999999999467, -2.350000000000001421 ) ) ;
#8306 = DIRECTION ( 'NONE',  ( -1.000000000000000000, 0.0000000000000000000, 1.762081725391875198E-17 ) ) ;
#8307 = DIRECTION ( 'NONE',  ( 0.0000000000000000000, -0.0000000000000000000, 1.000000000000000000 ) ) ;
#8308 = UNCERTAINTY_MEASURE_WITH_UNIT (LENGTH_MEASURE( 1.000000000000000082E-05 ), #8561, 'distance_accuracy_value', 'NONE');
#8309 = FACE_OUTER_BOUND ( 'NONE', #376, .T. ) ;
#8310 = LINE ( 'NONE', #3597, #3878 ) ;
#8311 = CARTESIAN_POINT ( 'NONE',  ( -1.180000000000000160, 2.250000000000000000, -2.801000000000000600 ) ) ;
#8312 = PLANE ( 'NONE',  #7782 ) ;
#8313 = ORIENTED_EDGE ( 'NONE', *, *, #234, .T. ) ;
#8314 = ORIENTED_EDGE ( 'NONE', *, *, #1105, .F. ) ;
#8315 = COLOUR_RGB ( '',1.000000000000000000, 1.000000000000000000, 1.000000000000000000 ) ;
#8316 = EDGE_CURVE ( 'NONE', #3480, #1611, #8286, .T. ) ;
#8317 = VECTOR ( 'NONE', #3907, 1000.000000000000000 ) ;
#8318 = VERTEX_POINT ( 'NONE', #6352 ) ;
#8319 = CARTESIAN_POINT ( 'NONE',  ( 10.22000000000000242, 4.230000000000000426, 1.599999999999999867 ) ) ;
#8320 = UNCERTAINTY_MEASURE_WITH_UNIT (LENGTH_MEASURE( 1.000000000000000082E-05 ), #1120, 'distance_accuracy_value', 'NONE');
#8321 = LINE ( 'NONE', #1301, #6218 ) ;
#8322 = FACE_OUTER_BOUND ( 'NONE', #5345, .T. ) ;
#8323 = VECTOR ( 'NONE', #490, 1000.000000000000000 ) ;
#8324 = FACE_BOUND ( 'NONE', #2733, .T. ) ;
#8325 = CARTESIAN_POINT ( 'NONE',  ( 5.750000000000000000, 0.2000000000000000111, -0.2499999999999997780 ) ) ;
#8326 = ORIENTED_EDGE ( 'NONE', *, *, #3249, .T. ) ;
#8327 = VECTOR ( 'NONE', #3461, 1000.000000000000000 ) ;
#8328 = CARTESIAN_POINT ( 'NONE',  ( 2.050000000000000266, 0.0000000000000000000, -2.050000000000001599 ) ) ;
#8329 = DIRECTION ( 'NONE',  ( 9.103382349328301547E-49, 2.350988701644575016E-32, 1.000000000000000000 ) ) ;
#8330 = UNCERTAINTY_MEASURE_WITH_UNIT (LENGTH_MEASURE( 1.000000000000000082E-05 ), #2076, 'distance_accuracy_value', 'NONE');
#8331 =( NAMED_UNIT ( * ) PLANE_ANGLE_UNIT ( ) SI_UNIT ( $, .RADIAN. ) );
#8332 = CARTESIAN_POINT ( 'NONE',  ( 4.150000000000001243, 5.100000000000001421, -2.800000000000000266 ) ) ;
#8333 = CARTESIAN_POINT ( 'NONE',  ( -1.949999999999999956, 0.0000000000000000000, -2.800000000000000266 ) ) ;
#8334 = EDGE_CURVE ( 'NONE', #862, #822, #6303, .T. ) ;
#8335 = LINE ( 'NONE', #2044, #4182 ) ;
#8336 = EDGE_LOOP ( 'NONE', ( #5882, #4955, #2811, #4145 ) ) ;
#8337 = LINE ( 'NONE', #4814, #8962 ) ;
#8338 = VECTOR ( 'NONE', #3817, 1000.000000000000000 ) ;
#8339 = FACE_OUTER_BOUND ( 'NONE', #5133, .T. ) ;
#8340 = ADVANCED_FACE ( 'NONE', ( #2814 ), #7655, .T. ) ;
#8341 = ORIENTED_EDGE ( 'NONE', *, *, #1638, .T. ) ;
#8342 = LINE ( 'NONE', #9066, #3643 ) ;
#8343 = EDGE_CURVE ( 'NONE', #8029, #6955, #6916, .T. ) ;
#8344 = VECTOR ( 'NONE', #925, 1000.000000000000000 ) ;
#8345 = LINE ( 'NONE', #238, #2813 ) ;
#8346 = ORIENTED_EDGE ( 'NONE', *, *, #5043, .F. ) ;
#8347 = SURFACE_STYLE_FILL_AREA ( #9024 ) ;
#8348 = DIRECTION ( 'NONE',  ( -0.0000000000000000000, 0.0000000000000000000, 1.000000000000000000 ) ) ;
#8349 = ORIENTED_EDGE ( 'NONE', *, *, #504, .T. ) ;
#8350 = FACE_OUTER_BOUND ( 'NONE', #476, .T. ) ;
#8351 = SURFACE_STYLE_USAGE ( .BOTH. , #1387 ) ;
#8352 =( NAMED_UNIT ( * ) PLANE_ANGLE_UNIT ( ) SI_UNIT ( $, .RADIAN. ) );
#8353 = EDGE_CURVE ( 'NONE', #4320, #881, #701, .T. ) ;
#8354 = ADVANCED_FACE ( 'NONE', ( #7615 ), #7704, .T. ) ;
#8355 = ORIENTED_EDGE ( 'NONE', *, *, #1361, .T. ) ;
#8356 = CARTESIAN_POINT ( 'NONE',  ( -1.180000000000000160, 4.229999999999999538, 1.249999999999997558 ) ) ;
#8357 = SURFACE_SIDE_STYLE ('',( #5564 ) ) ;
#8358 =( NAMED_UNIT ( * ) PLANE_ANGLE_UNIT ( ) SI_UNIT ( $, .RADIAN. ) );
#8359 = DIRECTION ( 'NONE',  ( -3.833233541708432880E-17, -0.7071067811865471286, 0.7071067811865479058 ) ) ;
#8360 = ORIENTED_EDGE ( 'NONE', *, *, #3685, .T. ) ;
#8361 = VERTEX_POINT ( 'NONE', #2039 ) ;
#8362 = PRESENTATION_STYLE_ASSIGNMENT (( #3558 ) ) ;
#8363 = SURFACE_STYLE_USAGE ( .BOTH. , #2805 ) ;
#8364 = STYLED_ITEM ( 'NONE', ( #3318 ), #3663 ) ;
#8365 = DIRECTION ( 'NONE',  ( -0.0000000000000000000, 1.000000000000000000, -0.0000000000000000000 ) ) ;
#8366 =( NAMED_UNIT ( * ) PLANE_ANGLE_UNIT ( ) SI_UNIT ( $, .RADIAN. ) );
#8367 = CARTESIAN_POINT ( 'NONE',  ( 9.299999999999998934, 0.0000000000000000000, -2.800000000000000266 ) ) ;
#8368 = APPLICATION_CONTEXT ( 'automotive_design' ) ;
#8369 = VERTEX_POINT ( 'NONE', #4206 ) ;
#8370 =( GEOMETRIC_REPRESENTATION_CONTEXT ( 3 ) GLOBAL_UNCERTAINTY_ASSIGNED_CONTEXT ( ( #6405 ) ) GLOBAL_UNIT_ASSIGNED_CONTEXT ( ( #9034, #5732, #8535 ) ) REPRESENTATION_CONTEXT ( 'NONE', 'WORKASPACE' ) );
#8371 = PLANE ( 'NONE',  #5660 ) ;
#8372 =( NAMED_UNIT ( * ) SI_UNIT ( $, .STERADIAN. ) SOLID_ANGLE_UNIT ( ) );
#8373 = DIRECTION ( 'NONE',  ( -0.0000000000000000000, -0.0000000000000000000, -1.000000000000000000 ) ) ;
#8374 = LINE ( 'NONE', #8332, #3591 ) ;
#8375 = DIRECTION ( 'NONE',  ( 0.0000000000000000000, 0.0000000000000000000, 1.000000000000000000 ) ) ;
#8376 = DIRECTION ( 'NONE',  ( -3.872150616019660190E-17, -1.000000000000000000, 0.0000000000000000000 ) ) ;
#8377 = EDGE_CURVE ( 'NONE', #4191, #5006, #7018, .T. ) ;
#8378 = FILL_AREA_STYLE ('',( #8239 ) ) ;
#8379 = ORIENTED_EDGE ( 'NONE', *, *, #6372, .F. ) ;
#8380 = DIRECTION ( 'NONE',  ( -5.421010862427522170E-17, -1.000000000000000000, 2.350988701644575016E-32 ) ) ;
#8381 = ORIENTED_EDGE ( 'NONE', *, *, #8377, .T. ) ;
#8382 = DIRECTION ( 'NONE',  ( -0.0000000000000000000, 0.0000000000000000000, 1.000000000000000000 ) ) ;
#8383 =( NAMED_UNIT ( * ) PLANE_ANGLE_UNIT ( ) SI_UNIT ( $, .RADIAN. ) );
#8384 = VECTOR ( 'NONE', #2447, 1000.000000000000000 ) ;
#8385 = STYLED_ITEM ( 'NONE', ( #2291 ), #3804 ) ;
#8386 =( NAMED_UNIT ( * ) SI_UNIT ( $, .STERADIAN. ) SOLID_ANGLE_UNIT ( ) );
#8387 = MECHANICAL_DESIGN_GEOMETRIC_PRESENTATION_REPRESENTATION (  '', ( #3413 ), #7817 ) ;
#8388 = ORIENTED_EDGE ( 'NONE', *, *, #4086, .T. ) ;
#8389 = DIRECTION ( 'NONE',  ( 0.0000000000000000000, 0.0000000000000000000, -1.000000000000000000 ) ) ;
#8390 = VECTOR ( 'NONE', #5271, 1000.000000000000000 ) ;
#8391 = DIRECTION ( 'NONE',  ( -1.927470528863119542E-16, 1.000000000000000000, 0.0000000000000000000 ) ) ;
#8392 = EDGE_CURVE ( 'NONE', #6006, #2615, #7792, .T. ) ;
#8393 = ORIENTED_EDGE ( 'NONE', *, *, #7084, .T. ) ;
#8394 = CARTESIAN_POINT ( 'NONE',  ( -1.950000000000000400, 0.8200000000000003952, 1.300000000000000044 ) ) ;
#8395 = MECHANICAL_DESIGN_GEOMETRIC_PRESENTATION_REPRESENTATION (  '', ( #6637 ), #13 ) ;
#8396 = SURFACE_STYLE_USAGE ( .BOTH. , #9078 ) ;
#8397 = DIRECTION ( 'NONE',  ( 4.829270603727150736E-17, 0.7071067811865493491, -0.7071067811865457964 ) ) ;
#8398 = VECTOR ( 'NONE', #6245, 1000.000000000000000 ) ;
#8399 = MECHANICAL_DESIGN_GEOMETRIC_PRESENTATION_REPRESENTATION (  '', ( #2981 ), #1165 ) ;
#8400 = VECTOR ( 'NONE', #352, 1000.000000000000000 ) ;
#8401 = UNCERTAINTY_MEASURE_WITH_UNIT (LENGTH_MEASURE( 1.000000000000000082E-05 ), #2929, 'distance_accuracy_value', 'NONE');
#8402 = CARTESIAN_POINT ( 'NONE',  ( 9.250000000000001776, 3.399999999999999467, -2.050000000000001599 ) ) ;
#8403 = CARTESIAN_POINT ( 'NONE',  ( 11.95000000000000107, 6.000000000000000000, -2.800000000000000711 ) ) ;
#8404 = PRESENTATION_STYLE_ASSIGNMENT (( #644 ) ) ;
#8405 = FACE_OUTER_BOUND ( 'NONE', #6222, .T. ) ;
#8406 = COLOUR_RGB ( '',1.000000000000000000, 0.8117647058823529438, 0.5019607843137254832 ) ;
#8407 = SURFACE_STYLE_USAGE ( .BOTH. , #3676 ) ;
#8408 = VECTOR ( 'NONE', #58, 1000.000000000000000 ) ;
#8409 = FILL_AREA_STYLE_COLOUR ( '', #1886 ) ;
#8410 = VECTOR ( 'NONE', #5709, 1000.000000000000000 ) ;
#8411 = VERTEX_POINT ( 'NONE', #7838 ) ;
#8412 = VECTOR ( 'NONE', #1892, 1000.000000000000000 ) ;
#8413 =( GEOMETRIC_REPRESENTATION_CONTEXT ( 3 ) GLOBAL_UNCERTAINTY_ASSIGNED_CONTEXT ( ( #4012 ) ) GLOBAL_UNIT_ASSIGNED_CONTEXT ( ( #8536, #2895, #1484 ) ) REPRESENTATION_CONTEXT ( 'NONE', 'WORKASPACE' ) );
#8414 = EDGE_CURVE ( 'NONE', #1115, #4970, #1503, .T. ) ;
#8415 = PRESENTATION_LAYER_ASSIGNMENT (  '', '', ( #5331 ) ) ;
#8416 = UNCERTAINTY_MEASURE_WITH_UNIT (LENGTH_MEASURE( 1.000000000000000082E-05 ), #3778, 'distance_accuracy_value', 'NONE');
#8417 =( NAMED_UNIT ( * ) PLANE_ANGLE_UNIT ( ) SI_UNIT ( $, .RADIAN. ) );
#8418 = LINE ( 'NONE', #1439, #6817 ) ;
#8419 = EDGE_CURVE ( 'NONE', #2132, #1365, #4337, .T. ) ;
#8420 = FILL_AREA_STYLE_COLOUR ( '', #6317 ) ;
#8421 = SURFACE_STYLE_USAGE ( .BOTH. , #5786 ) ;
#8422 = SURFACE_STYLE_FILL_AREA ( #1497 ) ;
#8423 = FILL_AREA_STYLE_COLOUR ( '', #4627 ) ;
#8424 = VERTEX_POINT ( 'NONE', #801 ) ;
#8425 = VECTOR ( 'NONE', #2200, 1000.000000000000114 ) ;
#8426 = VERTEX_POINT ( 'NONE', #3652 ) ;
#8427 = STYLED_ITEM ( 'NONE', ( #3973 ), #5256 ) ;
#8428 = EDGE_LOOP ( 'NONE', ( #8978, #8907, #5011, #8914 ) ) ;
#8429 = VECTOR ( 'NONE', #175, 1000.000000000000000 ) ;
#8430 = FILL_AREA_STYLE_COLOUR ( '', #5041 ) ;
#8431 = VECTOR ( 'NONE', #3726, 1000.000000000000000 ) ;
#8432 = EDGE_CURVE ( 'NONE', #2218, #493, #129, .T. ) ;
#8433 = CARTESIAN_POINT ( 'NONE',  ( 0.05000000000000012768, 5.100000000000001421, 0.1500000000000008271 ) ) ;
#8434 = CARTESIAN_POINT ( 'NONE',  ( 7.249999999999999112, 1.149999999999999911, -2.050000000000001599 ) ) ;
#8435 = CARTESIAN_POINT ( 'NONE',  ( -0.2500000000000000000, 5.000000000000000888, -0.2499999999999997780 ) ) ;
#8436 = ORIENTED_EDGE ( 'NONE', *, *, #7287, .F. ) ;
#8437 =( NAMED_UNIT ( * ) SI_UNIT ( $, .STERADIAN. ) SOLID_ANGLE_UNIT ( ) );
#8438 = MECHANICAL_DESIGN_GEOMETRIC_PRESENTATION_REPRESENTATION (  '', ( #6667 ), #3602 ) ;
#8439 = VERTEX_POINT ( 'NONE', #6132 ) ;
#8440 = COLOUR_RGB ( '',1.000000000000000000, 0.8117647058823529438, 0.5019607843137254832 ) ;
#8441 = ADVANCED_FACE ( 'NONE', ( #2648 ), #8913, .F. ) ;
#8442 = FILL_AREA_STYLE ('',( #2877 ) ) ;
#8443 = FACE_OUTER_BOUND ( 'NONE', #642, .T. ) ;
#8444 = VERTEX_POINT ( 'NONE', #6742 ) ;
#8445 = LINE ( 'NONE', #8577, #8525 ) ;
#8446 = FACE_OUTER_BOUND ( 'NONE', #8840, .T. ) ;
#8447 = DIRECTION ( 'NONE',  ( 0.0000000000000000000, 1.000000000000000000, 0.0000000000000000000 ) ) ;
#8448 = ORIENTED_EDGE ( 'NONE', *, *, #1154, .F. ) ;
#8449 = CARTESIAN_POINT ( 'NONE',  ( -1.951000000000000956, 4.500000000000000888, -0.1800000000000009093 ) ) ;
#8450 = FACE_OUTER_BOUND ( 'NONE', #5320, .T. ) ;
#8451 = FACE_OUTER_BOUND ( 'NONE', #606, .T. ) ;
#8452 = ORIENTED_EDGE ( 'NONE', *, *, #7013, .T. ) ;
#8453 = AXIS2_PLACEMENT_3D ( 'NONE', #4617, #354, #8025 ) ;
#8454 = AXIS2_PLACEMENT_3D ( 'NONE', #4336, #128, #2953 ) ;
#8455 = ORIENTED_EDGE ( 'NONE', *, *, #3105, .T. ) ;
#8456 = DIRECTION ( 'NONE',  ( 0.7071067811865475727, -0.7071067811865475727, 1.662400053425836136E-32 ) ) ;
#8457 = CARTESIAN_POINT ( 'NONE',  ( 8.083333333333333925, 5.166666666666668739, -0.08333333333333370341 ) ) ;
#8458 =( LENGTH_UNIT ( ) NAMED_UNIT ( * ) SI_UNIT ( .MILLI., .METRE. ) );
#8459 = CARTESIAN_POINT ( 'NONE',  ( 8.750000000000000000, 3.399999999999998579, -2.350000000000001421 ) ) ;
#8460 = VECTOR ( 'NONE', #4025, 1000.000000000000000 ) ;
#8461 = ORIENTED_EDGE ( 'NONE', *, *, #8575, .F. ) ;
#8462 = EDGE_CURVE ( 'NONE', #2647, #5240, #8297, .T. ) ;
#8463 = CARTESIAN_POINT ( 'NONE',  ( 1.250000000000000666, 3.150000000000000799, -2.050000000000001599 ) ) ;
#8464 = FILL_AREA_STYLE ('',( #5662 ) ) ;
#8465 = ORIENTED_EDGE ( 'NONE', *, *, #1709, .T. ) ;
#8466 = SURFACE_SIDE_STYLE ('',( #8422 ) ) ;
#8467 = ORIENTED_EDGE ( 'NONE', *, *, #8923, .F. ) ;
#8468 = VECTOR ( 'NONE', #3720, 1000.000000000000000 ) ;
#8469 = PRESENTATION_LAYER_ASSIGNMENT (  '', '', ( #8168 ) ) ;
#8470 = LINE ( 'NONE', #1408, #5789 ) ;
#8471 = MECHANICAL_DESIGN_GEOMETRIC_PRESENTATION_REPRESENTATION (  '', ( #8742 ), #2169 ) ;
#8472 = PRESENTATION_STYLE_ASSIGNMENT (( #9054 ) ) ;
#8473 = SURFACE_STYLE_FILL_AREA ( #2916 ) ;
#8474 = DIRECTION ( 'NONE',  ( 1.000000000000000000, -5.421010862427522170E-17, 0.0000000000000000000 ) ) ;
#8475 = DIRECTION ( 'NONE',  ( -1.000000000000000000, 0.0000000000000000000, 6.240012503513693999E-17 ) ) ;
#8476 = ORIENTED_EDGE ( 'NONE', *, *, #7469, .T. ) ;
#8477 = LINE ( 'NONE', #6463, #2978 ) ;
#8478 =( NAMED_UNIT ( * ) SI_UNIT ( $, .STERADIAN. ) SOLID_ANGLE_UNIT ( ) );
#8479 = EDGE_CURVE ( 'NONE', #6526, #1327, #3199, .T. ) ;
#8480 = VERTEX_POINT ( 'NONE', #7385 ) ;
#8481 = MECHANICAL_DESIGN_GEOMETRIC_PRESENTATION_REPRESENTATION (  '', ( #4511 ), #5826 ) ;
#8482 = STYLED_ITEM ( 'NONE', ( #6811 ), #6465 ) ;
#8483 = FACE_OUTER_BOUND ( 'NONE', #4044, .T. ) ;
#8484 = CARTESIAN_POINT ( 'NONE',  ( 11.95100000000000051, 6.000000000000000000, -0.6800000000000000488 ) ) ;
#8485 = SURFACE_STYLE_USAGE ( .BOTH. , #4266 ) ;
#8486 = ORIENTED_EDGE ( 'NONE', *, *, #8882, .F. ) ;
#8487 = CARTESIAN_POINT ( 'NONE',  ( 8.150000000000000355, 5.100000000000001421, -2.800000000000000266 ) ) ;
#8488 = EDGE_LOOP ( 'NONE', ( #2621, #6262, #4896, #7072 ) ) ;
#8489 = DIRECTION ( 'NONE',  ( 1.000000000000000000, -5.421010862427522170E-17, 0.0000000000000000000 ) ) ;
#8490 = DIRECTION ( 'NONE',  ( 1.000000000000000000, 0.0000000000000000000, -0.0000000000000000000 ) ) ;
#8491 = ORIENTED_EDGE ( 'NONE', *, *, #3911, .F. ) ;
#8492 = VECTOR ( 'NONE', #259, 1000.000000000000000 ) ;
#8493 = UNCERTAINTY_MEASURE_WITH_UNIT (LENGTH_MEASURE( 1.000000000000000082E-05 ), #7148, 'distance_accuracy_value', 'NONE');
#8494 = CARTESIAN_POINT ( 'NONE',  ( 4.150000000000001243, -3.399999999999999911, -2.800000000000000266 ) ) ;
#8495 = CARTESIAN_POINT ( 'NONE',  ( 8.250000000000000000, -3.399999999999999911, 0.2500000000000002220 ) ) ;
#8496 = DIRECTION ( 'NONE',  ( -1.000000000000000000, -0.0000000000000000000, -0.0000000000000000000 ) ) ;
#8497 = ORIENTED_EDGE ( 'NONE', *, *, #1168, .T. ) ;
#8498 = DIRECTION ( 'NONE',  ( -1.362927481496328130E-16, 0.7071067811865451302, -0.7071067811865500152 ) ) ;
#8499 = DIRECTION ( 'NONE',  ( -1.000000000000000000, 5.421010862427522170E-17, 0.0000000000000000000 ) ) ;
#8500 = VERTEX_POINT ( 'NONE', #1039 ) ;
#8501 = ADVANCED_FACE ( 'NONE', ( #5446 ), #6791, .T. ) ;
#8502 =( NAMED_UNIT ( * ) PLANE_ANGLE_UNIT ( ) SI_UNIT ( $, .RADIAN. ) );
#8503 = UNCERTAINTY_MEASURE_WITH_UNIT (LENGTH_MEASURE( 1.000000000000000082E-05 ), #4580, 'distance_accuracy_value', 'NONE');
#8504 = DIRECTION ( 'NONE',  ( 1.000000000000000000, -0.0000000000000000000, -0.0000000000000000000 ) ) ;
#8505 =( NAMED_UNIT ( * ) PLANE_ANGLE_UNIT ( ) SI_UNIT ( $, .RADIAN. ) );
#8506 = SURFACE_STYLE_FILL_AREA ( #2868 ) ;
#8507 = FILL_AREA_STYLE_COLOUR ( '', #2516 ) ;
#8508 = CARTESIAN_POINT ( 'NONE',  ( 5.750000000000000000, 5.000000000000000888, -0.2499999999999997780 ) ) ;
#8509 =( NAMED_UNIT ( * ) PLANE_ANGLE_UNIT ( ) SI_UNIT ( $, .RADIAN. ) );
#8510 = LINE ( 'NONE', #756, #8002 ) ;
#8511 = ORIENTED_EDGE ( 'NONE', *, *, #1932, .F. ) ;
#8512 = ADVANCED_FACE ( 'NONE', ( #3348 ), #767, .T. ) ;
#8513 = SURFACE_STYLE_USAGE ( .BOTH. , #7066 ) ;
#8514 = ORIENTED_EDGE ( 'NONE', *, *, #2499, .F. ) ;
#8515 = EDGE_CURVE ( 'NONE', #2019, #1071, #4998, .T. ) ;
#8516 = COLOUR_RGB ( '',1.000000000000000000, 0.8117647058823529438, 0.5019607843137254832 ) ;
#8517 = VECTOR ( 'NONE', #6745, 1000.000000000000000 ) ;
#8518 = PRESENTATION_STYLE_ASSIGNMENT (( #812 ) ) ;
#8519 =( NAMED_UNIT ( * ) SI_UNIT ( $, .STERADIAN. ) SOLID_ANGLE_UNIT ( ) );
#8520 = ADVANCED_FACE ( 'NONE', ( #679 ), #4219, .F. ) ;
#8521 = ORIENTED_EDGE ( 'NONE', *, *, #7184, .F. ) ;
#8522 = VECTOR ( 'NONE', #6396, 1000.000000000000114 ) ;
#8523 = FILL_AREA_STYLE_COLOUR ( '', #1625 ) ;
#8524 =( NAMED_UNIT ( * ) PLANE_ANGLE_UNIT ( ) SI_UNIT ( $, .RADIAN. ) );
#8525 = VECTOR ( 'NONE', #7075, 1000.000000000000000 ) ;
#8526 = CARTESIAN_POINT ( 'NONE',  ( 3.750000000000000444, -3.399999999999999911, 0.2500000000000002220 ) ) ;
#8527 = ORIENTED_EDGE ( 'NONE', *, *, #2576, .T. ) ;
#8528 = CARTESIAN_POINT ( 'NONE',  ( -0.2500000000000000000, 5.000000000000000888, -0.2499999999999997780 ) ) ;
#8529 = DIRECTION ( 'NONE',  ( -3.872150616019660190E-17, -1.000000000000000000, 0.0000000000000000000 ) ) ;
#8530 =( NAMED_UNIT ( * ) SI_UNIT ( $, .STERADIAN. ) SOLID_ANGLE_UNIT ( ) );
#8531 = VERTEX_POINT ( 'NONE', #7808 ) ;
#8532 = MECHANICAL_DESIGN_GEOMETRIC_PRESENTATION_REPRESENTATION (  '', ( #1917 ), #2378 ) ;
#8533 = STYLED_ITEM ( 'NONE', ( #3751 ), #3890 ) ;
#8534 = FILL_AREA_STYLE_COLOUR ( '', #3842 ) ;
#8535 =( NAMED_UNIT ( * ) SI_UNIT ( $, .STERADIAN. ) SOLID_ANGLE_UNIT ( ) );
#8536 =( LENGTH_UNIT ( ) NAMED_UNIT ( * ) SI_UNIT ( .MILLI., .METRE. ) );
#8537 = VECTOR ( 'NONE', #3408, 1000.000000000000000 ) ;
#8538 = VECTOR ( 'NONE', #6458, 1000.000000000000000 ) ;
#8539 = CARTESIAN_POINT ( 'NONE',  ( 2.050000000000000266, -3.399999999999999911, 0.1500000000000008271 ) ) ;
#8540 =( LENGTH_UNIT ( ) NAMED_UNIT ( * ) SI_UNIT ( .MILLI., .METRE. ) );
#8541 = EDGE_LOOP ( 'NONE', ( #6139, #1837, #104, #8217 ) ) ;
#8542 = AXIS2_PLACEMENT_3D ( 'NONE', #7819, #7731, #5561 ) ;
#8543 = VECTOR ( 'NONE', #2370, 1000.000000000000000 ) ;
#8544 = STYLED_ITEM ( 'NONE', ( #3381 ), #8287 ) ;
#8545 = PRESENTATION_LAYER_ASSIGNMENT (  '', '', ( #4299 ) ) ;
#8546 = MECHANICAL_DESIGN_GEOMETRIC_PRESENTATION_REPRESENTATION (  '', ( #1010 ), #4147 ) ;
#8547 = SURFACE_SIDE_STYLE ('',( #1264 ) ) ;
#8548 =( GEOMETRIC_REPRESENTATION_CONTEXT ( 3 ) GLOBAL_UNCERTAINTY_ASSIGNED_CONTEXT ( ( #3549 ) ) GLOBAL_UNIT_ASSIGNED_CONTEXT ( ( #5671, #2817, #4155 ) ) REPRESENTATION_CONTEXT ( 'NONE', 'WORKASPACE' ) );
#8549 = SURFACE_SIDE_STYLE ('',( #5739 ) ) ;
#8550 = STYLED_ITEM ( 'NONE', ( #7579 ), #8441 ) ;
#8551 = PLANE ( 'NONE',  #7816 ) ;
#8552 = DIRECTION ( 'NONE',  ( 0.0000000000000000000, -0.0000000000000000000, -1.000000000000000000 ) ) ;
#8553 = ORIENTED_EDGE ( 'NONE', *, *, #3521, .F. ) ;
#8554 = STYLED_ITEM ( 'NONE', ( #5082 ), #5028 ) ;
#8555 = ORIENTED_EDGE ( 'NONE', *, *, #1460, .T. ) ;
#8556 =( GEOMETRIC_REPRESENTATION_CONTEXT ( 3 ) GLOBAL_UNCERTAINTY_ASSIGNED_CONTEXT ( ( #8947 ) ) GLOBAL_UNIT_ASSIGNED_CONTEXT ( ( #4712, #5396, #3824 ) ) REPRESENTATION_CONTEXT ( 'NONE', 'WORKASPACE' ) );
#8557 = CARTESIAN_POINT ( 'NONE',  ( -1.950000000000000400, 1.380000000000000782, 1.700000000000000178 ) ) ;
#8558 = DIRECTION ( 'NONE',  ( 1.000000000000000000, -0.0000000000000000000, 1.927470528863119295E-16 ) ) ;
#8559 = CARTESIAN_POINT ( 'NONE',  ( -1.949999999999999956, 0.0000000000000000000, -2.800000000000000266 ) ) ;
#8560 = VECTOR ( 'NONE', #8116, 1000.000000000000000 ) ;
#8561 =( LENGTH_UNIT ( ) NAMED_UNIT ( * ) SI_UNIT ( .MILLI., .METRE. ) );
#8562 = SURFACE_STYLE_USAGE ( .BOTH. , #3007 ) ;
#8563 = CARTESIAN_POINT ( 'NONE',  ( -0.1500000000000006051, 5.100000000000001421, -0.1500000000000003830 ) ) ;
#8564 = DIRECTION ( 'NONE',  ( 3.872150616019660190E-17, 1.000000000000000000, -0.0000000000000000000 ) ) ;
#8565 = ORIENTED_EDGE ( 'NONE', *, *, #3489, .F. ) ;
#8566 = SURFACE_STYLE_USAGE ( .BOTH. , #5759 ) ;
#8567 = ORIENTED_EDGE ( 'NONE', *, *, #7510, .T. ) ;
#8568 = AXIS2_PLACEMENT_3D ( 'NONE', #1135, #3156, #1808 ) ;
#8569 = STYLED_ITEM ( 'NONE', ( #7502 ), #1195 ) ;
#8570 = EDGE_CURVE ( 'NONE', #716, #4779, #149, .T. ) ;
#8571 = CARTESIAN_POINT ( 'NONE',  ( 2.750000000000000444, 3.399999999999999467, -2.350000000000001421 ) ) ;
#8572 = EDGE_CURVE ( 'NONE', #7173, #2106, #4869, .T. ) ;
#8573 = CARTESIAN_POINT ( 'NONE',  ( -0.2500000000000002220, -3.399999999999999911, 0.2500000000000002220 ) ) ;
#8574 = PRESENTATION_LAYER_ASSIGNMENT (  '', '', ( #3452 ) ) ;
#8575 = EDGE_CURVE ( 'NONE', #5930, #6522, #7669, .T. ) ;
#8576 = LINE ( 'NONE', #5093, #4577 ) ;
#8577 = CARTESIAN_POINT ( 'NONE',  ( -1.350000000000000089, 6.000000000000000000, 0.3199999999999999512 ) ) ;
#8578 = FILL_AREA_STYLE_COLOUR ( '', #5046 ) ;
#8579 = CARTESIAN_POINT ( 'NONE',  ( 1.150000000000000355, 6.000000000000000000, 1.700000000000000178 ) ) ;
#8580 = VERTEX_POINT ( 'NONE', #6281 ) ;
#8581 = PLANE ( 'NONE',  #2759 ) ;
#8582 = ORIENTED_EDGE ( 'NONE', *, *, #5429, .T. ) ;
#8583 = STYLED_ITEM ( 'NONE', ( #1697 ), #5792 ) ;
#8584 = PRESENTATION_LAYER_ASSIGNMENT (  '', '', ( #6236 ) ) ;
#8585 = DIRECTION ( 'NONE',  ( -1.000000000000000000, 0.0000000000000000000, 0.0000000000000000000 ) ) ;
#8586 = DIRECTION ( 'NONE',  ( 0.0000000000000000000, -1.000000000000000000, 0.0000000000000000000 ) ) ;
#8587 = LINE ( 'NONE', #3598, #7840 ) ;
#8588 = DIRECTION ( 'NONE',  ( 1.000000000000000000, -5.421010862427522170E-17, 0.0000000000000000000 ) ) ;
#8589 = CARTESIAN_POINT ( 'NONE',  ( 5.299999999999998934, 0.0000000000000000000, -2.800000000000000266 ) ) ;
#8590 = ORIENTED_EDGE ( 'NONE', *, *, #7134, .F. ) ;
#8591 = DIRECTION ( 'NONE',  ( -1.000000000000000000, 3.872150616019660190E-17, 0.0000000000000000000 ) ) ;
#8592 = STYLED_ITEM ( 'NONE', ( #3200 ), #7954 ) ;
#8593 = FILL_AREA_STYLE ('',( #5661 ) ) ;
#8594 = DIRECTION ( 'NONE',  ( 0.0000000000000000000, 0.0000000000000000000, -1.000000000000000000 ) ) ;
#8595 = SURFACE_SIDE_STYLE ('',( #297 ) ) ;
#8596 = CARTESIAN_POINT ( 'NONE',  ( 8.250000000000000000, 1.800000000000000044, 0.2500000000000002220 ) ) ;
#8597 = VERTEX_POINT ( 'NONE', #2791 ) ;
#8598 = DIRECTION ( 'NONE',  ( 1.000000000000000000, -0.0000000000000000000, -6.240012503513693999E-17 ) ) ;
#8599 = UNCERTAINTY_MEASURE_WITH_UNIT (LENGTH_MEASURE( 1.000000000000000082E-05 ), #8879, 'distance_accuracy_value', 'NONE');
#8600 =( NAMED_UNIT ( * ) PLANE_ANGLE_UNIT ( ) SI_UNIT ( $, .RADIAN. ) );
#8601 = DIRECTION ( 'NONE',  ( -4.336808689942017736E-16, 0.0000000000000000000, -1.000000000000000000 ) ) ;
#8602 = FILL_AREA_STYLE_COLOUR ( '', #5442 ) ;
#8603 = MECHANICAL_DESIGN_GEOMETRIC_PRESENTATION_REPRESENTATION (  '', ( #4956 ), #5535 ) ;
#8604 = FACE_BOUND ( 'NONE', #6169, .T. ) ;
#8605 =( NAMED_UNIT ( * ) SI_UNIT ( $, .STERADIAN. ) SOLID_ANGLE_UNIT ( ) );
#8606 = ORIENTED_EDGE ( 'NONE', *, *, #6523, .T. ) ;
#8607 = SURFACE_STYLE_USAGE ( .BOTH. , #3741 ) ;
#8608 = VERTEX_POINT ( 'NONE', #2195 ) ;
#8609 = PRESENTATION_LAYER_ASSIGNMENT (  '', '', ( #3499 ) ) ;
#8610 = VECTOR ( 'NONE', #4080, 1000.000000000000000 ) ;
#8611 = CARTESIAN_POINT ( 'NONE',  ( 0.2499999999999997780, -3.300000000000002043, 0.2500000000000002220 ) ) ;
#8612 = LINE ( 'NONE', #2879, #7359 ) ;
#8613 = FILL_AREA_STYLE_COLOUR ( '', #3259 ) ;
#8614 = DIRECTION ( 'NONE',  ( 0.0000000000000000000, 1.000000000000000000, 0.0000000000000000000 ) ) ;
#8615 =( LENGTH_UNIT ( ) NAMED_UNIT ( * ) SI_UNIT ( .MILLI., .METRE. ) );
#8616 = VERTEX_POINT ( 'NONE', #5592 ) ;
#8617 =( NAMED_UNIT ( * ) SI_UNIT ( $, .STERADIAN. ) SOLID_ANGLE_UNIT ( ) );
#8618 = DIRECTION ( 'NONE',  ( -1.000000000000000000, 0.0000000000000000000, -6.829619984160658046E-17 ) ) ;
#8619 = ADVANCED_FACE ( 'NONE', ( #4917 ), #1466, .F. ) ;
#8620 = EDGE_CURVE ( 'NONE', #7763, #8770, #316, .T. ) ;
#8621 = ORIENTED_EDGE ( 'NONE', *, *, #3525, .T. ) ;
#8622 = PRESENTATION_LAYER_ASSIGNMENT (  '', '', ( #3510 ) ) ;
#8623 = PLANE ( 'NONE',  #4308 ) ;
#8624 = EDGE_LOOP ( 'NONE', ( #6003, #4915, #1254, #1423, #1601 ) ) ;
#8625 = FILL_AREA_STYLE_COLOUR ( '', #6476 ) ;
#8626 = SURFACE_SIDE_STYLE ('',( #4405 ) ) ;
#8627 = LINE ( 'NONE', #993, #4498 ) ;
#8628 = FILL_AREA_STYLE ('',( #5823 ) ) ;
#8629 = VERTEX_POINT ( 'NONE', #8062 ) ;
#8630 = EDGE_CURVE ( 'NONE', #4840, #4765, #5938, .T. ) ;
#8631 = VECTOR ( 'NONE', #3268, 1000.000000000000000 ) ;
#8632 =( NAMED_UNIT ( * ) SI_UNIT ( $, .STERADIAN. ) SOLID_ANGLE_UNIT ( ) );
#8633 = FILL_AREA_STYLE ('',( #5074 ) ) ;
#8634 = SURFACE_STYLE_USAGE ( .BOTH. , #6670 ) ;
#8635 =( NAMED_UNIT ( * ) PLANE_ANGLE_UNIT ( ) SI_UNIT ( $, .RADIAN. ) );
#8636 = ORIENTED_EDGE ( 'NONE', *, *, #6517, .F. ) ;
#8637 = MECHANICAL_DESIGN_GEOMETRIC_PRESENTATION_REPRESENTATION (  '', ( #7477 ), #6594 ) ;
#8638 = CARTESIAN_POINT ( 'NONE',  ( 9.750000000000000000, -3.399999999999999911, 0.2500000000000002220 ) ) ;
#8639 = PRESENTATION_LAYER_ASSIGNMENT (  '', '', ( #2049 ) ) ;
#8640 = PLANE ( 'NONE',  #2012 ) ;
#8641 = DIRECTION ( 'NONE',  ( -3.833233541708420554E-17, -0.7071067811865447972, 0.7071067811865502373 ) ) ;
#8642 = VERTEX_POINT ( 'NONE', #900 ) ;
#8643 =( GEOMETRIC_REPRESENTATION_CONTEXT ( 3 ) GLOBAL_UNCERTAINTY_ASSIGNED_CONTEXT ( ( #3903 ) ) GLOBAL_UNIT_ASSIGNED_CONTEXT ( ( #3544, #8352, #6325 ) ) REPRESENTATION_CONTEXT ( 'NONE', 'WORKASPACE' ) );
#8644 = DIRECTION ( 'NONE',  ( 1.000000000000000000, -5.421010862427522170E-17, 0.0000000000000000000 ) ) ;
#8645 = DIRECTION ( 'NONE',  ( -4.336808689942017736E-16, 0.0000000000000000000, -1.000000000000000000 ) ) ;
#8646 = EDGE_CURVE ( 'NONE', #4663, #7642, #8648, .T. ) ;
#8647 =( NAMED_UNIT ( * ) SI_UNIT ( $, .STERADIAN. ) SOLID_ANGLE_UNIT ( ) );
#8648 = LINE ( 'NONE', #5137, #5177 ) ;
#8649 = FACE_OUTER_BOUND ( 'NONE', #8666, .T. ) ;
#8650 =( NAMED_UNIT ( * ) PLANE_ANGLE_UNIT ( ) SI_UNIT ( $, .RADIAN. ) );
#8651 = PLANE ( 'NONE',  #3142 ) ;
#8652 = EDGE_LOOP ( 'NONE', ( #871, #1877, #1022, #7177 ) ) ;
#8653 = SURFACE_SIDE_STYLE ('',( #8699 ) ) ;
#8654 = MECHANICAL_DESIGN_GEOMETRIC_PRESENTATION_REPRESENTATION (  '', ( #8797 ), #6485 ) ;
#8655 = FILL_AREA_STYLE_COLOUR ( '', #3478 ) ;
#8656 = EDGE_CURVE ( 'NONE', #7447, #6891, #8696, .T. ) ;
#8657 = UNCERTAINTY_MEASURE_WITH_UNIT (LENGTH_MEASURE( 1.000000000000000082E-05 ), #4860, 'distance_accuracy_value', 'NONE');
#8658 =( LENGTH_UNIT ( ) NAMED_UNIT ( * ) SI_UNIT ( .MILLI., .METRE. ) );
#8659 = DIRECTION ( 'NONE',  ( 1.000000000000000000, 0.0000000000000000000, 0.0000000000000000000 ) ) ;
#8660 =( NAMED_UNIT ( * ) SI_UNIT ( $, .STERADIAN. ) SOLID_ANGLE_UNIT ( ) );
#8661 = ORIENTED_EDGE ( 'NONE', *, *, #4327, .T. ) ;
#8662 = AXIS2_PLACEMENT_3D ( 'NONE', #2416, #6729, #1842 ) ;
#8663 = EDGE_CURVE ( 'NONE', #8426, #5658, #202, .T. ) ;
#8664 = MECHANICAL_DESIGN_GEOMETRIC_PRESENTATION_REPRESENTATION (  '', ( #8533 ), #4728 ) ;
#8665 = CARTESIAN_POINT ( 'NONE',  ( 3.250000000000000000, 3.399999999999998579, -2.350000000000001421 ) ) ;
#8666 = EDGE_LOOP ( 'NONE', ( #5494, #3331, #2964, #3476, #2924 ) ) ;
#8667 = LINE ( 'NONE', #4643, #167 ) ;
#8668 =( NAMED_UNIT ( * ) PLANE_ANGLE_UNIT ( ) SI_UNIT ( $, .RADIAN. ) );
#8669 = FILL_AREA_STYLE_COLOUR ( '', #3929 ) ;
#8670 = MECHANICAL_DESIGN_GEOMETRIC_PRESENTATION_REPRESENTATION (  '', ( #4884 ), #1616 ) ;
#8671 = PRESENTATION_STYLE_ASSIGNMENT (( #7924 ) ) ;
#8672 = CARTESIAN_POINT ( 'NONE',  ( 11.95000000000000107, 0.0000000000000000000, -2.800000000000000711 ) ) ;
#8673 = VERTEX_POINT ( 'NONE', #1659 ) ;
#8674 = STYLED_ITEM ( 'NONE', ( #3196 ), #4637 ) ;
#8675 = EDGE_CURVE ( 'NONE', #1419, #2211, #7940, .T. ) ;
#8676 = COLOUR_RGB ( '',1.000000000000000000, 1.000000000000000000, 1.000000000000000000 ) ;
#8677 =( GEOMETRIC_REPRESENTATION_CONTEXT ( 3 ) GLOBAL_UNCERTAINTY_ASSIGNED_CONTEXT ( ( #4640 ) ) GLOBAL_UNIT_ASSIGNED_CONTEXT ( ( #7478, #4770, #8963 ) ) REPRESENTATION_CONTEXT ( 'NONE', 'WORKASPACE' ) );
#8678 =( LENGTH_UNIT ( ) NAMED_UNIT ( * ) SI_UNIT ( .MILLI., .METRE. ) );
#8679 =( GEOMETRIC_REPRESENTATION_CONTEXT ( 3 ) GLOBAL_UNCERTAINTY_ASSIGNED_CONTEXT ( ( #7864 ) ) GLOBAL_UNIT_ASSIGNED_CONTEXT ( ( #8234, #8146, #7513 ) ) REPRESENTATION_CONTEXT ( 'NONE', 'WORKASPACE' ) );
#8680 = EDGE_CURVE ( 'NONE', #5096, #6378, #6685, .T. ) ;
#8681 = VECTOR ( 'NONE', #6028, 1000.000000000000000 ) ;
#8682 = LINE ( 'NONE', #6589, #2262 ) ;
#8683 = LINE ( 'NONE', #886, #4413 ) ;
#8684 = PRESENTATION_STYLE_ASSIGNMENT (( #7284 ) ) ;
#8685 = FACE_OUTER_BOUND ( 'NONE', #8966, .T. ) ;
#8686 = SURFACE_STYLE_FILL_AREA ( #3088 ) ;
#8687 =( NAMED_UNIT ( * ) PLANE_ANGLE_UNIT ( ) SI_UNIT ( $, .RADIAN. ) );
#8688 = EDGE_LOOP ( 'NONE', ( #5142, #5675, #2440, #4215 ) ) ;
#8689 = AXIS2_PLACEMENT_3D ( 'NONE', #5697, #5784, #2212 ) ;
#8690 = VECTOR ( 'NONE', #3539, 1000.000000000000000 ) ;
#8691 = ORIENTED_EDGE ( 'NONE', *, *, #6694, .F. ) ;
#8692 = STYLED_ITEM ( 'NONE', ( #2323 ), #4888 ) ;
#8693 = VECTOR ( 'NONE', #6334, 1000.000000000000000 ) ;
#8694 =( LENGTH_UNIT ( ) NAMED_UNIT ( * ) SI_UNIT ( .MILLI., .METRE. ) );
#8695 =( NAMED_UNIT ( * ) PLANE_ANGLE_UNIT ( ) SI_UNIT ( $, .RADIAN. ) );
#8696 = LINE ( 'NONE', #1740, #2243 ) ;
#8697 = CARTESIAN_POINT ( 'NONE',  ( 5.750000000000000000, -3.399999999999999911, -0.2499999999999997780 ) ) ;
#8698 = ORIENTED_EDGE ( 'NONE', *, *, #4368, .F. ) ;
#8699 = SURFACE_STYLE_FILL_AREA ( #6524 ) ;
#8700 = VECTOR ( 'NONE', #3389, 1000.000000000000000 ) ;
#8701 = LINE ( 'NONE', #3442, #5666 ) ;
#8702 = DIRECTION ( 'NONE',  ( 4.336808689942017736E-16, 0.0000000000000000000, 1.000000000000000000 ) ) ;
#8703 = CARTESIAN_POINT ( 'NONE',  ( 1.250000000000001554, 3.399999999999998579, -2.350000000000001421 ) ) ;
#8704 = DIRECTION ( 'NONE',  ( 0.5773502691896206240, -0.5773502691896306160, 0.5773502691896260641 ) ) ;
#8705 = CARTESIAN_POINT ( 'NONE',  ( 2.050000000000000266, 3.150000000000000799, -2.050000000000001599 ) ) ;
#8706 =( NAMED_UNIT ( * ) SI_UNIT ( $, .STERADIAN. ) SOLID_ANGLE_UNIT ( ) );
#8707 = VERTEX_POINT ( 'NONE', #277 ) ;
#8708 = PRESENTATION_LAYER_ASSIGNMENT (  '', '', ( #6071 ) ) ;
#8709 = COLOUR_RGB ( '',1.000000000000000000, 1.000000000000000000, 1.000000000000000000 ) ;
#8710 = ORIENTED_EDGE ( 'NONE', *, *, #184, .F. ) ;
#8711 = PLANE ( 'NONE',  #865 ) ;
#8712 = PLANE ( 'NONE',  #3430 ) ;
#8713 = ORIENTED_EDGE ( 'NONE', *, *, #7794, .F. ) ;
#8714 = FACE_OUTER_BOUND ( 'NONE', #775, .T. ) ;
#8715 = DIRECTION ( 'NONE',  ( 0.5773502691896239547, -0.5773502691896289507, 0.5773502691896243988 ) ) ;
#8716 = VERTEX_POINT ( 'NONE', #1606 ) ;
#8717 = EDGE_CURVE ( 'NONE', #1979, #1788, #4436, .T. ) ;
#8718 = ORIENTED_EDGE ( 'NONE', *, *, #5559, .T. ) ;
#8719 = ORIENTED_EDGE ( 'NONE', *, *, #5262, .T. ) ;
#8720 = EDGE_CURVE ( 'NONE', #1933, #7047, #945, .T. ) ;
#8721 = LINE ( 'NONE', #7410, #479 ) ;
#8722 = CARTESIAN_POINT ( 'NONE',  ( -1.350000000000000089, 1.799999999999999600, -2.350000000000001421 ) ) ;
#8723 = LINE ( 'NONE', #3179, #1599 ) ;
#8724 = PLANE ( 'NONE',  #3639 ) ;
#8725 = SURFACE_STYLE_USAGE ( .BOTH. , #1020 ) ;
#8726 = CARTESIAN_POINT ( 'NONE',  ( -0.2499999999999997780, 5.000000000000000888, 0.2500000000000002220 ) ) ;
#8727 = ORIENTED_EDGE ( 'NONE', *, *, #1887, .F. ) ;
#8728 =( GEOMETRIC_REPRESENTATION_CONTEXT ( 3 ) GLOBAL_UNCERTAINTY_ASSIGNED_CONTEXT ( ( #5366 ) ) GLOBAL_UNIT_ASSIGNED_CONTEXT ( ( #1569, #4533, #286 ) ) REPRESENTATION_CONTEXT ( 'NONE', 'WORKASPACE' ) );
#8729 = DIRECTION ( 'NONE',  ( 0.0000000000000000000, 0.0000000000000000000, 1.000000000000000000 ) ) ;
#8730 = PRESENTATION_STYLE_ASSIGNMENT (( #274 ) ) ;
#8731 = FILL_AREA_STYLE_COLOUR ( '', #6241 ) ;
#8732 = DIRECTION ( 'NONE',  ( 1.000000000000000000, 0.0000000000000000000, 0.0000000000000000000 ) ) ;
#8733 = EDGE_CURVE ( 'NONE', #493, #671, #8576, .T. ) ;
#8734 =( NAMED_UNIT ( * ) SI_UNIT ( $, .STERADIAN. ) SOLID_ANGLE_UNIT ( ) );
#8735 = EDGE_LOOP ( 'NONE', ( #5646, #3785, #8691, #7871 ) ) ;
#8736 = DIRECTION ( 'NONE',  ( 1.000000000000000000, 0.0000000000000000000, 0.0000000000000000000 ) ) ;
#8737 = LINE ( 'NONE', #2938, #7240 ) ;
#8738 = PRESENTATION_STYLE_ASSIGNMENT (( #6649 ) ) ;
#8739 =( GEOMETRIC_REPRESENTATION_CONTEXT ( 3 ) GLOBAL_UNCERTAINTY_ASSIGNED_CONTEXT ( ( #7677 ) ) GLOBAL_UNIT_ASSIGNED_CONTEXT ( ( #500, #8878, #5409 ) ) REPRESENTATION_CONTEXT ( 'NONE', 'WORKASPACE' ) );
#8740 = STYLED_ITEM ( 'NONE', ( #4387 ), #6140 ) ;
#8741 = SURFACE_SIDE_STYLE ('',( #3831 ) ) ;
#8742 = STYLED_ITEM ( 'NONE', ( #3756 ), #7048 ) ;
#8743 = COLOUR_RGB ( '',1.000000000000000000, 1.000000000000000000, 1.000000000000000000 ) ;
#8744 = SURFACE_SIDE_STYLE ('',( #5947 ) ) ;
#8745 = DIRECTION ( 'NONE',  ( 1.000000000000000000, -5.421010862427522170E-17, 0.0000000000000000000 ) ) ;
#8746 = CARTESIAN_POINT ( 'NONE',  ( 5.250000000000000888, 3.399999999999999467, -2.050000000000001599 ) ) ;
#8747 = DIRECTION ( 'NONE',  ( 9.103382349328301547E-49, 2.350988701644575016E-32, 1.000000000000000000 ) ) ;
#8748 = ORIENTED_EDGE ( 'NONE', *, *, #2113, .T. ) ;
#8749 = VECTOR ( 'NONE', #4261, 1000.000000000000000 ) ;
#8750 = VERTEX_POINT ( 'NONE', #5890 ) ;
#8751 = EDGE_CURVE ( 'NONE', #51, #8673, #7252, .T. ) ;
#8752 = PRESENTATION_STYLE_ASSIGNMENT (( #6663 ) ) ;
#8753 = FILL_AREA_STYLE ('',( #8887 ) ) ;
#8754 = LINE ( 'NONE', #5325, #7382 ) ;
#8755 = ORIENTED_EDGE ( 'NONE', *, *, #5421, .T. ) ;
#8756 = LINE ( 'NONE', #5326, #5023 ) ;
#8757 = DIRECTION ( 'NONE',  ( 0.0000000000000000000, 0.0000000000000000000, -1.000000000000000000 ) ) ;
#8758 = DIRECTION ( 'NONE',  ( 1.000000000000000000, -5.421010862427522170E-17, 0.0000000000000000000 ) ) ;
#8759 = ORIENTED_EDGE ( 'NONE', *, *, #4488, .T. ) ;
#8760 = VERTEX_POINT ( 'NONE', #4397 ) ;
#8761 = AXIS2_PLACEMENT_3D ( 'NONE', #3036, #7312, #5076 ) ;
#8762 = DIRECTION ( 'NONE',  ( 1.000000000000000000, -5.421010862427522170E-17, 0.0000000000000000000 ) ) ;
#8763 = UNCERTAINTY_MEASURE_WITH_UNIT (LENGTH_MEASURE( 1.000000000000000082E-05 ), #4163, 'distance_accuracy_value', 'NONE');
#8764 = ADVANCED_FACE ( 'NONE', ( #3789 ), #4481, .F. ) ;
#8765 = CARTESIAN_POINT ( 'NONE',  ( 3.750000000000001332, 5.000000000000000888, -0.2499999999999997780 ) ) ;
#8766 = DIRECTION ( 'NONE',  ( -4.336808689942017736E-16, 0.0000000000000000000, -1.000000000000000000 ) ) ;
#8767 = EDGE_LOOP ( 'NONE', ( #7276, #5339, #6987, #6326 ) ) ;
#8768 = DIRECTION ( 'NONE',  ( 3.872150616019660190E-17, 1.000000000000000000, -0.0000000000000000000 ) ) ;
#8769 = SURFACE_STYLE_FILL_AREA ( #974 ) ;
#8770 = VERTEX_POINT ( 'NONE', #483 ) ;
#8771 = EDGE_CURVE ( 'NONE', #8849, #2058, #7466, .T. ) ;
#8772 = FACE_OUTER_BOUND ( 'NONE', #4788, .T. ) ;
#8773 = SURFACE_STYLE_FILL_AREA ( #6024 ) ;
#8774 = CARTESIAN_POINT ( 'NONE',  ( -1.949999999999999956, 1.149999999999999911, -2.800000000000000266 ) ) ;
#8775 = FACE_OUTER_BOUND ( 'NONE', #3563, .T. ) ;
#8776 = LINE ( 'NONE', #3145, #5500 ) ;
#8777 = EDGE_CURVE ( 'NONE', #969, #5459, #4014, .T. ) ;
#8778 = ORIENTED_EDGE ( 'NONE', *, *, #8720, .F. ) ;
#8779 = DIRECTION ( 'NONE',  ( -1.000000000000000000, 3.872150616019660190E-17, -0.0000000000000000000 ) ) ;
#8780 = CARTESIAN_POINT ( 'NONE',  ( 5.750000000000000000, -3.300000000000000266, 0.2500000000000002220 ) ) ;
#8781 = FACE_OUTER_BOUND ( 'NONE', #5411, .T. ) ;
#8782 = EDGE_CURVE ( 'NONE', #4034, #5642, #8289, .T. ) ;
#8783 = DIRECTION ( 'NONE',  ( -6.240012503513693999E-17, 0.0000000000000000000, -1.000000000000000000 ) ) ;
#8784 = FACE_OUTER_BOUND ( 'NONE', #6259, .T. ) ;
#8785 = EDGE_CURVE ( 'NONE', #5294, #1815, #7518, .T. ) ;
#8786 = CARTESIAN_POINT ( 'NONE',  ( 9.750000000000000000, 5.000000000000000888, 0.2500000000000002220 ) ) ;
#8787 = SURFACE_STYLE_FILL_AREA ( #446 ) ;
#8788 = LINE ( 'NONE', #5357, #5232 ) ;
#8789 = DIRECTION ( 'NONE',  ( 3.872150616019660190E-17, 1.000000000000000000, -0.0000000000000000000 ) ) ;
#8790 =( NAMED_UNIT ( * ) SI_UNIT ( $, .STERADIAN. ) SOLID_ANGLE_UNIT ( ) );
#8791 = VECTOR ( 'NONE', #7437, 1000.000000000000000 ) ;
#8792 = ORIENTED_EDGE ( 'NONE', *, *, #3841, .F. ) ;
#8793 = EDGE_CURVE ( 'NONE', #1964, #8750, #3384, .T. ) ;
#8794 = ORIENTED_EDGE ( 'NONE', *, *, #2864, .T. ) ;
#8795 =( LENGTH_UNIT ( ) NAMED_UNIT ( * ) SI_UNIT ( .MILLI., .METRE. ) );
#8796 = LINE ( 'NONE', #7401, #874 ) ;
#8797 = STYLED_ITEM ( 'NONE', ( #5481 ), #4214 ) ;
#8798 =( NAMED_UNIT ( * ) SI_UNIT ( $, .STERADIAN. ) SOLID_ANGLE_UNIT ( ) );
#8799 = PLANE ( 'NONE',  #5117 ) ;
#8800 = CARTESIAN_POINT ( 'NONE',  ( 3.250000000000000888, 3.399999999999999467, -2.300000000000001599 ) ) ;
#8801 = DIRECTION ( 'NONE',  ( 3.872150616019660190E-17, 1.000000000000000000, -0.0000000000000000000 ) ) ;
#8802 = ORIENTED_EDGE ( 'NONE', *, *, #7745, .F. ) ;
#8803 = VECTOR ( 'NONE', #8373, 1000.000000000000000 ) ;
#8804 = EDGE_CURVE ( 'NONE', #2483, #6234, #1797, .T. ) ;
#8805 = PRESENTATION_LAYER_ASSIGNMENT (  '', '', ( #6781 ) ) ;
#8806 = MECHANICAL_DESIGN_GEOMETRIC_PRESENTATION_REPRESENTATION (  '', ( #6339 ), #4293 ) ;
#8807 = CARTESIAN_POINT ( 'NONE',  ( 11.35000000000000142, -13.20037878244408880, -2.350000000000000977 ) ) ;
#8808 =( LENGTH_UNIT ( ) NAMED_UNIT ( * ) SI_UNIT ( .MILLI., .METRE. ) );
#8809 = DIRECTION ( 'NONE',  ( -1.000000000000000000, 0.0000000000000000000, -2.987958743070288203E-17 ) ) ;
#8810 = ORIENTED_EDGE ( 'NONE', *, *, #1357, .T. ) ;
#8811 = STYLED_ITEM ( 'NONE', ( #4184 ), #4557 ) ;
#8812 = ADVANCED_FACE ( 'NONE', ( #5979 ), #4109, .T. ) ;
#8813 = MECHANICAL_DESIGN_GEOMETRIC_PRESENTATION_REPRESENTATION (  '', ( #3415 ), #5617 ) ;
#8814 = CARTESIAN_POINT ( 'NONE',  ( -1.700000000000001510, 6.000000000000000000, 1.599999999999998979 ) ) ;
#8815 = CARTESIAN_POINT ( 'NONE',  ( -1.949999999999999956, 1.800000000000000044, -0.2499999999999997780 ) ) ;
#8816 = FACE_OUTER_BOUND ( 'NONE', #7571, .T. ) ;
#8817 =( LENGTH_UNIT ( ) NAMED_UNIT ( * ) SI_UNIT ( .MILLI., .METRE. ) );
#8818 = CARTESIAN_POINT ( 'NONE',  ( -1.180000000000000160, 4.229999999999999538, -2.801000000000000600 ) ) ;
#8819 =( GEOMETRIC_REPRESENTATION_CONTEXT ( 3 ) GLOBAL_UNCERTAINTY_ASSIGNED_CONTEXT ( ( #3382 ) ) GLOBAL_UNIT_ASSIGNED_CONTEXT ( ( #3397, #7033, #5551 ) ) REPRESENTATION_CONTEXT ( 'NONE', 'WORKASPACE' ) );
#8820 = SURFACE_SIDE_STYLE ('',( #1742 ) ) ;
#8821 =( LENGTH_UNIT ( ) NAMED_UNIT ( * ) SI_UNIT ( .MILLI., .METRE. ) );
#8822 = MECHANICAL_DESIGN_GEOMETRIC_PRESENTATION_REPRESENTATION (  '', ( #2531 ), #7690 ) ;
#8823 = ORIENTED_EDGE ( 'NONE', *, *, #1501, .T. ) ;
#8824 = LINE ( 'NONE', #1898, #1500 ) ;
#8825 = CARTESIAN_POINT ( 'NONE',  ( 2.250000000000000000, 1.800000000000000044, 0.2500000000000002220 ) ) ;
#8826 = STYLED_ITEM ( 'NONE', ( #2087 ), #8354 ) ;
#8827 = VECTOR ( 'NONE', #750, 1000.000000000000000 ) ;
#8828 = AXIS2_PLACEMENT_3D ( 'NONE', #1574, #6936, #3934 ) ;
#8829 = STYLED_ITEM ( 'NONE', ( #6830 ), #830 ) ;
#8830 = EDGE_CURVE ( 'NONE', #1063, #399, #3919, .T. ) ;
#8831 =( LENGTH_UNIT ( ) NAMED_UNIT ( * ) SI_UNIT ( .MILLI., .METRE. ) );
#8832 = ADVANCED_FACE ( 'NONE', ( #3235 ), #8148, .F. ) ;
#8833 = DIRECTION ( 'NONE',  ( 0.0000000000000000000, 0.0000000000000000000, 1.000000000000000000 ) ) ;
#8834 = LINE ( 'NONE', #2566, #3989 ) ;
#8835 = DIRECTION ( 'NONE',  ( 0.0000000000000000000, -0.0000000000000000000, 1.000000000000000000 ) ) ;
#8836 = DIRECTION ( 'NONE',  ( 0.0000000000000000000, -1.000000000000000000, 0.0000000000000000000 ) ) ;
#8837 = VECTOR ( 'NONE', #7174, 1000.000000000000000 ) ;
#8838 = FACE_OUTER_BOUND ( 'NONE', #3574, .T. ) ;
#8839 = ORIENTED_EDGE ( 'NONE', *, *, #478, .F. ) ;
#8840 = EDGE_LOOP ( 'NONE', ( #574, #4506, #2018, #2204 ) ) ;
#8841 = UNCERTAINTY_MEASURE_WITH_UNIT (LENGTH_MEASURE( 1.000000000000000082E-05 ), #8694, 'distance_accuracy_value', 'NONE');
#8842 = ORIENTED_EDGE ( 'NONE', *, *, #9080, .F. ) ;
#8843 = PLANE ( 'NONE',  #10 ) ;
#8844 = FACE_OUTER_BOUND ( 'NONE', #7376, .T. ) ;
#8845 = ORIENTED_EDGE ( 'NONE', *, *, #1829, .F. ) ;
#8846 = LINE ( 'NONE', #3169, #6031 ) ;
#8847 = LINE ( 'NONE', #8311, #6432 ) ;
#8848 = PRESENTATION_STYLE_ASSIGNMENT (( #3321 ) ) ;
#8849 = VERTEX_POINT ( 'NONE', #5539 ) ;
#8850 = VECTOR ( 'NONE', #3505, 1000.000000000000000 ) ;
#8851 = VECTOR ( 'NONE', #6068, 1000.000000000000000 ) ;
#8852 = FACE_OUTER_BOUND ( 'NONE', #2232, .T. ) ;
#8853 = ORIENTED_EDGE ( 'NONE', *, *, #5960, .F. ) ;
#8854 = UNCERTAINTY_MEASURE_WITH_UNIT (LENGTH_MEASURE( 1.000000000000000082E-05 ), #8301, 'distance_accuracy_value', 'NONE');
#8855 = CARTESIAN_POINT ( 'NONE',  ( 11.35000000000000142, 1.799999999999999600, 1.249999999999998446 ) ) ;
#8856 = CARTESIAN_POINT ( 'NONE',  ( -0.001949999999999999910, -0.0000000000000000000, -0.002800000000000000405 ) ) ;
#8857 =( NAMED_UNIT ( * ) PLANE_ANGLE_UNIT ( ) SI_UNIT ( $, .RADIAN. ) );
#8858 = ORIENTED_EDGE ( 'NONE', *, *, #602, .F. ) ;
#8859 = VECTOR ( 'NONE', #4144, 1000.000000000000000 ) ;
#8860 = MECHANICAL_DESIGN_GEOMETRIC_PRESENTATION_REPRESENTATION (  '', ( #3889 ), #5793 ) ;
#8861 = LINE ( 'NONE', #2598, #1669 ) ;
#8862 = DIRECTION ( 'NONE',  ( 0.0000000000000000000, 1.000000000000000000, 0.0000000000000000000 ) ) ;
#8863 = UNCERTAINTY_MEASURE_WITH_UNIT (LENGTH_MEASURE( 1.000000000000000082E-05 ), #3498, 'distance_accuracy_value', 'NONE');
#8864 = PLANE ( 'NONE',  #2314 ) ;
#8865 = FILL_AREA_STYLE_COLOUR ( '', #1480 ) ;
#8866 = CARTESIAN_POINT ( 'NONE',  ( 3.750000000000000444, -3.399999999999999911, 0.2500000000000002220 ) ) ;
#8867 = VECTOR ( 'NONE', #5946, 1000.000000000000000 ) ;
#8868 = ORIENTED_EDGE ( 'NONE', *, *, #2014, .T. ) ;
#8869 = CARTESIAN_POINT ( 'NONE',  ( 1.250000000000000666, 3.399999999999999467, -2.300000000000001599 ) ) ;
#8870 = DIRECTION ( 'NONE',  ( 0.0000000000000000000, -1.000000000000000000, -0.0000000000000000000 ) ) ;
#8871 = ORIENTED_EDGE ( 'NONE', *, *, #5688, .F. ) ;
#8872 = DIRECTION ( 'NONE',  ( 3.872150616019660190E-17, 1.000000000000000000, -0.0000000000000000000 ) ) ;
#8873 = FILL_AREA_STYLE_COLOUR ( '', #6063 ) ;
#8874 = ORIENTED_EDGE ( 'NONE', *, *, #7885, .F. ) ;
#8875 = VERTEX_POINT ( 'NONE', #3529 ) ;
#8876 = SURFACE_STYLE_FILL_AREA ( #6239 ) ;
#8877 = MECHANICAL_DESIGN_GEOMETRIC_PRESENTATION_REPRESENTATION (  '', ( #2309 ), #640 ) ;
#8878 =( NAMED_UNIT ( * ) PLANE_ANGLE_UNIT ( ) SI_UNIT ( $, .RADIAN. ) );
#8879 =( LENGTH_UNIT ( ) NAMED_UNIT ( * ) SI_UNIT ( .MILLI., .METRE. ) );
#8880 = MECHANICAL_DESIGN_GEOMETRIC_PRESENTATION_REPRESENTATION (  '', ( #8740 ), #1241 ) ;
#8881 = ORIENTED_EDGE ( 'NONE', *, *, #2901, .T. ) ;
#8882 = EDGE_CURVE ( 'NONE', #3771, #3174, #3483, .T. ) ;
#8883 = EDGE_CURVE ( 'NONE', #6891, #2294, #7797, .T. ) ;
#8884 = VECTOR ( 'NONE', #5141, 1000.000000000000000 ) ;
#8885 = MECHANICAL_DESIGN_GEOMETRIC_PRESENTATION_REPRESENTATION (  '', ( #5545 ), #3043 ) ;
#8886 = PRESENTATION_STYLE_ASSIGNMENT (( #7547 ) ) ;
#8887 = FILL_AREA_STYLE_COLOUR ( '', #7791 ) ;
#8888 = CARTESIAN_POINT ( 'NONE',  ( 0.2499999999999997780, 0.2000000000000000111, -2.800000000000000266 ) ) ;
#8889 =( NAMED_UNIT ( * ) SI_UNIT ( $, .STERADIAN. ) SOLID_ANGLE_UNIT ( ) );
#8890 =( NAMED_UNIT ( * ) PLANE_ANGLE_UNIT ( ) SI_UNIT ( $, .RADIAN. ) );
#8891 = ORIENTED_EDGE ( 'NONE', *, *, #9079, .T. ) ;
#8892 = COLOUR_RGB ( '',1.000000000000000000, 0.8117647058823529438, 0.5019607843137254832 ) ;
#8893 = ORIENTED_EDGE ( 'NONE', *, *, #6070, .T. ) ;
#8894 = SURFACE_STYLE_FILL_AREA ( #2485 ) ;
#8895 = SURFACE_SIDE_STYLE ('',( #1362 ) ) ;
#8896 = SURFACE_STYLE_FILL_AREA ( #3328 ) ;
#8897 =( NAMED_UNIT ( * ) SI_UNIT ( $, .STERADIAN. ) SOLID_ANGLE_UNIT ( ) );
#8898 = FILL_AREA_STYLE_COLOUR ( '', #2760 ) ;
#8899 = LINE ( 'NONE', #2632, #6725 ) ;
#8900 = ORIENTED_EDGE ( 'NONE', *, *, #6070, .F. ) ;
#8901 =( NAMED_UNIT ( * ) SI_UNIT ( $, .STERADIAN. ) SOLID_ANGLE_UNIT ( ) );
#8902 = VERTEX_POINT ( 'NONE', #5582 ) ;
#8903 = DIRECTION ( 'NONE',  ( -1.000000000000000000, -0.0000000000000000000, -0.0000000000000000000 ) ) ;
#8904 = PLANE ( 'NONE',  #7381 ) ;
#8905 = CARTESIAN_POINT ( 'NONE',  ( 9.750000000000000000, -3.300000000000000266, 0.2500000000000002220 ) ) ;
#8906 = DIRECTION ( 'NONE',  ( -1.000000000000000000, 0.0000000000000000000, 0.0000000000000000000 ) ) ;
#8907 = ORIENTED_EDGE ( 'NONE', *, *, #4598, .T. ) ;
#8908 = ORIENTED_EDGE ( 'NONE', *, *, #6513, .T. ) ;
#8909 = CARTESIAN_POINT ( 'NONE',  ( 1.850000000000000089, 5.100000000000001421, -0.1500000000000003830 ) ) ;
#8910 = SURFACE_SIDE_STYLE ('',( #6127 ) ) ;
#8911 = CARTESIAN_POINT ( 'NONE',  ( -1.949999999999999956, 4.500000000000000888, -0.1799999999999996048 ) ) ;
#8912 = EDGE_CURVE ( 'NONE', #1115, #1611, #7657, .T. ) ;
#8913 = PLANE ( 'NONE',  #3270 ) ;
#8914 = ORIENTED_EDGE ( 'NONE', *, *, #3743, .T. ) ;
#8915 = DIRECTION ( 'NONE',  ( 0.7071067811865489050, -0.7071067811865461294, -3.066586833366754193E-16 ) ) ;
#8916 = PLANE ( 'NONE',  #2616 ) ;
#8917 = VERTEX_POINT ( 'NONE', #4252 ) ;
#8918 = CARTESIAN_POINT ( 'NONE',  ( 1.299999999999999600, 0.2000000000000000389, 1.700000000000000178 ) ) ;
#8919 = AXIS2_PLACEMENT_3D ( 'NONE', #1388, #8397, #4083 ) ;
#8920 = DIRECTION ( 'NONE',  ( -0.0000000000000000000, -0.0000000000000000000, 1.000000000000000000 ) ) ;
#8921 = FILL_AREA_STYLE ('',( #4033 ) ) ;
#8922 = ORIENTED_EDGE ( 'NONE', *, *, #7510, .F. ) ;
#8923 = EDGE_CURVE ( 'NONE', #142, #4878, #666, .T. ) ;
#8924 =( GEOMETRIC_REPRESENTATION_CONTEXT ( 3 ) GLOBAL_UNCERTAINTY_ASSIGNED_CONTEXT ( ( #5121 ) ) GLOBAL_UNIT_ASSIGNED_CONTEXT ( ( #4317, #1475, #8530 ) ) REPRESENTATION_CONTEXT ( 'NONE', 'WORKASPACE' ) );
#8925 = UNCERTAINTY_MEASURE_WITH_UNIT (LENGTH_MEASURE( 1.000000000000000082E-05 ), #1436, 'distance_accuracy_value', 'NONE');
#8926 = CARTESIAN_POINT ( 'NONE',  ( 7.299999999999998934, 0.2000000000000000389, 1.700000000000000178 ) ) ;
#8927 = SURFACE_STYLE_USAGE ( .BOTH. , #5468 ) ;
#8928 = LINE ( 'NONE', #5563, #8261 ) ;
#8929 = CARTESIAN_POINT ( 'NONE',  ( 0.05000000000000012768, -3.399999999999999911, -0.1500000000000021316 ) ) ;
#8930 = CARTESIAN_POINT ( 'NONE',  ( 10.24999999999999822, 0.2000000000000000111, 0.2500000000000002220 ) ) ;
#8931 =( LENGTH_UNIT ( ) NAMED_UNIT ( * ) SI_UNIT ( .MILLI., .METRE. ) );
#8932 = ORIENTED_EDGE ( 'NONE', *, *, #5308, .F. ) ;
#8933 = STYLED_ITEM ( 'NONE', ( #1189 ), #2788 ) ;
#8934 = ADVANCED_FACE ( 'NONE', ( #43 ), #1451, .T. ) ;
#8935 = EDGE_CURVE ( 'NONE', #1153, #8531, #6407, .T. ) ;
#8936 = DIRECTION ( 'NONE',  ( 1.095153709581317921E-16, -1.000000000000000000, 7.479483660684246657E-33 ) ) ;
#8937 = PRESENTATION_LAYER_ASSIGNMENT (  '', '', ( #4877 ) ) ;
#8938 = AXIS2_PLACEMENT_3D ( 'NONE', #3668, #8389, #6420 ) ;
#8939 = UNCERTAINTY_MEASURE_WITH_UNIT (LENGTH_MEASURE( 1.000000000000000082E-05 ), #270, 'distance_accuracy_value', 'NONE');
#8940 = CARTESIAN_POINT ( 'NONE',  ( -1.949999999999999956, 1.800000000000000044, -0.2499999999999997780 ) ) ;
#8941 = DIRECTION ( 'NONE',  ( 3.872150616019660190E-17, 1.000000000000000000, -0.0000000000000000000 ) ) ;
#8942 = FILL_AREA_STYLE ('',( #2591 ) ) ;
#8943 = SURFACE_SIDE_STYLE ('',( #3421 ) ) ;
#8944 =( LENGTH_UNIT ( ) NAMED_UNIT ( * ) SI_UNIT ( .MILLI., .METRE. ) );
#8945 = ORIENTED_EDGE ( 'NONE', *, *, #107, .F. ) ;
#8946 = ADVANCED_FACE ( 'NONE', ( #1505 ), #4340, .F. ) ;
#8947 = UNCERTAINTY_MEASURE_WITH_UNIT (LENGTH_MEASURE( 1.000000000000000082E-05 ), #4712, 'distance_accuracy_value', 'NONE');
#8948 = SURFACE_STYLE_FILL_AREA ( #7566 ) ;
#8949 = CARTESIAN_POINT ( 'NONE',  ( 10.69999999999999929, 0.0000000000000000000, -2.800000000000000711 ) ) ;
#8950 = DIRECTION ( 'NONE',  ( 1.095153709581317798E-16, -1.000000000000000000, 0.0000000000000000000 ) ) ;
#8951 = FACE_OUTER_BOUND ( 'NONE', #821, .T. ) ;
#8952 = EDGE_CURVE ( 'NONE', #2527, #555, #8682, .T. ) ;
#8953 = CARTESIAN_POINT ( 'NONE',  ( 9.750000000000000000, -3.399999999999999911, 0.2500000000000002220 ) ) ;
#8954 = ORIENTED_EDGE ( 'NONE', *, *, #898, .F. ) ;
#8955 =( LENGTH_UNIT ( ) NAMED_UNIT ( * ) SI_UNIT ( .MILLI., .METRE. ) );
#8956 = ORIENTED_EDGE ( 'NONE', *, *, #632, .T. ) ;
#8957 = CARTESIAN_POINT ( 'NONE',  ( 3.299999999999999378, 0.2000000000000000389, 1.700000000000000178 ) ) ;
#8958 = SURFACE_SIDE_STYLE ('',( #5441 ) ) ;
#8959 = VECTOR ( 'NONE', #1562, 1000.000000000000000 ) ;
#8960 = PRESENTATION_LAYER_ASSIGNMENT (  '', '', ( #2234 ) ) ;
#8961 = ORIENTED_EDGE ( 'NONE', *, *, #7592, .F. ) ;
#8962 = VECTOR ( 'NONE', #7523, 999.9999999999998863 ) ;
#8963 =( NAMED_UNIT ( * ) SI_UNIT ( $, .STERADIAN. ) SOLID_ANGLE_UNIT ( ) );
#8964 = FILL_AREA_STYLE_COLOUR ( '', #2436 ) ;
#8965 = VECTOR ( 'NONE', #9056, 1000.000000000000000 ) ;
#8966 = EDGE_LOOP ( 'NONE', ( #7654, #5449, #1472, #4599 ) ) ;
#8967 = CARTESIAN_POINT ( 'NONE',  ( 6.249999999999998224, -3.300000000000000266, 0.2500000000000002220 ) ) ;
#8968 = EDGE_LOOP ( 'NONE', ( #8016, #8727, #659, #7340 ) ) ;
#8969 = CARTESIAN_POINT ( 'NONE',  ( 1.299999999999999600, 0.2000000000000000389, 1.700000000000000178 ) ) ;
#8970 = DIRECTION ( 'NONE',  ( 0.0000000000000000000, 0.0000000000000000000, 1.000000000000000000 ) ) ;
#8971 = DIRECTION ( 'NONE',  ( -0.0000000000000000000, -0.0000000000000000000, 1.000000000000000000 ) ) ;
#8972 = EDGE_LOOP ( 'NONE', ( #3684, #3347, #5199, #65 ) ) ;
#8973 = VECTOR ( 'NONE', #7111, 1000.000000000000000 ) ;
#8974 = PLANE ( 'NONE',  #4057 ) ;
#8975 = ORIENTED_EDGE ( 'NONE', *, *, #6715, .T. ) ;
#8976 =( GEOMETRIC_REPRESENTATION_CONTEXT ( 3 ) GLOBAL_UNCERTAINTY_ASSIGNED_CONTEXT ( ( #6975 ) ) GLOBAL_UNIT_ASSIGNED_CONTEXT ( ( #831, #8417, #6490 ) ) REPRESENTATION_CONTEXT ( 'NONE', 'WORKASPACE' ) );
#8977 = VECTOR ( 'NONE', #3625, 1000.000000000000000 ) ;
#8978 = ORIENTED_EDGE ( 'NONE', *, *, #5654, .F. ) ;
#8979 = VECTOR ( 'NONE', #8329, 1000.000000000000000 ) ;
#8980 =( GEOMETRIC_REPRESENTATION_CONTEXT ( 3 ) GLOBAL_UNCERTAINTY_ASSIGNED_CONTEXT ( ( #7692 ) ) GLOBAL_UNIT_ASSIGNED_CONTEXT ( ( #4241, #954, #4197 ) ) REPRESENTATION_CONTEXT ( 'NONE', 'WORKASPACE' ) );
#8981 = PRESENTATION_LAYER_ASSIGNMENT (  '', '', ( #6353 ) ) ;
#8982 = PRESENTATION_LAYER_ASSIGNMENT (  '', '', ( #6357 ) ) ;
#8983 = CARTESIAN_POINT ( 'NONE',  ( 10.22000000000000064, 4.230000000000001315, 1.599999999999999867 ) ) ;
#8984 = ORIENTED_EDGE ( 'NONE', *, *, #6093, .T. ) ;
#8985 = CARTESIAN_POINT ( 'NONE',  ( 0.2499999999999997780, -3.399999999999999911, 0.2500000000000002220 ) ) ;
#8986 = DIRECTION ( 'NONE',  ( -4.336808689942017736E-16, 0.0000000000000000000, -1.000000000000000000 ) ) ;
#8987 = ORIENTED_EDGE ( 'NONE', *, *, #8316, .F. ) ;
#8988 = DIRECTION ( 'NONE',  ( -3.833233541708420554E-17, -0.7071067811865447972, 0.7071067811865502373 ) ) ;
#8989 = FACE_OUTER_BOUND ( 'NONE', #8688, .T. ) ;
#8990 = VERTEX_POINT ( 'NONE', #5839 ) ;
#8991 = EDGE_CURVE ( 'NONE', #6968, #503, #2958, .T. ) ;
#8992 = ORIENTED_EDGE ( 'NONE', *, *, #9069, .T. ) ;
#8993 = VECTOR ( 'NONE', #488, 1000.000000000000000 ) ;
#8994 = PRESENTATION_LAYER_ASSIGNMENT (  '', '', ( #1803 ) ) ;
#8995 = PRESENTATION_STYLE_ASSIGNMENT (( #2803 ) ) ;
#8996 = VECTOR ( 'NONE', #3626, 1000.000000000000114 ) ;
#8997 = LINE ( 'NONE', #8940, #2558 ) ;
#8998 =( NAMED_UNIT ( * ) SI_UNIT ( $, .STERADIAN. ) SOLID_ANGLE_UNIT ( ) );
#8999 = MECHANICAL_DESIGN_GEOMETRIC_PRESENTATION_REPRESENTATION (  '', ( #2123 ), #4022 ) ;
#9000 = FACE_OUTER_BOUND ( 'NONE', #5621, .T. ) ;
#9001 = FACE_BOUND ( 'NONE', #1007, .T. ) ;
#9002 = VERTEX_POINT ( 'NONE', #7200 ) ;
#9003 = ADVANCED_FACE ( 'NONE', ( #6631 ), #6456, .F. ) ;
#9004 = EDGE_CURVE ( 'NONE', #2106, #5531, #5630, .T. ) ;
#9005 = MECHANICAL_DESIGN_GEOMETRIC_PRESENTATION_REPRESENTATION (  '', ( #1665 ), #4026 ) ;
#9006 = COLOUR_RGB ( '',1.000000000000000000, 1.000000000000000000, 1.000000000000000000 ) ;
#9007 = DIRECTION ( 'NONE',  ( -1.084202172485504237E-15, -1.000000000000000000, 0.0000000000000000000 ) ) ;
#9008 = CARTESIAN_POINT ( 'NONE',  ( 8.750000000000000000, 3.399999999999999467, -2.350000000000001865 ) ) ;
#9009 = FILL_AREA_STYLE_COLOUR ( '', #434 ) ;
#9010 = ORIENTED_EDGE ( 'NONE', *, *, #4410, .F. ) ;
#9011 = DIRECTION ( 'NONE',  ( -4.336808689942017736E-16, 0.0000000000000000000, -1.000000000000000000 ) ) ;
#9012 = DIRECTION ( 'NONE',  ( 9.103382349328301547E-49, 2.350988701644575016E-32, 1.000000000000000000 ) ) ;
#9013 = ORIENTED_EDGE ( 'NONE', *, *, #9089, .F. ) ;
#9014 = SURFACE_SIDE_STYLE ('',( #3730 ) ) ;
#9015 =( NAMED_UNIT ( * ) PLANE_ANGLE_UNIT ( ) SI_UNIT ( $, .RADIAN. ) );
#9016 = PRESENTATION_STYLE_ASSIGNMENT (( #6228 ) ) ;
#9017 =( GEOMETRIC_REPRESENTATION_CONTEXT ( 3 ) GLOBAL_UNCERTAINTY_ASSIGNED_CONTEXT ( ( #2797 ) ) GLOBAL_UNIT_ASSIGNED_CONTEXT ( ( #7790, #700, #8285 ) ) REPRESENTATION_CONTEXT ( 'NONE', 'WORKASPACE' ) );
#9018 = EDGE_CURVE ( 'NONE', #7047, #1063, #1692, .T. ) ;
#9019 = LINE ( 'NONE', #6416, #8749 ) ;
#9020 = CARTESIAN_POINT ( 'NONE',  ( 11.18000000000000149, 4.230000000000001315, -2.801000000000000600 ) ) ;
#9021 = EDGE_CURVE ( 'NONE', #1383, #3923, #5928, .T. ) ;
#9022 = ORIENTED_EDGE ( 'NONE', *, *, #2630, .F. ) ;
#9023 = ORIENTED_EDGE ( 'NONE', *, *, #7531, .T. ) ;
#9024 = FILL_AREA_STYLE ('',( #6932 ) ) ;
#9025 = CARTESIAN_POINT ( 'NONE',  ( 8.699999999999999289, 0.1999999999999999833, 1.700000000000000178 ) ) ;
#9026 = EDGE_LOOP ( 'NONE', ( #5257, #1598, #1285, #2420 ) ) ;
#9027 = LINE ( 'NONE', #9077, #7553 ) ;
#9028 = CARTESIAN_POINT ( 'NONE',  ( 6.699999999999999289, 0.1999999999999999833, -2.800000000000000266 ) ) ;
#9029 =( NAMED_UNIT ( * ) SI_UNIT ( $, .STERADIAN. ) SOLID_ANGLE_UNIT ( ) );
#9030 = ORIENTED_EDGE ( 'NONE', *, *, #289, .F. ) ;
#9031 = UNCERTAINTY_MEASURE_WITH_UNIT (LENGTH_MEASURE( 1.000000000000000082E-05 ), #3295, 'distance_accuracy_value', 'NONE');
#9032 = VECTOR ( 'NONE', #8920, 1000.000000000000000 ) ;
#9033 = FILL_AREA_STYLE_COLOUR ( '', #3108 ) ;
#9034 =( LENGTH_UNIT ( ) NAMED_UNIT ( * ) SI_UNIT ( .MILLI., .METRE. ) );
#9035 = LINE ( 'NONE', #6293, #8398 ) ;
#9036 =( LENGTH_UNIT ( ) NAMED_UNIT ( * ) SI_UNIT ( .MILLI., .METRE. ) );
#9037 = DIRECTION ( 'NONE',  ( -3.833233541708420554E-17, -0.7071067811865447972, -0.7071067811865502373 ) ) ;
#9038 = ORIENTED_EDGE ( 'NONE', *, *, #8720, .T. ) ;
#9039 = VECTOR ( 'NONE', #918, 1000.000000000000000 ) ;
#9040 = ORIENTED_EDGE ( 'NONE', *, *, #5047, .F. ) ;
#9041 = LINE ( 'NONE', #7049, #3165 ) ;
#9042 = UNCERTAINTY_MEASURE_WITH_UNIT (LENGTH_MEASURE( 1.000000000000000082E-05 ), #2470, 'distance_accuracy_value', 'NONE');
#9043 = SURFACE_STYLE_FILL_AREA ( #6254 ) ;
#9044 = DIRECTION ( 'NONE',  ( -1.000000000000000000, 0.0000000000000000000, -0.0000000000000000000 ) ) ;
#9045 = CARTESIAN_POINT ( 'NONE',  ( 1.750000000000000666, 5.000000000000000888, 0.2500000000000002220 ) ) ;
#9046 = VECTOR ( 'NONE', #4355, 1000.000000000000000 ) ;
#9047 = DIRECTION ( 'NONE',  ( -3.872150616019660190E-17, -1.000000000000000000, 0.0000000000000000000 ) ) ;
#9048 =( LENGTH_UNIT ( ) NAMED_UNIT ( * ) SI_UNIT ( .MILLI., .METRE. ) );
#9049 = ORIENTED_EDGE ( 'NONE', *, *, #2062, .T. ) ;
#9050 = COLOUR_RGB ( '',1.000000000000000000, 1.000000000000000000, 1.000000000000000000 ) ;
#9051 = LINE ( 'NONE', #2084, #7420 ) ;
#9052 = EDGE_CURVE ( 'NONE', #4663, #8902, #5247, .T. ) ;
#9053 = ORIENTED_EDGE ( 'NONE', *, *, #508, .F. ) ;
#9054 = SURFACE_STYLE_USAGE ( .BOTH. , #2735 ) ;
#9055 = UNCERTAINTY_MEASURE_WITH_UNIT (LENGTH_MEASURE( 1.000000000000000082E-05 ), #5415, 'distance_accuracy_value', 'NONE');
#9056 = DIRECTION ( 'NONE',  ( 0.0000000000000000000, -0.0000000000000000000, 1.000000000000000000 ) ) ;
#9057 =( NAMED_UNIT ( * ) PLANE_ANGLE_UNIT ( ) SI_UNIT ( $, .RADIAN. ) );
#9058 = ORIENTED_EDGE ( 'NONE', *, *, #6876, .F. ) ;
#9059 = SURFACE_STYLE_USAGE ( .BOTH. , #2093 ) ;
#9060 = ORIENTED_EDGE ( 'NONE', *, *, #6279, .F. ) ;
#9061 = SURFACE_STYLE_USAGE ( .BOTH. , #6274 ) ;
#9062 = CARTESIAN_POINT ( 'NONE',  ( -1.700000000000001510, 6.000000000000000000, 0.3199999999999999512 ) ) ;
#9063 = PRESENTATION_LAYER_ASSIGNMENT (  '', '', ( #5399 ) ) ;
#9064 = FILL_AREA_STYLE ('',( #6926 ) ) ;
#9065 = UNCERTAINTY_MEASURE_WITH_UNIT (LENGTH_MEASURE( 1.000000000000000082E-05 ), #1018, 'distance_accuracy_value', 'NONE');
#9066 = CARTESIAN_POINT ( 'NONE',  ( 7.299999999999998934, 0.2000000000000000389, 0.2500000000000002220 ) ) ;
#9067 = SURFACE_STYLE_FILL_AREA ( #3535 ) ;
#9068 = ORIENTED_EDGE ( 'NONE', *, *, #8991, .F. ) ;
#9069 = EDGE_CURVE ( 'NONE', #4320, #8500, #133, .T. ) ;
#9070 = ORIENTED_EDGE ( 'NONE', *, *, #4764, .T. ) ;
#9071 = DIRECTION ( 'NONE',  ( 1.000000000000000000, 0.0000000000000000000, 0.0000000000000000000 ) ) ;
#9072 = SURFACE_STYLE_USAGE ( .BOTH. , #584 ) ;
#9073 = SURFACE_SIDE_STYLE ('',( #6993 ) ) ;
#9074 = FACE_OUTER_BOUND ( 'NONE', #6441, .T. ) ;
#9075 = SURFACE_STYLE_FILL_AREA ( #544 ) ;
#9076 = EDGE_LOOP ( 'NONE', ( #1437, #92, #281, #2898 ) ) ;
#9077 = CARTESIAN_POINT ( 'NONE',  ( 11.35000000000000142, 5.650000000000000355, 1.249999999999998446 ) ) ;
#9078 = SURFACE_SIDE_STYLE ('',( #2757 ) ) ;
#9079 = EDGE_CURVE ( 'NONE', #4839, #7083, #4701, .T. ) ;
#9080 = EDGE_CURVE ( 'NONE', #6954, #7083, #343, .T. ) ;
#9081 = VECTOR ( 'NONE', #7393, 1000.000000000000000 ) ;
#9082 = SURFACE_SIDE_STYLE ('',( #5515 ) ) ;
#9083 = DIRECTION ( 'NONE',  ( 3.872150616019660190E-17, 1.000000000000000000, -0.0000000000000000000 ) ) ;
#9084 = VERTEX_POINT ( 'NONE', #7362 ) ;
#9085 = FILL_AREA_STYLE ('',( #2988 ) ) ;
#9086 = ORIENTED_EDGE ( 'NONE', *, *, #351, .T. ) ;
#9087 = PRESENTATION_LAYER_ASSIGNMENT (  '', '', ( #5999 ) ) ;
#9088 = ORIENTED_EDGE ( 'NONE', *, *, #4410, .T. ) ;
#9089 = EDGE_CURVE ( 'NONE', #4809, #5096, #1067, .T. ) ;
#9090 = LINE ( 'NONE', #7646, #1062 ) ;
#9091 = PLANE ( 'NONE',  #5321 ) ;
#9092 = LINE ( 'NONE', #7303, #2703 ) ;
#9093 = CARTESIAN_POINT ( 'NONE',  ( 6.249999999999998224, 0.2000000000000000111, 0.2500000000000002220 ) ) ;
#9094 = CARTESIAN_POINT ( 'NONE',  ( 7.750000000000000000, 5.000000000000000888, 0.2500000000000002220 ) ) ;
#9095 = DIRECTION ( 'NONE',  ( -1.000000000000000000, 3.872150616019660190E-17, 0.0000000000000000000 ) ) ;
#9096 = CARTESIAN_POINT ( 'NONE',  ( 0.7500000000000002220, 3.399999999999999467, -2.050000000000001599 ) ) ;
#9097 = EDGE_LOOP ( 'NONE', ( #8945, #4304, #4237, #4357 ) ) ;
#9098 = FACE_OUTER_BOUND ( 'NONE', #8968, .T. ) ;
#9099 = LINE ( 'NONE', #42, #8827 ) ;
#9100 = DIRECTION ( 'NONE',  ( 1.000000000000000000, 0.0000000000000000000, 0.0000000000000000000 ) ) ;
#9101 = LINE ( 'NONE', #8434, #2214 ) ;
ENDSEC;
END-ISO-10303-21;
