ISO-10303-21;
HEADER;
FILE_DESCRIPTION (( 'STEP AP214' ),
    '1' );
FILE_NAME ('JST-B5B-PH-K-S.STEP',
    '2020-12-29T22:27:19',
    ( '' ),
    ( '' ),
    'SwSTEP 2.0',
    'SolidWorks 2020',
    '' );
FILE_SCHEMA (( 'AUTOMOTIVE_DESIGN' ));
ENDSEC;

DATA;
#1 = VECTOR ( 'NONE', #375, 1000.000000000000000 ) ;
#2 = SURFACE_STYLE_FILL_AREA ( #1742 ) ;
#3 = SURFACE_SIDE_STYLE ('',( #118 ) ) ;
#4 = SURFACE_SIDE_STYLE ('',( #2525 ) ) ;
#5 = ORIENTED_EDGE ( 'NONE', *, *, #3386, .F. ) ;
#6 = CARTESIAN_POINT ( 'NONE',  ( 2.250000000000000000, 4.999999999999999112, 0.2500000000000002220 ) ) ;
#7 = PRESENTATION_STYLE_ASSIGNMENT (( #5456 ) ) ;
#8 = FACE_OUTER_BOUND ( 'NONE', #780, .T. ) ;
#9 = FILL_AREA_STYLE ('',( #1277 ) ) ;
#10 =( GEOMETRIC_REPRESENTATION_CONTEXT ( 3 ) GLOBAL_UNCERTAINTY_ASSIGNED_CONTEXT ( ( #1894 ) ) GLOBAL_UNIT_ASSIGNED_CONTEXT ( ( #417, #2706, #4610 ) ) REPRESENTATION_CONTEXT ( 'NONE', 'WORKASPACE' ) );
#11 = DIRECTION ( 'NONE',  ( 0.0000000000000000000, -0.7071067811865474617, 0.7071067811865474617 ) ) ;
#12 = SURFACE_SIDE_STYLE ('',( #6718 ) ) ;
#13 = ORIENTED_EDGE ( 'NONE', *, *, #4996, .F. ) ;
#14 = UNCERTAINTY_MEASURE_WITH_UNIT (LENGTH_MEASURE( 1.000000000000000082E-05 ), #1279, 'distance_accuracy_value', 'NONE');
#15 = CARTESIAN_POINT ( 'NONE',  ( 4.699999999999999289, 0.1999999999999999833, -2.800000000000000266 ) ) ;
#16 = ORIENTED_EDGE ( 'NONE', *, *, #2626, .F. ) ;
#17 = EDGE_CURVE ( 'NONE', #2840, #6760, #6217, .T. ) ;
#18 = CARTESIAN_POINT ( 'NONE',  ( 5.750000000000000000, 4.999999999999999112, 0.2500000000000002220 ) ) ;
#19 = ORIENTED_EDGE ( 'NONE', *, *, #7257, .T. ) ;
#20 = FILL_AREA_STYLE_COLOUR ( '', #6857 ) ;
#21 = CARTESIAN_POINT ( 'NONE',  ( 1.750000000000000222, 4.999999999999999112, -0.2499999999999997780 ) ) ;
#22 = FACE_OUTER_BOUND ( 'NONE', #4937, .T. ) ;
#23 = VECTOR ( 'NONE', #1054, 1000.000000000000000 ) ;
#24 = ADVANCED_FACE ( 'NONE', ( #3151 ), #3186, .F. ) ;
#25 = DIRECTION ( 'NONE',  ( -1.000000000000000000, -4.517509052022931526E-16, -8.106184467181340768E-17 ) ) ;
#26 = DIRECTION ( 'NONE',  ( 0.0000000000000000000, 0.0000000000000000000, -1.000000000000000000 ) ) ;
#27 =( NAMED_UNIT ( * ) SI_UNIT ( $, .STERADIAN. ) SOLID_ANGLE_UNIT ( ) );
#28 = DIRECTION ( 'NONE',  ( 0.0000000000000000000, 0.0000000000000000000, -1.000000000000000000 ) ) ;
#29 = VERTEX_POINT ( 'NONE', #1383 ) ;
#30 = SURFACE_STYLE_USAGE ( .BOTH. , #147 ) ;
#31 = FILL_AREA_STYLE_COLOUR ( '', #2312 ) ;
#32 = LINE ( 'NONE', #4738, #2763 ) ;
#33 = ORIENTED_EDGE ( 'NONE', *, *, #455, .F. ) ;
#34 = EDGE_CURVE ( 'NONE', #6532, #6989, #5526, .T. ) ;
#35 = DIRECTION ( 'NONE',  ( -0.0000000000000000000, 1.000000000000000000, -0.0000000000000000000 ) ) ;
#36 =( NAMED_UNIT ( * ) SI_UNIT ( $, .STERADIAN. ) SOLID_ANGLE_UNIT ( ) );
#37 = SURFACE_STYLE_USAGE ( .BOTH. , #7346 ) ;
#38 = ORIENTED_EDGE ( 'NONE', *, *, #368, .F. ) ;
#39 =( LENGTH_UNIT ( ) NAMED_UNIT ( * ) SI_UNIT ( .MILLI., .METRE. ) );
#40 = VECTOR ( 'NONE', #6288, 1000.000000000000000 ) ;
#41 =( NAMED_UNIT ( * ) PLANE_ANGLE_UNIT ( ) SI_UNIT ( $, .RADIAN. ) );
#42 = VERTEX_POINT ( 'NONE', #5013 ) ;
#43 = CARTESIAN_POINT ( 'NONE',  ( 9.950000000000001066, 0.8200000000000027267, 1.700000000000000178 ) ) ;
#44 = MECHANICAL_DESIGN_GEOMETRIC_PRESENTATION_REPRESENTATION (  '', ( #6801 ), #554 ) ;
#45 = VECTOR ( 'NONE', #6408, 1000.000000000000000 ) ;
#46 = FILL_AREA_STYLE_COLOUR ( '', #193 ) ;
#47 = DIRECTION ( 'NONE',  ( -3.872150616019660190E-17, -1.000000000000000000, 0.0000000000000000000 ) ) ;
#48 =( LENGTH_UNIT ( ) NAMED_UNIT ( * ) SI_UNIT ( .MILLI., .METRE. ) );
#49 = EDGE_LOOP ( 'NONE', ( #5613, #1676, #2281, #898 ) ) ;
#50 = ORIENTED_EDGE ( 'NONE', *, *, #3820, .F. ) ;
#51 =( GEOMETRIC_REPRESENTATION_CONTEXT ( 3 ) GLOBAL_UNCERTAINTY_ASSIGNED_CONTEXT ( ( #2586 ) ) GLOBAL_UNIT_ASSIGNED_CONTEXT ( ( #2890, #6404, #1477 ) ) REPRESENTATION_CONTEXT ( 'NONE', 'WORKASPACE' ) );
#52 = VECTOR ( 'NONE', #4160, 1000.000000000000000 ) ;
#53 = VERTEX_POINT ( 'NONE', #4333 ) ;
#54 = VECTOR ( 'NONE', #5240, 1000.000000000000000 ) ;
#55 = LINE ( 'NONE', #6611, #5141 ) ;
#56 = DIRECTION ( 'NONE',  ( 1.000000000000000000, 0.0000000000000000000, 0.0000000000000000000 ) ) ;
#57 = DIRECTION ( 'NONE',  ( 4.336808689942017736E-16, 0.0000000000000000000, 1.000000000000000000 ) ) ;
#58 = ORIENTED_EDGE ( 'NONE', *, *, #1763, .F. ) ;
#60 = EDGE_CURVE ( 'NONE', #4868, #7454, #3268, .T. ) ;
#59 = CARTESIAN_POINT ( 'NONE',  ( -1.350000000000000089, 5.650000000000000355, 1.249999999999997558 ) ) ;
#61 = DIRECTION ( 'NONE',  ( -1.000000000000000000, 0.0000000000000000000, -0.0000000000000000000 ) ) ;
#62 = PLANE ( 'NONE',  #1671 ) ;
#63 = STYLED_ITEM ( 'NONE', ( #3796 ), #2955 ) ;
#64 = CARTESIAN_POINT ( 'NONE',  ( 7.249999999999999112, 1.149999999999999911, -2.050000000000001599 ) ) ;
#65 = DIRECTION ( 'NONE',  ( 0.0000000000000000000, -0.0000000000000000000, -1.000000000000000000 ) ) ;
#66 = STYLED_ITEM ( 'NONE', ( #940 ), #6173 ) ;
#67 =( NAMED_UNIT ( * ) PLANE_ANGLE_UNIT ( ) SI_UNIT ( $, .RADIAN. ) );
#68 = DIRECTION ( 'NONE',  ( -1.000000000000000000, 3.872150616019661422E-17, 0.0000000000000000000 ) ) ;
#69 = PLANE ( 'NONE',  #1812 ) ;
#71 = EDGE_CURVE ( 'NONE', #506, #4170, #749, .T. ) ;
#70 = CARTESIAN_POINT ( 'NONE',  ( 9.350000000000001421, 4.500000000000000888, -0.1799999999999983002 ) ) ;
#72 = FILL_AREA_STYLE_COLOUR ( '', #1473 ) ;
#73 = UNCERTAINTY_MEASURE_WITH_UNIT (LENGTH_MEASURE( 1.000000000000000082E-05 ), #5216, 'distance_accuracy_value', 'NONE');
#74 =( LENGTH_UNIT ( ) NAMED_UNIT ( * ) SI_UNIT ( .MILLI., .METRE. ) );
#75 = PLANE ( 'NONE',  #2382 ) ;
#76 = STYLED_ITEM ( 'NONE', ( #3451 ), #2511 ) ;
#77 = COLOUR_RGB ( '',1.000000000000000000, 0.8117647058823529438, 0.5019607843137254832 ) ;
#78 = ORIENTED_EDGE ( 'NONE', *, *, #6844, .F. ) ;
#79 = SURFACE_STYLE_USAGE ( .BOTH. , #3110 ) ;
#80 = CARTESIAN_POINT ( 'NONE',  ( -0.7000000000000000666, 0.2000000000000000389, -2.800000000000000266 ) ) ;
#81 = SURFACE_STYLE_FILL_AREA ( #3112 ) ;
#83 = EDGE_CURVE ( 'NONE', #6117, #687, #3223, .T. ) ;
#82 = ORIENTED_EDGE ( 'NONE', *, *, #3635, .T. ) ;
#84 = DIRECTION ( 'NONE',  ( 0.7071067811865459074, -0.7071067811865491270, -3.066586833366741374E-16 ) ) ;
#85 = PRESENTATION_STYLE_ASSIGNMENT (( #5028 ) ) ;
#86 = LINE ( 'NONE', #4686, #575 ) ;
#87 = CARTESIAN_POINT ( 'NONE',  ( 2.750000000000000444, 3.149999999999999467, -2.050000000000002043 ) ) ;
#88 = VECTOR ( 'NONE', #5747, 1000.000000000000000 ) ;
#89 = MECHANICAL_DESIGN_GEOMETRIC_PRESENTATION_REPRESENTATION (  '', ( #1859 ), #4158 ) ;
#90 = CARTESIAN_POINT ( 'NONE',  ( 1.749999999999999778, -3.399999999999999911, -0.2499999999999997780 ) ) ;
#91 =( GEOMETRIC_REPRESENTATION_CONTEXT ( 3 ) GLOBAL_UNCERTAINTY_ASSIGNED_CONTEXT ( ( #2787 ) ) GLOBAL_UNIT_ASSIGNED_CONTEXT ( ( #146, #668, #2058 ) ) REPRESENTATION_CONTEXT ( 'NONE', 'WORKASPACE' ) );
#92 = EDGE_CURVE ( 'NONE', #3177, #5419, #6815, .T. ) ;
#93 = DIRECTION ( 'NONE',  ( -9.103382349328301547E-49, -2.350988701644575016E-32, -1.000000000000000000 ) ) ;
#94 = PRESENTATION_LAYER_ASSIGNMENT (  '', '', ( #4546 ) ) ;
#95 = ORIENTED_EDGE ( 'NONE', *, *, #1881, .F. ) ;
#96 = LINE ( 'NONE', #2539, #4511 ) ;
#97 = UNCERTAINTY_MEASURE_WITH_UNIT (LENGTH_MEASURE( 1.000000000000000082E-05 ), #2510, 'distance_accuracy_value', 'NONE');
#98 = ORIENTED_EDGE ( 'NONE', *, *, #7907, .T. ) ;
#99 = PRESENTATION_STYLE_ASSIGNMENT (( #7449 ) ) ;
#100 =( GEOMETRIC_REPRESENTATION_CONTEXT ( 3 ) GLOBAL_UNCERTAINTY_ASSIGNED_CONTEXT ( ( #5815 ) ) GLOBAL_UNIT_ASSIGNED_CONTEXT ( ( #7537, #7080, #7624 ) ) REPRESENTATION_CONTEXT ( 'NONE', 'WORKASPACE' ) );
#101 = ORIENTED_EDGE ( 'NONE', *, *, #6918, .F. ) ;
#102 = PRESENTATION_STYLE_ASSIGNMENT (( #3812 ) ) ;
#103 = CARTESIAN_POINT ( 'NONE',  ( 3.750000000000000444, 1.800000000000000044, 0.2500000000000002220 ) ) ;
#104 = ORIENTED_EDGE ( 'NONE', *, *, #6662, .F. ) ;
#105 = PRESENTATION_STYLE_ASSIGNMENT (( #6170 ) ) ;
#106 = UNCERTAINTY_MEASURE_WITH_UNIT (LENGTH_MEASURE( 1.000000000000000082E-05 ), #4223, 'distance_accuracy_value', 'NONE');
#107 = ORIENTED_EDGE ( 'NONE', *, *, #3736, .T. ) ;
#108 = CARTESIAN_POINT ( 'NONE',  ( 4.250000000000000000, 4.999999999999995559, 0.2500000000000002220 ) ) ;
#109 = SURFACE_SIDE_STYLE ('',( #3184 ) ) ;
#110 =( NAMED_UNIT ( * ) SI_UNIT ( $, .STERADIAN. ) SOLID_ANGLE_UNIT ( ) );
#111 = FILL_AREA_STYLE_COLOUR ( '', #2613 ) ;
#112 = DIRECTION ( 'NONE',  ( -1.000000000000000000, -0.0000000000000000000, -0.0000000000000000000 ) ) ;
#113 = SURFACE_STYLE_USAGE ( .BOTH. , #6865 ) ;
#114 = LINE ( 'NONE', #5651, #5820 ) ;
#115 = EDGE_CURVE ( 'NONE', #42, #2349, #5573, .T. ) ;
#116 = UNCERTAINTY_MEASURE_WITH_UNIT (LENGTH_MEASURE( 1.000000000000000082E-05 ), #642, 'distance_accuracy_value', 'NONE');
#117 = FACE_OUTER_BOUND ( 'NONE', #7827, .T. ) ;
#118 = SURFACE_STYLE_FILL_AREA ( #1235 ) ;
#119 = DIRECTION ( 'NONE',  ( -0.0000000000000000000, -0.0000000000000000000, 1.000000000000000000 ) ) ;
#120 = ORIENTED_EDGE ( 'NONE', *, *, #6811, .T. ) ;
#121 = DIRECTION ( 'NONE',  ( -4.336808689942017736E-16, 0.0000000000000000000, -1.000000000000000000 ) ) ;
#122 = CARTESIAN_POINT ( 'NONE',  ( 7.750000000000000000, 5.000000000000000888, 0.2500000000000002220 ) ) ;
#123 = EDGE_CURVE ( 'NONE', #4903, #6363, #6305, .T. ) ;
#124 = PRESENTATION_LAYER_ASSIGNMENT (  '', '', ( #5212 ) ) ;
#125 = UNCERTAINTY_MEASURE_WITH_UNIT (LENGTH_MEASURE( 1.000000000000000082E-05 ), #3918, 'distance_accuracy_value', 'NONE');
#126 = EDGE_CURVE ( 'NONE', #424, #1370, #2550, .T. ) ;
#127 = FACE_OUTER_BOUND ( 'NONE', #1902, .T. ) ;
#128 = DIRECTION ( 'NONE',  ( 3.872150616019660190E-17, 1.000000000000000000, -0.0000000000000000000 ) ) ;
#129 = SURFACE_STYLE_FILL_AREA ( #2076 ) ;
#130 = CARTESIAN_POINT ( 'NONE',  ( -1.949999999999999956, 1.800000000000000044, 0.2500000000000002220 ) ) ;
#131 = ORIENTED_EDGE ( 'NONE', *, *, #665, .T. ) ;
#132 = MECHANICAL_DESIGN_GEOMETRIC_PRESENTATION_REPRESENTATION (  '', ( #1509 ), #4464 ) ;
#133 =( NAMED_UNIT ( * ) SI_UNIT ( $, .STERADIAN. ) SOLID_ANGLE_UNIT ( ) );
#134 = CARTESIAN_POINT ( 'NONE',  ( 2.250000000000000000, 4.999999999999999112, -0.2499999999999997780 ) ) ;
#135 = STYLED_ITEM ( 'NONE', ( #2297 ), #911 ) ;
#136 = ADVANCED_FACE ( 'NONE', ( #7417 ), #1416, .T. ) ;
#137 =( GEOMETRIC_REPRESENTATION_CONTEXT ( 3 ) GLOBAL_UNCERTAINTY_ASSIGNED_CONTEXT ( ( #2084 ) ) GLOBAL_UNIT_ASSIGNED_CONTEXT ( ( #1360, #4390, #4946 ) ) REPRESENTATION_CONTEXT ( 'NONE', 'WORKASPACE' ) );
#138 = ORIENTED_EDGE ( 'NONE', *, *, #6703, .T. ) ;
#139 = LINE ( 'NONE', #4323, #6351 ) ;
#140 = VECTOR ( 'NONE', #525, 1000.000000000000000 ) ;
#141 = SURFACE_STYLE_USAGE ( .BOTH. , #4286 ) ;
#142 = CARTESIAN_POINT ( 'NONE',  ( 6.749999999999999112, 3.399999999999999467, -2.300000000000001599 ) ) ;
#143 = PRESENTATION_STYLE_ASSIGNMENT (( #7541 ) ) ;
#144 = COLOUR_RGB ( '',1.000000000000000000, 1.000000000000000000, 1.000000000000000000 ) ;
#145 = FILL_AREA_STYLE ('',( #7509 ) ) ;
#146 =( LENGTH_UNIT ( ) NAMED_UNIT ( * ) SI_UNIT ( .MILLI., .METRE. ) );
#147 = SURFACE_SIDE_STYLE ('',( #2516 ) ) ;
#148 =( NAMED_UNIT ( * ) SI_UNIT ( $, .STERADIAN. ) SOLID_ANGLE_UNIT ( ) );
#149 = ORIENTED_EDGE ( 'NONE', *, *, #1483, .T. ) ;
#150 = PRESENTATION_STYLE_ASSIGNMENT (( #6272 ) ) ;
#151 = VECTOR ( 'NONE', #5615, 1000.000000000000114 ) ;
#152 = DIRECTION ( 'NONE',  ( -3.872150616019660190E-17, -1.000000000000000000, 0.0000000000000000000 ) ) ;
#153 =( LENGTH_UNIT ( ) NAMED_UNIT ( * ) SI_UNIT ( .MILLI., .METRE. ) );
#154 = CARTESIAN_POINT ( 'NONE',  ( 9.180000000000001492, 2.250000000000001332, -2.801000000000000600 ) ) ;
#155 = ORIENTED_EDGE ( 'NONE', *, *, #7844, .T. ) ;
#156 = SURFACE_SIDE_STYLE ('',( #4980 ) ) ;
#157 = CARTESIAN_POINT ( 'NONE',  ( 6.249999999999998224, -3.399999999999999911, -0.2499999999999997780 ) ) ;
#158 = CARTESIAN_POINT ( 'NONE',  ( -1.350000000000000089, 5.650000000000000355, 1.249999999999997558 ) ) ;
#159 = ADVANCED_FACE ( 'NONE', ( #4535 ), #5208, .T. ) ;
#160 = LINE ( 'NONE', #728, #6265 ) ;
#161 = VECTOR ( 'NONE', #5854, 1000.000000000000000 ) ;
#162 = DIRECTION ( 'NONE',  ( -3.833233541708420554E-17, -0.7071067811865447972, 0.7071067811865502373 ) ) ;
#163 =( NAMED_UNIT ( * ) SI_UNIT ( $, .STERADIAN. ) SOLID_ANGLE_UNIT ( ) );
#164 = DIRECTION ( 'NONE',  ( -0.0000000000000000000, -0.0000000000000000000, 1.000000000000000000 ) ) ;
#165 = EDGE_CURVE ( 'NONE', #7745, #7014, #5127, .T. ) ;
#166 = ORIENTED_EDGE ( 'NONE', *, *, #5916, .T. ) ;
#167 =( LENGTH_UNIT ( ) NAMED_UNIT ( * ) SI_UNIT ( .MILLI., .METRE. ) );
#168 = ADVANCED_FACE ( 'NONE', ( #1597 ), #7091, .F. ) ;
#169 = SURFACE_STYLE_USAGE ( .BOTH. , #1400 ) ;
#170 = VECTOR ( 'NONE', #5278, 1000.000000000000000 ) ;
#171 = AXIS2_PLACEMENT_3D ( 'NONE', #6652, #2514, #7292 ) ;
#172 = ORIENTED_EDGE ( 'NONE', *, *, #2564, .F. ) ;
#173 = CARTESIAN_POINT ( 'NONE',  ( 1.250000000000000666, 3.399999999999999467, -2.050000000000001599 ) ) ;
#174 = SURFACE_STYLE_USAGE ( .BOTH. , #6256 ) ;
#175 = ADVANCED_FACE ( 'NONE', ( #1633 ), #2937, .F. ) ;
#176 = VECTOR ( 'NONE', #6859, 1000.000000000000000 ) ;
#177 = VECTOR ( 'NONE', #5314, 1000.000000000000000 ) ;
#178 = ORIENTED_EDGE ( 'NONE', *, *, #6415, .F. ) ;
#179 = CARTESIAN_POINT ( 'NONE',  ( 6.249999999999998224, 0.2000000000000000111, -2.800000000000000266 ) ) ;
#180 = EDGE_CURVE ( 'NONE', #2450, #4979, #7872, .T. ) ;
#181 = DIRECTION ( 'NONE',  ( 1.000000000000000000, -0.0000000000000000000, 6.079638350386007117E-17 ) ) ;
#182 =( NAMED_UNIT ( * ) PLANE_ANGLE_UNIT ( ) SI_UNIT ( $, .RADIAN. ) );
#183 = VECTOR ( 'NONE', #5571, 1000.000000000000000 ) ;
#184 = UNCERTAINTY_MEASURE_WITH_UNIT (LENGTH_MEASURE( 1.000000000000000082E-05 ), #459, 'distance_accuracy_value', 'NONE');
#185 = COLOUR_RGB ( '',1.000000000000000000, 1.000000000000000000, 1.000000000000000000 ) ;
#186 = STYLED_ITEM ( 'NONE', ( #878 ), #4848 ) ;
#187 =( NAMED_UNIT ( * ) SI_UNIT ( $, .STERADIAN. ) SOLID_ANGLE_UNIT ( ) );
#188 = CARTESIAN_POINT ( 'NONE',  ( -1.949999999999999734, 5.100000000000001421, -2.800000000000000266 ) ) ;
#189 = EDGE_CURVE ( 'NONE', #1002, #777, #2385, .T. ) ;
#190 = SURFACE_STYLE_FILL_AREA ( #145 ) ;
#191 = MECHANICAL_DESIGN_GEOMETRIC_PRESENTATION_REPRESENTATION (  '', ( #7466 ), #1962 ) ;
#192 = AXIS2_PLACEMENT_3D ( 'NONE', #1712, #6567, #4755 ) ;
#193 = COLOUR_RGB ( '',1.000000000000000000, 0.8117647058823529438, 0.5019607843137254832 ) ;
#194 = LINE ( 'NONE', #3341, #5620 ) ;
#195 = VERTEX_POINT ( 'NONE', #7128 ) ;
#196 = PRESENTATION_LAYER_ASSIGNMENT (  '', '', ( #63 ) ) ;
#197 = FACE_OUTER_BOUND ( 'NONE', #3536, .T. ) ;
#198 = CARTESIAN_POINT ( 'NONE',  ( 3.750000000000001332, 4.999999999999995559, -0.2499999999999997780 ) ) ;
#199 = ORIENTED_EDGE ( 'NONE', *, *, #4406, .F. ) ;
#200 = CARTESIAN_POINT ( 'NONE',  ( 8.220000000000002416, 4.230000000000000426, -2.801000000000000600 ) ) ;
#201 = DIRECTION ( 'NONE',  ( 3.872150616019660190E-17, 1.000000000000000000, -0.0000000000000000000 ) ) ;
#202 = ORIENTED_EDGE ( 'NONE', *, *, #5083, .T. ) ;
#203 = PRESENTATION_STYLE_ASSIGNMENT (( #3197 ) ) ;
#204 = COLOUR_RGB ( '',1.000000000000000000, 1.000000000000000000, 1.000000000000000000 ) ;
#205 = ORIENTED_EDGE ( 'NONE', *, *, #3935, .F. ) ;
#206 = FACE_BOUND ( 'NONE', #5593, .T. ) ;
#207 = DIRECTION ( 'NONE',  ( -0.0000000000000000000, 1.000000000000000000, 0.0000000000000000000 ) ) ;
#208 = AXIS2_PLACEMENT_3D ( 'NONE', #4410, #2980, #5510 ) ;
#209 =( LENGTH_UNIT ( ) NAMED_UNIT ( * ) SI_UNIT ( .MILLI., .METRE. ) );
#210 = FILL_AREA_STYLE_COLOUR ( '', #4981 ) ;
#211 = EDGE_CURVE ( 'NONE', #3290, #4742, #5929, .T. ) ;
#213 = PRESENTATION_LAYER_ASSIGNMENT (  '', '', ( #3139 ) ) ;
#212 = PRESENTATION_STYLE_ASSIGNMENT (( #4393 ) ) ;
#214 = DIRECTION ( 'NONE',  ( 1.032573497605242224E-16, -1.000000000000000000, 0.0000000000000000000 ) ) ;
#215 = EDGE_LOOP ( 'NONE', ( #6938, #6253, #1390, #4285 ) ) ;
#216 = ORIENTED_EDGE ( 'NONE', *, *, #1483, .F. ) ;
#217 = FACE_OUTER_BOUND ( 'NONE', #5233, .T. ) ;
#218 = CARTESIAN_POINT ( 'NONE',  ( 4.250000000000000000, 1.800000000000000044, -2.800000000000000266 ) ) ;
#219 = AXIS2_PLACEMENT_3D ( 'NONE', #6900, #3272, #5700 ) ;
#220 = COLOUR_RGB ( '',1.000000000000000000, 0.8117647058823529438, 0.5019607843137254832 ) ;
#221 = STYLED_ITEM ( 'NONE', ( #2836 ), #2121 ) ;
#222 = EDGE_CURVE ( 'NONE', #3068, #7032, #4764, .T. ) ;
#223 = CARTESIAN_POINT ( 'NONE',  ( 1.849999999999999645, -3.399999999999999911, -0.1500000000000003830 ) ) ;
#224 = PRESENTATION_LAYER_ASSIGNMENT (  '', '', ( #4542 ) ) ;
#225 = LINE ( 'NONE', #1803, #7309 ) ;
#226 = ORIENTED_EDGE ( 'NONE', *, *, #273, .F. ) ;
#227 = ORIENTED_EDGE ( 'NONE', *, *, #3099, .F. ) ;
#228 = SURFACE_STYLE_FILL_AREA ( #4491 ) ;
#229 = FACE_BOUND ( 'NONE', #6639, .T. ) ;
#230 = MECHANICAL_DESIGN_GEOMETRIC_PRESENTATION_REPRESENTATION (  '', ( #5059 ), #4680 ) ;
#231 = SURFACE_STYLE_FILL_AREA ( #4326 ) ;
#232 =( GEOMETRIC_REPRESENTATION_CONTEXT ( 3 ) GLOBAL_UNCERTAINTY_ASSIGNED_CONTEXT ( ( #6459 ) ) GLOBAL_UNIT_ASSIGNED_CONTEXT ( ( #1519, #894, #308 ) ) REPRESENTATION_CONTEXT ( 'NONE', 'WORKASPACE' ) );
#233 = EDGE_CURVE ( 'NONE', #7454, #7897, #5319, .T. ) ;
#234 = CARTESIAN_POINT ( 'NONE',  ( -1.950000000000000400, 1.380000000000000782, 1.700000000000000178 ) ) ;
#235 = DIRECTION ( 'NONE',  ( -1.000000000000000000, 0.0000000000000000000, 7.288754100742885708E-17 ) ) ;
#236 = ORIENTED_EDGE ( 'NONE', *, *, #5569, .F. ) ;
#237 = DIRECTION ( 'NONE',  ( 0.5773502691896271743, -0.5773502691896221783, -0.5773502691896278405 ) ) ;
#238 = MECHANICAL_DESIGN_GEOMETRIC_PRESENTATION_REPRESENTATION (  '', ( #5071 ), #2607 ) ;
#239 = CARTESIAN_POINT ( 'NONE',  ( 9.180000000000001492, 4.230000000000000426, 1.249999999999998446 ) ) ;
#240 = CARTESIAN_POINT ( 'NONE',  ( 1.150000000000000799, 1.799999999999999600, 1.700000000000000178 ) ) ;
#241 =( NAMED_UNIT ( * ) PLANE_ANGLE_UNIT ( ) SI_UNIT ( $, .RADIAN. ) );
#242 = ORIENTED_EDGE ( 'NONE', *, *, #2184, .F. ) ;
#243 = ORIENTED_EDGE ( 'NONE', *, *, #5429, .T. ) ;
#244 = CARTESIAN_POINT ( 'NONE',  ( 5.299999999999998934, 0.0000000000000000000, -2.800000000000000266 ) ) ;
#245 = DIRECTION ( 'NONE',  ( 7.301397222301781082E-17, -0.7071067811865474617, -0.7071067811865475727 ) ) ;
#246 = FACE_OUTER_BOUND ( 'NONE', #1623, .T. ) ;
#247 = DIRECTION ( 'NONE',  ( -1.000000000000000000, -1.457750820148577388E-16, 0.0000000000000000000 ) ) ;
#248 = FILL_AREA_STYLE ('',( #210 ) ) ;
#249 =( NAMED_UNIT ( * ) PLANE_ANGLE_UNIT ( ) SI_UNIT ( $, .RADIAN. ) );
#250 = DIRECTION ( 'NONE',  ( -1.927470528863119542E-16, 1.000000000000000000, 0.0000000000000000000 ) ) ;
#251 = ORIENTED_EDGE ( 'NONE', *, *, #3850, .T. ) ;
#252 = ORIENTED_EDGE ( 'NONE', *, *, #4343, .T. ) ;
#253 = CARTESIAN_POINT ( 'NONE',  ( 4.250000000000000000, -3.399999999999999911, -0.2499999999999997780 ) ) ;
#254 = UNCERTAINTY_MEASURE_WITH_UNIT (LENGTH_MEASURE( 1.000000000000000082E-05 ), #1704, 'distance_accuracy_value', 'NONE');
#255 = SURFACE_SIDE_STYLE ('',( #2577 ) ) ;
#256 = MECHANICAL_DESIGN_GEOMETRIC_PRESENTATION_REPRESENTATION (  '', ( #2683 ), #381 ) ;
#257 = FILL_AREA_STYLE_COLOUR ( '', #4919 ) ;
#258 = VECTOR ( 'NONE', #1458, 1000.000000000000000 ) ;
#259 = LINE ( 'NONE', #3252, #1310 ) ;
#260 = ORIENTED_EDGE ( 'NONE', *, *, #1070, .T. ) ;
#261 = ORIENTED_EDGE ( 'NONE', *, *, #3264, .F. ) ;
#262 =( NAMED_UNIT ( * ) PLANE_ANGLE_UNIT ( ) SI_UNIT ( $, .RADIAN. ) );
#263 =( LENGTH_UNIT ( ) NAMED_UNIT ( * ) SI_UNIT ( .MILLI., .METRE. ) );
#264 = CARTESIAN_POINT ( 'NONE',  ( -0.2500000000000013323, 1.800000000000000044, -2.800000000000001155 ) ) ;
#265 = ADVANCED_FACE ( 'NONE', ( #1677 ), #1128, .F. ) ;
#266 = VECTOR ( 'NONE', #5508, 1000.000000000000000 ) ;
#267 = CARTESIAN_POINT ( 'NONE',  ( 9.950000000000001066, 6.000000000000000000, -0.6799999999999987166 ) ) ;
#268 = DIRECTION ( 'NONE',  ( -0.0000000000000000000, -0.0000000000000000000, 1.000000000000000000 ) ) ;
#269 = PRESENTATION_LAYER_ASSIGNMENT (  '', '', ( #7404 ) ) ;
#270 = EDGE_CURVE ( 'NONE', #1700, #6092, #6646, .T. ) ;
#271 = SURFACE_STYLE_USAGE ( .BOTH. , #2022 ) ;
#272 = SURFACE_STYLE_USAGE ( .BOTH. , #5175 ) ;
#273 = EDGE_CURVE ( 'NONE', #6050, #6629, #3719, .T. ) ;
#274 = UNCERTAINTY_MEASURE_WITH_UNIT (LENGTH_MEASURE( 1.000000000000000082E-05 ), #6196, 'distance_accuracy_value', 'NONE');
#275 = AXIS2_PLACEMENT_3D ( 'NONE', #7857, #404, #565 ) ;
#276 = DIRECTION ( 'NONE',  ( 1.000000000000000000, -0.0000000000000000000, 0.0000000000000000000 ) ) ;
#277 = CARTESIAN_POINT ( 'NONE',  ( 5.750000000000000000, -3.399999999999999911, 0.2500000000000002220 ) ) ;
#278 = LINE ( 'NONE', #6825, #5557 ) ;
#279 = FACE_OUTER_BOUND ( 'NONE', #4944, .T. ) ;
#280 = EDGE_LOOP ( 'NONE', ( #5792, #7274, #3432, #6727 ) ) ;
#281 = EDGE_CURVE ( 'NONE', #7233, #573, #1408, .T. ) ;
#282 = ORIENTED_EDGE ( 'NONE', *, *, #358, .F. ) ;
#283 = CARTESIAN_POINT ( 'NONE',  ( -1.350000000000000089, 5.650000000000000355, -2.350000000000001421 ) ) ;
#284 = LINE ( 'NONE', #6982, #3218 ) ;
#285 = PLANE ( 'NONE',  #2502 ) ;
#286 = DIRECTION ( 'NONE',  ( 0.0000000000000000000, -1.000000000000000000, 0.0000000000000000000 ) ) ;
#287 =( LENGTH_UNIT ( ) NAMED_UNIT ( * ) SI_UNIT ( .MILLI., .METRE. ) );
#288 = CARTESIAN_POINT ( 'NONE',  ( 3.750000000000001332, 4.999999999999995559, -0.2499999999999997780 ) ) ;
#289 = LINE ( 'NONE', #2720, #2464 ) ;
#290 = LINE ( 'NONE', #5191, #2490 ) ;
#291 = ORIENTED_EDGE ( 'NONE', *, *, #2364, .F. ) ;
#292 = ORIENTED_EDGE ( 'NONE', *, *, #2611, .T. ) ;
#293 = LINE ( 'NONE', #5264, #1958 ) ;
#294 = AXIS2_PLACEMENT_3D ( 'NONE', #2296, #5890, #499 ) ;
#295 = LINE ( 'NONE', #5231, #6432 ) ;
#296 = DIRECTION ( 'NONE',  ( 1.000000000000000000, 0.0000000000000000000, 8.106184467181340768E-17 ) ) ;
#297 = MECHANICAL_DESIGN_GEOMETRIC_PRESENTATION_REPRESENTATION (  '', ( #7038 ), #1304 ) ;
#298 = SURFACE_STYLE_FILL_AREA ( #7501 ) ;
#299 = VERTEX_POINT ( 'NONE', #5005 ) ;
#300 = MECHANICAL_DESIGN_GEOMETRIC_PRESENTATION_REPRESENTATION (  '', ( #1042 ), #6214 ) ;
#301 = MECHANICAL_DESIGN_GEOMETRIC_PRESENTATION_REPRESENTATION (  '', ( #2852 ), #5769 ) ;
#302 = DIRECTION ( 'NONE',  ( 1.000000000000000000, -3.872150616019661422E-17, 0.0000000000000000000 ) ) ;
#303 = UNCERTAINTY_MEASURE_WITH_UNIT (LENGTH_MEASURE( 1.000000000000000082E-05 ), #1214, 'distance_accuracy_value', 'NONE');
#304 = SURFACE_SIDE_STYLE ('',( #7125 ) ) ;
#305 = FILL_AREA_STYLE ('',( #2098 ) ) ;
#306 = EDGE_CURVE ( 'NONE', #506, #2288, #2457, .T. ) ;
#307 = SURFACE_SIDE_STYLE ('',( #5764 ) ) ;
#308 =( NAMED_UNIT ( * ) SI_UNIT ( $, .STERADIAN. ) SOLID_ANGLE_UNIT ( ) );
#309 = CARTESIAN_POINT ( 'NONE',  ( 0.7500000000000002220, 3.399999999999999467, -2.350000000000001421 ) ) ;
#310 =( NAMED_UNIT ( * ) PLANE_ANGLE_UNIT ( ) SI_UNIT ( $, .RADIAN. ) );
#311 = COLOUR_RGB ( '',1.000000000000000000, 0.8117647058823529438, 0.5019607843137254832 ) ;
#312 = COLOUR_RGB ( '',1.000000000000000000, 0.8117647058823529438, 0.5019607843137254832 ) ;
#313 = CARTESIAN_POINT ( 'NONE',  ( 2.050000000000000266, -3.399999999999999911, -2.800000000000000266 ) ) ;
#314 = ADVANCED_FACE ( 'NONE', ( #3136 ), #3217, .F. ) ;
#315 = AXIS2_PLACEMENT_3D ( 'NONE', #2199, #3448, #2323 ) ;
#316 = PRESENTATION_LAYER_ASSIGNMENT (  '', '', ( #1327 ) ) ;
#317 = EDGE_LOOP ( 'NONE', ( #4637, #227, #4396, #2809 ) ) ;
#318 = CARTESIAN_POINT ( 'NONE',  ( 6.049999999999999822, -3.399999999999999911, -2.800000000000000266 ) ) ;
#319 = SURFACE_SIDE_STYLE ('',( #6542 ) ) ;
#320 = AXIS2_PLACEMENT_3D ( 'NONE', #6475, #6397, #2762 ) ;
#321 = EDGE_CURVE ( 'NONE', #5328, #739, #7408, .T. ) ;
#322 = PLANE ( 'NONE',  #5934 ) ;
#323 = CARTESIAN_POINT ( 'NONE',  ( 0.0000000000000000000, -3.541421356237309581, -0.05000000000000012768 ) ) ;
#324 = EDGE_CURVE ( 'NONE', #6888, #2754, #6852, .T. ) ;
#325 =( NAMED_UNIT ( * ) PLANE_ANGLE_UNIT ( ) SI_UNIT ( $, .RADIAN. ) );
#326 = PRESENTATION_LAYER_ASSIGNMENT (  '', '', ( #3265 ) ) ;
#327 = ORIENTED_EDGE ( 'NONE', *, *, #6429, .F. ) ;
#328 = ORIENTED_EDGE ( 'NONE', *, *, #4642, .T. ) ;
#329 = VECTOR ( 'NONE', #7344, 1000.000000000000000 ) ;
#330 = SURFACE_STYLE_USAGE ( .BOTH. , #7610 ) ;
#331 = STYLED_ITEM ( 'NONE', ( #1275 ), #5838 ) ;
#332 = COLOUR_RGB ( '',1.000000000000000000, 0.8117647058823529438, 0.5019607843137254832 ) ;
#333 = ORIENTED_EDGE ( 'NONE', *, *, #1548, .T. ) ;
#334 = EDGE_CURVE ( 'NONE', #876, #2690, #2623, .T. ) ;
#335 =( NAMED_UNIT ( * ) SI_UNIT ( $, .STERADIAN. ) SOLID_ANGLE_UNIT ( ) );
#336 = DIRECTION ( 'NONE',  ( -0.0000000000000000000, -0.0000000000000000000, -1.000000000000000000 ) ) ;
#337 = ORIENTED_EDGE ( 'NONE', *, *, #281, .T. ) ;
#338 =( NAMED_UNIT ( * ) PLANE_ANGLE_UNIT ( ) SI_UNIT ( $, .RADIAN. ) );
#339 = CARTESIAN_POINT ( 'NONE',  ( 4.699999999999999289, 0.0000000000000000000, 1.700000000000000178 ) ) ;
#340 = CARTESIAN_POINT ( 'NONE',  ( 5.850000000000003197, 5.100000000000001421, -0.1499999999999969136 ) ) ;
#341 = VECTOR ( 'NONE', #2397, 1000.000000000000000 ) ;
#342 = AXIS2_PLACEMENT_3D ( 'NONE', #3042, #676, #7385 ) ;
#343 = FILL_AREA_STYLE_COLOUR ( '', #7308 ) ;
#344 = EDGE_LOOP ( 'NONE', ( #3926, #1311, #1759, #4691 ) ) ;
#345 = ORIENTED_EDGE ( 'NONE', *, *, #7105, .F. ) ;
#346 = COLOUR_RGB ( '',1.000000000000000000, 1.000000000000000000, 1.000000000000000000 ) ;
#347 = LINE ( 'NONE', #789, #1221 ) ;
#348 =( LENGTH_UNIT ( ) NAMED_UNIT ( * ) SI_UNIT ( .MILLI., .METRE. ) );
#349 = FILL_AREA_STYLE ('',( #1637 ) ) ;
#350 = VECTOR ( 'NONE', #7160, 1000.000000000000000 ) ;
#351 = EDGE_CURVE ( 'NONE', #3558, #4497, #139, .T. ) ;
#352 =( LENGTH_UNIT ( ) NAMED_UNIT ( * ) SI_UNIT ( .MILLI., .METRE. ) );
#353 = PRESENTATION_STYLE_ASSIGNMENT (( #1608 ) ) ;
#354 = ORIENTED_EDGE ( 'NONE', *, *, #4226, .T. ) ;
#355 = ORIENTED_EDGE ( 'NONE', *, *, #6703, .F. ) ;
#356 = DIRECTION ( 'NONE',  ( 0.0000000000000000000, 0.0000000000000000000, -1.000000000000000000 ) ) ;
#357 = FACE_OUTER_BOUND ( 'NONE', #7692, .T. ) ;
#358 = EDGE_CURVE ( 'NONE', #2823, #1952, #5600, .T. ) ;
#359 = LINE ( 'NONE', #2232, #5145 ) ;
#360 = LINE ( 'NONE', #2159, #3127 ) ;
#361 = CARTESIAN_POINT ( 'NONE',  ( -1.349999999999999645, 1.800000000000000044, -0.4000000000000023537 ) ) ;
#362 = DIRECTION ( 'NONE',  ( 0.0000000000000000000, 0.0000000000000000000, 1.000000000000000000 ) ) ;
#363 = ORIENTED_EDGE ( 'NONE', *, *, #2896, .F. ) ;
#364 = ORIENTED_EDGE ( 'NONE', *, *, #2200, .T. ) ;
#365 = ORIENTED_EDGE ( 'NONE', *, *, #34, .F. ) ;
#366 = EDGE_CURVE ( 'NONE', #2730, #4159, #6220, .T. ) ;
#367 =( NAMED_UNIT ( * ) SI_UNIT ( $, .STERADIAN. ) SOLID_ANGLE_UNIT ( ) );
#368 = EDGE_CURVE ( 'NONE', #484, #1972, #743, .T. ) ;
#369 = EDGE_CURVE ( 'NONE', #6298, #4068, #2583, .T. ) ;
#370 = DIRECTION ( 'NONE',  ( 1.913297951445007868E-16, -1.000000000000000000, 0.0000000000000000000 ) ) ;
#371 =( LENGTH_UNIT ( ) NAMED_UNIT ( * ) SI_UNIT ( .MILLI., .METRE. ) );
#372 = VERTEX_POINT ( 'NONE', #6259 ) ;
#373 = PRESENTATION_STYLE_ASSIGNMENT (( #884 ) ) ;
#374 = FILL_AREA_STYLE_COLOUR ( '', #1344 ) ;
#375 = DIRECTION ( 'NONE',  ( 4.336808689942017736E-16, 0.0000000000000000000, 1.000000000000000000 ) ) ;
#376 = VECTOR ( 'NONE', #302, 1000.000000000000000 ) ;
#377 = PRESENTATION_STYLE_ASSIGNMENT (( #4726 ) ) ;
#378 = CARTESIAN_POINT ( 'NONE',  ( 6.750000000000000888, 1.149999999999999911, -2.050000000000001599 ) ) ;
#379 = UNCERTAINTY_MEASURE_WITH_UNIT (LENGTH_MEASURE( 1.000000000000000082E-05 ), #4244, 'distance_accuracy_value', 'NONE');
#380 = DIRECTION ( 'NONE',  ( 9.103382349328301547E-49, 2.350988701644575016E-32, 1.000000000000000000 ) ) ;
#381 =( GEOMETRIC_REPRESENTATION_CONTEXT ( 3 ) GLOBAL_UNCERTAINTY_ASSIGNED_CONTEXT ( ( #7577 ) ) GLOBAL_UNIT_ASSIGNED_CONTEXT ( ( #4997, #3675, #5631 ) ) REPRESENTATION_CONTEXT ( 'NONE', 'WORKASPACE' ) );
#382 = LINE ( 'NONE', #5283, #1538 ) ;
#383 = DIRECTION ( 'NONE',  ( -1.000000000000000000, 0.0000000000000000000, -8.106184467181340768E-17 ) ) ;
#384 = CARTESIAN_POINT ( 'NONE',  ( 2.050000000000000266, -3.399999999999999911, 0.1499999999999973577 ) ) ;
#385 = EDGE_LOOP ( 'NONE', ( #7479, #5454, #405, #1878 ) ) ;
#386 = FILL_AREA_STYLE ('',( #2063 ) ) ;
#387 = DIRECTION ( 'NONE',  ( 0.0000000000000000000, -1.000000000000000000, 0.0000000000000000000 ) ) ;
#388 = ORIENTED_EDGE ( 'NONE', *, *, #6006, .F. ) ;
#389 = DIRECTION ( 'NONE',  ( 1.000000000000000000, -5.421010862427522170E-17, 0.0000000000000000000 ) ) ;
#390 = CARTESIAN_POINT ( 'NONE',  ( 2.699999999999999734, 0.0000000000000000000, -2.800000000000000266 ) ) ;
#391 = CARTESIAN_POINT ( 'NONE',  ( 9.349999999999999645, -11.28937553631732271, -2.350000000000000977 ) ) ;
#392 = FACE_OUTER_BOUND ( 'NONE', #5827, .T. ) ;
#393 = STYLED_ITEM ( 'NONE', ( #1531 ), #1949 ) ;
#394 =( NAMED_UNIT ( * ) SI_UNIT ( $, .STERADIAN. ) SOLID_ANGLE_UNIT ( ) );
#395 = CARTESIAN_POINT ( 'NONE',  ( 0.2499999999999997780, -3.299999999999998490, -0.2499999999999997780 ) ) ;
#396 = EDGE_LOOP ( 'NONE', ( #1272, #5, #3412, #3115 ) ) ;
#397 = ADVANCED_FACE ( 'NONE', ( #7503 ), #3857, .F. ) ;
#398 = ORIENTED_EDGE ( 'NONE', *, *, #1763, .T. ) ;
#399 =( NAMED_UNIT ( * ) SI_UNIT ( $, .STERADIAN. ) SOLID_ANGLE_UNIT ( ) );
#400 = MECHANICAL_DESIGN_GEOMETRIC_PRESENTATION_REPRESENTATION (  '', ( #1650 ), #6527 ) ;
#401 = FILL_AREA_STYLE_COLOUR ( '', #3249 ) ;
#402 = EDGE_CURVE ( 'NONE', #4992, #1115, #5845, .T. ) ;
#403 = DIRECTION ( 'NONE',  ( 1.000000000000000000, -5.421010862427522170E-17, 0.0000000000000000000 ) ) ;
#404 = DIRECTION ( 'NONE',  ( 0.0000000000000000000, 1.000000000000000000, 0.0000000000000000000 ) ) ;
#405 = ORIENTED_EDGE ( 'NONE', *, *, #4891, .F. ) ;
#406 = EDGE_CURVE ( 'NONE', #6271, #53, #858, .T. ) ;
#407 = VERTEX_POINT ( 'NONE', #339 ) ;
#408 = CARTESIAN_POINT ( 'NONE',  ( 6.699999999999999289, 0.1999999999999999833, 1.700000000000000178 ) ) ;
#409 = FACE_OUTER_BOUND ( 'NONE', #4630, .T. ) ;
#410 = COLOUR_RGB ( '',1.000000000000000000, 0.8117647058823529438, 0.5019607843137254832 ) ;
#411 = ADVANCED_FACE ( 'NONE', ( #2780 ), #2735, .F. ) ;
#412 = LINE ( 'NONE', #4872, #2972 ) ;
#413 = ADVANCED_FACE ( 'NONE', ( #3971 ), #5118, .F. ) ;
#414 = VECTOR ( 'NONE', #7435, 1000.000000000000114 ) ;
#415 = CARTESIAN_POINT ( 'NONE',  ( 0.6999999999999992895, 0.1999999999999999833, -2.800000000000000266 ) ) ;
#416 = LINE ( 'NONE', #7161, #3347 ) ;
#417 =( LENGTH_UNIT ( ) NAMED_UNIT ( * ) SI_UNIT ( .MILLI., .METRE. ) );
#418 = VERTEX_POINT ( 'NONE', #454 ) ;
#419 = STYLED_ITEM ( 'NONE', ( #2253 ), #6437 ) ;
#420 =( GEOMETRIC_REPRESENTATION_CONTEXT ( 3 ) GLOBAL_UNCERTAINTY_ASSIGNED_CONTEXT ( ( #2605 ) ) GLOBAL_UNIT_ASSIGNED_CONTEXT ( ( #7285, #3060, #4846 ) ) REPRESENTATION_CONTEXT ( 'NONE', 'WORKASPACE' ) );
#421 = EDGE_CURVE ( 'NONE', #5595, #6063, #86, .T. ) ;
#422 = EDGE_LOOP ( 'NONE', ( #3089, #3013, #5194, #2411 ) ) ;
#423 =( LENGTH_UNIT ( ) NAMED_UNIT ( * ) SI_UNIT ( .MILLI., .METRE. ) );
#424 = VERTEX_POINT ( 'NONE', #2374 ) ;
#425 = FILL_AREA_STYLE_COLOUR ( '', #3131 ) ;
#426 =( LENGTH_UNIT ( ) NAMED_UNIT ( * ) SI_UNIT ( .MILLI., .METRE. ) );
#427 = SURFACE_SIDE_STYLE ('',( #5362 ) ) ;
#428 = ORIENTED_EDGE ( 'NONE', *, *, #7452, .T. ) ;
#429 = COLOUR_RGB ( '',1.000000000000000000, 1.000000000000000000, 1.000000000000000000 ) ;
#430 = FILL_AREA_STYLE_COLOUR ( '', #5886 ) ;
#431 = AXIS2_PLACEMENT_3D ( 'NONE', #1246, #7788, #7275 ) ;
#432 = LINE ( 'NONE', #5365, #5052 ) ;
#433 = AXIS2_PLACEMENT_3D ( 'NONE', #2020, #6927, #5126 ) ;
#434 = SURFACE_STYLE_FILL_AREA ( #2914 ) ;
#435 = CARTESIAN_POINT ( 'NONE',  ( 9.950000000000001066, 0.0000000000000000000, 1.699999999999999289 ) ) ;
#436 = CARTESIAN_POINT ( 'NONE',  ( -1.949999999999999956, 6.000000000000000000, 1.700000000000000178 ) ) ;
#437 = VERTEX_POINT ( 'NONE', #6149 ) ;
#438 = ORIENTED_EDGE ( 'NONE', *, *, #2417, .F. ) ;
#439 = LINE ( 'NONE', #7780, #2391 ) ;
#440 = PLANE ( 'NONE',  #7192 ) ;
#441 = VERTEX_POINT ( 'NONE', #7123 ) ;
#442 =( NAMED_UNIT ( * ) SI_UNIT ( $, .STERADIAN. ) SOLID_ANGLE_UNIT ( ) );
#443 =( NAMED_UNIT ( * ) SI_UNIT ( $, .STERADIAN. ) SOLID_ANGLE_UNIT ( ) );
#444 = MECHANICAL_DESIGN_GEOMETRIC_PRESENTATION_REPRESENTATION (  '', ( #6688 ), #7329 ) ;
#445 = COLOUR_RGB ( '',1.000000000000000000, 1.000000000000000000, 1.000000000000000000 ) ;
#446 = PRESENTATION_STYLE_ASSIGNMENT (( #2202 ) ) ;
#447 = MECHANICAL_DESIGN_GEOMETRIC_PRESENTATION_REPRESENTATION (  '', ( #3260 ), #3763 ) ;
#448 = COLOUR_RGB ( '',1.000000000000000000, 1.000000000000000000, 1.000000000000000000 ) ;
#449 = ORIENTED_EDGE ( 'NONE', *, *, #2896, .T. ) ;
#450 = CARTESIAN_POINT ( 'NONE',  ( -1.949999999999999956, 4.500000000000000888, -0.6799999999999991607 ) ) ;
#451 = ORIENTED_EDGE ( 'NONE', *, *, #324, .T. ) ;
#452 = FILL_AREA_STYLE ('',( #4802 ) ) ;
#453 = MECHANICAL_DESIGN_GEOMETRIC_PRESENTATION_REPRESENTATION (  '', ( #5413 ), #1461 ) ;
#454 = CARTESIAN_POINT ( 'NONE',  ( 2.250000000000000000, 4.999999999999999112, 0.2500000000000002220 ) ) ;
#455 = EDGE_CURVE ( 'NONE', #6050, #3737, #2332, .T. ) ;
#456 = DIRECTION ( 'NONE',  ( 9.103382349328301547E-49, 2.350988701644575016E-32, 1.000000000000000000 ) ) ;
#457 = VECTOR ( 'NONE', #268, 1000.000000000000000 ) ;
#458 = EDGE_CURVE ( 'NONE', #6290, #955, #2529, .T. ) ;
#459 =( LENGTH_UNIT ( ) NAMED_UNIT ( * ) SI_UNIT ( .MILLI., .METRE. ) );
#460 = VECTOR ( 'NONE', #2203, 1000.000000000000000 ) ;
#461 = MECHANICAL_DESIGN_GEOMETRIC_PRESENTATION_REPRESENTATION (  '', ( #3779 ), #4794 ) ;
#462 = LINE ( 'NONE', #6530, #4254 ) ;
#463 = CARTESIAN_POINT ( 'NONE',  ( 9.180000000000001492, 2.250000000000001332, 1.700000000000000178 ) ) ;
#464 = PRESENTATION_LAYER_ASSIGNMENT (  '', '', ( #1359 ) ) ;
#465 = FILL_AREA_STYLE_COLOUR ( '', #7678 ) ;
#466 = ORIENTED_EDGE ( 'NONE', *, *, #5619, .T. ) ;
#467 = ADVANCED_FACE ( 'NONE', ( #3567 ), #6641, .F. ) ;
#468 = FILL_AREA_STYLE ('',( #3426 ) ) ;
#469 = PLANE ( 'NONE',  #7088 ) ;
#470 = VECTOR ( 'NONE', #7226, 1000.000000000000000 ) ;
#471 = MECHANICAL_DESIGN_GEOMETRIC_PRESENTATION_REPRESENTATION (  '', ( #970 ), #6720 ) ;
#472 = VECTOR ( 'NONE', #1615, 1000.000000000000000 ) ;
#473 = FILL_AREA_STYLE ('',( #5249 ) ) ;
#474 = UNCERTAINTY_MEASURE_WITH_UNIT (LENGTH_MEASURE( 1.000000000000000082E-05 ), #263, 'distance_accuracy_value', 'NONE');
#475 = ORIENTED_EDGE ( 'NONE', *, *, #4477, .F. ) ;
#476 = SURFACE_SIDE_STYLE ('',( #4180 ) ) ;
#477 = CARTESIAN_POINT ( 'NONE',  ( 4.250000000000000000, 1.800000000000000044, 0.2500000000000002220 ) ) ;
#478 = DIRECTION ( 'NONE',  ( -0.0000000000000000000, -0.0000000000000000000, -1.000000000000000000 ) ) ;
#479 = FILL_AREA_STYLE ('',( #1018 ) ) ;
#480 = VECTOR ( 'NONE', #7703, 1000.000000000000000 ) ;
#481 = SURFACE_SIDE_STYLE ('',( #5952 ) ) ;
#482 = FILL_AREA_STYLE_COLOUR ( '', #1231 ) ;
#483 = ORIENTED_EDGE ( 'NONE', *, *, #615, .F. ) ;
#484 = VERTEX_POINT ( 'NONE', #6001 ) ;
#485 = DIRECTION ( 'NONE',  ( -1.084202172485504237E-15, -1.000000000000000000, 0.0000000000000000000 ) ) ;
#486 = VECTOR ( 'NONE', #4289, 1000.000000000000000 ) ;
#487 =( NAMED_UNIT ( * ) SI_UNIT ( $, .STERADIAN. ) SOLID_ANGLE_UNIT ( ) );
#488 = PLANE ( 'NONE',  #944 ) ;
#489 = CARTESIAN_POINT ( 'NONE',  ( -0.7000000000000000666, 0.2000000000000000389, 1.700000000000000178 ) ) ;
#490 = DIRECTION ( 'NONE',  ( -9.103382349328301547E-49, -2.350988701644575016E-32, -1.000000000000000000 ) ) ;
#491 = ORIENTED_EDGE ( 'NONE', *, *, #5407, .T. ) ;
#492 = PRESENTATION_STYLE_ASSIGNMENT (( #1073 ) ) ;
#493 = EDGE_LOOP ( 'NONE', ( #6235, #4239, #4449, #2868 ) ) ;
#494 = CARTESIAN_POINT ( 'NONE',  ( 3.750000000000000444, 4.999999999999995559, 0.2500000000000002220 ) ) ;
#495 = PLANE ( 'NONE',  #3749 ) ;
#496 = ORIENTED_EDGE ( 'NONE', *, *, #2681, .F. ) ;
#497 = ORIENTED_EDGE ( 'NONE', *, *, #4500, .F. ) ;
#498 = ADVANCED_FACE ( 'NONE', ( #4945 ), #1159, .F. ) ;
#499 = DIRECTION ( 'NONE',  ( 0.0000000000000000000, 0.0000000000000000000, 1.000000000000000000 ) ) ;
#500 = CARTESIAN_POINT ( 'NONE',  ( 3.850000000000002309, -3.399999999999999911, 0.1499999999999973577 ) ) ;
#501 =( GEOMETRIC_REPRESENTATION_CONTEXT ( 3 ) GLOBAL_UNCERTAINTY_ASSIGNED_CONTEXT ( ( #927 ) ) GLOBAL_UNIT_ASSIGNED_CONTEXT ( ( #2782, #5204, #5120 ) ) REPRESENTATION_CONTEXT ( 'NONE', 'WORKASPACE' ) );
#502 = UNCERTAINTY_MEASURE_WITH_UNIT (LENGTH_MEASURE( 1.000000000000000082E-05 ), #1525, 'distance_accuracy_value', 'NONE');
#503 = CARTESIAN_POINT ( 'NONE',  ( 5.250000000000000888, 3.149999999999999023, -2.050000000000001599 ) ) ;
#504 = DIRECTION ( 'NONE',  ( -1.000000000000000000, 0.0000000000000000000, 0.0000000000000000000 ) ) ;
#505 = EDGE_CURVE ( 'NONE', #6569, #7233, #2643, .T. ) ;
#506 = VERTEX_POINT ( 'NONE', #158 ) ;
#508 = EDGE_CURVE ( 'NONE', #6022, #4170, #3747, .T. ) ;
#507 = ORIENTED_EDGE ( 'NONE', *, *, #4008, .T. ) ;
#509 = SURFACE_STYLE_FILL_AREA ( #6506 ) ;
#510 = CARTESIAN_POINT ( 'NONE',  ( 7.916666666666666963, 5.166666666666667851, -0.08333333333333152459 ) ) ;
#511 = ORIENTED_EDGE ( 'NONE', *, *, #5089, .F. ) ;
#512 = PRESENTATION_LAYER_ASSIGNMENT (  '', '', ( #7403 ) ) ;
#513 = ORIENTED_EDGE ( 'NONE', *, *, #1669, .F. ) ;
#514 = PRESENTATION_STYLE_ASSIGNMENT (( #4186 ) ) ;
#515 = ADVANCED_FACE ( 'NONE', ( #7428 ), #801, .F. ) ;
#516 = ORIENTED_EDGE ( 'NONE', *, *, #3489, .T. ) ;
#517 = CARTESIAN_POINT ( 'NONE',  ( -1.350000000000000089, 1.149999999999999911, -2.350000000000001421 ) ) ;
#518 = VECTOR ( 'NONE', #490, 1000.000000000000000 ) ;
#519 = ORIENTED_EDGE ( 'NONE', *, *, #6602, .T. ) ;
#520 = CARTESIAN_POINT ( 'NONE',  ( 0.7499999999999993339, 3.399999999999998579, -2.350000000000001421 ) ) ;
#521 = ORIENTED_EDGE ( 'NONE', *, *, #2207, .F. ) ;
#522 = FILL_AREA_STYLE ('',( #4747 ) ) ;
#523 = PLANE ( 'NONE',  #2738 ) ;
#524 = CARTESIAN_POINT ( 'NONE',  ( 3.750000000000000444, 1.800000000000000044, -0.2499999999999997780 ) ) ;
#525 = DIRECTION ( 'NONE',  ( -1.000000000000000000, 0.0000000000000000000, -8.106184467181340768E-17 ) ) ;
#526 = CARTESIAN_POINT ( 'NONE',  ( 6.833333333333343695, -4.383333333333329307, -0.8333333333333478032 ) ) ;
#527 = VERTEX_POINT ( 'NONE', #3166 ) ;
#528 = CARTESIAN_POINT ( 'NONE',  ( 1.250000000000000666, 3.399999999999999467, -2.300000000000001599 ) ) ;
#529 = SURFACE_STYLE_USAGE ( .BOTH. , #3602 ) ;
#530 = COLOUR_RGB ( '',1.000000000000000000, 0.8117647058823529438, 0.5019607843137254832 ) ;
#531 = FILL_AREA_STYLE_COLOUR ( '', #6120 ) ;
#532 = VERTEX_POINT ( 'NONE', #1995 ) ;
#533 = DIRECTION ( 'NONE',  ( 1.927470528863119295E-16, 0.0000000000000000000, -1.000000000000000000 ) ) ;
#534 = ORIENTED_EDGE ( 'NONE', *, *, #2065, .T. ) ;
#535 = ORIENTED_EDGE ( 'NONE', *, *, #2030, .F. ) ;
#536 = SURFACE_STYLE_USAGE ( .BOTH. , #4123 ) ;
#537 = SURFACE_SIDE_STYLE ('',( #7673 ) ) ;
#538 = CARTESIAN_POINT ( 'NONE',  ( 7.750000000000000000, 0.2000000000000000944, 0.2500000000000002220 ) ) ;
#539 =( NAMED_UNIT ( * ) SI_UNIT ( $, .STERADIAN. ) SOLID_ANGLE_UNIT ( ) );
#540 = AXIS2_PLACEMENT_3D ( 'NONE', #3061, #3682, #6052 ) ;
#541 = EDGE_CURVE ( 'NONE', #6209, #3290, #6356, .T. ) ;
#542 = PRESENTATION_STYLE_ASSIGNMENT (( #1092 ) ) ;
#543 = SURFACE_STYLE_USAGE ( .BOTH. , #6098 ) ;
#544 = UNCERTAINTY_MEASURE_WITH_UNIT (LENGTH_MEASURE( 1.000000000000000082E-05 ), #7891, 'distance_accuracy_value', 'NONE');
#545 = ORIENTED_EDGE ( 'NONE', *, *, #5694, .T. ) ;
#546 = LINE ( 'NONE', #1138, #3212 ) ;
#547 = SURFACE_STYLE_FILL_AREA ( #2472 ) ;
#548 = VERTEX_POINT ( 'NONE', #2717 ) ;
#549 = VECTOR ( 'NONE', #4310, 1000.000000000000000 ) ;
#550 = VECTOR ( 'NONE', #5442, 1000.000000000000000 ) ;
#551 = UNCERTAINTY_MEASURE_WITH_UNIT (LENGTH_MEASURE( 1.000000000000000082E-05 ), #7004, 'distance_accuracy_value', 'NONE');
#552 = DIRECTION ( 'NONE',  ( -5.421010862427522170E-17, -1.000000000000000000, 2.350988701644575016E-32 ) ) ;
#553 = EDGE_CURVE ( 'NONE', #6840, #424, #6875, .T. ) ;
#554 =( GEOMETRIC_REPRESENTATION_CONTEXT ( 3 ) GLOBAL_UNCERTAINTY_ASSIGNED_CONTEXT ( ( #3651 ) ) GLOBAL_UNIT_ASSIGNED_CONTEXT ( ( #1514, #2854, #6452 ) ) REPRESENTATION_CONTEXT ( 'NONE', 'WORKASPACE' ) );
#555 = VECTOR ( 'NONE', #4481, 1000.000000000000000 ) ;
#556 = LINE ( 'NONE', #7146, #7601 ) ;
#557 = ORIENTED_EDGE ( 'NONE', *, *, #3828, .T. ) ;
#558 = ORIENTED_EDGE ( 'NONE', *, *, #6337, .T. ) ;
#559 = CARTESIAN_POINT ( 'NONE',  ( -0.2500000000000004441, -3.399999999999999911, -0.2499999999999997780 ) ) ;
#560 = ADVANCED_FACE ( 'NONE', ( #2033 ), #285, .F. ) ;
#561 = STYLED_ITEM ( 'NONE', ( #2867 ), #3201 ) ;
#562 = CARTESIAN_POINT ( 'NONE',  ( 8.679999999999999716, 6.000000000000000000, 1.599999999999999867 ) ) ;
#563 = ADVANCED_FACE ( 'NONE', ( #910 ), #1567, .F. ) ;
#564 = DIRECTION ( 'NONE',  ( 0.0000000000000000000, 0.0000000000000000000, 1.000000000000000000 ) ) ;
#565 = DIRECTION ( 'NONE',  ( 0.0000000000000000000, -0.0000000000000000000, 1.000000000000000000 ) ) ;
#566 = FILL_AREA_STYLE ('',( #4272 ) ) ;
#567 = CARTESIAN_POINT ( 'NONE',  ( 0.0000000000000000000, 0.0000000000000000000, 0.05000000000000012768 ) ) ;
#568 = EDGE_LOOP ( 'NONE', ( #3162, #3609, #6126, #2144, #4303 ) ) ;
#569 = STYLED_ITEM ( 'NONE', ( #5668 ), #7027 ) ;
#570 = CARTESIAN_POINT ( 'NONE',  ( 9.349999999999999645, 6.000000000000000000, -2.700000000000000622 ) ) ;
#571 = PRODUCT_DEFINITION_CONTEXT ( 'detailed design', #4884, 'design' ) ;
#572 = CARTESIAN_POINT ( 'NONE',  ( -1.350000000000000089, 1.149999999999999911, -2.350000000000001421 ) ) ;
#573 = VERTEX_POINT ( 'NONE', #1498 ) ;
#574 = ORIENTED_EDGE ( 'NONE', *, *, #3014, .T. ) ;
#575 = VECTOR ( 'NONE', #7235, 1000.000000000000000 ) ;
#576 = VECTOR ( 'NONE', #5786, 1000.000000000000000 ) ;
#577 = CARTESIAN_POINT ( 'NONE',  ( 1.749999999999999778, 1.800000000000000044, -0.2499999999999997780 ) ) ;
#578 = ORIENTED_EDGE ( 'NONE', *, *, #6367, .F. ) ;
#579 = MECHANICAL_DESIGN_GEOMETRIC_PRESENTATION_REPRESENTATION (  '', ( #561 ), #7870 ) ;
#580 = CARTESIAN_POINT ( 'NONE',  ( 4.699999999999999289, 0.1999999999999999833, -2.800000000000000266 ) ) ;
#581 = AXIS2_PLACEMENT_3D ( 'NONE', #4436, #6870, #2709 ) ;
#582 = SURFACE_STYLE_USAGE ( .BOTH. , #3182 ) ;
#583 = FACE_OUTER_BOUND ( 'NONE', #493, .T. ) ;
#584 = VECTOR ( 'NONE', #2680, 1000.000000000000000 ) ;
#585 = AXIS2_PLACEMENT_3D ( 'NONE', #2086, #4004, #3934 ) ;
#586 =( NAMED_UNIT ( * ) SI_UNIT ( $, .STERADIAN. ) SOLID_ANGLE_UNIT ( ) );
#587 = STYLED_ITEM ( 'NONE', ( #5865 ), #563 ) ;
#588 = DIRECTION ( 'NONE',  ( 1.000000000000000000, 0.0000000000000000000, 0.0000000000000000000 ) ) ;
#589 = SURFACE_STYLE_FILL_AREA ( #7251 ) ;
#590 =( GEOMETRIC_REPRESENTATION_CONTEXT ( 3 ) GLOBAL_UNCERTAINTY_ASSIGNED_CONTEXT ( ( #5621 ) ) GLOBAL_UNIT_ASSIGNED_CONTEXT ( ( #6898, #3381, #3949 ) ) REPRESENTATION_CONTEXT ( 'NONE', 'WORKASPACE' ) );
#591 =( NAMED_UNIT ( * ) SI_UNIT ( $, .STERADIAN. ) SOLID_ANGLE_UNIT ( ) );
#592 = ORIENTED_EDGE ( 'NONE', *, *, #6867, .F. ) ;
#593 = AXIS2_PLACEMENT_3D ( 'NONE', #2369, #3526, #4721 ) ;
#594 = ORIENTED_EDGE ( 'NONE', *, *, #5719, .T. ) ;
#595 =( NAMED_UNIT ( * ) SI_UNIT ( $, .STERADIAN. ) SOLID_ANGLE_UNIT ( ) );
#596 = PRESENTATION_STYLE_ASSIGNMENT (( #6777 ) ) ;
#597 = LINE ( 'NONE', #1855, #4423 ) ;
#598 = ORIENTED_EDGE ( 'NONE', *, *, #5006, .T. ) ;
#599 = VECTOR ( 'NONE', #2214, 1000.000000000000000 ) ;
#600 = CARTESIAN_POINT ( 'NONE',  ( 2.250000000000000000, 1.800000000000000044, -0.2499999999999997780 ) ) ;
#601 = VECTOR ( 'NONE', #6987, 1000.000000000000000 ) ;
#602 = VECTOR ( 'NONE', #4708, 1000.000000000000000 ) ;
#603 = PLANE ( 'NONE',  #4140 ) ;
#604 = PLANE ( 'NONE',  #342 ) ;
#605 = PLANE ( 'NONE',  #3000 ) ;
#606 = ORIENTED_EDGE ( 'NONE', *, *, #5148, .F. ) ;
#607 = DIRECTION ( 'NONE',  ( -1.000000000000000000, 0.0000000000000000000, 0.0000000000000000000 ) ) ;
#608 = LINE ( 'NONE', #4714, #7595 ) ;
#609 = COLOUR_RGB ( '',1.000000000000000000, 0.8117647058823529438, 0.5019607843137254832 ) ;
#610 = EDGE_CURVE ( 'NONE', #6840, #1744, #3991, .T. ) ;
#611 = FILL_AREA_STYLE ('',( #5502 ) ) ;
#612 = CARTESIAN_POINT ( 'NONE',  ( -1.699999999999999512, 6.000000000000000000, 0.3199999999999999512 ) ) ;
#613 =( NAMED_UNIT ( * ) SI_UNIT ( $, .STERADIAN. ) SOLID_ANGLE_UNIT ( ) );
#614 = CARTESIAN_POINT ( 'NONE',  ( 6.850000000000000533, 6.000000000000000888, -2.801000000000000600 ) ) ;
#615 = EDGE_CURVE ( 'NONE', #4590, #527, #2798, .T. ) ;
#616 = ORIENTED_EDGE ( 'NONE', *, *, #1290, .T. ) ;
#617 =( LENGTH_UNIT ( ) NAMED_UNIT ( * ) SI_UNIT ( .MILLI., .METRE. ) );
#618 = ADVANCED_FACE ( 'NONE', ( #5781 ), #7685, .F. ) ;
#619 =( NAMED_UNIT ( * ) SI_UNIT ( $, .STERADIAN. ) SOLID_ANGLE_UNIT ( ) );
#620 = VECTOR ( 'NONE', #25, 1000.000000000000000 ) ;
#621 = DIRECTION ( 'NONE',  ( -0.0000000000000000000, -0.0000000000000000000, 1.000000000000000000 ) ) ;
#622 = PRESENTATION_STYLE_ASSIGNMENT (( #4808 ) ) ;
#623 = ORIENTED_EDGE ( 'NONE', *, *, #7092, .F. ) ;
#624 = FACE_OUTER_BOUND ( 'NONE', #3174, .T. ) ;
#625 = DIRECTION ( 'NONE',  ( 0.5773502691896292838, 0.5773502691896192918, -0.5773502691896288397 ) ) ;
#626 = SURFACE_STYLE_USAGE ( .BOTH. , #6685 ) ;
#627 = FACE_OUTER_BOUND ( 'NONE', #385, .T. ) ;
#628 = CARTESIAN_POINT ( 'NONE',  ( 5.850000000000003197, 5.100000000000001421, 0.1499999999999973577 ) ) ;
#629 = EDGE_LOOP ( 'NONE', ( #2309, #6146, #7305, #4448 ) ) ;
#630 = DIRECTION ( 'NONE',  ( 0.0000000000000000000, -0.0000000000000000000, 1.000000000000000000 ) ) ;
#631 = DIRECTION ( 'NONE',  ( -1.000000000000000000, 0.0000000000000000000, -8.106184467181340768E-17 ) ) ;
#632 = FILL_AREA_STYLE_COLOUR ( '', #7517 ) ;
#633 =( GEOMETRIC_REPRESENTATION_CONTEXT ( 3 ) GLOBAL_UNCERTAINTY_ASSIGNED_CONTEXT ( ( #6999 ) ) GLOBAL_UNIT_ASSIGNED_CONTEXT ( ( #2931, #5436, #7236 ) ) REPRESENTATION_CONTEXT ( 'NONE', 'WORKASPACE' ) );
#634 = CARTESIAN_POINT ( 'NONE',  ( 6.249999999999998224, 0.2000000000000000111, -0.2499999999999997780 ) ) ;
#635 = LINE ( 'NONE', #1423, #4907 ) ;
#636 = CARTESIAN_POINT ( 'NONE',  ( 7.166666666666654528, -4.383333333333325754, -0.8333333333333456938 ) ) ;
#637 = MECHANICAL_DESIGN_GEOMETRIC_PRESENTATION_REPRESENTATION (  '', ( #1267 ), #3318 ) ;
#638 = LINE ( 'NONE', #677, #4395 ) ;
#639 = ORIENTED_EDGE ( 'NONE', *, *, #4658, .F. ) ;
#640 = VERTEX_POINT ( 'NONE', #7059 ) ;
#641 = DIRECTION ( 'NONE',  ( -0.7071067811865427988, -0.7071067811865522357, 3.066586833366727569E-16 ) ) ;
#642 =( LENGTH_UNIT ( ) NAMED_UNIT ( * ) SI_UNIT ( .MILLI., .METRE. ) );
#643 = LINE ( 'NONE', #6203, #1774 ) ;
#644 = CARTESIAN_POINT ( 'NONE',  ( 6.749999999999999112, 3.399999999999999467, -2.350000000000001865 ) ) ;
#645 = PLANE ( 'NONE',  #1693 ) ;
#646 = SURFACE_STYLE_USAGE ( .BOTH. , #5586 ) ;
#647 = EDGE_CURVE ( 'NONE', #2561, #5638, #2271, .T. ) ;
#648 = STYLED_ITEM ( 'NONE', ( #6281 ), #1555 ) ;
#649 = FILL_AREA_STYLE ('',( #4274 ) ) ;
#650 = ORIENTED_EDGE ( 'NONE', *, *, #2200, .F. ) ;
#651 = ORIENTED_EDGE ( 'NONE', *, *, #4658, .T. ) ;
#652 = UNCERTAINTY_MEASURE_WITH_UNIT (LENGTH_MEASURE( 1.000000000000000082E-05 ), #6948, 'distance_accuracy_value', 'NONE');
#653 = VECTOR ( 'NONE', #7786, 1000.000000000000000 ) ;
#654 = CARTESIAN_POINT ( 'NONE',  ( 0.2499999999999997780, -3.299999999999998490, -0.2499999999999997780 ) ) ;
#655 = EDGE_CURVE ( 'NONE', #3502, #1120, #6507, .T. ) ;
#656 = VECTOR ( 'NONE', #1739, 1000.000000000000000 ) ;
#657 = STYLED_ITEM ( 'NONE', ( #2000 ), #1917 ) ;
#658 = VERTEX_POINT ( 'NONE', #5900 ) ;
#659 = CARTESIAN_POINT ( 'NONE',  ( 2.250000000000000000, -3.399999999999999911, 0.2500000000000002220 ) ) ;
#660 = SURFACE_SIDE_STYLE ('',( #3681 ) ) ;
#661 = CARTESIAN_POINT ( 'NONE',  ( -0.2500000000000002220, 1.800000000000000044, -0.2499999999999997780 ) ) ;
#662 = PRESENTATION_STYLE_ASSIGNMENT (( #6854 ) ) ;
#663 = AXIS2_PLACEMENT_3D ( 'NONE', #3691, #7922, #2432 ) ;
#664 = CARTESIAN_POINT ( 'NONE',  ( 5.250000000000000888, 3.399999999999999467, -2.300000000000001599 ) ) ;
#665 = EDGE_CURVE ( 'NONE', #2403, #6117, #432, .T. ) ;
#666 = LINE ( 'NONE', #6017, #4139 ) ;
#667 = DIRECTION ( 'NONE',  ( 0.0000000000000000000, 0.0000000000000000000, -1.000000000000000000 ) ) ;
#668 =( NAMED_UNIT ( * ) PLANE_ANGLE_UNIT ( ) SI_UNIT ( $, .RADIAN. ) );
#669 = FACE_BOUND ( 'NONE', #2005, .T. ) ;
#670 = CARTESIAN_POINT ( 'NONE',  ( -1.949999999999999956, 1.149999999999999911, -2.800000000000000266 ) ) ;
#671 = EDGE_CURVE ( 'NONE', #725, #1956, #597, .T. ) ;
#672 = FACE_OUTER_BOUND ( 'NONE', #2633, .T. ) ;
#673 = UNCERTAINTY_MEASURE_WITH_UNIT (LENGTH_MEASURE( 1.000000000000000082E-05 ), #3885, 'distance_accuracy_value', 'NONE');
#674 = CARTESIAN_POINT ( 'NONE',  ( -0.2199999999999999178, 2.250000000000000000, 1.700000000000000178 ) ) ;
#675 = PLANE ( 'NONE',  #5410 ) ;
#676 = DIRECTION ( 'NONE',  ( 0.0000000000000000000, 0.0000000000000000000, 1.000000000000000000 ) ) ;
#677 = CARTESIAN_POINT ( 'NONE',  ( 1.250000000000000666, 3.399999999999999467, -2.350000000000001421 ) ) ;
#678 = ORIENTED_EDGE ( 'NONE', *, *, #4021, .F. ) ;
#679 =( NAMED_UNIT ( * ) PLANE_ANGLE_UNIT ( ) SI_UNIT ( $, .RADIAN. ) );
#680 = LINE ( 'NONE', #1309, #2321 ) ;
#681 = COLOUR_RGB ( '',1.000000000000000000, 0.8117647058823529438, 0.5019607843137254832 ) ;
#682 = ORIENTED_EDGE ( 'NONE', *, *, #2564, .T. ) ;
#683 = DIRECTION ( 'NONE',  ( 3.872150616019660190E-17, 1.000000000000000000, -0.0000000000000000000 ) ) ;
#684 = COLOUR_RGB ( '',1.000000000000000000, 0.8117647058823529438, 0.5019607843137254832 ) ;
#685 = FILL_AREA_STYLE ('',( #2649 ) ) ;
#686 = SURFACE_SIDE_STYLE ('',( #3088 ) ) ;
#687 = VERTEX_POINT ( 'NONE', #7256 ) ;
#688 = ORIENTED_EDGE ( 'NONE', *, *, #5275, .T. ) ;
#689 = DIRECTION ( 'NONE',  ( 0.0000000000000000000, 0.0000000000000000000, -1.000000000000000000 ) ) ;
#690 = VECTOR ( 'NONE', #4707, 1000.000000000000000 ) ;
#691 = VECTOR ( 'NONE', #4717, 1000.000000000000000 ) ;
#692 = PRESENTATION_LAYER_ASSIGNMENT (  '', '', ( #186 ) ) ;
#693 = ORIENTED_EDGE ( 'NONE', *, *, #1241, .F. ) ;
#694 = VECTOR ( 'NONE', #7384, 1000.000000000000000 ) ;
#695 = ORIENTED_EDGE ( 'NONE', *, *, #4597, .T. ) ;
#696 = PLANE ( 'NONE',  #1559 ) ;
#697 = VERTEX_POINT ( 'NONE', #6021 ) ;
#698 = CARTESIAN_POINT ( 'NONE',  ( 4.750000000000000888, 3.399999999999999467, -2.350000000000001865 ) ) ;
#699 =( NAMED_UNIT ( * ) PLANE_ANGLE_UNIT ( ) SI_UNIT ( $, .RADIAN. ) );
#700 =( NAMED_UNIT ( * ) PLANE_ANGLE_UNIT ( ) SI_UNIT ( $, .RADIAN. ) );
#701 = AXIS2_PLACEMENT_3D ( 'NONE', #2957, #1060, #1575 ) ;
#702 =( NAMED_UNIT ( * ) SI_UNIT ( $, .STERADIAN. ) SOLID_ANGLE_UNIT ( ) );
#703 = EDGE_CURVE ( 'NONE', #6271, #6209, #32, .T. ) ;
#704 = COLOUR_RGB ( '',1.000000000000000000, 1.000000000000000000, 1.000000000000000000 ) ;
#705 = LINE ( 'NONE', #6131, #7510 ) ;
#706 = VECTOR ( 'NONE', #4814, 1000.000000000000000 ) ;
#707 = STYLED_ITEM ( 'NONE', ( #2522 ), #7277 ) ;
#708 = DIRECTION ( 'NONE',  ( -9.103382349328301547E-49, -2.350988701644575016E-32, -1.000000000000000000 ) ) ;
#709 = CARTESIAN_POINT ( 'NONE',  ( 0.7500000000000002220, 3.399999999999999467, -2.050000000000001599 ) ) ;
#710 = EDGE_CURVE ( 'NONE', #3560, #5581, #3692, .T. ) ;
#711 = DIRECTION ( 'NONE',  ( -1.000000000000000000, 5.421010862427522170E-17, 0.0000000000000000000 ) ) ;
#712 = CARTESIAN_POINT ( 'NONE',  ( 3.750000000000000444, -3.399999999999999911, -0.2499999999999997780 ) ) ;
#713 = UNCERTAINTY_MEASURE_WITH_UNIT (LENGTH_MEASURE( 1.000000000000000082E-05 ), #2745, 'distance_accuracy_value', 'NONE');
#714 = MECHANICAL_DESIGN_GEOMETRIC_PRESENTATION_REPRESENTATION (  '', ( #5681 ), #2243 ) ;
#715 = ADVANCED_FACE ( 'NONE', ( #2949 ), #3037, .F. ) ;
#716 = VERTEX_POINT ( 'NONE', #3587 ) ;
#717 = MECHANICAL_DESIGN_GEOMETRIC_PRESENTATION_REPRESENTATION (  '', ( #1714 ), #7211 ) ;
#718 = ORIENTED_EDGE ( 'NONE', *, *, #3444, .T. ) ;
#719 = SURFACE_STYLE_FILL_AREA ( #4301 ) ;
#720 = CARTESIAN_POINT ( 'NONE',  ( 9.350000000000001421, 4.500000000000000888, -0.6799999999999978284 ) ) ;
#721 = LINE ( 'NONE', #6239, #329 ) ;
#722 = FILL_AREA_STYLE_COLOUR ( '', #6721 ) ;
#723 = SURFACE_STYLE_FILL_AREA ( #4383 ) ;
#724 = EDGE_CURVE ( 'NONE', #2873, #6532, #7296, .T. ) ;
#725 = VERTEX_POINT ( 'NONE', #1809 ) ;
#726 = CARTESIAN_POINT ( 'NONE',  ( 7.449999999999989519, -4.099999999999995204, 0.5500000000000101474 ) ) ;
#727 = CARTESIAN_POINT ( 'NONE',  ( 5.250000000000000888, 3.399999999999999467, -2.050000000000001599 ) ) ;
#728 = CARTESIAN_POINT ( 'NONE',  ( 2.050000000000000266, 5.100000000000001421, 0.1499999999999956368 ) ) ;
#729 = VECTOR ( 'NONE', #4466, 1000.000000000000000 ) ;
#730 = PRESENTATION_STYLE_ASSIGNMENT (( #5458 ) ) ;
#731 = PRESENTATION_STYLE_ASSIGNMENT (( #2568 ) ) ;
#732 = DIRECTION ( 'NONE',  ( 3.872150616019660190E-17, 1.000000000000000000, -0.0000000000000000000 ) ) ;
#733 = CARTESIAN_POINT ( 'NONE',  ( 5.750000000000000000, -3.399999999999999911, -0.2499999999999997780 ) ) ;
#734 =( GEOMETRIC_REPRESENTATION_CONTEXT ( 3 ) GLOBAL_UNCERTAINTY_ASSIGNED_CONTEXT ( ( #7259 ) ) GLOBAL_UNIT_ASSIGNED_CONTEXT ( ( #4713, #1109, #2318 ) ) REPRESENTATION_CONTEXT ( 'NONE', 'WORKASPACE' ) );
#735 = ORIENTED_EDGE ( 'NONE', *, *, #3097, .F. ) ;
#736 = ORIENTED_EDGE ( 'NONE', *, *, #7771, .T. ) ;
#737 = CARTESIAN_POINT ( 'NONE',  ( 7.299999999999998934, 0.2000000000000000389, -2.800000000000000266 ) ) ;
#738 = DIRECTION ( 'NONE',  ( 1.000000000000000000, 0.0000000000000000000, 0.0000000000000000000 ) ) ;
#739 = VERTEX_POINT ( 'NONE', #6699 ) ;
#740 = ORIENTED_EDGE ( 'NONE', *, *, #7771, .F. ) ;
#741 = DIRECTION ( 'NONE',  ( 0.5773502691896260641, 0.5773502691896255090, 0.5773502691896256200 ) ) ;
#742 = ORIENTED_EDGE ( 'NONE', *, *, #2761, .T. ) ;
#743 = LINE ( 'NONE', #3181, #4293 ) ;
#744 = UNCERTAINTY_MEASURE_WITH_UNIT (LENGTH_MEASURE( 1.000000000000000082E-05 ), #1459, 'distance_accuracy_value', 'NONE');
#745 = ORIENTED_EDGE ( 'NONE', *, *, #1253, .F. ) ;
#746 = LINE ( 'NONE', #6377, #176 ) ;
#747 = FACE_OUTER_BOUND ( 'NONE', #7147, .T. ) ;
#748 = EDGE_CURVE ( 'NONE', #1737, #6840, #6590, .T. ) ;
#749 = LINE ( 'NONE', #7511, #1089 ) ;
#750 = DIRECTION ( 'NONE',  ( -5.421010862427522170E-17, -1.000000000000000000, 2.350988701644575016E-32 ) ) ;
#751 = ORIENTED_EDGE ( 'NONE', *, *, #2386, .F. ) ;
#752 = PLANE ( 'NONE',  #2037 ) ;
#753 = CARTESIAN_POINT ( 'NONE',  ( 3.250000000000000888, 3.399999999999999467, -2.350000000000001421 ) ) ;
#754 = EDGE_CURVE ( 'NONE', #4616, #640, #7170, .T. ) ;
#755 = EDGE_LOOP ( 'NONE', ( #4141, #7079, #6520, #4895 ) ) ;
#756 = CARTESIAN_POINT ( 'NONE',  ( 4.833333333333345472, -4.383333333333329307, -0.8333333333333478032 ) ) ;
#757 = SURFACE_STYLE_FILL_AREA ( #3878 ) ;
#758 = PLANE ( 'NONE',  #6387 ) ;
#759 =( GEOMETRIC_REPRESENTATION_CONTEXT ( 3 ) GLOBAL_UNCERTAINTY_ASSIGNED_CONTEXT ( ( #3332 ) ) GLOBAL_UNIT_ASSIGNED_CONTEXT ( ( #1928, #2505, #7539 ) ) REPRESENTATION_CONTEXT ( 'NONE', 'WORKASPACE' ) );
#760 = ADVANCED_FACE ( 'NONE', ( #1139, #3071 ), #75, .T. ) ;
#761 = UNCERTAINTY_MEASURE_WITH_UNIT (LENGTH_MEASURE( 1.000000000000000082E-05 ), #1592, 'distance_accuracy_value', 'NONE');
#763 = ADVANCED_FACE ( 'NONE', ( #6186 ), #3734, .F. ) ;
#762 = DIRECTION ( 'NONE',  ( 0.7071067811865477948, 0.7071067811865473507, 1.362927481496333307E-16 ) ) ;
#764 = EDGE_CURVE ( 'NONE', #5971, #7850, #114, .T. ) ;
#765 = APPLICATION_CONTEXT ( 'automotive_design' ) ;
#766 = CARTESIAN_POINT ( 'NONE',  ( 2.750000000000001332, 1.149999999999999911, -2.050000000000001599 ) ) ;
#767 = ORIENTED_EDGE ( 'NONE', *, *, #6171, .F. ) ;
#768 = ORIENTED_EDGE ( 'NONE', *, *, #3304, .T. ) ;
#769 = CARTESIAN_POINT ( 'NONE',  ( 3.750000000000000444, 4.999999999999995559, -0.2499999999999997780 ) ) ;
#770 = VERTEX_POINT ( 'NONE', #4936 ) ;
#771 = LINE ( 'NONE', #4401, #2295 ) ;
#772 = EDGE_CURVE ( 'NONE', #3207, #5371, #2672, .T. ) ;
#773 = ORIENTED_EDGE ( 'NONE', *, *, #1253, .T. ) ;
#774 = STYLED_ITEM ( 'NONE', ( #2624 ), #995 ) ;
#775 = DIRECTION ( 'NONE',  ( 0.5773502691896279515, -0.5773502691896199579, 0.5773502691896295058 ) ) ;
#776 = SURFACE_STYLE_FILL_AREA ( #3214 ) ;
#777 = VERTEX_POINT ( 'NONE', #2631 ) ;
#778 = VERTEX_POINT ( 'NONE', #3787 ) ;
#780 = EDGE_LOOP ( 'NONE', ( #5311, #3662, #1145, #166 ) ) ;
#779 = FILL_AREA_STYLE ('',( #20 ) ) ;
#781 = CARTESIAN_POINT ( 'NONE',  ( 9.349999999999999645, 5.650000000000000355, -2.350000000000000977 ) ) ;
#782 = ORIENTED_EDGE ( 'NONE', *, *, #4860, .F. ) ;
#783 = DIRECTION ( 'NONE',  ( 0.0000000000000000000, -1.000000000000000000, 0.0000000000000000000 ) ) ;
#784 = STYLED_ITEM ( 'NONE', ( #3668 ), #1828 ) ;
#785 = SURFACE_SIDE_STYLE ('',( #6499 ) ) ;
#786 = CARTESIAN_POINT ( 'NONE',  ( -1.951000000000000956, 4.500000000000000888, -0.1800000000000004652 ) ) ;
#787 = PRESENTATION_STYLE_ASSIGNMENT (( #3267 ) ) ;
#788 = DIRECTION ( 'NONE',  ( 1.000000000000000000, 0.0000000000000000000, 8.106184467181340768E-17 ) ) ;
#789 = CARTESIAN_POINT ( 'NONE',  ( 0.7500000000000002220, 3.399999999999999467, -2.350000000000001421 ) ) ;
#790 = DIRECTION ( 'NONE',  ( 1.000000000000000000, 0.0000000000000000000, -0.0000000000000000000 ) ) ;
#791 = DIRECTION ( 'NONE',  ( 1.000000000000000000, -5.421010862427522170E-17, 0.0000000000000000000 ) ) ;
#792 = ORIENTED_EDGE ( 'NONE', *, *, #5608, .F. ) ;
#793 = CARTESIAN_POINT ( 'NONE',  ( 9.180000000000001492, 4.230000000000000426, -2.801000000000000600 ) ) ;
#794 = FILL_AREA_STYLE_COLOUR ( '', #5030 ) ;
#795 = CARTESIAN_POINT ( 'NONE',  ( 6.699999999999999289, 0.1999999999999999833, -2.800000000000000266 ) ) ;
#796 = CARTESIAN_POINT ( 'NONE',  ( 2.699999999999999734, 0.0000000000000000000, -2.800000000000000266 ) ) ;
#797 = DIRECTION ( 'NONE',  ( 1.000000000000000000, 0.0000000000000000000, -2.058229914533366955E-17 ) ) ;
#798 = ORIENTED_EDGE ( 'NONE', *, *, #3842, .T. ) ;
#799 = CARTESIAN_POINT ( 'NONE',  ( 8.699999999999999289, 0.1999999999999999833, 1.700000000000000178 ) ) ;
#800 = DIRECTION ( 'NONE',  ( -3.833233541708453834E-17, -0.7071067811865509034, 0.7071067811865442421 ) ) ;
#801 = PLANE ( 'NONE',  #1337 ) ;
#802 = ORIENTED_EDGE ( 'NONE', *, *, #2408, .F. ) ;
#803 = LINE ( 'NONE', #3239, #6003 ) ;
#804 = ADVANCED_FACE ( 'NONE', ( #1456 ), #1897, .F. ) ;
#805 =( NAMED_UNIT ( * ) SI_UNIT ( $, .STERADIAN. ) SOLID_ANGLE_UNIT ( ) );
#806 = DIRECTION ( 'NONE',  ( 0.0000000000000000000, 1.000000000000000000, -5.782411586589358625E-16 ) ) ;
#807 = VECTOR ( 'NONE', #989, 1000.000000000000000 ) ;
#808 = ORIENTED_EDGE ( 'NONE', *, *, #7613, .T. ) ;
#809 = PLANE ( 'NONE',  #3487 ) ;
#810 = CARTESIAN_POINT ( 'NONE',  ( 9.180000000000001492, 4.230000000000000426, 1.699999999999999289 ) ) ;
#811 = EDGE_CURVE ( 'NONE', #1898, #441, #5088, .T. ) ;
#812 =( GEOMETRIC_REPRESENTATION_CONTEXT ( 3 ) GLOBAL_UNCERTAINTY_ASSIGNED_CONTEXT ( ( #6172 ) ) GLOBAL_UNIT_ASSIGNED_CONTEXT ( ( #7085, #7752, #2208 ) ) REPRESENTATION_CONTEXT ( 'NONE', 'WORKASPACE' ) );
#813 = LINE ( 'NONE', #3250, #4145 ) ;
#814 =( GEOMETRIC_REPRESENTATION_CONTEXT ( 3 ) GLOBAL_UNCERTAINTY_ASSIGNED_CONTEXT ( ( #1380 ) ) GLOBAL_UNIT_ASSIGNED_CONTEXT ( ( #3248, #6254, #6798 ) ) REPRESENTATION_CONTEXT ( 'NONE', 'WORKASPACE' ) );
#815 = CARTESIAN_POINT ( 'NONE',  ( 7.749999999999998224, 0.2000000000000000111, -2.800000000000000266 ) ) ;
#816 = ORIENTED_EDGE ( 'NONE', *, *, #1881, .T. ) ;
#817 = ORIENTED_EDGE ( 'NONE', *, *, #5529, .T. ) ;
#818 = FILL_AREA_STYLE_COLOUR ( '', #2142 ) ;
#819 =( NAMED_UNIT ( * ) SI_UNIT ( $, .STERADIAN. ) SOLID_ANGLE_UNIT ( ) );
#820 = UNCERTAINTY_MEASURE_WITH_UNIT (LENGTH_MEASURE( 1.000000000000000082E-05 ), #3667, 'distance_accuracy_value', 'NONE');
#821 = VECTOR ( 'NONE', #2889, 1000.000000000000000 ) ;
#822 = AXIS2_PLACEMENT_3D ( 'NONE', #4632, #2127, #1581 ) ;
#823 = PRESENTATION_STYLE_ASSIGNMENT (( #6302 ) ) ;
#824 = SURFACE_SIDE_STYLE ('',( #3377 ) ) ;
#825 = PRESENTATION_STYLE_ASSIGNMENT (( #1933 ) ) ;
#826 =( GEOMETRIC_REPRESENTATION_CONTEXT ( 3 ) GLOBAL_UNCERTAINTY_ASSIGNED_CONTEXT ( ( #6626 ) ) GLOBAL_UNIT_ASSIGNED_CONTEXT ( ( #1166, #2383, #1721 ) ) REPRESENTATION_CONTEXT ( 'NONE', 'WORKASPACE' ) );
#827 = DIRECTION ( 'NONE',  ( 0.0000000000000000000, 1.000000000000000000, 0.0000000000000000000 ) ) ;
#828 =( GEOMETRIC_REPRESENTATION_CONTEXT ( 3 ) GLOBAL_UNCERTAINTY_ASSIGNED_CONTEXT ( ( #6262 ) ) GLOBAL_UNIT_ASSIGNED_CONTEXT ( ( #1750, #2844, #487 ) ) REPRESENTATION_CONTEXT ( 'NONE', 'WORKASPACE' ) );
#829 = COLOUR_RGB ( '',1.000000000000000000, 1.000000000000000000, 1.000000000000000000 ) ;
#830 = STYLED_ITEM ( 'NONE', ( #4104 ), #7134 ) ;
#831 = FACE_OUTER_BOUND ( 'NONE', #2679, .T. ) ;
#832 = CARTESIAN_POINT ( 'NONE',  ( 0.2499999999999997780, -3.399999999999999911, -0.1500000000000003830 ) ) ;
#833 = ORIENTED_EDGE ( 'NONE', *, *, #6015, .F. ) ;
#834 = AXIS2_PLACEMENT_3D ( 'NONE', #2751, #387, #7138 ) ;
#835 = PRESENTATION_LAYER_ASSIGNMENT (  '', '', ( #6074 ) ) ;
#836 = CARTESIAN_POINT ( 'NONE',  ( 9.950000000000001066, 6.000000000000000000, 1.699999999999999289 ) ) ;
#837 =( GEOMETRIC_REPRESENTATION_CONTEXT ( 3 ) GLOBAL_UNCERTAINTY_ASSIGNED_CONTEXT ( ( #125 ) ) GLOBAL_UNIT_ASSIGNED_CONTEXT ( ( #3918, #3313, #5098 ) ) REPRESENTATION_CONTEXT ( 'NONE', 'WORKASPACE' ) );
#838 = DIRECTION ( 'NONE',  ( 0.0000000000000000000, -0.0000000000000000000, -1.000000000000000000 ) ) ;
#839 = VECTOR ( 'NONE', #3482, 1000.000000000000114 ) ;
#840 = FILL_AREA_STYLE ('',( #7488 ) ) ;
#841 = AXIS2_PLACEMENT_3D ( 'NONE', #5406, #5450, #7923 ) ;
#842 = DIRECTION ( 'NONE',  ( -1.000000000000000000, 3.872150616019660190E-17, 0.0000000000000000000 ) ) ;
#843 = ORIENTED_EDGE ( 'NONE', *, *, #710, .F. ) ;
#844 = EDGE_CURVE ( 'NONE', #4826, #6858, #2183, .T. ) ;
#845 = ORIENTED_EDGE ( 'NONE', *, *, #6619, .T. ) ;
#846 = CARTESIAN_POINT ( 'NONE',  ( 6.850000000000000533, 5.650000000000000355, 1.249999999999998446 ) ) ;
#847 = COLOUR_RGB ( '',1.000000000000000000, 0.8117647058823529438, 0.5019607843137254832 ) ;
#848 = STYLED_ITEM ( 'NONE', ( #7436 ), #2757 ) ;
#849 = CARTESIAN_POINT ( 'NONE',  ( 6.249999999999998224, -3.399999999999999911, -0.1499999999999969136 ) ) ;
#850 =( GEOMETRIC_REPRESENTATION_CONTEXT ( 3 ) GLOBAL_UNCERTAINTY_ASSIGNED_CONTEXT ( ( #2342 ) ) GLOBAL_UNIT_ASSIGNED_CONTEXT ( ( #7424, #2439, #2523 ) ) REPRESENTATION_CONTEXT ( 'NONE', 'WORKASPACE' ) );
#851 =( NAMED_UNIT ( * ) PLANE_ANGLE_UNIT ( ) SI_UNIT ( $, .RADIAN. ) );
#852 = STYLED_ITEM ( 'NONE', ( #4810 ), #175 ) ;
#853 = ADVANCED_FACE ( 'NONE', ( #3384 ), #7047, .F. ) ;
#854 = LINE ( 'NONE', #815, #4625 ) ;
#855 = SURFACE_SIDE_STYLE ('',( #298 ) ) ;
#856 = ORIENTED_EDGE ( 'NONE', *, *, #3943, .F. ) ;
#857 = VERTEX_POINT ( 'NONE', #5244 ) ;
#858 = LINE ( 'NONE', #2050, #480 ) ;
#859 =( NAMED_UNIT ( * ) PLANE_ANGLE_UNIT ( ) SI_UNIT ( $, .RADIAN. ) );
#860 = FILL_AREA_STYLE ('',( #925 ) ) ;
#861 = FILL_AREA_STYLE_COLOUR ( '', #2209 ) ;
#862 = SURFACE_STYLE_FILL_AREA ( #2019 ) ;
#863 = FACE_OUTER_BOUND ( 'NONE', #2615, .T. ) ;
#864 = DIRECTION ( 'NONE',  ( 0.0000000000000000000, -0.0000000000000000000, 1.000000000000000000 ) ) ;
#865 = DIRECTION ( 'NONE',  ( -0.0000000000000000000, -1.000000000000000000, -0.0000000000000000000 ) ) ;
#866 = ORIENTED_EDGE ( 'NONE', *, *, #3935, .T. ) ;
#867 =( NAMED_UNIT ( * ) PLANE_ANGLE_UNIT ( ) SI_UNIT ( $, .RADIAN. ) );
#868 = CARTESIAN_POINT ( 'NONE',  ( 9.349999999999999645, 6.000000000000000000, -0.6799999999999987166 ) ) ;
#869 = ORIENTED_EDGE ( 'NONE', *, *, #6337, .F. ) ;
#870 = VERTEX_POINT ( 'NONE', #1522 ) ;
#871 = DIRECTION ( 'NONE',  ( 0.0000000000000000000, 0.0000000000000000000, -1.000000000000000000 ) ) ;
#872 =( LENGTH_UNIT ( ) NAMED_UNIT ( * ) SI_UNIT ( .MILLI., .METRE. ) );
#873 = PLANE ( 'NONE',  #3633 ) ;
#874 = DIRECTION ( 'NONE',  ( -0.0000000000000000000, -0.0000000000000000000, 1.000000000000000000 ) ) ;
#875 = VERTEX_POINT ( 'NONE', #2104 ) ;
#876 = VERTEX_POINT ( 'NONE', #4537 ) ;
#877 = ORIENTED_EDGE ( 'NONE', *, *, #2855, .F. ) ;
#878 = PRESENTATION_STYLE_ASSIGNMENT (( #330 ) ) ;
#879 = DIRECTION ( 'NONE',  ( -3.872150616019660190E-17, -1.000000000000000000, 0.0000000000000000000 ) ) ;
#880 = UNCERTAINTY_MEASURE_WITH_UNIT (LENGTH_MEASURE( 1.000000000000000082E-05 ), #3287, 'distance_accuracy_value', 'NONE');
#881 = EDGE_CURVE ( 'NONE', #2384, #2536, #4591, .T. ) ;
#882 = VECTOR ( 'NONE', #7495, 1000.000000000000000 ) ;
#883 = FILL_AREA_STYLE ('',( #2135 ) ) ;
#884 = SURFACE_STYLE_USAGE ( .BOTH. , #2849 ) ;
#885 =( NAMED_UNIT ( * ) PLANE_ANGLE_UNIT ( ) SI_UNIT ( $, .RADIAN. ) );
#886 = ORIENTED_EDGE ( 'NONE', *, *, #2024, .T. ) ;
#887 = EDGE_CURVE ( 'NONE', #3808, #1510, #6973, .T. ) ;
#888 = DIRECTION ( 'NONE',  ( 4.818676322157798361E-16, 0.0000000000000000000, 1.000000000000000000 ) ) ;
#889 = COLOUR_RGB ( '',1.000000000000000000, 1.000000000000000000, 1.000000000000000000 ) ;
#890 = VECTOR ( 'NONE', #3200, 1000.000000000000000 ) ;
#891 = ADVANCED_FACE ( 'NONE', ( #2791 ), #2217, .T. ) ;
#892 = ORIENTED_EDGE ( 'NONE', *, *, #505, .F. ) ;
#893 = FILL_AREA_STYLE ('',( #3222 ) ) ;
#894 =( NAMED_UNIT ( * ) PLANE_ANGLE_UNIT ( ) SI_UNIT ( $, .RADIAN. ) );
#895 = LINE ( 'NONE', #309, #2513 ) ;
#896 = CARTESIAN_POINT ( 'NONE',  ( -0.2500000000000000000, 0.2000000000000000944, 0.2500000000000002220 ) ) ;
#897 = PRESENTATION_STYLE_ASSIGNMENT (( #3983 ) ) ;
#898 = ORIENTED_EDGE ( 'NONE', *, *, #1720, .F. ) ;
#899 = UNCERTAINTY_MEASURE_WITH_UNIT (LENGTH_MEASURE( 1.000000000000000082E-05 ), #4437, 'distance_accuracy_value', 'NONE');
#900 = EDGE_CURVE ( 'NONE', #2162, #6480, #7095, .T. ) ;
#901 = VECTOR ( 'NONE', #7741, 1000.000000000000000 ) ;
#902 = SURFACE_STYLE_FILL_AREA ( #5735 ) ;
#903 = CARTESIAN_POINT ( 'NONE',  ( 7.299999999999998934, 0.2000000000000000389, -2.800000000000000266 ) ) ;
#904 = LINE ( 'NONE', #2710, #4548 ) ;
#905 = AXIS2_PLACEMENT_3D ( 'NONE', #318, #5864, #389 ) ;
#906 = DIRECTION ( 'NONE',  ( 3.872150616019660190E-17, 1.000000000000000000, -0.0000000000000000000 ) ) ;
#907 = EDGE_LOOP ( 'NONE', ( #773, #3834, #4322, #6937 ) ) ;
#908 = DIRECTION ( 'NONE',  ( 0.7071067811865477948, 0.7071067811865473507, 0.0000000000000000000 ) ) ;
#909 = PRESENTATION_LAYER_ASSIGNMENT (  '', '', ( #393 ) ) ;
#910 = FACE_OUTER_BOUND ( 'NONE', #5250, .T. ) ;
#911 = ADVANCED_FACE ( 'NONE', ( #7794 ), #5443, .F. ) ;
#912 = COLOUR_RGB ( '',1.000000000000000000, 1.000000000000000000, 1.000000000000000000 ) ;
#913 = SURFACE_SIDE_STYLE ('',( #5743 ) ) ;
#914 = SURFACE_STYLE_FILL_AREA ( #1019 ) ;
#915 = CARTESIAN_POINT ( 'NONE',  ( 6.699999999999999289, 0.0000000000000000000, -2.800000000000000266 ) ) ;
#916 = PRESENTATION_STYLE_ASSIGNMENT (( #6916 ) ) ;
#917 = VERTEX_POINT ( 'NONE', #7876 ) ;
#918 = VERTEX_POINT ( 'NONE', #500 ) ;
#919 = DIRECTION ( 'NONE',  ( 0.0000000000000000000, -0.0000000000000000000, 1.000000000000000000 ) ) ;
#920 = FILL_AREA_STYLE ('',( #257 ) ) ;
#921 = ORIENTED_EDGE ( 'NONE', *, *, #1661, .F. ) ;
#922 =( LENGTH_UNIT ( ) NAMED_UNIT ( * ) SI_UNIT ( .MILLI., .METRE. ) );
#923 =( NAMED_UNIT ( * ) SI_UNIT ( $, .STERADIAN. ) SOLID_ANGLE_UNIT ( ) );
#924 = STYLED_ITEM ( 'NONE', ( #6736 ), #4507 ) ;
#925 = FILL_AREA_STYLE_COLOUR ( '', #2423 ) ;
#926 = ORIENTED_EDGE ( 'NONE', *, *, #5246, .F. ) ;
#927 = UNCERTAINTY_MEASURE_WITH_UNIT (LENGTH_MEASURE( 1.000000000000000082E-05 ), #2782, 'distance_accuracy_value', 'NONE');
#928 = CARTESIAN_POINT ( 'NONE',  ( 8.833333333333344584, -4.383333333333329307, -0.8333333333333478032 ) ) ;
#929 = MECHANICAL_DESIGN_GEOMETRIC_PRESENTATION_REPRESENTATION (  '', ( #4115 ), #1437 ) ;
#930 = VECTOR ( 'NONE', #7441, 1000.000000000000000 ) ;
#931 = CARTESIAN_POINT ( 'NONE',  ( 9.951000000000000512, 6.000000000000000000, 0.3199999999999999512 ) ) ;
#932 = DIRECTION ( 'NONE',  ( 0.0000000000000000000, -1.000000000000000000, 0.0000000000000000000 ) ) ;
#934 = EDGE_CURVE ( 'NONE', #441, #506, #5477, .T. ) ;
#933 = PRESENTATION_STYLE_ASSIGNMENT (( #7672 ) ) ;
#935 = DIRECTION ( 'NONE',  ( 1.927470528863119542E-16, -1.000000000000000000, 0.0000000000000000000 ) ) ;
#936 = CARTESIAN_POINT ( 'NONE',  ( 6.149999999999995914, -3.399999999999999911, -2.800000000000000266 ) ) ;
#937 = PRESENTATION_LAYER_ASSIGNMENT (  '', '', ( #6808 ) ) ;
#938 = PRESENTATION_LAYER_ASSIGNMENT (  '', '', ( #4761 ) ) ;
#939 = VECTOR ( 'NONE', #6482, 1000.000000000000000 ) ;
#940 = PRESENTATION_STYLE_ASSIGNMENT (( #5247 ) ) ;
#941 = SURFACE_STYLE_USAGE ( .BOTH. , #6465 ) ;
#942 = EDGE_CURVE ( 'NONE', #5324, #6249, #2460, .T. ) ;
#943 = PLANE ( 'NONE',  #1583 ) ;
#944 = AXIS2_PLACEMENT_3D ( 'NONE', #2325, #6113, #5459 ) ;
#945 = CARTESIAN_POINT ( 'NONE',  ( 9.950000000000001066, 6.000000000000000000, -2.800000000000000711 ) ) ;
#947 = ADVANCED_FACE ( 'NONE', ( #5932 ), #3541, .F. ) ;
#946 = EDGE_LOOP ( 'NONE', ( #5933, #1866, #5363, #7351 ) ) ;
#948 = CARTESIAN_POINT ( 'NONE',  ( 2.699999999999999734, 0.1999999999999999833, -2.800000000000000266 ) ) ;
#949 = FILL_AREA_STYLE ('',( #5215 ) ) ;
#950 =( NAMED_UNIT ( * ) PLANE_ANGLE_UNIT ( ) SI_UNIT ( $, .RADIAN. ) );
#951 = CARTESIAN_POINT ( 'NONE',  ( 9.950000000000001066, 0.0000000000000000000, 1.699999999999999289 ) ) ;
#952 = LINE ( 'NONE', #3321, #88 ) ;
#953 = DIRECTION ( 'NONE',  ( -1.000000000000000000, 5.421010862427522170E-17, 0.0000000000000000000 ) ) ;
#954 = COLOUR_RGB ( '',1.000000000000000000, 1.000000000000000000, 1.000000000000000000 ) ;
#955 = VERTEX_POINT ( 'NONE', #5323 ) ;
#956 = VECTOR ( 'NONE', #6245, 1000.000000000000000 ) ;
#957 = ORIENTED_EDGE ( 'NONE', *, *, #369, .T. ) ;
#958 = VECTOR ( 'NONE', #504, 1000.000000000000000 ) ;
#959 = PLANE ( 'NONE',  #7856 ) ;
#960 =( GEOMETRIC_REPRESENTATION_CONTEXT ( 3 ) GLOBAL_UNCERTAINTY_ASSIGNED_CONTEXT ( ( #2303 ) ) GLOBAL_UNIT_ASSIGNED_CONTEXT ( ( #5543, #1872, #2446 ) ) REPRESENTATION_CONTEXT ( 'NONE', 'WORKASPACE' ) );
#961 = VECTOR ( 'NONE', #56, 1000.000000000000000 ) ;
#962 = PRESENTATION_LAYER_ASSIGNMENT (  '', '', ( #4415 ) ) ;
#963 =( NAMED_UNIT ( * ) PLANE_ANGLE_UNIT ( ) SI_UNIT ( $, .RADIAN. ) );
#964 = CARTESIAN_POINT ( 'NONE',  ( 0.0000000000000000000, 0.0000000000000000000, -0.05000000000000012768 ) ) ;
#965 = ORIENTED_EDGE ( 'NONE', *, *, #3635, .F. ) ;
#966 = FACE_OUTER_BOUND ( 'NONE', #3414, .T. ) ;
#967 = COLOUR_RGB ( '',1.000000000000000000, 0.8117647058823529438, 0.5019607843137254832 ) ;
#968 = CARTESIAN_POINT ( 'NONE',  ( 1.849999999999999645, -3.399999999999999911, -0.2499999999999997780 ) ) ;
#969 = STYLED_ITEM ( 'NONE', ( #1553 ), #4271 ) ;
#970 = STYLED_ITEM ( 'NONE', ( #5496 ), #1162 ) ;
#971 = STYLED_ITEM ( 'NONE', ( #2942 ), #2274 ) ;
#972 =( LENGTH_UNIT ( ) NAMED_UNIT ( * ) SI_UNIT ( .MILLI., .METRE. ) );
#973 = SURFACE_SIDE_STYLE ('',( #7005 ) ) ;
#974 = DIRECTION ( 'NONE',  ( 1.095153709581317921E-16, -1.000000000000000000, 8.877517989784104081E-33 ) ) ;
#975 = DIRECTION ( 'NONE',  ( 3.872150616019660190E-17, 1.000000000000000000, -0.0000000000000000000 ) ) ;
#976 = PRESENTATION_LAYER_ASSIGNMENT (  '', '', ( #7637 ) ) ;
#977 = ORIENTED_EDGE ( 'NONE', *, *, #844, .F. ) ;
#978 = CARTESIAN_POINT ( 'NONE',  ( 5.299999999999998934, 0.0000000000000000000, -2.800000000000000266 ) ) ;
#979 = ORIENTED_EDGE ( 'NONE', *, *, #321, .T. ) ;
#980 = EDGE_CURVE ( 'NONE', #4671, #418, #1169, .T. ) ;
#981 = PLANE ( 'NONE',  #5186 ) ;
#982 = DIRECTION ( 'NONE',  ( 4.336808689942017736E-16, 0.0000000000000000000, 1.000000000000000000 ) ) ;
#983 = ORIENTED_EDGE ( 'NONE', *, *, #5840, .F. ) ;
#984 = LINE ( 'NONE', #3504, #3776 ) ;
#985 = DIRECTION ( 'NONE',  ( -1.000000000000000000, 0.0000000000000000000, -0.0000000000000000000 ) ) ;
#986 = COLOUR_RGB ( '',1.000000000000000000, 0.8117647058823529438, 0.5019607843137254832 ) ;
#987 = LINE ( 'NONE', #5300, #2087 ) ;
#988 = ADVANCED_FACE ( 'NONE', ( #583 ), #2340, .F. ) ;
#989 = DIRECTION ( 'NONE',  ( 3.872150616019660190E-17, 1.000000000000000000, -0.0000000000000000000 ) ) ;
#990 = CARTESIAN_POINT ( 'NONE',  ( -1.951000000000000956, 6.000000000000000000, -0.6800000000000009370 ) ) ;
#991 = VERTEX_POINT ( 'NONE', #64 ) ;
#992 = ORIENTED_EDGE ( 'NONE', *, *, #3685, .T. ) ;
#993 = VERTEX_POINT ( 'NONE', #142 ) ;
#994 = PRESENTATION_STYLE_ASSIGNMENT (( #7229 ) ) ;
#995 = ADVANCED_FACE ( 'NONE', ( #6301 ), #4367, .F. ) ;
#996 = DIRECTION ( 'NONE',  ( -4.336808689942017736E-16, 1.679277644031840470E-32, -1.000000000000000000 ) ) ;
#997 = CARTESIAN_POINT ( 'NONE',  ( -1.949999999999999956, 6.000000000000000000, -2.800000000000000266 ) ) ;
#998 = VERTEX_POINT ( 'NONE', #1294 ) ;
#999 = DIRECTION ( 'NONE',  ( 1.000000000000000000, -5.421010862427522170E-17, 0.0000000000000000000 ) ) ;
#1000 = ADVANCED_FACE ( 'NONE', ( #2053 ), #3098, .F. ) ;
#1001 = LINE ( 'NONE', #6372, #7532 ) ;
#1002 = VERTEX_POINT ( 'NONE', #7082 ) ;
#1003 = COLOUR_RGB ( '',1.000000000000000000, 1.000000000000000000, 1.000000000000000000 ) ;
#1004 = DIRECTION ( 'NONE',  ( 1.000000000000000000, 0.0000000000000000000, 0.0000000000000000000 ) ) ;
#1005 = UNCERTAINTY_MEASURE_WITH_UNIT (LENGTH_MEASURE( 1.000000000000000082E-05 ), #922, 'distance_accuracy_value', 'NONE');
#1006 = FILL_AREA_STYLE ('',( #4015 ) ) ;
#1007 = PRESENTATION_STYLE_ASSIGNMENT (( #272 ) ) ;
#1008 = ORIENTED_EDGE ( 'NONE', *, *, #5368, .T. ) ;
#1009 = FILL_AREA_STYLE_COLOUR ( '', #3508 ) ;
#1010 = ORIENTED_EDGE ( 'NONE', *, *, #934, .F. ) ;
#1011 =( NAMED_UNIT ( * ) PLANE_ANGLE_UNIT ( ) SI_UNIT ( $, .RADIAN. ) );
#1012 = ORIENTED_EDGE ( 'NONE', *, *, #1037, .F. ) ;
#1013 =( NAMED_UNIT ( * ) PLANE_ANGLE_UNIT ( ) SI_UNIT ( $, .RADIAN. ) );
#1014 = PRESENTATION_STYLE_ASSIGNMENT (( #6541 ) ) ;
#1015 = EDGE_LOOP ( 'NONE', ( #1769, #1823, #4087, #3465 ) ) ;
#1016 = DIRECTION ( 'NONE',  ( -1.000000000000000000, 0.0000000000000000000, 0.0000000000000000000 ) ) ;
#1017 = PRESENTATION_LAYER_ASSIGNMENT (  '', '', ( #1518 ) ) ;
#1018 = FILL_AREA_STYLE_COLOUR ( '', #6868 ) ;
#1019 = FILL_AREA_STYLE ('',( #3401 ) ) ;
#1020 = FILL_AREA_STYLE ('',( #5256 ) ) ;
#1021 =( GEOMETRIC_REPRESENTATION_CONTEXT ( 3 ) GLOBAL_UNCERTAINTY_ASSIGNED_CONTEXT ( ( #5936 ) ) GLOBAL_UNIT_ASSIGNED_CONTEXT ( ( #7174, #7725, #6476 ) ) REPRESENTATION_CONTEXT ( 'NONE', 'WORKASPACE' ) );
#1022 = SURFACE_SIDE_STYLE ('',( #2837 ) ) ;
#1023 = PRESENTATION_STYLE_ASSIGNMENT (( #1654 ) ) ;
#1024 = ORIENTED_EDGE ( 'NONE', *, *, #4168, .T. ) ;
#1025 = ORIENTED_EDGE ( 'NONE', *, *, #1474, .F. ) ;
#1026 = PRESENTATION_STYLE_ASSIGNMENT (( #5956 ) ) ;
#1027 = LINE ( 'NONE', #5958, #4129 ) ;
#1028 = EDGE_CURVE ( 'NONE', #6858, #3135, #3973, .T. ) ;
#1029 = PLANE ( 'NONE',  #4969 ) ;
#1030 =( LENGTH_UNIT ( ) NAMED_UNIT ( * ) SI_UNIT ( .MILLI., .METRE. ) );
#1031 = CARTESIAN_POINT ( 'NONE',  ( 5.750000000000000000, 0.2000000000000000111, -2.800000000000000266 ) ) ;
#1032 = DIRECTION ( 'NONE',  ( 1.000000000000000000, -5.421010862427522170E-17, 0.0000000000000000000 ) ) ;
#1033 = ORIENTED_EDGE ( 'NONE', *, *, #5335, .T. ) ;
#1034 = VERTEX_POINT ( 'NONE', #5804 ) ;
#1035 =( LENGTH_UNIT ( ) NAMED_UNIT ( * ) SI_UNIT ( .MILLI., .METRE. ) );
#1036 = FILL_AREA_STYLE_COLOUR ( '', #1332 ) ;
#1037 = EDGE_CURVE ( 'NONE', #5383, #3952, #3899, .T. ) ;
#1038 = LINE ( 'NONE', #3604, #1629 ) ;
#1039 =( GEOMETRIC_REPRESENTATION_CONTEXT ( 3 ) GLOBAL_UNCERTAINTY_ASSIGNED_CONTEXT ( ( #2945 ) ) GLOBAL_UNIT_ASSIGNED_CONTEXT ( ( #3424, #7875, #7245 ) ) REPRESENTATION_CONTEXT ( 'NONE', 'WORKASPACE' ) );
#1040 = DIRECTION ( 'NONE',  ( 9.103382349328301547E-49, 2.350988701644575016E-32, 1.000000000000000000 ) ) ;
#1041 = EDGE_CURVE ( 'NONE', #4979, #3653, #3302, .T. ) ;
#1042 = STYLED_ITEM ( 'NONE', ( #7605 ), #7864 ) ;
#1043 = CARTESIAN_POINT ( 'NONE',  ( -0.2500000000000013323, 0.2000000000000000111, -2.800000000000000266 ) ) ;
#1044 = CARTESIAN_POINT ( 'NONE',  ( 7.750000000000000000, 5.000000000000000888, 0.2500000000000002220 ) ) ;
#1045 = EDGE_LOOP ( 'NONE', ( #242, #3790, #4358, #1619 ) ) ;
#1046 = COLOUR_RGB ( '',1.000000000000000000, 0.8117647058823529438, 0.5019607843137254832 ) ;
#1047 = UNCERTAINTY_MEASURE_WITH_UNIT (LENGTH_MEASURE( 1.000000000000000082E-05 ), #5220, 'distance_accuracy_value', 'NONE');
#1048 = VECTOR ( 'NONE', #6961, 1000.000000000000000 ) ;
#1049 = LINE ( 'NONE', #4653, #4263 ) ;
#1050 = CARTESIAN_POINT ( 'NONE',  ( 4.049999999999999822, 0.0000000000000000000, -2.050000000000001599 ) ) ;
#1051 =( NAMED_UNIT ( * ) PLANE_ANGLE_UNIT ( ) SI_UNIT ( $, .RADIAN. ) );
#1052 = VERTEX_POINT ( 'NONE', #4047 ) ;
#1053 = LINE ( 'NONE', #5404, #4277 ) ;
#1054 = DIRECTION ( 'NONE',  ( 1.000000000000000000, 0.0000000000000000000, 0.0000000000000000000 ) ) ;
#1055 = PRESENTATION_STYLE_ASSIGNMENT (( #1612 ) ) ;
#1056 = VERTEX_POINT ( 'NONE', #340 ) ;
#1057 = MECHANICAL_DESIGN_GEOMETRIC_PRESENTATION_REPRESENTATION (  '', ( #5272 ), #4011 ) ;
#1058 = VECTOR ( 'NONE', #4790, 1000.000000000000000 ) ;
#1059 = CARTESIAN_POINT ( 'NONE',  ( -1.949999999999999956, 0.0000000000000000000, -2.800000000000000266 ) ) ;
#1060 = DIRECTION ( 'NONE',  ( -1.000000000000000000, -0.0000000000000000000, -1.927470528863119049E-16 ) ) ;
#1061 = ORIENTED_EDGE ( 'NONE', *, *, #6429, .T. ) ;
#1062 = ORIENTED_EDGE ( 'NONE', *, *, #351, .T. ) ;
#1063 = ORIENTED_EDGE ( 'NONE', *, *, #2761, .F. ) ;
#1064 = CARTESIAN_POINT ( 'NONE',  ( -1.180000000000000160, 4.229999999999999538, 1.249999999999997558 ) ) ;
#1065 = VECTOR ( 'NONE', #3627, 1000.000000000000000 ) ;
#1066 =( GEOMETRIC_REPRESENTATION_CONTEXT ( 3 ) GLOBAL_UNCERTAINTY_ASSIGNED_CONTEXT ( ( #2506 ) ) GLOBAL_UNIT_ASSIGNED_CONTEXT ( ( #287, #3436, #7109 ) ) REPRESENTATION_CONTEXT ( 'NONE', 'WORKASPACE' ) );
#1067 = FILL_AREA_STYLE_COLOUR ( '', #4391 ) ;
#1068 = AXIS2_PLACEMENT_3D ( 'NONE', #793, #6903, #3227 ) ;
#1069 = CARTESIAN_POINT ( 'NONE',  ( 6.749999999999999112, 3.399999999999998579, -2.350000000000000977 ) ) ;
#1070 = EDGE_CURVE ( 'NONE', #7820, #5750, #5726, .T. ) ;
#1071 = DIRECTION ( 'NONE',  ( 1.000000000000000000, 0.0000000000000000000, 4.559728762789504105E-17 ) ) ;
#1072 = VERTEX_POINT ( 'NONE', #2736 ) ;
#1073 = SURFACE_STYLE_USAGE ( .BOTH. , #6447 ) ;
#1074 = AXIS2_PLACEMENT_3D ( 'NONE', #3356, #7019, #5622 ) ;
#1075 =( NAMED_UNIT ( * ) SI_UNIT ( $, .STERADIAN. ) SOLID_ANGLE_UNIT ( ) );
#1076 = SURFACE_SIDE_STYLE ('',( #7790 ) ) ;
#1077 = EDGE_CURVE ( 'NONE', #2873, #4942, #2095, .T. ) ;
#1078 = AXIS2_PLACEMENT_3D ( 'NONE', #6981, #6426, #2796 ) ;
#1079 = DIRECTION ( 'NONE',  ( 4.818676322157798361E-16, -0.0000000000000000000, 1.000000000000000000 ) ) ;
#1080 =( GEOMETRIC_REPRESENTATION_CONTEXT ( 3 ) GLOBAL_UNCERTAINTY_ASSIGNED_CONTEXT ( ( #5129 ) ) GLOBAL_UNIT_ASSIGNED_CONTEXT ( ( #3844, #325, #2161 ) ) REPRESENTATION_CONTEXT ( 'NONE', 'WORKASPACE' ) );
#1081 = ADVANCED_FACE ( 'NONE', ( #7625, #6339 ), #1547, .F. ) ;
#1082 = PRESENTATION_LAYER_ASSIGNMENT (  '', '', ( #3522 ) ) ;
#1083 = FACE_OUTER_BOUND ( 'NONE', #4251, .T. ) ;
#1084 = ORIENTED_EDGE ( 'NONE', *, *, #7614, .F. ) ;
#1085 = SURFACE_STYLE_USAGE ( .BOTH. , #2939 ) ;
#1086 = COLOUR_RGB ( '',1.000000000000000000, 0.8117647058823529438, 0.5019607843137254832 ) ;
#1087 = FILL_AREA_STYLE ('',( #4127 ) ) ;
#1088 = EDGE_CURVE ( 'NONE', #2126, #3441, #1001, .T. ) ;
#1089 = VECTOR ( 'NONE', #788, 1000.000000000000000 ) ;
#1090 =( NAMED_UNIT ( * ) PLANE_ANGLE_UNIT ( ) SI_UNIT ( $, .RADIAN. ) );
#1091 = EDGE_CURVE ( 'NONE', #5419, #2450, #4602, .T. ) ;
#1092 = SURFACE_STYLE_USAGE ( .BOTH. , #5893 ) ;
#1093 = STYLED_ITEM ( 'NONE', ( #4453 ), #3694 ) ;
#1094 = SURFACE_STYLE_FILL_AREA ( #4733 ) ;
#1095 = AXIS2_PLACEMENT_3D ( 'NONE', #3428, #4614, #1560 ) ;
#1096 = CARTESIAN_POINT ( 'NONE',  ( 9.350000000000001421, 1.149999999999999911, -2.350000000000000977 ) ) ;
#1097 = UNCERTAINTY_MEASURE_WITH_UNIT (LENGTH_MEASURE( 1.000000000000000082E-05 ), #6946, 'distance_accuracy_value', 'NONE');
#1098 = AXIS2_PLACEMENT_3D ( 'NONE', #6728, #6127, #2544 ) ;
#1099 = ORIENTED_EDGE ( 'NONE', *, *, #2034, .T. ) ;
#1100 = DIRECTION ( 'NONE',  ( -0.0000000000000000000, -0.0000000000000000000, -1.000000000000000000 ) ) ;
#1101 = FILL_AREA_STYLE ('',( #5490 ) ) ;
#1102 = ORIENTED_EDGE ( 'NONE', *, *, #7288, .T. ) ;
#1103 = CARTESIAN_POINT ( 'NONE',  ( -0.7000000000000000666, 0.2000000000000000389, 0.2500000000000002220 ) ) ;
#1104 = PRESENTATION_LAYER_ASSIGNMENT (  '', '', ( #4557 ) ) ;
#1105 = CARTESIAN_POINT ( 'NONE',  ( -1.949999999999999956, 6.000000000000000000, -2.800000000000000266 ) ) ;
#1106 = ORIENTED_EDGE ( 'NONE', *, *, #1088, .F. ) ;
#1107 = CARTESIAN_POINT ( 'NONE',  ( 6.249999999999998224, 4.999999999999999112, 0.2500000000000002220 ) ) ;
#1108 = ORIENTED_EDGE ( 'NONE', *, *, #4709, .T. ) ;
#1109 =( NAMED_UNIT ( * ) PLANE_ANGLE_UNIT ( ) SI_UNIT ( $, .RADIAN. ) );
#1110 = SURFACE_SIDE_STYLE ('',( #5339 ) ) ;
#1111 = STYLED_ITEM ( 'NONE', ( #5397 ), #6285 ) ;
#1112 = CARTESIAN_POINT ( 'NONE',  ( 2.833333333333321935, -4.383333333333339077, -0.8333333333333200477 ) ) ;
#1113 = LINE ( 'NONE', #7186, #7817 ) ;
#1114 = LINE ( 'NONE', #4234, #3400 ) ;
#1115 = VERTEX_POINT ( 'NONE', #2251 ) ;
#1116 = VERTEX_POINT ( 'NONE', #6449 ) ;
#1117 =( NAMED_UNIT ( * ) PLANE_ANGLE_UNIT ( ) SI_UNIT ( $, .RADIAN. ) );
#1118 = PRESENTATION_STYLE_ASSIGNMENT (( #529 ) ) ;
#1119 = EDGE_CURVE ( 'NONE', #857, #5091, #7704, .T. ) ;
#1120 = VERTEX_POINT ( 'NONE', #3418 ) ;
#1121 = CARTESIAN_POINT ( 'NONE',  ( 8.220000000000002416, 4.230000000000000426, 1.700000000000000178 ) ) ;
#1122 = ORIENTED_EDGE ( 'NONE', *, *, #7816, .T. ) ;
#1123 = ORIENTED_EDGE ( 'NONE', *, *, #2855, .T. ) ;
#1124 = DIRECTION ( 'NONE',  ( -0.7071067811865473507, 0.7071067811865477948, 3.407318703740830925E-16 ) ) ;
#1125 = ORIENTED_EDGE ( 'NONE', *, *, #7828, .T. ) ;
#1126 = EDGE_CURVE ( 'NONE', #7850, #1638, #3330, .T. ) ;
#1127 = EDGE_LOOP ( 'NONE', ( #3724, #291, #5862, #2284 ) ) ;
#1128 = PLANE ( 'NONE',  #2136 ) ;
#1129 = FILL_AREA_STYLE ('',( #6578 ) ) ;
#1130 = ADVANCED_FACE ( 'NONE', ( #409 ), #5274, .F. ) ;
#1131 = PRESENTATION_LAYER_ASSIGNMENT (  '', '', ( #7261 ) ) ;
#1132 = PLANE ( 'NONE',  #1251 ) ;
#1133 = DIRECTION ( 'NONE',  ( -8.106184467181340768E-17, 0.0000000000000000000, 1.000000000000000000 ) ) ;
#1134 = STYLED_ITEM ( 'NONE', ( #2242 ), #1388 ) ;
#1135 = ORIENTED_EDGE ( 'NONE', *, *, #4363, .T. ) ;
#1136 = ORIENTED_EDGE ( 'NONE', *, *, #7648, .T. ) ;
#1137 = DIRECTION ( 'NONE',  ( -3.833233541708420554E-17, -0.7071067811865447972, -0.7071067811865502373 ) ) ;
#1138 = CARTESIAN_POINT ( 'NONE',  ( 4.750000000000000888, 3.149999999999999023, -2.050000000000001599 ) ) ;
#1139 = FACE_BOUND ( 'NONE', #2238, .T. ) ;
#1140 = EDGE_CURVE ( 'NONE', #2188, #1952, #4758, .T. ) ;
#1141 = ORIENTED_EDGE ( 'NONE', *, *, #7516, .T. ) ;
#1142 = MECHANICAL_DESIGN_GEOMETRIC_PRESENTATION_REPRESENTATION (  '', ( #7403 ), #2175 ) ;
#1143 =( LENGTH_UNIT ( ) NAMED_UNIT ( * ) SI_UNIT ( .MILLI., .METRE. ) );
#1144 = PLANE ( 'NONE',  #7075 ) ;
#1145 = ORIENTED_EDGE ( 'NONE', *, *, #3097, .T. ) ;
#1146 = ORIENTED_EDGE ( 'NONE', *, *, #3879, .T. ) ;
#1147 = CARTESIAN_POINT ( 'NONE',  ( -1.949999999999999956, 1.800000000000000044, 0.2500000000000002220 ) ) ;
#1148 = AXIS2_PLACEMENT_3D ( 'NONE', #1891, #3781, #1032 ) ;
#1149 = ORIENTED_EDGE ( 'NONE', *, *, #3203, .T. ) ;
#1150 = LINE ( 'NONE', #559, #3121 ) ;
#1151 = EDGE_LOOP ( 'NONE', ( #983, #5113, #7227, #4763 ) ) ;
#1152 = ORIENTED_EDGE ( 'NONE', *, *, #7545, .F. ) ;
#1153 = AXIS2_PLACEMENT_3D ( 'NONE', #6114, #5504, #1910 ) ;
#1154 = FILL_AREA_STYLE ('',( #46 ) ) ;
#1155 = FILL_AREA_STYLE_COLOUR ( '', #2821 ) ;
#1156 = DIRECTION ( 'NONE',  ( 0.0000000000000000000, -0.0000000000000000000, 1.000000000000000000 ) ) ;
#1157 = ORIENTED_EDGE ( 'NONE', *, *, #3836, .F. ) ;
#1158 = COLOUR_RGB ( '',1.000000000000000000, 0.8117647058823529438, 0.5019607843137254832 ) ;
#1159 = PLANE ( 'NONE',  #2230 ) ;
#1160 = DIRECTION ( 'NONE',  ( 0.0000000000000000000, -0.0000000000000000000, 1.000000000000000000 ) ) ;
#1161 = ORIENTED_EDGE ( 'NONE', *, *, #6318, .F. ) ;
#1162 = ADVANCED_BREP_SHAPE_REPRESENTATION ( 'JST-B5B-PH-K-S', ( #3603, #3409 ), #3649 ) ;
#1163 = VECTOR ( 'NONE', #3165, 1000.000000000000114 ) ;
#1164 = ORIENTED_EDGE ( 'NONE', *, *, #5435, .T. ) ;
#1165 = EDGE_LOOP ( 'NONE', ( #4698, #1325, #4689, #1426 ) ) ;
#1166 =( LENGTH_UNIT ( ) NAMED_UNIT ( * ) SI_UNIT ( .MILLI., .METRE. ) );
#1167 = ORIENTED_EDGE ( 'NONE', *, *, #1126, .T. ) ;
#1168 = SURFACE_STYLE_FILL_AREA ( #7284 ) ;
#1169 = LINE ( 'NONE', #5356, #2936 ) ;
#1170 = STYLED_ITEM ( 'NONE', ( #5243 ), #5675 ) ;
#1171 = FILL_AREA_STYLE ('',( #5520 ) ) ;
#1172 =( NAMED_UNIT ( * ) SI_UNIT ( $, .STERADIAN. ) SOLID_ANGLE_UNIT ( ) );
#1173 = EDGE_CURVE ( 'NONE', #7139, #1269, #7909, .T. ) ;
#1174 = UNCERTAINTY_MEASURE_WITH_UNIT (LENGTH_MEASURE( 1.000000000000000082E-05 ), #2026, 'distance_accuracy_value', 'NONE');
#1175 = ORIENTED_EDGE ( 'NONE', *, *, #5970, .T. ) ;
#1176 = CARTESIAN_POINT ( 'NONE',  ( 2.250000000000000000, -3.299999999999998490, 0.2500000000000002220 ) ) ;
#1177 =( NAMED_UNIT ( * ) PLANE_ANGLE_UNIT ( ) SI_UNIT ( $, .RADIAN. ) );
#1178 = ORIENTED_EDGE ( 'NONE', *, *, #6227, .F. ) ;
#1179 = ORIENTED_EDGE ( 'NONE', *, *, #6508, .F. ) ;
#1180 = VECTOR ( 'NONE', #806, 1000.000000000000000 ) ;
#1181 = ADVANCED_FACE ( 'NONE', ( #4116 ), #3642, .F. ) ;
#1182 = EDGE_CURVE ( 'NONE', #4742, #7013, #5465, .T. ) ;
#1183 = UNCERTAINTY_MEASURE_WITH_UNIT (LENGTH_MEASURE( 1.000000000000000082E-05 ), #7406, 'distance_accuracy_value', 'NONE');
#1184 = FACE_OUTER_BOUND ( 'NONE', #4122, .T. ) ;
#1185 = CARTESIAN_POINT ( 'NONE',  ( 1.750000000000000222, 1.800000000000000044, 0.2500000000000002220 ) ) ;
#1186 = EDGE_CURVE ( 'NONE', #5919, #3441, #1038, .T. ) ;
#1187 = SURFACE_STYLE_FILL_AREA ( #2358 ) ;
#1188 = COLOUR_RGB ( '',1.000000000000000000, 0.8117647058823529438, 0.5019607843137254832 ) ;
#1189 = PRESENTATION_LAYER_ASSIGNMENT (  '', '', ( #1682 ) ) ;
#1190 =( NAMED_UNIT ( * ) SI_UNIT ( $, .STERADIAN. ) SOLID_ANGLE_UNIT ( ) );
#1191 = ORIENTED_EDGE ( 'NONE', *, *, #6997, .F. ) ;
#1192 = SURFACE_SIDE_STYLE ('',( #5376 ) ) ;
#1193 = ORIENTED_EDGE ( 'NONE', *, *, #321, .F. ) ;
#1194 = STYLED_ITEM ( 'NONE', ( #7531 ), #6563 ) ;
#1195 = FACE_OUTER_BOUND ( 'NONE', #5152, .T. ) ;
#1196 = FACE_OUTER_BOUND ( 'NONE', #3647, .T. ) ;
#1197 = ADVANCED_FACE ( 'NONE', ( #5315 ), #2333, .T. ) ;
#1198 = LINE ( 'NONE', #3707, #1352 ) ;
#1199 = STYLED_ITEM ( 'NONE', ( #4082 ), #467 ) ;
#1200 = ORIENTED_EDGE ( 'NONE', *, *, #3444, .F. ) ;
#1201 = VECTOR ( 'NONE', #4793, 1000.000000000000000 ) ;
#1202 =( NAMED_UNIT ( * ) SI_UNIT ( $, .STERADIAN. ) SOLID_ANGLE_UNIT ( ) );
#1203 = UNCERTAINTY_MEASURE_WITH_UNIT (LENGTH_MEASURE( 1.000000000000000082E-05 ), #1143, 'distance_accuracy_value', 'NONE');
#1204 = FILL_AREA_STYLE ('',( #7276 ) ) ;
#1205 = MECHANICAL_DESIGN_GEOMETRIC_PRESENTATION_REPRESENTATION (  '', ( #2100 ), #5398 ) ;
#1206 = STYLED_ITEM ( 'NONE', ( #3993 ), #7046 ) ;
#1207 = ORIENTED_EDGE ( 'NONE', *, *, #7515, .T. ) ;
#1208 = CARTESIAN_POINT ( 'NONE',  ( -1.350000000000000089, 5.650000000000000355, 1.249999999999997558 ) ) ;
#1209 = EDGE_LOOP ( 'NONE', ( #735, #2786, #1591, #1167 ) ) ;
#1210 = COLOUR_RGB ( '',1.000000000000000000, 1.000000000000000000, 1.000000000000000000 ) ;
#1211 = PRESENTATION_STYLE_ASSIGNMENT (( #536 ) ) ;
#1212 = FILL_AREA_STYLE ('',( #6051 ) ) ;
#1213 = PRESENTATION_LAYER_ASSIGNMENT (  '', '', ( #707 ) ) ;
#1214 =( LENGTH_UNIT ( ) NAMED_UNIT ( * ) SI_UNIT ( .MILLI., .METRE. ) );
#1215 = CIRCLE ( 'NONE', #1078, 0.4999999999999995559 ) ;
#1216 = COLOUR_RGB ( '',1.000000000000000000, 0.8117647058823529438, 0.5019607843137254832 ) ;
#1217 = CARTESIAN_POINT ( 'NONE',  ( -1.350000000000000089, 1.799999999999999600, 1.249999999999997558 ) ) ;
#1218 = VECTOR ( 'NONE', #2826, 1000.000000000000000 ) ;
#1219 = PLANE ( 'NONE',  #6582 ) ;
#1220 = FACE_OUTER_BOUND ( 'NONE', #7521, .T. ) ;
#1221 = VECTOR ( 'NONE', #935, 1000.000000000000000 ) ;
#1222 = SURFACE_STYLE_FILL_AREA ( #5485 ) ;
#1223 = VECTOR ( 'NONE', #2328, 999.9999999999998863 ) ;
#1224 = VERTEX_POINT ( 'NONE', #3810 ) ;
#1225 = DIRECTION ( 'NONE',  ( 1.000000000000000000, -3.872150616019660190E-17, -4.336808689942017736E-16 ) ) ;
#1226 = EDGE_LOOP ( 'NONE', ( #5225, #2662, #535, #4712, #4216, #4468, #1777, #6439, #333, #16, #2494, #7729 ) ) ;
#1227 = CARTESIAN_POINT ( 'NONE',  ( -1.180000000000000382, 2.250000000000000000, 1.249999999999997558 ) ) ;
#1228 = ORIENTED_EDGE ( 'NONE', *, *, #5378, .F. ) ;
#1229 = EDGE_CURVE ( 'NONE', #6695, #7850, #6793, .T. ) ;
#1230 = DIRECTION ( 'NONE',  ( 0.0000000000000000000, 0.0000000000000000000, 1.000000000000000000 ) ) ;
#1231 = COLOUR_RGB ( '',0.7921568627450980005, 0.8196078431372548767, 0.9333333333333333481 ) ;
#1232 = COLOUR_RGB ( '',1.000000000000000000, 1.000000000000000000, 1.000000000000000000 ) ;
#1233 = DIRECTION ( 'NONE',  ( 1.000000000000000000, -5.421010862427522170E-17, 0.0000000000000000000 ) ) ;
#1234 = CARTESIAN_POINT ( 'NONE',  ( 5.850000000000003197, -3.399999999999999911, 0.1499999999999973577 ) ) ;
#1235 = FILL_AREA_STYLE ('',( #1266 ) ) ;
#1236 = CLOSED_SHELL ( 'NONE', ( #7171, #4108, #1081, #3331, #3353, #3397, #1000, #1828, #7134, #265, #2918, #7037, #5469, #1794, #5838, #6563, #2820, #3581, #6456, #1197, #2017, #5776, #6173, #413, #1568, #3052, #2799, #5478, #1334, #618, #2308, #560, #7029, #6647, #988, #3839, #5725, #5766, #6091, #2171, #2955, #1181, #1130, #5883, #6715, #3137, #5888, #4841, #1249, #6952, #7864, #2674, #2524, #7592, #5682, #4848, #1659, #3532, #6069, #2757, #467, #3244, #1555, #2132, #24, #2121, #3984, #6573, #6904, #2567, #6285, #159, #7277, #7808, #5877, #7448, #4739, #5197, #7046, #760, #995, #397, #4354, #5728, #168, #5773, #1323, #2324, #7463, #4701, #4432, #2274, #136, #515, #498, #6329, #5053, #3108, #6419, #4938, #3678, #715, #7381, #1806, #3927, #4604, #1384, #5771, #6990, #5326, #7247, #853, #3694, #563, #1698, #2177, #5422, #1508, #2168, #7027, #1515, #6437, #6029, #4807, #2311, #6043, #4209, #6790, #6024, #4062, #7505, #5517, #2299, #7348, #411, #5239, #7049, #7600, #4652, #175, #804, #763, #7698, #7524, #4507, #1391, #1815, #4271, #3447, #5080, #7497, #3825, #6124, #1388, #891, #7399, #4558, #5832, #1949, #2511, #3705, #947, #6483, #314, #6914, #3968, #6522, #6359, #1917, #6955, #3201, #7198, #3390, #5675, #3802, #911, #4359, #2708, #5329 ) ) ;
#1237 = EDGE_LOOP ( 'NONE', ( #5223, #6352, #4659, #1579 ) ) ;
#1238 = LINE ( 'NONE', #5499, #6723 ) ;
#1239 = AXIS2_PLACEMENT_3D ( 'NONE', #6783, #641, #4439 ) ;
#1240 = PLANE ( 'NONE',  #3833 ) ;
#1241 = EDGE_CURVE ( 'NONE', #658, #5383, #1835, .T. ) ;
#1242 = SURFACE_STYLE_FILL_AREA ( #5343 ) ;
#1243 = PLANE ( 'NONE',  #1153 ) ;
#1244 = PLANE ( 'NONE',  #2122 ) ;
#1245 = VERTEX_POINT ( 'NONE', #1959 ) ;
#1246 = CARTESIAN_POINT ( 'NONE',  ( 7.750000000000000000, -3.399999999999999911, -0.2499999999999997780 ) ) ;
#1247 = EDGE_CURVE ( 'NONE', #5983, #1284, #1321, .T. ) ;
#1248 = CARTESIAN_POINT ( 'NONE',  ( -1.350000000000000089, 5.650000000000000355, -2.350000000000001421 ) ) ;
#1249 = ADVANCED_FACE ( 'NONE', ( #3176 ), #1286, .F. ) ;
#1250 = VERTEX_POINT ( 'NONE', #3129 ) ;
#1251 = AXIS2_PLACEMENT_3D ( 'NONE', #4769, #6014, #65 ) ;
#1252 = ORIENTED_EDGE ( 'NONE', *, *, #647, .T. ) ;
#1253 = EDGE_CURVE ( 'NONE', #6989, #3036, #771, .T. ) ;
#1254 = PRESENTATION_STYLE_ASSIGNMENT (( #3095 ) ) ;
#1255 = FILL_AREA_STYLE ('',( #4882 ) ) ;
#1256 = DIRECTION ( 'NONE',  ( -0.7071067811865444641, -0.7071067811865505703, 1.662400053425843252E-32 ) ) ;
#1257 = PRESENTATION_STYLE_ASSIGNMENT (( #2588 ) ) ;
#1258 = CARTESIAN_POINT ( 'NONE',  ( 5.299999999999998934, 0.2000000000000000389, -2.800000000000000266 ) ) ;
#1259 = EDGE_LOOP ( 'NONE', ( #7830, #251, #95, #4752, #3323, #7865 ) ) ;
#1260 = PLANE ( 'NONE',  #3276 ) ;
#1261 = UNCERTAINTY_MEASURE_WITH_UNIT (LENGTH_MEASURE( 1.000000000000000082E-05 ), #7017, 'distance_accuracy_value', 'NONE');
#1262 = SURFACE_SIDE_STYLE ('',( #4893 ) ) ;
#1263 = CARTESIAN_POINT ( 'NONE',  ( -1.950000000000000400, 1.380000000000000782, 1.300000000000000044 ) ) ;
#1264 =( LENGTH_UNIT ( ) NAMED_UNIT ( * ) SI_UNIT ( .MILLI., .METRE. ) );
#1265 = DIRECTION ( 'NONE',  ( -0.0000000000000000000, 1.000000000000000000, -0.0000000000000000000 ) ) ;
#1266 = FILL_AREA_STYLE_COLOUR ( '', #1232 ) ;
#1267 = STYLED_ITEM ( 'NONE', ( #6348 ), #6069 ) ;
#1268 =( LENGTH_UNIT ( ) NAMED_UNIT ( * ) SI_UNIT ( .MILLI., .METRE. ) );
#1269 = VERTEX_POINT ( 'NONE', #5594 ) ;
#1270 = FILL_AREA_STYLE_COLOUR ( '', #6585 ) ;
#1271 = DIRECTION ( 'NONE',  ( 3.872150616019660190E-17, 1.000000000000000000, -0.0000000000000000000 ) ) ;
#1272 = ORIENTED_EDGE ( 'NONE', *, *, #7658, .T. ) ;
#1273 = VECTOR ( 'NONE', #4173, 1000.000000000000000 ) ;
#1274 = LINE ( 'NONE', #87, #3965 ) ;
#1275 = PRESENTATION_STYLE_ASSIGNMENT (( #6750 ) ) ;
#1276 = FACE_OUTER_BOUND ( 'NONE', #1375, .T. ) ;
#1277 = FILL_AREA_STYLE_COLOUR ( '', #1924 ) ;
#1278 = VECTOR ( 'NONE', #4230, 1000.000000000000000 ) ;
#1279 =( LENGTH_UNIT ( ) NAMED_UNIT ( * ) SI_UNIT ( .MILLI., .METRE. ) );
#1280 = DIRECTION ( 'NONE',  ( 0.0000000000000000000, 1.000000000000000000, 0.0000000000000000000 ) ) ;
#1281 = VERTEX_POINT ( 'NONE', #134 ) ;
#1282 = VERTEX_POINT ( 'NONE', #6843 ) ;
#1283 = EDGE_CURVE ( 'NONE', #4999, #2181, #3246, .T. ) ;
#1284 = VERTEX_POINT ( 'NONE', #3848 ) ;
#1285 = LINE ( 'NONE', #2492, #4246 ) ;
#1286 = PLANE ( 'NONE',  #2170 ) ;
#1287 = ORIENTED_EDGE ( 'NONE', *, *, #2863, .F. ) ;
#1288 = CARTESIAN_POINT ( 'NONE',  ( -1.949999999999999956, 1.800000000000000044, -0.2499999999999997780 ) ) ;
#1289 = SURFACE_STYLE_FILL_AREA ( #1923 ) ;
#1290 = EDGE_CURVE ( 'NONE', #2840, #2928, #2007, .T. ) ;
#1291 = ORIENTED_EDGE ( 'NONE', *, *, #211, .T. ) ;
#1292 = CARTESIAN_POINT ( 'NONE',  ( 8.250000000000000000, 1.800000000000000044, -2.800000000000000266 ) ) ;
#1293 = PLANE ( 'NONE',  #540 ) ;
#1294 = CARTESIAN_POINT ( 'NONE',  ( 1.250000000000000666, 1.149999999999999911, -2.050000000000001599 ) ) ;
#1295 = MECHANICAL_DESIGN_GEOMETRIC_PRESENTATION_REPRESENTATION (  '', ( #3340 ), #5112 ) ;
#1296 = UNCERTAINTY_MEASURE_WITH_UNIT (LENGTH_MEASURE( 1.000000000000000082E-05 ), #5744, 'distance_accuracy_value', 'NONE');
#1297 = CARTESIAN_POINT ( 'NONE',  ( 7.850000000000003197, -3.399999999999999911, -0.1499999999999969136 ) ) ;
#1298 = CARTESIAN_POINT ( 'NONE',  ( 2.750000000000000444, 3.399999999999999467, -2.050000000000001599 ) ) ;
#1299 = CARTESIAN_POINT ( 'NONE',  ( -0.7000000000000002887, 0.0000000000000000000, 1.700000000000000178 ) ) ;
#1300 = PRESENTATION_LAYER_ASSIGNMENT (  '', '', ( #7163 ) ) ;
#1301 = EDGE_LOOP ( 'NONE', ( #6413, #3873, #5117, #3583 ) ) ;
#1302 = UNCERTAINTY_MEASURE_WITH_UNIT (LENGTH_MEASURE( 1.000000000000000082E-05 ), #4229, 'distance_accuracy_value', 'NONE');
#1303 = CARTESIAN_POINT ( 'NONE',  ( 5.750000000000001776, 4.999999999999999112, -0.2499999999999997780 ) ) ;
#1304 =( GEOMETRIC_REPRESENTATION_CONTEXT ( 3 ) GLOBAL_UNCERTAINTY_ASSIGNED_CONTEXT ( ( #474 ) ) GLOBAL_UNIT_ASSIGNED_CONTEXT ( ( #263, #5759, #819 ) ) REPRESENTATION_CONTEXT ( 'NONE', 'WORKASPACE' ) );
#1305 = FACE_OUTER_BOUND ( 'NONE', #2196, .T. ) ;
#1306 =( NAMED_UNIT ( * ) PLANE_ANGLE_UNIT ( ) SI_UNIT ( $, .RADIAN. ) );
#1307 = VERTEX_POINT ( 'NONE', #6292 ) ;
#1308 =( LENGTH_UNIT ( ) NAMED_UNIT ( * ) SI_UNIT ( .MILLI., .METRE. ) );
#1309 = CARTESIAN_POINT ( 'NONE',  ( 7.750000000000000000, 5.000000000000000888, 0.2500000000000002220 ) ) ;
#1310 = VECTOR ( 'NONE', #2658, 1000.000000000000000 ) ;
#1311 = ORIENTED_EDGE ( 'NONE', *, *, #34, .T. ) ;
#1312 = CARTESIAN_POINT ( 'NONE',  ( -1.350000000000000089, -11.28937553631732271, -2.350000000000001421 ) ) ;
#1313 = LINE ( 'NONE', #4506, #6637 ) ;
#1314 =( NAMED_UNIT ( * ) SI_UNIT ( $, .STERADIAN. ) SOLID_ANGLE_UNIT ( ) );
#1315 =( GEOMETRIC_REPRESENTATION_CONTEXT ( 3 ) GLOBAL_UNCERTAINTY_ASSIGNED_CONTEXT ( ( #184 ) ) GLOBAL_UNIT_ASSIGNED_CONTEXT ( ( #459, #7668, #4567 ) ) REPRESENTATION_CONTEXT ( 'NONE', 'WORKASPACE' ) );
#1316 = AXIS2_PLACEMENT_3D ( 'NONE', #4875, #6000, #1834 ) ;
#1317 = CARTESIAN_POINT ( 'NONE',  ( 0.7500000000000002220, 3.399999999999999467, -2.050000000000001599 ) ) ;
#1318 = DIRECTION ( 'NONE',  ( 3.872150616019660190E-17, 1.000000000000000000, -0.0000000000000000000 ) ) ;
#1319 = ORIENTED_EDGE ( 'NONE', *, *, #324, .F. ) ;
#1320 = MECHANICAL_DESIGN_GEOMETRIC_PRESENTATION_REPRESENTATION (  '', ( #1556 ), #7721 ) ;
#1321 = LINE ( 'NONE', #3711, #1635 ) ;
#1322 = VERTEX_POINT ( 'NONE', #810 ) ;
#1323 = ADVANCED_FACE ( 'NONE', ( #1537 ), #4518, .F. ) ;
#1324 = STYLED_ITEM ( 'NONE', ( #787 ), #3390 ) ;
#1325 = ORIENTED_EDGE ( 'NONE', *, *, #7452, .F. ) ;
#1326 = STYLED_ITEM ( 'NONE', ( #994 ), #6914 ) ;
#1327 = STYLED_ITEM ( 'NONE', ( #7 ), #5053 ) ;
#1328 = FILL_AREA_STYLE_COLOUR ( '', #1216 ) ;
#1329 = ORIENTED_EDGE ( 'NONE', *, *, #369, .F. ) ;
#1330 = DIRECTION ( 'NONE',  ( -1.000000000000000000, 0.0000000000000000000, -8.106184467181340768E-17 ) ) ;
#1331 = SURFACE_STYLE_FILL_AREA ( #3141 ) ;
#1332 = COLOUR_RGB ( '',1.000000000000000000, 0.8117647058823529438, 0.5019607843137254832 ) ;
#1333 = AXIS2_PLACEMENT_3D ( 'NONE', #4822, #6593, #3512 ) ;
#1334 = ADVANCED_FACE ( 'NONE', ( #7530 ), #5154, .T. ) ;
#1335 = DIRECTION ( 'NONE',  ( 1.927470528863119542E-16, -1.000000000000000000, 0.0000000000000000000 ) ) ;
#1336 = COLOUR_RGB ( '',1.000000000000000000, 1.000000000000000000, 1.000000000000000000 ) ;
#1337 = AXIS2_PLACEMENT_3D ( 'NONE', #7481, #7525, #3237 ) ;
#1338 = STYLED_ITEM ( 'NONE', ( #6742 ), #7247 ) ;
#1339 = PLANE ( 'NONE',  #1148 ) ;
#1340 = PLANE ( 'NONE',  #2216 ) ;
#1341 = ORIENTED_EDGE ( 'NONE', *, *, #3820, .T. ) ;
#1342 = FACE_OUTER_BOUND ( 'NONE', #2640, .T. ) ;
#1343 = CARTESIAN_POINT ( 'NONE',  ( 3.250000000000000888, 3.149999999999999023, -2.050000000000001599 ) ) ;
#1344 = COLOUR_RGB ( '',1.000000000000000000, 1.000000000000000000, 1.000000000000000000 ) ;
#1345 = DIRECTION ( 'NONE',  ( 3.872150616019660190E-17, 1.000000000000000000, -0.0000000000000000000 ) ) ;
#1346 = STYLED_ITEM ( 'NONE', ( #102 ), #2324 ) ;
#1347 = COLOUR_RGB ( '',1.000000000000000000, 1.000000000000000000, 1.000000000000000000 ) ;
#1348 = EDGE_CURVE ( 'NONE', #4942, #7201, #5837, .T. ) ;
#1349 = SURFACE_SIDE_STYLE ('',( #81 ) ) ;
#1350 = AXIS2_PLACEMENT_3D ( 'NONE', #283, #908, #871 ) ;
#1351 = SURFACE_SIDE_STYLE ('',( #6978 ) ) ;
#1352 = VECTOR ( 'NONE', #4394, 1000.000000000000000 ) ;
#1353 = DIRECTION ( 'NONE',  ( -8.761229676650543371E-16, -1.000000000000000000, 0.0000000000000000000 ) ) ;
#1354 = EDGE_LOOP ( 'NONE', ( #2974, #742, #7644, #1497 ) ) ;
#1355 =( GEOMETRIC_REPRESENTATION_CONTEXT ( 3 ) GLOBAL_UNCERTAINTY_ASSIGNED_CONTEXT ( ( #4934 ) ) GLOBAL_UNIT_ASSIGNED_CONTEXT ( ( #4430, #3865, #7380 ) ) REPRESENTATION_CONTEXT ( 'NONE', 'WORKASPACE' ) );
#1356 = EDGE_LOOP ( 'NONE', ( #892, #5408, #7903, #3830, #3216 ) ) ;
#1357 = CARTESIAN_POINT ( 'NONE',  ( 8.679999999999999716, 6.000000000000000000, 1.700000000000000178 ) ) ;
#1358 = CARTESIAN_POINT ( 'NONE',  ( 9.950000000000001066, 0.8200000000000027267, 1.300000000000000044 ) ) ;
#1359 = STYLED_ITEM ( 'NONE', ( #1770 ), #4108 ) ;
#1360 =( LENGTH_UNIT ( ) NAMED_UNIT ( * ) SI_UNIT ( .MILLI., .METRE. ) );
#1361 = COLOUR_RGB ( '',1.000000000000000000, 0.8117647058823529438, 0.5019607843137254832 ) ;
#1362 = COLOUR_RGB ( '',1.000000000000000000, 1.000000000000000000, 1.000000000000000000 ) ;
#1363 = SURFACE_SIDE_STYLE ('',( #2532 ) ) ;
#1364 = CARTESIAN_POINT ( 'NONE',  ( 3.850000000000002309, -3.399999999999999911, -0.1499999999999969136 ) ) ;
#1365 = LINE ( 'NONE', #5506, #6713 ) ;
#1366 = VECTOR ( 'NONE', #3570, 1000.000000000000000 ) ;
#1367 = ORIENTED_EDGE ( 'NONE', *, *, #3664, .T. ) ;
#1368 = ORIENTED_EDGE ( 'NONE', *, *, #7853, .T. ) ;
#1369 =( NAMED_UNIT ( * ) SI_UNIT ( $, .STERADIAN. ) SOLID_ANGLE_UNIT ( ) );
#1370 = VERTEX_POINT ( 'NONE', #7696 ) ;
#1371 = VECTOR ( 'NONE', #3338, 999.9999999999998863 ) ;
#1372 = CARTESIAN_POINT ( 'NONE',  ( 0.7500000000000002220, 3.149999999999999023, -2.050000000000001599 ) ) ;
#1373 = CARTESIAN_POINT ( 'NONE',  ( 9.950000000000001066, 6.000000000000000000, 1.699999999999999289 ) ) ;
#1374 = DIRECTION ( 'NONE',  ( 1.000000000000000000, -0.0000000000000000000, -7.288754100742886941E-17 ) ) ;
#1375 = EDGE_LOOP ( 'NONE', ( #6631, #5875, #5968, #4775 ) ) ;
#1377 = EDGE_CURVE ( 'NONE', #3242, #6032, #2198, .T. ) ;
#1376 = CARTESIAN_POINT ( 'NONE',  ( 6.149999999999995914, 5.100000000000001421, -2.800000000000000266 ) ) ;
#1378 = DIRECTION ( 'NONE',  ( 1.000000000000000000, 0.0000000000000000000, -0.0000000000000000000 ) ) ;
#1379 = STYLED_ITEM ( 'NONE', ( #3076 ), #6029 ) ;
#1380 = UNCERTAINTY_MEASURE_WITH_UNIT (LENGTH_MEASURE( 1.000000000000000082E-05 ), #3248, 'distance_accuracy_value', 'NONE');
#1381 = DIRECTION ( 'NONE',  ( 4.336808689942017736E-16, 0.0000000000000000000, 1.000000000000000000 ) ) ;
#1382 = CARTESIAN_POINT ( 'NONE',  ( 3.850000000000004974, 5.100000000000001421, -0.1499999999999951927 ) ) ;
#1384 = ADVANCED_FACE ( 'NONE', ( #3293 ), #4040, .F. ) ;
#1383 = CARTESIAN_POINT ( 'NONE',  ( -1.949999999999999956, 0.0000000000000000000, -2.800000000000000266 ) ) ;
#1385 = PLANE ( 'NONE',  #4603 ) ;
#1386 = ORIENTED_EDGE ( 'NONE', *, *, #4500, .T. ) ;
#1387 = PRESENTATION_STYLE_ASSIGNMENT (( #1988 ) ) ;
#1388 = ADVANCED_FACE ( 'NONE', ( #2961 ), #7814, .T. ) ;
#1389 = CARTESIAN_POINT ( 'NONE',  ( 1.750000000000000222, -3.399999999999999911, 0.2500000000000002220 ) ) ;
#1391 = ADVANCED_FACE ( 'NONE', ( #2322 ), #1029, .T. ) ;
#1390 = ORIENTED_EDGE ( 'NONE', *, *, #4748, .F. ) ;
#1392 = LINE ( 'NONE', #2443, #4042 ) ;
#1393 =( NAMED_UNIT ( * ) SI_UNIT ( $, .STERADIAN. ) SOLID_ANGLE_UNIT ( ) );
#1394 = UNCERTAINTY_MEASURE_WITH_UNIT (LENGTH_MEASURE( 1.000000000000000082E-05 ), #3350, 'distance_accuracy_value', 'NONE');
#1395 = SURFACE_STYLE_FILL_AREA ( #1909 ) ;
#1396 = CARTESIAN_POINT ( 'NONE',  ( 6.749999999999999112, 3.149999999999999467, -2.050000000000002043 ) ) ;
#1397 = ORIENTED_EDGE ( 'NONE', *, *, #1348, .T. ) ;
#1398 = ORIENTED_EDGE ( 'NONE', *, *, #1140, .F. ) ;
#1399 = DIRECTION ( 'NONE',  ( -5.421010862427522170E-17, -1.000000000000000000, 2.350988701644575016E-32 ) ) ;
#1400 = SURFACE_SIDE_STYLE ('',( #5040 ) ) ;
#1401 = COLOUR_RGB ( '',1.000000000000000000, 0.8117647058823529438, 0.5019607843137254832 ) ;
#1402 = PRESENTATION_LAYER_ASSIGNMENT (  '', '', ( #648 ) ) ;
#1403 = PLANE ( 'NONE',  #3620 ) ;
#1404 = ORIENTED_EDGE ( 'NONE', *, *, #5125, .T. ) ;
#1405 = DIRECTION ( 'NONE',  ( 1.000000000000000000, -5.421010862427522170E-17, 0.0000000000000000000 ) ) ;
#1406 = CARTESIAN_POINT ( 'NONE',  ( 8.250000000000000000, -3.399999999999999911, -0.2499999999999997780 ) ) ;
#1407 = ORIENTED_EDGE ( 'NONE', *, *, #2817, .F. ) ;
#1409 = ORIENTED_EDGE ( 'NONE', *, *, #2772, .T. ) ;
#1408 = LINE ( 'NONE', #698, #2653 ) ;
#1410 = DIRECTION ( 'NONE',  ( 0.0000000000000000000, 0.0000000000000000000, -1.000000000000000000 ) ) ;
#1411 = CARTESIAN_POINT ( 'NONE',  ( 1.750000000000000666, 4.999999999999999112, 0.2500000000000002220 ) ) ;
#1412 = VECTOR ( 'NONE', #2039, 1000.000000000000000 ) ;
#1413 =( LENGTH_UNIT ( ) NAMED_UNIT ( * ) SI_UNIT ( .MILLI., .METRE. ) );
#1414 =( LENGTH_UNIT ( ) NAMED_UNIT ( * ) SI_UNIT ( .MILLI., .METRE. ) );
#1415 = LINE ( 'NONE', #5697, #1447 ) ;
#1416 = PLANE ( 'NONE',  #3788 ) ;
#1417 = VECTOR ( 'NONE', #5251, 1000.000000000000000 ) ;
#1418 = FILL_AREA_STYLE_COLOUR ( '', #5947 ) ;
#1419 = ORIENTED_EDGE ( 'NONE', *, *, #7188, .T. ) ;
#1420 = EDGE_LOOP ( 'NONE', ( #1931, #7773, #2901, #5026, #3362, #199, #2795, #2767, #4275, #7597, #5347, #5685, #992, #2660, #5097, #856, #5715, #3762, #7656, #1444, #2912, #3189, #1810, #3639 ) ) ;
#1421 = DIRECTION ( 'NONE',  ( 1.000000000000000000, -0.0000000000000000000, 1.927470528863119295E-16 ) ) ;
#1422 = EDGE_CURVE ( 'NONE', #1972, #5164, #3597, .T. ) ;
#1423 = CARTESIAN_POINT ( 'NONE',  ( -1.949999999999999956, 1.800000000000000044, 0.2500000000000002220 ) ) ;
#1424 = LINE ( 'NONE', #240, #4799 ) ;
#1425 = FILL_AREA_STYLE ('',( #6905 ) ) ;
#1426 = ORIENTED_EDGE ( 'NONE', *, *, #1728, .T. ) ;
#1427 = PRESENTATION_STYLE_ASSIGNMENT (( #4470 ) ) ;
#1428 = CARTESIAN_POINT ( 'NONE',  ( 6.699999999999999289, 0.1999999999999999833, 1.700000000000000178 ) ) ;
#1429 = SURFACE_SIDE_STYLE ('',( #5065 ) ) ;
#1430 =( GEOMETRIC_REPRESENTATION_CONTEXT ( 3 ) GLOBAL_UNCERTAINTY_ASSIGNED_CONTEXT ( ( #4134 ) ) GLOBAL_UNIT_ASSIGNED_CONTEXT ( ( #4053, #4811, #4172 ) ) REPRESENTATION_CONTEXT ( 'NONE', 'WORKASPACE' ) );
#1431 = EDGE_CURVE ( 'NONE', #4590, #998, #4829, .T. ) ;
#1432 = LINE ( 'NONE', #5625, #1180 ) ;
#1433 =( GEOMETRIC_REPRESENTATION_CONTEXT ( 3 ) GLOBAL_UNCERTAINTY_ASSIGNED_CONTEXT ( ( #652 ) ) GLOBAL_UNIT_ASSIGNED_CONTEXT ( ( #6948, #1469, #4478 ) ) REPRESENTATION_CONTEXT ( 'NONE', 'WORKASPACE' ) );
#1434 =( LENGTH_UNIT ( ) NAMED_UNIT ( * ) SI_UNIT ( .MILLI., .METRE. ) );
#1435 = ORIENTED_EDGE ( 'NONE', *, *, #7705, .T. ) ;
#1436 =( NAMED_UNIT ( * ) PLANE_ANGLE_UNIT ( ) SI_UNIT ( $, .RADIAN. ) );
#1437 =( GEOMETRIC_REPRESENTATION_CONTEXT ( 3 ) GLOBAL_UNCERTAINTY_ASSIGNED_CONTEXT ( ( #6694 ) ) GLOBAL_UNIT_ASSIGNED_CONTEXT ( ( #6925, #2701, #7507 ) ) REPRESENTATION_CONTEXT ( 'NONE', 'WORKASPACE' ) );
#1438 = VERTEX_POINT ( 'NONE', #5500 ) ;
#1439 = UNCERTAINTY_MEASURE_WITH_UNIT (LENGTH_MEASURE( 1.000000000000000082E-05 ), #5457, 'distance_accuracy_value', 'NONE');
#1440 = EDGE_CURVE ( 'NONE', #2394, #7225, #1274, .T. ) ;
#1441 = CARTESIAN_POINT ( 'NONE',  ( -1.349999999999994760, 4.500000000000000888, 0.3199999999999999512 ) ) ;
#1442 = PRESENTATION_LAYER_ASSIGNMENT (  '', '', ( #1194 ) ) ;
#1443 =( LENGTH_UNIT ( ) NAMED_UNIT ( * ) SI_UNIT ( .MILLI., .METRE. ) );
#1444 = ORIENTED_EDGE ( 'NONE', *, *, #6463, .T. ) ;
#1445 = SURFACE_SIDE_STYLE ('',( #228 ) ) ;
#1446 = CARTESIAN_POINT ( 'NONE',  ( 9.700000000000001066, 6.000000000000000000, 1.249999999999998446 ) ) ;
#1447 = VECTOR ( 'NONE', #1450, 1000.000000000000000 ) ;
#1448 = CARTESIAN_POINT ( 'NONE',  ( 5.850000000000001421, 5.100000000000001421, -2.800000000000001155 ) ) ;
#1449 = ORIENTED_EDGE ( 'NONE', *, *, #3789, .T. ) ;
#1450 = DIRECTION ( 'NONE',  ( -0.0000000000000000000, -0.0000000000000000000, 1.000000000000000000 ) ) ;
#1451 =( GEOMETRIC_REPRESENTATION_CONTEXT ( 3 ) GLOBAL_UNCERTAINTY_ASSIGNED_CONTEXT ( ( #3385 ) ) GLOBAL_UNIT_ASSIGNED_CONTEXT ( ( #1268, #3743, #1190 ) ) REPRESENTATION_CONTEXT ( 'NONE', 'WORKASPACE' ) );
#1452 =( LENGTH_UNIT ( ) NAMED_UNIT ( * ) SI_UNIT ( .MILLI., .METRE. ) );
#1453 = CARTESIAN_POINT ( 'NONE',  ( 0.2499999999999997780, -3.299999999999998490, 0.2500000000000002220 ) ) ;
#1454 = PRESENTATION_LAYER_ASSIGNMENT (  '', '', ( #1971 ) ) ;
#1455 = DIRECTION ( 'NONE',  ( 3.872150616019660190E-17, 1.000000000000000000, -0.0000000000000000000 ) ) ;
#1456 = FACE_OUTER_BOUND ( 'NONE', #5536, .T. ) ;
#1457 = AXIS2_PLACEMENT_3D ( 'NONE', #384, #6535, #5359 ) ;
#1458 = DIRECTION ( 'NONE',  ( 3.872150616019660190E-17, 1.000000000000000000, -0.0000000000000000000 ) ) ;
#1459 =( LENGTH_UNIT ( ) NAMED_UNIT ( * ) SI_UNIT ( .MILLI., .METRE. ) );
#1460 =( NAMED_UNIT ( * ) SI_UNIT ( $, .STERADIAN. ) SOLID_ANGLE_UNIT ( ) );
#1461 =( GEOMETRIC_REPRESENTATION_CONTEXT ( 3 ) GLOBAL_UNCERTAINTY_ASSIGNED_CONTEXT ( ( #1097 ) ) GLOBAL_UNIT_ASSIGNED_CONTEXT ( ( #6946, #2606, #5783 ) ) REPRESENTATION_CONTEXT ( 'NONE', 'WORKASPACE' ) );
#1462 = ORIENTED_EDGE ( 'NONE', *, *, #6610, .F. ) ;
#1463 = SURFACE_SIDE_STYLE ('',( #6940 ) ) ;
#1464 = FACE_OUTER_BOUND ( 'NONE', #5684, .T. ) ;
#1465 = EDGE_CURVE ( 'NONE', #3798, #6119, #160, .T. ) ;
#1466 = FILL_AREA_STYLE_COLOUR ( '', #4594 ) ;
#1467 = PRESENTATION_LAYER_ASSIGNMENT (  '', '', ( #1717 ) ) ;
#1468 = CARTESIAN_POINT ( 'NONE',  ( 8.679999999999999716, 6.000000000000000000, 1.599999999999999867 ) ) ;
#1469 =( NAMED_UNIT ( * ) PLANE_ANGLE_UNIT ( ) SI_UNIT ( $, .RADIAN. ) );
#1470 = EDGE_CURVE ( 'NONE', #1307, #5617, #4266, .T. ) ;
#1471 = EDGE_LOOP ( 'NONE', ( #5857, #817, #4993, #243, #688, #5337, #3718, #578, #7811, #1010 ) ) ;
#1472 = ORIENTED_EDGE ( 'NONE', *, *, #5133, .F. ) ;
#1473 = COLOUR_RGB ( '',1.000000000000000000, 1.000000000000000000, 1.000000000000000000 ) ;
#1474 = EDGE_CURVE ( 'NONE', #4671, #3255, #643, .T. ) ;
#1475 = PRESENTATION_STYLE_ASSIGNMENT (( #5752 ) ) ;
#1476 = VECTOR ( 'NONE', #3179, 1000.000000000000000 ) ;
#1477 =( NAMED_UNIT ( * ) SI_UNIT ( $, .STERADIAN. ) SOLID_ANGLE_UNIT ( ) );
#1478 = LINE ( 'NONE', #997, #6833 ) ;
#1479 = AXIS2_PLACEMENT_3D ( 'NONE', #3979, #4051, #6683 ) ;
#1480 = LINE ( 'NONE', #408, #45 ) ;
#1481 = EDGE_LOOP ( 'NONE', ( #2995, #1601, #4598, #1136, #5982 ) ) ;
#1482 = PRESENTATION_STYLE_ASSIGNMENT (( #4526 ) ) ;
#1483 = EDGE_CURVE ( 'NONE', #2893, #2985, #3701, .T. ) ;
#1484 = DIRECTION ( 'NONE',  ( -3.872150616019660190E-17, -1.000000000000000000, 0.0000000000000000000 ) ) ;
#1485 = DIRECTION ( 'NONE',  ( -4.336808689942017736E-16, 0.0000000000000000000, -1.000000000000000000 ) ) ;
#1486 = UNCERTAINTY_MEASURE_WITH_UNIT (LENGTH_MEASURE( 1.000000000000000082E-05 ), #6954, 'distance_accuracy_value', 'NONE');
#1487 = VECTOR ( 'NONE', #1886, 1000.000000000000000 ) ;
#1488 = LINE ( 'NONE', #2547, #6674 ) ;
#1489 = CARTESIAN_POINT ( 'NONE',  ( 5.299999999999998934, 0.2000000000000000389, 0.2500000000000002220 ) ) ;
#1490 = EDGE_LOOP ( 'NONE', ( #2223, #6606, #2582, #101 ) ) ;
#1491 = FACE_BOUND ( 'NONE', #6880, .T. ) ;
#1492 = CARTESIAN_POINT ( 'NONE',  ( 9.350000000000001421, -11.28937553631732271, 1.249999999999998446 ) ) ;
#1493 = CARTESIAN_POINT ( 'NONE',  ( 6.699999999999999289, 0.1999999999999999833, -2.800000000000000266 ) ) ;
#1494 = SURFACE_STYLE_FILL_AREA ( #6237 ) ;
#1495 = CARTESIAN_POINT ( 'NONE',  ( 5.250000000000000888, 1.149999999999999911, -2.350000000000000977 ) ) ;
#1496 = EDGE_LOOP ( 'NONE', ( #5375, #131, #7737, #4541 ) ) ;
#1497 = ORIENTED_EDGE ( 'NONE', *, *, #3348, .T. ) ;
#1498 = CARTESIAN_POINT ( 'NONE',  ( 4.750000000000000888, 3.399999999999998579, -2.350000000000000977 ) ) ;
#1499 = FILL_AREA_STYLE_COLOUR ( '', #2732 ) ;
#1500 =( NAMED_UNIT ( * ) PLANE_ANGLE_UNIT ( ) SI_UNIT ( $, .RADIAN. ) );
#1501 = CARTESIAN_POINT ( 'NONE',  ( -1.949999999999999956, 6.000000000000000000, 1.700000000000000178 ) ) ;
#1502 = ORIENTED_EDGE ( 'NONE', *, *, #2666, .F. ) ;
#1503 = ORIENTED_EDGE ( 'NONE', *, *, #3404, .F. ) ;
#1504 = ORIENTED_EDGE ( 'NONE', *, *, #1028, .F. ) ;
#1505 = CARTESIAN_POINT ( 'NONE',  ( 5.299999999999998934, 0.2000000000000000389, -2.800000000000000266 ) ) ;
#1506 = ORIENTED_EDGE ( 'NONE', *, *, #5360, .F. ) ;
#1507 =( NAMED_UNIT ( * ) SI_UNIT ( $, .STERADIAN. ) SOLID_ANGLE_UNIT ( ) );
#1508 = ADVANCED_FACE ( 'NONE', ( #8 ), #758, .F. ) ;
#1509 = STYLED_ITEM ( 'NONE', ( #5796 ), #1384 ) ;
#1510 = VERTEX_POINT ( 'NONE', #4306 ) ;
#1511 = LINE ( 'NONE', #6996, #5168 ) ;
#1512 = LINE ( 'NONE', #5202, #6166 ) ;
#1513 = DIRECTION ( 'NONE',  ( 3.872150616019661422E-17, 1.000000000000000000, 0.0000000000000000000 ) ) ;
#1514 =( LENGTH_UNIT ( ) NAMED_UNIT ( * ) SI_UNIT ( .MILLI., .METRE. ) );
#1515 = ADVANCED_FACE ( 'NONE', ( #6748 ), #1240, .F. ) ;
#1516 =( NAMED_UNIT ( * ) SI_UNIT ( $, .STERADIAN. ) SOLID_ANGLE_UNIT ( ) );
#1517 = ORIENTED_EDGE ( 'NONE', *, *, #1474, .T. ) ;
#1518 = STYLED_ITEM ( 'NONE', ( #2589 ), #1659 ) ;
#1519 =( LENGTH_UNIT ( ) NAMED_UNIT ( * ) SI_UNIT ( .MILLI., .METRE. ) );
#1520 = CARTESIAN_POINT ( 'NONE',  ( 9.950000000000001066, 0.0000000000000000000, 1.699999999999999289 ) ) ;
#1521 = SURFACE_STYLE_FILL_AREA ( #7513 ) ;
#1522 = CARTESIAN_POINT ( 'NONE',  ( 9.350000000000001421, 1.799999999999999600, 1.249999999999998446 ) ) ;
#1523 = UNCERTAINTY_MEASURE_WITH_UNIT (LENGTH_MEASURE( 1.000000000000000082E-05 ), #4079, 'distance_accuracy_value', 'NONE');
#1524 = DIRECTION ( 'NONE',  ( 8.761229676650543371E-16, 1.000000000000000000, 7.102014391827283265E-32 ) ) ;
#1525 =( LENGTH_UNIT ( ) NAMED_UNIT ( * ) SI_UNIT ( .MILLI., .METRE. ) );
#1526 = MECHANICAL_DESIGN_GEOMETRIC_PRESENTATION_REPRESENTATION (  '', ( #4485 ), #2186 ) ;
#1527 = ORIENTED_EDGE ( 'NONE', *, *, #3828, .F. ) ;
#1528 = AXIS2_PLACEMENT_3D ( 'NONE', #7676, #4054, #5210 ) ;
#1529 =( NAMED_UNIT ( * ) PLANE_ANGLE_UNIT ( ) SI_UNIT ( $, .RADIAN. ) );
#1530 = VECTOR ( 'NONE', #4544, 1000.000000000000000 ) ;
#1531 = PRESENTATION_STYLE_ASSIGNMENT (( #6947 ) ) ;
#1532 = LINE ( 'NONE', #4513, #3777 ) ;
#1533 = ORIENTED_EDGE ( 'NONE', *, *, #2364, .T. ) ;
#1534 = EDGE_LOOP ( 'NONE', ( #6018, #3195, #4101, #3607 ) ) ;
#1535 = ORIENTED_EDGE ( 'NONE', *, *, #5187, .F. ) ;
#1536 = ORIENTED_EDGE ( 'NONE', *, *, #3715, .T. ) ;
#1537 = FACE_OUTER_BOUND ( 'NONE', #2553, .T. ) ;
#1538 = VECTOR ( 'NONE', #975, 1000.000000000000000 ) ;
#1539 = PLANE ( 'NONE',  #4510 ) ;
#1540 = ORIENTED_EDGE ( 'NONE', *, *, #3574, .T. ) ;
#1541 = LINE ( 'NONE', #7078, #7878 ) ;
#1542 = STYLED_ITEM ( 'NONE', ( #6890 ), #5773 ) ;
#1543 = ORIENTED_EDGE ( 'NONE', *, *, #2056, .T. ) ;
#1544 = FILL_AREA_STYLE ('',( #7033 ) ) ;
#1545 = SURFACE_SIDE_STYLE ('',( #4046 ) ) ;
#1546 = CIRCLE ( 'NONE', #5643, 0.05000000000000019013 ) ;
#1547 = PLANE ( 'NONE',  #2551 ) ;
#1548 = EDGE_CURVE ( 'NONE', #1737, #4194, #1313, .T. ) ;
#1549 = DIRECTION ( 'NONE',  ( 0.5773502691896275074, -0.5773502691896200689, -0.5773502691896296168 ) ) ;
#1550 = LINE ( 'NONE', #5889, #3247 ) ;
#1551 = UNCERTAINTY_MEASURE_WITH_UNIT (LENGTH_MEASURE( 1.000000000000000082E-05 ), #6576, 'distance_accuracy_value', 'NONE');
#1552 = SURFACE_STYLE_FILL_AREA ( #2859 ) ;
#1553 = PRESENTATION_STYLE_ASSIGNMENT (( #5209 ) ) ;
#1554 = LINE ( 'NONE', #5699, #5761 ) ;
#1555 = ADVANCED_FACE ( 'NONE', ( #6942 ), #5664, .T. ) ;
#1556 = STYLED_ITEM ( 'NONE', ( #2416 ), #6522 ) ;
#1557 = MECHANICAL_DESIGN_GEOMETRIC_PRESENTATION_REPRESENTATION (  '', ( #186 ), #5024 ) ;
#1558 = ORIENTED_EDGE ( 'NONE', *, *, #7298, .T. ) ;
#1559 = AXIS2_PLACEMENT_3D ( 'NONE', #2542, #1124, #4203 ) ;
#1560 = DIRECTION ( 'NONE',  ( -3.872150616019660190E-17, -1.000000000000000000, 0.0000000000000000000 ) ) ;
#1561 = STYLED_ITEM ( 'NONE', ( #7310 ), #6990 ) ;
#1562 = SURFACE_STYLE_USAGE ( .BOTH. , #427 ) ;
#1563 = EDGE_CURVE ( 'NONE', #6063, #6888, #6984, .T. ) ;
#1564 = ORIENTED_EDGE ( 'NONE', *, *, #4075, .F. ) ;
#1565 = DIRECTION ( 'NONE',  ( -0.0000000000000000000, 1.000000000000000000, -0.0000000000000000000 ) ) ;
#1566 = PLANE ( 'NONE',  #905 ) ;
#1567 = PLANE ( 'NONE',  #4654 ) ;
#1568 = ADVANCED_FACE ( 'NONE', ( #206, #246 ), #4095, .F. ) ;
#1569 = COLOUR_RGB ( '',1.000000000000000000, 1.000000000000000000, 1.000000000000000000 ) ;
#1570 =( GEOMETRIC_REPRESENTATION_CONTEXT ( 3 ) GLOBAL_UNCERTAINTY_ASSIGNED_CONTEXT ( ( #4050 ) ) GLOBAL_UNIT_ASSIGNED_CONTEXT ( ( #7663, #262, #5078 ) ) REPRESENTATION_CONTEXT ( 'NONE', 'WORKASPACE' ) );
#1571 = MECHANICAL_DESIGN_GEOMETRIC_PRESENTATION_REPRESENTATION (  '', ( #830 ), #4522 ) ;
#1572 = LINE ( 'NONE', #3551, #6556 ) ;
#1573 = DIRECTION ( 'NONE',  ( -0.0000000000000000000, -0.0000000000000000000, -1.000000000000000000 ) ) ;
#1574 = LINE ( 'NONE', #6360, #807 ) ;
#1575 = DIRECTION ( 'NONE',  ( 0.0000000000000000000, 0.0000000000000000000, 1.000000000000000000 ) ) ;
#1576 = EDGE_CURVE ( 'NONE', #7032, #1322, #803, .T. ) ;
#1577 = VECTOR ( 'NONE', #2302, 1000.000000000000114 ) ;
#1578 = ORIENTED_EDGE ( 'NONE', *, *, #5368, .F. ) ;
#1579 = ORIENTED_EDGE ( 'NONE', *, *, #2951, .T. ) ;
#1580 = VECTOR ( 'NONE', #6056, 1000.000000000000000 ) ;
#1581 = DIRECTION ( 'NONE',  ( 0.0000000000000000000, -1.000000000000000000, 5.782411586589359611E-16 ) ) ;
#1582 = SURFACE_SIDE_STYLE ('',( #2693 ) ) ;
#1583 = AXIS2_PLACEMENT_3D ( 'NONE', #2346, #1133, #3132 ) ;
#1584 = FILL_AREA_STYLE ('',( #1067 ) ) ;
#1585 = STYLED_ITEM ( 'NONE', ( #1055 ), #618 ) ;
#1586 =( GEOMETRIC_REPRESENTATION_CONTEXT ( 3 ) GLOBAL_UNCERTAINTY_ASSIGNED_CONTEXT ( ( #7459 ) ) GLOBAL_UNIT_ASSIGNED_CONTEXT ( ( #1605, #2979, #3614 ) ) REPRESENTATION_CONTEXT ( 'NONE', 'WORKASPACE' ) );
#1587 = LINE ( 'NONE', #1031, #7460 ) ;
#1588 = DIRECTION ( 'NONE',  ( -0.0000000000000000000, -0.0000000000000000000, 1.000000000000000000 ) ) ;
#1589 = PRESENTATION_LAYER_ASSIGNMENT (  '', '', ( #5050 ) ) ;
#1590 = VECTOR ( 'NONE', #164, 1000.000000000000000 ) ;
#1591 = ORIENTED_EDGE ( 'NONE', *, *, #764, .T. ) ;
#1592 =( LENGTH_UNIT ( ) NAMED_UNIT ( * ) SI_UNIT ( .MILLI., .METRE. ) );
#1593 = CARTESIAN_POINT ( 'NONE',  ( 0.2499999999999997780, -3.399999999999999911, 0.2500000000000002220 ) ) ;
#1594 = DIRECTION ( 'NONE',  ( 3.872150616019660190E-17, 1.000000000000000000, -0.0000000000000000000 ) ) ;
#1595 = VECTOR ( 'NONE', #3253, 1000.000000000000000 ) ;
#1596 = LINE ( 'NONE', #3456, #5379 ) ;
#1597 = FACE_OUTER_BOUND ( 'NONE', #280, .T. ) ;
#1598 = SURFACE_SIDE_STYLE ('',( #7093 ) ) ;
#1599 = CARTESIAN_POINT ( 'NONE',  ( 4.250000000000000000, -3.399999999999999911, -0.1499999999999969136 ) ) ;
#1600 = CARTESIAN_POINT ( 'NONE',  ( 1.749999999999998890, 1.800000000000000044, -2.800000000000002043 ) ) ;
#1601 = ORIENTED_EDGE ( 'NONE', *, *, #5576, .T. ) ;
#1602 = COLOUR_RGB ( '',1.000000000000000000, 0.8117647058823529438, 0.5019607843137254832 ) ;
#1603 = LINE ( 'NONE', #2221, #5710 ) ;
#1604 = ORIENTED_EDGE ( 'NONE', *, *, #2715, .F. ) ;
#1605 =( LENGTH_UNIT ( ) NAMED_UNIT ( * ) SI_UNIT ( .MILLI., .METRE. ) );
#1606 = SURFACE_STYLE_USAGE ( .BOTH. , #4057 ) ;
#1607 = EDGE_CURVE ( 'NONE', #5139, #3798, #3185, .T. ) ;
#1608 = SURFACE_STYLE_USAGE ( .BOTH. , #3546 ) ;
#1609 = ORIENTED_EDGE ( 'NONE', *, *, #703, .F. ) ;
#1610 = DIRECTION ( 'NONE',  ( -0.0000000000000000000, 1.000000000000000000, -0.0000000000000000000 ) ) ;
#1611 = CARTESIAN_POINT ( 'NONE',  ( 4.149999999999995914, 5.100000000000001421, -0.1499999999999951927 ) ) ;
#1612 = SURFACE_STYLE_USAGE ( .BOTH. , #319 ) ;
#1613 = PRESENTATION_LAYER_ASSIGNMENT (  '', '', ( #5071 ) ) ;
#1614 = CARTESIAN_POINT ( 'NONE',  ( 5.750000000000000000, -3.299999999999998490, -0.2499999999999997780 ) ) ;
#1615 = DIRECTION ( 'NONE',  ( 1.000000000000000000, -0.0000000000000000000, -7.288754100742886941E-17 ) ) ;
#1616 = EDGE_CURVE ( 'NONE', #4497, #2730, #6861, .T. ) ;
#1617 = DIRECTION ( 'NONE',  ( -1.000000000000000000, -1.032573497605242347E-16, 0.0000000000000000000 ) ) ;
#1618 = DIRECTION ( 'NONE',  ( 9.103382349328301547E-49, 2.350988701644575016E-32, 1.000000000000000000 ) ) ;
#1619 = ORIENTED_EDGE ( 'NONE', *, *, #180, .F. ) ;
#1620 = ORIENTED_EDGE ( 'NONE', *, *, #5922, .T. ) ;
#1621 = ORIENTED_EDGE ( 'NONE', *, *, #3879, .F. ) ;
#1622 = FILL_AREA_STYLE ('',( #2881 ) ) ;
#1623 = EDGE_LOOP ( 'NONE', ( #2418, #7661, #6663, #6587, #4917, #6645, #5070, #3034, #5471, #6400, #4916, #1179, #3599, #6623 ) ) ;
#1624 = CARTESIAN_POINT ( 'NONE',  ( 5.750000000000000000, 4.999999999999999112, 0.2500000000000002220 ) ) ;
#1625 = DIRECTION ( 'NONE',  ( 1.000000000000000000, 1.913297951445007868E-16, 0.0000000000000000000 ) ) ;
#1626 = FILL_AREA_STYLE_COLOUR ( '', #1846 ) ;
#1627 = ORIENTED_EDGE ( 'NONE', *, *, #3264, .T. ) ;
#1628 = DIRECTION ( 'NONE',  ( -1.000000000000000000, 0.0000000000000000000, 0.0000000000000000000 ) ) ;
#1629 = VECTOR ( 'NONE', #456, 1000.000000000000000 ) ;
#1630 = MECHANICAL_DESIGN_GEOMETRIC_PRESENTATION_REPRESENTATION (  '', ( #3684 ), #4716 ) ;
#1631 = FILL_AREA_STYLE_COLOUR ( '', #6040 ) ;
#1632 = CARTESIAN_POINT ( 'NONE',  ( 0.2500000000000002220, 4.999999999999999112, 0.2500000000000002220 ) ) ;
#1633 = FACE_OUTER_BOUND ( 'NONE', #7810, .T. ) ;
#1634 = CARTESIAN_POINT ( 'NONE',  ( 3.299999999999999378, 0.2000000000000000389, -2.800000000000000266 ) ) ;
#1635 = VECTOR ( 'NONE', #1918, 1000.000000000000000 ) ;
#1636 = DIRECTION ( 'NONE',  ( 1.000000000000000000, -5.421010862427522170E-17, 0.0000000000000000000 ) ) ;
#1637 = FILL_AREA_STYLE_COLOUR ( '', #530 ) ;
#1638 = VERTEX_POINT ( 'NONE', #3065 ) ;
#1639 = CARTESIAN_POINT ( 'NONE',  ( -1.949999999999999956, 0.0000000000000000000, -2.050000000000001599 ) ) ;
#1640 =( NAMED_UNIT ( * ) SI_UNIT ( $, .STERADIAN. ) SOLID_ANGLE_UNIT ( ) );
#1641 = ORIENTED_EDGE ( 'NONE', *, *, #458, .F. ) ;
#1642 = CARTESIAN_POINT ( 'NONE',  ( 9.180000000000001492, 4.230000000000000426, 1.700000000000000178 ) ) ;
#1643 = CARTESIAN_POINT ( 'NONE',  ( 6.249999999999998224, 4.999999999999999112, -0.2499999999999997780 ) ) ;
#1644 = ORIENTED_EDGE ( 'NONE', *, *, #3238, .T. ) ;
#1645 = CARTESIAN_POINT ( 'NONE',  ( 7.299999999999998934, 0.2000000000000000389, 1.700000000000000178 ) ) ;
#1646 = LINE ( 'NONE', #2948, #5236 ) ;
#1647 = SURFACE_SIDE_STYLE ('',( #7770 ) ) ;
#1648 = EDGE_CURVE ( 'NONE', #3737, #299, #3821, .T. ) ;
#1649 = LINE ( 'NONE', #1103, #6174 ) ;
#1650 = STYLED_ITEM ( 'NONE', ( #1014 ), #5326 ) ;
#1651 = CARTESIAN_POINT ( 'NONE',  ( 1.250000000000000666, 1.149999999999999911, -2.350000000000001421 ) ) ;
#1652 = AXIS2_PLACEMENT_3D ( 'NONE', #1948, #2487, #3704 ) ;
#1653 = CARTESIAN_POINT ( 'NONE',  ( -1.350000000000000089, 5.650000000000000355, -2.350000000000001421 ) ) ;
#1654 = SURFACE_STYLE_USAGE ( .BOTH. , #3555 ) ;
#1655 = ORIENTED_EDGE ( 'NONE', *, *, #2951, .F. ) ;
#1656 = LINE ( 'NONE', #7851, #470 ) ;
#1657 = VERTEX_POINT ( 'NONE', #5646 ) ;
#1658 = DIRECTION ( 'NONE',  ( 0.5773502691896271743, 0.5773502691896222894, -0.5773502691896278405 ) ) ;
#1659 = ADVANCED_FACE ( 'NONE', ( #5054 ), #6407, .F. ) ;
#1660 = VECTOR ( 'NONE', #7478, 1000.000000000000000 ) ;
#1661 = EDGE_CURVE ( 'NONE', #5183, #4109, #3147, .T. ) ;
#1662 = SURFACE_STYLE_FILL_AREA ( #4679 ) ;
#1663 = DIRECTION ( 'NONE',  ( -1.000000000000000000, 3.872150616019660190E-17, 0.0000000000000000000 ) ) ;
#1664 = FACE_OUTER_BOUND ( 'NONE', #5800, .T. ) ;
#1665 = LINE ( 'NONE', #1752, #7356 ) ;
#1666 = ORIENTED_EDGE ( 'NONE', *, *, #6602, .F. ) ;
#1667 = LINE ( 'NONE', #6607, #177 ) ;
#1668 = PRESENTATION_LAYER_ASSIGNMENT (  '', '', ( #5896 ) ) ;
#1669 = EDGE_CURVE ( 'NONE', #5872, #4826, #3103, .T. ) ;
#1670 = EDGE_LOOP ( 'NONE', ( #651, #869, #1287, #428, #1960 ) ) ;
#1671 = AXIS2_PLACEMENT_3D ( 'NONE', #781, #7457, #181 ) ;
#1672 = FACE_OUTER_BOUND ( 'NONE', #3938, .T. ) ;
#1673 = COLOUR_RGB ( '',1.000000000000000000, 0.8117647058823529438, 0.5019607843137254832 ) ;
#1675 = LINE ( 'NONE', #6574, #4516 ) ;
#1674 = COLOUR_RGB ( '',1.000000000000000000, 0.8117647058823529438, 0.5019607843137254832 ) ;
#1676 = ORIENTED_EDGE ( 'NONE', *, *, #3163, .F. ) ;
#1677 = FACE_OUTER_BOUND ( 'NONE', #1237, .T. ) ;
#1678 =( NAMED_UNIT ( * ) PLANE_ANGLE_UNIT ( ) SI_UNIT ( $, .RADIAN. ) );
#1679 = FILL_AREA_STYLE ('',( #465 ) ) ;
#1680 = AXIS2_PLACEMENT_3D ( 'NONE', #3419, #5316, #5809 ) ;
#1681 = UNCERTAINTY_MEASURE_WITH_UNIT (LENGTH_MEASURE( 1.000000000000000082E-05 ), #6871, 'distance_accuracy_value', 'NONE');
#1682 = STYLED_ITEM ( 'NONE', ( #492 ), #4652 ) ;
#1683 = LINE ( 'NONE', #2264, #7083 ) ;
#1684 = FILL_AREA_STYLE ('',( #4700 ) ) ;
#1685 = LINE ( 'NONE', #2944, #1955 ) ;
#1686 = VERTEX_POINT ( 'NONE', #1382 ) ;
#1687 = FILL_AREA_STYLE ('',( #7839 ) ) ;
#1688 = CARTESIAN_POINT ( 'NONE',  ( 0.0000000000000000000, 0.0000000000000000000, 0.0000000000000000000 ) ) ;
#1689 = VECTOR ( 'NONE', #1658, 1000.000000000000114 ) ;
#1690 = SURFACE_STYLE_USAGE ( .BOTH. , #4778 ) ;
#1691 = AXIS2_PLACEMENT_3D ( 'NONE', #7127, #3537, #4049 ) ;
#1692 = CARTESIAN_POINT ( 'NONE',  ( 4.250000000000000000, 0.2000000000000000111, -2.800000000000000266 ) ) ;
#1693 = AXIS2_PLACEMENT_3D ( 'NONE', #3562, #2447, #4795 ) ;
#1694 = COLOUR_RGB ( '',1.000000000000000000, 0.8117647058823529438, 0.5019607843137254832 ) ;
#1695 = SURFACE_STYLE_USAGE ( .BOTH. , #7847 ) ;
#1696 = PLANE ( 'NONE',  #2702 ) ;
#1697 = DIRECTION ( 'NONE',  ( -9.103382349328301547E-49, -2.350988701644575016E-32, -1.000000000000000000 ) ) ;
#1698 = ADVANCED_FACE ( 'NONE', ( #2548 ), #1339, .F. ) ;
#1699 = VERTEX_POINT ( 'NONE', #1707 ) ;
#1700 = VERTEX_POINT ( 'NONE', #5915 ) ;
#1701 = FILL_AREA_STYLE_COLOUR ( '', #6315 ) ;
#1702 = MECHANICAL_DESIGN_GEOMETRIC_PRESENTATION_REPRESENTATION (  '', ( #1199 ), #3756 ) ;
#1703 = COLOUR_RGB ( '',1.000000000000000000, 0.8117647058823529438, 0.5019607843137254832 ) ;
#1704 =( LENGTH_UNIT ( ) NAMED_UNIT ( * ) SI_UNIT ( .MILLI., .METRE. ) );
#1705 = CARTESIAN_POINT ( 'NONE',  ( 6.749999999999999112, 3.399999999999999467, -2.050000000000001599 ) ) ;
#1706 = PRESENTATION_LAYER_ASSIGNMENT (  '', '', ( #3637 ) ) ;
#1707 = CARTESIAN_POINT ( 'NONE',  ( 5.750000000000000000, 1.800000000000000044, -0.2499999999999997780 ) ) ;
#1708 = MECHANICAL_DESIGN_GEOMETRIC_PRESENTATION_REPRESENTATION (  '', ( #7609 ), #1844 ) ;
#1709 = EDGE_CURVE ( 'NONE', #6022, #2288, #5269, .T. ) ;
#1710 = ORIENTED_EDGE ( 'NONE', *, *, #5788, .F. ) ;
#1711 =( GEOMETRIC_REPRESENTATION_CONTEXT ( 3 ) GLOBAL_UNCERTAINTY_ASSIGNED_CONTEXT ( ( #6622 ) ) GLOBAL_UNIT_ASSIGNED_CONTEXT ( ( #4009, #699, #1314 ) ) REPRESENTATION_CONTEXT ( 'NONE', 'WORKASPACE' ) );
#1712 = CARTESIAN_POINT ( 'NONE',  ( -1.949999999999999956, 0.0000000000000000000, -2.800000000000000266 ) ) ;
#1713 = PRESENTATION_STYLE_ASSIGNMENT (( #7155 ) ) ;
#1714 = STYLED_ITEM ( 'NONE', ( #1257 ), #7497 ) ;
#1715 = ORIENTED_EDGE ( 'NONE', *, *, #2847, .T. ) ;
#1716 = VERTEX_POINT ( 'NONE', #6635 ) ;
#1717 = STYLED_ITEM ( 'NONE', ( #5898 ), #3984 ) ;
#1718 = FILL_AREA_STYLE_COLOUR ( '', #4000 ) ;
#1719 = ORIENTED_EDGE ( 'NONE', *, *, #5187, .T. ) ;
#1720 = EDGE_CURVE ( 'NONE', #5139, #4806, #6524, .T. ) ;
#1721 =( NAMED_UNIT ( * ) SI_UNIT ( $, .STERADIAN. ) SOLID_ANGLE_UNIT ( ) );
#1722 = EDGE_LOOP ( 'NONE', ( #3009, #2538, #155, #1856 ) ) ;
#1723 = SURFACE_STYLE_FILL_AREA ( #4171 ) ;
#1724 = FACE_OUTER_BOUND ( 'NONE', #5069, .T. ) ;
#1725 = FILL_AREA_STYLE ('',( #6617 ) ) ;
#1726 =( LENGTH_UNIT ( ) NAMED_UNIT ( * ) SI_UNIT ( .MILLI., .METRE. ) );
#1727 = SURFACE_STYLE_USAGE ( .BOTH. , #7210 ) ;
#1728 = EDGE_CURVE ( 'NONE', #857, #5371, #1113, .T. ) ;
#1729 = PLANE ( 'NONE',  #2504 ) ;
#1730 = STYLED_ITEM ( 'NONE', ( #2527 ), #3802 ) ;
#1731 = DIRECTION ( 'NONE',  ( -0.0000000000000000000, 1.000000000000000000, -0.0000000000000000000 ) ) ;
#1732 = PRESENTATION_LAYER_ASSIGNMENT (  '', '', ( #4165 ) ) ;
#1733 = FACE_OUTER_BOUND ( 'NONE', #6258, .T. ) ;
#1734 = UNCERTAINTY_MEASURE_WITH_UNIT (LENGTH_MEASURE( 1.000000000000000082E-05 ), #1264, 'distance_accuracy_value', 'NONE');
#1735 = ORIENTED_EDGE ( 'NONE', *, *, #3761, .T. ) ;
#1736 = MECHANICAL_DESIGN_GEOMETRIC_PRESENTATION_REPRESENTATION (  '', ( #852 ), #7775 ) ;
#1737 = VERTEX_POINT ( 'NONE', #2282 ) ;
#1738 = DIRECTION ( 'NONE',  ( 3.872150616019660190E-17, 1.000000000000000000, -0.0000000000000000000 ) ) ;
#1739 = DIRECTION ( 'NONE',  ( 0.0000000000000000000, -0.0000000000000000000, 1.000000000000000000 ) ) ;
#1740 = UNCERTAINTY_MEASURE_WITH_UNIT (LENGTH_MEASURE( 1.000000000000000082E-05 ), #2512, 'distance_accuracy_value', 'NONE');
#1741 = SURFACE_STYLE_USAGE ( .BOTH. , #2310 ) ;
#1742 = FILL_AREA_STYLE ('',( #3041 ) ) ;
#1743 =( NAMED_UNIT ( * ) PLANE_ANGLE_UNIT ( ) SI_UNIT ( $, .RADIAN. ) );
#1744 = VERTEX_POINT ( 'NONE', #7152 ) ;
#1745 = EDGE_LOOP ( 'NONE', ( #3889, #6044, #1407, #2067 ) ) ;
#1746 = CARTESIAN_POINT ( 'NONE',  ( 6.049999999999999822, -3.399999999999999911, 0.1499999999999973577 ) ) ;
#1747 = DIRECTION ( 'NONE',  ( -1.000000000000000000, 0.0000000000000000000, 2.058229914533366955E-17 ) ) ;
#1748 = PRESENTATION_LAYER_ASSIGNMENT (  '', '', ( #1379 ) ) ;
#1749 =( NAMED_UNIT ( * ) SI_UNIT ( $, .STERADIAN. ) SOLID_ANGLE_UNIT ( ) );
#1750 =( LENGTH_UNIT ( ) NAMED_UNIT ( * ) SI_UNIT ( .MILLI., .METRE. ) );
#1751 = SURFACE_SIDE_STYLE ('',( #5381 ) ) ;
#1752 = CARTESIAN_POINT ( 'NONE',  ( 9.349999999999999645, 5.650000000000000355, -2.350000000000000977 ) ) ;
#1753 = ORIENTED_EDGE ( 'NONE', *, *, #6551, .F. ) ;
#1754 = PLANE ( 'NONE',  #7848 ) ;
#1755 = DIRECTION ( 'NONE',  ( 0.0000000000000000000, 0.0000000000000000000, 1.000000000000000000 ) ) ;
#1756 = CARTESIAN_POINT ( 'NONE',  ( 3.449999999999989964, -4.099999999999995204, 0.5500000000000097033 ) ) ;
#1757 = EDGE_CURVE ( 'NONE', #3215, #2840, #4718, .T. ) ;
#1758 = ORIENTED_EDGE ( 'NONE', *, *, #1186, .T. ) ;
#1759 = ORIENTED_EDGE ( 'NONE', *, *, #7045, .T. ) ;
#1760 = CARTESIAN_POINT ( 'NONE',  ( 7.750000000000000000, 5.000000000000000888, -0.2499999999999997780 ) ) ;
#1761 = EDGE_LOOP ( 'NONE', ( #7807, #282, #6673, #2982 ) ) ;
#1762 = DIRECTION ( 'NONE',  ( -0.0000000000000000000, 1.000000000000000000, -0.0000000000000000000 ) ) ;
#1763 = EDGE_CURVE ( 'NONE', #5328, #3653, #3006, .T. ) ;
#1764 = COLOUR_RGB ( '',1.000000000000000000, 1.000000000000000000, 1.000000000000000000 ) ;
#1765 = EDGE_CURVE ( 'NONE', #1052, #7897, #5345, .T. ) ;
#1766 = LINE ( 'NONE', #5290, #1580 ) ;
#1767 = STYLED_ITEM ( 'NONE', ( #2166 ), #1323 ) ;
#1768 = SURFACE_STYLE_USAGE ( .BOTH. , #6135 ) ;
#1769 = ORIENTED_EDGE ( 'NONE', *, *, #5847, .T. ) ;
#1770 = PRESENTATION_STYLE_ASSIGNMENT (( #30 ) ) ;
#1771 = PLANE ( 'NONE',  #663 ) ;
#1772 = ORIENTED_EDGE ( 'NONE', *, *, #7550, .F. ) ;
#1773 = MECHANICAL_DESIGN_GEOMETRIC_PRESENTATION_REPRESENTATION (  '', ( #774 ), #759 ) ;
#1774 = VECTOR ( 'NONE', #7307, 1000.000000000000000 ) ;
#1775 = FACE_OUTER_BOUND ( 'NONE', #7087, .T. ) ;
#1776 = ORIENTED_EDGE ( 'NONE', *, *, #724, .T. ) ;
#1777 = ORIENTED_EDGE ( 'NONE', *, *, #610, .F. ) ;
#1778 = DIRECTION ( 'NONE',  ( -0.0000000000000000000, -0.0000000000000000000, -1.000000000000000000 ) ) ;
#1779 = VECTOR ( 'NONE', #708, 1000.000000000000000 ) ;
#1780 = SURFACE_STYLE_FILL_AREA ( #4828 ) ;
#1781 = CARTESIAN_POINT ( 'NONE',  ( 4.250000000000000000, 0.2000000000000000111, 0.2500000000000002220 ) ) ;
#1782 = COLOUR_RGB ( '',1.000000000000000000, 1.000000000000000000, 1.000000000000000000 ) ;
#1783 = CARTESIAN_POINT ( 'NONE',  ( 8.699999999999999289, 0.0000000000000000000, 1.700000000000000178 ) ) ;
#1784 =( LENGTH_UNIT ( ) NAMED_UNIT ( * ) SI_UNIT ( .MILLI., .METRE. ) );
#1785 = CARTESIAN_POINT ( 'NONE',  ( 4.125499999999997058, 0.1744999999999993223, -0.6799999999999966072 ) ) ;
#1786 = ORIENTED_EDGE ( 'NONE', *, *, #541, .T. ) ;
#1787 = PRESENTATION_LAYER_ASSIGNMENT (  '', '', ( #2700 ) ) ;
#1788 = PRESENTATION_STYLE_ASSIGNMENT (( #4837 ) ) ;
#1789 = SURFACE_STYLE_FILL_AREA ( #1204 ) ;
#1790 = ORIENTED_EDGE ( 'NONE', *, *, #4996, .T. ) ;
#1791 = ORIENTED_EDGE ( 'NONE', *, *, #3483, .F. ) ;
#1792 = FACE_OUTER_BOUND ( 'NONE', #49, .T. ) ;
#1793 = ORIENTED_EDGE ( 'NONE', *, *, #2075, .T. ) ;
#1794 = ADVANCED_FACE ( 'NONE', ( #1664 ), #2327, .T. ) ;
#1795 = CARTESIAN_POINT ( 'NONE',  ( 6.850000000000000533, 6.000000000000000888, 1.700000000000000178 ) ) ;
#1796 = FACE_OUTER_BOUND ( 'NONE', #6598, .T. ) ;
#1797 = SURFACE_STYLE_USAGE ( .BOTH. , #2940 ) ;
#1798 = VECTOR ( 'NONE', #1455, 1000.000000000000000 ) ;
#1799 = DIRECTION ( 'NONE',  ( 4.336808689942017736E-16, 0.0000000000000000000, 1.000000000000000000 ) ) ;
#1800 = VECTOR ( 'NONE', #5811, 1000.000000000000000 ) ;
#1801 =( LENGTH_UNIT ( ) NAMED_UNIT ( * ) SI_UNIT ( .MILLI., .METRE. ) );
#1802 = LINE ( 'NONE', #7917, #706 ) ;
#1803 = CARTESIAN_POINT ( 'NONE',  ( 9.950000000000001066, 6.000000000000000000, 1.699999999999999289 ) ) ;
#1804 = UNCERTAINTY_MEASURE_WITH_UNIT (LENGTH_MEASURE( 1.000000000000000082E-05 ), #7248, 'distance_accuracy_value', 'NONE');
#1806 = ADVANCED_FACE ( 'NONE', ( #4154 ), #4751, .F. ) ;
#1805 = EDGE_LOOP ( 'NONE', ( #2194, #7787, #1149, #292 ) ) ;
#1807 =( NAMED_UNIT ( * ) PLANE_ANGLE_UNIT ( ) SI_UNIT ( $, .RADIAN. ) );
#1808 = DIRECTION ( 'NONE',  ( -0.0000000000000000000, 1.000000000000000000, -0.0000000000000000000 ) ) ;
#1809 = CARTESIAN_POINT ( 'NONE',  ( 7.299999999999998934, 0.0000000000000000000, -2.800000000000000266 ) ) ;
#1810 = ORIENTED_EDGE ( 'NONE', *, *, #2265, .F. ) ;
#1811 = AXIS2_PLACEMENT_3D ( 'NONE', #108, #2667, #6810 ) ;
#1812 = AXIS2_PLACEMENT_3D ( 'NONE', #7376, #4332, #1405 ) ;
#1813 = ORIENTED_EDGE ( 'NONE', *, *, #3454, .T. ) ;
#1814 = FILL_AREA_STYLE ('',( #722 ) ) ;
#1815 = ADVANCED_FACE ( 'NONE', ( #1196 ), #7359, .T. ) ;
#1816 = VECTOR ( 'NONE', #403, 1000.000000000000000 ) ;
#1817 = COLOUR_RGB ( '',1.000000000000000000, 1.000000000000000000, 1.000000000000000000 ) ;
#1818 = LINE ( 'NONE', #3161, #1065 ) ;
#1820 = EDGE_CURVE ( 'NONE', #3653, #1120, #4270, .T. ) ;
#1819 = ORIENTED_EDGE ( 'NONE', *, *, #2386, .T. ) ;
#1821 = PRESENTATION_STYLE_ASSIGNMENT (( #7388 ) ) ;
#1822 = DIRECTION ( 'NONE',  ( -1.000000000000000000, 5.421010862427522170E-17, 0.0000000000000000000 ) ) ;
#1823 = ORIENTED_EDGE ( 'NONE', *, *, #1422, .F. ) ;
#1824 = SURFACE_SIDE_STYLE ('',( #7355 ) ) ;
#1825 = AXIS2_PLACEMENT_3D ( 'NONE', #2145, #5055, #7465 ) ;
#1826 = VECTOR ( 'NONE', #4556, 1000.000000000000000 ) ;
#1827 = CARTESIAN_POINT ( 'NONE',  ( 7.850000000000001421, 5.100000000000001421, 0.1499999999999990785 ) ) ;
#1828 = ADVANCED_FACE ( 'NONE', ( #6246 ), #1243, .F. ) ;
#1829 = CARTESIAN_POINT ( 'NONE',  ( 4.750000000000000888, 3.399999999999999467, -2.350000000000001865 ) ) ;
#1830 = LINE ( 'NONE', #4353, #4282 ) ;
#1831 = VECTOR ( 'NONE', #57, 1000.000000000000000 ) ;
#1832 = EDGE_LOOP ( 'NONE', ( #6931, #3281, #6755, #7554, #7167, #534 ) ) ;
#1833 = MECHANICAL_DESIGN_GEOMETRIC_PRESENTATION_REPRESENTATION (  '', ( #569 ), #2231 ) ;
#1834 = DIRECTION ( 'NONE',  ( -1.000000000000000000, 5.421010862427522170E-17, 0.0000000000000000000 ) ) ;
#1835 = LINE ( 'NONE', #218, #266 ) ;
#1836 = VECTOR ( 'NONE', #7549, 1000.000000000000000 ) ;
#1837 =( GEOMETRIC_REPRESENTATION_CONTEXT ( 3 ) GLOBAL_UNCERTAINTY_ASSIGNED_CONTEXT ( ( #7540 ) ) GLOBAL_UNIT_ASSIGNED_CONTEXT ( ( #5585, #6834, #3204 ) ) REPRESENTATION_CONTEXT ( 'NONE', 'WORKASPACE' ) );
#1838 = CARTESIAN_POINT ( 'NONE',  ( 7.299999999999998934, 0.2000000000000000389, 1.700000000000000178 ) ) ;
#1839 = EDGE_LOOP ( 'NONE', ( #926, #2239, #7566, #1472 ) ) ;
#1840 =( NAMED_UNIT ( * ) PLANE_ANGLE_UNIT ( ) SI_UNIT ( $, .RADIAN. ) );
#1841 = ORIENTED_EDGE ( 'NONE', *, *, #7709, .T. ) ;
#1842 = CARTESIAN_POINT ( 'NONE',  ( 9.950000000000001066, 6.000000000000000000, 1.699999999999999289 ) ) ;
#1843 = CARTESIAN_POINT ( 'NONE',  ( -0.2500000000000004441, -3.399999999999999911, -0.2499999999999997780 ) ) ;
#1844 =( GEOMETRIC_REPRESENTATION_CONTEXT ( 3 ) GLOBAL_UNCERTAINTY_ASSIGNED_CONTEXT ( ( #5602 ) ) GLOBAL_UNIT_ASSIGNED_CONTEXT ( ( #4177, #1011, #1172 ) ) REPRESENTATION_CONTEXT ( 'NONE', 'WORKASPACE' ) );
#1845 = VECTOR ( 'NONE', #2189, 1000.000000000000000 ) ;
#1846 = COLOUR_RGB ( '',1.000000000000000000, 1.000000000000000000, 1.000000000000000000 ) ;
#1847 = LINE ( 'NONE', #5444, #2266 ) ;
#1848 =( GEOMETRIC_REPRESENTATION_CONTEXT ( 3 ) GLOBAL_UNCERTAINTY_ASSIGNED_CONTEXT ( ( #6137 ) ) GLOBAL_UNIT_ASSIGNED_CONTEXT ( ( #4298, #1177, #3622 ) ) REPRESENTATION_CONTEXT ( 'NONE', 'WORKASPACE' ) );
#1849 = CARTESIAN_POINT ( 'NONE',  ( 8.250000000000000000, -3.299999999999998490, -0.2499999999999997780 ) ) ;
#1850 = VECTOR ( 'NONE', #5574, 1000.000000000000000 ) ;
#1851 =( NAMED_UNIT ( * ) SI_UNIT ( $, .STERADIAN. ) SOLID_ANGLE_UNIT ( ) );
#1852 = MECHANICAL_DESIGN_GEOMETRIC_PRESENTATION_REPRESENTATION (  '', ( #848 ), #1080 ) ;
#1853 = ORIENTED_EDGE ( 'NONE', *, *, #5987, .F. ) ;
#1854 = DIRECTION ( 'NONE',  ( 3.872150616019660190E-17, 1.000000000000000000, -0.0000000000000000000 ) ) ;
#1855 = CARTESIAN_POINT ( 'NONE',  ( 9.950000000000001066, 0.0000000000000000000, -2.800000000000000711 ) ) ;
#1856 = ORIENTED_EDGE ( 'NONE', *, *, #4421, .T. ) ;
#1857 = VECTOR ( 'NONE', #2733, 1000.000000000000114 ) ;
#1858 = FACE_OUTER_BOUND ( 'NONE', #4866, .T. ) ;
#1859 = STYLED_ITEM ( 'NONE', ( #4259 ), #2171 ) ;
#1860 = EDGE_CURVE ( 'NONE', #1952, #5971, #4392, .T. ) ;
#1861 = UNCERTAINTY_MEASURE_WITH_UNIT (LENGTH_MEASURE( 1.000000000000000082E-05 ), #3443, 'distance_accuracy_value', 'NONE');
#1862 = LINE ( 'NONE', #80, #4120 ) ;
#1863 = CARTESIAN_POINT ( 'NONE',  ( -0.1500000000000006051, -3.399999999999999911, 0.1500000000000008271 ) ) ;
#1864 = DIRECTION ( 'NONE',  ( 0.0000000000000000000, 0.0000000000000000000, 1.000000000000000000 ) ) ;
#1865 = VECTOR ( 'NONE', #1762, 1000.000000000000000 ) ;
#1866 = ORIENTED_EDGE ( 'NONE', *, *, #7092, .T. ) ;
#1867 = ORIENTED_EDGE ( 'NONE', *, *, #7249, .F. ) ;
#1868 = DIRECTION ( 'NONE',  ( -1.000000000000000000, 0.0000000000000000000, -8.106184467181340768E-17 ) ) ;
#1869 = CARTESIAN_POINT ( 'NONE',  ( 2.050000000000000266, -3.399999999999999911, -0.1499999999999969136 ) ) ;
#1870 = CARTESIAN_POINT ( 'NONE',  ( 4.250000000000000000, -3.399999999999999911, 0.2500000000000002220 ) ) ;
#1871 = AXIS2_PLACEMENT_3D ( 'NONE', #1593, #7034, #6490 ) ;
#1872 =( NAMED_UNIT ( * ) PLANE_ANGLE_UNIT ( ) SI_UNIT ( $, .RADIAN. ) );
#1873 = EDGE_CURVE ( 'NONE', #6858, #6498, #3123, .T. ) ;
#1874 = PLANE ( 'NONE',  #4132 ) ;
#1875 = DIRECTION ( 'NONE',  ( 0.7071067811865536790, -0.7071067811865414665, 1.662400053425821631E-32 ) ) ;
#1876 = SURFACE_STYLE_FILL_AREA ( #566 ) ;
#1877 = LINE ( 'NONE', #2002, #7494 ) ;
#1878 = ORIENTED_EDGE ( 'NONE', *, *, #5608, .T. ) ;
#1879 = ORIENTED_EDGE ( 'NONE', *, *, #5734, .T. ) ;
#1880 = LINE ( 'NONE', #737, #1946 ) ;
#1881 = EDGE_CURVE ( 'NONE', #7526, #6298, #5544, .T. ) ;
#1882 = EDGE_LOOP ( 'NONE', ( #7224, #5599, #6317, #6353 ) ) ;
#1883 = CARTESIAN_POINT ( 'NONE',  ( 4.699999999999999289, 0.1999999999999999833, 1.700000000000000178 ) ) ;
#1884 = PRESENTATION_STYLE_ASSIGNMENT (( #4922 ) ) ;
#1885 = ORIENTED_EDGE ( 'NONE', *, *, #615, .T. ) ;
#1886 = DIRECTION ( 'NONE',  ( 1.000000000000000000, -3.872150616019661422E-17, 0.0000000000000000000 ) ) ;
#1887 = LINE ( 'NONE', #21, #3102 ) ;
#1888 = FILL_AREA_STYLE ('',( #4925 ) ) ;
#1889 = FILL_AREA_STYLE_COLOUR ( '', #2537 ) ;
#1890 = DIRECTION ( 'NONE',  ( -4.336808689942017736E-16, 0.0000000000000000000, -1.000000000000000000 ) ) ;
#1891 = CARTESIAN_POINT ( 'NONE',  ( 0.05000000000000012768, 5.100000000000001421, -2.800000000000000266 ) ) ;
#1892 = PRESENTATION_STYLE_ASSIGNMENT (( #4427 ) ) ;
#1893 = LINE ( 'NONE', #6101, #2636 ) ;
#1894 = UNCERTAINTY_MEASURE_WITH_UNIT (LENGTH_MEASURE( 1.000000000000000082E-05 ), #417, 'distance_accuracy_value', 'NONE');
#1895 = VECTOR ( 'NONE', #3941, 1000.000000000000000 ) ;
#1896 =( NAMED_UNIT ( * ) SI_UNIT ( $, .STERADIAN. ) SOLID_ANGLE_UNIT ( ) );
#1897 = PLANE ( 'NONE',  #219 ) ;
#1898 = VERTEX_POINT ( 'NONE', #7021 ) ;
#1899 = CARTESIAN_POINT ( 'NONE',  ( 4.049999999999999822, -3.399999999999999911, -2.800000000000000266 ) ) ;
#1900 = CARTESIAN_POINT ( 'NONE',  ( 0.2499999999999997780, 1.800000000000000044, 0.2500000000000002220 ) ) ;
#1901 = LINE ( 'NONE', #6707, #5036 ) ;
#1902 = EDGE_LOOP ( 'NONE', ( #5812, #1540, #3769, #3925 ) ) ;
#1903 = LINE ( 'NONE', #2602, #1660 ) ;
#1904 =( NAMED_UNIT ( * ) SI_UNIT ( $, .STERADIAN. ) SOLID_ANGLE_UNIT ( ) );
#1905 = EDGE_CURVE ( 'NONE', #4135, #3068, #2123, .T. ) ;
#1906 = COLOUR_RGB ( '',1.000000000000000000, 0.8117647058823529438, 0.5019607843137254832 ) ;
#1907 = DIRECTION ( 'NONE',  ( 1.000000000000000000, -3.872150616019660190E-17, -4.336808689942017736E-16 ) ) ;
#1908 = DIRECTION ( 'NONE',  ( -1.000000000000000000, 5.421010862427522170E-17, 0.0000000000000000000 ) ) ;
#1909 = FILL_AREA_STYLE ('',( #1947 ) ) ;
#1910 = DIRECTION ( 'NONE',  ( 0.0000000000000000000, -0.0000000000000000000, 1.000000000000000000 ) ) ;
#1911 = COLOUR_RGB ( '',1.000000000000000000, 1.000000000000000000, 1.000000000000000000 ) ;
#1912 = CARTESIAN_POINT ( 'NONE',  ( 8.250000000000000000, -3.399999999999999911, 0.2500000000000002220 ) ) ;
#1913 = CARTESIAN_POINT ( 'NONE',  ( 0.0000000000000000000, -3.541421356237309581, 0.0000000000000000000 ) ) ;
#1914 = ORIENTED_EDGE ( 'NONE', *, *, #2461, .F. ) ;
#1915 = ORIENTED_EDGE ( 'NONE', *, *, #1377, .F. ) ;
#1916 = FACE_OUTER_BOUND ( 'NONE', #5549, .T. ) ;
#1917 = ADVANCED_FACE ( 'NONE', ( #6324 ), #3922, .F. ) ;
#1918 = DIRECTION ( 'NONE',  ( 4.336808689942017736E-16, 0.0000000000000000000, 1.000000000000000000 ) ) ;
#1919 = ORIENTED_EDGE ( 'NONE', *, *, #5922, .F. ) ;
#1920 = ORIENTED_EDGE ( 'NONE', *, *, #6415, .T. ) ;
#1921 = SURFACE_STYLE_USAGE ( .BOTH. , #255 ) ;
#1922 = MECHANICAL_DESIGN_GEOMETRIC_PRESENTATION_REPRESENTATION (  '', ( #4347 ), #6402 ) ;
#1923 = FILL_AREA_STYLE ('',( #7212 ) ) ;
#1924 = COLOUR_RGB ( '',1.000000000000000000, 0.8117647058823529438, 0.5019607843137254832 ) ;
#1925 = CARTESIAN_POINT ( 'NONE',  ( -0.2499999999999997780, 4.999999999999999112, 0.2500000000000002220 ) ) ;
#1926 = SURFACE_SIDE_STYLE ('',( #5562 ) ) ;
#1927 = FILL_AREA_STYLE_COLOUR ( '', #2068 ) ;
#1928 =( LENGTH_UNIT ( ) NAMED_UNIT ( * ) SI_UNIT ( .MILLI., .METRE. ) );
#1929 = VECTOR ( 'NONE', #6355, 1000.000000000000000 ) ;
#1930 = UNCERTAINTY_MEASURE_WITH_UNIT (LENGTH_MEASURE( 1.000000000000000082E-05 ), #153, 'distance_accuracy_value', 'NONE');
#1931 = ORIENTED_EDGE ( 'NONE', *, *, #7249, .T. ) ;
#1932 = SURFACE_SIDE_STYLE ('',( #3688 ) ) ;
#1933 = SURFACE_STYLE_USAGE ( .BOTH. , #7416 ) ;
#1934 = FILL_AREA_STYLE ('',( #2590 ) ) ;
#1935 = FACE_BOUND ( 'NONE', #5917, .T. ) ;
#1936 = CARTESIAN_POINT ( 'NONE',  ( 6.149999999999995914, -3.399999999999999911, -0.1499999999999969136 ) ) ;
#1937 = CARTESIAN_POINT ( 'NONE',  ( 6.249999999999998224, 4.999999999999999112, 0.2500000000000002220 ) ) ;
#1938 = FILL_AREA_STYLE ('',( #4977 ) ) ;
#1939 = FILL_AREA_STYLE_COLOUR ( '', #1569 ) ;
#1940 = EDGE_LOOP ( 'NONE', ( #4035, #4238, #7860, #1084 ) ) ;
#1941 =( NAMED_UNIT ( * ) SI_UNIT ( $, .STERADIAN. ) SOLID_ANGLE_UNIT ( ) );
#1942 =( GEOMETRIC_REPRESENTATION_CONTEXT ( 3 ) GLOBAL_UNCERTAINTY_ASSIGNED_CONTEXT ( ( #1943 ) ) GLOBAL_UNIT_ASSIGNED_CONTEXT ( ( #4924, #5524, #591 ) ) REPRESENTATION_CONTEXT ( 'NONE', 'WORKASPACE' ) );
#1943 = UNCERTAINTY_MEASURE_WITH_UNIT (LENGTH_MEASURE( 1.000000000000000082E-05 ), #4924, 'distance_accuracy_value', 'NONE');
#1944 = DIRECTION ( 'NONE',  ( 1.000000000000000000, 0.0000000000000000000, 8.106184467181340768E-17 ) ) ;
#1945 = PRESENTATION_LAYER_ASSIGNMENT (  '', '', ( #6801 ) ) ;
#1946 = VECTOR ( 'NONE', #5592, 1000.000000000000000 ) ;
#1947 = FILL_AREA_STYLE_COLOUR ( '', #704 ) ;
#1948 = CARTESIAN_POINT ( 'NONE',  ( 1.300000000000000044, 0.2000000000000000389, -2.800000000000000266 ) ) ;
#1949 = ADVANCED_FACE ( 'NONE', ( #7563 ), #5669, .T. ) ;
#1950 = LINE ( 'NONE', #1317, #2206 ) ;
#1951 = FILL_AREA_STYLE_COLOUR ( '', #5819 ) ;
#1952 = VERTEX_POINT ( 'NONE', #6398 ) ;
#1953 = ORIENTED_EDGE ( 'NONE', *, *, #4509, .F. ) ;
#1954 = CARTESIAN_POINT ( 'NONE',  ( -1.949999999999999956, 1.800000000000000044, -0.2499999999999997780 ) ) ;
#1955 = VECTOR ( 'NONE', #982, 1000.000000000000000 ) ;
#1956 = VERTEX_POINT ( 'NONE', #915 ) ;
#1957 = AXIS2_PLACEMENT_3D ( 'NONE', #1999, #207, #2647 ) ;
#1958 = VECTOR ( 'NONE', #7732, 1000.000000000000000 ) ;
#1959 = CARTESIAN_POINT ( 'NONE',  ( -0.1499999999999971356, 5.100000000000001421, -0.1499999999999969136 ) ) ;
#1960 = ORIENTED_EDGE ( 'NONE', *, *, #7390, .F. ) ;
#1961 = VERTEX_POINT ( 'NONE', #3358 ) ;
#1962 =( GEOMETRIC_REPRESENTATION_CONTEXT ( 3 ) GLOBAL_UNCERTAINTY_ASSIGNED_CONTEXT ( ( #3589 ) ) GLOBAL_UNIT_ASSIGNED_CONTEXT ( ( #5928, #6458, #4089 ) ) REPRESENTATION_CONTEXT ( 'NONE', 'WORKASPACE' ) );
#1963 = DIRECTION ( 'NONE',  ( 1.000000000000000000, 0.0000000000000000000, 0.0000000000000000000 ) ) ;
#1964 = EDGE_CURVE ( 'NONE', #1972, #7526, #5787, .T. ) ;
#1965 = AXIS2_PLACEMENT_3D ( 'NONE', #4302, #1663, #152 ) ;
#1966 = SURFACE_SIDE_STYLE ('',( #6216 ) ) ;
#1967 = ORIENTED_EDGE ( 'NONE', *, *, #5237, .T. ) ;
#1968 = DIRECTION ( 'NONE',  ( 0.0000000000000000000, -0.0000000000000000000, 1.000000000000000000 ) ) ;
#1969 = VECTOR ( 'NONE', #7553, 1000.000000000000000 ) ;
#1970 = DIRECTION ( 'NONE',  ( -1.000000000000000000, 0.0000000000000000000, -0.0000000000000000000 ) ) ;
#1971 = STYLED_ITEM ( 'NONE', ( #6788 ), #7037 ) ;
#1972 = VERTEX_POINT ( 'NONE', #1468 ) ;
#1973 = LINE ( 'NONE', #1411, #6046 ) ;
#1974 = EDGE_CURVE ( 'NONE', #4696, #2384, #6358, .T. ) ;
#1975 =( NAMED_UNIT ( * ) SI_UNIT ( $, .STERADIAN. ) SOLID_ANGLE_UNIT ( ) );
#1976 = STYLED_ITEM ( 'NONE', ( #3955 ), #3137 ) ;
#1977 = VECTOR ( 'NONE', #5741, 1000.000000000000000 ) ;
#1978 = PRESENTATION_LAYER_ASSIGNMENT (  '', '', ( #2368 ) ) ;
#1979 = SURFACE_STYLE_USAGE ( .BOTH. , #5570 ) ;
#1980 = SURFACE_STYLE_USAGE ( .BOTH. , #7467 ) ;
#1981 = LINE ( 'NONE', #3980, #7759 ) ;
#1982 = FILL_AREA_STYLE_COLOUR ( '', #2953 ) ;
#1983 = PRESENTATION_LAYER_ASSIGNMENT (  '', '', ( #5413 ) ) ;
#1984 = EDGE_CURVE ( 'NONE', #3243, #532, #4587, .T. ) ;
#1985 = VECTOR ( 'NONE', #6393, 1000.000000000000000 ) ;
#1986 = VECTOR ( 'NONE', #2784, 1000.000000000000000 ) ;
#1987 = ORIENTED_EDGE ( 'NONE', *, *, #2681, .T. ) ;
#1988 = SURFACE_STYLE_USAGE ( .BOTH. , #6869 ) ;
#1989 = LINE ( 'NONE', #5737, #6847 ) ;
#1990 = STYLED_ITEM ( 'NONE', ( #916 ), #2799 ) ;
#1991 = FACE_OUTER_BOUND ( 'NONE', #6765, .T. ) ;
#1992 = PRESENTATION_LAYER_ASSIGNMENT (  '', '', ( #7887 ) ) ;
#1993 = VERTEX_POINT ( 'NONE', #951 ) ;
#1994 = SURFACE_STYLE_FILL_AREA ( #6874 ) ;
#1995 = CARTESIAN_POINT ( 'NONE',  ( 3.250000000000000888, 1.149999999999999911, -2.050000000000001599 ) ) ;
#1996 = VECTOR ( 'NONE', #3575, 1000.000000000000000 ) ;
#1997 = SURFACE_STYLE_FILL_AREA ( #6712 ) ;
#1998 = PRESENTATION_LAYER_ASSIGNMENT (  '', '', ( #971 ) ) ;
#1999 = CARTESIAN_POINT ( 'NONE',  ( -1.180000000000000160, 4.229999999999999538, -2.801000000000000600 ) ) ;
#2000 = PRESENTATION_STYLE_ASSIGNMENT (( #7489 ) ) ;
#2001 = DIRECTION ( 'NONE',  ( -3.872150616019660190E-17, -1.000000000000000000, 0.0000000000000000000 ) ) ;
#2002 = CARTESIAN_POINT ( 'NONE',  ( -1.350000000000000089, 1.149999999999999911, -2.350000000000001421 ) ) ;
#2003 = PRESENTATION_LAYER_ASSIGNMENT (  '', '', ( #1093 ) ) ;
#2004 = EDGE_LOOP ( 'NONE', ( #1753, #977, #606, #1641 ) ) ;
#2005 = EDGE_LOOP ( 'NONE', ( #6035, #1735, #2218, #4639 ) ) ;
#2006 = PRESENTATION_LAYER_ASSIGNMENT (  '', '', ( #852 ) ) ;
#2007 = LINE ( 'NONE', #6883, #5217 ) ;
#2008 = CARTESIAN_POINT ( 'NONE',  ( 5.250000000000000888, 1.149999999999999911, -2.050000000000001599 ) ) ;
#2009 = CARTESIAN_POINT ( 'NONE',  ( 3.250000000000000888, 3.399999999999999467, -2.300000000000001599 ) ) ;
#2010 = SURFACE_STYLE_USAGE ( .BOTH. , #5637 ) ;
#2011 = ORIENTED_EDGE ( 'NONE', *, *, #165, .T. ) ;
#2012 = ORIENTED_EDGE ( 'NONE', *, *, #3203, .F. ) ;
#2013 = DIRECTION ( 'NONE',  ( 1.000000000000000000, -0.0000000000000000000, -7.288754100742886941E-17 ) ) ;
#2014 = DIRECTION ( 'NONE',  ( -1.000000000000000000, 3.872150616019660190E-17, 0.0000000000000000000 ) ) ;
#2015 = STYLED_ITEM ( 'NONE', ( #4337 ), #6043 ) ;
#2016 = SURFACE_STYLE_USAGE ( .BOTH. , #2422 ) ;
#2017 = ADVANCED_FACE ( 'NONE', ( #4064 ), #1696, .T. ) ;
#2018 = UNCERTAINTY_MEASURE_WITH_UNIT (LENGTH_MEASURE( 1.000000000000000082E-05 ), #6123, 'distance_accuracy_value', 'NONE');
#2019 = FILL_AREA_STYLE ('',( #2740 ) ) ;
#2020 = CARTESIAN_POINT ( 'NONE',  ( 5.750000000000001776, 4.999999999999999112, -0.2499999999999997780 ) ) ;
#2021 = CARTESIAN_POINT ( 'NONE',  ( 2.750000000000000444, 3.399999999999999467, -2.350000000000001421 ) ) ;
#2022 = SURFACE_SIDE_STYLE ('',( #2147 ) ) ;
#2023 = PRESENTATION_STYLE_ASSIGNMENT (( #2148 ) ) ;
#2024 = EDGE_CURVE ( 'NONE', #3177, #5328, #3437, .T. ) ;
#2025 = ORIENTED_EDGE ( 'NONE', *, *, #2943, .F. ) ;
#2026 =( LENGTH_UNIT ( ) NAMED_UNIT ( * ) SI_UNIT ( .MILLI., .METRE. ) );
#2027 =( LENGTH_UNIT ( ) NAMED_UNIT ( * ) SI_UNIT ( .MILLI., .METRE. ) );
#2028 = CARTESIAN_POINT ( 'NONE',  ( 0.7500000000000002220, 3.149999999999999023, -2.050000000000001599 ) ) ;
#2029 = DIRECTION ( 'NONE',  ( -0.0000000000000000000, -0.0000000000000000000, 1.000000000000000000 ) ) ;
#2030 = EDGE_CURVE ( 'NONE', #6917, #2884, #6594, .T. ) ;
#2031 = ORIENTED_EDGE ( 'NONE', *, *, #2034, .F. ) ;
#2032 = DIRECTION ( 'NONE',  ( 1.000000000000000000, 0.0000000000000000000, 0.0000000000000000000 ) ) ;
#2033 = FACE_OUTER_BOUND ( 'NONE', #1471, .T. ) ;
#2034 = EDGE_CURVE ( 'NONE', #7225, #2349, #6628, .T. ) ;
#2035 =( GEOMETRIC_REPRESENTATION_CONTEXT ( 3 ) GLOBAL_UNCERTAINTY_ASSIGNED_CONTEXT ( ( #2783 ) ) GLOBAL_UNIT_ASSIGNED_CONTEXT ( ( #4083, #6642, #619 ) ) REPRESENTATION_CONTEXT ( 'NONE', 'WORKASPACE' ) );
#2036 = FILL_AREA_STYLE ('',( #6322 ) ) ;
#2037 = AXIS2_PLACEMENT_3D ( 'NONE', #6933, #5092, #276 ) ;
#2038 = CARTESIAN_POINT ( 'NONE',  ( 3.750000000000000444, -3.399999999999999911, 0.2500000000000002220 ) ) ;
#2039 = DIRECTION ( 'NONE',  ( -1.000000000000000000, -0.0000000000000000000, -0.0000000000000000000 ) ) ;
#2040 = FILL_AREA_STYLE_COLOUR ( '', #5640 ) ;
#2041 = SURFACE_STYLE_FILL_AREA ( #5789 ) ;
#2042 = ORIENTED_EDGE ( 'NONE', *, *, #7655, .T. ) ;
#2043 = ORIENTED_EDGE ( 'NONE', *, *, #3543, .F. ) ;
#2044 = SURFACE_STYLE_FILL_AREA ( #3209 ) ;
#2045 = SURFACE_SIDE_STYLE ('',( #5196 ) ) ;
#2046 = PRESENTATION_LAYER_ASSIGNMENT (  '', '', ( #5475 ) ) ;
#2047 = LINE ( 'NONE', #5842, #460 ) ;
#2048 = DIRECTION ( 'NONE',  ( 0.0000000000000000000, -1.000000000000000000, 0.0000000000000000000 ) ) ;
#2049 = ORIENTED_EDGE ( 'NONE', *, *, #5429, .F. ) ;
#2050 = CARTESIAN_POINT ( 'NONE',  ( 5.299999999999998934, 0.2000000000000000389, -2.800000000000000266 ) ) ;
#2051 = VECTOR ( 'NONE', #1588, 1000.000000000000000 ) ;
#2052 = FILL_AREA_STYLE_COLOUR ( '', #2969 ) ;
#2053 = FACE_OUTER_BOUND ( 'NONE', #7576, .T. ) ;
#2054 = LINE ( 'NONE', #4493, #7057 ) ;
#2055 = SURFACE_SIDE_STYLE ('',( #862 ) ) ;
#2056 = EDGE_CURVE ( 'NONE', #2730, #770, #5334, .T. ) ;
#2057 =( NAMED_UNIT ( * ) SI_UNIT ( $, .STERADIAN. ) SOLID_ANGLE_UNIT ( ) );
#2058 =( NAMED_UNIT ( * ) SI_UNIT ( $, .STERADIAN. ) SOLID_ANGLE_UNIT ( ) );
#2059 = DIRECTION ( 'NONE',  ( 1.000000000000000000, -0.0000000000000000000, -7.288754100742886941E-17 ) ) ;
#2060 = CARTESIAN_POINT ( 'NONE',  ( 6.249999999999998224, -3.299999999999998490, 0.2500000000000002220 ) ) ;
#2061 = ORIENTED_EDGE ( 'NONE', *, *, #7331, .F. ) ;
#2062 = CARTESIAN_POINT ( 'NONE',  ( 1.750000000000000222, -3.299999999999998490, 0.2500000000000002220 ) ) ;
#2063 = FILL_AREA_STYLE_COLOUR ( '', #2883 ) ;
#2064 = FACE_OUTER_BOUND ( 'NONE', #907, .T. ) ;
#2065 = EDGE_CURVE ( 'NONE', #5164, #6597, #3513, .T. ) ;
#2066 = SURFACE_SIDE_STYLE ('',( #3871 ) ) ;
#2067 = ORIENTED_EDGE ( 'NONE', *, *, #3837, .T. ) ;
#2068 = COLOUR_RGB ( '',1.000000000000000000, 1.000000000000000000, 1.000000000000000000 ) ;
#2069 = ORIENTED_EDGE ( 'NONE', *, *, #4016, .F. ) ;
#2070 = DIRECTION ( 'NONE',  ( -1.000000000000000000, 3.872150616019660806E-17, -0.0000000000000000000 ) ) ;
#2071 = FILL_AREA_STYLE ('',( #7016 ) ) ;
#2072 = CARTESIAN_POINT ( 'NONE',  ( 9.950000000000001066, 0.0000000000000000000, -2.800000000000000711 ) ) ;
#2073 = SURFACE_STYLE_USAGE ( .BOTH. , #1429 ) ;
#2074 = SURFACE_SIDE_STYLE ('',( #914 ) ) ;
#2075 = EDGE_CURVE ( 'NONE', #3760, #7693, #6512, .T. ) ;
#2076 = FILL_AREA_STYLE ('',( #2040 ) ) ;
#2077 = VECTOR ( 'NONE', #5462, 1000.000000000000000 ) ;
#2078 = MECHANICAL_DESIGN_GEOMETRIC_PRESENTATION_REPRESENTATION (  '', ( #924 ), #6041 ) ;
#2079 = ORIENTED_EDGE ( 'NONE', *, *, #3736, .F. ) ;
#2080 = ORIENTED_EDGE ( 'NONE', *, *, #7750, .F. ) ;
#2081 = FACE_OUTER_BOUND ( 'NONE', #1670, .T. ) ;
#2082 = MECHANICAL_DESIGN_GEOMETRIC_PRESENTATION_REPRESENTATION (  '', ( #6165 ), #812 ) ;
#2083 = STYLED_ITEM ( 'NONE', ( #3138 ), #4432 ) ;
#2084 = UNCERTAINTY_MEASURE_WITH_UNIT (LENGTH_MEASURE( 1.000000000000000082E-05 ), #1360, 'distance_accuracy_value', 'NONE');
#2085 = SURFACE_STYLE_FILL_AREA ( #2655 ) ;
#2086 = CARTESIAN_POINT ( 'NONE',  ( 7.850000000000001421, -3.399999999999999911, -2.800000000000001155 ) ) ;
#2087 = VECTOR ( 'NONE', #7687, 1000.000000000000000 ) ;
#2088 = MECHANICAL_DESIGN_GEOMETRIC_PRESENTATION_REPRESENTATION (  '', ( #2219 ), #6680 ) ;
#2089 =( NAMED_UNIT ( * ) SI_UNIT ( $, .STERADIAN. ) SOLID_ANGLE_UNIT ( ) );
#2091 = CARTESIAN_POINT ( 'NONE',  ( 2.250000000000000000, -3.299999999999998490, -0.2499999999999997780 ) ) ;
#2090 = MECHANICAL_DESIGN_GEOMETRIC_PRESENTATION_REPRESENTATION (  '', ( #5519 ), #5143 ) ;
#2092 = ORIENTED_EDGE ( 'NONE', *, *, #3585, .T. ) ;
#2093 = SURFACE_STYLE_FILL_AREA ( #6964 ) ;
#2094 = FILL_AREA_STYLE_COLOUR ( '', #5009 ) ;
#2095 = LINE ( 'NONE', #5162, #1895 ) ;
#2096 = STYLED_ITEM ( 'NONE', ( #622 ), #3532 ) ;
#2097 = MECHANICAL_DESIGN_GEOMETRIC_PRESENTATION_REPRESENTATION (  '', ( #1561 ), #4768 ) ;
#2098 = FILL_AREA_STYLE_COLOUR ( '', #3015 ) ;
#2099 = DIRECTION ( 'NONE',  ( -0.0000000000000000000, -0.0000000000000000000, 1.000000000000000000 ) ) ;
#2100 = STYLED_ITEM ( 'NONE', ( #6826 ), #3052 ) ;
#2101 = FACE_OUTER_BOUND ( 'NONE', #5045, .T. ) ;
#2102 = VECTOR ( 'NONE', #2356, 1000.000000000000114 ) ;
#2103 = CARTESIAN_POINT ( 'NONE',  ( 5.750000000000000000, -3.399999999999999911, -0.2499999999999997780 ) ) ;
#2104 = CARTESIAN_POINT ( 'NONE',  ( 5.750000000000000000, 0.2000000000000000111, -0.2499999999999997780 ) ) ;
#2105 = UNCERTAINTY_MEASURE_WITH_UNIT (LENGTH_MEASURE( 1.000000000000000082E-05 ), #6487, 'distance_accuracy_value', 'NONE');
#2106 =( GEOMETRIC_REPRESENTATION_CONTEXT ( 3 ) GLOBAL_UNCERTAINTY_ASSIGNED_CONTEXT ( ( #3031 ) ) GLOBAL_UNIT_ASSIGNED_CONTEXT ( ( #4130, #7714, #3495 ) ) REPRESENTATION_CONTEXT ( 'NONE', 'WORKASPACE' ) );
#2107 = VERTEX_POINT ( 'NONE', #2313 ) ;
#2108 = PRESENTATION_LAYER_ASSIGNMENT (  '', '', ( #561 ) ) ;
#2109 = CARTESIAN_POINT ( 'NONE',  ( -1.951000000000000956, 6.000000000000000000, 0.3199999999999991185 ) ) ;
#2110 = AXIS2_PLACEMENT_3D ( 'NONE', #5178, #3275, #6349 ) ;
#2111 = LINE ( 'NONE', #5736, #3509 ) ;
#2112 = DIRECTION ( 'NONE',  ( -5.421010862427522170E-17, -1.000000000000000000, 2.350988701644575016E-32 ) ) ;
#2113 =( LENGTH_UNIT ( ) NAMED_UNIT ( * ) SI_UNIT ( .MILLI., .METRE. ) );
#2114 = COLOUR_RGB ( '',1.000000000000000000, 1.000000000000000000, 1.000000000000000000 ) ;
#2115 = STYLED_ITEM ( 'NONE', ( #4361 ), #2311 ) ;
#2116 = VERTEX_POINT ( 'NONE', #7777 ) ;
#2117 =( NAMED_UNIT ( * ) PLANE_ANGLE_UNIT ( ) SI_UNIT ( $, .RADIAN. ) );
#2118 = LINE ( 'NONE', #7058, #1530 ) ;
#2119 =( NAMED_UNIT ( * ) SI_UNIT ( $, .STERADIAN. ) SOLID_ANGLE_UNIT ( ) );
#2120 = DIRECTION ( 'NONE',  ( 3.872150616019660190E-17, 1.000000000000000000, -0.0000000000000000000 ) ) ;
#2121 = ADVANCED_FACE ( 'NONE', ( #392 ), #3553, .F. ) ;
#2122 = AXIS2_PLACEMENT_3D ( 'NONE', #614, #3752, #4873 ) ;
#2123 = LINE ( 'NONE', #3841, #4600 ) ;
#2124 = SURFACE_STYLE_USAGE ( .BOTH. , #7654 ) ;
#2125 = ORIENTED_EDGE ( 'NONE', *, *, #1186, .F. ) ;
#2126 = VERTEX_POINT ( 'NONE', #1900 ) ;
#2127 = DIRECTION ( 'NONE',  ( -1.927470528863119295E-16, 5.782411586589359611E-16, 1.000000000000000000 ) ) ;
#2128 = AXIS2_PLACEMENT_3D ( 'NONE', #4495, #827, #864 ) ;
#2129 = EDGE_CURVE ( 'NONE', #5183, #5872, #3078, .T. ) ;
#2130 = FILL_AREA_STYLE ('',( #4482 ) ) ;
#2131 = VECTOR ( 'NONE', #711, 1000.000000000000000 ) ;
#2132 = ADVANCED_FACE ( 'NONE', ( #6743 ), #2993, .T. ) ;
#2133 = SURFACE_SIDE_STYLE ('',( #5156 ) ) ;
#2134 =( GEOMETRIC_REPRESENTATION_CONTEXT ( 3 ) GLOBAL_UNCERTAINTY_ASSIGNED_CONTEXT ( ( #3544 ) ) GLOBAL_UNIT_ASSIGNED_CONTEXT ( ( #352, #2865, #5211 ) ) REPRESENTATION_CONTEXT ( 'NONE', 'WORKASPACE' ) );
#2135 = FILL_AREA_STYLE_COLOUR ( '', #7487 ) ;
#2136 = AXIS2_PLACEMENT_3D ( 'NONE', #3573, #3022, #4206 ) ;
#2137 = DIRECTION ( 'NONE',  ( 4.818676322157798361E-16, -0.0000000000000000000, 1.000000000000000000 ) ) ;
#2138 = ORIENTED_EDGE ( 'NONE', *, *, #5287, .T. ) ;
#2139 = DIRECTION ( 'NONE',  ( -0.0000000000000000000, -0.0000000000000000000, 1.000000000000000000 ) ) ;
#2140 = ORIENTED_EDGE ( 'NONE', *, *, #4881, .F. ) ;
#2141 = UNCERTAINTY_MEASURE_WITH_UNIT (LENGTH_MEASURE( 1.000000000000000082E-05 ), #1726, 'distance_accuracy_value', 'NONE');
#2142 = COLOUR_RGB ( '',1.000000000000000000, 0.8117647058823529438, 0.5019607843137254832 ) ;
#2143 = FACE_OUTER_BOUND ( 'NONE', #5660, .T. ) ;
#2144 = ORIENTED_EDGE ( 'NONE', *, *, #6375, .T. ) ;
#2145 = CARTESIAN_POINT ( 'NONE',  ( 3.299999999999999378, 0.2000000000000000389, -2.800000000000000266 ) ) ;
#2146 = DIRECTION ( 'NONE',  ( 1.000000000000000000, 0.0000000000000000000, 0.0000000000000000000 ) ) ;
#2147 = SURFACE_STYLE_FILL_AREA ( #3339 ) ;
#2148 = SURFACE_STYLE_USAGE ( .BOTH. , #3383 ) ;
#2149 =( NAMED_UNIT ( * ) PLANE_ANGLE_UNIT ( ) SI_UNIT ( $, .RADIAN. ) );
#2150 =( LENGTH_UNIT ( ) NAMED_UNIT ( * ) SI_UNIT ( .MILLI., .METRE. ) );
#2151 = DIRECTION ( 'NONE',  ( 1.000000000000000000, -0.0000000000000000000, 8.106184467181340768E-17 ) ) ;
#2152 = DIRECTION ( 'NONE',  ( 0.0000000000000000000, 0.0000000000000000000, -1.000000000000000000 ) ) ;
#2153 = LINE ( 'NONE', #5180, #7330 ) ;
#2154 = ORIENTED_EDGE ( 'NONE', *, *, #5829, .F. ) ;
#2155 =( NAMED_UNIT ( * ) SI_UNIT ( $, .STERADIAN. ) SOLID_ANGLE_UNIT ( ) );
#2156 = DIRECTION ( 'NONE',  ( 0.0000000000000000000, 0.0000000000000000000, -1.000000000000000000 ) ) ;
#2157 = FILL_AREA_STYLE_COLOUR ( '', #6206 ) ;
#2158 = LINE ( 'NONE', #4475, #2372 ) ;
#2159 = CARTESIAN_POINT ( 'NONE',  ( 3.750000000000000444, -3.399999999999999911, 0.1499999999999973577 ) ) ;
#2160 = DIRECTION ( 'NONE',  ( 0.0000000000000000000, 1.000000000000000000, 0.0000000000000000000 ) ) ;
#2161 =( NAMED_UNIT ( * ) SI_UNIT ( $, .STERADIAN. ) SOLID_ANGLE_UNIT ( ) );
#2162 = VERTEX_POINT ( 'NONE', #1185 ) ;
#2163 = EDGE_CURVE ( 'NONE', #4149, #573, #5495, .T. ) ;
#2164 = EDGE_LOOP ( 'NONE', ( #4235, #1157, #7643, #7070 ) ) ;
#2165 = COLOUR_RGB ( '',1.000000000000000000, 1.000000000000000000, 1.000000000000000000 ) ;
#2166 = PRESENTATION_STYLE_ASSIGNMENT (( #2771 ) ) ;
#2167 = ORIENTED_EDGE ( 'NONE', *, *, #3625, .T. ) ;
#2168 = ADVANCED_FACE ( 'NONE', ( #6780 ), #604, .F. ) ;
#2169 = FILL_AREA_STYLE ('',( #6485 ) ) ;
#2170 = AXIS2_PLACEMENT_3D ( 'NONE', #6122, #738, #7443 ) ;
#2171 = ADVANCED_FACE ( 'NONE', ( #1305 ), #3741, .F. ) ;
#2172 = EDGE_LOOP ( 'NONE', ( #1987, #2594, #1102, #2839 ) ) ;
#2173 = CARTESIAN_POINT ( 'NONE',  ( 3.850000000000002309, -3.399999999999999911, -0.2499999999999997780 ) ) ;
#2174 = SURFACE_STYLE_USAGE ( .BOTH. , #7665 ) ;
#2175 =( GEOMETRIC_REPRESENTATION_CONTEXT ( 3 ) GLOBAL_UNCERTAINTY_ASSIGNED_CONTEXT ( ( #5165 ) ) GLOBAL_UNIT_ASSIGNED_CONTEXT ( ( #5008, #3773, #702 ) ) REPRESENTATION_CONTEXT ( 'NONE', 'WORKASPACE' ) );
#2176 = LINE ( 'NONE', #931, #1986 ) ;
#2177 = ADVANCED_FACE ( 'NONE', ( #7476 ), #6350, .T. ) ;
#2178 = STYLED_ITEM ( 'NONE', ( #7119 ), #1806 ) ;
#2179 = DIRECTION ( 'NONE',  ( -3.833233541708400216E-17, -0.7071067811865410224, 0.7071067811865540120 ) ) ;
#2181 = VERTEX_POINT ( 'NONE', #2028 ) ;
#2180 = DIRECTION ( 'NONE',  ( -0.0000000000000000000, 0.0000000000000000000, 1.000000000000000000 ) ) ;
#2182 = LINE ( 'NONE', #5242, #7498 ) ;
#2183 = LINE ( 'NONE', #3425, #1218 ) ;
#2184 = EDGE_CURVE ( 'NONE', #2403, #2450, #1989, .T. ) ;
#2185 =( NAMED_UNIT ( * ) PLANE_ANGLE_UNIT ( ) SI_UNIT ( $, .RADIAN. ) );
#2186 =( GEOMETRIC_REPRESENTATION_CONTEXT ( 3 ) GLOBAL_UNCERTAINTY_ASSIGNED_CONTEXT ( ( #2520 ) ) GLOBAL_UNIT_ASSIGNED_CONTEXT ( ( #3876, #1529, #6392 ) ) REPRESENTATION_CONTEXT ( 'NONE', 'WORKASPACE' ) );
#2187 =( LENGTH_UNIT ( ) NAMED_UNIT ( * ) SI_UNIT ( .MILLI., .METRE. ) );
#2188 = VERTEX_POINT ( 'NONE', #6388 ) ;
#2189 = DIRECTION ( 'NONE',  ( -1.000000000000000000, -0.0000000000000000000, -0.0000000000000000000 ) ) ;
#2190 = DIRECTION ( 'NONE',  ( -1.000000000000000000, 0.0000000000000000000, 0.0000000000000000000 ) ) ;
#2191 = CARTESIAN_POINT ( 'NONE',  ( -1.949999999999999956, 0.0000000000000000000, -2.800000000000000266 ) ) ;
#2192 = PRESENTATION_STYLE_ASSIGNMENT (( #5989 ) ) ;
#2193 = DIRECTION ( 'NONE',  ( -1.095153709581317921E-16, 1.000000000000000000, -8.877517989784104081E-33 ) ) ;
#2194 = ORIENTED_EDGE ( 'NONE', *, *, #2704, .T. ) ;
#2195 = ORIENTED_EDGE ( 'NONE', *, *, #4036, .T. ) ;
#2196 = EDGE_LOOP ( 'NONE', ( #2806, #2714, #5096, #2272 ) ) ;
#2197 = ORIENTED_EDGE ( 'NONE', *, *, #1974, .T. ) ;
#2198 = LINE ( 'NONE', #849, #2557 ) ;
#2199 = CARTESIAN_POINT ( 'NONE',  ( 4.750000000000000888, 3.399999999999999467, -2.050000000000001599 ) ) ;
#2200 = EDGE_CURVE ( 'NONE', #5371, #7899, #5179, .T. ) ;
#2201 = AXIS2_PLACEMENT_3D ( 'NONE', #3944, #6379, #1004 ) ;
#2202 = SURFACE_STYLE_USAGE ( .BOTH. , #7697 ) ;
#2203 = DIRECTION ( 'NONE',  ( -0.0000000000000000000, -0.0000000000000000000, 1.000000000000000000 ) ) ;
#2204 = ORIENTED_EDGE ( 'NONE', *, *, #1757, .F. ) ;
#2205 = FILL_AREA_STYLE_COLOUR ( '', #7641 ) ;
#2206 = VECTOR ( 'NONE', #4352, 1000.000000000000000 ) ;
#2207 = EDGE_CURVE ( 'NONE', #6075, #6778, #904, .T. ) ;
#2208 =( NAMED_UNIT ( * ) SI_UNIT ( $, .STERADIAN. ) SOLID_ANGLE_UNIT ( ) );
#2209 = COLOUR_RGB ( '',1.000000000000000000, 1.000000000000000000, 1.000000000000000000 ) ;
#2210 = COLOUR_RGB ( '',1.000000000000000000, 0.8117647058823529438, 0.5019607843137254832 ) ;
#2211 = CARTESIAN_POINT ( 'NONE',  ( 8.250000000000000000, -3.399999999999999911, 0.2500000000000002220 ) ) ;
#2212 = LINE ( 'NONE', #1043, #4643 ) ;
#2213 = SURFACE_SIDE_STYLE ('',( #1552 ) ) ;
#2214 = DIRECTION ( 'NONE',  ( -0.0000000000000000000, -0.0000000000000000000, 1.000000000000000000 ) ) ;
#2215 = PLANE ( 'NONE',  #3716 ) ;
#2216 = AXIS2_PLACEMENT_3D ( 'NONE', #1258, #6060, #68 ) ;
#2217 = PLANE ( 'NONE',  #5998 ) ;
#2218 = ORIENTED_EDGE ( 'NONE', *, *, #4796, .T. ) ;
#2219 = STYLED_ITEM ( 'NONE', ( #7740 ), #6647 ) ;
#2220 = EDGE_CURVE ( 'NONE', #2403, #3502, #278, .T. ) ;
#2221 = CARTESIAN_POINT ( 'NONE',  ( 7.249999999999999112, 3.399999999999999467, -2.300000000000001599 ) ) ;
#2222 = DIRECTION ( 'NONE',  ( -4.336808689942017736E-16, 0.0000000000000000000, -1.000000000000000000 ) ) ;
#2223 = ORIENTED_EDGE ( 'NONE', *, *, #5246, .T. ) ;
#2224 = VERTEX_POINT ( 'NONE', #3794 ) ;
#2225 = CARTESIAN_POINT ( 'NONE',  ( 3.750000000000001332, 4.999999999999995559, 0.2500000000000002220 ) ) ;
#2226 = DIRECTION ( 'NONE',  ( -0.0000000000000000000, -1.000000000000000000, -0.0000000000000000000 ) ) ;
#2227 = DIRECTION ( 'NONE',  ( -0.0000000000000000000, -0.0000000000000000000, 1.000000000000000000 ) ) ;
#2228 = VECTOR ( 'NONE', #4697, 1000.000000000000000 ) ;
#2229 = VECTOR ( 'NONE', #3591, 1000.000000000000000 ) ;
#2230 = AXIS2_PLACEMENT_3D ( 'NONE', #6201, #4441, #4388 ) ;
#2231 =( GEOMETRIC_REPRESENTATION_CONTEXT ( 3 ) GLOBAL_UNCERTAINTY_ASSIGNED_CONTEXT ( ( #5049 ) ) GLOBAL_UNIT_ASSIGNED_CONTEXT ( ( #209, #6751, #805 ) ) REPRESENTATION_CONTEXT ( 'NONE', 'WORKASPACE' ) );
#2232 = CARTESIAN_POINT ( 'NONE',  ( 1.250000000000000666, 3.399999999999999467, -2.300000000000001599 ) ) ;
#2233 = MECHANICAL_DESIGN_GEOMETRIC_PRESENTATION_REPRESENTATION (  '', ( #331 ), #3262 ) ;
#2234 = LINE ( 'NONE', #5255, #576 ) ;
#2235 = DIRECTION ( 'NONE',  ( -0.0000000000000000000, -0.0000000000000000000, 1.000000000000000000 ) ) ;
#2236 = VECTOR ( 'NONE', #2267, 1000.000000000000000 ) ;
#2237 = VERTEX_POINT ( 'NONE', #796 ) ;
#2238 = EDGE_LOOP ( 'NONE', ( #4867, #5507 ) ) ;
#2239 = ORIENTED_EDGE ( 'NONE', *, *, #3348, .F. ) ;
#2240 = MECHANICAL_DESIGN_GEOMETRIC_PRESENTATION_REPRESENTATION (  '', ( #3266 ), #5163 ) ;
#2241 = CARTESIAN_POINT ( 'NONE',  ( 2.699999999999999734, 0.1999999999999999833, 1.700000000000000178 ) ) ;
#2242 = PRESENTATION_STYLE_ASSIGNMENT (( #2923 ) ) ;
#2243 =( GEOMETRIC_REPRESENTATION_CONTEXT ( 3 ) GLOBAL_UNCERTAINTY_ASSIGNED_CONTEXT ( ( #2105 ) ) GLOBAL_UNIT_ASSIGNED_CONTEXT ( ( #6487, #2964, #2410 ) ) REPRESENTATION_CONTEXT ( 'NONE', 'WORKASPACE' ) );
#2244 = LINE ( 'NONE', #1705, #1201 ) ;
#2245 = CARTESIAN_POINT ( 'NONE',  ( 7.249999999999999112, 3.399999999999999467, -2.050000000000001599 ) ) ;
#2246 = VECTOR ( 'NONE', #6461, 1000.000000000000000 ) ;
#2247 = ORIENTED_EDGE ( 'NONE', *, *, #7664, .T. ) ;
#2248 = SURFACE_STYLE_USAGE ( .BOTH. , #5234 ) ;
#2249 = COLOUR_RGB ( '',1.000000000000000000, 1.000000000000000000, 1.000000000000000000 ) ;
#2250 = SURFACE_SIDE_STYLE ('',( #5539 ) ) ;
#2251 = CARTESIAN_POINT ( 'NONE',  ( -1.180000000000000160, 4.229999999999999538, 1.700000000000000178 ) ) ;
#2252 = VECTOR ( 'NONE', #6195, 1000.000000000000000 ) ;
#2253 = PRESENTATION_STYLE_ASSIGNMENT (( #6492 ) ) ;
#2254 = FACE_OUTER_BOUND ( 'NONE', #7578, .T. ) ;
#2255 = CARTESIAN_POINT ( 'NONE',  ( 9.950000000000001066, 0.0000000000000000000, 1.699999999999999289 ) ) ;
#2256 = VECTOR ( 'NONE', #6709, 1000.000000000000000 ) ;
#2258 = EDGE_CURVE ( 'NONE', #1898, #7701, #6240, .T. ) ;
#2257 = CARTESIAN_POINT ( 'NONE',  ( 2.250000000000000000, -3.399999999999999911, -0.1500000000000003830 ) ) ;
#2259 = FILL_AREA_STYLE_COLOUR ( '', #2892 ) ;
#2260 = CARTESIAN_POINT ( 'NONE',  ( -1.350000000000000089, 1.149999999999999911, -2.350000000000001421 ) ) ;
#2261 = EDGE_LOOP ( 'NONE', ( #4169, #1772, #1719, #623 ) ) ;
#2262 = MECHANICAL_DESIGN_GEOMETRIC_PRESENTATION_REPRESENTATION (  '', ( #5705 ), #4549 ) ;
#2263 = CARTESIAN_POINT ( 'NONE',  ( 9.180000000000001492, 2.250000000000001332, -2.801000000000000600 ) ) ;
#2264 = CARTESIAN_POINT ( 'NONE',  ( 9.950000000000001066, 6.000000000000000000, 0.3200000000000012834 ) ) ;
#2265 = EDGE_CURVE ( 'NONE', #4189, #6796, #5657, .T. ) ;
#2266 = VECTOR ( 'NONE', #1799, 1000.000000000000000 ) ;
#2267 = DIRECTION ( 'NONE',  ( 1.000000000000000000, 0.0000000000000000000, 0.0000000000000000000 ) ) ;
#2269 = EDGE_CURVE ( 'NONE', #7701, #5448, #1424, .T. ) ;
#2268 = ORIENTED_EDGE ( 'NONE', *, *, #2375, .F. ) ;
#2270 = CARTESIAN_POINT ( 'NONE',  ( 3.250000000000000888, 1.149999999999999911, -2.050000000000001599 ) ) ;
#2271 = LINE ( 'NONE', #2307, #6210 ) ;
#2272 = ORIENTED_EDGE ( 'NONE', *, *, #6118, .F. ) ;
#2273 = PRESENTATION_STYLE_ASSIGNMENT (( #7776 ) ) ;
#2274 = ADVANCED_FACE ( 'NONE', ( #2064 ), #981, .T. ) ;
#2275 = FILL_AREA_STYLE ('',( #5904 ) ) ;
#2276 = CARTESIAN_POINT ( 'NONE',  ( 3.299999999999999378, 0.2000000000000000389, 1.700000000000000178 ) ) ;
#2277 = EDGE_LOOP ( 'NONE', ( #2573, #7699, #7036, #4890 ) ) ;
#2278 = ORIENTED_EDGE ( 'NONE', *, *, #366, .T. ) ;
#2279 = DIRECTION ( 'NONE',  ( -0.0000000000000000000, -0.0000000000000000000, 1.000000000000000000 ) ) ;
#2280 = CARTESIAN_POINT ( 'NONE',  ( 2.150000000000000355, -3.399999999999999911, -0.1500000000000003830 ) ) ;
#2281 = ORIENTED_EDGE ( 'NONE', *, *, #7239, .F. ) ;
#2282 = CARTESIAN_POINT ( 'NONE',  ( -1.950000000000000400, 1.380000000000000782, 1.300000000000000044 ) ) ;
#2283 = PLANE ( 'NONE',  #593 ) ;
#2284 = ORIENTED_EDGE ( 'NONE', *, *, #4417, .F. ) ;
#2285 = VECTOR ( 'NONE', #1485, 1000.000000000000000 ) ;
#2286 = LINE ( 'NONE', #570, #5653 ) ;
#2287 = CARTESIAN_POINT ( 'NONE',  ( -1.180000000000000160, 4.229999999999999538, -2.801000000000000600 ) ) ;
#2288 = VERTEX_POINT ( 'NONE', #5361 ) ;
#2289 = VECTOR ( 'NONE', #6676, 1000.000000000000114 ) ;
#2290 = COLOUR_RGB ( '',1.000000000000000000, 1.000000000000000000, 1.000000000000000000 ) ;
#2291 = DIRECTION ( 'NONE',  ( -1.000000000000000000, -0.0000000000000000000, -0.0000000000000000000 ) ) ;
#2292 = VECTOR ( 'NONE', #6497, 1000.000000000000000 ) ;
#2293 =( NAMED_UNIT ( * ) PLANE_ANGLE_UNIT ( ) SI_UNIT ( $, .RADIAN. ) );
#2294 = CARTESIAN_POINT ( 'NONE',  ( 8.149999999999996803, -3.399999999999999911, 0.2500000000000002220 ) ) ;
#2295 = VECTOR ( 'NONE', #5554, 1000.000000000000000 ) ;
#2296 = CARTESIAN_POINT ( 'NONE',  ( 9.951000000000000512, 4.500000000000000888, -0.1799999999999996048 ) ) ;
#2297 = PRESENTATION_STYLE_ASSIGNMENT (( #626 ) ) ;
#2298 = SURFACE_STYLE_FILL_AREA ( #468 ) ;
#2299 = ADVANCED_FACE ( 'NONE', ( #7053 ), #7766, .F. ) ;
#2300 = SURFACE_STYLE_FILL_AREA ( #6650 ) ;
#2301 = FILL_AREA_STYLE ('',( #3389 ) ) ;
#2302 = DIRECTION ( 'NONE',  ( -1.362927481496333060E-16, 0.7071067811865474617, -0.7071067811865474617 ) ) ;
#2303 = UNCERTAINTY_MEASURE_WITH_UNIT (LENGTH_MEASURE( 1.000000000000000082E-05 ), #5543, 'distance_accuracy_value', 'NONE');
#2304 = ORIENTED_EDGE ( 'NONE', *, *, #7550, .T. ) ;
#2305 = SURFACE_STYLE_FILL_AREA ( #5295 ) ;
#2306 = LINE ( 'NONE', #4102, #1417 ) ;
#2307 = CARTESIAN_POINT ( 'NONE',  ( 0.6999999999999992895, 0.0000000000000000000, -2.800000000000000266 ) ) ;
#2308 = ADVANCED_FACE ( 'NONE', ( #4022, #4655 ), #943, .F. ) ;
#2309 = ORIENTED_EDGE ( 'NONE', *, *, #508, .T. ) ;
#2310 = SURFACE_SIDE_STYLE ('',( #5332 ) ) ;
#2311 = ADVANCED_FACE ( 'NONE', ( #4320 ), #2541, .F. ) ;
#2312 = COLOUR_RGB ( '',1.000000000000000000, 1.000000000000000000, 1.000000000000000000 ) ;
#2313 = CARTESIAN_POINT ( 'NONE',  ( 1.750000000000000222, 4.999999999999999112, -0.2499999999999997780 ) ) ;
#2314 =( GEOMETRIC_REPRESENTATION_CONTEXT ( 3 ) GLOBAL_UNCERTAINTY_ASSIGNED_CONTEXT ( ( #2728 ) ) GLOBAL_UNIT_ASSIGNED_CONTEXT ( ( #5460, #6085, #613 ) ) REPRESENTATION_CONTEXT ( 'NONE', 'WORKASPACE' ) );
#2315 = CARTESIAN_POINT ( 'NONE',  ( 4.966666666666658791, -2.516666666666667940, -1.033333333333343651 ) ) ;
#2316 = ORIENTED_EDGE ( 'NONE', *, *, #1119, .T. ) ;
#2317 = ORIENTED_EDGE ( 'NONE', *, *, #1241, .T. ) ;
#2318 =( NAMED_UNIT ( * ) SI_UNIT ( $, .STERADIAN. ) SOLID_ANGLE_UNIT ( ) );
#2319 = ORIENTED_EDGE ( 'NONE', *, *, #3613, .F. ) ;
#2320 = CARTESIAN_POINT ( 'NONE',  ( 5.250000000000000888, 3.399999999999999467, -2.050000000000001599 ) ) ;
#2321 = VECTOR ( 'NONE', #1822, 1000.000000000000000 ) ;
#2322 = FACE_OUTER_BOUND ( 'NONE', #1045, .T. ) ;
#2323 = DIRECTION ( 'NONE',  ( -1.927470528863119542E-16, 1.000000000000000000, 0.0000000000000000000 ) ) ;
#2324 = ADVANCED_FACE ( 'NONE', ( #4960 ), #6620, .F. ) ;
#2325 = CARTESIAN_POINT ( 'NONE',  ( -1.949999999999999956, 0.0000000000000000000, 1.599999999999999867 ) ) ;
#2326 = LINE ( 'NONE', #4257, #7734 ) ;
#2327 = PLANE ( 'NONE',  #275 ) ;
#2328 = DIRECTION ( 'NONE',  ( 0.7071067811865473507, -0.7071067811865477948, 4.088782444489000167E-16 ) ) ;
#2329 = ORIENTED_EDGE ( 'NONE', *, *, #7557, .T. ) ;
#2330 = ORIENTED_EDGE ( 'NONE', *, *, #7715, .F. ) ;
#2331 = MECHANICAL_DESIGN_GEOMETRIC_PRESENTATION_REPRESENTATION (  '', ( #7163 ), #2966 ) ;
#2332 = LINE ( 'NONE', #3117, #6058 ) ;
#2333 = PLANE ( 'NONE',  #3316 ) ;
#2334 =( NAMED_UNIT ( * ) PLANE_ANGLE_UNIT ( ) SI_UNIT ( $, .RADIAN. ) );
#2335 = ORIENTED_EDGE ( 'NONE', *, *, #4248, .F. ) ;
#2337 = SURFACE_STYLE_FILL_AREA ( #5351 ) ;
#2336 = VECTOR ( 'NONE', #2137, 1000.000000000000000 ) ;
#2338 = ORIENTED_EDGE ( 'NONE', *, *, #2129, .T. ) ;
#2339 = LINE ( 'NONE', #1599, #4615 ) ;
#2340 = PLANE ( 'NONE',  #6636 ) ;
#2341 = VECTOR ( 'NONE', #2625, 1000.000000000000000 ) ;
#2342 = UNCERTAINTY_MEASURE_WITH_UNIT (LENGTH_MEASURE( 1.000000000000000082E-05 ), #7424, 'distance_accuracy_value', 'NONE');
#2343 = MECHANICAL_DESIGN_GEOMETRIC_PRESENTATION_REPRESENTATION (  '', ( #6675 ), #6802 ) ;
#2344 = CARTESIAN_POINT ( 'NONE',  ( 9.180000000000001492, 2.250000000000001332, 1.249999999999998446 ) ) ;
#2345 = CARTESIAN_POINT ( 'NONE',  ( 5.850000000000001421, -3.399999999999999911, -2.800000000000001155 ) ) ;
#2346 = CARTESIAN_POINT ( 'NONE',  ( -1.350000000000000089, -11.28937553631732271, 1.249999999999997558 ) ) ;
#2347 = CARTESIAN_POINT ( 'NONE',  ( 2.150000000000000355, -3.399999999999999911, 0.1500000000000008271 ) ) ;
#2348 = ORIENTED_EDGE ( 'NONE', *, *, #2902, .T. ) ;
#2349 = VERTEX_POINT ( 'NONE', #6848 ) ;
#2350 = AXIS2_PLACEMENT_3D ( 'NONE', #4783, #7774, #6546 ) ;
#2351 = PRESENTATION_LAYER_ASSIGNMENT (  '', '', ( #1556 ) ) ;
#2352 = COLOUR_RGB ( '',1.000000000000000000, 0.8117647058823529438, 0.5019607843137254832 ) ;
#2353 = DIRECTION ( 'NONE',  ( -0.0000000000000000000, -0.0000000000000000000, 1.000000000000000000 ) ) ;
#2354 = VECTOR ( 'NONE', #6194, 1000.000000000000000 ) ;
#2355 = VECTOR ( 'NONE', #3475, 1000.000000000000000 ) ;
#2356 = DIRECTION ( 'NONE',  ( 0.5773502691896255090, -0.5773502691896258421, 0.5773502691896258421 ) ) ;
#2357 =( NAMED_UNIT ( * ) SI_UNIT ( $, .STERADIAN. ) SOLID_ANGLE_UNIT ( ) );
#2358 = FILL_AREA_STYLE ('',( #482 ) ) ;
#2359 = ORIENTED_EDGE ( 'NONE', *, *, #3523, .T. ) ;
#2360 = CARTESIAN_POINT ( 'NONE',  ( 8.250000000000000000, 5.000000000000000888, -0.2499999999999997780 ) ) ;
#2361 = DIRECTION ( 'NONE',  ( 0.5773502691896275074, 0.5773502691896221783, 0.5773502691896276184 ) ) ;
#2362 = CIRCLE ( 'NONE', #701, 0.4999999999999995559 ) ;
#2363 = STYLED_ITEM ( 'NONE', ( #1118 ), #498 ) ;
#2364 = EDGE_CURVE ( 'NONE', #7225, #3172, #5558, .T. ) ;
#2365 = SURFACE_SIDE_STYLE ('',( #4678 ) ) ;
#2366 = SURFACE_STYLE_USAGE ( .BOTH. , #2924 ) ;
#2367 = VECTOR ( 'NONE', #6537, 1000.000000000000000 ) ;
#2368 = STYLED_ITEM ( 'NONE', ( #2828 ), #7348 ) ;
#2369 = CARTESIAN_POINT ( 'NONE',  ( 5.250000000000000888, 3.399999999999999467, -2.050000000000001599 ) ) ;
#2370 = EDGE_CURVE ( 'NONE', #2971, #1034, #4452, .T. ) ;
#2371 = ORIENTED_EDGE ( 'NONE', *, *, #7239, .T. ) ;
#2372 = VECTOR ( 'NONE', #6284, 1000.000000000000000 ) ;
#2373 = PRESENTATION_LAYER_ASSIGNMENT (  '', '', ( #7347 ) ) ;
#2374 = CARTESIAN_POINT ( 'NONE',  ( 9.950000000000001066, 0.8200000000000027267, 1.300000000000000044 ) ) ;
#2375 = EDGE_CURVE ( 'NONE', #687, #3502, #813, .T. ) ;
#2376 = VECTOR ( 'NONE', #6969, 1000.000000000000000 ) ;
#2377 = ORIENTED_EDGE ( 'NONE', *, *, #3761, .F. ) ;
#2378 = LINE ( 'NONE', #4201, #3875 ) ;
#2379 = VECTOR ( 'NONE', #214, 1000.000000000000000 ) ;
#2380 = EDGE_CURVE ( 'NONE', #407, #7013, #5679, .T. ) ;
#2381 = ORIENTED_EDGE ( 'NONE', *, *, #4164, .F. ) ;
#2382 = AXIS2_PLACEMENT_3D ( 'NONE', #3308, #750, #791 ) ;
#2383 =( NAMED_UNIT ( * ) PLANE_ANGLE_UNIT ( ) SI_UNIT ( $, .RADIAN. ) );
#2384 = VERTEX_POINT ( 'NONE', #964 ) ;
#2385 = LINE ( 'NONE', #3059, #5831 ) ;
#2386 = EDGE_CURVE ( 'NONE', #3016, #2722, #2047, .T. ) ;
#2387 =( NAMED_UNIT ( * ) PLANE_ANGLE_UNIT ( ) SI_UNIT ( $, .RADIAN. ) );
#2388 = STYLED_ITEM ( 'NONE', ( #5415 ), #2168 ) ;
#2389 =( NAMED_UNIT ( * ) PLANE_ANGLE_UNIT ( ) SI_UNIT ( $, .RADIAN. ) );
#2390 = CARTESIAN_POINT ( 'NONE',  ( 1.300000000000000044, 0.2000000000000000389, 1.700000000000000178 ) ) ;
#2391 = VECTOR ( 'NONE', #2279, 1000.000000000000000 ) ;
#2392 = CARTESIAN_POINT ( 'NONE',  ( 9.950000000000001066, 0.0000000000000000000, -2.800000000000000711 ) ) ;
#2393 = UNCERTAINTY_MEASURE_WITH_UNIT (LENGTH_MEASURE( 1.000000000000000082E-05 ), #4565, 'distance_accuracy_value', 'NONE');
#2394 = VERTEX_POINT ( 'NONE', #5158 ) ;
#2395 = VECTOR ( 'NONE', #6168, 1000.000000000000114 ) ;
#2396 = ORIENTED_EDGE ( 'NONE', *, *, #2913, .F. ) ;
#2397 = DIRECTION ( 'NONE',  ( -4.818676322157798361E-16, 0.0000000000000000000, -1.000000000000000000 ) ) ;
#2398 = CARTESIAN_POINT ( 'NONE',  ( 1.849999999999999645, -3.399999999999999911, 0.1500000000000008271 ) ) ;
#2399 = ORIENTED_EDGE ( 'NONE', *, *, #7557, .F. ) ;
#2400 = UNCERTAINTY_MEASURE_WITH_UNIT (LENGTH_MEASURE( 1.000000000000000082E-05 ), #7912, 'distance_accuracy_value', 'NONE');
#2401 = DIRECTION ( 'NONE',  ( -1.000000000000000000, -1.457750820148577388E-16, 0.0000000000000000000 ) ) ;
#2402 = LINE ( 'NONE', #4978, #3632 ) ;
#2403 = VERTEX_POINT ( 'NONE', #4562 ) ;
#2404 = PLANE ( 'NONE',  #5828 ) ;
#2405 = FILL_AREA_STYLE_COLOUR ( '', #1694 ) ;
#2406 =( GEOMETRIC_REPRESENTATION_CONTEXT ( 3 ) GLOBAL_UNCERTAINTY_ASSIGNED_CONTEXT ( ( #1734 ) ) GLOBAL_UNIT_ASSIGNED_CONTEXT ( ( #1264, #5577, #2556 ) ) REPRESENTATION_CONTEXT ( 'NONE', 'WORKASPACE' ) );
#2407 =( LENGTH_UNIT ( ) NAMED_UNIT ( * ) SI_UNIT ( .MILLI., .METRE. ) );
#2408 = EDGE_CURVE ( 'NONE', #6917, #29, #1478, .T. ) ;
#2409 = SURFACE_STYLE_USAGE ( .BOTH. , #3488 ) ;
#2410 =( NAMED_UNIT ( * ) SI_UNIT ( $, .STERADIAN. ) SOLID_ANGLE_UNIT ( ) );
#2411 = ORIENTED_EDGE ( 'NONE', *, *, #4849, .F. ) ;
#2412 = SURFACE_SIDE_STYLE ('',( #5432 ) ) ;
#2413 = DIRECTION ( 'NONE',  ( 1.000000000000000000, 0.0000000000000000000, 4.559728762789504105E-17 ) ) ;
#2414 = EDGE_CURVE ( 'NONE', #770, #3558, #2657, .T. ) ;
#2415 = ORIENTED_EDGE ( 'NONE', *, *, #5977, .T. ) ;
#2416 = PRESENTATION_STYLE_ASSIGNMENT (( #4166 ) ) ;
#2417 = EDGE_CURVE ( 'NONE', #3738, #418, #4486, .T. ) ;
#2418 = ORIENTED_EDGE ( 'NONE', *, *, #2269, .F. ) ;
#2419 = FILL_AREA_STYLE_COLOUR ( '', #3292 ) ;
#2420 = DIRECTION ( 'NONE',  ( 1.000000000000000000, 0.0000000000000000000, -0.0000000000000000000 ) ) ;
#2421 =( NAMED_UNIT ( * ) SI_UNIT ( $, .STERADIAN. ) SOLID_ANGLE_UNIT ( ) );
#2422 = SURFACE_SIDE_STYLE ('',( #7916 ) ) ;
#2423 = COLOUR_RGB ( '',1.000000000000000000, 1.000000000000000000, 1.000000000000000000 ) ;
#2424 = FILL_AREA_STYLE ('',( #1889 ) ) ;
#2425 = EDGE_CURVE ( 'NONE', #4364, #6901, #1541, .T. ) ;
#2426 = FILL_AREA_STYLE_COLOUR ( '', #204 ) ;
#2427 = PRESENTATION_LAYER_ASSIGNMENT (  '', '', ( #2813 ) ) ;
#2428 = CARTESIAN_POINT ( 'NONE',  ( 7.299999999999998934, 0.2000000000000000389, -2.800000000000000266 ) ) ;
#2429 = ORIENTED_EDGE ( 'NONE', *, *, #6855, .T. ) ;
#2430 = ORIENTED_EDGE ( 'NONE', *, *, #6662, .T. ) ;
#2431 = DIRECTION ( 'NONE',  ( 1.000000000000000000, 1.913297951445007868E-16, -0.0000000000000000000 ) ) ;
#2432 = DIRECTION ( 'NONE',  ( -1.000000000000000000, 0.0000000000000000000, -0.0000000000000000000 ) ) ;
#2433 = DIRECTION ( 'NONE',  ( 0.5773502691896226224, 0.5773502691896326144, -0.5773502691896220673 ) ) ;
#2434 = EDGE_CURVE ( 'NONE', #7713, #2126, #7533, .T. ) ;
#2435 = PRESENTATION_LAYER_ASSIGNMENT (  '', '', ( #3064 ) ) ;
#2436 = ORIENTED_EDGE ( 'NONE', *, *, #306, .F. ) ;
#2437 = SURFACE_STYLE_USAGE ( .BOTH. , #7299 ) ;
#2438 = LINE ( 'NONE', #4144, #2102 ) ;
#2439 =( NAMED_UNIT ( * ) PLANE_ANGLE_UNIT ( ) SI_UNIT ( $, .RADIAN. ) );
#2440 =( NAMED_UNIT ( * ) SI_UNIT ( $, .STERADIAN. ) SOLID_ANGLE_UNIT ( ) );
#2441 = DIRECTION ( 'NONE',  ( -1.000000000000000000, 8.761229676650543371E-16, 0.0000000000000000000 ) ) ;
#2442 = ORIENTED_EDGE ( 'NONE', *, *, #5136, .F. ) ;
#2443 = CARTESIAN_POINT ( 'NONE',  ( 1.300000000000000044, 0.2000000000000000389, -2.800000000000000266 ) ) ;
#2444 =( GEOMETRIC_REPRESENTATION_CONTEXT ( 3 ) GLOBAL_UNCERTAINTY_ASSIGNED_CONTEXT ( ( #6956 ) ) GLOBAL_UNIT_ASSIGNED_CONTEXT ( ( #7415, #4929, #6772 ) ) REPRESENTATION_CONTEXT ( 'NONE', 'WORKASPACE' ) );
#2445 =( NAMED_UNIT ( * ) SI_UNIT ( $, .STERADIAN. ) SOLID_ANGLE_UNIT ( ) );
#2446 =( NAMED_UNIT ( * ) SI_UNIT ( $, .STERADIAN. ) SOLID_ANGLE_UNIT ( ) );
#2447 = DIRECTION ( 'NONE',  ( -3.833233541708453834E-17, -0.7071067811865509034, -0.7071067811865442421 ) ) ;
#2448 = CARTESIAN_POINT ( 'NONE',  ( 4.250000000000000000, 4.999999999999995559, 0.2500000000000002220 ) ) ;
#2449 =( NAMED_UNIT ( * ) PLANE_ANGLE_UNIT ( ) SI_UNIT ( $, .RADIAN. ) );
#2450 = VERTEX_POINT ( 'NONE', #223 ) ;
#2451 = DIRECTION ( 'NONE',  ( 0.0000000000000000000, 1.000000000000000000, 0.0000000000000000000 ) ) ;
#2452 = VERTEX_POINT ( 'NONE', #1441 ) ;
#2453 = PRODUCT_DEFINITION ( 'UNKNOWN', '', #7220, #571 ) ;
#2454 = DIRECTION ( 'NONE',  ( 0.7071067811865443531, -0.7071067811865506814, -3.066586833366734471E-16 ) ) ;
#2455 = SURFACE_STYLE_FILL_AREA ( #5470 ) ;
#2456 = EDGE_LOOP ( 'NONE', ( #6033, #2429, #845, #3075 ) ) ;
#2457 = LINE ( 'NONE', #59, #2395 ) ;
#2458 = FACE_OUTER_BOUND ( 'NONE', #5366, .T. ) ;
#2459 = LINE ( 'NONE', #6130, #5001 ) ;
#2460 = LINE ( 'NONE', #7162, #1273 ) ;
#2461 = EDGE_CURVE ( 'NONE', #1072, #7662, #1511, .T. ) ;
#2462 = ORIENTED_EDGE ( 'NONE', *, *, #180, .T. ) ;
#2463 = DIRECTION ( 'NONE',  ( 1.000000000000000000, 0.0000000000000000000, 0.0000000000000000000 ) ) ;
#2464 = VECTOR ( 'NONE', #4623, 1000.000000000000000 ) ;
#2465 = FACE_OUTER_BOUND ( 'NONE', #1761, .T. ) ;
#2466 = SURFACE_STYLE_FILL_AREA ( #6896 ) ;
#2467 = CARTESIAN_POINT ( 'NONE',  ( 2.149999999999997691, 5.100000000000001421, -0.1499999999999969136 ) ) ;
#2468 =( LENGTH_UNIT ( ) NAMED_UNIT ( * ) SI_UNIT ( .MILLI., .METRE. ) );
#2469 = ORIENTED_EDGE ( 'NONE', *, *, #1431, .T. ) ;
#2470 = UNCERTAINTY_MEASURE_WITH_UNIT (LENGTH_MEASURE( 1.000000000000000082E-05 ), #872, 'distance_accuracy_value', 'NONE');
#2471 = FILL_AREA_STYLE ('',( #31 ) ) ;
#2472 = FILL_AREA_STYLE ('',( #6103 ) ) ;
#2473 = EDGE_CURVE ( 'NONE', #4992, #5749, #2777, .T. ) ;
#2474 = PRESENTATION_LAYER_ASSIGNMENT (  '', '', ( #2726 ) ) ;
#2475 = AXIS2_PLACEMENT_3D ( 'NONE', #7621, #3415, #999 ) ;
#2476 = LINE ( 'NONE', #2596, #3886 ) ;
#2477 = CARTESIAN_POINT ( 'NONE',  ( 5.250000000000000888, 3.399999999999998579, -2.350000000000000977 ) ) ;
#2478 = MECHANICAL_DESIGN_GEOMETRIC_PRESENTATION_REPRESENTATION (  '', ( #1194 ), #814 ) ;
#2479 = CARTESIAN_POINT ( 'NONE',  ( -0.8333333333333220461, -4.383333333333339077, -0.8333333333333200477 ) ) ;
#2480 = ORIENTED_EDGE ( 'NONE', *, *, #1247, .T. ) ;
#2481 = DIRECTION ( 'NONE',  ( 1.000000000000000000, -5.421010862427522170E-17, 0.0000000000000000000 ) ) ;
#2482 = LINE ( 'NONE', #157, #7156 ) ;
#2483 =( GEOMETRIC_REPRESENTATION_CONTEXT ( 3 ) GLOBAL_UNCERTAINTY_ASSIGNED_CONTEXT ( ( #4782 ) ) GLOBAL_UNIT_ASSIGNED_CONTEXT ( ( #3337, #2668, #7544 ) ) REPRESENTATION_CONTEXT ( 'NONE', 'WORKASPACE' ) );
#2484 = VECTOR ( 'NONE', #5312, 1000.000000000000000 ) ;
#2485 =( GEOMETRIC_REPRESENTATION_CONTEXT ( 3 ) GLOBAL_UNCERTAINTY_ASSIGNED_CONTEXT ( ( #1302 ) ) GLOBAL_UNIT_ASSIGNED_CONTEXT ( ( #4229, #3596, #2445 ) ) REPRESENTATION_CONTEXT ( 'NONE', 'WORKASPACE' ) );
#2486 = SURFACE_STYLE_FILL_AREA ( #1154 ) ;
#2487 = DIRECTION ( 'NONE',  ( -1.000000000000000000, 1.084202172485504237E-15, 0.0000000000000000000 ) ) ;
#2488 =( NAMED_UNIT ( * ) SI_UNIT ( $, .STERADIAN. ) SOLID_ANGLE_UNIT ( ) );
#2489 = CARTESIAN_POINT ( 'NONE',  ( 6.149999999999995914, 5.100000000000001421, 0.1499999999999973577 ) ) ;
#2490 = VECTOR ( 'NONE', #6988, 1000.000000000000000 ) ;
#2491 = ORIENTED_EDGE ( 'NONE', *, *, #4307, .T. ) ;
#2492 = CARTESIAN_POINT ( 'NONE',  ( 9.350000000000001421, 5.650000000000000355, 1.249999999999998446 ) ) ;
#2493 = UNCERTAINTY_MEASURE_WITH_UNIT (LENGTH_MEASURE( 1.000000000000000082E-05 ), #1413, 'distance_accuracy_value', 'NONE');
#2494 = ORIENTED_EDGE ( 'NONE', *, *, #5435, .F. ) ;
#2495 = VECTOR ( 'NONE', #2029, 1000.000000000000000 ) ;
#2496 = VECTOR ( 'NONE', #2151, 1000.000000000000000 ) ;
#2497 = DIRECTION ( 'NONE',  ( -4.336808689942017736E-16, 0.0000000000000000000, -1.000000000000000000 ) ) ;
#2498 = STYLED_ITEM ( 'NONE', ( #2759 ), #5883 ) ;
#2499 = MECHANICAL_DESIGN_GEOMETRIC_PRESENTATION_REPRESENTATION (  '', ( #7347 ), #3011 ) ;
#2500 = SURFACE_SIDE_STYLE ('',( #2455 ) ) ;
#2501 = ORIENTED_EDGE ( 'NONE', *, *, #942, .T. ) ;
#2502 = AXIS2_PLACEMENT_3D ( 'NONE', #1312, #1016, #7107 ) ;
#2503 = DIRECTION ( 'NONE',  ( 1.000000000000000000, -5.421010862427522170E-17, 0.0000000000000000000 ) ) ;
#2504 = AXIS2_PLACEMENT_3D ( 'NONE', #1050, #6536, #588 ) ;
#2505 =( NAMED_UNIT ( * ) PLANE_ANGLE_UNIT ( ) SI_UNIT ( $, .RADIAN. ) );
#2506 = UNCERTAINTY_MEASURE_WITH_UNIT (LENGTH_MEASURE( 1.000000000000000082E-05 ), #287, 'distance_accuracy_value', 'NONE');
#2507 = MECHANICAL_DESIGN_GEOMETRIC_PRESENTATION_REPRESENTATION (  '', ( #6333 ), #3278 ) ;
#2508 = CARTESIAN_POINT ( 'NONE',  ( 7.249999999999999112, 1.149999999999999911, -2.050000000000001599 ) ) ;
#2509 = MECHANICAL_DESIGN_GEOMETRIC_PRESENTATION_REPRESENTATION (  '', ( #7887 ), #3645 ) ;
#2510 =( LENGTH_UNIT ( ) NAMED_UNIT ( * ) SI_UNIT ( .MILLI., .METRE. ) );
#2511 = ADVANCED_FACE ( 'NONE', ( #5801 ), #5721, .T. ) ;
#2512 =( LENGTH_UNIT ( ) NAMED_UNIT ( * ) SI_UNIT ( .MILLI., .METRE. ) );
#2513 = VECTOR ( 'NONE', #2743, 1000.000000000000000 ) ;
#2514 = DIRECTION ( 'NONE',  ( 0.7071067811865536790, -0.7071067811865414665, 1.662400053425821631E-32 ) ) ;
#2515 = SURFACE_SIDE_STYLE ('',( #6863 ) ) ;
#2516 = SURFACE_STYLE_FILL_AREA ( #5606 ) ;
#2517 = FILL_AREA_STYLE ('',( #7514 ) ) ;
#2518 = MECHANICAL_DESIGN_GEOMETRIC_PRESENTATION_REPRESENTATION (  '', ( #4542 ), #91 ) ;
#2519 = PRESENTATION_LAYER_ASSIGNMENT (  '', '', ( #5960 ) ) ;
#2520 = UNCERTAINTY_MEASURE_WITH_UNIT (LENGTH_MEASURE( 1.000000000000000082E-05 ), #3876, 'distance_accuracy_value', 'NONE');
#2521 = CARTESIAN_POINT ( 'NONE',  ( -1.950000000000000400, 0.8200000000000003952, 1.300000000000000044 ) ) ;
#2522 = PRESENTATION_STYLE_ASSIGNMENT (( #4465 ) ) ;
#2523 =( NAMED_UNIT ( * ) SI_UNIT ( $, .STERADIAN. ) SOLID_ANGLE_UNIT ( ) );
#2524 = ADVANCED_FACE ( 'NONE', ( #7700 ), #6368, .F. ) ;
#2525 = SURFACE_STYLE_FILL_AREA ( #6073 ) ;
#2526 = ORIENTED_EDGE ( 'NONE', *, *, #900, .F. ) ;
#2527 = PRESENTATION_STYLE_ASSIGNMENT (( #6244 ) ) ;
#2528 = LINE ( 'NONE', #6746, #6405 ) ;
#2529 = LINE ( 'NONE', #7747, #4644 ) ;
#2530 = STYLED_ITEM ( 'NONE', ( #3416 ), #397 ) ;
#2531 = EDGE_CURVE ( 'NONE', #1284, #7177, #4798, .T. ) ;
#2532 = SURFACE_STYLE_FILL_AREA ( #840 ) ;
#2533 = EDGE_CURVE ( 'NONE', #1224, #3207, #5382, .T. ) ;
#2534 = PLANE ( 'NONE',  #5901 ) ;
#2535 = DIRECTION ( 'NONE',  ( -1.000000000000000000, 0.0000000000000000000, 0.0000000000000000000 ) ) ;
#2536 = VERTEX_POINT ( 'NONE', #567 ) ;
#2537 = COLOUR_RGB ( '',1.000000000000000000, 1.000000000000000000, 1.000000000000000000 ) ;
#2538 = ORIENTED_EDGE ( 'NONE', *, *, #6664, .T. ) ;
#2539 = CARTESIAN_POINT ( 'NONE',  ( 0.2499999999999997780, -3.399999999999999911, -0.2499999999999997780 ) ) ;
#2540 = CARTESIAN_POINT ( 'NONE',  ( 8.250000000000000000, 1.800000000000000044, 0.2500000000000002220 ) ) ;
#2541 = PLANE ( 'NONE',  #7753 ) ;
#2542 = CARTESIAN_POINT ( 'NONE',  ( 9.350000000000001421, 5.650000000000000355, 1.249999999999998446 ) ) ;
#2543 = ORIENTED_EDGE ( 'NONE', *, *, #4248, .T. ) ;
#2544 = DIRECTION ( 'NONE',  ( 9.103382349328301547E-49, 2.350988701644575016E-32, 1.000000000000000000 ) ) ;
#2545 = SURFACE_STYLE_FILL_AREA ( #6222 ) ;
#2546 =( LENGTH_UNIT ( ) NAMED_UNIT ( * ) SI_UNIT ( .MILLI., .METRE. ) );
#2547 = CARTESIAN_POINT ( 'NONE',  ( 6.749999999999999112, 3.399999999999999467, -2.350000000000001865 ) ) ;
#2548 = FACE_OUTER_BOUND ( 'NONE', #6554, .T. ) ;
#2549 = CARTESIAN_POINT ( 'NONE',  ( 9.950000000000001066, 6.000000000000000000, 0.3200000000000012834 ) ) ;
#2550 = LINE ( 'NONE', #6897, #6595 ) ;
#2551 = AXIS2_PLACEMENT_3D ( 'NONE', #7035, #1513, #4528 ) ;
#2552 = FACE_OUTER_BOUND ( 'NONE', #1420, .T. ) ;
#2553 = EDGE_LOOP ( 'NONE', ( #6470, #1758, #1106, #6163 ) ) ;
#2554 = VERTEX_POINT ( 'NONE', #450 ) ;
#2555 = EDGE_CURVE ( 'NONE', #991, #5192, #7744, .T. ) ;
#2556 =( NAMED_UNIT ( * ) SI_UNIT ( $, .STERADIAN. ) SOLID_ANGLE_UNIT ( ) );
#2557 = VECTOR ( 'NONE', #6403, 1000.000000000000000 ) ;
#2558 = SURFACE_STYLE_USAGE ( .BOTH. , #3697 ) ;
#2559 = DIRECTION ( 'NONE',  ( -0.0000000000000000000, 0.7071067811865475727, 0.7071067811865475727 ) ) ;
#2560 = PLANE ( 'NONE',  #2871 ) ;
#2561 = VERTEX_POINT ( 'NONE', #7858 ) ;
#2562 = FILL_AREA_STYLE_COLOUR ( '', #609 ) ;
#2563 = CARTESIAN_POINT ( 'NONE',  ( 8.149999999999996803, -3.399999999999999911, 0.1499999999999973577 ) ) ;
#2564 = EDGE_CURVE ( 'NONE', #5324, #1686, #5270, .T. ) ;
#2565 = CARTESIAN_POINT ( 'NONE',  ( 1.150000000000000799, 3.799500000000001432, -0.6005000000000020322 ) ) ;
#2566 = AXIS2_PLACEMENT_3D ( 'NONE', #7327, #1256, #4729 ) ;
#2567 = ADVANCED_FACE ( 'NONE', ( #3008 ), #2283, .F. ) ;
#2568 = SURFACE_STYLE_USAGE ( .BOTH. , #6752 ) ;
#2569 = MECHANICAL_DESIGN_GEOMETRIC_PRESENTATION_REPRESENTATION (  '', ( #1518 ), #3083 ) ;
#2570 = CYLINDRICAL_SURFACE ( 'NONE', #5424, 0.05000000000000019013 ) ;
#2571 = ORIENTED_EDGE ( 'NONE', *, *, #1283, .F. ) ;
#2572 = CARTESIAN_POINT ( 'NONE',  ( 4.750000000000000888, 1.149999999999999911, -2.050000000000001599 ) ) ;
#2573 = ORIENTED_EDGE ( 'NONE', *, *, #2673, .T. ) ;
#2574 = DIRECTION ( 'NONE',  ( -4.336808689942017736E-16, 1.679277644031840470E-32, -1.000000000000000000 ) ) ;
#2575 = EDGE_CURVE ( 'NONE', #3987, #3215, #1665, .T. ) ;
#2576 = ORIENTED_EDGE ( 'NONE', *, *, #7288, .F. ) ;
#2577 = SURFACE_STYLE_FILL_AREA ( #4360 ) ;
#2578 = AXIS2_PLACEMENT_3D ( 'NONE', #4215, #6065, #4661 ) ;
#2579 =( NAMED_UNIT ( * ) SI_UNIT ( $, .STERADIAN. ) SOLID_ANGLE_UNIT ( ) );
#2580 = COLOUR_RGB ( '',1.000000000000000000, 0.8117647058823529438, 0.5019607843137254832 ) ;
#2581 = EDGE_LOOP ( 'NONE', ( #3846, #449, #7437, #2430 ) ) ;
#2582 = ORIENTED_EDGE ( 'NONE', *, *, #6078, .F. ) ;
#2583 = LINE ( 'NONE', #7456, #5967 ) ;
#2584 =( NAMED_UNIT ( * ) PLANE_ANGLE_UNIT ( ) SI_UNIT ( $, .RADIAN. ) );
#2585 = MECHANICAL_DESIGN_GEOMETRIC_PRESENTATION_REPRESENTATION (  '', ( #6651 ), #6142 ) ;
#2586 = UNCERTAINTY_MEASURE_WITH_UNIT (LENGTH_MEASURE( 1.000000000000000082E-05 ), #2890, 'distance_accuracy_value', 'NONE');
#2587 = DIRECTION ( 'NONE',  ( -0.7071067811865444641, -0.7071067811865505703, 1.662400053425843252E-32 ) ) ;
#2588 = SURFACE_STYLE_USAGE ( .BOTH. , #1932 ) ;
#2589 = PRESENTATION_STYLE_ASSIGNMENT (( #1979 ) ) ;
#2590 = FILL_AREA_STYLE_COLOUR ( '', #7762 ) ;
#2591 = FILL_AREA_STYLE ('',( #6775 ) ) ;
#2592 = DIRECTION ( 'NONE',  ( -0.0000000000000000000, -0.0000000000000000000, 1.000000000000000000 ) ) ;
#2593 = MECHANICAL_DESIGN_GEOMETRIC_PRESENTATION_REPRESENTATION (  '', ( #5636 ), #7569 ) ;
#2594 = ORIENTED_EDGE ( 'NONE', *, *, #5619, .F. ) ;
#2595 = CARTESIAN_POINT ( 'NONE',  ( 1.250000000000000666, 3.149999999999999023, -2.050000000000001599 ) ) ;
#2596 = CARTESIAN_POINT ( 'NONE',  ( 3.166666666666653196, -4.383333333333325754, -0.8333333333333456938 ) ) ;
#2597 = FILL_AREA_STYLE ('',( #7552 ) ) ;
#2598 = CARTESIAN_POINT ( 'NONE',  ( 8.220000000000000639, 2.250000000000000888, 1.700000000000000178 ) ) ;
#2599 = VERTEX_POINT ( 'NONE', #4112 ) ;
#2600 = DIRECTION ( 'NONE',  ( -1.000000000000000000, 3.872150616019660806E-17, -0.0000000000000000000 ) ) ;
#2601 = PRESENTATION_LAYER_ASSIGNMENT (  '', '', ( #3995 ) ) ;
#2602 = CARTESIAN_POINT ( 'NONE',  ( 1.250000000000000666, 3.399999999999999467, -2.050000000000001599 ) ) ;
#2603 = SURFACE_STYLE_FILL_AREA ( #6941 ) ;
#2604 = CARTESIAN_POINT ( 'NONE',  ( -0.2500000000000002220, -3.399999999999999911, 0.2500000000000002220 ) ) ;
#2605 = UNCERTAINTY_MEASURE_WITH_UNIT (LENGTH_MEASURE( 1.000000000000000082E-05 ), #7285, 'distance_accuracy_value', 'NONE');
#2606 =( NAMED_UNIT ( * ) PLANE_ANGLE_UNIT ( ) SI_UNIT ( $, .RADIAN. ) );
#2607 =( GEOMETRIC_REPRESENTATION_CONTEXT ( 3 ) GLOBAL_UNCERTAINTY_ASSIGNED_CONTEXT ( ( #1804 ) ) GLOBAL_UNIT_ASSIGNED_CONTEXT ( ( #7248, #6649, #187 ) ) REPRESENTATION_CONTEXT ( 'NONE', 'WORKASPACE' ) );
#2608 = AXIS2_PLACEMENT_3D ( 'NONE', #5159, #3327, #4563 ) ;
#2609 = CARTESIAN_POINT ( 'NONE',  ( 1.749999999999999778, -3.299999999999998490, -0.2499999999999997780 ) ) ;
#2610 = PLANE ( 'NONE',  #5553 ) ;
#2611 = EDGE_CURVE ( 'NONE', #6049, #3738, #4835, .T. ) ;
#2612 = EDGE_LOOP ( 'NONE', ( #7199, #4213, #4843, #3809 ) ) ;
#2613 = COLOUR_RGB ( '',1.000000000000000000, 1.000000000000000000, 1.000000000000000000 ) ;
#2614 = VECTOR ( 'NONE', #7405, 1000.000000000000227 ) ;
#2615 = EDGE_LOOP ( 'NONE', ( #4722, #3754, #5706, #592 ) ) ;
#2616 = EDGE_CURVE ( 'NONE', #4676, #5206, #2927, .T. ) ;
#2617 =( GEOMETRIC_REPRESENTATION_CONTEXT ( 3 ) GLOBAL_UNCERTAINTY_ASSIGNED_CONTEXT ( ( #2400 ) ) GLOBAL_UNIT_ASSIGNED_CONTEXT ( ( #7912, #1840, #6726 ) ) REPRESENTATION_CONTEXT ( 'NONE', 'WORKASPACE' ) );
#2618 =( NAMED_UNIT ( * ) SI_UNIT ( $, .STERADIAN. ) SOLID_ANGLE_UNIT ( ) );
#2619 = MECHANICAL_DESIGN_GEOMETRIC_PRESENTATION_REPRESENTATION (  '', ( #1326 ), #828 ) ;
#2620 =( NAMED_UNIT ( * ) PLANE_ANGLE_UNIT ( ) SI_UNIT ( $, .RADIAN. ) );
#2621 = EDGE_CURVE ( 'NONE', #5581, #5835, #1114, .T. ) ;
#2622 = ORIENTED_EDGE ( 'NONE', *, *, #4460, .F. ) ;
#2623 = LINE ( 'NONE', #5046, #1487 ) ;
#2624 = PRESENTATION_STYLE_ASSIGNMENT (( #3259 ) ) ;
#2625 = DIRECTION ( 'NONE',  ( -1.114542791890761911E-31, -1.000000000000000000, 5.782411586589358625E-16 ) ) ;
#2626 = EDGE_CURVE ( 'NONE', #1700, #4194, #1198, .T. ) ;
#2627 =( GEOMETRIC_REPRESENTATION_CONTEXT ( 3 ) GLOBAL_UNCERTAINTY_ASSIGNED_CONTEXT ( ( #3219 ) ) GLOBAL_UNIT_ASSIGNED_CONTEXT ( ( #5453, #5333, #4185 ) ) REPRESENTATION_CONTEXT ( 'NONE', 'WORKASPACE' ) );
#2628 =( NAMED_UNIT ( * ) SI_UNIT ( $, .STERADIAN. ) SOLID_ANGLE_UNIT ( ) );
#2629 = ORIENTED_EDGE ( 'NONE', *, *, #6944, .T. ) ;
#2630 = CARTESIAN_POINT ( 'NONE',  ( 6.149999999999995914, 5.100000000000001421, -0.1499999999999969136 ) ) ;
#2631 = CARTESIAN_POINT ( 'NONE',  ( 6.749999999999999112, 1.149999999999999911, -2.050000000000001599 ) ) ;
#2632 = VECTOR ( 'NONE', #6406, 1000.000000000000000 ) ;
#2633 = EDGE_LOOP ( 'NONE', ( #2946, #7838, #1012, #693 ) ) ;
#2634 = VECTOR ( 'NONE', #4732, 1000.000000000000000 ) ;
#2635 = DIRECTION ( 'NONE',  ( 1.000000000000000000, -0.0000000000000000000, -7.288754100742886941E-17 ) ) ;
#2636 = VECTOR ( 'NONE', #630, 1000.000000000000000 ) ;
#2637 = DIRECTION ( 'NONE',  ( 1.000000000000000000, 4.517509052022931526E-16, 0.0000000000000000000 ) ) ;
#2638 = CARTESIAN_POINT ( 'NONE',  ( 7.299999999999998934, 0.2000000000000000389, -2.800000000000000266 ) ) ;
#2639 = VECTOR ( 'NONE', #7841, 1000.000000000000114 ) ;
#2640 = EDGE_LOOP ( 'NONE', ( #6614, #475, #5160, #7369, #7800, #1152, #7889, #4501 ) ) ;
#2641 = LINE ( 'NONE', #5140, #7345 ) ;
#2642 = DIRECTION ( 'NONE',  ( 1.000000000000000000, -5.421010862427522170E-17, 0.0000000000000000000 ) ) ;
#2643 = LINE ( 'NONE', #727, #4906 ) ;
#2644 = MECHANICAL_DESIGN_GEOMETRIC_PRESENTATION_REPRESENTATION (  '', ( #5564 ), #5437 ) ;
#2645 =( LENGTH_UNIT ( ) NAMED_UNIT ( * ) SI_UNIT ( .MILLI., .METRE. ) );
#2646 = PRESENTATION_LAYER_ASSIGNMENT (  '', '', ( #3650 ) ) ;
#2647 = DIRECTION ( 'NONE',  ( 0.0000000000000000000, -0.0000000000000000000, 1.000000000000000000 ) ) ;
#2648 = VECTOR ( 'NONE', #5056, 1000.000000000000000 ) ;
#2649 = FILL_AREA_STYLE_COLOUR ( '', #5396 ) ;
#2650 = DIRECTION ( 'NONE',  ( -9.103382349328301547E-49, -2.350988701644575016E-32, -1.000000000000000000 ) ) ;
#2651 = DIRECTION ( 'NONE',  ( -0.0000000000000000000, -0.0000000000000000000, -1.000000000000000000 ) ) ;
#2652 = ORIENTED_EDGE ( 'NONE', *, *, #6799, .T. ) ;
#2653 = VECTOR ( 'NONE', #5639, 1000.000000000000000 ) ;
#2654 = EDGE_CURVE ( 'NONE', #2656, #7190, #1877, .T. ) ;
#2655 = FILL_AREA_STYLE ('',( #3851 ) ) ;
#2656 = VERTEX_POINT ( 'NONE', #4915 ) ;
#2657 = LINE ( 'NONE', #4638, #2632 ) ;
#2658 = DIRECTION ( 'NONE',  ( -1.000000000000000000, 0.0000000000000000000, 2.058229914533366955E-17 ) ) ;
#2659 = CARTESIAN_POINT ( 'NONE',  ( 9.350000000000001421, 5.650000000000000355, 1.249999999999998446 ) ) ;
#2660 = ORIENTED_EDGE ( 'NONE', *, *, #6519, .F. ) ;
#2662 = ORIENTED_EDGE ( 'NONE', *, *, #5232, .F. ) ;
#2661 = CARTESIAN_POINT ( 'NONE',  ( 4.049999999999999822, 5.100000000000001421, -2.800000000000000266 ) ) ;
#2663 = FACE_OUTER_BOUND ( 'NONE', #6722, .T. ) ;
#2664 = COLOUR_RGB ( '',1.000000000000000000, 0.8117647058823529438, 0.5019607843137254832 ) ;
#2665 = UNCERTAINTY_MEASURE_WITH_UNIT (LENGTH_MEASURE( 1.000000000000000082E-05 ), #5963, 'distance_accuracy_value', 'NONE');
#2666 = EDGE_CURVE ( 'NONE', #437, #1322, #5547, .T. ) ;
#2667 = DIRECTION ( 'NONE',  ( -0.7071067811865536790, -0.7071067811865414665, 1.662400053425821631E-32 ) ) ;
#2668 =( NAMED_UNIT ( * ) PLANE_ANGLE_UNIT ( ) SI_UNIT ( $, .RADIAN. ) );
#2669 = CARTESIAN_POINT ( 'NONE',  ( -0.2500000000000004441, -3.299999999999998490, -0.2499999999999997780 ) ) ;
#2670 = CARTESIAN_POINT ( 'NONE',  ( 5.750000000000000000, -3.399999999999999911, 0.2500000000000002220 ) ) ;
#2671 = CARTESIAN_POINT ( 'NONE',  ( 4.750000000000000888, 3.149999999999999023, -2.050000000000001599 ) ) ;
#2672 = LINE ( 'NONE', #6930, #3402 ) ;
#2673 = EDGE_CURVE ( 'NONE', #1699, #5004, #7313, .T. ) ;
#2674 = ADVANCED_FACE ( 'NONE', ( #6837 ), #1244, .F. ) ;
#2675 = CARTESIAN_POINT ( 'NONE',  ( -0.2500000000000002220, -3.399999999999999911, 0.2500000000000002220 ) ) ;
#2676 = CARTESIAN_POINT ( 'NONE',  ( 8.220000000000002416, 4.230000000000000426, 1.249999999999998446 ) ) ;
#2677 = DIRECTION ( 'NONE',  ( 1.000000000000000000, 1.902109074535972518E-16, 0.0000000000000000000 ) ) ;
#2678 = SURFACE_SIDE_STYLE ('',( #4580 ) ) ;
#2679 = EDGE_LOOP ( 'NONE', ( #2697, #7382, #3867, #252 ) ) ;
#2680 = DIRECTION ( 'NONE',  ( -1.000000000000000000, 5.421010862427522170E-17, 0.0000000000000000000 ) ) ;
#2681 = EDGE_CURVE ( 'NONE', #2107, #1716, #1365, .T. ) ;
#2682 = FILL_AREA_STYLE_COLOUR ( '', #6691 ) ;
#2683 = STYLED_ITEM ( 'NONE', ( #1713 ), #1197 ) ;
#2684 = AXIS2_PLACEMENT_3D ( 'NONE', #1899, #552, #4255 ) ;
#2685 = SURFACE_SIDE_STYLE ('',( #7651 ) ) ;
#2686 = DIRECTION ( 'NONE',  ( 1.000000000000000000, -5.421010862427522170E-17, 0.0000000000000000000 ) ) ;
#2687 = DIRECTION ( 'NONE',  ( -1.095153709581317798E-16, 1.000000000000000000, -0.0000000000000000000 ) ) ;
#2688 =( NAMED_UNIT ( * ) SI_UNIT ( $, .STERADIAN. ) SOLID_ANGLE_UNIT ( ) );
#2689 = ORIENTED_EDGE ( 'NONE', *, *, #3304, .F. ) ;
#2690 = VERTEX_POINT ( 'NONE', #3670 ) ;
#2691 = MECHANICAL_DESIGN_GEOMETRIC_PRESENTATION_REPRESENTATION (  '', ( #1767 ), #6382 ) ;
#2692 = FILL_AREA_STYLE_COLOUR ( '', #1817 ) ;
#2693 = SURFACE_STYLE_FILL_AREA ( #7568 ) ;
#2694 = CARTESIAN_POINT ( 'NONE',  ( 2.250000000000000000, -3.399999999999999911, 0.2500000000000002220 ) ) ;
#2695 = FILL_AREA_STYLE ('',( #3453 ) ) ;
#2696 = LINE ( 'NONE', #1406, #1595 ) ;
#2697 = ORIENTED_EDGE ( 'NONE', *, *, #2380, .T. ) ;
#2698 = STYLED_ITEM ( 'NONE', ( #5522 ), #1698 ) ;
#2699 = SURFACE_STYLE_FILL_AREA ( #5048 ) ;
#2700 = STYLED_ITEM ( 'NONE', ( #596 ), #5422 ) ;
#2701 =( NAMED_UNIT ( * ) PLANE_ANGLE_UNIT ( ) SI_UNIT ( $, .RADIAN. ) );
#2702 = AXIS2_PLACEMENT_3D ( 'NONE', #1105, #5303, #4105 ) ;
#2703 =( NAMED_UNIT ( * ) PLANE_ANGLE_UNIT ( ) SI_UNIT ( $, .RADIAN. ) );
#2704 = EDGE_CURVE ( 'NONE', #3738, #2162, #6791, .T. ) ;
#2705 =( NAMED_UNIT ( * ) PLANE_ANGLE_UNIT ( ) SI_UNIT ( $, .RADIAN. ) );
#2706 =( NAMED_UNIT ( * ) PLANE_ANGLE_UNIT ( ) SI_UNIT ( $, .RADIAN. ) );
#2707 = LINE ( 'NONE', #2109, #6504 ) ;
#2708 = ADVANCED_FACE ( 'NONE', ( #7396 ), #2570, .F. ) ;
#2709 = DIRECTION ( 'NONE',  ( -1.927470528863119542E-16, 1.000000000000000000, 0.0000000000000000000 ) ) ;
#2710 = CARTESIAN_POINT ( 'NONE',  ( 9.950000000000001066, 6.000000000000000000, 1.699999999999999289 ) ) ;
#2711 = FILL_AREA_STYLE ('',( #5062 ) ) ;
#2712 = COLOUR_RGB ( '',1.000000000000000000, 0.8117647058823529438, 0.5019607843137254832 ) ;
#2713 = ORIENTED_EDGE ( 'NONE', *, *, #3774, .T. ) ;
#2715 = EDGE_CURVE ( 'NONE', #3243, #1269, #4990, .T. ) ;
#2714 = ORIENTED_EDGE ( 'NONE', *, *, #1905, .T. ) ;
#2716 = CARTESIAN_POINT ( 'NONE',  ( 0.7500000000000002220, 3.399999999999999467, -2.300000000000001599 ) ) ;
#2717 = CARTESIAN_POINT ( 'NONE',  ( 8.699999999999999289, 0.1999999999999999833, -2.800000000000000266 ) ) ;
#2718 =( NAMED_UNIT ( * ) PLANE_ANGLE_UNIT ( ) SI_UNIT ( $, .RADIAN. ) );
#2719 = PLANE ( 'NONE',  #2350 ) ;
#2720 = CARTESIAN_POINT ( 'NONE',  ( 5.850000000000003197, -3.399999999999999911, -0.2499999999999997780 ) ) ;
#2721 = FACE_OUTER_BOUND ( 'NONE', #3126, .T. ) ;
#2722 = VERTEX_POINT ( 'NONE', #3806 ) ;
#2723 = ORIENTED_EDGE ( 'NONE', *, *, #281, .F. ) ;
#2724 = ORIENTED_EDGE ( 'NONE', *, *, #1091, .T. ) ;
#2725 = LINE ( 'NONE', #253, #1826 ) ;
#2726 = STYLED_ITEM ( 'NONE', ( #3056 ), #6483 ) ;
#2727 = PRESENTATION_LAYER_ASSIGNMENT (  '', '', ( #3366 ) ) ;
#2728 = UNCERTAINTY_MEASURE_WITH_UNIT (LENGTH_MEASURE( 1.000000000000000082E-05 ), #5460, 'distance_accuracy_value', 'NONE');
#2729 = DIRECTION ( 'NONE',  ( 0.0000000000000000000, -0.0000000000000000000, 1.000000000000000000 ) ) ;
#2730 = VERTEX_POINT ( 'NONE', #2489 ) ;
#2731 = SURFACE_SIDE_STYLE ('',( #5755 ) ) ;
#2732 = COLOUR_RGB ( '',1.000000000000000000, 1.000000000000000000, 1.000000000000000000 ) ;
#2733 = DIRECTION ( 'NONE',  ( 0.5773502691896279515, -0.5773502691896199579, 0.5773502691896295058 ) ) ;
#2734 = ORIENTED_EDGE ( 'NONE', *, *, #1820, .T. ) ;
#2735 = PLANE ( 'NONE',  #3891 ) ;
#2736 = CARTESIAN_POINT ( 'NONE',  ( 7.249999999999999112, 3.399999999999999467, -2.300000000000001599 ) ) ;
#2737 = CIRCLE ( 'NONE', #6440, 0.05000000000000019013 ) ;
#2738 = AXIS2_PLACEMENT_3D ( 'NONE', #7074, #4152, #6558 ) ;
#2739 =( GEOMETRIC_REPRESENTATION_CONTEXT ( 3 ) GLOBAL_UNCERTAINTY_ASSIGNED_CONTEXT ( ( #116 ) ) GLOBAL_UNIT_ASSIGNED_CONTEXT ( ( #642, #41, #1393 ) ) REPRESENTATION_CONTEXT ( 'NONE', 'WORKASPACE' ) );
#2740 = FILL_AREA_STYLE_COLOUR ( '', #5131 ) ;
#2741 = PRESENTATION_STYLE_ASSIGNMENT (( #5647 ) ) ;
#2742 = MECHANICAL_DESIGN_GEOMETRIC_PRESENTATION_REPRESENTATION (  '', ( #63 ), #1451 ) ;
#2743 = DIRECTION ( 'NONE',  ( -1.000000000000000000, -0.0000000000000000000, -0.0000000000000000000 ) ) ;
#2744 =( GEOMETRIC_REPRESENTATION_CONTEXT ( 3 ) GLOBAL_UNCERTAINTY_ASSIGNED_CONTEXT ( ( #1296 ) ) GLOBAL_UNIT_ASSIGNED_CONTEXT ( ( #5744, #1500, #6986 ) ) REPRESENTATION_CONTEXT ( 'NONE', 'WORKASPACE' ) );
#2745 =( LENGTH_UNIT ( ) NAMED_UNIT ( * ) SI_UNIT ( .MILLI., .METRE. ) );
#2746 = UNCERTAINTY_MEASURE_WITH_UNIT (LENGTH_MEASURE( 1.000000000000000082E-05 ), #2917, 'distance_accuracy_value', 'NONE');
#2747 = EDGE_CURVE ( 'NONE', #739, #687, #1830, .T. ) ;
#2748 = AXIS2_PLACEMENT_3D ( 'NONE', #277, #7052, #2749 ) ;
#2749 = DIRECTION ( 'NONE',  ( -1.000000000000000000, 0.0000000000000000000, -0.0000000000000000000 ) ) ;
#2750 = DIRECTION ( 'NONE',  ( 0.5773502691896229555, -0.5773502691896325034, 0.5773502691896219563 ) ) ;
#2751 = CARTESIAN_POINT ( 'NONE',  ( -1.180000000000000160, 2.250000000000000000, -2.801000000000000600 ) ) ;
#2752 = ORIENTED_EDGE ( 'NONE', *, *, #115, .F. ) ;
#2753 = MECHANICAL_DESIGN_GEOMETRIC_PRESENTATION_REPRESENTATION (  '', ( #2115 ), #4278 ) ;
#2754 = VERTEX_POINT ( 'NONE', #5626 ) ;
#2755 = SURFACE_STYLE_USAGE ( .BOTH. , #5740 ) ;
#2756 = MECHANICAL_DESIGN_GEOMETRIC_PRESENTATION_REPRESENTATION (  '', ( #5938 ), #1586 ) ;
#2757 = ADVANCED_FACE ( 'NONE', ( #6116 ), #2610, .F. ) ;
#2758 =( GEOMETRIC_REPRESENTATION_CONTEXT ( 3 ) GLOBAL_UNCERTAINTY_ASSIGNED_CONTEXT ( ( #6831 ) ) GLOBAL_UNIT_ASSIGNED_CONTEXT ( ( #5863, #4027, #2869 ) ) REPRESENTATION_CONTEXT ( 'NONE', 'WORKASPACE' ) );
#2759 = PRESENTATION_STYLE_ASSIGNMENT (( #6877 ) ) ;
#2760 =( GEOMETRIC_REPRESENTATION_CONTEXT ( 3 ) GLOBAL_UNCERTAINTY_ASSIGNED_CONTEXT ( ( #6975 ) ) GLOBAL_UNIT_ASSIGNED_CONTEXT ( ( #48, #2449, #7491 ) ) REPRESENTATION_CONTEXT ( 'NONE', 'WORKASPACE' ) );
#2761 = EDGE_CURVE ( 'NONE', #6682, #5581, #5068, .T. ) ;
#2762 = DIRECTION ( 'NONE',  ( -1.000000000000000000, 0.0000000000000000000, -0.0000000000000000000 ) ) ;
#2763 = VECTOR ( 'NONE', #6657, 1000.000000000000000 ) ;
#2764 =( NAMED_UNIT ( * ) PLANE_ANGLE_UNIT ( ) SI_UNIT ( $, .RADIAN. ) );
#2765 = FACE_OUTER_BOUND ( 'NONE', #1226, .T. ) ;
#2766 = ORIENTED_EDGE ( 'NONE', *, *, #2654, .T. ) ;
#2767 = ORIENTED_EDGE ( 'NONE', *, *, #2380, .F. ) ;
#2768 = DIRECTION ( 'NONE',  ( 1.000000000000000000, 0.0000000000000000000, 0.0000000000000000000 ) ) ;
#2769 = VECTOR ( 'NONE', #4573, 1000.000000000000000 ) ;
#2770 = PRESENTATION_LAYER_ASSIGNMENT (  '', '', ( #970 ) ) ;
#2771 = SURFACE_STYLE_USAGE ( .BOTH. , #2045 ) ;
#2772 = EDGE_CURVE ( 'NONE', #998, #7139, #1532, .T. ) ;
#2773 = EDGE_CURVE ( 'NONE', #6092, #7701, #6949, .T. ) ;
#2774 = AXIS2_PLACEMENT_3D ( 'NONE', #7812, #7898, #2996 ) ;
#2775 = CARTESIAN_POINT ( 'NONE',  ( -0.2200000000000001399, 4.229999999999999538, -2.801000000000000600 ) ) ;
#2776 =( GEOMETRIC_REPRESENTATION_CONTEXT ( 3 ) GLOBAL_UNCERTAINTY_ASSIGNED_CONTEXT ( ( #502 ) ) GLOBAL_UNIT_ASSIGNED_CONTEXT ( ( #1525, #6423, #7717 ) ) REPRESENTATION_CONTEXT ( 'NONE', 'WORKASPACE' ) );
#2777 = LINE ( 'NONE', #5200, #3641 ) ;
#2778 = ORIENTED_EDGE ( 'NONE', *, *, #3593, .F. ) ;
#2779 = PLANE ( 'NONE',  #2608 ) ;
#2780 = FACE_OUTER_BOUND ( 'NONE', #3038, .T. ) ;
#2781 = PLANE ( 'NONE',  #4909 ) ;
#2782 =( LENGTH_UNIT ( ) NAMED_UNIT ( * ) SI_UNIT ( .MILLI., .METRE. ) );
#2783 = UNCERTAINTY_MEASURE_WITH_UNIT (LENGTH_MEASURE( 1.000000000000000082E-05 ), #4083, 'distance_accuracy_value', 'NONE');
#2784 = DIRECTION ( 'NONE',  ( -1.000000000000000000, -0.0000000000000000000, -0.0000000000000000000 ) ) ;
#2785 = ORIENTED_EDGE ( 'NONE', *, *, #3251, .T. ) ;
#2786 = ORIENTED_EDGE ( 'NONE', *, *, #1860, .T. ) ;
#2787 = UNCERTAINTY_MEASURE_WITH_UNIT (LENGTH_MEASURE( 1.000000000000000082E-05 ), #146, 'distance_accuracy_value', 'NONE');
#2788 = AXIS2_PLACEMENT_3D ( 'NONE', #7423, #1230, #4861 ) ;
#2789 =( NAMED_UNIT ( * ) SI_UNIT ( $, .STERADIAN. ) SOLID_ANGLE_UNIT ( ) );
#2790 = FILL_AREA_STYLE_COLOUR ( '', #6648 ) ;
#2791 = FACE_OUTER_BOUND ( 'NONE', #5498, .T. ) ;
#2792 = EDGE_LOOP ( 'NONE', ( #261, #2841, #1791, #3051 ) ) ;
#2793 = DIRECTION ( 'NONE',  ( 0.0000000000000000000, -0.7071067811865474617, 0.7071067811865474617 ) ) ;
#2794 = DIRECTION ( 'NONE',  ( 0.7071067811865427988, -0.7071067811865522357, -3.066586833366727569E-16 ) ) ;
#2795 = ORIENTED_EDGE ( 'NONE', *, *, #7869, .F. ) ;
#2796 = DIRECTION ( 'NONE',  ( 0.0000000000000000000, 0.0000000000000000000, 1.000000000000000000 ) ) ;
#2797 = LINE ( 'NONE', #7684, #4994 ) ;
#2798 = LINE ( 'NONE', #5946, #7490 ) ;
#2799 = ADVANCED_FACE ( 'NONE', ( #2765 ), #3289, .F. ) ;
#2800 = LINE ( 'NONE', #7724, #690 ) ;
#2801 = DIRECTION ( 'NONE',  ( -1.000000000000000000, 5.421010862427522170E-17, 0.0000000000000000000 ) ) ;
#2802 =( NAMED_UNIT ( * ) PLANE_ANGLE_UNIT ( ) SI_UNIT ( $, .RADIAN. ) );
#2803 = CARTESIAN_POINT ( 'NONE',  ( 1.150000000000000355, 6.000000000000000000, -2.801000000000000600 ) ) ;
#2804 = FILL_AREA_STYLE_COLOUR ( '', #6842 ) ;
#2805 = ORIENTED_EDGE ( 'NONE', *, *, #5148, .T. ) ;
#2806 = ORIENTED_EDGE ( 'NONE', *, *, #6293, .T. ) ;
#2807 = EDGE_LOOP ( 'NONE', ( #3393, #1178, #6543, #2319 ) ) ;
#2808 = SURFACE_STYLE_USAGE ( .BOTH. , #6328 ) ;
#2809 = ORIENTED_EDGE ( 'NONE', *, *, #610, .T. ) ;
#2810 = EDGE_CURVE ( 'NONE', #29, #3081, #3996, .T. ) ;
#2811 = STYLED_ITEM ( 'NONE', ( #6090 ), #1181 ) ;
#2812 = DIRECTION ( 'NONE',  ( 1.000000000000000000, -0.0000000000000000000, -7.288754100742886941E-17 ) ) ;
#2813 = STYLED_ITEM ( 'NONE', ( #1475 ), #1334 ) ;
#2814 = SURFACE_SIDE_STYLE ('',( #3368 ) ) ;
#2815 = ORIENTED_EDGE ( 'NONE', *, *, #233, .T. ) ;
#2816 = SURFACE_SIDE_STYLE ('',( #2093 ) ) ;
#2817 = EDGE_CURVE ( 'NONE', #7526, #6901, #290, .T. ) ;
#2818 = DIRECTION ( 'NONE',  ( 0.5773502691896226224, 0.5773502691896326144, -0.5773502691896220673 ) ) ;
#2819 = CARTESIAN_POINT ( 'NONE',  ( 9.350000000000001421, 5.650000000000000355, -0.6799999999999987166 ) ) ;
#2820 = ADVANCED_FACE ( 'NONE', ( #2721 ), #5222, .F. ) ;
#2821 = COLOUR_RGB ( '',1.000000000000000000, 1.000000000000000000, 1.000000000000000000 ) ;
#2822 = DIRECTION ( 'NONE',  ( -0.0000000000000000000, -0.0000000000000000000, -1.000000000000000000 ) ) ;
#2823 = VERTEX_POINT ( 'NONE', #7727 ) ;
#2824 = CARTESIAN_POINT ( 'NONE',  ( -0.2500000000000002220, -3.299999999999998490, 0.2500000000000002220 ) ) ;
#2825 = LINE ( 'NONE', #4018, #161 ) ;
#2826 = DIRECTION ( 'NONE',  ( -1.000000000000000000, 5.421010862427522170E-17, 0.0000000000000000000 ) ) ;
#2827 = MECHANICAL_DESIGN_GEOMETRIC_PRESENTATION_REPRESENTATION (  '', ( #393 ), #7689 ) ;
#2828 = PRESENTATION_STYLE_ASSIGNMENT (( #3985 ) ) ;
#2829 = SURFACE_SIDE_STYLE ('',( #5248 ) ) ;
#2830 = AXIS2_PLACEMENT_3D ( 'NONE', #670, #3154, #7470 ) ;
#2831 = FACE_OUTER_BOUND ( 'NONE', #2958, .T. ) ;
#2832 = ORIENTED_EDGE ( 'NONE', *, *, #5378, .T. ) ;
#2833 = SURFACE_SIDE_STYLE ('',( #509 ) ) ;
#2834 = FILL_AREA_STYLE ('',( #7647 ) ) ;
#2835 = CARTESIAN_POINT ( 'NONE',  ( 0.2499999999999997780, -3.299999999999998490, 0.2500000000000002220 ) ) ;
#2836 = PRESENTATION_STYLE_ASSIGNMENT (( #4741 ) ) ;
#2837 = SURFACE_STYLE_FILL_AREA ( #3438 ) ;
#2838 = LINE ( 'NONE', #1107, #6190 ) ;
#2839 = ORIENTED_EDGE ( 'NONE', *, *, #4363, .F. ) ;
#2840 = VERTEX_POINT ( 'NONE', #7176 ) ;
#2841 = ORIENTED_EDGE ( 'NONE', *, *, #3386, .T. ) ;
#2842 = LINE ( 'NONE', #6992, #5146 ) ;
#2843 = VECTOR ( 'NONE', #3981, 1000.000000000000114 ) ;
#2844 =( NAMED_UNIT ( * ) PLANE_ANGLE_UNIT ( ) SI_UNIT ( $, .RADIAN. ) );
#2845 = AXIS2_PLACEMENT_3D ( 'NONE', #1912, #842, #2001 ) ;
#2846 = CARTESIAN_POINT ( 'NONE',  ( 3.750000000000000444, 0.2000000000000000944, 0.2500000000000002220 ) ) ;
#2847 = EDGE_CURVE ( 'NONE', #5983, #3242, #4669, .T. ) ;
#2848 = ORIENTED_EDGE ( 'NONE', *, *, #4343, .F. ) ;
#2849 = SURFACE_SIDE_STYLE ('',( #7702 ) ) ;
#2850 = DIRECTION ( 'NONE',  ( 3.872150616019660190E-17, 1.000000000000000000, -0.0000000000000000000 ) ) ;
#2851 = COLOUR_RGB ( '',1.000000000000000000, 0.8117647058823529438, 0.5019607843137254832 ) ;
#2852 = STYLED_ITEM ( 'NONE', ( #373 ), #4558 ) ;
#2853 = DIRECTION ( 'NONE',  ( 0.0000000000000000000, 1.000000000000000000, 0.0000000000000000000 ) ) ;
#2854 =( NAMED_UNIT ( * ) PLANE_ANGLE_UNIT ( ) SI_UNIT ( $, .RADIAN. ) );
#2855 = EDGE_CURVE ( 'NONE', #5595, #2754, #556, .T. ) ;
#2856 =( GEOMETRIC_REPRESENTATION_CONTEXT ( 3 ) GLOBAL_UNCERTAINTY_ASSIGNED_CONTEXT ( ( #4328 ) ) GLOBAL_UNIT_ASSIGNED_CONTEXT ( ( #3714, #5635, #2618 ) ) REPRESENTATION_CONTEXT ( 'NONE', 'WORKASPACE' ) );
#2857 = MECHANICAL_DESIGN_GEOMETRIC_PRESENTATION_REPRESENTATION (  '', ( #3366 ), #4377 ) ;
#2858 = LINE ( 'NONE', #1829, #170 ) ;
#2859 = FILL_AREA_STYLE ('',( #5171 ) ) ;
#2860 =( GEOMETRIC_REPRESENTATION_CONTEXT ( 3 ) GLOBAL_UNCERTAINTY_ASSIGNED_CONTEXT ( ( #5691 ) ) GLOBAL_UNIT_ASSIGNED_CONTEXT ( ( #4749, #3477, #443 ) ) REPRESENTATION_CONTEXT ( 'NONE', 'WORKASPACE' ) );
#2861 = SURFACE_STYLE_USAGE ( .BOTH. , #7008 ) ;
#2862 = EDGE_LOOP ( 'NONE', ( #3535, #5597, #50, #3058 ) ) ;
#2863 = EDGE_CURVE ( 'NONE', #5091, #6075, #6479, .T. ) ;
#2864 = PLANE ( 'NONE',  #3764 ) ;
#2865 =( NAMED_UNIT ( * ) PLANE_ANGLE_UNIT ( ) SI_UNIT ( $, .RADIAN. ) );
#2866 =( GEOMETRIC_REPRESENTATION_CONTEXT ( 3 ) GLOBAL_UNCERTAINTY_ASSIGNED_CONTEXT ( ( #6891 ) ) GLOBAL_UNIT_ASSIGNED_CONTEXT ( ( #5712, #4987, #3122 ) ) REPRESENTATION_CONTEXT ( 'NONE', 'WORKASPACE' ) );
#2867 = PRESENTATION_STYLE_ASSIGNMENT (( #1562 ) ) ;
#2868 = ORIENTED_EDGE ( 'NONE', *, *, #7143, .T. ) ;
#2869 =( NAMED_UNIT ( * ) SI_UNIT ( $, .STERADIAN. ) SOLID_ANGLE_UNIT ( ) );
#2870 = CARTESIAN_POINT ( 'NONE',  ( 1.750000000000000222, -3.399999999999999911, 0.2500000000000002220 ) ) ;
#2871 = AXIS2_PLACEMENT_3D ( 'NONE', #945, #3986, #797 ) ;
#2872 = MECHANICAL_DESIGN_GEOMETRIC_PRESENTATION_REPRESENTATION (  '', ( #707 ), #6951 ) ;
#2873 = VERTEX_POINT ( 'NONE', #6550 ) ;
#2874 = ORIENTED_EDGE ( 'NONE', *, *, #4168, .F. ) ;
#2875 = COLOUR_RGB ( '',1.000000000000000000, 0.8117647058823529438, 0.5019607843137254832 ) ;
#2876 = DIRECTION ( 'NONE',  ( 0.0000000000000000000, 0.0000000000000000000, -1.000000000000000000 ) ) ;
#2877 = LINE ( 'NONE', #4668, #6924 ) ;
#2878 = CARTESIAN_POINT ( 'NONE',  ( 9.950000000000001066, 0.0000000000000000000, -2.800000000000000711 ) ) ;
#2879 = ORIENTED_EDGE ( 'NONE', *, *, #724, .F. ) ;
#2880 = EDGE_LOOP ( 'NONE', ( #1207, #1164, #6923, #3494, #6612, #6754 ) ) ;
#2881 = FILL_AREA_STYLE_COLOUR ( '', #220 ) ;
#2882 = ORIENTED_EDGE ( 'NONE', *, *, #6089, .T. ) ;
#2883 = COLOUR_RGB ( '',1.000000000000000000, 0.8117647058823529438, 0.5019607843137254832 ) ;
#2884 = VERTEX_POINT ( 'NONE', #6596 ) ;
#2885 = EDGE_LOOP ( 'NONE', ( #598, #1033, #6792, #5245 ) ) ;
#2886 = ORIENTED_EDGE ( 'NONE', *, *, #3257, .F. ) ;
#2887 = CARTESIAN_POINT ( 'NONE',  ( 0.05000000000000012768, -3.399999999999999911, -0.1500000000000003830 ) ) ;
#2888 =( GEOMETRIC_REPRESENTATION_CONTEXT ( 3 ) GLOBAL_UNCERTAINTY_ASSIGNED_CONTEXT ( ( #4096 ) ) GLOBAL_UNIT_ASSIGNED_CONTEXT ( ( #5000, #6887, #7451 ) ) REPRESENTATION_CONTEXT ( 'NONE', 'WORKASPACE' ) );
#2889 = DIRECTION ( 'NONE',  ( -9.103382349328301547E-49, -2.350988701644575016E-32, -1.000000000000000000 ) ) ;
#2890 =( LENGTH_UNIT ( ) NAMED_UNIT ( * ) SI_UNIT ( .MILLI., .METRE. ) );
#2891 = DIRECTION ( 'NONE',  ( 0.0000000000000000000, 1.000000000000000000, -5.782411586589358625E-16 ) ) ;
#2892 = COLOUR_RGB ( '',1.000000000000000000, 0.8117647058823529438, 0.5019607843137254832 ) ;
#2893 = VERTEX_POINT ( 'NONE', #2878 ) ;
#2894 = SURFACE_SIDE_STYLE ('',( #5348 ) ) ;
#2895 =( LENGTH_UNIT ( ) NAMED_UNIT ( * ) SI_UNIT ( .MILLI., .METRE. ) );
#2896 = EDGE_CURVE ( 'NONE', #4183, #6532, #7112, .T. ) ;
#2897 = VECTOR ( 'NONE', #3557, 1000.000000000000000 ) ;
#2898 = COLOUR_RGB ( '',1.000000000000000000, 0.8117647058823529438, 0.5019607843137254832 ) ;
#2899 = ORIENTED_EDGE ( 'NONE', *, *, #3479, .T. ) ;
#2900 = CARTESIAN_POINT ( 'NONE',  ( 1.749999999999999778, 0.2000000000000000111, -0.2499999999999997780 ) ) ;
#2901 = ORIENTED_EDGE ( 'NONE', *, *, #60, .F. ) ;
#2902 = EDGE_CURVE ( 'NONE', #4809, #2928, #2362, .T. ) ;
#2903 = DIRECTION ( 'NONE',  ( 1.000000000000000000, 4.517509052022931526E-16, -0.0000000000000000000 ) ) ;
#2904 = FILL_AREA_STYLE ('',( #7758 ) ) ;
#2905 = EDGE_CURVE ( 'NONE', #3584, #5139, #4188, .T. ) ;
#2906 = UNCERTAINTY_MEASURE_WITH_UNIT (LENGTH_MEASURE( 1.000000000000000082E-05 ), #371, 'distance_accuracy_value', 'NONE');
#2907 = SURFACE_SIDE_STYLE ('',( #1094 ) ) ;
#2908 = DIRECTION ( 'NONE',  ( -0.0000000000000000000, 1.000000000000000000, -0.0000000000000000000 ) ) ;
#2909 = ORIENTED_EDGE ( 'NONE', *, *, #3099, .T. ) ;
#2910 = SURFACE_STYLE_USAGE ( .BOTH. , #476 ) ;
#2911 =( LENGTH_UNIT ( ) NAMED_UNIT ( * ) SI_UNIT ( .MILLI., .METRE. ) );
#2912 = ORIENTED_EDGE ( 'NONE', *, *, #3483, .T. ) ;
#2913 = EDGE_CURVE ( 'NONE', #3180, #770, #2838, .T. ) ;
#2914 = FILL_AREA_STYLE ('',( #1499 ) ) ;
#2915 = ORIENTED_EDGE ( 'NONE', *, *, #7896, .F. ) ;
#2916 = DIRECTION ( 'NONE',  ( 0.0000000000000000000, 0.0000000000000000000, 1.000000000000000000 ) ) ;
#2917 =( LENGTH_UNIT ( ) NAMED_UNIT ( * ) SI_UNIT ( .MILLI., .METRE. ) );
#2918 = ADVANCED_FACE ( 'NONE', ( #3470, #5991 ), #1144, .F. ) ;
#2919 = ORIENTED_EDGE ( 'NONE', *, *, #7715, .T. ) ;
#2920 = CARTESIAN_POINT ( 'NONE',  ( 2.966666666666658791, -2.516666666666667940, -1.033333333333343651 ) ) ;
#2921 = ORIENTED_EDGE ( 'NONE', *, *, #4509, .T. ) ;
#2922 = CARTESIAN_POINT ( 'NONE',  ( 0.1500000000000003830, -3.399999999999999911, 0.1500000000000008271 ) ) ;
#2923 = SURFACE_STYLE_USAGE ( .BOTH. , #2365 ) ;
#2924 = SURFACE_SIDE_STYLE ('',( #1242 ) ) ;
#2925 = LINE ( 'NONE', #7818, #694 ) ;
#2926 = CARTESIAN_POINT ( 'NONE',  ( 1.299999999999999600, 0.0000000000000000000, -2.800000000000000266 ) ) ;
#2927 = LINE ( 'NONE', #1785, #1223 ) ;
#2928 = VERTEX_POINT ( 'NONE', #2994 ) ;
#2929 = CARTESIAN_POINT ( 'NONE',  ( 0.0000000000000000000, -3.399999999999999911, -0.05000000000000012768 ) ) ;
#2930 = FILL_AREA_STYLE_COLOUR ( '', #6571 ) ;
#2931 =( LENGTH_UNIT ( ) NAMED_UNIT ( * ) SI_UNIT ( .MILLI., .METRE. ) );
#2932 = PLANE ( 'NONE',  #5778 ) ;
#2933 = ORIENTED_EDGE ( 'NONE', *, *, #5203, .T. ) ;
#2934 = FILL_AREA_STYLE_COLOUR ( '', #7733 ) ;
#2935 = ORIENTED_EDGE ( 'NONE', *, *, #4956, .T. ) ;
#2936 = VECTOR ( 'NONE', #7834, 1000.000000000000114 ) ;
#2937 = PLANE ( 'NONE',  #6725 ) ;
#2938 = PRESENTATION_LAYER_ASSIGNMENT (  '', '', ( #7679 ) ) ;
#2939 = SURFACE_SIDE_STYLE ('',( #3492 ) ) ;
#2940 = SURFACE_SIDE_STYLE ('',( #4812 ) ) ;
#2941 = DIRECTION ( 'NONE',  ( 5.731938006292986338E-17, 0.7071067811865475727, -0.7071067811865474617 ) ) ;
#2942 = PRESENTATION_STYLE_ASSIGNMENT (( #7100 ) ) ;
#2943 = EDGE_CURVE ( 'NONE', #4159, #3180, #2402, .T. ) ;
#2944 = CARTESIAN_POINT ( 'NONE',  ( 3.850000000000003197, 5.100000000000001421, -2.800000000000001155 ) ) ;
#2945 = UNCERTAINTY_MEASURE_WITH_UNIT (LENGTH_MEASURE( 1.000000000000000082E-05 ), #3424, 'distance_accuracy_value', 'NONE');
#2946 = ORIENTED_EDGE ( 'NONE', *, *, #4881, .T. ) ;
#2947 = CARTESIAN_POINT ( 'NONE',  ( 6.850000000000000533, 6.000000000000000888, 1.700000000000000178 ) ) ;
#2948 = CARTESIAN_POINT ( 'NONE',  ( 8.083333333333332149, 5.166666666666667851, 0.08333333333333239890 ) ) ;
#2949 = FACE_OUTER_BOUND ( 'NONE', #3080, .T. ) ;
#2950 =( GEOMETRIC_REPRESENTATION_CONTEXT ( 3 ) GLOBAL_UNCERTAINTY_ASSIGNED_CONTEXT ( ( #3294 ) ) GLOBAL_UNIT_ASSIGNED_CONTEXT ( ( #1784, #4351, #7311 ) ) REPRESENTATION_CONTEXT ( 'NONE', 'WORKASPACE' ) );
#2951 = EDGE_CURVE ( 'NONE', #725, #3595, #3043, .T. ) ;
#2952 = SURFACE_SIDE_STYLE ('',( #434 ) ) ;
#2953 = COLOUR_RGB ( '',1.000000000000000000, 1.000000000000000000, 1.000000000000000000 ) ;
#2954 = DIRECTION ( 'NONE',  ( -0.0000000000000000000, -0.0000000000000000000, 1.000000000000000000 ) ) ;
#2955 = ADVANCED_FACE ( 'NONE', ( #4342 ), #605, .F. ) ;
#2956 = STYLED_ITEM ( 'NONE', ( #731 ), #1815 ) ;
#2957 = CARTESIAN_POINT ( 'NONE',  ( 9.950000000000001066, 4.500000000000000888, -0.1799999999999983002 ) ) ;
#2958 = EDGE_LOOP ( 'NONE', ( #1062, #178, #6155, #4781 ) ) ;
#2959 = EDGE_LOOP ( 'NONE', ( #3144, #3053, #496, #4629 ) ) ;
#2960 = VECTOR ( 'NONE', #2156, 1000.000000000000000 ) ;
#2961 = FACE_OUTER_BOUND ( 'NONE', #3032, .T. ) ;
#2962 = DIRECTION ( 'NONE',  ( 0.5773502691896225114, -0.5773502691896326144, -0.5773502691896220673 ) ) ;
#2963 = SURFACE_STYLE_USAGE ( .BOTH. , #3563 ) ;
#2964 =( NAMED_UNIT ( * ) PLANE_ANGLE_UNIT ( ) SI_UNIT ( $, .RADIAN. ) );
#2965 = VERTEX_POINT ( 'NONE', #7386 ) ;
#2966 =( GEOMETRIC_REPRESENTATION_CONTEXT ( 3 ) GLOBAL_UNCERTAINTY_ASSIGNED_CONTEXT ( ( #7166 ) ) GLOBAL_UNIT_ASSIGNED_CONTEXT ( ( #4245, #2584, #2421 ) ) REPRESENTATION_CONTEXT ( 'NONE', 'WORKASPACE' ) );
#2967 =( NAMED_UNIT ( * ) PLANE_ANGLE_UNIT ( ) SI_UNIT ( $, .RADIAN. ) );
#2968 = EDGE_LOOP ( 'NONE', ( #5540, #2848, #5641, #2933 ) ) ;
#2969 = COLOUR_RGB ( '',1.000000000000000000, 0.8117647058823529438, 0.5019607843137254832 ) ;
#2970 = CARTESIAN_POINT ( 'NONE',  ( -1.949999999999999956, 6.000000000000000000, 1.700000000000000178 ) ) ;
#2971 = VERTEX_POINT ( 'NONE', #7425 ) ;
#2972 = VECTOR ( 'NONE', #4834, 1000.000000000000000 ) ;
#2973 = ORIENTED_EDGE ( 'NONE', *, *, #7231, .T. ) ;
#2974 = ORIENTED_EDGE ( 'NONE', *, *, #6918, .T. ) ;
#2975 = DIRECTION ( 'NONE',  ( 1.927470528863119542E-16, -1.000000000000000000, 0.0000000000000000000 ) ) ;
#2976 = VECTOR ( 'NONE', #4318, 1000.000000000000000 ) ;
#2977 = MECHANICAL_DESIGN_GEOMETRIC_PRESENTATION_REPRESENTATION (  '', ( #6428 ), #5267 ) ;
#2978 = LINE ( 'NONE', #2508, #7783 ) ;
#2979 =( NAMED_UNIT ( * ) PLANE_ANGLE_UNIT ( ) SI_UNIT ( $, .RADIAN. ) );
#2980 = DIRECTION ( 'NONE',  ( 0.0000000000000000000, 0.0000000000000000000, -1.000000000000000000 ) ) ;
#2981 = DIRECTION ( 'NONE',  ( -0.0000000000000000000, -0.0000000000000000000, 1.000000000000000000 ) ) ;
#2982 = ORIENTED_EDGE ( 'NONE', *, *, #6876, .F. ) ;
#2983 = LINE ( 'NONE', #7885, #341 ) ;
#2984 = COLOUR_RGB ( '',1.000000000000000000, 1.000000000000000000, 1.000000000000000000 ) ;
#2985 = VERTEX_POINT ( 'NONE', #7303 ) ;
#2986 = ORIENTED_EDGE ( 'NONE', *, *, #4553, .T. ) ;
#2987 = ORIENTED_EDGE ( 'NONE', *, *, #2747, .T. ) ;
#2988 = EDGE_CURVE ( 'NONE', #6119, #5324, #1818, .T. ) ;
#2989 = MECHANICAL_DESIGN_GEOMETRIC_PRESENTATION_REPRESENTATION (  '', ( #3119 ), #2617 ) ;
#2990 = CARTESIAN_POINT ( 'NONE',  ( 4.250000000000000000, -3.399999999999999911, 0.2500000000000002220 ) ) ;
#2991 = VECTOR ( 'NONE', #35, 1000.000000000000000 ) ;
#2992 = FACE_OUTER_BOUND ( 'NONE', #6100, .T. ) ;
#2993 = PLANE ( 'NONE',  #6343 ) ;
#2994 = CARTESIAN_POINT ( 'NONE',  ( 9.950000000000001066, 4.500000000000000888, 0.3200000000000012834 ) ) ;
#2995 = ORIENTED_EDGE ( 'NONE', *, *, #7616, .F. ) ;
#2996 = DIRECTION ( 'NONE',  ( -3.872150616019660190E-17, -1.000000000000000000, 0.0000000000000000000 ) ) ;
#2997 = ORIENTED_EDGE ( 'NONE', *, *, #5569, .T. ) ;
#2998 = DIRECTION ( 'NONE',  ( -0.0000000000000000000, 1.000000000000000000, -0.0000000000000000000 ) ) ;
#2999 = EDGE_CURVE ( 'NONE', #4942, #4183, #4261, .T. ) ;
#3000 = AXIS2_PLACEMENT_3D ( 'NONE', #4824, #2441, #1353 ) ;
#3001 = STYLED_ITEM ( 'NONE', ( #1482 ), #413 ) ;
#3002 = DIRECTION ( 'NONE',  ( -0.0000000000000000000, -0.0000000000000000000, 1.000000000000000000 ) ) ;
#3003 = EDGE_CURVE ( 'NONE', #3312, #770, #1901, .T. ) ;
#3004 = DIRECTION ( 'NONE',  ( 1.000000000000000000, 0.0000000000000000000, -0.0000000000000000000 ) ) ;
#3005 = COLOUR_RGB ( '',1.000000000000000000, 0.8117647058823529438, 0.5019607843137254832 ) ;
#3006 = LINE ( 'NONE', #7230, #518 ) ;
#3007 = PRESENTATION_STYLE_ASSIGNMENT (( #2409 ) ) ;
#3008 = FACE_OUTER_BOUND ( 'NONE', #1356, .T. ) ;
#3009 = ORIENTED_EDGE ( 'NONE', *, *, #3946, .F. ) ;
#3010 = COLOUR_RGB ( '',1.000000000000000000, 1.000000000000000000, 1.000000000000000000 ) ;
#3011 =( GEOMETRIC_REPRESENTATION_CONTEXT ( 3 ) GLOBAL_UNCERTAINTY_ASSIGNED_CONTEXT ( ( #7209 ) ) GLOBAL_UNIT_ASSIGNED_CONTEXT ( ( #426, #1051, #4131 ) ) REPRESENTATION_CONTEXT ( 'NONE', 'WORKASPACE' ) );
#3012 = SURFACE_SIDE_STYLE ('',( #5969 ) ) ;
#3013 = ORIENTED_EDGE ( 'NONE', *, *, #4114, .T. ) ;
#3014 = EDGE_CURVE ( 'NONE', #7139, #5723, #638, .T. ) ;
#3015 = COLOUR_RGB ( '',1.000000000000000000, 0.8117647058823529438, 0.5019607843137254832 ) ;
#3016 = VERTEX_POINT ( 'NONE', #7264 ) ;
#3017 =( GEOMETRIC_REPRESENTATION_CONTEXT ( 3 ) GLOBAL_UNCERTAINTY_ASSIGNED_CONTEXT ( ( #1394 ) ) GLOBAL_UNIT_ASSIGNED_CONTEXT ( ( #3350, #2117, #2155 ) ) REPRESENTATION_CONTEXT ( 'NONE', 'WORKASPACE' ) );
#3018 = ORIENTED_EDGE ( 'NONE', *, *, #83, .F. ) ;
#3019 = VECTOR ( 'NONE', #6139, 1000.000000000000000 ) ;
#3020 = DIRECTION ( 'NONE',  ( -1.000000000000000000, 0.0000000000000000000, -1.927470528863119295E-16 ) ) ;
#3021 = EDGE_LOOP ( 'NONE', ( #4825, #2154, #7397, #3671, #7446, #364, #2049, #2919, #2874, #4197, #4312, #3538, #7159, #2752, #6242, #2766, #7265, #2723, #78, #2713 ) ) ;
#3022 = DIRECTION ( 'NONE',  ( 0.0000000000000000000, 1.000000000000000000, 0.0000000000000000000 ) ) ;
#3023 = LINE ( 'NONE', #3611, #550 ) ;
#3024 = VECTOR ( 'NONE', #380, 1000.000000000000000 ) ;
#3025 =( GEOMETRIC_REPRESENTATION_CONTEXT ( 3 ) GLOBAL_UNCERTAINTY_ASSIGNED_CONTEXT ( ( #4607 ) ) GLOBAL_UNIT_ASSIGNED_CONTEXT ( ( #1452, #5729, #2789 ) ) REPRESENTATION_CONTEXT ( 'NONE', 'WORKASPACE' ) );
#3026 = DIRECTION ( 'NONE',  ( -0.0000000000000000000, -0.0000000000000000000, -1.000000000000000000 ) ) ;
#3027 = FACE_OUTER_BOUND ( 'NONE', #1882, .T. ) ;
#3028 = VECTOR ( 'NONE', #3630, 1000.000000000000000 ) ;
#3029 = DIRECTION ( 'NONE',  ( 0.0000000000000000000, 0.0000000000000000000, 1.000000000000000000 ) ) ;
#3030 = LINE ( 'NONE', #4292, #6160 ) ;
#3031 = UNCERTAINTY_MEASURE_WITH_UNIT (LENGTH_MEASURE( 1.000000000000000082E-05 ), #4130, 'distance_accuracy_value', 'NONE');
#3032 = EDGE_LOOP ( 'NONE', ( #5739, #5466, #3420, #1915 ) ) ;
#3033 = MECHANICAL_DESIGN_GEOMETRIC_PRESENTATION_REPRESENTATION (  '', ( #5188 ), #6974 ) ;
#3034 = ORIENTED_EDGE ( 'NONE', *, *, #5847, .F. ) ;
#3035 = SURFACE_SIDE_STYLE ('',( #6234 ) ) ;
#3036 = VERTEX_POINT ( 'NONE', #4902 ) ;
#3037 = PLANE ( 'NONE',  #841 ) ;
#3038 = EDGE_LOOP ( 'NONE', ( #2278, #7429, #1920, #6968 ) ) ;
#3039 = UNCERTAINTY_MEASURE_WITH_UNIT (LENGTH_MEASURE( 1.000000000000000082E-05 ), #1308, 'distance_accuracy_value', 'NONE');
#3040 = CARTESIAN_POINT ( 'NONE',  ( 8.250000000000000000, 1.800000000000000044, -0.2499999999999997780 ) ) ;
#3041 = FILL_AREA_STYLE_COLOUR ( '', #3382 ) ;
#3042 = CARTESIAN_POINT ( 'NONE',  ( 3.750000000000000444, -3.399999999999999911, -0.2499999999999997780 ) ) ;
#3043 = LINE ( 'NONE', #4225, #3497 ) ;
#3044 = PRODUCT_RELATED_PRODUCT_CATEGORY ( 'part', '', ( #7377 ) ) ;
#3045 = ORIENTED_EDGE ( 'NONE', *, *, #6023, .F. ) ;
#3046 = DIRECTION ( 'NONE',  ( -0.0000000000000000000, 1.000000000000000000, -0.0000000000000000000 ) ) ;
#3047 = PRESENTATION_STYLE_ASSIGNMENT (( #6830 ) ) ;
#3048 = FACE_OUTER_BOUND ( 'NONE', #2004, .T. ) ;
#3049 = CARTESIAN_POINT ( 'NONE',  ( 5.250000000000000888, 1.149999999999999911, -2.050000000000001599 ) ) ;
#3050 =( NAMED_UNIT ( * ) PLANE_ANGLE_UNIT ( ) SI_UNIT ( $, .RADIAN. ) );
#3051 = ORIENTED_EDGE ( 'NONE', *, *, #2810, .F. ) ;
#3052 = ADVANCED_FACE ( 'NONE', ( #1775 ), #2560, .F. ) ;
#3053 = ORIENTED_EDGE ( 'NONE', *, *, #5694, .F. ) ;
#3054 = FACE_OUTER_BOUND ( 'NONE', #3712, .T. ) ;
#3055 = CARTESIAN_POINT ( 'NONE',  ( 9.180000000000001492, 4.230000000000000426, -2.801000000000000600 ) ) ;
#3056 = PRESENTATION_STYLE_ASSIGNMENT (( #6004 ) ) ;
#3057 = EDGE_CURVE ( 'NONE', #6117, #5328, #2153, .T. ) ;
#3058 = ORIENTED_EDGE ( 'NONE', *, *, #3726, .T. ) ;
#3059 = CARTESIAN_POINT ( 'NONE',  ( 6.749999999999999112, 3.399999999999999467, -2.050000000000001599 ) ) ;
#3060 =( NAMED_UNIT ( * ) PLANE_ANGLE_UNIT ( ) SI_UNIT ( $, .RADIAN. ) );
#3061 = CARTESIAN_POINT ( 'NONE',  ( -0.2500000000000002220, -3.399999999999999911, 0.2500000000000002220 ) ) ;
#3062 =( GEOMETRIC_REPRESENTATION_CONTEXT ( 3 ) GLOBAL_UNCERTAINTY_ASSIGNED_CONTEXT ( ( #5807 ) ) GLOBAL_UNIT_ASSIGNED_CONTEXT ( ( #2546, #182, #4492 ) ) REPRESENTATION_CONTEXT ( 'NONE', 'WORKASPACE' ) );
#3063 =( GEOMETRIC_REPRESENTATION_CONTEXT ( 3 ) GLOBAL_UNCERTAINTY_ASSIGNED_CONTEXT ( ( #544 ) ) GLOBAL_UNIT_ASSIGNED_CONTEXT ( ( #7891, #6191, #4378 ) ) REPRESENTATION_CONTEXT ( 'NONE', 'WORKASPACE' ) );
#3064 = STYLED_ITEM ( 'NONE', ( #7182 ), #1391 ) ;
#3065 = CARTESIAN_POINT ( 'NONE',  ( 4.250000000000000000, 0.2000000000000000111, -0.2499999999999997780 ) ) ;
#3066 = LINE ( 'NONE', #6735, #4779 ) ;
#3067 = FACE_OUTER_BOUND ( 'NONE', #1354, .T. ) ;
#3068 = VERTEX_POINT ( 'NONE', #2598 ) ;
#3069 = LINE ( 'NONE', #3106, #6212 ) ;
#3070 = CARTESIAN_POINT ( 'NONE',  ( 6.850000000000000533, 1.800000000000000711, 1.700000000000000178 ) ) ;
#3071 = FACE_OUTER_BOUND ( 'NONE', #6962, .T. ) ;
#3072 = ORIENTED_EDGE ( 'NONE', *, *, #2988, .F. ) ;
#3073 =( GEOMETRIC_REPRESENTATION_CONTEXT ( 3 ) GLOBAL_UNCERTAINTY_ASSIGNED_CONTEXT ( ( #713 ) ) GLOBAL_UNIT_ASSIGNED_CONTEXT ( ( #2745, #2149, #6418 ) ) REPRESENTATION_CONTEXT ( 'NONE', 'WORKASPACE' ) );
#3074 =( GEOMETRIC_REPRESENTATION_CONTEXT ( 3 ) GLOBAL_UNCERTAINTY_ASSIGNED_CONTEXT ( ( #1439 ) ) GLOBAL_UNIT_ASSIGNED_CONTEXT ( ( #5457, #6111, #4908 ) ) REPRESENTATION_CONTEXT ( 'NONE', 'WORKASPACE' ) );
#3075 = ORIENTED_EDGE ( 'NONE', *, *, #273, .T. ) ;
#3076 = PRESENTATION_STYLE_ASSIGNMENT (( #79 ) ) ;
#3077 = DIRECTION ( 'NONE',  ( -4.336808689942017736E-16, 0.0000000000000000000, -1.000000000000000000 ) ) ;
#3078 = LINE ( 'NONE', #636, #6086 ) ;
#3079 = DIRECTION ( 'NONE',  ( -0.0000000000000000000, 1.000000000000000000, -0.0000000000000000000 ) ) ;
#3080 = EDGE_LOOP ( 'NONE', ( #3676, #751, #2622, #4455 ) ) ;
#3081 = VERTEX_POINT ( 'NONE', #3346 ) ;
#3082 = FILL_AREA_STYLE ('',( #2562 ) ) ;
#3083 =( GEOMETRIC_REPRESENTATION_CONTEXT ( 3 ) GLOBAL_UNCERTAINTY_ASSIGNED_CONTEXT ( ( #7615 ) ) GLOBAL_UNIT_ASSIGNED_CONTEXT ( ( #1414, #3221, #110 ) ) REPRESENTATION_CONTEXT ( 'NONE', 'WORKASPACE' ) );
#3084 = EDGE_LOOP ( 'NONE', ( #4593, #5907, #6922, #3072 ) ) ;
#3085 = SURFACE_SIDE_STYLE ('',( #7358 ) ) ;
#3086 = MECHANICAL_DESIGN_GEOMETRIC_PRESENTATION_REPRESENTATION (  '', ( #784 ), #2314 ) ;
#3087 = LINE ( 'NONE', #6115, #2077 ) ;
#3088 = SURFACE_STYLE_FILL_AREA ( #649 ) ;
#3089 = ORIENTED_EDGE ( 'NONE', *, *, #4260, .T. ) ;
#3090 = AXIS2_PLACEMENT_3D ( 'NONE', #1688, #4137, #7769 ) ;
#3091 = EDGE_CURVE ( 'NONE', #3036, #2873, #7642, .T. ) ;
#3092 = FACE_OUTER_BOUND ( 'NONE', #2959, .T. ) ;
#3093 = LINE ( 'NONE', #1208, #1366 ) ;
#3094 = EDGE_LOOP ( 'NONE', ( #1228, #5908, #4422, #1462, #3962, #6782, #4058, #1578, #4536, #6140, #6067, #7821, #6839, #1885, #2330, #4438, #2138, #1953, #4344, #6516 ) ) ;
#3095 = SURFACE_STYLE_USAGE ( .BOTH. , #1926 ) ;
#3096 = CARTESIAN_POINT ( 'NONE',  ( 5.449999999999989519, -4.099999999999995204, 0.5500000000000097033 ) ) ;
#3097 = EDGE_CURVE ( 'NONE', #1952, #1638, #7012, .T. ) ;
#3098 = PLANE ( 'NONE',  #6749 ) ;
#3099 = EDGE_CURVE ( 'NONE', #424, #5790, #5659, .T. ) ;
#3100 = CARTESIAN_POINT ( 'NONE',  ( 4.250000000000000000, 4.999999999999995559, -0.2499999999999997780 ) ) ;
#3101 = PRESENTATION_LAYER_ASSIGNMENT (  '', '', ( #7050 ) ) ;
#3102 = VECTOR ( 'NONE', #7325, 1000.000000000000000 ) ;
#3103 = LINE ( 'NONE', #1849, #1779 ) ;
#3104 = FACE_BOUND ( 'NONE', #5686, .T. ) ;
#3105 = CARTESIAN_POINT ( 'NONE',  ( -1.949999999999999734, 5.100000000000001421, -0.1499999999999969136 ) ) ;
#3106 = CARTESIAN_POINT ( 'NONE',  ( -0.2500000000000000000, 4.999999999999999112, -0.2499999999999997780 ) ) ;
#3107 = UNCERTAINTY_MEASURE_WITH_UNIT (LENGTH_MEASURE( 1.000000000000000082E-05 ), #4182, 'distance_accuracy_value', 'NONE');
#3108 = ADVANCED_FACE ( 'NONE', ( #1991 ), #3311, .F. ) ;
#3109 = PRESENTATION_STYLE_ASSIGNMENT (( #1690 ) ) ;
#3110 = SURFACE_SIDE_STYLE ('',( #4898 ) ) ;
#3111 = LINE ( 'NONE', #4111, #4256 ) ;
#3112 = FILL_AREA_STYLE ('',( #5535 ) ) ;
#3113 = CARTESIAN_POINT ( 'NONE',  ( 4.750000000000000888, 3.399999999999999467, -2.050000000000001599 ) ) ;
#3114 = VECTOR ( 'NONE', #5867, 1000.000000000000000 ) ;
#3115 = ORIENTED_EDGE ( 'NONE', *, *, #3296, .T. ) ;
#3116 = FILL_AREA_STYLE_COLOUR ( '', #7901 ) ;
#3117 = CARTESIAN_POINT ( 'NONE',  ( 8.250000000000000000, -3.399999999999999911, -0.2499999999999997780 ) ) ;
#3118 = FILL_AREA_STYLE_COLOUR ( '', #1906 ) ;
#3119 = STYLED_ITEM ( 'NONE', ( #3717 ), #3581 ) ;
#3120 =( GEOMETRIC_REPRESENTATION_CONTEXT ( 3 ) GLOBAL_UNCERTAINTY_ASSIGNED_CONTEXT ( ( #3775 ) ) GLOBAL_UNIT_ASSIGNED_CONTEXT ( ( #5611, #6143, #3159 ) ) REPRESENTATION_CONTEXT ( 'NONE', 'WORKASPACE' ) );
#3121 = VECTOR ( 'NONE', #7782, 1000.000000000000000 ) ;
#3122 =( NAMED_UNIT ( * ) SI_UNIT ( $, .STERADIAN. ) SOLID_ANGLE_UNIT ( ) );
#3123 = LINE ( 'NONE', #7272, #6007 ) ;
#3124 = CARTESIAN_POINT ( 'NONE',  ( 1.150000000000000799, 1.799999999999999600, 1.700000000000000178 ) ) ;
#3125 = CARTESIAN_POINT ( 'NONE',  ( 9.180000000000001492, 4.230000000000000426, -2.801000000000000600 ) ) ;
#3126 = EDGE_LOOP ( 'NONE', ( #2921, #4404, #695, #4480, #6564, #6552, #3757, #3800, #507, #5727 ) ) ;
#3127 = VECTOR ( 'NONE', #2801, 1000.000000000000000 ) ;
#3128 = CARTESIAN_POINT ( 'NONE',  ( 0.0000000000000000000, -3.399999999999999911, 0.0000000000000000000 ) ) ;
#3129 = CARTESIAN_POINT ( 'NONE',  ( 9.950000000000001066, 1.380000000000002558, 1.700000000000000178 ) ) ;
#3130 = VECTOR ( 'NONE', #6134, 1000.000000000000000 ) ;
#3131 = COLOUR_RGB ( '',1.000000000000000000, 0.8117647058823529438, 0.5019607843137254832 ) ;
#3132 = DIRECTION ( 'NONE',  ( 1.000000000000000000, 0.0000000000000000000, 8.106184467181340768E-17 ) ) ;
#3133 = VERTEX_POINT ( 'NONE', #1495 ) ;
#3134 = CARTESIAN_POINT ( 'NONE',  ( 7.299999999999998934, 0.0000000000000000000, 1.700000000000000178 ) ) ;
#3135 = VERTEX_POINT ( 'NONE', #5824 ) ;
#3137 = ADVANCED_FACE ( 'NONE', ( #279 ), #5137, .F. ) ;
#3136 = FACE_OUTER_BOUND ( 'NONE', #7293, .T. ) ;
#3138 = PRESENTATION_STYLE_ASSIGNMENT (( #6767 ) ) ;
#3139 = STYLED_ITEM ( 'NONE', ( #3305 ), #7524 ) ;
#3140 = FILL_AREA_STYLE_COLOUR ( '', #2712 ) ;
#3141 = FILL_AREA_STYLE ('',( #4418 ) ) ;
#3142 = UNCERTAINTY_MEASURE_WITH_UNIT (LENGTH_MEASURE( 1.000000000000000082E-05 ), #6048, 'distance_accuracy_value', 'NONE');
#3143 = VECTOR ( 'NONE', #1318, 1000.000000000000000 ) ;
#3144 = ORIENTED_EDGE ( 'NONE', *, *, #6385, .T. ) ;
#3145 = SURFACE_STYLE_USAGE ( .BOTH. , #7290 ) ;
#3146 = DIRECTION ( 'NONE',  ( 0.7071067811865414665, -0.7071067811865536790, 1.662400053425850368E-32 ) ) ;
#3147 = LINE ( 'NONE', #4888, #3579 ) ;
#3148 =( NAMED_UNIT ( * ) PLANE_ANGLE_UNIT ( ) SI_UNIT ( $, .RADIAN. ) );
#3149 = AXIS2_PLACEMENT_3D ( 'NONE', #7129, #7832, #4091 ) ;
#3150 = COLOUR_RGB ( '',1.000000000000000000, 1.000000000000000000, 1.000000000000000000 ) ;
#3152 = EDGE_CURVE ( 'NONE', #3441, #3643, #3464, .T. ) ;
#3151 = FACE_OUTER_BOUND ( 'NONE', #3845, .T. ) ;
#3153 = CARTESIAN_POINT ( 'NONE',  ( 9.950000000000001066, 0.8200000000000027267, 1.700000000000000178 ) ) ;
#3154 = DIRECTION ( 'NONE',  ( 0.0000000000000000000, 1.000000000000000000, 0.0000000000000000000 ) ) ;
#3155 = DIRECTION ( 'NONE',  ( 0.0000000000000000000, 0.0000000000000000000, 1.000000000000000000 ) ) ;
#3156 = VECTOR ( 'NONE', #3813, 1000.000000000000000 ) ;
#3157 = MECHANICAL_DESIGN_GEOMETRIC_PRESENTATION_REPRESENTATION (  '', ( #4165 ), #2776 ) ;
#3158 = UNCERTAINTY_MEASURE_WITH_UNIT (LENGTH_MEASURE( 1.000000000000000082E-05 ), #5661, 'distance_accuracy_value', 'NONE');
#3159 =( NAMED_UNIT ( * ) SI_UNIT ( $, .STERADIAN. ) SOLID_ANGLE_UNIT ( ) );
#3160 = FILL_AREA_STYLE ('',( #4380 ) ) ;
#3161 = CARTESIAN_POINT ( 'NONE',  ( 4.149999999999995914, 5.100000000000001421, -2.800000000000000266 ) ) ;
#3163 = EDGE_CURVE ( 'NONE', #1686, #3798, #1685, .T. ) ;
#3162 = ORIENTED_EDGE ( 'NONE', *, *, #189, .F. ) ;
#3164 = CARTESIAN_POINT ( 'NONE',  ( 7.750000000000000000, 5.000000000000000888, 0.2500000000000002220 ) ) ;
#3165 = DIRECTION ( 'NONE',  ( 0.5773502691896292838, 0.5773502691896192918, -0.5773502691896288397 ) ) ;
#3166 = CARTESIAN_POINT ( 'NONE',  ( 0.7500000000000002220, 1.149999999999999911, -2.350000000000001421 ) ) ;
#3167 = DIRECTION ( 'NONE',  ( 3.872150616019660190E-17, 1.000000000000000000, -0.0000000000000000000 ) ) ;
#3168 = VECTOR ( 'NONE', #3770, 1000.000000000000000 ) ;
#3169 = DIRECTION ( 'NONE',  ( -8.106184467181340768E-17, 0.0000000000000000000, 1.000000000000000000 ) ) ;
#3170 = CARTESIAN_POINT ( 'NONE',  ( -1.949999999999999956, 1.800000000000000044, 0.2500000000000002220 ) ) ;
#3171 = STYLED_ITEM ( 'NONE', ( #4184 ), #6024 ) ;
#3172 = VERTEX_POINT ( 'NONE', #4023 ) ;
#3173 = ORIENTED_EDGE ( 'NONE', *, *, #402, .T. ) ;
#3174 = EDGE_LOOP ( 'NONE', ( #7179, #1063, #5317, #4627 ) ) ;
#3175 = CARTESIAN_POINT ( 'NONE',  ( 4.699999999999999289, 0.1999999999999999833, -2.800000000000000266 ) ) ;
#3176 = FACE_OUTER_BOUND ( 'NONE', #1015, .T. ) ;
#3177 = VERTEX_POINT ( 'NONE', #2347 ) ;
#3178 = CARTESIAN_POINT ( 'NONE',  ( 0.05000000000000012768, 0.0000000000000000000, -2.050000000000001599 ) ) ;
#3179 = DIRECTION ( 'NONE',  ( -4.336808689942017736E-16, 0.0000000000000000000, -1.000000000000000000 ) ) ;
#3180 = VERTEX_POINT ( 'NONE', #1643 ) ;
#3181 = CARTESIAN_POINT ( 'NONE',  ( -1.350000000000000089, 6.000000000000000000, 1.599999999999997202 ) ) ;
#3182 = SURFACE_SIDE_STYLE ('',( #6730 ) ) ;
#3183 = FILL_AREA_STYLE ('',( #4532 ) ) ;
#3184 = SURFACE_STYLE_FILL_AREA ( #4424 ) ;
#3185 = LINE ( 'NONE', #6266, #6270 ) ;
#3186 = PLANE ( 'NONE',  #4431 ) ;
#3187 = FACE_BOUND ( 'NONE', #2456, .T. ) ;
#3188 = CARTESIAN_POINT ( 'NONE',  ( 7.750000000000000000, -3.399999999999999911, -0.2499999999999997780 ) ) ;
#3189 = ORIENTED_EDGE ( 'NONE', *, *, #7658, .F. ) ;
#3190 = ORIENTED_EDGE ( 'NONE', *, *, #4553, .F. ) ;
#3191 = CARTESIAN_POINT ( 'NONE',  ( 8.083333333333332149, 5.166666666666667851, -0.08333333333333195481 ) ) ;
#3192 = EDGE_CURVE ( 'NONE', #5638, #4189, #6469, .T. ) ;
#3193 = CARTESIAN_POINT ( 'NONE',  ( 9.700000000000001066, 6.000000000000000000, 1.249999999999998446 ) ) ;
#3194 = DIRECTION ( 'NONE',  ( 0.5773502691896226224, 0.5773502691896326144, 0.5773502691896220673 ) ) ;
#3195 = ORIENTED_EDGE ( 'NONE', *, *, #4800, .T. ) ;
#3196 = CARTESIAN_POINT ( 'NONE',  ( 3.750000000000000444, 4.999999999999995559, 0.2500000000000002220 ) ) ;
#3197 = SURFACE_STYLE_USAGE ( .BOTH. , #6908 ) ;
#3198 = COLOUR_RGB ( '',1.000000000000000000, 0.8117647058823529438, 0.5019607843137254832 ) ;
#3199 = MECHANICAL_DESIGN_GEOMETRIC_PRESENTATION_REPRESENTATION (  '', ( #648 ), #4847 ) ;
#3201 = ADVANCED_FACE ( 'NONE', ( #2831 ), #3500, .F. ) ;
#3200 = DIRECTION ( 'NONE',  ( -1.000000000000000000, 0.0000000000000000000, 2.058229914533366955E-17 ) ) ;
#3202 = SURFACE_STYLE_FILL_AREA ( #5584 ) ;
#3203 = EDGE_CURVE ( 'NONE', #6480, #6049, #6621, .T. ) ;
#3204 =( NAMED_UNIT ( * ) SI_UNIT ( $, .STERADIAN. ) SOLID_ANGLE_UNIT ( ) );
#3205 = CARTESIAN_POINT ( 'NONE',  ( -1.350000000000001865, 5.650000000000000355, 0.3199999999999999512 ) ) ;
#3206 = DIRECTION ( 'NONE',  ( -1.000000000000000000, 3.872150616019661422E-17, 0.0000000000000000000 ) ) ;
#3207 = VERTEX_POINT ( 'NONE', #1096 ) ;
#3208 = VERTEX_POINT ( 'NONE', #5940 ) ;
#3209 = FILL_AREA_STYLE ('',( #5072 ) ) ;
#3210 = FILL_AREA_STYLE_COLOUR ( '', #4327 ) ;
#3211 = PLANE ( 'NONE',  #5266 ) ;
#3212 = VECTOR ( 'NONE', #4181, 1000.000000000000000 ) ;
#3213 = DIRECTION ( 'NONE',  ( -5.421010862427522170E-17, -1.000000000000000000, 2.350988701644575016E-32 ) ) ;
#3214 = FILL_AREA_STYLE ('',( #5044 ) ) ;
#3215 = VERTEX_POINT ( 'NONE', #7213 ) ;
#3216 = ORIENTED_EDGE ( 'NONE', *, *, #6844, .T. ) ;
#3217 = PLANE ( 'NONE',  #1098 ) ;
#3218 = VECTOR ( 'NONE', #4584, 1000.000000000000000 ) ;
#3219 = UNCERTAINTY_MEASURE_WITH_UNIT (LENGTH_MEASURE( 1.000000000000000082E-05 ), #5453, 'distance_accuracy_value', 'NONE');
#3220 = FILL_AREA_STYLE ('',( #861 ) ) ;
#3221 =( NAMED_UNIT ( * ) PLANE_ANGLE_UNIT ( ) SI_UNIT ( $, .RADIAN. ) );
#3222 = FILL_AREA_STYLE_COLOUR ( '', #5525 ) ;
#3223 = LINE ( 'NONE', #3731, #5559 ) ;
#3224 = DIRECTION ( 'NONE',  ( 3.872150616019660190E-17, 1.000000000000000000, -0.0000000000000000000 ) ) ;
#3225 = DIRECTION ( 'NONE',  ( 1.000000000000000000, 0.0000000000000000000, -0.0000000000000000000 ) ) ;
#3226 = PRESENTATION_LAYER_ASSIGNMENT (  '', '', ( #7842 ) ) ;
#3227 = DIRECTION ( 'NONE',  ( 0.0000000000000000000, 0.0000000000000000000, -1.000000000000000000 ) ) ;
#3228 = CARTESIAN_POINT ( 'NONE',  ( 8.220000000000002416, 6.000000000000000000, 1.700000000000000178 ) ) ;
#3229 = LINE ( 'NONE', #198, #7874 ) ;
#3230 = CARTESIAN_POINT ( 'NONE',  ( 1.150000000000000799, 1.799999999999999600, -2.801000000000000600 ) ) ;
#3231 = CARTESIAN_POINT ( 'NONE',  ( 4.250000000000000000, -3.399999999999999911, -0.2499999999999997780 ) ) ;
#3232 = ORIENTED_EDGE ( 'NONE', *, *, #1077, .F. ) ;
#3233 = FILL_AREA_STYLE ('',( #1270 ) ) ;
#3234 = VECTOR ( 'NONE', #1549, 1000.000000000000114 ) ;
#3235 = PLANE ( 'NONE',  #5754 ) ;
#3236 = MECHANICAL_DESIGN_GEOMETRIC_PRESENTATION_REPRESENTATION (  '', ( #2083 ), #1942 ) ;
#3237 = DIRECTION ( 'NONE',  ( -1.000000000000000000, 5.421010862427522170E-17, 0.0000000000000000000 ) ) ;
#3238 = EDGE_CURVE ( 'NONE', #2181, #3924, #4656, .T. ) ;
#3239 = CARTESIAN_POINT ( 'NONE',  ( 9.180000000000001492, 4.230000000000000426, 1.700000000000000178 ) ) ;
#3240 = UNCERTAINTY_MEASURE_WITH_UNIT (LENGTH_MEASURE( 1.000000000000000082E-05 ), #5930, 'distance_accuracy_value', 'NONE');
#3241 = CARTESIAN_POINT ( 'NONE',  ( 3.750000000000000444, -3.399999999999999911, 0.2500000000000002220 ) ) ;
#3242 = VERTEX_POINT ( 'NONE', #6584 ) ;
#3243 = VERTEX_POINT ( 'NONE', #7681 ) ;
#3244 = ADVANCED_FACE ( 'NONE', ( #1733 ), #7102, .F. ) ;
#3245 = AXIS2_PLACEMENT_3D ( 'NONE', #5268, #370, #1625 ) ;
#3246 = LINE ( 'NONE', #1372, #882 ) ;
#3247 = VECTOR ( 'NONE', #2291, 1000.000000000000000 ) ;
#3248 =( LENGTH_UNIT ( ) NAMED_UNIT ( * ) SI_UNIT ( .MILLI., .METRE. ) );
#3249 = COLOUR_RGB ( '',1.000000000000000000, 0.8117647058823529438, 0.5019607843137254832 ) ;
#3250 = CARTESIAN_POINT ( 'NONE',  ( 1.749999999999998890, 0.2000000000000000111, -2.800000000000000266 ) ) ;
#3251 = EDGE_CURVE ( 'NONE', #3584, #6980, #3066, .T. ) ;
#3252 = CARTESIAN_POINT ( 'NONE',  ( 9.950000000000001066, 6.000000000000000000, -2.800000000000000711 ) ) ;
#3253 = DIRECTION ( 'NONE',  ( 3.872150616019660190E-17, 1.000000000000000000, -0.0000000000000000000 ) ) ;
#3254 = EDGE_LOOP ( 'NONE', ( #4874, #3407, #678, #5063 ) ) ;
#3255 = VERTEX_POINT ( 'NONE', #2467 ) ;
#3256 = FILL_AREA_STYLE ('',( #818 ) ) ;
#3257 = EDGE_CURVE ( 'NONE', #3172, #42, #7291, .T. ) ;
#3258 =( NAMED_UNIT ( * ) SI_UNIT ( $, .STERADIAN. ) SOLID_ANGLE_UNIT ( ) );
#3259 = SURFACE_STYLE_USAGE ( .BOTH. , #5516 ) ;
#3260 = STYLED_ITEM ( 'NONE', ( #3315 ), #515 ) ;
#3261 = ORIENTED_EDGE ( 'NONE', *, *, #3091, .T. ) ;
#3262 =( GEOMETRIC_REPRESENTATION_CONTEXT ( 3 ) GLOBAL_UNCERTAINTY_ASSIGNED_CONTEXT ( ( #6538 ) ) GLOBAL_UNIT_ASSIGNED_CONTEXT ( ( #2407, #7432, #4947 ) ) REPRESENTATION_CONTEXT ( 'NONE', 'WORKASPACE' ) );
#3263 = CARTESIAN_POINT ( 'NONE',  ( 4.250000000000000000, -3.299999999999998490, 0.2500000000000002220 ) ) ;
#3264 = EDGE_CURVE ( 'NONE', #2965, #29, #5484, .T. ) ;
#3265 = STYLED_ITEM ( 'NONE', ( #353 ), #3244 ) ;
#3266 = STYLED_ITEM ( 'NONE', ( #7011 ), #7381 ) ;
#3267 = SURFACE_STYLE_USAGE ( .BOTH. , #4571 ) ;
#3268 = LINE ( 'NONE', #6774, #2648 ) ;
#3269 = CARTESIAN_POINT ( 'NONE',  ( 2.750000000000000444, 3.399999999999999467, -2.050000000000001599 ) ) ;
#3270 = CARTESIAN_POINT ( 'NONE',  ( 2.250000000000000000, -3.399999999999999911, -0.2499999999999997780 ) ) ;
#3271 = MECHANICAL_DESIGN_GEOMETRIC_PRESENTATION_REPRESENTATION (  '', ( #5552 ), #7751 ) ;
#3272 = DIRECTION ( 'NONE',  ( 1.000000000000000000, -3.872150616019660190E-17, -4.336808689942017736E-16 ) ) ;
#3273 = VECTOR ( 'NONE', #1731, 1000.000000000000000 ) ;
#3274 = LINE ( 'NONE', #2675, #1836 ) ;
#3275 = DIRECTION ( 'NONE',  ( 1.000000000000000000, 0.0000000000000000000, 0.0000000000000000000 ) ) ;
#3276 = AXIS2_PLACEMENT_3D ( 'NONE', #3690, #1225, #6183 ) ;
#3277 = CARTESIAN_POINT ( 'NONE',  ( -1.350000000000000089, 5.650000000000000355, -2.350000000000001421 ) ) ;
#3278 =( GEOMETRIC_REPRESENTATION_CONTEXT ( 3 ) GLOBAL_UNCERTAINTY_ASSIGNED_CONTEXT ( ( #1523 ) ) GLOBAL_UNIT_ASSIGNED_CONTEXT ( ( #4079, #3564, #7232 ) ) REPRESENTATION_CONTEXT ( 'NONE', 'WORKASPACE' ) );
#3279 = DIRECTION ( 'NONE',  ( 1.000000000000000000, -5.421010862427522170E-17, 0.0000000000000000000 ) ) ;
#3280 = VECTOR ( 'NONE', #6267, 1000.000000000000000 ) ;
#3281 = ORIENTED_EDGE ( 'NONE', *, *, #6089, .F. ) ;
#3282 =( GEOMETRIC_REPRESENTATION_CONTEXT ( 3 ) GLOBAL_UNCERTAINTY_ASSIGNED_CONTEXT ( ( #6070 ) ) GLOBAL_UNIT_ASSIGNED_CONTEXT ( ( #1443, #4827, #3594 ) ) REPRESENTATION_CONTEXT ( 'NONE', 'WORKASPACE' ) );
#3283 = FILL_AREA_STYLE ('',( #1466 ) ) ;
#3284 = PRESENTATION_STYLE_ASSIGNMENT (( #6911 ) ) ;
#3285 = PRESENTATION_LAYER_ASSIGNMENT (  '', '', ( #5705 ) ) ;
#3286 = DIRECTION ( 'NONE',  ( -1.457750820148577388E-16, 1.000000000000000000, 0.0000000000000000000 ) ) ;
#3287 =( LENGTH_UNIT ( ) NAMED_UNIT ( * ) SI_UNIT ( .MILLI., .METRE. ) );
#3288 = LINE ( 'NONE', #3170, #3360 ) ;
#3289 = PLANE ( 'NONE',  #3753 ) ;
#3290 = VERTEX_POINT ( 'NONE', #4373 ) ;
#3291 = CARTESIAN_POINT ( 'NONE',  ( -0.2499999999999997780, 4.999999999999999112, 0.2500000000000002220 ) ) ;
#3292 = COLOUR_RGB ( '',1.000000000000000000, 1.000000000000000000, 1.000000000000000000 ) ;
#3293 = FACE_OUTER_BOUND ( 'NONE', #3680, .T. ) ;
#3294 = UNCERTAINTY_MEASURE_WITH_UNIT (LENGTH_MEASURE( 1.000000000000000082E-05 ), #1784, 'distance_accuracy_value', 'NONE');
#3295 = DIRECTION ( 'NONE',  ( -0.0000000000000000000, 0.0000000000000000000, 1.000000000000000000 ) ) ;
#3296 = EDGE_CURVE ( 'NONE', #5130, #6796, #666, .T. ) ;
#3297 = FILL_AREA_STYLE_COLOUR ( '', #346 ) ;
#3298 = ORIENTED_EDGE ( 'NONE', *, *, #5360, .T. ) ;
#3299 = ORIENTED_EDGE ( 'NONE', *, *, #5839, .T. ) ;
#3300 = PRESENTATION_STYLE_ASSIGNMENT (( #5724 ) ) ;
#3301 = SURFACE_STYLE_FILL_AREA ( #3858 ) ;
#3302 = LINE ( 'NONE', #6491, #6756 ) ;
#3303 = DIRECTION ( 'NONE',  ( 9.103382349328301547E-49, 2.350988701644575016E-32, 1.000000000000000000 ) ) ;
#3304 = EDGE_CURVE ( 'NONE', #6980, #658, #1802, .T. ) ;
#3305 = PRESENTATION_STYLE_ASSIGNMENT (( #7039 ) ) ;
#3306 = FILL_AREA_STYLE ('',( #3863 ) ) ;
#3307 = CARTESIAN_POINT ( 'NONE',  ( -0.1499999999999969136, 5.100000000000001421, 0.1499999999999973577 ) ) ;
#3308 = CARTESIAN_POINT ( 'NONE',  ( -1.950000000000000178, -3.399999999999999911, -2.800000000000000266 ) ) ;
#3309 = DIRECTION ( 'NONE',  ( -2.786356979726905653E-31, 1.000000000000000000, -5.782411586589359611E-16 ) ) ;
#3310 = DIRECTION ( 'NONE',  ( 1.000000000000000000, -5.421010862427522170E-17, 0.0000000000000000000 ) ) ;
#3311 = PLANE ( 'NONE',  #6448 ) ;
#3312 = VERTEX_POINT ( 'NONE', #4249 ) ;
#3313 =( NAMED_UNIT ( * ) PLANE_ANGLE_UNIT ( ) SI_UNIT ( $, .RADIAN. ) );
#3314 = CARTESIAN_POINT ( 'NONE',  ( 2.050000000000000266, 3.149999999999999023, -2.050000000000001599 ) ) ;
#3315 = PRESENTATION_STYLE_ASSIGNMENT (( #3801 ) ) ;
#3316 = AXIS2_PLACEMENT_3D ( 'NONE', #1248, #7366, #6158 ) ;
#3317 = CARTESIAN_POINT ( 'NONE',  ( 8.250000000000000000, -3.299999999999998490, 0.2500000000000002220 ) ) ;
#3318 =( GEOMETRIC_REPRESENTATION_CONTEXT ( 3 ) GLOBAL_UNCERTAINTY_ASSIGNED_CONTEXT ( ( #7252 ) ) GLOBAL_UNIT_ASSIGNED_CONTEXT ( ( #2150, #867, #5060 ) ) REPRESENTATION_CONTEXT ( 'NONE', 'WORKASPACE' ) );
#3319 = PLANE ( 'NONE',  #320 ) ;
#3320 = SURFACE_SIDE_STYLE ('',( #6913 ) ) ;
#3321 = CARTESIAN_POINT ( 'NONE',  ( 3.299999999999999378, 0.2000000000000000389, -2.800000000000000266 ) ) ;
#3322 = ORIENTED_EDGE ( 'NONE', *, *, #4299, .T. ) ;
#3323 = ORIENTED_EDGE ( 'NONE', *, *, #6508, .T. ) ;
#3324 = VECTOR ( 'NONE', #3967, 1000.000000000000000 ) ;
#3325 = LINE ( 'NONE', #4037, #939 ) ;
#3326 =( NAMED_UNIT ( * ) SI_UNIT ( $, .STERADIAN. ) SOLID_ANGLE_UNIT ( ) );
#3327 = DIRECTION ( 'NONE',  ( -5.421010862427522170E-17, -1.000000000000000000, 2.350988701644575016E-32 ) ) ;
#3328 =( NAMED_UNIT ( * ) PLANE_ANGLE_UNIT ( ) SI_UNIT ( $, .RADIAN. ) );
#3329 = VERTEX_POINT ( 'NONE', #2549 ) ;
#3330 = LINE ( 'NONE', #5848, #376 ) ;
#3331 = ADVANCED_FACE ( 'NONE', ( #627, #3104 ), #1340, .F. ) ;
#3332 = UNCERTAINTY_MEASURE_WITH_UNIT (LENGTH_MEASURE( 1.000000000000000082E-05 ), #1928, 'distance_accuracy_value', 'NONE');
#3333 = VECTOR ( 'NONE', #6818, 1000.000000000000114 ) ;
#3334 = FACE_OUTER_BOUND ( 'NONE', #4489, .T. ) ;
#3335 = CARTESIAN_POINT ( 'NONE',  ( 0.2499999999999997780, -3.399999999999999911, 0.2500000000000002220 ) ) ;
#3336 = ORIENTED_EDGE ( 'NONE', *, *, #754, .F. ) ;
#3337 =( LENGTH_UNIT ( ) NAMED_UNIT ( * ) SI_UNIT ( .MILLI., .METRE. ) );
#3338 = DIRECTION ( 'NONE',  ( -0.7071067811865473507, 0.7071067811865477948, -0.0000000000000000000 ) ) ;
#3339 = FILL_AREA_STYLE ('',( #6306 ) ) ;
#3340 = STYLED_ITEM ( 'NONE', ( #85 ), #5080 ) ;
#3341 = CARTESIAN_POINT ( 'NONE',  ( 2.750000000000000444, 3.399999999999999467, -2.350000000000001421 ) ) ;
#3342 = FILL_AREA_STYLE_COLOUR ( '', #1401 ) ;
#3343 = EDGE_CURVE ( 'NONE', #2452, #778, #6047, .T. ) ;
#3344 = LINE ( 'NONE', #2676, #4529 ) ;
#3345 = SURFACE_STYLE_USAGE ( .BOTH. , #1351 ) ;
#3346 = CARTESIAN_POINT ( 'NONE',  ( -1.949999999999999956, 0.0000000000000000000, 1.700000000000000178 ) ) ;
#3347 = VECTOR ( 'NONE', #7372, 1000.000000000000000 ) ;
#3348 = EDGE_CURVE ( 'NONE', #5835, #3208, #3730, .T. ) ;
#3349 = ORIENTED_EDGE ( 'NONE', *, *, #5275, .F. ) ;
#3350 =( LENGTH_UNIT ( ) NAMED_UNIT ( * ) SI_UNIT ( .MILLI., .METRE. ) );
#3351 = LINE ( 'NONE', #4471, #2960 ) ;
#3352 = SURFACE_STYLE_USAGE ( .BOTH. , #1647 ) ;
#3353 = ADVANCED_FACE ( 'NONE', ( #1220, #6180 ), #3616, .F. ) ;
#3354 =( NAMED_UNIT ( * ) PLANE_ANGLE_UNIT ( ) SI_UNIT ( $, .RADIAN. ) );
#3355 = MECHANICAL_DESIGN_GEOMETRIC_PRESENTATION_REPRESENTATION (  '', ( #3723 ), #6037 ) ;
#3356 = CARTESIAN_POINT ( 'NONE',  ( -1.949999999999999956, 6.000000000000000000, -2.800000000000000266 ) ) ;
#3357 = FACE_OUTER_BOUND ( 'NONE', #1722, .T. ) ;
#3358 = CARTESIAN_POINT ( 'NONE',  ( 4.750000000000000888, 1.149999999999999911, -2.050000000000001599 ) ) ;
#3359 =( LENGTH_UNIT ( ) NAMED_UNIT ( * ) SI_UNIT ( .MILLI., .METRE. ) );
#3360 = VECTOR ( 'NONE', #6247, 1000.000000000000000 ) ;
#3361 = VECTOR ( 'NONE', #61, 1000.000000000000000 ) ;
#3362 = ORIENTED_EDGE ( 'NONE', *, *, #4164, .T. ) ;
#3363 = CARTESIAN_POINT ( 'NONE',  ( 0.6999999999999992895, 0.1999999999999999833, -2.800000000000000266 ) ) ;
#3364 = SURFACE_STYLE_USAGE ( .BOTH. , #1582 ) ;
#3365 = VECTOR ( 'NONE', #7579, 1000.000000000000000 ) ;
#3366 = STYLED_ITEM ( 'NONE', ( #7823 ), #4701 ) ;
#3367 = LINE ( 'NONE', #3933, #7589 ) ;
#3368 = SURFACE_STYLE_FILL_AREA ( #920 ) ;
#3369 = ORIENTED_EDGE ( 'NONE', *, *, #3379, .F. ) ;
#3370 = VECTOR ( 'NONE', #7142, 1000.000000000000000 ) ;
#3371 = AXIS2_PLACEMENT_3D ( 'NONE', #494, #6679, #2497 ) ;
#3372 = SURFACE_STYLE_USAGE ( .BOTH. , #1545 ) ;
#3373 = PRESENTATION_STYLE_ASSIGNMENT (( #4566 ) ) ;
#3374 = MECHANICAL_DESIGN_GEOMETRIC_PRESENTATION_REPRESENTATION (  '', ( #2096 ), #826 ) ;
#3375 = VECTOR ( 'NONE', #2962, 1000.000000000000227 ) ;
#3376 = PLANE ( 'NONE',  #1680 ) ;
#3377 = SURFACE_STYLE_FILL_AREA ( #305 ) ;
#3378 = ORIENTED_EDGE ( 'NONE', *, *, #5461, .T. ) ;
#3379 = EDGE_CURVE ( 'NONE', #548, #7706, #6970, .T. ) ;
#3380 = SURFACE_SIDE_STYLE ('',( #6494 ) ) ;
#3381 =( NAMED_UNIT ( * ) PLANE_ANGLE_UNIT ( ) SI_UNIT ( $, .RADIAN. ) );
#3382 = COLOUR_RGB ( '',1.000000000000000000, 0.8117647058823529438, 0.5019607843137254832 ) ;
#3383 = SURFACE_SIDE_STYLE ('',( #1521 ) ) ;
#3384 = FACE_OUTER_BOUND ( 'NONE', #4113, .T. ) ;
#3385 = UNCERTAINTY_MEASURE_WITH_UNIT (LENGTH_MEASURE( 1.000000000000000082E-05 ), #1268, 'distance_accuracy_value', 'NONE');
#3386 = EDGE_CURVE ( 'NONE', #2965, #4025, #1415, .T. ) ;
#3387 =( GEOMETRIC_REPRESENTATION_CONTEXT ( 3 ) GLOBAL_UNCERTAINTY_ASSIGNED_CONTEXT ( ( #899 ) ) GLOBAL_UNIT_ASSIGNED_CONTEXT ( ( #4437, #241, #1460 ) ) REPRESENTATION_CONTEXT ( 'NONE', 'WORKASPACE' ) );
#3388 = PLANE ( 'NONE',  #5670 ) ;
#3389 = FILL_AREA_STYLE_COLOUR ( '', #7633 ) ;
#3390 = ADVANCED_FACE ( 'NONE', ( #863 ), #4494, .F. ) ;
#3391 = MECHANICAL_DESIGN_GEOMETRIC_PRESENTATION_REPRESENTATION (  '', ( #6697 ), #960 ) ;
#3392 = EDGE_LOOP ( 'NONE', ( #6950, #1710, #4561, #1367 ) ) ;
#3393 = ORIENTED_EDGE ( 'NONE', *, *, #4904, .T. ) ;
#3394 =( NAMED_UNIT ( * ) SI_UNIT ( $, .STERADIAN. ) SOLID_ANGLE_UNIT ( ) );
#3395 =( NAMED_UNIT ( * ) SI_UNIT ( $, .STERADIAN. ) SOLID_ANGLE_UNIT ( ) );
#3396 = PRESENTATION_LAYER_ASSIGNMENT (  '', '', ( #1714 ) ) ;
#3397 = ADVANCED_FACE ( 'NONE', ( #7584, #1491 ), #3947, .F. ) ;
#3398 = MECHANICAL_DESIGN_GEOMETRIC_PRESENTATION_REPRESENTATION (  '', ( #5941 ), #837 ) ;
#3399 = CARTESIAN_POINT ( 'NONE',  ( 0.2500000000000002220, 4.999999999999999112, -0.2499999999999997780 ) ) ;
#3400 = VECTOR ( 'NONE', #6672, 1000.000000000000000 ) ;
#3401 = FILL_AREA_STYLE_COLOUR ( '', #6945 ) ;
#3402 = VECTOR ( 'NONE', #5732, 1000.000000000000000 ) ;
#3403 = ORIENTED_EDGE ( 'NONE', *, *, #811, .T. ) ;
#3404 = EDGE_CURVE ( 'NONE', #1284, #5595, #7791, .T. ) ;
#3405 = CARTESIAN_POINT ( 'NONE',  ( -1.949999999999999956, 0.0000000000000000000, 1.700000000000000178 ) ) ;
#3406 = ORIENTED_EDGE ( 'NONE', *, *, #458, .T. ) ;
#3407 = ORIENTED_EDGE ( 'NONE', *, *, #1720, .T. ) ;
#3408 = DIRECTION ( 'NONE',  ( 0.0000000000000000000, 0.0000000000000000000, -1.000000000000000000 ) ) ;
#3409 = AXIS2_PLACEMENT_3D ( 'NONE', #4865, #2916, #3660 ) ;
#3410 =( GEOMETRIC_REPRESENTATION_CONTEXT ( 3 ) GLOBAL_UNCERTAINTY_ASSIGNED_CONTEXT ( ( #4731 ) ) GLOBAL_UNIT_ASSIGNED_CONTEXT ( ( #4901, #6106, #4823 ) ) REPRESENTATION_CONTEXT ( 'NONE', 'WORKASPACE' ) );
#3411 = MECHANICAL_DESIGN_GEOMETRIC_PRESENTATION_REPRESENTATION (  '', ( #5826 ), #3025 ) ;
#3412 = ORIENTED_EDGE ( 'NONE', *, *, #6757, .F. ) ;
#3413 = SURFACE_STYLE_USAGE ( .BOTH. , #2814 ) ;
#3414 = EDGE_LOOP ( 'NONE', ( #965, #5530, #7803, #4555 ) ) ;
#3415 = DIRECTION ( 'NONE',  ( -3.833233541708466776E-17, -0.7071067811865533459, 0.7071067811865416886 ) ) ;
#3416 = PRESENTATION_STYLE_ASSIGNMENT (( #3372 ) ) ;
#3417 = SURFACE_STYLE_FILL_AREA ( #5846 ) ;
#3418 = CARTESIAN_POINT ( 'NONE',  ( 2.250000000000000000, 0.2000000000000000111, -0.2499999999999997780 ) ) ;
#3419 = CARTESIAN_POINT ( 'NONE',  ( 3.750000000000000444, -3.399999999999999911, -0.2499999999999997780 ) ) ;
#3420 = ORIENTED_EDGE ( 'NONE', *, *, #5719, .F. ) ;
#3421 = DIRECTION ( 'NONE',  ( 1.000000000000000000, -5.421010862427522170E-17, 0.0000000000000000000 ) ) ;
#3422 = SURFACE_STYLE_USAGE ( .BOTH. , #973 ) ;
#3423 = PLANE ( 'NONE',  #3149 ) ;
#3424 =( LENGTH_UNIT ( ) NAMED_UNIT ( * ) SI_UNIT ( .MILLI., .METRE. ) );
#3425 = CARTESIAN_POINT ( 'NONE',  ( 7.750000000000000000, -3.299999999999998490, -0.2499999999999997780 ) ) ;
#3426 = FILL_AREA_STYLE_COLOUR ( '', #3896 ) ;
#3427 = PLANE ( 'NONE',  #2748 ) ;
#3428 = CARTESIAN_POINT ( 'NONE',  ( 6.249999999999998224, -3.399999999999999911, 0.2500000000000002220 ) ) ;
#3429 = ORIENTED_EDGE ( 'NONE', *, *, #6378, .F. ) ;
#3430 = PLANE ( 'NONE',  #7084 ) ;
#3431 = LINE ( 'NONE', #244, #1929 ) ;
#3432 = ORIENTED_EDGE ( 'NONE', *, *, #4982, .F. ) ;
#3433 =( NAMED_UNIT ( * ) PLANE_ANGLE_UNIT ( ) SI_UNIT ( $, .RADIAN. ) );
#3434 = EDGE_CURVE ( 'NONE', #5617, #876, #2212, .T. ) ;
#3435 = CARTESIAN_POINT ( 'NONE',  ( 9.950000000000001066, 1.380000000000002558, 1.700000000000000178 ) ) ;
#3436 =( NAMED_UNIT ( * ) PLANE_ANGLE_UNIT ( ) SI_UNIT ( $, .RADIAN. ) );
#3437 = LINE ( 'NONE', #4622, #5491 ) ;
#3438 = FILL_AREA_STYLE ('',( #6513 ) ) ;
#3439 = SURFACE_STYLE_FILL_AREA ( #6514 ) ;
#3440 = ORIENTED_EDGE ( 'NONE', *, *, #6118, .T. ) ;
#3441 = VERTEX_POINT ( 'NONE', #1632 ) ;
#3442 = ORIENTED_EDGE ( 'NONE', *, *, #406, .T. ) ;
#3443 =( LENGTH_UNIT ( ) NAMED_UNIT ( * ) SI_UNIT ( .MILLI., .METRE. ) );
#3444 = EDGE_CURVE ( 'NONE', #4093, #1115, #1550, .T. ) ;
#3445 = ORIENTED_EDGE ( 'NONE', *, *, #3946, .T. ) ;
#3446 = DIRECTION ( 'NONE',  ( -1.000000000000000000, 3.872150616019660190E-17, 0.0000000000000000000 ) ) ;
#3447 = ADVANCED_FACE ( 'NONE', ( #7040 ), #3458, .T. ) ;
#3448 = DIRECTION ( 'NONE',  ( 1.000000000000000000, 1.927470528863119542E-16, -0.0000000000000000000 ) ) ;
#3449 = CARTESIAN_POINT ( 'NONE',  ( 9.350000000000001421, 6.000000000000000000, 0.3200000000000012834 ) ) ;
#3450 = AXIS2_PLACEMENT_3D ( 'NONE', #3888, #7028, #919 ) ;
#3451 = PRESENTATION_STYLE_ASSIGNMENT (( #3413 ) ) ;
#3452 = ORIENTED_EDGE ( 'NONE', *, *, #655, .T. ) ;
#3453 = FILL_AREA_STYLE_COLOUR ( '', #6549 ) ;
#3454 = EDGE_CURVE ( 'NONE', #5181, #5835, #7089, .T. ) ;
#3455 = COLOUR_RGB ( '',1.000000000000000000, 1.000000000000000000, 1.000000000000000000 ) ;
#3456 = CARTESIAN_POINT ( 'NONE',  ( 7.249999999999999112, 3.149999999999999023, -2.050000000000001599 ) ) ;
#3457 = MECHANICAL_DESIGN_GEOMETRIC_PRESENTATION_REPRESENTATION (  '', ( #2698 ), #2444 ) ;
#3458 = PLANE ( 'NONE',  #3493 ) ;
#3459 = CARTESIAN_POINT ( 'NONE',  ( 4.699999999999999289, 0.0000000000000000000, -2.800000000000000266 ) ) ;
#3460 = CARTESIAN_POINT ( 'NONE',  ( -1.350000000000000089, 1.799999999999999600, 1.249999999999997558 ) ) ;
#3461 = ORIENTED_EDGE ( 'NONE', *, *, #6081, .F. ) ;
#3462 = PRESENTATION_LAYER_ASSIGNMENT (  '', '', ( #784 ) ) ;
#3463 = PRESENTATION_LAYER_ASSIGNMENT (  '', '', ( #7289 ) ) ;
#3464 = LINE ( 'NONE', #5861, #2367 ) ;
#3465 = ORIENTED_EDGE ( 'NONE', *, *, #7896, .T. ) ;
#3466 = DIRECTION ( 'NONE',  ( 1.000000000000000000, -3.872150616019661422E-17, 0.0000000000000000000 ) ) ;
#3467 = DIRECTION ( 'NONE',  ( 6.079638350386007117E-17, 0.0000000000000000000, -1.000000000000000000 ) ) ;
#3468 = DIRECTION ( 'NONE',  ( 0.5773502691896272854, -0.5773502691896222894, 0.5773502691896277295 ) ) ;
#3469 = SURFACE_STYLE_USAGE ( .BOTH. , #1022 ) ;
#3470 = FACE_OUTER_BOUND ( 'NONE', #7214, .T. ) ;
#3471 = ORIENTED_EDGE ( 'NONE', *, *, #6477, .T. ) ;
#3472 = EDGE_CURVE ( 'NONE', #777, #697, #5852, .T. ) ;
#3473 = EDGE_LOOP ( 'NONE', ( #6708, #7815, #3883, #337 ) ) ;
#3474 = CARTESIAN_POINT ( 'NONE',  ( 2.699999999999999734, 0.1999999999999999833, -2.800000000000000266 ) ) ;
#3475 = DIRECTION ( 'NONE',  ( 3.872150616019660190E-17, 1.000000000000000000, -0.0000000000000000000 ) ) ;
#3476 = FILL_AREA_STYLE ('',( #5265 ) ) ;
#3477 =( NAMED_UNIT ( * ) PLANE_ANGLE_UNIT ( ) SI_UNIT ( $, .RADIAN. ) );
#3478 = COLOUR_RGB ( '',1.000000000000000000, 1.000000000000000000, 1.000000000000000000 ) ;
#3479 = EDGE_CURVE ( 'NONE', #7201, #3036, #4727, .T. ) ;
#3480 = DIRECTION ( 'NONE',  ( 1.000000000000000000, 1.095153709581317921E-16, 0.0000000000000000000 ) ) ;
#3481 = CARTESIAN_POINT ( 'NONE',  ( -1.350000000000000089, 6.000000000000000000, 1.599999999999997202 ) ) ;
#3482 = DIRECTION ( 'NONE',  ( 0.5773502691896275074, -0.5773502691896200689, -0.5773502691896296168 ) ) ;
#3483 = EDGE_CURVE ( 'NONE', #3081, #4025, #7756, .T. ) ;
#3484 = ORIENTED_EDGE ( 'NONE', *, *, #6659, .F. ) ;
#3485 = DIRECTION ( 'NONE',  ( 1.000000000000000000, -5.421010862427522170E-17, 0.0000000000000000000 ) ) ;
#3486 = PRESENTATION_LAYER_ASSIGNMENT (  '', '', ( #2852 ) ) ;
#3487 = AXIS2_PLACEMENT_3D ( 'NONE', #3710, #689, #3759 ) ;
#3488 = SURFACE_SIDE_STYLE ('',( #7905 ) ) ;
#3489 = EDGE_CURVE ( 'NONE', #437, #6851, #462, .T. ) ;
#3490 = FILL_AREA_STYLE ('',( #5814 ) ) ;
#3491 = DIRECTION ( 'NONE',  ( 1.000000000000000000, -5.421010862427522170E-17, 0.0000000000000000000 ) ) ;
#3492 = SURFACE_STYLE_FILL_AREA ( #1129 ) ;
#3493 = AXIS2_PLACEMENT_3D ( 'NONE', #3978, #2179, #3421 ) ;
#3494 = ORIENTED_EDGE ( 'NONE', *, *, #7853, .F. ) ;
#3495 =( NAMED_UNIT ( * ) SI_UNIT ( $, .STERADIAN. ) SOLID_ANGLE_UNIT ( ) );
#3496 = LINE ( 'NONE', #5939, #2634 ) ;
#3497 = VECTOR ( 'NONE', #119, 1000.000000000000000 ) ;
#3498 = FILL_AREA_STYLE_COLOUR ( '', #1361 ) ;
#3499 = MECHANICAL_DESIGN_GEOMETRIC_PRESENTATION_REPRESENTATION (  '', ( #3758 ), #2744 ) ;
#3500 = PLANE ( 'NONE',  #5041 ) ;
#3501 = UNCERTAINTY_MEASURE_WITH_UNIT (LENGTH_MEASURE( 1.000000000000000082E-05 ), #5144, 'distance_accuracy_value', 'NONE');
#3502 = VERTEX_POINT ( 'NONE', #2900 ) ;
#3503 = VERTEX_POINT ( 'NONE', #7158 ) ;
#3504 = CARTESIAN_POINT ( 'NONE',  ( 7.750000000000000000, -3.399999999999999911, 0.2500000000000002220 ) ) ;
#3505 = CARTESIAN_POINT ( 'NONE',  ( 6.750000000000000888, 1.149999999999999911, -2.050000000000001599 ) ) ;
#3506 = CARTESIAN_POINT ( 'NONE',  ( -1.950000000000000400, 0.8200000000000003952, 1.300000000000000044 ) ) ;
#3507 = ORIENTED_EDGE ( 'NONE', *, *, #6468, .T. ) ;
#3508 = COLOUR_RGB ( '',1.000000000000000000, 1.000000000000000000, 1.000000000000000000 ) ;
#3509 = VECTOR ( 'NONE', #3954, 1000.000000000000114 ) ;
#3510 = DIRECTION ( 'NONE',  ( -1.000000000000000000, 3.872150616019661422E-17, 0.0000000000000000000 ) ) ;
#3511 = MECHANICAL_DESIGN_GEOMETRIC_PRESENTATION_REPRESENTATION (  '', ( #2498 ), #4119 ) ;
#3512 = DIRECTION ( 'NONE',  ( 0.0000000000000000000, 0.0000000000000000000, 1.000000000000000000 ) ) ;
#3513 = LINE ( 'NONE', #7806, #472 ) ;
#3514 = VECTOR ( 'NONE', #7031, 1000.000000000000000 ) ;
#3515 =( NAMED_UNIT ( * ) SI_UNIT ( $, .STERADIAN. ) SOLID_ANGLE_UNIT ( ) );
#3516 = EDGE_LOOP ( 'NONE', ( #7440, #5672, #5313, #6446 ) ) ;
#3517 = PRESENTATION_LAYER_ASSIGNMENT (  '', '', ( #587 ) ) ;
#3518 = ORIENTED_EDGE ( 'NONE', *, *, #6412, .F. ) ;
#3519 = SURFACE_SIDE_STYLE ('',( #7731 ) ) ;
#3520 = CARTESIAN_POINT ( 'NONE',  ( 1.250000000000000666, 3.149999999999999023, -2.050000000000001599 ) ) ;
#3521 = PRESENTATION_STYLE_ASSIGNMENT (( #7785 ) ) ;
#3522 = STYLED_ITEM ( 'NONE', ( #6308 ), #763 ) ;
#3523 = EDGE_CURVE ( 'NONE', #6063, #5983, #1675, .T. ) ;
#3524 = CARTESIAN_POINT ( 'NONE',  ( 5.250000000000000888, 3.399999999999999467, -2.350000000000001865 ) ) ;
#3525 =( LENGTH_UNIT ( ) NAMED_UNIT ( * ) SI_UNIT ( .MILLI., .METRE. ) );
#3526 = DIRECTION ( 'NONE',  ( -1.000000000000000000, 0.0000000000000000000, 0.0000000000000000000 ) ) ;
#3527 = ORIENTED_EDGE ( 'NONE', *, *, #7298, .F. ) ;
#3528 = CARTESIAN_POINT ( 'NONE',  ( 2.149999999999997691, 5.100000000000001421, 0.1499999999999973577 ) ) ;
#3529 =( NAMED_UNIT ( * ) SI_UNIT ( $, .STERADIAN. ) SOLID_ANGLE_UNIT ( ) );
#3530 = AXIS2_PLACEMENT_3D ( 'NONE', #3937, #4524, #6334 ) ;
#3531 = MECHANICAL_DESIGN_GEOMETRIC_PRESENTATION_REPRESENTATION (  '', ( #221 ), #7628 ) ;
#3532 = ADVANCED_FACE ( 'NONE', ( #1083 ), #495, .T. ) ;
#3533 = LINE ( 'NONE', #1121, #6427 ) ;
#3534 = VECTOR ( 'NONE', #2013, 1000.000000000000000 ) ;
#3535 = ORIENTED_EDGE ( 'NONE', *, *, #60, .T. ) ;
#3536 = EDGE_LOOP ( 'NONE', ( #516, #3440, #5988, #1502 ) ) ;
#3537 = DIRECTION ( 'NONE',  ( 3.872150616019661422E-17, 1.000000000000000000, 0.0000000000000000000 ) ) ;
#3538 = ORIENTED_EDGE ( 'NONE', *, *, #1173, .T. ) ;
#3539 = CARTESIAN_POINT ( 'NONE',  ( 1.300000000000000044, 0.2000000000000000389, 1.700000000000000178 ) ) ;
#3540 =( NAMED_UNIT ( * ) SI_UNIT ( $, .STERADIAN. ) SOLID_ANGLE_UNIT ( ) );
#3541 = PLANE ( 'NONE',  #4329 ) ;
#3542 = MECHANICAL_DESIGN_GEOMETRIC_PRESENTATION_REPRESENTATION (  '', ( #2530 ), #100 ) ;
#3543 = EDGE_CURVE ( 'NONE', #2536, #2384, #2737, .T. ) ;
#3544 = UNCERTAINTY_MEASURE_WITH_UNIT (LENGTH_MEASURE( 1.000000000000000082E-05 ), #352, 'distance_accuracy_value', 'NONE');
#3545 = FACE_OUTER_BOUND ( 'NONE', #4628, .T. ) ;
#3546 = SURFACE_SIDE_STYLE ('',( #5291 ) ) ;
#3547 = ORIENTED_EDGE ( 'NONE', *, *, #5136, .T. ) ;
#3548 = LINE ( 'NONE', #2947, #3909 ) ;
#3549 = LINE ( 'NONE', #5985, #4094 ) ;
#3550 = ORIENTED_EDGE ( 'NONE', *, *, #6015, .T. ) ;
#3551 = CARTESIAN_POINT ( 'NONE',  ( 2.699999999999999734, 0.1999999999999999833, 1.700000000000000178 ) ) ;
#3552 =( NAMED_UNIT ( * ) PLANE_ANGLE_UNIT ( ) SI_UNIT ( $, .RADIAN. ) );
#3553 = PLANE ( 'NONE',  #4677 ) ;
#3554 = APPLICATION_PROTOCOL_DEFINITION ( 'draft international standard', 'automotive_design', 1998, #4884 ) ;
#3555 = SURFACE_SIDE_STYLE ('',( #3439 ) ) ;
#3556 = ORIENTED_EDGE ( 'NONE', *, *, #1088, .T. ) ;
#3557 = DIRECTION ( 'NONE',  ( -0.0000000000000000000, -0.0000000000000000000, 1.000000000000000000 ) ) ;
#3558 = VERTEX_POINT ( 'NONE', #18 ) ;
#3559 = PRESENTATION_STYLE_ASSIGNMENT (( #4107 ) ) ;
#3560 = VERTEX_POINT ( 'NONE', #1760 ) ;
#3561 = SURFACE_STYLE_FILL_AREA ( #1584 ) ;
#3562 = CARTESIAN_POINT ( 'NONE',  ( 5.750000000000001776, 4.999999999999999112, 0.2500000000000002220 ) ) ;
#3563 = SURFACE_SIDE_STYLE ('',( #6604 ) ) ;
#3564 =( NAMED_UNIT ( * ) PLANE_ANGLE_UNIT ( ) SI_UNIT ( $, .RADIAN. ) );
#3565 = EDGE_LOOP ( 'NONE', ( #7555, #5352, #1967, #6828, #2061 ) ) ;
#3566 = PRESENTATION_LAYER_ASSIGNMENT (  '', '', ( #7000 ) ) ;
#3567 = FACE_OUTER_BOUND ( 'NONE', #5673, .T. ) ;
#3568 = ORIENTED_EDGE ( 'NONE', *, *, #703, .T. ) ;
#3569 = SURFACE_SIDE_STYLE ('',( #5349 ) ) ;
#3570 = DIRECTION ( 'NONE',  ( 0.0000000000000000000, -0.0000000000000000000, 1.000000000000000000 ) ) ;
#3571 = ORIENTED_EDGE ( 'NONE', *, *, #6273, .T. ) ;
#3572 = PRESENTATION_LAYER_ASSIGNMENT (  '', '', ( #5346 ) ) ;
#3574 = EDGE_CURVE ( 'NONE', #5971, #3945, #5512, .T. ) ;
#3573 = CARTESIAN_POINT ( 'NONE',  ( -1.949999999999999956, 0.0000000000000000000, -2.800000000000000266 ) ) ;
#3575 = DIRECTION ( 'NONE',  ( 4.336808689942017736E-16, 0.0000000000000000000, 1.000000000000000000 ) ) ;
#3576 = MECHANICAL_DESIGN_GEOMETRIC_PRESENTATION_REPRESENTATION (  '', ( #7679 ), #3074 ) ;
#3577 = SURFACE_STYLE_USAGE ( .BOTH. , #4695 ) ;
#3578 = SURFACE_STYLE_FILL_AREA ( #2424 ) ;
#3579 = VECTOR ( 'NONE', #7464, 1000.000000000000000 ) ;
#3580 = LINE ( 'NONE', #1642, #958 ) ;
#3581 = ADVANCED_FACE ( 'NONE', ( #7282 ), #696, .T. ) ;
#3582 = UNCERTAINTY_MEASURE_WITH_UNIT (LENGTH_MEASURE( 1.000000000000000082E-05 ), #3655, 'distance_accuracy_value', 'NONE');
#3583 = ORIENTED_EDGE ( 'NONE', *, *, #5829, .T. ) ;
#3585 = EDGE_CURVE ( 'NONE', #3952, #5139, #3679, .T. ) ;
#3584 = VERTEX_POINT ( 'NONE', #103 ) ;
#3586 = CARTESIAN_POINT ( 'NONE',  ( -1.180000000000000160, 2.250000000000000000, 1.700000000000000178 ) ) ;
#3587 = CARTESIAN_POINT ( 'NONE',  ( 6.249999999999998224, 1.800000000000000044, -0.2499999999999997780 ) ) ;
#3588 = EDGE_LOOP ( 'NONE', ( #2381, #3997, #3824, #1819 ) ) ;
#3589 = UNCERTAINTY_MEASURE_WITH_UNIT (LENGTH_MEASURE( 1.000000000000000082E-05 ), #5928, 'distance_accuracy_value', 'NONE');
#3590 = SURFACE_STYLE_FILL_AREA ( #1938 ) ;
#3591 = DIRECTION ( 'NONE',  ( 3.872150616019660190E-17, 1.000000000000000000, -0.0000000000000000000 ) ) ;
#3593 = EDGE_CURVE ( 'NONE', #7745, #506, #3093, .T. ) ;
#3592 = ORIENTED_EDGE ( 'NONE', *, *, #3489, .F. ) ;
#3594 =( NAMED_UNIT ( * ) SI_UNIT ( $, .STERADIAN. ) SOLID_ANGLE_UNIT ( ) );
#3595 = VERTEX_POINT ( 'NONE', #3134 ) ;
#3596 =( NAMED_UNIT ( * ) PLANE_ANGLE_UNIT ( ) SI_UNIT ( $, .RADIAN. ) );
#3597 = LINE ( 'NONE', #562, #5228 ) ;
#3598 = DIRECTION ( 'NONE',  ( -1.000000000000000000, 5.421010862427522170E-17, 0.0000000000000000000 ) ) ;
#3599 = ORIENTED_EDGE ( 'NONE', *, *, #2425, .F. ) ;
#3600 =( NAMED_UNIT ( * ) PLANE_ANGLE_UNIT ( ) SI_UNIT ( $, .RADIAN. ) );
#3601 = PRESENTATION_LAYER_ASSIGNMENT (  '', '', ( #7038 ) ) ;
#3602 = SURFACE_SIDE_STYLE ('',( #7789 ) ) ;
#3603 = MANIFOLD_SOLID_BREP ( 'Вырез-Вытянуть10', #1236 ) ;
#3604 = CARTESIAN_POINT ( 'NONE',  ( 0.2500000000000002220, 4.999999999999999112, 0.2500000000000002220 ) ) ;
#3605 = FILL_AREA_STYLE ('',( #5468 ) ) ;
#3606 = ORIENTED_EDGE ( 'NONE', *, *, #6468, .F. ) ;
#3607 = ORIENTED_EDGE ( 'NONE', *, *, #881, .F. ) ;
#3608 = VECTOR ( 'NONE', #6296, 1000.000000000000000 ) ;
#3609 = ORIENTED_EDGE ( 'NONE', *, *, #7804, .T. ) ;
#3610 = SURFACE_STYLE_USAGE ( .BOTH. , #5473 ) ;
#3611 = CARTESIAN_POINT ( 'NONE',  ( 7.299999999999998934, 0.2000000000000000389, 0.2500000000000002220 ) ) ;
#3612 = CIRCLE ( 'NONE', #6932, 0.05000000000000019013 ) ;
#3613 = EDGE_CURVE ( 'NONE', #3643, #5627, #3646, .T. ) ;
#3614 =( NAMED_UNIT ( * ) SI_UNIT ( $, .STERADIAN. ) SOLID_ANGLE_UNIT ( ) );
#3615 = AXIS2_PLACEMENT_3D ( 'NONE', #6773, #7881, #3029 ) ;
#3616 = PLANE ( 'NONE',  #1825 ) ;
#3617 = LINE ( 'NONE', #3105, #5132 ) ;
#3618 = ORIENTED_EDGE ( 'NONE', *, *, #2184, .T. ) ;
#3619 = CARTESIAN_POINT ( 'NONE',  ( 0.08333333333333239890, 5.166666666666666075, -0.08333333333333195481 ) ) ;
#3620 = AXIS2_PLACEMENT_3D ( 'NONE', #1373, #3811, #3765 ) ;
#3621 = LINE ( 'NONE', #3505, #4099 ) ;
#3622 =( NAMED_UNIT ( * ) SI_UNIT ( $, .STERADIAN. ) SOLID_ANGLE_UNIT ( ) );
#3623 =( GEOMETRIC_REPRESENTATION_CONTEXT ( 3 ) GLOBAL_UNCERTAINTY_ASSIGNED_CONTEXT ( ( #7845 ) ) GLOBAL_UNIT_ASSIGNED_CONTEXT ( ( #3906, #3782, #2057 ) ) REPRESENTATION_CONTEXT ( 'NONE', 'WORKASPACE' ) );
#3624 =( GEOMETRIC_REPRESENTATION_CONTEXT ( 3 ) GLOBAL_UNCERTAINTY_ASSIGNED_CONTEXT ( ( #1005 ) ) GLOBAL_UNIT_ASSIGNED_CONTEXT ( ( #922, #3939, #3529 ) ) REPRESENTATION_CONTEXT ( 'NONE', 'WORKASPACE' ) );
#3625 = EDGE_CURVE ( 'NONE', #3560, #3737, #6218, .T. ) ;
#3626 = CARTESIAN_POINT ( 'NONE',  ( 0.2499999999999997780, -3.399999999999999911, -0.2499999999999997780 ) ) ;
#3627 = DIRECTION ( 'NONE',  ( -9.103382349328301547E-49, -2.350988701644575016E-32, -1.000000000000000000 ) ) ;
#3628 = ORIENTED_EDGE ( 'NONE', *, *, #7331, .T. ) ;
#3629 = EDGE_LOOP ( 'NONE', ( #3507, #7571, #1368, #7502, #5999 ) ) ;
#3630 = DIRECTION ( 'NONE',  ( 1.095153709581317798E-16, -1.000000000000000000, 0.0000000000000000000 ) ) ;
#3631 = FACE_OUTER_BOUND ( 'NONE', #6771, .T. ) ;
#3632 = VECTOR ( 'NONE', #7349, 1000.000000000000000 ) ;
#3633 = AXIS2_PLACEMENT_3D ( 'NONE', #4063, #5833, #5903 ) ;
#3634 =( NAMED_UNIT ( * ) PLANE_ANGLE_UNIT ( ) SI_UNIT ( $, .RADIAN. ) );
#3635 = EDGE_CURVE ( 'NONE', #4826, #2116, #2696, .T. ) ;
#3636 =( NAMED_UNIT ( * ) PLANE_ANGLE_UNIT ( ) SI_UNIT ( $, .RADIAN. ) );
#3637 = STYLED_ITEM ( 'NONE', ( #4930 ), #3331 ) ;
#3638 = LINE ( 'NONE', #7312, #549 ) ;
#3639 = ORIENTED_EDGE ( 'NONE', *, *, #3192, .F. ) ;
#3640 = CARTESIAN_POINT ( 'NONE',  ( -1.699999999999996181, 6.000000000000000000, -0.6800000000000000488 ) ) ;
#3641 = VECTOR ( 'NONE', #296, 1000.000000000000000 ) ;
#3642 = PLANE ( 'NONE',  #6501 ) ;
#3643 = VERTEX_POINT ( 'NONE', #6297 ) ;
#3644 = STYLED_ITEM ( 'NONE', ( #4461 ), #4209 ) ;
#3645 =( GEOMETRIC_REPRESENTATION_CONTEXT ( 3 ) GLOBAL_UNCERTAINTY_ASSIGNED_CONTEXT ( ( #3733 ) ) GLOBAL_UNIT_ASSIGNED_CONTEXT ( ( #7548, #6346, #148 ) ) REPRESENTATION_CONTEXT ( 'NONE', 'WORKASPACE' ) );
#3646 = LINE ( 'NONE', #1925, #1476 ) ;
#3647 = EDGE_LOOP ( 'NONE', ( #3977, #58, #7596, #4454 ) ) ;
#3648 = LINE ( 'NONE', #6729, #5259 ) ;
#3649 =( GEOMETRIC_REPRESENTATION_CONTEXT ( 3 ) GLOBAL_UNCERTAINTY_ASSIGNED_CONTEXT ( ( #4953 ) ) GLOBAL_UNIT_ASSIGNED_CONTEXT ( ( #3359, #2764, #7653 ) ) REPRESENTATION_CONTEXT ( 'NONE', 'WORKASPACE' ) );
#3650 = STYLED_ITEM ( 'NONE', ( #4381 ), #2132 ) ;
#3651 = UNCERTAINTY_MEASURE_WITH_UNIT (LENGTH_MEASURE( 1.000000000000000082E-05 ), #1514, 'distance_accuracy_value', 'NONE');
#3652 = MECHANICAL_DESIGN_GEOMETRIC_PRESENTATION_REPRESENTATION (  '', ( #7637 ), #232 ) ;
#3653 = VERTEX_POINT ( 'NONE', #2091 ) ;
#3654 = CARTESIAN_POINT ( 'NONE',  ( 8.679999999999999716, 4.230000000000000426, 1.599999999999999867 ) ) ;
#3655 =( LENGTH_UNIT ( ) NAMED_UNIT ( * ) SI_UNIT ( .MILLI., .METRE. ) );
#3656 = SURFACE_SIDE_STYLE ('',( #547 ) ) ;
#3657 = CARTESIAN_POINT ( 'NONE',  ( 6.249999999999998224, -3.299999999999998490, -0.2499999999999997780 ) ) ;
#3658 = LINE ( 'NONE', #5494, #2354 ) ;
#3659 = DIRECTION ( 'NONE',  ( 1.000000000000000000, -0.0000000000000000000, -7.288754100742886941E-17 ) ) ;
#3660 = DIRECTION ( 'NONE',  ( 1.000000000000000000, 0.0000000000000000000, 0.0000000000000000000 ) ) ;
#3661 = DIRECTION ( 'NONE',  ( 3.872150616019660190E-17, 1.000000000000000000, -0.0000000000000000000 ) ) ;
#3662 = ORIENTED_EDGE ( 'NONE', *, *, #358, .T. ) ;
#3663 =( NAMED_UNIT ( * ) SI_UNIT ( $, .STERADIAN. ) SOLID_ANGLE_UNIT ( ) );
#3664 = EDGE_CURVE ( 'NONE', #3987, #484, #3768, .T. ) ;
#3665 = SURFACE_STYLE_USAGE ( .BOTH. , #4442 ) ;
#3666 = CARTESIAN_POINT ( 'NONE',  ( -1.350000000000000089, -11.28937553631732271, 1.249999999999997558 ) ) ;
#3667 =( LENGTH_UNIT ( ) NAMED_UNIT ( * ) SI_UNIT ( .MILLI., .METRE. ) );
#3668 = PRESENTATION_STYLE_ASSIGNMENT (( #646 ) ) ;
#3669 = CARTESIAN_POINT ( 'NONE',  ( 4.250000000000000000, -3.399999999999999911, 0.2500000000000002220 ) ) ;
#3670 = CARTESIAN_POINT ( 'NONE',  ( 0.2499999999999997780, 0.2000000000000000111, -0.2499999999999997780 ) ) ;
#3671 = ORIENTED_EDGE ( 'NONE', *, *, #2533, .T. ) ;
#3672 = LINE ( 'NONE', #6565, #52 ) ;
#3673 = UNCERTAINTY_MEASURE_WITH_UNIT (LENGTH_MEASURE( 1.000000000000000082E-05 ), #4233, 'distance_accuracy_value', 'NONE');
#3674 = EDGE_CURVE ( 'NONE', #7706, #3964, #4961, .T. ) ;
#3675 =( NAMED_UNIT ( * ) PLANE_ANGLE_UNIT ( ) SI_UNIT ( $, .RADIAN. ) );
#3676 = ORIENTED_EDGE ( 'NONE', *, *, #4406, .T. ) ;
#3677 = DIRECTION ( 'NONE',  ( -1.032573497605242347E-16, 1.000000000000000000, -8.370231247510724515E-33 ) ) ;
#3678 = ADVANCED_FACE ( 'NONE', ( #5075 ), #5115, .F. ) ;
#3679 = LINE ( 'NONE', #4242, #7071 ) ;
#3680 = EDGE_LOOP ( 'NONE', ( #3018, #6299, #979, #2987 ) ) ;
#3681 = SURFACE_STYLE_FILL_AREA ( #1255 ) ;
#3682 = DIRECTION ( 'NONE',  ( 1.000000000000000000, -3.872150616019660190E-17, -4.336808689942017736E-16 ) ) ;
#3683 = VECTOR ( 'NONE', #2413, 1000.000000000000000 ) ;
#3684 = STYLED_ITEM ( 'NONE', ( #150 ), #6091 ) ;
#3685 = EDGE_CURVE ( 'NONE', #5654, #3595, #6803, .T. ) ;
#3686 = ORIENTED_EDGE ( 'NONE', *, *, #4299, .F. ) ;
#3687 = FACE_OUTER_BOUND ( 'NONE', #5305, .T. ) ;
#3688 = SURFACE_STYLE_FILL_AREA ( #5521 ) ;
#3689 = CARTESIAN_POINT ( 'NONE',  ( 3.250000000000000888, 3.399999999999999467, -2.050000000000001599 ) ) ;
#3690 = CARTESIAN_POINT ( 'NONE',  ( 5.750000000000000000, -3.399999999999999911, 0.2500000000000002220 ) ) ;
#3691 = CARTESIAN_POINT ( 'NONE',  ( 3.750000000000000444, -3.399999999999999911, 0.2500000000000002220 ) ) ;
#3692 = LINE ( 'NONE', #510, #2639 ) ;
#3693 = ORIENTED_EDGE ( 'NONE', *, *, #5633, .T. ) ;
#3694 = ADVANCED_FACE ( 'NONE', ( #6257 ), #6921, .F. ) ;
#3695 =( NAMED_UNIT ( * ) PLANE_ANGLE_UNIT ( ) SI_UNIT ( $, .RADIAN. ) );
#3696 = UNCERTAINTY_MEASURE_WITH_UNIT (LENGTH_MEASURE( 1.000000000000000082E-05 ), #1035, 'distance_accuracy_value', 'NONE');
#3697 = SURFACE_SIDE_STYLE ('',( #7343 ) ) ;
#3698 = DIRECTION ( 'NONE',  ( -4.336808689942017736E-16, 0.0000000000000000000, -1.000000000000000000 ) ) ;
#3699 = ORIENTED_EDGE ( 'NONE', *, *, #881, .T. ) ;
#3700 = CARTESIAN_POINT ( 'NONE',  ( -0.7000000000000000666, 0.2000000000000000389, -2.800000000000000266 ) ) ;
#3701 = LINE ( 'NONE', #5583, #890 ) ;
#3702 = VECTOR ( 'NONE', #1573, 1000.000000000000000 ) ;
#3703 = CARTESIAN_POINT ( 'NONE',  ( 9.180000000000001492, 2.250000000000001332, 1.700000000000000178 ) ) ;
#3704 = DIRECTION ( 'NONE',  ( -1.084202172485504237E-15, -1.000000000000000000, 0.0000000000000000000 ) ) ;
#3705 = ADVANCED_FACE ( 'NONE', ( #5909 ), #2404, .T. ) ;
#3706 = DIRECTION ( 'NONE',  ( 3.872150616019660190E-17, 1.000000000000000000, -0.0000000000000000000 ) ) ;
#3707 = CARTESIAN_POINT ( 'NONE',  ( -1.949999999999999956, 6.000000000000000000, 1.700000000000000178 ) ) ;
#3708 = ORIENTED_EDGE ( 'NONE', *, *, #2999, .T. ) ;
#3709 = AXIS2_PLACEMENT_3D ( 'NONE', #3314, #7559, #2032 ) ;
#3710 = CARTESIAN_POINT ( 'NONE',  ( 3.750000000000000444, -3.399999999999999911, 0.2500000000000002220 ) ) ;
#3711 = CARTESIAN_POINT ( 'NONE',  ( 5.750000000000000000, -3.299999999999998490, 0.2500000000000002220 ) ) ;
#3712 = EDGE_LOOP ( 'NONE', ( #745, #365, #2879, #7736 ) ) ;
#3713 = EDGE_CURVE ( 'NONE', #5971, #7730, #4228, .T. ) ;
#3714 =( LENGTH_UNIT ( ) NAMED_UNIT ( * ) SI_UNIT ( .MILLI., .METRE. ) );
#3715 = EDGE_CURVE ( 'NONE', #3924, #4951, #4190, .T. ) ;
#3716 = AXIS2_PLACEMENT_3D ( 'NONE', #1044, #5355, #5394 ) ;
#3717 = PRESENTATION_STYLE_ASSIGNMENT (( #6613 ) ) ;
#3718 = ORIENTED_EDGE ( 'NONE', *, *, #3343, .F. ) ;
#3719 = LINE ( 'NONE', #1292, #4805 ) ;
#3720 = PRESENTATION_STYLE_ASSIGNMENT (( #5474 ) ) ;
#3721 = SURFACE_SIDE_STYLE ('',( #4325 ) ) ;
#3722 = CARTESIAN_POINT ( 'NONE',  ( -1.949999999999999956, 0.0000000000000000000, -2.800000000000000266 ) ) ;
#3723 = STYLED_ITEM ( 'NONE', ( #5079 ), #5771 ) ;
#3724 = ORIENTED_EDGE ( 'NONE', *, *, #5461, .F. ) ;
#3725 = LINE ( 'NONE', #1217, #486 ) ;
#3726 = EDGE_CURVE ( 'NONE', #6038, #4868, #6665, .T. ) ;
#3727 = PRESENTATION_LAYER_ASSIGNMENT (  '', '', ( #1042 ) ) ;
#3728 = COLOUR_RGB ( '',1.000000000000000000, 0.8117647058823529438, 0.5019607843137254832 ) ;
#3729 =( NAMED_UNIT ( * ) SI_UNIT ( $, .STERADIAN. ) SOLID_ANGLE_UNIT ( ) );
#3730 = LINE ( 'NONE', #4853, #183 ) ;
#3731 = CARTESIAN_POINT ( 'NONE',  ( 1.750000000000000222, -3.399999999999999911, 0.2500000000000002220 ) ) ;
#3732 = LINE ( 'NONE', #3153, #7354 ) ;
#3733 = UNCERTAINTY_MEASURE_WITH_UNIT (LENGTH_MEASURE( 1.000000000000000082E-05 ), #7548, 'distance_accuracy_value', 'NONE');
#3734 = PLANE ( 'NONE',  #7350 ) ;
#3735 =( GEOMETRIC_REPRESENTATION_CONTEXT ( 3 ) GLOBAL_UNCERTAINTY_ASSIGNED_CONTEXT ( ( #6193 ) ) GLOBAL_UNIT_ASSIGNED_CONTEXT ( ( #617, #3600, #1202 ) ) REPRESENTATION_CONTEXT ( 'NONE', 'WORKASPACE' ) );
#3736 = EDGE_CURVE ( 'NONE', #1115, #5390, #5307, .T. ) ;
#3737 = VERTEX_POINT ( 'NONE', #2360 ) ;
#3738 = VERTEX_POINT ( 'NONE', #4787 ) ;
#3739 = PLANE ( 'NONE',  #1965 ) ;
#3740 =( NAMED_UNIT ( * ) SI_UNIT ( $, .STERADIAN. ) SOLID_ANGLE_UNIT ( ) );
#3741 = PLANE ( 'NONE',  #4426 ) ;
#3742 = VECTOR ( 'NONE', #2812, 1000.000000000000000 ) ;
#3743 =( NAMED_UNIT ( * ) PLANE_ANGLE_UNIT ( ) SI_UNIT ( $, .RADIAN. ) );
#3744 = ORIENTED_EDGE ( 'NONE', *, *, #123, .F. ) ;
#3745 = DIRECTION ( 'NONE',  ( -1.000000000000000000, 0.0000000000000000000, -0.0000000000000000000 ) ) ;
#3746 = ORIENTED_EDGE ( 'NONE', *, *, #4260, .F. ) ;
#3747 = LINE ( 'NONE', #2565, #4405 ) ;
#3748 = DIRECTION ( 'NONE',  ( -1.362927481496333060E-16, 0.7071067811865474617, -0.7071067811865474617 ) ) ;
#3749 = AXIS2_PLACEMENT_3D ( 'NONE', #5560, #533, #3020 ) ;
#3750 = VECTOR ( 'NONE', #2998, 1000.000000000000000 ) ;
#3751 = DIRECTION ( 'NONE',  ( -1.000000000000000000, 5.421010862427522170E-17, 0.0000000000000000000 ) ) ;
#3752 = DIRECTION ( 'NONE',  ( 1.000000000000000000, 0.0000000000000000000, 0.0000000000000000000 ) ) ;
#3753 = AXIS2_PLACEMENT_3D ( 'NONE', #1501, #4626, #5748 ) ;
#3754 = ORIENTED_EDGE ( 'NONE', *, *, #4317, .F. ) ;
#3755 = ORIENTED_EDGE ( 'NONE', *, *, #4569, .F. ) ;
#3756 =( GEOMETRIC_REPRESENTATION_CONTEXT ( 3 ) GLOBAL_UNCERTAINTY_ASSIGNED_CONTEXT ( ( #5241 ) ) GLOBAL_UNIT_ASSIGNED_CONTEXT ( ( #2895, #7824, #1904 ) ) REPRESENTATION_CONTEXT ( 'NONE', 'WORKASPACE' ) );
#3757 = ORIENTED_EDGE ( 'NONE', *, *, #17, .T. ) ;
#3758 = STYLED_ITEM ( 'NONE', ( #4512 ), #7049 ) ;
#3759 = DIRECTION ( 'NONE',  ( -1.000000000000000000, 0.0000000000000000000, -0.0000000000000000000 ) ) ;
#3760 = VERTEX_POINT ( 'NONE', #4743 ) ;
#3761 = EDGE_CURVE ( 'NONE', #1282, #1699, #5372, .T. ) ;
#3762 = ORIENTED_EDGE ( 'NONE', *, *, #5492, .F. ) ;
#3763 =( GEOMETRIC_REPRESENTATION_CONTEXT ( 3 ) GLOBAL_UNCERTAINTY_ASSIGNED_CONTEXT ( ( #2470 ) ) GLOBAL_UNIT_ASSIGNED_CONTEXT ( ( #872, #5663, #3832 ) ) REPRESENTATION_CONTEXT ( 'NONE', 'WORKASPACE' ) );
#3764 = AXIS2_PLACEMENT_3D ( 'NONE', #2345, #7764, #7250 ) ;
#3765 = DIRECTION ( 'NONE',  ( 0.0000000000000000000, 0.0000000000000000000, 1.000000000000000000 ) ) ;
#3766 = PRESENTATION_LAYER_ASSIGNMENT (  '', '', ( #331 ) ) ;
#3767 = PRESENTATION_LAYER_ASSIGNMENT (  '', '', ( #5681 ) ) ;
#3768 = LINE ( 'NONE', #2659, #7765 ) ;
#3769 = ORIENTED_EDGE ( 'NONE', *, *, #7797, .T. ) ;
#3770 = DIRECTION ( 'NONE',  ( -9.103382349328301547E-49, -2.350988701644575016E-32, -1.000000000000000000 ) ) ;
#3771 = PRESENTATION_LAYER_ASSIGNMENT (  '', '', ( #5938 ) ) ;
#3772 = DIRECTION ( 'NONE',  ( 5.731938006292986338E-17, 0.7071067811865475727, -0.7071067811865474617 ) ) ;
#3773 =( NAMED_UNIT ( * ) PLANE_ANGLE_UNIT ( ) SI_UNIT ( $, .RADIAN. ) );
#3774 = EDGE_CURVE ( 'NONE', #3133, #697, #6517, .T. ) ;
#3775 = UNCERTAINTY_MEASURE_WITH_UNIT (LENGTH_MEASURE( 1.000000000000000082E-05 ), #5611, 'distance_accuracy_value', 'NONE');
#3776 = VECTOR ( 'NONE', #1738, 1000.000000000000000 ) ;
#3777 = VECTOR ( 'NONE', #2651, 1000.000000000000000 ) ;
#3778 = LINE ( 'NONE', #3903, #5017 ) ;
#3779 = STYLED_ITEM ( 'NONE', ( #3109 ), #760 ) ;
#3780 = SURFACE_STYLE_USAGE ( .BOTH. , #109 ) ;
#3781 = DIRECTION ( 'NONE',  ( -5.421010862427522170E-17, -1.000000000000000000, 2.350988701644575016E-32 ) ) ;
#3782 =( NAMED_UNIT ( * ) PLANE_ANGLE_UNIT ( ) SI_UNIT ( $, .RADIAN. ) );
#3783 = EDGE_CURVE ( 'NONE', #4219, #3916, #439, .T. ) ;
#3784 =( GEOMETRIC_REPRESENTATION_CONTEXT ( 3 ) GLOBAL_UNCERTAINTY_ASSIGNED_CONTEXT ( ( #7795 ) ) GLOBAL_UNIT_ASSIGNED_CONTEXT ( ( #7594, #5135, #6314 ) ) REPRESENTATION_CONTEXT ( 'NONE', 'WORKASPACE' ) );
#3785 = FILL_AREA_STYLE_COLOUR ( '', #2249 ) ;
#3786 = SURFACE_SIDE_STYLE ('',( #6816 ) ) ;
#3787 = CARTESIAN_POINT ( 'NONE',  ( -1.349999999999998312, 4.500000000000000888, -0.6799999999999991607 ) ) ;
#3788 = AXIS2_PLACEMENT_3D ( 'NONE', #6460, #7041, #4572 ) ;
#3789 = EDGE_CURVE ( 'NONE', #4979, #3177, #1656, .T. ) ;
#3790 = ORIENTED_EDGE ( 'NONE', *, *, #7705, .F. ) ;
#3791 =( GEOMETRIC_REPRESENTATION_CONTEXT ( 3 ) GLOBAL_UNCERTAINTY_ASSIGNED_CONTEXT ( ( #4220 ) ) GLOBAL_UNIT_ASSIGNED_CONTEXT ( ( #39, #679, #3663 ) ) REPRESENTATION_CONTEXT ( 'NONE', 'WORKASPACE' ) );
#3792 = DIRECTION ( 'NONE',  ( -1.084202172485504237E-15, -1.000000000000000000, 0.0000000000000000000 ) ) ;
#3793 = FACE_OUTER_BOUND ( 'NONE', #568, .T. ) ;
#3794 = CARTESIAN_POINT ( 'NONE',  ( 0.2499999999999997780, 0.2000000000000000111, 0.2500000000000002220 ) ) ;
#3795 = PRESENTATION_LAYER_ASSIGNMENT (  '', '', ( #5188 ) ) ;
#3796 = PRESENTATION_STYLE_ASSIGNMENT (( #6108 ) ) ;
#3797 = EDGE_CURVE ( 'NONE', #2126, #7820, #6630, .T. ) ;
#3798 = VERTEX_POINT ( 'NONE', #6829 ) ;
#3799 = LINE ( 'NONE', #756, #151 ) ;
#3800 = ORIENTED_EDGE ( 'NONE', *, *, #7390, .T. ) ;
#3801 = SURFACE_STYLE_USAGE ( .BOTH. , #7560 ) ;
#3802 = ADVANCED_FACE ( 'NONE', ( #6147 ), #5537, .F. ) ;
#3803 = UNCERTAINTY_MEASURE_WITH_UNIT (LENGTH_MEASURE( 1.000000000000000082E-05 ), #2468, 'distance_accuracy_value', 'NONE');
#3804 = DIRECTION ( 'NONE',  ( 3.872150616019660190E-17, 1.000000000000000000, -0.0000000000000000000 ) ) ;
#3805 = CARTESIAN_POINT ( 'NONE',  ( 7.249999999999999112, 3.399999999999999467, -2.050000000000001599 ) ) ;
#3806 = CARTESIAN_POINT ( 'NONE',  ( 3.299999999999999378, 0.0000000000000000000, 1.700000000000000178 ) ) ;
#3807 = PRESENTATION_LAYER_ASSIGNMENT (  '', '', ( #3171 ) ) ;
#3808 = VERTEX_POINT ( 'NONE', #4345 ) ;
#3809 = ORIENTED_EDGE ( 'NONE', *, *, #1126, .F. ) ;
#3810 = CARTESIAN_POINT ( 'NONE',  ( 7.249999999999999112, 1.149999999999999911, -2.350000000000000977 ) ) ;
#3811 = DIRECTION ( 'NONE',  ( -1.000000000000000000, 0.0000000000000000000, 0.0000000000000000000 ) ) ;
#3812 = SURFACE_STYLE_USAGE ( .BOTH. , #1966 ) ;
#3813 = DIRECTION ( 'NONE',  ( 1.000000000000000000, -5.421010862427522170E-17, 0.0000000000000000000 ) ) ;
#3814 = ORIENTED_EDGE ( 'NONE', *, *, #6747, .T. ) ;
#3815 = DIRECTION ( 'NONE',  ( -9.103382349328301547E-49, -2.350988701644575016E-32, -1.000000000000000000 ) ) ;
#3816 = PLANE ( 'NONE',  #7442 ) ;
#3817 = DIRECTION ( 'NONE',  ( 0.0000000000000000000, 0.0000000000000000000, -1.000000000000000000 ) ) ;
#3818 = PLANE ( 'NONE',  #6669 ) ;
#3819 = FILL_AREA_STYLE_COLOUR ( '', #5047 ) ;
#3820 = EDGE_CURVE ( 'NONE', #6038, #5169, #1392, .T. ) ;
#3821 = LINE ( 'NONE', #6179, #7018 ) ;
#3822 = MECHANICAL_DESIGN_GEOMETRIC_PRESENTATION_REPRESENTATION (  '', ( #2811 ), #2035 ) ;
#3823 = ORIENTED_EDGE ( 'NONE', *, *, #7402, .F. ) ;
#3824 = ORIENTED_EDGE ( 'NONE', *, *, #4858, .F. ) ;
#3825 = ADVANCED_FACE ( 'NONE', ( #7306 ), #5455, .T. ) ;
#3826 = PLANE ( 'NONE',  #1068 ) ;
#3827 = DIRECTION ( 'NONE',  ( -1.000000000000000000, 0.0000000000000000000, 0.0000000000000000000 ) ) ;
#3828 = EDGE_CURVE ( 'NONE', #1281, #418, #3831, .T. ) ;
#3829 = SURFACE_STYLE_USAGE ( .BOTH. , #2678 ) ;
#3830 = ORIENTED_EDGE ( 'NONE', *, *, #6610, .T. ) ;
#3831 = LINE ( 'NONE', #6, #2256 ) ;
#3832 =( NAMED_UNIT ( * ) SI_UNIT ( $, .STERADIAN. ) SOLID_ANGLE_UNIT ( ) );
#3833 = AXIS2_PLACEMENT_3D ( 'NONE', #7389, #1907, #6786 ) ;
#3834 = ORIENTED_EDGE ( 'NONE', *, *, #3479, .F. ) ;
#3835 = FILL_AREA_STYLE_COLOUR ( '', #3455 ) ;
#3836 = EDGE_CURVE ( 'NONE', #4212, #5591, #1238, .T. ) ;
#3837 = EDGE_CURVE ( 'NONE', #7526, #6363, #4905, .T. ) ;
#3839 = ADVANCED_FACE ( 'NONE', ( #4304 ), #6745, .T. ) ;
#3838 = FACE_OUTER_BOUND ( 'NONE', #4959, .T. ) ;
#3840 = FACE_OUTER_BOUND ( 'NONE', #3021, .T. ) ;
#3841 = CARTESIAN_POINT ( 'NONE',  ( 8.220000000000000639, 2.250000000000000888, -2.801000000000000600 ) ) ;
#3842 = EDGE_CURVE ( 'NONE', #418, #3998, #7015, .T. ) ;
#3843 = LINE ( 'NONE', #6915, #4624 ) ;
#3844 =( LENGTH_UNIT ( ) NAMED_UNIT ( * ) SI_UNIT ( .MILLI., .METRE. ) );
#3845 = EDGE_LOOP ( 'NONE', ( #5262, #4570, #1099, #4684, #1604 ) ) ;
#3846 = ORIENTED_EDGE ( 'NONE', *, *, #7506, .F. ) ;
#3847 =( NAMED_UNIT ( * ) PLANE_ANGLE_UNIT ( ) SI_UNIT ( $, .RADIAN. ) );
#3848 = CARTESIAN_POINT ( 'NONE',  ( 5.750000000000000000, -3.299999999999998490, 0.2500000000000002220 ) ) ;
#3849 = COLOUR_RGB ( '',1.000000000000000000, 0.8117647058823529438, 0.5019607843137254832 ) ;
#3850 = EDGE_CURVE ( 'NONE', #2599, #6298, #6354, .T. ) ;
#3851 = FILL_AREA_STYLE_COLOUR ( '', #7062 ) ;
#3852 = MECHANICAL_DESIGN_GEOMETRIC_PRESENTATION_REPRESENTATION (  '', ( #7289 ), #3866 ) ;
#3853 = LINE ( 'NONE', #3894, #3608 ) ;
#3854 =( NAMED_UNIT ( * ) SI_UNIT ( $, .STERADIAN. ) SOLID_ANGLE_UNIT ( ) );
#3855 = ORIENTED_EDGE ( 'NONE', *, *, #4663, .T. ) ;
#3856 = VERTEX_POINT ( 'NONE', #6391 ) ;
#3857 = PLANE ( 'NONE',  #1871 ) ;
#3858 = FILL_AREA_STYLE ('',( #2052 ) ) ;
#3859 = FILL_AREA_STYLE_COLOUR ( '', #3198 ) ;
#3860 = UNCERTAINTY_MEASURE_WITH_UNIT (LENGTH_MEASURE( 1.000000000000000082E-05 ), #1030, 'distance_accuracy_value', 'NONE');
#3861 = SURFACE_SIDE_STYLE ('',( #5642 ) ) ;
#3862 = DIRECTION ( 'NONE',  ( -1.000000000000000000, 0.0000000000000000000, -0.0000000000000000000 ) ) ;
#3863 = FILL_AREA_STYLE_COLOUR ( '', #312 ) ;
#3864 = DIRECTION ( 'NONE',  ( 1.000000000000000000, 1.927470528863119542E-16, -0.0000000000000000000 ) ) ;
#3865 =( NAMED_UNIT ( * ) PLANE_ANGLE_UNIT ( ) SI_UNIT ( $, .RADIAN. ) );
#3866 =( GEOMETRIC_REPRESENTATION_CONTEXT ( 3 ) GLOBAL_UNCERTAINTY_ASSIGNED_CONTEXT ( ( #5401 ) ) GLOBAL_UNIT_ASSIGNED_CONTEXT ( ( #4574, #2705, #6307 ) ) REPRESENTATION_CONTEXT ( 'NONE', 'WORKASPACE' ) );
#3867 = ORIENTED_EDGE ( 'NONE', *, *, #211, .F. ) ;
#3868 = MECHANICAL_DESIGN_GEOMETRIC_PRESENTATION_REPRESENTATION (  '', ( #7050 ), #6159 ) ;
#3869 = LINE ( 'NONE', #3191, #4074 ) ;
#3870 = DIRECTION ( 'NONE',  ( 4.517509052022931526E-16, -1.000000000000000000, 0.0000000000000000000 ) ) ;
#3871 = SURFACE_STYLE_FILL_AREA ( #1425 ) ;
#3872 = EDGE_LOOP ( 'NONE', ( #1813, #4651, #843, #6906 ) ) ;
#3873 = ORIENTED_EDGE ( 'NONE', *, *, #6221, .T. ) ;
#3874 = FILL_AREA_STYLE ('',( #7598 ) ) ;
#3875 = VECTOR ( 'NONE', #3677, 1000.000000000000000 ) ;
#3876 =( LENGTH_UNIT ( ) NAMED_UNIT ( * ) SI_UNIT ( .MILLI., .METRE. ) );
#3877 = PRESENTATION_LAYER_ASSIGNMENT (  '', '', ( #7445 ) ) ;
#3878 = FILL_AREA_STYLE ('',( #4505 ) ) ;
#3879 = EDGE_CURVE ( 'NONE', #1438, #5130, #2641, .T. ) ;
#3880 = DIRECTION ( 'NONE',  ( 0.5773502691896206240, -0.5773502691896306160, 0.5773502691896260641 ) ) ;
#3881 = STYLED_ITEM ( 'NONE', ( #446 ), #6715 ) ;
#3882 =( LENGTH_UNIT ( ) NAMED_UNIT ( * ) SI_UNIT ( .MILLI., .METRE. ) );
#3883 = ORIENTED_EDGE ( 'NONE', *, *, #505, .T. ) ;
#3884 = EDGE_LOOP ( 'NONE', ( #558, #2348, #7258, #4711, #5201, #4923, #4788, #2909, #5836, #1419, #1506, #521 ) ) ;
#3885 =( LENGTH_UNIT ( ) NAMED_UNIT ( * ) SI_UNIT ( .MILLI., .METRE. ) );
#3886 = VECTOR ( 'NONE', #4435, 1000.000000000000114 ) ;
#3887 = MECHANICAL_DESIGN_GEOMETRIC_PRESENTATION_REPRESENTATION (  '', ( #6176 ), #2485 ) ;
#3888 = CARTESIAN_POINT ( 'NONE',  ( -1.949999999999999956, 6.000000000000000000, -2.800000000000000266 ) ) ;
#3889 = ORIENTED_EDGE ( 'NONE', *, *, #6188, .T. ) ;
#3890 = EDGE_CURVE ( 'NONE', #2554, #2971, #1215, .T. ) ;
#3891 = AXIS2_PLACEMENT_3D ( 'NONE', #2661, #6336, #7573 ) ;
#3892 = PRESENTATION_LAYER_ASSIGNMENT (  '', '', ( #830 ) ) ;
#3893 = DIRECTION ( 'NONE',  ( -0.0000000000000000000, 1.000000000000000000, -0.0000000000000000000 ) ) ;
#3894 = CARTESIAN_POINT ( 'NONE',  ( 9.350000000000001421, 1.149999999999999911, -2.350000000000000977 ) ) ;
#3895 = ORIENTED_EDGE ( 'NONE', *, *, #6232, .T. ) ;
#3896 = COLOUR_RGB ( '',1.000000000000000000, 0.8117647058823529438, 0.5019607843137254832 ) ;
#3897 = CARTESIAN_POINT ( 'NONE',  ( 2.250000000000000000, -3.399999999999999911, 0.2500000000000002220 ) ) ;
#3898 = MECHANICAL_DESIGN_GEOMETRIC_PRESENTATION_REPRESENTATION (  '', ( #1976 ), #7202 ) ;
#3899 = LINE ( 'NONE', #4687, #4319 ) ;
#3900 =( GEOMETRIC_REPRESENTATION_CONTEXT ( 3 ) GLOBAL_UNCERTAINTY_ASSIGNED_CONTEXT ( ( #5488 ) ) GLOBAL_UNIT_ASSIGNED_CONTEXT ( ( #6785, #2967, #1075 ) ) REPRESENTATION_CONTEXT ( 'NONE', 'WORKASPACE' ) );
#3901 = MECHANICAL_DESIGN_GEOMETRIC_PRESENTATION_REPRESENTATION (  '', ( #1338 ), #4273 ) ;
#3902 = COLOUR_RGB ( '',1.000000000000000000, 1.000000000000000000, 1.000000000000000000 ) ;
#3903 = CARTESIAN_POINT ( 'NONE',  ( 0.05000000000000012768, 5.100000000000001421, 0.1499999999999973577 ) ) ;
#3904 = MECHANICAL_DESIGN_GEOMETRIC_PRESENTATION_REPRESENTATION (  '', ( #1585 ), #4667 ) ;
#3905 = AXIS2_PLACEMENT_3D ( 'NONE', #4568, #4012, #3862 ) ;
#3906 =( LENGTH_UNIT ( ) NAMED_UNIT ( * ) SI_UNIT ( .MILLI., .METRE. ) );
#3907 = LINE ( 'NONE', #1492, #2769 ) ;
#3908 = LINE ( 'NONE', #1493, #7302 ) ;
#3909 = VECTOR ( 'NONE', #1610, 1000.000000000000000 ) ;
#3910 = FILL_AREA_STYLE ('',( #1418 ) ) ;
#3911 = VECTOR ( 'NONE', #2433, 1000.000000000000000 ) ;
#3912 = FACE_OUTER_BOUND ( 'NONE', #5992, .T. ) ;
#3913 = LINE ( 'NONE', #868, #6577 ) ;
#3914 = MECHANICAL_DESIGN_GEOMETRIC_PRESENTATION_REPRESENTATION (  '', ( #5299 ), #4038 ) ;
#3915 = STYLED_ITEM ( 'NONE', ( #4446 ), #2674 ) ;
#3916 = VERTEX_POINT ( 'NONE', #3989 ) ;
#3917 = ORIENTED_EDGE ( 'NONE', *, *, #1616, .F. ) ;
#3918 =( LENGTH_UNIT ( ) NAMED_UNIT ( * ) SI_UNIT ( .MILLI., .METRE. ) );
#3919 = VECTOR ( 'NONE', #6553, 1000.000000000000000 ) ;
#3920 = VECTOR ( 'NONE', #3468, 1000.000000000000000 ) ;
#3921 = CARTESIAN_POINT ( 'NONE',  ( 8.250000000000000000, 0.2000000000000000111, 0.2500000000000002220 ) ) ;
#3922 = PLANE ( 'NONE',  #4349 ) ;
#3923 = SURFACE_SIDE_STYLE ('',( #2041 ) ) ;
#3924 = VERTEX_POINT ( 'NONE', #2716 ) ;
#3925 = ORIENTED_EDGE ( 'NONE', *, *, #1229, .T. ) ;
#3926 = ORIENTED_EDGE ( 'NONE', *, *, #4831, .F. ) ;
#3927 = ADVANCED_FACE ( 'NONE', ( #5707 ), #7645, .F. ) ;
#3928 = ORIENTED_EDGE ( 'NONE', *, *, #3797, .F. ) ;
#3929 = PLANE ( 'NONE',  #822 ) ;
#3930 = VECTOR ( 'NONE', #3815, 1000.000000000000000 ) ;
#3931 =( NAMED_UNIT ( * ) SI_UNIT ( $, .STERADIAN. ) SOLID_ANGLE_UNIT ( ) );
#3932 = UNCERTAINTY_MEASURE_WITH_UNIT (LENGTH_MEASURE( 1.000000000000000082E-05 ), #3525, 'distance_accuracy_value', 'NONE');
#3933 = CARTESIAN_POINT ( 'NONE',  ( 1.300000000000000044, 0.2000000000000000389, -2.800000000000000266 ) ) ;
#3934 = DIRECTION ( 'NONE',  ( 4.336808689942017736E-16, 0.0000000000000000000, 1.000000000000000000 ) ) ;
#3935 = EDGE_CURVE ( 'NONE', #2452, #2971, #5214, .T. ) ;
#3936 =( NAMED_UNIT ( * ) PLANE_ANGLE_UNIT ( ) SI_UNIT ( $, .RADIAN. ) );
#3937 = CARTESIAN_POINT ( 'NONE',  ( 6.699999999999999289, 0.1999999999999999833, -2.800000000000000266 ) ) ;
#3938 = EDGE_LOOP ( 'NONE', ( #4702, #19, #2140, #2689 ) ) ;
#3939 =( NAMED_UNIT ( * ) PLANE_ANGLE_UNIT ( ) SI_UNIT ( $, .RADIAN. ) );
#3940 = SURFACE_STYLE_USAGE ( .BOTH. , #5119 ) ;
#3941 = DIRECTION ( 'NONE',  ( 9.103382349328301547E-49, 2.350988701644575016E-32, 1.000000000000000000 ) ) ;
#3942 = DIRECTION ( 'NONE',  ( 1.000000000000000000, -5.421010862427522170E-17, 0.0000000000000000000 ) ) ;
#3943 = EDGE_CURVE ( 'NONE', #7003, #7706, #4617, .T. ) ;
#3944 = CARTESIAN_POINT ( 'NONE',  ( 9.951000000000000512, 6.000000000000000000, 0.3199999999999999512 ) ) ;
#3945 = VERTEX_POINT ( 'NONE', #4136 ) ;
#3946 = EDGE_CURVE ( 'NONE', #3135, #5676, #984, .T. ) ;
#3947 = PLANE ( 'NONE',  #1691 ) ;
#3948 = CARTESIAN_POINT ( 'NONE',  ( 4.125499999999997058, 0.1744999999999993223, 0.3199999999999999512 ) ) ;
#3949 =( NAMED_UNIT ( * ) SI_UNIT ( $, .STERADIAN. ) SOLID_ANGLE_UNIT ( ) );
#3950 = DIRECTION ( 'NONE',  ( -0.0000000000000000000, -0.0000000000000000000, 1.000000000000000000 ) ) ;
#3951 = FILL_AREA_STYLE ('',( #3342 ) ) ;
#3952 = VERTEX_POINT ( 'NONE', #7720 ) ;
#3953 = UNCERTAINTY_MEASURE_WITH_UNIT (LENGTH_MEASURE( 1.000000000000000082E-05 ), #1434, 'distance_accuracy_value', 'NONE');
#3954 = DIRECTION ( 'NONE',  ( 0.5773502691896239547, -0.5773502691896239547, -0.5773502691896295058 ) ) ;
#3955 = PRESENTATION_STYLE_ASSIGNMENT (( #6316 ) ) ;
#3956 = EDGE_LOOP ( 'NONE', ( #3708, #833, #2195, #6575 ) ) ;
#3957 = SURFACE_SIDE_STYLE ('',( #7522 ) ) ;
#3958 =( NAMED_UNIT ( * ) PLANE_ANGLE_UNIT ( ) SI_UNIT ( $, .RADIAN. ) );
#3959 = LINE ( 'NONE', #4586, #7337 ) ;
#3960 = CARTESIAN_POINT ( 'NONE',  ( 8.149999999999996803, -3.399999999999999911, -2.800000000000000266 ) ) ;
#3961 = CARTESIAN_POINT ( 'NONE',  ( 8.679999999999999716, 4.230000000000000426, 1.599999999999999867 ) ) ;
#3962 = ORIENTED_EDGE ( 'NONE', *, *, #5320, .F. ) ;
#3963 = STYLED_ITEM ( 'NONE', ( #1007 ), #853 ) ;
#3964 = VERTEX_POINT ( 'NONE', #1645 ) ;
#3965 = VECTOR ( 'NONE', #3748, 1000.000000000000114 ) ;
#3966 = SURFACE_STYLE_FILL_AREA ( #6364 ) ;
#3967 = DIRECTION ( 'NONE',  ( -1.000000000000000000, 5.421010862427522170E-17, 0.0000000000000000000 ) ) ;
#3968 = ADVANCED_FACE ( 'NONE', ( #5944 ), #3430, .F. ) ;
#3969 = COLOUR_RGB ( '',1.000000000000000000, 1.000000000000000000, 1.000000000000000000 ) ;
#3970 = SURFACE_STYLE_USAGE ( .BOTH. , #2731 ) ;
#3971 = FACE_OUTER_BOUND ( 'NONE', #2792, .T. ) ;
#3972 = PRESENTATION_LAYER_ASSIGNMENT (  '', '', ( #2956 ) ) ;
#3973 = LINE ( 'NONE', #5760, #1 ) ;
#3974 = UNCERTAINTY_MEASURE_WITH_UNIT (LENGTH_MEASURE( 1.000000000000000082E-05 ), #4279, 'distance_accuracy_value', 'NONE');
#3975 = EDGE_CURVE ( 'NONE', #5448, #4364, #3548, .T. ) ;
#3976 = STYLED_ITEM ( 'NONE', ( #4973 ), #5478 ) ;
#3977 = ORIENTED_EDGE ( 'NONE', *, *, #1041, .T. ) ;
#3978 = CARTESIAN_POINT ( 'NONE',  ( 0.05000000000000012768, -3.399999999999999911, 0.1500000000000008271 ) ) ;
#3979 = CARTESIAN_POINT ( 'NONE',  ( -0.2500000000000002220, -3.399999999999999911, 0.2500000000000002220 ) ) ;
#3980 = CARTESIAN_POINT ( 'NONE',  ( -0.2199999999999999178, 2.250000000000000000, -2.801000000000000600 ) ) ;
#3981 = DIRECTION ( 'NONE',  ( 0.0000000000000000000, -0.7071067811865445751, -0.7071067811865503483 ) ) ;
#3982 = EDGE_CURVE ( 'NONE', #1956, #5654, #1053, .T. ) ;
#3983 = SURFACE_STYLE_USAGE ( .BOTH. , #6384 ) ;
#3984 = ADVANCED_FACE ( 'NONE', ( #4059 ), #4703, .F. ) ;
#3985 = SURFACE_STYLE_USAGE ( .BOTH. , #4539 ) ;
#3986 = DIRECTION ( 'NONE',  ( 2.058229914533366955E-17, -0.0000000000000000000, 1.000000000000000000 ) ) ;
#3987 = VERTEX_POINT ( 'NONE', #6624 ) ;
#3988 = EDGE_LOOP ( 'NONE', ( #2011, #3823, #2436, #2778 ) ) ;
#3989 = CARTESIAN_POINT ( 'NONE',  ( 3.299999999999999378, 0.2000000000000000389, 1.700000000000000178 ) ) ;
#3990 = PRESENTATION_STYLE_ASSIGNMENT (( #2755 ) ) ;
#3991 = LINE ( 'NONE', #3506, #1985 ) ;
#3992 = CARTESIAN_POINT ( 'NONE',  ( 8.679999999999999716, 6.000000000000000000, 1.700000000000000178 ) ) ;
#3993 = PRESENTATION_STYLE_ASSIGNMENT (( #6433 ) ) ;
#3994 = CARTESIAN_POINT ( 'NONE',  ( 2.750000000000001332, 1.149999999999999911, -2.050000000000001599 ) ) ;
#3995 = STYLED_ITEM ( 'NONE', ( #7360 ), #7600 ) ;
#3996 = LINE ( 'NONE', #3405, #6943 ) ;
#3997 = ORIENTED_EDGE ( 'NONE', *, *, #5977, .F. ) ;
#3998 = VERTEX_POINT ( 'NONE', #6020 ) ;
#3999 = FILL_AREA_STYLE ('',( #5878 ) ) ;
#4000 = COLOUR_RGB ( '',1.000000000000000000, 0.8117647058823529438, 0.5019607843137254832 ) ;
#4001 = PRESENTATION_LAYER_ASSIGNMENT (  '', '', ( #6675 ) ) ;
#4002 = VECTOR ( 'NONE', #2908, 1000.000000000000000 ) ;
#4003 = ORIENTED_EDGE ( 'NONE', *, *, #5576, .F. ) ;
#4004 = DIRECTION ( 'NONE',  ( -0.7071067811865427988, -0.7071067811865522357, 3.066586833366727569E-16 ) ) ;
#4005 = ORIENTED_EDGE ( 'NONE', *, *, #3975, .T. ) ;
#4006 = SURFACE_STYLE_FILL_AREA ( #1544 ) ;
#4007 = COLOUR_RGB ( '',1.000000000000000000, 1.000000000000000000, 1.000000000000000000 ) ;
#4008 = EDGE_CURVE ( 'NONE', #7682, #5371, #2983, .T. ) ;
#4009 =( LENGTH_UNIT ( ) NAMED_UNIT ( * ) SI_UNIT ( .MILLI., .METRE. ) );
#4010 = DIRECTION ( 'NONE',  ( -4.336808689942017736E-16, 0.0000000000000000000, -1.000000000000000000 ) ) ;
#4011 =( GEOMETRIC_REPRESENTATION_CONTEXT ( 3 ) GLOBAL_UNCERTAINTY_ASSIGNED_CONTEXT ( ( #3860 ) ) GLOBAL_UNIT_ASSIGNED_CONTEXT ( ( #1030, #5995, #6039 ) ) REPRESENTATION_CONTEXT ( 'NONE', 'WORKASPACE' ) );
#4012 = DIRECTION ( 'NONE',  ( 0.0000000000000000000, 0.0000000000000000000, -1.000000000000000000 ) ) ;
#4013 = SURFACE_STYLE_USAGE ( .BOTH. , #3380 ) ;
#4014 = AXIS2_PLACEMENT_3D ( 'NONE', #7895, #5304, #5336 ) ;
#4016 = EDGE_CURVE ( 'NONE', #2985, #548, #7254, .T. ) ;
#4015 = FILL_AREA_STYLE_COLOUR ( '', #7228 ) ;
#4017 = AXIS2_PLACEMENT_3D ( 'NONE', #2038, #4308, #5032 ) ;
#4018 = CARTESIAN_POINT ( 'NONE',  ( 0.05000000000000012768, 5.100000000000001421, -0.1499999999999969136 ) ) ;
#4019 = DIRECTION ( 'NONE',  ( -0.0000000000000000000, -0.0000000000000000000, 1.000000000000000000 ) ) ;
#4020 = SURFACE_STYLE_FILL_AREA ( #4578 ) ;
#4021 = EDGE_CURVE ( 'NONE', #6980, #4806, #4214, .T. ) ;
#4022 = FACE_BOUND ( 'NONE', #6759, .T. ) ;
#4023 = CARTESIAN_POINT ( 'NONE',  ( 3.250000000000000888, 3.399999999999999467, -2.300000000000001599 ) ) ;
#4024 = COLOUR_RGB ( '',1.000000000000000000, 0.8117647058823529438, 0.5019607843137254832 ) ;
#4026 = EDGE_CURVE ( 'NONE', #1744, #5790, #3732, .T. ) ;
#4025 = VERTEX_POINT ( 'NONE', #1299 ) ;
#4027 =( NAMED_UNIT ( * ) PLANE_ANGLE_UNIT ( ) SI_UNIT ( $, .RADIAN. ) );
#4028 = COLOUR_RGB ( '',1.000000000000000000, 0.8117647058823529438, 0.5019607843137254832 ) ;
#4029 = DIRECTION ( 'NONE',  ( -0.0000000000000000000, 1.000000000000000000, -0.0000000000000000000 ) ) ;
#4030 = PLANE ( 'NONE',  #5533 ) ;
#4031 = CARTESIAN_POINT ( 'NONE',  ( 3.750000000000000444, 0.2000000000000000111, -0.2499999999999997780 ) ) ;
#4032 = FILL_AREA_STYLE_COLOUR ( '', #6820 ) ;
#4033 = ORIENTED_EDGE ( 'NONE', *, *, #671, .T. ) ;
#4034 = ORIENTED_EDGE ( 'NONE', *, *, #2999, .F. ) ;
#4036 = EDGE_CURVE ( 'NONE', #1307, #7201, #6655, .T. ) ;
#4035 = ORIENTED_EDGE ( 'NONE', *, *, #4982, .T. ) ;
#4037 = CARTESIAN_POINT ( 'NONE',  ( -0.2200000000000001399, 4.229999999999999538, -2.801000000000000600 ) ) ;
#4038 =( GEOMETRIC_REPRESENTATION_CONTEXT ( 3 ) GLOBAL_UNCERTAINTY_ASSIGNED_CONTEXT ( ( #7485 ) ) GLOBAL_UNIT_ASSIGNED_CONTEXT ( ( #6233, #1807, #595 ) ) REPRESENTATION_CONTEXT ( 'NONE', 'WORKASPACE' ) );
#4039 = VECTOR ( 'NONE', #874, 1000.000000000000000 ) ;
#4040 = PLANE ( 'NONE',  #4585 ) ;
#4041 = FACE_OUTER_BOUND ( 'NONE', #2172, .T. ) ;
#4042 = VECTOR ( 'NONE', #2600, 1000.000000000000000 ) ;
#4043 =( LENGTH_UNIT ( ) NAMED_UNIT ( * ) SI_UNIT ( .MILLI., .METRE. ) );
#4044 = PRESENTATION_STYLE_ASSIGNMENT (( #5997 ) ) ;
#4045 = VERTEX_POINT ( 'NONE', #6064 ) ;
#4046 = SURFACE_STYLE_FILL_AREA ( #3256 ) ;
#4047 = CARTESIAN_POINT ( 'NONE',  ( 1.299999999999999600, 0.0000000000000000000, -2.800000000000000266 ) ) ;
#4048 = SURFACE_SIDE_STYLE ('',( #7001 ) ) ;
#4049 = DIRECTION ( 'NONE',  ( -1.000000000000000000, 3.872150616019661422E-17, 0.0000000000000000000 ) ) ;
#4050 = UNCERTAINTY_MEASURE_WITH_UNIT (LENGTH_MEASURE( 1.000000000000000082E-05 ), #7663, 'distance_accuracy_value', 'NONE');
#4051 = DIRECTION ( 'NONE',  ( 1.000000000000000000, -3.872150616019660190E-17, -4.336808689942017736E-16 ) ) ;
#4052 = PRESENTATION_STYLE_ASSIGNMENT (( #5321 ) ) ;
#4053 =( LENGTH_UNIT ( ) NAMED_UNIT ( * ) SI_UNIT ( .MILLI., .METRE. ) );
#4054 = DIRECTION ( 'NONE',  ( 0.0000000000000000000, -1.000000000000000000, 0.0000000000000000000 ) ) ;
#4055 = ORIENTED_EDGE ( 'NONE', *, *, #4948, .F. ) ;
#4056 = EDGE_CURVE ( 'NONE', #5627, #5919, #3069, .T. ) ;
#4057 = SURFACE_SIDE_STYLE ('',( #6500 ) ) ;
#4058 = ORIENTED_EDGE ( 'NONE', *, *, #2654, .F. ) ;
#4059 = FACE_OUTER_BOUND ( 'NONE', #4801, .T. ) ;
#4060 = FACE_OUTER_BOUND ( 'NONE', #1496, .T. ) ;
#4061 = LINE ( 'NONE', #2835, #7854 ) ;
#4062 = ADVANCED_FACE ( 'NONE', ( #4856 ), #1260, .F. ) ;
#4063 = CARTESIAN_POINT ( 'NONE',  ( 4.049999999999999822, 3.149999999999999023, -2.050000000000001599 ) ) ;
#4064 = FACE_OUTER_BOUND ( 'NONE', #2880, .T. ) ;
#4065 = CARTESIAN_POINT ( 'NONE',  ( 3.250000000000000888, 3.399999999999999467, -2.050000000000001599 ) ) ;
#4066 = DIRECTION ( 'NONE',  ( 3.872150616019661422E-17, 1.000000000000000000, 0.0000000000000000000 ) ) ;
#4067 = ORIENTED_EDGE ( 'NONE', *, *, #5925, .T. ) ;
#4068 = VERTEX_POINT ( 'NONE', #3654 ) ;
#4069 = ORIENTED_EDGE ( 'NONE', *, *, #1182, .T. ) ;
#4070 = CARTESIAN_POINT ( 'NONE',  ( 6.699999999999999289, 0.1999999999999999833, -2.800000000000000266 ) ) ;
#4071 = PRESENTATION_LAYER_ASSIGNMENT (  '', '', ( #2811 ) ) ;
#4072 = DIRECTION ( 'NONE',  ( -3.833233541708466776E-17, -0.7071067811865533459, -0.7071067811865416886 ) ) ;
#4073 = EDGE_CURVE ( 'NONE', #716, #3312, #1893, .T. ) ;
#4074 = VECTOR ( 'NONE', #237, 1000.000000000000114 ) ;
#4075 = EDGE_CURVE ( 'NONE', #6150, #5919, #5527, .T. ) ;
#4076 = CARTESIAN_POINT ( 'NONE',  ( 8.250000000000000000, -3.299999999999998490, 0.2500000000000002220 ) ) ;
#4077 =( NAMED_UNIT ( * ) SI_UNIT ( $, .STERADIAN. ) SOLID_ANGLE_UNIT ( ) );
#4078 = PRESENTATION_LAYER_ASSIGNMENT (  '', '', ( #6761 ) ) ;
#4079 =( LENGTH_UNIT ( ) NAMED_UNIT ( * ) SI_UNIT ( .MILLI., .METRE. ) );
#4080 = ORIENTED_EDGE ( 'NONE', *, *, #6797, .T. ) ;
#4081 = CARTESIAN_POINT ( 'NONE',  ( 0.7500000000000002220, 1.149999999999999911, -2.050000000000001599 ) ) ;
#4082 = PRESENTATION_STYLE_ASSIGNMENT (( #7193 ) ) ;
#4083 =( LENGTH_UNIT ( ) NAMED_UNIT ( * ) SI_UNIT ( .MILLI., .METRE. ) );
#4084 = MECHANICAL_DESIGN_GEOMETRIC_PRESENTATION_REPRESENTATION (  '', ( #135 ), #4719 ) ;
#4085 = LINE ( 'NONE', #2970, #5906 ) ;
#4086 = PLANE ( 'NONE',  #6300 ) ;
#4087 = ORIENTED_EDGE ( 'NONE', *, *, #5734, .F. ) ;
#4088 =( GEOMETRIC_REPRESENTATION_CONTEXT ( 3 ) GLOBAL_UNCERTAINTY_ASSIGNED_CONTEXT ( ( #4483 ) ) GLOBAL_UNIT_ASSIGNED_CONTEXT ( ( #4797, #6042, #4077 ) ) REPRESENTATION_CONTEXT ( 'NONE', 'WORKASPACE' ) );
#4089 =( NAMED_UNIT ( * ) SI_UNIT ( $, .STERADIAN. ) SOLID_ANGLE_UNIT ( ) );
#4090 = FILL_AREA_STYLE_COLOUR ( '', #1602 ) ;
#4091 = DIRECTION ( 'NONE',  ( 4.336808689942017736E-16, 0.0000000000000000000, 1.000000000000000000 ) ) ;
#4092 = CARTESIAN_POINT ( 'NONE',  ( 8.250000000000000000, 0.2000000000000000111, -2.800000000000000266 ) ) ;
#4093 = VERTEX_POINT ( 'NONE', #7335 ) ;
#4094 = VECTOR ( 'NONE', #5405, 1000.000000000000114 ) ;
#4095 = PLANE ( 'NONE',  #5481 ) ;
#4096 = UNCERTAINTY_MEASURE_WITH_UNIT (LENGTH_MEASURE( 1.000000000000000082E-05 ), #5000, 'distance_accuracy_value', 'NONE');
#4097 = LINE ( 'NONE', #5937, #4300 ) ;
#4098 = CARTESIAN_POINT ( 'NONE',  ( -0.1500000000000021316, -3.399999999999999911, -2.800000000000001155 ) ) ;
#4099 = VECTOR ( 'NONE', #5945, 1000.000000000000000 ) ;
#4100 =( NAMED_UNIT ( * ) SI_UNIT ( $, .STERADIAN. ) SOLID_ANGLE_UNIT ( ) );
#4101 = ORIENTED_EDGE ( 'NONE', *, *, #4948, .T. ) ;
#4102 = CARTESIAN_POINT ( 'NONE',  ( 4.750000000000000888, 1.149999999999999911, -2.050000000000001599 ) ) ;
#4103 = ORIENTED_EDGE ( 'NONE', *, *, #2265, .T. ) ;
#4104 = PRESENTATION_STYLE_ASSIGNMENT (( #1695 ) ) ;
#4105 = DIRECTION ( 'NONE',  ( 0.0000000000000000000, -0.0000000000000000000, 1.000000000000000000 ) ) ;
#4106 = ORIENTED_EDGE ( 'NONE', *, *, #4460, .T. ) ;
#4107 = SURFACE_STYLE_USAGE ( .BOTH. , #1110 ) ;
#4108 = ADVANCED_FACE ( 'NONE', ( #1342, #1935, #6136, #4334, #669, #3187 ), #5487, .T. ) ;
#4109 = VERTEX_POINT ( 'NONE', #6268 ) ;
#4110 = MECHANICAL_DESIGN_GEOMETRIC_PRESENTATION_REPRESENTATION (  '', ( #3995 ), #5768 ) ;
#4111 = CARTESIAN_POINT ( 'NONE',  ( 1.750000000000000666, 4.999999999999999112, 0.2500000000000002220 ) ) ;
#4112 = CARTESIAN_POINT ( 'NONE',  ( 8.220000000000002416, 4.229999999999999538, 1.249999999999998446 ) ) ;
#4113 = EDGE_LOOP ( 'NONE', ( #6095, #1135, #236, #2012 ) ) ;
#4114 = EDGE_CURVE ( 'NONE', #4616, #6804, #1981, .T. ) ;
#4115 = STYLED_ITEM ( 'NONE', ( #143 ), #6359 ) ;
#4116 = FACE_OUTER_BOUND ( 'NONE', #4582, .T. ) ;
#4117 = EDGE_LOOP ( 'NONE', ( #6856, #3045, #4479, #2571 ) ) ;
#4118 = LINE ( 'NONE', #928, #3234 ) ;
#4119 =( GEOMETRIC_REPRESENTATION_CONTEXT ( 3 ) GLOBAL_UNCERTAINTY_ASSIGNED_CONTEXT ( ( #3501 ) ) GLOBAL_UNIT_ASSIGNED_CONTEXT ( ( #5144, #950, #4508 ) ) REPRESENTATION_CONTEXT ( 'NONE', 'WORKASPACE' ) );
#4120 = VECTOR ( 'NONE', #4379, 1000.000000000000000 ) ;
#4121 = DIRECTION ( 'NONE',  ( -1.000000000000000000, 5.421010862427522170E-17, 0.0000000000000000000 ) ) ;
#4122 = EDGE_LOOP ( 'NONE', ( #1543, #2396, #2025, #4148 ) ) ;
#4123 = SURFACE_SIDE_STYLE ('',( #1723 ) ) ;
#4124 = CARTESIAN_POINT ( 'NONE',  ( -0.2200000000000001399, 4.229999999999999538, 1.249999999999997558 ) ) ;
#4125 = CARTESIAN_POINT ( 'NONE',  ( -0.2500000000000000000, 4.999999999999999112, -0.2499999999999997780 ) ) ;
#4126 = STYLED_ITEM ( 'NONE', ( #2741 ), #3397 ) ;
#4127 = FILL_AREA_STYLE_COLOUR ( '', #2580 ) ;
#4128 = VECTOR ( 'NONE', #1233, 1000.000000000000000 ) ;
#4129 = VECTOR ( 'NONE', #1747, 1000.000000000000000 ) ;
#4130 =( LENGTH_UNIT ( ) NAMED_UNIT ( * ) SI_UNIT ( .MILLI., .METRE. ) );
#4131 =( NAMED_UNIT ( * ) SI_UNIT ( $, .STERADIAN. ) SOLID_ANGLE_UNIT ( ) );
#4132 = AXIS2_PLACEMENT_3D ( 'NONE', #4949, #3286, #247 ) ;
#4133 = CARTESIAN_POINT ( 'NONE',  ( -1.949999999999999956, 1.800000000000000044, -0.2499999999999997780 ) ) ;
#4134 = UNCERTAINTY_MEASURE_WITH_UNIT (LENGTH_MEASURE( 1.000000000000000082E-05 ), #4053, 'distance_accuracy_value', 'NONE');
#4135 = VERTEX_POINT ( 'NONE', #6416 ) ;
#4136 = CARTESIAN_POINT ( 'NONE',  ( 3.750000000000000444, -3.299999999999998490, 0.2500000000000002220 ) ) ;
#4137 = DIRECTION ( 'NONE',  ( 0.0000000000000000000, -1.000000000000000000, 0.0000000000000000000 ) ) ;
#4138 = CARTESIAN_POINT ( 'NONE',  ( -0.5499999999999923839, -4.100000000000004974, 0.5499999999999914957 ) ) ;
#4139 = VECTOR ( 'NONE', #2981, 1000.000000000000000 ) ;
#4140 = AXIS2_PLACEMENT_3D ( 'NONE', #1937, #5022, #4340 ) ;
#4141 = ORIENTED_EDGE ( 'NONE', *, *, #4991, .T. ) ;
#4142 = ORIENTED_EDGE ( 'NONE', *, *, #2913, .T. ) ;
#4143 = VECTOR ( 'NONE', #683, 1000.000000000000000 ) ;
#4144 = CARTESIAN_POINT ( 'NONE',  ( -1.350000000000000089, 5.650000000000000355, -2.350000000000001421 ) ) ;
#4145 = VECTOR ( 'NONE', #4921, 1000.000000000000000 ) ;
#4146 = SURFACE_SIDE_STYLE ('',( #1187 ) ) ;
#4147 = DIRECTION ( 'NONE',  ( 1.000000000000000000, -0.0000000000000000000, 1.927470528863119295E-16 ) ) ;
#4148 = ORIENTED_EDGE ( 'NONE', *, *, #366, .F. ) ;
#4149 = VERTEX_POINT ( 'NONE', #7546 ) ;
#4150 = MECHANICAL_DESIGN_GEOMETRIC_PRESENTATION_REPRESENTATION (  '', ( #3139 ), #4664 ) ;
#4151 =( NAMED_UNIT ( * ) PLANE_ANGLE_UNIT ( ) SI_UNIT ( $, .RADIAN. ) );
#4152 = DIRECTION ( 'NONE',  ( -3.833233541708453834E-17, -0.7071067811865509034, 0.7071067811865442421 ) ) ;
#4153 = SURFACE_STYLE_USAGE ( .BOTH. , #7151 ) ;
#4154 = FACE_OUTER_BOUND ( 'NONE', #4592, .T. ) ;
#4155 = EDGE_CURVE ( 'NONE', #5004, #1056, #7586, .T. ) ;
#4156 = DIRECTION ( 'NONE',  ( -0.0000000000000000000, 1.000000000000000000, -0.0000000000000000000 ) ) ;
#4157 = AXIS2_PLACEMENT_3D ( 'NONE', #6540, #7168, #4776 ) ;
#4158 =( GEOMETRIC_REPRESENTATION_CONTEXT ( 3 ) GLOBAL_UNCERTAINTY_ASSIGNED_CONTEXT ( ( #1681 ) ) GLOBAL_UNIT_ASSIGNED_CONTEXT ( ( #6871, #7519, #6934 ) ) REPRESENTATION_CONTEXT ( 'NONE', 'WORKASPACE' ) );
#4159 = VERTEX_POINT ( 'NONE', #2630 ) ;
#4160 = DIRECTION ( 'NONE',  ( 1.000000000000000000, -0.0000000000000000000, 1.927470528863119295E-16 ) ) ;
#4161 = MECHANICAL_DESIGN_GEOMETRIC_PRESENTATION_REPRESENTATION (  '', ( #7630 ), #5434 ) ;
#4162 = PRESENTATION_STYLE_ASSIGNMENT (( #4838 ) ) ;
#4163 = MECHANICAL_DESIGN_GEOMETRIC_PRESENTATION_REPRESENTATION (  '', ( #4287 ), #734 ) ;
#4164 = EDGE_CURVE ( 'NONE', #7719, #2722, #6928, .T. ) ;
#4165 = STYLED_ITEM ( 'NONE', ( #5894 ), #2299 ) ;
#4166 = SURFACE_STYLE_USAGE ( .BOTH. , #6762 ) ;
#4167 = ORIENTED_EDGE ( 'NONE', *, *, #6862, .T. ) ;
#4168 = EDGE_CURVE ( 'NONE', #4951, #527, #347, .T. ) ;
#4169 = ORIENTED_EDGE ( 'NONE', *, *, #6894, .T. ) ;
#4170 = VERTEX_POINT ( 'NONE', #7512 ) ;
#4171 = FILL_AREA_STYLE ('',( #2419 ) ) ;
#4172 =( NAMED_UNIT ( * ) SI_UNIT ( $, .STERADIAN. ) SOLID_ANGLE_UNIT ( ) );
#4173 = DIRECTION ( 'NONE',  ( 0.5773502691896206240, -0.5773502691896306160, -0.5773502691896260641 ) ) ;
#4174 = VECTOR ( 'NONE', #7370, 1000.000000000000000 ) ;
#4175 = PRESENTATION_STYLE_ASSIGNMENT (( #1727 ) ) ;
#4176 = EDGE_CURVE ( 'NONE', #870, #3987, #3907, .T. ) ;
#4177 =( LENGTH_UNIT ( ) NAMED_UNIT ( * ) SI_UNIT ( .MILLI., .METRE. ) );
#4178 = FILL_AREA_STYLE ('',( #4735 ) ) ;
#4179 = ORIENTED_EDGE ( 'NONE', *, *, #4849, .T. ) ;
#4180 = SURFACE_STYLE_FILL_AREA ( #1687 ) ;
#4181 = DIRECTION ( 'NONE',  ( -1.000000000000000000, 0.0000000000000000000, -0.0000000000000000000 ) ) ;
#4182 =( LENGTH_UNIT ( ) NAMED_UNIT ( * ) SI_UNIT ( .MILLI., .METRE. ) );
#4183 = VERTEX_POINT ( 'NONE', #1453 ) ;
#4184 = PRESENTATION_STYLE_ASSIGNMENT (( #1741 ) ) ;
#4185 =( NAMED_UNIT ( * ) SI_UNIT ( $, .STERADIAN. ) SOLID_ANGLE_UNIT ( ) );
#4186 = SURFACE_STYLE_USAGE ( .BOTH. , #481 ) ;
#4187 = SURFACE_STYLE_USAGE ( .BOTH. , #4146 ) ;
#4188 = LINE ( 'NONE', #5370, #2229 ) ;
#4189 = VERTEX_POINT ( 'NONE', #6345 ) ;
#4190 = LINE ( 'NONE', #6599, #6971 ) ;
#4191 = DIRECTION ( 'NONE',  ( 0.0000000000000000000, -0.0000000000000000000, 1.000000000000000000 ) ) ;
#4192 = DIRECTION ( 'NONE',  ( 0.0000000000000000000, 0.0000000000000000000, -1.000000000000000000 ) ) ;
#4193 = PRESENTATION_STYLE_ASSIGNMENT (( #5427 ) ) ;
#4194 = VERTEX_POINT ( 'NONE', #234 ) ;
#4195 = FILL_AREA_STYLE_COLOUR ( '', #5913 ) ;
#4196 = FILL_AREA_STYLE ('',( #2930 ) ) ;
#4197 = ORIENTED_EDGE ( 'NONE', *, *, #4217, .F. ) ;
#4198 = EDGE_CURVE ( 'NONE', #2394, #3243, #4428, .T. ) ;
#4199 = ORIENTED_EDGE ( 'NONE', *, *, #3003, .F. ) ;
#4200 = AXIS2_PLACEMENT_3D ( 'NONE', #7659, #3446, #879 ) ;
#4201 = CARTESIAN_POINT ( 'NONE',  ( 1.150000000000000355, 6.000000000000000000, 1.249999999999997558 ) ) ;
#4202 = ORIENTED_EDGE ( 'NONE', *, *, #6096, .F. ) ;
#4203 = DIRECTION ( 'NONE',  ( 4.818676322157798361E-16, -0.0000000000000000000, 1.000000000000000000 ) ) ;
#4204 = ORIENTED_EDGE ( 'NONE', *, *, #5633, .F. ) ;
#4205 = MECHANICAL_DESIGN_GEOMETRIC_PRESENTATION_REPRESENTATION (  '', ( #5346 ), #7801 ) ;
#4206 = DIRECTION ( 'NONE',  ( 0.0000000000000000000, -0.0000000000000000000, 1.000000000000000000 ) ) ;
#4207 = DIRECTION ( 'NONE',  ( 0.0000000000000000000, 0.0000000000000000000, 1.000000000000000000 ) ) ;
#4208 =( LENGTH_UNIT ( ) NAMED_UNIT ( * ) SI_UNIT ( .MILLI., .METRE. ) );
#4209 = ADVANCED_FACE ( 'NONE', ( #2101 ), #5057, .F. ) ;
#4210 = PRESENTATION_LAYER_ASSIGNMENT (  '', '', ( #2698 ) ) ;
#4211 = UNCERTAINTY_MEASURE_WITH_UNIT (LENGTH_MEASURE( 1.000000000000000082E-05 ), #7574, 'distance_accuracy_value', 'NONE');
#4212 = VERTEX_POINT ( 'NONE', #3307 ) ;
#4213 = ORIENTED_EDGE ( 'NONE', *, *, #7516, .F. ) ;
#4214 = LINE ( 'NONE', #712, #6466 ) ;
#4215 = CARTESIAN_POINT ( 'NONE',  ( 1.750000000000000222, -3.399999999999999911, 0.2500000000000002220 ) ) ;
#4216 = ORIENTED_EDGE ( 'NONE', *, *, #2810, .T. ) ;
#4217 = EDGE_CURVE ( 'NONE', #5723, #4951, #895, .T. ) ;
#4218 = AXIS2_PLACEMENT_3D ( 'NONE', #3960, #5067, #2650 ) ;
#4219 = VERTEX_POINT ( 'NONE', #1634 ) ;
#4220 = UNCERTAINTY_MEASURE_WITH_UNIT (LENGTH_MEASURE( 1.000000000000000082E-05 ), #39, 'distance_accuracy_value', 'NONE');
#4221 =( NAMED_UNIT ( * ) SI_UNIT ( $, .STERADIAN. ) SOLID_ANGLE_UNIT ( ) );
#4222 = PRESENTATION_LAYER_ASSIGNMENT (  '', '', ( #4347 ) ) ;
#4223 =( LENGTH_UNIT ( ) NAMED_UNIT ( * ) SI_UNIT ( .MILLI., .METRE. ) );
#4224 = DIRECTION ( 'NONE',  ( -1.000000000000000000, 0.0000000000000000000, 0.0000000000000000000 ) ) ;
#4225 = CARTESIAN_POINT ( 'NONE',  ( 7.299999999999998934, 0.0000000000000000000, -2.800000000000000266 ) ) ;
#4226 = EDGE_CURVE ( 'NONE', #5591, #3441, #6010, .T. ) ;
#4227 = ORIENTED_EDGE ( 'NONE', *, *, #6221, .F. ) ;
#4228 = LINE ( 'NONE', #2920, #1857 ) ;
#4229 =( LENGTH_UNIT ( ) NAMED_UNIT ( * ) SI_UNIT ( .MILLI., .METRE. ) );
#4230 = DIRECTION ( 'NONE',  ( 1.000000000000000000, 0.0000000000000000000, 0.0000000000000000000 ) ) ;
#4231 = LINE ( 'NONE', #90, #4143 ) ;
#4232 = CARTESIAN_POINT ( 'NONE',  ( -0.2500000000000004441, -3.299999999999998490, -0.2499999999999997780 ) ) ;
#4233 =( LENGTH_UNIT ( ) NAMED_UNIT ( * ) SI_UNIT ( .MILLI., .METRE. ) );
#4234 = CARTESIAN_POINT ( 'NONE',  ( 7.849999999999999645, 5.100000000000001421, -2.800000000000001155 ) ) ;
#4235 = ORIENTED_EDGE ( 'NONE', *, *, #4226, .F. ) ;
#4236 =( NAMED_UNIT ( * ) SI_UNIT ( $, .STERADIAN. ) SOLID_ANGLE_UNIT ( ) );
#4237 = VECTOR ( 'NONE', #7066, 1000.000000000000000 ) ;
#4238 = ORIENTED_EDGE ( 'NONE', *, *, #4056, .T. ) ;
#4239 = ORIENTED_EDGE ( 'NONE', *, *, #553, .T. ) ;
#4240 = DIRECTION ( 'NONE',  ( -0.0000000000000000000, -1.000000000000000000, -0.0000000000000000000 ) ) ;
#4242 = CARTESIAN_POINT ( 'NONE',  ( 3.750000000000001332, 4.999999999999995559, 0.2500000000000002220 ) ) ;
#4241 = VECTOR ( 'NONE', #2048, 1000.000000000000000 ) ;
#4243 = ORIENTED_EDGE ( 'NONE', *, *, #4642, .F. ) ;
#4244 =( LENGTH_UNIT ( ) NAMED_UNIT ( * ) SI_UNIT ( .MILLI., .METRE. ) );
#4245 =( LENGTH_UNIT ( ) NAMED_UNIT ( * ) SI_UNIT ( .MILLI., .METRE. ) );
#4246 = VECTOR ( 'NONE', #6156, 1000.000000000000000 ) ;
#4247 = DIRECTION ( 'NONE',  ( -0.0000000000000000000, -0.0000000000000000000, 1.000000000000000000 ) ) ;
#4248 = EDGE_CURVE ( 'NONE', #1438, #4189, #5975, .T. ) ;
#4249 = CARTESIAN_POINT ( 'NONE',  ( 6.249999999999998224, 1.800000000000000044, 0.2500000000000002220 ) ) ;
#4250 = FILL_AREA_STYLE_COLOUR ( '', #1674 ) ;
#4251 = EDGE_LOOP ( 'NONE', ( #4821, #2882, #6197, #5561, #2204 ) ) ;
#4252 = DIRECTION ( 'NONE',  ( 1.000000000000000000, -5.421010862427522170E-17, 0.0000000000000000000 ) ) ;
#4253 = ORIENTED_EDGE ( 'NONE', *, *, #3664, .F. ) ;
#4254 = VECTOR ( 'NONE', #932, 1000.000000000000000 ) ;
#4255 = DIRECTION ( 'NONE',  ( 1.000000000000000000, -5.421010862427522170E-17, 0.0000000000000000000 ) ) ;
#4256 = VECTOR ( 'NONE', #3077, 1000.000000000000000 ) ;
#4257 = CARTESIAN_POINT ( 'NONE',  ( 0.6999999999999992895, 0.1999999999999999833, -2.800000000000000266 ) ) ;
#4258 = LINE ( 'NONE', #7222, #6059 ) ;
#4259 = PRESENTATION_STYLE_ASSIGNMENT (( #6028 ) ) ;
#4260 = EDGE_CURVE ( 'NONE', #5749, #4616, #4728, .T. ) ;
#4261 = LINE ( 'NONE', #2479, #5280 ) ;
#4262 = ORIENTED_EDGE ( 'NONE', *, *, #3713, .F. ) ;
#4263 = VECTOR ( 'NONE', #7677, 1000.000000000000000 ) ;
#4264 = LINE ( 'NONE', #4943, #4609 ) ;
#4265 = AXIS2_PLACEMENT_3D ( 'NONE', #391, #3467, #6511 ) ;
#4266 = LINE ( 'NONE', #2604, #4330 ) ;
#4267 = PRESENTATION_LAYER_ASSIGNMENT (  '', '', ( #6697 ) ) ;
#4268 = DIRECTION ( 'NONE',  ( -3.833233541708466776E-17, -0.7071067811865533459, -0.7071067811865416886 ) ) ;
#4269 = LINE ( 'NONE', #1112, #3375 ) ;
#4270 = LINE ( 'NONE', #6789, #4859 ) ;
#4271 = ADVANCED_FACE ( 'NONE', ( #1724 ), #3423, .T. ) ;
#4273 =( GEOMETRIC_REPRESENTATION_CONTEXT ( 3 ) GLOBAL_UNCERTAINTY_ASSIGNED_CONTEXT ( ( #4966 ) ) GLOBAL_UNIT_ASSIGNED_CONTEXT ( ( #2027, #6824, #3740 ) ) REPRESENTATION_CONTEXT ( 'NONE', 'WORKASPACE' ) );
#4272 = FILL_AREA_STYLE_COLOUR ( '', #1673 ) ;
#4274 = FILL_AREA_STYLE_COLOUR ( '', #6967 ) ;
#4275 = ORIENTED_EDGE ( 'NONE', *, *, #7181, .T. ) ;
#4276 = CARTESIAN_POINT ( 'NONE',  ( 5.750000000000000000, -3.399999999999999911, -0.2499999999999997780 ) ) ;
#4277 = VECTOR ( 'NONE', #4818, 1000.000000000000000 ) ;
#4278 =( GEOMETRIC_REPRESENTATION_CONTEXT ( 3 ) GLOBAL_UNCERTAINTY_ASSIGNED_CONTEXT ( ( #5358 ) ) GLOBAL_UNIT_ASSIGNED_CONTEXT ( ( #6164, #2620, #2579 ) ) REPRESENTATION_CONTEXT ( 'NONE', 'WORKASPACE' ) );
#4279 =( LENGTH_UNIT ( ) NAMED_UNIT ( * ) SI_UNIT ( .MILLI., .METRE. ) );
#4280 = PRESENTATION_LAYER_ASSIGNMENT (  '', '', ( #5297 ) ) ;
#4281 = PRESENTATION_LAYER_ASSIGNMENT (  '', '', ( #969 ) ) ;
#4282 = VECTOR ( 'NONE', #3206, 1000.000000000000000 ) ;
#4283 = PRESENTATION_LAYER_ASSIGNMENT (  '', '', ( #7630 ) ) ;
#4284 = CARTESIAN_POINT ( 'NONE',  ( 0.0000000000000000000, 0.0000000000000000000, 0.0000000000000000000 ) ) ;
#4285 = ORIENTED_EDGE ( 'NONE', *, *, #3379, .T. ) ;
#4286 = SURFACE_SIDE_STYLE ('',( #2545 ) ) ;
#4287 = STYLED_ITEM ( 'NONE', ( #1026 ), #3705 ) ;
#4288 =( NAMED_UNIT ( * ) SI_UNIT ( $, .STERADIAN. ) SOLID_ANGLE_UNIT ( ) );
#4289 = DIRECTION ( 'NONE',  ( -1.000000000000000000, 0.0000000000000000000, -8.106184467181340768E-17 ) ) ;
#4290 = DIRECTION ( 'NONE',  ( 9.103382349328301547E-49, 2.350988701644575016E-32, 1.000000000000000000 ) ) ;
#4291 =( NAMED_UNIT ( * ) SI_UNIT ( $, .STERADIAN. ) SOLID_ANGLE_UNIT ( ) );
#4292 = CARTESIAN_POINT ( 'NONE',  ( 3.299999999999999378, 0.2000000000000000389, -2.800000000000000266 ) ) ;
#4293 = VECTOR ( 'NONE', #6889, 1000.000000000000000 ) ;
#4294 = ORIENTED_EDGE ( 'NONE', *, *, #5529, .F. ) ;
#4295 = PRESENTATION_STYLE_ASSIGNMENT (( #7295 ) ) ;
#4296 = UNCERTAINTY_MEASURE_WITH_UNIT (LENGTH_MEASURE( 1.000000000000000082E-05 ), #5616, 'distance_accuracy_value', 'NONE');
#4297 = LINE ( 'NONE', #6696, #5106 ) ;
#4298 =( LENGTH_UNIT ( ) NAMED_UNIT ( * ) SI_UNIT ( .MILLI., .METRE. ) );
#4299 = EDGE_CURVE ( 'NONE', #955, #5183, #5853, .T. ) ;
#4300 = VECTOR ( 'NONE', #4019, 1000.000000000000000 ) ;
#4301 = FILL_AREA_STYLE ('',( #5412 ) ) ;
#4302 = CARTESIAN_POINT ( 'NONE',  ( 6.249999999999998224, -3.399999999999999911, 0.2500000000000002220 ) ) ;
#4303 = ORIENTED_EDGE ( 'NONE', *, *, #3472, .F. ) ;
#4304 = FACE_OUTER_BOUND ( 'NONE', #3988, .T. ) ;
#4305 = CARTESIAN_POINT ( 'NONE',  ( 9.699999999999999289, 6.000000000000000000, -0.6800000000000009370 ) ) ;
#4306 = CARTESIAN_POINT ( 'NONE',  ( -1.349999999999999867, 1.149999999999999911, -1.050000000000003597 ) ) ;
#4307 = EDGE_CURVE ( 'NONE', #6989, #1307, #5354, .T. ) ;
#4308 = DIRECTION ( 'NONE',  ( 1.000000000000000000, -3.872150616019660190E-17, -4.336808689942017736E-16 ) ) ;
#4309 = SURFACE_STYLE_FILL_AREA ( #9 ) ;
#4310 = DIRECTION ( 'NONE',  ( 1.927470528863119542E-16, -1.000000000000000000, 0.0000000000000000000 ) ) ;
#4311 = SURFACE_STYLE_USAGE ( .BOTH. , #12 ) ;
#4312 = ORIENTED_EDGE ( 'NONE', *, *, #3014, .F. ) ;
#4313 = LINE ( 'NONE', #1954, #5385 ) ;
#4314 = UNCERTAINTY_MEASURE_WITH_UNIT (LENGTH_MEASURE( 1.000000000000000082E-05 ), #6226, 'distance_accuracy_value', 'NONE');
#4315 =( NAMED_UNIT ( * ) SI_UNIT ( $, .STERADIAN. ) SOLID_ANGLE_UNIT ( ) );
#4316 = ORIENTED_EDGE ( 'NONE', *, *, #1037, .T. ) ;
#4317 = EDGE_CURVE ( 'NONE', #4159, #1056, #2182, .T. ) ;
#4318 = DIRECTION ( 'NONE',  ( -1.084202172485504237E-15, -1.000000000000000000, 0.0000000000000000000 ) ) ;
#4319 = VECTOR ( 'NONE', #1594, 1000.000000000000000 ) ;
#4320 = FACE_OUTER_BOUND ( 'NONE', #7884, .T. ) ;
#4321 = DIRECTION ( 'NONE',  ( 0.0000000000000000000, -1.000000000000000000, 0.0000000000000000000 ) ) ;
#4322 = ORIENTED_EDGE ( 'NONE', *, *, #4036, .F. ) ;
#4323 = CARTESIAN_POINT ( 'NONE',  ( 5.750000000000000000, 4.999999999999999112, 0.2500000000000002220 ) ) ;
#4324 = PLANE ( 'NONE',  #6545 ) ;
#4325 = SURFACE_STYLE_FILL_AREA ( #1888 ) ;
#4326 = FILL_AREA_STYLE ('',( #3859 ) ) ;
#4327 = COLOUR_RGB ( '',1.000000000000000000, 1.000000000000000000, 1.000000000000000000 ) ;
#4328 = UNCERTAINTY_MEASURE_WITH_UNIT (LENGTH_MEASURE( 1.000000000000000082E-05 ), #3714, 'distance_accuracy_value', 'NONE');
#4329 = AXIS2_PLACEMENT_3D ( 'NONE', #6012, #5976, #6053 ) ;
#4330 = VECTOR ( 'NONE', #3167, 1000.000000000000000 ) ;
#4331 = CARTESIAN_POINT ( 'NONE',  ( 4.049999999999999822, 5.100000000000001421, 0.1499999999999973577 ) ) ;
#4332 = DIRECTION ( 'NONE',  ( -5.421010862427522170E-17, -1.000000000000000000, 2.350988701644575016E-32 ) ) ;
#4333 = CARTESIAN_POINT ( 'NONE',  ( 5.299999999999998934, 0.2000000000000000389, 1.700000000000000178 ) ) ;
#4334 = FACE_BOUND ( 'NONE', #4631, .T. ) ;
#4335 = SURFACE_STYLE_FILL_AREA ( #2517 ) ;
#4336 = ORIENTED_EDGE ( 'NONE', *, *, #2370, .T. ) ;
#4337 = PRESENTATION_STYLE_ASSIGNMENT (( #2437 ) ) ;
#4338 = UNCERTAINTY_MEASURE_WITH_UNIT (LENGTH_MEASURE( 1.000000000000000082E-05 ), #5039, 'distance_accuracy_value', 'NONE');
#4339 = CARTESIAN_POINT ( 'NONE',  ( 7.750000000000000000, -3.299999999999998490, -0.2499999999999997780 ) ) ;
#4340 = DIRECTION ( 'NONE',  ( 9.103382349328301547E-49, 2.350988701644575016E-32, 1.000000000000000000 ) ) ;
#4341 = SURFACE_STYLE_USAGE ( .BOTH. , #3 ) ;
#4342 = FACE_OUTER_BOUND ( 'NONE', #1259, .T. ) ;
#4343 = EDGE_CURVE ( 'NONE', #3290, #407, #4608, .T. ) ;
#4344 = ORIENTED_EDGE ( 'NONE', *, *, #2533, .F. ) ;
#4345 = CARTESIAN_POINT ( 'NONE',  ( -1.350000000000000089, 1.149999999999999911, -2.350000000000001421 ) ) ;
#4346 =( GEOMETRIC_REPRESENTATION_CONTEXT ( 3 ) GLOBAL_UNCERTAINTY_ASSIGNED_CONTEXT ( ( #3932 ) ) GLOBAL_UNIT_ASSIGNED_CONTEXT ( ( #3525, #6561, #6486 ) ) REPRESENTATION_CONTEXT ( 'NONE', 'WORKASPACE' ) );
#4347 = STYLED_ITEM ( 'NONE', ( #6138 ), #5469 ) ;
#4348 = FILL_AREA_STYLE_COLOUR ( '', #5166 ) ;
#4349 = AXIS2_PLACEMENT_3D ( 'NONE', #288, #162, #2686 ) ;
#4350 = SURFACE_SIDE_STYLE ('',( #1395 ) ) ;
#4351 =( NAMED_UNIT ( * ) PLANE_ANGLE_UNIT ( ) SI_UNIT ( $, .RADIAN. ) );
#4352 = DIRECTION ( 'NONE',  ( 1.927470528863119542E-16, -1.000000000000000000, 0.0000000000000000000 ) ) ;
#4353 = CARTESIAN_POINT ( 'NONE',  ( 1.300000000000000044, 0.2000000000000000389, 0.2500000000000002220 ) ) ;
#4354 = ADVANCED_FACE ( 'NONE', ( #6495 ), #4647, .F. ) ;
#4355 = ORIENTED_EDGE ( 'NONE', *, *, #3543, .T. ) ;
#4356 = PRESENTATION_LAYER_ASSIGNMENT (  '', '', ( #6651 ) ) ;
#4357 = EDGE_LOOP ( 'NONE', ( #4355, #3699 ) ) ;
#4358 = ORIENTED_EDGE ( 'NONE', *, *, #1041, .F. ) ;
#4359 = ADVANCED_FACE ( 'NONE', ( #624 ), #4324, .F. ) ;
#4360 = FILL_AREA_STYLE ('',( #6885 ) ) ;
#4361 = PRESENTATION_STYLE_ASSIGNMENT (( #174 ) ) ;
#4362 = COLOUR_RGB ( '',1.000000000000000000, 1.000000000000000000, 1.000000000000000000 ) ;
#4363 = EDGE_CURVE ( 'NONE', #2107, #1281, #1887, .T. ) ;
#4364 = VERTEX_POINT ( 'NONE', #1795 ) ;
#4365 = DIRECTION ( 'NONE',  ( 0.0000000000000000000, -0.0000000000000000000, 1.000000000000000000 ) ) ;
#4366 = CARTESIAN_POINT ( 'NONE',  ( -1.350000000000000089, 5.650000000000000355, 1.249999999999997558 ) ) ;
#4367 = PLANE ( 'NONE',  #5860 ) ;
#4368 = MECHANICAL_DESIGN_GEOMETRIC_PRESENTATION_REPRESENTATION (  '', ( #1542 ), #6579 ) ;
#4369 = VERTEX_POINT ( 'NONE', #7371 ) ;
#4370 = SURFACE_STYLE_FILL_AREA ( #3183 ) ;
#4371 = MECHANICAL_DESIGN_GEOMETRIC_PRESENTATION_REPRESENTATION (  '', ( #5253 ), #6421 ) ;
#4372 = VECTOR ( 'NONE', #4931, 1000.000000000000000 ) ;
#4373 = CARTESIAN_POINT ( 'NONE',  ( 4.699999999999999289, 0.0000000000000000000, -2.800000000000000266 ) ) ;
#4374 = SURFACE_STYLE_FILL_AREA ( #1934 ) ;
#4375 = FILL_AREA_STYLE ('',( #7336 ) ) ;
#4376 = MECHANICAL_DESIGN_GEOMETRIC_PRESENTATION_REPRESENTATION (  '', ( #419 ), #1315 ) ;
#4377 =( GEOMETRIC_REPRESENTATION_CONTEXT ( 3 ) GLOBAL_UNCERTAINTY_ASSIGNED_CONTEXT ( ( #6740 ) ) GLOBAL_UNIT_ASSIGNED_CONTEXT ( ( #4753, #1117, #4236 ) ) REPRESENTATION_CONTEXT ( 'NONE', 'WORKASPACE' ) );
#4378 =( NAMED_UNIT ( * ) SI_UNIT ( $, .STERADIAN. ) SOLID_ANGLE_UNIT ( ) );
#4379 = DIRECTION ( 'NONE',  ( -1.084202172485504237E-15, -1.000000000000000000, 0.0000000000000000000 ) ) ;
#4380 = FILL_AREA_STYLE_COLOUR ( '', #6701 ) ;
#4381 = PRESENTATION_STYLE_ASSIGNMENT (( #4341 ) ) ;
#4382 = VECTOR ( 'NONE', #7846, 1000.000000000000000 ) ;
#4383 = FILL_AREA_STYLE ('',( #1939 ) ) ;
#4384 = ORIENTED_EDGE ( 'NONE', *, *, #1028, .T. ) ;
#4385 = SURFACE_STYLE_FILL_AREA ( #6873 ) ;
#4386 = CARTESIAN_POINT ( 'NONE',  ( -0.2500000000000000000, 4.999999999999999112, -0.2499999999999997780 ) ) ;
#4387 = ORIENTED_EDGE ( 'NONE', *, *, #3574, .F. ) ;
#4388 = DIRECTION ( 'NONE',  ( -4.336808689942017736E-16, 0.0000000000000000000, -1.000000000000000000 ) ) ;
#4389 = EDGE_LOOP ( 'NONE', ( #1914, #808, #7855, #3571, #4080 ) ) ;
#4390 =( NAMED_UNIT ( * ) PLANE_ANGLE_UNIT ( ) SI_UNIT ( $, .RADIAN. ) );
#4391 = COLOUR_RGB ( '',1.000000000000000000, 1.000000000000000000, 1.000000000000000000 ) ;
#4392 = LINE ( 'NONE', #6205, #7413 ) ;
#4393 = SURFACE_STYLE_USAGE ( .BOTH. , #5034 ) ;
#4394 = DIRECTION ( 'NONE',  ( -0.0000000000000000000, -1.000000000000000000, -0.0000000000000000000 ) ) ;
#4395 = VECTOR ( 'NONE', #3079, 1000.000000000000000 ) ;
#4396 = ORIENTED_EDGE ( 'NONE', *, *, #553, .F. ) ;
#4397 = MECHANICAL_DESIGN_GEOMETRIC_PRESENTATION_REPRESENTATION (  '', ( #4557 ), #1570 ) ;
#4398 = EDGE_LOOP ( 'NONE', ( #6370, #3349, #7626, #7763 ) ) ;
#4399 = PRESENTATION_LAYER_ASSIGNMENT (  '', '', ( #7866 ) ) ;
#4400 = DIRECTION ( 'NONE',  ( 1.000000000000000000, 0.0000000000000000000, 0.0000000000000000000 ) ) ;
#4401 = CARTESIAN_POINT ( 'NONE',  ( -1.033333333333324555, -2.516666666666661278, -1.033333333333322779 ) ) ;
#4402 = ORIENTED_EDGE ( 'NONE', *, *, #4956, .F. ) ;
#4403 = AXIS2_PLACEMENT_3D ( 'NONE', #709, #6813, #5400 ) ;
#4404 = ORIENTED_EDGE ( 'NONE', *, *, #6559, .T. ) ;
#4405 = VECTOR ( 'NONE', #245, 1000.000000000000000 ) ;
#4406 = EDGE_CURVE ( 'NONE', #3916, #2722, #3648, .T. ) ;
#4407 = PRESENTATION_LAYER_ASSIGNMENT (  '', '', ( #7609 ) ) ;
#4408 = CARTESIAN_POINT ( 'NONE',  ( 9.950000000000001066, 6.000000000000000000, 1.699999999999999289 ) ) ;
#4409 = AXIS2_PLACEMENT_3D ( 'NONE', #4870, #4268, #1908 ) ;
#4410 = CARTESIAN_POINT ( 'NONE',  ( -0.2500000000000002220, -3.399999999999999911, 0.2500000000000002220 ) ) ;
#4411 = MECHANICAL_DESIGN_GEOMETRIC_PRESENTATION_REPRESENTATION (  '', ( #1346 ), #2888 ) ;
#4412 = CARTESIAN_POINT ( 'NONE',  ( 9.950000000000001066, 0.0000000000000000000, 1.699999999999999289 ) ) ;
#4413 = ORIENTED_EDGE ( 'NONE', *, *, #2863, .T. ) ;
#4414 = DIRECTION ( 'NONE',  ( 1.000000000000000000, 0.0000000000000000000, 0.0000000000000000000 ) ) ;
#4415 = STYLED_ITEM ( 'NONE', ( #6132 ), #7463 ) ;
#4416 = CARTESIAN_POINT ( 'NONE',  ( -0.2500000000000004441, -3.399999999999999911, -0.2499999999999997780 ) ) ;
#4417 = EDGE_CURVE ( 'NONE', #7131, #2394, #7873, .T. ) ;
#4418 = FILL_AREA_STYLE_COLOUR ( '', #5596 ) ;
#4419 = UNCERTAINTY_MEASURE_WITH_UNIT (LENGTH_MEASURE( 1.000000000000000082E-05 ), #1801, 'distance_accuracy_value', 'NONE');
#4420 = MECHANICAL_DESIGN_GEOMETRIC_PRESENTATION_REPRESENTATION (  '', ( #1990 ), #4897 ) ;
#4421 = EDGE_CURVE ( 'NONE', #5873, #5676, #3023, .T. ) ;
#4422 = ORIENTED_EDGE ( 'NONE', *, *, #3774, .F. ) ;
#4423 = VECTOR ( 'NONE', #4894, 1000.000000000000000 ) ;
#4424 = FILL_AREA_STYLE ('',( #5011 ) ) ;
#4425 = AXIS2_PLACEMENT_3D ( 'NONE', #2670, #5085, #6381 ) ;
#4426 = AXIS2_PLACEMENT_3D ( 'NONE', #154, #3870, #2637 ) ;
#4427 = SURFACE_STYLE_USAGE ( .BOTH. , #2515 ) ;
#4428 = LINE ( 'NONE', #3269, #7094 ) ;
#4429 = SURFACE_STYLE_FILL_AREA ( #5575 ) ;
#4430 =( LENGTH_UNIT ( ) NAMED_UNIT ( * ) SI_UNIT ( .MILLI., .METRE. ) );
#4431 = AXIS2_PLACEMENT_3D ( 'NONE', #1298, #3864, #7378 ) ;
#4432 = ADVANCED_FACE ( 'NONE', ( #2458 ), #6061, .T. ) ;
#4433 = PRESENTATION_LAYER_ASSIGNMENT (  '', '', ( #5564 ) ) ;
#4434 =( NAMED_UNIT ( * ) PLANE_ANGLE_UNIT ( ) SI_UNIT ( $, .RADIAN. ) );
#4435 = DIRECTION ( 'NONE',  ( 0.5773502691896292838, 0.5773502691896192918, 0.5773502691896288397 ) ) ;
#4436 = CARTESIAN_POINT ( 'NONE',  ( 6.749999999999999112, 3.399999999999999467, -2.050000000000001599 ) ) ;
#4437 =( LENGTH_UNIT ( ) NAMED_UNIT ( * ) SI_UNIT ( .MILLI., .METRE. ) );
#4438 = ORIENTED_EDGE ( 'NONE', *, *, #887, .T. ) ;
#4439 = DIRECTION ( 'NONE',  ( 4.336808689942017736E-16, 0.0000000000000000000, 1.000000000000000000 ) ) ;
#4440 = EDGE_CURVE ( 'NONE', #6150, #1245, #3617, .T. ) ;
#4441 = DIRECTION ( 'NONE',  ( 0.7071067811865443531, -0.7071067811865506814, -3.066586833366734471E-16 ) ) ;
#4442 = SURFACE_SIDE_STYLE ('',( #1997 ) ) ;
#4443 = UNCERTAINTY_MEASURE_WITH_UNIT (LENGTH_MEASURE( 1.000000000000000082E-05 ), #4933, 'distance_accuracy_value', 'NONE');
#4444 = FILL_AREA_STYLE_COLOUR ( '', #3849 ) ;
#4445 = CARTESIAN_POINT ( 'NONE',  ( -0.2200000000000001399, 4.229999999999999538, 1.700000000000000178 ) ) ;
#4446 = PRESENTATION_STYLE_ASSIGNMENT (( #4311 ) ) ;
#4447 = AXIS2_PLACEMENT_3D ( 'NONE', #2990, #6658, #7342 ) ;
#4448 = ORIENTED_EDGE ( 'NONE', *, *, #1709, .F. ) ;
#4449 = ORIENTED_EDGE ( 'NONE', *, *, #126, .T. ) ;
#4450 = DIRECTION ( 'NONE',  ( 1.000000000000000000, -0.0000000000000000000, 1.927470528863119295E-16 ) ) ;
#4451 = DIRECTION ( 'NONE',  ( -0.0000000000000000000, -0.0000000000000000000, -1.000000000000000000 ) ) ;
#4452 = LINE ( 'NONE', #6294, #3273 ) ;
#4453 = PRESENTATION_STYLE_ASSIGNMENT (( #2010 ) ) ;
#4454 = ORIENTED_EDGE ( 'NONE', *, *, #3789, .F. ) ;
#4455 = ORIENTED_EDGE ( 'NONE', *, *, #3783, .T. ) ;
#4456 = CARTESIAN_POINT ( 'NONE',  ( 6.850000000000000533, 6.000000000000000000, 1.599999999999998090 ) ) ;
#4457 = SURFACE_STYLE_USAGE ( .BOTH. , #2055 ) ;
#4458 = DIRECTION ( 'NONE',  ( 1.000000000000000000, -0.0000000000000000000, 1.927470528863119295E-16 ) ) ;
#4460 = EDGE_CURVE ( 'NONE', #4219, #3016, #3030, .T. ) ;
#4459 = CARTESIAN_POINT ( 'NONE',  ( 6.850000000000000533, 3.799500000000001432, -0.6005000000000012550 ) ) ;
#4461 = PRESENTATION_STYLE_ASSIGNMENT (( #271 ) ) ;
#4462 = CARTESIAN_POINT ( 'NONE',  ( -1.350000000000000089, 1.149999999999999911, -1.050000000000003597 ) ) ;
#4463 = ORIENTED_EDGE ( 'NONE', *, *, #6088, .T. ) ;
#4464 =( GEOMETRIC_REPRESENTATION_CONTEXT ( 3 ) GLOBAL_UNCERTAINTY_ASSIGNED_CONTEXT ( ( #1486 ) ) GLOBAL_UNIT_ASSIGNED_CONTEXT ( ( #6954, #4151, #1749 ) ) REPRESENTATION_CONTEXT ( 'NONE', 'WORKASPACE' ) );
#4465 = SURFACE_STYLE_USAGE ( .BOTH. , #1349 ) ;
#4466 = DIRECTION ( 'NONE',  ( -1.000000000000000000, 3.872150616019660806E-17, -0.0000000000000000000 ) ) ;
#4467 = DIRECTION ( 'NONE',  ( -1.084202172485504237E-15, -1.000000000000000000, 0.0000000000000000000 ) ) ;
#4469 = EDGE_CURVE ( 'NONE', #6597, #3329, #225, .T. ) ;
#4468 = ORIENTED_EDGE ( 'NONE', *, *, #6463, .F. ) ;
#4470 = SURFACE_STYLE_USAGE ( .BOTH. , #1463 ) ;
#4471 = CARTESIAN_POINT ( 'NONE',  ( -1.699999999999999512, 6.000000000000000000, -2.350000000000001421 ) ) ;
#4472 = AXIS2_PLACEMENT_3D ( 'NONE', #7760, #7588, #4575 ) ;
#4473 = COLOUR_RGB ( '',1.000000000000000000, 0.8117647058823529438, 0.5019607843137254832 ) ;
#4474 = DIRECTION ( 'NONE',  ( -0.0000000000000000000, -0.0000000000000000000, 1.000000000000000000 ) ) ;
#4475 = CARTESIAN_POINT ( 'NONE',  ( 6.149999999999995914, -3.399999999999999911, 0.2500000000000002220 ) ) ;
#4476 = SURFACE_STYLE_USAGE ( .BOTH. , #1363 ) ;
#4477 = EDGE_CURVE ( 'NONE', #441, #3760, #6920, .T. ) ;
#4478 =( NAMED_UNIT ( * ) SI_UNIT ( $, .STERADIAN. ) SOLID_ANGLE_UNIT ( ) );
#4479 = ORIENTED_EDGE ( 'NONE', *, *, #3238, .F. ) ;
#4480 = ORIENTED_EDGE ( 'NONE', *, *, #4176, .T. ) ;
#4481 = DIRECTION ( 'NONE',  ( -0.0000000000000000000, -0.0000000000000000000, -1.000000000000000000 ) ) ;
#4482 = FILL_AREA_STYLE_COLOUR ( '', #4965 ) ;
#4483 = UNCERTAINTY_MEASURE_WITH_UNIT (LENGTH_MEASURE( 1.000000000000000082E-05 ), #4797, 'distance_accuracy_value', 'NONE');
#4484 = CARTESIAN_POINT ( 'NONE',  ( 6.966666666666657903, -2.516666666666667940, -1.033333333333343651 ) ) ;
#4485 = STYLED_ITEM ( 'NONE', ( #6472 ), #5239 ) ;
#4486 = LINE ( 'NONE', #2694, #3514 ) ;
#4487 = FACE_OUTER_BOUND ( 'NONE', #7529, .T. ) ;
#4488 =( NAMED_UNIT ( * ) SI_UNIT ( $, .STERADIAN. ) SOLID_ANGLE_UNIT ( ) );
#4489 = EDGE_LOOP ( 'NONE', ( #6515, #3369, #2069, #328 ) ) ;
#4490 = ORIENTED_EDGE ( 'NONE', *, *, #4417, .T. ) ;
#4491 = FILL_AREA_STYLE ('',( #2205 ) ) ;
#4492 =( NAMED_UNIT ( * ) SI_UNIT ( $, .STERADIAN. ) SOLID_ANGLE_UNIT ( ) );
#4493 = CARTESIAN_POINT ( 'NONE',  ( -1.349999999999998312, 6.000000000000000000, 0.3199999999999999512 ) ) ;
#4494 = PLANE ( 'NONE',  #433 ) ;
#4495 = CARTESIAN_POINT ( 'NONE',  ( -1.949999999999999956, 1.800000000000000044, -2.800000000000000266 ) ) ;
#4496 = CARTESIAN_POINT ( 'NONE',  ( 9.950000000000001066, 6.000000000000000000, 1.699999999999999289 ) ) ;
#4497 = VERTEX_POINT ( 'NONE', #628 ) ;
#4498 = MECHANICAL_DESIGN_GEOMETRIC_PRESENTATION_REPRESENTATION (  '', ( #7842 ), #1433 ) ;
#4499 = FILL_AREA_STYLE_COLOUR ( '', #2290 ) ;
#4500 = EDGE_CURVE ( 'NONE', #7294, #725, #7918, .T. ) ;
#4501 = ORIENTED_EDGE ( 'NONE', *, *, #4597, .F. ) ;
#4502 = PRESENTATION_STYLE_ASSIGNMENT (( #6278 ) ) ;
#4503 = SURFACE_STYLE_USAGE ( .BOTH. , #5779 ) ;
#4504 =( GEOMETRIC_REPRESENTATION_CONTEXT ( 3 ) GLOBAL_UNCERTAINTY_ASSIGNED_CONTEXT ( ( #3240 ) ) GLOBAL_UNIT_ASSIGNED_CONTEXT ( ( #5930, #1678, #3540 ) ) REPRESENTATION_CONTEXT ( 'NONE', 'WORKASPACE' ) );
#4505 = FILL_AREA_STYLE_COLOUR ( '', #1347 ) ;
#4507 = ADVANCED_FACE ( 'NONE', ( #3067 ), #69, .F. ) ;
#4506 = CARTESIAN_POINT ( 'NONE',  ( -1.950000000000000400, 1.380000000000000782, 1.300000000000000044 ) ) ;
#4508 =( NAMED_UNIT ( * ) SI_UNIT ( $, .STERADIAN. ) SOLID_ANGLE_UNIT ( ) );
#4509 = EDGE_CURVE ( 'NONE', #3207, #3503, #3853, .T. ) ;
#4510 = AXIS2_PLACEMENT_3D ( 'NONE', #2775, #3480, #6958 ) ;
#4511 = VECTOR ( 'NONE', #4952, 1000.000000000000000 ) ;
#4512 = PRESENTATION_STYLE_ASSIGNMENT (( #5219 ) ) ;
#4513 = CARTESIAN_POINT ( 'NONE',  ( 1.250000000000000666, 1.149999999999999911, -2.050000000000001599 ) ) ;
#4514 = ORIENTED_EDGE ( 'NONE', *, *, #1765, .T. ) ;
#4515 = ORIENTED_EDGE ( 'NONE', *, *, #6862, .F. ) ;
#4516 = VECTOR ( 'NONE', #4121, 1000.000000000000000 ) ;
#4517 =( GEOMETRIC_REPRESENTATION_CONTEXT ( 3 ) GLOBAL_UNCERTAINTY_ASSIGNED_CONTEXT ( ( #820 ) ) GLOBAL_UNIT_ASSIGNED_CONTEXT ( ( #3667, #3636, #6716 ) ) REPRESENTATION_CONTEXT ( 'NONE', 'WORKASPACE' ) );
#4519 = EDGE_CURVE ( 'NONE', #5676, #6498, #854, .T. ) ;
#4518 = PLANE ( 'NONE',  #4200 ) ;
#4520 = PRESENTATION_LAYER_ASSIGNMENT (  '', '', ( #5531 ) ) ;
#4521 = LINE ( 'NONE', #1288, #4640 ) ;
#4522 =( GEOMETRIC_REPRESENTATION_CONTEXT ( 3 ) GLOBAL_UNCERTAINTY_ASSIGNED_CONTEXT ( ( #106 ) ) GLOBAL_UNIT_ASSIGNED_CONTEXT ( ( #4223, #3552, #7805 ) ) REPRESENTATION_CONTEXT ( 'NONE', 'WORKASPACE' ) );
#4523 = DIRECTION ( 'NONE',  ( 1.000000000000000000, -0.0000000000000000000, -7.288754100742886941E-17 ) ) ;
#4524 = DIRECTION ( 'NONE',  ( 1.000000000000000000, 0.0000000000000000000, 0.0000000000000000000 ) ) ;
#4525 = EDGE_LOOP ( 'NONE', ( #6389, #5193, #82, #3693 ) ) ;
#4526 = SURFACE_STYLE_USAGE ( .BOTH. , #2816 ) ;
#4527 = PRESENTATION_LAYER_ASSIGNMENT (  '', '', ( #66 ) ) ;
#4528 = DIRECTION ( 'NONE',  ( -1.000000000000000000, 3.872150616019661422E-17, 0.0000000000000000000 ) ) ;
#4529 = VECTOR ( 'NONE', #1524, 1000.000000000000000 ) ;
#4530 = UNCERTAINTY_MEASURE_WITH_UNIT (LENGTH_MEASURE( 1.000000000000000082E-05 ), #6330, 'distance_accuracy_value', 'NONE');
#4531 = STYLED_ITEM ( 'NONE', ( #4601 ), #5776 ) ;
#4532 = FILL_AREA_STYLE_COLOUR ( '', #1188 ) ;
#4533 = PRESENTATION_LAYER_ASSIGNMENT (  '', '', ( #76 ) ) ;
#4534 = LINE ( 'NONE', #3263, #7617 ) ;
#4536 = ORIENTED_EDGE ( 'NONE', *, *, #1984, .F. ) ;
#4535 = FACE_OUTER_BOUND ( 'NONE', #2885, .T. ) ;
#4537 = CARTESIAN_POINT ( 'NONE',  ( -0.2500000000000004441, 0.2000000000000000111, -0.2499999999999997780 ) ) ;
#4538 = LINE ( 'NONE', #7591, #258 ) ;
#4539 = SURFACE_SIDE_STYLE ('',( #7551 ) ) ;
#4540 = MECHANICAL_DESIGN_GEOMETRIC_PRESENTATION_REPRESENTATION (  '', ( #5960 ), #3784 ) ;
#4541 = ORIENTED_EDGE ( 'NONE', *, *, #2375, .T. ) ;
#4542 = STYLED_ITEM ( 'NONE', ( #1892 ), #24 ) ;
#4543 = ORIENTED_EDGE ( 'NONE', *, *, #1077, .T. ) ;
#4544 = DIRECTION ( 'NONE',  ( -1.000000000000000000, -0.0000000000000000000, -0.0000000000000000000 ) ) ;
#4545 = EDGE_CURVE ( 'NONE', #6778, #6917, #259, .T. ) ;
#4546 = STYLED_ITEM ( 'NONE', ( #7570 ), #3678 ) ;
#4547 = PRESENTATION_STYLE_ASSIGNMENT (( #7561 ) ) ;
#4548 = VECTOR ( 'NONE', #2152, 1000.000000000000000 ) ;
#4549 =( GEOMETRIC_REPRESENTATION_CONTEXT ( 3 ) GLOBAL_UNCERTAINTY_ASSIGNED_CONTEXT ( ( #7090 ) ) GLOBAL_UNIT_ASSIGNED_CONTEXT ( ( #4963, #7324, #5514 ) ) REPRESENTATION_CONTEXT ( 'NONE', 'WORKASPACE' ) );
#4550 = SURFACE_SIDE_STYLE ('',( #5033 ) ) ;
#4551 = CARTESIAN_POINT ( 'NONE',  ( 5.299999999999998934, 0.2000000000000000389, -0.2499999999999997780 ) ) ;
#4552 = PRESENTATION_STYLE_ASSIGNMENT (( #2124 ) ) ;
#4553 = EDGE_CURVE ( 'NONE', #4903, #917, #5074, .T. ) ;
#4554 = EDGE_LOOP ( 'NONE', ( #2986, #5440, #4005, #7024, #3744 ) ) ;
#4555 = ORIENTED_EDGE ( 'NONE', *, *, #4860, .T. ) ;
#4556 = DIRECTION ( 'NONE',  ( 3.872150616019660190E-17, 1.000000000000000000, -0.0000000000000000000 ) ) ;
#4557 = STYLED_ITEM ( 'NONE', ( #3300 ), #411 ) ;
#4558 = ADVANCED_FACE ( 'NONE', ( #4487 ), #4815, .T. ) ;
#4559 = DIRECTION ( 'NONE',  ( -4.336808689942017736E-16, 0.0000000000000000000, -1.000000000000000000 ) ) ;
#4560 = MECHANICAL_DESIGN_GEOMETRIC_PRESENTATION_REPRESENTATION (  '', ( #1111 ), #4694 ) ;
#4561 = ORIENTED_EDGE ( 'NONE', *, *, #2575, .F. ) ;
#4562 = CARTESIAN_POINT ( 'NONE',  ( 1.749999999999999778, -3.299999999999998490, -0.2499999999999997780 ) ) ;
#4563 = DIRECTION ( 'NONE',  ( 1.000000000000000000, -5.421010862427522170E-17, 0.0000000000000000000 ) ) ;
#4564 = EDGE_CURVE ( 'NONE', #5654, #5238, #1480, .T. ) ;
#4565 =( LENGTH_UNIT ( ) NAMED_UNIT ( * ) SI_UNIT ( .MILLI., .METRE. ) );
#4566 = SURFACE_STYLE_USAGE ( .BOTH. , #5885 ) ;
#4567 =( NAMED_UNIT ( * ) SI_UNIT ( $, .STERADIAN. ) SOLID_ANGLE_UNIT ( ) );
#4568 = CARTESIAN_POINT ( 'NONE',  ( 7.750000000000000000, -3.399999999999999911, 0.2500000000000002220 ) ) ;
#4569 = EDGE_CURVE ( 'NONE', #918, #7730, #5756, .T. ) ;
#4570 = ORIENTED_EDGE ( 'NONE', *, *, #1440, .T. ) ;
#4571 = SURFACE_SIDE_STYLE ('',( #6380 ) ) ;
#4572 = DIRECTION ( 'NONE',  ( 1.000000000000000000, -5.421010862427522170E-17, 0.0000000000000000000 ) ) ;
#4573 = DIRECTION ( 'NONE',  ( -0.0000000000000000000, 1.000000000000000000, -0.0000000000000000000 ) ) ;
#4574 =( LENGTH_UNIT ( ) NAMED_UNIT ( * ) SI_UNIT ( .MILLI., .METRE. ) );
#4575 = DIRECTION ( 'NONE',  ( 1.000000000000000000, 0.0000000000000000000, -0.0000000000000000000 ) ) ;
#4576 = UNCERTAINTY_MEASURE_WITH_UNIT (LENGTH_MEASURE( 1.000000000000000082E-05 ), #6502, 'distance_accuracy_value', 'NONE');
#4577 = PRESENTATION_STYLE_ASSIGNMENT (( #2861 ) ) ;
#4578 = FILL_AREA_STYLE ('',( #7639 ) ) ;
#4579 = DIRECTION ( 'NONE',  ( 4.336808689942017736E-16, 0.0000000000000000000, 1.000000000000000000 ) ) ;
#4580 = SURFACE_STYLE_FILL_AREA ( #2711 ) ;
#4581 = ORIENTED_EDGE ( 'NONE', *, *, #4545, .T. ) ;
#4582 = EDGE_LOOP ( 'NONE', ( #7314, #2915, #1329, #7477, #1558, #4957 ) ) ;
#4583 = DIRECTION ( 'NONE',  ( 1.000000000000000000, 0.0000000000000000000, 0.0000000000000000000 ) ) ;
#4584 = DIRECTION ( 'NONE',  ( 0.0000000000000000000, -1.000000000000000000, 5.782411586589358625E-16 ) ) ;
#4585 = AXIS2_PLACEMENT_3D ( 'NONE', #7735, #4192, #5341 ) ;
#4586 = CARTESIAN_POINT ( 'NONE',  ( 4.083333333333336590, 5.166666666666662522, 0.08333333333333542425 ) ) ;
#4587 = LINE ( 'NONE', #3994, #5235 ) ;
#4588 =( NAMED_UNIT ( * ) PLANE_ANGLE_UNIT ( ) SI_UNIT ( $, .RADIAN. ) );
#4589 = CARTESIAN_POINT ( 'NONE',  ( 0.7500000000000002220, 3.399999999999999467, -2.050000000000001599 ) ) ;
#4590 = VERTEX_POINT ( 'NONE', #4081 ) ;
#4591 = CIRCLE ( 'NONE', #1528, 0.05000000000000019013 ) ;
#4592 = EDGE_LOOP ( 'NONE', ( #2815, #4998, #6872, #1841 ) ) ;
#4593 = ORIENTED_EDGE ( 'NONE', *, *, #5840, .T. ) ;
#4594 = COLOUR_RGB ( '',1.000000000000000000, 1.000000000000000000, 1.000000000000000000 ) ;
#4595 =( NAMED_UNIT ( * ) PLANE_ANGLE_UNIT ( ) SI_UNIT ( $, .RADIAN. ) );
#4596 = STYLED_ITEM ( 'NONE', ( #4044 ), #1794 ) ;
#4597 = EDGE_CURVE ( 'NONE', #7693, #870, #5273, .T. ) ;
#4598 = ORIENTED_EDGE ( 'NONE', *, *, #2163, .T. ) ;
#4599 = DIRECTION ( 'NONE',  ( -0.0000000000000000000, -0.0000000000000000000, 1.000000000000000000 ) ) ;
#4600 = VECTOR ( 'NONE', #5147, 1000.000000000000000 ) ;
#4601 = PRESENTATION_STYLE_ASSIGNMENT (( #2174 ) ) ;
#4602 = LINE ( 'NONE', #968, #7667 ) ;
#4603 = AXIS2_PLACEMENT_3D ( 'NONE', #4496, #6383, #235 ) ;
#4604 = ADVANCED_FACE ( 'NONE', ( #7746 ), #2779, .T. ) ;
#4605 = LINE ( 'NONE', #7582, #6457 ) ;
#4606 = PRESENTATION_STYLE_ASSIGNMENT (( #4013 ) ) ;
#4607 = UNCERTAINTY_MEASURE_WITH_UNIT (LENGTH_MEASURE( 1.000000000000000082E-05 ), #1452, 'distance_accuracy_value', 'NONE');
#4608 = LINE ( 'NONE', #3459, #599 ) ;
#4609 = VECTOR ( 'NONE', #3745, 1000.000000000000000 ) ;
#4610 =( NAMED_UNIT ( * ) SI_UNIT ( $, .STERADIAN. ) SOLID_ANGLE_UNIT ( ) );
#4611 = DIRECTION ( 'NONE',  ( -1.000000000000000000, 0.0000000000000000000, -8.106184467181340768E-17 ) ) ;
#4612 = FACE_OUTER_BOUND ( 'NONE', #3516, .T. ) ;
#4613 = ORIENTED_EDGE ( 'NONE', *, *, #6519, .T. ) ;
#4614 = DIRECTION ( 'NONE',  ( -1.000000000000000000, 3.872150616019660190E-17, 0.0000000000000000000 ) ) ;
#4615 = VECTOR ( 'NONE', #1636, 1000.000000000000000 ) ;
#4616 = VERTEX_POINT ( 'NONE', #6998 ) ;
#4617 = LINE ( 'NONE', #799, #5174 ) ;
#4618 = SURFACE_STYLE_FILL_AREA ( #2071 ) ;
#4619 = DIRECTION ( 'NONE',  ( 0.0000000000000000000, 1.000000000000000000, 0.0000000000000000000 ) ) ;
#4620 =( LENGTH_UNIT ( ) NAMED_UNIT ( * ) SI_UNIT ( .MILLI., .METRE. ) );
#4621 = CARTESIAN_POINT ( 'NONE',  ( 3.250000000000000888, 3.149999999999999023, -2.050000000000001599 ) ) ;
#4622 = CARTESIAN_POINT ( 'NONE',  ( 1.166666666666678287, -4.383333333333339077, -0.8333333333333200477 ) ) ;
#4623 = DIRECTION ( 'NONE',  ( -4.336808689942017736E-16, 0.0000000000000000000, -1.000000000000000000 ) ) ;
#4624 = VECTOR ( 'NONE', #6836, 1000.000000000000000 ) ;
#4625 = VECTOR ( 'NONE', #5722, 1000.000000000000000 ) ;
#4626 = DIRECTION ( 'NONE',  ( 1.000000000000000000, -0.0000000000000000000, 0.0000000000000000000 ) ) ;
#4627 = ORIENTED_EDGE ( 'NONE', *, *, #3625, .F. ) ;
#4628 = EDGE_LOOP ( 'NONE', ( #5802, #3547, #5263, #2832 ) ) ;
#4629 = ORIENTED_EDGE ( 'NONE', *, *, #6811, .F. ) ;
#4630 = EDGE_LOOP ( 'NONE', ( #5850, #3173, #107, #1919 ) ) ;
#4631 = EDGE_LOOP ( 'NONE', ( #2973, #2785, #768, #2317 ) ) ;
#4632 = CARTESIAN_POINT ( 'NONE',  ( -1.951000000000000956, 6.000000000000000000, -0.6800000000000009370 ) ) ;
#4633 = FILL_AREA_STYLE_COLOUR ( '', #4842 ) ;
#4634 = FILL_AREA_STYLE ('',( #7660 ) ) ;
#4635 = DIRECTION ( 'NONE',  ( -0.5773502691896258421, -0.5773502691896257311, 0.5773502691896257311 ) ) ;
#4636 = MECHANICAL_DESIGN_GEOMETRIC_PRESENTATION_REPRESENTATION (  '', ( #6678 ), #3623 ) ;
#4637 = ORIENTED_EDGE ( 'NONE', *, *, #4026, .T. ) ;
#4638 = CARTESIAN_POINT ( 'NONE',  ( 5.750000000000001776, 4.999999999999999112, 0.2500000000000002220 ) ) ;
#4639 = ORIENTED_EDGE ( 'NONE', *, *, #4073, .T. ) ;
#4640 = VECTOR ( 'NONE', #6162, 1000.000000000000000 ) ;
#4641 = DIRECTION ( 'NONE',  ( 0.0000000000000000000, -0.0000000000000000000, 1.000000000000000000 ) ) ;
#4642 = EDGE_CURVE ( 'NONE', #2985, #7003, #1512, .T. ) ;
#4643 = VECTOR ( 'NONE', #5318, 1000.000000000000000 ) ;
#4644 = VECTOR ( 'NONE', #3485, 1000.000000000000000 ) ;
#4645 = CARTESIAN_POINT ( 'NONE',  ( 8.699999999999999289, 0.1999999999999999833, -2.800000000000000266 ) ) ;
#4646 = PRESENTATION_LAYER_ASSIGNMENT (  '', '', ( #2100 ) ) ;
#4647 = PLANE ( 'NONE',  #5644 ) ;
#4648 = MECHANICAL_DESIGN_GEOMETRIC_PRESENTATION_REPRESENTATION (  '', ( #5282 ), #2866 ) ;
#4649 = FACE_OUTER_BOUND ( 'NONE', #1839, .T. ) ;
#4650 = DIRECTION ( 'NONE',  ( -9.103382349328301547E-49, -2.350988701644575016E-32, -1.000000000000000000 ) ) ;
#4651 = ORIENTED_EDGE ( 'NONE', *, *, #2621, .F. ) ;
#4652 = ADVANCED_FACE ( 'NONE', ( #966 ), #5844, .F. ) ;
#4653 = CARTESIAN_POINT ( 'NONE',  ( 0.1499999999999973577, 5.100000000000001421, -2.800000000000000266 ) ) ;
#4654 = AXIS2_PLACEMENT_3D ( 'NONE', #2870, #4705, #985 ) ;
#4655 = FACE_OUTER_BOUND ( 'NONE', #6362, .T. ) ;
#4656 = LINE ( 'NONE', #7799, #1577 ) ;
#4657 = VECTOR ( 'NONE', #5777, 1000.000000000000000 ) ;
#4658 = EDGE_CURVE ( 'NONE', #6760, #4809, #3672, .T. ) ;
#4659 = ORIENTED_EDGE ( 'NONE', *, *, #671, .F. ) ;
#4660 = DIRECTION ( 'NONE',  ( -1.000000000000000000, 5.421010862427522170E-17, 0.0000000000000000000 ) ) ;
#4661 = DIRECTION ( 'NONE',  ( -4.336808689942017736E-16, 0.0000000000000000000, -1.000000000000000000 ) ) ;
#4662 = CARTESIAN_POINT ( 'NONE',  ( 1.300000000000000044, 0.2000000000000000389, -0.2499999999999997780 ) ) ;
#4663 = EDGE_CURVE ( 'NONE', #1116, #857, #2286, .T. ) ;
#4664 =( GEOMETRIC_REPRESENTATION_CONTEXT ( 3 ) GLOBAL_UNCERTAINTY_ASSIGNED_CONTEXT ( ( #2493 ) ) GLOBAL_UNIT_ASSIGNED_CONTEXT ( ( #1413, #2703, #5851 ) ) REPRESENTATION_CONTEXT ( 'NONE', 'WORKASPACE' ) );
#4665 = VECTOR ( 'NONE', #6864, 1000.000000000000114 ) ;
#4666 = VECTOR ( 'NONE', #1156, 1000.000000000000000 ) ;
#4667 =( GEOMETRIC_REPRESENTATION_CONTEXT ( 3 ) GLOBAL_UNCERTAINTY_ASSIGNED_CONTEXT ( ( #1261 ) ) GLOBAL_UNIT_ASSIGNED_CONTEXT ( ( #7017, #3433, #3395 ) ) REPRESENTATION_CONTEXT ( 'NONE', 'WORKASPACE' ) );
#4668 = CARTESIAN_POINT ( 'NONE',  ( 1.150000000000000355, 6.000000000000000000, -2.801000000000000600 ) ) ;
#4669 = LINE ( 'NONE', #2315, #4771 ) ;
#4670 = EDGE_CURVE ( 'NONE', #1284, #5589, #1667, .T. ) ;
#4671 = VERTEX_POINT ( 'NONE', #3528 ) ;
#4672 = ORIENTED_EDGE ( 'NONE', *, *, #1465, .T. ) ;
#4673 = CARTESIAN_POINT ( 'NONE',  ( 5.749999999999998224, 1.800000000000000044, -2.800000000000003819 ) ) ;
#4674 = LINE ( 'NONE', #1505, #7063 ) ;
#4675 = VECTOR ( 'NONE', #5993, 1000.000000000000000 ) ;
#4676 = VERTEX_POINT ( 'NONE', #3640 ) ;
#4677 = AXIS2_PLACEMENT_3D ( 'NONE', #7065, #4224, #1864 ) ;
#4678 = SURFACE_STYLE_FILL_AREA ( #3476 ) ;
#4679 = FILL_AREA_STYLE ('',( #401 ) ) ;
#4680 =( GEOMETRIC_REPRESENTATION_CONTEXT ( 3 ) GLOBAL_UNCERTAINTY_ASSIGNED_CONTEXT ( ( #3039 ) ) GLOBAL_UNIT_ASSIGNED_CONTEXT ( ( #1308, #5027, #1941 ) ) REPRESENTATION_CONTEXT ( 'NONE', 'WORKASPACE' ) );
#4681 = FILL_AREA_STYLE ('',( #7076 ) ) ;
#4682 = SURFACE_STYLE_FILL_AREA ( #6638 ) ;
#4683 = AXIS2_PLACEMENT_3D ( 'NONE', #7634, #2180, #2146 ) ;
#4684 = ORIENTED_EDGE ( 'NONE', *, *, #5480, .T. ) ;
#4685 =( NAMED_UNIT ( * ) SI_UNIT ( $, .STERADIAN. ) SOLID_ANGLE_UNIT ( ) );
#4686 = CARTESIAN_POINT ( 'NONE',  ( 6.249999999999998224, -3.299999999999998490, -0.2499999999999997780 ) ) ;
#4687 = CARTESIAN_POINT ( 'NONE',  ( 4.250000000000000000, -3.399999999999999911, 0.2500000000000002220 ) ) ;
#4688 = PLANE ( 'NONE',  #7580 ) ;
#4689 = ORIENTED_EDGE ( 'NONE', *, *, #1119, .F. ) ;
#4690 = PLANE ( 'NONE',  #2845 ) ;
#4691 = ORIENTED_EDGE ( 'NONE', *, *, #334, .T. ) ;
#4692 = DIRECTION ( 'NONE',  ( 1.000000000000000000, -0.0000000000000000000, -7.288754100742886941E-17 ) ) ;
#4693 =( NAMED_UNIT ( * ) PLANE_ANGLE_UNIT ( ) SI_UNIT ( $, .RADIAN. ) );
#4694 =( GEOMETRIC_REPRESENTATION_CONTEXT ( 3 ) GLOBAL_UNCERTAINTY_ASSIGNED_CONTEXT ( ( #4854 ) ) GLOBAL_UNIT_ASSIGNED_CONTEXT ( ( #7879, #2389, #586 ) ) REPRESENTATION_CONTEXT ( 'NONE', 'WORKASPACE' ) );
#4695 = SURFACE_SIDE_STYLE ('',( #6462 ) ) ;
#4696 = VERTEX_POINT ( 'NONE', #2929 ) ;
#4697 = DIRECTION ( 'NONE',  ( -0.0000000000000000000, -0.0000000000000000000, 1.000000000000000000 ) ) ;
#4698 = ORIENTED_EDGE ( 'NONE', *, *, #4008, .F. ) ;
#4699 = DIRECTION ( 'NONE',  ( 0.0000000000000000000, 1.000000000000000000, 0.0000000000000000000 ) ) ;
#4700 = FILL_AREA_STYLE_COLOUR ( '', #5566 ) ;
#4701 = ADVANCED_FACE ( 'NONE', ( #3054 ), #7315, .T. ) ;
#4702 = ORIENTED_EDGE ( 'NONE', *, *, #4021, .T. ) ;
#4703 = PLANE ( 'NONE',  #4157 ) ;
#4704 = CARTESIAN_POINT ( 'NONE',  ( 9.349999999999999645, 5.650000000000000355, -2.350000000000000977 ) ) ;
#4705 = DIRECTION ( 'NONE',  ( 0.0000000000000000000, 0.0000000000000000000, -1.000000000000000000 ) ) ;
#4706 = ORIENTED_EDGE ( 'NONE', *, *, #4016, .T. ) ;
#4707 = DIRECTION ( 'NONE',  ( -0.0000000000000000000, 1.000000000000000000, -0.0000000000000000000 ) ) ;
#4708 = DIRECTION ( 'NONE',  ( 1.000000000000000000, 0.0000000000000000000, 0.0000000000000000000 ) ) ;
#4709 = EDGE_CURVE ( 'NONE', #5983, #875, #7863, .T. ) ;
#4710 = CARTESIAN_POINT ( 'NONE',  ( 1.299999999999999600, 0.0000000000000000000, 1.700000000000000178 ) ) ;
#4711 = ORIENTED_EDGE ( 'NONE', *, *, #4469, .F. ) ;
#4712 = ORIENTED_EDGE ( 'NONE', *, *, #2408, .T. ) ;
#4713 =( LENGTH_UNIT ( ) NAMED_UNIT ( * ) SI_UNIT ( .MILLI., .METRE. ) );
#4714 = CARTESIAN_POINT ( 'NONE',  ( -0.08333333333333217685, 5.166666666666666075, -0.08333333333333195481 ) ) ;
#4715 = DIRECTION ( 'NONE',  ( -1.000000000000000000, 5.421010862427522170E-17, 0.0000000000000000000 ) ) ;
#4716 =( GEOMETRIC_REPRESENTATION_CONTEXT ( 3 ) GLOBAL_UNCERTAINTY_ASSIGNED_CONTEXT ( ( #1174 ) ) GLOBAL_UNIT_ASSIGNED_CONTEXT ( ( #2026, #4434, #5177 ) ) REPRESENTATION_CONTEXT ( 'NONE', 'WORKASPACE' ) );
#4717 = DIRECTION ( 'NONE',  ( 4.818676322157798361E-16, 0.0000000000000000000, 1.000000000000000000 ) ) ;
#4718 = LINE ( 'NONE', #3449, #901 ) ;
#4719 =( GEOMETRIC_REPRESENTATION_CONTEXT ( 3 ) GLOBAL_UNCERTAINTY_ASSIGNED_CONTEXT ( ( #303 ) ) GLOBAL_UNIT_ASSIGNED_CONTEXT ( ( #1214, #2387, #539 ) ) REPRESENTATION_CONTEXT ( 'NONE', 'WORKASPACE' ) );
#4720 =( GEOMETRIC_REPRESENTATION_CONTEXT ( 3 ) GLOBAL_UNCERTAINTY_ASSIGNED_CONTEXT ( ( #4530 ) ) GLOBAL_UNIT_ASSIGNED_CONTEXT ( ( #6330, #7073, #1507 ) ) REPRESENTATION_CONTEXT ( 'NONE', 'WORKASPACE' ) );
#4721 = DIRECTION ( 'NONE',  ( 0.0000000000000000000, 0.0000000000000000000, 1.000000000000000000 ) ) ;
#4722 = ORIENTED_EDGE ( 'NONE', *, *, #4155, .T. ) ;
#4723 = DIRECTION ( 'NONE',  ( 1.000000000000000000, 0.0000000000000000000, 6.079638350386007117E-17 ) ) ;
#4724 =( GEOMETRIC_REPRESENTATION_CONTEXT ( 3 ) GLOBAL_UNCERTAINTY_ASSIGNED_CONTEXT ( ( #6331 ) ) GLOBAL_UNIT_ASSIGNED_CONTEXT ( ( #5742, #2718, #6394 ) ) REPRESENTATION_CONTEXT ( 'NONE', 'WORKASPACE' ) );
#4725 = ORIENTED_EDGE ( 'NONE', *, *, #4709, .F. ) ;
#4726 = SURFACE_STYLE_USAGE ( .BOTH. , #304 ) ;
#4727 = LINE ( 'NONE', #5279, #54 ) ;
#4728 = LINE ( 'NONE', #4124, #6966 ) ;
#4729 = DIRECTION ( 'NONE',  ( 9.103382349328301547E-49, 2.350988701644575016E-32, 1.000000000000000000 ) ) ;
#4730 =( GEOMETRIC_REPRESENTATION_CONTEXT ( 3 ) GLOBAL_UNCERTAINTY_ASSIGNED_CONTEXT ( ( #3582 ) ) GLOBAL_UNIT_ASSIGNED_CONTEXT ( ( #3655, #5015, #4857 ) ) REPRESENTATION_CONTEXT ( 'NONE', 'WORKASPACE' ) );
#4731 = UNCERTAINTY_MEASURE_WITH_UNIT (LENGTH_MEASURE( 1.000000000000000082E-05 ), #4901, 'distance_accuracy_value', 'NONE');
#4732 = DIRECTION ( 'NONE',  ( -0.7071067811865477948, -0.7071067811865473507, 2.725854962992665134E-16 ) ) ;
#4733 = FILL_AREA_STYLE ('',( #3498 ) ) ;
#4734 = COLOUR_RGB ( '',1.000000000000000000, 0.8117647058823529438, 0.5019607843137254832 ) ;
#4735 = FILL_AREA_STYLE_COLOUR ( '', #1336 ) ;
#4736 = VERTEX_POINT ( 'NONE', #528 ) ;
#4737 = SURFACE_SIDE_STYLE ('',( #2305 ) ) ;
#4738 = CARTESIAN_POINT ( 'NONE',  ( 5.299999999999998934, 0.2000000000000000389, -2.800000000000000266 ) ) ;
#4739 = ADVANCED_FACE ( 'NONE', ( #5384 ), #1754, .T. ) ;
#4740 = DIRECTION ( 'NONE',  ( 0.0000000000000000000, 1.000000000000000000, 0.0000000000000000000 ) ) ;
#4741 = SURFACE_STYLE_USAGE ( .BOTH. , #6548 ) ;
#4742 = VERTEX_POINT ( 'NONE', #3175 ) ;
#4743 = CARTESIAN_POINT ( 'NONE',  ( -1.350000000000000089, 1.799999999999999600, -0.4000000000000023537 ) ) ;
#4744 = ORIENTED_EDGE ( 'NONE', *, *, #3837, .F. ) ;
#4745 = LINE ( 'NONE', #7180, #5795 ) ;
#4746 = EDGE_CURVE ( 'NONE', #4903, #3987, #1285, .T. ) ;
#4747 = FILL_AREA_STYLE_COLOUR ( '', #6509 ) ;
#4748 = EDGE_CURVE ( 'NONE', #548, #7294, #1880, .T. ) ;
#4749 =( LENGTH_UNIT ( ) NAMED_UNIT ( * ) SI_UNIT ( .MILLI., .METRE. ) );
#4750 = MECHANICAL_DESIGN_GEOMETRIC_PRESENTATION_REPRESENTATION (  '', ( #5050 ), #4504 ) ;
#4751 = PLANE ( 'NONE',  #1652 ) ;
#4752 = ORIENTED_EDGE ( 'NONE', *, *, #2817, .T. ) ;
#4753 =( LENGTH_UNIT ( ) NAMED_UNIT ( * ) SI_UNIT ( .MILLI., .METRE. ) );
#4754 = EDGE_CURVE ( 'NONE', #1961, #7190, #5677, .T. ) ;
#4755 = DIRECTION ( 'NONE',  ( 0.0000000000000000000, -0.0000000000000000000, 1.000000000000000000 ) ) ;
#4756 =( GEOMETRIC_REPRESENTATION_CONTEXT ( 3 ) GLOBAL_UNCERTAINTY_ASSIGNED_CONTEXT ( ( #3142 ) ) GLOBAL_UNIT_ASSIGNED_CONTEXT ( ( #6048, #2334, #4760 ) ) REPRESENTATION_CONTEXT ( 'NONE', 'WORKASPACE' ) );
#4757 = MECHANICAL_DESIGN_GEOMETRIC_PRESENTATION_REPRESENTATION (  '', ( #1682 ), #3735 ) ;
#4758 = LINE ( 'NONE', #1756, #2289 ) ;
#4759 = ORIENTED_EDGE ( 'NONE', *, *, #754, .T. ) ;
#4760 =( NAMED_UNIT ( * ) SI_UNIT ( $, .STERADIAN. ) SOLID_ANGLE_UNIT ( ) );
#4761 = STYLED_ITEM ( 'NONE', ( #6104 ), #6790 ) ;
#4762 = SURFACE_SIDE_STYLE ('',( #2337 ) ) ;
#4763 = ORIENTED_EDGE ( 'NONE', *, *, #3585, .F. ) ;
#4764 = LINE ( 'NONE', #463, #6347 ) ;
#4765 =( LENGTH_UNIT ( ) NAMED_UNIT ( * ) SI_UNIT ( .MILLI., .METRE. ) );
#4766 = PRESENTATION_LAYER_ASSIGNMENT (  '', '', ( #7466 ) ) ;
#4767 = FILL_AREA_STYLE_COLOUR ( '', #889 ) ;
#4768 =( GEOMETRIC_REPRESENTATION_CONTEXT ( 3 ) GLOBAL_UNCERTAINTY_ASSIGNED_CONTEXT ( ( #2665 ) ) GLOBAL_UNIT_ASSIGNED_CONTEXT ( ( #5963, #5996, #7185 ) ) REPRESENTATION_CONTEXT ( 'NONE', 'WORKASPACE' ) );
#4769 = CARTESIAN_POINT ( 'NONE',  ( 4.750000000000000888, 3.399999999999999467, -2.050000000000001599 ) ) ;
#4770 = SURFACE_STYLE_USAGE ( .BOTH. , #7135 ) ;
#4771 = VECTOR ( 'NONE', #5260, 1000.000000000000114 ) ;
#4772 = AXIS2_PLACEMENT_3D ( 'NONE', #6608, #1628, #1755 ) ;
#4773 = CARTESIAN_POINT ( 'NONE',  ( 0.6999999999999992895, 0.1999999999999999833, 1.700000000000000178 ) ) ;
#4774 = UNCERTAINTY_MEASURE_WITH_UNIT (LENGTH_MEASURE( 1.000000000000000082E-05 ), #6702, 'distance_accuracy_value', 'NONE');
#4775 = ORIENTED_EDGE ( 'NONE', *, *, #6243, .T. ) ;
#4776 = DIRECTION ( 'NONE',  ( 0.0000000000000000000, -0.0000000000000000000, -1.000000000000000000 ) ) ;
#4777 = PLANE ( 'NONE',  #2578 ) ;
#4778 = SURFACE_SIDE_STYLE ('',( #7338 ) ) ;
#4779 = VECTOR ( 'NONE', #5523, 1000.000000000000000 ) ;
#4780 = PRESENTATION_LAYER_ASSIGNMENT (  '', '', ( #1338 ) ) ;
#4781 = ORIENTED_EDGE ( 'NONE', *, *, #6944, .F. ) ;
#4782 = UNCERTAINTY_MEASURE_WITH_UNIT (LENGTH_MEASURE( 1.000000000000000082E-05 ), #3337, 'distance_accuracy_value', 'NONE');
#4783 = CARTESIAN_POINT ( 'NONE',  ( -0.7000000000000000666, 0.2000000000000000389, -2.800000000000000266 ) ) ;
#4784 = ORIENTED_EDGE ( 'NONE', *, *, #3842, .F. ) ;
#4785 = EDGE_CURVE ( 'NONE', #6597, #1250, #4995, .T. ) ;
#4786 = ORIENTED_EDGE ( 'NONE', *, *, #7804, .F. ) ;
#4787 = CARTESIAN_POINT ( 'NONE',  ( 2.250000000000000000, 1.800000000000000044, 0.2500000000000002220 ) ) ;
#4788 = ORIENTED_EDGE ( 'NONE', *, *, #126, .F. ) ;
#4789 =( GEOMETRIC_REPRESENTATION_CONTEXT ( 3 ) GLOBAL_UNCERTAINTY_ASSIGNED_CONTEXT ( ( #97 ) ) GLOBAL_UNIT_ASSIGNED_CONTEXT ( ( #2510, #6812, #1975 ) ) REPRESENTATION_CONTEXT ( 'NONE', 'WORKASPACE' ) );
#4790 = DIRECTION ( 'NONE',  ( 0.0000000000000000000, 1.000000000000000000, 0.0000000000000000000 ) ) ;
#4791 = ORIENTED_EDGE ( 'NONE', *, *, #2030, .T. ) ;
#4792 = PRESENTATION_LAYER_ASSIGNMENT (  '', '', ( #5941 ) ) ;
#4793 = DIRECTION ( 'NONE',  ( -0.0000000000000000000, -0.0000000000000000000, -1.000000000000000000 ) ) ;
#4794 =( GEOMETRIC_REPRESENTATION_CONTEXT ( 3 ) GLOBAL_UNCERTAINTY_ASSIGNED_CONTEXT ( ( #3107 ) ) GLOBAL_UNIT_ASSIGNED_CONTEXT ( ( #4182, #7886, #6866 ) ) REPRESENTATION_CONTEXT ( 'NONE', 'WORKASPACE' ) );
#4795 = DIRECTION ( 'NONE',  ( -1.000000000000000000, 5.421010862427522170E-17, 0.0000000000000000000 ) ) ;
#4796 = EDGE_CURVE ( 'NONE', #1699, #716, #4313, .T. ) ;
#4797 =( LENGTH_UNIT ( ) NAMED_UNIT ( * ) SI_UNIT ( .MILLI., .METRE. ) );
#4798 = LINE ( 'NONE', #526, #839 ) ;
#4799 = VECTOR ( 'NONE', #2677, 1000.000000000000000 ) ;
#4800 = EDGE_CURVE ( 'NONE', #4696, #3856, #3612, .T. ) ;
#4801 = EDGE_LOOP ( 'NONE', ( #2031, #1533, #7133, #6019 ) ) ;
#4802 = FILL_AREA_STYLE_COLOUR ( '', #2210 ) ;
#4803 = DIRECTION ( 'NONE',  ( 1.095153709581317921E-16, -1.000000000000000000, 0.0000000000000000000 ) ) ;
#4804 = MECHANICAL_DESIGN_GEOMETRIC_PRESENTATION_REPRESENTATION (  '', ( #1093 ), #3282 ) ;
#4805 = VECTOR ( 'NONE', #1968, 1000.000000000000000 ) ;
#4806 = VERTEX_POINT ( 'NONE', #769 ) ;
#4807 = ADVANCED_FACE ( 'NONE', ( #217 ), #809, .F. ) ;
#4808 = SURFACE_STYLE_USAGE ( .BOTH. , #4762 ) ;
#4809 = VERTEX_POINT ( 'NONE', #7400 ) ;
#4810 = PRESENTATION_STYLE_ASSIGNMENT (( #3610 ) ) ;
#4811 =( NAMED_UNIT ( * ) PLANE_ANGLE_UNIT ( ) SI_UNIT ( $, .RADIAN. ) );
#4812 = SURFACE_STYLE_FILL_AREA ( #1679 ) ;
#4813 =( GEOMETRIC_REPRESENTATION_CONTEXT ( 3 ) GLOBAL_UNCERTAINTY_ASSIGNED_CONTEXT ( ( #4774 ) ) GLOBAL_UNIT_ASSIGNED_CONTEXT ( ( #6702, #3695, #4221 ) ) REPRESENTATION_CONTEXT ( 'NONE', 'WORKASPACE' ) );
#4814 = DIRECTION ( 'NONE',  ( 1.000000000000000000, 0.0000000000000000000, 0.0000000000000000000 ) ) ;
#4815 = PLANE ( 'NONE',  #2475 ) ;
#4816 = ORIENTED_EDGE ( 'NONE', *, *, #7828, .F. ) ;
#4817 = ORIENTED_EDGE ( 'NONE', *, *, #6412, .T. ) ;
#4818 = DIRECTION ( 'NONE',  ( -0.0000000000000000000, -0.0000000000000000000, 1.000000000000000000 ) ) ;
#4819 = LINE ( 'NONE', #2270, #5357 ) ;
#4820 = DIRECTION ( 'NONE',  ( 4.336808689942017736E-16, 0.0000000000000000000, 1.000000000000000000 ) ) ;
#4821 = ORIENTED_EDGE ( 'NONE', *, *, #5788, .T. ) ;
#4822 = CARTESIAN_POINT ( 'NONE',  ( 0.0000000000000000000, -3.541421356237309581, 0.0000000000000000000 ) ) ;
#4823 =( NAMED_UNIT ( * ) SI_UNIT ( $, .STERADIAN. ) SOLID_ANGLE_UNIT ( ) );
#4824 = CARTESIAN_POINT ( 'NONE',  ( 8.220000000000002416, 4.230000000000000426, -2.801000000000000600 ) ) ;
#4825 = ORIENTED_EDGE ( 'NONE', *, *, #6375, .F. ) ;
#4826 = VERTEX_POINT ( 'NONE', #5551 ) ;
#4827 =( NAMED_UNIT ( * ) PLANE_ANGLE_UNIT ( ) SI_UNIT ( $, .RADIAN. ) );
#4828 = FILL_AREA_STYLE ('',( #2405 ) ) ;
#4829 = LINE ( 'NONE', #7269, #1278 ) ;
#4830 = DIRECTION ( 'NONE',  ( -1.000000000000000000, -0.0000000000000000000, -0.0000000000000000000 ) ) ;
#4831 = EDGE_CURVE ( 'NONE', #6532, #2690, #96, .T. ) ;
#4832 = PRESENTATION_STYLE_ASSIGNMENT (( #2366 ) ) ;
#4833 = DIRECTION ( 'NONE',  ( 0.0000000000000000000, -1.000000000000000000, 0.0000000000000000000 ) ) ;
#4834 = DIRECTION ( 'NONE',  ( 1.000000000000000000, 0.0000000000000000000, 0.0000000000000000000 ) ) ;
#4835 = LINE ( 'NONE', #6562, #4666 ) ;
#4836 = ORIENTED_EDGE ( 'NONE', *, *, #5042, .F. ) ;
#4837 = SURFACE_STYLE_USAGE ( .BOTH. , #2412 ) ;
#4838 = SURFACE_STYLE_USAGE ( .BOTH. , #3012 ) ;
#4839 = ORIENTED_EDGE ( 'NONE', *, *, #71, .T. ) ;
#4840 = ORIENTED_EDGE ( 'NONE', *, *, #4217, .T. ) ;
#4841 = ADVANCED_FACE ( 'NONE', ( #1916 ), #959, .F. ) ;
#4842 = COLOUR_RGB ( '',1.000000000000000000, 0.8117647058823529438, 0.5019607843137254832 ) ;
#4843 = ORIENTED_EDGE ( 'NONE', *, *, #5916, .F. ) ;
#4844 = ORIENTED_EDGE ( 'NONE', *, *, #2988, .T. ) ;
#4845 = VECTOR ( 'NONE', #7130, 1000.000000000000000 ) ;
#4846 =( NAMED_UNIT ( * ) SI_UNIT ( $, .STERADIAN. ) SOLID_ANGLE_UNIT ( ) );
#4847 =( GEOMETRIC_REPRESENTATION_CONTEXT ( 3 ) GLOBAL_UNCERTAINTY_ASSIGNED_CONTEXT ( ( #5753 ) ) GLOBAL_UNIT_ASSIGNED_CONTEXT ( ( #2645, #3354, #5782 ) ) REPRESENTATION_CONTEXT ( 'NONE', 'WORKASPACE' ) );
#4848 = ADVANCED_FACE ( 'NONE', ( #2081 ), #3929, .T. ) ;
#4849 = EDGE_CURVE ( 'NONE', #5749, #4093, #3325, .T. ) ;
#4850 = PLANE ( 'NONE',  #5258 ) ;
#4851 = VECTOR ( 'NONE', #6229, 1000.000000000000000 ) ;
#4852 = FILL_AREA_STYLE ('',( #5445 ) ) ;
#4853 = CARTESIAN_POINT ( 'NONE',  ( 6.049999999999999822, 5.100000000000001421, 0.1499999999999990785 ) ) ;
#4854 = UNCERTAINTY_MEASURE_WITH_UNIT (LENGTH_MEASURE( 1.000000000000000082E-05 ), #7879, 'distance_accuracy_value', 'NONE');
#4855 = ORIENTED_EDGE ( 'NONE', *, *, #1728, .F. ) ;
#4856 = FACE_OUTER_BOUND ( 'NONE', #7364, .T. ) ;
#4857 =( NAMED_UNIT ( * ) SI_UNIT ( $, .STERADIAN. ) SOLID_ANGLE_UNIT ( ) );
#4858 = EDGE_CURVE ( 'NONE', #3016, #2237, #2842, .T. ) ;
#4859 = VECTOR ( 'NONE', #3804, 1000.000000000000000 ) ;
#4860 = EDGE_CURVE ( 'NONE', #6498, #2116, #293, .T. ) ;
#4861 = DIRECTION ( 'NONE',  ( 1.000000000000000000, 0.0000000000000000000, -0.0000000000000000000 ) ) ;
#4862 = VECTOR ( 'NONE', #865, 1000.000000000000000 ) ;
#4863 = CARTESIAN_POINT ( 'NONE',  ( 7.249999999999999112, 3.399999999999999467, -2.350000000000001865 ) ) ;
#4864 = SURFACE_SIDE_STYLE ('',( #3590 ) ) ;
#4865 = CARTESIAN_POINT ( 'NONE',  ( -0.001949999999999999910, -0.0000000000000000000, -0.002800000000000000405 ) ) ;
#4866 = EDGE_LOOP ( 'NONE', ( #3299, #4817, #1122, #5972 ) ) ;
#4867 = ORIENTED_EDGE ( 'NONE', *, *, #7664, .F. ) ;
#4868 = VERTEX_POINT ( 'NONE', #2241 ) ;
#4869 = PRESENTATION_STYLE_ASSIGNMENT (( #3665 ) ) ;
#4870 = CARTESIAN_POINT ( 'NONE',  ( 6.049999999999999822, -3.399999999999999911, -0.1499999999999969136 ) ) ;
#4871 = FILL_AREA_STYLE_COLOUR ( '', #5276 ) ;
#4872 = CARTESIAN_POINT ( 'NONE',  ( -1.949999999999999956, 1.800000000000000044, -0.2499999999999997780 ) ) ;
#4873 = DIRECTION ( 'NONE',  ( 0.0000000000000000000, 0.0000000000000000000, -1.000000000000000000 ) ) ;
#4874 = ORIENTED_EDGE ( 'NONE', *, *, #2905, .T. ) ;
#4875 = CARTESIAN_POINT ( 'NONE',  ( -1.950000000000000178, -3.399999999999999911, -0.1500000000000003830 ) ) ;
#4876 = MECHANICAL_DESIGN_GEOMETRIC_PRESENTATION_REPRESENTATION (  '', ( #1170 ), #1430 ) ;
#4877 = FILL_AREA_STYLE ('',( #1718 ) ) ;
#4878 = PRESENTATION_LAYER_ASSIGNMENT (  '', '', ( #6165 ) ) ;
#4879 = FILL_AREA_STYLE_COLOUR ( '', #7859 ) ;
#4880 = EDGE_LOOP ( 'NONE', ( #2997, #557, #438, #5271 ) ) ;
#4881 = EDGE_CURVE ( 'NONE', #658, #6249, #2725, .T. ) ;
#4882 = FILL_AREA_STYLE_COLOUR ( '', #5511 ) ;
#4883 = DIRECTION ( 'NONE',  ( -0.0000000000000000000, 1.000000000000000000, -0.0000000000000000000 ) ) ;
#4884 = APPLICATION_CONTEXT ( 'automotive_design' ) ;
#4885 =( NAMED_UNIT ( * ) PLANE_ANGLE_UNIT ( ) SI_UNIT ( $, .RADIAN. ) );
#4886 = MECHANICAL_DESIGN_GEOMETRIC_PRESENTATION_REPRESENTATION (  '', ( #5785 ), #2856 ) ;
#4887 = CARTESIAN_POINT ( 'NONE',  ( 5.299999999999998934, 0.2000000000000000389, 1.700000000000000178 ) ) ;
#4888 = CARTESIAN_POINT ( 'NONE',  ( 7.750000000000000000, -3.399999999999999911, 0.1499999999999973577 ) ) ;
#4889 = VECTOR ( 'NONE', #7711, 1000.000000000000000 ) ;
#4891 = EDGE_CURVE ( 'NONE', #7242, #6271, #4674, .T. ) ;
#4890 = ORIENTED_EDGE ( 'NONE', *, *, #4796, .F. ) ;
#4892 = MECHANICAL_DESIGN_GEOMETRIC_PRESENTATION_REPRESENTATION (  '', ( #6817 ), #2860 ) ;
#4893 = SURFACE_STYLE_FILL_AREA ( #2471 ) ;
#4894 = DIRECTION ( 'NONE',  ( -1.000000000000000000, 0.0000000000000000000, 2.058229914533366955E-17 ) ) ;
#4895 = ORIENTED_EDGE ( 'NONE', *, *, #4056, .F. ) ;
#4896 = EDGE_LOOP ( 'NONE', ( #7069, #2167, #33, #6401 ) ) ;
#4897 =( GEOMETRIC_REPRESENTATION_CONTEXT ( 3 ) GLOBAL_UNCERTAINTY_ASSIGNED_CONTEXT ( ( #3953 ) ) GLOBAL_UNIT_ASSIGNED_CONTEXT ( ( #1434, #6361, #2688 ) ) REPRESENTATION_CONTEXT ( 'NONE', 'WORKASPACE' ) );
#4898 = SURFACE_STYLE_FILL_AREA ( #5452 ) ;
#4899 = LINE ( 'NONE', #3193, #691 ) ;
#4900 = SURFACE_STYLE_FILL_AREA ( #3160 ) ;
#4901 =( LENGTH_UNIT ( ) NAMED_UNIT ( * ) SI_UNIT ( .MILLI., .METRE. ) );
#4902 = CARTESIAN_POINT ( 'NONE',  ( -0.1500000000000008271, -3.399999999999999911, -0.1500000000000003830 ) ) ;
#4904 = EDGE_CURVE ( 'NONE', #3643, #4212, #5717, .T. ) ;
#4903 = VERTEX_POINT ( 'NONE', #846 ) ;
#4905 = LINE ( 'NONE', #7352, #5680 ) ;
#4906 = VECTOR ( 'NONE', #5099, 1000.000000000000000 ) ;
#4907 = VECTOR ( 'NONE', #3827, 1000.000000000000000 ) ;
#4908 =( NAMED_UNIT ( * ) SI_UNIT ( $, .STERADIAN. ) SOLID_ANGLE_UNIT ( ) );
#4909 = AXIS2_PLACEMENT_3D ( 'NONE', #4416, #6853, #1378 ) ;
#4910 = PLANE ( 'NONE',  #1074 ) ;
#4911 = SURFACE_STYLE_USAGE ( .BOTH. , #6286 ) ;
#4912 = MECHANICAL_DESIGN_GEOMETRIC_PRESENTATION_REPRESENTATION (  '', ( #587 ), #7880 ) ;
#4914 = MECHANICAL_DESIGN_GEOMETRIC_PRESENTATION_REPRESENTATION (  '', ( #4415 ), #6208 ) ;
#4913 = FACE_OUTER_BOUND ( 'NONE', #4525, .T. ) ;
#4915 = CARTESIAN_POINT ( 'NONE',  ( 3.250000000000000888, 1.149999999999999911, -2.350000000000000977 ) ) ;
#4916 = ORIENTED_EDGE ( 'NONE', *, *, #222, .F. ) ;
#4917 = ORIENTED_EDGE ( 'NONE', *, *, #5974, .F. ) ;
#4918 = CARTESIAN_POINT ( 'NONE',  ( 9.950000000000001066, 6.000000000000000000, 1.699999999999999289 ) ) ;
#4919 = COLOUR_RGB ( '',1.000000000000000000, 0.8117647058823529438, 0.5019607843137254832 ) ;
#4920 = DIRECTION ( 'NONE',  ( -4.336808689942017736E-16, 0.0000000000000000000, -1.000000000000000000 ) ) ;
#4921 = DIRECTION ( 'NONE',  ( -4.336808689942017736E-16, 1.679277644031840470E-32, -1.000000000000000000 ) ) ;
#4922 = SURFACE_STYLE_USAGE ( .BOTH. , #2500 ) ;
#4923 = ORIENTED_EDGE ( 'NONE', *, *, #6243, .F. ) ;
#4924 =( LENGTH_UNIT ( ) NAMED_UNIT ( * ) SI_UNIT ( .MILLI., .METRE. ) );
#4925 = FILL_AREA_STYLE_COLOUR ( '', #6027 ) ;
#4926 =( GEOMETRIC_REPRESENTATION_CONTEXT ( 3 ) GLOBAL_UNCERTAINTY_ASSIGNED_CONTEXT ( ( #5411 ) ) GLOBAL_UNIT_ASSIGNED_CONTEXT ( ( #5598, #885, #3854 ) ) REPRESENTATION_CONTEXT ( 'NONE', 'WORKASPACE' ) );
#4927 = PRESENTATION_LAYER_ASSIGNMENT (  '', '', ( #221 ) ) ;
#4928 = LINE ( 'NONE', #664, #7120 ) ;
#4929 =( NAMED_UNIT ( * ) PLANE_ANGLE_UNIT ( ) SI_UNIT ( $, .RADIAN. ) );
#4930 = PRESENTATION_STYLE_ASSIGNMENT (( #543 ) ) ;
#4931 = DIRECTION ( 'NONE',  ( -1.084202172485504237E-15, -1.000000000000000000, 0.0000000000000000000 ) ) ;
#4932 = DIRECTION ( 'NONE',  ( 0.0000000000000000000, 0.0000000000000000000, -1.000000000000000000 ) ) ;
#4933 =( LENGTH_UNIT ( ) NAMED_UNIT ( * ) SI_UNIT ( .MILLI., .METRE. ) );
#4934 = UNCERTAINTY_MEASURE_WITH_UNIT (LENGTH_MEASURE( 1.000000000000000082E-05 ), #4430, 'distance_accuracy_value', 'NONE');
#4935 = ORIENTED_EDGE ( 'NONE', *, *, #6757, .T. ) ;
#4936 = CARTESIAN_POINT ( 'NONE',  ( 6.249999999999998224, 4.999999999999999112, 0.2500000000000002220 ) ) ;
#4937 = EDGE_LOOP ( 'NONE', ( #5331, #2491, #7253, #5205 ) ) ;
#4938 = ADVANCED_FACE ( 'NONE', ( #3631 ), #5910, .F. ) ;
#4939 = LINE ( 'NONE', #3524, #7321 ) ;
#4940 = DIRECTION ( 'NONE',  ( 1.000000000000000000, -3.872150616019660190E-17, -4.336808689942017736E-16 ) ) ;
#4941 = FILL_AREA_STYLE_COLOUR ( '', #829 ) ;
#4942 = VERTEX_POINT ( 'NONE', #2922 ) ;
#4943 = CARTESIAN_POINT ( 'NONE',  ( 6.749999999999999112, 3.149999999999999023, -2.050000000000001599 ) ) ;
#4944 = EDGE_LOOP ( 'NONE', ( #4759, #1620, #6219, #7115 ) ) ;
#4945 = FACE_OUTER_BOUND ( 'NONE', #2807, .T. ) ;
#4946 =( NAMED_UNIT ( * ) SI_UNIT ( $, .STERADIAN. ) SOLID_ANGLE_UNIT ( ) );
#4947 =( NAMED_UNIT ( * ) SI_UNIT ( $, .STERADIAN. ) SOLID_ANGLE_UNIT ( ) );
#4948 = EDGE_CURVE ( 'NONE', #3856, #2536, #6555, .T. ) ;
#4949 = CARTESIAN_POINT ( 'NONE',  ( 9.950000000000001066, 1.380000000000002558, 1.300000000000000044 ) ) ;
#4950 = DIRECTION ( 'NONE',  ( 1.000000000000000000, 0.0000000000000000000, 4.559728762789504105E-17 ) ) ;
#4951 = VERTEX_POINT ( 'NONE', #520 ) ;
#4952 = DIRECTION ( 'NONE',  ( 3.872150616019660190E-17, 1.000000000000000000, -0.0000000000000000000 ) ) ;
#4953 = UNCERTAINTY_MEASURE_WITH_UNIT (LENGTH_MEASURE( 1.000000000000000082E-05 ), #3359, 'distance_accuracy_value', 'NONE');
#4954 = ORIENTED_EDGE ( 'NONE', *, *, #2902, .F. ) ;
#4955 =( NAMED_UNIT ( * ) PLANE_ANGLE_UNIT ( ) SI_UNIT ( $, .RADIAN. ) );
#4956 = EDGE_CURVE ( 'NONE', #1956, #7242, #5373, .T. ) ;
#4957 = ORIENTED_EDGE ( 'NONE', *, *, #2666, .T. ) ;
#4958 = CARTESIAN_POINT ( 'NONE',  ( 9.349999999999999645, 1.149999999999997247, -1.050000000000006484 ) ) ;
#4959 = EDGE_LOOP ( 'NONE', ( #6005, #4179, #718, #7536 ) ) ;
#4960 = FACE_OUTER_BOUND ( 'NONE', #5843, .T. ) ;
#4961 = LINE ( 'NONE', #5757, #7362 ) ;
#4962 = ORIENTED_EDGE ( 'NONE', *, *, #3163, .T. ) ;
#4963 =( LENGTH_UNIT ( ) NAMED_UNIT ( * ) SI_UNIT ( .MILLI., .METRE. ) );
#4964 =( NAMED_UNIT ( * ) SI_UNIT ( $, .STERADIAN. ) SOLID_ANGLE_UNIT ( ) );
#4965 = COLOUR_RGB ( '',1.000000000000000000, 1.000000000000000000, 1.000000000000000000 ) ;
#4966 = UNCERTAINTY_MEASURE_WITH_UNIT (LENGTH_MEASURE( 1.000000000000000082E-05 ), #2027, 'distance_accuracy_value', 'NONE');
#4967 = ORIENTED_EDGE ( 'NONE', *, *, #334, .F. ) ;
#4968 = LINE ( 'NONE', #1448, #6926 ) ;
#4969 = AXIS2_PLACEMENT_3D ( 'NONE', #2887, #7784, #4715 ) ;
#4970 = SURFACE_STYLE_USAGE ( .BOTH. , #6734 ) ;
#4971 = SURFACE_STYLE_FILL_AREA ( #6693 ) ;
#4972 = DIRECTION ( 'NONE',  ( -0.0000000000000000000, 1.000000000000000000, -0.0000000000000000000 ) ) ;
#4973 = PRESENTATION_STYLE_ASSIGNMENT (( #113 ) ) ;
#4974 = SURFACE_STYLE_USAGE ( .BOTH. , #7471 ) ;
#4975 = UNCERTAINTY_MEASURE_WITH_UNIT (LENGTH_MEASURE( 1.000000000000000082E-05 ), #167, 'distance_accuracy_value', 'NONE');
#4976 = FACE_OUTER_BOUND ( 'NONE', #5825, .T. ) ;
#4977 = FILL_AREA_STYLE_COLOUR ( '', #5310 ) ;
#4978 = CARTESIAN_POINT ( 'NONE',  ( 6.083333333333331261, 5.166666666666666075, -0.08333333333333195481 ) ) ;
#4979 = VERTEX_POINT ( 'NONE', #2280 ) ;
#4980 = SURFACE_STYLE_FILL_AREA ( #3082 ) ;
#4981 = COLOUR_RGB ( '',1.000000000000000000, 0.8117647058823529438, 0.5019607843137254832 ) ;
#4982 = EDGE_CURVE ( 'NONE', #5750, #5627, #1150, .T. ) ;
#4983 = ORIENTED_EDGE ( 'NONE', *, *, #6654, .F. ) ;
#4984 = DIRECTION ( 'NONE',  ( 1.000000000000000000, -5.421010862427522170E-17, 0.0000000000000000000 ) ) ;
#4985 = MECHANICAL_DESIGN_GEOMETRIC_PRESENTATION_REPRESENTATION (  '', ( #3976 ), #7695 ) ;
#4986 = UNCERTAINTY_MEASURE_WITH_UNIT (LENGTH_MEASURE( 1.000000000000000082E-05 ), #6505, 'distance_accuracy_value', 'NONE');
#4987 =( NAMED_UNIT ( * ) PLANE_ANGLE_UNIT ( ) SI_UNIT ( $, .RADIAN. ) );
#4988 = FILL_AREA_STYLE ('',( #7434 ) ) ;
#4989 = CARTESIAN_POINT ( 'NONE',  ( 2.699999999999999734, 0.0000000000000000000, 1.700000000000000178 ) ) ;
#4990 = LINE ( 'NONE', #766, #6586 ) ;
#4991 = EDGE_CURVE ( 'NONE', #5627, #1245, #608, .T. ) ;
#4992 = VERTEX_POINT ( 'NONE', #1064 ) ;
#4993 = ORIENTED_EDGE ( 'NONE', *, *, #887, .F. ) ;
#4994 = VECTOR ( 'NONE', #2190, 1000.000000000000000 ) ;
#4995 = LINE ( 'NONE', #4918, #930 ) ;
#4996 = EDGE_CURVE ( 'NONE', #1052, #2561, #1027, .T. ) ;
#4997 =( LENGTH_UNIT ( ) NAMED_UNIT ( * ) SI_UNIT ( .MILLI., .METRE. ) );
#4998 = ORIENTED_EDGE ( 'NONE', *, *, #1765, .F. ) ;
#4999 = VERTEX_POINT ( 'NONE', #3520 ) ;
#5000 =( LENGTH_UNIT ( ) NAMED_UNIT ( * ) SI_UNIT ( .MILLI., .METRE. ) );
#5001 = VECTOR ( 'NONE', #4883, 1000.000000000000000 ) ;
#5002 = CARTESIAN_POINT ( 'NONE',  ( 7.750000000000000000, 5.000000000000000888, -0.2499999999999997780 ) ) ;
#5003 = EDGE_LOOP ( 'NONE', ( #7779, #866, #4336, #7387, #6335 ) ) ;
#5004 = VERTEX_POINT ( 'NONE', #6034 ) ;
#5005 = CARTESIAN_POINT ( 'NONE',  ( 8.250000000000000000, 5.000000000000000888, 0.2500000000000002220 ) ) ;
#5006 = EDGE_CURVE ( 'NONE', #7025, #4369, #7813, .T. ) ;
#5007 = PRESENTATION_STYLE_ASSIGNMENT (( #582 ) ) ;
#5008 =( LENGTH_UNIT ( ) NAMED_UNIT ( * ) SI_UNIT ( .MILLI., .METRE. ) );
#5009 = COLOUR_RGB ( '',1.000000000000000000, 0.8117647058823529438, 0.5019607843137254832 ) ;
#5010 = VECTOR ( 'NONE', #3706, 1000.000000000000000 ) ;
#5011 = FILL_AREA_STYLE_COLOUR ( '', #6957 ) ;
#5012 = EDGE_CURVE ( 'NONE', #1120, #739, #4745, .T. ) ;
#5013 = CARTESIAN_POINT ( 'NONE',  ( 3.250000000000000888, 3.399999999999998579, -2.350000000000001421 ) ) ;
#5014 = CARTESIAN_POINT ( 'NONE',  ( 0.8333333333333209358, -4.383333333333339077, -0.8333333333333200477 ) ) ;
#5015 =( NAMED_UNIT ( * ) PLANE_ANGLE_UNIT ( ) SI_UNIT ( $, .RADIAN. ) );
#5016 = SURFACE_SIDE_STYLE ('',( #7421 ) ) ;
#5017 = VECTOR ( 'NONE', #3942, 1000.000000000000000 ) ;
#5018 = PRESENTATION_LAYER_ASSIGNMENT (  '', '', ( #6795 ) ) ;
#5019 = FILL_AREA_STYLE_COLOUR ( '', #1003 ) ;
#5020 = PRESENTATION_LAYER_ASSIGNMENT (  '', '', ( #6678 ) ) ;
#5021 = PLANE ( 'NONE',  #315 ) ;
#5022 = DIRECTION ( 'NONE',  ( -0.7071067811865444641, -0.7071067811865505703, 1.662400053425843252E-32 ) ) ;
#5023 = PRESENTATION_STYLE_ASSIGNMENT (( #3345 ) ) ;
#5024 =( GEOMETRIC_REPRESENTATION_CONTEXT ( 3 ) GLOBAL_UNCERTAINTY_ASSIGNED_CONTEXT ( ( #1861 ) ) GLOBAL_UNIT_ASSIGNED_CONTEXT ( ( #3443, #4595, #367 ) ) REPRESENTATION_CONTEXT ( 'NONE', 'WORKASPACE' ) );
#5025 = CARTESIAN_POINT ( 'NONE',  ( 9.950000000000001066, 0.8200000000000027267, 1.300000000000000044 ) ) ;
#5026 = ORIENTED_EDGE ( 'NONE', *, *, #5970, .F. ) ;
#5027 =( NAMED_UNIT ( * ) PLANE_ANGLE_UNIT ( ) SI_UNIT ( $, .RADIAN. ) );
#5028 = SURFACE_STYLE_USAGE ( .BOTH. , #6110 ) ;
#5029 = VECTOR ( 'NONE', #4692, 1000.000000000000000 ) ;
#5030 = COLOUR_RGB ( '',1.000000000000000000, 1.000000000000000000, 1.000000000000000000 ) ;
#5031 = SURFACE_STYLE_FILL_AREA ( #5667 ) ;
#5032 = DIRECTION ( 'NONE',  ( -4.336808689942017736E-16, 0.0000000000000000000, -1.000000000000000000 ) ) ;
#5033 = SURFACE_STYLE_FILL_AREA ( #248 ) ;
#5034 = SURFACE_SIDE_STYLE ('',( #129 ) ) ;
#5035 = FILL_AREA_STYLE ('',( #1951 ) ) ;
#5036 = VECTOR ( 'NONE', #3661, 1000.000000000000000 ) ;
#5037 = ORIENTED_EDGE ( 'NONE', *, *, #655, .F. ) ;
#5038 = PRESENTATION_LAYER_ASSIGNMENT (  '', '', ( #3758 ) ) ;
#5039 =( LENGTH_UNIT ( ) NAMED_UNIT ( * ) SI_UNIT ( .MILLI., .METRE. ) );
#5040 = SURFACE_STYLE_FILL_AREA ( #6252 ) ;
#5041 = AXIS2_PLACEMENT_3D ( 'NONE', #7718, #2794, #2222 ) ;
#5042 = EDGE_CURVE ( 'NONE', #5774, #5181, #6632, .T. ) ;
#5043 = PRESENTATION_LAYER_ASSIGNMENT (  '', '', ( #6705 ) ) ;
#5044 = FILL_AREA_STYLE_COLOUR ( '', #6600 ) ;
#5045 = EDGE_LOOP ( 'NONE', ( #5289, #7908, #1123, #2329 ) ) ;
#5046 = CARTESIAN_POINT ( 'NONE',  ( -0.7000000000000000666, 0.2000000000000000389, -0.2499999999999997780 ) ) ;
#5047 = COLOUR_RGB ( '',1.000000000000000000, 0.8117647058823529438, 0.5019607843137254832 ) ;
#5048 = FILL_AREA_STYLE ('',( #2094 ) ) ;
#5049 = UNCERTAINTY_MEASURE_WITH_UNIT (LENGTH_MEASURE( 1.000000000000000082E-05 ), #209, 'distance_accuracy_value', 'NONE');
#5050 = STYLED_ITEM ( 'NONE', ( #4052 ), #4354 ) ;
#5051 = FACE_OUTER_BOUND ( 'NONE', #3084, .T. ) ;
#5052 = VECTOR ( 'NONE', #4820, 1000.000000000000000 ) ;
#5053 = ADVANCED_FACE ( 'NONE', ( #7900 ), #440, .F. ) ;
#5054 = FACE_OUTER_BOUND ( 'NONE', #7412, .T. ) ;
#5055 = DIRECTION ( 'NONE',  ( 3.872150616019661422E-17, 1.000000000000000000, 0.0000000000000000000 ) ) ;
#5056 = DIRECTION ( 'NONE',  ( -1.000000000000000000, 3.872150616019660806E-17, -0.0000000000000000000 ) ) ;
#5057 = PLANE ( 'NONE',  #4425 ) ;
#5058 = PRESENTATION_STYLE_ASSIGNMENT (( #6819 ) ) ;
#5059 = STYLED_ITEM ( 'NONE', ( #1821 ), #3825 ) ;
#5060 =( NAMED_UNIT ( * ) SI_UNIT ( $, .STERADIAN. ) SOLID_ANGLE_UNIT ( ) );
#5061 = DIRECTION ( 'NONE',  ( 1.000000000000000000, -5.421010862427522170E-17, 0.0000000000000000000 ) ) ;
#5062 = FILL_AREA_STYLE_COLOUR ( '', #954 ) ;
#5063 = ORIENTED_EDGE ( 'NONE', *, *, #3251, .F. ) ;
#5064 = SURFACE_STYLE_FILL_AREA ( #949 ) ;
#5065 = SURFACE_STYLE_FILL_AREA ( #3283 ) ;
#5066 = FACE_OUTER_BOUND ( 'NONE', #396, .T. ) ;
#5067 = DIRECTION ( 'NONE',  ( 0.7071067811865414665, -0.7071067811865536790, 1.662400053425850368E-32 ) ) ;
#5068 = LINE ( 'NONE', #7023, #5176 ) ;
#5069 = EDGE_LOOP ( 'NONE', ( #3618, #6838, #5350, #6677 ) ) ;
#5070 = ORIENTED_EDGE ( 'NONE', *, *, #2065, .F. ) ;
#5071 = STYLED_ITEM ( 'NONE', ( #4175 ), #6329 ) ;
#5072 = FILL_AREA_STYLE_COLOUR ( '', #684 ) ;
#5073 = LINE ( 'NONE', #4958, #2614 ) ;
#5074 = LINE ( 'NONE', #7534, #4241 ) ;
#5075 = FACE_OUTER_BOUND ( 'NONE', #5391, .T. ) ;
#5076 = ORIENTED_EDGE ( 'NONE', *, *, #4564, .T. ) ;
#5077 = ORIENTED_EDGE ( 'NONE', *, *, #6654, .T. ) ;
#5078 =( NAMED_UNIT ( * ) SI_UNIT ( $, .STERADIAN. ) SOLID_ANGLE_UNIT ( ) );
#5079 = PRESENTATION_STYLE_ASSIGNMENT (( #6371 ) ) ;
#5080 = ADVANCED_FACE ( 'NONE', ( #6280 ), #3235, .T. ) ;
#5081 = LINE ( 'NONE', #267, #2341 ) ;
#5082 = LINE ( 'NONE', #1489, #1800 ) ;
#5083 = EDGE_CURVE ( 'NONE', #716, #3180, #2482, .T. ) ;
#5084 = CARTESIAN_POINT ( 'NONE',  ( 1.750000000000000222, -3.399999999999999911, 0.1500000000000008271 ) ) ;
#5085 = DIRECTION ( 'NONE',  ( 0.0000000000000000000, 0.0000000000000000000, -1.000000000000000000 ) ) ;
#5086 = VECTOR ( 'NONE', #7826, 1000.000000000000000 ) ;
#5087 = LINE ( 'NONE', #7636, #6295 ) ;
#5088 = LINE ( 'NONE', #3460, #5695 ) ;
#5089 = EDGE_CURVE ( 'NONE', #4736, #5723, #1903, .T. ) ;
#5090 = PRESENTATION_LAYER_ASSIGNMENT (  '', '', ( #3684 ) ) ;
#5091 = VERTEX_POINT ( 'NONE', #4305 ) ;
#5092 = DIRECTION ( 'NONE',  ( -0.0000000000000000000, -0.7071067811865503483, 0.7071067811865446862 ) ) ;
#5093 =( GEOMETRIC_REPRESENTATION_CONTEXT ( 3 ) GLOBAL_UNCERTAINTY_ASSIGNED_CONTEXT ( ( #3974 ) ) GLOBAL_UNIT_ASSIGNED_CONTEXT ( ( #4279, #4955, #4315 ) ) REPRESENTATION_CONTEXT ( 'NONE', 'WORKASPACE' ) );
#5094 = CARTESIAN_POINT ( 'NONE',  ( -0.7000000000000000666, 0.2000000000000000389, 1.700000000000000178 ) ) ;
#5095 = PRESENTATION_STYLE_ASSIGNMENT (( #3829 ) ) ;
#5096 = ORIENTED_EDGE ( 'NONE', *, *, #222, .T. ) ;
#5097 = ORIENTED_EDGE ( 'NONE', *, *, #3674, .F. ) ;
#5098 =( NAMED_UNIT ( * ) SI_UNIT ( $, .STERADIAN. ) SOLID_ANGLE_UNIT ( ) );
#5099 = DIRECTION ( 'NONE',  ( -0.0000000000000000000, -0.0000000000000000000, -1.000000000000000000 ) ) ;
#5100 = MECHANICAL_DESIGN_GEOMETRIC_PRESENTATION_REPRESENTATION (  '', ( #5475 ), #4724 ) ;
#5101 = FILL_AREA_STYLE ('',( #3835 ) ) ;
#5102 = CARTESIAN_POINT ( 'NONE',  ( 6.749999999999999112, 3.399999999999999467, -2.050000000000001599 ) ) ;
#5103 = MECHANICAL_DESIGN_GEOMETRIC_PRESENTATION_REPRESENTATION (  '', ( #2178 ), #4088 ) ;
#5104 = CARTESIAN_POINT ( 'NONE',  ( 0.2499999999999997780, 1.800000000000000044, -0.2499999999999997780 ) ) ;
#5105 = EDGE_LOOP ( 'NONE', ( #2371, #172, #2501, #7055 ) ) ;
#5106 = VECTOR ( 'NONE', #1808, 1000.000000000000000 ) ;
#5107 = SURFACE_STYLE_FILL_AREA ( #2130 ) ;
#5108 = MECHANICAL_DESIGN_GEOMETRIC_PRESENTATION_REPRESENTATION (  '', ( #657 ), #6643 ) ;
#5109 = ORIENTED_EDGE ( 'NONE', *, *, #2220, .T. ) ;
#5110 = UNCERTAINTY_MEASURE_WITH_UNIT (LENGTH_MEASURE( 1.000000000000000082E-05 ), #6036, 'distance_accuracy_value', 'NONE');
#5111 = LINE ( 'NONE', #2008, #5658 ) ;
#5112 =( GEOMETRIC_REPRESENTATION_CONTEXT ( 3 ) GLOBAL_UNCERTAINTY_ASSIGNED_CONTEXT ( ( #3158 ) ) GLOBAL_UNIT_ASSIGNED_CONTEXT ( ( #5661, #7427, #7353 ) ) REPRESENTATION_CONTEXT ( 'NONE', 'WORKASPACE' ) );
#5113 = ORIENTED_EDGE ( 'NONE', *, *, #1465, .F. ) ;
#5114 = CARTESIAN_POINT ( 'NONE',  ( 9.350000000000001421, 1.799999999999999600, 1.249999999999998446 ) ) ;
#5115 = PLANE ( 'NONE',  #3530 ) ;
#5116 = ORIENTED_EDGE ( 'NONE', *, *, #2414, .F. ) ;
#5117 = ORIENTED_EDGE ( 'NONE', *, *, #2461, .T. ) ;
#5118 = PLANE ( 'NONE',  #192 ) ;
#5119 = SURFACE_SIDE_STYLE ('',( #2699 ) ) ;
#5120 =( NAMED_UNIT ( * ) SI_UNIT ( $, .STERADIAN. ) SOLID_ANGLE_UNIT ( ) );
#5121 = AXIS2_PLACEMENT_3D ( 'NONE', #4366, #3772, #1330 ) ;
#5122 = LINE ( 'NONE', #6892, #3365 ) ;
#5123 = PLANE ( 'NONE',  #3905 ) ;
#5124 = ORIENTED_EDGE ( 'NONE', *, *, #421, .T. ) ;
#5125 = EDGE_CURVE ( 'NONE', #1282, #3558, #2528, .T. ) ;
#5126 = DIRECTION ( 'NONE',  ( 1.000000000000000000, -5.421010862427522170E-17, 0.0000000000000000000 ) ) ;
#5127 = LINE ( 'NONE', #3948, #1371 ) ;
#5128 =( NAMED_UNIT ( * ) PLANE_ANGLE_UNIT ( ) SI_UNIT ( $, .RADIAN. ) );
#5129 = UNCERTAINTY_MEASURE_WITH_UNIT (LENGTH_MEASURE( 1.000000000000000082E-05 ), #3844, 'distance_accuracy_value', 'NONE');
#5130 = VERTEX_POINT ( 'NONE', #3700 ) ;
#5131 = COLOUR_RGB ( '',1.000000000000000000, 1.000000000000000000, 1.000000000000000000 ) ;
#5132 = VECTOR ( 'NONE', #6099, 1000.000000000000000 ) ;
#5133 = EDGE_CURVE ( 'NONE', #299, #5181, #680, .T. ) ;
#5134 = FACE_OUTER_BOUND ( 'NONE', #6365, .T. ) ;
#5135 =( NAMED_UNIT ( * ) PLANE_ANGLE_UNIT ( ) SI_UNIT ( $, .RADIAN. ) );
#5136 = EDGE_CURVE ( 'NONE', #5192, #1002, #4264, .T. ) ;
#5137 = PLANE ( 'NONE',  #834 ) ;
#5138 = ORIENTED_EDGE ( 'NONE', *, *, #6664, .F. ) ;
#5139 = VERTEX_POINT ( 'NONE', #3196 ) ;
#5140 = CARTESIAN_POINT ( 'NONE',  ( -0.7000000000000000666, 0.2000000000000000389, -2.800000000000000266 ) ) ;
#5141 = VECTOR ( 'NONE', #621, 1000.000000000000000 ) ;
#5142 = PLANE ( 'NONE',  #3709 ) ;
#5143 =( GEOMETRIC_REPRESENTATION_CONTEXT ( 3 ) GLOBAL_UNCERTAINTY_ASSIGNED_CONTEXT ( ( #673 ) ) GLOBAL_UNIT_ASSIGNED_CONTEXT ( ( #3885, #7694, #399 ) ) REPRESENTATION_CONTEXT ( 'NONE', 'WORKASPACE' ) );
#5144 =( LENGTH_UNIT ( ) NAMED_UNIT ( * ) SI_UNIT ( .MILLI., .METRE. ) );
#5145 = VECTOR ( 'NONE', #7108, 1000.000000000000000 ) ;
#5146 = VECTOR ( 'NONE', #5751, 1000.000000000000000 ) ;
#5147 = DIRECTION ( 'NONE',  ( -0.0000000000000000000, -0.0000000000000000000, 1.000000000000000000 ) ) ;
#5148 = EDGE_CURVE ( 'NONE', #955, #4826, #6199, .T. ) ;
#5149 = LINE ( 'NONE', #4551, #601 ) ;
#5150 = FILL_AREA_STYLE ('',( #5714 ) ) ;
#5151 = ORIENTED_EDGE ( 'NONE', *, *, #5133, .T. ) ;
#5152 = EDGE_LOOP ( 'NONE', ( #6438, #3917, #6806, #5116 ) ) ;
#5153 =( GEOMETRIC_REPRESENTATION_CONTEXT ( 3 ) GLOBAL_UNCERTAINTY_ASSIGNED_CONTEXT ( ( #551 ) ) GLOBAL_UNIT_ASSIGNED_CONTEXT ( ( #7004, #5605, #2628 ) ) REPRESENTATION_CONTEXT ( 'NONE', 'WORKASPACE' ) );
#5154 = PLANE ( 'NONE',  #3450 ) ;
#5155 = VECTOR ( 'NONE', #1697, 1000.000000000000000 ) ;
#5156 = SURFACE_STYLE_FILL_AREA ( #2169 ) ;
#5157 = PRESENTATION_LAYER_ASSIGNMENT (  '', '', ( #5282 ) ) ;
#5158 = CARTESIAN_POINT ( 'NONE',  ( 2.750000000000000444, 3.149999999999999023, -2.050000000000001599 ) ) ;
#5159 = CARTESIAN_POINT ( 'NONE',  ( 0.05000000000000012768, -3.399999999999999911, -2.800000000000000266 ) ) ;
#5160 = ORIENTED_EDGE ( 'NONE', *, *, #811, .F. ) ;
#5161 = COLOUR_RGB ( '',1.000000000000000000, 1.000000000000000000, 1.000000000000000000 ) ;
#5162 = CARTESIAN_POINT ( 'NONE',  ( 0.1500000000000003830, -3.399999999999999911, 0.2500000000000002220 ) ) ;
#5163 =( GEOMETRIC_REPRESENTATION_CONTEXT ( 3 ) GLOBAL_UNCERTAINTY_ASSIGNED_CONTEXT ( ( #744 ) ) GLOBAL_UNIT_ASSIGNED_CONTEXT ( ( #1459, #2185, #7680 ) ) REPRESENTATION_CONTEXT ( 'NONE', 'WORKASPACE' ) );
#5164 = VERTEX_POINT ( 'NONE', #1357 ) ;
#5165 = UNCERTAINTY_MEASURE_WITH_UNIT (LENGTH_MEASURE( 1.000000000000000082E-05 ), #5008, 'distance_accuracy_value', 'NONE');
#5166 = COLOUR_RGB ( '',1.000000000000000000, 1.000000000000000000, 1.000000000000000000 ) ;
#5167 = DIRECTION ( 'NONE',  ( -0.7071067811865473507, 0.7071067811865477948, 3.407318703740830925E-16 ) ) ;
#5168 = VECTOR ( 'NONE', #336, 1000.000000000000000 ) ;
#5169 = VERTEX_POINT ( 'NONE', #6710 ) ;
#5170 = MECHANICAL_DESIGN_GEOMETRIC_PRESENTATION_REPRESENTATION (  '', ( #6076 ), #4789 ) ;
#5171 = FILL_AREA_STYLE_COLOUR ( '', #1362 ) ;
#5172 = DIRECTION ( 'NONE',  ( -0.0000000000000000000, -0.0000000000000000000, 1.000000000000000000 ) ) ;
#5173 = LINE ( 'NONE', #6417, #4862 ) ;
#5174 = VECTOR ( 'NONE', #1565, 1000.000000000000000 ) ;
#5175 = SURFACE_SIDE_STYLE ('',( #5891 ) ) ;
#5176 = VECTOR ( 'NONE', #953, 1000.000000000000000 ) ;
#5177 =( NAMED_UNIT ( * ) SI_UNIT ( $, .STERADIAN. ) SOLID_ANGLE_UNIT ( ) );
#5178 = CARTESIAN_POINT ( 'NONE',  ( 4.699999999999999289, 0.1999999999999999833, -2.800000000000000266 ) ) ;
#5179 = LINE ( 'NONE', #3277, #7500 ) ;
#5180 = CARTESIAN_POINT ( 'NONE',  ( 2.250000000000000000, -3.299999999999998490, 0.2500000000000002220 ) ) ;
#5181 = VERTEX_POINT ( 'NONE', #122 ) ;
#5182 = VECTOR ( 'NONE', #112, 1000.000000000000000 ) ;
#5183 = VERTEX_POINT ( 'NONE', #2563 ) ;
#5184 =( NAMED_UNIT ( * ) PLANE_ANGLE_UNIT ( ) SI_UNIT ( $, .RADIAN. ) );
#5185 = VECTOR ( 'NONE', #607, 1000.000000000000000 ) ;
#5186 = AXIS2_PLACEMENT_3D ( 'NONE', #4098, #5980, #4579 ) ;
#5187 = EDGE_CURVE ( 'NONE', #3945, #918, #3799, .T. ) ;
#5188 = STYLED_ITEM ( 'NONE', ( #1211 ), #265 ) ;
#5189 = FACE_OUTER_BOUND ( 'NONE', #7367, .T. ) ;
#5190 =( NAMED_UNIT ( * ) PLANE_ANGLE_UNIT ( ) SI_UNIT ( $, .RADIAN. ) );
#5191 = CARTESIAN_POINT ( 'NONE',  ( 8.220000000000002416, 6.000000000000000000, 1.599999999999999867 ) ) ;
#5192 = VERTEX_POINT ( 'NONE', #6907 ) ;
#5193 = ORIENTED_EDGE ( 'NONE', *, *, #1669, .T. ) ;
#5194 = ORIENTED_EDGE ( 'NONE', *, *, #7750, .T. ) ;
#5195 = PRESENTATION_STYLE_ASSIGNMENT (( #2808 ) ) ;
#5196 = SURFACE_STYLE_FILL_AREA ( #3999 ) ;
#5197 = ADVANCED_FACE ( 'NONE', ( #357 ), #5142, .T. ) ;
#5198 = MECHANICAL_DESIGN_GEOMETRIC_PRESENTATION_REPRESENTATION (  '', ( #3171 ), #4813 ) ;
#5199 = ORIENTED_EDGE ( 'NONE', *, *, #5839, .F. ) ;
#5200 = CARTESIAN_POINT ( 'NONE',  ( -1.180000000000000604, 4.229999999999999538, 1.249999999999997558 ) ) ;
#5201 = ORIENTED_EDGE ( 'NONE', *, *, #4785, .T. ) ;
#5202 = CARTESIAN_POINT ( 'NONE',  ( 8.699999999999999289, 0.0000000000000000000, -2.800000000000000266 ) ) ;
#5203 = EDGE_CURVE ( 'NONE', #6209, #5550, #3431, .T. ) ;
#5204 =( NAMED_UNIT ( * ) PLANE_ANGLE_UNIT ( ) SI_UNIT ( $, .RADIAN. ) );
#5205 = ORIENTED_EDGE ( 'NONE', *, *, #3434, .T. ) ;
#5206 = VERTEX_POINT ( 'NONE', #7646 ) ;
#5207 = DIRECTION ( 'NONE',  ( 0.5773502691896253980, 0.5773502691896231775, -0.5773502691896288397 ) ) ;
#5208 = PLANE ( 'NONE',  #4683 ) ;
#5209 = SURFACE_STYLE_USAGE ( .BOTH. , #537 ) ;
#5210 = DIRECTION ( 'NONE',  ( 0.0000000000000000000, 0.0000000000000000000, -1.000000000000000000 ) ) ;
#5211 =( NAMED_UNIT ( * ) SI_UNIT ( $, .STERADIAN. ) SOLID_ANGLE_UNIT ( ) );
#5212 = STYLED_ITEM ( 'NONE', ( #662 ), #1000 ) ;
#5213 = ORIENTED_EDGE ( 'NONE', *, *, #3890, .T. ) ;
#5214 = LINE ( 'NONE', #7683, #1845 ) ;
#5215 = FILL_AREA_STYLE_COLOUR ( '', #912 ) ;
#5216 =( LENGTH_UNIT ( ) NAMED_UNIT ( * ) SI_UNIT ( .MILLI., .METRE. ) );
#5217 = VECTOR ( 'NONE', #4450, 1000.000000000000000 ) ;
#5218 =( NAMED_UNIT ( * ) PLANE_ANGLE_UNIT ( ) SI_UNIT ( $, .RADIAN. ) );
#5219 = SURFACE_STYLE_USAGE ( .BOTH. , #2685 ) ;
#5220 =( LENGTH_UNIT ( ) NAMED_UNIT ( * ) SI_UNIT ( .MILLI., .METRE. ) );
#5221 = LINE ( 'NONE', #4065, #4237 ) ;
#5222 = PLANE ( 'NONE',  #4014 ) ;
#5223 = ORIENTED_EDGE ( 'NONE', *, *, #3685, .F. ) ;
#5224 = PRESENTATION_LAYER_ASSIGNMENT (  '', '', ( #774 ) ) ;
#5225 = ORIENTED_EDGE ( 'NONE', *, *, #3890, .F. ) ;
#5226 = EDGE_CURVE ( 'NONE', #4676, #1116, #3351, .T. ) ;
#5227 = ORIENTED_EDGE ( 'NONE', *, *, #1964, .T. ) ;
#5228 = VECTOR ( 'NONE', #3002, 1000.000000000000000 ) ;
#5229 = CARTESIAN_POINT ( 'NONE',  ( -0.2500000000000002220, -3.399999999999999911, 0.1500000000000008271 ) ) ;
#5230 = EDGE_CURVE ( 'NONE', #3312, #1282, #2797, .T. ) ;
#5231 = CARTESIAN_POINT ( 'NONE',  ( 7.850000000000003197, -3.399999999999999911, -0.2499999999999997780 ) ) ;
#5232 = EDGE_CURVE ( 'NONE', #2884, #2554, #284, .T. ) ;
#5233 = EDGE_LOOP ( 'NONE', ( #4316, #2092, #5791, #7861 ) ) ;
#5234 = SURFACE_SIDE_STYLE ('',( #5803 ) ) ;
#5235 = VECTOR ( 'NONE', #6434, 1000.000000000000000 ) ;
#5236 = VECTOR ( 'NONE', #5899, 1000.000000000000114 ) ;
#5237 = EDGE_CURVE ( 'NONE', #4676, #2884, #2118, .T. ) ;
#5238 = VERTEX_POINT ( 'NONE', #1428 ) ;
#5239 = ADVANCED_FACE ( 'NONE', ( #1464 ), #1566, .T. ) ;
#5240 = DIRECTION ( 'NONE',  ( -4.336808689942017736E-16, 0.0000000000000000000, -1.000000000000000000 ) ) ;
#5241 = UNCERTAINTY_MEASURE_WITH_UNIT (LENGTH_MEASURE( 1.000000000000000082E-05 ), #2895, 'distance_accuracy_value', 'NONE');
#5242 = CARTESIAN_POINT ( 'NONE',  ( 4.049999999999999822, 5.100000000000001421, -0.1499999999999969136 ) ) ;
#5243 = PRESENTATION_STYLE_ASSIGNMENT (( #1085 ) ) ;
#5244 = CARTESIAN_POINT ( 'NONE',  ( 9.699999999999999289, 6.000000000000000000, -2.700000000000000622 ) ) ;
#5245 = ORIENTED_EDGE ( 'NONE', *, *, #5320, .T. ) ;
#5246 = EDGE_CURVE ( 'NONE', #3208, #299, #1646, .T. ) ;
#5247 = SURFACE_STYLE_USAGE ( .BOTH. , #7835 ) ;
#5248 = SURFACE_STYLE_FILL_AREA ( #2301 ) ;
#5249 = FILL_AREA_STYLE_COLOUR ( '', #3005 ) ;
#5250 = EDGE_LOOP ( 'NONE', ( #5308, #798, #3461, #6525 ) ) ;
#5251 = DIRECTION ( 'NONE',  ( 1.000000000000000000, 0.0000000000000000000, 0.0000000000000000000 ) ) ;
#5252 = DIRECTION ( 'NONE',  ( 0.0000000000000000000, -0.0000000000000000000, 1.000000000000000000 ) ) ;
#5253 = STYLED_ITEM ( 'NONE', ( #6454 ), #7592 ) ;
#5254 = DIRECTION ( 'NONE',  ( 1.000000000000000000, -5.421010862427522170E-17, 0.0000000000000000000 ) ) ;
#5255 = CARTESIAN_POINT ( 'NONE',  ( -0.2500000000000004441, -3.399999999999999911, -0.2499999999999997780 ) ) ;
#5256 = FILL_AREA_STYLE_COLOUR ( '', #1782 ) ;
#5257 =( LENGTH_UNIT ( ) NAMED_UNIT ( * ) SI_UNIT ( .MILLI., .METRE. ) );
#5258 = AXIS2_PLACEMENT_3D ( 'NONE', #7461, #2587, #3303 ) ;
#5259 = VECTOR ( 'NONE', #6097, 1000.000000000000000 ) ;
#5260 = DIRECTION ( 'NONE',  ( 0.5773502691896279515, -0.5773502691896199579, 0.5773502691896295058 ) ) ;
#5261 = VERTEX_POINT ( 'NONE', #5330 ) ;
#5262 = ORIENTED_EDGE ( 'NONE', *, *, #4198, .F. ) ;
#5263 = ORIENTED_EDGE ( 'NONE', *, *, #189, .T. ) ;
#5264 = CARTESIAN_POINT ( 'NONE',  ( 7.299999999999998934, 0.2000000000000000389, -0.2499999999999997780 ) ) ;
#5265 = FILL_AREA_STYLE_COLOUR ( '', #7268 ) ;
#5266 = AXIS2_PLACEMENT_3D ( 'NONE', #3178, #3295, #1963 ) ;
#5267 =( GEOMETRIC_REPRESENTATION_CONTEXT ( 3 ) GLOBAL_UNCERTAINTY_ASSIGNED_CONTEXT ( ( #4975 ) ) GLOBAL_UNIT_ASSIGNED_CONTEXT ( ( #167, #1436, #1369 ) ) REPRESENTATION_CONTEXT ( 'NONE', 'WORKASPACE' ) );
#5268 = CARTESIAN_POINT ( 'NONE',  ( 9.950000000000001066, 0.8200000000000027267, 1.300000000000000044 ) ) ;
#5269 = LINE ( 'NONE', #3481, #140 ) ;
#5270 = LINE ( 'NONE', #7819, #5293 ) ;
#5271 = ORIENTED_EDGE ( 'NONE', *, *, #2611, .F. ) ;
#5272 = STYLED_ITEM ( 'NONE', ( #3521 ), #6952 ) ;
#5273 = LINE ( 'NONE', #5114, #2336 ) ;
#5274 = PLANE ( 'NONE',  #5730 ) ;
#5275 = EDGE_CURVE ( 'NONE', #7899, #5206, #7106, .T. ) ;
#5276 = COLOUR_RGB ( '',1.000000000000000000, 0.8117647058823529438, 0.5019607843137254832 ) ;
#5277 = DIRECTION ( 'NONE',  ( 1.000000000000000000, 0.0000000000000000000, 0.0000000000000000000 ) ) ;
#5278 = DIRECTION ( 'NONE',  ( 1.927470528863119542E-16, -1.000000000000000000, 0.0000000000000000000 ) ) ;
#5279 = CARTESIAN_POINT ( 'NONE',  ( -0.1500000000000008271, -3.399999999999999911, -0.2499999999999997780 ) ) ;
#5280 = VECTOR ( 'NONE', #3194, 1000.000000000000000 ) ;
#5281 =( NAMED_UNIT ( * ) SI_UNIT ( $, .STERADIAN. ) SOLID_ANGLE_UNIT ( ) );
#5282 = STYLED_ITEM ( 'NONE', ( #5623 ), #7029 ) ;
#5283 = CARTESIAN_POINT ( 'NONE',  ( 8.250000000000000000, -3.399999999999999911, 0.2500000000000002220 ) ) ;
#5284 = DIRECTION ( 'NONE',  ( -7.288754100742885708E-17, 0.0000000000000000000, -1.000000000000000000 ) ) ;
#5285 = ORIENTED_EDGE ( 'NONE', *, *, #7304, .F. ) ;
#5286 = AXIS2_PLACEMENT_3D ( 'NONE', #3666, #3169, #1944 ) ;
#5287 = EDGE_CURVE ( 'NONE', #1510, #3503, #5364, .T. ) ;
#5288 = SURFACE_STYLE_FILL_AREA ( #7796 ) ;
#5289 = ORIENTED_EDGE ( 'NONE', *, *, #4670, .F. ) ;
#5290 = CARTESIAN_POINT ( 'NONE',  ( -1.699999999999999512, 6.000000000000000000, -2.350000000000001421 ) ) ;
#5291 = SURFACE_STYLE_FILL_AREA ( #4178 ) ;
#5292 = COLOUR_RGB ( '',1.000000000000000000, 1.000000000000000000, 1.000000000000000000 ) ;
#5293 = VECTOR ( 'NONE', #3598, 1000.000000000000000 ) ;
#5294 = ORIENTED_EDGE ( 'NONE', *, *, #934, .T. ) ;
#5295 = FILL_AREA_STYLE ('',( #7768 ) ) ;
#5296 = CARTESIAN_POINT ( 'NONE',  ( -1.350000000000000089, 5.650000000000000355, 1.249999999999997558 ) ) ;
#5297 = STYLED_ITEM ( 'NONE', ( #6739 ), #715 ) ;
#5298 = EDGE_LOOP ( 'NONE', ( #816, #957, #1879, #5227 ) ) ;
#5299 = STYLED_ITEM ( 'NONE', ( #4295 ), #4062 ) ;
#5300 = CARTESIAN_POINT ( 'NONE',  ( 7.750000000000000000, 5.000000000000000888, 0.2500000000000002220 ) ) ;
#5301 = PRESENTATION_LAYER_ASSIGNMENT (  '', '', ( #848 ) ) ;
#5302 = CARTESIAN_POINT ( 'NONE',  ( 4.750000000000000888, 1.149999999999999911, -2.350000000000000977 ) ) ;
#5303 = DIRECTION ( 'NONE',  ( 0.0000000000000000000, 1.000000000000000000, 0.0000000000000000000 ) ) ;
#5304 = DIRECTION ( 'NONE',  ( 1.000000000000000000, 0.0000000000000000000, -4.818676322157798361E-16 ) ) ;
#5305 = EDGE_LOOP ( 'NONE', ( #354, #2125, #1564, #7203 ) ) ;
#5306 = ORIENTED_EDGE ( 'NONE', *, *, #3296, .F. ) ;
#5307 = LINE ( 'NONE', #7178, #3028 ) ;
#5308 = ORIENTED_EDGE ( 'NONE', *, *, #2417, .T. ) ;
#5309 = VECTOR ( 'NONE', #7145, 1000.000000000000000 ) ;
#5310 = COLOUR_RGB ( '',1.000000000000000000, 1.000000000000000000, 1.000000000000000000 ) ;
#5311 = ORIENTED_EDGE ( 'NONE', *, *, #7655, .F. ) ;
#5312 = DIRECTION ( 'NONE',  ( -4.336808689942017736E-16, 0.0000000000000000000, -1.000000000000000000 ) ) ;
#5313 = ORIENTED_EDGE ( 'NONE', *, *, #5125, .F. ) ;
#5314 = DIRECTION ( 'NONE',  ( 3.872150616019660190E-17, 1.000000000000000000, -0.0000000000000000000 ) ) ;
#5315 = FACE_OUTER_BOUND ( 'NONE', #4398, .T. ) ;
#5316 = DIRECTION ( 'NONE',  ( 0.0000000000000000000, 0.0000000000000000000, 1.000000000000000000 ) ) ;
#5317 = ORIENTED_EDGE ( 'NONE', *, *, #6078, .T. ) ;
#5318 = DIRECTION ( 'NONE',  ( -4.336808689942017736E-16, 1.679277644031840470E-32, -1.000000000000000000 ) ) ;
#5320 = EDGE_CURVE ( 'NONE', #1961, #7025, #2306, .T. ) ;
#5319 = LINE ( 'NONE', #3539, #350 ) ;
#5321 = SURFACE_STYLE_USAGE ( .BOTH. , #1598 ) ;
#5322 = DIRECTION ( 'NONE',  ( 0.0000000000000000000, -0.0000000000000000000, 1.000000000000000000 ) ) ;
#5323 = CARTESIAN_POINT ( 'NONE',  ( 8.149999999999996803, -3.399999999999999911, -0.1499999999999969136 ) ) ;
#5324 = VERTEX_POINT ( 'NONE', #1611 ) ;
#5325 = CARTESIAN_POINT ( 'NONE',  ( 1.850000000000003642, 5.100000000000001421, 0.1499999999999973577 ) ) ;
#5326 = ADVANCED_FACE ( 'NONE', ( #4060 ), #4777, .F. ) ;
#5327 = UNCERTAINTY_MEASURE_WITH_UNIT (LENGTH_MEASURE( 1.000000000000000082E-05 ), #4208, 'distance_accuracy_value', 'NONE');
#5329 = ADVANCED_FACE ( 'NONE', ( #7169 ), #7215, .T. ) ;
#5328 = VERTEX_POINT ( 'NONE', #1176 ) ;
#5330 = CARTESIAN_POINT ( 'NONE',  ( 8.679999999999999716, 4.230000000000000426, 1.700000000000000178 ) ) ;
#5331 = ORIENTED_EDGE ( 'NONE', *, *, #7045, .F. ) ;
#5332 = SURFACE_STYLE_FILL_AREA ( #479 ) ;
#5333 =( NAMED_UNIT ( * ) PLANE_ANGLE_UNIT ( ) SI_UNIT ( $, .RADIAN. ) );
#5334 = LINE ( 'NONE', #5869, #3920 ) ;
#5335 = EDGE_CURVE ( 'NONE', #4369, #5590, #546, .T. ) ;
#5336 = DIRECTION ( 'NONE',  ( -4.818676322157798361E-16, 0.0000000000000000000, -1.000000000000000000 ) ) ;
#5337 = ORIENTED_EDGE ( 'NONE', *, *, #7761, .F. ) ;
#5338 = DIRECTION ( 'NONE',  ( 1.000000000000000000, -5.421010862427522170E-17, 0.0000000000000000000 ) ) ;
#5339 = SURFACE_STYLE_FILL_AREA ( #6077 ) ;
#5340 = COLOUR_RGB ( '',1.000000000000000000, 0.8117647058823529438, 0.5019607843137254832 ) ;
#5341 = DIRECTION ( 'NONE',  ( -1.000000000000000000, 0.0000000000000000000, -0.0000000000000000000 ) ) ;
#5342 = CARTESIAN_POINT ( 'NONE',  ( -1.949999999999999956, 6.000000000000000000, -2.800000000000000266 ) ) ;
#5343 = FILL_AREA_STYLE ('',( #4871 ) ) ;
#5344 = FILL_AREA_STYLE_COLOUR ( '', #311 ) ;
#5345 = LINE ( 'NONE', #2926, #2051 ) ;
#5346 = STYLED_ITEM ( 'NONE', ( #7207 ), #947 ) ;
#5347 = ORIENTED_EDGE ( 'NONE', *, *, #6373, .F. ) ;
#5348 = SURFACE_STYLE_FILL_AREA ( #452 ) ;
#5349 = SURFACE_STYLE_FILL_AREA ( #3605 ) ;
#5350 = ORIENTED_EDGE ( 'NONE', *, *, #6993, .F. ) ;
#5351 = FILL_AREA_STYLE ('',( #2934 ) ) ;
#5352 = ORIENTED_EDGE ( 'NONE', *, *, #2616, .F. ) ;
#5353 =( NAMED_UNIT ( * ) SI_UNIT ( $, .STERADIAN. ) SOLID_ANGLE_UNIT ( ) );
#5354 = LINE ( 'NONE', #2824, #1996 ) ;
#5355 = DIRECTION ( 'NONE',  ( -3.833233541708453218E-17, -0.7071067811865509034, -0.7071067811865441310 ) ) ;
#5356 = CARTESIAN_POINT ( 'NONE',  ( 2.083333333333334370, 5.166666666666665186, 0.08333333333333325932 ) ) ;
#5357 = VECTOR ( 'NONE', #1100, 1000.000000000000000 ) ;
#5358 = UNCERTAINTY_MEASURE_WITH_UNIT (LENGTH_MEASURE( 1.000000000000000082E-05 ), #6164, 'distance_accuracy_value', 'NONE');
#5359 = DIRECTION ( 'NONE',  ( 1.000000000000000000, -5.421010862427522170E-17, 0.0000000000000000000 ) ) ;
#5360 = EDGE_CURVE ( 'NONE', #6778, #2893, #6656, .T. ) ;
#5361 = CARTESIAN_POINT ( 'NONE',  ( -1.699999999999999512, 6.000000000000000000, 1.599999999999997202 ) ) ;
#5362 = SURFACE_STYLE_FILL_AREA ( #473 ) ;
#5363 = ORIENTED_EDGE ( 'NONE', *, *, #4569, .T. ) ;
#5364 = LINE ( 'NONE', #7840, #23 ) ;
#5365 = CARTESIAN_POINT ( 'NONE',  ( 1.750000000000000222, -3.299999999999998490, 0.2500000000000002220 ) ) ;
#5366 = EDGE_LOOP ( 'NONE', ( #1776, #363, #4034, #3232 ) ) ;
#5367 = LINE ( 'NONE', #1692, #4382 ) ;
#5368 = EDGE_CURVE ( 'NONE', #532, #2656, #4819, .T. ) ;
#5369 = SURFACE_SIDE_STYLE ('',( #2 ) ) ;
#5370 = CARTESIAN_POINT ( 'NONE',  ( 3.750000000000000444, -3.399999999999999911, 0.2500000000000002220 ) ) ;
#5371 = VERTEX_POINT ( 'NONE', #4704 ) ;
#5372 = LINE ( 'NONE', #4673, #4675 ) ;
#5373 = LINE ( 'NONE', #4070, #6566 ) ;
#5374 = EDGE_LOOP ( 'NONE', ( #6167, #1435, #5109, #3452 ) ) ;
#5375 = ORIENTED_EDGE ( 'NONE', *, *, #2220, .F. ) ;
#5376 = SURFACE_STYLE_FILL_AREA ( #522 ) ;
#5377 = SURFACE_SIDE_STYLE ('',( #1662 ) ) ;
#5378 = EDGE_CURVE ( 'NONE', #777, #991, #3621, .T. ) ;
#5379 = VECTOR ( 'NONE', #11, 1000.000000000000114 ) ;
#5380 = LINE ( 'NONE', #5426, #7862 ) ;
#5381 = SURFACE_STYLE_FILL_AREA ( #5881 ) ;
#5382 = LINE ( 'NONE', #7273, #6204 ) ;
#5383 = VERTEX_POINT ( 'NONE', #477 ) ;
#5384 = FACE_OUTER_BOUND ( 'NONE', #1127, .T. ) ;
#5385 = VECTOR ( 'NONE', #6882, 1000.000000000000000 ) ;
#5386 = ORIENTED_EDGE ( 'NONE', *, *, #1563, .F. ) ;
#5387 = LINE ( 'NONE', #1838, #2976 ) ;
#5388 = VECTOR ( 'NONE', #2353, 1000.000000000000000 ) ;
#5389 = MECHANICAL_DESIGN_GEOMETRIC_PRESENTATION_REPRESENTATION (  '', ( #4761 ), #3120 ) ;
#5390 = VERTEX_POINT ( 'NONE', #3586 ) ;
#5391 = EDGE_LOOP ( 'NONE', ( #5076, #792, #4402, #7323 ) ) ;
#5392 = DIRECTION ( 'NONE',  ( 1.000000000000000000, -3.872150616019660190E-17, -4.336808689942017736E-16 ) ) ;
#5393 = SURFACE_STYLE_FILL_AREA ( #1212 ) ;
#5394 = DIRECTION ( 'NONE',  ( -1.000000000000000000, 5.421010862427522170E-17, 0.0000000000000000000 ) ) ;
#5395 = SURFACE_STYLE_FILL_AREA ( #1087 ) ;
#5396 = COLOUR_RGB ( '',1.000000000000000000, 0.8117647058823529438, 0.5019607843137254832 ) ;
#5397 = PRESENTATION_STYLE_ASSIGNMENT (( #3145 ) ) ;
#5398 =( GEOMETRIC_REPRESENTATION_CONTEXT ( 3 ) GLOBAL_UNCERTAINTY_ASSIGNED_CONTEXT ( ( #274 ) ) GLOBAL_UNIT_ASSIGNED_CONTEXT ( ( #6196, #1306, #6241 ) ) REPRESENTATION_CONTEXT ( 'NONE', 'WORKASPACE' ) );
#5399 = PRESENTATION_LAYER_ASSIGNMENT (  '', '', ( #3001 ) ) ;
#5400 = DIRECTION ( 'NONE',  ( 0.0000000000000000000, -0.0000000000000000000, -1.000000000000000000 ) ) ;
#5401 = UNCERTAINTY_MEASURE_WITH_UNIT (LENGTH_MEASURE( 1.000000000000000082E-05 ), #4574, 'distance_accuracy_value', 'NONE');
#5402 = ORIENTED_EDGE ( 'NONE', *, *, #92, .T. ) ;
#5403 = ORIENTED_EDGE ( 'NONE', *, *, #7188, .F. ) ;
#5404 = CARTESIAN_POINT ( 'NONE',  ( 6.699999999999999289, 0.0000000000000000000, -2.800000000000000266 ) ) ;
#5405 = DIRECTION ( 'NONE',  ( 0.5773502691896292838, 0.5773502691896192918, 0.5773502691896288397 ) ) ;
#5406 = CARTESIAN_POINT ( 'NONE',  ( 3.299999999999999378, 0.2000000000000000389, -2.800000000000000266 ) ) ;
#5407 = EDGE_CURVE ( 'NONE', #195, #5595, #3549, .T. ) ;
#5408 = ORIENTED_EDGE ( 'NONE', *, *, #6171, .T. ) ;
#5409 = MECHANICAL_DESIGN_GEOMETRIC_PRESENTATION_REPRESENTATION (  '', ( #2363 ), #3900 ) ;
#5410 = AXIS2_PLACEMENT_3D ( 'NONE', #1389, #4940, #3698 ) ;
#5411 = UNCERTAINTY_MEASURE_WITH_UNIT (LENGTH_MEASURE( 1.000000000000000082E-05 ), #5598, 'distance_accuracy_value', 'NONE');
#5412 = FILL_AREA_STYLE_COLOUR ( '', #986 ) ;
#5413 = STYLED_ITEM ( 'NONE', ( #3284 ), #5877 ) ;
#5414 = CYLINDRICAL_SURFACE ( 'NONE', #1333, 0.05000000000000019013 ) ;
#5415 = PRESENTATION_STYLE_ASSIGNMENT (( #37 ) ) ;
#5416 = MECHANICAL_DESIGN_GEOMETRIC_PRESENTATION_REPRESENTATION (  '', ( #76 ), #6453 ) ;
#5417 = APPLICATION_PROTOCOL_DEFINITION ( 'draft international standard', 'automotive_design', 1998, #765 ) ;
#5418 = DIRECTION ( 'NONE',  ( -1.000000000000000000, 3.872150616019661422E-17, 0.0000000000000000000 ) ) ;
#5419 = VERTEX_POINT ( 'NONE', #2398 ) ;
#5420 = ORIENTED_EDGE ( 'NONE', *, *, #1283, .T. ) ;
#5421 = CARTESIAN_POINT ( 'NONE',  ( 7.750000000000000000, -3.399999999999999911, 0.2500000000000002220 ) ) ;
#5422 = ADVANCED_FACE ( 'NONE', ( #7255 ), #1771, .F. ) ;
#5423 =( NAMED_UNIT ( * ) SI_UNIT ( $, .STERADIAN. ) SOLID_ANGLE_UNIT ( ) );
#5424 = AXIS2_PLACEMENT_3D ( 'NONE', #1913, #1280, #6248 ) ;
#5425 = PRESENTATION_LAYER_ASSIGNMENT (  '', '', ( #3779 ) ) ;
#5426 = CARTESIAN_POINT ( 'NONE',  ( -1.180000000000000160, 2.250000000000000000, 1.700000000000000178 ) ) ;
#5427 = SURFACE_STYLE_USAGE ( .BOTH. , #7121 ) ;
#5428 = MECHANICAL_DESIGN_GEOMETRIC_PRESENTATION_REPRESENTATION (  '', ( #969 ), #6591 ) ;
#5429 = EDGE_CURVE ( 'NONE', #3808, #7899, #4297, .T. ) ;
#5430 = AXIS2_PLACEMENT_3D ( 'NONE', #313, #2112, #3310 ) ;
#5431 = EDGE_LOOP ( 'NONE', ( #1175, #6881, #1853, #2415 ) ) ;
#5432 = SURFACE_STYLE_FILL_AREA ( #6640 ) ;
#5433 = UNCERTAINTY_MEASURE_WITH_UNIT (LENGTH_MEASURE( 1.000000000000000082E-05 ), #972, 'distance_accuracy_value', 'NONE');
#5434 =( GEOMETRIC_REPRESENTATION_CONTEXT ( 3 ) GLOBAL_UNCERTAINTY_ASSIGNED_CONTEXT ( ( #7671 ) ) GLOBAL_UNIT_ASSIGNED_CONTEXT ( ( #5816, #6344, #7757 ) ) REPRESENTATION_CONTEXT ( 'NONE', 'WORKASPACE' ) );
#5435 = EDGE_CURVE ( 'NONE', #1034, #1700, #6738, .T. ) ;
#5436 =( NAMED_UNIT ( * ) PLANE_ANGLE_UNIT ( ) SI_UNIT ( $, .RADIAN. ) );
#5437 =( GEOMETRIC_REPRESENTATION_CONTEXT ( 3 ) GLOBAL_UNCERTAINTY_ASSIGNED_CONTEXT ( ( #1183 ) ) GLOBAL_UNIT_ASSIGNED_CONTEXT ( ( #7406, #3328, #4488 ) ) REPRESENTATION_CONTEXT ( 'NONE', 'WORKASPACE' ) );
#5438 = ORIENTED_EDGE ( 'NONE', *, *, #6282, .T. ) ;
#5439 = SURFACE_STYLE_FILL_AREA ( #7200 ) ;
#5440 = ORIENTED_EDGE ( 'NONE', *, *, #7545, .T. ) ;
#5441 =( NAMED_UNIT ( * ) PLANE_ANGLE_UNIT ( ) SI_UNIT ( $, .RADIAN. ) );
#5442 = DIRECTION ( 'NONE',  ( -1.000000000000000000, 3.872150616019661422E-17, 0.0000000000000000000 ) ) ;
#5443 = PLANE ( 'NONE',  #2566 ) ;
#5444 = CARTESIAN_POINT ( 'NONE',  ( -0.1499999999999982181, 5.100000000000001421, -2.800000000000001155 ) ) ;
#5445 = FILL_AREA_STYLE_COLOUR ( '', #77 ) ;
#5446 = FILL_AREA_STYLE_COLOUR ( '', #5161 ) ;
#5447 = CARTESIAN_POINT ( 'NONE',  ( -1.350000000000000089, 1.799999999999999600, -2.350000000000001421 ) ) ;
#5448 = VERTEX_POINT ( 'NONE', #3070 ) ;
#5449 = DIRECTION ( 'NONE',  ( -0.0000000000000000000, 1.000000000000000000, -0.0000000000000000000 ) ) ;
#5450 = DIRECTION ( 'NONE',  ( -1.000000000000000000, 1.084202172485504237E-15, 0.0000000000000000000 ) ) ;
#5451 = ORIENTED_EDGE ( 'NONE', *, *, #3797, .T. ) ;
#5452 = FILL_AREA_STYLE ('',( #632 ) ) ;
#5453 =( LENGTH_UNIT ( ) NAMED_UNIT ( * ) SI_UNIT ( .MILLI., .METRE. ) );
#5454 = ORIENTED_EDGE ( 'NONE', *, *, #406, .F. ) ;
#5455 = PLANE ( 'NONE',  #1239 ) ;
#5456 = SURFACE_STYLE_USAGE ( .BOTH. , #6667 ) ;
#5457 =( LENGTH_UNIT ( ) NAMED_UNIT ( * ) SI_UNIT ( .MILLI., .METRE. ) );
#5458 = SURFACE_STYLE_USAGE ( .BOTH. , #3085 ) ;
#5459 = DIRECTION ( 'NONE',  ( 1.000000000000000000, 0.0000000000000000000, 0.0000000000000000000 ) ) ;
#5460 =( LENGTH_UNIT ( ) NAMED_UNIT ( * ) SI_UNIT ( .MILLI., .METRE. ) );
#5461 = EDGE_CURVE ( 'NONE', #3172, #7131, #5489, .T. ) ;
#5462 = DIRECTION ( 'NONE',  ( -1.084202172485504237E-15, -1.000000000000000000, 0.0000000000000000000 ) ) ;
#5463 = EDGE_LOOP ( 'NONE', ( #6228, #3628, #5213, #205 ) ) ;
#5464 = ORIENTED_EDGE ( 'NONE', *, *, #6385, .F. ) ;
#5465 = LINE ( 'NONE', #15, #5086 ) ;
#5466 = ORIENTED_EDGE ( 'NONE', *, *, #3523, .F. ) ;
#5467 =( GEOMETRIC_REPRESENTATION_CONTEXT ( 3 ) GLOBAL_UNCERTAINTY_ASSIGNED_CONTEXT ( ( #254 ) ) GLOBAL_UNIT_ASSIGNED_CONTEXT ( ( #1704, #3634, #5423 ) ) REPRESENTATION_CONTEXT ( 'NONE', 'WORKASPACE' ) );
#5468 = FILL_AREA_STYLE_COLOUR ( '', #2851 ) ;
#5469 = ADVANCED_FACE ( 'NONE', ( #5607 ), #7420, .T. ) ;
#5470 = FILL_AREA_STYLE ('',( #6094 ) ) ;
#5471 = ORIENTED_EDGE ( 'NONE', *, *, #7439, .F. ) ;
#5472 = PRESENTATION_LAYER_ASSIGNMENT (  '', '', ( #6013 ) ) ;
#5473 = SURFACE_SIDE_STYLE ('',( #1168 ) ) ;
#5474 = SURFACE_STYLE_USAGE ( .BOTH. , #6128 ) ;
#5475 = STYLED_ITEM ( 'NONE', ( #4547 ), #1568 ) ;
#5476 = PLANE ( 'NONE',  #5121 ) ;
#5477 = LINE ( 'NONE', #6618, #6386 ) ;
#5478 = ADVANCED_FACE ( 'NONE', ( #2552 ), #1385, .F. ) ;
#5479 = LINE ( 'NONE', #2344, #620 ) ;
#5480 = EDGE_CURVE ( 'NONE', #2349, #1269, #194, .T. ) ;
#5481 = AXIS2_PLACEMENT_3D ( 'NONE', #836, #5284, #6533 ) ;
#5482 = DIRECTION ( 'NONE',  ( -9.103382349328301547E-49, -2.350988701644575016E-32, -1.000000000000000000 ) ) ;
#5483 = DIRECTION ( 'NONE',  ( -0.0000000000000000000, 1.000000000000000000, -0.0000000000000000000 ) ) ;
#5484 = LINE ( 'NONE', #2392, #7607 ) ;
#5485 = FILL_AREA_STYLE ('',( #4250 ) ) ;
#5486 = ORIENTED_EDGE ( 'NONE', *, *, #5203, .F. ) ;
#5487 = PLANE ( 'NONE',  #2128 ) ;
#5488 = UNCERTAINTY_MEASURE_WITH_UNIT (LENGTH_MEASURE( 1.000000000000000082E-05 ), #6785, 'distance_accuracy_value', 'NONE');
#5489 = LINE ( 'NONE', #1343, #3333 ) ;
#5490 = FILL_AREA_STYLE_COLOUR ( '', #967 ) ;
#5491 = VECTOR ( 'NONE', #7110, 1000.000000000000000 ) ;
#5492 = EDGE_CURVE ( 'NONE', #5790, #1993, #5173, .T. ) ;
#5493 = PRESENTATION_LAYER_ASSIGNMENT (  '', '', ( #1650 ) ) ;
#5494 = CARTESIAN_POINT ( 'NONE',  ( 4.149999999999997691, -3.399999999999999911, 0.2500000000000002220 ) ) ;
#5495 = LINE ( 'NONE', #3113, #2252 ) ;
#5496 = PRESENTATION_STYLE_ASSIGNMENT (( #4187 ) ) ;
#5497 = SURFACE_SIDE_STYLE ('',( #723 ) ) ;
#5498 = EDGE_LOOP ( 'NONE', ( #594, #5662, #7240, #5199 ) ) ;
#5499 = CARTESIAN_POINT ( 'NONE',  ( -1.949999999999999734, 5.100000000000001421, 0.1499999999999973577 ) ) ;
#5500 = CARTESIAN_POINT ( 'NONE',  ( 0.6999999999999992895, 0.1999999999999999833, -2.800000000000000266 ) ) ;
#5501 = AXIS2_PLACEMENT_3D ( 'NONE', #2103, #7007, #790 ) ;
#5502 = FILL_AREA_STYLE_COLOUR ( '', #2875 ) ;
#5503 = FACE_OUTER_BOUND ( 'NONE', #5374, .T. ) ;
#5504 = DIRECTION ( 'NONE',  ( 0.0000000000000000000, 1.000000000000000000, 0.0000000000000000000 ) ) ;
#5505 = DIRECTION ( 'NONE',  ( 1.000000000000000000, 0.0000000000000000000, 0.0000000000000000000 ) ) ;
#5506 = CARTESIAN_POINT ( 'NONE',  ( 1.916666666666668073, 5.166666666666666075, -0.08333333333333195481 ) ) ;
#5507 = ORIENTED_EDGE ( 'NONE', *, *, #4800, .F. ) ;
#5508 = DIRECTION ( 'NONE',  ( 0.0000000000000000000, -0.0000000000000000000, 1.000000000000000000 ) ) ;
#5509 = LINE ( 'NONE', #4484, #7184 ) ;
#5510 = DIRECTION ( 'NONE',  ( -1.000000000000000000, 0.0000000000000000000, -0.0000000000000000000 ) ) ;
#5512 = LINE ( 'NONE', #6125, #1831 ) ;
#5511 = COLOUR_RGB ( '',1.000000000000000000, 0.8117647058823529438, 0.5019607843137254832 ) ;
#5513 = ORIENTED_EDGE ( 'NONE', *, *, #7911, .F. ) ;
#5514 =( NAMED_UNIT ( * ) SI_UNIT ( $, .STERADIAN. ) SOLID_ANGLE_UNIT ( ) );
#5515 = FACE_OUTER_BOUND ( 'NONE', #7767, .T. ) ;
#5516 = SURFACE_SIDE_STYLE ('',( #231 ) ) ;
#5517 = ADVANCED_FACE ( 'NONE', ( #5731 ), #7587, .F. ) ;
#5518 = VECTOR ( 'NONE', #7499, 1000.000000000000000 ) ;
#5519 = STYLED_ITEM ( 'NONE', ( #5195 ), #4841 ) ;
#5520 = FILL_AREA_STYLE_COLOUR ( '', #2664 ) ;
#5521 = FILL_AREA_STYLE ('',( #3819 ) ) ;
#5522 = PRESENTATION_STYLE_ASSIGNMENT (( #4970 ) ) ;
#5523 = DIRECTION ( 'NONE',  ( -4.336808689942017736E-16, 0.0000000000000000000, -1.000000000000000000 ) ) ;
#5524 =( NAMED_UNIT ( * ) PLANE_ANGLE_UNIT ( ) SI_UNIT ( $, .RADIAN. ) );
#5525 = COLOUR_RGB ( '',1.000000000000000000, 1.000000000000000000, 1.000000000000000000 ) ;
#5526 = LINE ( 'NONE', #2669, #3280 ) ;
#5527 = LINE ( 'NONE', #3619, #1850 ) ;
#5528 = PRESENTATION_LAYER_ASSIGNMENT (  '', '', ( #1561 ) ) ;
#5529 = EDGE_CURVE ( 'NONE', #3760, #1510, #7675, .T. ) ;
#5530 = ORIENTED_EDGE ( 'NONE', *, *, #844, .T. ) ;
#5531 = STYLED_ITEM ( 'NONE', ( #1023 ), #2918 ) ;
#5532 = PLANE ( 'NONE',  #4447 ) ;
#5533 = AXIS2_PLACEMENT_3D ( 'NONE', #1059, #4740, #7892 ) ;
#5534 = UNCERTAINTY_MEASURE_WITH_UNIT (LENGTH_MEASURE( 1.000000000000000082E-05 ), #7523, 'distance_accuracy_value', 'NONE');
#5535 = FILL_AREA_STYLE_COLOUR ( '', #448 ) ;
#5536 = EDGE_LOOP ( 'NONE', ( #6809, #4067, #6087, #5955 ) ) ;
#5537 = PLANE ( 'NONE',  #7504 ) ;
#5538 = PRESENTATION_LAYER_ASSIGNMENT (  '', '', ( #7458 ) ) ;
#5539 = SURFACE_STYLE_FILL_AREA ( #4196 ) ;
#5540 = ORIENTED_EDGE ( 'NONE', *, *, #7181, .F. ) ;
#5541 = FILL_AREA_STYLE ('',( #3118 ) ) ;
#5542 = MECHANICAL_DESIGN_GEOMETRIC_PRESENTATION_REPRESENTATION (  '', ( #4531 ), #1711 ) ;
#5543 =( LENGTH_UNIT ( ) NAMED_UNIT ( * ) SI_UNIT ( .MILLI., .METRE. ) );
#5544 = LINE ( 'NONE', #6835, #7022 ) ;
#5546 = PRESENTATION_LAYER_ASSIGNMENT (  '', '', ( #6076 ) ) ;
#5545 = CARTESIAN_POINT ( 'NONE',  ( 8.699999999999999289, 0.1999999999999999833, 1.700000000000000178 ) ) ;
#5547 = LINE ( 'NONE', #3125, #1590 ) ;
#5548 = ORIENTED_EDGE ( 'NONE', *, *, #7614, .T. ) ;
#5549 = EDGE_LOOP ( 'NONE', ( #6289, #2335, #4515, #1252 ) ) ;
#5550 = VERTEX_POINT ( 'NONE', #6269 ) ;
#5551 = CARTESIAN_POINT ( 'NONE',  ( 8.250000000000000000, -3.299999999999998490, -0.2499999999999997780 ) ) ;
#5552 = STYLED_ITEM ( 'NONE', ( #6471 ), #3968 ) ;
#5553 = AXIS2_PLACEMENT_3D ( 'NONE', #4589, #5671, #250 ) ;
#5554 = DIRECTION ( 'NONE',  ( 0.5773502691896229555, -0.5773502691896325034, 0.5773502691896219563 ) ) ;
#5555 = PRESENTATION_LAYER_ASSIGNMENT (  '', '', ( #5299 ) ) ;
#5556 = FACE_OUTER_BOUND ( 'NONE', #317, .T. ) ;
#5557 = VECTOR ( 'NONE', #6276, 1000.000000000000000 ) ;
#5558 = LINE ( 'NONE', #2009, #961 ) ;
#5559 = VECTOR ( 'NONE', #6182, 1000.000000000000000 ) ;
#5560 = CARTESIAN_POINT ( 'NONE',  ( -1.951000000000000956, 6.000000000000000000, 0.3199999999999991185 ) ) ;
#5561 = ORIENTED_EDGE ( 'NONE', *, *, #1290, .F. ) ;
#5562 = SURFACE_STYLE_FILL_AREA ( #779 ) ;
#5563 = PRESENTATION_STYLE_ASSIGNMENT (( #141 ) ) ;
#5564 = STYLED_ITEM ( 'NONE', ( #1884 ), #3603 ) ;
#5565 = SURFACE_SIDE_STYLE ('',( #1331 ) ) ;
#5566 = COLOUR_RGB ( '',1.000000000000000000, 1.000000000000000000, 1.000000000000000000 ) ;
#5567 = SURFACE_STYLE_FILL_AREA ( #1171 ) ;
#5568 =( NAMED_UNIT ( * ) PLANE_ANGLE_UNIT ( ) SI_UNIT ( $, .RADIAN. ) );
#5569 = EDGE_CURVE ( 'NONE', #6049, #1281, #7044, .T. ) ;
#5570 = SURFACE_SIDE_STYLE ('',( #190 ) ) ;
#5571 = DIRECTION ( 'NONE',  ( 1.000000000000000000, -5.421010862427522170E-17, 0.0000000000000000000 ) ) ;
#5572 = VECTOR ( 'NONE', #4365, 1000.000000000000000 ) ;
#5573 = LINE ( 'NONE', #2021, #5182 ) ;
#5574 = DIRECTION ( 'NONE',  ( 0.5773502691896272854, -0.5773502691896222894, -0.5773502691896277295 ) ) ;
#5575 = FILL_AREA_STYLE ('',( #1982 ) ) ;
#5576 = EDGE_CURVE ( 'NONE', #5590, #4149, #1554, .T. ) ;
#5577 =( NAMED_UNIT ( * ) PLANE_ANGLE_UNIT ( ) SI_UNIT ( $, .RADIAN. ) );
#5578 = SURFACE_SIDE_STYLE ('',( #4900 ) ) ;
#5579 = DIRECTION ( 'NONE',  ( 0.5773502691896292838, 0.5773502691896192918, 0.5773502691896288397 ) ) ;
#5580 = EDGE_CURVE ( 'NONE', #4045, #3560, #5087, .T. ) ;
#5581 = VERTEX_POINT ( 'NONE', #6929 ) ;
#5582 = DIRECTION ( 'NONE',  ( -3.833233541708466776E-17, -0.7071067811865533459, -0.7071067811865416886 ) ) ;
#5583 = CARTESIAN_POINT ( 'NONE',  ( 9.950000000000001066, 0.0000000000000000000, -2.800000000000000711 ) ) ;
#5584 = FILL_AREA_STYLE ('',( #4348 ) ) ;
#5585 =( LENGTH_UNIT ( ) NAMED_UNIT ( * ) SI_UNIT ( .MILLI., .METRE. ) );
#5586 = SURFACE_SIDE_STYLE ('',( #6670 ) ) ;
#5587 = LINE ( 'NONE', #1396, #414 ) ;
#5588 = DIRECTION ( 'NONE',  ( 0.5773502691896275074, 0.5773502691896221783, 0.5773502691896276184 ) ) ;
#5589 = VERTEX_POINT ( 'NONE', #5650 ) ;
#5590 = VERTEX_POINT ( 'NONE', #2671 ) ;
#5591 = VERTEX_POINT ( 'NONE', #7547 ) ;
#5592 = DIRECTION ( 'NONE',  ( -1.000000000000000000, 3.872150616019660806E-17, -0.0000000000000000000 ) ) ;
#5593 = EDGE_LOOP ( 'NONE', ( #1191, #2079, #1200, #2080 ) ) ;
#5594 = CARTESIAN_POINT ( 'NONE',  ( 2.750000000000000444, 1.149999999999999911, -2.350000000000001421 ) ) ;
#5595 = VERTEX_POINT ( 'NONE', #2060 ) ;
#5596 = COLOUR_RGB ( '',1.000000000000000000, 1.000000000000000000, 1.000000000000000000 ) ;
#5597 = ORIENTED_EDGE ( 'NONE', *, *, #7709, .F. ) ;
#5598 =( LENGTH_UNIT ( ) NAMED_UNIT ( * ) SI_UNIT ( .MILLI., .METRE. ) );
#5599 = ORIENTED_EDGE ( 'NONE', *, *, #4440, .T. ) ;
#5600 = LINE ( 'NONE', #6766, #3168 ) ;
#5601 = PRESENTATION_LAYER_ASSIGNMENT (  '', '', ( #1134 ) ) ;
#5602 = UNCERTAINTY_MEASURE_WITH_UNIT (LENGTH_MEASURE( 1.000000000000000082E-05 ), #4177, 'distance_accuracy_value', 'NONE');
#5603 = PLANE ( 'NONE',  #1811 ) ;
#5604 = DIRECTION ( 'NONE',  ( 0.5773502691896253980, 0.5773502691896281735, -0.5773502691896237327 ) ) ;
#5605 =( NAMED_UNIT ( * ) PLANE_ANGLE_UNIT ( ) SI_UNIT ( $, .RADIAN. ) );
#5606 = FILL_AREA_STYLE ('',( #72 ) ) ;
#5607 = FACE_OUTER_BOUND ( 'NONE', #3094, .T. ) ;
#5608 = EDGE_CURVE ( 'NONE', #7242, #5238, #3908, .T. ) ;
#5609 = PRESENTATION_LAYER_ASSIGNMENT (  '', '', ( #4596 ) ) ;
#5610 = SURFACE_SIDE_STYLE ('',( #1494 ) ) ;
#5611 =( LENGTH_UNIT ( ) NAMED_UNIT ( * ) SI_UNIT ( .MILLI., .METRE. ) );
#5612 = PLANE ( 'NONE',  #581 ) ;
#5613 = ORIENTED_EDGE ( 'NONE', *, *, #1607, .T. ) ;
#5614 = PRESENTATION_LAYER_ASSIGNMENT (  '', '', ( #657 ) ) ;
#5615 = DIRECTION ( 'NONE',  ( 0.5773502691896275074, -0.5773502691896200689, -0.5773502691896296168 ) ) ;
#5616 =( LENGTH_UNIT ( ) NAMED_UNIT ( * ) SI_UNIT ( .MILLI., .METRE. ) );
#5617 = VERTEX_POINT ( 'NONE', #896 ) ;
#5618 = DIRECTION ( 'NONE',  ( -1.000000000000000000, 3.872150616019660190E-17, 0.0000000000000000000 ) ) ;
#5619 = EDGE_CURVE ( 'NONE', #3255, #1716, #2825, .T. ) ;
#5620 = VECTOR ( 'NONE', #6899, 1000.000000000000000 ) ;
#5621 = UNCERTAINTY_MEASURE_WITH_UNIT (LENGTH_MEASURE( 1.000000000000000082E-05 ), #6898, 'distance_accuracy_value', 'NONE');
#5622 = DIRECTION ( 'NONE',  ( 0.0000000000000000000, -0.0000000000000000000, 1.000000000000000000 ) ) ;
#5623 = PRESENTATION_STYLE_ASSIGNMENT (( #4476 ) ) ;
#5624 = FILL_AREA_STYLE ('',( #4444 ) ) ;
#5625 = CARTESIAN_POINT ( 'NONE',  ( -1.349999999999998312, 6.000000000000000000, -0.6800000000000000488 ) ) ;
#5626 = CARTESIAN_POINT ( 'NONE',  ( 6.249999999999998224, 0.2000000000000000111, 0.2500000000000002220 ) ) ;
#5627 = VERTEX_POINT ( 'NONE', #4125 ) ;
#5628 = EDGE_CURVE ( 'NONE', #6629, #299, #382, .T. ) ;
#5629 = PRESENTATION_STYLE_ASSIGNMENT (( #7493 ) ) ;
#5630 = EDGE_CURVE ( 'NONE', #7730, #2188, #2339, .T. ) ;
#5631 =( NAMED_UNIT ( * ) SI_UNIT ( $, .STERADIAN. ) SOLID_ANGLE_UNIT ( ) );
#5632 = ORIENTED_EDGE ( 'NONE', *, *, #2129, .F. ) ;
#5633 = EDGE_CURVE ( 'NONE', #2116, #5873, #6496, .T. ) ;
#5634 = ORIENTED_EDGE ( 'NONE', *, *, #3434, .F. ) ;
#5635 =( NAMED_UNIT ( * ) PLANE_ANGLE_UNIT ( ) SI_UNIT ( $, .RADIAN. ) );
#5636 = STYLED_ITEM ( 'NONE', ( #5563 ), #5725 ) ;
#5637 = SURFACE_SIDE_STYLE ('',( #776 ) ) ;
#5638 = VERTEX_POINT ( 'NONE', #6531 ) ;
#5639 = DIRECTION ( 'NONE',  ( -1.000000000000000000, -0.0000000000000000000, -0.0000000000000000000 ) ) ;
#5640 = COLOUR_RGB ( '',1.000000000000000000, 1.000000000000000000, 1.000000000000000000 ) ;
#5641 = ORIENTED_EDGE ( 'NONE', *, *, #541, .F. ) ;
#5642 = SURFACE_STYLE_FILL_AREA ( #3220 ) ;
#5643 = AXIS2_PLACEMENT_3D ( 'NONE', #7754, #7126, #5505 ) ;
#5644 = AXIS2_PLACEMENT_3D ( 'NONE', #1843, #4207, #2420 ) ;
#5645 = DIRECTION ( 'NONE',  ( -5.421010862427522170E-17, -1.000000000000000000, 2.350988701644575016E-32 ) ) ;
#5646 = CARTESIAN_POINT ( 'NONE',  ( 9.700000000000001066, 6.000000000000000000, 0.3200000000000012834 ) ) ;
#5647 = SURFACE_STYLE_USAGE ( .BOTH. , #307 ) ;
#5648 = FILL_AREA_STYLE ('',( #3785 ) ) ;
#5649 = DIRECTION ( 'NONE',  ( 1.927470528863119542E-16, -1.000000000000000000, 0.0000000000000000000 ) ) ;
#5650 = CARTESIAN_POINT ( 'NONE',  ( 5.750000000000000000, 0.2000000000000000944, 0.2500000000000002220 ) ) ;
#5651 = CARTESIAN_POINT ( 'NONE',  ( 3.750000000000000444, -3.399999999999999911, -0.2499999999999997780 ) ) ;
#5652 = PRESENTATION_LAYER_ASSIGNMENT (  '', '', ( #4115 ) ) ;
#5653 = VECTOR ( 'NONE', #4723, 1000.000000000000000 ) ;
#5654 = VERTEX_POINT ( 'NONE', #7833 ) ;
#5655 = SURFACE_STYLE_USAGE ( .BOTH. , #5702 ) ;
#5656 = FILL_AREA_STYLE ('',( #794 ) ) ;
#5657 = LINE ( 'NONE', #5094, #729 ) ;
#5658 = VECTOR ( 'NONE', #4451, 1000.000000000000000 ) ;
#5659 = LINE ( 'NONE', #5025, #2495 ) ;
#5660 = EDGE_LOOP ( 'NONE', ( #6700, #5151, #4836, #6615 ) ) ;
#5661 =( LENGTH_UNIT ( ) NAMED_UNIT ( * ) SI_UNIT ( .MILLI., .METRE. ) );
#5662 = ORIENTED_EDGE ( 'NONE', *, *, #421, .F. ) ;
#5663 =( NAMED_UNIT ( * ) PLANE_ANGLE_UNIT ( ) SI_UNIT ( $, .RADIAN. ) );
#5664 = PLANE ( 'NONE',  #5874 ) ;
#5665 = VECTOR ( 'NONE', #2099, 1000.000000000000000 ) ;
#5666 = PRESENTATION_LAYER_ASSIGNMENT (  '', '', ( #1326 ) ) ;
#5667 = FILL_AREA_STYLE ('',( #5711 ) ) ;
#5668 = PRESENTATION_STYLE_ASSIGNMENT (( #4911 ) ) ;
#5669 = PLANE ( 'NONE',  #4218 ) ;
#5670 = AXIS2_PLACEMENT_3D ( 'NONE', #5821, #2941, #4611 ) ;
#5671 = DIRECTION ( 'NONE',  ( 1.000000000000000000, 1.927470528863119542E-16, -0.0000000000000000000 ) ) ;
#5672 = ORIENTED_EDGE ( 'NONE', *, *, #2414, .T. ) ;
#5673 = EDGE_LOOP ( 'NONE', ( #511, #4463, #1666, #1409, #574 ) ) ;
#5674 = PRESENTATION_LAYER_ASSIGNMENT (  '', '', ( #2363 ) ) ;
#5675 = ADVANCED_FACE ( 'NONE', ( #4649 ), #2215, .F. ) ;
#5676 = VERTEX_POINT ( 'NONE', #538 ) ;
#5677 = LINE ( 'NONE', #2572, #555 ) ;
#5678 = CARTESIAN_POINT ( 'NONE',  ( 5.250000000000000888, 3.399999999999999467, -2.300000000000001599 ) ) ;
#5679 = LINE ( 'NONE', #1883, #5810 ) ;
#5680 = VECTOR ( 'NONE', #1868, 1000.000000000000000 ) ;
#5681 = STYLED_ITEM ( 'NONE', ( #6445 ), #2524 ) ;
#5682 = ADVANCED_FACE ( 'NONE', ( #7206 ), #7793, .F. ) ;
#5683 = DIRECTION ( 'NONE',  ( -1.084202172485504237E-15, -1.000000000000000000, 0.0000000000000000000 ) ) ;
#5684 = EDGE_LOOP ( 'NONE', ( #3322, #7114, #5077, #3406 ) ) ;
#5685 = ORIENTED_EDGE ( 'NONE', *, *, #4564, .F. ) ;
#5686 = EDGE_LOOP ( 'NONE', ( #355, #2399, #1319, #5513 ) ) ;
#5687 = MECHANICAL_DESIGN_GEOMETRIC_PRESENTATION_REPRESENTATION (  '', ( #5297 ), #1848 ) ;
#5688 = CARTESIAN_POINT ( 'NONE',  ( -1.180000000000000160, 4.229999999999999538, -2.801000000000000600 ) ) ;
#5689 = CARTESIAN_POINT ( 'NONE',  ( 7.750000000000000000, 1.800000000000000044, 0.2500000000000002220 ) ) ;
#5690 = DIRECTION ( 'NONE',  ( -1.000000000000000000, 0.0000000000000000000, -0.0000000000000000000 ) ) ;
#5691 = UNCERTAINTY_MEASURE_WITH_UNIT (LENGTH_MEASURE( 1.000000000000000082E-05 ), #4749, 'distance_accuracy_value', 'NONE');
#5692 = VECTOR ( 'NONE', #7204, 1000.000000000000000 ) ;
#5693 = MECHANICAL_DESIGN_GEOMETRIC_PRESENTATION_REPRESENTATION (  '', ( #3915 ), #2760 ) ;
#5694 = EDGE_CURVE ( 'NONE', #1716, #7450, #416, .T. ) ;
#5695 = VECTOR ( 'NONE', #383, 1000.000000000000000 ) ;
#5696 = DIRECTION ( 'NONE',  ( 1.000000000000000000, -5.421010862427522170E-17, 0.0000000000000000000 ) ) ;
#5697 = CARTESIAN_POINT ( 'NONE',  ( -0.7000000000000002887, 0.0000000000000000000, -2.800000000000000266 ) ) ;
#5698 = DIRECTION ( 'NONE',  ( -0.0000000000000000000, 0.7071067811865474617, 0.7071067811865475727 ) ) ;
#5699 = CARTESIAN_POINT ( 'NONE',  ( 4.750000000000000888, 3.149999999999999467, -2.050000000000002043 ) ) ;
#5700 = DIRECTION ( 'NONE',  ( -4.336808689942017736E-16, 0.0000000000000000000, -1.000000000000000000 ) ) ;
#5701 = ORIENTED_EDGE ( 'NONE', *, *, #3057, .F. ) ;
#5702 = SURFACE_SIDE_STYLE ('',( #902 ) ) ;
#5703 = LINE ( 'NONE', #239, #2496 ) ;
#5704 = DIRECTION ( 'NONE',  ( -0.0000000000000000000, -0.0000000000000000000, 1.000000000000000000 ) ) ;
#5705 = STYLED_ITEM ( 'NONE', ( #1254 ), #314 ) ;
#5706 = ORIENTED_EDGE ( 'NONE', *, *, #2943, .T. ) ;
#5707 = FACE_OUTER_BOUND ( 'NONE', #5431, .T. ) ;
#5708 =( NAMED_UNIT ( * ) PLANE_ANGLE_UNIT ( ) SI_UNIT ( $, .RADIAN. ) );
#5709 = SURFACE_SIDE_STYLE ('',( #7599 ) ) ;
#5710 = VECTOR ( 'NONE', #7097, 1000.000000000000000 ) ;
#5711 = FILL_AREA_STYLE_COLOUR ( '', #2114 ) ;
#5712 =( LENGTH_UNIT ( ) NAMED_UNIT ( * ) SI_UNIT ( .MILLI., .METRE. ) );
#5713 = FACE_OUTER_BOUND ( 'NONE', #4389, .T. ) ;
#5714 = FILL_AREA_STYLE_COLOUR ( '', #7472 ) ;
#5715 = ORIENTED_EDGE ( 'NONE', *, *, #6659, .T. ) ;
#5716 = EDGE_LOOP ( 'NONE', ( #740, #1644, #1536, #1024, #483 ) ) ;
#5717 = LINE ( 'NONE', #3291, #1689 ) ;
#5718 =( LENGTH_UNIT ( ) NAMED_UNIT ( * ) SI_UNIT ( .MILLI., .METRE. ) );
#5719 = EDGE_CURVE ( 'NONE', #6032, #6063, #7286, .T. ) ;
#5720 = LINE ( 'NONE', #173, #5518 ) ;
#5721 = PLANE ( 'NONE',  #585 ) ;
#5722 = DIRECTION ( 'NONE',  ( -4.336808689942017736E-16, 1.679277644031840470E-32, -1.000000000000000000 ) ) ;
#5723 = VERTEX_POINT ( 'NONE', #7410 ) ;
#5724 = SURFACE_STYLE_USAGE ( .BOTH. , #1445 ) ;
#5725 = ADVANCED_FACE ( 'NONE', ( #1796 ), #5476, .T. ) ;
#5726 = LINE ( 'NONE', #264, #2285 ) ;
#5727 = ORIENTED_EDGE ( 'NONE', *, *, #772, .F. ) ;
#5728 = ADVANCED_FACE ( 'NONE', ( #22 ), #1293, .F. ) ;
#5729 =( NAMED_UNIT ( * ) PLANE_ANGLE_UNIT ( ) SI_UNIT ( $, .RADIAN. ) );
#5730 = AXIS2_PLACEMENT_3D ( 'NONE', #2287, #7124, #4803 ) ;
#5731 = FACE_OUTER_BOUND ( 'NONE', #2277, .T. ) ;
#5732 = DIRECTION ( 'NONE',  ( -0.0000000000000000000, 1.000000000000000000, -0.0000000000000000000 ) ) ;
#5733 = VECTOR ( 'NONE', #6821, 1000.000000000000114 ) ;
#5734 = EDGE_CURVE ( 'NONE', #4068, #1972, #2459, .T. ) ;
#5735 = FILL_AREA_STYLE ('',( #4499 ) ) ;
#5736 = CARTESIAN_POINT ( 'NONE',  ( 2.083333333333332593, 5.166666666666666963, -0.08333333333333109438 ) ) ;
#5737 = CARTESIAN_POINT ( 'NONE',  ( 0.9666666666666759999, -2.516666666666661278, -1.033333333333322779 ) ) ;
#5738 =( NAMED_UNIT ( * ) SI_UNIT ( $, .STERADIAN. ) SOLID_ANGLE_UNIT ( ) );
#5739 = ORIENTED_EDGE ( 'NONE', *, *, #2847, .F. ) ;
#5740 = SURFACE_SIDE_STYLE ('',( #5064 ) ) ;
#5741 = DIRECTION ( 'NONE',  ( -1.000000000000000000, 0.0000000000000000000, 2.058229914533366955E-17 ) ) ;
#5742 =( LENGTH_UNIT ( ) NAMED_UNIT ( * ) SI_UNIT ( .MILLI., .METRE. ) );
#5743 = SURFACE_STYLE_FILL_AREA ( #2036 ) ;
#5744 =( LENGTH_UNIT ( ) NAMED_UNIT ( * ) SI_UNIT ( .MILLI., .METRE. ) );
#5745 =( NAMED_UNIT ( * ) SI_UNIT ( $, .STERADIAN. ) SOLID_ANGLE_UNIT ( ) );
#5746 = MECHANICAL_DESIGN_GEOMETRIC_PRESENTATION_REPRESENTATION (  '', ( #4596 ), #4346 ) ;
#5747 = DIRECTION ( 'NONE',  ( -1.000000000000000000, 3.872150616019660806E-17, -0.0000000000000000000 ) ) ;
#5748 = DIRECTION ( 'NONE',  ( 0.0000000000000000000, 0.0000000000000000000, -1.000000000000000000 ) ) ;
#5749 = VERTEX_POINT ( 'NONE', #7326 ) ;
#5750 = VERTEX_POINT ( 'NONE', #661 ) ;
#5751 = DIRECTION ( 'NONE',  ( -1.000000000000000000, 0.0000000000000000000, 2.058229914533366955E-17 ) ) ;
#5752 = SURFACE_STYLE_USAGE ( .BOTH. , #6442 ) ;
#5753 = UNCERTAINTY_MEASURE_WITH_UNIT (LENGTH_MEASURE( 1.000000000000000082E-05 ), #2645, 'distance_accuracy_value', 'NONE');
#5754 = AXIS2_PLACEMENT_3D ( 'NONE', #1869, #5582, #6148 ) ;
#5755 = SURFACE_STYLE_FILL_AREA ( #883 ) ;
#5756 = LINE ( 'NONE', #2173, #1048 ) ;
#5757 = CARTESIAN_POINT ( 'NONE',  ( 7.299999999999998934, 0.2000000000000000389, 1.700000000000000178 ) ) ;
#5758 = ORIENTED_EDGE ( 'NONE', *, *, #5012, .T. ) ;
#5759 =( NAMED_UNIT ( * ) PLANE_ANGLE_UNIT ( ) SI_UNIT ( $, .RADIAN. ) );
#5760 = CARTESIAN_POINT ( 'NONE',  ( 7.750000000000000000, -3.299999999999998490, 0.2500000000000002220 ) ) ;
#5761 = VECTOR ( 'NONE', #6972, 1000.000000000000114 ) ;
#5762 = FACE_OUTER_BOUND ( 'NONE', #5003, .T. ) ;
#5763 = ORIENTED_EDGE ( 'NONE', *, *, #5012, .F. ) ;
#5764 = SURFACE_STYLE_FILL_AREA ( #893 ) ;
#5766 = ADVANCED_FACE ( 'NONE', ( #5515 ), #62, .T. ) ;
#5765 = PRESENTATION_STYLE_ASSIGNMENT (( #3422 ) ) ;
#5767 = UNCERTAINTY_MEASURE_WITH_UNIT (LENGTH_MEASURE( 1.000000000000000082E-05 ), #2113, 'distance_accuracy_value', 'NONE');
#5768 =( GEOMETRIC_REPRESENTATION_CONTEXT ( 3 ) GLOBAL_UNCERTAINTY_ASSIGNED_CONTEXT ( ( #14 ) ) GLOBAL_UNIT_ASSIGNED_CONTEXT ( ( #1279, #3050, #2488 ) ) REPRESENTATION_CONTEXT ( 'NONE', 'WORKASPACE' ) );
#5769 =( GEOMETRIC_REPRESENTATION_CONTEXT ( 3 ) GLOBAL_UNCERTAINTY_ASSIGNED_CONTEXT ( ( #761 ) ) GLOBAL_UNIT_ASSIGNED_CONTEXT ( ( #1592, #338, #4685 ) ) REPRESENTATION_CONTEXT ( 'NONE', 'WORKASPACE' ) );
#5770 = CARTESIAN_POINT ( 'NONE',  ( 9.950000000000001066, 6.000000000000000000, -0.6799999999999987166 ) ) ;
#5771 = ADVANCED_FACE ( 'NONE', ( #7538 ), #3816, .F. ) ;
#5772 =( NAMED_UNIT ( * ) PLANE_ANGLE_UNIT ( ) SI_UNIT ( $, .RADIAN. ) );
#5773 = ADVANCED_FACE ( 'NONE', ( #6338 ), #2781, .F. ) ;
#5774 = VERTEX_POINT ( 'NONE', #5689 ) ;
#5776 = ADVANCED_FACE ( 'NONE', ( #229, #2663 ), #6112, .F. ) ;
#5775 = ORIENTED_EDGE ( 'NONE', *, *, #1964, .F. ) ;
#5777 = DIRECTION ( 'NONE',  ( -0.0000000000000000000, -0.0000000000000000000, 1.000000000000000000 ) ) ;
#5778 = AXIS2_PLACEMENT_3D ( 'NONE', #7867, #2454, #4920 ) ;
#5779 = SURFACE_SIDE_STYLE ('',( #4618 ) ) ;
#5780 = VECTOR ( 'NONE', #7234, 1000.000000000000000 ) ;
#5781 = FACE_OUTER_BOUND ( 'NONE', #6231, .T. ) ;
#5782 =( NAMED_UNIT ( * ) SI_UNIT ( $, .STERADIAN. ) SOLID_ANGLE_UNIT ( ) );
#5783 =( NAMED_UNIT ( * ) SI_UNIT ( $, .STERADIAN. ) SOLID_ANGLE_UNIT ( ) );
#5784 =( GEOMETRIC_REPRESENTATION_CONTEXT ( 3 ) GLOBAL_UNCERTAINTY_ASSIGNED_CONTEXT ( ( #5981 ) ) GLOBAL_UNIT_ASSIGNED_CONTEXT ( ( #4620, #5218, #6474 ) ) REPRESENTATION_CONTEXT ( 'NONE', 'WORKASPACE' ) );
#5785 = STYLED_ITEM ( 'NONE', ( #99 ), #6573 ) ;
#5786 = DIRECTION ( 'NONE',  ( 3.872150616019660190E-17, 1.000000000000000000, -0.0000000000000000000 ) ) ;
#5787 = LINE ( 'NONE', #7652, #1412 ) ;
#5788 = EDGE_CURVE ( 'NONE', #3215, #1657, #6714, .T. ) ;
#5789 = FILL_AREA_STYLE ('',( #2804 ) ) ;
#5790 = VERTEX_POINT ( 'NONE', #43 ) ;
#5791 = ORIENTED_EDGE ( 'NONE', *, *, #2905, .F. ) ;
#5792 = ORIENTED_EDGE ( 'NONE', *, *, #6096, .T. ) ;
#5793 = FILL_AREA_STYLE ('',( #7567 ) ) ;
#5794 = AXIS2_PLACEMENT_3D ( 'NONE', #7271, #564, #3004 ) ;
#5795 = VECTOR ( 'NONE', #4191, 1000.000000000000000 ) ;
#5796 = PRESENTATION_STYLE_ASSIGNMENT (( #3364 ) ) ;
#5797 = MECHANICAL_DESIGN_GEOMETRIC_PRESENTATION_REPRESENTATION (  '', ( #6570 ), #6443 ) ;
#5798 = LINE ( 'NONE', #4076, #1816 ) ;
#5799 = VECTOR ( 'NONE', #2876, 1000.000000000000000 ) ;
#5800 = EDGE_LOOP ( 'NONE', ( #2316, #4413, #6481, #4581, #4791, #6211, #6082, #3855 ) ) ;
#5801 = FACE_OUTER_BOUND ( 'NONE', #7455, .T. ) ;
#5802 = ORIENTED_EDGE ( 'NONE', *, *, #2555, .T. ) ;
#5803 = SURFACE_STYLE_FILL_AREA ( #2695 ) ;
#5804 = CARTESIAN_POINT ( 'NONE',  ( -1.949999999999999956, 6.000000000000000000, 0.3199999999999999512 ) ) ;
#5805 = VECTOR ( 'NONE', #5858, 1000.000000000000000 ) ;
#5806 = VERTEX_POINT ( 'NONE', #1781 ) ;
#5807 = UNCERTAINTY_MEASURE_WITH_UNIT (LENGTH_MEASURE( 1.000000000000000082E-05 ), #2546, 'distance_accuracy_value', 'NONE');
#5808 = VECTOR ( 'NONE', #762, 1000.000000000000000 ) ;
#5809 = DIRECTION ( 'NONE',  ( 1.000000000000000000, 0.0000000000000000000, -0.0000000000000000000 ) ) ;
#5810 = VECTOR ( 'NONE', #3893, 1000.000000000000000 ) ;
#5811 = DIRECTION ( 'NONE',  ( -1.000000000000000000, 3.872150616019661422E-17, 0.0000000000000000000 ) ) ;
#5812 = ORIENTED_EDGE ( 'NONE', *, *, #764, .F. ) ;
#5813 = AXIS2_PLACEMENT_3D ( 'NONE', #6264, #3146, #5482 ) ;
#5814 = FILL_AREA_STYLE_COLOUR ( '', #2352 ) ;
#5815 = UNCERTAINTY_MEASURE_WITH_UNIT (LENGTH_MEASURE( 1.000000000000000082E-05 ), #7537, 'distance_accuracy_value', 'NONE');
#5816 =( LENGTH_UNIT ( ) NAMED_UNIT ( * ) SI_UNIT ( .MILLI., .METRE. ) );
#5817 =( NAMED_UNIT ( * ) SI_UNIT ( $, .STERADIAN. ) SOLID_ANGLE_UNIT ( ) );
#5818 = DIRECTION ( 'NONE',  ( 0.7071067811865414665, -0.7071067811865536790, 1.662400053425850368E-32 ) ) ;
#5819 = COLOUR_RGB ( '',1.000000000000000000, 1.000000000000000000, 1.000000000000000000 ) ;
#5820 = VECTOR ( 'NONE', #1345, 1000.000000000000000 ) ;
#5821 = CARTESIAN_POINT ( 'NONE',  ( -1.350000000000000089, 5.650000000000000355, 1.249999999999997558 ) ) ;
#5822 = EDGE_CURVE ( 'NONE', #6480, #2107, #4231, .T. ) ;
#5823 = MECHANICAL_DESIGN_GEOMETRIC_PRESENTATION_REPRESENTATION (  '', ( #2388 ), #850 ) ;
#5824 = CARTESIAN_POINT ( 'NONE',  ( 7.750000000000000000, -3.299999999999998490, 0.2500000000000002220 ) ) ;
#5825 = EDGE_LOOP ( 'NONE', ( #7426, #120, #7781, #2526 ) ) ;
#5826 = STYLED_ITEM ( 'NONE', ( #933 ), #159 ) ;
#5827 = EDGE_LOOP ( 'NONE', ( #2886, #3378, #4816, #1008, #2652 ) ) ;
#5828 = AXIS2_PLACEMENT_3D ( 'NONE', #1746, #7266, #5338 ) ;
#5829 = EDGE_CURVE ( 'NONE', #7662, #6827, #6668, .T. ) ;
#5830 = CARTESIAN_POINT ( 'NONE',  ( 3.750000000000000444, -3.299999999999998490, -0.2499999999999997780 ) ) ;
#5831 = VECTOR ( 'NONE', #2975, 1000.000000000000000 ) ;
#5832 = ADVANCED_FACE ( 'NONE', ( #3048 ), #6787, .T. ) ;
#5833 = DIRECTION ( 'NONE',  ( -0.0000000000000000000, 0.7071067811865475727, 0.7071067811865475727 ) ) ;
#5834 = CARTESIAN_POINT ( 'NONE',  ( 2.750000000000000444, 3.399999999999999467, -2.050000000000001599 ) ) ;
#5835 = VERTEX_POINT ( 'NONE', #1827 ) ;
#5836 = ORIENTED_EDGE ( 'NONE', *, *, #5492, .T. ) ;
#5838 = ADVANCED_FACE ( 'NONE', ( #6832 ), #4910, .T. ) ;
#5837 = LINE ( 'NONE', #5229, #3324 ) ;
#5839 = EDGE_CURVE ( 'NONE', #6032, #195, #2158, .T. ) ;
#5840 = EDGE_CURVE ( 'NONE', #6119, #3952, #3959, .T. ) ;
#5841 = MECHANICAL_DESIGN_GEOMETRIC_PRESENTATION_REPRESENTATION (  '', ( #1379 ), #2406 ) ;
#5842 = CARTESIAN_POINT ( 'NONE',  ( 3.299999999999999378, 0.0000000000000000000, -2.800000000000000266 ) ) ;
#5843 = EDGE_LOOP ( 'NONE', ( #3556, #7113, #4202, #3928 ) ) ;
#5844 = PLANE ( 'NONE',  #431 ) ;
#5845 = LINE ( 'NONE', #5688, #6605 ) ;
#5846 = FILL_AREA_STYLE ('',( #374 ) ) ;
#5847 = EDGE_CURVE ( 'NONE', #5261, #5164, #7527, .T. ) ;
#5848 = CARTESIAN_POINT ( 'NONE',  ( 3.299999999999999378, 0.2000000000000000389, -0.2499999999999997780 ) ) ;
#5849 = CARTESIAN_POINT ( 'NONE',  ( 9.350000000000001421, 5.650000000000000355, 1.249999999999998446 ) ) ;
#5850 = ORIENTED_EDGE ( 'NONE', *, *, #7105, .T. ) ;
#5851 =( NAMED_UNIT ( * ) SI_UNIT ( $, .STERADIAN. ) SOLID_ANGLE_UNIT ( ) );
#5852 = LINE ( 'NONE', #378, #7319 ) ;
#5853 = LINE ( 'NONE', #2294, #3024 ) ;
#5854 = DIRECTION ( 'NONE',  ( -1.000000000000000000, 5.421010862427522170E-17, 0.0000000000000000000 ) ) ;
#5855 = SURFACE_STYLE_FILL_AREA ( #3951 ) ;
#5856 = LINE ( 'NONE', #2263, #2228 ) ;
#5857 = ORIENTED_EDGE ( 'NONE', *, *, #4477, .T. ) ;
#5858 = DIRECTION ( 'NONE',  ( -1.000000000000000000, -0.0000000000000000000, -0.0000000000000000000 ) ) ;
#5859 = SURFACE_STYLE_USAGE ( .BOTH. , #2829 ) ;
#5860 = AXIS2_PLACEMENT_3D ( 'NONE', #6770, #3817, #1970 ) ;
#5861 = CARTESIAN_POINT ( 'NONE',  ( -0.2499999999999997780, 4.999999999999999112, 0.2500000000000002220 ) ) ;
#5862 = ORIENTED_EDGE ( 'NONE', *, *, #1440, .F. ) ;
#5863 =( LENGTH_UNIT ( ) NAMED_UNIT ( * ) SI_UNIT ( .MILLI., .METRE. ) );
#5864 = DIRECTION ( 'NONE',  ( -5.421010862427522170E-17, -1.000000000000000000, 2.350988701644575016E-32 ) ) ;
#5865 = PRESENTATION_STYLE_ASSIGNMENT (( #3352 ) ) ;
#5866 = PRESENTATION_LAYER_ASSIGNMENT (  '', '', ( #1767 ) ) ;
#5867 = DIRECTION ( 'NONE',  ( -1.000000000000000000, -1.457750820148577388E-16, 0.0000000000000000000 ) ) ;
#5868 = FILL_AREA_STYLE ('',( #7562 ) ) ;
#5869 = CARTESIAN_POINT ( 'NONE',  ( 6.083333333333331261, 5.166666666666665186, 0.08333333333333325932 ) ) ;
#5870 = ORIENTED_EDGE ( 'NONE', *, *, #1470, .F. ) ;
#5871 = MECHANICAL_DESIGN_GEOMETRIC_PRESENTATION_REPRESENTATION (  '', ( #6013 ), #3073 ) ;
#5872 = VERTEX_POINT ( 'NONE', #3317 ) ;
#5873 = VERTEX_POINT ( 'NONE', #3921 ) ;
#5874 = AXIS2_PLACEMENT_3D ( 'NONE', #1639, #6357, #6909 ) ;
#5875 = ORIENTED_EDGE ( 'NONE', *, *, #1548, .F. ) ;
#5876 = SURFACE_STYLE_FILL_AREA ( #5793 ) ;
#5877 = ADVANCED_FACE ( 'NONE', ( #6396 ), #322, .F. ) ;
#5878 = FILL_AREA_STYLE_COLOUR ( '', #5340 ) ;
#5879 = CARTESIAN_POINT ( 'NONE',  ( 8.149999999999998579, 5.100000000000001421, -2.800000000000000266 ) ) ;
#5880 = LINE ( 'NONE', #7618, #3742 ) ;
#5881 = FILL_AREA_STYLE ('',( #1155 ) ) ;
#5882 = EDGE_LOOP ( 'NONE', ( #6255, #3755, #1535, #4387 ) ) ;
#5883 = ADVANCED_FACE ( 'NONE', ( #3838 ), #7486, .F. ) ;
#5884 = MECHANICAL_DESIGN_GEOMETRIC_PRESENTATION_REPRESENTATION (  '', ( #6279 ), #1021 ) ;
#5885 = SURFACE_SIDE_STYLE ('',( #7666 ) ) ;
#5886 = COLOUR_RGB ( '',1.000000000000000000, 0.8117647058823529438, 0.5019607843137254832 ) ;
#5887 = FILL_AREA_STYLE ('',( #7629 ) ) ;
#5888 = ADVANCED_FACE ( 'NONE', ( #5066 ), #2719, .F. ) ;
#5889 = CARTESIAN_POINT ( 'NONE',  ( -1.180000000000000160, 4.229999999999999538, 1.700000000000000178 ) ) ;
#5890 = DIRECTION ( 'NONE',  ( -1.000000000000000000, -0.0000000000000000000, -0.0000000000000000000 ) ) ;
#5891 = SURFACE_STYLE_FILL_AREA ( #349 ) ;
#5892 = FACE_OUTER_BOUND ( 'NONE', #629, .T. ) ;
#5893 = SURFACE_SIDE_STYLE ('',( #6583 ) ) ;
#5894 = PRESENTATION_STYLE_ASSIGNMENT (( #5859 ) ) ;
#5895 =( NAMED_UNIT ( * ) PLANE_ANGLE_UNIT ( ) SI_UNIT ( $, .RADIAN. ) );
#5896 = STYLED_ITEM ( 'NONE', ( #6011 ), #5682 ) ;
#5897 = ORIENTED_EDGE ( 'NONE', *, *, #2673, .F. ) ;
#5898 = PRESENTATION_STYLE_ASSIGNMENT (( #5984 ) ) ;
#5899 = DIRECTION ( 'NONE',  ( 0.5773502691896271743, -0.5773502691896221783, 0.5773502691896278405 ) ) ;
#5900 = CARTESIAN_POINT ( 'NONE',  ( 4.250000000000000000, 1.800000000000000044, -0.2499999999999997780 ) ) ;
#5901 = AXIS2_PLACEMENT_3D ( 'NONE', #3805, #6436, #362 ) ;
#5902 = CARTESIAN_POINT ( 'NONE',  ( 1.150000000000000355, 6.000000000000000000, 1.599999999999998090 ) ) ;
#5903 = DIRECTION ( 'NONE',  ( 1.000000000000000000, 0.0000000000000000000, 0.0000000000000000000 ) ) ;
#5904 = FILL_AREA_STYLE_COLOUR ( '', #3150 ) ;
#5905 = DIRECTION ( 'NONE',  ( 1.032573497605242347E-16, -1.000000000000000000, 0.0000000000000000000 ) ) ;
#5906 = VECTOR ( 'NONE', #4240, 1000.000000000000000 ) ;
#5907 = ORIENTED_EDGE ( 'NONE', *, *, #7603, .F. ) ;
#5908 = ORIENTED_EDGE ( 'NONE', *, *, #3472, .T. ) ;
#5909 = FACE_OUTER_BOUND ( 'NONE', #7852, .T. ) ;
#5910 = PLANE ( 'NONE',  #6936 ) ;
#5911 = CARTESIAN_POINT ( 'NONE',  ( 4.049999999999999822, -3.399999999999999911, -0.1499999999999969136 ) ) ;
#5912 = MECHANICAL_DESIGN_GEOMETRIC_PRESENTATION_REPRESENTATION (  '', ( #3881 ), #51 ) ;
#5913 = COLOUR_RGB ( '',1.000000000000000000, 1.000000000000000000, 1.000000000000000000 ) ;
#5914 = SURFACE_STYLE_FILL_AREA ( #4634 ) ;
#5915 = CARTESIAN_POINT ( 'NONE',  ( -1.949999999999999956, 6.000000000000000000, 1.700000000000000178 ) ) ;
#5916 = EDGE_CURVE ( 'NONE', #1638, #5806, #5367, .T. ) ;
#5917 = EDGE_LOOP ( 'NONE', ( #5451, #260, #5548, #6008 ) ) ;
#5918 = PRESENTATION_LAYER_ASSIGNMENT (  '', '', ( #4126 ) ) ;
#5919 = VERTEX_POINT ( 'NONE', #3399 ) ;
#5920 = PRESENTATION_LAYER_ASSIGNMENT (  '', '', ( #5272 ) ) ;
#5921 = FILL_AREA_STYLE ('',( #1036 ) ) ;
#5922 = EDGE_CURVE ( 'NONE', #640, #5390, #7061, .T. ) ;
#5923 = VECTOR ( 'NONE', #906, 1000.000000000000000 ) ;
#5924 = PRESENTATION_LAYER_ASSIGNMENT (  '', '', ( #1199 ) ) ;
#5925 = EDGE_CURVE ( 'NONE', #5181, #3560, #987, .T. ) ;
#5926 = SURFACE_SIDE_STYLE ('',( #1876 ) ) ;
#5927 = PRESENTATION_LAYER_ASSIGNMENT (  '', '', ( #6688 ) ) ;
#5928 =( LENGTH_UNIT ( ) NAMED_UNIT ( * ) SI_UNIT ( .MILLI., .METRE. ) );
#5929 = LINE ( 'NONE', #580, #1865 ) ;
#5930 =( LENGTH_UNIT ( ) NAMED_UNIT ( * ) SI_UNIT ( .MILLI., .METRE. ) );
#5931 =( GEOMETRIC_REPRESENTATION_CONTEXT ( 3 ) GLOBAL_UNCERTAINTY_ASSIGNED_CONTEXT ( ( #6807 ) ) GLOBAL_UNIT_ASSIGNED_CONTEXT ( ( #6977, #5772, #7716 ) ) REPRESENTATION_CONTEXT ( 'NONE', 'WORKASPACE' ) );
#5932 = FACE_OUTER_BOUND ( 'NONE', #7868, .T. ) ;
#5933 = ORIENTED_EDGE ( 'NONE', *, *, #6876, .T. ) ;
#5934 = AXIS2_PLACEMENT_3D ( 'NONE', #5102, #286, #838 ) ;
#5935 = PRESENTATION_LAYER_ASSIGNMENT (  '', '', ( #2115 ) ) ;
#5936 = UNCERTAINTY_MEASURE_WITH_UNIT (LENGTH_MEASURE( 1.000000000000000082E-05 ), #7174, 'distance_accuracy_value', 'NONE');
#5937 = CARTESIAN_POINT ( 'NONE',  ( 6.850000000000000533, 6.000000000000000888, -2.801000000000000600 ) ) ;
#5938 = STYLED_ITEM ( 'NONE', ( #5979 ), #7448 ) ;
#5939 = CARTESIAN_POINT ( 'NONE',  ( 3.874499999999996280, 0.1744999999999984341, -0.6799999999999966072 ) ) ;
#5940 = CARTESIAN_POINT ( 'NONE',  ( 8.149999999999998579, 5.100000000000001421, 0.1499999999999990785 ) ) ;
#5941 = STYLED_ITEM ( 'NONE', ( #1427 ), #3839 ) ;
#5942 = PRESENTATION_LAYER_ASSIGNMENT (  '', '', ( #6333 ) ) ;
#5943 = ORIENTED_EDGE ( 'NONE', *, *, #6006, .T. ) ;
#5944 = FACE_OUTER_BOUND ( 'NONE', #1151, .T. ) ;
#5945 = DIRECTION ( 'NONE',  ( 1.000000000000000000, 0.0000000000000000000, 0.0000000000000000000 ) ) ;
#5946 = CARTESIAN_POINT ( 'NONE',  ( 0.7500000000000006661, 1.149999999999999911, -2.050000000000001599 ) ) ;
#5947 = COLOUR_RGB ( '',1.000000000000000000, 0.8117647058823529438, 0.5019607843137254832 ) ;
#5948 = EDGE_LOOP ( 'NONE', ( #519, #5420, #736, #2469 ) ) ;
#5949 =( GEOMETRIC_REPRESENTATION_CONTEXT ( 3 ) GLOBAL_UNCERTAINTY_ASSIGNED_CONTEXT ( ( #4443 ) ) GLOBAL_UNIT_ASSIGNED_CONTEXT ( ( #4933, #5128, #7635 ) ) REPRESENTATION_CONTEXT ( 'NONE', 'WORKASPACE' ) );
#5950 = PLANE ( 'NONE',  #2788 ) ;
#5951 = CARTESIAN_POINT ( 'NONE',  ( 9.950000000000001066, 0.0000000000000000000, 1.699999999999999289 ) ) ;
#5952 = SURFACE_STYLE_FILL_AREA ( #1020 ) ;
#5953 = AXIS2_PLACEMENT_3D ( 'NONE', #70, #6737, #4932 ) ;
#5954 = ORIENTED_EDGE ( 'NONE', *, *, #1873, .F. ) ;
#5955 = ORIENTED_EDGE ( 'NONE', *, *, #6855, .F. ) ;
#5956 = SURFACE_STYLE_USAGE ( .BOTH. , #3519 ) ;
#5957 = ORIENTED_EDGE ( 'NONE', *, *, #5089, .T. ) ;
#5958 = CARTESIAN_POINT ( 'NONE',  ( 9.950000000000001066, 0.0000000000000000000, -2.800000000000000711 ) ) ;
#5959 = MECHANICAL_DESIGN_GEOMETRIC_PRESENTATION_REPRESENTATION (  '', ( #4546 ), #4926 ) ;
#5960 = STYLED_ITEM ( 'NONE', ( #5023 ), #2177 ) ;
#5961 = ORIENTED_EDGE ( 'NONE', *, *, #6551, .T. ) ;
#5962 = VECTOR ( 'NONE', #3491, 1000.000000000000000 ) ;
#5963 =( LENGTH_UNIT ( ) NAMED_UNIT ( * ) SI_UNIT ( .MILLI., .METRE. ) );
#5964 = CARTESIAN_POINT ( 'NONE',  ( 9.180000000000001492, 2.250000000000001332, 1.249999999999998446 ) ) ;
#5965 = CARTESIAN_POINT ( 'NONE',  ( 3.750000000000000444, 4.999999999999995559, 0.2500000000000002220 ) ) ;
#5966 = DIRECTION ( 'NONE',  ( 0.0000000000000000000, -5.782411586589358625E-16, -1.000000000000000000 ) ) ;
#5967 = VECTOR ( 'NONE', #4414, 1000.000000000000000 ) ;
#5968 = ORIENTED_EDGE ( 'NONE', *, *, #7143, .F. ) ;
#5969 = SURFACE_STYLE_FILL_AREA ( #6609 ) ;
#5970 = EDGE_CURVE ( 'NONE', #7719, #4868, #1572, .T. ) ;
#5971 = VERTEX_POINT ( 'NONE', #5830 ) ;
#5972 = ORIENTED_EDGE ( 'NONE', *, *, #1377, .T. ) ;
#5973 = CARTESIAN_POINT ( 'NONE',  ( 6.249999999999998224, -3.299999999999998490, 0.2500000000000002220 ) ) ;
#5974 = EDGE_CURVE ( 'NONE', #1250, #4194, #6592, .T. ) ;
#5975 = LINE ( 'NONE', #415, #2246 ) ;
#5976 = DIRECTION ( 'NONE',  ( -3.833233541708453834E-17, -0.7071067811865509034, -0.7071067811865442421 ) ) ;
#5977 = EDGE_CURVE ( 'NONE', #2237, #7719, #7219, .T. ) ;
#5978 = PLANE ( 'NONE',  #1457 ) ;
#5979 = PRESENTATION_STYLE_ASSIGNMENT (( #4770 ) ) ;
#5980 = DIRECTION ( 'NONE',  ( -0.7071067811865536790, -0.7071067811865414665, 3.066586833366774900E-16 ) ) ;
#5981 = UNCERTAINTY_MEASURE_WITH_UNIT (LENGTH_MEASURE( 1.000000000000000082E-05 ), #4620, 'distance_accuracy_value', 'NONE');
#5982 = ORIENTED_EDGE ( 'NONE', *, *, #4754, .F. ) ;
#5983 = VERTEX_POINT ( 'NONE', #1614 ) ;
#5984 = SURFACE_STYLE_USAGE ( .BOTH. , #4737 ) ;
#5985 = CARTESIAN_POINT ( 'NONE',  ( 5.166666666666652752, -4.383333333333325754, -0.8333333333333456938 ) ) ;
#5986 = EDGE_LOOP ( 'NONE', ( #1193, #398, #2734, #5758 ) ) ;
#5987 = EDGE_CURVE ( 'NONE', #2237, #6038, #2800, .T. ) ;
#5988 = ORIENTED_EDGE ( 'NONE', *, *, #1576, .T. ) ;
#5989 = SURFACE_STYLE_USAGE ( .BOTH. , #2952 ) ;
#5990 = FILL_AREA_STYLE ('',( #6026 ) ) ;
#5991 = FACE_BOUND ( 'NONE', #7888, .T. ) ;
#5992 = EDGE_LOOP ( 'NONE', ( #4294, #1793, #7068, #7871 ) ) ;
#5993 = DIRECTION ( 'NONE',  ( -4.336808689942017736E-16, 0.0000000000000000000, -1.000000000000000000 ) ) ;
#5994 = DIRECTION ( 'NONE',  ( -1.000000000000000000, 5.421010862427522170E-17, 0.0000000000000000000 ) ) ;
#5995 =( NAMED_UNIT ( * ) PLANE_ANGLE_UNIT ( ) SI_UNIT ( $, .RADIAN. ) );
#5996 =( NAMED_UNIT ( * ) PLANE_ANGLE_UNIT ( ) SI_UNIT ( $, .RADIAN. ) );
#5997 = SURFACE_STYLE_USAGE ( .BOTH. , #1751 ) ;
#5998 = AXIS2_PLACEMENT_3D ( 'NONE', #936, #5818, #4650 ) ;
#5999 = ORIENTED_EDGE ( 'NONE', *, *, #2258, .F. ) ;
#6000 = DIRECTION ( 'NONE',  ( -3.833233541708400216E-17, -0.7071067811865410224, -0.7071067811865540120 ) ) ;
#6001 = CARTESIAN_POINT ( 'NONE',  ( 9.700000000000001066, 6.000000000000000000, 1.599999999999998090 ) ) ;
#6002 = FILL_AREA_STYLE ('',( #531 ) ) ;
#6003 = VECTOR ( 'NONE', #5483, 1000.000000000000000 ) ;
#6004 = SURFACE_STYLE_USAGE ( .BOTH. , #3569 ) ;
#6005 = ORIENTED_EDGE ( 'NONE', *, *, #2473, .T. ) ;
#6006 = EDGE_CURVE ( 'NONE', #2224, #5617, #1649, .T. ) ;
#6007 = VECTOR ( 'NONE', #128, 1000.000000000000000 ) ;
#6008 = ORIENTED_EDGE ( 'NONE', *, *, #2434, .T. ) ;
#6009 = EDGE_LOOP ( 'NONE', ( #6154, #2304, #2042, #1141 ) ) ;
#6010 = LINE ( 'NONE', #7043, #5692 ) ;
#6011 = PRESENTATION_STYLE_ASSIGNMENT (( #3577 ) ) ;
#6012 = CARTESIAN_POINT ( 'NONE',  ( 1.750000000000000666, 4.999999999999999112, 0.2500000000000002220 ) ) ;
#6013 = STYLED_ITEM ( 'NONE', ( #897 ), #891 ) ;
#6014 = DIRECTION ( 'NONE',  ( 0.0000000000000000000, -1.000000000000000000, 0.0000000000000000000 ) ) ;
#6015 = EDGE_CURVE ( 'NONE', #1307, #4183, #4061, .T. ) ;
#6016 = COLOUR_RGB ( '',1.000000000000000000, 0.8117647058823529438, 0.5019607843137254832 ) ;
#6017 = CARTESIAN_POINT ( 'NONE',  ( -0.7000000000000000666, 0.2000000000000000389, -2.800000000000000266 ) ) ;
#6018 = ORIENTED_EDGE ( 'NONE', *, *, #1974, .F. ) ;
#6019 = ORIENTED_EDGE ( 'NONE', *, *, #115, .T. ) ;
#6020 = CARTESIAN_POINT ( 'NONE',  ( 1.750000000000000666, 4.999999999999999112, 0.2500000000000002220 ) ) ;
#6021 = CARTESIAN_POINT ( 'NONE',  ( 6.749999999999999112, 1.149999999999999911, -2.350000000000000977 ) ) ;
#6022 = VERTEX_POINT ( 'NONE', #5902 ) ;
#6023 = EDGE_CURVE ( 'NONE', #3924, #4736, #359, .T. ) ;
#6024 = ADVANCED_FACE ( 'NONE', ( #6510 ), #5950, .F. ) ;
#6025 = PLANE ( 'NONE',  #2684 ) ;
#6026 = FILL_AREA_STYLE_COLOUR ( '', #7077 ) ;
#6027 = COLOUR_RGB ( '',1.000000000000000000, 1.000000000000000000, 1.000000000000000000 ) ;
#6028 = SURFACE_STYLE_USAGE ( .BOTH. , #4864 ) ;
#6029 = ADVANCED_FACE ( 'NONE', ( #672 ), #5532, .F. ) ;
#6030 = CARTESIAN_POINT ( 'NONE',  ( -0.7000000000000000666, 0.2000000000000000389, -2.800000000000000266 ) ) ;
#6031 = ORIENTED_EDGE ( 'NONE', *, *, #6023, .T. ) ;
#6032 = VERTEX_POINT ( 'NONE', #1936 ) ;
#6033 = ORIENTED_EDGE ( 'NONE', *, *, #7802, .T. ) ;
#6034 = CARTESIAN_POINT ( 'NONE',  ( 5.750000000000000000, 4.999999999999999112, -0.2499999999999997780 ) ) ;
#6035 = ORIENTED_EDGE ( 'NONE', *, *, #5230, .T. ) ;
#6036 =( LENGTH_UNIT ( ) NAMED_UNIT ( * ) SI_UNIT ( .MILLI., .METRE. ) );
#6037 =( GEOMETRIC_REPRESENTATION_CONTEXT ( 3 ) GLOBAL_UNCERTAINTY_ASSIGNED_CONTEXT ( ( #4211 ) ) GLOBAL_UNIT_ASSIGNED_CONTEXT ( ( #7574, #6410, #923 ) ) REPRESENTATION_CONTEXT ( 'NONE', 'WORKASPACE' ) );
#6038 = VERTEX_POINT ( 'NONE', #7260 ) ;
#6039 =( NAMED_UNIT ( * ) SI_UNIT ( $, .STERADIAN. ) SOLID_ANGLE_UNIT ( ) );
#6040 = COLOUR_RGB ( '',1.000000000000000000, 0.8117647058823529438, 0.5019607843137254832 ) ;
#6041 =( GEOMETRIC_REPRESENTATION_CONTEXT ( 3 ) GLOBAL_UNCERTAINTY_ASSIGNED_CONTEXT ( ( #3803 ) ) GLOBAL_UNIT_ASSIGNED_CONTEXT ( ( #2468, #7333, #1851 ) ) REPRESENTATION_CONTEXT ( 'NONE', 'WORKASPACE' ) );
#6042 =( NAMED_UNIT ( * ) PLANE_ANGLE_UNIT ( ) SI_UNIT ( $, .RADIAN. ) );
#6043 = ADVANCED_FACE ( 'NONE', ( #1858 ), #6025, .T. ) ;
#6044 = ORIENTED_EDGE ( 'NONE', *, *, #2425, .T. ) ;
#6045 = SURFACE_STYLE_USAGE ( .BOTH. , #2894 ) ;
#6046 = VECTOR ( 'NONE', #6225, 1000.000000000000114 ) ;
#6047 = CIRCLE ( 'NONE', #3615, 0.4999999999999995559 ) ;
#6048 =( LENGTH_UNIT ( ) NAMED_UNIT ( * ) SI_UNIT ( .MILLI., .METRE. ) );
#6049 = VERTEX_POINT ( 'NONE', #600 ) ;
#6050 = VERTEX_POINT ( 'NONE', #3040 ) ;
#6051 = FILL_AREA_STYLE_COLOUR ( '', #681 ) ;
#6052 = DIRECTION ( 'NONE',  ( -4.336808689942017736E-16, 0.0000000000000000000, -1.000000000000000000 ) ) ;
#6053 = DIRECTION ( 'NONE',  ( -1.000000000000000000, 5.421010862427522170E-17, 0.0000000000000000000 ) ) ;
#6054 = PRESENTATION_LAYER_ASSIGNMENT (  '', '', ( #569 ) ) ;
#6055 = ORIENTED_EDGE ( 'NONE', *, *, #4519, .F. ) ;
#6056 = DIRECTION ( 'NONE',  ( 0.0000000000000000000, 0.0000000000000000000, -1.000000000000000000 ) ) ;
#6057 = VECTOR ( 'NONE', #4147, 1000.000000000000000 ) ;
#6058 = VECTOR ( 'NONE', #2850, 1000.000000000000000 ) ;
#6059 = VECTOR ( 'NONE', #2401, 1000.000000000000000 ) ;
#6060 = DIRECTION ( 'NONE',  ( 3.872150616019661422E-17, 1.000000000000000000, 0.0000000000000000000 ) ) ;
#6061 = PLANE ( 'NONE',  #171 ) ;
#6062 = UNCERTAINTY_MEASURE_WITH_UNIT (LENGTH_MEASURE( 1.000000000000000082E-05 ), #423, 'distance_accuracy_value', 'NONE');
#6063 = VERTEX_POINT ( 'NONE', #3657 ) ;
#6064 = CARTESIAN_POINT ( 'NONE',  ( 7.750000000000000000, 1.800000000000000044, -0.2499999999999997780 ) ) ;
#6065 = DIRECTION ( 'NONE',  ( 1.000000000000000000, -3.872150616019660190E-17, -4.336808689942017736E-16 ) ) ;
#6066 = ORIENTED_EDGE ( 'NONE', *, *, #7911, .T. ) ;
#6067 = ORIENTED_EDGE ( 'NONE', *, *, #1173, .F. ) ;
#6068 = MECHANICAL_DESIGN_GEOMETRIC_PRESENTATION_REPRESENTATION (  '', ( #3265 ), #7081 ) ;
#6069 = ADVANCED_FACE ( 'NONE', ( #3912 ), #752, .F. ) ;
#6070 = UNCERTAINTY_MEASURE_WITH_UNIT (LENGTH_MEASURE( 1.000000000000000082E-05 ), #1443, 'distance_accuracy_value', 'NONE');
#6071 = LINE ( 'NONE', #435, #5799 ) ;
#6072 = PRESENTATION_LAYER_ASSIGNMENT (  '', '', ( #5552 ) ) ;
#6073 = FILL_AREA_STYLE ('',( #4941 ) ) ;
#6074 = STYLED_ITEM ( 'NONE', ( #203 ), #560 ) ;
#6075 = VERTEX_POINT ( 'NONE', #5770 ) ;
#6076 = STYLED_ITEM ( 'NONE', ( #7462 ), #7505 ) ;
#6077 = FILL_AREA_STYLE ('',( #1701 ) ) ;
#6078 = EDGE_CURVE ( 'NONE', #6682, #3737, #3869, .T. ) ;
#6079 = VECTOR ( 'NONE', #7418, 1000.000000000000227 ) ;
#6080 = PRESENTATION_LAYER_ASSIGNMENT (  '', '', ( #3915 ) ) ;
#6081 = EDGE_CURVE ( 'NONE', #2162, #3998, #4538, .T. ) ;
#6082 = ORIENTED_EDGE ( 'NONE', *, *, #5226, .T. ) ;
#6083 = MECHANICAL_DESIGN_GEOMETRIC_PRESENTATION_REPRESENTATION (  '', ( #3522 ), #1355 ) ;
#6084 = CARTESIAN_POINT ( 'NONE',  ( 4.699999999999999289, 0.1999999999999999833, 1.700000000000000178 ) ) ;
#6085 =( NAMED_UNIT ( * ) PLANE_ANGLE_UNIT ( ) SI_UNIT ( $, .RADIAN. ) );
#6086 = VECTOR ( 'NONE', #5579, 1000.000000000000114 ) ;
#6087 = ORIENTED_EDGE ( 'NONE', *, *, #5580, .F. ) ;
#6088 = EDGE_CURVE ( 'NONE', #4736, #4999, #6976, .T. ) ;
#6089 = EDGE_CURVE ( 'NONE', #1657, #3329, #2707, .T. ) ;
#6090 = PRESENTATION_STYLE_ASSIGNMENT (( #6568 ) ) ;
#6091 = ADVANCED_FACE ( 'NONE', ( #197 ), #3826, .F. ) ;
#6092 = VERTEX_POINT ( 'NONE', #6311 ) ;
#6093 = SURFACE_STYLE_FILL_AREA ( #4877 ) ;
#6094 = FILL_AREA_STYLE_COLOUR ( '', #6719 ) ;
#6095 = ORIENTED_EDGE ( 'NONE', *, *, #5822, .T. ) ;
#6096 = EDGE_CURVE ( 'NONE', #7820, #3643, #3274, .T. ) ;
#6097 = DIRECTION ( 'NONE',  ( -1.084202172485504237E-15, -1.000000000000000000, 0.0000000000000000000 ) ) ;
#6098 = SURFACE_SIDE_STYLE ('',( #589 ) ) ;
#6099 = DIRECTION ( 'NONE',  ( -1.000000000000000000, 5.421010862427522170E-17, 0.0000000000000000000 ) ) ;
#6100 = EDGE_LOOP ( 'NONE', ( #2247, #2197, #2043, #4055 ) ) ;
#6101 = CARTESIAN_POINT ( 'NONE',  ( 6.249999999999998224, 1.800000000000000044, -2.800000000000000266 ) ) ;
#6102 = CARTESIAN_POINT ( 'NONE',  ( -1.949999999999999956, 6.000000000000000000, 1.700000000000000178 ) ) ;
#6103 = FILL_AREA_STYLE_COLOUR ( '', #7755 ) ;
#6104 = PRESENTATION_STYLE_ASSIGNMENT (( #2558 ) ) ;
#6105 =( NAMED_UNIT ( * ) PLANE_ANGLE_UNIT ( ) SI_UNIT ( $, .RADIAN. ) );
#6106 =( NAMED_UNIT ( * ) PLANE_ANGLE_UNIT ( ) SI_UNIT ( $, .RADIAN. ) );
#6107 =( NAMED_UNIT ( * ) PLANE_ANGLE_UNIT ( ) SI_UNIT ( $, .RADIAN. ) );
#6108 = SURFACE_STYLE_USAGE ( .BOTH. , #4 ) ;
#6109 = ORIENTED_EDGE ( 'NONE', *, *, #92, .F. ) ;
#6110 = SURFACE_SIDE_STYLE ('',( #1994 ) ) ;
#6111 =( NAMED_UNIT ( * ) PLANE_ANGLE_UNIT ( ) SI_UNIT ( $, .RADIAN. ) );
#6112 = PLANE ( 'NONE',  #5286 ) ;
#6113 = DIRECTION ( 'NONE',  ( -0.0000000000000000000, 0.0000000000000000000, 1.000000000000000000 ) ) ;
#6114 = CARTESIAN_POINT ( 'NONE',  ( -1.949999999999999956, 0.0000000000000000000, -2.800000000000000266 ) ) ;
#6115 = CARTESIAN_POINT ( 'NONE',  ( -0.7000000000000000666, 0.2000000000000000389, 1.700000000000000178 ) ) ;
#6116 = FACE_OUTER_BOUND ( 'NONE', #5716, .T. ) ;
#6117 = VERTEX_POINT ( 'NONE', #2062 ) ;
#6118 = EDGE_CURVE ( 'NONE', #6851, #7032, #5856, .T. ) ;
#6119 = VERTEX_POINT ( 'NONE', #6464 ) ;
#6120 = COLOUR_RGB ( '',1.000000000000000000, 1.000000000000000000, 1.000000000000000000 ) ;
#6121 = DIRECTION ( 'NONE',  ( -0.0000000000000000000, 0.7071067811865475727, 0.7071067811865475727 ) ) ;
#6122 = CARTESIAN_POINT ( 'NONE',  ( 8.679999999999999716, 6.000000000000000000, 1.599999999999999867 ) ) ;
#6123 =( LENGTH_UNIT ( ) NAMED_UNIT ( * ) SI_UNIT ( .MILLI., .METRE. ) );
#6124 = ADVANCED_FACE ( 'NONE', ( #7132 ), #5978, .T. ) ;
#6125 = CARTESIAN_POINT ( 'NONE',  ( 3.750000000000000444, -3.299999999999998490, 0.2500000000000002220 ) ) ;
#6126 = ORIENTED_EDGE ( 'NONE', *, *, #6912, .T. ) ;
#6127 = DIRECTION ( 'NONE',  ( -0.7071067811865475727, -0.7071067811865475727, 1.662400053425836136E-32 ) ) ;
#6128 = SURFACE_SIDE_STYLE ('',( #5393 ) ) ;
#6129 =( GEOMETRIC_REPRESENTATION_CONTEXT ( 3 ) GLOBAL_UNCERTAINTY_ASSIGNED_CONTEXT ( ( #5110 ) ) GLOBAL_UNIT_ASSIGNED_CONTEXT ( ( #6036, #6521, #442 ) ) REPRESENTATION_CONTEXT ( 'NONE', 'WORKASPACE' ) );
#6130 = CARTESIAN_POINT ( 'NONE',  ( 8.679999999999999716, 6.000000000000000000, 1.599999999999999867 ) ) ;
#6131 = CARTESIAN_POINT ( 'NONE',  ( 9.950000000000001066, 1.380000000000002558, 1.300000000000000044 ) ) ;
#6132 = PRESENTATION_STYLE_ASSIGNMENT (( #6178 ) ) ;
#6133 = FILL_AREA_STYLE_COLOUR ( '', #7686 ) ;
#6134 = DIRECTION ( 'NONE',  ( -0.0000000000000000000, -0.0000000000000000000, -1.000000000000000000 ) ) ;
#6135 = SURFACE_SIDE_STYLE ('',( #1222 ) ) ;
#6136 = FACE_BOUND ( 'NONE', #1805, .T. ) ;
#6137 = UNCERTAINTY_MEASURE_WITH_UNIT (LENGTH_MEASURE( 1.000000000000000082E-05 ), #4298, 'distance_accuracy_value', 'NONE');
#6138 = PRESENTATION_STYLE_ASSIGNMENT (( #6184 ) ) ;
#6139 = DIRECTION ( 'NONE',  ( 2.261546562329163656E-17, -1.000000000000000000, 0.0000000000000000000 ) ) ;
#6140 = ORIENTED_EDGE ( 'NONE', *, *, #2715, .T. ) ;
#6141 = VECTOR ( 'NONE', #2160, 1000.000000000000000 ) ;
#6142 =( GEOMETRIC_REPRESENTATION_CONTEXT ( 3 ) GLOBAL_UNCERTAINTY_ASSIGNED_CONTEXT ( ( #5534 ) ) GLOBAL_UNIT_ASSIGNED_CONTEXT ( ( #7523, #5184, #3394 ) ) REPRESENTATION_CONTEXT ( 'NONE', 'WORKASPACE' ) );
#6143 =( NAMED_UNIT ( * ) PLANE_ANGLE_UNIT ( ) SI_UNIT ( $, .RADIAN. ) );
#6144 = CARTESIAN_POINT ( 'NONE',  ( 9.950000000000001066, 0.0000000000000000000, 1.699999999999999289 ) ) ;
#6145 = DIRECTION ( 'NONE',  ( 1.000000000000000000, 0.0000000000000000000, 0.0000000000000000000 ) ) ;
#6146 = ORIENTED_EDGE ( 'NONE', *, *, #71, .F. ) ;
#6147 = FACE_OUTER_BOUND ( 'NONE', #3872, .T. ) ;
#6148 = DIRECTION ( 'NONE',  ( -1.000000000000000000, 5.421010862427522170E-17, 0.0000000000000000000 ) ) ;
#6149 = CARTESIAN_POINT ( 'NONE',  ( 9.180000000000001492, 4.230000000000000426, 1.249999999999998446 ) ) ;
#6150 = VERTEX_POINT ( 'NONE', #7051 ) ;
#6151 = PRESENTATION_LAYER_ASSIGNMENT (  '', '', ( #1170 ) ) ;
#6152 = CARTESIAN_POINT ( 'NONE',  ( 7.249999999999999112, 3.399999999999998579, -2.350000000000000977 ) ) ;
#6153 = DIRECTION ( 'NONE',  ( -0.0000000000000000000, -0.0000000000000000000, -1.000000000000000000 ) ) ;
#6154 = ORIENTED_EDGE ( 'NONE', *, *, #7797, .F. ) ;
#6155 = ORIENTED_EDGE ( 'NONE', *, *, #4155, .F. ) ;
#6156 = DIRECTION ( 'NONE',  ( 1.000000000000000000, 0.0000000000000000000, 8.106184467181340768E-17 ) ) ;
#6157 = PRESENTATION_LAYER_ASSIGNMENT (  '', '', ( #3723 ) ) ;
#6158 = DIRECTION ( 'NONE',  ( 0.0000000000000000000, 0.0000000000000000000, -1.000000000000000000 ) ) ;
#6159 =( GEOMETRIC_REPRESENTATION_CONTEXT ( 3 ) GLOBAL_UNCERTAINTY_ASSIGNED_CONTEXT ( ( #3673 ) ) GLOBAL_UNIT_ASSIGNED_CONTEXT ( ( #4233, #249, #163 ) ) REPRESENTATION_CONTEXT ( 'NONE', 'WORKASPACE' ) );
#6160 = VECTOR ( 'NONE', #5683, 1000.000000000000000 ) ;
#6161 = EDGE_CURVE ( 'NONE', #5591, #6150, #1049, .T. ) ;
#6162 = DIRECTION ( 'NONE',  ( 1.000000000000000000, 0.0000000000000000000, 0.0000000000000000000 ) ) ;
#6163 = ORIENTED_EDGE ( 'NONE', *, *, #2434, .F. ) ;
#6164 =( LENGTH_UNIT ( ) NAMED_UNIT ( * ) SI_UNIT ( .MILLI., .METRE. ) );
#6165 = STYLED_ITEM ( 'NONE', ( #377 ), #6456 ) ;
#6166 = VECTOR ( 'NONE', #4599, 1000.000000000000000 ) ;
#6167 = ORIENTED_EDGE ( 'NONE', *, *, #1820, .F. ) ;
#6168 = DIRECTION ( 'NONE',  ( -0.5773502691896255090, 0.5773502691896258421, 0.5773502691896258421 ) ) ;
#6169 = CARTESIAN_POINT ( 'NONE',  ( 7.750000000000000000, 5.000000000000000888, -0.2499999999999997780 ) ) ;
#6170 = SURFACE_STYLE_USAGE ( .BOTH. , #3721 ) ;
#6171 = EDGE_CURVE ( 'NONE', #6569, #4369, #7164, .T. ) ;
#6172 = UNCERTAINTY_MEASURE_WITH_UNIT (LENGTH_MEASURE( 1.000000000000000082E-05 ), #7085, 'distance_accuracy_value', 'NONE');
#6173 = ADVANCED_FACE ( 'NONE', ( #5892 ), #3388, .T. ) ;
#6174 = VECTOR ( 'NONE', #3510, 1000.000000000000000 ) ;
#6175 = PRESENTATION_LAYER_ASSIGNMENT (  '', '', ( #5785 ) ) ;
#6176 = STYLED_ITEM ( 'NONE', ( #3559 ), #4938 ) ;
#6177 = CARTESIAN_POINT ( 'NONE',  ( 8.220000000000002416, 4.230000000000000426, 1.599999999999999867 ) ) ;
#6178 = SURFACE_STYLE_USAGE ( .BOTH. , #785 ) ;
#6179 = CARTESIAN_POINT ( 'NONE',  ( 8.250000000000000000, 5.000000000000000888, 0.2500000000000002220 ) ) ;
#6180 = FACE_BOUND ( 'NONE', #2612, .T. ) ;
#6181 = VECTOR ( 'NONE', #5207, 1000.000000000000114 ) ;
#6182 = DIRECTION ( 'NONE',  ( 3.872150616019660190E-17, 1.000000000000000000, -0.0000000000000000000 ) ) ;
#6183 = DIRECTION ( 'NONE',  ( -4.336808689942017736E-16, 0.0000000000000000000, -1.000000000000000000 ) ) ;
#6184 = SURFACE_STYLE_USAGE ( .BOTH. , #1262 ) ;
#6185 = MECHANICAL_DESIGN_GEOMETRIC_PRESENTATION_REPRESENTATION (  '', ( #1327 ), #2739 ) ;
#6186 = FACE_OUTER_BOUND ( 'NONE', #4896, .T. ) ;
#6187 = EDGE_LOOP ( 'NONE', ( #2805, #513, #5632, #3686 ) ) ;
#6188 = EDGE_CURVE ( 'NONE', #6363, #4364, #4097, .T. ) ;
#6189 = ORIENTED_EDGE ( 'NONE', *, *, #980, .T. ) ;
#6190 = VECTOR ( 'NONE', #1618, 1000.000000000000000 ) ;
#6191 =( NAMED_UNIT ( * ) PLANE_ANGLE_UNIT ( ) SI_UNIT ( $, .RADIAN. ) );
#6192 = MECHANICAL_DESIGN_GEOMETRIC_PRESENTATION_REPRESENTATION (  '', ( #1206 ), #1066 ) ;
#6193 = UNCERTAINTY_MEASURE_WITH_UNIT (LENGTH_MEASURE( 1.000000000000000082E-05 ), #617, 'distance_accuracy_value', 'NONE');
#6194 = DIRECTION ( 'NONE',  ( 9.103382349328301547E-49, 2.350988701644575016E-32, 1.000000000000000000 ) ) ;
#6195 = DIRECTION ( 'NONE',  ( -0.0000000000000000000, -0.0000000000000000000, -1.000000000000000000 ) ) ;
#6196 =( LENGTH_UNIT ( ) NAMED_UNIT ( * ) SI_UNIT ( .MILLI., .METRE. ) );
#6197 = ORIENTED_EDGE ( 'NONE', *, *, #7447, .F. ) ;
#6198 = SURFACE_SIDE_STYLE ('',( #4385 ) ) ;
#6199 = LINE ( 'NONE', #726, #1163 ) ;
#6200 = MECHANICAL_DESIGN_GEOMETRIC_PRESENTATION_REPRESENTATION (  '', ( #3637 ), #7060 ) ;
#6201 = CARTESIAN_POINT ( 'NONE',  ( -0.2499999999999997780, 4.999999999999999112, 0.2500000000000002220 ) ) ;
#6202 = MECHANICAL_DESIGN_GEOMETRIC_PRESENTATION_REPRESENTATION (  '', ( #2368 ), #5931 ) ;
#6203 = CARTESIAN_POINT ( 'NONE',  ( 2.149999999999997691, 5.100000000000001421, -2.800000000000000266 ) ) ;
#6204 = VECTOR ( 'NONE', #1071, 1000.000000000000000 ) ;
#6205 = CARTESIAN_POINT ( 'NONE',  ( 3.750000000000000444, -3.299999999999998490, -0.2499999999999997780 ) ) ;
#6206 = COLOUR_RGB ( '',1.000000000000000000, 0.8117647058823529438, 0.5019607843137254832 ) ;
#6208 =( GEOMETRIC_REPRESENTATION_CONTEXT ( 3 ) GLOBAL_UNCERTAINTY_ASSIGNED_CONTEXT ( ( #4419 ) ) GLOBAL_UNIT_ASSIGNED_CONTEXT ( ( #1801, #67, #6860 ) ) REPRESENTATION_CONTEXT ( 'NONE', 'WORKASPACE' ) );
#6207 = LINE ( 'NONE', #7395, #40 ) ;
#6209 = VERTEX_POINT ( 'NONE', #978 ) ;
#6210 = VECTOR ( 'NONE', #2227, 1000.000000000000000 ) ;
#6211 = ORIENTED_EDGE ( 'NONE', *, *, #5237, .F. ) ;
#6212 = VECTOR ( 'NONE', #4252, 1000.000000000000000 ) ;
#6213 = FACE_OUTER_BOUND ( 'NONE', #6845, .T. ) ;
#6214 =( GEOMETRIC_REPRESENTATION_CONTEXT ( 3 ) GLOBAL_UNCERTAINTY_ASSIGNED_CONTEXT ( ( #7365 ) ) GLOBAL_UNIT_ASSIGNED_CONTEXT ( ( #5257, #4588, #394 ) ) REPRESENTATION_CONTEXT ( 'NONE', 'WORKASPACE' ) );
#6215 = PRESENTATION_LAYER_ASSIGNMENT (  '', '', ( #2388 ) ) ;
#6216 = SURFACE_STYLE_FILL_AREA ( #6763 ) ;
#6217 = CIRCLE ( 'NONE', #5953, 0.4999999999999995559 ) ;
#6218 = LINE ( 'NONE', #5002, #3156 ) ;
#6219 = ORIENTED_EDGE ( 'NONE', *, *, #6997, .T. ) ;
#6221 = EDGE_CURVE ( 'NONE', #993, #1072, #1603, .T. ) ;
#6220 = LINE ( 'NONE', #1376, #3930 ) ;
#6222 = FILL_AREA_STYLE ('',( #1927 ) ) ;
#6223 = MECHANICAL_DESIGN_GEOMETRIC_PRESENTATION_REPRESENTATION (  '', ( #1730 ), #3791 ) ;
#6224 = PRESENTATION_STYLE_ASSIGNMENT (( #2016 ) ) ;
#6225 = DIRECTION ( 'NONE',  ( 0.5773502691896271743, 0.5773502691896222894, -0.5773502691896278405 ) ) ;
#6226 =( LENGTH_UNIT ( ) NAMED_UNIT ( * ) SI_UNIT ( .MILLI., .METRE. ) );
#6227 = EDGE_CURVE ( 'NONE', #1245, #4212, #1847, .T. ) ;
#6228 = ORIENTED_EDGE ( 'NONE', *, *, #3343, .T. ) ;
#6229 = DIRECTION ( 'NONE',  ( 1.000000000000000000, -5.421010862427522170E-17, 0.0000000000000000000 ) ) ;
#6230 = CARTESIAN_POINT ( 'NONE',  ( 8.699999999999999289, 0.1999999999999999833, -2.800000000000000266 ) ) ;
#6232 = EDGE_CURVE ( 'NONE', #53, #5550, #7328, .T. ) ;
#6231 = EDGE_LOOP ( 'NONE', ( #3484, #4243, #216, #5403 ) ) ;
#6233 =( LENGTH_UNIT ( ) NAMED_UNIT ( * ) SI_UNIT ( .MILLI., .METRE. ) );
#6234 = SURFACE_STYLE_FILL_AREA ( #4375 ) ;
#6235 = ORIENTED_EDGE ( 'NONE', *, *, #748, .T. ) ;
#6236 = ORIENTED_EDGE ( 'NONE', *, *, #4746, .F. ) ;
#6237 = FILL_AREA_STYLE ('',( #5019 ) ) ;
#6238 = LINE ( 'NONE', #753, #2991 ) ;
#6239 = CARTESIAN_POINT ( 'NONE',  ( 3.916666666666665630, 5.166666666666662522, -0.08333333333333456383 ) ) ;
#6240 = LINE ( 'NONE', #3230, #7221 ) ;
#6241 =( NAMED_UNIT ( * ) SI_UNIT ( $, .STERADIAN. ) SOLID_ANGLE_UNIT ( ) );
#6243 = EDGE_CURVE ( 'NONE', #1370, #1250, #705, .T. ) ;
#6242 = ORIENTED_EDGE ( 'NONE', *, *, #6799, .F. ) ;
#6244 = SURFACE_STYLE_USAGE ( .BOTH. , #6198 ) ;
#6245 = DIRECTION ( 'NONE',  ( 1.000000000000000000, 1.913297951445007868E-16, -0.0000000000000000000 ) ) ;
#6246 = FACE_OUTER_BOUND ( 'NONE', #3588, .T. ) ;
#6247 = DIRECTION ( 'NONE',  ( -1.000000000000000000, 0.0000000000000000000, 0.0000000000000000000 ) ) ;
#6248 = DIRECTION ( 'NONE',  ( 0.0000000000000000000, 0.0000000000000000000, 1.000000000000000000 ) ) ;
#6249 = VERTEX_POINT ( 'NONE', #3100 ) ;
#6250 = DIRECTION ( 'NONE',  ( 1.000000000000000000, 0.0000000000000000000, 0.0000000000000000000 ) ) ;
#6251 = ORIENTED_EDGE ( 'NONE', *, *, #5335, .F. ) ;
#6252 = FILL_AREA_STYLE ('',( #3210 ) ) ;
#6253 = ORIENTED_EDGE ( 'NONE', *, *, #6477, .F. ) ;
#6254 =( NAMED_UNIT ( * ) PLANE_ANGLE_UNIT ( ) SI_UNIT ( $, .RADIAN. ) );
#6255 = ORIENTED_EDGE ( 'NONE', *, *, #3713, .T. ) ;
#6256 = SURFACE_SIDE_STYLE ('',( #1289 ) ) ;
#6257 = FACE_OUTER_BOUND ( 'NONE', #4880, .T. ) ;
#6258 = EDGE_LOOP ( 'NONE', ( #7334, #6031, #5957, #4840 ) ) ;
#6259 = CARTESIAN_POINT ( 'NONE',  ( 4.149999999999997691, -3.399999999999999911, 0.1499999999999973577 ) ) ;
#6260 = MECHANICAL_DESIGN_GEOMETRIC_PRESENTATION_REPRESENTATION (  '', ( #6761 ), #5093 ) ;
#6261 = ORIENTED_EDGE ( 'NONE', *, *, #6293, .F. ) ;
#6262 = UNCERTAINTY_MEASURE_WITH_UNIT (LENGTH_MEASURE( 1.000000000000000082E-05 ), #1750, 'distance_accuracy_value', 'NONE');
#6263 = SURFACE_SIDE_STYLE ('',( #4370 ) ) ;
#6264 = CARTESIAN_POINT ( 'NONE',  ( 4.149999999999997691, -3.399999999999999911, -2.800000000000000266 ) ) ;
#6265 = VECTOR ( 'NONE', #4984, 1000.000000000000000 ) ;
#6266 = CARTESIAN_POINT ( 'NONE',  ( 3.750000000000000444, 4.999999999999995559, 0.2500000000000002220 ) ) ;
#6267 = DIRECTION ( 'NONE',  ( -1.000000000000000000, 5.421010862427522170E-17, 0.0000000000000000000 ) ) ;
#6268 = CARTESIAN_POINT ( 'NONE',  ( 7.850000000000003197, -3.399999999999999911, 0.1499999999999973577 ) ) ;
#6269 = CARTESIAN_POINT ( 'NONE',  ( 5.299999999999998934, 0.0000000000000000000, 1.700000000000000178 ) ) ;
#6270 = VECTOR ( 'NONE', #5604, 1000.000000000000114 ) ;
#6271 = VERTEX_POINT ( 'NONE', #7374 ) ;
#6272 = SURFACE_STYLE_USAGE ( .BOTH. , #5610 ) ;
#6273 = EDGE_CURVE ( 'NONE', #991, #1224, #2978, .T. ) ;
#6274 = FACE_OUTER_BOUND ( 'NONE', #1481, .T. ) ;
#6275 = LINE ( 'NONE', #6144, #7482 ) ;
#6276 = DIRECTION ( 'NONE',  ( 3.872150616019660190E-17, 1.000000000000000000, -0.0000000000000000000 ) ) ;
#6277 = ORIENTED_EDGE ( 'NONE', *, *, #4421, .F. ) ;
#6278 = SURFACE_STYLE_USAGE ( .BOTH. , #3957 ) ;
#6279 = STYLED_ITEM ( 'NONE', ( #514 ), #2017 ) ;
#6280 = FACE_OUTER_BOUND ( 'NONE', #7096, .T. ) ;
#6282 = EDGE_CURVE ( 'NONE', #870, #917, #3725, .T. ) ;
#6281 = PRESENTATION_STYLE_ASSIGNMENT (( #2073 ) ) ;
#6283 = UNCERTAINTY_MEASURE_WITH_UNIT (LENGTH_MEASURE( 1.000000000000000082E-05 ), #4765, 'distance_accuracy_value', 'NONE');
#6284 = DIRECTION ( 'NONE',  ( 9.103382349328301547E-49, 2.350988701644575016E-32, 1.000000000000000000 ) ) ;
#6285 = ADVANCED_FACE ( 'NONE', ( #6732 ), #1132, .F. ) ;
#6286 = SURFACE_SIDE_STYLE ('',( #6323 ) ) ;
#6287 =( NAMED_UNIT ( * ) PLANE_ANGLE_UNIT ( ) SI_UNIT ( $, .RADIAN. ) );
#6288 = DIRECTION ( 'NONE',  ( 1.000000000000000000, 0.0000000000000000000, 4.559728762789504105E-17 ) ) ;
#6289 = ORIENTED_EDGE ( 'NONE', *, *, #3192, .T. ) ;
#6290 = VERTEX_POINT ( 'NONE', #1297 ) ;
#6291 = CARTESIAN_POINT ( 'NONE',  ( 0.05000000000000012768, 3.149999999999999023, -2.050000000000001599 ) ) ;
#6292 = CARTESIAN_POINT ( 'NONE',  ( -0.2500000000000002220, -3.299999999999998490, 0.2500000000000002220 ) ) ;
#6293 = EDGE_CURVE ( 'NONE', #6851, #4135, #5479, .T. ) ;
#6294 = CARTESIAN_POINT ( 'NONE',  ( -1.949999999999999956, 6.000000000000000000, 0.3199999999999999512 ) ) ;
#6295 = VECTOR ( 'NONE', #3224, 1000.000000000000000 ) ;
#6296 = DIRECTION ( 'NONE',  ( 0.0000000000000000000, 0.0000000000000000000, 1.000000000000000000 ) ) ;
#6297 = CARTESIAN_POINT ( 'NONE',  ( -0.2499999999999997780, 4.999999999999999112, 0.2500000000000002220 ) ) ;
#6298 = VERTEX_POINT ( 'NONE', #6177 ) ;
#6299 = ORIENTED_EDGE ( 'NONE', *, *, #3057, .T. ) ;
#6300 = AXIS2_PLACEMENT_3D ( 'NONE', #2211, #6493, #47 ) ;
#6301 = FACE_OUTER_BOUND ( 'NONE', #7042, .T. ) ;
#6302 = SURFACE_STYLE_USAGE ( .BOTH. , #3861 ) ;
#6303 = PRESENTATION_LAYER_ASSIGNMENT (  '', '', ( #924 ) ) ;
#6304 = DIRECTION ( 'NONE',  ( -1.000000000000000000, 3.872150616019661422E-17, 0.0000000000000000000 ) ) ;
#6305 = LINE ( 'NONE', #4459, #7103 ) ;
#6306 = FILL_AREA_STYLE_COLOUR ( '', #1086 ) ;
#6307 =( NAMED_UNIT ( * ) SI_UNIT ( $, .STERADIAN. ) SOLID_ANGLE_UNIT ( ) );
#6308 = PRESENTATION_STYLE_ASSIGNMENT (( #4974 ) ) ;
#6309 = PRESENTATION_LAYER_ASSIGNMENT (  '', '', ( #2219 ) ) ;
#6310 = MECHANICAL_DESIGN_GEOMETRIC_PRESENTATION_REPRESENTATION (  '', ( #6795 ), #7590 ) ;
#6311 = CARTESIAN_POINT ( 'NONE',  ( 1.150000000000000355, 6.000000000000000000, 1.700000000000000178 ) ) ;
#6312 = CARTESIAN_POINT ( 'NONE',  ( 9.951000000000000512, 4.500000000000000888, -0.6799999999999991607 ) ) ;
#6313 = PRESENTATION_LAYER_ASSIGNMENT (  '', '', ( #1324 ) ) ;
#6314 =( NAMED_UNIT ( * ) SI_UNIT ( $, .STERADIAN. ) SOLID_ANGLE_UNIT ( ) );
#6315 = COLOUR_RGB ( '',1.000000000000000000, 1.000000000000000000, 1.000000000000000000 ) ;
#6316 = SURFACE_STYLE_USAGE ( .BOTH. , #2066 ) ;
#6317 = ORIENTED_EDGE ( 'NONE', *, *, #6227, .T. ) ;
#6318 = EDGE_CURVE ( 'NONE', #4149, #6569, #4928, .T. ) ;
#6319 = CARTESIAN_POINT ( 'NONE',  ( 6.249999999999998224, -3.399999999999999911, -0.2499999999999997780 ) ) ;
#6320 = PRESENTATION_LAYER_ASSIGNMENT (  '', '', ( #3119 ) ) ;
#6321 = COLOUR_RGB ( '',1.000000000000000000, 1.000000000000000000, 1.000000000000000000 ) ;
#6322 = FILL_AREA_STYLE_COLOUR ( '', #3902 ) ;
#6323 = SURFACE_STYLE_FILL_AREA ( #685 ) ;
#6324 = FACE_OUTER_BOUND ( 'NONE', #5105, .T. ) ;
#6325 = VECTOR ( 'NONE', #2793, 1000.000000000000114 ) ;
#6326 = LINE ( 'NONE', #2609, #6666 ) ;
#6327 = ORIENTED_EDGE ( 'NONE', *, *, #1563, .T. ) ;
#6328 = SURFACE_SIDE_STYLE ('',( #3966 ) ) ;
#6329 = ADVANCED_FACE ( 'NONE', ( #3687 ), #4850, .F. ) ;
#6330 =( LENGTH_UNIT ( ) NAMED_UNIT ( * ) SI_UNIT ( .MILLI., .METRE. ) );
#6331 = UNCERTAINTY_MEASURE_WITH_UNIT (LENGTH_MEASURE( 1.000000000000000082E-05 ), #5742, 'distance_accuracy_value', 'NONE');
#6332 = SURFACE_SIDE_STYLE ('',( #2085 ) ) ;
#6333 = STYLED_ITEM ( 'NONE', ( #4193 ), #2567 ) ;
#6334 = DIRECTION ( 'NONE',  ( 0.0000000000000000000, 0.0000000000000000000, -1.000000000000000000 ) ) ;
#6335 = ORIENTED_EDGE ( 'NONE', *, *, #165, .F. ) ;
#6336 = DIRECTION ( 'NONE',  ( -5.421010862427522170E-17, -1.000000000000000000, 2.350988701644575016E-32 ) ) ;
#6337 = EDGE_CURVE ( 'NONE', #6075, #4809, #5081, .T. ) ;
#6338 = FACE_OUTER_BOUND ( 'NONE', #1940, .T. ) ;
#6339 = FACE_BOUND ( 'NONE', #6488, .T. ) ;
#6340 = VECTOR ( 'NONE', #5449, 1000.000000000000000 ) ;
#6341 = VECTOR ( 'NONE', #1374, 1000.000000000000000 ) ;
#6342 = AXIS2_PLACEMENT_3D ( 'NONE', #2803, #1617, #5905 ) ;
#6343 = AXIS2_PLACEMENT_3D ( 'NONE', #7263, #2559, #6145 ) ;
#6344 =( NAMED_UNIT ( * ) PLANE_ANGLE_UNIT ( ) SI_UNIT ( $, .RADIAN. ) );
#6345 = CARTESIAN_POINT ( 'NONE',  ( 0.6999999999999992895, 0.1999999999999999833, 1.700000000000000178 ) ) ;
#6346 =( NAMED_UNIT ( * ) PLANE_ANGLE_UNIT ( ) SI_UNIT ( $, .RADIAN. ) );
#6347 = VECTOR ( 'NONE', #2903, 1000.000000000000000 ) ;
#6348 = PRESENTATION_STYLE_ASSIGNMENT (( #5655 ) ) ;
#6349 = DIRECTION ( 'NONE',  ( 0.0000000000000000000, 0.0000000000000000000, -1.000000000000000000 ) ) ;
#6350 = PLANE ( 'NONE',  #5430 ) ;
#6351 = VECTOR ( 'NONE', #6805, 1000.000000000000000 ) ;
#6352 = ORIENTED_EDGE ( 'NONE', *, *, #3982, .F. ) ;
#6353 = ORIENTED_EDGE ( 'NONE', *, *, #3836, .T. ) ;
#6354 = LINE ( 'NONE', #200, #4657 ) ;
#6355 = DIRECTION ( 'NONE',  ( -0.0000000000000000000, -0.0000000000000000000, 1.000000000000000000 ) ) ;
#6356 = LINE ( 'NONE', #2072, #1977 ) ;
#6357 = DIRECTION ( 'NONE',  ( -0.0000000000000000000, 0.0000000000000000000, 1.000000000000000000 ) ) ;
#6358 = LINE ( 'NONE', #323, #6141 ) ;
#6359 = ADVANCED_FACE ( 'NONE', ( #5051 ), #5603, .F. ) ;
#6360 = CARTESIAN_POINT ( 'NONE',  ( 8.250000000000000000, -3.399999999999999911, 0.2500000000000002220 ) ) ;
#6361 =( NAMED_UNIT ( * ) PLANE_ANGLE_UNIT ( ) SI_UNIT ( $, .RADIAN. ) );
#6362 = EDGE_LOOP ( 'NONE', ( #5438, #3190, #7153, #7583 ) ) ;
#6363 = VERTEX_POINT ( 'NONE', #4456 ) ;
#6364 = FILL_AREA_STYLE ('',( #2692 ) ) ;
#6365 = EDGE_LOOP ( 'NONE', ( #1715, #7608, #7237, #6390 ) ) ;
#6366 = FACE_OUTER_BOUND ( 'NONE', #422, .T. ) ;
#6367 = EDGE_CURVE ( 'NONE', #7745, #2452, #2054, .T. ) ;
#6368 = PLANE ( 'NONE',  #6706 ) ;
#6369 = FILL_AREA_STYLE ('',( #6489 ) ) ;
#6370 = ORIENTED_EDGE ( 'NONE', *, *, #2616, .T. ) ;
#6371 = SURFACE_STYLE_USAGE ( .BOTH. , #6965 ) ;
#6372 = CARTESIAN_POINT ( 'NONE',  ( 0.2499999999999997780, -3.399999999999999911, 0.2500000000000002220 ) ) ;
#6373 = EDGE_CURVE ( 'NONE', #5238, #53, #5122, .T. ) ;
#6374 = UNCERTAINTY_MEASURE_WITH_UNIT (LENGTH_MEASURE( 1.000000000000000082E-05 ), #5718, 'distance_accuracy_value', 'NONE');
#6375 = EDGE_CURVE ( 'NONE', #6827, #697, #1488, .T. ) ;
#6376 = MECHANICAL_DESIGN_GEOMETRIC_PRESENTATION_REPRESENTATION (  '', ( #5212 ), #3062 ) ;
#6377 = CARTESIAN_POINT ( 'NONE',  ( 5.750000000000000000, -3.399999999999999911, 0.1499999999999973577 ) ) ;
#6378 = EDGE_CURVE ( 'NONE', #7450, #4671, #3778, .T. ) ;
#6379 = DIRECTION ( 'NONE',  ( -0.0000000000000000000, 0.0000000000000000000, 1.000000000000000000 ) ) ;
#6380 = SURFACE_STYLE_FILL_AREA ( #3306 ) ;
#6381 = DIRECTION ( 'NONE',  ( -1.000000000000000000, 0.0000000000000000000, -0.0000000000000000000 ) ) ;
#6382 =( GEOMETRIC_REPRESENTATION_CONTEXT ( 3 ) GLOBAL_UNCERTAINTY_ASSIGNED_CONTEXT ( ( #6374 ) ) GLOBAL_UNIT_ASSIGNED_CONTEXT ( ( #5718, #7612, #3931 ) ) REPRESENTATION_CONTEXT ( 'NONE', 'WORKASPACE' ) );
#6383 = DIRECTION ( 'NONE',  ( -7.288754100742885708E-17, 0.0000000000000000000, -1.000000000000000000 ) ) ;
#6384 = SURFACE_SIDE_STYLE ('',( #5855 ) ) ;
#6385 = EDGE_CURVE ( 'NONE', #3998, #7450, #1973, .T. ) ;
#6386 = VECTOR ( 'NONE', #7246, 1000.000000000000000 ) ;
#6387 = AXIS2_PLACEMENT_3D ( 'NONE', #1870, #5618, #7430 ) ;
#6388 = CARTESIAN_POINT ( 'NONE',  ( 4.149999999999997691, -3.399999999999999911, -0.1499999999999969136 ) ) ;
#6389 = ORIENTED_EDGE ( 'NONE', *, *, #7844, .F. ) ;
#6390 = ORIENTED_EDGE ( 'NONE', *, *, #1247, .F. ) ;
#6391 = CARTESIAN_POINT ( 'NONE',  ( 0.0000000000000000000, -3.399999999999999911, 0.05000000000000012768 ) ) ;
#6392 =( NAMED_UNIT ( * ) SI_UNIT ( $, .STERADIAN. ) SOLID_ANGLE_UNIT ( ) );
#6393 = DIRECTION ( 'NONE',  ( -0.0000000000000000000, -0.0000000000000000000, 1.000000000000000000 ) ) ;
#6394 =( NAMED_UNIT ( * ) SI_UNIT ( $, .STERADIAN. ) SOLID_ANGLE_UNIT ( ) );
#6395 = ORIENTED_EDGE ( 'NONE', *, *, #4198, .T. ) ;
#6396 = FACE_OUTER_BOUND ( 'NONE', #1301, .T. ) ;
#6397 = DIRECTION ( 'NONE',  ( 0.0000000000000000000, 0.0000000000000000000, -1.000000000000000000 ) ) ;
#6398 = CARTESIAN_POINT ( 'NONE',  ( 4.250000000000000000, -3.299999999999998490, -0.2499999999999997780 ) ) ;
#6399 = DIRECTION ( 'NONE',  ( -0.0000000000000000000, -0.0000000000000000000, 1.000000000000000000 ) ) ;
#6400 = ORIENTED_EDGE ( 'NONE', *, *, #1576, .F. ) ;
#6401 = ORIENTED_EDGE ( 'NONE', *, *, #6619, .F. ) ;
#6402 =( GEOMETRIC_REPRESENTATION_CONTEXT ( 3 ) GLOBAL_UNCERTAINTY_ASSIGNED_CONTEXT ( ( #7919 ) ) GLOBAL_UNIT_ASSIGNED_CONTEXT ( ( #74, #7379, #1896 ) ) REPRESENTATION_CONTEXT ( 'NONE', 'WORKASPACE' ) );
#6403 = DIRECTION ( 'NONE',  ( 1.000000000000000000, -5.421010862427522170E-17, 0.0000000000000000000 ) ) ;
#6404 =( NAMED_UNIT ( * ) PLANE_ANGLE_UNIT ( ) SI_UNIT ( $, .RADIAN. ) );
#6405 = VECTOR ( 'NONE', #1271, 1000.000000000000000 ) ;
#6406 = DIRECTION ( 'NONE',  ( -1.000000000000000000, 5.421010862427522170E-17, 0.0000000000000000000 ) ) ;
#6407 = CYLINDRICAL_SURFACE ( 'NONE', #7409, 0.4999999999999995559 ) ;
#6408 = DIRECTION ( 'NONE',  ( -0.0000000000000000000, 1.000000000000000000, -0.0000000000000000000 ) ) ;
#6409 = FILL_AREA_STYLE_COLOUR ( '', #7072 ) ;
#6410 =( NAMED_UNIT ( * ) PLANE_ANGLE_UNIT ( ) SI_UNIT ( $, .RADIAN. ) );
#6411 = DIRECTION ( 'NONE',  ( 3.872150616019660190E-17, 1.000000000000000000, -0.0000000000000000000 ) ) ;
#6412 = EDGE_CURVE ( 'NONE', #195, #7177, #746, .T. ) ;
#6413 = ORIENTED_EDGE ( 'NONE', *, *, #6912, .F. ) ;
#6414 = ORIENTED_EDGE ( 'NONE', *, *, #4545, .F. ) ;
#6415 = EDGE_CURVE ( 'NONE', #1056, #4497, #4968, .T. ) ;
#6416 = CARTESIAN_POINT ( 'NONE',  ( 8.220000000000000639, 2.250000000000000888, 1.249999999999998446 ) ) ;
#6417 = CARTESIAN_POINT ( 'NONE',  ( 9.950000000000001066, 6.000000000000000000, 1.699999999999999289 ) ) ;
#6418 =( NAMED_UNIT ( * ) SI_UNIT ( $, .STERADIAN. ) SOLID_ANGLE_UNIT ( ) );
#6419 = ADVANCED_FACE ( 'NONE', ( #3334 ), #3818, .F. ) ;
#6420 = UNCERTAINTY_MEASURE_WITH_UNIT (LENGTH_MEASURE( 1.000000000000000082E-05 ), #7691, 'distance_accuracy_value', 'NONE');
#6421 =( GEOMETRIC_REPRESENTATION_CONTEXT ( 3 ) GLOBAL_UNCERTAINTY_ASSIGNED_CONTEXT ( ( #5433 ) ) GLOBAL_UNIT_ASSIGNED_CONTEXT ( ( #972, #7631, #1516 ) ) REPRESENTATION_CONTEXT ( 'NONE', 'WORKASPACE' ) );
#6422 = MECHANICAL_DESIGN_GEOMETRIC_PRESENTATION_REPRESENTATION (  '', ( #7445 ), #420 ) ;
#6423 =( NAMED_UNIT ( * ) PLANE_ANGLE_UNIT ( ) SI_UNIT ( $, .RADIAN. ) );
#6424 =( NAMED_UNIT ( * ) PLANE_ANGLE_UNIT ( ) SI_UNIT ( $, .RADIAN. ) );
#6425 = ORIENTED_EDGE ( 'NONE', *, *, #4748, .T. ) ;
#6426 = DIRECTION ( 'NONE',  ( -1.000000000000000000, 0.0000000000000000000, 0.0000000000000000000 ) ) ;
#6427 = VECTOR ( 'NONE', #7910, 1000.000000000000000 ) ;
#6428 = STYLED_ITEM ( 'NONE', ( #5629 ), #4807 ) ;
#6429 = EDGE_CURVE ( 'NONE', #3135, #4109, #4118, .T. ) ;
#6430 = PRESENTATION_LAYER_ASSIGNMENT (  '', '', ( #1976 ) ) ;
#6431 = SURFACE_SIDE_STYLE ('',( #5031 ) ) ;
#6432 = VECTOR ( 'NONE', #4559, 1000.000000000000000 ) ;
#6433 = SURFACE_STYLE_USAGE ( .BOTH. , #2074 ) ;
#6434 = DIRECTION ( 'NONE',  ( 1.000000000000000000, 0.0000000000000000000, 0.0000000000000000000 ) ) ;
#6435 = ORIENTED_EDGE ( 'NONE', *, *, #4663, .F. ) ;
#6436 = DIRECTION ( 'NONE',  ( -1.000000000000000000, 0.0000000000000000000, 0.0000000000000000000 ) ) ;
#6437 = ADVANCED_FACE ( 'NONE', ( #1672 ), #3376, .F. ) ;
#6438 = ORIENTED_EDGE ( 'NONE', *, *, #2056, .F. ) ;
#6439 = ORIENTED_EDGE ( 'NONE', *, *, #748, .F. ) ;
#6440 = AXIS2_PLACEMENT_3D ( 'NONE', #4284, #4321, #7241 ) ;
#6441 = VECTOR ( 'NONE', #1265, 1000.000000000000000 ) ;
#6442 = SURFACE_SIDE_STYLE ('',( #5107 ) ) ;
#6443 =( GEOMETRIC_REPRESENTATION_CONTEXT ( 3 ) GLOBAL_UNCERTAINTY_ASSIGNED_CONTEXT ( ( #6420 ) ) GLOBAL_UNIT_ASSIGNED_CONTEXT ( ( #7691, #1743, #3515 ) ) REPRESENTATION_CONTEXT ( 'NONE', 'WORKASPACE' ) );
#6444 = SURFACE_STYLE_USAGE ( .BOTH. , #2133 ) ;
#6445 = PRESENTATION_STYLE_ASSIGNMENT (( #3970 ) ) ;
#6446 = ORIENTED_EDGE ( 'NONE', *, *, #5230, .F. ) ;
#6447 = SURFACE_SIDE_STYLE ('',( #4006 ) ) ;
#6448 = AXIS2_PLACEMENT_3D ( 'NONE', #2638, #7520, #4467 ) ;
#6449 = CARTESIAN_POINT ( 'NONE',  ( -1.699999999999999512, 6.000000000000000000, -2.700000000000001066 ) ) ;
#6450 = MECHANICAL_DESIGN_GEOMETRIC_PRESENTATION_REPRESENTATION (  '', ( #7866 ), #2627 ) ;
#6451 = PRESENTATION_LAYER_ASSIGNMENT (  '', '', ( #4531 ) ) ;
#6452 =( NAMED_UNIT ( * ) SI_UNIT ( $, .STERADIAN. ) SOLID_ANGLE_UNIT ( ) );
#6453 =( GEOMETRIC_REPRESENTATION_CONTEXT ( 3 ) GLOBAL_UNCERTAINTY_ASSIGNED_CONTEXT ( ( #2906 ) ) GLOBAL_UNIT_ASSIGNED_CONTEXT ( ( #371, #851, #3326 ) ) REPRESENTATION_CONTEXT ( 'NONE', 'WORKASPACE' ) );
#6454 = PRESENTATION_STYLE_ASSIGNMENT (( #4457 ) ) ;
#6455 =( GEOMETRIC_REPRESENTATION_CONTEXT ( 3 ) GLOBAL_UNCERTAINTY_ASSIGNED_CONTEXT ( ( #4296 ) ) GLOBAL_UNIT_ASSIGNED_CONTEXT ( ( #5616, #5708, #2119 ) ) REPRESENTATION_CONTEXT ( 'NONE', 'WORKASPACE' ) );
#6456 = ADVANCED_FACE ( 'NONE', ( #7708 ), #4688, .T. ) ;
#6457 = VECTOR ( 'NONE', #6304, 1000.000000000000000 ) ;
#6458 =( NAMED_UNIT ( * ) PLANE_ANGLE_UNIT ( ) SI_UNIT ( $, .RADIAN. ) );
#6459 = UNCERTAINTY_MEASURE_WITH_UNIT (LENGTH_MEASURE( 1.000000000000000082E-05 ), #1519, 'distance_accuracy_value', 'NONE');
#6460 = CARTESIAN_POINT ( 'NONE',  ( -1.950000000000000178, -3.399999999999999911, 0.1500000000000008271 ) ) ;
#6461 = DIRECTION ( 'NONE',  ( -0.0000000000000000000, -0.0000000000000000000, 1.000000000000000000 ) ) ;
#6462 = SURFACE_STYLE_FILL_AREA ( #1725 ) ;
#6463 = EDGE_CURVE ( 'NONE', #1744, #3081, #4085, .T. ) ;
#6464 = CARTESIAN_POINT ( 'NONE',  ( 4.149999999999995914, 5.100000000000001421, 0.1499999999999956368 ) ) ;
#6465 = SURFACE_SIDE_STYLE ('',( #4020 ) ) ;
#6466 = VECTOR ( 'NONE', #1854, 1000.000000000000000 ) ;
#6467 = MECHANICAL_DESIGN_GEOMETRIC_PRESENTATION_REPRESENTATION (  '', ( #971 ), #2134 ) ;
#6468 = EDGE_CURVE ( 'NONE', #1898, #4170, #2378, .T. ) ;
#6469 = LINE ( 'NONE', #4773, #4002 ) ;
#6470 = ORIENTED_EDGE ( 'NONE', *, *, #7194, .T. ) ;
#6471 = PRESENTATION_STYLE_ASSIGNMENT (( #2910 ) ) ;
#6472 = PRESENTATION_STYLE_ASSIGNMENT (( #4503 ) ) ;
#6473 = FILL_AREA_STYLE ('',( #2157 ) ) ;
#6474 =( NAMED_UNIT ( * ) SI_UNIT ( $, .STERADIAN. ) SOLID_ANGLE_UNIT ( ) );
#6475 = CARTESIAN_POINT ( 'NONE',  ( 7.750000000000000000, -3.399999999999999911, 0.2500000000000002220 ) ) ;
#6476 =( NAMED_UNIT ( * ) SI_UNIT ( $, .STERADIAN. ) SOLID_ANGLE_UNIT ( ) );
#6477 = EDGE_CURVE ( 'NONE', #7294, #3964, #55, .T. ) ;
#6478 = CARTESIAN_POINT ( 'NONE',  ( -0.2500000000000002220, 1.800000000000000044, 0.2500000000000002220 ) ) ;
#6479 = LINE ( 'NONE', #990, #6057 ) ;
#6480 = VERTEX_POINT ( 'NONE', #577 ) ;
#6481 = ORIENTED_EDGE ( 'NONE', *, *, #2207, .T. ) ;
#6482 = DIRECTION ( 'NONE',  ( -0.0000000000000000000, -0.0000000000000000000, 1.000000000000000000 ) ) ;
#6483 = ADVANCED_FACE ( 'NONE', ( #3092 ), #2932, .F. ) ;
#6484 = PRESENTATION_LAYER_ASSIGNMENT (  '', '', ( #2015 ) ) ;
#6485 = FILL_AREA_STYLE_COLOUR ( '', #185 ) ;
#6486 =( NAMED_UNIT ( * ) SI_UNIT ( $, .STERADIAN. ) SOLID_ANGLE_UNIT ( ) );
#6487 =( LENGTH_UNIT ( ) NAMED_UNIT ( * ) SI_UNIT ( .MILLI., .METRE. ) );
#6488 = EDGE_LOOP ( 'NONE', ( #6055, #6277, #4204, #782 ) ) ;
#6489 = FILL_AREA_STYLE_COLOUR ( '', #3728 ) ;
#6490 = DIRECTION ( 'NONE',  ( -3.872150616019660190E-17, -1.000000000000000000, 0.0000000000000000000 ) ) ;
#6491 = CARTESIAN_POINT ( 'NONE',  ( 1.450000000000008171, -4.100000000000004974, 0.5499999999999914957 ) ) ;
#6492 = SURFACE_STYLE_USAGE ( .BOTH. , #4048 ) ;
#6493 = DIRECTION ( 'NONE',  ( -1.000000000000000000, 3.872150616019660190E-17, 0.0000000000000000000 ) ) ;
#6494 = SURFACE_STYLE_FILL_AREA ( #3490 ) ;
#6495 = FACE_OUTER_BOUND ( 'NONE', #344, .T. ) ;
#6496 = LINE ( 'NONE', #4092, #7707 ) ;
#6497 = DIRECTION ( 'NONE',  ( -4.336808689942017736E-16, 0.0000000000000000000, -1.000000000000000000 ) ) ;
#6498 = VERTEX_POINT ( 'NONE', #7197 ) ;
#6499 = SURFACE_STYLE_FILL_AREA ( #4852 ) ;
#6500 = SURFACE_STYLE_FILL_AREA ( #1684 ) ;
#6501 = AXIS2_PLACEMENT_3D ( 'NONE', #3055, #2451, #1160 ) ;
#6502 =( LENGTH_UNIT ( ) NAMED_UNIT ( * ) SI_UNIT ( .MILLI., .METRE. ) );
#6503 = EDGE_LOOP ( 'NONE', ( #1449, #5402, #2724, #2462 ) ) ;
#6504 = VECTOR ( 'NONE', #1421, 1000.000000000000000 ) ;
#6505 =( LENGTH_UNIT ( ) NAMED_UNIT ( * ) SI_UNIT ( .MILLI., .METRE. ) );
#6506 = FILL_AREA_STYLE ('',( #430 ) ) ;
#6507 = LINE ( 'NONE', #4662, #7623 ) ;
#6508 = EDGE_CURVE ( 'NONE', #6901, #3068, #3533, .T. ) ;
#6509 = COLOUR_RGB ( '',1.000000000000000000, 0.8117647058823529438, 0.5019607843137254832 ) ;
#6510 = FACE_OUTER_BOUND ( 'NONE', #7657, .T. ) ;
#6511 = DIRECTION ( 'NONE',  ( -1.000000000000000000, 0.0000000000000000000, -6.079638350386007117E-17 ) ) ;
#6512 = LINE ( 'NONE', #361, #602 ) ;
#6513 = FILL_AREA_STYLE_COLOUR ( '', #3478 ) ;
#6514 = FILL_AREA_STYLE ('',( #4032 ) ) ;
#6515 = ORIENTED_EDGE ( 'NONE', *, *, #3943, .T. ) ;
#6516 = ORIENTED_EDGE ( 'NONE', *, *, #6273, .F. ) ;
#6517 = LINE ( 'NONE', #517, #3919 ) ;
#6518 = DIRECTION ( 'NONE',  ( -1.000000000000000000, 1.084202172485504237E-15, 0.0000000000000000000 ) ) ;
#6519 = EDGE_CURVE ( 'NONE', #3964, #3595, #5387, .T. ) ;
#6520 = ORIENTED_EDGE ( 'NONE', *, *, #4075, .T. ) ;
#6521 =( NAMED_UNIT ( * ) PLANE_ANGLE_UNIT ( ) SI_UNIT ( $, .RADIAN. ) );
#6522 = ADVANCED_FACE ( 'NONE', ( #1792 ), #7280, .F. ) ;
#6523 = CARTESIAN_POINT ( 'NONE',  ( 8.149999999999998579, 5.100000000000001421, -0.1499999999999986622 ) ) ;
#6524 = LINE ( 'NONE', #5965, #653 ) ;
#6525 = ORIENTED_EDGE ( 'NONE', *, *, #2704, .F. ) ;
#6526 = PRESENTATION_STYLE_ASSIGNMENT (( #2248 ) ) ;
#6527 =( GEOMETRIC_REPRESENTATION_CONTEXT ( 3 ) GLOBAL_UNCERTAINTY_ASSIGNED_CONTEXT ( ( #7383 ) ) GLOBAL_UNIT_ASSIGNED_CONTEXT ( ( #2911, #7722, #7140 ) ) REPRESENTATION_CONTEXT ( 'NONE', 'WORKASPACE' ) );
#6528 = DIRECTION ( 'NONE',  ( 0.0000000000000000000, 0.0000000000000000000, -1.000000000000000000 ) ) ;
#6529 = FILL_AREA_STYLE ('',( #1631 ) ) ;
#6530 = CARTESIAN_POINT ( 'NONE',  ( 9.180000000000001492, 4.230000000000000426, 1.249999999999998446 ) ) ;
#6531 = CARTESIAN_POINT ( 'NONE',  ( 0.6999999999999992895, 0.0000000000000000000, 1.700000000000000178 ) ) ;
#6532 = VERTEX_POINT ( 'NONE', #654 ) ;
#6533 = DIRECTION ( 'NONE',  ( -1.000000000000000000, 0.0000000000000000000, 7.288754100742885708E-17 ) ) ;
#6534 = PRESENTATION_LAYER_ASSIGNMENT (  '', '', ( #5636 ) ) ;
#6535 = DIRECTION ( 'NONE',  ( -3.833233541708466776E-17, -0.7071067811865533459, 0.7071067811865416886 ) ) ;
#6536 = DIRECTION ( 'NONE',  ( -0.0000000000000000000, 0.0000000000000000000, 1.000000000000000000 ) ) ;
#6537 = DIRECTION ( 'NONE',  ( -1.000000000000000000, 5.421010862427522170E-17, 0.0000000000000000000 ) ) ;
#6538 = UNCERTAINTY_MEASURE_WITH_UNIT (LENGTH_MEASURE( 1.000000000000000082E-05 ), #2407, 'distance_accuracy_value', 'NONE');
#6539 = ORIENTED_EDGE ( 'NONE', *, *, #2473, .F. ) ;
#6540 = CARTESIAN_POINT ( 'NONE',  ( 2.750000000000000444, 3.399999999999999467, -2.050000000000001599 ) ) ;
#6541 = SURFACE_STYLE_USAGE ( .BOTH. , #2833 ) ;
#6542 = SURFACE_STYLE_FILL_AREA ( #2834 ) ;
#6543 = ORIENTED_EDGE ( 'NONE', *, *, #4991, .F. ) ;
#6544 = VECTOR ( 'NONE', #1040, 1000.000000000000000 ) ;
#6545 = AXIS2_PLACEMENT_3D ( 'NONE', #6169, #7915, #2503 ) ;
#6546 = DIRECTION ( 'NONE',  ( -1.084202172485504237E-15, -1.000000000000000000, 0.0000000000000000000 ) ) ;
#6547 = SURFACE_STYLE_FILL_AREA ( #5990 ) ;
#6548 = SURFACE_SIDE_STYLE ('',( #7144 ) ) ;
#6549 = COLOUR_RGB ( '',1.000000000000000000, 0.8117647058823529438, 0.5019607843137254832 ) ;
#6550 = CARTESIAN_POINT ( 'NONE',  ( 0.1500000000000003830, -3.399999999999999911, -0.1500000000000003830 ) ) ;
#6551 = EDGE_CURVE ( 'NONE', #6858, #6290, #5509, .T. ) ;
#6552 = ORIENTED_EDGE ( 'NONE', *, *, #1757, .T. ) ;
#6553 = DIRECTION ( 'NONE',  ( 1.000000000000000000, 0.0000000000000000000, 4.559728762789504105E-17 ) ) ;
#6554 = EDGE_LOOP ( 'NONE', ( #1517, #466, #545, #7357 ) ) ;
#6555 = LINE ( 'NONE', #7267, #1058 ) ;
#6556 = VECTOR ( 'NONE', #4029, 1000.000000000000000 ) ;
#6557 = VECTOR ( 'NONE', #2729, 1000.000000000000000 ) ;
#6558 = DIRECTION ( 'NONE',  ( 1.000000000000000000, -5.421010862427522170E-17, 0.0000000000000000000 ) ) ;
#6559 = EDGE_CURVE ( 'NONE', #3503, #7693, #5073, .T. ) ;
#6560 = LINE ( 'NONE', #4863, #6441 ) ;
#6561 =( NAMED_UNIT ( * ) PLANE_ANGLE_UNIT ( ) SI_UNIT ( $, .RADIAN. ) );
#6562 = CARTESIAN_POINT ( 'NONE',  ( 2.250000000000000000, 1.800000000000000044, -2.800000000000000266 ) ) ;
#6563 = ADVANCED_FACE ( 'NONE', ( #6846 ), #1403, .F. ) ;
#6564 = ORIENTED_EDGE ( 'NONE', *, *, #2575, .T. ) ;
#6565 = CARTESIAN_POINT ( 'NONE',  ( -1.951000000000000956, 4.500000000000000888, -0.6800000000000000488 ) ) ;
#6566 = VECTOR ( 'NONE', #3046, 1000.000000000000000 ) ;
#6567 = DIRECTION ( 'NONE',  ( 0.0000000000000000000, 1.000000000000000000, 0.0000000000000000000 ) ) ;
#6568 = SURFACE_STYLE_USAGE ( .BOTH. , #7195 ) ;
#6569 = VERTEX_POINT ( 'NONE', #5678 ) ;
#6570 = STYLED_ITEM ( 'NONE', ( #4552 ), #2820 ) ;
#6571 = COLOUR_RGB ( '',1.000000000000000000, 1.000000000000000000, 1.000000000000000000 ) ;
#6572 = VECTOR ( 'NONE', #3659, 1000.000000000000000 ) ;
#6573 = ADVANCED_FACE ( 'NONE', ( #6213 ), #3211, .T. ) ;
#6574 = CARTESIAN_POINT ( 'NONE',  ( 5.750000000000000000, -3.299999999999998490, -0.2499999999999997780 ) ) ;
#6575 = ORIENTED_EDGE ( 'NONE', *, *, #1348, .F. ) ;
#6576 =( LENGTH_UNIT ( ) NAMED_UNIT ( * ) SI_UNIT ( .MILLI., .METRE. ) );
#6577 = VECTOR ( 'NONE', #3309, 1000.000000000000000 ) ;
#6578 = FILL_AREA_STYLE_COLOUR ( '', #410 ) ;
#6579 =( GEOMETRIC_REPRESENTATION_CONTEXT ( 3 ) GLOBAL_UNCERTAINTY_ASSIGNED_CONTEXT ( ( #2393 ) ) GLOBAL_UNIT_ASSIGNED_CONTEXT ( ( #4565, #859, #3258 ) ) REPRESENTATION_CONTEXT ( 'NONE', 'WORKASPACE' ) );
#6580 = PRESENTATION_LAYER_ASSIGNMENT (  '', '', ( #1346 ) ) ;
#6581 = UNCERTAINTY_MEASURE_WITH_UNIT (LENGTH_MEASURE( 1.000000000000000082E-05 ), #3882, 'distance_accuracy_value', 'NONE');
#6582 = AXIS2_PLACEMENT_3D ( 'NONE', #7375, #6733, #1890 ) ;
#6583 = SURFACE_STYLE_FILL_AREA ( #7836 ) ;
#6584 = CARTESIAN_POINT ( 'NONE',  ( 5.850000000000003197, -3.399999999999999911, -0.1499999999999969136 ) ) ;
#6585 = COLOUR_RGB ( '',1.000000000000000000, 1.000000000000000000, 1.000000000000000000 ) ;
#6586 = VECTOR ( 'NONE', #6153, 1000.000000000000000 ) ;
#6587 = ORIENTED_EDGE ( 'NONE', *, *, #2626, .T. ) ;
#6588 =( NAMED_UNIT ( * ) SI_UNIT ( $, .STERADIAN. ) SOLID_ANGLE_UNIT ( ) );
#6589 = CARTESIAN_POINT ( 'NONE',  ( 9.950000000000001066, 6.000000000000000000, -2.800000000000000711 ) ) ;
#6590 = LINE ( 'NONE', #1263, #3019 ) ;
#6591 =( GEOMETRIC_REPRESENTATION_CONTEXT ( 3 ) GLOBAL_UNCERTAINTY_ASSIGNED_CONTEXT ( ( #6283 ) ) GLOBAL_UNIT_ASSIGNED_CONTEXT ( ( #4765, #4693, #5281 ) ) REPRESENTATION_CONTEXT ( 'NONE', 'WORKASPACE' ) );
#6592 = LINE ( 'NONE', #3435, #3114 ) ;
#6593 = DIRECTION ( 'NONE',  ( 0.0000000000000000000, 1.000000000000000000, 0.0000000000000000000 ) ) ;
#6594 = LINE ( 'NONE', #436, #7154 ) ;
#6595 = VECTOR ( 'NONE', #4972, 1000.000000000000000 ) ;
#6596 = CARTESIAN_POINT ( 'NONE',  ( -1.949999999999999956, 6.000000000000000000, -0.6800000000000000488 ) ) ;
#6597 = VERTEX_POINT ( 'NONE', #4408 ) ;
#6598 = EDGE_LOOP ( 'NONE', ( #7556, #4744, #5775, #38, #4253, #6236 ) ) ;
#6599 = CARTESIAN_POINT ( 'NONE',  ( 0.7500000000000002220, 3.399999999999999467, -2.050000000000001599 ) ) ;
#6600 = COLOUR_RGB ( '',1.000000000000000000, 0.8117647058823529438, 0.5019607843137254832 ) ;
#6601 = LINE ( 'NONE', #1624, #2484 ) ;
#6602 = EDGE_CURVE ( 'NONE', #998, #4999, #5720, .T. ) ;
#6603 = PLANE ( 'NONE',  #5794 ) ;
#6604 = SURFACE_STYLE_FILL_AREA ( #4681 ) ;
#6605 = VECTOR ( 'NONE', #2139, 1000.000000000000000 ) ;
#6606 = ORIENTED_EDGE ( 'NONE', *, *, #1648, .F. ) ;
#6607 = CARTESIAN_POINT ( 'NONE',  ( 5.750000000000000000, -3.399999999999999911, 0.2500000000000002220 ) ) ;
#6608 = CARTESIAN_POINT ( 'NONE',  ( 1.250000000000000666, 3.399999999999999467, -2.050000000000001599 ) ) ;
#6609 = FILL_AREA_STYLE ('',( #7748 ) ) ;
#6610 = EDGE_CURVE ( 'NONE', #7025, #3133, #5111, .T. ) ;
#6611 = CARTESIAN_POINT ( 'NONE',  ( 7.299999999999998934, 0.2000000000000000389, -2.800000000000000266 ) ) ;
#6612 = ORIENTED_EDGE ( 'NONE', *, *, #1709, .T. ) ;
#6613 = SURFACE_STYLE_USAGE ( .BOTH. , #6644 ) ;
#6614 = ORIENTED_EDGE ( 'NONE', *, *, #2075, .F. ) ;
#6615 = ORIENTED_EDGE ( 'NONE', *, *, #7802, .F. ) ;
#6616 = FILL_AREA_STYLE ('',( #2259 ) ) ;
#6617 = FILL_AREA_STYLE_COLOUR ( '', #4362 ) ;
#6618 = CARTESIAN_POINT ( 'NONE',  ( -1.350000000000000089, -11.28937553631732271, 1.249999999999997558 ) ) ;
#6619 = EDGE_CURVE ( 'NONE', #4045, #6050, #4521, .T. ) ;
#6620 = PLANE ( 'NONE',  #208 ) ;
#6621 = LINE ( 'NONE', #4133, #2236 ) ;
#6622 = UNCERTAINTY_MEASURE_WITH_UNIT (LENGTH_MEASURE( 1.000000000000000082E-05 ), #4009, 'distance_accuracy_value', 'NONE');
#6623 = ORIENTED_EDGE ( 'NONE', *, *, #3975, .F. ) ;
#6624 = CARTESIAN_POINT ( 'NONE',  ( 9.350000000000001421, 5.650000000000000355, 1.249999999999998446 ) ) ;
#6625 = ORIENTED_EDGE ( 'NONE', *, *, #2747, .F. ) ;
#6626 = UNCERTAINTY_MEASURE_WITH_UNIT (LENGTH_MEASURE( 1.000000000000000082E-05 ), #1166, 'distance_accuracy_value', 'NONE');
#6627 = MECHANICAL_DESIGN_GEOMETRIC_PRESENTATION_REPRESENTATION (  '', ( #7000 ), #633 ) ;
#6628 = LINE ( 'NONE', #5834, #3702 ) ;
#6629 = VERTEX_POINT ( 'NONE', #2540 ) ;
#6630 = LINE ( 'NONE', #1147, #5185 ) ;
#6631 = ORIENTED_EDGE ( 'NONE', *, *, #5974, .T. ) ;
#6632 = LINE ( 'NONE', #5421, #2355 ) ;
#6633 = MECHANICAL_DESIGN_GEOMETRIC_PRESENTATION_REPRESENTATION (  '', ( #1134 ), #5467 ) ;
#6634 = SURFACE_SIDE_STYLE ('',( #3561 ) ) ;
#6635 = CARTESIAN_POINT ( 'NONE',  ( 1.850000000000003642, 5.100000000000001421, -0.1499999999999969136 ) ) ;
#6636 = AXIS2_PLACEMENT_3D ( 'NONE', #7411, #1410, #5690 ) ;
#6637 = VECTOR ( 'NONE', #4474, 1000.000000000000000 ) ;
#6638 = FILL_AREA_STYLE ('',( #1626 ) ) ;
#6639 = EDGE_LOOP ( 'NONE', ( #6539, #345, #3336, #3746 ) ) ;
#6640 = FILL_AREA_STYLE ('',( #4195 ) ) ;
#6641 = PLANE ( 'NONE',  #4772 ) ;
#6642 =( NAMED_UNIT ( * ) PLANE_ANGLE_UNIT ( ) SI_UNIT ( $, .RADIAN. ) );
#6643 =( GEOMETRIC_REPRESENTATION_CONTEXT ( 3 ) GLOBAL_UNCERTAINTY_ASSIGNED_CONTEXT ( ( #880 ) ) GLOBAL_UNIT_ASSIGNED_CONTEXT ( ( #3287, #5190, #5745 ) ) REPRESENTATION_CONTEXT ( 'NONE', 'WORKASPACE' ) );
#6644 = SURFACE_SIDE_STYLE ('',( #5439 ) ) ;
#6645 = ORIENTED_EDGE ( 'NONE', *, *, #4785, .F. ) ;
#6647 = ADVANCED_FACE ( 'NONE', ( #5556 ), #7118, .F. ) ;
#6646 = LINE ( 'NONE', #1842, #3534 ) ;
#6648 = COLOUR_RGB ( '',1.000000000000000000, 0.8117647058823529438, 0.5019607843137254832 ) ;
#6649 =( NAMED_UNIT ( * ) PLANE_ANGLE_UNIT ( ) SI_UNIT ( $, .RADIAN. ) );
#6650 = FILL_AREA_STYLE ('',( #2426 ) ) ;
#6651 = STYLED_ITEM ( 'NONE', ( #3990 ), #5197 ) ;
#6652 = CARTESIAN_POINT ( 'NONE',  ( 0.1500000000000003830, -3.399999999999999911, -2.800000000000000266 ) ) ;
#6654 = EDGE_CURVE ( 'NONE', #4109, #6290, #295, .T. ) ;
#6653 = ORIENTED_EDGE ( 'NONE', *, *, #647, .F. ) ;
#6655 = LINE ( 'NONE', #5014, #6079 ) ;
#6656 = LINE ( 'NONE', #6589, #7822 ) ;
#6657 = DIRECTION ( 'NONE',  ( -1.084202172485504237E-15, -1.000000000000000000, 0.0000000000000000000 ) ) ;
#6658 = DIRECTION ( 'NONE',  ( -1.000000000000000000, 3.872150616019660190E-17, 0.0000000000000000000 ) ) ;
#6659 = EDGE_CURVE ( 'NONE', #7003, #1993, #5880, .T. ) ;
#6660 = DIRECTION ( 'NONE',  ( 3.872150616019660190E-17, 1.000000000000000000, -0.0000000000000000000 ) ) ;
#6661 = MECHANICAL_DESIGN_GEOMETRIC_PRESENTATION_REPRESENTATION (  '', ( #5896 ), #1039 ) ;
#6662 = EDGE_CURVE ( 'NONE', #2690, #2224, #7030, .T. ) ;
#6664 = EDGE_CURVE ( 'NONE', #3135, #5872, #5798, .T. ) ;
#6663 = ORIENTED_EDGE ( 'NONE', *, *, #270, .F. ) ;
#6665 = LINE ( 'NONE', #3474, #2897 ) ;
#6666 = VECTOR ( 'NONE', #6879, 1000.000000000000000 ) ;
#6667 = SURFACE_SIDE_STYLE ('',( #1780 ) ) ;
#6668 = LINE ( 'NONE', #644, #7611 ) ;
#6669 = AXIS2_PLACEMENT_3D ( 'NONE', #4645, #5277, #6528 ) ;
#6670 = SURFACE_STYLE_FILL_AREA ( #4988 ) ;
#6671 = LINE ( 'NONE', #2448, #6544 ) ;
#6672 = DIRECTION ( 'NONE',  ( 4.336808689942017736E-16, 0.0000000000000000000, 1.000000000000000000 ) ) ;
#6673 = ORIENTED_EDGE ( 'NONE', *, *, #6894, .F. ) ;
#6674 = VECTOR ( 'NONE', #1335, 1000.000000000000000 ) ;
#6675 = STYLED_ITEM ( 'NONE', ( #1788 ), #4739 ) ;
#6676 = DIRECTION ( 'NONE',  ( 0.5773502691896292838, 0.5773502691896192918, -0.5773502691896288397 ) ) ;
#6677 = ORIENTED_EDGE ( 'NONE', *, *, #665, .F. ) ;
#6678 = STYLED_ITEM ( 'NONE', ( #825 ), #3353 ) ;
#6679 = DIRECTION ( 'NONE',  ( 0.7071067811865489050, -0.7071067811865461294, -3.066586833366754193E-16 ) ) ;
#6680 =( GEOMETRIC_REPRESENTATION_CONTEXT ( 3 ) GLOBAL_UNCERTAINTY_ASSIGNED_CONTEXT ( ( #7373 ) ) GLOBAL_UNIT_ASSIGNED_CONTEXT ( ( #4043, #963, #335 ) ) REPRESENTATION_CONTEXT ( 'NONE', 'WORKASPACE' ) );
#6681 = DIRECTION ( 'NONE',  ( -1.000000000000000000, 5.421010862427522170E-17, 0.0000000000000000000 ) ) ;
#6682 = VERTEX_POINT ( 'NONE', #6523 ) ;
#6683 = DIRECTION ( 'NONE',  ( -4.336808689942017736E-16, 0.0000000000000000000, -1.000000000000000000 ) ) ;
#6684 = MECHANICAL_DESIGN_GEOMETRIC_PRESENTATION_REPRESENTATION (  '', ( #4126 ), #5153 ) ;
#6685 = SURFACE_SIDE_STYLE ('',( #5395 ) ) ;
#6686 = STYLED_ITEM ( 'NONE', ( #4832 ), #6955 ) ;
#6687 = DIRECTION ( 'NONE',  ( -1.084202172485504237E-15, -1.000000000000000000, 0.0000000000000000000 ) ) ;
#6688 = STYLED_ITEM ( 'NONE', ( #4577 ), #6124 ) ;
#6689 = PLANE ( 'NONE',  #5813 ) ;
#6690 = MECHANICAL_DESIGN_GEOMETRIC_PRESENTATION_REPRESENTATION (  '', ( #5531 ), #7739 ) ;
#6691 = COLOUR_RGB ( '',1.000000000000000000, 0.8117647058823529438, 0.5019607843137254832 ) ;
#6692 = PRESENTATION_LAYER_ASSIGNMENT (  '', '', ( #1206 ) ) ;
#6693 = FILL_AREA_STYLE ('',( #111 ) ) ;
#6694 = UNCERTAINTY_MEASURE_WITH_UNIT (LENGTH_MEASURE( 1.000000000000000082E-05 ), #6925, 'distance_accuracy_value', 'NONE');
#6695 = VERTEX_POINT ( 'NONE', #2846 ) ;
#6696 = CARTESIAN_POINT ( 'NONE',  ( -1.350000000000000089, -11.28937553631732271, -2.350000000000001421 ) ) ;
#6697 = STYLED_ITEM ( 'NONE', ( #730 ), #5832 ) ;
#6698 = ORIENTED_EDGE ( 'NONE', *, *, #1860, .F. ) ;
#6699 = CARTESIAN_POINT ( 'NONE',  ( 2.250000000000000000, 0.2000000000000000111, 0.2500000000000002220 ) ) ;
#6700 = ORIENTED_EDGE ( 'NONE', *, *, #5628, .T. ) ;
#6701 = COLOUR_RGB ( '',1.000000000000000000, 0.8117647058823529438, 0.5019607843137254832 ) ;
#6702 =( LENGTH_UNIT ( ) NAMED_UNIT ( * ) SI_UNIT ( .MILLI., .METRE. ) );
#6703 = EDGE_CURVE ( 'NONE', #5589, #875, #1587, .T. ) ;
#6704 = LINE ( 'NONE', #1303, #4128 ) ;
#6705 = STYLED_ITEM ( 'NONE', ( #4502 ), #3927 ) ;
#6706 = AXIS2_PLACEMENT_3D ( 'NONE', #7187, #5966, #2891 ) ;
#6707 = CARTESIAN_POINT ( 'NONE',  ( 6.249999999999998224, -3.399999999999999911, 0.2500000000000002220 ) ) ;
#6708 = ORIENTED_EDGE ( 'NONE', *, *, #2163, .F. ) ;
#6709 = DIRECTION ( 'NONE',  ( 9.103382349328301547E-49, 2.350988701644575016E-32, 1.000000000000000000 ) ) ;
#6710 = CARTESIAN_POINT ( 'NONE',  ( 1.300000000000000044, 0.2000000000000000389, -2.800000000000000266 ) ) ;
#6711 = MECHANICAL_DESIGN_GEOMETRIC_PRESENTATION_REPRESENTATION (  '', ( #3644 ), #590 ) ;
#6712 = FILL_AREA_STYLE ('',( #7483 ) ) ;
#6713 = VECTOR ( 'NONE', #5588, 1000.000000000000000 ) ;
#6714 = LINE ( 'NONE', #7392, #5808 ) ;
#6715 = ADVANCED_FACE ( 'NONE', ( #6366 ), #1539, .F. ) ;
#6716 =( NAMED_UNIT ( * ) SI_UNIT ( $, .STERADIAN. ) SOLID_ANGLE_UNIT ( ) );
#6717 = SURFACE_STYLE_USAGE ( .BOTH. , #5926 ) ;
#6718 = SURFACE_STYLE_FILL_AREA ( #5035 ) ;
#6719 = COLOUR_RGB ( '',0.7921568627450980005, 0.8196078431372548767, 0.9333333333333333481 ) ;
#6720 =( GEOMETRIC_REPRESENTATION_CONTEXT ( 3 ) GLOBAL_UNCERTAINTY_ASSIGNED_CONTEXT ( ( #1203 ) ) GLOBAL_UNIT_ASSIGNED_CONTEXT ( ( #1143, #6107, #2440 ) ) REPRESENTATION_CONTEXT ( 'NONE', 'WORKASPACE' ) );
#6721 = COLOUR_RGB ( '',1.000000000000000000, 0.8117647058823529438, 0.5019607843137254832 ) ;
#6722 = EDGE_LOOP ( 'NONE', ( #4839, #3606, #3403, #5294 ) ) ;
#6723 = VECTOR ( 'NONE', #2481, 1000.000000000000000 ) ;
#6724 =( NAMED_UNIT ( * ) SI_UNIT ( $, .STERADIAN. ) SOLID_ANGLE_UNIT ( ) );
#6725 = AXIS2_PLACEMENT_3D ( 'NONE', #7243, #5392, #7792 ) ;
#6726 =( NAMED_UNIT ( * ) SI_UNIT ( $, .STERADIAN. ) SOLID_ANGLE_UNIT ( ) );
#6727 = ORIENTED_EDGE ( 'NONE', *, *, #1070, .F. ) ;
#6728 = CARTESIAN_POINT ( 'NONE',  ( 2.250000000000000000, 4.999999999999999112, 0.2500000000000002220 ) ) ;
#6729 = CARTESIAN_POINT ( 'NONE',  ( 3.299999999999999378, 0.2000000000000000389, 1.700000000000000178 ) ) ;
#6730 = SURFACE_STYLE_FILL_AREA ( #6769 ) ;
#6731 = VECTOR ( 'NONE', #6687, 1000.000000000000000 ) ;
#6732 = FACE_OUTER_BOUND ( 'NONE', #3473, .T. ) ;
#6733 = DIRECTION ( 'NONE',  ( 1.000000000000000000, -3.872150616019660190E-17, -4.336808689942017736E-16 ) ) ;
#6734 = SURFACE_SIDE_STYLE ('',( #2466 ) ) ;
#6735 = CARTESIAN_POINT ( 'NONE',  ( 3.749999999999998668, 1.800000000000000044, -2.800000000000002931 ) ) ;
#6736 = PRESENTATION_STYLE_ASSIGNMENT (( #1768 ) ) ;
#6737 = DIRECTION ( 'NONE',  ( 1.000000000000000000, 0.0000000000000000000, -4.818676322157798361E-16 ) ) ;
#6738 = LINE ( 'NONE', #6102, #7026 ) ;
#6739 = PRESENTATION_STYLE_ASSIGNMENT (( #7216 ) ) ;
#6740 = UNCERTAINTY_MEASURE_WITH_UNIT (LENGTH_MEASURE( 1.000000000000000082E-05 ), #4753, 'distance_accuracy_value', 'NONE');
#6741 = FILL_AREA_STYLE ('',( #5344 ) ) ;
#6742 = PRESENTATION_STYLE_ASSIGNMENT (( #7475 ) ) ;
#6743 = FACE_OUTER_BOUND ( 'NONE', #4117, .T. ) ;
#6744 = ORIENTED_EDGE ( 'NONE', *, *, #7869, .T. ) ;
#6745 = PLANE ( 'NONE',  #1350 ) ;
#6746 = CARTESIAN_POINT ( 'NONE',  ( 5.750000000000000000, -3.399999999999999911, 0.2500000000000002220 ) ) ;
#6747 = EDGE_CURVE ( 'NONE', #5169, #1052, #3367, .T. ) ;
#6748 = FACE_OUTER_BOUND ( 'NONE', #3254, .T. ) ;
#6749 = AXIS2_PLACEMENT_3D ( 'NONE', #3722, #2853, #4641 ) ;
#6750 = SURFACE_STYLE_USAGE ( .BOTH. , #7270 ) ;
#6751 =( NAMED_UNIT ( * ) PLANE_ANGLE_UNIT ( ) SI_UNIT ( $, .RADIAN. ) );
#6752 = SURFACE_SIDE_STYLE ('',( #4309 ) ) ;
#6753 = LINE ( 'NONE', #3669, #5010 ) ;
#6754 = ORIENTED_EDGE ( 'NONE', *, *, #7402, .T. ) ;
#6755 = ORIENTED_EDGE ( 'NONE', *, *, #6764, .T. ) ;
#6756 = VECTOR ( 'NONE', #2818, 1000.000000000000000 ) ;
#6757 = EDGE_CURVE ( 'NONE', #5130, #2965, #1862, .T. ) ;
#6758 = PRESENTATION_LAYER_ASSIGNMENT (  '', '', ( #1267 ) ) ;
#6759 = EDGE_LOOP ( 'NONE', ( #6261, #3592, #3527, #5285 ) ) ;
#6760 = VERTEX_POINT ( 'NONE', #720 ) ;
#6761 = STYLED_ITEM ( 'NONE', ( #7401 ), #1249 ) ;
#6762 = SURFACE_SIDE_STYLE ('',( #6093 ) ) ;
#6763 = FILL_AREA_STYLE ('',( #1328 ) ) ;
#6764 = EDGE_CURVE ( 'NONE', #1657, #484, #4899, .T. ) ;
#6765 = EDGE_LOOP ( 'NONE', ( #4613, #1655, #497, #3471 ) ) ;
#6766 = CARTESIAN_POINT ( 'NONE',  ( 4.250000000000000000, -3.299999999999998490, -0.2499999999999997780 ) ) ;
#6767 = SURFACE_STYLE_USAGE ( .BOTH. , #660 ) ;
#6768 = MECHANICAL_DESIGN_GEOMETRIC_PRESENTATION_REPRESENTATION (  '', ( #7404 ), #137 ) ;
#6769 = FILL_AREA_STYLE ('',( #3140 ) ) ;
#6770 = CARTESIAN_POINT ( 'NONE',  ( -0.2500000000000002220, -3.399999999999999911, 0.2500000000000002220 ) ) ;
#6771 = EDGE_LOOP ( 'NONE', ( #3895, #5486, #1609, #3442 ) ) ;
#6772 =( NAMED_UNIT ( * ) SI_UNIT ( $, .STERADIAN. ) SOLID_ANGLE_UNIT ( ) );
#6773 = CARTESIAN_POINT ( 'NONE',  ( -1.349999999999998312, 4.500000000000000888, -0.1799999999999996048 ) ) ;
#6774 = CARTESIAN_POINT ( 'NONE',  ( 1.300000000000000044, 0.2000000000000000389, 1.700000000000000178 ) ) ;
#6775 = FILL_AREA_STYLE_COLOUR ( '', #847 ) ;
#6776 = MECHANICAL_DESIGN_GEOMETRIC_PRESENTATION_REPRESENTATION (  '', ( #2700 ), #4730 ) ;
#6777 = SURFACE_STYLE_USAGE ( .BOTH. , #3035 ) ;
#6778 = VERTEX_POINT ( 'NONE', #6823 ) ;
#6779 = DIRECTION ( 'NONE',  ( -0.0000000000000000000, 1.000000000000000000, -0.0000000000000000000 ) ) ;
#6780 = FACE_OUTER_BOUND ( 'NONE', #1209, .T. ) ;
#6781 = SURFACE_STYLE_USAGE ( .BOTH. , #5497 ) ;
#6782 = ORIENTED_EDGE ( 'NONE', *, *, #4754, .T. ) ;
#6783 = CARTESIAN_POINT ( 'NONE',  ( 3.850000000000001421, -3.399999999999999911, -2.800000000000001155 ) ) ;
#6784 = FILL_AREA_STYLE_COLOUR ( '', #4734 ) ;
#6785 =( LENGTH_UNIT ( ) NAMED_UNIT ( * ) SI_UNIT ( .MILLI., .METRE. ) );
#6786 = DIRECTION ( 'NONE',  ( -4.336808689942017736E-16, 0.0000000000000000000, -1.000000000000000000 ) ) ;
#6787 = PLANE ( 'NONE',  #4409 ) ;
#6788 = PRESENTATION_STYLE_ASSIGNMENT (( #7433 ) ) ;
#6789 = CARTESIAN_POINT ( 'NONE',  ( 2.250000000000000000, -3.399999999999999911, -0.2499999999999997780 ) ) ;
#6790 = ADVANCED_FACE ( 'NONE', ( #117 ), #3739, .F. ) ;
#6791 = LINE ( 'NONE', #130, #7620 ) ;
#6792 = ORIENTED_EDGE ( 'NONE', *, *, #7616, .T. ) ;
#6793 = LINE ( 'NONE', #7318, #7798 ) ;
#6794 = VECTOR ( 'NONE', #732, 1000.000000000000000 ) ;
#6795 = STYLED_ITEM ( 'NONE', ( #6526 ), #4604 ) ;
#6796 = VERTEX_POINT ( 'NONE', #489 ) ;
#6797 = EDGE_CURVE ( 'NONE', #1224, #7662, #6560, .T. ) ;
#6798 =( NAMED_UNIT ( * ) SI_UNIT ( $, .STERADIAN. ) SOLID_ANGLE_UNIT ( ) );
#6799 = EDGE_CURVE ( 'NONE', #2656, #42, #6238, .T. ) ;
#6800 = DIRECTION ( 'NONE',  ( 1.000000000000000000, -5.421010862427522170E-17, 0.0000000000000000000 ) ) ;
#6801 = STYLED_ITEM ( 'NONE', ( #823 ), #6419 ) ;
#6803 = LINE ( 'NONE', #4412, #6341 ) ;
#6802 =( GEOMETRIC_REPRESENTATION_CONTEXT ( 3 ) GLOBAL_UNCERTAINTY_ASSIGNED_CONTEXT ( ( #4338 ) ) GLOBAL_UNIT_ASSIGNED_CONTEXT ( ( #5039, #3847, #133 ) ) REPRESENTATION_CONTEXT ( 'NONE', 'WORKASPACE' ) );
#6804 = VERTEX_POINT ( 'NONE', #674 ) ;
#6806 = ORIENTED_EDGE ( 'NONE', *, *, #351, .F. ) ;
#6805 = DIRECTION ( 'NONE',  ( 0.5773502691896288397, 0.5773502691896215122, -0.5773502691896269523 ) ) ;
#6807 = UNCERTAINTY_MEASURE_WITH_UNIT (LENGTH_MEASURE( 1.000000000000000082E-05 ), #6977, 'distance_accuracy_value', 'NONE');
#6808 = STYLED_ITEM ( 'NONE', ( #2192 ), #5888 ) ;
#6809 = ORIENTED_EDGE ( 'NONE', *, *, #5042, .T. ) ;
#6810 = DIRECTION ( 'NONE',  ( 9.103382349328301547E-49, 2.350988701644575016E-32, 1.000000000000000000 ) ) ;
#6811 = EDGE_CURVE ( 'NONE', #3998, #2107, #3111, .T. ) ;
#6812 =( NAMED_UNIT ( * ) PLANE_ANGLE_UNIT ( ) SI_UNIT ( $, .RADIAN. ) );
#6813 = DIRECTION ( 'NONE',  ( 0.0000000000000000000, -1.000000000000000000, 0.0000000000000000000 ) ) ;
#6814 = PRESENTATION_LAYER_ASSIGNMENT (  '', '', ( #2096 ) ) ;
#6815 = LINE ( 'NONE', #5084, #2131 ) ;
#6816 = SURFACE_STYLE_FILL_AREA ( #2591 ) ;
#6817 = STYLED_ITEM ( 'NONE', ( #1387 ), #6904 ) ;
#6818 = DIRECTION ( 'NONE',  ( 0.0000000000000000000, -0.7071067811865474617, 0.7071067811865474617 ) ) ;
#6819 = SURFACE_STYLE_USAGE ( .BOTH. , #5016 ) ;
#6820 = COLOUR_RGB ( '',1.000000000000000000, 1.000000000000000000, 1.000000000000000000 ) ;
#6821 = DIRECTION ( 'NONE',  ( 0.0000000000000000000, -0.7071067811865474617, 0.7071067811865474617 ) ) ;
#6822 = VECTOR ( 'NONE', #6660, 1000.000000000000000 ) ;
#6823 = CARTESIAN_POINT ( 'NONE',  ( 9.950000000000001066, 6.000000000000000000, -2.800000000000000711 ) ) ;
#6824 =( NAMED_UNIT ( * ) PLANE_ANGLE_UNIT ( ) SI_UNIT ( $, .RADIAN. ) );
#6825 = CARTESIAN_POINT ( 'NONE',  ( 1.749999999999999778, -3.399999999999999911, -0.2499999999999997780 ) ) ;
#6826 = PRESENTATION_STYLE_ASSIGNMENT (( #6781 ) ) ;
#6827 = VERTEX_POINT ( 'NONE', #1069 ) ;
#6828 = ORIENTED_EDGE ( 'NONE', *, *, #5232, .T. ) ;
#6829 = CARTESIAN_POINT ( 'NONE',  ( 3.850000000000004974, 5.100000000000001421, 0.1499999999999956368 ) ) ;
#6830 = SURFACE_STYLE_USAGE ( .BOTH. , #1824 ) ;
#6831 = UNCERTAINTY_MEASURE_WITH_UNIT (LENGTH_MEASURE( 1.000000000000000082E-05 ), #5863, 'distance_accuracy_value', 'NONE');
#6832 = FACE_OUTER_BOUND ( 'NONE', #1832, .T. ) ;
#6833 = VECTOR ( 'NONE', #6919, 1000.000000000000000 ) ;
#6834 =( NAMED_UNIT ( * ) PLANE_ANGLE_UNIT ( ) SI_UNIT ( $, .RADIAN. ) );
#6835 = CARTESIAN_POINT ( 'NONE',  ( 8.220000000000002416, 6.000000000000000000, 1.599999999999999867 ) ) ;
#6836 = DIRECTION ( 'NONE',  ( -0.0000000000000000000, -0.0000000000000000000, 1.000000000000000000 ) ) ;
#6837 = FACE_OUTER_BOUND ( 'NONE', #4554, .T. ) ;
#6838 = ORIENTED_EDGE ( 'NONE', *, *, #1091, .F. ) ;
#6839 = ORIENTED_EDGE ( 'NONE', *, *, #1431, .F. ) ;
#6840 = VERTEX_POINT ( 'NONE', #2521 ) ;
#6841 = SURFACE_SIDE_STYLE ('',( #2044 ) ) ;
#6842 = COLOUR_RGB ( '',1.000000000000000000, 1.000000000000000000, 1.000000000000000000 ) ;
#6843 = CARTESIAN_POINT ( 'NONE',  ( 5.750000000000000000, 1.800000000000000044, 0.2500000000000002220 ) ) ;
#6844 = EDGE_CURVE ( 'NONE', #3133, #7233, #4939, .T. ) ;
#6845 = EDGE_LOOP ( 'NONE', ( #1125, #4490, #6395, #7622 ) ) ;
#6846 = FACE_OUTER_BOUND ( 'NONE', #3884, .T. ) ;
#6847 = VECTOR ( 'NONE', #2750, 1000.000000000000000 ) ;
#6848 = CARTESIAN_POINT ( 'NONE',  ( 2.750000000000000444, 3.399999999999998579, -2.350000000000001421 ) ) ;
#6849 = PRESENTATION_LAYER_ASSIGNMENT (  '', '', ( #5826 ) ) ;
#6850 = DIRECTION ( 'NONE',  ( -1.000000000000000000, 3.872150616019660806E-17, -0.0000000000000000000 ) ) ;
#6851 = VERTEX_POINT ( 'NONE', #5964 ) ;
#6852 = LINE ( 'NONE', #179, #5572 ) ;
#6853 = DIRECTION ( 'NONE',  ( 0.0000000000000000000, 0.0000000000000000000, 1.000000000000000000 ) ) ;
#6854 = SURFACE_STYLE_USAGE ( .BOTH. , #5565 ) ;
#6855 = EDGE_CURVE ( 'NONE', #5774, #4045, #2925, .T. ) ;
#6856 = ORIENTED_EDGE ( 'NONE', *, *, #6088, .F. ) ;
#6857 = COLOUR_RGB ( '',1.000000000000000000, 0.8117647058823529438, 0.5019607843137254832 ) ;
#6858 = VERTEX_POINT ( 'NONE', #4339 ) ;
#6859 = DIRECTION ( 'NONE',  ( -1.000000000000000000, 5.421010862427522170E-17, 0.0000000000000000000 ) ) ;
#6860 =( NAMED_UNIT ( * ) SI_UNIT ( $, .STERADIAN. ) SOLID_ANGLE_UNIT ( ) );
#6862 = EDGE_CURVE ( 'NONE', #2561, #1438, #2326, .T. ) ;
#6861 = LINE ( 'NONE', #4331, #4851 ) ;
#6863 = SURFACE_STYLE_FILL_AREA ( #5648 ) ;
#6864 = DIRECTION ( 'NONE',  ( 0.5773502691896292838, 0.5773502691896212902, 0.5773502691896267303 ) ) ;
#6865 = SURFACE_SIDE_STYLE ('',( #4429 ) ) ;
#6866 =( NAMED_UNIT ( * ) SI_UNIT ( $, .STERADIAN. ) SOLID_ANGLE_UNIT ( ) );
#6867 = EDGE_CURVE ( 'NONE', #5004, #3180, #6704, .T. ) ;
#6868 = COLOUR_RGB ( '',1.000000000000000000, 0.8117647058823529438, 0.5019607843137254832 ) ;
#6869 = SURFACE_SIDE_STYLE ('',( #7474 ) ) ;
#6870 = DIRECTION ( 'NONE',  ( 1.000000000000000000, 1.927470528863119542E-16, -0.0000000000000000000 ) ) ;
#6871 =( LENGTH_UNIT ( ) NAMED_UNIT ( * ) SI_UNIT ( .MILLI., .METRE. ) );
#6872 = ORIENTED_EDGE ( 'NONE', *, *, #6747, .F. ) ;
#6873 = FILL_AREA_STYLE ('',( #3116 ) ) ;
#6874 = FILL_AREA_STYLE ('',( #6784 ) ) ;
#6875 = LINE ( 'NONE', #1358, #956 ) ;
#6876 = EDGE_CURVE ( 'NONE', #2188, #372, #3658, .T. ) ;
#6877 = SURFACE_STYLE_USAGE ( .BOTH. , #6431 ) ;
#6878 = PLANE ( 'NONE',  #4017 ) ;
#6879 = DIRECTION ( 'NONE',  ( -1.000000000000000000, 5.421010862427522170E-17, 0.0000000000000000000 ) ) ;
#6880 = EDGE_LOOP ( 'NONE', ( #2268, #6625, #5763, #5037 ) ) ;
#6881 = ORIENTED_EDGE ( 'NONE', *, *, #3726, .F. ) ;
#6882 = DIRECTION ( 'NONE',  ( 1.000000000000000000, 0.0000000000000000000, 0.0000000000000000000 ) ) ;
#6883 = CARTESIAN_POINT ( 'NONE',  ( -1.951000000000000956, 4.500000000000000888, 0.3199999999999991185 ) ) ;
#6884 = ORIENTED_EDGE ( 'NONE', *, *, #4519, .T. ) ;
#6885 = FILL_AREA_STYLE_COLOUR ( '', #2984 ) ;
#6886 = VECTOR ( 'NONE', #888, 1000.000000000000000 ) ;
#6887 =( NAMED_UNIT ( * ) PLANE_ANGLE_UNIT ( ) SI_UNIT ( $, .RADIAN. ) );
#6888 = VERTEX_POINT ( 'NONE', #634 ) ;
#6889 = DIRECTION ( 'NONE',  ( -1.000000000000000000, 0.0000000000000000000, -8.106184467181340768E-17 ) ) ;
#6890 = PRESENTATION_STYLE_ASSIGNMENT (( #3940 ) ) ;
#6891 = UNCERTAINTY_MEASURE_WITH_UNIT (LENGTH_MEASURE( 1.000000000000000082E-05 ), #5712, 'distance_accuracy_value', 'NONE');
#6892 = CARTESIAN_POINT ( 'NONE',  ( 5.299999999999998934, 0.2000000000000000389, 1.700000000000000178 ) ) ;
#6893 = CARTESIAN_POINT ( 'NONE',  ( 8.220000000000002416, 6.000000000000000000, 1.599999999999999867 ) ) ;
#6894 = EDGE_CURVE ( 'NONE', #372, #2823, #2476, .T. ) ;
#6895 = VECTOR ( 'NONE', #2120, 1000.000000000000000 ) ;
#6896 = FILL_AREA_STYLE ('',( #6133 ) ) ;
#6897 = CARTESIAN_POINT ( 'NONE',  ( 9.950000000000001066, 1.380000000000002558, 1.300000000000000044 ) ) ;
#6898 =( LENGTH_UNIT ( ) NAMED_UNIT ( * ) SI_UNIT ( .MILLI., .METRE. ) );
#6899 = DIRECTION ( 'NONE',  ( 1.927470528863119542E-16, -1.000000000000000000, 0.0000000000000000000 ) ) ;
#6900 = CARTESIAN_POINT ( 'NONE',  ( 7.750000000000000000, -3.399999999999999911, 0.2500000000000002220 ) ) ;
#6901 = VERTEX_POINT ( 'NONE', #3228 ) ;
#6902 = ORIENTED_EDGE ( 'NONE', *, *, #7613, .F. ) ;
#6903 = DIRECTION ( 'NONE',  ( 1.000000000000000000, 0.0000000000000000000, 0.0000000000000000000 ) ) ;
#6904 = ADVANCED_FACE ( 'NONE', ( #6274 ), #5021, .F. ) ;
#6905 = FILL_AREA_STYLE_COLOUR ( '', #445 ) ;
#6906 = ORIENTED_EDGE ( 'NONE', *, *, #5925, .F. ) ;
#6907 = CARTESIAN_POINT ( 'NONE',  ( 7.249999999999999112, 3.149999999999999023, -2.050000000000001599 ) ) ;
#6908 = SURFACE_SIDE_STYLE ('',( #757 ) ) ;
#6909 = DIRECTION ( 'NONE',  ( 1.000000000000000000, 0.0000000000000000000, 0.0000000000000000000 ) ) ;
#6910 = PRESENTATION_LAYER_ASSIGNMENT (  '', '', ( #3976 ) ) ;
#6912 = EDGE_CURVE ( 'NONE', #993, #6827, #2244, .T. ) ;
#6911 = SURFACE_STYLE_USAGE ( .BOTH. , #913 ) ;
#6913 = SURFACE_STYLE_FILL_AREA ( #5624 ) ;
#6914 = ADVANCED_FACE ( 'NONE', ( #4041 ), #523, .F. ) ;
#6915 = CARTESIAN_POINT ( 'NONE',  ( 1.300000000000000044, 0.2000000000000000389, -2.800000000000000266 ) ) ;
#6916 = SURFACE_STYLE_USAGE ( .BOTH. , #3923 ) ;
#6917 = VERTEX_POINT ( 'NONE', #5342 ) ;
#6918 = EDGE_CURVE ( 'NONE', #3208, #6682, #7117, .T. ) ;
#6919 = DIRECTION ( 'NONE',  ( -0.0000000000000000000, -1.000000000000000000, -0.0000000000000000000 ) ) ;
#6920 = LINE ( 'NONE', #5447, #7843 ) ;
#6921 = PLANE ( 'NONE',  #2774 ) ;
#6922 = ORIENTED_EDGE ( 'NONE', *, *, #942, .F. ) ;
#6923 = ORIENTED_EDGE ( 'NONE', *, *, #270, .T. ) ;
#6924 = VECTOR ( 'NONE', #2235, 1000.000000000000000 ) ;
#6925 =( LENGTH_UNIT ( ) NAMED_UNIT ( * ) SI_UNIT ( .MILLI., .METRE. ) );
#6926 = VECTOR ( 'NONE', #1381, 1000.000000000000000 ) ;
#6927 = DIRECTION ( 'NONE',  ( -3.833233541708453834E-17, -0.7071067811865509034, 0.7071067811865442421 ) ) ;
#6928 = LINE ( 'NONE', #1520, #7890 ) ;
#6929 = CARTESIAN_POINT ( 'NONE',  ( 7.850000000000001421, 5.100000000000001421, -0.1499999999999986622 ) ) ;
#6930 = CARTESIAN_POINT ( 'NONE',  ( 9.349999999999999645, -11.28937553631732271, -2.350000000000000977 ) ) ;
#6931 = ORIENTED_EDGE ( 'NONE', *, *, #4469, .T. ) ;
#6932 = AXIS2_PLACEMENT_3D ( 'NONE', #3128, #1399, #4400 ) ;
#6933 = CARTESIAN_POINT ( 'NONE',  ( -1.949999999999999956, 1.149999999999999911, -1.050000000000003597 ) ) ;
#6934 =( NAMED_UNIT ( * ) SI_UNIT ( $, .STERADIAN. ) SOLID_ANGLE_UNIT ( ) );
#6935 = MECHANICAL_DESIGN_GEOMETRIC_PRESENTATION_REPRESENTATION (  '', ( #6686 ), #4517 ) ;
#6936 = AXIS2_PLACEMENT_3D ( 'NONE', #7148, #6518, #485 ) ;
#6937 = ORIENTED_EDGE ( 'NONE', *, *, #4307, .F. ) ;
#6938 = ORIENTED_EDGE ( 'NONE', *, *, #3674, .T. ) ;
#6939 = ORIENTED_EDGE ( 'NONE', *, *, #455, .T. ) ;
#6940 = SURFACE_STYLE_FILL_AREA ( #3233 ) ;
#6941 = FILL_AREA_STYLE ('',( #2682 ) ) ;
#6942 = FACE_OUTER_BOUND ( 'NONE', #5948, .T. ) ;
#6943 = VECTOR ( 'NONE', #6399, 1000.000000000000000 ) ;
#6944 = EDGE_CURVE ( 'NONE', #3558, #5004, #6601, .T. ) ;
#6945 = COLOUR_RGB ( '',1.000000000000000000, 1.000000000000000000, 1.000000000000000000 ) ;
#6946 =( LENGTH_UNIT ( ) NAMED_UNIT ( * ) SI_UNIT ( .MILLI., .METRE. ) );
#6947 = SURFACE_STYLE_USAGE ( .BOTH. , #4550 ) ;
#6948 =( LENGTH_UNIT ( ) NAMED_UNIT ( * ) SI_UNIT ( .MILLI., .METRE. ) );
#6949 = LINE ( 'NONE', #7565, #2379 ) ;
#6950 = ORIENTED_EDGE ( 'NONE', *, *, #6764, .F. ) ;
#6951 =( GEOMETRIC_REPRESENTATION_CONTEXT ( 3 ) GLOBAL_UNCERTAINTY_ASSIGNED_CONTEXT ( ( #1930 ) ) GLOBAL_UNIT_ASSIGNED_CONTEXT ( ( #153, #6105, #36 ) ) REPRESENTATION_CONTEXT ( 'NONE', 'WORKASPACE' ) );
#6952 = ADVANCED_FACE ( 'NONE', ( #7149 ), #488, .T. ) ;
#6953 = PRESENTATION_LAYER_ASSIGNMENT (  '', '', ( #2498 ) ) ;
#6954 =( LENGTH_UNIT ( ) NAMED_UNIT ( * ) SI_UNIT ( .MILLI., .METRE. ) );
#6955 = ADVANCED_FACE ( 'NONE', ( #1195 ), #645, .F. ) ;
#6956 = UNCERTAINTY_MEASURE_WITH_UNIT (LENGTH_MEASURE( 1.000000000000000082E-05 ), #7415, 'distance_accuracy_value', 'NONE');
#6957 = COLOUR_RGB ( '',1.000000000000000000, 0.8117647058823529438, 0.5019607843137254832 ) ;
#6958 = DIRECTION ( 'NONE',  ( -1.095153709581317921E-16, 1.000000000000000000, 0.0000000000000000000 ) ) ;
#6959 = CARTESIAN_POINT ( 'NONE',  ( 0.2499999999999997780, 1.800000000000000044, -2.800000000000000266 ) ) ;
#6960 = MECHANICAL_DESIGN_GEOMETRIC_PRESENTATION_REPRESENTATION (  '', ( #1717 ), #2758 ) ;
#6961 = DIRECTION ( 'NONE',  ( -4.336808689942017736E-16, 0.0000000000000000000, -1.000000000000000000 ) ) ;
#6962 = EDGE_LOOP ( 'NONE', ( #4543, #1397, #2899, #3261 ) ) ;
#6963 = COLOUR_RGB ( '',1.000000000000000000, 0.8117647058823529438, 0.5019607843137254832 ) ;
#6964 = FILL_AREA_STYLE ('',( #6409 ) ) ;
#6965 = SURFACE_SIDE_STYLE ('',( #3301 ) ) ;
#6966 = VECTOR ( 'NONE', #974, 1000.000000000000000 ) ;
#6967 = COLOUR_RGB ( '',1.000000000000000000, 1.000000000000000000, 1.000000000000000000 ) ;
#6968 = ORIENTED_EDGE ( 'NONE', *, *, #1616, .T. ) ;
#6969 = DIRECTION ( 'NONE',  ( 3.872150616019660190E-17, 1.000000000000000000, -0.0000000000000000000 ) ) ;
#6970 = LINE ( 'NONE', #6230, #5665 ) ;
#6971 = VECTOR ( 'NONE', #1778, 1000.000000000000000 ) ;
#6972 = DIRECTION ( 'NONE',  ( -1.362927481496333060E-16, 0.7071067811865474617, -0.7071067811865474617 ) ) ;
#6973 = LINE ( 'NONE', #2260, #4845 ) ;
#6974 =( GEOMETRIC_REPRESENTATION_CONTEXT ( 3 ) GLOBAL_UNCERTAINTY_ASSIGNED_CONTEXT ( ( #1551 ) ) GLOBAL_UNIT_ASSIGNED_CONTEXT ( ( #6576, #5441, #5353 ) ) REPRESENTATION_CONTEXT ( 'NONE', 'WORKASPACE' ) );
#6975 = UNCERTAINTY_MEASURE_WITH_UNIT (LENGTH_MEASURE( 1.000000000000000082E-05 ), #48, 'distance_accuracy_value', 'NONE');
#6976 = LINE ( 'NONE', #2595, #5733 ) ;
#6977 =( LENGTH_UNIT ( ) NAMED_UNIT ( * ) SI_UNIT ( .MILLI., .METRE. ) );
#6978 = SURFACE_STYLE_FILL_AREA ( #2597 ) ;
#6979 = PRESENTATION_LAYER_ASSIGNMENT (  '', '', ( #2530 ) ) ;
#6980 = VERTEX_POINT ( 'NONE', #524 ) ;
#6981 = CARTESIAN_POINT ( 'NONE',  ( -1.949999999999999956, 4.500000000000000888, -0.1799999999999996048 ) ) ;
#6982 = CARTESIAN_POINT ( 'NONE',  ( -1.949999999999999956, 6.000000000000000000, -0.6800000000000000488 ) ) ;
#6983 =( NAMED_UNIT ( * ) SI_UNIT ( $, .STERADIAN. ) SOLID_ANGLE_UNIT ( ) );
#6984 = LINE ( 'NONE', #6319, #6895 ) ;
#6985 = PRESENTATION_LAYER_ASSIGNMENT (  '', '', ( #1111 ) ) ;
#6986 =( NAMED_UNIT ( * ) SI_UNIT ( $, .STERADIAN. ) SOLID_ANGLE_UNIT ( ) );
#6987 = DIRECTION ( 'NONE',  ( 1.000000000000000000, -3.872150616019661422E-17, 0.0000000000000000000 ) ) ;
#6988 = DIRECTION ( 'NONE',  ( -0.0000000000000000000, -0.0000000000000000000, 1.000000000000000000 ) ) ;
#6989 = VERTEX_POINT ( 'NONE', #4232 ) ;
#6990 = ADVANCED_FACE ( 'NONE', ( #5503 ), #6603, .F. ) ;
#6991 = EDGE_LOOP ( 'NONE', ( #202, #4142, #4199, #7141 ) ) ;
#6992 = CARTESIAN_POINT ( 'NONE',  ( 9.950000000000001066, 0.0000000000000000000, -2.800000000000000711 ) ) ;
#6993 = EDGE_CURVE ( 'NONE', #6117, #5419, #4269, .T. ) ;
#6994 = CARTESIAN_POINT ( 'NONE',  ( 0.2499999999999997780, 0.2000000000000000111, -2.800000000000000266 ) ) ;
#6995 = PRODUCT_DEFINITION_SHAPE ( 'NONE', 'NONE',  #2453 ) ;
#6996 = CARTESIAN_POINT ( 'NONE',  ( 7.249999999999999112, 3.399999999999999467, -2.050000000000001599 ) ) ;
#6997 = EDGE_CURVE ( 'NONE', #5390, #6804, #5380, .T. ) ;
#6998 = CARTESIAN_POINT ( 'NONE',  ( -0.2199999999999996958, 2.250000000000000444, 1.249999999999997558 ) ) ;
#6999 = UNCERTAINTY_MEASURE_WITH_UNIT (LENGTH_MEASURE( 1.000000000000000082E-05 ), #2931, 'distance_accuracy_value', 'NONE');
#7000 = STYLED_ITEM ( 'NONE', ( #4162 ), #1130 ) ;
#7001 = SURFACE_STYLE_FILL_AREA ( #5887 ) ;
#7002 = CARTESIAN_POINT ( 'NONE',  ( 6.850000000000000533, 1.800000000000000711, -2.801000000000000600 ) ) ;
#7003 = VERTEX_POINT ( 'NONE', #1783 ) ;
#7004 =( LENGTH_UNIT ( ) NAMED_UNIT ( * ) SI_UNIT ( .MILLI., .METRE. ) );
#7005 = SURFACE_STYLE_FILL_AREA ( #1006 ) ;
#7006 = PRESENTATION_LAYER_ASSIGNMENT (  '', '', ( #1509 ) ) ;
#7007 = DIRECTION ( 'NONE',  ( 0.0000000000000000000, 0.0000000000000000000, 1.000000000000000000 ) ) ;
#7008 = SURFACE_SIDE_STYLE ('',( #2298 ) ) ;
#7009 = PRESENTATION_LAYER_ASSIGNMENT (  '', '', ( #3963 ) ) ;
#7010 = MECHANICAL_DESIGN_GEOMETRIC_PRESENTATION_REPRESENTATION (  '', ( #3064 ), #6129 ) ;
#7011 = PRESENTATION_STYLE_ASSIGNMENT (( #941 ) ) ;
#7012 = LINE ( 'NONE', #3231, #5923 ) ;
#7013 = VERTEX_POINT ( 'NONE', #6084 ) ;
#7014 = VERTEX_POINT ( 'NONE', #612 ) ;
#7015 = LINE ( 'NONE', #7056, #584 ) ;
#7016 = FILL_AREA_STYLE_COLOUR ( '', #6016 ) ;
#7017 =( LENGTH_UNIT ( ) NAMED_UNIT ( * ) SI_UNIT ( .MILLI., .METRE. ) );
#7018 = VECTOR ( 'NONE', #4290, 1000.000000000000000 ) ;
#7019 = DIRECTION ( 'NONE',  ( 0.0000000000000000000, 1.000000000000000000, 0.0000000000000000000 ) ) ;
#7020 = CARTESIAN_POINT ( 'NONE',  ( -1.180000000000000160, 4.229999999999999538, 1.249999999999997558 ) ) ;
#7021 = CARTESIAN_POINT ( 'NONE',  ( 1.150000000000000799, 1.799999999999999600, 1.249999999999997558 ) ) ;
#7022 = VECTOR ( 'NONE', #4833, 1000.000000000000000 ) ;
#7023 = CARTESIAN_POINT ( 'NONE',  ( 6.049999999999999822, 5.100000000000001421, -0.1499999999999986622 ) ) ;
#7024 = ORIENTED_EDGE ( 'NONE', *, *, #6188, .F. ) ;
#7025 = VERTEX_POINT ( 'NONE', #3049 ) ;
#7026 = VECTOR ( 'NONE', #2592, 1000.000000000000000 ) ;
#7027 = ADVANCED_FACE ( 'NONE', ( #127 ), #6878, .F. ) ;
#7028 = DIRECTION ( 'NONE',  ( 0.0000000000000000000, 1.000000000000000000, 0.0000000000000000000 ) ) ;
#7029 = ADVANCED_FACE ( 'NONE', ( #1276 ), #1874, .F. ) ;
#7030 = LINE ( 'NONE', #6994, #6557 ) ;
#7031 = DIRECTION ( 'NONE',  ( 3.872150616019660190E-17, 1.000000000000000000, -0.0000000000000000000 ) ) ;
#7032 = VERTEX_POINT ( 'NONE', #3703 ) ;
#7033 = FILL_AREA_STYLE_COLOUR ( '', #7581 ) ;
#7034 = DIRECTION ( 'NONE',  ( -1.000000000000000000, 3.872150616019660190E-17, 0.0000000000000000000 ) ) ;
#7035 = CARTESIAN_POINT ( 'NONE',  ( 7.299999999999998934, 0.2000000000000000389, -2.800000000000000266 ) ) ;
#7036 = ORIENTED_EDGE ( 'NONE', *, *, #5083, .F. ) ;
#7037 = ADVANCED_FACE ( 'NONE', ( #3840 ), #7393, .F. ) ;
#7038 = STYLED_ITEM ( 'NONE', ( #105 ), #5766 ) ;
#7039 = SURFACE_STYLE_USAGE ( .BOTH. , #824 ) ;
#7040 = FACE_OUTER_BOUND ( 'NONE', #7920, .T. ) ;
#7042 = EDGE_LOOP ( 'NONE', ( #5870, #3550, #7283, #5943 ) ) ;
#7041 = DIRECTION ( 'NONE',  ( -3.833233541708400216E-17, -0.7071067811865410224, 0.7071067811865540120 ) ) ;
#7043 = CARTESIAN_POINT ( 'NONE',  ( 0.08333333333333282911, 5.166666666666666075, 0.08333333333333239890 ) ) ;
#7044 = LINE ( 'NONE', #3270, #1798 ) ;
#7045 = EDGE_CURVE ( 'NONE', #6989, #876, #2234, .T. ) ;
#7046 = ADVANCED_FACE ( 'NONE', ( #5189 ), #873, .T. ) ;
#7047 = PLANE ( 'NONE',  #4472 ) ;
#7048 = PRESENTATION_LAYER_ASSIGNMENT (  '', '', ( #1542 ) ) ;
#7049 = ADVANCED_FACE ( 'NONE', ( #3357 ), #3319, .F. ) ;
#7050 = STYLED_ITEM ( 'NONE', ( #3007 ), #7698 ) ;
#7051 = CARTESIAN_POINT ( 'NONE',  ( 0.1499999999999973577, 5.100000000000001421, -0.1499999999999969136 ) ) ;
#7052 = DIRECTION ( 'NONE',  ( 0.0000000000000000000, 0.0000000000000000000, -1.000000000000000000 ) ) ;
#7053 = FACE_OUTER_BOUND ( 'NONE', #6991, .T. ) ;
#7054 = ORIENTED_EDGE ( 'NONE', *, *, #17, .F. ) ;
#7055 = ORIENTED_EDGE ( 'NONE', *, *, #7257, .F. ) ;
#7056 = CARTESIAN_POINT ( 'NONE',  ( 1.750000000000000666, 4.999999999999999112, 0.2500000000000002220 ) ) ;
#7057 = VECTOR ( 'NONE', #783, 1000.000000000000000 ) ;
#7058 = CARTESIAN_POINT ( 'NONE',  ( 9.951000000000000512, 6.000000000000000000, -0.6800000000000000488 ) ) ;
#7059 = CARTESIAN_POINT ( 'NONE',  ( -1.180000000000000160, 2.250000000000000000, 1.249999999999997558 ) ) ;
#7060 =( GEOMETRIC_REPRESENTATION_CONTEXT ( 3 ) GLOBAL_UNCERTAINTY_ASSIGNED_CONTEXT ( ( #1740 ) ) GLOBAL_UNIT_ASSIGNED_CONTEXT ( ( #2512, #3148, #27 ) ) REPRESENTATION_CONTEXT ( 'NONE', 'WORKASPACE' ) );
#7061 = LINE ( 'NONE', #7173, #5388 ) ;
#7062 = COLOUR_RGB ( '',1.000000000000000000, 1.000000000000000000, 1.000000000000000000 ) ;
#7063 = VECTOR ( 'NONE', #7116, 1000.000000000000000 ) ;
#7064 = FACE_OUTER_BOUND ( 'NONE', #2968, .T. ) ;
#7065 = CARTESIAN_POINT ( 'NONE',  ( 3.250000000000000888, 3.399999999999999467, -2.050000000000001599 ) ) ;
#7066 = DIRECTION ( 'NONE',  ( -0.0000000000000000000, 1.000000000000000000, -0.0000000000000000000 ) ) ;
#7067 = DIRECTION ( 'NONE',  ( 3.872150616019660190E-17, 1.000000000000000000, -0.0000000000000000000 ) ) ;
#7068 = ORIENTED_EDGE ( 'NONE', *, *, #6559, .F. ) ;
#7069 = ORIENTED_EDGE ( 'NONE', *, *, #5580, .T. ) ;
#7070 = ORIENTED_EDGE ( 'NONE', *, *, #3152, .F. ) ;
#7071 = VECTOR ( 'NONE', #6681, 1000.000000000000000 ) ;
#7072 = COLOUR_RGB ( '',1.000000000000000000, 1.000000000000000000, 1.000000000000000000 ) ;
#7073 =( NAMED_UNIT ( * ) PLANE_ANGLE_UNIT ( ) SI_UNIT ( $, .RADIAN. ) );
#7074 = CARTESIAN_POINT ( 'NONE',  ( 1.750000000000000222, 4.999999999999999112, -0.2499999999999997780 ) ) ;
#7075 = AXIS2_PLACEMENT_3D ( 'NONE', #6030, #4066, #5418 ) ;
#7076 = FILL_AREA_STYLE_COLOUR ( '', #3969 ) ;
#7077 = COLOUR_RGB ( '',1.000000000000000000, 1.000000000000000000, 1.000000000000000000 ) ;
#7078 = CARTESIAN_POINT ( 'NONE',  ( 9.950000000000001066, 6.000000000000000000, 1.699999999999999289 ) ) ;
#7079 = ORIENTED_EDGE ( 'NONE', *, *, #4440, .F. ) ;
#7080 =( NAMED_UNIT ( * ) PLANE_ANGLE_UNIT ( ) SI_UNIT ( $, .RADIAN. ) );
#7081 =( GEOMETRIC_REPRESENTATION_CONTEXT ( 3 ) GLOBAL_UNCERTAINTY_ASSIGNED_CONTEXT ( ( #4576 ) ) GLOBAL_UNIT_ASSIGNED_CONTEXT ( ( #6502, #7165, #4291 ) ) REPRESENTATION_CONTEXT ( 'NONE', 'WORKASPACE' ) );
#7082 = CARTESIAN_POINT ( 'NONE',  ( 6.749999999999999112, 3.149999999999999023, -2.050000000000001599 ) ) ;
#7083 = VECTOR ( 'NONE', #4699, 1000.000000000000000 ) ;
#7084 = AXIS2_PLACEMENT_3D ( 'NONE', #2225, #1137, #4660 ) ;
#7085 =( LENGTH_UNIT ( ) NAMED_UNIT ( * ) SI_UNIT ( .MILLI., .METRE. ) );
#7086 = VECTOR ( 'NONE', #7619, 1000.000000000000000 ) ;
#7087 = EDGE_LOOP ( 'NONE', ( #1341, #3814, #1790, #4167, #1146, #4935, #1627, #802, #6414, #3298, #149, #4706, #6425, #1386, #4033, #2935, #7728, #3568, #1786, #1291, #98, #4106, #7407, #7831 ) ) ;
#7088 = AXIS2_PLACEMENT_3D ( 'NONE', #188, #5645, #7414 ) ;
#7089 = LINE ( 'NONE', #7670, #6181 ) ;
#7090 = UNCERTAINTY_MEASURE_WITH_UNIT (LENGTH_MEASURE( 1.000000000000000082E-05 ), #4963, 'distance_accuracy_value', 'NONE');
#7092 = EDGE_CURVE ( 'NONE', #372, #918, #360, .T. ) ;
#7091 = PLANE ( 'NONE',  #1479 ) ;
#7093 = SURFACE_STYLE_FILL_AREA ( #2904 ) ;
#7094 = VECTOR ( 'NONE', #5649, 1000.000000000000000 ) ;
#7095 = LINE ( 'NONE', #1600, #2292 ) ;
#7096 = EDGE_LOOP ( 'NONE', ( #4262, #6698, #1398, #7492 ) ) ;
#7097 = DIRECTION ( 'NONE',  ( 1.000000000000000000, 0.0000000000000000000, 0.0000000000000000000 ) ) ;
#7098 = PLANE ( 'NONE',  #2110 ) ;
#7099 = PRESENTATION_LAYER_ASSIGNMENT (  '', '', ( #1730 ) ) ;
#7100 = SURFACE_STYLE_USAGE ( .BOTH. , #2907 ) ;
#7101 = PRESENTATION_LAYER_ASSIGNMENT (  '', '', ( #1859 ) ) ;
#7102 = PLANE ( 'NONE',  #4403 ) ;
#7103 = VECTOR ( 'NONE', #5698, 1000.000000000000000 ) ;
#7105 = EDGE_CURVE ( 'NONE', #640, #4992, #7688, .T. ) ;
#7104 = ORIENTED_EDGE ( 'NONE', *, *, #1648, .T. ) ;
#7106 = LINE ( 'NONE', #5296, #656 ) ;
#7107 = DIRECTION ( 'NONE',  ( 0.0000000000000000000, 0.0000000000000000000, 1.000000000000000000 ) ) ;
#7108 = DIRECTION ( 'NONE',  ( 1.000000000000000000, 0.0000000000000000000, 0.0000000000000000000 ) ) ;
#7109 =( NAMED_UNIT ( * ) SI_UNIT ( $, .STERADIAN. ) SOLID_ANGLE_UNIT ( ) );
#7110 = DIRECTION ( 'NONE',  ( 0.5773502691896226224, 0.5773502691896326144, 0.5773502691896220673 ) ) ;
#7111 = FACE_OUTER_BOUND ( 'NONE', #3629, .T. ) ;
#7112 = LINE ( 'NONE', #395, #5155 ) ;
#7113 = ORIENTED_EDGE ( 'NONE', *, *, #3152, .T. ) ;
#7114 = ORIENTED_EDGE ( 'NONE', *, *, #1661, .T. ) ;
#7115 = ORIENTED_EDGE ( 'NONE', *, *, #4114, .F. ) ;
#7116 = DIRECTION ( 'NONE',  ( -1.000000000000000000, 3.872150616019660806E-17, -0.0000000000000000000 ) ) ;
#7117 = LINE ( 'NONE', #5879, #821 ) ;
#7118 = PLANE ( 'NONE',  #3245 ) ;
#7119 = PRESENTATION_STYLE_ASSIGNMENT (( #2963 ) ) ;
#7120 = VECTOR ( 'NONE', #2463, 1000.000000000000000 ) ;
#7121 = SURFACE_SIDE_STYLE ('',( #4682 ) ) ;
#7122 = ORIENTED_EDGE ( 'NONE', *, *, #7907, .F. ) ;
#7123 = CARTESIAN_POINT ( 'NONE',  ( -1.350000000000000089, 1.799999999999999600, 1.249999999999996669 ) ) ;
#7124 = DIRECTION ( 'NONE',  ( -1.000000000000000000, -1.095153709581317921E-16, 0.0000000000000000000 ) ) ;
#7125 = SURFACE_STYLE_FILL_AREA ( #7157 ) ;
#7126 = DIRECTION ( 'NONE',  ( -5.421010862427522170E-17, -1.000000000000000000, 2.350988701644575016E-32 ) ) ;
#7127 = CARTESIAN_POINT ( 'NONE',  ( 1.300000000000000044, 0.2000000000000000389, -2.800000000000000266 ) ) ;
#7128 = CARTESIAN_POINT ( 'NONE',  ( 6.149999999999995914, -3.399999999999999911, 0.1499999999999973577 ) ) ;
#7129 = CARTESIAN_POINT ( 'NONE',  ( 1.849999999999998312, -3.399999999999999911, -2.800000000000001155 ) ) ;
#7130 = DIRECTION ( 'NONE',  ( 1.668003342285392044E-16, 0.0000000000000000000, 1.000000000000000000 ) ) ;
#7131 = VERTEX_POINT ( 'NONE', #4621 ) ;
#7132 = FACE_OUTER_BOUND ( 'NONE', #2261, .T. ) ;
#7133 = ORIENTED_EDGE ( 'NONE', *, *, #3257, .T. ) ;
#7134 = ADVANCED_FACE ( 'NONE', ( #7064 ), #4030, .F. ) ;
#7135 = SURFACE_SIDE_STYLE ('',( #2300 ) ) ;
#7136 = PRESENTATION_STYLE_ASSIGNMENT (( #1606 ) ) ;
#7137 = PRESENTATION_LAYER_ASSIGNMENT (  '', '', ( #2683 ) ) ;
#7138 = DIRECTION ( 'NONE',  ( 0.0000000000000000000, -0.0000000000000000000, -1.000000000000000000 ) ) ;
#7139 = VERTEX_POINT ( 'NONE', #1651 ) ;
#7140 =( NAMED_UNIT ( * ) SI_UNIT ( $, .STERADIAN. ) SOLID_ANGLE_UNIT ( ) );
#7141 = ORIENTED_EDGE ( 'NONE', *, *, #4073, .F. ) ;
#7142 = DIRECTION ( 'NONE',  ( -0.0000000000000000000, -0.0000000000000000000, 1.000000000000000000 ) ) ;
#7143 = EDGE_CURVE ( 'NONE', #1370, #1737, #4258, .T. ) ;
#7144 = SURFACE_STYLE_FILL_AREA ( #2275 ) ;
#7145 = DIRECTION ( 'NONE',  ( -1.000000000000000000, 3.872150616019660806E-17, -0.0000000000000000000 ) ) ;
#7146 = CARTESIAN_POINT ( 'NONE',  ( 6.249999999999998224, -3.399999999999999911, 0.2500000000000002220 ) ) ;
#7147 = EDGE_LOOP ( 'NONE', ( #1404, #2629, #5897, #2377 ) ) ;
#7148 = CARTESIAN_POINT ( 'NONE',  ( 5.299999999999998934, 0.2000000000000000389, -2.800000000000000266 ) ) ;
#7149 = FACE_OUTER_BOUND ( 'NONE', #5298, .T. ) ;
#7150 = EDGE_CURVE ( 'NONE', #1116, #7899, #2438, .T. ) ;
#7151 = SURFACE_SIDE_STYLE ('',( #2486 ) ) ;
#7152 = CARTESIAN_POINT ( 'NONE',  ( -1.949999999999999956, 0.8200000000000021716, 1.700000000000000178 ) ) ;
#7153 = ORIENTED_EDGE ( 'NONE', *, *, #4746, .T. ) ;
#7154 = VECTOR ( 'NONE', #2954, 1000.000000000000000 ) ;
#7155 = SURFACE_STYLE_USAGE ( .BOTH. , #1076 ) ;
#7156 = VECTOR ( 'NONE', #201, 1000.000000000000000 ) ;
#7157 = FILL_AREA_STYLE ('',( #343 ) ) ;
#7158 = CARTESIAN_POINT ( 'NONE',  ( 9.350000000000001421, 1.149999999999999911, -1.050000000000003597 ) ) ;
#7159 = ORIENTED_EDGE ( 'NONE', *, *, #5480, .F. ) ;
#7160 = DIRECTION ( 'NONE',  ( -1.084202172485504237E-15, -1.000000000000000000, 0.0000000000000000000 ) ) ;
#7161 = CARTESIAN_POINT ( 'NONE',  ( 1.850000000000002309, 5.100000000000001421, -2.800000000000001155 ) ) ;
#7162 = CARTESIAN_POINT ( 'NONE',  ( 4.083333333333334814, 5.166666666666664298, -0.08333333333333282911 ) ) ;
#7163 = STYLED_ITEM ( 'NONE', ( #5007 ), #5728 ) ;
#7164 = LINE ( 'NONE', #503, #6325 ) ;
#7165 =( NAMED_UNIT ( * ) PLANE_ANGLE_UNIT ( ) SI_UNIT ( $, .RADIAN. ) );
#7166 = UNCERTAINTY_MEASURE_WITH_UNIT (LENGTH_MEASURE( 1.000000000000000082E-05 ), #4245, 'distance_accuracy_value', 'NONE');
#7167 = ORIENTED_EDGE ( 'NONE', *, *, #1422, .T. ) ;
#7168 = DIRECTION ( 'NONE',  ( 0.0000000000000000000, -1.000000000000000000, 0.0000000000000000000 ) ) ;
#7169 = FACE_OUTER_BOUND ( 'NONE', #4357, .T. ) ;
#7170 = LINE ( 'NONE', #1227, #7217 ) ;
#7171 = ADVANCED_FACE ( 'NONE', ( #2992 ), #5414, .F. ) ;
#7172 = VECTOR ( 'NONE', #2687, 1000.000000000000000 ) ;
#7173 = CARTESIAN_POINT ( 'NONE',  ( -1.180000000000000160, 2.250000000000000000, -2.801000000000000600 ) ) ;
#7174 =( LENGTH_UNIT ( ) NAMED_UNIT ( * ) SI_UNIT ( .MILLI., .METRE. ) );
#7175 = MECHANICAL_DESIGN_GEOMETRIC_PRESENTATION_REPRESENTATION (  '', ( #2726 ), #4756 ) ;
#7176 = CARTESIAN_POINT ( 'NONE',  ( 9.350000000000001421, 4.500000000000000888, 0.3200000000000012834 ) ) ;
#7177 = VERTEX_POINT ( 'NONE', #1234 ) ;
#7178 = CARTESIAN_POINT ( 'NONE',  ( -1.180000000000000160, 4.229999999999999538, 1.700000000000000178 ) ) ;
#7179 = ORIENTED_EDGE ( 'NONE', *, *, #710, .T. ) ;
#7180 = CARTESIAN_POINT ( 'NONE',  ( 2.250000000000000000, 0.2000000000000000111, -2.800000000000000266 ) ) ;
#7181 = EDGE_CURVE ( 'NONE', #407, #5550, #7301, .T. ) ;
#7182 = PRESENTATION_STYLE_ASSIGNMENT (( #7902 ) ) ;
#7183 = MECHANICAL_DESIGN_GEOMETRIC_PRESENTATION_REPRESENTATION (  '', ( #6808 ), #5784 ) ;
#7184 = VECTOR ( 'NONE', #775, 1000.000000000000114 ) ;
#7185 =( NAMED_UNIT ( * ) SI_UNIT ( $, .STERADIAN. ) SOLID_ANGLE_UNIT ( ) );
#7186 = CARTESIAN_POINT ( 'NONE',  ( 8.149999999999998579, 4.450000000000001954, -1.150000000000002132 ) ) ;
#7187 = CARTESIAN_POINT ( 'NONE',  ( 9.951000000000000512, 6.000000000000000000, -0.6800000000000000488 ) ) ;
#7188 = EDGE_CURVE ( 'NONE', #1993, #2893, #6071, .T. ) ;
#7189 = MECHANICAL_DESIGN_GEOMETRIC_PRESENTATION_REPRESENTATION (  '', ( #1324 ), #2483 ) ;
#7190 = VERTEX_POINT ( 'NONE', #5302 ) ;
#7191 = PRESENTATION_LAYER_ASSIGNMENT (  '', '', ( #6686 ) ) ;
#7192 = AXIS2_PLACEMENT_3D ( 'NONE', #4386, #800, #2642 ) ;
#7193 = SURFACE_STYLE_USAGE ( .BOTH. , #2250 ) ;
#7194 = EDGE_CURVE ( 'NONE', #7713, #5919, #7262, .T. ) ;
#7195 = SURFACE_SIDE_STYLE ('',( #1789 ) ) ;
#7196 = PRESENTATION_LAYER_ASSIGNMENT (  '', '', ( #6570 ) ) ;
#7197 = CARTESIAN_POINT ( 'NONE',  ( 7.750000000000000000, 0.2000000000000000111, -0.2499999999999997780 ) ) ;
#7198 = ADVANCED_FACE ( 'NONE', ( #1184 ), #603, .F. ) ;
#7199 = ORIENTED_EDGE ( 'NONE', *, *, #1229, .F. ) ;
#7200 = FILL_AREA_STYLE ('',( #4879 ) ) ;
#7201 = VERTEX_POINT ( 'NONE', #1863 ) ;
#7202 =( GEOMETRIC_REPRESENTATION_CONTEXT ( 3 ) GLOBAL_UNCERTAINTY_ASSIGNED_CONTEXT ( ( #5767 ) ) GLOBAL_UNIT_ASSIGNED_CONTEXT ( ( #2113, #6424, #5738 ) ) REPRESENTATION_CONTEXT ( 'NONE', 'WORKASPACE' ) );
#7203 = ORIENTED_EDGE ( 'NONE', *, *, #6161, .F. ) ;
#7204 = DIRECTION ( 'NONE',  ( 0.5773502691896272854, -0.5773502691896222894, 0.5773502691896277295 ) ) ;
#7205 = PRESENTATION_LAYER_ASSIGNMENT (  '', '', ( #3266 ) ) ;
#7206 = FACE_OUTER_BOUND ( 'NONE', #5463, .T. ) ;
#7207 = PRESENTATION_STYLE_ASSIGNMENT (( #1797 ) ) ;
#7208 = VECTOR ( 'NONE', #4156, 1000.000000000000000 ) ;
#7209 = UNCERTAINTY_MEASURE_WITH_UNIT (LENGTH_MEASURE( 1.000000000000000082E-05 ), #426, 'distance_accuracy_value', 'NONE');
#7210 = SURFACE_SIDE_STYLE ('',( #5567 ) ) ;
#7211 =( GEOMETRIC_REPRESENTATION_CONTEXT ( 3 ) GLOBAL_UNCERTAINTY_ASSIGNED_CONTEXT ( ( #4314 ) ) GLOBAL_UNIT_ASSIGNED_CONTEXT ( ( #6226, #5568, #3729 ) ) REPRESENTATION_CONTEXT ( 'NONE', 'WORKASPACE' ) );
#7212 = FILL_AREA_STYLE_COLOUR ( '', #332 ) ;
#7213 = CARTESIAN_POINT ( 'NONE',  ( 9.350000000000001421, 5.650000000000000355, 0.3200000000000012834 ) ) ;
#7214 = EDGE_LOOP ( 'NONE', ( #4103, #5306, #1621, #2543 ) ) ;
#7215 = PLANE ( 'NONE',  #3090 ) ;
#7216 = SURFACE_STYLE_USAGE ( .BOTH. , #3656 ) ;
#7217 = VECTOR ( 'NONE', #631, 1000.000000000000000 ) ;
#7218 = PRESENTATION_LAYER_ASSIGNMENT (  '', '', ( #3644 ) ) ;
#7219 = LINE ( 'NONE', #390, #3370 ) ;
#7220 = PRODUCT_DEFINITION_FORMATION_WITH_SPECIFIED_SOURCE ( 'ANY', '', #7377, .NOT_KNOWN. ) ;
#7221 = VECTOR ( 'NONE', #5704, 1000.000000000000000 ) ;
#7222 = CARTESIAN_POINT ( 'NONE',  ( 9.950000000000001066, 1.380000000000002558, 1.300000000000000044 ) ) ;
#7223 = SHAPE_DEFINITION_REPRESENTATION ( #6995, #1162 ) ;
#7224 = ORIENTED_EDGE ( 'NONE', *, *, #6161, .T. ) ;
#7225 = VERTEX_POINT ( 'NONE', #7518 ) ;
#7226 = DIRECTION ( 'NONE',  ( 9.103382349328301547E-49, 2.350988701644575016E-32, 1.000000000000000000 ) ) ;
#7227 = ORIENTED_EDGE ( 'NONE', *, *, #1607, .F. ) ;
#7228 = COLOUR_RGB ( '',1.000000000000000000, 0.8117647058823529438, 0.5019607843137254832 ) ;
#7229 = SURFACE_STYLE_USAGE ( .BOTH. , #5377 ) ;
#7230 = CARTESIAN_POINT ( 'NONE',  ( 2.250000000000000000, -3.299999999999998490, -0.2499999999999997780 ) ) ;
#7231 = EDGE_CURVE ( 'NONE', #5383, #3584, #635, .T. ) ;
#7232 =( NAMED_UNIT ( * ) SI_UNIT ( $, .STERADIAN. ) SOLID_ANGLE_UNIT ( ) );
#7233 = VERTEX_POINT ( 'NONE', #2477 ) ;
#7234 = DIRECTION ( 'NONE',  ( 3.872150616019660190E-17, 1.000000000000000000, -0.0000000000000000000 ) ) ;
#7235 = DIRECTION ( 'NONE',  ( -9.103382349328301547E-49, -2.350988701644575016E-32, -1.000000000000000000 ) ) ;
#7236 =( NAMED_UNIT ( * ) SI_UNIT ( $, .STERADIAN. ) SOLID_ANGLE_UNIT ( ) );
#7237 = ORIENTED_EDGE ( 'NONE', *, *, #2531, .F. ) ;
#7238 = ORIENTED_EDGE ( 'NONE', *, *, #6993, .T. ) ;
#7239 = EDGE_CURVE ( 'NONE', #4806, #1686, #721, .T. ) ;
#7240 = ORIENTED_EDGE ( 'NONE', *, *, #5407, .F. ) ;
#7241 = DIRECTION ( 'NONE',  ( 0.0000000000000000000, 0.0000000000000000000, -1.000000000000000000 ) ) ;
#7242 = VERTEX_POINT ( 'NONE', #795 ) ;
#7243 = CARTESIAN_POINT ( 'NONE',  ( 7.750000000000000000, -3.399999999999999911, 0.2500000000000002220 ) ) ;
#7244 = CARTESIAN_POINT ( 'NONE',  ( 2.750000000000000444, 3.149999999999999023, -2.050000000000001599 ) ) ;
#7245 =( NAMED_UNIT ( * ) SI_UNIT ( $, .STERADIAN. ) SOLID_ANGLE_UNIT ( ) );
#7246 = DIRECTION ( 'NONE',  ( -0.0000000000000000000, 1.000000000000000000, -0.0000000000000000000 ) ) ;
#7247 = ADVANCED_FACE ( 'NONE', ( #4976 ), #675, .F. ) ;
#7248 =( LENGTH_UNIT ( ) NAMED_UNIT ( * ) SI_UNIT ( .MILLI., .METRE. ) );
#7249 = EDGE_CURVE ( 'NONE', #5638, #7897, #6275, .T. ) ;
#7250 = DIRECTION ( 'NONE',  ( 4.336808689942017736E-16, 0.0000000000000000000, 1.000000000000000000 ) ) ;
#7251 = FILL_AREA_STYLE ('',( #5446 ) ) ;
#7252 = UNCERTAINTY_MEASURE_WITH_UNIT (LENGTH_MEASURE( 1.000000000000000082E-05 ), #2150, 'distance_accuracy_value', 'NONE');
#7253 = ORIENTED_EDGE ( 'NONE', *, *, #1470, .T. ) ;
#7254 = LINE ( 'NONE', #7921, #6340 ) ;
#7255 = FACE_OUTER_BOUND ( 'NONE', #6009, .T. ) ;
#7256 = CARTESIAN_POINT ( 'NONE',  ( 1.750000000000000222, 0.2000000000000000944, 0.2500000000000002220 ) ) ;
#7257 = EDGE_CURVE ( 'NONE', #4806, #6249, #3229, .T. ) ;
#7258 = ORIENTED_EDGE ( 'NONE', *, *, #7447, .T. ) ;
#7259 = UNCERTAINTY_MEASURE_WITH_UNIT (LENGTH_MEASURE( 1.000000000000000082E-05 ), #4713, 'distance_accuracy_value', 'NONE');
#7260 = CARTESIAN_POINT ( 'NONE',  ( 2.699999999999999734, 0.1999999999999999833, -2.800000000000000266 ) ) ;
#7261 = STYLED_ITEM ( 'NONE', ( #3373 ), #1081 ) ;
#7262 = LINE ( 'NONE', #3626, #6822 ) ;
#7263 = CARTESIAN_POINT ( 'NONE',  ( -1.949999999999999956, 3.149999999999999023, -2.050000000000001599 ) ) ;
#7264 = CARTESIAN_POINT ( 'NONE',  ( 3.299999999999999378, 0.0000000000000000000, -2.800000000000000266 ) ) ;
#7265 = ORIENTED_EDGE ( 'NONE', *, *, #7648, .F. ) ;
#7266 = DIRECTION ( 'NONE',  ( -3.833233541708466776E-17, -0.7071067811865533459, 0.7071067811865416886 ) ) ;
#7267 = CARTESIAN_POINT ( 'NONE',  ( 0.0000000000000000000, -3.541421356237309581, 0.05000000000000012768 ) ) ;
#7268 = COLOUR_RGB ( '',1.000000000000000000, 0.8117647058823529438, 0.5019607843137254832 ) ;
#7269 = CARTESIAN_POINT ( 'NONE',  ( 0.7500000000000006661, 1.149999999999999911, -2.050000000000001599 ) ) ;
#7270 = SURFACE_SIDE_STYLE ('',( #3202 ) ) ;
#7271 = CARTESIAN_POINT ( 'NONE',  ( 1.749999999999999778, -3.399999999999999911, -0.2499999999999997780 ) ) ;
#7272 = CARTESIAN_POINT ( 'NONE',  ( 7.750000000000000000, -3.399999999999999911, -0.2499999999999997780 ) ) ;
#7273 = CARTESIAN_POINT ( 'NONE',  ( -1.350000000000000089, 1.149999999999999911, -2.350000000000001421 ) ) ;
#7274 = ORIENTED_EDGE ( 'NONE', *, *, #3613, .T. ) ;
#7275 = DIRECTION ( 'NONE',  ( 1.000000000000000000, 0.0000000000000000000, -0.0000000000000000000 ) ) ;
#7276 = FILL_AREA_STYLE_COLOUR ( '', #1764 ) ;
#7277 = ADVANCED_FACE ( 'NONE', ( #3793 ), #5612, .F. ) ;
#7278 = PRESENTATION_LAYER_ASSIGNMENT (  '', '', ( #2178 ) ) ;
#7279 = ORIENTED_EDGE ( 'NONE', *, *, #7150, .T. ) ;
#7280 = PLANE ( 'NONE',  #3371 ) ;
#7281 = PRESENTATION_LAYER_ASSIGNMENT (  '', '', ( #6279 ) ) ;
#7282 = FACE_OUTER_BOUND ( 'NONE', #1165, .T. ) ;
#7283 = ORIENTED_EDGE ( 'NONE', *, *, #7506, .T. ) ;
#7284 = FILL_AREA_STYLE ('',( #4090 ) ) ;
#7285 =( LENGTH_UNIT ( ) NAMED_UNIT ( * ) SI_UNIT ( .MILLI., .METRE. ) );
#7286 = LINE ( 'NONE', #3096, #7431 ) ;
#7287 = FILL_AREA_STYLE ('',( #4767 ) ) ;
#7288 = EDGE_CURVE ( 'NONE', #3255, #1281, #2111, .T. ) ;
#7289 = STYLED_ITEM ( 'NONE', ( #2023 ), #5517 ) ;
#7290 = SURFACE_SIDE_STYLE ('',( #3578 ) ) ;
#7291 = LINE ( 'NONE', #3689, #3130 ) ;
#7292 = DIRECTION ( 'NONE',  ( -9.103382349328301547E-49, -2.350988701644575016E-32, -1.000000000000000000 ) ) ;
#7293 = EDGE_LOOP ( 'NONE', ( #6189, #1527, #2576, #1025 ) ) ;
#7294 = VERTEX_POINT ( 'NONE', #903 ) ;
#7295 = SURFACE_STYLE_USAGE ( .BOTH. , #3786 ) ;
#7296 = LINE ( 'NONE', #4138, #3911 ) ;
#7297 = ORIENTED_EDGE ( 'NONE', *, *, #980, .F. ) ;
#7298 = EDGE_CURVE ( 'NONE', #2599, #437, #5703, .T. ) ;
#7299 = SURFACE_SIDE_STYLE ('',( #719 ) ) ;
#7300 = DIRECTION ( 'NONE',  ( -0.0000000000000000000, 1.000000000000000000, -0.0000000000000000000 ) ) ;
#7301 = LINE ( 'NONE', #5951, #6572 ) ;
#7302 = VECTOR ( 'NONE', #3950, 1000.000000000000000 ) ;
#7303 = CARTESIAN_POINT ( 'NONE',  ( 8.699999999999999289, 0.0000000000000000000, -2.800000000000000711 ) ) ;
#7304 = EDGE_CURVE ( 'NONE', #4135, #2599, #3344, .T. ) ;
#7305 = ORIENTED_EDGE ( 'NONE', *, *, #306, .T. ) ;
#7306 = FACE_OUTER_BOUND ( 'NONE', #5882, .T. ) ;
#7307 = DIRECTION ( 'NONE',  ( -9.103382349328301547E-49, -2.350988701644575016E-32, -1.000000000000000000 ) ) ;
#7308 = COLOUR_RGB ( '',1.000000000000000000, 1.000000000000000000, 1.000000000000000000 ) ;
#7309 = VECTOR ( 'NONE', #28, 1000.000000000000000 ) ;
#7310 = PRESENTATION_STYLE_ASSIGNMENT (( #4153 ) ) ;
#7311 =( NAMED_UNIT ( * ) SI_UNIT ( $, .STERADIAN. ) SOLID_ANGLE_UNIT ( ) );
#7312 = CARTESIAN_POINT ( 'NONE',  ( 4.750000000000000888, 3.399999999999999467, -2.050000000000001599 ) ) ;
#7313 = LINE ( 'NONE', #733, #3143 ) ;
#7314 = ORIENTED_EDGE ( 'NONE', *, *, #7439, .T. ) ;
#7315 = PLANE ( 'NONE',  #1316 ) ;
#7316 = PRESENTATION_LAYER_ASSIGNMENT (  '', '', ( #3881 ) ) ;
#7317 = PRESENTATION_LAYER_ASSIGNMENT (  '', '', ( #5519 ) ) ;
#7318 = CARTESIAN_POINT ( 'NONE',  ( 3.749999999999999556, 0.2000000000000000111, -2.800000000000000266 ) ) ;
#7319 = VECTOR ( 'NONE', #2822, 1000.000000000000000 ) ;
#7320 =( NAMED_UNIT ( * ) PLANE_ANGLE_UNIT ( ) SI_UNIT ( $, .RADIAN. ) );
#7321 = VECTOR ( 'NONE', #7300, 1000.000000000000000 ) ;
#7322 = PRESENTATION_LAYER_ASSIGNMENT (  '', '', ( #6176 ) ) ;
#7323 = ORIENTED_EDGE ( 'NONE', *, *, #3982, .T. ) ;
#7324 =( NAMED_UNIT ( * ) PLANE_ANGLE_UNIT ( ) SI_UNIT ( $, .RADIAN. ) );
#7325 = DIRECTION ( 'NONE',  ( 1.000000000000000000, -5.421010862427522170E-17, 0.0000000000000000000 ) ) ;
#7326 = CARTESIAN_POINT ( 'NONE',  ( -0.2200000000000001399, 4.229999999999999538, 1.249999999999997558 ) ) ;
#7327 = CARTESIAN_POINT ( 'NONE',  ( 8.250000000000000000, 5.000000000000000888, 0.2500000000000002220 ) ) ;
#7328 = LINE ( 'NONE', #4887, #6731 ) ;
#7329 =( GEOMETRIC_REPRESENTATION_CONTEXT ( 3 ) GLOBAL_UNCERTAINTY_ASSIGNED_CONTEXT ( ( #6062 ) ) GLOBAL_UNIT_ASSIGNED_CONTEXT ( ( #423, #1090, #1640 ) ) REPRESENTATION_CONTEXT ( 'NONE', 'WORKASPACE' ) );
#7330 = VECTOR ( 'NONE', #3279, 1000.000000000000000 ) ;
#7331 = EDGE_CURVE ( 'NONE', #778, #2554, #7593, .T. ) ;
#7332 = DIRECTION ( 'NONE',  ( -1.000000000000000000, 0.0000000000000000000, 2.058229914533366955E-17 ) ) ;
#7333 =( NAMED_UNIT ( * ) PLANE_ANGLE_UNIT ( ) SI_UNIT ( $, .RADIAN. ) );
#7334 = ORIENTED_EDGE ( 'NONE', *, *, #3715, .F. ) ;
#7335 = CARTESIAN_POINT ( 'NONE',  ( -0.2200000000000001399, 4.229999999999999538, 1.700000000000000178 ) ) ;
#7336 = FILL_AREA_STYLE_COLOUR ( '', #1158 ) ;
#7337 = VECTOR ( 'NONE', #3880, 1000.000000000000000 ) ;
#7338 = SURFACE_STYLE_FILL_AREA ( #1101 ) ;
#7339 = ORIENTED_EDGE ( 'NONE', *, *, #5628, .F. ) ;
#7340 = PRESENTATION_LAYER_ASSIGNMENT (  '', '', ( #1585 ) ) ;
#7341 = COLOUR_RGB ( '',1.000000000000000000, 1.000000000000000000, 1.000000000000000000 ) ;
#7342 = DIRECTION ( 'NONE',  ( -3.872150616019660190E-17, -1.000000000000000000, 0.0000000000000000000 ) ) ;
#7343 = SURFACE_STYLE_FILL_AREA ( #6741 ) ;
#7344 = DIRECTION ( 'NONE',  ( 0.5773502691896258421, 0.5773502691896279515, 0.5773502691896235106 ) ) ;
#7345 = VECTOR ( 'NONE', #2070, 1000.000000000000000 ) ;
#7346 = SURFACE_SIDE_STYLE ('',( #7893 ) ) ;
#7347 = STYLED_ITEM ( 'NONE', ( #7136 ), #2308 ) ;
#7348 = ADVANCED_FACE ( 'NONE', ( #4612 ), #3427, .F. ) ;
#7349 = DIRECTION ( 'NONE',  ( 0.5773502691896272854, -0.5773502691896222894, -0.5773502691896277295 ) ) ;
#7350 = AXIS2_PLACEMENT_3D ( 'NONE', #3188, #3155, #3225 ) ;
#7351 = ORIENTED_EDGE ( 'NONE', *, *, #5630, .T. ) ;
#7352 = CARTESIAN_POINT ( 'NONE',  ( -1.350000000000000089, 6.000000000000000000, 1.599999999999997202 ) ) ;
#7353 =( NAMED_UNIT ( * ) SI_UNIT ( $, .STERADIAN. ) SOLID_ANGLE_UNIT ( ) );
#7354 = VECTOR ( 'NONE', #2431, 1000.000000000000000 ) ;
#7355 = SURFACE_STYLE_FILL_AREA ( #5541 ) ;
#7356 = VECTOR ( 'NONE', #7906, 1000.000000000000000 ) ;
#7357 = ORIENTED_EDGE ( 'NONE', *, *, #6378, .T. ) ;
#7358 = SURFACE_STYLE_FILL_AREA ( #611 ) ;
#7359 = PLANE ( 'NONE',  #7825 ) ;
#7360 = PRESENTATION_STYLE_ASSIGNMENT (( #6717 ) ) ;
#7361 = SURFACE_STYLE_USAGE ( .BOTH. , #686 ) ;
#7362 = VECTOR ( 'NONE', #6850, 1000.000000000000000 ) ;
#7363 = MECHANICAL_DESIGN_GEOMETRIC_PRESENTATION_REPRESENTATION (  '', ( #3650 ), #3410 ) ;
#7364 = EDGE_LOOP ( 'NONE', ( #4725, #2480, #7438, #138 ) ) ;
#7365 = UNCERTAINTY_MEASURE_WITH_UNIT (LENGTH_MEASURE( 1.000000000000000082E-05 ), #5257, 'distance_accuracy_value', 'NONE');
#7366 = DIRECTION ( 'NONE',  ( 0.7071067811865477948, 0.7071067811865473507, 0.0000000000000000000 ) ) ;
#7367 = EDGE_LOOP ( 'NONE', ( #6902, #4227, #4786, #2442 ) ) ;
#7368 = CARTESIAN_POINT ( 'NONE',  ( 2.050000000000000266, 5.100000000000001421, -2.800000000000000266 ) ) ;
#7369 = ORIENTED_EDGE ( 'NONE', *, *, #2258, .T. ) ;
#7370 = DIRECTION ( 'NONE',  ( 3.872150616019660190E-17, 1.000000000000000000, -0.0000000000000000000 ) ) ;
#7371 = CARTESIAN_POINT ( 'NONE',  ( 5.250000000000000888, 3.149999999999999023, -2.050000000000001599 ) ) ;
#7372 = DIRECTION ( 'NONE',  ( 4.336808689942017736E-16, 0.0000000000000000000, 1.000000000000000000 ) ) ;
#7373 = UNCERTAINTY_MEASURE_WITH_UNIT (LENGTH_MEASURE( 1.000000000000000082E-05 ), #4043, 'distance_accuracy_value', 'NONE');
#7374 = CARTESIAN_POINT ( 'NONE',  ( 5.299999999999998934, 0.2000000000000000389, -2.800000000000000266 ) ) ;
#7375 = CARTESIAN_POINT ( 'NONE',  ( 5.750000000000000000, -3.399999999999999911, 0.2500000000000002220 ) ) ;
#7376 = CARTESIAN_POINT ( 'NONE',  ( 6.049999999999999822, 5.100000000000001421, -2.800000000000000266 ) ) ;
#7377 = PRODUCT ( 'JST-B5B-PH-K-S', 'JST-B5B-PH-K-S', '', ( #7894 ) ) ;
#7378 = DIRECTION ( 'NONE',  ( -1.927470528863119542E-16, 1.000000000000000000, 0.0000000000000000000 ) ) ;
#7379 =( NAMED_UNIT ( * ) PLANE_ANGLE_UNIT ( ) SI_UNIT ( $, .RADIAN. ) );
#7380 =( NAMED_UNIT ( * ) SI_UNIT ( $, .STERADIAN. ) SOLID_ANGLE_UNIT ( ) );
#7381 = ADVANCED_FACE ( 'NONE', ( #831 ), #7098, .F. ) ;
#7382 = ORIENTED_EDGE ( 'NONE', *, *, #1182, .F. ) ;
#7383 = UNCERTAINTY_MEASURE_WITH_UNIT (LENGTH_MEASURE( 1.000000000000000082E-05 ), #2911, 'distance_accuracy_value', 'NONE');
#7384 = DIRECTION ( 'NONE',  ( -4.336808689942017736E-16, 0.0000000000000000000, -1.000000000000000000 ) ) ;
#7385 = DIRECTION ( 'NONE',  ( 1.000000000000000000, 0.0000000000000000000, -0.0000000000000000000 ) ) ;
#7386 = CARTESIAN_POINT ( 'NONE',  ( -0.7000000000000002887, 0.0000000000000000000, -2.800000000000000266 ) ) ;
#7387 = ORIENTED_EDGE ( 'NONE', *, *, #7515, .F. ) ;
#7388 = SURFACE_STYLE_USAGE ( .BOTH. , #156 ) ;
#7389 = CARTESIAN_POINT ( 'NONE',  ( 3.750000000000000444, -3.399999999999999911, 0.2500000000000002220 ) ) ;
#7390 = EDGE_CURVE ( 'NONE', #6760, #7682, #3913, .T. ) ;
#7391 = MECHANICAL_DESIGN_GEOMETRIC_PRESENTATION_REPRESENTATION (  '', ( #7261 ), #501 ) ;
#7392 = CARTESIAN_POINT ( 'NONE',  ( 3.874499999999996280, 0.1744999999999984341, 0.3200000000000003952 ) ) ;
#7393 = PLANE ( 'NONE',  #4265 ) ;
#7394 = CARTESIAN_POINT ( 'NONE',  ( 2.150000000000000355, -3.399999999999999911, -2.800000000000000266 ) ) ;
#7395 = CARTESIAN_POINT ( 'NONE',  ( -1.350000000000000089, 1.149999999999999911, -2.350000000000001421 ) ) ;
#7396 = FACE_OUTER_BOUND ( 'NONE', #1534, .T. ) ;
#7397 = ORIENTED_EDGE ( 'NONE', *, *, #6797, .F. ) ;
#7398 = MECHANICAL_DESIGN_GEOMETRIC_PRESENTATION_REPRESENTATION (  '', ( #2813 ), #4720 ) ;
#7399 = ADVANCED_FACE ( 'NONE', ( #5134 ), #2864, .T. ) ;
#7400 = CARTESIAN_POINT ( 'NONE',  ( 9.950000000000001066, 4.500000000000000888, -0.6799999999999978284 ) ) ;
#7401 = PRESENTATION_STYLE_ASSIGNMENT (( #169 ) ) ;
#7402 = EDGE_CURVE ( 'NONE', #2288, #7014, #1766, .T. ) ;
#7403 = STYLED_ITEM ( 'NONE', ( #6224 ), #988 ) ;
#7404 = STYLED_ITEM ( 'NONE', ( #3047 ), #1508 ) ;
#7405 = DIRECTION ( 'NONE',  ( 3.407318703740845716E-16, 0.7071067811865446862, 0.7071067811865503483 ) ) ;
#7406 =( LENGTH_UNIT ( ) NAMED_UNIT ( * ) SI_UNIT ( .MILLI., .METRE. ) );
#7407 = ORIENTED_EDGE ( 'NONE', *, *, #4858, .T. ) ;
#7408 = LINE ( 'NONE', #659, #4174 ) ;
#7409 = AXIS2_PLACEMENT_3D ( 'NONE', #786, #4458, #26 ) ;
#7410 = CARTESIAN_POINT ( 'NONE',  ( 1.250000000000001554, 3.399999999999998579, -2.350000000000001421 ) ) ;
#7411 = CARTESIAN_POINT ( 'NONE',  ( -1.949999999999999956, 0.0000000000000000000, 1.300000000000000044 ) ) ;
#7412 = EDGE_LOOP ( 'NONE', ( #616, #4954, #639, #7054 ) ) ;
#7413 = VECTOR ( 'NONE', #3751, 1000.000000000000000 ) ;
#7414 = DIRECTION ( 'NONE',  ( 1.000000000000000000, -5.421010862427522170E-17, 0.0000000000000000000 ) ) ;
#7415 =( LENGTH_UNIT ( ) NAMED_UNIT ( * ) SI_UNIT ( .MILLI., .METRE. ) );
#7416 = SURFACE_SIDE_STYLE ('',( #4971 ) ) ;
#7417 = FACE_OUTER_BOUND ( 'NONE', #3956, .T. ) ;
#7418 = DIRECTION ( 'NONE',  ( 0.5773502691896225114, -0.5773502691896326144, -0.5773502691896220673 ) ) ;
#7419 = PRESENTATION_LAYER_ASSIGNMENT (  '', '', ( #4485 ) ) ;
#7420 = PLANE ( 'NONE',  #2830 ) ;
#7421 = SURFACE_STYLE_FILL_AREA ( #3910 ) ;
#7422 = MECHANICAL_DESIGN_GEOMETRIC_PRESENTATION_REPRESENTATION (  '', ( #3963 ), #10 ) ;
#7423 = CARTESIAN_POINT ( 'NONE',  ( 5.750000000000000000, -3.399999999999999911, -0.2499999999999997780 ) ) ;
#7424 =( LENGTH_UNIT ( ) NAMED_UNIT ( * ) SI_UNIT ( .MILLI., .METRE. ) );
#7425 = CARTESIAN_POINT ( 'NONE',  ( -1.949999999999999956, 4.500000000000000888, 0.3199999999999999512 ) ) ;
#7426 = ORIENTED_EDGE ( 'NONE', *, *, #6081, .T. ) ;
#7427 =( NAMED_UNIT ( * ) PLANE_ANGLE_UNIT ( ) SI_UNIT ( $, .RADIAN. ) );
#7428 = FACE_OUTER_BOUND ( 'NONE', #2164, .T. ) ;
#7429 = ORIENTED_EDGE ( 'NONE', *, *, #4317, .T. ) ;
#7430 = DIRECTION ( 'NONE',  ( -3.872150616019660190E-17, -1.000000000000000000, 0.0000000000000000000 ) ) ;
#7431 = VECTOR ( 'NONE', #625, 1000.000000000000114 ) ;
#7432 =( NAMED_UNIT ( * ) PLANE_ANGLE_UNIT ( ) SI_UNIT ( $, .RADIAN. ) );
#7433 = SURFACE_STYLE_USAGE ( .BOTH. , #4350 ) ;
#7434 = FILL_AREA_STYLE_COLOUR ( '', #144 ) ;
#7435 = DIRECTION ( 'NONE',  ( -1.362927481496333060E-16, 0.7071067811865474617, -0.7071067811865474617 ) ) ;
#7436 = PRESENTATION_STYLE_ASSIGNMENT (( #7361 ) ) ;
#7437 = ORIENTED_EDGE ( 'NONE', *, *, #4831, .T. ) ;
#7438 = ORIENTED_EDGE ( 'NONE', *, *, #4670, .T. ) ;
#7439 = EDGE_CURVE ( 'NONE', #1322, #5261, #3580, .T. ) ;
#7440 = ORIENTED_EDGE ( 'NONE', *, *, #3003, .T. ) ;
#7441 = DIRECTION ( 'NONE',  ( -0.0000000000000000000, -1.000000000000000000, -0.0000000000000000000 ) ) ;
#7442 = AXIS2_PLACEMENT_3D ( 'NONE', #3897, #2014, #1484 ) ;
#7443 = DIRECTION ( 'NONE',  ( 0.0000000000000000000, 0.0000000000000000000, -1.000000000000000000 ) ) ;
#7444 = PRESENTATION_LAYER_ASSIGNMENT (  '', '', ( #5253 ) ) ;
#7445 = STYLED_ITEM ( 'NONE', ( #3720 ), #4359 ) ;
#7446 = ORIENTED_EDGE ( 'NONE', *, *, #772, .T. ) ;
#7447 = EDGE_CURVE ( 'NONE', #2928, #3329, #1683, .T. ) ;
#7448 = ADVANCED_FACE ( 'NONE', ( #3545 ), #1729, .T. ) ;
#7449 = SURFACE_STYLE_USAGE ( .BOTH. , #6332 ) ;
#7450 = VERTEX_POINT ( 'NONE', #5325 ) ;
#7451 =( NAMED_UNIT ( * ) SI_UNIT ( $, .STERADIAN. ) SOLID_ANGLE_UNIT ( ) );
#7452 = EDGE_CURVE ( 'NONE', #5091, #7682, #3496, .T. ) ;
#7453 = PRESENTATION_LAYER_ASSIGNMENT (  '', '', ( #419 ) ) ;
#7454 = VERTEX_POINT ( 'NONE', #2390 ) ;
#7455 = EDGE_LOOP ( 'NONE', ( #5961, #4983, #327, #1504 ) ) ;
#7456 = CARTESIAN_POINT ( 'NONE',  ( 8.220000000000002416, 4.230000000000000426, 1.599999999999999867 ) ) ;
#7457 = DIRECTION ( 'NONE',  ( -4.298953504719741294E-17, 0.7071067811865475727, 0.7071067811865475727 ) ) ;
#7458 = STYLED_ITEM ( 'NONE', ( #5095 ), #3108 ) ;
#7459 = UNCERTAINTY_MEASURE_WITH_UNIT (LENGTH_MEASURE( 1.000000000000000082E-05 ), #1605, 'distance_accuracy_value', 'NONE');
#7460 = VECTOR ( 'NONE', #996, 1000.000000000000000 ) ;
#7461 = CARTESIAN_POINT ( 'NONE',  ( 0.2500000000000002220, 4.999999999999999112, 0.2500000000000002220 ) ) ;
#7462 = PRESENTATION_STYLE_ASSIGNMENT (( #3780 ) ) ;
#7463 = ADVANCED_FACE ( 'NONE', ( #3027 ), #469, .F. ) ;
#7464 = DIRECTION ( 'NONE',  ( -1.000000000000000000, 5.421010862427522170E-17, 0.0000000000000000000 ) ) ;
#7465 = DIRECTION ( 'NONE',  ( -1.000000000000000000, 3.872150616019661422E-17, 0.0000000000000000000 ) ) ;
#7466 = STYLED_ITEM ( 'NONE', ( #4606 ), #3447 ) ;
#7467 = SURFACE_SIDE_STYLE ('',( #4374 ) ) ;
#7468 = CARTESIAN_POINT ( 'NONE',  ( 5.916666666666666963, 5.166666666666665186, -0.08333333333333239890 ) ) ;
#7469 = PRESENTATION_LAYER_ASSIGNMENT (  '', '', ( #6817 ) ) ;
#7470 = DIRECTION ( 'NONE',  ( 0.0000000000000000000, -0.0000000000000000000, 1.000000000000000000 ) ) ;
#7471 = SURFACE_SIDE_STYLE ('',( #4335 ) ) ;
#7472 = COLOUR_RGB ( '',1.000000000000000000, 1.000000000000000000, 1.000000000000000000 ) ;
#7473 = MECHANICAL_DESIGN_GEOMETRIC_PRESENTATION_REPRESENTATION (  '', ( #3001 ), #3624 ) ;
#7474 = SURFACE_STYLE_FILL_AREA ( #5656 ) ;
#7475 = SURFACE_STYLE_USAGE ( .BOTH. , #5578 ) ;
#7476 = FACE_OUTER_BOUND ( 'NONE', #946, .T. ) ;
#7477 = ORIENTED_EDGE ( 'NONE', *, *, #3850, .F. ) ;
#7478 = DIRECTION ( 'NONE',  ( -0.0000000000000000000, -0.0000000000000000000, -1.000000000000000000 ) ) ;
#7479 = ORIENTED_EDGE ( 'NONE', *, *, #6373, .T. ) ;
#7480 = MECHANICAL_DESIGN_GEOMETRIC_PRESENTATION_REPRESENTATION (  '', ( #7458 ), #3387 ) ;
#7481 = CARTESIAN_POINT ( 'NONE',  ( -0.2499999999999997780, 4.999999999999999112, 0.2500000000000002220 ) ) ;
#7482 = VECTOR ( 'NONE', #2635, 1000.000000000000000 ) ;
#7483 = FILL_AREA_STYLE_COLOUR ( '', #4473 ) ;
#7484 = AXIS2_PLACEMENT_3D ( 'NONE', #948, #4583, #356 ) ;
#7485 = UNCERTAINTY_MEASURE_WITH_UNIT (LENGTH_MEASURE( 1.000000000000000082E-05 ), #6233, 'distance_accuracy_value', 'NONE');
#7486 = PLANE ( 'NONE',  #1957 ) ;
#7487 = COLOUR_RGB ( '',1.000000000000000000, 1.000000000000000000, 1.000000000000000000 ) ;
#7488 = FILL_AREA_STYLE_COLOUR ( '', #6321 ) ;
#7489 = SURFACE_STYLE_USAGE ( .BOTH. , #3320 ) ;
#7490 = VECTOR ( 'NONE', #478, 1000.000000000000000 ) ;
#7491 =( NAMED_UNIT ( * ) SI_UNIT ( $, .STERADIAN. ) SOLID_ANGLE_UNIT ( ) );
#7492 = ORIENTED_EDGE ( 'NONE', *, *, #5630, .F. ) ;
#7493 = SURFACE_STYLE_USAGE ( .BOTH. , #6841 ) ;
#7494 = VECTOR ( 'NONE', #4950, 1000.000000000000000 ) ;
#7495 = DIRECTION ( 'NONE',  ( -1.000000000000000000, 0.0000000000000000000, -0.0000000000000000000 ) ) ;
#7496 = AXIS2_PLACEMENT_3D ( 'NONE', #2191, #4619, #5252 ) ;
#7497 = ADVANCED_FACE ( 'NONE', ( #2465 ), #6689, .T. ) ;
#7498 = VECTOR ( 'NONE', #7712, 1000.000000000000000 ) ;
#7499 = DIRECTION ( 'NONE',  ( -0.0000000000000000000, 1.000000000000000000, -0.0000000000000000000 ) ) ;
#7500 = VECTOR ( 'NONE', #7640, 1000.000000000000000 ) ;
#7501 = FILL_AREA_STYLE ('',( #3297 ) ) ;
#7502 = ORIENTED_EDGE ( 'NONE', *, *, #2773, .T. ) ;
#7503 = FACE_OUTER_BOUND ( 'NONE', #2581, .T. ) ;
#7504 = AXIS2_PLACEMENT_3D ( 'NONE', #3164, #84, #121 ) ;
#7505 = ADVANCED_FACE ( 'NONE', ( #747 ), #1219, .F. ) ;
#7506 = EDGE_CURVE ( 'NONE', #4183, #2224, #7508, .T. ) ;
#7507 =( NAMED_UNIT ( * ) SI_UNIT ( $, .STERADIAN. ) SOLID_ANGLE_UNIT ( ) );
#7508 = LINE ( 'NONE', #3335, #2376 ) ;
#7509 = FILL_AREA_STYLE_COLOUR ( '', #1911 ) ;
#7510 = VECTOR ( 'NONE', #4247, 1000.000000000000000 ) ;
#7511 = CARTESIAN_POINT ( 'NONE',  ( 9.350000000000001421, 5.650000000000000355, 1.249999999999998446 ) ) ;
#7512 = CARTESIAN_POINT ( 'NONE',  ( 1.150000000000000799, 5.650000000000000355, 1.249999999999997558 ) ) ;
#7513 = FILL_AREA_STYLE ('',( #2790 ) ) ;
#7514 = FILL_AREA_STYLE_COLOUR ( '', #6963 ) ;
#7515 = EDGE_CURVE ( 'NONE', #7014, #1034, #2176, .T. ) ;
#7516 = EDGE_CURVE ( 'NONE', #5806, #6695, #4605, .T. ) ;
#7517 = COLOUR_RGB ( '',1.000000000000000000, 0.8117647058823529438, 0.5019607843137254832 ) ;
#7518 = CARTESIAN_POINT ( 'NONE',  ( 2.750000000000000444, 3.399999999999999467, -2.300000000000001599 ) ) ;
#7519 =( NAMED_UNIT ( * ) PLANE_ANGLE_UNIT ( ) SI_UNIT ( $, .RADIAN. ) );
#7520 = DIRECTION ( 'NONE',  ( -1.000000000000000000, 1.084202172485504237E-15, 0.0000000000000000000 ) ) ;
#7521 = EDGE_LOOP ( 'NONE', ( #6744, #7913, #7122, #4069 ) ) ;
#7522 = SURFACE_STYLE_FILL_AREA ( #3874 ) ;
#7523 =( LENGTH_UNIT ( ) NAMED_UNIT ( * ) SI_UNIT ( .MILLI., .METRE. ) );
#7524 = ADVANCED_FACE ( 'NONE', ( #2143 ), #5123, .F. ) ;
#7525 = DIRECTION ( 'NONE',  ( -3.833233541708453834E-17, -0.7071067811865509034, -0.7071067811865442421 ) ) ;
#7526 = VERTEX_POINT ( 'NONE', #6893 ) ;
#7527 = LINE ( 'NONE', #3992, #7877 ) ;
#7528 = LINE ( 'NONE', #3241, #6794 ) ;
#7529 = EDGE_LOOP ( 'NONE', ( #491, #1503, #7572, #3518 ) ) ;
#7530 = FACE_OUTER_BOUND ( 'NONE', #1745, .T. ) ;
#7531 = PRESENTATION_STYLE_ASSIGNMENT (( #1921 ) ) ;
#7532 = VECTOR ( 'NONE', #6411, 1000.000000000000000 ) ;
#7533 = LINE ( 'NONE', #6959, #7086 ) ;
#7534 = CARTESIAN_POINT ( 'NONE',  ( 6.850000000000000533, 6.000000000000000888, 1.249999999999998446 ) ) ;
#7535 = SURFACE_STYLE_USAGE ( .BOTH. , #855 ) ;
#7536 = ORIENTED_EDGE ( 'NONE', *, *, #402, .F. ) ;
#7537 =( LENGTH_UNIT ( ) NAMED_UNIT ( * ) SI_UNIT ( .MILLI., .METRE. ) );
#7538 = FACE_OUTER_BOUND ( 'NONE', #5986, .T. ) ;
#7539 =( NAMED_UNIT ( * ) SI_UNIT ( $, .STERADIAN. ) SOLID_ANGLE_UNIT ( ) );
#7540 = UNCERTAINTY_MEASURE_WITH_UNIT (LENGTH_MEASURE( 1.000000000000000082E-05 ), #5585, 'distance_accuracy_value', 'NONE');
#7541 = SURFACE_STYLE_USAGE ( .BOTH. , #6263 ) ;
#7542 = PLANE ( 'NONE',  #2201 ) ;
#7543 = PRESENTATION_LAYER_ASSIGNMENT (  '', '', ( #135 ) ) ;
#7544 =( NAMED_UNIT ( * ) SI_UNIT ( $, .STERADIAN. ) SOLID_ANGLE_UNIT ( ) );
#7545 = EDGE_CURVE ( 'NONE', #917, #5448, #7669, .T. ) ;
#7546 = CARTESIAN_POINT ( 'NONE',  ( 4.750000000000000888, 3.399999999999999467, -2.300000000000001599 ) ) ;
#7547 = CARTESIAN_POINT ( 'NONE',  ( 0.1499999999999973577, 5.100000000000001421, 0.1499999999999973577 ) ) ;
#7548 =( LENGTH_UNIT ( ) NAMED_UNIT ( * ) SI_UNIT ( .MILLI., .METRE. ) );
#7549 = DIRECTION ( 'NONE',  ( 3.872150616019660190E-17, 1.000000000000000000, -0.0000000000000000000 ) ) ;
#7550 = EDGE_CURVE ( 'NONE', #3945, #2823, #4534, .T. ) ;
#7551 = SURFACE_STYLE_FILL_AREA ( #386 ) ;
#7552 = FILL_AREA_STYLE_COLOUR ( '', #2898 ) ;
#7553 = DIRECTION ( 'NONE',  ( 1.000000000000000000, -5.421010862427522170E-17, 0.0000000000000000000 ) ) ;
#7554 = ORIENTED_EDGE ( 'NONE', *, *, #368, .T. ) ;
#7555 = ORIENTED_EDGE ( 'NONE', *, *, #7761, .T. ) ;
#7557 = EDGE_CURVE ( 'NONE', #2754, #5589, #5082, .T. ) ;
#7556 = ORIENTED_EDGE ( 'NONE', *, *, #123, .T. ) ;
#7558 = MECHANICAL_DESIGN_GEOMETRIC_PRESENTATION_REPRESENTATION (  '', ( #2956 ), #2950 ) ;
#7559 = DIRECTION ( 'NONE',  ( -0.0000000000000000000, 0.7071067811865475727, 0.7071067811865475727 ) ) ;
#7560 = SURFACE_SIDE_STYLE ('',( #2603 ) ) ;
#7561 = SURFACE_STYLE_USAGE ( .BOTH. , #5709 ) ;
#7562 = FILL_AREA_STYLE_COLOUR ( '', #1703 ) ;
#7563 = FACE_OUTER_BOUND ( 'NONE', #6187, .T. ) ;
#7564 = LINE ( 'NONE', #4445, #7172 ) ;
#7565 = CARTESIAN_POINT ( 'NONE',  ( 1.150000000000000355, 6.000000000000000000, 1.700000000000000178 ) ) ;
#7566 = ORIENTED_EDGE ( 'NONE', *, *, #3454, .F. ) ;
#7567 = FILL_AREA_STYLE_COLOUR ( '', #4007 ) ;
#7568 = FILL_AREA_STYLE ('',( #4633 ) ) ;
#7569 =( GEOMETRIC_REPRESENTATION_CONTEXT ( 3 ) GLOBAL_UNCERTAINTY_ASSIGNED_CONTEXT ( ( #5327 ) ) GLOBAL_UNIT_ASSIGNED_CONTEXT ( ( #4208, #700, #4964 ) ) REPRESENTATION_CONTEXT ( 'NONE', 'WORKASPACE' ) );
#7570 = PRESENTATION_STYLE_ASSIGNMENT (( #7535 ) ) ;
#7571 = ORIENTED_EDGE ( 'NONE', *, *, #508, .F. ) ;
#7572 = ORIENTED_EDGE ( 'NONE', *, *, #2531, .T. ) ;
#7573 = DIRECTION ( 'NONE',  ( 1.000000000000000000, -5.421010862427522170E-17, 0.0000000000000000000 ) ) ;
#7574 =( LENGTH_UNIT ( ) NAMED_UNIT ( * ) SI_UNIT ( .MILLI., .METRE. ) );
#7575 = PRESENTATION_LAYER_ASSIGNMENT (  '', '', ( #2083 ) ) ;
#7576 = EDGE_LOOP ( 'NONE', ( #13, #4514, #1867, #6653 ) ) ;
#7577 = UNCERTAINTY_MEASURE_WITH_UNIT (LENGTH_MEASURE( 1.000000000000000082E-05 ), #4997, 'distance_accuracy_value', 'NONE');
#7578 = EDGE_LOOP ( 'NONE', ( #6939, #7104, #7339, #226 ) ) ;
#7579 = DIRECTION ( 'NONE',  ( -1.000000000000000000, 3.872150616019660806E-17, -0.0000000000000000000 ) ) ;
#7580 = AXIS2_PLACEMENT_3D ( 'NONE', #5849, #5167, #1079 ) ;
#7581 = COLOUR_RGB ( '',1.000000000000000000, 0.8117647058823529438, 0.5019607843137254832 ) ;
#7582 = CARTESIAN_POINT ( 'NONE',  ( 3.299999999999999378, 0.2000000000000000389, 0.2500000000000002220 ) ) ;
#7583 = ORIENTED_EDGE ( 'NONE', *, *, #4176, .F. ) ;
#7584 = FACE_OUTER_BOUND ( 'NONE', #2862, .T. ) ;
#7585 = PRESENTATION_STYLE_ASSIGNMENT (( #1980 ) ) ;
#7586 = LINE ( 'NONE', #7468, #4665 ) ;
#7587 = PLANE ( 'NONE',  #5501 ) ;
#7588 = DIRECTION ( 'NONE',  ( 0.0000000000000000000, 0.0000000000000000000, 1.000000000000000000 ) ) ;
#7589 = VECTOR ( 'NONE', #3792, 1000.000000000000000 ) ;
#7590 =( GEOMETRIC_REPRESENTATION_CONTEXT ( 3 ) GLOBAL_UNCERTAINTY_ASSIGNED_CONTEXT ( ( #3696 ) ) GLOBAL_UNIT_ASSIGNED_CONTEXT ( ( #1035, #3936, #2089 ) ) REPRESENTATION_CONTEXT ( 'NONE', 'WORKASPACE' ) );
#7591 = CARTESIAN_POINT ( 'NONE',  ( 1.750000000000000222, -3.399999999999999911, 0.2500000000000002220 ) ) ;
#7592 = ADVANCED_FACE ( 'NONE', ( #5762 ), #7542, .F. ) ;
#7593 = LINE ( 'NONE', #6312, #5805 ) ;
#7594 =( LENGTH_UNIT ( ) NAMED_UNIT ( * ) SI_UNIT ( .MILLI., .METRE. ) );
#7595 = VECTOR ( 'NONE', #2361, 1000.000000000000000 ) ;
#7596 = ORIENTED_EDGE ( 'NONE', *, *, #2024, .F. ) ;
#7597 = ORIENTED_EDGE ( 'NONE', *, *, #6232, .F. ) ;
#7598 = FILL_AREA_STYLE_COLOUR ( '', #3010 ) ;
#7600 = ADVANCED_FACE ( 'NONE', ( #4913 ), #4086, .F. ) ;
#7599 = SURFACE_STYLE_FILL_AREA ( #5101 ) ;
#7601 = VECTOR ( 'NONE', #7067, 1000.000000000000000 ) ;
#7602 = VECTOR ( 'NONE', #2193, 1000.000000000000000 ) ;
#7603 = EDGE_CURVE ( 'NONE', #6249, #3952, #6671, .T. ) ;
#7604 =( NAMED_UNIT ( * ) SI_UNIT ( $, .STERADIAN. ) SOLID_ANGLE_UNIT ( ) );
#7605 = PRESENTATION_STYLE_ASSIGNMENT (( #3469 ) ) ;
#7606 = SURFACE_STYLE_FILL_AREA ( #5150 ) ;
#7607 = VECTOR ( 'NONE', #7332, 1000.000000000000000 ) ;
#7608 = ORIENTED_EDGE ( 'NONE', *, *, #7816, .F. ) ;
#7609 = STYLED_ITEM ( 'NONE', ( #542 ), #7399 ) ;
#7610 = SURFACE_SIDE_STYLE ('',( #5876 ) ) ;
#7611 = VECTOR ( 'NONE', #4830, 1000.000000000000000 ) ;
#7613 = EDGE_CURVE ( 'NONE', #1072, #5192, #1596, .T. ) ;
#7612 =( NAMED_UNIT ( * ) PLANE_ANGLE_UNIT ( ) SI_UNIT ( $, .RADIAN. ) );
#7614 = EDGE_CURVE ( 'NONE', #5750, #7713, #412, .T. ) ;
#7615 = UNCERTAINTY_MEASURE_WITH_UNIT (LENGTH_MEASURE( 1.000000000000000082E-05 ), #1414, 'distance_accuracy_value', 'NONE');
#7616 = EDGE_CURVE ( 'NONE', #5590, #1961, #3638, .T. ) ;
#7617 = VECTOR ( 'NONE', #5696, 1000.000000000000000 ) ;
#7618 = CARTESIAN_POINT ( 'NONE',  ( 9.950000000000001066, 0.0000000000000000000, 1.699999999999999289 ) ) ;
#7619 = DIRECTION ( 'NONE',  ( 0.0000000000000000000, -0.0000000000000000000, 1.000000000000000000 ) ) ;
#7620 = VECTOR ( 'NONE', #2535, 1000.000000000000000 ) ;
#7621 = CARTESIAN_POINT ( 'NONE',  ( 4.049999999999999822, -3.399999999999999911, 0.1499999999999973577 ) ) ;
#7622 = ORIENTED_EDGE ( 'NONE', *, *, #1984, .T. ) ;
#7623 = VECTOR ( 'NONE', #3466, 1000.000000000000000 ) ;
#7624 =( NAMED_UNIT ( * ) SI_UNIT ( $, .STERADIAN. ) SOLID_ANGLE_UNIT ( ) );
#7625 = FACE_OUTER_BOUND ( 'NONE', #215, .T. ) ;
#7626 = ORIENTED_EDGE ( 'NONE', *, *, #7150, .F. ) ;
#7627 = MECHANICAL_DESIGN_GEOMETRIC_PRESENTATION_REPRESENTATION (  '', ( #1359 ), #5949 ) ;
#7628 =( GEOMETRIC_REPRESENTATION_CONTEXT ( 3 ) GLOBAL_UNCERTAINTY_ASSIGNED_CONTEXT ( ( #1047 ) ) GLOBAL_UNIT_ASSIGNED_CONTEXT ( ( #5220, #2802, #2357 ) ) REPRESENTATION_CONTEXT ( 'NONE', 'WORKASPACE' ) );
#7629 = FILL_AREA_STYLE_COLOUR ( '', #1046 ) ;
#7630 = STYLED_ITEM ( 'NONE', ( #7585 ), #136 ) ;
#7631 =( NAMED_UNIT ( * ) PLANE_ANGLE_UNIT ( ) SI_UNIT ( $, .RADIAN. ) );
#7632 = PRESENTATION_LAYER_ASSIGNMENT (  '', '', ( #4287 ) ) ;
#7633 = COLOUR_RGB ( '',1.000000000000000000, 0.8117647058823529438, 0.5019607843137254832 ) ;
#7634 = CARTESIAN_POINT ( 'NONE',  ( 2.050000000000000266, 0.0000000000000000000, -2.050000000000001599 ) ) ;
#7635 =( NAMED_UNIT ( * ) SI_UNIT ( $, .STERADIAN. ) SOLID_ANGLE_UNIT ( ) );
#7636 = CARTESIAN_POINT ( 'NONE',  ( 7.750000000000000000, -3.399999999999999911, -0.2499999999999997780 ) ) ;
#7637 = STYLED_ITEM ( 'NONE', ( #5765 ), #168 ) ;
#7638 = UNCERTAINTY_MEASURE_WITH_UNIT (LENGTH_MEASURE( 1.000000000000000082E-05 ), #2187, 'distance_accuracy_value', 'NONE');
#7639 = FILL_AREA_STYLE_COLOUR ( '', #7341 ) ;
#7640 = DIRECTION ( 'NONE',  ( -1.000000000000000000, 0.0000000000000000000, -6.079638350386007117E-17 ) ) ;
#7641 = COLOUR_RGB ( '',1.000000000000000000, 0.8117647058823529438, 0.5019607843137254832 ) ;
#7642 = LINE ( 'NONE', #832, #1969 ) ;
#7643 = ORIENTED_EDGE ( 'NONE', *, *, #4904, .F. ) ;
#7644 = ORIENTED_EDGE ( 'NONE', *, *, #2621, .T. ) ;
#7645 = PLANE ( 'NONE',  #7484 ) ;
#7646 = CARTESIAN_POINT ( 'NONE',  ( -1.350000000000001865, 5.650000000000000355, -0.6799999999999996048 ) ) ;
#7647 = FILL_AREA_STYLE_COLOUR ( '', #1210 ) ;
#7648 = EDGE_CURVE ( 'NONE', #573, #7190, #2858, .T. ) ;
#7649 = MECHANICAL_DESIGN_GEOMETRIC_PRESENTATION_REPRESENTATION (  '', ( #2015 ), #3063 ) ;
#7650 = DIRECTION ( 'NONE',  ( -0.0000000000000000000, 1.000000000000000000, -0.0000000000000000000 ) ) ;
#7651 = SURFACE_STYLE_FILL_AREA ( #5868 ) ;
#7652 = CARTESIAN_POINT ( 'NONE',  ( 8.220000000000002416, 6.000000000000000000, 1.599999999999999867 ) ) ;
#7653 =( NAMED_UNIT ( * ) SI_UNIT ( $, .STERADIAN. ) SOLID_ANGLE_UNIT ( ) );
#7654 = SURFACE_SIDE_STYLE ('',( #7606 ) ) ;
#7655 = EDGE_CURVE ( 'NONE', #2823, #5806, #6753, .T. ) ;
#7656 = ORIENTED_EDGE ( 'NONE', *, *, #4026, .F. ) ;
#7657 = EDGE_LOOP ( 'NONE', ( #5386, #2359, #1108, #6066 ) ) ;
#7658 = EDGE_CURVE ( 'NONE', #6796, #4025, #3087, .T. ) ;
#7659 = CARTESIAN_POINT ( 'NONE',  ( 0.2499999999999997780, -3.399999999999999911, 0.2500000000000002220 ) ) ;
#7660 = FILL_AREA_STYLE_COLOUR ( '', #429 ) ;
#7661 = ORIENTED_EDGE ( 'NONE', *, *, #2773, .F. ) ;
#7662 = VERTEX_POINT ( 'NONE', #6152 ) ;
#7663 =( LENGTH_UNIT ( ) NAMED_UNIT ( * ) SI_UNIT ( .MILLI., .METRE. ) );
#7664 = EDGE_CURVE ( 'NONE', #3856, #4696, #1546, .T. ) ;
#7665 = SURFACE_SIDE_STYLE ('',( #3417 ) ) ;
#7666 = SURFACE_STYLE_FILL_AREA ( #860 ) ;
#7667 = VECTOR ( 'NONE', #4010, 1000.000000000000000 ) ;
#7668 =( NAMED_UNIT ( * ) PLANE_ANGLE_UNIT ( ) SI_UNIT ( $, .RADIAN. ) );
#7669 = LINE ( 'NONE', #7002, #457 ) ;
#7670 = CARTESIAN_POINT ( 'NONE',  ( 7.750000000000000000, 5.000000000000000888, 0.2500000000000002220 ) ) ;
#7671 = UNCERTAINTY_MEASURE_WITH_UNIT (LENGTH_MEASURE( 1.000000000000000082E-05 ), #5816, 'distance_accuracy_value', 'NONE');
#7672 = SURFACE_STYLE_USAGE ( .BOTH. , #2213 ) ;
#7673 = SURFACE_STYLE_FILL_AREA ( #6616 ) ;
#7674 = AXIS2_PLACEMENT_3D ( 'NONE', #5911, #4072, #5994 ) ;
#7675 = LINE ( 'NONE', #4462, #2843 ) ;
#7676 = CARTESIAN_POINT ( 'NONE',  ( 0.0000000000000000000, 0.0000000000000000000, 0.0000000000000000000 ) ) ;
#7677 = DIRECTION ( 'NONE',  ( -9.103382349328301547E-49, -2.350988701644575016E-32, -1.000000000000000000 ) ) ;
#7678 = COLOUR_RGB ( '',1.000000000000000000, 0.8117647058823529438, 0.5019607843137254832 ) ;
#7679 = STYLED_ITEM ( 'NONE', ( #4869 ), #1515 ) ;
#7680 =( NAMED_UNIT ( * ) SI_UNIT ( $, .STERADIAN. ) SOLID_ANGLE_UNIT ( ) );
#7681 = CARTESIAN_POINT ( 'NONE',  ( 2.750000000000000444, 1.149999999999999911, -2.050000000000001599 ) ) ;
#7682 = VERTEX_POINT ( 'NONE', #2819 ) ;
#7683 = CARTESIAN_POINT ( 'NONE',  ( 9.951000000000000512, 4.500000000000000888, 0.3199999999999999512 ) ) ;
#7684 = CARTESIAN_POINT ( 'NONE',  ( -1.949999999999999956, 1.800000000000000044, 0.2500000000000002220 ) ) ;
#7685 = PLANE ( 'NONE',  #7496 ) ;
#7686 = COLOUR_RGB ( '',1.000000000000000000, 0.8117647058823529438, 0.5019607843137254832 ) ;
#7687 = DIRECTION ( 'NONE',  ( -4.336808689942017736E-16, 0.0000000000000000000, -1.000000000000000000 ) ) ;
#7688 = LINE ( 'NONE', #7020, #7602 ) ;
#7689 =( GEOMETRIC_REPRESENTATION_CONTEXT ( 3 ) GLOBAL_UNCERTAINTY_ASSIGNED_CONTEXT ( ( #6581 ) ) GLOBAL_UNIT_ASSIGNED_CONTEXT ( ( #3882, #6287, #7604 ) ) REPRESENTATION_CONTEXT ( 'NONE', 'WORKASPACE' ) );
#7690 = LINE ( 'NONE', #3961, #4039 ) ;
#7691 =( LENGTH_UNIT ( ) NAMED_UNIT ( * ) SI_UNIT ( .MILLI., .METRE. ) );
#7692 = EDGE_LOOP ( 'NONE', ( #767, #1161, #4003, #6251 ) ) ;
#7693 = VERTEX_POINT ( 'NONE', #7710 ) ;
#7694 =( NAMED_UNIT ( * ) PLANE_ANGLE_UNIT ( ) SI_UNIT ( $, .RADIAN. ) );
#7695 =( GEOMETRIC_REPRESENTATION_CONTEXT ( 3 ) GLOBAL_UNCERTAINTY_ASSIGNED_CONTEXT ( ( #7837 ) ) GLOBAL_UNIT_ASSIGNED_CONTEXT ( ( #348, #310, #5817 ) ) REPRESENTATION_CONTEXT ( 'NONE', 'WORKASPACE' ) );
#7696 = CARTESIAN_POINT ( 'NONE',  ( 9.950000000000001066, 1.380000000000002558, 1.300000000000000044 ) ) ;
#7697 = SURFACE_SIDE_STYLE ('',( #5914 ) ) ;
#7698 = ADVANCED_FACE ( 'NONE', ( #2254 ), #4690, .F. ) ;
#7699 = ORIENTED_EDGE ( 'NONE', *, *, #6867, .T. ) ;
#7700 = FACE_OUTER_BOUND ( 'NONE', #3565, .T. ) ;
#7701 = VERTEX_POINT ( 'NONE', #3124 ) ;
#7702 = SURFACE_STYLE_FILL_AREA ( #6369 ) ;
#7703 = DIRECTION ( 'NONE',  ( -0.0000000000000000000, -0.0000000000000000000, 1.000000000000000000 ) ) ;
#7704 = LINE ( 'NONE', #1446, #6886 ) ;
#7705 = EDGE_CURVE ( 'NONE', #3653, #2403, #6326, .T. ) ;
#7706 = VERTEX_POINT ( 'NONE', #5545 ) ;
#7707 = VECTOR ( 'NONE', #5322, 1000.000000000000000 ) ;
#7708 = FACE_OUTER_BOUND ( 'NONE', #3392, .T. ) ;
#7709 = EDGE_CURVE ( 'NONE', #5169, #7454, #3843, .T. ) ;
#7710 = CARTESIAN_POINT ( 'NONE',  ( 9.350000000000001421, 1.800000000000000044, -0.4000000000000023537 ) ) ;
#7711 = DIRECTION ( 'NONE',  ( 1.000000000000000000, -5.421010862427522170E-17, 0.0000000000000000000 ) ) ;
#7712 = DIRECTION ( 'NONE',  ( -1.000000000000000000, 5.421010862427522170E-17, 0.0000000000000000000 ) ) ;
#7713 = VERTEX_POINT ( 'NONE', #5104 ) ;
#7714 =( NAMED_UNIT ( * ) PLANE_ANGLE_UNIT ( ) SI_UNIT ( $, .RADIAN. ) );
#7715 = EDGE_CURVE ( 'NONE', #3808, #527, #6207, .T. ) ;
#7716 =( NAMED_UNIT ( * ) SI_UNIT ( $, .STERADIAN. ) SOLID_ANGLE_UNIT ( ) );
#7717 =( NAMED_UNIT ( * ) SI_UNIT ( $, .STERADIAN. ) SOLID_ANGLE_UNIT ( ) );
#7718 = CARTESIAN_POINT ( 'NONE',  ( 5.750000000000000000, 4.999999999999999112, 0.2500000000000002220 ) ) ;
#7719 = VERTEX_POINT ( 'NONE', #4989 ) ;
#7720 = CARTESIAN_POINT ( 'NONE',  ( 4.250000000000000000, 4.999999999999995559, 0.2500000000000002220 ) ) ;
#7721 =( GEOMETRIC_REPRESENTATION_CONTEXT ( 3 ) GLOBAL_UNCERTAINTY_ASSIGNED_CONTEXT ( ( #2018 ) ) GLOBAL_UNIT_ASSIGNED_CONTEXT ( ( #6123, #7320, #6724 ) ) REPRESENTATION_CONTEXT ( 'NONE', 'WORKASPACE' ) );
#7722 =( NAMED_UNIT ( * ) PLANE_ANGLE_UNIT ( ) SI_UNIT ( $, .RADIAN. ) );
#7723 = PRESENTATION_LAYER_ASSIGNMENT (  '', '', ( #6428 ) ) ;
#7724 = CARTESIAN_POINT ( 'NONE',  ( 2.699999999999999734, 0.1999999999999999833, -2.800000000000000266 ) ) ;
#7725 =( NAMED_UNIT ( * ) PLANE_ANGLE_UNIT ( ) SI_UNIT ( $, .RADIAN. ) );
#7726 = PLANE ( 'NONE',  #6342 ) ;
#7727 = CARTESIAN_POINT ( 'NONE',  ( 4.250000000000000000, -3.299999999999998490, 0.2500000000000002220 ) ) ;
#7728 = ORIENTED_EDGE ( 'NONE', *, *, #4891, .T. ) ;
#7729 = ORIENTED_EDGE ( 'NONE', *, *, #2370, .F. ) ;
#7730 = VERTEX_POINT ( 'NONE', #1364 ) ;
#7731 = SURFACE_STYLE_FILL_AREA ( #1622 ) ;
#7732 = DIRECTION ( 'NONE',  ( 1.000000000000000000, -3.872150616019661422E-17, 0.0000000000000000000 ) ) ;
#7733 = COLOUR_RGB ( '',1.000000000000000000, 1.000000000000000000, 1.000000000000000000 ) ;
#7734 = VECTOR ( 'NONE', #6779, 1000.000000000000000 ) ;
#7735 = CARTESIAN_POINT ( 'NONE',  ( 1.750000000000000222, -3.399999999999999911, 0.2500000000000002220 ) ) ;
#7736 = ORIENTED_EDGE ( 'NONE', *, *, #3091, .F. ) ;
#7737 = ORIENTED_EDGE ( 'NONE', *, *, #83, .T. ) ;
#7738 = MECHANICAL_DESIGN_GEOMETRIC_PRESENTATION_REPRESENTATION (  '', ( #66 ), #2106 ) ;
#7739 =( GEOMETRIC_REPRESENTATION_CONTEXT ( 3 ) GLOBAL_UNCERTAINTY_ASSIGNED_CONTEXT ( ( #2746 ) ) GLOBAL_UNIT_ASSIGNED_CONTEXT ( ( #2917, #7809, #7849 ) ) REPRESENTATION_CONTEXT ( 'NONE', 'WORKASPACE' ) );
#7740 = PRESENTATION_STYLE_ASSIGNMENT (( #6444 ) ) ;
#7741 = DIRECTION ( 'NONE',  ( 0.0000000000000000000, -1.000000000000000000, 0.0000000000000000000 ) ) ;
#7742 = PRESENTATION_LAYER_ASSIGNMENT (  '', '', ( #3260 ) ) ;
#7743 = MECHANICAL_DESIGN_GEOMETRIC_PRESENTATION_REPRESENTATION (  '', ( #1971 ), #1837 ) ;
#7744 = LINE ( 'NONE', #2245, #7208 ) ;
#7745 = VERTEX_POINT ( 'NONE', #3205 ) ;
#7746 = FACE_OUTER_BOUND ( 'NONE', #6503, .T. ) ;
#7747 = CARTESIAN_POINT ( 'NONE',  ( 8.250000000000000000, -3.399999999999999911, -0.1499999999999969136 ) ) ;
#7748 = FILL_AREA_STYLE_COLOUR ( '', #2165 ) ;
#7749 = MECHANICAL_DESIGN_GEOMETRIC_PRESENTATION_REPRESENTATION (  '', ( #6074 ), #6455 ) ;
#7750 = EDGE_CURVE ( 'NONE', #6804, #4093, #7564, .T. ) ;
#7751 =( GEOMETRIC_REPRESENTATION_CONTEXT ( 3 ) GLOBAL_UNCERTAINTY_ASSIGNED_CONTEXT ( ( #4986 ) ) GLOBAL_UNIT_ASSIGNED_CONTEXT ( ( #6505, #1013, #6588 ) ) REPRESENTATION_CONTEXT ( 'NONE', 'WORKASPACE' ) );
#7752 =( NAMED_UNIT ( * ) PLANE_ANGLE_UNIT ( ) SI_UNIT ( $, .RADIAN. ) );
#7753 = AXIS2_PLACEMENT_3D ( 'NONE', #7368, #3213, #6800 ) ;
#7754 = CARTESIAN_POINT ( 'NONE',  ( 0.0000000000000000000, -3.399999999999999911, 0.0000000000000000000 ) ) ;
#7755 = COLOUR_RGB ( '',1.000000000000000000, 1.000000000000000000, 1.000000000000000000 ) ;
#7756 = LINE ( 'NONE', #2255, #5029 ) ;
#7757 =( NAMED_UNIT ( * ) SI_UNIT ( $, .STERADIAN. ) SOLID_ANGLE_UNIT ( ) );
#7758 = FILL_AREA_STYLE_COLOUR ( '', #4028 ) ;
#7759 = VECTOR ( 'NONE', #5172, 1000.000000000000000 ) ;
#7760 = CARTESIAN_POINT ( 'NONE',  ( 1.749999999999999778, -3.399999999999999911, -0.2499999999999997780 ) ) ;
#7761 = EDGE_CURVE ( 'NONE', #778, #5206, #1432, .T. ) ;
#7762 = COLOUR_RGB ( '',1.000000000000000000, 0.8117647058823529438, 0.5019607843137254832 ) ;
#7763 = ORIENTED_EDGE ( 'NONE', *, *, #5226, .F. ) ;
#7764 = DIRECTION ( 'NONE',  ( -0.7071067811865427988, -0.7071067811865522357, 3.066586833366727569E-16 ) ) ;
#7765 = VECTOR ( 'NONE', #741, 1000.000000000000114 ) ;
#7766 = PLANE ( 'NONE',  #1095 ) ;
#7767 = EDGE_LOOP ( 'NONE', ( #7279, #650, #4855, #6435 ) ) ;
#7768 = FILL_AREA_STYLE_COLOUR ( '', #5292 ) ;
#7769 = DIRECTION ( 'NONE',  ( 0.0000000000000000000, -0.0000000000000000000, -1.000000000000000000 ) ) ;
#7770 = SURFACE_STYLE_FILL_AREA ( #6473 ) ;
#7771 = EDGE_CURVE ( 'NONE', #2181, #4590, #1950, .T. ) ;
#7772 = PRESENTATION_LAYER_ASSIGNMENT (  '', '', ( #5059 ) ) ;
#7773 = ORIENTED_EDGE ( 'NONE', *, *, #233, .F. ) ;
#7774 = DIRECTION ( 'NONE',  ( -1.000000000000000000, 1.084202172485504237E-15, 0.0000000000000000000 ) ) ;
#7775 =( GEOMETRIC_REPRESENTATION_CONTEXT ( 3 ) GLOBAL_UNCERTAINTY_ASSIGNED_CONTEXT ( ( #379 ) ) GLOBAL_UNIT_ASSIGNED_CONTEXT ( ( #4244, #2293, #7914 ) ) REPRESENTATION_CONTEXT ( 'NONE', 'WORKASPACE' ) );
#7776 = SURFACE_STYLE_USAGE ( .BOTH. , #5369 ) ;
#7777 = CARTESIAN_POINT ( 'NONE',  ( 8.250000000000000000, 0.2000000000000000111, -0.2499999999999997780 ) ) ;
#7778 = LINE ( 'NONE', #2276, #5309 ) ;
#7779 = ORIENTED_EDGE ( 'NONE', *, *, #6367, .T. ) ;
#7780 = CARTESIAN_POINT ( 'NONE',  ( 3.299999999999999378, 0.2000000000000000389, -2.800000000000000266 ) ) ;
#7781 = ORIENTED_EDGE ( 'NONE', *, *, #5822, .F. ) ;
#7782 = DIRECTION ( 'NONE',  ( 3.872150616019660190E-17, 1.000000000000000000, -0.0000000000000000000 ) ) ;
#7783 = VECTOR ( 'NONE', #3026, 1000.000000000000000 ) ;
#7784 = DIRECTION ( 'NONE',  ( -3.833233541708400216E-17, -0.7071067811865410224, -0.7071067811865540120 ) ) ;
#7785 = SURFACE_STYLE_USAGE ( .BOTH. , #6634 ) ;
#7786 = DIRECTION ( 'NONE',  ( -4.336808689942017736E-16, 0.0000000000000000000, -1.000000000000000000 ) ) ;
#7787 = ORIENTED_EDGE ( 'NONE', *, *, #900, .T. ) ;
#7788 = DIRECTION ( 'NONE',  ( 0.0000000000000000000, 0.0000000000000000000, 1.000000000000000000 ) ) ;
#7789 = SURFACE_STYLE_FILL_AREA ( #5921 ) ;
#7790 = SURFACE_STYLE_FILL_AREA ( #6002 ) ;
#7791 = LINE ( 'NONE', #5973, #4889 ) ;
#7792 = DIRECTION ( 'NONE',  ( -4.336808689942017736E-16, 0.0000000000000000000, -1.000000000000000000 ) ) ;
#7793 = CYLINDRICAL_SURFACE ( 'NONE', #294, 0.4999999999999995559 ) ;
#7794 = FACE_OUTER_BOUND ( 'NONE', #1490, .T. ) ;
#7795 = UNCERTAINTY_MEASURE_WITH_UNIT (LENGTH_MEASURE( 1.000000000000000082E-05 ), #7594, 'distance_accuracy_value', 'NONE');
#7796 = FILL_AREA_STYLE ('',( #1009 ) ) ;
#7797 = EDGE_CURVE ( 'NONE', #3945, #6695, #7528, .T. ) ;
#7798 = VECTOR ( 'NONE', #2574, 1000.000000000000000 ) ;
#7799 = CARTESIAN_POINT ( 'NONE',  ( 0.7500000000000002220, 3.149999999999999467, -2.050000000000002043 ) ) ;
#7800 = ORIENTED_EDGE ( 'NONE', *, *, #2269, .T. ) ;
#7801 =( GEOMETRIC_REPRESENTATION_CONTEXT ( 3 ) GLOBAL_UNCERTAINTY_ASSIGNED_CONTEXT ( ( #2141 ) ) GLOBAL_UNIT_ASSIGNED_CONTEXT ( ( #1726, #4885, #4288 ) ) REPRESENTATION_CONTEXT ( 'NONE', 'WORKASPACE' ) );
#7802 = EDGE_CURVE ( 'NONE', #6629, #5774, #3288, .T. ) ;
#7803 = ORIENTED_EDGE ( 'NONE', *, *, #1873, .T. ) ;
#7804 = EDGE_CURVE ( 'NONE', #1002, #993, #5587, .T. ) ;
#7805 =( NAMED_UNIT ( * ) SI_UNIT ( $, .STERADIAN. ) SOLID_ANGLE_UNIT ( ) );
#7806 = CARTESIAN_POINT ( 'NONE',  ( 9.950000000000001066, 6.000000000000000000, 1.699999999999999289 ) ) ;
#7807 = ORIENTED_EDGE ( 'NONE', *, *, #1140, .T. ) ;
#7808 = ADVANCED_FACE ( 'NONE', ( #5713 ), #2534, .F. ) ;
#7809 =( NAMED_UNIT ( * ) PLANE_ANGLE_UNIT ( ) SI_UNIT ( $, .RADIAN. ) );
#7810 = EDGE_LOOP ( 'NONE', ( #5954, #4384, #3445, #6884 ) ) ;
#7811 = ORIENTED_EDGE ( 'NONE', *, *, #3593, .T. ) ;
#7812 = CARTESIAN_POINT ( 'NONE',  ( 2.250000000000000000, -3.399999999999999911, 0.2500000000000002220 ) ) ;
#7813 = LINE ( 'NONE', #2320, #3750 ) ;
#7814 = PLANE ( 'NONE',  #7674 ) ;
#7815 = ORIENTED_EDGE ( 'NONE', *, *, #6318, .T. ) ;
#7816 = EDGE_CURVE ( 'NONE', #7177, #3242, #289, .T. ) ;
#7817 = VECTOR ( 'NONE', #4635, 999.9999999999998863 ) ;
#7818 = CARTESIAN_POINT ( 'NONE',  ( 7.749999999999998224, 1.800000000000000044, -2.800000000000004707 ) ) ;
#7819 = CARTESIAN_POINT ( 'NONE',  ( 2.050000000000000266, 5.100000000000001421, -0.1499999999999951927 ) ) ;
#7820 = VERTEX_POINT ( 'NONE', #6478 ) ;
#7821 = ORIENTED_EDGE ( 'NONE', *, *, #2772, .F. ) ;
#7822 = VECTOR ( 'NONE', #2226, 1000.000000000000000 ) ;
#7823 = PRESENTATION_STYLE_ASSIGNMENT (( #6045 ) ) ;
#7824 =( NAMED_UNIT ( * ) PLANE_ANGLE_UNIT ( ) SI_UNIT ( $, .RADIAN. ) );
#7825 = AXIS2_PLACEMENT_3D ( 'NONE', #7394, #1875, #93 ) ;
#7826 = DIRECTION ( 'NONE',  ( -0.0000000000000000000, -0.0000000000000000000, 1.000000000000000000 ) ) ;
#7827 = EDGE_LOOP ( 'NONE', ( #877, #5124, #6327, #451 ) ) ;
#7828 = EDGE_CURVE ( 'NONE', #532, #7131, #5221, .T. ) ;
#7829 = PRESENTATION_LAYER_ASSIGNMENT (  '', '', ( #3340 ) ) ;
#7830 = ORIENTED_EDGE ( 'NONE', *, *, #7304, .T. ) ;
#7831 = ORIENTED_EDGE ( 'NONE', *, *, #5987, .T. ) ;
#7832 = DIRECTION ( 'NONE',  ( -0.7071067811865536790, -0.7071067811865414665, 3.066586833366774900E-16 ) ) ;
#7833 = CARTESIAN_POINT ( 'NONE',  ( 6.699999999999999289, 0.0000000000000000000, 1.700000000000000178 ) ) ;
#7834 = DIRECTION ( 'NONE',  ( 0.5773502691896239547, -0.5773502691896239547, 0.5773502691896295058 ) ) ;
#7835 = SURFACE_SIDE_STYLE ('',( #5288 ) ) ;
#7836 = FILL_AREA_STYLE ('',( #425 ) ) ;
#7837 = UNCERTAINTY_MEASURE_WITH_UNIT (LENGTH_MEASURE( 1.000000000000000082E-05 ), #348, 'distance_accuracy_value', 'NONE');
#7838 = ORIENTED_EDGE ( 'NONE', *, *, #7603, .T. ) ;
#7839 = FILL_AREA_STYLE_COLOUR ( '', #4024 ) ;
#7840 = CARTESIAN_POINT ( 'NONE',  ( -1.949999999999999956, 1.149999999999999911, -1.050000000000003597 ) ) ;
#7841 = DIRECTION ( 'NONE',  ( 0.5773502691896258421, 0.5773502691896228445, 0.5773502691896286176 ) ) ;
#7842 = STYLED_ITEM ( 'NONE', ( #212 ), #7808 ) ;
#7843 = VECTOR ( 'NONE', #667, 1000.000000000000000 ) ;
#7844 = EDGE_CURVE ( 'NONE', #5872, #5873, #1574, .T. ) ;
#7845 = UNCERTAINTY_MEASURE_WITH_UNIT (LENGTH_MEASURE( 1.000000000000000082E-05 ), #3906, 'distance_accuracy_value', 'NONE');
#7846 = DIRECTION ( 'NONE',  ( 0.0000000000000000000, -0.0000000000000000000, 1.000000000000000000 ) ) ;
#7847 = SURFACE_SIDE_STYLE ('',( #6547 ) ) ;
#7848 = AXIS2_PLACEMENT_3D ( 'NONE', #6291, #6121, #6250 ) ;
#7849 =( NAMED_UNIT ( * ) SI_UNIT ( $, .STERADIAN. ) SOLID_ANGLE_UNIT ( ) );
#7850 = VERTEX_POINT ( 'NONE', #4031 ) ;
#7851 = CARTESIAN_POINT ( 'NONE',  ( 2.150000000000000355, -3.399999999999999911, 0.2500000000000002220 ) ) ;
#7852 = EDGE_LOOP ( 'NONE', ( #2338, #5138, #1061, #921 ) ) ;
#7853 = EDGE_CURVE ( 'NONE', #6022, #6092, #2877, .T. ) ;
#7854 = VECTOR ( 'NONE', #5254, 1000.000000000000000 ) ;
#7855 = ORIENTED_EDGE ( 'NONE', *, *, #2555, .F. ) ;
#7856 = AXIS2_PLACEMENT_3D ( 'NONE', #3363, #2768, #3408 ) ;
#7857 = CARTESIAN_POINT ( 'NONE',  ( -1.949999999999999956, 6.000000000000000000, -2.800000000000000266 ) ) ;
#7858 = CARTESIAN_POINT ( 'NONE',  ( 0.6999999999999996225, 0.0000000000000000000, -2.800000000000000266 ) ) ;
#7859 = COLOUR_RGB ( '',1.000000000000000000, 1.000000000000000000, 1.000000000000000000 ) ;
#7860 = ORIENTED_EDGE ( 'NONE', *, *, #7194, .F. ) ;
#7861 = ORIENTED_EDGE ( 'NONE', *, *, #7231, .F. ) ;
#7862 = VECTOR ( 'NONE', #7904, 1000.000000000000000 ) ;
#7863 = LINE ( 'NONE', #4276, #5780 ) ;
#7864 = ADVANCED_FACE ( 'NONE', ( #7111 ), #7726, .F. ) ;
#7865 = ORIENTED_EDGE ( 'NONE', *, *, #1905, .F. ) ;
#7866 = STYLED_ITEM ( 'NONE', ( #2273 ), #7198 ) ;
#7867 = CARTESIAN_POINT ( 'NONE',  ( 1.750000000000000666, 4.999999999999999112, 0.2500000000000002220 ) ) ;
#7868 = EDGE_LOOP ( 'NONE', ( #7297, #3429, #5464, #4784 ) ) ;
#7869 = EDGE_CURVE ( 'NONE', #7013, #3916, #7778, .T. ) ;
#7870 =( GEOMETRIC_REPRESENTATION_CONTEXT ( 3 ) GLOBAL_UNCERTAINTY_ASSIGNED_CONTEXT ( ( #7638 ) ) GLOBAL_UNIT_ASSIGNED_CONTEXT ( ( #2187, #5895, #4100 ) ) REPRESENTATION_CONTEXT ( 'NONE', 'WORKASPACE' ) );
#7871 = ORIENTED_EDGE ( 'NONE', *, *, #5287, .F. ) ;
#7872 = LINE ( 'NONE', #2257, #5962 ) ;
#7873 = LINE ( 'NONE', #7244, #3361 ) ;
#7874 = VECTOR ( 'NONE', #5061, 1000.000000000000000 ) ;
#7875 =( NAMED_UNIT ( * ) PLANE_ANGLE_UNIT ( ) SI_UNIT ( $, .RADIAN. ) );
#7876 = CARTESIAN_POINT ( 'NONE',  ( 6.850000000000000533, 1.800000000000000711, 1.249999999999997558 ) ) ;
#7877 = VECTOR ( 'NONE', #7650, 1000.000000000000000 ) ;
#7878 = VECTOR ( 'NONE', #4523, 1000.000000000000000 ) ;
#7879 =( LENGTH_UNIT ( ) NAMED_UNIT ( * ) SI_UNIT ( .MILLI., .METRE. ) );
#7880 =( GEOMETRIC_REPRESENTATION_CONTEXT ( 3 ) GLOBAL_UNCERTAINTY_ASSIGNED_CONTEXT ( ( #73 ) ) GLOBAL_UNIT_ASSIGNED_CONTEXT ( ( #5216, #3958, #6983 ) ) REPRESENTATION_CONTEXT ( 'NONE', 'WORKASPACE' ) );
#7881 = DIRECTION ( 'NONE',  ( 1.000000000000000000, -0.0000000000000000000, -0.0000000000000000000 ) ) ;
#7882 = MECHANICAL_DESIGN_GEOMETRIC_PRESENTATION_REPRESENTATION (  '', ( #6705 ), #3017 ) ;
#7883 = PRESENTATION_LAYER_ASSIGNMENT (  '', '', ( #1990 ) ) ;
#7884 = EDGE_LOOP ( 'NONE', ( #4844, #682, #4962, #4672 ) ) ;
#7885 = CARTESIAN_POINT ( 'NONE',  ( 9.349999999999999645, 5.650000000000000355, -2.350000000000000977 ) ) ;
#7886 =( NAMED_UNIT ( * ) PLANE_ANGLE_UNIT ( ) SI_UNIT ( $, .RADIAN. ) );
#7887 = STYLED_ITEM ( 'NONE', ( #5058 ), #804 ) ;
#7888 = EDGE_LOOP ( 'NONE', ( #5634, #388, #104, #4967 ) ) ;
#7889 = ORIENTED_EDGE ( 'NONE', *, *, #6282, .F. ) ;
#7890 = VECTOR ( 'NONE', #2059, 1000.000000000000000 ) ;
#7891 =( LENGTH_UNIT ( ) NAMED_UNIT ( * ) SI_UNIT ( .MILLI., .METRE. ) );
#7892 = DIRECTION ( 'NONE',  ( 0.0000000000000000000, -0.0000000000000000000, 1.000000000000000000 ) ) ;
#7893 = SURFACE_STYLE_FILL_AREA ( #1814 ) ;
#7894 = PRODUCT_CONTEXT ( 'NONE', #765, 'mechanical' ) ;
#7895 = CARTESIAN_POINT ( 'NONE',  ( 9.350000000000001421, -11.28937553631732271, 1.249999999999998446 ) ) ;
#7896 = EDGE_CURVE ( 'NONE', #4068, #5261, #7690, .T. ) ;
#7897 = VERTEX_POINT ( 'NONE', #4710 ) ;
#7898 = DIRECTION ( 'NONE',  ( -1.000000000000000000, 3.872150616019660190E-17, 0.0000000000000000000 ) ) ;
#7899 = VERTEX_POINT ( 'NONE', #1653 ) ;
#7900 = FACE_OUTER_BOUND ( 'NONE', #755, .T. ) ;
#7901 = COLOUR_RGB ( '',1.000000000000000000, 0.8117647058823529438, 0.5019607843137254832 ) ;
#7902 = SURFACE_STYLE_USAGE ( .BOTH. , #1192 ) ;
#7903 = ORIENTED_EDGE ( 'NONE', *, *, #5006, .F. ) ;
#7904 = DIRECTION ( 'NONE',  ( 1.000000000000000000, 0.0000000000000000000, 0.0000000000000000000 ) ) ;
#7905 = SURFACE_STYLE_FILL_AREA ( #6529 ) ;
#7906 = DIRECTION ( 'NONE',  ( -4.818676322157798361E-16, 0.0000000000000000000, -1.000000000000000000 ) ) ;
#7907 = EDGE_CURVE ( 'NONE', #4742, #4219, #952, .T. ) ;
#7908 = ORIENTED_EDGE ( 'NONE', *, *, #3404, .T. ) ;
#7909 = LINE ( 'NONE', #572, #3683 ) ;
#7910 = DIRECTION ( 'NONE',  ( -8.761229676650542385E-16, -1.000000000000000000, 0.0000000000000000000 ) ) ;
#7911 = EDGE_CURVE ( 'NONE', #875, #6888, #5149, .T. ) ;
#7912 =( LENGTH_UNIT ( ) NAMED_UNIT ( * ) SI_UNIT ( .MILLI., .METRE. ) );
#7913 = ORIENTED_EDGE ( 'NONE', *, *, #3783, .F. ) ;
#7914 =( NAMED_UNIT ( * ) SI_UNIT ( $, .STERADIAN. ) SOLID_ANGLE_UNIT ( ) );
#7915 = DIRECTION ( 'NONE',  ( -3.833233541708453218E-17, -0.7071067811865509034, 0.7071067811865441310 ) ) ;
#7916 = SURFACE_STYLE_FILL_AREA ( #7287 ) ;
#7917 = CARTESIAN_POINT ( 'NONE',  ( -1.949999999999999956, 1.800000000000000044, -0.2499999999999997780 ) ) ;
#7918 = LINE ( 'NONE', #2428, #4372 ) ;
#7919 = UNCERTAINTY_MEASURE_WITH_UNIT (LENGTH_MEASURE( 1.000000000000000082E-05 ), #74, 'distance_accuracy_value', 'NONE');
#7920 = EDGE_LOOP ( 'NONE', ( #886, #5701, #7238, #6109 ) ) ;
#7921 = CARTESIAN_POINT ( 'NONE',  ( 8.699999999999999289, 0.1999999999999999833, -2.800000000000000266 ) ) ;
#7922 = DIRECTION ( 'NONE',  ( 0.0000000000000000000, 0.0000000000000000000, -1.000000000000000000 ) ) ;
#7923 = DIRECTION ( 'NONE',  ( -1.084202172485504237E-15, -1.000000000000000000, 0.0000000000000000000 ) ) ;
ENDSEC;
END-ISO-10303-21;
