ISO-10303-21;
HEADER;
FILE_DESCRIPTION (( 'STEP AP214' ),
    '1' );
FILE_NAME ('JST-B8B-PH-K-S.STEP',
    '2020-12-29T22:28:40',
    ( '' ),
    ( '' ),
    'SwSTEP 2.0',
    'SolidWorks 2020',
    '' );
FILE_SCHEMA (( 'AUTOMOTIVE_DESIGN' ));
ENDSEC;

DATA;
#1 = CARTESIAN_POINT ( 'NONE',  ( 0.7499999999999993339, 3.400000000000000355, -2.350000000000001421 ) ) ;
#2 = VECTOR ( 'NONE', #9652, 1000.000000000000000 ) ;
#3 = MECHANICAL_DESIGN_GEOMETRIC_PRESENTATION_REPRESENTATION (  '', ( #5009 ), #352 ) ;
#4 = COLOUR_RGB ( '',1.000000000000000000, 0.8117647058823529438, 0.5019607843137254832 ) ;
#5 = CARTESIAN_POINT ( 'NONE',  ( 2.250000000000000000, -3.399999999999999911, 0.2500000000000002220 ) ) ;
#6 = ORIENTED_EDGE ( 'NONE', *, *, #139, .T. ) ;
#7 = SURFACE_SIDE_STYLE ('',( #1707 ) ) ;
#8 = DIRECTION ( 'NONE',  ( 1.000000000000000000, 0.0000000000000000000, -0.0000000000000000000 ) ) ;
#9 = EDGE_CURVE ( 'NONE', #9226, #2467, #10708, .T. ) ;
#10 = STYLED_ITEM ( 'NONE', ( #1145 ), #557 ) ;
#11 = CARTESIAN_POINT ( 'NONE',  ( 14.67999999999999794, 4.230000000000001315, 1.599999999999999867 ) ) ;
#12 = VECTOR ( 'NONE', #6501, 1000.000000000000000 ) ;
#13 = FACE_OUTER_BOUND ( 'NONE', #3174, .T. ) ;
#14 = LINE ( 'NONE', #3546, #7009 ) ;
#15 = ORIENTED_EDGE ( 'NONE', *, *, #2890, .F. ) ;
#16 = CARTESIAN_POINT ( 'NONE',  ( 7.750000000000000000, -3.399999999999999911, -0.2499999999999997780 ) ) ;
#17 = FACE_OUTER_BOUND ( 'NONE', #6402, .T. ) ;
#18 = PRESENTATION_STYLE_ASSIGNMENT (( #2542 ) ) ;
#19 = PRESENTATION_LAYER_ASSIGNMENT (  '', '', ( #10020 ) ) ;
#20 = FILL_AREA_STYLE_COLOUR ( '', #306 ) ;
#21 = EDGE_LOOP ( 'NONE', ( #2693, #5938, #752, #4515 ) ) ;
#22 = PRESENTATION_LAYER_ASSIGNMENT (  '', '', ( #5218 ) ) ;
#23 = CARTESIAN_POINT ( 'NONE',  ( 0.0000000000000000000, 0.0000000000000000000, 0.0000000000000000000 ) ) ;
#24 = SURFACE_STYLE_USAGE ( .BOTH. , #6012 ) ;
#25 = DIRECTION ( 'NONE',  ( -1.000000000000000000, 5.421010862427522170E-17, 0.0000000000000000000 ) ) ;
#26 = VECTOR ( 'NONE', #10929, 1000.000000000000000 ) ;
#27 = PRESENTATION_LAYER_ASSIGNMENT (  '', '', ( #10584 ) ) ;
#28 = CARTESIAN_POINT ( 'NONE',  ( 3.750000000000001332, 5.000000000000000888, -0.2499999999999997780 ) ) ;
#29 = UNCERTAINTY_MEASURE_WITH_UNIT (LENGTH_MEASURE( 1.000000000000000082E-05 ), #2733, 'distance_accuracy_value', 'NONE');
#30 =( LENGTH_UNIT ( ) NAMED_UNIT ( * ) SI_UNIT ( .MILLI., .METRE. ) );
#31 = STYLED_ITEM ( 'NONE', ( #8156 ), #10771 ) ;
#32 = EDGE_CURVE ( 'NONE', #340, #528, #830, .T. ) ;
#33 = STYLED_ITEM ( 'NONE', ( #4479 ), #9719 ) ;
#34 = COLOUR_RGB ( '',1.000000000000000000, 1.000000000000000000, 1.000000000000000000 ) ;
#35 = AXIS2_PLACEMENT_3D ( 'NONE', #9065, #7316, #6443 ) ;
#36 = DIRECTION ( 'NONE',  ( 0.7071067811865536790, -0.7071067811865414665, 1.662400053425821631E-32 ) ) ;
#37 = VERTEX_POINT ( 'NONE', #8864 ) ;
#38 = PLANE ( 'NONE',  #9891 ) ;
#39 = LINE ( 'NONE', #2626, #6321 ) ;
#40 = SURFACE_STYLE_USAGE ( .BOTH. , #8743 ) ;
#41 = CARTESIAN_POINT ( 'NONE',  ( -1.350000000000000089, 6.000000000000000000, 1.600000000000000755 ) ) ;
#42 = STYLED_ITEM ( 'NONE', ( #10445 ), #10025 ) ;
#43 = CARTESIAN_POINT ( 'NONE',  ( 12.84999999999999787, 6.000000000000001776, 1.700000000000000178 ) ) ;
#44 = DIRECTION ( 'NONE',  ( 3.872150616019660190E-17, 1.000000000000000000, -0.0000000000000000000 ) ) ;
#45 = MECHANICAL_DESIGN_GEOMETRIC_PRESENTATION_REPRESENTATION (  '', ( #7446 ), #3181 ) ;
#46 = FILL_AREA_STYLE ('',( #3581 ) ) ;
#47 = COLOUR_RGB ( '',1.000000000000000000, 0.8117647058823529438, 0.5019607843137254832 ) ;
#48 = EDGE_CURVE ( 'NONE', #10628, #2532, #10656, .T. ) ;
#49 = AXIS2_PLACEMENT_3D ( 'NONE', #458, #6802, #6689 ) ;
#50 = CARTESIAN_POINT ( 'NONE',  ( 4.750000000000000888, 3.399999999999999467, -2.350000000000001421 ) ) ;
#51 = STYLED_ITEM ( 'NONE', ( #4910 ), #6925 ) ;
#52 = SURFACE_STYLE_USAGE ( .BOTH. , #7122 ) ;
#53 = ORIENTED_EDGE ( 'NONE', *, *, #9722, .F. ) ;
#54 = CARTESIAN_POINT ( 'NONE',  ( 6.083333333333333037, 5.166666666666671404, 0.08333333333333499404 ) ) ;
#55 = DIRECTION ( 'NONE',  ( -1.000000000000000000, 0.0000000000000000000, -0.0000000000000000000 ) ) ;
#56 = VERTEX_POINT ( 'NONE', #4456 ) ;
#57 = SURFACE_STYLE_USAGE ( .BOTH. , #4690 ) ;
#58 = PRESENTATION_LAYER_ASSIGNMENT (  '', '', ( #7841 ) ) ;
#59 = ORIENTED_EDGE ( 'NONE', *, *, #1605, .F. ) ;
#60 = CARTESIAN_POINT ( 'NONE',  ( 12.84999999999999787, 1.800000000000001377, 1.249999999999997558 ) ) ;
#61 = LINE ( 'NONE', #791, #8136 ) ;
#62 = AXIS2_PLACEMENT_3D ( 'NONE', #4823, #1417, #5002 ) ;
#63 = SURFACE_STYLE_FILL_AREA ( #7072 ) ;
#64 = UNCERTAINTY_MEASURE_WITH_UNIT (LENGTH_MEASURE( 1.000000000000000082E-05 ), #8978, 'distance_accuracy_value', 'NONE');
#65 = EDGE_CURVE ( 'NONE', #9225, #9622, #2676, .T. ) ;
#66 = FILL_AREA_STYLE ('',( #3780 ) ) ;
#67 = EDGE_CURVE ( 'NONE', #8612, #6319, #6254, .T. ) ;
#68 = PRESENTATION_STYLE_ASSIGNMENT (( #7196 ) ) ;
#69 = LINE ( 'NONE', #3713, #7062 ) ;
#70 = LINE ( 'NONE', #8892, #1996 ) ;
#71 = VECTOR ( 'NONE', #7121, 1000.000000000000000 ) ;
#72 = PLANE ( 'NONE',  #10384 ) ;
#73 = CARTESIAN_POINT ( 'NONE',  ( 4.250000000000000000, -3.299999999999997158, 0.2500000000000002220 ) ) ;
#74 = EDGE_LOOP ( 'NONE', ( #1330, #3966, #5423, #5606, #8257, #2534, #8279, #2281 ) ) ;
#75 = LINE ( 'NONE', #9810, #729 ) ;
#76 = DIRECTION ( 'NONE',  ( 1.000000000000000000, 0.0000000000000000000, -1.368320445974695621E-17 ) ) ;
#77 = DIRECTION ( 'NONE',  ( -1.000000000000000000, 0.0000000000000000000, -0.0000000000000000000 ) ) ;
#78 =( LENGTH_UNIT ( ) NAMED_UNIT ( * ) SI_UNIT ( .MILLI., .METRE. ) );
#79 = EDGE_CURVE ( 'NONE', #2614, #5689, #11440, .T. ) ;
#80 = VECTOR ( 'NONE', #206, 1000.000000000000000 ) ;
#81 = ADVANCED_FACE ( 'NONE', ( #1627 ), #6141, .T. ) ;
#82 = VERTEX_POINT ( 'NONE', #3406 ) ;
#83 = FACE_OUTER_BOUND ( 'NONE', #5007, .T. ) ;
#84 = LINE ( 'NONE', #5141, #8833 ) ;
#85 = UNCERTAINTY_MEASURE_WITH_UNIT (LENGTH_MEASURE( 1.000000000000000082E-05 ), #4904, 'distance_accuracy_value', 'NONE');
#86 = DIRECTION ( 'NONE',  ( -1.000000000000000000, 0.0000000000000000000, -0.0000000000000000000 ) ) ;
#87 = ORIENTED_EDGE ( 'NONE', *, *, #4898, .T. ) ;
#88 = MECHANICAL_DESIGN_GEOMETRIC_PRESENTATION_REPRESENTATION (  '', ( #3220 ), #6015 ) ;
#89 =( LENGTH_UNIT ( ) NAMED_UNIT ( * ) SI_UNIT ( .MILLI., .METRE. ) );
#90 = FACE_OUTER_BOUND ( 'NONE', #10326, .T. ) ;
#91 = UNCERTAINTY_MEASURE_WITH_UNIT (LENGTH_MEASURE( 1.000000000000000082E-05 ), #652, 'distance_accuracy_value', 'NONE');
#92 = DIRECTION ( 'NONE',  ( 1.000000000000000000, -5.421010862427522170E-17, 0.0000000000000000000 ) ) ;
#93 =( LENGTH_UNIT ( ) NAMED_UNIT ( * ) SI_UNIT ( .MILLI., .METRE. ) );
#94 = EDGE_CURVE ( 'NONE', #8533, #5200, #7877, .T. ) ;
#95 = EDGE_LOOP ( 'NONE', ( #269, #1456, #59, #9061, #3427 ) ) ;
#96 = PRESENTATION_STYLE_ASSIGNMENT (( #7974 ) ) ;
#97 = DIRECTION ( 'NONE',  ( 0.7071067811865504593, -0.7071067811865445751, -3.066586833366761095E-16 ) ) ;
#98 = FACE_OUTER_BOUND ( 'NONE', #3676, .T. ) ;
#99 = PRESENTATION_STYLE_ASSIGNMENT (( #5384 ) ) ;
#100 = VERTEX_POINT ( 'NONE', #5667 ) ;
#101 = EDGE_CURVE ( 'NONE', #7507, #8032, #308, .T. ) ;
#102 = ORIENTED_EDGE ( 'NONE', *, *, #9733, .F. ) ;
#103 = FILL_AREA_STYLE ('',( #8038 ) ) ;
#104 =( NAMED_UNIT ( * ) PLANE_ANGLE_UNIT ( ) SI_UNIT ( $, .RADIAN. ) );
#105 = CARTESIAN_POINT ( 'NONE',  ( 12.69999999999999929, 0.1999999999999999833, -2.800000000000000266 ) ) ;
#106 = SURFACE_SIDE_STYLE ('',( #2633 ) ) ;
#107 = PLANE ( 'NONE',  #10822 ) ;
#108 = FILL_AREA_STYLE_COLOUR ( '', #4777 ) ;
#109 = LINE ( 'NONE', #8101, #1329 ) ;
#110 = DIRECTION ( 'NONE',  ( 4.336808689942017736E-16, 0.0000000000000000000, 1.000000000000000000 ) ) ;
#111 = ORIENTED_EDGE ( 'NONE', *, *, #7080, .F. ) ;
#112 = AXIS2_PLACEMENT_3D ( 'NONE', #4094, #10240, #6866 ) ;
#113 = CARTESIAN_POINT ( 'NONE',  ( 12.75000000000000178, 3.149999999999999023, -2.050000000000001599 ) ) ;
#114 = ORIENTED_EDGE ( 'NONE', *, *, #94, .T. ) ;
#115 = VERTEX_POINT ( 'NONE', #1898 ) ;
#116 = DIRECTION ( 'NONE',  ( 0.5773502691896189587, 0.5773502691896363892, -0.5773502691896219563 ) ) ;
#117 = CARTESIAN_POINT ( 'NONE',  ( 3.750000000000000444, 5.000000000000000888, 0.2500000000000002220 ) ) ;
#118 = UNCERTAINTY_MEASURE_WITH_UNIT (LENGTH_MEASURE( 1.000000000000000082E-05 ), #2386, 'distance_accuracy_value', 'NONE');
#119 = AXIS2_PLACEMENT_3D ( 'NONE', #1325, #4841, #11206 ) ;
#120 = EDGE_CURVE ( 'NONE', #8341, #1439, #6533, .T. ) ;
#121 = LINE ( 'NONE', #10732, #7257 ) ;
#122 = DIRECTION ( 'NONE',  ( 9.103382349328301547E-49, 2.350988701644575016E-32, 1.000000000000000000 ) ) ;
#123 = DIRECTION ( 'NONE',  ( 0.0000000000000000000, 0.0000000000000000000, -1.000000000000000000 ) ) ;
#124 = AXIS2_PLACEMENT_3D ( 'NONE', #9087, #596, #4211 ) ;
#125 = DIRECTION ( 'NONE',  ( -1.000000000000000000, -0.0000000000000000000, -0.0000000000000000000 ) ) ;
#126 = SURFACE_STYLE_USAGE ( .BOTH. , #1083 ) ;
#127 = EDGE_CURVE ( 'NONE', #3518, #6659, #6587, .T. ) ;
#128 = CARTESIAN_POINT ( 'NONE',  ( -1.949999999999999956, 6.000000000000000000, 0.3199999999999999512 ) ) ;
#129 = LINE ( 'NONE', #4489, #11224 ) ;
#130 = FILL_AREA_STYLE ('',( #11421 ) ) ;
#131 = DIRECTION ( 'NONE',  ( 0.5773502691896259531, 0.5773502691896259531, -0.5773502691896253980 ) ) ;
#132 = PRESENTATION_LAYER_ASSIGNMENT (  '', '', ( #7724 ) ) ;
#133 = ORIENTED_EDGE ( 'NONE', *, *, #5720, .T. ) ;
#134 = VECTOR ( 'NONE', #5527, 1000.000000000000000 ) ;
#135 = CARTESIAN_POINT ( 'NONE',  ( 1.299999999999999600, 0.2000000000000000389, -2.800000000000000266 ) ) ;
#136 = FILL_AREA_STYLE_COLOUR ( '', #10944 ) ;
#137 = ADVANCED_FACE ( 'NONE', ( #9956 ), #10013, .F. ) ;
#138 = COLOUR_RGB ( '',1.000000000000000000, 1.000000000000000000, 1.000000000000000000 ) ;
#139 = EDGE_CURVE ( 'NONE', #1458, #6231, #9039, .T. ) ;
#140 = VECTOR ( 'NONE', #5543, 1000.000000000000000 ) ;
#141 = SURFACE_STYLE_FILL_AREA ( #2124 ) ;
#142 = CARTESIAN_POINT ( 'NONE',  ( 15.94999999999999929, 0.0000000000000000000, 1.699999999999999289 ) ) ;
#143 = COLOUR_RGB ( '',1.000000000000000000, 1.000000000000000000, 1.000000000000000000 ) ;
#144 = SURFACE_SIDE_STYLE ('',( #2561 ) ) ;
#145 = DIRECTION ( 'NONE',  ( -1.000000000000000000, 3.872150616019660190E-17, 0.0000000000000000000 ) ) ;
#146 = SURFACE_STYLE_FILL_AREA ( #8862 ) ;
#147 = CARTESIAN_POINT ( 'NONE',  ( 7.749999999999998224, 0.2000000000000000111, -2.800000000000000266 ) ) ;
#148 = ADVANCED_FACE ( 'NONE', ( #10980 ), #5619, .F. ) ;
#149 = LINE ( 'NONE', #2787, #2987 ) ;
#150 = SURFACE_STYLE_USAGE ( .BOTH. , #8095 ) ;
#151 = MECHANICAL_DESIGN_GEOMETRIC_PRESENTATION_REPRESENTATION (  '', ( #3110 ), #4605 ) ;
#152 = FILL_AREA_STYLE ('',( #9791 ) ) ;
#153 = SURFACE_SIDE_STYLE ('',( #6310 ) ) ;
#154 = CARTESIAN_POINT ( 'NONE',  ( 3.849999999999997868, 5.100000000000001421, 0.1500000000000025757 ) ) ;
#155 = CARTESIAN_POINT ( 'NONE',  ( 12.84999999999999787, 6.000000000000000000, 1.600000000000000755 ) ) ;
#156 = CARTESIAN_POINT ( 'NONE',  ( -1.350000000000000089, 1.149999999999999911, -2.350000000000001421 ) ) ;
#157 = FILL_AREA_STYLE ('',( #5300 ) ) ;
#158 = SURFACE_STYLE_USAGE ( .BOTH. , #2864 ) ;
#159 = VERTEX_POINT ( 'NONE', #2846 ) ;
#160 = DIRECTION ( 'NONE',  ( -0.0000000000000000000, 0.0000000000000000000, 1.000000000000000000 ) ) ;
#161 = VERTEX_POINT ( 'NONE', #2020 ) ;
#162 = PRESENTATION_STYLE_ASSIGNMENT (( #9857 ) ) ;
#163 = VECTOR ( 'NONE', #7007, 1000.000000000000000 ) ;
#164 = LINE ( 'NONE', #6867, #7624 ) ;
#165 = ORIENTED_EDGE ( 'NONE', *, *, #3707, .T. ) ;
#166 = FACE_OUTER_BOUND ( 'NONE', #8046, .T. ) ;
#167 = VECTOR ( 'NONE', #8991, 1000.000000000000000 ) ;
#168 = STYLED_ITEM ( 'NONE', ( #3528 ), #7669 ) ;
#169 = SURFACE_STYLE_FILL_AREA ( #8176 ) ;
#170 = LINE ( 'NONE', #6227, #6331 ) ;
#171 = SURFACE_STYLE_USAGE ( .BOTH. , #10795 ) ;
#172 = DIRECTION ( 'NONE',  ( -1.000000000000000000, 0.0000000000000000000, -0.0000000000000000000 ) ) ;
#173 = FACE_OUTER_BOUND ( 'NONE', #5220, .T. ) ;
#174 = STYLED_ITEM ( 'NONE', ( #456 ), #8732 ) ;
#175 = DIRECTION ( 'NONE',  ( -4.336808689942017736E-16, 0.0000000000000000000, -1.000000000000000000 ) ) ;
#176 =( GEOMETRIC_REPRESENTATION_CONTEXT ( 3 ) GLOBAL_UNCERTAINTY_ASSIGNED_CONTEXT ( ( #256 ) ) GLOBAL_UNIT_ASSIGNED_CONTEXT ( ( #9549, #802, #4257 ) ) REPRESENTATION_CONTEXT ( 'NONE', 'WORKASPACE' ) );
#177 = SURFACE_STYLE_FILL_AREA ( #8127 ) ;
#178 = CARTESIAN_POINT ( 'NONE',  ( 12.96666666666666323, -2.516666666666673269, -1.033333333333322557 ) ) ;
#179 = STYLED_ITEM ( 'NONE', ( #4092 ), #7130 ) ;
#180 = UNCERTAINTY_MEASURE_WITH_UNIT (LENGTH_MEASURE( 1.000000000000000082E-05 ), #2739, 'distance_accuracy_value', 'NONE');
#181 =( NAMED_UNIT ( * ) SI_UNIT ( $, .STERADIAN. ) SOLID_ANGLE_UNIT ( ) );
#182 = UNCERTAINTY_MEASURE_WITH_UNIT (LENGTH_MEASURE( 1.000000000000000082E-05 ), #2116, 'distance_accuracy_value', 'NONE');
#183 = FILL_AREA_STYLE ('',( #8134 ) ) ;
#184 = UNCERTAINTY_MEASURE_WITH_UNIT (LENGTH_MEASURE( 1.000000000000000082E-05 ), #6669, 'distance_accuracy_value', 'NONE');
#185 = ORIENTED_EDGE ( 'NONE', *, *, #1805, .F. ) ;
#186 = EDGE_CURVE ( 'NONE', #2161, #9913, #1160, .T. ) ;
#187 = EDGE_CURVE ( 'NONE', #5161, #1367, #5785, .T. ) ;
#188 = ORIENTED_EDGE ( 'NONE', *, *, #10297, .F. ) ;
#189 =( GEOMETRIC_REPRESENTATION_CONTEXT ( 3 ) GLOBAL_UNCERTAINTY_ASSIGNED_CONTEXT ( ( #3310 ) ) GLOBAL_UNIT_ASSIGNED_CONTEXT ( ( #4214, #10471, #9771 ) ) REPRESENTATION_CONTEXT ( 'NONE', 'WORKASPACE' ) );
#190 = PRESENTATION_LAYER_ASSIGNMENT (  '', '', ( #3721 ) ) ;
#191 = VECTOR ( 'NONE', #1621, 1000.000000000000000 ) ;
#192 =( NAMED_UNIT ( * ) SI_UNIT ( $, .STERADIAN. ) SOLID_ANGLE_UNIT ( ) );
#193 = ADVANCED_FACE ( 'NONE', ( #7506 ), #6874, .T. ) ;
#194 =( NAMED_UNIT ( * ) SI_UNIT ( $, .STERADIAN. ) SOLID_ANGLE_UNIT ( ) );
#195 = PRESENTATION_LAYER_ASSIGNMENT (  '', '', ( #11120 ) ) ;
#196 = FILL_AREA_STYLE_COLOUR ( '', #7426 ) ;
#197 = DIRECTION ( 'NONE',  ( 9.103382349328301547E-49, 2.350988701644575016E-32, 1.000000000000000000 ) ) ;
#198 =( GEOMETRIC_REPRESENTATION_CONTEXT ( 3 ) GLOBAL_UNCERTAINTY_ASSIGNED_CONTEXT ( ( #9138 ) ) GLOBAL_UNIT_ASSIGNED_CONTEXT ( ( #1896, #1384, #11259 ) ) REPRESENTATION_CONTEXT ( 'NONE', 'WORKASPACE' ) );
#199 = SURFACE_SIDE_STYLE ('',( #1962 ) ) ;
#200 = CARTESIAN_POINT ( 'NONE',  ( 15.95100000000000051, 4.500000000000000888, -0.1799999999999996048 ) ) ;
#201 = VECTOR ( 'NONE', #219, 1000.000000000000000 ) ;
#202 = ADVANCED_FACE ( 'NONE', ( #4909 ), #4973, .T. ) ;
#203 = LINE ( 'NONE', #3761, #2227 ) ;
#204 = CARTESIAN_POINT ( 'NONE',  ( 7.750000000000000000, -3.399999999999999911, -0.2499999999999997780 ) ) ;
#205 = DIRECTION ( 'NONE',  ( 0.0000000000000000000, 0.0000000000000000000, -1.000000000000000000 ) ) ;
#206 = DIRECTION ( 'NONE',  ( -0.0000000000000000000, -0.0000000000000000000, -1.000000000000000000 ) ) ;
#207 = PRESENTATION_LAYER_ASSIGNMENT (  '', '', ( #6890 ) ) ;
#208 = LINE ( 'NONE', #3767, #9685 ) ;
#209 = DIRECTION ( 'NONE',  ( 0.0000000000000000000, -0.0000000000000000000, -1.000000000000000000 ) ) ;
#210 = PRESENTATION_LAYER_ASSIGNMENT (  '', '', ( #943 ) ) ;
#211 = FILL_AREA_STYLE_COLOUR ( '', #8697 ) ;
#212 = ORIENTED_EDGE ( 'NONE', *, *, #11108, .T. ) ;
#213 =( GEOMETRIC_REPRESENTATION_CONTEXT ( 3 ) GLOBAL_UNCERTAINTY_ASSIGNED_CONTEXT ( ( #5269 ) ) GLOBAL_UNIT_ASSIGNED_CONTEXT ( ( #5319, #9026, #3501 ) ) REPRESENTATION_CONTEXT ( 'NONE', 'WORKASPACE' ) );
#214 =( GEOMETRIC_REPRESENTATION_CONTEXT ( 3 ) GLOBAL_UNCERTAINTY_ASSIGNED_CONTEXT ( ( #2185 ) ) GLOBAL_UNIT_ASSIGNED_CONTEXT ( ( #7422, #10959, #10335 ) ) REPRESENTATION_CONTEXT ( 'NONE', 'WORKASPACE' ) );
#215 = ORIENTED_EDGE ( 'NONE', *, *, #702, .F. ) ;
#216 = SURFACE_STYLE_FILL_AREA ( #2694 ) ;
#217 = DIRECTION ( 'NONE',  ( 3.872150616019660190E-17, 1.000000000000000000, 0.0000000000000000000 ) ) ;
#218 = UNCERTAINTY_MEASURE_WITH_UNIT (LENGTH_MEASURE( 1.000000000000000082E-05 ), #2745, 'distance_accuracy_value', 'NONE');
#219 = DIRECTION ( 'NONE',  ( 1.000000000000000000, -0.0000000000000000000, -4.845596301611194130E-17 ) ) ;
#220 = ORIENTED_EDGE ( 'NONE', *, *, #3904, .F. ) ;
#221 = DIRECTION ( 'NONE',  ( -0.7071067811865536790, -0.7071067811865414665, 3.066586833366774900E-16 ) ) ;
#222 = VECTOR ( 'NONE', #10253, 1000.000000000000000 ) ;
#223 = VERTEX_POINT ( 'NONE', #418 ) ;
#224 = ORIENTED_EDGE ( 'NONE', *, *, #7656, .T. ) ;
#225 = LINE ( 'NONE', #3782, #7620 ) ;
#226 = VECTOR ( 'NONE', #2892, 1000.000000000000000 ) ;
#227 = CARTESIAN_POINT ( 'NONE',  ( 2.050000000000000266, 3.149999999999999023, -2.050000000000001599 ) ) ;
#228 = ADVANCED_FACE ( 'NONE', ( #2378 ), #1498, .T. ) ;
#229 =( GEOMETRIC_REPRESENTATION_CONTEXT ( 3 ) GLOBAL_UNCERTAINTY_ASSIGNED_CONTEXT ( ( #5516 ) ) GLOBAL_UNIT_ASSIGNED_CONTEXT ( ( #6457, #2005, #4664 ) ) REPRESENTATION_CONTEXT ( 'NONE', 'WORKASPACE' ) );
#230 = CARTESIAN_POINT ( 'NONE',  ( 5.750000000000001776, 5.000000000000004441, 0.2500000000000002220 ) ) ;
#231 = PLANE ( 'NONE',  #500 ) ;
#232 = LINE ( 'NONE', #7424, #1001 ) ;
#233 = DIRECTION ( 'NONE',  ( -0.0000000000000000000, -0.0000000000000000000, 1.000000000000000000 ) ) ;
#234 = DIRECTION ( 'NONE',  ( -0.0000000000000000000, 1.000000000000000000, -0.0000000000000000000 ) ) ;
#235 = PRESENTATION_STYLE_ASSIGNMENT (( #10747 ) ) ;
#236 = FILL_AREA_STYLE ('',( #9021 ) ) ;
#237 = FILL_AREA_STYLE ('',( #7552 ) ) ;
#238 = PRESENTATION_STYLE_ASSIGNMENT (( #8201 ) ) ;
#239 = CARTESIAN_POINT ( 'NONE',  ( 14.14999999999999858, 5.100000000000001421, 0.1500000000000008271 ) ) ;
#240 = MECHANICAL_DESIGN_GEOMETRIC_PRESENTATION_REPRESENTATION (  '', ( #6565 ), #9343 ) ;
#241 = LINE ( 'NONE', #142, #9113 ) ;
#242 = ADVANCED_FACE ( 'NONE', ( #11429 ), #6188, .F. ) ;
#243 = EDGE_CURVE ( 'NONE', #7858, #3031, #2493, .T. ) ;
#244 = FILL_AREA_STYLE_COLOUR ( '', #3445 ) ;
#245 = VECTOR ( 'NONE', #4058, 1000.000000000000114 ) ;
#246 = PLANE ( 'NONE',  #434 ) ;
#247 = CARTESIAN_POINT ( 'NONE',  ( 15.34999999999999964, 6.000000000000000000, -0.6799999999999982725 ) ) ;
#248 = CARTESIAN_POINT ( 'NONE',  ( 8.250000000000000000, -3.399999999999999911, 0.2500000000000002220 ) ) ;
#249 = LINE ( 'NONE', #1116, #8378 ) ;
#250 = ORIENTED_EDGE ( 'NONE', *, *, #3327, .T. ) ;
#251 = FILL_AREA_STYLE_COLOUR ( '', #3238 ) ;
#252 = VECTOR ( 'NONE', #3144, 1000.000000000000000 ) ;
#253 = EDGE_CURVE ( 'NONE', #6044, #9910, #1612, .T. ) ;
#254 = DIRECTION ( 'NONE',  ( 0.0000000000000000000, 0.0000000000000000000, 1.000000000000000000 ) ) ;
#255 = FILL_AREA_STYLE_COLOUR ( '', #323 ) ;
#256 = UNCERTAINTY_MEASURE_WITH_UNIT (LENGTH_MEASURE( 1.000000000000000082E-05 ), #9549, 'distance_accuracy_value', 'NONE');
#257 = DIRECTION ( 'NONE',  ( 1.000000000000000000, -0.0000000000000000000, -4.845596301611194130E-17 ) ) ;
#258 = AXIS2_PLACEMENT_3D ( 'NONE', #2262, #9262, #3810 ) ;
#259 = LINE ( 'NONE', #3041, #2608 ) ;
#260 = DIRECTION ( 'NONE',  ( 1.000000000000000000, 0.0000000000000000000, -0.0000000000000000000 ) ) ;
#261 = PRESENTATION_STYLE_ASSIGNMENT (( #158 ) ) ;
#262 = ORIENTED_EDGE ( 'NONE', *, *, #4007, .T. ) ;
#263 = ADVANCED_FACE ( 'NONE', ( #6924 ), #4446, .F. ) ;
#264 = SURFACE_STYLE_FILL_AREA ( #6272 ) ;
#265 = EDGE_CURVE ( 'NONE', #8580, #7306, #5145, .T. ) ;
#266 = VECTOR ( 'NONE', #9095, 1000.000000000000000 ) ;
#267 = CARTESIAN_POINT ( 'NONE',  ( 1.750000000000000222, -3.399999999999999911, 0.2500000000000002220 ) ) ;
#268 = SURFACE_STYLE_FILL_AREA ( #4579 ) ;
#269 = ORIENTED_EDGE ( 'NONE', *, *, #10930, .F. ) ;
#270 = MECHANICAL_DESIGN_GEOMETRIC_PRESENTATION_REPRESENTATION (  '', ( #8814 ), #6710 ) ;
#271 = ORIENTED_EDGE ( 'NONE', *, *, #1123, .T. ) ;
#272 = ORIENTED_EDGE ( 'NONE', *, *, #8845, .T. ) ;
#273 = AXIS2_PLACEMENT_3D ( 'NONE', #5669, #10018, #2026 ) ;
#274 = DIRECTION ( 'NONE',  ( 0.7071067811865520136, -0.7071067811865431318, -3.066586833366767505E-16 ) ) ;
#275 = FILL_AREA_STYLE ('',( #5193 ) ) ;
#276 = VERTEX_POINT ( 'NONE', #3912 ) ;
#277 =( NAMED_UNIT ( * ) SI_UNIT ( $, .STERADIAN. ) SOLID_ANGLE_UNIT ( ) );
#278 =( NAMED_UNIT ( * ) SI_UNIT ( $, .STERADIAN. ) SOLID_ANGLE_UNIT ( ) );
#279 = ADVANCED_FACE ( 'NONE', ( #9999 ), #8308, .F. ) ;
#280 = CARTESIAN_POINT ( 'NONE',  ( 0.0000000000000000000, -3.399999999999999911, -0.05000000000000012768 ) ) ;
#281 = CARTESIAN_POINT ( 'NONE',  ( 15.94999999999999929, 6.000000000000000000, -2.800000000000000711 ) ) ;
#282 = CARTESIAN_POINT ( 'NONE',  ( 1.750000000000000666, 5.000000000000004441, 0.2500000000000002220 ) ) ;
#283 = COLOUR_RGB ( '',1.000000000000000000, 1.000000000000000000, 1.000000000000000000 ) ;
#284 = VECTOR ( 'NONE', #3378, 1000.000000000000000 ) ;
#285 = FILL_AREA_STYLE_COLOUR ( '', #6269 ) ;
#286 = ORIENTED_EDGE ( 'NONE', *, *, #243, .F. ) ;
#287 = MECHANICAL_DESIGN_GEOMETRIC_PRESENTATION_REPRESENTATION (  '', ( #10311 ), #6245 ) ;
#288 = EDGE_CURVE ( 'NONE', #82, #11015, #9191, .T. ) ;
#289 =( NAMED_UNIT ( * ) SI_UNIT ( $, .STERADIAN. ) SOLID_ANGLE_UNIT ( ) );
#290 = CARTESIAN_POINT ( 'NONE',  ( -1.350000000000000089, -17.08361788380903690, -2.350000000000001421 ) ) ;
#291 = DIRECTION ( 'NONE',  ( -1.000000000000000000, 5.421010862427522170E-17, 0.0000000000000000000 ) ) ;
#292 = DIRECTION ( 'NONE',  ( 1.000000000000000000, -3.872150616019660190E-17, 0.0000000000000000000 ) ) ;
#293 = LINE ( 'NONE', #3857, #11323 ) ;
#294 =( GEOMETRIC_REPRESENTATION_CONTEXT ( 3 ) GLOBAL_UNCERTAINTY_ASSIGNED_CONTEXT ( ( #3531 ) ) GLOBAL_UNIT_ASSIGNED_CONTEXT ( ( #2821, #2710, #9812 ) ) REPRESENTATION_CONTEXT ( 'NONE', 'WORKASPACE' ) );
#295 = FILL_AREA_STYLE_COLOUR ( '', #8573 ) ;
#296 = UNCERTAINTY_MEASURE_WITH_UNIT (LENGTH_MEASURE( 1.000000000000000082E-05 ), #10898, 'distance_accuracy_value', 'NONE');
#297 = LINE ( 'NONE', #10919, #9921 ) ;
#298 = DIRECTION ( 'NONE',  ( -1.095153709581317921E-16, 1.000000000000000000, 0.0000000000000000000 ) ) ;
#299 = EDGE_LOOP ( 'NONE', ( #597, #1219, #8981, #7550 ) ) ;
#300 = STYLED_ITEM ( 'NONE', ( #9009 ), #580 ) ;
#301 = FACE_OUTER_BOUND ( 'NONE', #7978, .T. ) ;
#302 = EDGE_CURVE ( 'NONE', #11003, #2052, #293, .T. ) ;
#303 = FILL_AREA_STYLE_COLOUR ( '', #1190 ) ;
#304 = CARTESIAN_POINT ( 'NONE',  ( 14.67999999999999794, 6.000000000000000000, 1.700000000000000178 ) ) ;
#305 = DIRECTION ( 'NONE',  ( -4.336808689942017736E-16, 0.0000000000000000000, -1.000000000000000000 ) ) ;
#306 = COLOUR_RGB ( '',1.000000000000000000, 1.000000000000000000, 1.000000000000000000 ) ;
#307 = CARTESIAN_POINT ( 'NONE',  ( 7.249999999999999112, 3.399999999999999467, -2.300000000000003375 ) ) ;
#308 = LINE ( 'NONE', #147, #26 ) ;
#309 = MECHANICAL_DESIGN_GEOMETRIC_PRESENTATION_REPRESENTATION (  '', ( #5866 ), #3825 ) ;
#310 = CARTESIAN_POINT ( 'NONE',  ( 0.05000000000000012768, 5.100000000000001421, 0.1500000000000042966 ) ) ;
#311 = ORIENTED_EDGE ( 'NONE', *, *, #6985, .T. ) ;
#312 = CARTESIAN_POINT ( 'NONE',  ( 15.94999999999999929, 6.000000000000000000, 1.699999999999999289 ) ) ;
#313 =( GEOMETRIC_REPRESENTATION_CONTEXT ( 3 ) GLOBAL_UNCERTAINTY_ASSIGNED_CONTEXT ( ( #2472 ) ) GLOBAL_UNIT_ASSIGNED_CONTEXT ( ( #4043, #10180, #2573 ) ) REPRESENTATION_CONTEXT ( 'NONE', 'WORKASPACE' ) );
#314 = CARTESIAN_POINT ( 'NONE',  ( 15.94999999999999929, 4.500000000000000888, -0.6799999999999974953 ) ) ;
#315 = DIRECTION ( 'NONE',  ( 0.0000000000000000000, 0.0000000000000000000, 1.000000000000000000 ) ) ;
#316 = DIRECTION ( 'NONE',  ( -0.0000000000000000000, -0.0000000000000000000, -1.000000000000000000 ) ) ;
#317 = ADVANCED_FACE ( 'NONE', ( #6575 ), #1195, .F. ) ;
#318 = SURFACE_STYLE_USAGE ( .BOTH. , #11050 ) ;
#319 = FACE_OUTER_BOUND ( 'NONE', #4400, .T. ) ;
#320 = DIRECTION ( 'NONE',  ( 9.103382349328301547E-49, 2.350988701644575016E-32, 1.000000000000000000 ) ) ;
#321 = ORIENTED_EDGE ( 'NONE', *, *, #2878, .F. ) ;
#322 = AXIS2_PLACEMENT_3D ( 'NONE', #11125, #2411, #1588 ) ;
#323 = COLOUR_RGB ( '',1.000000000000000000, 0.8117647058823529438, 0.5019607843137254832 ) ;
#324 = VERTEX_POINT ( 'NONE', #9024 ) ;
#325 = SURFACE_STYLE_FILL_AREA ( #8401 ) ;
#326 = ORIENTED_EDGE ( 'NONE', *, *, #5568, .T. ) ;
#327 = FACE_OUTER_BOUND ( 'NONE', #8247, .T. ) ;
#328 = LINE ( 'NONE', #4692, #4029 ) ;
#329 = ORIENTED_EDGE ( 'NONE', *, *, #5238, .T. ) ;
#330 = ADVANCED_FACE ( 'NONE', ( #1041 ), #4607, .T. ) ;
#331 = CARTESIAN_POINT ( 'NONE',  ( -1.180000000000000160, 2.250000000000000000, 1.249999999999997558 ) ) ;
#332 = EDGE_CURVE ( 'NONE', #4926, #2903, #3204, .T. ) ;
#333 = ADVANCED_FACE ( 'NONE', ( #8427 ), #11078, .F. ) ;
#334 = SURFACE_STYLE_FILL_AREA ( #10156 ) ;
#335 = AXIS2_PLACEMENT_3D ( 'NONE', #6172, #9703, #7198 ) ;
#336 = CARTESIAN_POINT ( 'NONE',  ( 13.74999999999999822, 5.000000000000000888, 0.2500000000000002220 ) ) ;
#337 = CARTESIAN_POINT ( 'NONE',  ( -1.350000000000000089, 1.799999999999999600, 1.249999999999997558 ) ) ;
#338 =( LENGTH_UNIT ( ) NAMED_UNIT ( * ) SI_UNIT ( .MILLI., .METRE. ) );
#339 = PRESENTATION_STYLE_ASSIGNMENT (( #3121 ) ) ;
#340 = VERTEX_POINT ( 'NONE', #1484 ) ;
#341 = DIRECTION ( 'NONE',  ( 1.000000000000000000, -0.0000000000000000000, 0.0000000000000000000 ) ) ;
#342 = CARTESIAN_POINT ( 'NONE',  ( 8.149999999999996803, -3.399999999999999911, -2.800000000000000266 ) ) ;
#343 = DIRECTION ( 'NONE',  ( -0.0000000000000000000, -0.0000000000000000000, 1.000000000000000000 ) ) ;
#344 =( GEOMETRIC_REPRESENTATION_CONTEXT ( 3 ) GLOBAL_UNCERTAINTY_ASSIGNED_CONTEXT ( ( #9977 ) ) GLOBAL_UNIT_ASSIGNED_CONTEXT ( ( #6950, #10499, #1697 ) ) REPRESENTATION_CONTEXT ( 'NONE', 'WORKASPACE' ) );
#345 = VECTOR ( 'NONE', #4073, 1000.000000000000000 ) ;
#346 = EDGE_CURVE ( 'NONE', #2052, #8960, #4955, .T. ) ;
#347 = SURFACE_STYLE_FILL_AREA ( #6629 ) ;
#348 = LINE ( 'NONE', #3665, #1197 ) ;
#349 = ORIENTED_EDGE ( 'NONE', *, *, #1214, .T. ) ;
#350 = PLANE ( 'NONE',  #1442 ) ;
#351 = UNCERTAINTY_MEASURE_WITH_UNIT (LENGTH_MEASURE( 1.000000000000000082E-05 ), #11225, 'distance_accuracy_value', 'NONE');
#352 =( GEOMETRIC_REPRESENTATION_CONTEXT ( 3 ) GLOBAL_UNCERTAINTY_ASSIGNED_CONTEXT ( ( #4529 ) ) GLOBAL_UNIT_ASSIGNED_CONTEXT ( ( #11016, #6513, #6454 ) ) REPRESENTATION_CONTEXT ( 'NONE', 'WORKASPACE' ) );
#353 = DIRECTION ( 'NONE',  ( -1.000000000000000000, 0.0000000000000000000, 0.0000000000000000000 ) ) ;
#354 = DIRECTION ( 'NONE',  ( 1.000000000000000000, -5.421010862427522170E-17, 0.0000000000000000000 ) ) ;
#355 = DIRECTION ( 'NONE',  ( -4.336808689942017736E-16, 0.0000000000000000000, -1.000000000000000000 ) ) ;
#356 = ORIENTED_EDGE ( 'NONE', *, *, #9144, .T. ) ;
#357 = VECTOR ( 'NONE', #10456, 1000.000000000000000 ) ;
#358 =( GEOMETRIC_REPRESENTATION_CONTEXT ( 3 ) GLOBAL_UNCERTAINTY_ASSIGNED_CONTEXT ( ( #4793 ) ) GLOBAL_UNIT_ASSIGNED_CONTEXT ( ( #1426, #11143, #3074 ) ) REPRESENTATION_CONTEXT ( 'NONE', 'WORKASPACE' ) );
#359 = EDGE_CURVE ( 'NONE', #664, #4799, #11247, .T. ) ;
#360 = CARTESIAN_POINT ( 'NONE',  ( 9.299999999999998934, 0.2000000000000000389, 0.2500000000000002220 ) ) ;
#361 = SURFACE_STYLE_USAGE ( .BOTH. , #2017 ) ;
#362 = CARTESIAN_POINT ( 'NONE',  ( 11.75000000000000000, -3.399999999999999911, -0.2499999999999997780 ) ) ;
#363 = CARTESIAN_POINT ( 'NONE',  ( 4.250000000000000000, -3.399999999999999911, 0.2500000000000002220 ) ) ;
#364 = SURFACE_SIDE_STYLE ('',( #8320 ) ) ;
#365 = ORIENTED_EDGE ( 'NONE', *, *, #8509, .F. ) ;
#366 = CARTESIAN_POINT ( 'NONE',  ( -0.2499999999999997780, 5.000000000000000888, 0.2500000000000002220 ) ) ;
#367 =( NAMED_UNIT ( * ) SI_UNIT ( $, .STERADIAN. ) SOLID_ANGLE_UNIT ( ) );
#368 = ORIENTED_EDGE ( 'NONE', *, *, #2621, .F. ) ;
#369 = PRESENTATION_LAYER_ASSIGNMENT (  '', '', ( #9664 ) ) ;
#370 = CARTESIAN_POINT ( 'NONE',  ( 3.749999999999998668, 1.800000000000000044, -2.800000000000002931 ) ) ;
#371 = UNCERTAINTY_MEASURE_WITH_UNIT (LENGTH_MEASURE( 1.000000000000000082E-05 ), #3215, 'distance_accuracy_value', 'NONE');
#372 = CARTESIAN_POINT ( 'NONE',  ( 1.299999999999999600, 0.2000000000000000389, -2.800000000000000266 ) ) ;
#373 = PLANE ( 'NONE',  #5703 ) ;
#374 = ORIENTED_EDGE ( 'NONE', *, *, #6729, .F. ) ;
#375 = AXIS2_PLACEMENT_3D ( 'NONE', #9130, #1152, #4545 ) ;
#376 = ORIENTED_EDGE ( 'NONE', *, *, #4903, .T. ) ;
#377 = ORIENTED_EDGE ( 'NONE', *, *, #1123, .F. ) ;
#378 =( NAMED_UNIT ( * ) PLANE_ANGLE_UNIT ( ) SI_UNIT ( $, .RADIAN. ) );
#379 = VECTOR ( 'NONE', #10296, 1000.000000000000000 ) ;
#380 = DIRECTION ( 'NONE',  ( -1.000000000000000000, 5.421010862427522170E-17, 0.0000000000000000000 ) ) ;
#381 = ORIENTED_EDGE ( 'NONE', *, *, #4982, .F. ) ;
#382 = LINE ( 'NONE', #4803, #8928 ) ;
#383 = STYLED_ITEM ( 'NONE', ( #7829 ), #11059 ) ;
#384 = COLOUR_RGB ( '',1.000000000000000000, 1.000000000000000000, 1.000000000000000000 ) ;
#385 = EDGE_CURVE ( 'NONE', #7078, #8807, #10236, .T. ) ;
#386 =( GEOMETRIC_REPRESENTATION_CONTEXT ( 3 ) GLOBAL_UNCERTAINTY_ASSIGNED_CONTEXT ( ( #1725 ) ) GLOBAL_UNIT_ASSIGNED_CONTEXT ( ( #4834, #3075, #6520 ) ) REPRESENTATION_CONTEXT ( 'NONE', 'WORKASPACE' ) );
#387 = FACE_OUTER_BOUND ( 'NONE', #695, .T. ) ;
#388 = DIRECTION ( 'NONE',  ( -4.336808689942017736E-16, 0.0000000000000000000, -1.000000000000000000 ) ) ;
#389 =( GEOMETRIC_REPRESENTATION_CONTEXT ( 3 ) GLOBAL_UNCERTAINTY_ASSIGNED_CONTEXT ( ( #8366 ) ) GLOBAL_UNIT_ASSIGNED_CONTEXT ( ( #10411, #8782, #8661 ) ) REPRESENTATION_CONTEXT ( 'NONE', 'WORKASPACE' ) );
#390 = LINE ( 'NONE', #2816, #9070 ) ;
#391 = PRESENTATION_STYLE_ASSIGNMENT (( #3895 ) ) ;
#392 =( NAMED_UNIT ( * ) PLANE_ANGLE_UNIT ( ) SI_UNIT ( $, .RADIAN. ) );
#393 = VECTOR ( 'NONE', #7988, 1000.000000000000000 ) ;
#394 = DIRECTION ( 'NONE',  ( 3.872150616019660190E-17, 1.000000000000000000, -0.0000000000000000000 ) ) ;
#395 = AXIS2_PLACEMENT_3D ( 'NONE', #8990, #9850, #11449 ) ;
#396 = FACE_OUTER_BOUND ( 'NONE', #3537, .T. ) ;
#397 = ADVANCED_FACE ( 'NONE', ( #3134 ), #5886, .F. ) ;
#398 = COLOUR_RGB ( '',1.000000000000000000, 1.000000000000000000, 1.000000000000000000 ) ;
#399 = CARTESIAN_POINT ( 'NONE',  ( 1.916666666666666297, 5.166666666666671404, -0.08333333333333370341 ) ) ;
#400 = EDGE_CURVE ( 'NONE', #4634, #5242, #5365, .T. ) ;
#401 = VECTOR ( 'NONE', #234, 1000.000000000000000 ) ;
#402 = STYLED_ITEM ( 'NONE', ( #6869 ), #1911 ) ;
#403 = ORIENTED_EDGE ( 'NONE', *, *, #9216, .T. ) ;
#404 =( GEOMETRIC_REPRESENTATION_CONTEXT ( 3 ) GLOBAL_UNCERTAINTY_ASSIGNED_CONTEXT ( ( #6419 ) ) GLOBAL_UNIT_ASSIGNED_CONTEXT ( ( #7156, #985, #2553 ) ) REPRESENTATION_CONTEXT ( 'NONE', 'WORKASPACE' ) );
#405 = EDGE_CURVE ( 'NONE', #7408, #2351, #6114, .T. ) ;
#406 = LINE ( 'NONE', #9710, #3332 ) ;
#407 = EDGE_CURVE ( 'NONE', #8962, #9329, #6968, .T. ) ;
#408 = ORIENTED_EDGE ( 'NONE', *, *, #2494, .F. ) ;
#409 = EDGE_CURVE ( 'NONE', #10036, #977, #801, .T. ) ;
#410 = CARTESIAN_POINT ( 'NONE',  ( 13.85000000000000142, -3.399999999999999911, -0.2499999999999997780 ) ) ;
#411 = VECTOR ( 'NONE', #910, 1000.000000000000000 ) ;
#412 = VERTEX_POINT ( 'NONE', #1765 ) ;
#413 = ORIENTED_EDGE ( 'NONE', *, *, #8117, .F. ) ;
#414 = DIRECTION ( 'NONE',  ( 0.0000000000000000000, -0.0000000000000000000, -1.000000000000000000 ) ) ;
#415 = CARTESIAN_POINT ( 'NONE',  ( 11.29999999999999893, 0.2000000000000000389, -2.800000000000000266 ) ) ;
#416 = FILL_AREA_STYLE ('',( #3924 ) ) ;
#417 = CARTESIAN_POINT ( 'NONE',  ( 2.250000000000000000, 0.2000000000000000111, 0.2500000000000002220 ) ) ;
#418 = CARTESIAN_POINT ( 'NONE',  ( 8.149999999999996803, -3.399999999999999911, -0.1499999999999969136 ) ) ;
#419 = VECTOR ( 'NONE', #316, 1000.000000000000000 ) ;
#420 = SURFACE_STYLE_USAGE ( .BOTH. , #364 ) ;
#421 = SURFACE_SIDE_STYLE ('',( #8386 ) ) ;
#422 = EDGE_CURVE ( 'NONE', #6100, #8533, #8835, .T. ) ;
#423 =( NAMED_UNIT ( * ) PLANE_ANGLE_UNIT ( ) SI_UNIT ( $, .RADIAN. ) );
#424 = SURFACE_STYLE_FILL_AREA ( #10427 ) ;
#425 = VECTOR ( 'NONE', #9394, 1000.000000000000000 ) ;
#426 = PRODUCT_DEFINITION_SHAPE ( 'NONE', 'NONE',  #9918 ) ;
#427 = SURFACE_STYLE_FILL_AREA ( #9098 ) ;
#428 = CARTESIAN_POINT ( 'NONE',  ( 2.150000000000004796, 5.100000000000001421, 0.1500000000000042966 ) ) ;
#429 = DIRECTION ( 'NONE',  ( 0.5773502691896259531, 0.5773502691896259531, 0.5773502691896253980 ) ) ;
#430 = DIRECTION ( 'NONE',  ( -3.833233541708387274E-17, -0.7071067811865386910, 0.7071067811865564545 ) ) ;
#431 =( LENGTH_UNIT ( ) NAMED_UNIT ( * ) SI_UNIT ( .MILLI., .METRE. ) );
#432 = ORIENTED_EDGE ( 'NONE', *, *, #288, .F. ) ;
#433 = ORIENTED_EDGE ( 'NONE', *, *, #6437, .T. ) ;
#434 = AXIS2_PLACEMENT_3D ( 'NONE', #4040, #2844, #3025 ) ;
#435 =( NAMED_UNIT ( * ) SI_UNIT ( $, .STERADIAN. ) SOLID_ANGLE_UNIT ( ) );
#436 =( NAMED_UNIT ( * ) SI_UNIT ( $, .STERADIAN. ) SOLID_ANGLE_UNIT ( ) );
#437 = LINE ( 'NONE', #4006, #8183 ) ;
#438 = ORIENTED_EDGE ( 'NONE', *, *, #4745, .F. ) ;
#439 = DIRECTION ( 'NONE',  ( -1.000000000000000000, 3.872150616019660190E-17, -0.0000000000000000000 ) ) ;
#440 = FILL_AREA_STYLE ('',( #2935 ) ) ;
#441 = AXIS2_PLACEMENT_3D ( 'NONE', #7053, #1787, #1740 ) ;
#442 = DIRECTION ( 'NONE',  ( -0.0000000000000000000, 1.000000000000000000, -0.0000000000000000000 ) ) ;
#443 =( NAMED_UNIT ( * ) PLANE_ANGLE_UNIT ( ) SI_UNIT ( $, .RADIAN. ) );
#444 = SURFACE_STYLE_FILL_AREA ( #8297 ) ;
#445 = EDGE_CURVE ( 'NONE', #3329, #8551, #2480, .T. ) ;
#446 = MECHANICAL_DESIGN_GEOMETRIC_PRESENTATION_REPRESENTATION (  '', ( #3231 ), #10829 ) ;
#447 = PRESENTATION_STYLE_ASSIGNMENT (( #9237 ) ) ;
#448 = PRESENTATION_STYLE_ASSIGNMENT (( #4189 ) ) ;
#449 = DIRECTION ( 'NONE',  ( 0.5773502691896205130, 0.5773502691896356120, -0.5773502691896210681 ) ) ;
#450 = ORIENTED_EDGE ( 'NONE', *, *, #2379, .F. ) ;
#451 = STYLED_ITEM ( 'NONE', ( #6019 ), #3511 ) ;
#452 = CARTESIAN_POINT ( 'NONE',  ( 15.94999999999999929, 6.000000000000000000, 0.3200000000000017275 ) ) ;
#453 = CARTESIAN_POINT ( 'NONE',  ( 6.150000000000003020, 5.100000000000001421, -2.800000000000000266 ) ) ;
#454 = ORIENTED_EDGE ( 'NONE', *, *, #1960, .T. ) ;
#455 = VERTEX_POINT ( 'NONE', #6051 ) ;
#456 = PRESENTATION_STYLE_ASSIGNMENT (( #5770 ) ) ;
#457 = UNCERTAINTY_MEASURE_WITH_UNIT (LENGTH_MEASURE( 1.000000000000000082E-05 ), #4962, 'distance_accuracy_value', 'NONE');
#458 = CARTESIAN_POINT ( 'NONE',  ( 15.34999999999999964, 5.649999999999998579, 1.249999999999997558 ) ) ;
#459 = COLOUR_RGB ( '',1.000000000000000000, 0.8117647058823529438, 0.5019607843137254832 ) ;
#460 = ORIENTED_EDGE ( 'NONE', *, *, #10297, .T. ) ;
#461 = DIRECTION ( 'NONE',  ( -0.0000000000000000000, -0.0000000000000000000, -1.000000000000000000 ) ) ;
#462 = ORIENTED_EDGE ( 'NONE', *, *, #10346, .F. ) ;
#463 = FILL_AREA_STYLE ('',( #4900 ) ) ;
#464 = SURFACE_STYLE_USAGE ( .BOTH. , #4719 ) ;
#465 = FILL_AREA_STYLE_COLOUR ( '', #6882 ) ;
#466 = ORIENTED_EDGE ( 'NONE', *, *, #9236, .F. ) ;
#467 = STYLED_ITEM ( 'NONE', ( #6529 ), #4534 ) ;
#468 =( NAMED_UNIT ( * ) PLANE_ANGLE_UNIT ( ) SI_UNIT ( $, .RADIAN. ) );
#469 = ORIENTED_EDGE ( 'NONE', *, *, #8857, .F. ) ;
#470 = EDGE_CURVE ( 'NONE', #7476, #4198, #8018, .T. ) ;
#471 = ORIENTED_EDGE ( 'NONE', *, *, #9090, .F. ) ;
#472 = MECHANICAL_DESIGN_GEOMETRIC_PRESENTATION_REPRESENTATION (  '', ( #6251 ), #4757 ) ;
#473 = FILL_AREA_STYLE ('',( #8675 ) ) ;
#474 = ORIENTED_EDGE ( 'NONE', *, *, #1307, .F. ) ;
#475 = PRESENTATION_LAYER_ASSIGNMENT (  '', '', ( #4952 ) ) ;
#476 = ORIENTED_EDGE ( 'NONE', *, *, #9219, .T. ) ;
#477 =( NAMED_UNIT ( * ) PLANE_ANGLE_UNIT ( ) SI_UNIT ( $, .RADIAN. ) );
#478 = SURFACE_STYLE_FILL_AREA ( #3989 ) ;
#479 = AXIS2_PLACEMENT_3D ( 'NONE', #3932, #2266, #3217 ) ;
#480 = FILL_AREA_STYLE_COLOUR ( '', #4825 ) ;
#481 = AXIS2_PLACEMENT_3D ( 'NONE', #6492, #10035, #1290 ) ;
#482 = VERTEX_POINT ( 'NONE', #73 ) ;
#483 = SURFACE_STYLE_FILL_AREA ( #811 ) ;
#484 = COLOUR_RGB ( '',1.000000000000000000, 0.8117647058823529438, 0.5019607843137254832 ) ;
#485 = FILL_AREA_STYLE_COLOUR ( '', #7758 ) ;
#486 = EDGE_CURVE ( 'NONE', #3575, #7191, #6863, .T. ) ;
#487 = AXIS2_PLACEMENT_3D ( 'NONE', #5745, #5684, #1176 ) ;
#488 = CARTESIAN_POINT ( 'NONE',  ( 12.25000000000000000, 1.800000000000000044, -2.800000000000000266 ) ) ;
#489 = DIRECTION ( 'NONE',  ( -1.000000000000000000, 5.421010862427522170E-17, 0.0000000000000000000 ) ) ;
#490 =( NAMED_UNIT ( * ) PLANE_ANGLE_UNIT ( ) SI_UNIT ( $, .RADIAN. ) );
#491 = VECTOR ( 'NONE', #3212, 1000.000000000000000 ) ;
#492 = DIRECTION ( 'NONE',  ( -3.833233541708433496E-17, -0.7071067811865472397, -0.7071067811865479058 ) ) ;
#493 = ORIENTED_EDGE ( 'NONE', *, *, #4401, .F. ) ;
#494 =( GEOMETRIC_REPRESENTATION_CONTEXT ( 3 ) GLOBAL_UNCERTAINTY_ASSIGNED_CONTEXT ( ( #64 ) ) GLOBAL_UNIT_ASSIGNED_CONTEXT ( ( #8978, #7389, #194 ) ) REPRESENTATION_CONTEXT ( 'NONE', 'WORKASPACE' ) );
#495 = VECTOR ( 'NONE', #7718, 1000.000000000000000 ) ;
#496 = LINE ( 'NONE', #4063, #2088 ) ;
#497 = ORIENTED_EDGE ( 'NONE', *, *, #9920, .T. ) ;
#498 = EDGE_LOOP ( 'NONE', ( #5964, #1726, #4689, #9892 ) ) ;
#499 = SURFACE_STYLE_FILL_AREA ( #5811 ) ;
#500 = AXIS2_PLACEMENT_3D ( 'NONE', #1994, #5760, #4015 ) ;
#501 = AXIS2_PLACEMENT_3D ( 'NONE', #5677, #1122, #3817 ) ;
#502 =( NAMED_UNIT ( * ) SI_UNIT ( $, .STERADIAN. ) SOLID_ANGLE_UNIT ( ) );
#503 = SURFACE_STYLE_USAGE ( .BOTH. , #7534 ) ;
#504 = VECTOR ( 'NONE', #11397, 1000.000000000000000 ) ;
#505 = DIRECTION ( 'NONE',  ( 1.000000000000000000, 4.517509052022923637E-16, -0.0000000000000000000 ) ) ;
#506 = CARTESIAN_POINT ( 'NONE',  ( 7.750000000000000000, 5.000000000000000888, 0.2500000000000002220 ) ) ;
#507 =( NAMED_UNIT ( * ) SI_UNIT ( $, .STERADIAN. ) SOLID_ANGLE_UNIT ( ) );
#508 = ORIENTED_EDGE ( 'NONE', *, *, #8060, .T. ) ;
#509 = DIRECTION ( 'NONE',  ( 0.0000000000000000000, -0.0000000000000000000, 1.000000000000000000 ) ) ;
#510 =( NAMED_UNIT ( * ) PLANE_ANGLE_UNIT ( ) SI_UNIT ( $, .RADIAN. ) );
#511 =( GEOMETRIC_REPRESENTATION_CONTEXT ( 3 ) GLOBAL_UNCERTAINTY_ASSIGNED_CONTEXT ( ( #1169 ) ) GLOBAL_UNIT_ASSIGNED_CONTEXT ( ( #3311, #1545, #9606 ) ) REPRESENTATION_CONTEXT ( 'NONE', 'WORKASPACE' ) );
#512 = VERTEX_POINT ( 'NONE', #862 ) ;
#513 = CARTESIAN_POINT ( 'NONE',  ( 2.750000000000000444, 1.149999999999999911, -2.050000000000001599 ) ) ;
#514 = CARTESIAN_POINT ( 'NONE',  ( 6.749999999999999112, 3.400000000000000355, -2.350000000000001865 ) ) ;
#515 =( NAMED_UNIT ( * ) SI_UNIT ( $, .STERADIAN. ) SOLID_ANGLE_UNIT ( ) );
#516 = ORIENTED_EDGE ( 'NONE', *, *, #9144, .F. ) ;
#517 = ORIENTED_EDGE ( 'NONE', *, *, #6623, .T. ) ;
#518 = LINE ( 'NONE', #4088, #1993 ) ;
#519 = DIRECTION ( 'NONE',  ( 1.000000000000000000, -5.421010862427522170E-17, 0.0000000000000000000 ) ) ;
#520 = SURFACE_STYLE_USAGE ( .BOTH. , #6753 ) ;
#521 = PRESENTATION_LAYER_ASSIGNMENT (  '', '', ( #8510 ) ) ;
#522 = ORIENTED_EDGE ( 'NONE', *, *, #5591, .F. ) ;
#523 = CARTESIAN_POINT ( 'NONE',  ( 5.299999999999998934, 0.2000000000000000389, 1.700000000000000178 ) ) ;
#524 = VECTOR ( 'NONE', #10500, 1000.000000000000000 ) ;
#525 = FILL_AREA_STYLE_COLOUR ( '', #484 ) ;
#526 = DIRECTION ( 'NONE',  ( -0.0000000000000000000, -0.0000000000000000000, 1.000000000000000000 ) ) ;
#527 = PRESENTATION_LAYER_ASSIGNMENT (  '', '', ( #2736 ) ) ;
#528 = VERTEX_POINT ( 'NONE', #750 ) ;
#529 = PLANE ( 'NONE',  #1889 ) ;
#530 = CARTESIAN_POINT ( 'NONE',  ( -1.949999999999999956, 6.000000000000000000, -2.800000000000000266 ) ) ;
#531 = DIRECTION ( 'NONE',  ( -3.833233541708400216E-17, -0.7071067811865410224, 0.7071067811865540120 ) ) ;
#532 = ADVANCED_FACE ( 'NONE', ( #7087 ), #10522, .T. ) ;
#533 = SURFACE_SIDE_STYLE ('',( #11210 ) ) ;
#534 = ORIENTED_EDGE ( 'NONE', *, *, #9132, .T. ) ;
#535 = LINE ( 'NONE', #6763, #3432 ) ;
#536 = DIRECTION ( 'NONE',  ( -0.0000000000000000000, 1.000000000000000000, -0.0000000000000000000 ) ) ;
#537 = DIRECTION ( 'NONE',  ( 0.0000000000000000000, 0.0000000000000000000, -1.000000000000000000 ) ) ;
#538 = VECTOR ( 'NONE', #11191, 1000.000000000000000 ) ;
#539 = CARTESIAN_POINT ( 'NONE',  ( -1.350000000000000089, 1.149999999999999911, -2.350000000000001421 ) ) ;
#540 = ADVANCED_FACE ( 'NONE', ( #13 ), #3545, .F. ) ;
#541 = VECTOR ( 'NONE', #7904, 1000.000000000000000 ) ;
#542 = EDGE_CURVE ( 'NONE', #2592, #1092, #8958, .T. ) ;
#543 = SURFACE_SIDE_STYLE ('',( #10310 ) ) ;
#544 = FILL_AREA_STYLE ('',( #485 ) ) ;
#545 = VECTOR ( 'NONE', #3716, 1000.000000000000000 ) ;
#546 = SURFACE_SIDE_STYLE ('',( #5157 ) ) ;
#547 = DIRECTION ( 'NONE',  ( 0.5773502691896242878, -0.5773502691896267303, -0.5773502691896261751 ) ) ;
#548 = LINE ( 'NONE', #10261, #7741 ) ;
#549 = VECTOR ( 'NONE', #6339, 1000.000000000000000 ) ;
#550 = CARTESIAN_POINT ( 'NONE',  ( 6.049999999999999822, -3.399999999999999911, -0.1499999999999969136 ) ) ;
#551 = ORIENTED_EDGE ( 'NONE', *, *, #6372, .F. ) ;
#552 = EDGE_LOOP ( 'NONE', ( #11221, #1653, #6561, #6219 ) ) ;
#553 = DIRECTION ( 'NONE',  ( -4.336808689942017736E-16, 0.0000000000000000000, -1.000000000000000000 ) ) ;
#554 = LINE ( 'NONE', #10266, #10489 ) ;
#555 = DIRECTION ( 'NONE',  ( -1.084202172485504237E-15, -1.000000000000000000, 0.0000000000000000000 ) ) ;
#556 = ORIENTED_EDGE ( 'NONE', *, *, #4760, .T. ) ;
#557 = ADVANCED_FACE ( 'NONE', ( #3655 ), #10738, .T. ) ;
#558 = ORIENTED_EDGE ( 'NONE', *, *, #5568, .F. ) ;
#559 = ORIENTED_EDGE ( 'NONE', *, *, #5128, .T. ) ;
#560 = SURFACE_STYLE_FILL_AREA ( #8466 ) ;
#561 = PRESENTATION_LAYER_ASSIGNMENT (  '', '', ( #5223 ) ) ;
#562 = LINE ( 'NONE', #7833, #9864 ) ;
#563 = STYLED_ITEM ( 'NONE', ( #8681 ), #9370 ) ;
#564 = CARTESIAN_POINT ( 'NONE',  ( 1.150000000000000355, 6.000000000000000000, 1.600000000000001643 ) ) ;
#565 = FILL_AREA_STYLE ('',( #9469 ) ) ;
#566 = PRESENTATION_LAYER_ASSIGNMENT (  '', '', ( #3926 ) ) ;
#567 = DIRECTION ( 'NONE',  ( 0.0000000000000000000, 0.0000000000000000000, -1.000000000000000000 ) ) ;
#568 = EDGE_LOOP ( 'NONE', ( #534, #1178, #4932, #10029 ) ) ;
#569 = CARTESIAN_POINT ( 'NONE',  ( 14.22000000000000064, 4.230000000000001315, -2.801000000000000600 ) ) ;
#570 = EDGE_CURVE ( 'NONE', #10543, #9225, #2882, .T. ) ;
#571 = MECHANICAL_DESIGN_GEOMETRIC_PRESENTATION_REPRESENTATION (  '', ( #3733 ), #198 ) ;
#572 = LINE ( 'NONE', #7778, #10702 ) ;
#573 = COLOUR_RGB ( '',1.000000000000000000, 0.8117647058823529438, 0.5019607843137254832 ) ;
#574 = DIRECTION ( 'NONE',  ( -1.084202172485504237E-15, -1.000000000000000000, 0.0000000000000000000 ) ) ;
#575 = LINE ( 'NONE', #5764, #7868 ) ;
#576 = CARTESIAN_POINT ( 'NONE',  ( 4.750000000000000888, 1.149999999999999911, -2.350000000000001421 ) ) ;
#577 = FACE_OUTER_BOUND ( 'NONE', #8113, .T. ) ;
#578 = VERTEX_POINT ( 'NONE', #9176 ) ;
#579 = ORIENTED_EDGE ( 'NONE', *, *, #2285, .F. ) ;
#580 = ADVANCED_FACE ( 'NONE', ( #9925 ), #9871, .F. ) ;
#581 = COLOUR_RGB ( '',1.000000000000000000, 0.8117647058823529438, 0.5019607843137254832 ) ;
#582 = PRESENTATION_LAYER_ASSIGNMENT (  '', '', ( #42 ) ) ;
#583 = SURFACE_STYLE_USAGE ( .BOTH. , #5010 ) ;
#584 = MECHANICAL_DESIGN_GEOMETRIC_PRESENTATION_REPRESENTATION (  '', ( #9678 ), #5610 ) ;
#585 = COLOUR_RGB ( '',1.000000000000000000, 0.8117647058823529438, 0.5019607843137254832 ) ;
#586 = VERTEX_POINT ( 'NONE', #1410 ) ;
#587 = FILL_AREA_STYLE_COLOUR ( '', #4744 ) ;
#588 = FILL_AREA_STYLE_COLOUR ( '', #8936 ) ;
#589 = PLANE ( 'NONE',  #11312 ) ;
#590 = PLANE ( 'NONE',  #3852 ) ;
#591 = CARTESIAN_POINT ( 'NONE',  ( 15.94999999999999929, 0.0000000000000000000, 1.699999999999999289 ) ) ;
#592 = ORIENTED_EDGE ( 'NONE', *, *, #8218, .T. ) ;
#593 = VECTOR ( 'NONE', #2433, 1000.000000000000000 ) ;
#594 = DIRECTION ( 'NONE',  ( 0.7071067811865475727, -0.7071067811865475727, 1.662400053425836136E-32 ) ) ;
#595 = MECHANICAL_DESIGN_GEOMETRIC_PRESENTATION_REPRESENTATION (  '', ( #7273 ), #8199 ) ;
#596 = DIRECTION ( 'NONE',  ( -1.000000000000000000, 1.084202172485504237E-15, 0.0000000000000000000 ) ) ;
#597 = ORIENTED_EDGE ( 'NONE', *, *, #7995, .F. ) ;
#598 = SURFACE_SIDE_STYLE ('',( #7801 ) ) ;
#599 = VECTOR ( 'NONE', #2606, 1000.000000000000000 ) ;
#600 = PLANE ( 'NONE',  #9689 ) ;
#601 = VERTEX_POINT ( 'NONE', #2226 ) ;
#602 = FACE_OUTER_BOUND ( 'NONE', #11134, .T. ) ;
#603 = EDGE_CURVE ( 'NONE', #1675, #4128, #10105, .T. ) ;
#604 = CARTESIAN_POINT ( 'NONE',  ( 6.699999999999999289, 0.1999999999999999833, -2.800000000000000266 ) ) ;
#605 = PRESENTATION_STYLE_ASSIGNMENT (( #6020 ) ) ;
#606 = EDGE_LOOP ( 'NONE', ( #9499, #9559, #3521, #6042 ) ) ;
#607 =( LENGTH_UNIT ( ) NAMED_UNIT ( * ) SI_UNIT ( .MILLI., .METRE. ) );
#608 = DIRECTION ( 'NONE',  ( 9.103382349328301547E-49, 2.350988701644575016E-32, 1.000000000000000000 ) ) ;
#609 = DIRECTION ( 'NONE',  ( -1.000000000000000000, 0.0000000000000000000, 0.0000000000000000000 ) ) ;
#610 = CARTESIAN_POINT ( 'NONE',  ( 3.850000000000002309, -3.399999999999999911, 0.1499999999999973577 ) ) ;
#611 = ORIENTED_EDGE ( 'NONE', *, *, #8081, .F. ) ;
#612 = ORIENTED_EDGE ( 'NONE', *, *, #10641, .F. ) ;
#613 = ORIENTED_EDGE ( 'NONE', *, *, #7080, .T. ) ;
#614 = FILL_AREA_STYLE ('',( #2454 ) ) ;
#615 = EDGE_CURVE ( 'NONE', #2546, #2161, #5817, .T. ) ;
#616 = ORIENTED_EDGE ( 'NONE', *, *, #1722, .T. ) ;
#617 = ORIENTED_EDGE ( 'NONE', *, *, #4903, .F. ) ;
#618 = AXIS2_PLACEMENT_3D ( 'NONE', #5813, #2109, #8347 ) ;
#619 = ORIENTED_EDGE ( 'NONE', *, *, #10729, .F. ) ;
#620 = ADVANCED_FACE ( 'NONE', ( #9352 ), #2290, .F. ) ;
#621 =( NAMED_UNIT ( * ) PLANE_ANGLE_UNIT ( ) SI_UNIT ( $, .RADIAN. ) );
#622 = DIRECTION ( 'NONE',  ( -0.0000000000000000000, -0.0000000000000000000, 1.000000000000000000 ) ) ;
#623 = ORIENTED_EDGE ( 'NONE', *, *, #5553, .F. ) ;
#624 = ADVANCED_FACE ( 'NONE', ( #4812 ), #10160, .T. ) ;
#625 = EDGE_CURVE ( 'NONE', #5261, #9907, #681, .T. ) ;
#626 = CARTESIAN_POINT ( 'NONE',  ( -0.2200000000000001399, 2.250000000000000000, -2.801000000000000600 ) ) ;
#627 = CARTESIAN_POINT ( 'NONE',  ( 2.750000000000001332, 1.149999999999999911, -2.050000000000001599 ) ) ;
#628 = PRESENTATION_STYLE_ASSIGNMENT (( #4996 ) ) ;
#629 = CARTESIAN_POINT ( 'NONE',  ( 15.70000000000000284, 6.000000000000000000, 1.249999999999997558 ) ) ;
#630 = ORIENTED_EDGE ( 'NONE', *, *, #5965, .F. ) ;
#631 = PRESENTATION_LAYER_ASSIGNMENT (  '', '', ( #9909 ) ) ;
#632 = CARTESIAN_POINT ( 'NONE',  ( 7.249999999999999112, 3.149999999999999023, -2.050000000000001599 ) ) ;
#633 = ORIENTED_EDGE ( 'NONE', *, *, #3101, .F. ) ;
#634 = SURFACE_SIDE_STYLE ('',( #8362 ) ) ;
#635 = LINE ( 'NONE', #3306, #5574 ) ;
#636 = ADVANCED_FACE ( 'NONE', ( #9692, #11345 ), #11456, .T. ) ;
#637 = EDGE_LOOP ( 'NONE', ( #8625, #4827, #2520, #3103 ) ) ;
#638 = VECTOR ( 'NONE', #5560, 1000.000000000000114 ) ;
#639 = EDGE_LOOP ( 'NONE', ( #10100, #4386, #2104, #5334 ) ) ;
#640 = DIRECTION ( 'NONE',  ( 1.000000000000000000, 1.927470528863119542E-16, -0.0000000000000000000 ) ) ;
#641 = UNCERTAINTY_MEASURE_WITH_UNIT (LENGTH_MEASURE( 1.000000000000000082E-05 ), #9616, 'distance_accuracy_value', 'NONE');
#642 = PLANE ( 'NONE',  #7038 ) ;
#643 = ORIENTED_EDGE ( 'NONE', *, *, #8192, .T. ) ;
#644 =( NAMED_UNIT ( * ) SI_UNIT ( $, .STERADIAN. ) SOLID_ANGLE_UNIT ( ) );
#645 = DIRECTION ( 'NONE',  ( -1.000000000000000000, -0.0000000000000000000, -1.927470528863119049E-16 ) ) ;
#646 = CARTESIAN_POINT ( 'NONE',  ( 7.249999999999999112, 1.149999999999999911, -2.050000000000001599 ) ) ;
#647 = EDGE_LOOP ( 'NONE', ( #4899, #9457, #633, #3865 ) ) ;
#648 = LINE ( 'NONE', #704, #593 ) ;
#649 = ORIENTED_EDGE ( 'NONE', *, *, #6463, .F. ) ;
#650 = EDGE_CURVE ( 'NONE', #8580, #3725, #3525, .T. ) ;
#651 = VECTOR ( 'NONE', #4162, 1000.000000000000000 ) ;
#652 =( LENGTH_UNIT ( ) NAMED_UNIT ( * ) SI_UNIT ( .MILLI., .METRE. ) );
#653 =( NAMED_UNIT ( * ) PLANE_ANGLE_UNIT ( ) SI_UNIT ( $, .RADIAN. ) );
#654 = ORIENTED_EDGE ( 'NONE', *, *, #4365, .T. ) ;
#655 = DIRECTION ( 'NONE',  ( 0.0000000000000000000, -0.0000000000000000000, 1.000000000000000000 ) ) ;
#656 = MECHANICAL_DESIGN_GEOMETRIC_PRESENTATION_REPRESENTATION (  '', ( #7709 ), #6605 ) ;
#657 = DIRECTION ( 'NONE',  ( -0.0000000000000000000, 0.7071067811865500152, 0.7071067811865451302 ) ) ;
#658 =( NAMED_UNIT ( * ) PLANE_ANGLE_UNIT ( ) SI_UNIT ( $, .RADIAN. ) );
#659 = LINE ( 'NONE', #4230, #8729 ) ;
#660 = CARTESIAN_POINT ( 'NONE',  ( 11.75000000000000000, 5.000000000000006217, 0.2500000000000002220 ) ) ;
#661 = SURFACE_STYLE_FILL_AREA ( #3339 ) ;
#662 = EDGE_LOOP ( 'NONE', ( #5228, #5913, #10385, #6748, #7407 ) ) ;
#663 = EDGE_LOOP ( 'NONE', ( #4052, #368, #8722, #9433, #6833, #10431, #10613, #3884, #817, #6726, #3594, #5400, #4896, #2391, #3051, #9075, #3270, #4284, #551, #7996, #11148, #7708, #5152, #8104, #3564, #5794, #619, #2582, #923, #5849, #5642, #4392 ) ) ;
#664 = VERTEX_POINT ( 'NONE', #7713 ) ;
#665 = DIRECTION ( 'NONE',  ( -1.000000000000000000, 3.872150616019660190E-17, 0.0000000000000000000 ) ) ;
#666 = CARTESIAN_POINT ( 'NONE',  ( 8.050000000000000711, -3.399999999999999911, 0.1499999999999973577 ) ) ;
#667 = MECHANICAL_DESIGN_GEOMETRIC_PRESENTATION_REPRESENTATION (  '', ( #2719 ), #2125 ) ;
#668 = DIRECTION ( 'NONE',  ( -1.000000000000000000, 5.421010862427522170E-17, 0.0000000000000000000 ) ) ;
#669 = VECTOR ( 'NONE', #7951, 999.9999999999998863 ) ;
#670 = ORIENTED_EDGE ( 'NONE', *, *, #9482, .T. ) ;
#671 = PRESENTATION_LAYER_ASSIGNMENT (  '', '', ( #4577 ) ) ;
#672 = PRESENTATION_LAYER_ASSIGNMENT (  '', '', ( #1941 ) ) ;
#673 = FILL_AREA_STYLE_COLOUR ( '', #4669 ) ;
#674 = ADVANCED_FACE ( 'NONE', ( #4425 ), #3417, .T. ) ;
#675 = ORIENTED_EDGE ( 'NONE', *, *, #4192, .F. ) ;
#676 = FILL_AREA_STYLE_COLOUR ( '', #6008 ) ;
#677 =( NAMED_UNIT ( * ) SI_UNIT ( $, .STERADIAN. ) SOLID_ANGLE_UNIT ( ) );
#678 = SURFACE_STYLE_USAGE ( .BOTH. , #11065 ) ;
#679 = CARTESIAN_POINT ( 'NONE',  ( 4.049999999999999822, 5.100000000000001421, -0.1500000000000038525 ) ) ;
#680 = PRESENTATION_LAYER_ASSIGNMENT (  '', '', ( #5704 ) ) ;
#681 = LINE ( 'NONE', #626, #3068 ) ;
#682 = FACE_OUTER_BOUND ( 'NONE', #6840, .T. ) ;
#683 =( NAMED_UNIT ( * ) PLANE_ANGLE_UNIT ( ) SI_UNIT ( $, .RADIAN. ) );
#684 = LINE ( 'NONE', #1590, #5714 ) ;
#685 = EDGE_CURVE ( 'NONE', #4039, #5372, #7837, .T. ) ;
#686 = EDGE_CURVE ( 'NONE', #223, #10484, #7893, .T. ) ;
#687 = AXIS2_PLACEMENT_3D ( 'NONE', #1743, #8873, #3582 ) ;
#688 = ORIENTED_EDGE ( 'NONE', *, *, #11228, .F. ) ;
#689 = EDGE_CURVE ( 'NONE', #5744, #1737, #10562, .T. ) ;
#690 = DIRECTION ( 'NONE',  ( 1.000000000000000000, -3.872150616019660190E-17, -4.336808689942017736E-16 ) ) ;
#691 = SURFACE_SIDE_STYLE ('',( #8653 ) ) ;
#692 = CARTESIAN_POINT ( 'NONE',  ( -1.180000000000000160, 2.250000000000000000, 1.700000000000000178 ) ) ;
#693 = FILL_AREA_STYLE_COLOUR ( '', #8331 ) ;
#694 = FILL_AREA_STYLE_COLOUR ( '', #4 ) ;
#695 = EDGE_LOOP ( 'NONE', ( #10327, #7811, #1115, #8599 ) ) ;
#696 =( NAMED_UNIT ( * ) SI_UNIT ( $, .STERADIAN. ) SOLID_ANGLE_UNIT ( ) );
#697 =( NAMED_UNIT ( * ) PLANE_ANGLE_UNIT ( ) SI_UNIT ( $, .RADIAN. ) );
#698 =( NAMED_UNIT ( * ) PLANE_ANGLE_UNIT ( ) SI_UNIT ( $, .RADIAN. ) );
#699 = LINE ( 'NONE', #10351, #11047 ) ;
#700 = CARTESIAN_POINT ( 'NONE',  ( 8.050000000000000711, 0.0000000000000000000, -2.050000000000001599 ) ) ;
#701 = ORIENTED_EDGE ( 'NONE', *, *, #5921, .F. ) ;
#702 = EDGE_CURVE ( 'NONE', #4953, #9421, #5290, .T. ) ;
#703 = CARTESIAN_POINT ( 'NONE',  ( 5.750000000000000000, -3.299999999999997158, -0.2499999999999997780 ) ) ;
#704 = CARTESIAN_POINT ( 'NONE',  ( 0.7500000000000002220, 3.399999999999999467, -2.050000000000001599 ) ) ;
#705 = FILL_AREA_STYLE_COLOUR ( '', #1562 ) ;
#706 = CARTESIAN_POINT ( 'NONE',  ( 9.250000000000001776, 3.399999999999999467, -2.350000000000001421 ) ) ;
#707 = MECHANICAL_DESIGN_GEOMETRIC_PRESENTATION_REPRESENTATION (  '', ( #4252 ), #10171 ) ;
#708 = MECHANICAL_DESIGN_GEOMETRIC_PRESENTATION_REPRESENTATION (  '', ( #2364 ), #9252 ) ;
#709 = CARTESIAN_POINT ( 'NONE',  ( 0.05000000000000012768, -3.399999999999999911, -2.800000000000000266 ) ) ;
#710 = CARTESIAN_POINT ( 'NONE',  ( 11.25000000000000000, 3.399999999999999467, -2.350000000000001865 ) ) ;
#711 = PRESENTATION_LAYER_ASSIGNMENT (  '', '', ( #8313 ) ) ;
#712 =( GEOMETRIC_REPRESENTATION_CONTEXT ( 3 ) GLOBAL_UNCERTAINTY_ASSIGNED_CONTEXT ( ( #10142 ) ) GLOBAL_UNIT_ASSIGNED_CONTEXT ( ( #6905, #1530, #8823 ) ) REPRESENTATION_CONTEXT ( 'NONE', 'WORKASPACE' ) );
#713 = ORIENTED_EDGE ( 'NONE', *, *, #3828, .T. ) ;
#714 = SURFACE_STYLE_FILL_AREA ( #544 ) ;
#715 =( LENGTH_UNIT ( ) NAMED_UNIT ( * ) SI_UNIT ( .MILLI., .METRE. ) );
#716 = DIRECTION ( 'NONE',  ( -3.833233541708433496E-17, -0.7071067811865472397, 0.7071067811865479058 ) ) ;
#717 = SURFACE_SIDE_STYLE ('',( #8684 ) ) ;
#718 = LINE ( 'NONE', #11381, #4445 ) ;
#719 = ORIENTED_EDGE ( 'NONE', *, *, #5402, .F. ) ;
#720 = AXIS2_PLACEMENT_3D ( 'NONE', #5939, #640, #10402 ) ;
#721 = ORIENTED_EDGE ( 'NONE', *, *, #9538, .F. ) ;
#722 = FACE_OUTER_BOUND ( 'NONE', #3080, .T. ) ;
#723 = MECHANICAL_DESIGN_GEOMETRIC_PRESENTATION_REPRESENTATION (  '', ( #10008 ), #176 ) ;
#724 = CARTESIAN_POINT ( 'NONE',  ( 7.166666666666665186, -4.383333333333331971, -0.8333333333333339255 ) ) ;
#725 = CARTESIAN_POINT ( 'NONE',  ( 12.25000000000000000, 5.000000000000006217, 0.2500000000000002220 ) ) ;
#726 = UNCERTAINTY_MEASURE_WITH_UNIT (LENGTH_MEASURE( 1.000000000000000082E-05 ), #6974, 'distance_accuracy_value', 'NONE');
#727 = UNCERTAINTY_MEASURE_WITH_UNIT (LENGTH_MEASURE( 1.000000000000000082E-05 ), #2406, 'distance_accuracy_value', 'NONE');
#728 = CARTESIAN_POINT ( 'NONE',  ( 1.749999999999999778, -3.399999999999999911, -0.2499999999999997780 ) ) ;
#729 = VECTOR ( 'NONE', #5132, 1000.000000000000000 ) ;
#730 = MECHANICAL_DESIGN_GEOMETRIC_PRESENTATION_REPRESENTATION (  '', ( #10750 ), #3899 ) ;
#731 = ORIENTED_EDGE ( 'NONE', *, *, #9839, .T. ) ;
#732 = EDGE_LOOP ( 'NONE', ( #5451, #7104, #2708, #7208 ) ) ;
#733 = SURFACE_STYLE_USAGE ( .BOTH. , #9466 ) ;
#734 = VERTEX_POINT ( 'NONE', #4469 ) ;
#735 = LINE ( 'NONE', #9637, #4447 ) ;
#736 = UNCERTAINTY_MEASURE_WITH_UNIT (LENGTH_MEASURE( 1.000000000000000082E-05 ), #8435, 'distance_accuracy_value', 'NONE');
#737 = DIRECTION ( 'NONE',  ( -1.362927481496328130E-16, 0.7071067811865451302, -0.7071067811865500152 ) ) ;
#738 = VECTOR ( 'NONE', #3218, 1000.000000000000000 ) ;
#739 = FACE_OUTER_BOUND ( 'NONE', #10783, .T. ) ;
#740 = ORIENTED_EDGE ( 'NONE', *, *, #1460, .F. ) ;
#741 = DIRECTION ( 'NONE',  ( -0.0000000000000000000, 1.000000000000000000, -0.0000000000000000000 ) ) ;
#742 = LINE ( 'NONE', #9012, #11241 ) ;
#743 = UNCERTAINTY_MEASURE_WITH_UNIT (LENGTH_MEASURE( 1.000000000000000082E-05 ), #5492, 'distance_accuracy_value', 'NONE');
#744 = COLOUR_RGB ( '',1.000000000000000000, 1.000000000000000000, 1.000000000000000000 ) ;
#745 = EDGE_CURVE ( 'NONE', #3748, #9952, #2692, .T. ) ;
#746 = FACE_BOUND ( 'NONE', #6853, .T. ) ;
#747 = FACE_OUTER_BOUND ( 'NONE', #6214, .T. ) ;
#748 = LINE ( 'NONE', #2476, #669 ) ;
#749 = DIRECTION ( 'NONE',  ( 0.0000000000000000000, 0.7071067811865427988, 0.7071067811865522357 ) ) ;
#750 = CARTESIAN_POINT ( 'NONE',  ( 13.29999999999999893, 0.0000000000000000000, 1.700000000000000178 ) ) ;
#751 = SURFACE_STYLE_USAGE ( .BOTH. , #8836 ) ;
#752 = ORIENTED_EDGE ( 'NONE', *, *, #400, .F. ) ;
#753 = CARTESIAN_POINT ( 'NONE',  ( 10.24999999999999822, -3.399999999999999911, -0.2499999999999997780 ) ) ;
#754 = VECTOR ( 'NONE', #11291, 1000.000000000000000 ) ;
#755 = DIRECTION ( 'NONE',  ( -1.927470528863119542E-16, 1.000000000000000000, 0.0000000000000000000 ) ) ;
#756 = DIRECTION ( 'NONE',  ( -1.000000000000000000, 5.421010862427522170E-17, 0.0000000000000000000 ) ) ;
#757 = EDGE_CURVE ( 'NONE', #1664, #9227, #5352, .T. ) ;
#758 = MECHANICAL_DESIGN_GEOMETRIC_PRESENTATION_REPRESENTATION (  '', ( #1120 ), #6334 ) ;
#759 = PRESENTATION_STYLE_ASSIGNMENT (( #11425 ) ) ;
#760 = FACE_OUTER_BOUND ( 'NONE', #11152, .T. ) ;
#761 = PRESENTATION_LAYER_ASSIGNMENT (  '', '', ( #10049 ) ) ;
#762 = VECTOR ( 'NONE', #2342, 1000.000000000000000 ) ;
#763 = COLOUR_RGB ( '',1.000000000000000000, 0.8117647058823529438, 0.5019607843137254832 ) ;
#764 = DIRECTION ( 'NONE',  ( -0.0000000000000000000, -0.0000000000000000000, 1.000000000000000000 ) ) ;
#765 = EDGE_CURVE ( 'NONE', #82, #9215, #3586, .T. ) ;
#766 = FILL_AREA_STYLE_COLOUR ( '', #5604 ) ;
#767 = ADVANCED_FACE ( 'NONE', ( #3587 ), #6374, .T. ) ;
#768 = SURFACE_STYLE_USAGE ( .BOTH. , #7968 ) ;
#769 = DIRECTION ( 'NONE',  ( 4.336808689942017736E-16, 0.0000000000000000000, 1.000000000000000000 ) ) ;
#770 = STYLED_ITEM ( 'NONE', ( #9267 ), #11204 ) ;
#771 = SURFACE_SIDE_STYLE ('',( #2441 ) ) ;
#772 = COLOUR_RGB ( '',1.000000000000000000, 0.8117647058823529438, 0.5019607843137254832 ) ;
#773 = VERTEX_POINT ( 'NONE', #10784 ) ;
#774 = ORIENTED_EDGE ( 'NONE', *, *, #5720, .F. ) ;
#775 = UNCERTAINTY_MEASURE_WITH_UNIT (LENGTH_MEASURE( 1.000000000000000082E-05 ), #9127, 'distance_accuracy_value', 'NONE');
#776 = SURFACE_STYLE_USAGE ( .BOTH. , #10546 ) ;
#777 = CARTESIAN_POINT ( 'NONE',  ( 14.69999999999999751, 0.0000000000000000000, 1.700000000000000178 ) ) ;
#778 = ADVANCED_FACE ( 'NONE', ( #8994 ), #9111, .F. ) ;
#779 = ORIENTED_EDGE ( 'NONE', *, *, #6235, .T. ) ;
#780 = FACE_OUTER_BOUND ( 'NONE', #3129, .T. ) ;
#781 = DIRECTION ( 'NONE',  ( 0.7071067811865460184, 0.7071067811865491270, 0.0000000000000000000 ) ) ;
#782 = DIRECTION ( 'NONE',  ( 0.0000000000000000000, 0.0000000000000000000, 1.000000000000000000 ) ) ;
#783 = EDGE_CURVE ( 'NONE', #10098, #8694, #9908, .T. ) ;
#784 = FILL_AREA_STYLE ('',( #676 ) ) ;
#785 = PLANE ( 'NONE',  #5049 ) ;
#786 = CARTESIAN_POINT ( 'NONE',  ( -1.949999999999999956, 6.000000000000000000, -2.800000000000000266 ) ) ;
#787 = DIRECTION ( 'NONE',  ( 0.0000000000000000000, -1.000000000000000000, 0.0000000000000000000 ) ) ;
#788 = ORIENTED_EDGE ( 'NONE', *, *, #9141, .F. ) ;
#789 = DIRECTION ( 'NONE',  ( 0.5773502691896259531, 0.5773502691896259531, 0.5773502691896253980 ) ) ;
#790 = VECTOR ( 'NONE', #3694, 1000.000000000000000 ) ;
#791 = CARTESIAN_POINT ( 'NONE',  ( 12.25000000000000000, -3.399999999999999911, 0.2500000000000002220 ) ) ;
#792 = SURFACE_STYLE_USAGE ( .BOTH. , #153 ) ;
#793 = DIRECTION ( 'NONE',  ( 0.0000000000000000000, 1.000000000000000000, 0.0000000000000000000 ) ) ;
#794 = COLOUR_RGB ( '',1.000000000000000000, 0.8117647058823529438, 0.5019607843137254832 ) ;
#795 =( NAMED_UNIT ( * ) PLANE_ANGLE_UNIT ( ) SI_UNIT ( $, .RADIAN. ) );
#796 = DIRECTION ( 'NONE',  ( -1.000000000000000000, 1.084202172485504237E-15, 0.0000000000000000000 ) ) ;
#797 = CARTESIAN_POINT ( 'NONE',  ( 12.75000000000000178, 3.399999999999999467, -2.050000000000001599 ) ) ;
#798 = CARTESIAN_POINT ( 'NONE',  ( 6.249999999999998224, 1.800000000000000044, -0.2499999999999997780 ) ) ;
#799 = EDGE_CURVE ( 'NONE', #2747, #7507, #6323, .T. ) ;
#800 = LINE ( 'NONE', #7142, #6862 ) ;
#801 = LINE ( 'NONE', #11294, #3130 ) ;
#802 =( NAMED_UNIT ( * ) PLANE_ANGLE_UNIT ( ) SI_UNIT ( $, .RADIAN. ) );
#803 = ORIENTED_EDGE ( 'NONE', *, *, #11453, .F. ) ;
#804 = FILL_AREA_STYLE_COLOUR ( '', #1450 ) ;
#805 = SURFACE_STYLE_FILL_AREA ( #8607 ) ;
#806 = PRESENTATION_STYLE_ASSIGNMENT (( #2656 ) ) ;
#807 = STYLED_ITEM ( 'NONE', ( #949 ), #2956 ) ;
#808 = DIRECTION ( 'NONE',  ( -1.084202172485504237E-15, -1.000000000000000000, 0.0000000000000000000 ) ) ;
#809 = ORIENTED_EDGE ( 'NONE', *, *, #5793, .T. ) ;
#810 =( GEOMETRIC_REPRESENTATION_CONTEXT ( 3 ) GLOBAL_UNCERTAINTY_ASSIGNED_CONTEXT ( ( #7268 ) ) GLOBAL_UNIT_ASSIGNED_CONTEXT ( ( #7119, #423, #696 ) ) REPRESENTATION_CONTEXT ( 'NONE', 'WORKASPACE' ) );
#811 = FILL_AREA_STYLE ('',( #8786 ) ) ;
#812 = PRESENTATION_STYLE_ASSIGNMENT (( #24 ) ) ;
#813 =( LENGTH_UNIT ( ) NAMED_UNIT ( * ) SI_UNIT ( .MILLI., .METRE. ) );
#814 = UNCERTAINTY_MEASURE_WITH_UNIT (LENGTH_MEASURE( 1.000000000000000082E-05 ), #11144, 'distance_accuracy_value', 'NONE');
#815 = PRESENTATION_LAYER_ASSIGNMENT (  '', '', ( #4176 ) ) ;
#816 = FILL_AREA_STYLE_COLOUR ( '', #3757 ) ;
#817 = ORIENTED_EDGE ( 'NONE', *, *, #9522, .F. ) ;
#818 =( NAMED_UNIT ( * ) SI_UNIT ( $, .STERADIAN. ) SOLID_ANGLE_UNIT ( ) );
#819 = UNCERTAINTY_MEASURE_WITH_UNIT (LENGTH_MEASURE( 1.000000000000000082E-05 ), #9327, 'distance_accuracy_value', 'NONE');
#820 = COLOUR_RGB ( '',1.000000000000000000, 1.000000000000000000, 1.000000000000000000 ) ;
#821 = DIRECTION ( 'NONE',  ( 1.000000000000000000, -5.421010862427522170E-17, 0.0000000000000000000 ) ) ;
#822 = SURFACE_STYLE_FILL_AREA ( #9726 ) ;
#823 = ORIENTED_EDGE ( 'NONE', *, *, #2437, .T. ) ;
#824 = PRODUCT_RELATED_PRODUCT_CATEGORY ( 'part', '', ( #9451 ) ) ;
#825 = EDGE_CURVE ( 'NONE', #8627, #3256, #10725, .T. ) ;
#826 = STYLED_ITEM ( 'NONE', ( #1156 ), #3610 ) ;
#827 = CARTESIAN_POINT ( 'NONE',  ( 10.24999999999999822, 5.000000000000004441, 0.2500000000000002220 ) ) ;
#828 =( NAMED_UNIT ( * ) PLANE_ANGLE_UNIT ( ) SI_UNIT ( $, .RADIAN. ) );
#829 =( LENGTH_UNIT ( ) NAMED_UNIT ( * ) SI_UNIT ( .MILLI., .METRE. ) );
#830 = LINE ( 'NONE', #2732, #2011 ) ;
#831 = ORIENTED_EDGE ( 'NONE', *, *, #3723, .F. ) ;
#832 = SURFACE_STYLE_FILL_AREA ( #7879 ) ;
#833 = CIRCLE ( 'NONE', #6043, 0.4999999999999995559 ) ;
#834 = FILL_AREA_STYLE_COLOUR ( '', #2659 ) ;
#835 = PRESENTATION_STYLE_ASSIGNMENT (( #7881 ) ) ;
#836 = ADVANCED_FACE ( 'NONE', ( #8167 ), #8001, .F. ) ;
#837 = CARTESIAN_POINT ( 'NONE',  ( 15.95100000000000051, 6.000000000000000000, 0.3199999999999999512 ) ) ;
#838 = FILL_AREA_STYLE_COLOUR ( '', #2834 ) ;
#839 = PLANE ( 'NONE',  #7919 ) ;
#840 = VERTEX_POINT ( 'NONE', #3947 ) ;
#841 = MECHANICAL_DESIGN_GEOMETRIC_PRESENTATION_REPRESENTATION (  '', ( #6052 ), #8837 ) ;
#842 = SURFACE_STYLE_FILL_AREA ( #4465 ) ;
#843 = PLANE ( 'NONE',  #8376 ) ;
#844 = FILL_AREA_STYLE_COLOUR ( '', #4998 ) ;
#845 = ORIENTED_EDGE ( 'NONE', *, *, #6850, .T. ) ;
#846 = EDGE_LOOP ( 'NONE', ( #11283, #7994, #2623, #2415 ) ) ;
#847 = LINE ( 'NONE', #4298, #11260 ) ;
#848 = AXIS2_PLACEMENT_3D ( 'NONE', #7958, #9877, #5420 ) ;
#849 = VECTOR ( 'NONE', #6684, 1000.000000000000000 ) ;
#850 = FILL_AREA_STYLE ('',( #8825 ) ) ;
#851 = UNCERTAINTY_MEASURE_WITH_UNIT (LENGTH_MEASURE( 1.000000000000000082E-05 ), #1944, 'distance_accuracy_value', 'NONE');
#852 = ADVANCED_FACE ( 'NONE', ( #6722 ), #11055, .T. ) ;
#853 =( NAMED_UNIT ( * ) SI_UNIT ( $, .STERADIAN. ) SOLID_ANGLE_UNIT ( ) );
#854 = ORIENTED_EDGE ( 'NONE', *, *, #3553, .F. ) ;
#855 = COLOUR_RGB ( '',1.000000000000000000, 0.8117647058823529438, 0.5019607843137254832 ) ;
#856 = DIRECTION ( 'NONE',  ( -1.000000000000000000, 0.0000000000000000000, -0.0000000000000000000 ) ) ;
#857 = PRESENTATION_LAYER_ASSIGNMENT (  '', '', ( #3077 ) ) ;
#858 =( NAMED_UNIT ( * ) PLANE_ANGLE_UNIT ( ) SI_UNIT ( $, .RADIAN. ) );
#859 = FACE_OUTER_BOUND ( 'NONE', #6776, .T. ) ;
#860 = DIRECTION ( 'NONE',  ( 3.872150616019660190E-17, 1.000000000000000000, -0.0000000000000000000 ) ) ;
#861 =( NAMED_UNIT ( * ) PLANE_ANGLE_UNIT ( ) SI_UNIT ( $, .RADIAN. ) );
#862 = CARTESIAN_POINT ( 'NONE',  ( 0.2499999999999997780, 0.2000000000000000111, -0.2499999999999997780 ) ) ;
#863 = CARTESIAN_POINT ( 'NONE',  ( 5.750000000000000000, 0.2000000000000000111, -2.800000000000000266 ) ) ;
#864 = ORIENTED_EDGE ( 'NONE', *, *, #6192, .F. ) ;
#865 =( LENGTH_UNIT ( ) NAMED_UNIT ( * ) SI_UNIT ( .MILLI., .METRE. ) );
#866 =( NAMED_UNIT ( * ) SI_UNIT ( $, .STERADIAN. ) SOLID_ANGLE_UNIT ( ) );
#867 = DIRECTION ( 'NONE',  ( 0.0000000000000000000, 0.0000000000000000000, -1.000000000000000000 ) ) ;
#869 = CARTESIAN_POINT ( 'NONE',  ( 5.250000000000000888, 3.399999999999999467, -2.300000000000003375 ) ) ;
#868 =( GEOMETRIC_REPRESENTATION_CONTEXT ( 3 ) GLOBAL_UNCERTAINTY_ASSIGNED_CONTEXT ( ( #6349 ) ) GLOBAL_UNIT_ASSIGNED_CONTEXT ( ( #2531, #3643, #10730 ) ) REPRESENTATION_CONTEXT ( 'NONE', 'WORKASPACE' ) );
#870 =( LENGTH_UNIT ( ) NAMED_UNIT ( * ) SI_UNIT ( .MILLI., .METRE. ) );
#871 = DIRECTION ( 'NONE',  ( -1.000000000000000000, 0.0000000000000000000, 0.0000000000000000000 ) ) ;
#872 =( GEOMETRIC_REPRESENTATION_CONTEXT ( 3 ) GLOBAL_UNCERTAINTY_ASSIGNED_CONTEXT ( ( #6105 ) ) GLOBAL_UNIT_ASSIGNED_CONTEXT ( ( #3960, #3060, #9988 ) ) REPRESENTATION_CONTEXT ( 'NONE', 'WORKASPACE' ) );
#873 = STYLED_ITEM ( 'NONE', ( #2446 ), #4387 ) ;
#874 = PRESENTATION_STYLE_ASSIGNMENT (( #2551 ) ) ;
#875 = CARTESIAN_POINT ( 'NONE',  ( 9.250000000000001776, 3.399999999999999467, -2.050000000000001599 ) ) ;
#876 = CARTESIAN_POINT ( 'NONE',  ( 11.25000000000000000, 3.149999999999999023, -2.050000000000001599 ) ) ;
#877 = ORIENTED_EDGE ( 'NONE', *, *, #1243, .T. ) ;
#878 = PLANE ( 'NONE',  #9621 ) ;
#879 = ADVANCED_FACE ( 'NONE', ( #1344 ), #5806, .F. ) ;
#880 = EDGE_CURVE ( 'NONE', #9227, #3890, #7581, .T. ) ;
#881 = CARTESIAN_POINT ( 'NONE',  ( 3.250000000000000888, 1.149999999999999911, -2.050000000000001599 ) ) ;
#882 = PRESENTATION_STYLE_ASSIGNMENT (( #40 ) ) ;
#883 = ORIENTED_EDGE ( 'NONE', *, *, #4344, .T. ) ;
#884 = VERTEX_POINT ( 'NONE', #6997 ) ;
#885 =( NAMED_UNIT ( * ) SI_UNIT ( $, .STERADIAN. ) SOLID_ANGLE_UNIT ( ) );
#886 = ADVANCED_FACE ( 'NONE', ( #722 ), #7699, .F. ) ;
#887 = FILL_AREA_STYLE_COLOUR ( '', #5292 ) ;
#888 = MECHANICAL_DESIGN_GEOMETRIC_PRESENTATION_REPRESENTATION (  '', ( #5925 ), #10177 ) ;
#889 = CARTESIAN_POINT ( 'NONE',  ( 15.34999999999999964, 5.649999999999998579, 1.249999999999997558 ) ) ;
#890 = EDGE_CURVE ( 'NONE', #5581, #3554, #6835, .T. ) ;
#891 = VECTOR ( 'NONE', #5870, 1000.000000000000000 ) ;
#892 =( NAMED_UNIT ( * ) PLANE_ANGLE_UNIT ( ) SI_UNIT ( $, .RADIAN. ) );
#893 = LINE ( 'NONE', #2740, #5163 ) ;
#894 = CARTESIAN_POINT ( 'NONE',  ( -1.949999999999999956, 1.800000000000000044, -0.2499999999999997780 ) ) ;
#895 = PRESENTATION_STYLE_ASSIGNMENT (( #3695 ) ) ;
#896 = VECTOR ( 'NONE', #125, 1000.000000000000000 ) ;
#897 = PLANE ( 'NONE',  #6476 ) ;
#898 = ORIENTED_EDGE ( 'NONE', *, *, #10648, .T. ) ;
#899 =( GEOMETRIC_REPRESENTATION_CONTEXT ( 3 ) GLOBAL_UNCERTAINTY_ASSIGNED_CONTEXT ( ( #10827 ) ) GLOBAL_UNIT_ASSIGNED_CONTEXT ( ( #6378, #8284, #3590 ) ) REPRESENTATION_CONTEXT ( 'NONE', 'WORKASPACE' ) );
#900 = FILL_AREA_STYLE_COLOUR ( '', #9806 ) ;
#901 = EDGE_CURVE ( 'NONE', #5971, #7170, #1455, .T. ) ;
#902 = CARTESIAN_POINT ( 'NONE',  ( 12.75000000000000178, 3.149999999999999023, -2.050000000000001599 ) ) ;
#903 = ADVANCED_FACE ( 'NONE', ( #10320 ), #8626, .F. ) ;
#904 = LINE ( 'NONE', #2867, #3623 ) ;
#905 = UNCERTAINTY_MEASURE_WITH_UNIT (LENGTH_MEASURE( 1.000000000000000082E-05 ), #7773, 'distance_accuracy_value', 'NONE');
#906 = SURFACE_SIDE_STYLE ('',( #4428 ) ) ;
#907 = MECHANICAL_DESIGN_GEOMETRIC_PRESENTATION_REPRESENTATION (  '', ( #6488 ), #511 ) ;
#908 = FACE_OUTER_BOUND ( 'NONE', #8680, .T. ) ;
#909 = VERTEX_POINT ( 'NONE', #11270 ) ;
#910 = DIRECTION ( 'NONE',  ( -0.0000000000000000000, -0.0000000000000000000, -1.000000000000000000 ) ) ;
#911 = CARTESIAN_POINT ( 'NONE',  ( 10.14999999999999503, -3.399999999999999911, 0.2500000000000002220 ) ) ;
#912 = PLANE ( 'NONE',  #335 ) ;
#913 = LINE ( 'NONE', #10633, #7395 ) ;
#914 = MECHANICAL_DESIGN_GEOMETRIC_PRESENTATION_REPRESENTATION (  '', ( #2192 ), #10748 ) ;
#915 = DIRECTION ( 'NONE',  ( -1.000000000000000000, -1.938238520644477652E-16, 0.0000000000000000000 ) ) ;
#916 = CARTESIAN_POINT ( 'NONE',  ( 0.6999999999999992895, 0.1999999999999999833, 1.700000000000000178 ) ) ;
#917 = EDGE_CURVE ( 'NONE', #2351, #1367, #1690, .T. ) ;
#918 = LINE ( 'NONE', #8019, #9092 ) ;
#919 =( LENGTH_UNIT ( ) NAMED_UNIT ( * ) SI_UNIT ( .MILLI., .METRE. ) );
#920 = SURFACE_STYLE_FILL_AREA ( #9879 ) ;
#921 = ORIENTED_EDGE ( 'NONE', *, *, #10063, .F. ) ;
#922 = PRESENTATION_LAYER_ASSIGNMENT (  '', '', ( #6683 ) ) ;
#923 = ORIENTED_EDGE ( 'NONE', *, *, #5188, .F. ) ;
#924 = EDGE_CURVE ( 'NONE', #9215, #2906, #3343, .T. ) ;
#925 = LINE ( 'NONE', #8850, #5508 ) ;
#926 = AXIS2_PLACEMENT_3D ( 'NONE', #204, #315, #1216 ) ;
#927 = CARTESIAN_POINT ( 'NONE',  ( 5.750000000000000000, -3.399999999999999911, 0.2500000000000002220 ) ) ;
#928 = STYLED_ITEM ( 'NONE', ( #9084 ), #6242 ) ;
#929 = PLANE ( 'NONE',  #4318 ) ;
#930 = LINE ( 'NONE', #8792, #7633 ) ;
#931 = PRESENTATION_STYLE_ASSIGNMENT (( #5375 ) ) ;
#932 = PRESENTATION_LAYER_ASSIGNMENT (  '', '', ( #383 ) ) ;
#933 =( GEOMETRIC_REPRESENTATION_CONTEXT ( 3 ) GLOBAL_UNCERTAINTY_ASSIGNED_CONTEXT ( ( #4612 ) ) GLOBAL_UNIT_ASSIGNED_CONTEXT ( ( #4809, #1352, #502 ) ) REPRESENTATION_CONTEXT ( 'NONE', 'WORKASPACE' ) );
#934 = VERTEX_POINT ( 'NONE', #6892 ) ;
#935 = COLOUR_RGB ( '',1.000000000000000000, 0.8117647058823529438, 0.5019607843137254832 ) ;
#936 = ADVANCED_FACE ( 'NONE', ( #11336 ), #3461, .F. ) ;
#937 = DIRECTION ( 'NONE',  ( -1.000000000000000000, 3.872150616019660190E-17, -0.0000000000000000000 ) ) ;
#938 = CARTESIAN_POINT ( 'NONE',  ( 13.29999999999999893, 0.2000000000000000389, -2.800000000000000266 ) ) ;
#939 = FILL_AREA_STYLE_COLOUR ( '', #3473 ) ;
#940 =( NAMED_UNIT ( * ) PLANE_ANGLE_UNIT ( ) SI_UNIT ( $, .RADIAN. ) );
#941 = EDGE_CURVE ( 'NONE', #11167, #8132, #9838, .T. ) ;
#942 = VECTOR ( 'NONE', #4872, 1000.000000000000000 ) ;
#943 = STYLED_ITEM ( 'NONE', ( #4521 ), #10088 ) ;
#944 = EDGE_CURVE ( 'NONE', #5706, #7858, #7290, .T. ) ;
#945 = STYLED_ITEM ( 'NONE', ( #7379 ), #317 ) ;
#946 = PRESENTATION_STYLE_ASSIGNMENT (( #5392 ) ) ;
#947 = CARTESIAN_POINT ( 'NONE',  ( 13.85000000000000142, -3.399999999999999911, 0.1499999999999973577 ) ) ;
#948 = CARTESIAN_POINT ( 'NONE',  ( 11.25000000000000000, 3.149999999999999023, -2.050000000000001599 ) ) ;
#949 = PRESENTATION_STYLE_ASSIGNMENT (( #2012 ) ) ;
#950 =( GEOMETRIC_REPRESENTATION_CONTEXT ( 3 ) GLOBAL_UNCERTAINTY_ASSIGNED_CONTEXT ( ( #736 ) ) GLOBAL_UNIT_ASSIGNED_CONTEXT ( ( #8435, #2369, #2253 ) ) REPRESENTATION_CONTEXT ( 'NONE', 'WORKASPACE' ) );
#951 = FILL_AREA_STYLE ('',( #108 ) ) ;
#952 = CARTESIAN_POINT ( 'NONE',  ( 14.69999999999999751, 0.0000000000000000000, -2.800000000000000711 ) ) ;
#953 = DIRECTION ( 'NONE',  ( 1.927470528863119542E-16, -1.000000000000000000, 0.0000000000000000000 ) ) ;
#954 = ORIENTED_EDGE ( 'NONE', *, *, #2564, .F. ) ;
#955 = CARTESIAN_POINT ( 'NONE',  ( 10.75000000000000000, 3.149999999999999023, -2.050000000000001599 ) ) ;
#956 = ORIENTED_EDGE ( 'NONE', *, *, #9344, .F. ) ;
#957 =( NAMED_UNIT ( * ) PLANE_ANGLE_UNIT ( ) SI_UNIT ( $, .RADIAN. ) );
#958 = VERTEX_POINT ( 'NONE', #2790 ) ;
#959 = CARTESIAN_POINT ( 'NONE',  ( 9.250000000000001776, 1.149999999999999911, -2.050000000000001599 ) ) ;
#960 = FILL_AREA_STYLE_COLOUR ( '', #5339 ) ;
#961 = VERTEX_POINT ( 'NONE', #7982 ) ;
#962 = DIRECTION ( 'NONE',  ( -4.336808689942017736E-16, 0.0000000000000000000, -1.000000000000000000 ) ) ;
#963 = EDGE_CURVE ( 'NONE', #7588, #4608, #9042, .T. ) ;
#964 = EDGE_LOOP ( 'NONE', ( #1800, #9972, #11304, #5835 ) ) ;
#965 = EDGE_CURVE ( 'NONE', #7821, #11128, #7928, .T. ) ;
#966 = FILL_AREA_STYLE_COLOUR ( '', #1501 ) ;
#967 = DIRECTION ( 'NONE',  ( 9.103382349328301547E-49, 2.350988701644575016E-32, 1.000000000000000000 ) ) ;
#968 = CARTESIAN_POINT ( 'NONE',  ( 6.249999999999998224, -3.399999999999999911, -0.2499999999999997780 ) ) ;
#969 = VECTOR ( 'NONE', #11131, 1000.000000000000000 ) ;
#970 = VECTOR ( 'NONE', #7521, 1000.000000000000000 ) ;
#971 = SURFACE_STYLE_FILL_AREA ( #1816 ) ;
#972 = FILL_AREA_STYLE_COLOUR ( '', #935 ) ;
#973 = ORIENTED_EDGE ( 'NONE', *, *, #3608, .F. ) ;
#974 = DIRECTION ( 'NONE',  ( 0.0000000000000000000, 0.0000000000000000000, -1.000000000000000000 ) ) ;
#975 = DIRECTION ( 'NONE',  ( -0.0000000000000000000, 1.000000000000000000, -0.0000000000000000000 ) ) ;
#976 = ORIENTED_EDGE ( 'NONE', *, *, #7921, .F. ) ;
#977 = VERTEX_POINT ( 'NONE', #1846 ) ;
#978 = EDGE_CURVE ( 'NONE', #1809, #276, #7171, .T. ) ;
#979 = LINE ( 'NONE', #6393, #226 ) ;
#980 = CARTESIAN_POINT ( 'NONE',  ( 4.150000000000003020, 5.100000000000001421, -2.800000000000000266 ) ) ;
#981 = LINE ( 'NONE', #9624, #7613 ) ;
#982 = UNCERTAINTY_MEASURE_WITH_UNIT (LENGTH_MEASURE( 1.000000000000000082E-05 ), #715, 'distance_accuracy_value', 'NONE');
#983 = CARTESIAN_POINT ( 'NONE',  ( 3.299999999999999378, 0.2000000000000000389, -2.800000000000000266 ) ) ;
#984 = UNCERTAINTY_MEASURE_WITH_UNIT (LENGTH_MEASURE( 1.000000000000000082E-05 ), #9263, 'distance_accuracy_value', 'NONE');
#985 =( NAMED_UNIT ( * ) PLANE_ANGLE_UNIT ( ) SI_UNIT ( $, .RADIAN. ) );
#986 = DIRECTION ( 'NONE',  ( 0.7071067811865475727, -0.7071067811865475727, 1.662400053425836136E-32 ) ) ;
#987 = UNCERTAINTY_MEASURE_WITH_UNIT (LENGTH_MEASURE( 1.000000000000000082E-05 ), #6364, 'distance_accuracy_value', 'NONE');
#988 = LINE ( 'NONE', #4613, #6325 ) ;
#989 = ORIENTED_EDGE ( 'NONE', *, *, #2628, .T. ) ;
#990 = LINE ( 'NONE', #6138, #7182 ) ;
#991 =( GEOMETRIC_REPRESENTATION_CONTEXT ( 3 ) GLOBAL_UNCERTAINTY_ASSIGNED_CONTEXT ( ( #10861 ) ) GLOBAL_UNIT_ASSIGNED_CONTEXT ( ( #4517, #104, #7172 ) ) REPRESENTATION_CONTEXT ( 'NONE', 'WORKASPACE' ) );
#992 = CARTESIAN_POINT ( 'NONE',  ( 8.966666666666668561, -2.516666666666662611, -1.033333333333332993 ) ) ;
#993 = DIRECTION ( 'NONE',  ( -1.084202172485504237E-15, -1.000000000000000000, 0.0000000000000000000 ) ) ;
#994 = CARTESIAN_POINT ( 'NONE',  ( 12.08333333333333570, 5.166666666666674068, 0.08333333333333629855 ) ) ;
#995 = COLOUR_RGB ( '',1.000000000000000000, 1.000000000000000000, 1.000000000000000000 ) ;
#996 = CARTESIAN_POINT ( 'NONE',  ( 5.299999999999998934, 0.2000000000000000389, -2.800000000000000266 ) ) ;
#997 = ORIENTED_EDGE ( 'NONE', *, *, #8063, .T. ) ;
#998 = DIRECTION ( 'NONE',  ( -0.0000000000000000000, 1.000000000000000000, -0.0000000000000000000 ) ) ;
#999 = CARTESIAN_POINT ( 'NONE',  ( 4.250000000000000000, 0.2000000000000000111, -2.800000000000000266 ) ) ;
#1000 = PLANE ( 'NONE',  #2008 ) ;
#1001 = VECTOR ( 'NONE', #2175, 1000.000000000000000 ) ;
#1002 = AXIS2_PLACEMENT_3D ( 'NONE', #8856, #1832, #821 ) ;
#1003 = CARTESIAN_POINT ( 'NONE',  ( 4.699999999999999289, 0.0000000000000000000, 1.700000000000000178 ) ) ;
#1004 = SURFACE_STYLE_USAGE ( .BOTH. , #5227 ) ;
#1005 = LINE ( 'NONE', #8927, #9887 ) ;
#1006 = CARTESIAN_POINT ( 'NONE',  ( 1.299999999999999600, 0.2000000000000000389, -2.800000000000000266 ) ) ;
#1007 = DIRECTION ( 'NONE',  ( 1.000000000000000000, 0.0000000000000000000, 0.0000000000000000000 ) ) ;
#1008 = ORIENTED_EDGE ( 'NONE', *, *, #2285, .T. ) ;
#1009 = VECTOR ( 'NONE', #10798, 1000.000000000000000 ) ;
#1010 = PRESENTATION_LAYER_ASSIGNMENT (  '', '', ( #9755 ) ) ;
#1011 = DIRECTION ( 'NONE',  ( 1.000000000000000000, 0.0000000000000000000, 0.0000000000000000000 ) ) ;
#1012 = EDGE_LOOP ( 'NONE', ( #2610, #7539, #2507, #3670 ) ) ;
#1013 = DIRECTION ( 'NONE',  ( 1.000000000000000000, -5.421010862427522170E-17, 0.0000000000000000000 ) ) ;
#1014 = ORIENTED_EDGE ( 'NONE', *, *, #9440, .T. ) ;
#1015 = CARTESIAN_POINT ( 'NONE',  ( 9.299999999999998934, 0.2000000000000000389, -2.800000000000000266 ) ) ;
#1016 = FILL_AREA_STYLE ('',( #1134 ) ) ;
#1017 = SURFACE_STYLE_USAGE ( .BOTH. , #8999 ) ;
#1018 = UNCERTAINTY_MEASURE_WITH_UNIT (LENGTH_MEASURE( 1.000000000000000082E-05 ), #3183, 'distance_accuracy_value', 'NONE');
#1019 = COLOUR_RGB ( '',1.000000000000000000, 0.8117647058823529438, 0.5019607843137254832 ) ;
#1020 = PRESENTATION_STYLE_ASSIGNMENT (( #5467 ) ) ;
#1021 = DIRECTION ( 'NONE',  ( 1.000000000000000000, 0.0000000000000000000, 0.0000000000000000000 ) ) ;
#1022 = PRESENTATION_LAYER_ASSIGNMENT (  '', '', ( #6052 ) ) ;
#1023 = DIRECTION ( 'NONE',  ( -1.084202172485504237E-15, -1.000000000000000000, 0.0000000000000000000 ) ) ;
#1024 = DIRECTION ( 'NONE',  ( -0.0000000000000000000, -0.0000000000000000000, 1.000000000000000000 ) ) ;
#1025 = SURFACE_STYLE_FILL_AREA ( #8179 ) ;
#1026 = STYLED_ITEM ( 'NONE', ( #8968 ), #4756 ) ;
#1027 = ORIENTED_EDGE ( 'NONE', *, *, #2677, .T. ) ;
#1028 = LINE ( 'NONE', #5480, #7412 ) ;
#1029 = EDGE_CURVE ( 'NONE', #10990, #8953, #4624, .T. ) ;
#1030 = LINE ( 'NONE', #8120, #7180 ) ;
#1031 = SURFACE_SIDE_STYLE ('',( #9711 ) ) ;
#1032 = EDGE_CURVE ( 'NONE', #1070, #5634, #2630, .T. ) ;
#1033 = LINE ( 'NONE', #6234, #10516 ) ;
#1034 =( GEOMETRIC_REPRESENTATION_CONTEXT ( 3 ) GLOBAL_UNCERTAINTY_ASSIGNED_CONTEXT ( ( #6750 ) ) GLOBAL_UNIT_ASSIGNED_CONTEXT ( ( #7358, #5748, #436 ) ) REPRESENTATION_CONTEXT ( 'NONE', 'WORKASPACE' ) );
#1035 = ADVANCED_FACE ( 'NONE', ( #7049 ), #9788, .F. ) ;
#1036 = VECTOR ( 'NONE', #8916, 1000.000000000000000 ) ;
#1037 = AXIS2_PLACEMENT_3D ( 'NONE', #8783, #8965, #808 ) ;
#1038 =( NAMED_UNIT ( * ) PLANE_ANGLE_UNIT ( ) SI_UNIT ( $, .RADIAN. ) );
#1039 =( NAMED_UNIT ( * ) PLANE_ANGLE_UNIT ( ) SI_UNIT ( $, .RADIAN. ) );
#1040 = STYLED_ITEM ( 'NONE', ( #835 ), #5887 ) ;
#1041 = FACE_OUTER_BOUND ( 'NONE', #1408, .T. ) ;
#1042 = ORIENTED_EDGE ( 'NONE', *, *, #10150, .F. ) ;
#1043 = PRESENTATION_LAYER_ASSIGNMENT (  '', '', ( #9965 ) ) ;
#1044 = CARTESIAN_POINT ( 'NONE',  ( -1.180000000000000160, 2.250000000000000000, -2.801000000000000600 ) ) ;
#1045 = EDGE_LOOP ( 'NONE', ( #5040, #5829, #7813, #898 ) ) ;
#1046 = LINE ( 'NONE', #876, #6526 ) ;
#1047 = EDGE_CURVE ( 'NONE', #8547, #9431, #1900, .T. ) ;
#1048 = CARTESIAN_POINT ( 'NONE',  ( 8.050000000000000711, 5.100000000000001421, -2.800000000000000266 ) ) ;
#1049 = SURFACE_SIDE_STYLE ('',( #10756 ) ) ;
#1050 = STYLED_ITEM ( 'NONE', ( #447 ), #5537 ) ;
#1051 = VECTOR ( 'NONE', #8513, 1000.000000000000000 ) ;
#1052 =( NAMED_UNIT ( * ) PLANE_ANGLE_UNIT ( ) SI_UNIT ( $, .RADIAN. ) );
#1053 = FACE_OUTER_BOUND ( 'NONE', #3470, .T. ) ;
#1054 = PRESENTATION_STYLE_ASSIGNMENT (( #2911 ) ) ;
#1055 = CARTESIAN_POINT ( 'NONE',  ( 4.699999999999999289, 0.0000000000000000000, -2.800000000000000266 ) ) ;
#1056 = EDGE_CURVE ( 'NONE', #3698, #4942, #6410, .T. ) ;
#1057 =( NAMED_UNIT ( * ) SI_UNIT ( $, .STERADIAN. ) SOLID_ANGLE_UNIT ( ) );
#1058 = PRESENTATION_STYLE_ASSIGNMENT (( #8326 ) ) ;
#1059 = ORIENTED_EDGE ( 'NONE', *, *, #6235, .F. ) ;
#1060 = DIRECTION ( 'NONE',  ( -0.0000000000000000000, 0.0000000000000000000, 1.000000000000000000 ) ) ;
#1061 = CARTESIAN_POINT ( 'NONE',  ( -0.2500000000000000000, 0.2000000000000000944, 0.2500000000000002220 ) ) ;
#1062 = UNCERTAINTY_MEASURE_WITH_UNIT (LENGTH_MEASURE( 1.000000000000000082E-05 ), #5695, 'distance_accuracy_value', 'NONE');
#1063 = DIRECTION ( 'NONE',  ( -3.833233541708387890E-17, -0.7071067811865388020, -0.7071067811865563435 ) ) ;
#1064 = ADVANCED_FACE ( 'NONE', ( #4560 ), #8920, .F. ) ;
#1065 = DIRECTION ( 'NONE',  ( 3.872150616019660190E-17, 1.000000000000000000, -0.0000000000000000000 ) ) ;
#1066 = LINE ( 'NONE', #5633, #11450 ) ;
#1067 = ORIENTED_EDGE ( 'NONE', *, *, #5449, .T. ) ;
#1068 = ORIENTED_EDGE ( 'NONE', *, *, #10211, .T. ) ;
#1069 = PRESENTATION_LAYER_ASSIGNMENT (  '', '', ( #4252 ) ) ;
#1070 = VERTEX_POINT ( 'NONE', #6590 ) ;
#1071 = MECHANICAL_DESIGN_GEOMETRIC_PRESENTATION_REPRESENTATION (  '', ( #10552 ), #4992 ) ;
#1072 = LINE ( 'NONE', #10728, #2558 ) ;
#1073 = EDGE_CURVE ( 'NONE', #4958, #5391, #10081, .T. ) ;
#1074 = FILL_AREA_STYLE ('',( #1227 ) ) ;
#1075 =( NAMED_UNIT ( * ) PLANE_ANGLE_UNIT ( ) SI_UNIT ( $, .RADIAN. ) );
#1076 = ORIENTED_EDGE ( 'NONE', *, *, #2159, .F. ) ;
#1077 = ORIENTED_EDGE ( 'NONE', *, *, #5471, .T. ) ;
#1078 = AXIS2_PLACEMENT_3D ( 'NONE', #2742, #1127, #320 ) ;
#1079 = ORIENTED_EDGE ( 'NONE', *, *, #1593, .F. ) ;
#1080 = PLANE ( 'NONE',  #9335 ) ;
#1081 = FILL_AREA_STYLE_COLOUR ( '', #5187 ) ;
#1082 = PRESENTATION_STYLE_ASSIGNMENT (( #9291 ) ) ;
#1083 = SURFACE_SIDE_STYLE ('',( #1874 ) ) ;
#1084 = CARTESIAN_POINT ( 'NONE',  ( 12.75000000000000178, 3.399999999999999467, -2.350000000000001865 ) ) ;
#1085 = CARTESIAN_POINT ( 'NONE',  ( -1.949999999999999956, 6.000000000000000000, 1.700000000000000178 ) ) ;
#1086 = VECTOR ( 'NONE', #2831, 1000.000000000000000 ) ;
#1087 = ADVANCED_FACE ( 'NONE', ( #5727 ), #8215, .F. ) ;
#1088 = LINE ( 'NONE', #4596, #5326 ) ;
#1089 = LINE ( 'NONE', #4654, #2679 ) ;
#1090 = VECTOR ( 'NONE', #6115, 1000.000000000000000 ) ;
#1091 = LINE ( 'NONE', #5762, #8099 ) ;
#1092 = VERTEX_POINT ( 'NONE', #8265 ) ;
#1093 = FILL_AREA_STYLE_COLOUR ( '', #5056 ) ;
#1094 = ORIENTED_EDGE ( 'NONE', *, *, #186, .F. ) ;
#1095 = LINE ( 'NONE', #8967, #10212 ) ;
#1096 = UNCERTAINTY_MEASURE_WITH_UNIT (LENGTH_MEASURE( 1.000000000000000082E-05 ), #7512, 'distance_accuracy_value', 'NONE');
#1097 = FILL_AREA_STYLE ('',( #6400 ) ) ;
#1098 = LINE ( 'NONE', #6351, #10792 ) ;
#1099 = UNCERTAINTY_MEASURE_WITH_UNIT (LENGTH_MEASURE( 1.000000000000000082E-05 ), #6771, 'distance_accuracy_value', 'NONE');
#1100 = SURFACE_STYLE_USAGE ( .BOTH. , #9946 ) ;
#1101 = CARTESIAN_POINT ( 'NONE',  ( -0.2200000000000003619, 4.229999999999999538, -2.801000000000000600 ) ) ;
#1102 = EDGE_CURVE ( 'NONE', #4122, #1856, #10934, .T. ) ;
#1103 = ADVANCED_FACE ( 'NONE', ( #3930 ), #5850, .F. ) ;
#1104 = AXIS2_PLACEMENT_3D ( 'NONE', #8382, #11209, #10422 ) ;
#1105 = PRESENTATION_LAYER_ASSIGNMENT (  '', '', ( #7269 ) ) ;
#1106 = EDGE_CURVE ( 'NONE', #10254, #5200, #535, .T. ) ;
#1107 = VECTOR ( 'NONE', #3853, 1000.000000000000000 ) ;
#1108 = SURFACE_STYLE_USAGE ( .BOTH. , #9890 ) ;
#1109 = VERTEX_POINT ( 'NONE', #5960 ) ;
#1110 = EDGE_CURVE ( 'NONE', #2148, #10437, #6819, .T. ) ;
#1111 = ORIENTED_EDGE ( 'NONE', *, *, #3275, .T. ) ;
#1112 = DIRECTION ( 'NONE',  ( 0.5773502691896206240, -0.5773502691896356120, -0.5773502691896210681 ) ) ;
#1113 = STYLED_ITEM ( 'NONE', ( #5271 ), #6108 ) ;
#1114 = SURFACE_STYLE_FILL_AREA ( #3927 ) ;
#1115 = ORIENTED_EDGE ( 'NONE', *, *, #6850, .F. ) ;
#1116 = CARTESIAN_POINT ( 'NONE',  ( 3.749999999999999556, 0.2000000000000000111, -2.800000000000000266 ) ) ;
#1117 = DIRECTION ( 'NONE',  ( 0.0000000000000000000, 0.0000000000000000000, 1.000000000000000000 ) ) ;
#1118 = VECTOR ( 'NONE', #4627, 1000.000000000000000 ) ;
#1119 = PRESENTATION_STYLE_ASSIGNMENT (( #1901 ) ) ;
#1120 = STYLED_ITEM ( 'NONE', ( #7307 ), #6421 ) ;
#1121 = PRESENTATION_STYLE_ASSIGNMENT (( #2206 ) ) ;
#1122 = DIRECTION ( 'NONE',  ( -1.000000000000000000, 3.872150616019660190E-17, 0.0000000000000000000 ) ) ;
#1123 = EDGE_CURVE ( 'NONE', #8517, #4039, #6983, .T. ) ;
#1124 = LINE ( 'NONE', #10196, #3964 ) ;
#1125 = LINE ( 'NONE', #1341, #3373 ) ;
#1126 = CARTESIAN_POINT ( 'NONE',  ( 3.750000000000001332, 5.000000000000000888, -0.2499999999999997780 ) ) ;
#1127 = DIRECTION ( 'NONE',  ( -0.7071067811865597852, -0.7071067811865352493, 1.662400053425807125E-32 ) ) ;
#1128 = ORIENTED_EDGE ( 'NONE', *, *, #9696, .T. ) ;
#1129 =( GEOMETRIC_REPRESENTATION_CONTEXT ( 3 ) GLOBAL_UNCERTAINTY_ASSIGNED_CONTEXT ( ( #9486 ) ) GLOBAL_UNIT_ASSIGNED_CONTEXT ( ( #11369, #10644, #6979 ) ) REPRESENTATION_CONTEXT ( 'NONE', 'WORKASPACE' ) );
#1130 = COLOUR_RGB ( '',1.000000000000000000, 0.8117647058823529438, 0.5019607843137254832 ) ;
#1131 = ORIENTED_EDGE ( 'NONE', *, *, #6248, .F. ) ;
#1132 = CARTESIAN_POINT ( 'NONE',  ( 5.750000000000001776, 5.000000000000004441, -0.2499999999999997780 ) ) ;
#1133 = CARTESIAN_POINT ( 'NONE',  ( 7.750000000000000000, 5.000000000000000888, 0.2500000000000002220 ) ) ;
#1134 = FILL_AREA_STYLE_COLOUR ( '', #6119 ) ;
#1135 = DIRECTION ( 'NONE',  ( 0.0000000000000000000, -0.0000000000000000000, 1.000000000000000000 ) ) ;
#1136 = UNCERTAINTY_MEASURE_WITH_UNIT (LENGTH_MEASURE( 1.000000000000000082E-05 ), #4406, 'distance_accuracy_value', 'NONE');
#1137 = ADVANCED_FACE ( 'NONE', ( #4218 ), #6927, .T. ) ;
#1138 = VECTOR ( 'NONE', #10086, 1000.000000000000000 ) ;
#1139 =( NAMED_UNIT ( * ) PLANE_ANGLE_UNIT ( ) SI_UNIT ( $, .RADIAN. ) );
#1140 = ORIENTED_EDGE ( 'NONE', *, *, #3553, .T. ) ;
#1141 = ORIENTED_EDGE ( 'NONE', *, *, #9077, .F. ) ;
#1142 = ORIENTED_EDGE ( 'NONE', *, *, #5755, .F. ) ;
#1143 = SURFACE_STYLE_USAGE ( .BOTH. , #7417 ) ;
#1144 = MECHANICAL_DESIGN_GEOMETRIC_PRESENTATION_REPRESENTATION (  '', ( #1310 ), #5437 ) ;
#1145 = PRESENTATION_STYLE_ASSIGNMENT (( #126 ) ) ;
#1146 = FACE_OUTER_BOUND ( 'NONE', #7469, .T. ) ;
#1147 = LINE ( 'NONE', #4538, #10383 ) ;
#1148 = FACE_OUTER_BOUND ( 'NONE', #6657, .T. ) ;
#1149 = PRESENTATION_STYLE_ASSIGNMENT (( #9241 ) ) ;
#1150 = ORIENTED_EDGE ( 'NONE', *, *, #6828, .F. ) ;
#1151 = MECHANICAL_DESIGN_GEOMETRIC_PRESENTATION_REPRESENTATION (  '', ( #10802 ), #4514 ) ;
#1152 = DIRECTION ( 'NONE',  ( -3.833233541708420554E-17, -0.7071067811865447972, 0.7071067811865502373 ) ) ;
#1153 = PRESENTATION_STYLE_ASSIGNMENT (( #8137 ) ) ;
#1154 = ORIENTED_EDGE ( 'NONE', *, *, #6386, .F. ) ;
#1155 = PRESENTATION_LAYER_ASSIGNMENT (  '', '', ( #3784 ) ) ;
#1156 = PRESENTATION_STYLE_ASSIGNMENT (( #10173 ) ) ;
#1157 = DIRECTION ( 'NONE',  ( 1.000000000000000000, 0.0000000000000000000, 0.0000000000000000000 ) ) ;
#1158 = ORIENTED_EDGE ( 'NONE', *, *, #10048, .T. ) ;
#1159 = LINE ( 'NONE', #2907, #3667 ) ;
#1160 = LINE ( 'NONE', #3214, #6690 ) ;
#1161 = EDGE_CURVE ( 'NONE', #9910, #276, #3444, .T. ) ;
#1162 =( NAMED_UNIT ( * ) SI_UNIT ( $, .STERADIAN. ) SOLID_ANGLE_UNIT ( ) );
#1163 =( NAMED_UNIT ( * ) PLANE_ANGLE_UNIT ( ) SI_UNIT ( $, .RADIAN. ) );
#1164 = CARTESIAN_POINT ( 'NONE',  ( 2.699999999999999734, 0.0000000000000000000, -2.800000000000000266 ) ) ;
#1165 = CYLINDRICAL_SURFACE ( 'NONE', #3527, 0.4999999999999995559 ) ;
#1166 = ADVANCED_FACE ( 'NONE', ( #602 ), #7808, .F. ) ;
#1167 = AXIS2_PLACEMENT_3D ( 'NONE', #9222, #6663, #5638 ) ;
#1168 = FACE_OUTER_BOUND ( 'NONE', #21, .T. ) ;
#1169 = UNCERTAINTY_MEASURE_WITH_UNIT (LENGTH_MEASURE( 1.000000000000000082E-05 ), #3311, 'distance_accuracy_value', 'NONE');
#1170 = PRESENTATION_STYLE_ASSIGNMENT (( #6653 ) ) ;
#1171 = DIRECTION ( 'NONE',  ( -1.000000000000000000, 0.0000000000000000000, 0.0000000000000000000 ) ) ;
#1172 =( LENGTH_UNIT ( ) NAMED_UNIT ( * ) SI_UNIT ( .MILLI., .METRE. ) );
#1173 = LINE ( 'NONE', #4522, #3689 ) ;
#1174 = EDGE_LOOP ( 'NONE', ( #592, #1922, #8623, #9518 ) ) ;
#1175 = ORIENTED_EDGE ( 'NONE', *, *, #11253, .F. ) ;
#1176 = DIRECTION ( 'NONE',  ( 1.000000000000000000, 0.0000000000000000000, -2.272280002215129179E-17 ) ) ;
#1177 = PRESENTATION_LAYER_ASSIGNMENT (  '', '', ( #6226 ) ) ;
#1178 = ORIENTED_EDGE ( 'NONE', *, *, #4221, .T. ) ;
#1179 = LINE ( 'NONE', #6491, #4999 ) ;
#1180 = EDGE_CURVE ( 'NONE', #1070, #9306, #1724, .T. ) ;
#1181 = CARTESIAN_POINT ( 'NONE',  ( -0.2200000000000001399, 2.250000000000000000, 1.700000000000000178 ) ) ;
#1182 = PRESENTATION_STYLE_ASSIGNMENT (( #171 ) ) ;
#1183 = DIRECTION ( 'NONE',  ( -1.938238520644477652E-16, 1.000000000000000000, 0.0000000000000000000 ) ) ;
#1184 = DIRECTION ( 'NONE',  ( 1.000000000000000000, -0.0000000000000000000, 1.927470528863119049E-16 ) ) ;
#1185 = DIRECTION ( 'NONE',  ( -1.000000000000000000, -0.0000000000000000000, -0.0000000000000000000 ) ) ;
#1186 = LINE ( 'NONE', #5761, #8254 ) ;
#1187 = AXIS2_PLACEMENT_3D ( 'NONE', #7717, #4016, #9416 ) ;
#1188 = VECTOR ( 'NONE', #6274, 1000.000000000000000 ) ;
#1189 = CARTESIAN_POINT ( 'NONE',  ( 3.750000000000000444, 5.000000000000000888, 0.2500000000000002220 ) ) ;
#1190 = COLOUR_RGB ( '',1.000000000000000000, 1.000000000000000000, 1.000000000000000000 ) ;
#1191 = SURFACE_STYLE_FILL_AREA ( #4083 ) ;
#1192 = LINE ( 'NONE', #5708, #4833 ) ;
#1193 = SURFACE_STYLE_FILL_AREA ( #236 ) ;
#1194 = CARTESIAN_POINT ( 'NONE',  ( 7.750000000000000000, -3.399999999999999911, 0.2500000000000002220 ) ) ;
#1195 = PLANE ( 'NONE',  #5431 ) ;
#1196 = COLOUR_RGB ( '',1.000000000000000000, 1.000000000000000000, 1.000000000000000000 ) ;
#1197 = VECTOR ( 'NONE', #5654, 1000.000000000000000 ) ;
#1198 =( NAMED_UNIT ( * ) SI_UNIT ( $, .STERADIAN. ) SOLID_ANGLE_UNIT ( ) );
#1199 = CARTESIAN_POINT ( 'NONE',  ( 1.166666666666678287, -4.383333333333339077, -0.8333333333333200477 ) ) ;
#1200 = STYLED_ITEM ( 'NONE', ( #10390 ), #674 ) ;
#1201 = CARTESIAN_POINT ( 'NONE',  ( 7.750000000000000000, 5.000000000000000888, -0.2499999999999997780 ) ) ;
#1202 = MECHANICAL_DESIGN_GEOMETRIC_PRESENTATION_REPRESENTATION (  '', ( #9405 ), #9034 ) ;
#1203 =( NAMED_UNIT ( * ) PLANE_ANGLE_UNIT ( ) SI_UNIT ( $, .RADIAN. ) );
#1204 = VECTOR ( 'NONE', #7350, 1000.000000000000000 ) ;
#1205 = LINE ( 'NONE', #304, #4357 ) ;
#1206 = DIRECTION ( 'NONE',  ( 0.0000000000000000000, 0.0000000000000000000, 1.000000000000000000 ) ) ;
#1207 = FILL_AREA_STYLE_COLOUR ( '', #7810 ) ;
#1208 = PLANE ( 'NONE',  #3192 ) ;
#1209 = VERTEX_POINT ( 'NONE', #7036 ) ;
#1210 = DIRECTION ( 'NONE',  ( -0.0000000000000000000, -0.0000000000000000000, 1.000000000000000000 ) ) ;
#1211 = EDGE_LOOP ( 'NONE', ( #1042, #6161, #7570, #11227 ) ) ;
#1212 = AXIS2_PLACEMENT_3D ( 'NONE', #362, #1897, #9038 ) ;
#1213 =( GEOMETRIC_REPRESENTATION_CONTEXT ( 3 ) GLOBAL_UNCERTAINTY_ASSIGNED_CONTEXT ( ( #182 ) ) GLOBAL_UNIT_ASSIGNED_CONTEXT ( ( #2116, #11288, #11071 ) ) REPRESENTATION_CONTEXT ( 'NONE', 'WORKASPACE' ) );
#1214 = EDGE_CURVE ( 'NONE', #11359, #10070, #8853, .T. ) ;
#1215 = LINE ( 'NONE', #6544, #1138 ) ;
#1216 = DIRECTION ( 'NONE',  ( 1.000000000000000000, 0.0000000000000000000, -0.0000000000000000000 ) ) ;
#1217 = LINE ( 'NONE', #8332, #7473 ) ;
#1218 = FILL_AREA_STYLE ('',( #5800 ) ) ;
#1219 = ORIENTED_EDGE ( 'NONE', *, *, #6784, .F. ) ;
#1220 = EDGE_LOOP ( 'NONE', ( #11354, #883, #111, #5988 ) ) ;
#1221 = EDGE_CURVE ( 'NONE', #8679, #2747, #930, .T. ) ;
#1222 = ORIENTED_EDGE ( 'NONE', *, *, #9524, .T. ) ;
#1223 =( NAMED_UNIT ( * ) SI_UNIT ( $, .STERADIAN. ) SOLID_ANGLE_UNIT ( ) );
#1224 = EDGE_CURVE ( 'NONE', #8387, #2052, #6298, .T. ) ;
#1225 = CARTESIAN_POINT ( 'NONE',  ( -1.350000000000000089, 5.649999999999998579, 1.249999999999997558 ) ) ;
#1226 = CARTESIAN_POINT ( 'NONE',  ( 1.150000000000000355, 6.000000000000000000, -2.801000000000000600 ) ) ;
#1227 = FILL_AREA_STYLE_COLOUR ( '', #5694 ) ;
#1228 = CARTESIAN_POINT ( 'NONE',  ( 11.29999999999999893, 0.2000000000000000389, 1.700000000000000178 ) ) ;
#1229 = ADVANCED_FACE ( 'NONE', ( #90 ), #2668, .T. ) ;
#1230 = CARTESIAN_POINT ( 'NONE',  ( -1.951000000000000956, 4.500000000000000888, 0.3199999999999982303 ) ) ;
#1231 = ADVANCED_FACE ( 'NONE', ( #6244 ), #8909, .F. ) ;
#1232 = COLOUR_RGB ( '',1.000000000000000000, 1.000000000000000000, 1.000000000000000000 ) ;
#1233 = SURFACE_SIDE_STYLE ('',( #4811 ) ) ;
#1234 = DIRECTION ( 'NONE',  ( 1.000000000000000000, 0.0000000000000000000, 0.0000000000000000000 ) ) ;
#1235 = SURFACE_STYLE_FILL_AREA ( #8532 ) ;
#1236 = CARTESIAN_POINT ( 'NONE',  ( 0.1500000000000003830, -3.399999999999999911, 0.2500000000000002220 ) ) ;
#1237 = PLANE ( 'NONE',  #9391 ) ;
#1238 = VECTOR ( 'NONE', #8049, 1000.000000000000000 ) ;
#1239 = EDGE_LOOP ( 'NONE', ( #9479, #9595, #4027, #7271 ) ) ;
#1240 = PRESENTATION_STYLE_ASSIGNMENT (( #4019 ) ) ;
#1241 = DIRECTION ( 'NONE',  ( 1.927470528863119542E-16, -1.000000000000000000, 0.0000000000000000000 ) ) ;
#1242 = CARTESIAN_POINT ( 'NONE',  ( 1.750000000000000666, 5.000000000000004441, 0.2500000000000002220 ) ) ;
#1243 = EDGE_CURVE ( 'NONE', #5391, #11168, #1046, .T. ) ;
#1244 = ORIENTED_EDGE ( 'NONE', *, *, #1913, .F. ) ;
#1245 = FILL_AREA_STYLE_COLOUR ( '', #11095 ) ;
#1246 = UNCERTAINTY_MEASURE_WITH_UNIT (LENGTH_MEASURE( 1.000000000000000082E-05 ), #2620, 'distance_accuracy_value', 'NONE');
#1247 = AXIS2_PLACEMENT_3D ( 'NONE', #6574, #4828, #10114 ) ;
#1248 = FILL_AREA_STYLE_COLOUR ( '', #2183 ) ;
#1249 = CARTESIAN_POINT ( 'NONE',  ( 14.69999999999999751, 0.1999999999999999833, -2.800000000000000266 ) ) ;
#1250 = PLANE ( 'NONE',  #5975 ) ;
#1251 = SURFACE_SIDE_STYLE ('',( #2958 ) ) ;
#1252 = PLANE ( 'NONE',  #7987 ) ;
#1253 = ADVANCED_FACE ( 'NONE', ( #11431 ), #6190, .F. ) ;
#1254 = VECTOR ( 'NONE', #6054, 1000.000000000000000 ) ;
#1255 = ORIENTED_EDGE ( 'NONE', *, *, #4871, .F. ) ;
#1256 = FACE_OUTER_BOUND ( 'NONE', #6487, .T. ) ;
#1257 = PLANE ( 'NONE',  #10680 ) ;
#1258 = EDGE_LOOP ( 'NONE', ( #5890, #8546, #5037, #4171, #10604 ) ) ;
#1259 = DIRECTION ( 'NONE',  ( 0.5773502691896206240, -0.5773502691896356120, -0.5773502691896210681 ) ) ;
#1260 = PRESENTATION_STYLE_ASSIGNMENT (( #9199 ) ) ;
#1261 = DIRECTION ( 'NONE',  ( -9.103382349328301547E-49, -2.350988701644575016E-32, -1.000000000000000000 ) ) ;
#1262 = DIRECTION ( 'NONE',  ( -1.000000000000000000, 0.0000000000000000000, 0.0000000000000000000 ) ) ;
#1263 = MECHANICAL_DESIGN_GEOMETRIC_PRESENTATION_REPRESENTATION (  '', ( #7970 ), #2572 ) ;
#1264 = VECTOR ( 'NONE', #1271, 1000.000000000000000 ) ;
#1265 = DIRECTION ( 'NONE',  ( 0.0000000000000000000, 1.000000000000000000, 0.0000000000000000000 ) ) ;
#1266 = ORIENTED_EDGE ( 'NONE', *, *, #2538, .T. ) ;
#1267 = DIRECTION ( 'NONE',  ( 1.000000000000000000, 0.0000000000000000000, 0.0000000000000000000 ) ) ;
#1268 = ORIENTED_EDGE ( 'NONE', *, *, #4671, .F. ) ;
#1269 = FACE_OUTER_BOUND ( 'NONE', #4797, .T. ) ;
#1270 = LINE ( 'NONE', #7458, #5699 ) ;
#1271 = DIRECTION ( 'NONE',  ( -1.000000000000000000, 5.421010862427522170E-17, 0.0000000000000000000 ) ) ;
#1272 = VERTEX_POINT ( 'NONE', #239 ) ;
#1273 = STYLED_ITEM ( 'NONE', ( #3326 ), #193 ) ;
#1274 = AXIS2_PLACEMENT_3D ( 'NONE', #6654, #9337, #4924 ) ;
#1275 = EDGE_LOOP ( 'NONE', ( #5442, #4358, #3304, #1142 ) ) ;
#1276 = CARTESIAN_POINT ( 'NONE',  ( 5.750000000000000000, 5.000000000000004441, 0.2500000000000002220 ) ) ;
#1277 = CARTESIAN_POINT ( 'NONE',  ( 14.22000000000000064, 4.230000000000001315, 1.249999999999997558 ) ) ;
#1278 = ADVANCED_FACE ( 'NONE', ( #7493 ), #1250, .T. ) ;
#1279 = LINE ( 'NONE', #488, #2458 ) ;
#1280 = CARTESIAN_POINT ( 'NONE',  ( 5.750000000000000000, 0.2000000000000000111, -0.2499999999999997780 ) ) ;
#1281 = SURFACE_STYLE_FILL_AREA ( #2331 ) ;
#1282 = ORIENTED_EDGE ( 'NONE', *, *, #2437, .F. ) ;
#1283 = ORIENTED_EDGE ( 'NONE', *, *, #9413, .T. ) ;
#1284 = VECTOR ( 'NONE', #9200, 1000.000000000000000 ) ;
#1285 = VECTOR ( 'NONE', #9477, 1000.000000000000000 ) ;
#1286 = ORIENTED_EDGE ( 'NONE', *, *, #9894, .F. ) ;
#1287 = SURFACE_STYLE_USAGE ( .BOTH. , #4747 ) ;
#1288 = VERTEX_POINT ( 'NONE', #10118 ) ;
#1289 = COLOUR_RGB ( '',1.000000000000000000, 1.000000000000000000, 1.000000000000000000 ) ;
#1290 = DIRECTION ( 'NONE',  ( 1.000000000000000000, 0.0000000000000000000, 0.0000000000000000000 ) ) ;
#1291 = ORIENTED_EDGE ( 'NONE', *, *, #5822, .F. ) ;
#1292 = ORIENTED_EDGE ( 'NONE', *, *, #7221, .F. ) ;
#1293 = CARTESIAN_POINT ( 'NONE',  ( 12.25000000000000000, -3.399999999999999911, -0.2499999999999997780 ) ) ;
#1294 = VECTOR ( 'NONE', #3317, 1000.000000000000000 ) ;
#1295 = DIRECTION ( 'NONE',  ( -1.000000000000000000, 0.0000000000000000000, 0.0000000000000000000 ) ) ;
#1296 = COLOUR_RGB ( '',1.000000000000000000, 1.000000000000000000, 1.000000000000000000 ) ;
#1297 = DIRECTION ( 'NONE',  ( -0.7071067811865505703, -0.7071067811865444641, 1.662400053425828747E-32 ) ) ;
#1298 = EDGE_LOOP ( 'NONE', ( #6373, #7264, #8486, #3365 ) ) ;
#1299 =( GEOMETRIC_REPRESENTATION_CONTEXT ( 3 ) GLOBAL_UNCERTAINTY_ASSIGNED_CONTEXT ( ( #3672 ) ) GLOBAL_UNIT_ASSIGNED_CONTEXT ( ( #10824, #5795, #3034 ) ) REPRESENTATION_CONTEXT ( 'NONE', 'WORKASPACE' ) );
#1300 =( NAMED_UNIT ( * ) SI_UNIT ( $, .STERADIAN. ) SOLID_ANGLE_UNIT ( ) );
#1301 = VECTOR ( 'NONE', #5923, 1000.000000000000000 ) ;
#1302 = DIRECTION ( 'NONE',  ( -4.336808689942017736E-16, 0.0000000000000000000, -1.000000000000000000 ) ) ;
#1303 = CARTESIAN_POINT ( 'NONE',  ( 13.29999999999999893, 0.2000000000000000389, 1.700000000000000178 ) ) ;
#1304 = LINE ( 'NONE', #4705, #8291 ) ;
#1305 = EDGE_CURVE ( 'NONE', #11128, #1856, #2901, .T. ) ;
#1306 = ADVANCED_FACE ( 'NONE', ( #10864 ), #6460, .F. ) ;
#1307 = EDGE_CURVE ( 'NONE', #3500, #5681, #6057, .T. ) ;
#1308 = FILL_AREA_STYLE ('',( #5763 ) ) ;
#1309 = LINE ( 'NONE', #4888, #2833 ) ;
#1310 = STYLED_ITEM ( 'NONE', ( #9716 ), #11389 ) ;
#1311 = CARTESIAN_POINT ( 'NONE',  ( 1.250000000000000666, 3.399999999999999467, -2.300000000000003375 ) ) ;
#1312 = STYLED_ITEM ( 'NONE', ( #3729 ), #1954 ) ;
#1313 = CARTESIAN_POINT ( 'NONE',  ( 13.29999999999999893, 0.2000000000000000389, -2.800000000000000266 ) ) ;
#1314 = FILL_AREA_STYLE ('',( #4148 ) ) ;
#1315 = EDGE_LOOP ( 'NONE', ( #9996, #7460, #3202, #5068 ) ) ;
#1316 = DIRECTION ( 'NONE',  ( 1.000000000000000000, 1.927470528863119542E-16, -0.0000000000000000000 ) ) ;
#1317 = COLOUR_RGB ( '',1.000000000000000000, 1.000000000000000000, 1.000000000000000000 ) ;
#1318 = DIRECTION ( 'NONE',  ( 9.103382349328301547E-49, 2.350988701644575016E-32, 1.000000000000000000 ) ) ;
#1319 = VERTEX_POINT ( 'NONE', #2248 ) ;
#1320 = EDGE_LOOP ( 'NONE', ( #349, #10513, #9062, #9296 ) ) ;
#1321 = CARTESIAN_POINT ( 'NONE',  ( 5.750000000000000000, -3.399999999999999911, -0.2499999999999997780 ) ) ;
#1322 = FILL_AREA_STYLE ('',( #5718 ) ) ;
#1323 = FILL_AREA_STYLE ('',( #465 ) ) ;
#1324 = ADVANCED_FACE ( 'NONE', ( #10241 ), #589, .F. ) ;
#1325 = CARTESIAN_POINT ( 'NONE',  ( -1.949999999999999956, 0.0000000000000000000, 1.300000000000000044 ) ) ;
#1326 = PRESENTATION_LAYER_ASSIGNMENT (  '', '', ( #9533 ) ) ;
#1327 =( NAMED_UNIT ( * ) SI_UNIT ( $, .STERADIAN. ) SOLID_ANGLE_UNIT ( ) );
#1328 = MECHANICAL_DESIGN_GEOMETRIC_PRESENTATION_REPRESENTATION (  '', ( #1312 ), #3219 ) ;
#1329 = VECTOR ( 'NONE', #3633, 1000.000000000000000 ) ;
#1330 = ORIENTED_EDGE ( 'NONE', *, *, #10641, .T. ) ;
#1331 = ORIENTED_EDGE ( 'NONE', *, *, #7148, .F. ) ;
#1332 = CARTESIAN_POINT ( 'NONE',  ( 11.25000000000000000, 3.399999999999999467, -2.300000000000003375 ) ) ;
#1333 = FILL_AREA_STYLE ('',( #251 ) ) ;
#1334 = DIRECTION ( 'NONE',  ( -1.000000000000000000, 0.0000000000000000000, -0.0000000000000000000 ) ) ;
#1335 = CARTESIAN_POINT ( 'NONE',  ( 12.75000000000000178, 3.399999999999999467, -2.050000000000001599 ) ) ;
#1336 = PRESENTATION_LAYER_ASSIGNMENT (  '', '', ( #5838 ) ) ;
#1337 = DIRECTION ( 'NONE',  ( -1.000000000000000000, 3.872150616019660190E-17, 0.0000000000000000000 ) ) ;
#1338 = SURFACE_STYLE_USAGE ( .BOTH. , #543 ) ;
#1339 = CARTESIAN_POINT ( 'NONE',  ( 5.750000000000000000, 5.000000000000004441, 0.2500000000000002220 ) ) ;
#1340 = CARTESIAN_POINT ( 'NONE',  ( 6.249999999999998224, 0.2000000000000000111, 0.2500000000000002220 ) ) ;
#1341 = CARTESIAN_POINT ( 'NONE',  ( -1.949999999999999956, 1.800000000000000044, 0.2500000000000002220 ) ) ;
#1342 = SURFACE_SIDE_STYLE ('',( #8516 ) ) ;
#1343 = ORIENTED_EDGE ( 'NONE', *, *, #2003, .T. ) ;
#1344 = FACE_OUTER_BOUND ( 'NONE', #1298, .T. ) ;
#1345 = VECTOR ( 'NONE', #1259, 999.9999999999998863 ) ;
#1346 = VERTEX_POINT ( 'NONE', #3380 ) ;
#1347 = DIRECTION ( 'NONE',  ( 1.000000000000000000, -5.421010862427522170E-17, 0.0000000000000000000 ) ) ;
#1348 = ORIENTED_EDGE ( 'NONE', *, *, #7973, .T. ) ;
#1350 = COLOUR_RGB ( '',1.000000000000000000, 0.8117647058823529438, 0.5019607843137254832 ) ;
#1349 = SURFACE_STYLE_USAGE ( .BOTH. , #7590 ) ;
#1351 = SURFACE_SIDE_STYLE ('',( #334 ) ) ;
#1352 =( NAMED_UNIT ( * ) PLANE_ANGLE_UNIT ( ) SI_UNIT ( $, .RADIAN. ) );
#1353 = CARTESIAN_POINT ( 'NONE',  ( 14.24999999999999822, 1.800000000000000044, -0.2499999999999997780 ) ) ;
#1354 =( GEOMETRIC_REPRESENTATION_CONTEXT ( 3 ) GLOBAL_UNCERTAINTY_ASSIGNED_CONTEXT ( ( #10501 ) ) GLOBAL_UNIT_ASSIGNED_CONTEXT ( ( #10637, #10743, #7028 ) ) REPRESENTATION_CONTEXT ( 'NONE', 'WORKASPACE' ) );
#1355 = COLOUR_RGB ( '',1.000000000000000000, 0.8117647058823529438, 0.5019607843137254832 ) ;
#1356 = LINE ( 'NONE', #2405, #7207 ) ;
#1357 = CARTESIAN_POINT ( 'NONE',  ( 2.250000000000000000, -3.399999999999999911, -0.1500000000000003830 ) ) ;
#1358 = MECHANICAL_DESIGN_GEOMETRIC_PRESENTATION_REPRESENTATION (  '', ( #9914 ), #2670 ) ;
#1359 = CYLINDRICAL_SURFACE ( 'NONE', #3062, 0.4999999999999995559 ) ;
#1360 = SURFACE_STYLE_USAGE ( .BOTH. , #3361 ) ;
#1361 = ORIENTED_EDGE ( 'NONE', *, *, #422, .T. ) ;
#1362 = EDGE_CURVE ( 'NONE', #9283, #2747, #1492, .T. ) ;
#1363 = FACE_OUTER_BOUND ( 'NONE', #6673, .T. ) ;
#1364 = SURFACE_SIDE_STYLE ('',( #347 ) ) ;
#1365 = DIRECTION ( 'NONE',  ( -4.336808689942017736E-16, 0.0000000000000000000, -1.000000000000000000 ) ) ;
#1366 = PRESENTATION_STYLE_ASSIGNMENT (( #9363 ) ) ;
#1367 = VERTEX_POINT ( 'NONE', #10294 ) ;
#1368 = ORIENTED_EDGE ( 'NONE', *, *, #1305, .F. ) ;
#1369 = CARTESIAN_POINT ( 'NONE',  ( 7.849999999999997868, 5.100000000000001421, -0.1500000000000021316 ) ) ;
#1370 = UNCERTAINTY_MEASURE_WITH_UNIT (LENGTH_MEASURE( 1.000000000000000082E-05 ), #9889, 'distance_accuracy_value', 'NONE');
#1371 = DIRECTION ( 'NONE',  ( -1.000000000000000000, 0.0000000000000000000, 0.0000000000000000000 ) ) ;
#1372 = EDGE_CURVE ( 'NONE', #10543, #4994, #8662, .T. ) ;
#1373 = PRESENTATION_LAYER_ASSIGNMENT (  '', '', ( #5314 ) ) ;
#1374 = ORIENTED_EDGE ( 'NONE', *, *, #5822, .T. ) ;
#1375 = VECTOR ( 'NONE', #8997, 1000.000000000000000 ) ;
#1376 = ORIENTED_EDGE ( 'NONE', *, *, #1717, .T. ) ;
#1377 = SURFACE_SIDE_STYLE ('',( #5889 ) ) ;
#1378 = LINE ( 'NONE', #7676, #10141 ) ;
#1379 = PRESENTATION_STYLE_ASSIGNMENT (( #7558 ) ) ;
#1380 = ORIENTED_EDGE ( 'NONE', *, *, #5540, .T. ) ;
#1381 = VECTOR ( 'NONE', #3084, 1000.000000000000000 ) ;
#1382 = COLOUR_RGB ( '',1.000000000000000000, 0.8117647058823529438, 0.5019607843137254832 ) ;
#1383 = CARTESIAN_POINT ( 'NONE',  ( -1.949999999999999956, 1.800000000000000044, -0.2499999999999997780 ) ) ;
#1384 =( NAMED_UNIT ( * ) PLANE_ANGLE_UNIT ( ) SI_UNIT ( $, .RADIAN. ) );
#1385 = EDGE_CURVE ( 'NONE', #11189, #2306, #7823, .T. ) ;
#1386 = DIRECTION ( 'NONE',  ( 3.872150616019660190E-17, 1.000000000000000000, -0.0000000000000000000 ) ) ;
#1387 = CARTESIAN_POINT ( 'NONE',  ( -1.180000000000000382, 4.229999999999999538, -2.801000000000000600 ) ) ;
#1388 = MECHANICAL_DESIGN_GEOMETRIC_PRESENTATION_REPRESENTATION (  '', ( #4952 ), #6973 ) ;
#1389 = ORIENTED_EDGE ( 'NONE', *, *, #9234, .F. ) ;
#1390 = DIRECTION ( 'NONE',  ( -3.833233541708433496E-17, -0.7071067811865472397, -0.7071067811865479058 ) ) ;
#1391 = FILL_AREA_STYLE_COLOUR ( '', #7045 ) ;
#1392 = AXIS2_PLACEMENT_3D ( 'NONE', #1978, #3050, #10096 ) ;
#1393 =( GEOMETRIC_REPRESENTATION_CONTEXT ( 3 ) GLOBAL_UNCERTAINTY_ASSIGNED_CONTEXT ( ( #6455 ) ) GLOBAL_UNIT_ASSIGNED_CONTEXT ( ( #11145, #10295, #7743 ) ) REPRESENTATION_CONTEXT ( 'NONE', 'WORKASPACE' ) );
#1394 = FILL_AREA_STYLE_COLOUR ( '', #1706 ) ;
#1395 = EDGE_LOOP ( 'NONE', ( #476, #976, #2396, #2913 ) ) ;
#1396 = ORIENTED_EDGE ( 'NONE', *, *, #8159, .T. ) ;
#1397 = DIRECTION ( 'NONE',  ( 1.095153709581317921E-16, -1.000000000000000000, 0.0000000000000000000 ) ) ;
#1398 = COLOUR_RGB ( '',1.000000000000000000, 0.8117647058823529438, 0.5019607843137254832 ) ;
#1399 = VERTEX_POINT ( 'NONE', #9434 ) ;
#1400 = CARTESIAN_POINT ( 'NONE',  ( 9.299999999999998934, 0.2000000000000000389, -2.800000000000000266 ) ) ;
#1401 = ORIENTED_EDGE ( 'NONE', *, *, #2388, .F. ) ;
#1402 = ORIENTED_EDGE ( 'NONE', *, *, #6576, .F. ) ;
#1403 = ADVANCED_FACE ( 'NONE', ( #1428 ), #7856, .T. ) ;
#1404 = VERTEX_POINT ( 'NONE', #8062 ) ;
#1405 = PRESENTATION_LAYER_ASSIGNMENT (  '', '', ( #10322 ) ) ;
#1406 = MECHANICAL_DESIGN_GEOMETRIC_PRESENTATION_REPRESENTATION (  '', ( #6448 ), #3294 ) ;
#1407 = LINE ( 'NONE', #2402, #1301 ) ;
#1408 = EDGE_LOOP ( 'NONE', ( #8828, #1079, #1704, #7432 ) ) ;
#1409 = CARTESIAN_POINT ( 'NONE',  ( 11.29999999999999893, 0.2000000000000000389, -2.800000000000000266 ) ) ;
#1410 = CARTESIAN_POINT ( 'NONE',  ( 10.24999999999999822, 0.2000000000000000111, 0.2500000000000002220 ) ) ;
#1411 = LINE ( 'NONE', #1236, #4815 ) ;
#1412 = PRESENTATION_STYLE_ASSIGNMENT (( #11287 ) ) ;
#1413 = PRESENTATION_STYLE_ASSIGNMENT (( #1474 ) ) ;
#1414 = DIRECTION ( 'NONE',  ( -0.0000000000000000000, 1.000000000000000000, -0.0000000000000000000 ) ) ;
#1415 = AXIS2_PLACEMENT_3D ( 'NONE', #5766, #9305, #1420 ) ;
#1416 = ORIENTED_EDGE ( 'NONE', *, *, #1605, .T. ) ;
#1417 = DIRECTION ( 'NONE',  ( -5.421010862427522170E-17, -1.000000000000000000, 2.350988701644575016E-32 ) ) ;
#1418 = DIRECTION ( 'NONE',  ( 0.5773502691896309491, -0.5773502691896235106, -0.5773502691896228445 ) ) ;
#1419 = SURFACE_SIDE_STYLE ('',( #4826 ) ) ;
#1420 = DIRECTION ( 'NONE',  ( 1.000000000000000000, -5.421010862427522170E-17, 0.0000000000000000000 ) ) ;
#1421 = ADVANCED_FACE ( 'NONE', ( #7205 ), #8020, .T. ) ;
#1422 = EDGE_LOOP ( 'NONE', ( #10459, #1454, #6025, #5645 ) ) ;
#1423 = EDGE_LOOP ( 'NONE', ( #10868, #4422, #3450, #8385 ) ) ;
#1424 = DIRECTION ( 'NONE',  ( -0.0000000000000000000, 1.000000000000000000, -0.0000000000000000000 ) ) ;
#1425 = EDGE_LOOP ( 'NONE', ( #2439, #6559, #5864, #7530 ) ) ;
#1426 =( LENGTH_UNIT ( ) NAMED_UNIT ( * ) SI_UNIT ( .MILLI., .METRE. ) );
#1427 = DIRECTION ( 'NONE',  ( 1.000000000000000000, -5.421010862427522170E-17, 0.0000000000000000000 ) ) ;
#1428 = FACE_OUTER_BOUND ( 'NONE', #2234, .T. ) ;
#1429 =( GEOMETRIC_REPRESENTATION_CONTEXT ( 3 ) GLOBAL_UNCERTAINTY_ASSIGNED_CONTEXT ( ( #218 ) ) GLOBAL_UNIT_ASSIGNED_CONTEXT ( ( #2745, #1582, #6953 ) ) REPRESENTATION_CONTEXT ( 'NONE', 'WORKASPACE' ) );
#1430 = SURFACE_STYLE_FILL_AREA ( #1323 ) ;
#1431 = CARTESIAN_POINT ( 'NONE',  ( -1.949999999999999734, 5.100000000000001421, -2.800000000000000266 ) ) ;
#1432 = VECTOR ( 'NONE', #6720, 1000.000000000000000 ) ;
#1433 = FACE_OUTER_BOUND ( 'NONE', #7491, .T. ) ;
#1434 = VERTEX_POINT ( 'NONE', #4597 ) ;
#1435 = EDGE_CURVE ( 'NONE', #7579, #11286, #9878, .T. ) ;
#1436 = VECTOR ( 'NONE', #2346, 1000.000000000000000 ) ;
#1437 = FACE_OUTER_BOUND ( 'NONE', #10975, .T. ) ;
#1438 = FILL_AREA_STYLE_COLOUR ( '', #7041 ) ;
#1439 = VERTEX_POINT ( 'NONE', #6341 ) ;
#1440 = ORIENTED_EDGE ( 'NONE', *, *, #799, .T. ) ;
#1441 = EDGE_LOOP ( 'NONE', ( #7918, #1067, #4963, #8322 ) ) ;
#1442 = AXIS2_PLACEMENT_3D ( 'NONE', #9309, #1316, #3856 ) ;
#1443 = COLOUR_RGB ( '',1.000000000000000000, 0.8117647058823529438, 0.5019607843137254832 ) ;
#1444 = ADVANCED_FACE ( 'NONE', ( #1879 ), #8841, .F. ) ;
#1445 = EDGE_CURVE ( 'NONE', #2097, #8627, #3607, .T. ) ;
#1446 = DIRECTION ( 'NONE',  ( 1.000000000000000000, 0.0000000000000000000, -0.0000000000000000000 ) ) ;
#1447 = DIRECTION ( 'NONE',  ( -1.927470528863119049E-16, 5.782411586589358625E-16, 1.000000000000000000 ) ) ;
#1448 = CARTESIAN_POINT ( 'NONE',  ( 15.94999999999999929, 6.000000000000000000, 1.699999999999999289 ) ) ;
#1449 = DIRECTION ( 'NONE',  ( 0.5773502691896253980, 0.5773502691896331696, -0.5773502691896187367 ) ) ;
#1450 = COLOUR_RGB ( '',1.000000000000000000, 1.000000000000000000, 1.000000000000000000 ) ;
#1451 = SURFACE_SIDE_STYLE ('',( #1281 ) ) ;
#1452 = VERTEX_POINT ( 'NONE', #2711 ) ;
#1453 = ORIENTED_EDGE ( 'NONE', *, *, #5279, .T. ) ;
#1454 = ORIENTED_EDGE ( 'NONE', *, *, #10982, .F. ) ;
#1455 = LINE ( 'NONE', #8809, #8241 ) ;
#1456 = ORIENTED_EDGE ( 'NONE', *, *, #9080, .T. ) ;
#1457 =( LENGTH_UNIT ( ) NAMED_UNIT ( * ) SI_UNIT ( .MILLI., .METRE. ) );
#1458 = VERTEX_POINT ( 'NONE', #6287 ) ;
#1459 = ORIENTED_EDGE ( 'NONE', *, *, #5643, .F. ) ;
#1460 = EDGE_CURVE ( 'NONE', #6972, #3460, #1821, .T. ) ;
#1461 = EDGE_CURVE ( 'NONE', #3322, #482, #232, .T. ) ;
#1462 = FILL_AREA_STYLE_COLOUR ( '', #10960 ) ;
#1463 = VECTOR ( 'NONE', #4407, 1000.000000000000000 ) ;
#1464 = SURFACE_SIDE_STYLE ('',( #9583 ) ) ;
#1465 = LINE ( 'NONE', #156, #6525 ) ;
#1466 = AXIS2_PLACEMENT_3D ( 'NONE', #11265, #5909, #1446 ) ;
#1467 = PRESENTATION_STYLE_ASSIGNMENT (( #6734 ) ) ;
#1468 =( LENGTH_UNIT ( ) NAMED_UNIT ( * ) SI_UNIT ( .MILLI., .METRE. ) );
#1469 = LINE ( 'NONE', #7011, #7825 ) ;
#1470 = ORIENTED_EDGE ( 'NONE', *, *, #2499, .F. ) ;
#1471 = EDGE_CURVE ( 'NONE', #1560, #4953, #3061, .T. ) ;
#1472 =( NAMED_UNIT ( * ) PLANE_ANGLE_UNIT ( ) SI_UNIT ( $, .RADIAN. ) );
#1473 = LINE ( 'NONE', #10394, #11427 ) ;
#1474 = SURFACE_STYLE_USAGE ( .BOTH. , #4141 ) ;
#1475 = PRESENTATION_LAYER_ASSIGNMENT (  '', '', ( #3547 ) ) ;
#1476 = CARTESIAN_POINT ( 'NONE',  ( 2.150000000000000355, -3.399999999999999911, -0.1500000000000003830 ) ) ;
#1477 = STYLED_ITEM ( 'NONE', ( #874 ), #263 ) ;
#1478 = LINE ( 'NONE', #632, #7812 ) ;
#1479 = SURFACE_STYLE_USAGE ( .BOTH. , #634 ) ;
#1480 = CARTESIAN_POINT ( 'NONE',  ( -1.951000000000000956, 6.000000000000000000, 0.3199999999999982303 ) ) ;
#1481 = ORIENTED_EDGE ( 'NONE', *, *, #10870, .T. ) ;
#1482 = FACE_BOUND ( 'NONE', #3049, .T. ) ;
#1483 = STYLED_ITEM ( 'NONE', ( #895 ), #10181 ) ;
#1484 = CARTESIAN_POINT ( 'NONE',  ( 12.69999999999999929, 0.0000000000000000000, 1.700000000000000178 ) ) ;
#1485 = ORIENTED_EDGE ( 'NONE', *, *, #3065, .T. ) ;
#1486 = VECTOR ( 'NONE', #7213, 1000.000000000000114 ) ;
#1487 = MECHANICAL_DESIGN_GEOMETRIC_PRESENTATION_REPRESENTATION (  '', ( #4135 ), #10607 ) ;
#1488 =( NAMED_UNIT ( * ) PLANE_ANGLE_UNIT ( ) SI_UNIT ( $, .RADIAN. ) );
#1489 = VERTEX_POINT ( 'NONE', #10854 ) ;
#1490 = PLANE ( 'NONE',  #6960 ) ;
#1491 = PRESENTATION_STYLE_ASSIGNMENT (( #7855 ) ) ;
#1492 = LINE ( 'NONE', #5198, #6342 ) ;
#1493 = DIRECTION ( 'NONE',  ( 1.000000000000000000, -3.872150616019660190E-17, 0.0000000000000000000 ) ) ;
#1494 = EDGE_LOOP ( 'NONE', ( #3307, #6076, #6426, #3020 ) ) ;
#1495 = AXIS2_PLACEMENT_3D ( 'NONE', #3390, #1776, #6926 ) ;
#1496 =( LENGTH_UNIT ( ) NAMED_UNIT ( * ) SI_UNIT ( .MILLI., .METRE. ) );
#1497 = DIRECTION ( 'NONE',  ( 0.0000000000000000000, -0.0000000000000000000, 1.000000000000000000 ) ) ;
#1498 = PLANE ( 'NONE',  #8164 ) ;
#1499 = CARTESIAN_POINT ( 'NONE',  ( 4.049999999999999822, 5.100000000000001421, -2.800000000000000266 ) ) ;
#1500 =( LENGTH_UNIT ( ) NAMED_UNIT ( * ) SI_UNIT ( .MILLI., .METRE. ) );
#1501 = COLOUR_RGB ( '',1.000000000000000000, 0.8117647058823529438, 0.5019607843137254832 ) ;
#1502 = ORIENTED_EDGE ( 'NONE', *, *, #9219, .F. ) ;
#1503 = EDGE_CURVE ( 'NONE', #7128, #9274, #5594, .T. ) ;
#1504 = DIRECTION ( 'NONE',  ( 9.103382349328301547E-49, 2.350988701644575016E-32, 1.000000000000000000 ) ) ;
#1505 = PRESENTATION_STYLE_ASSIGNMENT (( #3278 ) ) ;
#1506 = FILL_AREA_STYLE_COLOUR ( '', #5360 ) ;
#1507 = COLOUR_RGB ( '',1.000000000000000000, 0.8117647058823529438, 0.5019607843137254832 ) ;
#1508 = FACE_OUTER_BOUND ( 'NONE', #647, .T. ) ;
#1509 = LINE ( 'NONE', #8621, #1681 ) ;
#1510 = DIRECTION ( 'NONE',  ( 0.5773502691896226224, 0.5773502691896346128, 0.5773502691896201799 ) ) ;
#1511 = SURFACE_SIDE_STYLE ('',( #4347 ) ) ;
#1512 = EDGE_LOOP ( 'NONE', ( #5636, #220, #10377, #4781 ) ) ;
#1513 = ORIENTED_EDGE ( 'NONE', *, *, #745, .F. ) ;
#1514 = ORIENTED_EDGE ( 'NONE', *, *, #9301, .T. ) ;
#1515 = CARTESIAN_POINT ( 'NONE',  ( 6.249999999999998224, -3.399999999999999911, 0.2500000000000002220 ) ) ;
#1516 = EDGE_CURVE ( 'NONE', #1834, #7588, #5539, .T. ) ;
#1517 = DIRECTION ( 'NONE',  ( 1.000000000000000000, 0.0000000000000000000, -0.0000000000000000000 ) ) ;
#1518 = SURFACE_STYLE_USAGE ( .BOTH. , #6838 ) ;
#1519 = STYLED_ITEM ( 'NONE', ( #1170 ), #2650 ) ;
#1520 = EDGE_CURVE ( 'NONE', #2148, #3255, #8353, .T. ) ;
#1521 = EDGE_LOOP ( 'NONE', ( #9794, #6775, #10896, #7035 ) ) ;
#1522 = VERTEX_POINT ( 'NONE', #3008 ) ;
#1523 = DIRECTION ( 'NONE',  ( 4.336808689942017736E-16, 0.0000000000000000000, 1.000000000000000000 ) ) ;
#1524 = SURFACE_STYLE_FILL_AREA ( #3236 ) ;
#1525 = VECTOR ( 'NONE', #7163, 1000.000000000000000 ) ;
#1526 = LINE ( 'NONE', #9408, #4072 ) ;
#1527 = VERTEX_POINT ( 'NONE', #11009 ) ;
#1528 =( LENGTH_UNIT ( ) NAMED_UNIT ( * ) SI_UNIT ( .MILLI., .METRE. ) );
#1529 = EDGE_CURVE ( 'NONE', #4773, #2367, #9123, .T. ) ;
#1530 =( NAMED_UNIT ( * ) PLANE_ANGLE_UNIT ( ) SI_UNIT ( $, .RADIAN. ) );
#1531 = ORIENTED_EDGE ( 'NONE', *, *, #880, .T. ) ;
#1532 = FACE_OUTER_BOUND ( 'NONE', #3226, .T. ) ;
#1533 = SURFACE_SIDE_STYLE ('',( #11126 ) ) ;
#1534 = ORIENTED_EDGE ( 'NONE', *, *, #10970, .F. ) ;
#1535 = MECHANICAL_DESIGN_GEOMETRIC_PRESENTATION_REPRESENTATION (  '', ( #10102 ), #991 ) ;
#1536 = FACE_BOUND ( 'NONE', #1174, .T. ) ;
#1537 = CARTESIAN_POINT ( 'NONE',  ( 3.250000000000000888, 3.399999999999999467, -2.350000000000001421 ) ) ;
#1538 = LINE ( 'NONE', #4254, #1750 ) ;
#1539 = LINE ( 'NONE', #1480, #3699 ) ;
#1540 = ORIENTED_EDGE ( 'NONE', *, *, #901, .F. ) ;
#1541 = VECTOR ( 'NONE', #6258, 1000.000000000000000 ) ;
#1542 = CARTESIAN_POINT ( 'NONE',  ( 15.17999999999999972, 4.230000000000001315, 1.700000000000000178 ) ) ;
#1543 = UNCERTAINTY_MEASURE_WITH_UNIT (LENGTH_MEASURE( 1.000000000000000082E-05 ), #2357, 'distance_accuracy_value', 'NONE');
#1544 = CARTESIAN_POINT ( 'NONE',  ( 12.25000000000000000, -3.399999999999999911, 0.2500000000000002220 ) ) ;
#1545 =( NAMED_UNIT ( * ) PLANE_ANGLE_UNIT ( ) SI_UNIT ( $, .RADIAN. ) );
#1546 = ORIENTED_EDGE ( 'NONE', *, *, #7292, .T. ) ;
#1547 = LINE ( 'NONE', #3206, #9651 ) ;
#1548 = CARTESIAN_POINT ( 'NONE',  ( 9.850000000000003197, -3.399999999999999911, -0.1499999999999969136 ) ) ;
#1549 = CARTESIAN_POINT ( 'NONE',  ( 13.74999999999999822, 5.000000000000000888, 0.2500000000000002220 ) ) ;
#1550 = AXIS2_PLACEMENT_3D ( 'NONE', #9013, #867, #77 ) ;
#1551 = STYLED_ITEM ( 'NONE', ( #7102 ), #3557 ) ;
#1552 = LINE ( 'NONE', #5895, #8089 ) ;
#1553 = SURFACE_SIDE_STYLE ('',( #1755 ) ) ;
#1554 = ORIENTED_EDGE ( 'NONE', *, *, #1029, .T. ) ;
#1555 = CARTESIAN_POINT ( 'NONE',  ( 0.05000000000000012768, -3.399999999999999911, 0.1500000000000008271 ) ) ;
#1556 = PRESENTATION_LAYER_ASSIGNMENT (  '', '', ( #5503 ) ) ;
#1557 = DIRECTION ( 'NONE',  ( -0.7071067811865492381, -0.7071067811865457964, 2.725854962992652315E-16 ) ) ;
#1558 = FILL_AREA_STYLE ('',( #6703 ) ) ;
#1559 =( NAMED_UNIT ( * ) SI_UNIT ( $, .STERADIAN. ) SOLID_ANGLE_UNIT ( ) );
#1560 = VERTEX_POINT ( 'NONE', #4819 ) ;
#1561 = DIRECTION ( 'NONE',  ( -4.336808689942017736E-16, 0.0000000000000000000, -1.000000000000000000 ) ) ;
#1562 = COLOUR_RGB ( '',1.000000000000000000, 0.8117647058823529438, 0.5019607843137254832 ) ;
#1563 =( LENGTH_UNIT ( ) NAMED_UNIT ( * ) SI_UNIT ( .MILLI., .METRE. ) );
#1564 = PLANE ( 'NONE',  #6093 ) ;
#1565 = ORIENTED_EDGE ( 'NONE', *, *, #7980, .T. ) ;
#1566 = AXIS2_PLACEMENT_3D ( 'NONE', #5313, #871, #4444 ) ;
#1567 =( NAMED_UNIT ( * ) SI_UNIT ( $, .STERADIAN. ) SOLID_ANGLE_UNIT ( ) );
#1568 = SURFACE_STYLE_FILL_AREA ( #8576 ) ;
#1569 = DIRECTION ( 'NONE',  ( 0.0000000000000000000, -1.000000000000000000, 0.0000000000000000000 ) ) ;
#1570 = ORIENTED_EDGE ( 'NONE', *, *, #8431, .F. ) ;
#1571 = VERTEX_POINT ( 'NONE', #6390 ) ;
#1572 =( NAMED_UNIT ( * ) SI_UNIT ( $, .STERADIAN. ) SOLID_ANGLE_UNIT ( ) );
#1573 = DIRECTION ( 'NONE',  ( -1.084202172485504237E-15, -1.000000000000000000, 0.0000000000000000000 ) ) ;
#1574 = FILL_AREA_STYLE ('',( #2282 ) ) ;
#1575 = EDGE_CURVE ( 'NONE', #9226, #11258, #9068, .T. ) ;
#1576 = VECTOR ( 'NONE', #3264, 1000.000000000000000 ) ;
#1577 = FACE_OUTER_BOUND ( 'NONE', #4820, .T. ) ;
#1578 = ORIENTED_EDGE ( 'NONE', *, *, #9874, .T. ) ;
#1579 = EDGE_CURVE ( 'NONE', #773, #4958, #1186, .T. ) ;
#1580 = LINE ( 'NONE', #8587, #8030 ) ;
#1581 = LINE ( 'NONE', #10559, #3314 ) ;
#1582 =( NAMED_UNIT ( * ) PLANE_ANGLE_UNIT ( ) SI_UNIT ( $, .RADIAN. ) );
#1583 = VECTOR ( 'NONE', #8189, 1000.000000000000000 ) ;
#1584 = ORIENTED_EDGE ( 'NONE', *, *, #5358, .T. ) ;
#1585 = LINE ( 'NONE', #996, #1674 ) ;
#1586 = EDGE_LOOP ( 'NONE', ( #8937, #6552, #9496, #6678 ) ) ;
#1587 = CARTESIAN_POINT ( 'NONE',  ( 0.0000000000000000000, -3.399999999999999911, 0.05000000000000012768 ) ) ;
#1588 = DIRECTION ( 'NONE',  ( 0.0000000000000000000, 0.0000000000000000000, -1.000000000000000000 ) ) ;
#1589 =( NAMED_UNIT ( * ) PLANE_ANGLE_UNIT ( ) SI_UNIT ( $, .RADIAN. ) );
#1590 = CARTESIAN_POINT ( 'NONE',  ( 4.699999999999999289, 0.1999999999999999833, 1.700000000000000178 ) ) ;
#1591 = MECHANICAL_DESIGN_GEOMETRIC_PRESENTATION_REPRESENTATION (  '', ( #3858 ), #494 ) ;
#1592 = ADVANCED_FACE ( 'NONE', ( #1148 ), #7261, .T. ) ;
#1593 = EDGE_CURVE ( 'NONE', #961, #3661, #1089, .T. ) ;
#1594 = CARTESIAN_POINT ( 'NONE',  ( 0.2500000000000002220, 5.000000000000000888, -0.2499999999999997780 ) ) ;
#1595 = DIRECTION ( 'NONE',  ( -1.084202172485504237E-15, -1.000000000000000000, 0.0000000000000000000 ) ) ;
#1596 =( NAMED_UNIT ( * ) SI_UNIT ( $, .STERADIAN. ) SOLID_ANGLE_UNIT ( ) );
#1597 =( LENGTH_UNIT ( ) NAMED_UNIT ( * ) SI_UNIT ( .MILLI., .METRE. ) );
#1598 = LINE ( 'NONE', #8834, #10916 ) ;
#1599 = ORIENTED_EDGE ( 'NONE', *, *, #7803, .F. ) ;
#1600 = CARTESIAN_POINT ( 'NONE',  ( 4.750000000000000888, 1.149999999999999911, -2.050000000000001599 ) ) ;
#1601 = SURFACE_SIDE_STYLE ('',( #5837 ) ) ;
#1602 = CARTESIAN_POINT ( 'NONE',  ( 15.17999999999999972, 2.250000000000001776, -2.801000000000000600 ) ) ;
#1603 = ORIENTED_EDGE ( 'NONE', *, *, #1362, .T. ) ;
#1605 = EDGE_CURVE ( 'NONE', #7108, #1571, #3848, .T. ) ;
#1604 = CARTESIAN_POINT ( 'NONE',  ( 10.24999999999999822, 5.000000000000004441, -0.2499999999999997780 ) ) ;
#1606 = SURFACE_STYLE_USAGE ( .BOTH. , #9717 ) ;
#1607 = DIRECTION ( 'NONE',  ( -0.0000000000000000000, -0.0000000000000000000, 1.000000000000000000 ) ) ;
#1608 = VERTEX_POINT ( 'NONE', #5701 ) ;
#1609 = FILL_AREA_STYLE_COLOUR ( '', #3921 ) ;
#1610 = ORIENTED_EDGE ( 'NONE', *, *, #6885, .F. ) ;
#1611 = VECTOR ( 'NONE', #5232, 1000.000000000000000 ) ;
#1612 = LINE ( 'NONE', #2665, #9853 ) ;
#1613 =( GEOMETRIC_REPRESENTATION_CONTEXT ( 3 ) GLOBAL_UNCERTAINTY_ASSIGNED_CONTEXT ( ( #5355 ) ) GLOBAL_UNIT_ASSIGNED_CONTEXT ( ( #2169, #1989, #4649 ) ) REPRESENTATION_CONTEXT ( 'NONE', 'WORKASPACE' ) );
#1614 = LINE ( 'NONE', #8791, #11150 ) ;
#1615 = ADVANCED_FACE ( 'NONE', ( #10051 ), #1237, .F. ) ;
#1616 = FILL_AREA_STYLE_COLOUR ( '', #9569 ) ;
#1617 = DIRECTION ( 'NONE',  ( -1.000000000000000000, 5.421010862427522170E-17, 0.0000000000000000000 ) ) ;
#1618 = EDGE_LOOP ( 'NONE', ( #1942, #8966, #579, #9676 ) ) ;
#1619 = ORIENTED_EDGE ( 'NONE', *, *, #10982, .T. ) ;
#1620 = ORIENTED_EDGE ( 'NONE', *, *, #8499, .F. ) ;
#1621 = DIRECTION ( 'NONE',  ( 0.5773502691896312822, -0.5773502691896233996, 0.5773502691896227335 ) ) ;
#1622 = DIRECTION ( 'NONE',  ( 3.872150616019660190E-17, 1.000000000000000000, -0.0000000000000000000 ) ) ;
#1623 = ORIENTED_EDGE ( 'NONE', *, *, #1529, .F. ) ;
#1624 = CARTESIAN_POINT ( 'NONE',  ( 14.08333333333333393, 5.166666666666668739, -0.08333333333333370341 ) ) ;
#1625 = LINE ( 'NONE', #8452, #2013 ) ;
#1626 =( LENGTH_UNIT ( ) NAMED_UNIT ( * ) SI_UNIT ( .MILLI., .METRE. ) );
#1627 = FACE_OUTER_BOUND ( 'NONE', #1701, .T. ) ;
#1628 = VECTOR ( 'NONE', #1318, 1000.000000000000000 ) ;
#1629 = ORIENTED_EDGE ( 'NONE', *, *, #10774, .F. ) ;
#1630 = VECTOR ( 'NONE', #9649, 1000.000000000000000 ) ;
#1631 = CARTESIAN_POINT ( 'NONE',  ( -1.949999999999999956, 1.800000000000000044, -0.2499999999999997780 ) ) ;
#1632 = CARTESIAN_POINT ( 'NONE',  ( 7.750000000000000000, 5.000000000000000888, -0.2499999999999997780 ) ) ;
#1633 = UNCERTAINTY_MEASURE_WITH_UNIT (LENGTH_MEASURE( 1.000000000000000082E-05 ), #5535, 'distance_accuracy_value', 'NONE');
#1634 = EDGE_CURVE ( 'NONE', #5787, #412, #5993, .T. ) ;
#1635 = PRESENTATION_STYLE_ASSIGNMENT (( #4353 ) ) ;
#1636 = PRESENTATION_LAYER_ASSIGNMENT (  '', '', ( #179 ) ) ;
#1637 = DIRECTION ( 'NONE',  ( 0.0000000000000000000, 0.0000000000000000000, 1.000000000000000000 ) ) ;
#1638 = ORIENTED_EDGE ( 'NONE', *, *, #6147, .T. ) ;
#1639 = LINE ( 'NONE', #2574, #11347 ) ;
#1640 = FACE_OUTER_BOUND ( 'NONE', #5919, .T. ) ;
#1641 = VERTEX_POINT ( 'NONE', #9356 ) ;
#1642 = LINE ( 'NONE', #2690, #3318 ) ;
#1643 = SURFACE_STYLE_USAGE ( .BOTH. , #6158 ) ;
#1644 = UNCERTAINTY_MEASURE_WITH_UNIT (LENGTH_MEASURE( 1.000000000000000082E-05 ), #6738, 'distance_accuracy_value', 'NONE');
#1645 = ORIENTED_EDGE ( 'NONE', *, *, #1110, .T. ) ;
#1646 =( NAMED_UNIT ( * ) SI_UNIT ( $, .STERADIAN. ) SOLID_ANGLE_UNIT ( ) );
#1647 = VECTOR ( 'NONE', #10881, 1000.000000000000000 ) ;
#1648 = PRESENTATION_STYLE_ASSIGNMENT (( #5990 ) ) ;
#1649 = DIRECTION ( 'NONE',  ( -3.833233541708420554E-17, -0.7071067811865447972, -0.7071067811865502373 ) ) ;
#1650 = ADVANCED_FACE ( 'NONE', ( #7600 ), #8414, .F. ) ;
#1651 = LINE ( 'NONE', #7189, #4972 ) ;
#1652 = UNCERTAINTY_MEASURE_WITH_UNIT (LENGTH_MEASURE( 1.000000000000000082E-05 ), #4405, 'distance_accuracy_value', 'NONE');
#1653 = ORIENTED_EDGE ( 'NONE', *, *, #5238, .F. ) ;
#1654 = PRESENTATION_LAYER_ASSIGNMENT (  '', '', ( #3943 ) ) ;
#1655 = AXIS2_PLACEMENT_3D ( 'NONE', #5855, #657, #2328 ) ;
#1656 = ORIENTED_EDGE ( 'NONE', *, *, #9932, .F. ) ;
#1657 = FILL_AREA_STYLE_COLOUR ( '', #5080 ) ;
#1658 = FILL_AREA_STYLE ('',( #9542 ) ) ;
#1659 = COLOUR_RGB ( '',1.000000000000000000, 1.000000000000000000, 1.000000000000000000 ) ;
#1660 = LINE ( 'NONE', #4312, #5341 ) ;
#1661 = CARTESIAN_POINT ( 'NONE',  ( 7.750000000000000000, 0.2000000000000000111, -0.2499999999999997780 ) ) ;
#1662 = FILL_AREA_STYLE_COLOUR ( '', #4274 ) ;
#1663 = ORIENTED_EDGE ( 'NONE', *, *, #8067, .T. ) ;
#1664 = VERTEX_POINT ( 'NONE', #10221 ) ;
#1665 = CARTESIAN_POINT ( 'NONE',  ( 11.29999999999999893, 0.2000000000000000389, -2.800000000000000266 ) ) ;
#1666 = ADVANCED_FACE ( 'NONE', ( #5820 ), #1359, .F. ) ;
#1667 = EDGE_CURVE ( 'NONE', #2376, #5261, #4625, .T. ) ;
#1668 = AXIS2_PLACEMENT_3D ( 'NONE', #4321, #645, #5892 ) ;
#1669 = VECTOR ( 'NONE', #3437, 1000.000000000000000 ) ;
#1670 = VECTOR ( 'NONE', #8406, 1000.000000000000000 ) ;
#1671 = COLOUR_RGB ( '',1.000000000000000000, 0.8117647058823529438, 0.5019607843137254832 ) ;
#1672 = PLANE ( 'NONE',  #9579 ) ;
#1673 = ADVANCED_FACE ( 'NONE', ( #8216 ), #2794, .F. ) ;
#1674 = VECTOR ( 'NONE', #3685, 1000.000000000000000 ) ;
#1675 = VERTEX_POINT ( 'NONE', #11403 ) ;
#1676 = PRESENTATION_STYLE_ASSIGNMENT (( #768 ) ) ;
#1677 = ADVANCED_FACE ( 'NONE', ( #4562 ), #10880, .F. ) ;
#1678 = ORIENTED_EDGE ( 'NONE', *, *, #10763, .T. ) ;
#1679 = MECHANICAL_DESIGN_GEOMETRIC_PRESENTATION_REPRESENTATION (  '', ( #4503 ), #10609 ) ;
#1680 =( NAMED_UNIT ( * ) SI_UNIT ( $, .STERADIAN. ) SOLID_ANGLE_UNIT ( ) );
#1681 = VECTOR ( 'NONE', #547, 1000.000000000000114 ) ;
#1682 = SURFACE_SIDE_STYLE ('',( #5322 ) ) ;
#1683 = ORIENTED_EDGE ( 'NONE', *, *, #7022, .F. ) ;
#1684 = UNCERTAINTY_MEASURE_WITH_UNIT (LENGTH_MEASURE( 1.000000000000000082E-05 ), #8954, 'distance_accuracy_value', 'NONE');
#1685 = SURFACE_STYLE_FILL_AREA ( #7162 ) ;
#1686 =( LENGTH_UNIT ( ) NAMED_UNIT ( * ) SI_UNIT ( .MILLI., .METRE. ) );
#1687 = DIRECTION ( 'NONE',  ( 3.872150616019660190E-17, 1.000000000000000000, 0.0000000000000000000 ) ) ;
#1688 = CARTESIAN_POINT ( 'NONE',  ( 4.049999999999999822, -3.399999999999999911, -0.1499999999999969136 ) ) ;
#1689 = ORIENTED_EDGE ( 'NONE', *, *, #3892, .F. ) ;
#1690 = LINE ( 'NONE', #6941, #6580 ) ;
#1691 = PLANE ( 'NONE',  #3804 ) ;
#1692 = ORIENTED_EDGE ( 'NONE', *, *, #10244, .F. ) ;
#1693 = PRESENTATION_STYLE_ASSIGNMENT (( #1742 ) ) ;
#1694 = SURFACE_STYLE_FILL_AREA ( #951 ) ;
#1695 = CARTESIAN_POINT ( 'NONE',  ( 9.250000000000001776, 3.400000000000000355, -2.350000000000001865 ) ) ;
#1696 = FACE_OUTER_BOUND ( 'NONE', #9245, .T. ) ;
#1697 =( NAMED_UNIT ( * ) SI_UNIT ( $, .STERADIAN. ) SOLID_ANGLE_UNIT ( ) );
#1698 = ORIENTED_EDGE ( 'NONE', *, *, #4810, .F. ) ;
#1699 = CARTESIAN_POINT ( 'NONE',  ( 8.250000000000000000, 5.000000000000000888, 0.2500000000000002220 ) ) ;
#1700 = MECHANICAL_DESIGN_GEOMETRIC_PRESENTATION_REPRESENTATION (  '', ( #2069 ), #2643 ) ;
#1701 = EDGE_LOOP ( 'NONE', ( #7734, #688, #10536, #10510 ) ) ;
#1702 = CARTESIAN_POINT ( 'NONE',  ( 13.74999999999999822, 1.800000000000000044, -0.2499999999999997780 ) ) ;
#1703 = FACE_OUTER_BOUND ( 'NONE', #2726, .T. ) ;
#1704 = ORIENTED_EDGE ( 'NONE', *, *, #5603, .F. ) ;
#1705 = EDGE_LOOP ( 'NONE', ( #8667, #5114, #1266, #6822 ) ) ;
#1706 = COLOUR_RGB ( '',1.000000000000000000, 0.8117647058823529438, 0.5019607843137254832 ) ;
#1707 = SURFACE_STYLE_FILL_AREA ( #6046 ) ;
#1708 = DIRECTION ( 'NONE',  ( 3.872150616019660190E-17, 1.000000000000000000, -0.0000000000000000000 ) ) ;
#1709 = PLANE ( 'NONE',  #9772 ) ;
#1710 = LINE ( 'NONE', #11351, #2944 ) ;
#1711 = PRESENTATION_STYLE_ASSIGNMENT (( #4376 ) ) ;
#1712 =( NAMED_UNIT ( * ) PLANE_ANGLE_UNIT ( ) SI_UNIT ( $, .RADIAN. ) );
#1713 = FILL_AREA_STYLE ('',( #694 ) ) ;
#1714 = VERTEX_POINT ( 'NONE', #9962 ) ;
#1715 =( NAMED_UNIT ( * ) SI_UNIT ( $, .STERADIAN. ) SOLID_ANGLE_UNIT ( ) );
#1716 = DIRECTION ( 'NONE',  ( 1.000000000000000000, 0.0000000000000000000, 0.0000000000000000000 ) ) ;
#1717 = EDGE_CURVE ( 'NONE', #2495, #11156, #5562, .T. ) ;
#1718 = AXIS2_PLACEMENT_3D ( 'NONE', #10201, #2215, #5807 ) ;
#1719 = PRESENTATION_LAYER_ASSIGNMENT (  '', '', ( #8433 ) ) ;
#1720 = PLANE ( 'NONE',  #1849 ) ;
#1721 = EDGE_CURVE ( 'NONE', #7106, #6257, #10566, .T. ) ;
#1722 = EDGE_CURVE ( 'NONE', #2036, #1346, #7630, .T. ) ;
#1723 = LINE ( 'NONE', #875, #6179 ) ;
#1724 = LINE ( 'NONE', #10807, #10052 ) ;
#1725 = UNCERTAINTY_MEASURE_WITH_UNIT (LENGTH_MEASURE( 1.000000000000000082E-05 ), #4834, 'distance_accuracy_value', 'NONE');
#1726 = ORIENTED_EDGE ( 'NONE', *, *, #1073, .F. ) ;
#1727 = MECHANICAL_DESIGN_GEOMETRIC_PRESENTATION_REPRESENTATION (  '', ( #10660 ), #7693 ) ;
#1728 = SURFACE_STYLE_FILL_AREA ( #3673 ) ;
#1729 = DIRECTION ( 'NONE',  ( -3.872150616019660190E-17, -1.000000000000000000, 0.0000000000000000000 ) ) ;
#1730 = VECTOR ( 'NONE', #10907, 1000.000000000000000 ) ;
#1731 = ORIENTED_EDGE ( 'NONE', *, *, #7571, .T. ) ;
#1732 = CARTESIAN_POINT ( 'NONE',  ( 15.94999999999999929, 6.000000000000000000, 1.699999999999999289 ) ) ;
#1733 = ADVANCED_FACE ( 'NONE', ( #7566 ), #3096, .F. ) ;
#1734 = CARTESIAN_POINT ( 'NONE',  ( 14.24999999999999822, -3.399999999999999911, 0.2500000000000002220 ) ) ;
#1735 = FACE_OUTER_BOUND ( 'NONE', #7151, .T. ) ;
#1736 = SURFACE_STYLE_FILL_AREA ( #10601 ) ;
#1737 = VERTEX_POINT ( 'NONE', #6647 ) ;
#1738 =( GEOMETRIC_REPRESENTATION_CONTEXT ( 3 ) GLOBAL_UNCERTAINTY_ASSIGNED_CONTEXT ( ( #1644 ) ) GLOBAL_UNIT_ASSIGNED_CONTEXT ( ( #6738, #3359, #9590 ) ) REPRESENTATION_CONTEXT ( 'NONE', 'WORKASPACE' ) );
#1739 = ORIENTED_EDGE ( 'NONE', *, *, #8939, .T. ) ;
#1740 = DIRECTION ( 'NONE',  ( -4.336808689942017736E-16, 0.0000000000000000000, -1.000000000000000000 ) ) ;
#1741 = CARTESIAN_POINT ( 'NONE',  ( 6.749999999999999112, 3.399999999999999467, -2.350000000000001421 ) ) ;
#1742 = SURFACE_STYLE_USAGE ( .BOTH. , #11447 ) ;
#1743 = CARTESIAN_POINT ( 'NONE',  ( 5.750000000000000000, 5.000000000000004441, 0.2500000000000002220 ) ) ;
#1744 = EDGE_CURVE ( 'NONE', #8485, #4330, #11161, .T. ) ;
#1745 = SURFACE_SIDE_STYLE ('',( #842 ) ) ;
#1746 = DIRECTION ( 'NONE',  ( -4.336808689942017736E-16, 0.0000000000000000000, -1.000000000000000000 ) ) ;
#1747 = ORIENTED_EDGE ( 'NONE', *, *, #9040, .T. ) ;
#1748 = SURFACE_STYLE_FILL_AREA ( #9747 ) ;
#1749 = FILL_AREA_STYLE_COLOUR ( '', #9957 ) ;
#1750 = VECTOR ( 'NONE', #9904, 1000.000000000000000 ) ;
#1751 =( LENGTH_UNIT ( ) NAMED_UNIT ( * ) SI_UNIT ( .MILLI., .METRE. ) );
#1752 = MECHANICAL_DESIGN_GEOMETRIC_PRESENTATION_REPRESENTATION (  '', ( #300 ), #1959 ) ;
#1753 = EDGE_CURVE ( 'NONE', #7468, #7716, #10509, .T. ) ;
#1754 = DIRECTION ( 'NONE',  ( 0.0000000000000000000, -0.0000000000000000000, 1.000000000000000000 ) ) ;
#1755 = SURFACE_STYLE_FILL_AREA ( #11303 ) ;
#1756 = UNCERTAINTY_MEASURE_WITH_UNIT (LENGTH_MEASURE( 1.000000000000000082E-05 ), #4818, 'distance_accuracy_value', 'NONE');
#1757 = AXIS2_PLACEMENT_3D ( 'NONE', #10819, #2853, #3482 ) ;
#1758 = CARTESIAN_POINT ( 'NONE',  ( -0.2200000000000003619, 4.229999999999999538, 1.700000000000000178 ) ) ;
#1759 = ORIENTED_EDGE ( 'NONE', *, *, #6804, .T. ) ;
#1760 = VECTOR ( 'NONE', #4796, 1000.000000000000114 ) ;
#1761 =( GEOMETRIC_REPRESENTATION_CONTEXT ( 3 ) GLOBAL_UNCERTAINTY_ASSIGNED_CONTEXT ( ( #2720 ) ) GLOBAL_UNIT_ASSIGNED_CONTEXT ( ( #10744, #1823, #3609 ) ) REPRESENTATION_CONTEXT ( 'NONE', 'WORKASPACE' ) );
#1762 = CARTESIAN_POINT ( 'NONE',  ( 7.299999999999998934, 0.0000000000000000000, -2.800000000000000266 ) ) ;
#1763 = CARTESIAN_POINT ( 'NONE',  ( 11.84999999999999432, 5.100000000000001421, 0.1500000000000077660 ) ) ;
#1764 = DIRECTION ( 'NONE',  ( 0.0000000000000000000, 0.0000000000000000000, -1.000000000000000000 ) ) ;
#1765 = CARTESIAN_POINT ( 'NONE',  ( 15.70000000000000284, 6.000000000000000000, -2.700000000000005063 ) ) ;
#1766 = ORIENTED_EDGE ( 'NONE', *, *, #3341, .F. ) ;
#1767 = CARTESIAN_POINT ( 'NONE',  ( 10.08333333333333215, 5.166666666666671404, -0.08333333333333370341 ) ) ;
#1768 = DIRECTION ( 'NONE',  ( 1.368320445974695621E-17, -0.0000000000000000000, 1.000000000000000000 ) ) ;
#1769 = STYLED_ITEM ( 'NONE', ( #2686 ), #5328 ) ;
#1770 = STYLED_ITEM ( 'NONE', ( #1020 ), #4209 ) ;
#1771 = ADVANCED_FACE ( 'NONE', ( #2202 ), #10988, .T. ) ;
#1772 = CARTESIAN_POINT ( 'NONE',  ( 6.249999999999998224, -3.399999999999999911, 0.2500000000000002220 ) ) ;
#1773 = SURFACE_STYLE_USAGE ( .BOTH. , #2545 ) ;
#1774 = UNCERTAINTY_MEASURE_WITH_UNIT (LENGTH_MEASURE( 1.000000000000000082E-05 ), #3764, 'distance_accuracy_value', 'NONE');
#1775 =( NAMED_UNIT ( * ) PLANE_ANGLE_UNIT ( ) SI_UNIT ( $, .RADIAN. ) );
#1776 = DIRECTION ( 'NONE',  ( 0.0000000000000000000, 1.000000000000000000, 0.0000000000000000000 ) ) ;
#1777 = FILL_AREA_STYLE_COLOUR ( '', #4382 ) ;
#1778 = SURFACE_SIDE_STYLE ('',( #9779 ) ) ;
#1779 = EDGE_CURVE ( 'NONE', #2629, #3122, #2974, .T. ) ;
#1780 = VECTOR ( 'NONE', #3543, 1000.000000000000000 ) ;
#1781 = CARTESIAN_POINT ( 'NONE',  ( 0.0000000000000000000, -3.541421356237309581, 0.05000000000000012768 ) ) ;
#1782 = FILL_AREA_STYLE_COLOUR ( '', #6145 ) ;
#1783 = SURFACE_SIDE_STYLE ('',( #9786 ) ) ;
#1784 = SURFACE_STYLE_USAGE ( .BOTH. , #2565 ) ;
#1785 = CARTESIAN_POINT ( 'NONE',  ( 3.250000000000000888, 3.399999999999999467, -2.050000000000001599 ) ) ;
#1786 = EDGE_LOOP ( 'NONE', ( #10889, #7183, #2767, #5135 ) ) ;
#1787 = DIRECTION ( 'NONE',  ( 1.000000000000000000, -3.872150616019660190E-17, -4.336808689942017736E-16 ) ) ;
#1788 = EDGE_CURVE ( 'NONE', #5124, #3024, #1270, .T. ) ;
#1789 = VECTOR ( 'NONE', #6486, 1000.000000000000000 ) ;
#1790 = PRESENTATION_STYLE_ASSIGNMENT (( #7055 ) ) ;
#1791 = ADVANCED_FACE ( 'NONE', ( #5728 ), #3021, .F. ) ;
#1792 = VECTOR ( 'NONE', #3585, 1000.000000000000114 ) ;
#1793 = LINE ( 'NONE', #7118, #5620 ) ;
#1794 =( NAMED_UNIT ( * ) SI_UNIT ( $, .STERADIAN. ) SOLID_ANGLE_UNIT ( ) );
#1795 = CARTESIAN_POINT ( 'NONE',  ( 6.249999999999998224, 0.2000000000000000111, -2.800000000000000266 ) ) ;
#1796 = CARTESIAN_POINT ( 'NONE',  ( 13.29999999999999893, 0.2000000000000000389, 1.700000000000000178 ) ) ;
#1797 = CARTESIAN_POINT ( 'NONE',  ( 15.17999999999999972, 4.230000000000001315, 1.699999999999999289 ) ) ;
#1798 = COLOUR_RGB ( '',1.000000000000000000, 1.000000000000000000, 1.000000000000000000 ) ;
#1799 = CARTESIAN_POINT ( 'NONE',  ( 3.750000000000000444, 5.000000000000000888, -0.2499999999999997780 ) ) ;
#1800 = ORIENTED_EDGE ( 'NONE', *, *, #8869, .F. ) ;
#1801 = CARTESIAN_POINT ( 'NONE',  ( 4.750000000000000888, 3.399999999999999467, -2.050000000000001599 ) ) ;
#1802 = EDGE_LOOP ( 'NONE', ( #9958, #5036, #9340, #3833 ) ) ;
#1803 = DIRECTION ( 'NONE',  ( 0.0000000000000000000, -0.0000000000000000000, -1.000000000000000000 ) ) ;
#1804 = UNCERTAINTY_MEASURE_WITH_UNIT (LENGTH_MEASURE( 1.000000000000000082E-05 ), #7197, 'distance_accuracy_value', 'NONE');
#1805 = EDGE_CURVE ( 'NONE', #5150, #100, #11149, .T. ) ;
#1806 = CARTESIAN_POINT ( 'NONE',  ( 1.150000000000000355, 6.000000000000000000, -2.801000000000000600 ) ) ;
#1807 = DIRECTION ( 'NONE',  ( 0.0000000000000000000, 1.000000000000000000, 0.0000000000000000000 ) ) ;
#1808 = VECTOR ( 'NONE', #394, 1000.000000000000000 ) ;
#1809 = VERTEX_POINT ( 'NONE', #6639 ) ;
#1810 = VECTOR ( 'NONE', #6336, 1000.000000000000000 ) ;
#1811 = ORIENTED_EDGE ( 'NONE', *, *, #5753, .F. ) ;
#1812 = EDGE_LOOP ( 'NONE', ( #2037, #1917, #7664, #2332 ) ) ;
#1813 = DIRECTION ( 'NONE',  ( 0.0000000000000000000, 1.000000000000000000, 0.0000000000000000000 ) ) ;
#1814 = DIRECTION ( 'NONE',  ( 3.872150616019660190E-17, 1.000000000000000000, -0.0000000000000000000 ) ) ;
#1815 = CARTESIAN_POINT ( 'NONE',  ( 4.150000000000003020, 5.100000000000001421, 0.1500000000000025757 ) ) ;
#1816 = FILL_AREA_STYLE ('',( #1662 ) ) ;
#1817 = COLOUR_RGB ( '',1.000000000000000000, 1.000000000000000000, 1.000000000000000000 ) ;
#1818 = ORIENTED_EDGE ( 'NONE', *, *, #3982, .T. ) ;
#1819 =( NAMED_UNIT ( * ) PLANE_ANGLE_UNIT ( ) SI_UNIT ( $, .RADIAN. ) );
#1820 = PLANE ( 'NONE',  #9052 ) ;
#1821 = LINE ( 'NONE', #2822, #6033 ) ;
#1822 =( GEOMETRIC_REPRESENTATION_CONTEXT ( 3 ) GLOBAL_UNCERTAINTY_ASSIGNED_CONTEXT ( ( #11192 ) ) GLOBAL_UNIT_ASSIGNED_CONTEXT ( ( #9502, #7563, #8614 ) ) REPRESENTATION_CONTEXT ( 'NONE', 'WORKASPACE' ) );
#1823 =( NAMED_UNIT ( * ) PLANE_ANGLE_UNIT ( ) SI_UNIT ( $, .RADIAN. ) );
#1824 = ORIENTED_EDGE ( 'NONE', *, *, #3114, .F. ) ;
#1825 = ORIENTED_EDGE ( 'NONE', *, *, #6397, .F. ) ;
#1826 =( NAMED_UNIT ( * ) SI_UNIT ( $, .STERADIAN. ) SOLID_ANGLE_UNIT ( ) );
#1827 = VECTOR ( 'NONE', #6358, 1000.000000000000000 ) ;
#1828 = VECTOR ( 'NONE', #8304, 1000.000000000000000 ) ;
#1829 = DIRECTION ( 'NONE',  ( 1.000000000000000000, -5.421010862427522170E-17, 0.0000000000000000000 ) ) ;
#1830 = AXIS2_PLACEMENT_3D ( 'NONE', #6807, #4320, #3379 ) ;
#1831 = LINE ( 'NONE', #3619, #9875 ) ;
#1832 = DIRECTION ( 'NONE',  ( -5.421010862427522170E-17, -1.000000000000000000, 2.350988701644575016E-32 ) ) ;
#1833 = CARTESIAN_POINT ( 'NONE',  ( 8.750000000000000000, 3.149999999999999023, -2.050000000000001599 ) ) ;
#1834 = VERTEX_POINT ( 'NONE', #9255 ) ;
#1835 = PRESENTATION_LAYER_ASSIGNMENT (  '', '', ( #7998 ) ) ;
#1836 = SURFACE_STYLE_USAGE ( .BOTH. , #11376 ) ;
#1837 = ORIENTED_EDGE ( 'NONE', *, *, #2195, .F. ) ;
#1838 = ORIENTED_EDGE ( 'NONE', *, *, #3005, .T. ) ;
#1839 = LINE ( 'NONE', #1781, #2824 ) ;
#1840 =( NAMED_UNIT ( * ) SI_UNIT ( $, .STERADIAN. ) SOLID_ANGLE_UNIT ( ) );
#1841 = PLANE ( 'NONE',  #6989 ) ;
#1842 = EDGE_CURVE ( 'NONE', #977, #9708, #4101, .T. ) ;
#1843 = COLOUR_RGB ( '',1.000000000000000000, 0.8117647058823529438, 0.5019607843137254832 ) ;
#1844 = LINE ( 'NONE', #9837, #4309 ) ;
#1845 = MECHANICAL_DESIGN_GEOMETRIC_PRESENTATION_REPRESENTATION (  '', ( #943 ), #3744 ) ;
#1846 = CARTESIAN_POINT ( 'NONE',  ( 14.24999999999999822, -3.299999999999997158, 0.2500000000000002220 ) ) ;
#1847 = VECTOR ( 'NONE', #3479, 999.9999999999998863 ) ;
#1848 = CARTESIAN_POINT ( 'NONE',  ( -1.951000000000000956, 4.500000000000000888, -0.1800000000000013256 ) ) ;
#1849 = AXIS2_PLACEMENT_3D ( 'NONE', #3615, #2947, #6509 ) ;
#1850 = DIRECTION ( 'NONE',  ( 0.7071067811865475727, -0.7071067811865475727, 1.662400053425836136E-32 ) ) ;
#1851 = LINE ( 'NONE', #1905, #71 ) ;
#1852 =( NAMED_UNIT ( * ) PLANE_ANGLE_UNIT ( ) SI_UNIT ( $, .RADIAN. ) );
#1853 = VECTOR ( 'NONE', #6472, 1000.000000000000000 ) ;
#1854 = ADVANCED_FACE ( 'NONE', ( #1256 ), #8559, .T. ) ;
#1855 = DIRECTION ( 'NONE',  ( 1.000000000000000000, 0.0000000000000000000, 0.0000000000000000000 ) ) ;
#1856 = VERTEX_POINT ( 'NONE', #5897 ) ;
#1857 = ADVANCED_FACE ( 'NONE', ( #11029 ), #5082, .F. ) ;
#1858 = ORIENTED_EDGE ( 'NONE', *, *, #9453, .F. ) ;
#1859 =( LENGTH_UNIT ( ) NAMED_UNIT ( * ) SI_UNIT ( .MILLI., .METRE. ) );
#1860 = EDGE_CURVE ( 'NONE', #37, #10502, #10467, .T. ) ;
#1861 = SURFACE_STYLE_USAGE ( .BOTH. , #6377 ) ;
#1862 = CARTESIAN_POINT ( 'NONE',  ( -0.7000000000000002887, 0.2000000000000000389, -0.2499999999999997780 ) ) ;
#1863 = COLOUR_RGB ( '',1.000000000000000000, 0.8117647058823529438, 0.5019607843137254832 ) ;
#1864 = COLOUR_RGB ( '',1.000000000000000000, 0.8117647058823529438, 0.5019607843137254832 ) ;
#1865 = DIRECTION ( 'NONE',  ( -1.084202172485504237E-15, -1.000000000000000000, 0.0000000000000000000 ) ) ;
#1866 = ORIENTED_EDGE ( 'NONE', *, *, #3275, .F. ) ;
#1867 = PLANE ( 'NONE',  #3360 ) ;
#1868 = LINE ( 'NONE', #9006, #7100 ) ;
#1869 = LINE ( 'NONE', #3599, #4488 ) ;
#1870 = CARTESIAN_POINT ( 'NONE',  ( 6.249999999999998224, -3.299999999999997158, 0.2500000000000002220 ) ) ;
#1871 = VECTOR ( 'NONE', #7575, 1000.000000000000000 ) ;
#1872 = EDGE_CURVE ( 'NONE', #11401, #5635, #648, .T. ) ;
#1873 = SURFACE_SIDE_STYLE ('',( #971 ) ) ;
#1874 = SURFACE_STYLE_FILL_AREA ( #5588 ) ;
#1875 = DIRECTION ( 'NONE',  ( -9.103382349328301547E-49, -2.350988701644575016E-32, -1.000000000000000000 ) ) ;
#1876 = EDGE_LOOP ( 'NONE', ( #4574, #2806, #8336, #10218 ) ) ;
#1877 = LINE ( 'NONE', #2940, #2751 ) ;
#1878 = CARTESIAN_POINT ( 'NONE',  ( 15.95100000000000051, 4.500000000000000888, -0.6799999999999991607 ) ) ;
#1879 = FACE_OUTER_BOUND ( 'NONE', #606, .T. ) ;
#1880 = LINE ( 'NONE', #5483, #2327 ) ;
#1881 = ORIENTED_EDGE ( 'NONE', *, *, #8589, .T. ) ;
#1882 = CARTESIAN_POINT ( 'NONE',  ( 12.75000000000000178, 3.400000000000000355, -2.350000000000001865 ) ) ;
#1883 =( NAMED_UNIT ( * ) PLANE_ANGLE_UNIT ( ) SI_UNIT ( $, .RADIAN. ) );
#1884 = FACE_OUTER_BOUND ( 'NONE', #7612, .T. ) ;
#1885 = UNCERTAINTY_MEASURE_WITH_UNIT (LENGTH_MEASURE( 1.000000000000000082E-05 ), #10715, 'distance_accuracy_value', 'NONE');
#1886 =( NAMED_UNIT ( * ) PLANE_ANGLE_UNIT ( ) SI_UNIT ( $, .RADIAN. ) );
#1887 = UNCERTAINTY_MEASURE_WITH_UNIT (LENGTH_MEASURE( 1.000000000000000082E-05 ), #9900, 'distance_accuracy_value', 'NONE');
#1888 = CARTESIAN_POINT ( 'NONE',  ( 9.299999999999998934, 0.2000000000000000389, -2.800000000000000266 ) ) ;
#1889 = AXIS2_PLACEMENT_3D ( 'NONE', #6527, #8815, #5396 ) ;
#1890 = UNCERTAINTY_MEASURE_WITH_UNIT (LENGTH_MEASURE( 1.000000000000000082E-05 ), #6317, 'distance_accuracy_value', 'NONE');
#1891 = DIRECTION ( 'NONE',  ( -1.000000000000000000, 3.872150616019660190E-17, 0.0000000000000000000 ) ) ;
#1892 = ADVANCED_FACE ( 'NONE', ( #4443, #2663 ), #5369, .F. ) ;
#1893 =( LENGTH_UNIT ( ) NAMED_UNIT ( * ) SI_UNIT ( .MILLI., .METRE. ) );
#1894 = PRESENTATION_LAYER_ASSIGNMENT (  '', '', ( #5107 ) ) ;
#1895 = ORIENTED_EDGE ( 'NONE', *, *, #3918, .F. ) ;
#1896 =( LENGTH_UNIT ( ) NAMED_UNIT ( * ) SI_UNIT ( .MILLI., .METRE. ) );
#1897 = DIRECTION ( 'NONE',  ( 0.0000000000000000000, 0.0000000000000000000, 1.000000000000000000 ) ) ;
#1898 = CARTESIAN_POINT ( 'NONE',  ( 12.75000000000000178, 1.149999999999999911, -2.350000000000001865 ) ) ;
#1899 =( GEOMETRIC_REPRESENTATION_CONTEXT ( 3 ) GLOBAL_UNCERTAINTY_ASSIGNED_CONTEXT ( ( #29 ) ) GLOBAL_UNIT_ASSIGNED_CONTEXT ( ( #2733, #3577, #885 ) ) REPRESENTATION_CONTEXT ( 'NONE', 'WORKASPACE' ) );
#1900 = LINE ( 'NONE', #3755, #7318 ) ;
#1901 = SURFACE_STYLE_USAGE ( .BOTH. , #199 ) ;
#1902 = PRESENTATION_LAYER_ASSIGNMENT (  '', '', ( #6585 ) ) ;
#1903 = SURFACE_STYLE_USAGE ( .BOTH. , #9899 ) ;
#1904 = PRESENTATION_STYLE_ASSIGNMENT (( #9208 ) ) ;
#1905 = CARTESIAN_POINT ( 'NONE',  ( 1.749999999999999778, -3.299999999999998490, -0.2499999999999997780 ) ) ;
#1906 =( NAMED_UNIT ( * ) SI_UNIT ( $, .STERADIAN. ) SOLID_ANGLE_UNIT ( ) );
#1907 = CARTESIAN_POINT ( 'NONE',  ( 11.75000000000000000, -3.299999999999997158, 0.2500000000000002220 ) ) ;
#1908 = ORIENTED_EDGE ( 'NONE', *, *, #5915, .T. ) ;
#1909 = STYLED_ITEM ( 'NONE', ( #10671 ), #3154 ) ;
#1910 = EDGE_LOOP ( 'NONE', ( #5711, #3342, #15, #8429 ) ) ;
#1911 = ADVANCED_FACE ( 'NONE', ( #760 ), #4210, .F. ) ;
#1912 = CARTESIAN_POINT ( 'NONE',  ( 0.7500000000000002220, 3.149999999999999023, -2.050000000000001599 ) ) ;
#1913 = EDGE_CURVE ( 'NONE', #8172, #2629, #9612, .T. ) ;
#1914 =( LENGTH_UNIT ( ) NAMED_UNIT ( * ) SI_UNIT ( .MILLI., .METRE. ) );
#1915 = SURFACE_STYLE_USAGE ( .BOTH. , #4527 ) ;
#1916 = UNCERTAINTY_MEASURE_WITH_UNIT (LENGTH_MEASURE( 1.000000000000000082E-05 ), #3955, 'distance_accuracy_value', 'NONE');
#1917 = ORIENTED_EDGE ( 'NONE', *, *, #924, .T. ) ;
#1918 =( LENGTH_UNIT ( ) NAMED_UNIT ( * ) SI_UNIT ( .MILLI., .METRE. ) );
#1919 = EDGE_LOOP ( 'NONE', ( #1111, #1895, #4643, #4695 ) ) ;
#1920 = ORIENTED_EDGE ( 'NONE', *, *, #9453, .T. ) ;
#1921 = PRESENTATION_STYLE_ASSIGNMENT (( #3710 ) ) ;
#1922 = ORIENTED_EDGE ( 'NONE', *, *, #9507, .T. ) ;
#1923 = VERTEX_POINT ( 'NONE', #3442 ) ;
#1924 = ORIENTED_EDGE ( 'NONE', *, *, #8335, .T. ) ;
#1925 = ADVANCED_FACE ( 'NONE', ( #7860 ), #1720, .F. ) ;
#1926 = DIRECTION ( 'NONE',  ( 0.5773502691896206240, -0.5773502691896356120, 0.5773502691896210681 ) ) ;
#1927 = FACE_OUTER_BOUND ( 'NONE', #4547, .T. ) ;
#1928 = LINE ( 'NONE', #336, #10357 ) ;
#1929 = SURFACE_STYLE_USAGE ( .BOTH. , #7368 ) ;
#1930 = VECTOR ( 'NONE', #10668, 999.9999999999998863 ) ;
#1931 = STYLED_ITEM ( 'NONE', ( #3152 ), #1771 ) ;
#1932 = FILL_AREA_STYLE_COLOUR ( '', #143 ) ;
#1933 = CARTESIAN_POINT ( 'NONE',  ( 1.150000000000000799, 1.799999999999999600, 1.700000000000000178 ) ) ;
#1934 = DIRECTION ( 'NONE',  ( 0.0000000000000000000, -0.0000000000000000000, 1.000000000000000000 ) ) ;
#1935 = EDGE_CURVE ( 'NONE', #8132, #2828, #10803, .T. ) ;
#1936 = EDGE_CURVE ( 'NONE', #11401, #9520, #6395, .T. ) ;
#1937 =( GEOMETRIC_REPRESENTATION_CONTEXT ( 3 ) GLOBAL_UNCERTAINTY_ASSIGNED_CONTEXT ( ( #5295 ) ) GLOBAL_UNIT_ASSIGNED_CONTEXT ( ( #5570, #3042, #9338 ) ) REPRESENTATION_CONTEXT ( 'NONE', 'WORKASPACE' ) );
#1938 = VERTEX_POINT ( 'NONE', #4603 ) ;
#1939 = ADVANCED_FACE ( 'NONE', ( #4544 ), #7326, .F. ) ;
#1940 = COLOUR_RGB ( '',1.000000000000000000, 1.000000000000000000, 1.000000000000000000 ) ;
#1941 = STYLED_ITEM ( 'NONE', ( #4864 ), #879 ) ;
#1942 = ORIENTED_EDGE ( 'NONE', *, *, #7574, .T. ) ;
#1943 = SURFACE_STYLE_FILL_AREA ( #10480 ) ;
#1944 =( LENGTH_UNIT ( ) NAMED_UNIT ( * ) SI_UNIT ( .MILLI., .METRE. ) );
#1945 = VERTEX_POINT ( 'NONE', #6291 ) ;
#1946 = LINE ( 'NONE', #3793, #7033 ) ;
#1947 = SURFACE_SIDE_STYLE ('',( #3736 ) ) ;
#1948 = VECTOR ( 'NONE', #9259, 1000.000000000000000 ) ;
#1949 = VECTOR ( 'NONE', #4143, 1000.000000000000000 ) ;
#1950 = DIRECTION ( 'NONE',  ( 3.872150616019660190E-17, 1.000000000000000000, -0.0000000000000000000 ) ) ;
#1951 = FACE_OUTER_BOUND ( 'NONE', #4174, .T. ) ;
#1952 = LINE ( 'NONE', #1199, #8924 ) ;
#1953 = ORIENTED_EDGE ( 'NONE', *, *, #2264, .F. ) ;
#1954 = ADVANCED_FACE ( 'NONE', ( #2893 ), #9818, .F. ) ;
#1955 =( GEOMETRIC_REPRESENTATION_CONTEXT ( 3 ) GLOBAL_UNCERTAINTY_ASSIGNED_CONTEXT ( ( #6223 ) ) GLOBAL_UNIT_ASSIGNED_CONTEXT ( ( #4703, #2114, #6446 ) ) REPRESENTATION_CONTEXT ( 'NONE', 'WORKASPACE' ) );
#1956 = PRESENTATION_LAYER_ASSIGNMENT (  '', '', ( #6999 ) ) ;
#1957 = LINE ( 'NONE', #10072, #9933 ) ;
#1958 = CARTESIAN_POINT ( 'NONE',  ( 15.94999999999999929, 0.0000000000000000000, -2.800000000000000711 ) ) ;
#1959 =( GEOMETRIC_REPRESENTATION_CONTEXT ( 3 ) GLOBAL_UNCERTAINTY_ASSIGNED_CONTEXT ( ( #1633 ) ) GLOBAL_UNIT_ASSIGNED_CONTEXT ( ( #5535, #6621, #8472 ) ) REPRESENTATION_CONTEXT ( 'NONE', 'WORKASPACE' ) );
#1960 = EDGE_CURVE ( 'NONE', #8807, #10316, #1309, .T. ) ;
#1961 = DIRECTION ( 'NONE',  ( 0.0000000000000000000, 0.0000000000000000000, 1.000000000000000000 ) ) ;
#1962 = SURFACE_STYLE_FILL_AREA ( #6412 ) ;
#1963 = DIRECTION ( 'NONE',  ( -2.272280002215129179E-17, 0.0000000000000000000, -1.000000000000000000 ) ) ;
#1964 = CARTESIAN_POINT ( 'NONE',  ( 10.24999999999999822, 0.2000000000000000111, -0.2499999999999997780 ) ) ;
#1965 = AXIS2_PLACEMENT_3D ( 'NONE', #4377, #10405, #10457 ) ;
#1966 = FILL_AREA_STYLE ('',( #6418 ) ) ;
#1967 = UNCERTAINTY_MEASURE_WITH_UNIT (LENGTH_MEASURE( 1.000000000000000082E-05 ), #11118, 'distance_accuracy_value', 'NONE');
#1968 = CARTESIAN_POINT ( 'NONE',  ( 14.21999999999999709, 2.250000000000001776, 1.249999999999997558 ) ) ;
#1969 = CARTESIAN_POINT ( 'NONE',  ( 14.67999999999999794, 6.000000000000000000, 1.599999999999999867 ) ) ;
#1970 = DIRECTION ( 'NONE',  ( -0.0000000000000000000, 0.0000000000000000000, 1.000000000000000000 ) ) ;
#1971 = ORIENTED_EDGE ( 'NONE', *, *, #4551, .F. ) ;
#1972 = PRESENTATION_LAYER_ASSIGNMENT (  '', '', ( #3877 ) ) ;
#1973 = EDGE_LOOP ( 'NONE', ( #611, #6947, #5406, #9277 ) ) ;
#1974 = FILL_AREA_STYLE_COLOUR ( '', #7001 ) ;
#1975 = VECTOR ( 'NONE', #3239, 1000.000000000000000 ) ;
#1976 = ORIENTED_EDGE ( 'NONE', *, *, #9855, .T. ) ;
#1977 = DIRECTION ( 'NONE',  ( 0.5773502691896259531, 0.5773502691896259531, -0.5773502691896253980 ) ) ;
#1978 = CARTESIAN_POINT ( 'NONE',  ( 13.74999999999999822, 5.000000000000000888, 0.2500000000000002220 ) ) ;
#1979 = EDGE_CURVE ( 'NONE', #8078, #7170, #575, .T. ) ;
#1980 = VERTEX_POINT ( 'NONE', #4949 ) ;
#1981 = VERTEX_POINT ( 'NONE', #8419 ) ;
#1982 = ORIENTED_EDGE ( 'NONE', *, *, #405, .F. ) ;
#1983 =( LENGTH_UNIT ( ) NAMED_UNIT ( * ) SI_UNIT ( .MILLI., .METRE. ) );
#1984 = ORIENTED_EDGE ( 'NONE', *, *, #6424, .F. ) ;
#1985 = MECHANICAL_DESIGN_GEOMETRIC_PRESENTATION_REPRESENTATION (  '', ( #2736 ), #4451 ) ;
#1986 = VECTOR ( 'NONE', #6624, 1000.000000000000000 ) ;
#1987 = CARTESIAN_POINT ( 'NONE',  ( 1.250000000000000666, 1.149999999999999911, -2.050000000000001599 ) ) ;
#1988 = CARTESIAN_POINT ( 'NONE',  ( -1.949999999999999956, 4.500000000000000888, 0.3199999999999999512 ) ) ;
#1989 =( NAMED_UNIT ( * ) PLANE_ANGLE_UNIT ( ) SI_UNIT ( $, .RADIAN. ) );
#1990 =( NAMED_UNIT ( * ) PLANE_ANGLE_UNIT ( ) SI_UNIT ( $, .RADIAN. ) );
#1991 = ORIENTED_EDGE ( 'NONE', *, *, #10885, .F. ) ;
#1992 = LINE ( 'NONE', #3717, #12 ) ;
#1993 = VECTOR ( 'NONE', #4150, 999.9999999999998863 ) ;
#1994 = CARTESIAN_POINT ( 'NONE',  ( 15.94999999999999929, 6.000000000000000000, 1.699999999999999289 ) ) ;
#1995 = CARTESIAN_POINT ( 'NONE',  ( 14.22000000000000064, 6.000000000000000000, 1.599999999999999867 ) ) ;
#1996 = VECTOR ( 'NONE', #749, 1000.000000000000000 ) ;
#1997 = DIRECTION ( 'NONE',  ( 3.872150616019660190E-17, 1.000000000000000000, -0.0000000000000000000 ) ) ;
#1998 = EDGE_LOOP ( 'NONE', ( #1416, #8363, #4525, #4276 ) ) ;
#1999 = CARTESIAN_POINT ( 'NONE',  ( 13.74999999999999822, -3.399999999999999911, 0.2500000000000002220 ) ) ;
#2000 = DIRECTION ( 'NONE',  ( -0.7071067811865490160, -0.7071067811865461294, 3.066586833366754686E-16 ) ) ;
#2001 = SURFACE_STYLE_USAGE ( .BOTH. , #9189 ) ;
#2002 = DIRECTION ( 'NONE',  ( -3.833233541708387890E-17, -0.7071067811865388020, 0.7071067811865563435 ) ) ;
#2003 = EDGE_CURVE ( 'NONE', #1923, #5663, #3197, .T. ) ;
#2004 = COLOUR_RGB ( '',1.000000000000000000, 0.8117647058823529438, 0.5019607843137254832 ) ;
#2005 =( NAMED_UNIT ( * ) PLANE_ANGLE_UNIT ( ) SI_UNIT ( $, .RADIAN. ) );
#2006 = SURFACE_SIDE_STYLE ('',( #5717 ) ) ;
#2007 = UNCERTAINTY_MEASURE_WITH_UNIT (LENGTH_MEASURE( 1.000000000000000082E-05 ), #5617, 'distance_accuracy_value', 'NONE');
#2008 = AXIS2_PLACEMENT_3D ( 'NONE', #6095, #781, #2571 ) ;
#2009 = EDGE_CURVE ( 'NONE', #8962, #115, #3125, .T. ) ;
#2010 = ORIENTED_EDGE ( 'NONE', *, *, #9522, .T. ) ;
#2011 = VECTOR ( 'NONE', #7113, 1000.000000000000000 ) ;
#2012 = SURFACE_STYLE_USAGE ( .BOTH. , #5284 ) ;
#2013 = VECTOR ( 'NONE', #489, 1000.000000000000000 ) ;
#2014 = STYLED_ITEM ( 'NONE', ( #2268 ), #9373 ) ;
#2015 = DIRECTION ( 'NONE',  ( 1.000000000000000000, -5.421010862427522170E-17, 0.0000000000000000000 ) ) ;
#2016 = VERTEX_POINT ( 'NONE', #513 ) ;
#2017 = SURFACE_SIDE_STYLE ('',( #3805 ) ) ;
#2018 = SURFACE_STYLE_USAGE ( .BOTH. , #3026 ) ;
#2019 = SURFACE_SIDE_STYLE ('',( #2139 ) ) ;
#2020 = CARTESIAN_POINT ( 'NONE',  ( 3.849999999999997868, 5.100000000000001421, -0.1500000000000021316 ) ) ;
#2021 = ADVANCED_FACE ( 'NONE', ( #8361 ), #3909, .F. ) ;
#2022 = LINE ( 'NONE', #5621, #6348 ) ;
#2023 = ORIENTED_EDGE ( 'NONE', *, *, #9949, .T. ) ;
#2024 = DIRECTION ( 'NONE',  ( -1.000000000000000000, 5.421010862427522170E-17, 0.0000000000000000000 ) ) ;
#2025 = MECHANICAL_DESIGN_GEOMETRIC_PRESENTATION_REPRESENTATION (  '', ( #5963 ), #7249 ) ;
#2026 = DIRECTION ( 'NONE',  ( 9.103382349328301547E-49, 2.350988701644575016E-32, 1.000000000000000000 ) ) ;
#2027 = FILL_AREA_STYLE ('',( #8444 ) ) ;
#2028 = VECTOR ( 'NONE', #7477, 1000.000000000000000 ) ;
#2029 = DIRECTION ( 'NONE',  ( 0.0000000000000000000, 1.000000000000000000, -5.782411586589358625E-16 ) ) ;
#2030 = PLANE ( 'NONE',  #926 ) ;
#2031 =( NAMED_UNIT ( * ) SI_UNIT ( $, .STERADIAN. ) SOLID_ANGLE_UNIT ( ) );
#2032 = COLOUR_RGB ( '',1.000000000000000000, 0.8117647058823529438, 0.5019607843137254832 ) ;
#2033 = CARTESIAN_POINT ( 'NONE',  ( 3.166666666666664298, -4.383333333333331971, -0.8333333333333339255 ) ) ;
#2034 = COLOUR_RGB ( '',1.000000000000000000, 0.8117647058823529438, 0.5019607843137254832 ) ;
#2035 = CARTESIAN_POINT ( 'NONE',  ( 2.750000000000000444, 3.399999999999999467, -2.350000000000001421 ) ) ;
#2036 = VERTEX_POINT ( 'NONE', #7667 ) ;
#2037 = ORIENTED_EDGE ( 'NONE', *, *, #8525, .T. ) ;
#2038 = STYLED_ITEM ( 'NONE', ( #7331 ), #1278 ) ;
#2039 = ORIENTED_EDGE ( 'NONE', *, *, #1872, .F. ) ;
#2040 = ORIENTED_EDGE ( 'NONE', *, *, #3325, .F. ) ;
#2041 = FACE_BOUND ( 'NONE', #10998, .T. ) ;
#2042 = LINE ( 'NONE', #8170, #1238 ) ;
#2043 = FILL_AREA_STYLE_COLOUR ( '', #6978 ) ;
#2044 = PRESENTATION_LAYER_ASSIGNMENT (  '', '', ( #4503 ) ) ;
#2045 = VECTOR ( 'NONE', #7746, 1000.000000000000000 ) ;
#2046 = ORIENTED_EDGE ( 'NONE', *, *, #6784, .T. ) ;
#2047 = MECHANICAL_DESIGN_GEOMETRIC_PRESENTATION_REPRESENTATION (  '', ( #4142 ), #3570 ) ;
#2048 = CARTESIAN_POINT ( 'NONE',  ( 10.14999999999999503, -3.399999999999999911, -0.1499999999999969136 ) ) ;
#2049 = VECTOR ( 'NONE', #9201, 1000.000000000000000 ) ;
#2050 = CARTESIAN_POINT ( 'NONE',  ( 11.25000000000000000, 3.399999999999999467, -2.050000000000001599 ) ) ;
#2051 = CARTESIAN_POINT ( 'NONE',  ( -1.350000000000000089, 5.649999999999998579, -2.350000000000001421 ) ) ;
#2052 = VERTEX_POINT ( 'NONE', #2179 ) ;
#2053 = DIRECTION ( 'NONE',  ( -0.0000000000000000000, -0.0000000000000000000, -1.000000000000000000 ) ) ;
#2054 = STYLED_ITEM ( 'NONE', ( #1240 ), #5378 ) ;
#2055 = CARTESIAN_POINT ( 'NONE',  ( 15.94999999999999929, 1.380000000000004334, 1.300000000000000044 ) ) ;
#2056 = SURFACE_STYLE_FILL_AREA ( #5650 ) ;
#2057 = LINE ( 'NONE', #7369, #5757 ) ;
#2058 =( NAMED_UNIT ( * ) SI_UNIT ( $, .STERADIAN. ) SOLID_ANGLE_UNIT ( ) );
#2059 = VERTEX_POINT ( 'NONE', #2238 ) ;
#2060 = VECTOR ( 'NONE', #2296, 1000.000000000000000 ) ;
#2061 = SURFACE_STYLE_FILL_AREA ( #7210 ) ;
#2062 = CARTESIAN_POINT ( 'NONE',  ( 14.83333333333333748, -4.383333333333323090, -0.8333333333333252657 ) ) ;
#2063 = UNCERTAINTY_MEASURE_WITH_UNIT (LENGTH_MEASURE( 1.000000000000000082E-05 ), #4290, 'distance_accuracy_value', 'NONE');
#2064 = EDGE_LOOP ( 'NONE', ( #10688, #10548, #1502, #8069 ) ) ;
#2065 = DIRECTION ( 'NONE',  ( 1.000000000000000000, 0.0000000000000000000, 0.0000000000000000000 ) ) ;
#2066 = ORIENTED_EDGE ( 'NONE', *, *, #1372, .T. ) ;
#2067 = ORIENTED_EDGE ( 'NONE', *, *, #10138, .T. ) ;
#2068 = EDGE_CURVE ( 'NONE', #3929, #8387, #9360, .T. ) ;
#2069 = STYLED_ITEM ( 'NONE', ( #2635 ), #2459 ) ;
#2070 = ADVANCED_FACE ( 'NONE', ( #1363 ), #3252, .F. ) ;
#2071 = DIRECTION ( 'NONE',  ( 1.000000000000000000, -3.872150616019660190E-17, 0.0000000000000000000 ) ) ;
#2072 = ORIENTED_EDGE ( 'NONE', *, *, #1575, .F. ) ;
#2073 = EDGE_CURVE ( 'NONE', #5971, #1109, #4310, .T. ) ;
#2074 =( NAMED_UNIT ( * ) SI_UNIT ( $, .STERADIAN. ) SOLID_ANGLE_UNIT ( ) );
#2075 = VERTEX_POINT ( 'NONE', #1594 ) ;
#2076 = COLOUR_RGB ( '',1.000000000000000000, 0.8117647058823529438, 0.5019607843137254832 ) ;
#2077 = ADVANCED_FACE ( 'NONE', ( #10572 ), #2474, .F. ) ;
#2078 = CARTESIAN_POINT ( 'NONE',  ( -1.350000000000000089, 1.799999999999999600, -0.4000000000000023537 ) ) ;
#2079 = LINE ( 'NONE', #10979, #5350 ) ;
#2080 = FACE_OUTER_BOUND ( 'NONE', #9163, .T. ) ;
#2081 = ORIENTED_EDGE ( 'NONE', *, *, #1106, .T. ) ;
#2082 = DIRECTION ( 'NONE',  ( -0.0000000000000000000, -0.0000000000000000000, 1.000000000000000000 ) ) ;
#2083 = PRESENTATION_STYLE_ASSIGNMENT (( #3811 ) ) ;
#2084 = FILL_AREA_STYLE ('',( #5626 ) ) ;
#2085 = ADVANCED_FACE ( 'NONE', ( #11243, #10515, #746, #8649, #1536, #8710, #2535, #9647, #3302 ), #8829, .T. ) ;
#2086 = VERTEX_POINT ( 'NONE', #4646 ) ;
#2087 = EDGE_CURVE ( 'NONE', #9431, #8172, #3781, .T. ) ;
#2088 = VECTOR ( 'NONE', #7584, 1000.000000000000114 ) ;
#2089 =( NAMED_UNIT ( * ) PLANE_ANGLE_UNIT ( ) SI_UNIT ( $, .RADIAN. ) );
#2090 = CARTESIAN_POINT ( 'NONE',  ( 2.699999999999999734, 0.1999999999999999833, -2.800000000000000266 ) ) ;
#2091 = UNCERTAINTY_MEASURE_WITH_UNIT (LENGTH_MEASURE( 1.000000000000000082E-05 ), #5881, 'distance_accuracy_value', 'NONE');
#2092 = CARTESIAN_POINT ( 'NONE',  ( 8.250000000000000000, 5.000000000000000888, 0.2500000000000002220 ) ) ;
#2093 = VECTOR ( 'NONE', #9631, 1000.000000000000000 ) ;
#2094 = LINE ( 'NONE', #7401, #2778 ) ;
#2095 = DIRECTION ( 'NONE',  ( -0.0000000000000000000, -1.000000000000000000, -0.0000000000000000000 ) ) ;
#2096 = CARTESIAN_POINT ( 'NONE',  ( 8.750000000000000000, 3.399999999999999467, -2.050000000000001599 ) ) ;
#2097 = VERTEX_POINT ( 'NONE', #1987 ) ;
#2098 = ORIENTED_EDGE ( 'NONE', *, *, #7819, .T. ) ;
#2099 =( NAMED_UNIT ( * ) SI_UNIT ( $, .STERADIAN. ) SOLID_ANGLE_UNIT ( ) );
#2100 = AXIS2_PLACEMENT_3D ( 'NONE', #8899, #7959, #3438 ) ;
#2101 = SURFACE_STYLE_USAGE ( .BOTH. , #4126 ) ;
#2102 = CARTESIAN_POINT ( 'NONE',  ( 10.96666666666666856, -2.516666666666662611, -1.033333333333332993 ) ) ;
#2103 = FACE_OUTER_BOUND ( 'NONE', #1425, .T. ) ;
#2104 = ORIENTED_EDGE ( 'NONE', *, *, #3211, .T. ) ;
#2105 = ADVANCED_FACE ( 'NONE', ( #6283 ), #3598, .F. ) ;
#2106 = PLANE ( 'NONE',  #2220 ) ;
#2107 = ORIENTED_EDGE ( 'NONE', *, *, #10689, .F. ) ;
#2108 = PRESENTATION_LAYER_ASSIGNMENT (  '', '', ( #7503 ) ) ;
#2109 = DIRECTION ( 'NONE',  ( -1.000000000000000000, 3.872150616019660190E-17, 0.0000000000000000000 ) ) ;
#2110 = VERTEX_POINT ( 'NONE', #3651 ) ;
#2111 = CARTESIAN_POINT ( 'NONE',  ( 2.150000000000004796, 5.100000000000001421, -2.800000000000000266 ) ) ;
#2112 = EDGE_CURVE ( 'NONE', #7106, #4985, #1868, .T. ) ;
#2113 = SURFACE_SIDE_STYLE ('',( #10107 ) ) ;
#2114 =( NAMED_UNIT ( * ) PLANE_ANGLE_UNIT ( ) SI_UNIT ( $, .RADIAN. ) );
#2115 = PRESENTATION_STYLE_ASSIGNMENT (( #10162 ) ) ;
#2116 =( LENGTH_UNIT ( ) NAMED_UNIT ( * ) SI_UNIT ( .MILLI., .METRE. ) );
#2117 = VECTOR ( 'NONE', #2135, 1000.000000000000000 ) ;
#2118 =( NAMED_UNIT ( * ) SI_UNIT ( $, .STERADIAN. ) SOLID_ANGLE_UNIT ( ) );
#2119 = PRESENTATION_STYLE_ASSIGNMENT (( #6570 ) ) ;
#2120 = CARTESIAN_POINT ( 'NONE',  ( 5.299999999999998934, 0.2000000000000000389, 1.700000000000000178 ) ) ;
#2121 = VERTEX_POINT ( 'NONE', #4589 ) ;
#2122 = FILL_AREA_STYLE_COLOUR ( '', #9811 ) ;
#2123 = PRESENTATION_STYLE_ASSIGNMENT (( #11193 ) ) ;
#2124 = FILL_AREA_STYLE ('',( #10971 ) ) ;
#2125 =( GEOMETRIC_REPRESENTATION_CONTEXT ( 3 ) GLOBAL_UNCERTAINTY_ASSIGNED_CONTEXT ( ( #3132 ) ) GLOBAL_UNIT_ASSIGNED_CONTEXT ( ( #11180, #7187, #2646 ) ) REPRESENTATION_CONTEXT ( 'NONE', 'WORKASPACE' ) );
#2126 = DIRECTION ( 'NONE',  ( 1.000000000000000000, -0.0000000000000000000, -4.845596301611194130E-17 ) ) ;
#2128 = AXIS2_PLACEMENT_3D ( 'NONE', #10973, #4835, #3861 ) ;
#2127 = PLANE ( 'NONE',  #4226 ) ;
#2129 = FILL_AREA_STYLE_COLOUR ( '', #5598 ) ;
#2130 = STYLED_ITEM ( 'NONE', ( #8938 ), #836 ) ;
#2131 = ADVANCED_FACE ( 'NONE', ( #3712 ), #1080, .F. ) ;
#2132 = COLOUR_RGB ( '',1.000000000000000000, 0.8117647058823529438, 0.5019607843137254832 ) ;
#2133 = EDGE_CURVE ( 'NONE', #3391, #10511, #10629, .T. ) ;
#2134 = AXIS2_PLACEMENT_3D ( 'NONE', #105, #7116, #7932 ) ;
#2135 = DIRECTION ( 'NONE',  ( 4.336808689942017736E-16, 0.0000000000000000000, 1.000000000000000000 ) ) ;
#2136 = STYLED_ITEM ( 'NONE', ( #10547 ), #5185 ) ;
#2137 = DIRECTION ( 'NONE',  ( -0.0000000000000000000, 1.000000000000000000, -0.0000000000000000000 ) ) ;
#2138 = LINE ( 'NONE', #11033, #2770 ) ;
#2139 = SURFACE_STYLE_FILL_AREA ( #6470 ) ;
#2140 = LINE ( 'NONE', #3928, #6541 ) ;
#2141 = EDGE_CURVE ( 'NONE', #5391, #5534, #8013, .T. ) ;
#2142 = FILL_AREA_STYLE ('',( #3151 ) ) ;
#2143 = CARTESIAN_POINT ( 'NONE',  ( 5.299999999999998934, 0.2000000000000000389, 0.2500000000000002220 ) ) ;
#2144 = LINE ( 'NONE', #3934, #10398 ) ;
#2145 = ORIENTED_EDGE ( 'NONE', *, *, #9005, .F. ) ;
#2146 = PRESENTATION_LAYER_ASSIGNMENT (  '', '', ( #7363 ) ) ;
#2147 = VECTOR ( 'NONE', #1622, 1000.000000000000000 ) ;
#2148 = VERTEX_POINT ( 'NONE', #9346 ) ;
#2149 = DIRECTION ( 'NONE',  ( 1.000000000000000000, 0.0000000000000000000, -0.0000000000000000000 ) ) ;
#2150 = SURFACE_STYLE_USAGE ( .BOTH. , #2918 ) ;
#2151 = CARTESIAN_POINT ( 'NONE',  ( 8.699999999999999289, 0.1999999999999999833, -2.800000000000000266 ) ) ;
#2152 = DIRECTION ( 'NONE',  ( 3.872150616019660190E-17, 1.000000000000000000, -0.0000000000000000000 ) ) ;
#2153 = CARTESIAN_POINT ( 'NONE',  ( 14.14999999999999503, -3.399999999999999911, 0.1499999999999973577 ) ) ;
#2154 = LINE ( 'NONE', #5802, #1432 ) ;
#2155 = ORIENTED_EDGE ( 'NONE', *, *, #7929, .T. ) ;
#2156 = VECTOR ( 'NONE', #11327, 1000.000000000000000 ) ;
#2157 = ADVANCED_FACE ( 'NONE', ( #387 ), #4755, .F. ) ;
#2158 = ORIENTED_EDGE ( 'NONE', *, *, #11068, .T. ) ;
#2159 = EDGE_CURVE ( 'NONE', #5498, #6053, #8290, .T. ) ;
#2160 =( NAMED_UNIT ( * ) PLANE_ANGLE_UNIT ( ) SI_UNIT ( $, .RADIAN. ) );
#2161 = VERTEX_POINT ( 'NONE', #4808 ) ;
#2162 = EDGE_LOOP ( 'NONE', ( #4093, #1531, #2218, #9371, #10721 ) ) ;
#2163 = LINE ( 'NONE', #1293, #942 ) ;
#2164 = FACE_OUTER_BOUND ( 'NONE', #4954, .T. ) ;
#2165 = ORIENTED_EDGE ( 'NONE', *, *, #5358, .F. ) ;
#2166 = DIRECTION ( 'NONE',  ( 1.000000000000000000, -0.0000000000000000000, 1.927470528863119049E-16 ) ) ;
#2167 = VECTOR ( 'NONE', #505, 1000.000000000000000 ) ;
#2168 = UNCERTAINTY_MEASURE_WITH_UNIT (LENGTH_MEASURE( 1.000000000000000082E-05 ), #9512, 'distance_accuracy_value', 'NONE');
#2169 =( LENGTH_UNIT ( ) NAMED_UNIT ( * ) SI_UNIT ( .MILLI., .METRE. ) );
#2170 = DIRECTION ( 'NONE',  ( -1.000000000000000000, 0.0000000000000000000, -1.927470528863119049E-16 ) ) ;
#2171 = ADVANCED_FACE ( 'NONE', ( #2164 ), #4069, .F. ) ;
#2172 = ORIENTED_EDGE ( 'NONE', *, *, #4874, .F. ) ;
#2173 = SURFACE_STYLE_USAGE ( .BOTH. , #6791 ) ;
#2174 = PLANE ( 'NONE',  #8490 ) ;
#2175 = DIRECTION ( 'NONE',  ( 1.000000000000000000, -5.421010862427522170E-17, 0.0000000000000000000 ) ) ;
#2176 = AXIS2_PLACEMENT_3D ( 'NONE', #3770, #1970, #1007 ) ;
#2177 = COLOUR_RGB ( '',1.000000000000000000, 1.000000000000000000, 1.000000000000000000 ) ;
#2178 = VERTEX_POINT ( 'NONE', #2934 ) ;
#2179 = CARTESIAN_POINT ( 'NONE',  ( 4.250000000000000000, 5.000000000000000888, -0.2499999999999997780 ) ) ;
#2180 = CARTESIAN_POINT ( 'NONE',  ( 3.850000000000002309, -3.399999999999999911, -0.1499999999999969136 ) ) ;
#2181 = DIRECTION ( 'NONE',  ( -1.927470528863119542E-16, 1.000000000000000000, 0.0000000000000000000 ) ) ;
#2182 = ORIENTED_EDGE ( 'NONE', *, *, #7339, .T. ) ;
#2183 = COLOUR_RGB ( '',1.000000000000000000, 0.8117647058823529438, 0.5019607843137254832 ) ;
#2184 = FACE_OUTER_BOUND ( 'NONE', #3649, .T. ) ;
#2185 = UNCERTAINTY_MEASURE_WITH_UNIT (LENGTH_MEASURE( 1.000000000000000082E-05 ), #7422, 'distance_accuracy_value', 'NONE');
#2186 = STYLED_ITEM ( 'NONE', ( #4315 ), #8824 ) ;
#2187 =( NAMED_UNIT ( * ) PLANE_ANGLE_UNIT ( ) SI_UNIT ( $, .RADIAN. ) );
#2188 = STYLED_ITEM ( 'NONE', ( #5828 ), #7979 ) ;
#2189 = PLANE ( 'NONE',  #2128 ) ;
#2190 = ORIENTED_EDGE ( 'NONE', *, *, #6910, .T. ) ;
#2191 = ORIENTED_EDGE ( 'NONE', *, *, #7955, .T. ) ;
#2192 = STYLED_ITEM ( 'NONE', ( #2655 ), #7301 ) ;
#2193 = EDGE_LOOP ( 'NONE', ( #5233, #272, #433, #2361 ) ) ;
#2194 =( NAMED_UNIT ( * ) PLANE_ANGLE_UNIT ( ) SI_UNIT ( $, .RADIAN. ) );
#2195 = EDGE_CURVE ( 'NONE', #2121, #10254, #6562, .T. ) ;
#2196 = FILL_AREA_STYLE_COLOUR ( '', #6966 ) ;
#2197 = LINE ( 'NONE', #6065, #5779 ) ;
#2198 = FILL_AREA_STYLE ('',( #3146 ) ) ;
#2199 = CARTESIAN_POINT ( 'NONE',  ( 14.22000000000000064, 4.230000000000001315, 1.700000000000000178 ) ) ;
#2200 = VECTOR ( 'NONE', #8445, 1000.000000000000000 ) ;
#2201 = ORIENTED_EDGE ( 'NONE', *, *, #8845, .F. ) ;
#2202 = FACE_OUTER_BOUND ( 'NONE', #11195, .T. ) ;
#2203 = SURFACE_SIDE_STYLE ('',( #11214 ) ) ;
#2204 = COLOUR_RGB ( '',1.000000000000000000, 0.8117647058823529438, 0.5019607843137254832 ) ;
#2205 = VERTEX_POINT ( 'NONE', #3054 ) ;
#2206 = SURFACE_STYLE_USAGE ( .BOTH. , #10192 ) ;
#2207 = MECHANICAL_DESIGN_GEOMETRIC_PRESENTATION_REPRESENTATION (  '', ( #9664 ), #2604 ) ;
#2208 =( NAMED_UNIT ( * ) SI_UNIT ( $, .STERADIAN. ) SOLID_ANGLE_UNIT ( ) );
#2209 = CARTESIAN_POINT ( 'NONE',  ( 6.083333333333333037, 5.166666666666671404, -0.08333333333333370341 ) ) ;
#2210 = PLANE ( 'NONE',  #11411 ) ;
#2211 = EDGE_LOOP ( 'NONE', ( #11269, #9948, #7160, #7930 ) ) ;
#2212 = VECTOR ( 'NONE', #1418, 1000.000000000000000 ) ;
#2213 = ORIENTED_EDGE ( 'NONE', *, *, #8312, .F. ) ;
#2214 = AXIS2_PLACEMENT_3D ( 'NONE', #8964, #5482, #1716 ) ;
#2215 = DIRECTION ( 'NONE',  ( -1.000000000000000000, 1.084202172485504237E-15, 0.0000000000000000000 ) ) ;
#2216 = COLOUR_RGB ( '',1.000000000000000000, 1.000000000000000000, 1.000000000000000000 ) ;
#2217 = DIRECTION ( 'NONE',  ( -0.0000000000000000000, -0.0000000000000000000, 1.000000000000000000 ) ) ;
#2218 = ORIENTED_EDGE ( 'NONE', *, *, #5025, .T. ) ;
#2219 = FILL_AREA_STYLE_COLOUR ( '', #3176 ) ;
#2220 = AXIS2_PLACEMENT_3D ( 'NONE', #5691, #4934, #8462 ) ;
#2221 = EDGE_CURVE ( 'NONE', #8679, #9564, #7592, .T. ) ;
#2222 = EDGE_CURVE ( 'NONE', #11111, #5242, #6495, .T. ) ;
#2223 = MECHANICAL_DESIGN_GEOMETRIC_PRESENTATION_REPRESENTATION (  '', ( #7634 ), #214 ) ;
#2224 = EDGE_CURVE ( 'NONE', #8612, #8953, #1580, .T. ) ;
#2225 = LINE ( 'NONE', #2463, #891 ) ;
#2226 = CARTESIAN_POINT ( 'NONE',  ( -0.2200000000000003619, 4.229999999999999538, 1.700000000000000178 ) ) ;
#2227 = VECTOR ( 'NONE', #6122, 1000.000000000000227 ) ;
#2228 = CARTESIAN_POINT ( 'NONE',  ( 4.250000000000000000, 1.800000000000000044, -2.800000000000000266 ) ) ;
#2229 = COLOUR_RGB ( '',1.000000000000000000, 1.000000000000000000, 1.000000000000000000 ) ;
#2230 = FILL_AREA_STYLE ('',( #7541 ) ) ;
#2231 = COLOUR_RGB ( '',1.000000000000000000, 1.000000000000000000, 1.000000000000000000 ) ;
#2232 = AXIS2_PLACEMENT_3D ( 'NONE', #10698, #6070, #9825 ) ;
#2233 = VERTEX_POINT ( 'NONE', #10329 ) ;
#2234 = EDGE_LOOP ( 'NONE', ( #311, #779, #7064, #5424 ) ) ;
#2235 = EDGE_LOOP ( 'NONE', ( #9916, #6489, #6834, #7254 ) ) ;
#2236 = ADVANCED_FACE ( 'NONE', ( #9687 ), #10497, .T. ) ;
#2237 = PRODUCT_CONTEXT ( 'NONE', #5015, 'mechanical' ) ;
#2238 = CARTESIAN_POINT ( 'NONE',  ( 7.849999999999997868, 5.100000000000001421, 0.1500000000000025757 ) ) ;
#2239 = AXIS2_PLACEMENT_3D ( 'NONE', #4602, #3727, #7375 ) ;
#2240 = CARTESIAN_POINT ( 'NONE',  ( 0.7500000000000002220, 3.399999999999999467, -2.350000000000001421 ) ) ;
#2241 = FILL_AREA_STYLE_COLOUR ( '', #5329 ) ;
#2242 = DIRECTION ( 'NONE',  ( 0.5773502691896291728, 0.5773502691896262862, 0.5773502691896218453 ) ) ;
#2243 = ORIENTED_EDGE ( 'NONE', *, *, #4239, .T. ) ;
#2244 = ORIENTED_EDGE ( 'NONE', *, *, #8006, .F. ) ;
#2245 =( LENGTH_UNIT ( ) NAMED_UNIT ( * ) SI_UNIT ( .MILLI., .METRE. ) );
#2246 = STYLED_ITEM ( 'NONE', ( #1153 ), #7105 ) ;
#2247 = CARTESIAN_POINT ( 'NONE',  ( 15.34999999999999964, 6.000000000000000000, 0.3200000000000017275 ) ) ;
#2248 = CARTESIAN_POINT ( 'NONE',  ( 2.750000000000000444, 3.149999999999999023, -2.050000000000001599 ) ) ;
#2249 = CARTESIAN_POINT ( 'NONE',  ( 15.94999999999999929, 0.8200000000000042810, 1.300000000000000044 ) ) ;
#2250 = LINE ( 'NONE', #9375, #5030 ) ;
#2251 = VECTOR ( 'NONE', #7547, 1000.000000000000000 ) ;
#2252 = ORIENTED_EDGE ( 'NONE', *, *, #10689, .T. ) ;
#2253 =( NAMED_UNIT ( * ) SI_UNIT ( $, .STERADIAN. ) SOLID_ANGLE_UNIT ( ) );
#2254 = PLANE ( 'NONE',  #4753 ) ;
#2255 = ORIENTED_EDGE ( 'NONE', *, *, #2141, .F. ) ;
#2256 = EDGE_LOOP ( 'NONE', ( #408, #7352, #1389, #5734 ) ) ;
#2257 = CARTESIAN_POINT ( 'NONE',  ( 7.750000000000000000, 5.000000000000000888, 0.2500000000000002220 ) ) ;
#2258 = PLANE ( 'NONE',  #4120 ) ;
#2259 = VECTOR ( 'NONE', #4629, 1000.000000000000000 ) ;
#2260 = LINE ( 'NONE', #5086, #4678 ) ;
#2261 = ORIENTED_EDGE ( 'NONE', *, *, #1503, .T. ) ;
#2262 = CARTESIAN_POINT ( 'NONE',  ( 15.17999999999999972, 4.230000000000001315, -2.801000000000000600 ) ) ;
#2263 = ORIENTED_EDGE ( 'NONE', *, *, #4804, .F. ) ;
#2264 = EDGE_CURVE ( 'NONE', #8903, #4435, #1639, .T. ) ;
#2265 =( NAMED_UNIT ( * ) SI_UNIT ( $, .STERADIAN. ) SOLID_ANGLE_UNIT ( ) );
#2266 = DIRECTION ( 'NONE',  ( -5.421010862427522170E-17, -1.000000000000000000, 2.350988701644575016E-32 ) ) ;
#2267 = PRESENTATION_LAYER_ASSIGNMENT (  '', '', ( #7300 ) ) ;
#2268 = PRESENTATION_STYLE_ASSIGNMENT (( #1338 ) ) ;
#2269 = FACE_OUTER_BOUND ( 'NONE', #5216, .T. ) ;
#2270 = DIRECTION ( 'NONE',  ( -0.0000000000000000000, -0.0000000000000000000, -1.000000000000000000 ) ) ;
#2271 = LINE ( 'NONE', #2449, #6504 ) ;
#2272 =( LENGTH_UNIT ( ) NAMED_UNIT ( * ) SI_UNIT ( .MILLI., .METRE. ) );
#2273 = ORIENTED_EDGE ( 'NONE', *, *, #4175, .T. ) ;
#2274 = ORIENTED_EDGE ( 'NONE', *, *, #2522, .T. ) ;
#2275 = AXIS2_PLACEMENT_3D ( 'NONE', #6628, #9185, #9302 ) ;
#2276 = VERTEX_POINT ( 'NONE', #5110 ) ;
#2277 =( LENGTH_UNIT ( ) NAMED_UNIT ( * ) SI_UNIT ( .MILLI., .METRE. ) );
#2278 = AXIS2_PLACEMENT_3D ( 'NONE', #5782, #7502, #8315 ) ;
#2279 = ORIENTED_EDGE ( 'NONE', *, *, #1221, .F. ) ;
#2280 = FILL_AREA_STYLE_COLOUR ( '', #6239 ) ;
#2281 = ORIENTED_EDGE ( 'NONE', *, *, #1634, .T. ) ;
#2282 = FILL_AREA_STYLE_COLOUR ( '', #1196 ) ;
#2283 = MECHANICAL_DESIGN_GEOMETRIC_PRESENTATION_REPRESENTATION (  '', ( #5315 ), #4935 ) ;
#2284 = ORIENTED_EDGE ( 'NONE', *, *, #3728, .F. ) ;
#2285 = EDGE_CURVE ( 'NONE', #5944, #734, #7888, .T. ) ;
#2286 = DIRECTION ( 'NONE',  ( 1.000000000000000000, 2.180518335725037359E-16, -0.0000000000000000000 ) ) ;
#2287 = LINE ( 'NONE', #10272, #762 ) ;
#2288 =( NAMED_UNIT ( * ) SI_UNIT ( $, .STERADIAN. ) SOLID_ANGLE_UNIT ( ) );
#2289 = CARTESIAN_POINT ( 'NONE',  ( 10.24999999999999822, -3.399999999999999911, -0.1499999999999969136 ) ) ;
#2290 = PLANE ( 'NONE',  #3459 ) ;
#2291 = FACE_OUTER_BOUND ( 'NONE', #6142, .T. ) ;
#2292 = VECTOR ( 'NONE', #1561, 1000.000000000000000 ) ;
#2293 = PLANE ( 'NONE',  #7960 ) ;
#2294 = FILL_AREA_STYLE ('',( #7661 ) ) ;
#2295 = VERTEX_POINT ( 'NONE', #1695 ) ;
#2296 = DIRECTION ( 'NONE',  ( -0.0000000000000000000, -0.0000000000000000000, -1.000000000000000000 ) ) ;
#2297 =( NAMED_UNIT ( * ) SI_UNIT ( $, .STERADIAN. ) SOLID_ANGLE_UNIT ( ) );
#2298 =( LENGTH_UNIT ( ) NAMED_UNIT ( * ) SI_UNIT ( .MILLI., .METRE. ) );
#2299 = ORIENTED_EDGE ( 'NONE', *, *, #8012, .T. ) ;
#2300 = ORIENTED_EDGE ( 'NONE', *, *, #127, .T. ) ;
#2301 = ORIENTED_EDGE ( 'NONE', *, *, #4077, .F. ) ;
#2302 = CARTESIAN_POINT ( 'NONE',  ( -0.1500000000000034361, 5.100000000000001421, -2.800000000000001155 ) ) ;
#2303 = UNCERTAINTY_MEASURE_WITH_UNIT (LENGTH_MEASURE( 1.000000000000000082E-05 ), #2991, 'distance_accuracy_value', 'NONE');
#2304 = CARTESIAN_POINT ( 'NONE',  ( 3.299999999999999378, 0.2000000000000000389, -0.2499999999999997780 ) ) ;
#2305 = MECHANICAL_DESIGN_GEOMETRIC_PRESENTATION_REPRESENTATION (  '', ( #5314 ), #10121 ) ;
#2306 = VERTEX_POINT ( 'NONE', #10557 ) ;
#2307 =( NAMED_UNIT ( * ) SI_UNIT ( $, .STERADIAN. ) SOLID_ANGLE_UNIT ( ) );
#2308 = ADVANCED_FACE ( 'NONE', ( #2461 ), #11278, .F. ) ;
#2309 = ORIENTED_EDGE ( 'NONE', *, *, #7256, .F. ) ;
#2310 = DIRECTION ( 'NONE',  ( 1.000000000000000000, -5.421010862427522170E-17, 0.0000000000000000000 ) ) ;
#2311 = DIRECTION ( 'NONE',  ( -0.0000000000000000000, -0.0000000000000000000, -1.000000000000000000 ) ) ;
#2312 = CARTESIAN_POINT ( 'NONE',  ( 3.250000000000000888, 3.399999999999999467, -2.050000000000001599 ) ) ;
#2313 = EDGE_CURVE ( 'NONE', #412, #8686, #6898, .T. ) ;
#2314 = CARTESIAN_POINT ( 'NONE',  ( 15.95100000000000051, 6.000000000000000000, 0.3199999999999999512 ) ) ;
#2315 = VECTOR ( 'NONE', #1607, 1000.000000000000000 ) ;
#2316 = LINE ( 'NONE', #6700, #1381 ) ;
#2317 = VECTOR ( 'NONE', #3549, 1000.000000000000000 ) ;
#2318 = SURFACE_STYLE_FILL_AREA ( #10301 ) ;
#2319 = VECTOR ( 'NONE', #3126, 1000.000000000000000 ) ;
#2320 = MECHANICAL_DESIGN_GEOMETRIC_PRESENTATION_REPRESENTATION (  '', ( #9974 ), #8084 ) ;
#2321 = EDGE_CURVE ( 'NONE', #9572, #10628, #4354, .T. ) ;
#2322 = LINE ( 'NONE', #4337, #651 ) ;
#2323 = VECTOR ( 'NONE', #7394, 1000.000000000000000 ) ;
#2324 = CARTESIAN_POINT ( 'NONE',  ( 14.14999999999999503, -3.399999999999999911, -0.1499999999999969136 ) ) ;
#2325 = COLOUR_RGB ( '',1.000000000000000000, 0.8117647058823529438, 0.5019607843137254832 ) ;
#2326 = MECHANICAL_DESIGN_GEOMETRIC_PRESENTATION_REPRESENTATION (  '', ( #5894 ), #6079 ) ;
#2327 = VECTOR ( 'NONE', #10531, 1000.000000000000000 ) ;
#2328 = DIRECTION ( 'NONE',  ( 1.000000000000000000, 0.0000000000000000000, 0.0000000000000000000 ) ) ;
#2329 = EDGE_CURVE ( 'NONE', #9294, #7128, #109, .T. ) ;
#2330 = SURFACE_SIDE_STYLE ('',( #7640 ) ) ;
#2331 = FILL_AREA_STYLE ('',( #6773 ) ) ;
#2332 = ORIENTED_EDGE ( 'NONE', *, *, #8142, .F. ) ;
#2333 = ORIENTED_EDGE ( 'NONE', *, *, #2222, .T. ) ;
#2334 = ORIENTED_EDGE ( 'NONE', *, *, #2141, .T. ) ;
#2335 = VECTOR ( 'NONE', #449, 1000.000000000000114 ) ;
#2336 =( NAMED_UNIT ( * ) PLANE_ANGLE_UNIT ( ) SI_UNIT ( $, .RADIAN. ) );
#2337 = LINE ( 'NONE', #5044, #6077 ) ;
#2338 = ORIENTED_EDGE ( 'NONE', *, *, #3237, .T. ) ;
#2339 = EDGE_LOOP ( 'NONE', ( #3419, #1920, #10080, #4601 ) ) ;
#2340 = PRESENTATION_LAYER_ASSIGNMENT (  '', '', ( #5357 ) ) ;
#2341 = DIRECTION ( 'NONE',  ( -0.0000000000000000000, -0.0000000000000000000, -1.000000000000000000 ) ) ;
#2342 = DIRECTION ( 'NONE',  ( -1.000000000000000000, -0.0000000000000000000, -0.0000000000000000000 ) ) ;
#2343 = LINE ( 'NONE', #8531, #9799 ) ;
#2344 =( LENGTH_UNIT ( ) NAMED_UNIT ( * ) SI_UNIT ( .MILLI., .METRE. ) );
#2345 = ORIENTED_EDGE ( 'NONE', *, *, #9839, .F. ) ;
#2346 = DIRECTION ( 'NONE',  ( -0.0000000000000000000, -0.0000000000000000000, 1.000000000000000000 ) ) ;
#2347 =( NAMED_UNIT ( * ) SI_UNIT ( $, .STERADIAN. ) SOLID_ANGLE_UNIT ( ) );
#2348 = DIRECTION ( 'NONE',  ( 1.000000000000000000, 0.0000000000000000000, -0.0000000000000000000 ) ) ;
#2349 = LINE ( 'NONE', #9417, #1949 ) ;
#2350 = COLOUR_RGB ( '',1.000000000000000000, 1.000000000000000000, 1.000000000000000000 ) ;
#2351 = VERTEX_POINT ( 'NONE', #1968 ) ;
#2352 = SURFACE_STYLE_USAGE ( .BOTH. , #10396 ) ;
#2353 = DIRECTION ( 'NONE',  ( -0.0000000000000000000, 1.000000000000000000, -0.0000000000000000000 ) ) ;
#2354 = SURFACE_STYLE_FILL_AREA ( #1314 ) ;
#2355 = ORIENTED_EDGE ( 'NONE', *, *, #3201, .F. ) ;
#2356 = UNCERTAINTY_MEASURE_WITH_UNIT (LENGTH_MEASURE( 1.000000000000000082E-05 ), #4316, 'distance_accuracy_value', 'NONE');
#2357 =( LENGTH_UNIT ( ) NAMED_UNIT ( * ) SI_UNIT ( .MILLI., .METRE. ) );
#2358 = ORIENTED_EDGE ( 'NONE', *, *, #5025, .F. ) ;
#2359 = CARTESIAN_POINT ( 'NONE',  ( 5.250000000000000888, 1.149999999999999911, -2.050000000000001599 ) ) ;
#2360 = VECTOR ( 'NONE', #5739, 1000.000000000000000 ) ;
#2361 = ORIENTED_EDGE ( 'NONE', *, *, #8871, .T. ) ;
#2362 = FACE_OUTER_BOUND ( 'NONE', #6196, .T. ) ;
#2363 =( LENGTH_UNIT ( ) NAMED_UNIT ( * ) SI_UNIT ( .MILLI., .METRE. ) );
#2364 = STYLED_ITEM ( 'NONE', ( #1082 ), #9032 ) ;
#2365 = DIRECTION ( 'NONE',  ( 0.0000000000000000000, -1.000000000000000000, 5.782411586589358625E-16 ) ) ;
#2366 = LINE ( 'NONE', #6696, #8351 ) ;
#2367 = VERTEX_POINT ( 'NONE', #1796 ) ;
#2368 = ORIENTED_EDGE ( 'NONE', *, *, #1516, .T. ) ;
#2369 =( NAMED_UNIT ( * ) PLANE_ANGLE_UNIT ( ) SI_UNIT ( $, .RADIAN. ) );
#2370 = EDGE_CURVE ( 'NONE', #4301, #8094, #7934, .T. ) ;
#2371 = STYLED_ITEM ( 'NONE', ( #7272 ), #8676 ) ;
#2372 = LINE ( 'NONE', #6871, #4207 ) ;
#2373 = ORIENTED_EDGE ( 'NONE', *, *, #5942, .T. ) ;
#2374 = EDGE_CURVE ( 'NONE', #7297, #4559, #1851, .T. ) ;
#2375 = VECTOR ( 'NONE', #4078, 999.9999999999998863 ) ;
#2376 = VERTEX_POINT ( 'NONE', #3519 ) ;
#2377 = CARTESIAN_POINT ( 'NONE',  ( 4.049999999999999822, 3.149999999999999023, -2.050000000000001599 ) ) ;
#2378 = FACE_OUTER_BOUND ( 'NONE', #2895, .T. ) ;
#2379 = EDGE_CURVE ( 'NONE', #9520, #4631, #5347, .T. ) ;
#2380 = DIRECTION ( 'NONE',  ( 1.000000000000000000, -5.421010862427522170E-17, 0.0000000000000000000 ) ) ;
#2381 = PRESENTATION_STYLE_ASSIGNMENT (( #3271 ) ) ;
#2382 = VECTOR ( 'NONE', #10404, 1000.000000000000000 ) ;
#2383 =( NAMED_UNIT ( * ) SI_UNIT ( $, .STERADIAN. ) SOLID_ANGLE_UNIT ( ) );
#2384 =( NAMED_UNIT ( * ) PLANE_ANGLE_UNIT ( ) SI_UNIT ( $, .RADIAN. ) );
#2385 = VECTOR ( 'NONE', #7954, 1000.000000000000000 ) ;
#2386 =( LENGTH_UNIT ( ) NAMED_UNIT ( * ) SI_UNIT ( .MILLI., .METRE. ) );
#2387 = FILL_AREA_STYLE ('',( #1506 ) ) ;
#2388 = EDGE_CURVE ( 'NONE', #11040, #6010, #5397, .T. ) ;
#2389 = STYLED_ITEM ( 'NONE', ( #7203 ), #7483 ) ;
#2390 = ORIENTED_EDGE ( 'NONE', *, *, #7870, .F. ) ;
#2391 = ORIENTED_EDGE ( 'NONE', *, *, #8871, .F. ) ;
#2392 = ORIENTED_EDGE ( 'NONE', *, *, #6516, .F. ) ;
#2393 =( NAMED_UNIT ( * ) SI_UNIT ( $, .STERADIAN. ) SOLID_ANGLE_UNIT ( ) );
#2394 = ORIENTED_EDGE ( 'NONE', *, *, #6376, .T. ) ;
#2395 = DIRECTION ( 'NONE',  ( -1.000000000000000000, 3.872150616019660190E-17, -0.0000000000000000000 ) ) ;
#2396 = ORIENTED_EDGE ( 'NONE', *, *, #470, .F. ) ;
#2397 = ORIENTED_EDGE ( 'NONE', *, *, #7627, .T. ) ;
#2398 =( GEOMETRIC_REPRESENTATION_CONTEXT ( 3 ) GLOBAL_UNCERTAINTY_ASSIGNED_CONTEXT ( ( #9190 ) ) GLOBAL_UNIT_ASSIGNED_CONTEXT ( ( #10540, #3504, #2555 ) ) REPRESENTATION_CONTEXT ( 'NONE', 'WORKASPACE' ) );
#2399 = ORIENTED_EDGE ( 'NONE', *, *, #4871, .T. ) ;
#2400 = PRESENTATION_STYLE_ASSIGNMENT (( #733 ) ) ;
#2401 = STYLED_ITEM ( 'NONE', ( #7398 ), #10833 ) ;
#2402 = CARTESIAN_POINT ( 'NONE',  ( -1.350000000000000089, 1.799999999999999600, 1.249999999999997558 ) ) ;
#2403 = STYLED_ITEM ( 'NONE', ( #235 ), #9462 ) ;
#2404 = LINE ( 'NONE', #5986, #6464 ) ;
#2405 = CARTESIAN_POINT ( 'NONE',  ( 7.750000000000000000, 5.000000000000000888, 0.2500000000000002220 ) ) ;
#2406 =( LENGTH_UNIT ( ) NAMED_UNIT ( * ) SI_UNIT ( .MILLI., .METRE. ) );
#2407 = ORIENTED_EDGE ( 'NONE', *, *, #3022, .T. ) ;
#2408 = PRESENTATION_STYLE_ASSIGNMENT (( #5120 ) ) ;
#2409 = EDGE_LOOP ( 'NONE', ( #1578, #8037, #11360, #6135 ) ) ;
#2410 = DIRECTION ( 'NONE',  ( 3.872150616019660190E-17, 1.000000000000000000, -0.0000000000000000000 ) ) ;
#2411 = DIRECTION ( 'NONE',  ( 0.7071067811865460184, 0.7071067811865491270, 0.0000000000000000000 ) ) ;
#2412 = MECHANICAL_DESIGN_GEOMETRIC_PRESENTATION_REPRESENTATION (  '', ( #8568 ), #6706 ) ;
#2413 = LINE ( 'NONE', #4947, #6081 ) ;
#2414 = VECTOR ( 'NONE', #7365, 1000.000000000000000 ) ;
#2415 = ORIENTED_EDGE ( 'NONE', *, *, #4718, .F. ) ;
#2416 = STYLED_ITEM ( 'NONE', ( #4715 ), #1306 ) ;
#2417 = FILL_AREA_STYLE ('',( #7081 ) ) ;
#2418 = CARTESIAN_POINT ( 'NONE',  ( 2.150000000000000355, -3.399999999999999911, 0.1500000000000008271 ) ) ;
#2419 = CARTESIAN_POINT ( 'NONE',  ( 9.750000000000000000, 0.2000000000000000944, 0.2500000000000002220 ) ) ;
#2420 = ORIENTED_EDGE ( 'NONE', *, *, #11387, .T. ) ;
#2421 = VECTOR ( 'NONE', #6011, 999.9999999999998863 ) ;
#2422 = DIRECTION ( 'NONE',  ( 1.000000000000000000, -5.421010862427522170E-17, 0.0000000000000000000 ) ) ;
#2423 = PRESENTATION_STYLE_ASSIGNMENT (( #4484 ) ) ;
#2424 = PRESENTATION_LAYER_ASSIGNMENT (  '', '', ( #8574 ) ) ;
#2425 = ORIENTED_EDGE ( 'NONE', *, *, #7317, .T. ) ;
#2426 = DIRECTION ( 'NONE',  ( -3.833233541708420554E-17, -0.7071067811865447972, -0.7071067811865502373 ) ) ;
#2427 = CARTESIAN_POINT ( 'NONE',  ( 15.34999999999999964, 1.149999999999999911, -2.350000000000001865 ) ) ;
#2428 = PRESENTATION_STYLE_ASSIGNMENT (( #8608 ) ) ;
#2429 = DIRECTION ( 'NONE',  ( 4.517509052022923637E-16, -1.000000000000000000, 0.0000000000000000000 ) ) ;
#2430 = SURFACE_STYLE_USAGE ( .BOTH. , #1553 ) ;
#2431 = AXIS2_PLACEMENT_3D ( 'NONE', #23, #11363, #9557 ) ;
#2432 = MECHANICAL_DESIGN_GEOMETRIC_PRESENTATION_REPRESENTATION (  '', ( #4140 ), #3384 ) ;
#2433 = DIRECTION ( 'NONE',  ( -0.0000000000000000000, -0.0000000000000000000, -1.000000000000000000 ) ) ;
#2434 = COLOUR_RGB ( '',1.000000000000000000, 1.000000000000000000, 1.000000000000000000 ) ;
#2435 = PLANE ( 'NONE',  #119 ) ;
#2437 = EDGE_CURVE ( 'NONE', #1522, #8551, #6367, .T. ) ;
#2436 = ORIENTED_EDGE ( 'NONE', *, *, #8647, .T. ) ;
#2438 = FILL_AREA_STYLE ('',( #1438 ) ) ;
#2439 = ORIENTED_EDGE ( 'NONE', *, *, #6743, .T. ) ;
#2440 = MECHANICAL_DESIGN_GEOMETRIC_PRESENTATION_REPRESENTATION (  '', ( #9149 ), #5448 ) ;
#2441 = SURFACE_STYLE_FILL_AREA ( #9619 ) ;
#2442 = EDGE_CURVE ( 'NONE', #10258, #6797, #10615, .T. ) ;
#2443 = EDGE_CURVE ( 'NONE', #4926, #3911, #1005, .T. ) ;
#2444 = ORIENTED_EDGE ( 'NONE', *, *, #8463, .F. ) ;
#2445 =( NAMED_UNIT ( * ) PLANE_ANGLE_UNIT ( ) SI_UNIT ( $, .RADIAN. ) );
#2446 = PRESENTATION_STYLE_ASSIGNMENT (( #6713 ) ) ;
#2447 = MECHANICAL_DESIGN_GEOMETRIC_PRESENTATION_REPRESENTATION (  '', ( #3784 ), #6198 ) ;
#2448 = DIRECTION ( 'NONE',  ( -0.0000000000000000000, -0.0000000000000000000, 1.000000000000000000 ) ) ;
#2449 = CARTESIAN_POINT ( 'NONE',  ( 6.049999999999999822, 5.100000000000001421, -0.1500000000000021316 ) ) ;
#2450 = CARTESIAN_POINT ( 'NONE',  ( 3.916666666666663854, 5.166666666666668739, -0.08333333333333629855 ) ) ;
#2451 =( NAMED_UNIT ( * ) PLANE_ANGLE_UNIT ( ) SI_UNIT ( $, .RADIAN. ) );
#2452 = VERTEX_POINT ( 'NONE', #952 ) ;
#2453 = EDGE_LOOP ( 'NONE', ( #11375, #329, #10374, #7559 ) ) ;
#2454 = FILL_AREA_STYLE_COLOUR ( '', #6029 ) ;
#2455 = EDGE_CURVE ( 'NONE', #1439, #5212, #5567, .T. ) ;
#2456 = SURFACE_STYLE_FILL_AREA ( #3172 ) ;
#2457 = UNCERTAINTY_MEASURE_WITH_UNIT (LENGTH_MEASURE( 1.000000000000000082E-05 ), #7666, 'distance_accuracy_value', 'NONE');
#2458 = VECTOR ( 'NONE', #3161, 1000.000000000000000 ) ;
#2459 = ADVANCED_FACE ( 'NONE', ( #7235 ), #2687, .F. ) ;
#2460 = UNCERTAINTY_MEASURE_WITH_UNIT (LENGTH_MEASURE( 1.000000000000000082E-05 ), #10439, 'distance_accuracy_value', 'NONE');
#2461 = FACE_OUTER_BOUND ( 'NONE', #10935, .T. ) ;
#2462 = ORIENTED_EDGE ( 'NONE', *, *, #963, .T. ) ;
#2463 = CARTESIAN_POINT ( 'NONE',  ( 14.69999999999999751, 0.0000000000000000000, -2.800000000000000266 ) ) ;
#2464 = SURFACE_SIDE_STYLE ('',( #11281 ) ) ;
#2465 = UNCERTAINTY_MEASURE_WITH_UNIT (LENGTH_MEASURE( 1.000000000000000082E-05 ), #9317, 'distance_accuracy_value', 'NONE');
#2466 = CARTESIAN_POINT ( 'NONE',  ( 10.24999999999999822, -3.399999999999999911, 0.2500000000000002220 ) ) ;
#2467 = VERTEX_POINT ( 'NONE', #155 ) ;
#2468 = SURFACE_STYLE_FILL_AREA ( #8880 ) ;
#2469 = CARTESIAN_POINT ( 'NONE',  ( 15.34999999999999964, 6.000000000000000000, -2.700000000000005063 ) ) ;
#2470 = EDGE_CURVE ( 'NONE', #5372, #1399, #9849, .T. ) ;
#2471 = DIRECTION ( 'NONE',  ( -1.000000000000000000, 5.421010862427522170E-17, 0.0000000000000000000 ) ) ;
#2472 = UNCERTAINTY_MEASURE_WITH_UNIT (LENGTH_MEASURE( 1.000000000000000082E-05 ), #4043, 'distance_accuracy_value', 'NONE');
#2473 = AXIS2_PLACEMENT_3D ( 'NONE', #4047, #4734, #3874 ) ;
#2474 = PLANE ( 'NONE',  #8024 ) ;
#2475 =( NAMED_UNIT ( * ) SI_UNIT ( $, .STERADIAN. ) SOLID_ANGLE_UNIT ( ) );
#2476 = CARTESIAN_POINT ( 'NONE',  ( 9.449999999999995737, -4.099999999999998757, 0.5500000000000014877 ) ) ;
#2477 = FACE_OUTER_BOUND ( 'NONE', #3906, .T. ) ;
#2478 = EDGE_CURVE ( 'NONE', #2205, #11169, #11448, .T. ) ;
#2479 = DIRECTION ( 'NONE',  ( -1.000000000000000000, 0.0000000000000000000, 0.0000000000000000000 ) ) ;
#2480 = LINE ( 'NONE', #6175, #6124 ) ;
#2481 = DIRECTION ( 'NONE',  ( -4.336808689942017736E-16, 0.0000000000000000000, -1.000000000000000000 ) ) ;
#2482 = DIRECTION ( 'NONE',  ( -1.000000000000000000, 5.421010862427522170E-17, 0.0000000000000000000 ) ) ;
#2483 = PLANE ( 'NONE',  #7516 ) ;
#2484 = DIRECTION ( 'NONE',  ( 0.0000000000000000000, 1.000000000000000000, 0.0000000000000000000 ) ) ;
#2485 = COLOUR_RGB ( '',1.000000000000000000, 0.8117647058823529438, 0.5019607843137254832 ) ;
#2486 = EDGE_LOOP ( 'NONE', ( #3242, #3284, #5772, #7418 ) ) ;
#2487 = CARTESIAN_POINT ( 'NONE',  ( 12.84999999999999787, 1.800000000000001377, -2.801000000000000600 ) ) ;
#2488 = DIRECTION ( 'NONE',  ( 0.0000000000000000000, 0.0000000000000000000, -1.000000000000000000 ) ) ;
#2489 = CARTESIAN_POINT ( 'NONE',  ( 10.24999999999999822, 1.800000000000000044, 0.2500000000000002220 ) ) ;
#2490 = VECTOR ( 'NONE', #9750, 1000.000000000000000 ) ;
#2491 = LINE ( 'NONE', #11367, #4294 ) ;
#2492 = ORIENTED_EDGE ( 'NONE', *, *, #7317, .F. ) ;
#2493 = LINE ( 'NONE', #5208, #10937 ) ;
#2494 = EDGE_CURVE ( 'NONE', #9910, #8772, #2860, .T. ) ;
#2495 = VERTEX_POINT ( 'NONE', #5798 ) ;
#2496 = ORIENTED_EDGE ( 'NONE', *, *, #5878, .T. ) ;
#2497 = SURFACE_SIDE_STYLE ('',( #8566 ) ) ;
#2498 = MECHANICAL_DESIGN_GEOMETRIC_PRESENTATION_REPRESENTATION (  '', ( #7520 ), #3630 ) ;
#2499 = EDGE_CURVE ( 'NONE', #8447, #455, #5630, .T. ) ;
#2500 = LINE ( 'NONE', #4109, #11011 ) ;
#2501 = PRESENTATION_STYLE_ASSIGNMENT (( #8678 ) ) ;
#2502 = AXIS2_PLACEMENT_3D ( 'NONE', #342, #7371, #8243 ) ;
#2503 = ORIENTED_EDGE ( 'NONE', *, *, #9005, .T. ) ;
#2504 = CARTESIAN_POINT ( 'NONE',  ( 1.299999999999999600, 0.2000000000000000389, -0.2499999999999997780 ) ) ;
#2505 = UNCERTAINTY_MEASURE_WITH_UNIT (LENGTH_MEASURE( 1.000000000000000082E-05 ), #2827, 'distance_accuracy_value', 'NONE');
#2506 = FILL_AREA_STYLE ('',( #3400 ) ) ;
#2507 = ORIENTED_EDGE ( 'NONE', *, *, #4609, .F. ) ;
#2508 = VECTOR ( 'NONE', #3732, 1000.000000000000000 ) ;
#2509 =( LENGTH_UNIT ( ) NAMED_UNIT ( * ) SI_UNIT ( .MILLI., .METRE. ) );
#2510 = DIRECTION ( 'NONE',  ( -1.000000000000000000, 5.421010862427522170E-17, 0.0000000000000000000 ) ) ;
#2511 = STYLED_ITEM ( 'NONE', ( #6708 ), #1733 ) ;
#2512 = ORIENTED_EDGE ( 'NONE', *, *, #8480, .F. ) ;
#2513 = PRESENTATION_STYLE_ASSIGNMENT (( #5162 ) ) ;
#2514 = SURFACE_STYLE_USAGE ( .BOTH. , #10549 ) ;
#2515 = STYLED_ITEM ( 'NONE', ( #7134 ), #5629 ) ;
#2516 = SURFACE_STYLE_FILL_AREA ( #2682 ) ;
#2517 = VECTOR ( 'NONE', #1510, 999.9999999999998863 ) ;
#2518 = VECTOR ( 'NONE', #131, 999.9999999999998863 ) ;
#2519 = MECHANICAL_DESIGN_GEOMETRIC_PRESENTATION_REPRESENTATION (  '', ( #4964 ), #9412 ) ;
#2520 = ORIENTED_EDGE ( 'NONE', *, *, #6290, .F. ) ;
#2521 = VECTOR ( 'NONE', #3346, 1000.000000000000000 ) ;
#2522 = EDGE_CURVE ( 'NONE', #1945, #11189, #1217, .T. ) ;
#2523 = COLOUR_RGB ( '',1.000000000000000000, 0.8117647058823529438, 0.5019607843137254832 ) ;
#2524 = ORIENTED_EDGE ( 'NONE', *, *, #1913, .T. ) ;
#2525 = CARTESIAN_POINT ( 'NONE',  ( 13.25000000000000178, 1.149999999999999911, -2.050000000000001599 ) ) ;
#2526 =( NAMED_UNIT ( * ) SI_UNIT ( $, .STERADIAN. ) SOLID_ANGLE_UNIT ( ) );
#2527 = DIRECTION ( 'NONE',  ( 3.872150616019660190E-17, 1.000000000000000000, -0.0000000000000000000 ) ) ;
#2528 = SURFACE_STYLE_FILL_AREA ( #4362 ) ;
#2529 = CARTESIAN_POINT ( 'NONE',  ( 5.850000000000003197, -3.399999999999999911, -0.2499999999999997780 ) ) ;
#2530 = CARTESIAN_POINT ( 'NONE',  ( 15.34999999999999964, -17.08361788380903690, -2.350000000000001865 ) ) ;
#2531 =( LENGTH_UNIT ( ) NAMED_UNIT ( * ) SI_UNIT ( .MILLI., .METRE. ) );
#2532 = VERTEX_POINT ( 'NONE', #3039 ) ;
#2533 = VECTOR ( 'NONE', #608, 1000.000000000000000 ) ;
#2534 = ORIENTED_EDGE ( 'NONE', *, *, #67, .F. ) ;
#2535 = FACE_BOUND ( 'NONE', #6332, .T. ) ;
#2536 = CARTESIAN_POINT ( 'NONE',  ( -0.2500000000000000000, 5.000000000000000888, -0.2499999999999997780 ) ) ;
#2537 = SURFACE_SIDE_STYLE ('',( #6964 ) ) ;
#2538 = EDGE_CURVE ( 'NONE', #7745, #2295, #1124, .T. ) ;
#2539 = CARTESIAN_POINT ( 'NONE',  ( 12.14999999999999680, -3.399999999999999911, 0.2500000000000002220 ) ) ;
#2540 = LINE ( 'NONE', #2709, #7598 ) ;
#2541 = CARTESIAN_POINT ( 'NONE',  ( 1.750000000000000222, 5.000000000000004441, -0.2499999999999997780 ) ) ;
#2542 = SURFACE_STYLE_USAGE ( .BOTH. , #11357 ) ;
#2543 = LINE ( 'NONE', #4439, #4033 ) ;
#2544 = SURFACE_STYLE_FILL_AREA ( #11306 ) ;
#2545 = SURFACE_SIDE_STYLE ('',( #3496 ) ) ;
#2546 = VERTEX_POINT ( 'NONE', #428 ) ;
#2547 = ORIENTED_EDGE ( 'NONE', *, *, #3815, .T. ) ;
#2548 = UNCERTAINTY_MEASURE_WITH_UNIT (LENGTH_MEASURE( 1.000000000000000082E-05 ), #1914, 'distance_accuracy_value', 'NONE');
#2549 = EDGE_LOOP ( 'NONE', ( #6987, #11268, #493, #8996 ) ) ;
#2550 =( GEOMETRIC_REPRESENTATION_CONTEXT ( 3 ) GLOBAL_UNCERTAINTY_ASSIGNED_CONTEXT ( ( #1018 ) ) GLOBAL_UNIT_ASSIGNED_CONTEXT ( ( #3183, #7478, #8469 ) ) REPRESENTATION_CONTEXT ( 'NONE', 'WORKASPACE' ) );
#2551 = SURFACE_STYLE_USAGE ( .BOTH. , #8789 ) ;
#2552 = VECTOR ( 'NONE', #5289, 1000.000000000000114 ) ;
#2553 =( NAMED_UNIT ( * ) SI_UNIT ( $, .STERADIAN. ) SOLID_ANGLE_UNIT ( ) );
#2554 = ORIENTED_EDGE ( 'NONE', *, *, #8525, .F. ) ;
#2555 =( NAMED_UNIT ( * ) SI_UNIT ( $, .STERADIAN. ) SOLID_ANGLE_UNIT ( ) );
#2556 = PRESENTATION_LAYER_ASSIGNMENT (  '', '', ( #10733 ) ) ;
#2557 = ORIENTED_EDGE ( 'NONE', *, *, #890, .T. ) ;
#2558 = VECTOR ( 'NONE', #9860, 1000.000000000000000 ) ;
#2559 = ORIENTED_EDGE ( 'NONE', *, *, #3904, .T. ) ;
#2560 = ORIENTED_EDGE ( 'NONE', *, *, #6027, .F. ) ;
#2561 = SURFACE_STYLE_FILL_AREA ( #5276 ) ;
#2562 = CARTESIAN_POINT ( 'NONE',  ( 10.05000000000000071, 0.0000000000000000000, -2.050000000000001599 ) ) ;
#2563 = SURFACE_STYLE_USAGE ( .BOTH. , #1511 ) ;
#2564 = EDGE_CURVE ( 'NONE', #2097, #5399, #9336, .T. ) ;
#2565 = SURFACE_SIDE_STYLE ('',( #1736 ) ) ;
#2566 = VECTOR ( 'NONE', #1424, 1000.000000000000000 ) ;
#2567 = VERTEX_POINT ( 'NONE', #6549 ) ;
#2568 =( LENGTH_UNIT ( ) NAMED_UNIT ( * ) SI_UNIT ( .MILLI., .METRE. ) );
#2569 = VECTOR ( 'NONE', #860, 1000.000000000000000 ) ;
#2570 =( NAMED_UNIT ( * ) SI_UNIT ( $, .STERADIAN. ) SOLID_ANGLE_UNIT ( ) );
#2571 = DIRECTION ( 'NONE',  ( 0.0000000000000000000, 0.0000000000000000000, -1.000000000000000000 ) ) ;
#2572 =( GEOMETRIC_REPRESENTATION_CONTEXT ( 3 ) GLOBAL_UNCERTAINTY_ASSIGNED_CONTEXT ( ( #10403 ) ) GLOBAL_UNIT_ASSIGNED_CONTEXT ( ( #8240, #7200, #5417 ) ) REPRESENTATION_CONTEXT ( 'NONE', 'WORKASPACE' ) );
#2573 =( NAMED_UNIT ( * ) SI_UNIT ( $, .STERADIAN. ) SOLID_ANGLE_UNIT ( ) );
#2574 = CARTESIAN_POINT ( 'NONE',  ( 7.249999999999999112, 3.399999999999999467, -2.050000000000001599 ) ) ;
#2575 = CARTESIAN_POINT ( 'NONE',  ( 1.750000000000000222, -3.399999999999999911, 0.2500000000000002220 ) ) ;
#2576 = SURFACE_SIDE_STYLE ('',( #3583 ) ) ;
#2577 = VERTEX_POINT ( 'NONE', #8396 ) ;
#2578 = DIRECTION ( 'NONE',  ( 0.5773502691896239547, -0.5773502691896289507, 0.5773502691896245098 ) ) ;
#2579 = CARTESIAN_POINT ( 'NONE',  ( 9.299999999999998934, 0.2000000000000000389, -2.800000000000000266 ) ) ;
#2580 = VERTEX_POINT ( 'NONE', #4794 ) ;
#2581 = CARTESIAN_POINT ( 'NONE',  ( 7.299999999999998934, 0.0000000000000000000, -2.800000000000000266 ) ) ;
#2582 = ORIENTED_EDGE ( 'NONE', *, *, #6062, .T. ) ;
#2583 = VECTOR ( 'NONE', #3153, 1000.000000000000000 ) ;
#2584 =( NAMED_UNIT ( * ) SI_UNIT ( $, .STERADIAN. ) SOLID_ANGLE_UNIT ( ) );
#2585 = DIRECTION ( 'NONE',  ( -1.000000000000000000, 0.0000000000000000000, -0.0000000000000000000 ) ) ;
#2586 =( LENGTH_UNIT ( ) NAMED_UNIT ( * ) SI_UNIT ( .MILLI., .METRE. ) );
#2587 = UNCERTAINTY_MEASURE_WITH_UNIT (LENGTH_MEASURE( 1.000000000000000082E-05 ), #4196, 'distance_accuracy_value', 'NONE');
#2588 = EDGE_CURVE ( 'NONE', #4003, #2713, #2981, .T. ) ;
#2589 = ORIENTED_EDGE ( 'NONE', *, *, #2321, .T. ) ;
#2590 = STYLED_ITEM ( 'NONE', ( #5034 ), #10429 ) ;
#2591 =( GEOMETRIC_REPRESENTATION_CONTEXT ( 3 ) GLOBAL_UNCERTAINTY_ASSIGNED_CONTEXT ( ( #7305 ) ) GLOBAL_UNIT_ASSIGNED_CONTEXT ( ( #607, #7636, #3104 ) ) REPRESENTATION_CONTEXT ( 'NONE', 'WORKASPACE' ) );
#2592 = VERTEX_POINT ( 'NONE', #5678 ) ;
#2593 = EDGE_CURVE ( 'NONE', #9564, #9283, #11100, .T. ) ;
#2594 = VECTOR ( 'NONE', #6355, 1000.000000000000000 ) ;
#2595 = CARTESIAN_POINT ( 'NONE',  ( 11.75000000000000000, -3.299999999999997158, 0.2500000000000002220 ) ) ;
#2596 =( NAMED_UNIT ( * ) SI_UNIT ( $, .STERADIAN. ) SOLID_ANGLE_UNIT ( ) );
#2597 = FACE_OUTER_BOUND ( 'NONE', #6398, .T. ) ;
#2598 = CARTESIAN_POINT ( 'NONE',  ( 15.17999999999999972, 2.250000000000001776, 1.249999999999997558 ) ) ;
#2599 = COLOUR_RGB ( '',1.000000000000000000, 0.8117647058823529438, 0.5019607843137254832 ) ;
#2600 = LINE ( 'NONE', #753, #7786 ) ;
#2601 = VECTOR ( 'NONE', #5414, 1000.000000000000000 ) ;
#2602 = VECTOR ( 'NONE', #5078, 1000.000000000000000 ) ;
#2603 = FACE_OUTER_BOUND ( 'NONE', #7139, .T. ) ;
#2604 =( GEOMETRIC_REPRESENTATION_CONTEXT ( 3 ) GLOBAL_UNCERTAINTY_ASSIGNED_CONTEXT ( ( #10234 ) ) GLOBAL_UNIT_ASSIGNED_CONTEXT ( ( #3382, #1075, #9001 ) ) REPRESENTATION_CONTEXT ( 'NONE', 'WORKASPACE' ) );
#2605 = EDGE_CURVE ( 'NONE', #3256, #11401, #10144, .T. ) ;
#2606 = DIRECTION ( 'NONE',  ( 1.000000000000000000, -3.872150616019660190E-17, 0.0000000000000000000 ) ) ;
#2607 = MECHANICAL_DESIGN_GEOMETRIC_PRESENTATION_REPRESENTATION (  '', ( #6890 ), #5972 ) ;
#2608 = VECTOR ( 'NONE', #6601, 1000.000000000000000 ) ;
#2609 = ORIENTED_EDGE ( 'NONE', *, *, #10492, .T. ) ;
#2610 = ORIENTED_EDGE ( 'NONE', *, *, #6238, .T. ) ;
#2611 = STYLED_ITEM ( 'NONE', ( #5435 ), #1229 ) ;
#2612 = VECTOR ( 'NONE', #1875, 1000.000000000000000 ) ;
#2613 = CARTESIAN_POINT ( 'NONE',  ( 3.850000000000001421, -3.399999999999999911, -2.800000000000001155 ) ) ;
#2614 = VERTEX_POINT ( 'NONE', #3995 ) ;
#2615 = SURFACE_SIDE_STYLE ('',( #8028 ) ) ;
#2616 = DIRECTION ( 'NONE',  ( 1.927470528863119542E-16, -1.000000000000000000, 0.0000000000000000000 ) ) ;
#2617 = PRESENTATION_LAYER_ASSIGNMENT (  '', '', ( #5799 ) ) ;
#2618 = SURFACE_STYLE_USAGE ( .BOTH. , #2839 ) ;
#2619 = COLOUR_RGB ( '',1.000000000000000000, 0.8117647058823529438, 0.5019607843137254832 ) ;
#2620 =( LENGTH_UNIT ( ) NAMED_UNIT ( * ) SI_UNIT ( .MILLI., .METRE. ) );
#2621 = EDGE_CURVE ( 'NONE', #6322, #11452, #7348, .T. ) ;
#2622 = VECTOR ( 'NONE', #519, 1000.000000000000000 ) ;
#2623 = ORIENTED_EDGE ( 'NONE', *, *, #2443, .T. ) ;
#2624 = STYLED_ITEM ( 'NONE', ( #1676 ), #7006 ) ;
#2625 = CARTESIAN_POINT ( 'NONE',  ( 7.249999999999999112, 3.400000000000000355, -2.350000000000001865 ) ) ;
#2626 = CARTESIAN_POINT ( 'NONE',  ( 2.250000000000000000, 0.2000000000000000111, -2.800000000000000266 ) ) ;
#2627 =( NAMED_UNIT ( * ) SI_UNIT ( $, .STERADIAN. ) SOLID_ANGLE_UNIT ( ) );
#2628 = EDGE_CURVE ( 'NONE', #2997, #10178, #5737, .T. ) ;
#2629 = VERTEX_POINT ( 'NONE', #1340 ) ;
#2630 = LINE ( 'NONE', #11442, #638 ) ;
#2631 =( NAMED_UNIT ( * ) SI_UNIT ( $, .STERADIAN. ) SOLID_ANGLE_UNIT ( ) );
#2632 =( NAMED_UNIT ( * ) PLANE_ANGLE_UNIT ( ) SI_UNIT ( $, .RADIAN. ) );
#2633 = SURFACE_STYLE_FILL_AREA ( #9847 ) ;
#2634 = PLANE ( 'NONE',  #687 ) ;
#2635 = PRESENTATION_STYLE_ASSIGNMENT (( #6265 ) ) ;
#2636 = DIRECTION ( 'NONE',  ( 3.872150616019660190E-17, 1.000000000000000000, -0.0000000000000000000 ) ) ;
#2637 = CARTESIAN_POINT ( 'NONE',  ( 5.850000000000003197, -3.399999999999999911, 0.1499999999999973577 ) ) ;
#2638 = EDGE_LOOP ( 'NONE', ( #2255, #877, #4203, #10977, #9254 ) ) ;
#2639 = EDGE_LOOP ( 'NONE', ( #10810, #9388, #10033, #10016 ) ) ;
#2640 = CARTESIAN_POINT ( 'NONE',  ( 11.75000000000000000, -3.399999999999999911, -0.2499999999999997780 ) ) ;
#2641 = EDGE_CURVE ( 'NONE', #2865, #1109, #10089, .T. ) ;
#2642 = PRESENTATION_STYLE_ASSIGNMENT (( #1643 ) ) ;
#2643 =( GEOMETRIC_REPRESENTATION_CONTEXT ( 3 ) GLOBAL_UNCERTAINTY_ASSIGNED_CONTEXT ( ( #9936 ) ) GLOBAL_UNIT_ASSIGNED_CONTEXT ( ( #6211, #5518, #8160 ) ) REPRESENTATION_CONTEXT ( 'NONE', 'WORKASPACE' ) );
#2644 = CARTESIAN_POINT ( 'NONE',  ( 2.050000000000000266, -3.399999999999999911, -2.800000000000000266 ) ) ;
#2645 = EDGE_LOOP ( 'NONE', ( #10917, #7079, #2856, #4553 ) ) ;
#2646 =( NAMED_UNIT ( * ) SI_UNIT ( $, .STERADIAN. ) SOLID_ANGLE_UNIT ( ) );
#2647 = EDGE_CURVE ( 'NONE', #8820, #1608, #1279, .T. ) ;
#2648 =( LENGTH_UNIT ( ) NAMED_UNIT ( * ) SI_UNIT ( .MILLI., .METRE. ) );
#2649 =( GEOMETRIC_REPRESENTATION_CONTEXT ( 3 ) GLOBAL_UNCERTAINTY_ASSIGNED_CONTEXT ( ( #5429 ) ) GLOBAL_UNIT_ASSIGNED_CONTEXT ( ( #7400, #2921, #2031 ) ) REPRESENTATION_CONTEXT ( 'NONE', 'WORKASPACE' ) );
#2650 = ADVANCED_FACE ( 'NONE', ( #3940 ), #4683, .F. ) ;
#2651 = CARTESIAN_POINT ( 'NONE',  ( 8.750000000000000000, 1.149999999999999911, -2.050000000000001599 ) ) ;
#2652 = DIRECTION ( 'NONE',  ( -9.103382349328301547E-49, -2.350988701644575016E-32, -1.000000000000000000 ) ) ;
#2653 = SURFACE_SIDE_STYLE ('',( #7787 ) ) ;
#2654 = ORIENTED_EDGE ( 'NONE', *, *, #9077, .T. ) ;
#2655 = PRESENTATION_STYLE_ASSIGNMENT (( #7089 ) ) ;
#2656 = SURFACE_STYLE_USAGE ( .BOTH. , #1031 ) ;
#2657 = CARTESIAN_POINT ( 'NONE',  ( 11.75000000000000000, -3.299999999999997158, -0.2499999999999997780 ) ) ;
#2658 = ORIENTED_EDGE ( 'NONE', *, *, #8790, .T. ) ;
#2659 = COLOUR_RGB ( '',1.000000000000000000, 0.8117647058823529438, 0.5019607843137254832 ) ;
#2660 = CARTESIAN_POINT ( 'NONE',  ( 11.16666666666666430, -4.383333333333331971, -0.8333333333333339255 ) ) ;
#2661 = EDGE_CURVE ( 'NONE', #2884, #10502, #4983, .T. ) ;
#2662 = COLOUR_RGB ( '',1.000000000000000000, 0.8117647058823529438, 0.5019607843137254832 ) ;
#2663 = FACE_BOUND ( 'NONE', #299, .T. ) ;
#2664 = EDGE_CURVE ( 'NONE', #11441, #10175, #6827, .T. ) ;
#2665 = CARTESIAN_POINT ( 'NONE',  ( 10.69999999999999929, 0.0000000000000000000, -2.800000000000000266 ) ) ;
#2666 = ADVANCED_FACE ( 'NONE', ( #7759 ), #10312, .T. ) ;
#2667 = DIRECTION ( 'NONE',  ( 1.095153709581317798E-16, -1.000000000000000000, 0.0000000000000000000 ) ) ;
#2668 = PLANE ( 'NONE',  #9124 ) ;
#2669 = UNCERTAINTY_MEASURE_WITH_UNIT (LENGTH_MEASURE( 1.000000000000000082E-05 ), #9083, 'distance_accuracy_value', 'NONE');
#2670 =( GEOMETRIC_REPRESENTATION_CONTEXT ( 3 ) GLOBAL_UNCERTAINTY_ASSIGNED_CONTEXT ( ( #3502 ) ) GLOBAL_UNIT_ASSIGNED_CONTEXT ( ( #3330, #7626, #11157 ) ) REPRESENTATION_CONTEXT ( 'NONE', 'WORKASPACE' ) );
#2671 = VERTEX_POINT ( 'NONE', #4280 ) ;
#2672 =( GEOMETRIC_REPRESENTATION_CONTEXT ( 3 ) GLOBAL_UNCERTAINTY_ASSIGNED_CONTEXT ( ( #5433 ) ) GLOBAL_UNIT_ASSIGNED_CONTEXT ( ( #7809, #9504, #9567 ) ) REPRESENTATION_CONTEXT ( 'NONE', 'WORKASPACE' ) );
#2673 = CARTESIAN_POINT ( 'NONE',  ( 15.34999999999999964, 5.649999999999998579, 1.249999999999997558 ) ) ;
#2674 =( NAMED_UNIT ( * ) PLANE_ANGLE_UNIT ( ) SI_UNIT ( $, .RADIAN. ) );
#2675 = DIRECTION ( 'NONE',  ( 1.000000000000000000, -5.421010862427522170E-17, 0.0000000000000000000 ) ) ;
#2676 = LINE ( 'NONE', #7926, #4476 ) ;
#2677 = EDGE_CURVE ( 'NONE', #3890, #159, #11378, .T. ) ;
#2678 = CARTESIAN_POINT ( 'NONE',  ( 10.69999999999999929, 0.1999999999999999833, -2.800000000000000266 ) ) ;
#2679 = VECTOR ( 'NONE', #2887, 1000.000000000000114 ) ;
#2680 = ORIENTED_EDGE ( 'NONE', *, *, #7942, .T. ) ;
#2681 = CARTESIAN_POINT ( 'NONE',  ( 10.75000000000000000, 3.400000000000000355, -2.350000000000001865 ) ) ;
#2682 = FILL_AREA_STYLE ('',( #11444 ) ) ;
#2683 = PRESENTATION_LAYER_ASSIGNMENT (  '', '', ( #7714 ) ) ;
#2684 = CARTESIAN_POINT ( 'NONE',  ( 3.750000000000001332, 5.000000000000000888, 0.2500000000000002220 ) ) ;
#2685 = EDGE_CURVE ( 'NONE', #1980, #2873, #6992, .T. ) ;
#2686 = PRESENTATION_STYLE_ASSIGNMENT (( #4565 ) ) ;
#2687 = PLANE ( 'NONE',  #4887 ) ;
#2688 = SURFACE_STYLE_FILL_AREA ( #10719 ) ;
#2689 = ORIENTED_EDGE ( 'NONE', *, *, #11177, .T. ) ;
#2690 = CARTESIAN_POINT ( 'NONE',  ( 14.14999999999999858, 5.100000000000001421, -2.800000000000000266 ) ) ;
#2691 = PRESENTATION_LAYER_ASSIGNMENT (  '', '', ( #7721 ) ) ;
#2692 = LINE ( 'NONE', #8879, #10537 ) ;
#2693 = ORIENTED_EDGE ( 'NONE', *, *, #10774, .T. ) ;
#2694 = FILL_AREA_STYLE ('',( #10670 ) ) ;
#2695 = ORIENTED_EDGE ( 'NONE', *, *, #7214, .F. ) ;
#2696 = DIRECTION ( 'NONE',  ( 0.5773502691896246208, -0.5773502691896266192, 0.5773502691896260641 ) ) ;
#2697 = LINE ( 'NONE', #5468, #5784 ) ;
#2698 =( NAMED_UNIT ( * ) SI_UNIT ( $, .STERADIAN. ) SOLID_ANGLE_UNIT ( ) );
#2699 = ORIENTED_EDGE ( 'NONE', *, *, #8233, .F. ) ;
#2700 = PRESENTATION_LAYER_ASSIGNMENT (  '', '', ( #1040 ) ) ;
#2701 = MECHANICAL_DESIGN_GEOMETRIC_PRESENTATION_REPRESENTATION (  '', ( #10332 ), #8087 ) ;
#2702 = CARTESIAN_POINT ( 'NONE',  ( 5.166666666666663410, -4.383333333333331971, -0.8333333333333339255 ) ) ;
#2703 = CARTESIAN_POINT ( 'NONE',  ( 7.849999999999996092, 5.100000000000001421, -2.800000000000001155 ) ) ;
#2704 =( NAMED_UNIT ( * ) PLANE_ANGLE_UNIT ( ) SI_UNIT ( $, .RADIAN. ) );
#2705 = PLANE ( 'NONE',  #8333 ) ;
#2706 = SURFACE_SIDE_STYLE ('',( #6387 ) ) ;
#2707 = PLANE ( 'NONE',  #35 ) ;
#2708 = ORIENTED_EDGE ( 'NONE', *, *, #4720, .T. ) ;
#2709 = CARTESIAN_POINT ( 'NONE',  ( 1.749999999999999778, -3.399999999999999911, -0.2499999999999997780 ) ) ;
#2710 =( NAMED_UNIT ( * ) PLANE_ANGLE_UNIT ( ) SI_UNIT ( $, .RADIAN. ) );
#2711 = CARTESIAN_POINT ( 'NONE',  ( 5.750000000000000000, -3.299999999999997158, 0.2500000000000002220 ) ) ;
#2712 =( GEOMETRIC_REPRESENTATION_CONTEXT ( 3 ) GLOBAL_UNCERTAINTY_ASSIGNED_CONTEXT ( ( #7153 ) ) GLOBAL_UNIT_ASSIGNED_CONTEXT ( ( #2945, #9069, #2058 ) ) REPRESENTATION_CONTEXT ( 'NONE', 'WORKASPACE' ) );
#2713 = VERTEX_POINT ( 'NONE', #3279 ) ;
#2714 = CARTESIAN_POINT ( 'NONE',  ( -1.949999999999999956, 0.0000000000000000000, -2.800000000000000266 ) ) ;
#2715 = CARTESIAN_POINT ( 'NONE',  ( 9.750000000000000000, -3.399999999999999911, 0.2500000000000002220 ) ) ;
#2716 = EDGE_CURVE ( 'NONE', #1346, #3322, #11163, .T. ) ;
#2717 = DIRECTION ( 'NONE',  ( 1.000000000000000000, -3.872150616019660190E-17, -4.336808689942017736E-16 ) ) ;
#2718 = DIRECTION ( 'NONE',  ( -3.833233541708433496E-17, -0.7071067811865472397, -0.7071067811865479058 ) ) ;
#2719 = STYLED_ITEM ( 'NONE', ( #1412 ), #5615 ) ;
#2720 = UNCERTAINTY_MEASURE_WITH_UNIT (LENGTH_MEASURE( 1.000000000000000082E-05 ), #10744, 'distance_accuracy_value', 'NONE');
#2721 = DIRECTION ( 'NONE',  ( 1.000000000000000000, -3.872150616019660190E-17, -4.336808689942017736E-16 ) ) ;
#2722 = ORIENTED_EDGE ( 'NONE', *, *, #1224, .F. ) ;
#2723 = CARTESIAN_POINT ( 'NONE',  ( 11.25000000000000000, 1.149999999999999911, -2.050000000000001599 ) ) ;
#2724 = UNCERTAINTY_MEASURE_WITH_UNIT (LENGTH_MEASURE( 1.000000000000000082E-05 ), #7885, 'distance_accuracy_value', 'NONE');
#2725 = ADVANCED_FACE ( 'NONE', ( #1508 ), #10433, .F. ) ;
#2726 = EDGE_LOOP ( 'NONE', ( #5003, #1610, #10968, #11092 ) ) ;
#2727 = AXIS2_PLACEMENT_3D ( 'NONE', #7594, #3056, #7655 ) ;
#2728 = CARTESIAN_POINT ( 'NONE',  ( -1.949999999999999956, 1.800000000000000044, -0.2499999999999997780 ) ) ;
#2729 = FILL_AREA_STYLE_COLOUR ( '', #8976 ) ;
#2730 = FACE_OUTER_BOUND ( 'NONE', #6740, .T. ) ;
#2731 = DIRECTION ( 'NONE',  ( -1.000000000000000000, 0.0000000000000000000, -0.0000000000000000000 ) ) ;
#2732 = CARTESIAN_POINT ( 'NONE',  ( 15.94999999999999929, 0.0000000000000000000, 1.699999999999999289 ) ) ;
#2733 =( LENGTH_UNIT ( ) NAMED_UNIT ( * ) SI_UNIT ( .MILLI., .METRE. ) );
#2734 = FACE_OUTER_BOUND ( 'NONE', #10563, .T. ) ;
#2735 = CARTESIAN_POINT ( 'NONE',  ( 0.1500000000000025757, 5.100000000000001421, -2.800000000000000266 ) ) ;
#2736 = STYLED_ITEM ( 'NONE', ( #10369 ), #8634 ) ;
#2737 = VECTOR ( 'NONE', #8537, 1000.000000000000000 ) ;
#2738 = EDGE_CURVE ( 'NONE', #9368, #5101, #10274, .T. ) ;
#2739 =( LENGTH_UNIT ( ) NAMED_UNIT ( * ) SI_UNIT ( .MILLI., .METRE. ) );
#2740 = CARTESIAN_POINT ( 'NONE',  ( 1.749999999999999778, -3.399999999999999911, -0.2499999999999997780 ) ) ;
#2741 = MECHANICAL_DESIGN_GEOMETRIC_PRESENTATION_REPRESENTATION (  '', ( #174 ), #5377 ) ;
#2742 = CARTESIAN_POINT ( 'NONE',  ( 4.250000000000000000, 5.000000000000000888, 0.2500000000000002220 ) ) ;
#2743 = ORIENTED_EDGE ( 'NONE', *, *, #4332, .F. ) ;
#2744 = STYLED_ITEM ( 'NONE', ( #6965 ), #8125 ) ;
#2745 =( LENGTH_UNIT ( ) NAMED_UNIT ( * ) SI_UNIT ( .MILLI., .METRE. ) );
#2746 = ORIENTED_EDGE ( 'NONE', *, *, #8882, .T. ) ;
#2747 = VERTEX_POINT ( 'NONE', #10598 ) ;
#2748 = CARTESIAN_POINT ( 'NONE',  ( 15.94999999999999929, 0.0000000000000000000, -2.800000000000000711 ) ) ;
#2749 = UNCERTAINTY_MEASURE_WITH_UNIT (LENGTH_MEASURE( 1.000000000000000082E-05 ), #10060, 'distance_accuracy_value', 'NONE');
#2750 = CARTESIAN_POINT ( 'NONE',  ( 5.849999999999996092, 5.100000000000001421, -0.1500000000000038525 ) ) ;
#2751 = VECTOR ( 'NONE', #1184, 1000.000000000000000 ) ;
#2752 = VERTEX_POINT ( 'NONE', #7110 ) ;
#2753 = VECTOR ( 'NONE', #10520, 1000.000000000000000 ) ;
#2754 = LINE ( 'NONE', #1758, #10602 ) ;
#2755 =( NAMED_UNIT ( * ) SI_UNIT ( $, .STERADIAN. ) SOLID_ANGLE_UNIT ( ) );
#2756 = DIRECTION ( 'NONE',  ( 0.5773502691896205130, -0.5773502691896306160, 0.5773502691896262862 ) ) ;
#2757 = CARTESIAN_POINT ( 'NONE',  ( 6.700000000000002842, 0.0000000000000000000, -2.800000000000000266 ) ) ;
#2758 = CARTESIAN_POINT ( 'NONE',  ( 4.250000000000000000, 5.000000000000000888, 0.2500000000000002220 ) ) ;
#2759 = DIRECTION ( 'NONE',  ( -0.0000000000000000000, -0.0000000000000000000, -1.000000000000000000 ) ) ;
#2760 = LINE ( 'NONE', #9872, #5236 ) ;
#2761 = CARTESIAN_POINT ( 'NONE',  ( 15.34999999999999964, 1.149999999999999911, -2.350000000000001865 ) ) ;
#2762 = SURFACE_SIDE_STYLE ('',( #10636 ) ) ;
#2763 = DIRECTION ( 'NONE',  ( 3.872150616019660190E-17, 1.000000000000000000, -0.0000000000000000000 ) ) ;
#2764 = VECTOR ( 'NONE', #7875, 999.9999999999998863 ) ;
#2765 = PRESENTATION_STYLE_ASSIGNMENT (( #3551 ) ) ;
#2766 = STYLED_ITEM ( 'NONE', ( #10859 ), #9395 ) ;
#2767 = ORIENTED_EDGE ( 'NONE', *, *, #3669, .T. ) ;
#2768 =( NAMED_UNIT ( * ) SI_UNIT ( $, .STERADIAN. ) SOLID_ANGLE_UNIT ( ) );
#2769 = MECHANICAL_DESIGN_GEOMETRIC_PRESENTATION_REPRESENTATION (  '', ( #9840 ), #3155 ) ;
#2770 = VECTOR ( 'NONE', #305, 1000.000000000000000 ) ;
#2771 = VECTOR ( 'NONE', #8891, 1000.000000000000000 ) ;
#2772 = CARTESIAN_POINT ( 'NONE',  ( 11.75000000000000000, 5.000000000000006217, -0.2499999999999997780 ) ) ;
#2773 = ORIENTED_EDGE ( 'NONE', *, *, #6451, .T. ) ;
#2774 = CARTESIAN_POINT ( 'NONE',  ( 5.250000000000000888, 1.149999999999999911, -2.050000000000001599 ) ) ;
#2775 =( LENGTH_UNIT ( ) NAMED_UNIT ( * ) SI_UNIT ( .MILLI., .METRE. ) );
#2776 = DIRECTION ( 'NONE',  ( 1.000000000000000000, -3.872150616019660190E-17, -4.336808689942017736E-16 ) ) ;
#2777 = EDGE_CURVE ( 'NONE', #2059, #82, #11438, .T. ) ;
#2778 = VECTOR ( 'NONE', #2922, 1000.000000000000000 ) ;
#2779 = MECHANICAL_DESIGN_GEOMETRIC_PRESENTATION_REPRESENTATION (  '', ( #5422 ), #11141 ) ;
#2780 = PLANE ( 'NONE',  #124 ) ;
#2781 = EDGE_CURVE ( 'NONE', #2467, #4608, #4403, .T. ) ;
#2782 =( NAMED_UNIT ( * ) PLANE_ANGLE_UNIT ( ) SI_UNIT ( $, .RADIAN. ) );
#2783 = PLANE ( 'NONE',  #4287 ) ;
#2784 = FACE_OUTER_BOUND ( 'NONE', #7632, .T. ) ;
#2785 =( LENGTH_UNIT ( ) NAMED_UNIT ( * ) SI_UNIT ( .MILLI., .METRE. ) );
#2786 = MECHANICAL_DESIGN_GEOMETRIC_PRESENTATION_REPRESENTATION (  '', ( #383 ), #6715 ) ;
#2787 = CARTESIAN_POINT ( 'NONE',  ( 2.750000000000000444, 3.149999999999999467, -2.050000000000002043 ) ) ;
#2788 = AXIS2_PLACEMENT_3D ( 'NONE', #3925, #1206, #10011 ) ;
#2789 = ORIENTED_EDGE ( 'NONE', *, *, #9722, .T. ) ;
#2790 = CARTESIAN_POINT ( 'NONE',  ( 0.2499999999999997780, -3.299999999999998490, -0.2499999999999997780 ) ) ;
#2791 = ORIENTED_EDGE ( 'NONE', *, *, #9234, .T. ) ;
#2792 = CARTESIAN_POINT ( 'NONE',  ( 10.75000000000000000, 1.149999999999999911, -2.350000000000001865 ) ) ;
#2793 = VECTOR ( 'NONE', #1386, 1000.000000000000000 ) ;
#2794 = PLANE ( 'NONE',  #3834 ) ;
#2795 = LINE ( 'NONE', #5564, #1264 ) ;
#2796 = ADVANCED_FACE ( 'NONE', ( #5382 ), #4508, .F. ) ;
#2797 = FILL_AREA_STYLE_COLOUR ( '', #1843 ) ;
#2798 =( GEOMETRIC_REPRESENTATION_CONTEXT ( 3 ) GLOBAL_UNCERTAINTY_ASSIGNED_CONTEXT ( ( #9625 ) ) GLOBAL_UNIT_ASSIGNED_CONTEXT ( ( #3495, #10417, #8670 ) ) REPRESENTATION_CONTEXT ( 'NONE', 'WORKASPACE' ) );
#2799 = UNCERTAINTY_MEASURE_WITH_UNIT (LENGTH_MEASURE( 1.000000000000000082E-05 ), #1751, 'distance_accuracy_value', 'NONE');
#2800 = CARTESIAN_POINT ( 'NONE',  ( 15.94999999999999929, 0.8200000000000042810, 1.700000000000000178 ) ) ;
#2801 = CARTESIAN_POINT ( 'NONE',  ( 3.299999999999999378, 0.0000000000000000000, -2.800000000000000266 ) ) ;
#2802 = DIRECTION ( 'NONE',  ( 3.872150616019660190E-17, 1.000000000000000000, -0.0000000000000000000 ) ) ;
#2803 = CARTESIAN_POINT ( 'NONE',  ( 6.699999999999999289, 0.0000000000000000000, 1.700000000000000178 ) ) ;
#2804 = ORIENTED_EDGE ( 'NONE', *, *, #11082, .F. ) ;
#2805 = ADVANCED_FACE ( 'NONE', ( #9036 ), #38, .T. ) ;
#2806 = ORIENTED_EDGE ( 'NONE', *, *, #7929, .F. ) ;
#2807 =( NAMED_UNIT ( * ) SI_UNIT ( $, .STERADIAN. ) SOLID_ANGLE_UNIT ( ) );
#2808 = EDGE_CURVE ( 'NONE', #7716, #5101, #1839, .T. ) ;
#2809 = LINE ( 'NONE', #1015, #1375 ) ;
#2810 = SURFACE_STYLE_FILL_AREA ( #1016 ) ;
#2811 = CARTESIAN_POINT ( 'NONE',  ( 8.250000000000000000, 1.800000000000000044, -0.2499999999999997780 ) ) ;
#2812 = DIRECTION ( 'NONE',  ( 1.000000000000000000, -5.421010862427522170E-17, 0.0000000000000000000 ) ) ;
#2813 = SURFACE_SIDE_STYLE ('',( #9865 ) ) ;
#2814 = DIRECTION ( 'NONE',  ( -0.7071067811865567876, -0.7071067811865383579, 1.662400053425814515E-32 ) ) ;
#2815 = SURFACE_STYLE_FILL_AREA ( #10846 ) ;
#2816 = CARTESIAN_POINT ( 'NONE',  ( -1.949999999999999956, 1.800000000000000044, 0.2500000000000002220 ) ) ;
#2817 = VECTOR ( 'NONE', #8695, 1000.000000000000000 ) ;
#2818 = CARTESIAN_POINT ( 'NONE',  ( 3.750000000000000444, -3.399999999999999911, -0.2499999999999997780 ) ) ;
#2819 = DIRECTION ( 'NONE',  ( 0.0000000000000000000, 0.0000000000000000000, -1.000000000000000000 ) ) ;
#2820 = EDGE_CURVE ( 'NONE', #10416, #3031, #8977, .T. ) ;
#2821 =( LENGTH_UNIT ( ) NAMED_UNIT ( * ) SI_UNIT ( .MILLI., .METRE. ) );
#2822 = CARTESIAN_POINT ( 'NONE',  ( 11.25000000000000000, 1.149999999999999911, -2.050000000000001599 ) ) ;
#2823 = CARTESIAN_POINT ( 'NONE',  ( 1.150000000000000799, 5.649999999999999467, 1.249999999999997558 ) ) ;
#2824 = VECTOR ( 'NONE', #8035, 1000.000000000000000 ) ;
#2825 = PLANE ( 'NONE',  #6353 ) ;
#2826 = ADVANCED_FACE ( 'NONE', ( #5664 ), #3869, .F. ) ;
#2827 =( LENGTH_UNIT ( ) NAMED_UNIT ( * ) SI_UNIT ( .MILLI., .METRE. ) );
#2828 = VERTEX_POINT ( 'NONE', #6406 ) ;
#2829 = UNCERTAINTY_MEASURE_WITH_UNIT (LENGTH_MEASURE( 1.000000000000000082E-05 ), #5922, 'distance_accuracy_value', 'NONE');
#2830 = CARTESIAN_POINT ( 'NONE',  ( 14.67999999999999794, 6.000000000000000000, 1.599999999999999867 ) ) ;
#2831 = DIRECTION ( 'NONE',  ( 3.872150616019660190E-17, 1.000000000000000000, -0.0000000000000000000 ) ) ;
#2832 = UNCERTAINTY_MEASURE_WITH_UNIT (LENGTH_MEASURE( 1.000000000000000082E-05 ), #10223, 'distance_accuracy_value', 'NONE');
#2833 = VECTOR ( 'NONE', #10165, 1000.000000000000000 ) ;
#2834 = COLOUR_RGB ( '',1.000000000000000000, 0.8117647058823529438, 0.5019607843137254832 ) ;
#2835 = DIRECTION ( 'NONE',  ( 1.000000000000000000, 1.927470528863119542E-16, -0.0000000000000000000 ) ) ;
#2836 = ORIENTED_EDGE ( 'NONE', *, *, #5115, .T. ) ;
#2837 = SURFACE_STYLE_FILL_AREA ( #10647 ) ;
#2838 = UNCERTAINTY_MEASURE_WITH_UNIT (LENGTH_MEASURE( 1.000000000000000082E-05 ), #2979, 'distance_accuracy_value', 'NONE');
#2839 = SURFACE_SIDE_STYLE ('',( #1728 ) ) ;
#2840 = VECTOR ( 'NONE', #7228, 1000.000000000000000 ) ;
#2841 = ORIENTED_EDGE ( 'NONE', *, *, #2875, .T. ) ;
#2842 = CARTESIAN_POINT ( 'NONE',  ( 6.749999999999999112, 3.399999999999999467, -2.050000000000001599 ) ) ;
#2843 = PRESENTATION_LAYER_ASSIGNMENT (  '', '', ( #7883 ) ) ;
#2844 = DIRECTION ( 'NONE',  ( 1.000000000000000000, 1.927470528863119542E-16, -0.0000000000000000000 ) ) ;
#2845 = CARTESIAN_POINT ( 'NONE',  ( 2.250000000000000000, -3.399999999999999911, -0.2499999999999997780 ) ) ;
#2846 = CARTESIAN_POINT ( 'NONE',  ( 13.25000000000000178, 3.399999999999999467, -2.300000000000003375 ) ) ;
#2847 = ADVANCED_FACE ( 'NONE', ( #4674 ), #246, .F. ) ;
#2848 =( GEOMETRIC_REPRESENTATION_CONTEXT ( 3 ) GLOBAL_UNCERTAINTY_ASSIGNED_CONTEXT ( ( #7916 ) ) GLOBAL_UNIT_ASSIGNED_CONTEXT ( ( #7564, #1163, #6705 ) ) REPRESENTATION_CONTEXT ( 'NONE', 'WORKASPACE' ) );
#2849 = FILL_AREA_STYLE ('',( #4676 ) ) ;
#2850 = SURFACE_SIDE_STYLE ('',( #6204 ) ) ;
#2851 = ORIENTED_EDGE ( 'NONE', *, *, #6479, .F. ) ;
#2852 = DIRECTION ( 'NONE',  ( -0.0000000000000000000, -1.000000000000000000, -0.0000000000000000000 ) ) ;
#2853 = DIRECTION ( 'NONE',  ( 1.000000000000000000, -3.872150616019660190E-17, -4.336808689942017736E-16 ) ) ;
#2854 =( NAMED_UNIT ( * ) PLANE_ANGLE_UNIT ( ) SI_UNIT ( $, .RADIAN. ) );
#2855 = MECHANICAL_DESIGN_GEOMETRIC_PRESENTATION_REPRESENTATION (  '', ( #1551 ), #5116 ) ;
#2856 = ORIENTED_EDGE ( 'NONE', *, *, #5901, .F. ) ;
#2857 = SURFACE_STYLE_USAGE ( .BOTH. , #10992 ) ;
#2858 = SURFACE_STYLE_FILL_AREA ( #5676 ) ;
#2859 = CARTESIAN_POINT ( 'NONE',  ( -0.2499999999999997780, 5.000000000000000888, 0.2500000000000002220 ) ) ;
#2860 = LINE ( 'NONE', #7059, #8219 ) ;
#2861 = EDGE_CURVE ( 'NONE', #10289, #7078, #11032, .T. ) ;
#2862 = CARTESIAN_POINT ( 'NONE',  ( -0.2500000000000002220, 1.800000000000000044, -0.2499999999999997780 ) ) ;
#2863 = LINE ( 'NONE', #10091, #1760 ) ;
#2864 = SURFACE_SIDE_STYLE ('',( #7351 ) ) ;
#2865 = VERTEX_POINT ( 'NONE', #2078 ) ;
#2866 = ORIENTED_EDGE ( 'NONE', *, *, #1667, .F. ) ;
#2867 = CARTESIAN_POINT ( 'NONE',  ( 0.0000000000000000000, -3.541421356237309581, -0.05000000000000012768 ) ) ;
#2868 = PLANE ( 'NONE',  #7533 ) ;
#2869 = UNCERTAINTY_MEASURE_WITH_UNIT (LENGTH_MEASURE( 1.000000000000000082E-05 ), #2894, 'distance_accuracy_value', 'NONE');
#2870 = MECHANICAL_DESIGN_GEOMETRIC_PRESENTATION_REPRESENTATION (  '', ( #5136 ), #7338 ) ;
#2871 = VERTEX_POINT ( 'NONE', #2908 ) ;
#2872 = SURFACE_STYLE_FILL_AREA ( #3779 ) ;
#2873 = VERTEX_POINT ( 'NONE', #6468 ) ;
#2874 = PLANE ( 'NONE',  #10232 ) ;
#2875 = EDGE_CURVE ( 'NONE', #11015, #4340, #5616, .T. ) ;
#2876 = VERTEX_POINT ( 'NONE', #3086 ) ;
#2877 = ORIENTED_EDGE ( 'NONE', *, *, #187, .T. ) ;
#2878 = EDGE_CURVE ( 'NONE', #2671, #8198, #1205, .T. ) ;
#2879 = CARTESIAN_POINT ( 'NONE',  ( 12.25000000000000000, 5.000000000000006217, 0.2500000000000002220 ) ) ;
#2880 = LINE ( 'NONE', #8014, #11300 ) ;
#2881 = FILL_AREA_STYLE ('',( #10902 ) ) ;
#2882 = LINE ( 'NONE', #10046, #8349 ) ;
#2883 = CARTESIAN_POINT ( 'NONE',  ( 9.250000000000001776, 3.399999999999999467, -2.300000000000003375 ) ) ;
#2884 = VERTEX_POINT ( 'NONE', #6642 ) ;
#2885 = PLANE ( 'NONE',  #3897 ) ;
#2886 = CARTESIAN_POINT ( 'NONE',  ( 11.25000000000000000, 3.400000000000000355, -2.350000000000001865 ) ) ;
#2887 = DIRECTION ( 'NONE',  ( 0.7071067811865492381, 0.7071067811865457964, 1.362927481496336018E-16 ) ) ;
#2888 = DIRECTION ( 'NONE',  ( 1.000000000000000000, -5.421010862427522170E-17, 0.0000000000000000000 ) ) ;
#2889 = STYLED_ITEM ( 'NONE', ( #8690 ), #5742 ) ;
#2890 = EDGE_CURVE ( 'NONE', #10628, #2036, #7388, .T. ) ;
#2891 = VECTOR ( 'NONE', #9055, 1000.000000000000000 ) ;
#2892 = DIRECTION ( 'NONE',  ( -0.0000000000000000000, 1.000000000000000000, -0.0000000000000000000 ) ) ;
#2893 = FACE_OUTER_BOUND ( 'NONE', #7839, .T. ) ;
#2894 =( LENGTH_UNIT ( ) NAMED_UNIT ( * ) SI_UNIT ( .MILLI., .METRE. ) );
#2895 = EDGE_LOOP ( 'NONE', ( #4892, #9379, #5970, #9250 ) ) ;
#2896 = SURFACE_STYLE_FILL_AREA ( #237 ) ;
#2897 = MECHANICAL_DESIGN_GEOMETRIC_PRESENTATION_REPRESENTATION (  '', ( #1769 ), #9782 ) ;
#2898 = PRESENTATION_LAYER_ASSIGNMENT (  '', '', ( #6439 ) ) ;
#2899 = FACE_OUTER_BOUND ( 'NONE', #4187, .T. ) ;
#2900 = ORIENTED_EDGE ( 'NONE', *, *, #689, .F. ) ;
#2901 = LINE ( 'NONE', #4666, #3550 ) ;
#2902 =( NAMED_UNIT ( * ) PLANE_ANGLE_UNIT ( ) SI_UNIT ( $, .RADIAN. ) );
#2903 = VERTEX_POINT ( 'NONE', #7561 ) ;
#2904 =( GEOMETRIC_REPRESENTATION_CONTEXT ( 3 ) GLOBAL_UNCERTAINTY_ASSIGNED_CONTEXT ( ( #8885 ) ) GLOBAL_UNIT_ASSIGNED_CONTEXT ( ( #5992, #5181, #4188 ) ) REPRESENTATION_CONTEXT ( 'NONE', 'WORKASPACE' ) );
#2905 = EDGE_CURVE ( 'NONE', #8402, #5186, #11087, .T. ) ;
#2906 = VERTEX_POINT ( 'NONE', #2257 ) ;
#2907 = CARTESIAN_POINT ( 'NONE',  ( -0.5499999999999923839, -4.100000000000004974, 0.5499999999999914957 ) ) ;
#2908 = CARTESIAN_POINT ( 'NONE',  ( 10.24999999999999822, -3.299999999999997158, 0.2500000000000002220 ) ) ;
#2909 =( LENGTH_UNIT ( ) NAMED_UNIT ( * ) SI_UNIT ( .MILLI., .METRE. ) );
#2910 = LINE ( 'NONE', #307, #4970 ) ;
#2911 = SURFACE_STYLE_USAGE ( .BOTH. , #3684 ) ;
#2912 =( LENGTH_UNIT ( ) NAMED_UNIT ( * ) SI_UNIT ( .MILLI., .METRE. ) );
#2913 = ORIENTED_EDGE ( 'NONE', *, *, #11211, .F. ) ;
#2914 = ORIENTED_EDGE ( 'NONE', *, *, #8631, .T. ) ;
#2915 = PLANE ( 'NONE',  #273 ) ;
#2916 = CARTESIAN_POINT ( 'NONE',  ( 15.94999999999999929, 6.000000000000000000, -2.800000000000000711 ) ) ;
#2917 = DIRECTION ( 'NONE',  ( 1.927470528863119542E-16, -1.000000000000000000, 0.0000000000000000000 ) ) ;
#2918 = SURFACE_SIDE_STYLE ('',( #2858 ) ) ;
#2919 = CARTESIAN_POINT ( 'NONE',  ( 0.7500000000000002220, 3.399999999999999467, -2.050000000000001599 ) ) ;
#2920 = UNCERTAINTY_MEASURE_WITH_UNIT (LENGTH_MEASURE( 1.000000000000000082E-05 ), #8963, 'distance_accuracy_value', 'NONE');
#2921 =( NAMED_UNIT ( * ) PLANE_ANGLE_UNIT ( ) SI_UNIT ( $, .RADIAN. ) );
#2922 = DIRECTION ( 'NONE',  ( 1.000000000000000000, 0.0000000000000000000, 0.0000000000000000000 ) ) ;
#2923 = ORIENTED_EDGE ( 'NONE', *, *, #4098, .F. ) ;
#2924 = VECTOR ( 'NONE', #10957, 1000.000000000000000 ) ;
#2925 = ORIENTED_EDGE ( 'NONE', *, *, #3140, .F. ) ;
#2926 =( NAMED_UNIT ( * ) PLANE_ANGLE_UNIT ( ) SI_UNIT ( $, .RADIAN. ) );
#2927 = STYLED_ITEM ( 'NONE', ( #391 ), #9016 ) ;
#2928 = CARTESIAN_POINT ( 'NONE',  ( 5.750000000000000000, 0.2000000000000000944, 0.2500000000000002220 ) ) ;
#2929 = CARTESIAN_POINT ( 'NONE',  ( 10.75000000000000000, 3.399999999999999467, -2.050000000000001599 ) ) ;
#2930 = CARTESIAN_POINT ( 'NONE',  ( 15.34999999999999964, 1.800000000000000044, -0.4000000000000023537 ) ) ;
#2931 = ORIENTED_EDGE ( 'NONE', *, *, #4736, .T. ) ;
#2932 = LINE ( 'NONE', #6560, #6524 ) ;
#2933 = VECTOR ( 'NONE', #10997, 1000.000000000000000 ) ;
#2934 = CARTESIAN_POINT ( 'NONE',  ( 13.29999999999999893, 0.0000000000000000000, -2.800000000000000266 ) ) ;
#2935 = FILL_AREA_STYLE_COLOUR ( '', #10772 ) ;
#2936 = ORIENTED_EDGE ( 'NONE', *, *, #7806, .T. ) ;
#2937 = LINE ( 'NONE', #6497, #6107 ) ;
#2938 = CARTESIAN_POINT ( 'NONE',  ( 11.75000000000000000, -3.399999999999999911, 0.2500000000000002220 ) ) ;
#2939 = DIRECTION ( 'NONE',  ( 1.927470528863119542E-16, -1.000000000000000000, 0.0000000000000000000 ) ) ;
#2940 = CARTESIAN_POINT ( 'NONE',  ( -1.951000000000000956, 4.500000000000000888, -0.6800000000000009370 ) ) ;
#2941 = PRESENTATION_LAYER_ASSIGNMENT (  '', '', ( #10373 ) ) ;
#2942 = DIRECTION ( 'NONE',  ( 3.872150616019660190E-17, 1.000000000000000000, -0.0000000000000000000 ) ) ;
#2943 = EDGE_CURVE ( 'NONE', #1737, #223, #9380, .T. ) ;
#2944 = VECTOR ( 'NONE', #7901, 1000.000000000000000 ) ;
#2945 =( LENGTH_UNIT ( ) NAMED_UNIT ( * ) SI_UNIT ( .MILLI., .METRE. ) );
#2946 = CARTESIAN_POINT ( 'NONE',  ( 0.7500000000000002220, 3.399999999999999467, -2.300000000000003375 ) ) ;
#2947 = DIRECTION ( 'NONE',  ( -1.000000000000000000, 3.872150616019660190E-17, 0.0000000000000000000 ) ) ;
#2948 = CARTESIAN_POINT ( 'NONE',  ( 2.699999999999999734, 0.0000000000000000000, 1.700000000000000178 ) ) ;
#2949 = AXIS2_PLACEMENT_3D ( 'NONE', #1665, #7146, #8898 ) ;
#2950 = LINE ( 'NONE', #4710, #5879 ) ;
#2951 = FACE_OUTER_BOUND ( 'NONE', #8459, .T. ) ;
#2952 = SURFACE_SIDE_STYLE ('',( #7436 ) ) ;
#2953 = ADVANCED_FACE ( 'NONE', ( #6701 ), #529, .F. ) ;
#2954 = ORIENTED_EDGE ( 'NONE', *, *, #7339, .F. ) ;
#2955 = SURFACE_STYLE_USAGE ( .BOTH. , #3017 ) ;
#2956 = ADVANCED_FACE ( 'NONE', ( #301 ), #107, .F. ) ;
#2957 = COLOUR_RGB ( '',1.000000000000000000, 0.8117647058823529438, 0.5019607843137254832 ) ;
#2958 = SURFACE_STYLE_FILL_AREA ( #6635 ) ;
#2959 = CARTESIAN_POINT ( 'NONE',  ( 6.750000000000000888, 1.149999999999999911, -2.050000000000001599 ) ) ;
#2960 = VERTEX_POINT ( 'NONE', #1201 ) ;
#2961 =( GEOMETRIC_REPRESENTATION_CONTEXT ( 3 ) GLOBAL_UNCERTAINTY_ASSIGNED_CONTEXT ( ( #6461 ) ) GLOBAL_UNIT_ASSIGNED_CONTEXT ( ( #2909, #1052, #6407 ) ) REPRESENTATION_CONTEXT ( 'NONE', 'WORKASPACE' ) );
#2962 = SURFACE_SIDE_STYLE ('',( #10926 ) ) ;
#2963 = VERTEX_POINT ( 'NONE', #10009 ) ;
#2964 =( NAMED_UNIT ( * ) SI_UNIT ( $, .STERADIAN. ) SOLID_ANGLE_UNIT ( ) );
#2965 =( NAMED_UNIT ( * ) SI_UNIT ( $, .STERADIAN. ) SOLID_ANGLE_UNIT ( ) );
#2966 = COLOUR_RGB ( '',1.000000000000000000, 1.000000000000000000, 1.000000000000000000 ) ;
#2967 = DIRECTION ( 'NONE',  ( -0.0000000000000000000, -0.0000000000000000000, 1.000000000000000000 ) ) ;
#2968 = ORIENTED_EDGE ( 'NONE', *, *, #8647, .F. ) ;
#2969 = PRESENTATION_STYLE_ASSIGNMENT (( #10985 ) ) ;
#2970 = EDGE_CURVE ( 'NONE', #586, #4953, #5612, .T. ) ;
#2971 = MECHANICAL_DESIGN_GEOMETRIC_PRESENTATION_REPRESENTATION (  '', ( #3547 ), #10943 ) ;
#2972 = ORIENTED_EDGE ( 'NONE', *, *, #8589, .F. ) ;
#2973 = DIRECTION ( 'NONE',  ( -3.872150616019660190E-17, -1.000000000000000000, 0.0000000000000000000 ) ) ;
#2974 = LINE ( 'NONE', #2143, #7732 ) ;
#2975 = PRESENTATION_LAYER_ASSIGNMENT (  '', '', ( #33 ) ) ;
#2976 = DIRECTION ( 'NONE',  ( 4.336808689942017736E-16, 0.0000000000000000000, 1.000000000000000000 ) ) ;
#2977 = AXIS2_PLACEMENT_3D ( 'NONE', #700, #9803, #1021 ) ;
#2978 = DIRECTION ( 'NONE',  ( -4.336808689942017736E-16, 0.0000000000000000000, -1.000000000000000000 ) ) ;
#2979 =( LENGTH_UNIT ( ) NAMED_UNIT ( * ) SI_UNIT ( .MILLI., .METRE. ) );
#2980 = DIRECTION ( 'NONE',  ( 0.0000000000000000000, -0.0000000000000000000, -1.000000000000000000 ) ) ;
#2981 = LINE ( 'NONE', #4921, #1871 ) ;
#2982 = EDGE_CURVE ( 'NONE', #5381, #3044, #833, .T. ) ;
#2983 = AXIS2_PLACEMENT_3D ( 'NONE', #5169, #5920, #4292 ) ;
#2984 = CARTESIAN_POINT ( 'NONE',  ( -1.350000000000000089, 1.149999999999999911, -2.350000000000001421 ) ) ;
#2985 = LINE ( 'NONE', #8103, #5563 ) ;
#2986 = ORIENTED_EDGE ( 'NONE', *, *, #4414, .F. ) ;
#2987 = VECTOR ( 'NONE', #737, 1000.000000000000114 ) ;
#2988 =( NAMED_UNIT ( * ) PLANE_ANGLE_UNIT ( ) SI_UNIT ( $, .RADIAN. ) );
#2989 = SURFACE_STYLE_FILL_AREA ( #8339 ) ;
#2990 = DIRECTION ( 'NONE',  ( 1.000000000000000000, -3.872150616019660190E-17, 0.0000000000000000000 ) ) ;
#2991 =( LENGTH_UNIT ( ) NAMED_UNIT ( * ) SI_UNIT ( .MILLI., .METRE. ) );
#2992 = AXIS2_PLACEMENT_3D ( 'NONE', #7518, #10140, #2149 ) ;
#2993 = STYLED_ITEM ( 'NONE', ( #8072 ), #1939 ) ;
#2994 = ORIENTED_EDGE ( 'NONE', *, *, #3822, .T. ) ;
#2995 = DIRECTION ( 'NONE',  ( -3.872150616019660190E-17, -1.000000000000000000, 0.0000000000000000000 ) ) ;
#2996 = VECTOR ( 'NONE', #6189, 999.9999999999998863 ) ;
#2997 = VERTEX_POINT ( 'NONE', #10555 ) ;
#2998 =( NAMED_UNIT ( * ) PLANE_ANGLE_UNIT ( ) SI_UNIT ( $, .RADIAN. ) );
#2999 = CARTESIAN_POINT ( 'NONE',  ( 15.17999999999999972, 2.250000000000001776, -2.801000000000000600 ) ) ;
#3000 = ADVANCED_FACE ( 'NONE', ( #9142 ), #1490, .F. ) ;
#3001 =( GEOMETRIC_REPRESENTATION_CONTEXT ( 3 ) GLOBAL_UNCERTAINTY_ASSIGNED_CONTEXT ( ( #7586 ) ) GLOBAL_UNIT_ASSIGNED_CONTEXT ( ( #10912, #7265, #3612 ) ) REPRESENTATION_CONTEXT ( 'NONE', 'WORKASPACE' ) );
#3002 = DIRECTION ( 'NONE',  ( 1.000000000000000000, 0.0000000000000000000, 0.0000000000000000000 ) ) ;
#3003 = SURFACE_SIDE_STYLE ('',( #4881 ) ) ;
#3004 = COLOUR_RGB ( '',1.000000000000000000, 0.8117647058823529438, 0.5019607843137254832 ) ;
#3005 = EDGE_CURVE ( 'NONE', #4965, #1272, #6693, .T. ) ;
#3006 = ADVANCED_FACE ( 'NONE', ( #3261 ), #8660, .F. ) ;
#3007 = FILL_AREA_STYLE ('',( #3900 ) ) ;
#3008 = CARTESIAN_POINT ( 'NONE',  ( -1.950000000000000400, 1.380000000000000782, 1.300000000000000044 ) ) ;
#3009 = LINE ( 'NONE', #9184, #140 ) ;
#3010 = SURFACE_STYLE_USAGE ( .BOTH. , #3910 ) ;
#3011 = VERTEX_POINT ( 'NONE', #9372 ) ;
#3012 = EDGE_CURVE ( 'NONE', #3725, #8859, #5133, .T. ) ;
#3013 = UNCERTAINTY_MEASURE_WITH_UNIT (LENGTH_MEASURE( 1.000000000000000082E-05 ), #9448, 'distance_accuracy_value', 'NONE');
#3014 = EDGE_CURVE ( 'NONE', #3911, #5353, #11301, .T. ) ;
#3015 = CARTESIAN_POINT ( 'NONE',  ( 0.2499999999999997780, -3.399999999999999911, 0.2500000000000002220 ) ) ;
#3016 = ORIENTED_EDGE ( 'NONE', *, *, #2875, .F. ) ;
#3017 = SURFACE_SIDE_STYLE ('',( #11022 ) ) ;
#3018 = DIRECTION ( 'NONE',  ( 0.0000000000000000000, 0.0000000000000000000, -1.000000000000000000 ) ) ;
#3019 = LINE ( 'NONE', #2959, #6695 ) ;
#3020 = ORIENTED_EDGE ( 'NONE', *, *, #7568, .F. ) ;
#3021 = PLANE ( 'NONE',  #10521 ) ;
#3022 = EDGE_CURVE ( 'NONE', #7123, #9274, #11252, .T. ) ;
#3023 = EDGE_CURVE ( 'NONE', #4994, #1319, #8554, .T. ) ;
#3024 = VERTEX_POINT ( 'NONE', #2427 ) ;
#3025 = DIRECTION ( 'NONE',  ( -1.927470528863119542E-16, 1.000000000000000000, 0.0000000000000000000 ) ) ;
#3026 = SURFACE_SIDE_STYLE ('',( #3806 ) ) ;
#3027 = LINE ( 'NONE', #247, #1948 ) ;
#3028 = CARTESIAN_POINT ( 'NONE',  ( 14.24999999999999822, -3.399999999999999911, -0.2499999999999997780 ) ) ;
#3029 = ORIENTED_EDGE ( 'NONE', *, *, #6463, .T. ) ;
#3030 =( NAMED_UNIT ( * ) SI_UNIT ( $, .STERADIAN. ) SOLID_ANGLE_UNIT ( ) );
#3031 = VERTEX_POINT ( 'NONE', #1548 ) ;
#3032 = DIRECTION ( 'NONE',  ( -0.0000000000000000000, 1.000000000000000000, -0.0000000000000000000 ) ) ;
#3033 = DIRECTION ( 'NONE',  ( 1.000000000000000000, 0.0000000000000000000, -3.246114288878755706E-17 ) ) ;
#3034 =( NAMED_UNIT ( * ) SI_UNIT ( $, .STERADIAN. ) SOLID_ANGLE_UNIT ( ) );
#3035 = FILL_AREA_STYLE_COLOUR ( '', #7427 ) ;
#3036 = PLANE ( 'NONE',  #501 ) ;
#3037 = UNCERTAINTY_MEASURE_WITH_UNIT (LENGTH_MEASURE( 1.000000000000000082E-05 ), #5758, 'distance_accuracy_value', 'NONE');
#3038 = ADVANCED_FACE ( 'NONE', ( #8430 ), #2483, .F. ) ;
#3039 = CARTESIAN_POINT ( 'NONE',  ( 4.149999999999997691, -3.399999999999999911, 0.1499999999999973577 ) ) ;
#3040 = VECTOR ( 'NONE', #998, 1000.000000000000000 ) ;
#3041 = CARTESIAN_POINT ( 'NONE',  ( -0.2500000000000002220, -3.399999999999999911, 0.1500000000000008271 ) ) ;
#3042 =( NAMED_UNIT ( * ) PLANE_ANGLE_UNIT ( ) SI_UNIT ( $, .RADIAN. ) );
#3043 =( NAMED_UNIT ( * ) PLANE_ANGLE_UNIT ( ) SI_UNIT ( $, .RADIAN. ) );
#3044 = VERTEX_POINT ( 'NONE', #6324 ) ;
#3045 = ORIENTED_EDGE ( 'NONE', *, *, #3157, .F. ) ;
#3046 =( GEOMETRIC_REPRESENTATION_CONTEXT ( 3 ) GLOBAL_UNCERTAINTY_ASSIGNED_CONTEXT ( ( #3418 ) ) GLOBAL_UNIT_ASSIGNED_CONTEXT ( ( #4381, #5309, #4438 ) ) REPRESENTATION_CONTEXT ( 'NONE', 'WORKASPACE' ) );
#3047 = VECTOR ( 'NONE', #536, 1000.000000000000000 ) ;
#3048 = SURFACE_STYLE_USAGE ( .BOTH. , #3887 ) ;
#3049 = EDGE_LOOP ( 'NONE', ( #6194, #5376, #6381, #3093 ) ) ;
#3050 = DIRECTION ( 'NONE',  ( 0.7071067811865459074, -0.7071067811865491270, -3.066586833366741374E-16 ) ) ;
#3051 = ORIENTED_EDGE ( 'NONE', *, *, #9644, .F. ) ;
#3052 = ORIENTED_EDGE ( 'NONE', *, *, #4389, .F. ) ;
#3053 = LINE ( 'NONE', #6614, #1670 ) ;
#3054 = CARTESIAN_POINT ( 'NONE',  ( -1.949999999999999956, 0.8200000000000030598, 1.700000000000000178 ) ) ;
#3055 = SURFACE_SIDE_STYLE ('',( #8292 ) ) ;
#3056 = DIRECTION ( 'NONE',  ( -0.0000000000000000000, -0.7071067811865522357, 0.7071067811865427988 ) ) ;
#3057 =( NAMED_UNIT ( * ) SI_UNIT ( $, .STERADIAN. ) SOLID_ANGLE_UNIT ( ) );
#3058 = VECTOR ( 'NONE', #9498, 1000.000000000000000 ) ;
#3059 = LINE ( 'NONE', #569, #1986 ) ;
#3060 =( NAMED_UNIT ( * ) PLANE_ANGLE_UNIT ( ) SI_UNIT ( $, .RADIAN. ) );
#3061 = LINE ( 'NONE', #10962, #5495 ) ;
#3062 = AXIS2_PLACEMENT_3D ( 'NONE', #1848, #5239, #9096 ) ;
#3063 = CARTESIAN_POINT ( 'NONE',  ( -1.949999999999999956, 0.0000000000000000000, -2.800000000000000266 ) ) ;
#3064 = ORIENTED_EDGE ( 'NONE', *, *, #2455, .F. ) ;
#3065 = EDGE_CURVE ( 'NONE', #6010, #9708, #5577, .T. ) ;
#3066 =( GEOMETRIC_REPRESENTATION_CONTEXT ( 3 ) GLOBAL_UNCERTAINTY_ASSIGNED_CONTEXT ( ( #7846 ) ) GLOBAL_UNIT_ASSIGNED_CONTEXT ( ( #2298, #11186, #6572 ) ) REPRESENTATION_CONTEXT ( 'NONE', 'WORKASPACE' ) );
#3067 = CARTESIAN_POINT ( 'NONE',  ( -0.2500000000000002220, -3.399999999999999911, 0.2500000000000002220 ) ) ;
#3068 = VECTOR ( 'NONE', #6035, 1000.000000000000000 ) ;
#3069 = EDGE_LOOP ( 'NONE', ( #4478, #11201, #3588, #3967, #185 ) ) ;
#3070 = ORIENTED_EDGE ( 'NONE', *, *, #139, .F. ) ;
#3071 = EDGE_LOOP ( 'NONE', ( #2300, #11355, #4082, #8808 ) ) ;
#3072 = FILL_AREA_STYLE ('',( #1245 ) ) ;
#3073 = VECTOR ( 'NONE', #8097, 1000.000000000000000 ) ;
#3074 =( NAMED_UNIT ( * ) SI_UNIT ( $, .STERADIAN. ) SOLID_ANGLE_UNIT ( ) );
#3075 =( NAMED_UNIT ( * ) PLANE_ANGLE_UNIT ( ) SI_UNIT ( $, .RADIAN. ) );
#3076 = AXIS2_PLACEMENT_3D ( 'NONE', #2562, #3507, #6201 ) ;
#3078 = FILL_AREA_STYLE_COLOUR ( '', #4929 ) ;
#3077 = STYLED_ITEM ( 'NONE', ( #6522 ), #3613 ) ;
#3079 = LINE ( 'NONE', #591, #10587 ) ;
#3080 = EDGE_LOOP ( 'NONE', ( #3385, #4585, #9816, #9930 ) ) ;
#3081 = AXIS2_PLACEMENT_3D ( 'NONE', #10892, #4575, #4635 ) ;
#3082 = SURFACE_STYLE_USAGE ( .BOTH. , #10298 ) ;
#3083 = VECTOR ( 'NONE', #8985, 1000.000000000000000 ) ;
#3084 = DIRECTION ( 'NONE',  ( 0.5773502691896229555, -0.5773502691896325034, 0.5773502691896219563 ) ) ;
#3085 = PRESENTATION_LAYER_ASSIGNMENT (  '', '', ( #10332 ) ) ;
#3086 = CARTESIAN_POINT ( 'NONE',  ( 0.2499999999999997780, -3.299999999999998490, 0.2500000000000002220 ) ) ;
#3087 = SURFACE_SIDE_STYLE ('',( #5665 ) ) ;
#3088 = VECTOR ( 'NONE', #3191, 1000.000000000000000 ) ;
#3089 =( NAMED_UNIT ( * ) PLANE_ANGLE_UNIT ( ) SI_UNIT ( $, .RADIAN. ) );
#3090 = ORIENTED_EDGE ( 'NONE', *, *, #1047, .T. ) ;
#3091 = LINE ( 'NONE', #10932, #10617 ) ;
#3092 = ORIENTED_EDGE ( 'NONE', *, *, #9, .T. ) ;
#3093 = ORIENTED_EDGE ( 'NONE', *, *, #11387, .F. ) ;
#3094 = VERTEX_POINT ( 'NONE', #60 ) ;
#3095 =( NAMED_UNIT ( * ) PLANE_ANGLE_UNIT ( ) SI_UNIT ( $, .RADIAN. ) );
#3096 = PLANE ( 'NONE',  #9403 ) ;
#3097 = EDGE_CURVE ( 'NONE', #1714, #10511, #10893, .T. ) ;
#3098 = VECTOR ( 'NONE', #4843, 1000.000000000000114 ) ;
#3099 =( GEOMETRIC_REPRESENTATION_CONTEXT ( 3 ) GLOBAL_UNCERTAINTY_ASSIGNED_CONTEXT ( ( #1887 ) ) GLOBAL_UNIT_ASSIGNED_CONTEXT ( ( #9900, #7346, #8329 ) ) REPRESENTATION_CONTEXT ( 'NONE', 'WORKASPACE' ) );
#3100 = ORIENTED_EDGE ( 'NONE', *, *, #3455, .T. ) ;
#3101 = EDGE_CURVE ( 'NONE', #2906, #2059, #5531, .T. ) ;
#3102 = FACE_OUTER_BOUND ( 'NONE', #4385, .T. ) ;
#3103 = ORIENTED_EDGE ( 'NONE', *, *, #2664, .F. ) ;
#3104 =( NAMED_UNIT ( * ) SI_UNIT ( $, .STERADIAN. ) SOLID_ANGLE_UNIT ( ) );
#3105 = DIRECTION ( 'NONE',  ( -1.000000000000000000, 0.0000000000000000000, 4.845596301611193514E-17 ) ) ;
#3106 = CARTESIAN_POINT ( 'NONE',  ( 1.250000000000000666, 1.149999999999999911, -2.050000000000001599 ) ) ;
#3107 = CARTESIAN_POINT ( 'NONE',  ( -0.2500000000000004441, -3.399999999999999911, -0.2499999999999997780 ) ) ;
#3108 = CARTESIAN_POINT ( 'NONE',  ( -0.1500000000000008271, -3.399999999999999911, -0.1500000000000003830 ) ) ;
#3109 = ORIENTED_EDGE ( 'NONE', *, *, #4124, .T. ) ;
#3110 = STYLED_ITEM ( 'NONE', ( #96 ), #4468 ) ;
#3111 = ORIENTED_EDGE ( 'NONE', *, *, #757, .F. ) ;
#3112 = FILL_AREA_STYLE ('',( #5637 ) ) ;
#3113 = LINE ( 'NONE', #10895, #6066 ) ;
#3114 = EDGE_CURVE ( 'NONE', #7468, #9368, #904, .T. ) ;
#3115 = FACE_OUTER_BOUND ( 'NONE', #3538, .T. ) ;
#3116 = DIRECTION ( 'NONE',  ( 0.0000000000000000000, 0.0000000000000000000, 1.000000000000000000 ) ) ;
#3117 = PRESENTATION_STYLE_ASSIGNMENT (( #1143 ) ) ;
#3118 = COLOUR_RGB ( '',1.000000000000000000, 0.8117647058823529438, 0.5019607843137254832 ) ;
#3119 = PLANE ( 'NONE',  #6649 ) ;
#3120 = VECTOR ( 'NONE', #2578, 1000.000000000000114 ) ;
#3121 = SURFACE_STYLE_USAGE ( .BOTH. , #5698 ) ;
#3122 = VERTEX_POINT ( 'NONE', #2928 ) ;
#3123 = DIRECTION ( 'NONE',  ( 1.000000000000000000, -3.872150616019660190E-17, -4.336808689942017736E-16 ) ) ;
#3124 = MECHANICAL_DESIGN_GEOMETRIC_PRESENTATION_REPRESENTATION (  '', ( #10376 ), #9635 ) ;
#3125 = LINE ( 'NONE', #7603, #2060 ) ;
#3126 = DIRECTION ( 'NONE',  ( -1.000000000000000000, 5.421010862427522170E-17, 0.0000000000000000000 ) ) ;
#3127 = DIRECTION ( 'NONE',  ( -0.0000000000000000000, 1.000000000000000000, -0.0000000000000000000 ) ) ;
#3128 = ORIENTED_EDGE ( 'NONE', *, *, #2820, .F. ) ;
#3129 = EDGE_LOOP ( 'NONE', ( #9986, #6736, #5873, #10124 ) ) ;
#3130 = VECTOR ( 'NONE', #2422, 1000.000000000000000 ) ;
#3131 = EDGE_CURVE ( 'NONE', #1809, #8580, #2809, .T. ) ;
#3132 = UNCERTAINTY_MEASURE_WITH_UNIT (LENGTH_MEASURE( 1.000000000000000082E-05 ), #11180, 'distance_accuracy_value', 'NONE');
#3133 = PRESENTATION_LAYER_ASSIGNMENT (  '', '', ( #174 ) ) ;
#3134 = FACE_OUTER_BOUND ( 'NONE', #5240, .T. ) ;
#3135 = MECHANICAL_DESIGN_GEOMETRIC_PRESENTATION_REPRESENTATION (  '', ( #2744 ), #7206 ) ;
#3136 = EDGE_LOOP ( 'NONE', ( #5756, #2373, #10146, #1838 ) ) ;
#3137 = FILL_AREA_STYLE ('',( #7735 ) ) ;
#3138 = CARTESIAN_POINT ( 'NONE',  ( 15.94999999999999929, 0.8200000000000042810, 1.300000000000000044 ) ) ;
#3139 = DIRECTION ( 'NONE',  ( -5.421010862427522170E-17, -1.000000000000000000, 2.350988701644575016E-32 ) ) ;
#3140 = EDGE_CURVE ( 'NONE', #6896, #6273, #4578, .T. ) ;
#3141 = AXIS2_PLACEMENT_3D ( 'NONE', #3488, #7024, #10575 ) ;
#3142 = PRESENTATION_LAYER_ASSIGNMENT (  '', '', ( #2192 ) ) ;
#3143 = SURFACE_STYLE_USAGE ( .BOTH. , #6815 ) ;
#3144 = DIRECTION ( 'NONE',  ( 1.000000000000000000, -5.421010862427522170E-17, 0.0000000000000000000 ) ) ;
#3145 = CARTESIAN_POINT ( 'NONE',  ( 1.150000000000000799, 3.799499999999999655, -0.6005000000000111360 ) ) ;
#3146 = FILL_AREA_STYLE_COLOUR ( '', #2523 ) ;
#3147 = EDGE_CURVE ( 'NONE', #840, #11441, #8003, .T. ) ;
#3148 = STYLED_ITEM ( 'NONE', ( #2501 ), #6106 ) ;
#3149 = LINE ( 'NONE', #9563, #222 ) ;
#3150 = ORIENTED_EDGE ( 'NONE', *, *, #6131, .F. ) ;
#3151 = FILL_AREA_STYLE_COLOUR ( '', #1355 ) ;
#3152 = PRESENTATION_STYLE_ASSIGNMENT (( #9152 ) ) ;
#3153 = DIRECTION ( 'NONE',  ( 3.872150616019660190E-17, 1.000000000000000000, -0.0000000000000000000 ) ) ;
#3154 = ADVANCED_FACE ( 'NONE', ( #9975, #3589 ), #4637, .F. ) ;
#3155 =( GEOMETRIC_REPRESENTATION_CONTEXT ( 3 ) GLOBAL_UNCERTAINTY_ASSIGNED_CONTEXT ( ( #4151 ) ) GLOBAL_UNIT_ASSIGNED_CONTEXT ( ( #10877, #7286, #4620 ) ) REPRESENTATION_CONTEXT ( 'NONE', 'WORKASPACE' ) );
#3156 = MECHANICAL_DESIGN_GEOMETRIC_PRESENTATION_REPRESENTATION (  '', ( #2014 ), #2591 ) ;
#3157 = EDGE_CURVE ( 'NONE', #512, #3340, #3775, .T. ) ;
#3158 = MECHANICAL_DESIGN_GEOMETRIC_PRESENTATION_REPRESENTATION (  '', ( #5776 ), #9495 ) ;
#3159 = SURFACE_SIDE_STYLE ('',( #7815 ) ) ;
#3160 = ORIENTED_EDGE ( 'NONE', *, *, #5115, .F. ) ;
#3161 = DIRECTION ( 'NONE',  ( 0.0000000000000000000, -0.0000000000000000000, 1.000000000000000000 ) ) ;
#3162 = FILL_AREA_STYLE_COLOUR ( '', #10209 ) ;
#3163 =( NAMED_UNIT ( * ) SI_UNIT ( $, .STERADIAN. ) SOLID_ANGLE_UNIT ( ) );
#3164 = LINE ( 'NONE', #5912, #9805 ) ;
#3165 = VERTEX_POINT ( 'NONE', #10838 ) ;
#3166 = VECTOR ( 'NONE', #5083, 1000.000000000000000 ) ;
#3167 = STYLED_ITEM ( 'NONE', ( #3117 ), #9989 ) ;
#3168 =( LENGTH_UNIT ( ) NAMED_UNIT ( * ) SI_UNIT ( .MILLI., .METRE. ) );
#3169 = EDGE_CURVE ( 'NONE', #8638, #1434, #9800, .T. ) ;
#3170 = PLANE ( 'NONE',  #1167 ) ;
#3171 = PRESENTATION_LAYER_ASSIGNMENT (  '', '', ( #8178 ) ) ;
#3172 = FILL_AREA_STYLE ('',( #6609 ) ) ;
#3173 = ORIENTED_EDGE ( 'NONE', *, *, #4572, .F. ) ;
#3174 = EDGE_LOOP ( 'NONE', ( #10805, #3421, #3234, #2345 ) ) ;
#3175 = SURFACE_SIDE_STYLE ('',( #5644 ) ) ;
#3176 = COLOUR_RGB ( '',1.000000000000000000, 0.8117647058823529438, 0.5019607843137254832 ) ;
#3177 = PRESENTATION_LAYER_ASSIGNMENT (  '', '', ( #1483 ) ) ;
#3178 = VERTEX_POINT ( 'NONE', #4930 ) ;
#3179 = STYLED_ITEM ( 'NONE', ( #8079 ), #1231 ) ;
#3180 = CARTESIAN_POINT ( 'NONE',  ( 10.08333333333333215, 5.166666666666671404, 0.08333333333333499404 ) ) ;
#3181 =( GEOMETRIC_REPRESENTATION_CONTEXT ( 3 ) GLOBAL_UNCERTAINTY_ASSIGNED_CONTEXT ( ( #8158 ) ) GLOBAL_UNIT_ASSIGNED_CONTEXT ( ( #1528, #3296, #1646 ) ) REPRESENTATION_CONTEXT ( 'NONE', 'WORKASPACE' ) );
#3182 = EDGE_CURVE ( 'NONE', #5530, #6231, #554, .T. ) ;
#3183 =( LENGTH_UNIT ( ) NAMED_UNIT ( * ) SI_UNIT ( .MILLI., .METRE. ) );
#3184 = ADVANCED_FACE ( 'NONE', ( #10945, #2041 ), #3170, .F. ) ;
#3185 = SURFACE_STYLE_FILL_AREA ( #565 ) ;
#3186 = PRESENTATION_LAYER_ASSIGNMENT (  '', '', ( #770 ) ) ;
#3187 = DIRECTION ( 'NONE',  ( 1.000000000000000000, -5.421010862427522170E-17, 0.0000000000000000000 ) ) ;
#3188 = PRESENTATION_LAYER_ASSIGNMENT (  '', '', ( #5801 ) ) ;
#3189 = CARTESIAN_POINT ( 'NONE',  ( 6.749999999999999112, 3.399999999999999467, -2.050000000000001599 ) ) ;
#3190 = SURFACE_STYLE_USAGE ( .BOTH. , #1533 ) ;
#3191 = DIRECTION ( 'NONE',  ( -0.0000000000000000000, -0.0000000000000000000, 1.000000000000000000 ) ) ;
#3192 = AXIS2_PLACEMENT_3D ( 'NONE', #8564, #10423, #5958 ) ;
#3193 = VERTEX_POINT ( 'NONE', #1225 ) ;
#3194 = ORIENTED_EDGE ( 'NONE', *, *, #9733, .T. ) ;
#3195 = ORIENTED_EDGE ( 'NONE', *, *, #11453, .T. ) ;
#3196 =( NAMED_UNIT ( * ) PLANE_ANGLE_UNIT ( ) SI_UNIT ( $, .RADIAN. ) );
#3197 = LINE ( 'NONE', #4145, #969 ) ;
#3198 = LINE ( 'NONE', #2240, #3922 ) ;
#3199 = SURFACE_STYLE_USAGE ( .BOTH. , #1419 ) ;
#3200 = DIRECTION ( 'NONE',  ( 1.000000000000000000, -3.872150616019660190E-17, -4.336808689942017736E-16 ) ) ;
#3201 = EDGE_CURVE ( 'NONE', #10381, #9226, #11001, .T. ) ;
#3202 = ORIENTED_EDGE ( 'NONE', *, *, #7167, .T. ) ;
#3203 = VECTOR ( 'NONE', #8552, 1000.000000000000000 ) ;
#3204 = LINE ( 'NONE', #5941, #2622 ) ;
#3205 = ORIENTED_EDGE ( 'NONE', *, *, #9195, .F. ) ;
#3206 = CARTESIAN_POINT ( 'NONE',  ( 7.750000000000000000, -3.399999999999999911, 0.1499999999999973577 ) ) ;
#3207 = FILL_AREA_STYLE ('',( #587 ) ) ;
#3208 =( NAMED_UNIT ( * ) PLANE_ANGLE_UNIT ( ) SI_UNIT ( $, .RADIAN. ) );
#3209 = DIRECTION ( 'NONE',  ( -0.0000000000000000000, -0.0000000000000000000, -1.000000000000000000 ) ) ;
#3210 = PRESENTATION_LAYER_ASSIGNMENT (  '', '', ( #10802 ) ) ;
#3211 = EDGE_CURVE ( 'NONE', #9708, #8022, #7649, .T. ) ;
#3212 = DIRECTION ( 'NONE',  ( -9.103382349328301547E-49, -2.350988701644575016E-32, -1.000000000000000000 ) ) ;
#3213 = DIRECTION ( 'NONE',  ( 1.000000000000000000, -0.0000000000000000000, -4.845596301611194130E-17 ) ) ;
#3214 = CARTESIAN_POINT ( 'NONE',  ( 0.05000000000000012768, 5.100000000000001421, -0.1500000000000038525 ) ) ;
#3215 =( LENGTH_UNIT ( ) NAMED_UNIT ( * ) SI_UNIT ( .MILLI., .METRE. ) );
#3216 = CARTESIAN_POINT ( 'NONE',  ( 1.750000000000000666, 5.000000000000004441, 0.2500000000000002220 ) ) ;
#3217 = DIRECTION ( 'NONE',  ( 1.000000000000000000, 0.0000000000000000000, 0.0000000000000000000 ) ) ;
#3218 = DIRECTION ( 'NONE',  ( -0.0000000000000000000, 1.000000000000000000, -0.0000000000000000000 ) ) ;
#3219 =( GEOMETRIC_REPRESENTATION_CONTEXT ( 3 ) GLOBAL_UNCERTAINTY_ASSIGNED_CONTEXT ( ( #775 ) ) GLOBAL_UNIT_ASSIGNED_CONTEXT ( ( #9127, #7376, #10226 ) ) REPRESENTATION_CONTEXT ( 'NONE', 'WORKASPACE' ) );
#3220 = STYLED_ITEM ( 'NONE', ( #11266 ), #2666 ) ;
#3221 = ADVANCED_FACE ( 'NONE', ( #9167 ), #4865, .F. ) ;
#3222 = SURFACE_STYLE_USAGE ( .BOTH. , #8512 ) ;
#3223 = CARTESIAN_POINT ( 'NONE',  ( -1.949999999999999956, 1.800000000000000044, 0.2500000000000002220 ) ) ;
#3224 = SURFACE_SIDE_STYLE ('',( #10367 ) ) ;
#3225 = LINE ( 'NONE', #7695, #5743 ) ;
#3226 = EDGE_LOOP ( 'NONE', ( #2936, #6758, #5883, #381 ) ) ;
#3227 = VERTEX_POINT ( 'NONE', #8457 ) ;
#3228 = ORIENTED_EDGE ( 'NONE', *, *, #7757, .F. ) ;
#3229 = CARTESIAN_POINT ( 'NONE',  ( 11.84999999999999254, 5.100000000000001421, -2.800000000000001155 ) ) ;
#3231 = STYLED_ITEM ( 'NONE', ( #3687 ), #1064 ) ;
#3230 =( NAMED_UNIT ( * ) SI_UNIT ( $, .STERADIAN. ) SOLID_ANGLE_UNIT ( ) );
#3232 = EDGE_CURVE ( 'NONE', #7003, #2495, #496, .T. ) ;
#3233 = ORIENTED_EDGE ( 'NONE', *, *, #10525, .T. ) ;
#3234 = ORIENTED_EDGE ( 'NONE', *, *, #8788, .T. ) ;
#3235 = DIRECTION ( 'NONE',  ( 1.000000000000000000, 0.0000000000000000000, 0.0000000000000000000 ) ) ;
#3236 = FILL_AREA_STYLE ('',( #9532 ) ) ;
#3237 = EDGE_CURVE ( 'NONE', #9952, #8166, #11109, .T. ) ;
#3238 = COLOUR_RGB ( '',1.000000000000000000, 0.8117647058823529438, 0.5019607843137254832 ) ;
#3239 = DIRECTION ( 'NONE',  ( -1.000000000000000000, 0.0000000000000000000, 0.0000000000000000000 ) ) ;
#3240 =( NAMED_UNIT ( * ) SI_UNIT ( $, .STERADIAN. ) SOLID_ANGLE_UNIT ( ) );
#3241 = DIRECTION ( 'NONE',  ( 1.000000000000000000, 0.0000000000000000000, 0.0000000000000000000 ) ) ;
#3242 = ORIENTED_EDGE ( 'NONE', *, *, #686, .T. ) ;
#3243 = COLOUR_RGB ( '',1.000000000000000000, 0.8117647058823529438, 0.5019607843137254832 ) ;
#3244 = FILL_AREA_STYLE ('',( #5930 ) ) ;
#3245 = DIRECTION ( 'NONE',  ( -4.336808689942017736E-16, 0.0000000000000000000, -1.000000000000000000 ) ) ;
#3246 =( LENGTH_UNIT ( ) NAMED_UNIT ( * ) SI_UNIT ( .MILLI., .METRE. ) );
#3247 = PRESENTATION_STYLE_ASSIGNMENT (( #1360 ) ) ;
#3248 = ADVANCED_FACE ( 'NONE', ( #10321 ), #1691, .T. ) ;
#3249 = PRESENTATION_LAYER_ASSIGNMENT (  '', '', ( #10488 ) ) ;
#3250 = AXIS2_PLACEMENT_3D ( 'NONE', #5149, #6877, #8569 ) ;
#3251 = ADVANCED_FACE ( 'NONE', ( #780 ), #3289, .F. ) ;
#3252 = PLANE ( 'NONE',  #10078 ) ;
#3253 = PRESENTATION_STYLE_ASSIGNMENT (( #6911 ) ) ;
#3254 =( NAMED_UNIT ( * ) SI_UNIT ( $, .STERADIAN. ) SOLID_ANGLE_UNIT ( ) );
#3255 = VERTEX_POINT ( 'NONE', #3345 ) ;
#3256 = VERTEX_POINT ( 'NONE', #6893 ) ;
#3257 = ORIENTED_EDGE ( 'NONE', *, *, #4969, .F. ) ;
#3258 =( GEOMETRIC_REPRESENTATION_CONTEXT ( 3 ) GLOBAL_UNCERTAINTY_ASSIGNED_CONTEXT ( ( #2548 ) ) GLOBAL_UNIT_ASSIGNED_CONTEXT ( ( #1914, #9112, #5463 ) ) REPRESENTATION_CONTEXT ( 'NONE', 'WORKASPACE' ) );
#3259 = ORIENTED_EDGE ( 'NONE', *, *, #625, .F. ) ;
#3260 = PLANE ( 'NONE',  #11276 ) ;
#3261 = FACE_OUTER_BOUND ( 'NONE', #5954, .T. ) ;
#3262 =( LENGTH_UNIT ( ) NAMED_UNIT ( * ) SI_UNIT ( .MILLI., .METRE. ) );
#3263 = PRESENTATION_STYLE_ASSIGNMENT (( #4154 ) ) ;
#3264 = DIRECTION ( 'NONE',  ( -1.000000000000000000, -0.0000000000000000000, -0.0000000000000000000 ) ) ;
#3265 = SURFACE_STYLE_USAGE ( .BOTH. , #4205 ) ;
#3266 = EDGE_CURVE ( 'NONE', #4862, #2178, #10440, .T. ) ;
#3267 = CARTESIAN_POINT ( 'NONE',  ( 2.250000000000000000, -3.399999999999999911, -0.2499999999999997780 ) ) ;
#3268 = CARTESIAN_POINT ( 'NONE',  ( -0.2500000000000004441, -3.399999999999999911, -0.2499999999999997780 ) ) ;
#3269 = COLOUR_RGB ( '',1.000000000000000000, 1.000000000000000000, 1.000000000000000000 ) ;
#3270 = ORIENTED_EDGE ( 'NONE', *, *, #10133, .F. ) ;
#3271 = SURFACE_STYLE_USAGE ( .BOTH. , #7753 ) ;
#3272 = COLOUR_RGB ( '',1.000000000000000000, 1.000000000000000000, 1.000000000000000000 ) ;
#3273 = ORIENTED_EDGE ( 'NONE', *, *, #2478, .F. ) ;
#3274 = DIRECTION ( 'NONE',  ( 1.000000000000000000, 0.0000000000000000000, -3.246114288878755706E-17 ) ) ;
#3275 = EDGE_CURVE ( 'NONE', #10484, #8679, #5166, .T. ) ;
#3276 = CIRCLE ( 'NONE', #481, 0.05000000000000019013 ) ;
#3277 = COLOUR_RGB ( '',1.000000000000000000, 0.8117647058823529438, 0.5019607843137254832 ) ;
#3278 = SURFACE_STYLE_USAGE ( .BOTH. , #7240 ) ;
#3279 = CARTESIAN_POINT ( 'NONE',  ( 8.699999999999999289, 0.0000000000000000000, 1.700000000000000178 ) ) ;
#3280 = CARTESIAN_POINT ( 'NONE',  ( 9.750000000000000000, -3.299999999999997158, -0.2499999999999997780 ) ) ;
#3281 = PRESENTATION_LAYER_ASSIGNMENT (  '', '', ( #5316 ) ) ;
#3282 =( NAMED_UNIT ( * ) PLANE_ANGLE_UNIT ( ) SI_UNIT ( $, .RADIAN. ) );
#3283 = ORIENTED_EDGE ( 'NONE', *, *, #9855, .F. ) ;
#3284 = ORIENTED_EDGE ( 'NONE', *, *, #7155, .T. ) ;
#3285 = ORIENTED_EDGE ( 'NONE', *, *, #4137, .T. ) ;
#3286 = DIRECTION ( 'NONE',  ( 1.000000000000000000, -5.421010862427522170E-17, 0.0000000000000000000 ) ) ;
#3287 = PRESENTATION_LAYER_ASSIGNMENT (  '', '', ( #1770 ) ) ;
#3288 = ORIENTED_EDGE ( 'NONE', *, *, #5283, .F. ) ;
#3289 = PLANE ( 'NONE',  #4717 ) ;
#3290 = UNCERTAINTY_MEASURE_WITH_UNIT (LENGTH_MEASURE( 1.000000000000000082E-05 ), #4493, 'distance_accuracy_value', 'NONE');
#3291 = ORIENTED_EDGE ( 'NONE', *, *, #603, .T. ) ;
#3292 = FILL_AREA_STYLE ('',( #673 ) ) ;
#3293 = MECHANICAL_DESIGN_GEOMETRIC_PRESENTATION_REPRESENTATION (  '', ( #8843 ), #872 ) ;
#3294 =( GEOMETRIC_REPRESENTATION_CONTEXT ( 3 ) GLOBAL_UNCERTAINTY_ASSIGNED_CONTEXT ( ( #3668 ) ) GLOBAL_UNIT_ASSIGNED_CONTEXT ( ( #10652, #5274, #10545 ) ) REPRESENTATION_CONTEXT ( 'NONE', 'WORKASPACE' ) );
#3295 = FILL_AREA_STYLE_COLOUR ( '', #6420 ) ;
#3296 =( NAMED_UNIT ( * ) PLANE_ANGLE_UNIT ( ) SI_UNIT ( $, .RADIAN. ) );
#3297 = FILL_AREA_STYLE ('',( #11235 ) ) ;
#3298 = ORIENTED_EDGE ( 'NONE', *, *, #5084, .T. ) ;
#3299 = DIRECTION ( 'NONE',  ( 0.0000000000000000000, -1.000000000000000000, 0.0000000000000000000 ) ) ;
#3300 = FILL_AREA_STYLE ('',( #4997 ) ) ;
#3301 = ORIENTED_EDGE ( 'NONE', *, *, #4990, .F. ) ;
#3302 = FACE_BOUND ( 'NONE', #1045, .T. ) ;
#3303 =( NAMED_UNIT ( * ) PLANE_ANGLE_UNIT ( ) SI_UNIT ( $, .RADIAN. ) );
#3304 = ORIENTED_EDGE ( 'NONE', *, *, #10430, .T. ) ;
#3305 = LINE ( 'NONE', #1907, #8270 ) ;
#3306 = CARTESIAN_POINT ( 'NONE',  ( 13.91666666666666430, 5.166666666666666963, -0.08333333333333542425 ) ) ;
#3307 = ORIENTED_EDGE ( 'NONE', *, *, #4471, .T. ) ;
#3308 = ORIENTED_EDGE ( 'NONE', *, *, #6417, .F. ) ;
#3309 = LINE ( 'NONE', #9427, #10923 ) ;
#3310 = UNCERTAINTY_MEASURE_WITH_UNIT (LENGTH_MEASURE( 1.000000000000000082E-05 ), #4214, 'distance_accuracy_value', 'NONE');
#3311 =( LENGTH_UNIT ( ) NAMED_UNIT ( * ) SI_UNIT ( .MILLI., .METRE. ) );
#3312 = EDGE_CURVE ( 'NONE', #7821, #9002, #7824, .T. ) ;
#3313 = ORIENTED_EDGE ( 'NONE', *, *, #5674, .F. ) ;
#3314 = VECTOR ( 'NONE', #8931, 1000.000000000000000 ) ;
#3315 = DIRECTION ( 'NONE',  ( -4.336808689942017736E-16, 0.0000000000000000000, -1.000000000000000000 ) ) ;
#3316 = CARTESIAN_POINT ( 'NONE',  ( 3.250000000000000888, 3.399999999999999467, -2.050000000000001599 ) ) ;
#3317 = DIRECTION ( 'NONE',  ( -1.000000000000000000, 3.872150616019660190E-17, -0.0000000000000000000 ) ) ;
#3318 = VECTOR ( 'NONE', #3636, 1000.000000000000000 ) ;
#3319 = SURFACE_STYLE_FILL_AREA ( #6185 ) ;
#3320 = PRESENTATION_LAYER_ASSIGNMENT (  '', '', ( #2371 ) ) ;
#3321 = CARTESIAN_POINT ( 'NONE',  ( 15.34999999999999964, 5.649999999999998579, 1.249999999999997558 ) ) ;
#3322 = VERTEX_POINT ( 'NONE', #6943 ) ;
#3323 = COLOUR_RGB ( '',1.000000000000000000, 0.8117647058823529438, 0.5019607843137254832 ) ;
#3324 = CARTESIAN_POINT ( 'NONE',  ( 12.69999999999999929, 0.1999999999999999833, -2.800000000000000266 ) ) ;
#3325 = EDGE_CURVE ( 'NONE', #10208, #4917, #6094, .T. ) ;
#3326 = PRESENTATION_STYLE_ASSIGNMENT (( #3981 ) ) ;
#3327 = EDGE_CURVE ( 'NONE', #6304, #8551, #7880, .T. ) ;
#3328 = FACE_OUTER_BOUND ( 'NONE', #10082, .T. ) ;
#3329 = VERTEX_POINT ( 'NONE', #10818 ) ;
#3330 =( LENGTH_UNIT ( ) NAMED_UNIT ( * ) SI_UNIT ( .MILLI., .METRE. ) );
#3331 = PRESENTATION_STYLE_ASSIGNMENT (( #10362 ) ) ;
#3332 = VECTOR ( 'NONE', #8781, 1000.000000000000114 ) ;
#3333 = VECTOR ( 'NONE', #5304, 1000.000000000000000 ) ;
#3334 = FILL_AREA_STYLE ('',( #480 ) ) ;
#3335 = CARTESIAN_POINT ( 'NONE',  ( 7.249999999999999112, 3.399999999999999467, -2.050000000000001599 ) ) ;
#3336 = CARTESIAN_POINT ( 'NONE',  ( 4.049999999999999822, -3.399999999999999911, 0.1499999999999973577 ) ) ;
#3337 = PLANE ( 'NONE',  #9596 ) ;
#3338 = VECTOR ( 'NONE', #3274, 1000.000000000000000 ) ;
#3339 = FILL_AREA_STYLE ('',( #7817 ) ) ;
#3340 = VERTEX_POINT ( 'NONE', #4561 ) ;
#3341 = EDGE_CURVE ( 'NONE', #3165, #5142, #9961, .T. ) ;
#3342 = ORIENTED_EDGE ( 'NONE', *, *, #1722, .F. ) ;
#3343 = LINE ( 'NONE', #3408, #9903 ) ;
#3344 = PRESENTATION_LAYER_ASSIGNMENT (  '', '', ( #8346 ) ) ;
#3345 = CARTESIAN_POINT ( 'NONE',  ( 1.849999999999996536, 5.100000000000001421, 0.1500000000000042966 ) ) ;
#3346 = DIRECTION ( 'NONE',  ( -1.000000000000000000, -0.0000000000000000000, -0.0000000000000000000 ) ) ;
#3347 = VECTOR ( 'NONE', #1891, 1000.000000000000000 ) ;
#3348 = EDGE_CURVE ( 'NONE', #1404, #4087, #7230, .T. ) ;
#3349 =( GEOMETRIC_REPRESENTATION_CONTEXT ( 3 ) GLOBAL_UNCERTAINTY_ASSIGNED_CONTEXT ( ( #7828 ) ) GLOBAL_UNIT_ASSIGNED_CONTEXT ( ( #4513, #940, #4348 ) ) REPRESENTATION_CONTEXT ( 'NONE', 'WORKASPACE' ) );
#3350 = DIRECTION ( 'NONE',  ( -1.752245935330108674E-15, -1.000000000000000000, 0.0000000000000000000 ) ) ;
#3351 = CARTESIAN_POINT ( 'NONE',  ( 9.750000000000000000, 1.800000000000000044, -0.2499999999999997780 ) ) ;
#3352 = DIRECTION ( 'NONE',  ( 1.000000000000000000, -5.421010862427522170E-17, 0.0000000000000000000 ) ) ;
#3353 = MECHANICAL_DESIGN_GEOMETRIC_PRESENTATION_REPRESENTATION (  '', ( #7998 ), #10955 ) ;
#3354 = VERTEX_POINT ( 'NONE', #2681 ) ;
#3355 = CARTESIAN_POINT ( 'NONE',  ( 13.85000000000000142, -3.399999999999999911, -2.800000000000001155 ) ) ;
#3356 = DIRECTION ( 'NONE',  ( 1.000000000000000000, -5.421010862427522170E-17, 0.0000000000000000000 ) ) ;
#3357 = ORIENTED_EDGE ( 'NONE', *, *, #10400, .T. ) ;
#3358 = SURFACE_STYLE_FILL_AREA ( #8596 ) ;
#3359 =( NAMED_UNIT ( * ) PLANE_ANGLE_UNIT ( ) SI_UNIT ( $, .RADIAN. ) );
#3360 = AXIS2_PLACEMENT_3D ( 'NONE', #5470, #221, #3595 ) ;
#3361 = SURFACE_SIDE_STYLE ('',( #7543 ) ) ;
#3362 = VERTEX_POINT ( 'NONE', #2792 ) ;
#3363 =( GEOMETRIC_REPRESENTATION_CONTEXT ( 3 ) GLOBAL_UNCERTAINTY_ASSIGNED_CONTEXT ( ( #8854 ) ) GLOBAL_UNIT_ASSIGNED_CONTEXT ( ( #2363, #3208, #7616 ) ) REPRESENTATION_CONTEXT ( 'NONE', 'WORKASPACE' ) );
#3364 = PRESENTATION_LAYER_ASSIGNMENT (  '', '', ( #8010 ) ) ;
#3365 = ORIENTED_EDGE ( 'NONE', *, *, #4221, .F. ) ;
#3366 = DIRECTION ( 'NONE',  ( -4.336808689942017736E-16, 0.0000000000000000000, -1.000000000000000000 ) ) ;
#3367 = LINE ( 'NONE', #10397, #5602 ) ;
#3368 = LINE ( 'NONE', #4630, #4948 ) ;
#3369 =( NAMED_UNIT ( * ) PLANE_ANGLE_UNIT ( ) SI_UNIT ( $, .RADIAN. ) );
#3370 = EDGE_CURVE ( 'NONE', #4799, #4000, #6205, .T. ) ;
#3371 = VECTOR ( 'NONE', #6416, 1000.000000000000000 ) ;
#3372 = LINE ( 'NONE', #1542, #4457 ) ;
#3373 = VECTOR ( 'NONE', #1171, 1000.000000000000000 ) ;
#3374 =( NAMED_UNIT ( * ) SI_UNIT ( $, .STERADIAN. ) SOLID_ANGLE_UNIT ( ) );
#3375 = FACE_OUTER_BOUND ( 'NONE', #7907, .T. ) ;
#3376 = AXIS2_PLACEMENT_3D ( 'NONE', #927, #4500, #86 ) ;
#3377 = ORIENTED_EDGE ( 'NONE', *, *, #10870, .F. ) ;
#3378 = DIRECTION ( 'NONE',  ( -4.336808689942017736E-16, 0.0000000000000000000, -1.000000000000000000 ) ) ;
#3379 = DIRECTION ( 'NONE',  ( 0.0000000000000000000, -0.0000000000000000000, 1.000000000000000000 ) ) ;
#3380 = CARTESIAN_POINT ( 'NONE',  ( 3.750000000000000444, -3.299999999999997158, -0.2499999999999997780 ) ) ;
#3381 = CARTESIAN_POINT ( 'NONE',  ( 11.44999999999999751, -4.099999999999999645, 0.5500000000000022649 ) ) ;
#3382 =( LENGTH_UNIT ( ) NAMED_UNIT ( * ) SI_UNIT ( .MILLI., .METRE. ) );
#3383 = PRESENTATION_LAYER_ASSIGNMENT (  '', '', ( #7277 ) ) ;
#3384 =( GEOMETRIC_REPRESENTATION_CONTEXT ( 3 ) GLOBAL_UNCERTAINTY_ASSIGNED_CONTEXT ( ( #4278 ) ) GLOBAL_UNIT_ASSIGNED_CONTEXT ( ( #7910, #11365, #4390 ) ) REPRESENTATION_CONTEXT ( 'NONE', 'WORKASPACE' ) );
#3385 = ORIENTED_EDGE ( 'NONE', *, *, #615, .T. ) ;
#3386 =( NAMED_UNIT ( * ) SI_UNIT ( $, .STERADIAN. ) SOLID_ANGLE_UNIT ( ) );
#3387 = AXIS2_PLACEMENT_3D ( 'NONE', #7452, #5726, #9959 ) ;
#3388 = ORIENTED_EDGE ( 'NONE', *, *, #6311, .T. ) ;
#3389 = DIRECTION ( 'NONE',  ( -1.000000000000000000, 5.421010862427522170E-17, 0.0000000000000000000 ) ) ;
#3390 = CARTESIAN_POINT ( 'NONE',  ( -1.949999999999999956, 0.0000000000000000000, -2.800000000000000266 ) ) ;
#3391 = VERTEX_POINT ( 'NONE', #3756 ) ;
#3392 = STYLED_ITEM ( 'NONE', ( #4875 ), #2157 ) ;
#3393 = ADVANCED_FACE ( 'NONE', ( #7291 ), #9043, .F. ) ;
#3394 = CARTESIAN_POINT ( 'NONE',  ( 2.750000000000000444, 3.399999999999999467, -2.050000000000001599 ) ) ;
#3395 = EDGE_CURVE ( 'NONE', #10036, #2592, #5338, .T. ) ;
#3396 = VERTEX_POINT ( 'NONE', #4458 ) ;
#3397 = ADVANCED_FACE ( 'NONE', ( #2734, #5512 ), #7985, .F. ) ;
#3398 = ORIENTED_EDGE ( 'NONE', *, *, #3728, .T. ) ;
#3399 = LINE ( 'NONE', #6292, #9843 ) ;
#3400 = FILL_AREA_STYLE_COLOUR ( '', #5171 ) ;
#3401 = ORIENTED_EDGE ( 'NONE', *, *, #978, .T. ) ;
#3402 = CARTESIAN_POINT ( 'NONE',  ( 7.750000000000000000, 5.000000000000000888, 0.2500000000000002220 ) ) ;
#3403 = CARTESIAN_POINT ( 'NONE',  ( 1.750000000000000222, 5.000000000000004441, -0.2499999999999997780 ) ) ;
#3404 = FILL_AREA_STYLE ('',( #7761 ) ) ;
#3405 = CARTESIAN_POINT ( 'NONE',  ( 8.250000000000000000, -3.299999999999997158, 0.2500000000000002220 ) ) ;
#3406 = CARTESIAN_POINT ( 'NONE',  ( 8.150000000000002132, 5.100000000000001421, 0.1500000000000025757 ) ) ;
#3407 = ORIENTED_EDGE ( 'NONE', *, *, #1032, .F. ) ;
#3408 = CARTESIAN_POINT ( 'NONE',  ( 7.750000000000000000, 5.000000000000000888, 0.2500000000000002220 ) ) ;
#3409 = FILL_AREA_STYLE ('',( #11388 ) ) ;
#3410 =( GEOMETRIC_REPRESENTATION_CONTEXT ( 3 ) GLOBAL_UNCERTAINTY_ASSIGNED_CONTEXT ( ( #3664 ) ) GLOBAL_UNIT_ASSIGNED_CONTEXT ( ( #1686, #828, #6199 ) ) REPRESENTATION_CONTEXT ( 'NONE', 'WORKASPACE' ) );
#3411 = UNCERTAINTY_MEASURE_WITH_UNIT (LENGTH_MEASURE( 1.000000000000000082E-05 ), #3168, 'distance_accuracy_value', 'NONE');
#3412 = EDGE_CURVE ( 'NONE', #6304, #2963, #7565, .T. ) ;
#3413 = CARTESIAN_POINT ( 'NONE',  ( 13.25000000000000178, 3.399999999999999467, -2.050000000000001599 ) ) ;
#3414 = ORIENTED_EDGE ( 'NONE', *, *, #8934, .T. ) ;
#3415 = ORIENTED_EDGE ( 'NONE', *, *, #470, .T. ) ;
#3416 = CARTESIAN_POINT ( 'NONE',  ( 11.29999999999999893, 0.2000000000000000389, -2.800000000000000266 ) ) ;
#3417 = PLANE ( 'NONE',  #4408 ) ;
#3418 = UNCERTAINTY_MEASURE_WITH_UNIT (LENGTH_MEASURE( 1.000000000000000082E-05 ), #4381, 'distance_accuracy_value', 'NONE');
#3419 = ORIENTED_EDGE ( 'NONE', *, *, #1721, .T. ) ;
#3420 = DIRECTION ( 'NONE',  ( 3.872150616019660190E-17, 1.000000000000000000, -0.0000000000000000000 ) ) ;
#3421 = ORIENTED_EDGE ( 'NONE', *, *, #9894, .T. ) ;
#3422 = CARTESIAN_POINT ( 'NONE',  ( 14.24999999999999822, 5.000000000000000888, 0.2500000000000002220 ) ) ;
#3423 = PRESENTATION_STYLE_ASSIGNMENT (( #5182 ) ) ;
#3424 = PRESENTATION_LAYER_ASSIGNMENT (  '', '', ( #8425 ) ) ;
#3425 = SURFACE_STYLE_USAGE ( .BOTH. , #906 ) ;
#3426 = UNCERTAINTY_MEASURE_WITH_UNIT (LENGTH_MEASURE( 1.000000000000000082E-05 ), #10761, 'distance_accuracy_value', 'NONE');
#3427 = ORIENTED_EDGE ( 'NONE', *, *, #6372, .T. ) ;
#3428 = VECTOR ( 'NONE', #11337, 1000.000000000000000 ) ;
#3429 = CARTESIAN_POINT ( 'NONE',  ( 7.750000000000000000, -3.399999999999999911, 0.2500000000000002220 ) ) ;
#3430 = CARTESIAN_POINT ( 'NONE',  ( -1.949999999999999956, 0.0000000000000000000, -2.050000000000001599 ) ) ;
#3431 = SURFACE_STYLE_FILL_AREA ( #10679 ) ;
#3432 = VECTOR ( 'NONE', #769, 1000.000000000000000 ) ;
#3433 = CARTESIAN_POINT ( 'NONE',  ( -0.2500000000000013323, 0.2000000000000000111, -2.800000000000000266 ) ) ;
#3434 = LINE ( 'NONE', #863, #11097 ) ;
#3435 = ORIENTED_EDGE ( 'NONE', *, *, #8956, .F. ) ;
#3436 = CARTESIAN_POINT ( 'NONE',  ( 14.24999999999999822, 0.2000000000000000111, 0.2500000000000002220 ) ) ;
#3437 = DIRECTION ( 'NONE',  ( -0.0000000000000000000, -0.0000000000000000000, 1.000000000000000000 ) ) ;
#3438 = DIRECTION ( 'NONE',  ( 1.000000000000000000, 0.0000000000000000000, 0.0000000000000000000 ) ) ;
#3439 =( GEOMETRIC_REPRESENTATION_CONTEXT ( 3 ) GLOBAL_UNCERTAINTY_ASSIGNED_CONTEXT ( ( #984 ) ) GLOBAL_UNIT_ASSIGNED_CONTEXT ( ( #9263, #477, #10185 ) ) REPRESENTATION_CONTEXT ( 'NONE', 'WORKASPACE' ) );
#3440 = ORIENTED_EDGE ( 'NONE', *, *, #3455, .F. ) ;
#3441 =( NAMED_UNIT ( * ) PLANE_ANGLE_UNIT ( ) SI_UNIT ( $, .RADIAN. ) );
#3442 = CARTESIAN_POINT ( 'NONE',  ( 7.750000000000000000, 1.800000000000000044, -0.2499999999999997780 ) ) ;
#3443 = DIRECTION ( 'NONE',  ( -0.7071067811865490160, 0.7071067811865460184, -0.0000000000000000000 ) ) ;
#3444 = LINE ( 'NONE', #10361, #7324 ) ;
#3445 = COLOUR_RGB ( '',1.000000000000000000, 0.8117647058823529438, 0.5019607843137254832 ) ;
#3446 = ORIENTED_EDGE ( 'NONE', *, *, #9882, .F. ) ;
#3447 = LINE ( 'NONE', #9446, #4191 ) ;
#3448 = DIRECTION ( 'NONE',  ( -3.833233541708387274E-17, -0.7071067811865386910, -0.7071067811865564545 ) ) ;
#3449 = ORIENTED_EDGE ( 'NONE', *, *, #7362, .F. ) ;
#3450 = ORIENTED_EDGE ( 'NONE', *, *, #5793, .F. ) ;
#3451 = UNCERTAINTY_MEASURE_WITH_UNIT (LENGTH_MEASURE( 1.000000000000000082E-05 ), #7781, 'distance_accuracy_value', 'NONE');
#3452 = LINE ( 'NONE', #8798, #2147 ) ;
#3453 = EDGE_LOOP ( 'NONE', ( #6434, #7359, #522, #6721 ) ) ;
#3454 = PRESENTATION_LAYER_ASSIGNMENT (  '', '', ( #9205 ) ) ;
#3455 = EDGE_CURVE ( 'NONE', #2351, #10781, #8388, .T. ) ;
#3456 = DIRECTION ( 'NONE',  ( 1.000000000000000000, 0.0000000000000000000, 0.0000000000000000000 ) ) ;
#3457 = SURFACE_STYLE_FILL_AREA ( #11379 ) ;
#3458 = ORIENTED_EDGE ( 'NONE', *, *, #4722, .T. ) ;
#3459 = AXIS2_PLACEMENT_3D ( 'NONE', #4940, #1234, #567 ) ;
#3460 = VERTEX_POINT ( 'NONE', #11041 ) ;
#3461 = CYLINDRICAL_SURFACE ( 'NONE', #3614, 0.05000000000000019013 ) ;
#3462 = ADVANCED_FACE ( 'NONE', ( #11093 ), #7393, .F. ) ;
#3463 = SURFACE_STYLE_FILL_AREA ( #7000 ) ;
#3464 = AXIS2_PLACEMENT_3D ( 'NONE', #3641, #6276, #2585 ) ;
#3465 = DIRECTION ( 'NONE',  ( 1.000000000000000000, -5.421010862427522170E-17, 0.0000000000000000000 ) ) ;
#3466 = STYLED_ITEM ( 'NONE', ( #10831 ), #5028 ) ;
#3467 = MECHANICAL_DESIGN_GEOMETRIC_PRESENTATION_REPRESENTATION (  '', ( #9206 ), #6069 ) ;
#3468 = CARTESIAN_POINT ( 'NONE',  ( 8.750000000000000000, 3.400000000000000355, -2.350000000000001865 ) ) ;
#3469 = PRESENTATION_LAYER_ASSIGNMENT (  '', '', ( #5866 ) ) ;
#3470 = EDGE_LOOP ( 'NONE', ( #8744, #10834, #1683, #4467 ) ) ;
#3471 =( LENGTH_UNIT ( ) NAMED_UNIT ( * ) SI_UNIT ( .MILLI., .METRE. ) );
#3472 = PRESENTATION_STYLE_ASSIGNMENT (( #7890 ) ) ;
#3473 = COLOUR_RGB ( '',1.000000000000000000, 0.8117647058823529438, 0.5019607843137254832 ) ;
#3474 = ORIENTED_EDGE ( 'NONE', *, *, #8192, .F. ) ;
#3475 = CARTESIAN_POINT ( 'NONE',  ( 10.83333333333333393, -4.383333333333334636, -0.8333333333333364790 ) ) ;
#3476 = VECTOR ( 'NONE', #1997, 1000.000000000000000 ) ;
#3477 = CARTESIAN_POINT ( 'NONE',  ( 6.966666666666667673, -2.516666666666662611, -1.033333333333332993 ) ) ;
#3478 = ORIENTED_EDGE ( 'NONE', *, *, #65, .F. ) ;
#3479 = DIRECTION ( 'NONE',  ( 0.5773502691896221783, 0.5773502691896348349, -0.5773502691896202910 ) ) ;
#3480 = ADVANCED_FACE ( 'NONE', ( #9389 ), #2915, .F. ) ;
#3481 = ORIENTED_EDGE ( 'NONE', *, *, #10836, .F. ) ;
#3482 = DIRECTION ( 'NONE',  ( -4.336808689942017736E-16, 0.0000000000000000000, -1.000000000000000000 ) ) ;
#3483 = VECTOR ( 'NONE', #1185, 1000.000000000000000 ) ;
#3484 = MECHANICAL_DESIGN_GEOMETRIC_PRESENTATION_REPRESENTATION (  '', ( #6999 ), #3099 ) ;
#3485 = PRESENTATION_LAYER_ASSIGNMENT (  '', '', ( #5544 ) ) ;
#3486 = DIRECTION ( 'NONE',  ( 1.000000000000000000, 0.0000000000000000000, 0.0000000000000000000 ) ) ;
#3487 = SURFACE_STYLE_USAGE ( .BOTH. , #11416 ) ;
#3488 = CARTESIAN_POINT ( 'NONE',  ( 8.050000000000000711, 3.149999999999999023, -2.050000000000001599 ) ) ;
#3489 = CARTESIAN_POINT ( 'NONE',  ( 15.94999999999999929, 0.8200000000000042810, 1.300000000000000044 ) ) ;
#3490 = ORIENTED_EDGE ( 'NONE', *, *, #3828, .F. ) ;
#3491 = CARTESIAN_POINT ( 'NONE',  ( 1.250000000000000666, 1.149999999999999911, -2.350000000000001421 ) ) ;
#3492 = SURFACE_STYLE_USAGE ( .BOTH. , #9656 ) ;
#3493 = DIRECTION ( 'NONE',  ( 1.000000000000000000, -3.872150616019660190E-17, -4.336808689942017736E-16 ) ) ;
#3494 = EDGE_CURVE ( 'NONE', #7789, #9471, #5623, .T. ) ;
#3495 =( LENGTH_UNIT ( ) NAMED_UNIT ( * ) SI_UNIT ( .MILLI., .METRE. ) );
#3496 = SURFACE_STYLE_FILL_AREA ( #7911 ) ;
#3497 = MECHANICAL_DESIGN_GEOMETRIC_PRESENTATION_REPRESENTATION (  '', ( #8510 ), #9442 ) ;
#3498 = COLOUR_RGB ( '',1.000000000000000000, 1.000000000000000000, 1.000000000000000000 ) ;
#3499 = CARTESIAN_POINT ( 'NONE',  ( 8.750000000000000000, 3.149999999999999023, -2.050000000000001599 ) ) ;
#3500 = VERTEX_POINT ( 'NONE', #4790 ) ;
#3501 =( NAMED_UNIT ( * ) SI_UNIT ( $, .STERADIAN. ) SOLID_ANGLE_UNIT ( ) );
#3502 = UNCERTAINTY_MEASURE_WITH_UNIT (LENGTH_MEASURE( 1.000000000000000082E-05 ), #3330, 'distance_accuracy_value', 'NONE');
#3503 =( LENGTH_UNIT ( ) NAMED_UNIT ( * ) SI_UNIT ( .MILLI., .METRE. ) );
#3504 =( NAMED_UNIT ( * ) PLANE_ANGLE_UNIT ( ) SI_UNIT ( $, .RADIAN. ) );
#3505 = PLANE ( 'NONE',  #9790 ) ;
#3506 = EDGE_CURVE ( 'NONE', #8807, #7865, #7457, .T. ) ;
#3507 = DIRECTION ( 'NONE',  ( -0.0000000000000000000, 0.0000000000000000000, 1.000000000000000000 ) ) ;
#3508 =( NAMED_UNIT ( * ) PLANE_ANGLE_UNIT ( ) SI_UNIT ( $, .RADIAN. ) );
#3509 = CARTESIAN_POINT ( 'NONE',  ( 15.95100000000000051, 6.000000000000000000, -0.6800000000000000488 ) ) ;
#3510 = ADVANCED_FACE ( 'NONE', ( #1269 ), #6132, .T. ) ;
#3511 = ADVANCED_FACE ( 'NONE', ( #6074 ), #4222, .T. ) ;
#3512 = DIRECTION ( 'NONE',  ( -0.0000000000000000000, -0.0000000000000000000, 1.000000000000000000 ) ) ;
#3513 = FACE_OUTER_BOUND ( 'NONE', #6301, .T. ) ;
#3514 = DIRECTION ( 'NONE',  ( -9.103382349328301547E-49, -2.350988701644575016E-32, -1.000000000000000000 ) ) ;
#3515 = VECTOR ( 'NONE', #9876, 1000.000000000000000 ) ;
#3516 = DIRECTION ( 'NONE',  ( -1.000000000000000000, 3.872150616019660190E-17, 0.0000000000000000000 ) ) ;
#3517 = SURFACE_STYLE_FILL_AREA ( #10556 ) ;
#3518 = VERTEX_POINT ( 'NONE', #4977 ) ;
#3519 = CARTESIAN_POINT ( 'NONE',  ( -0.2200000000000003619, 4.229999999999999538, 1.249999999999997558 ) ) ;
#3520 = FACE_OUTER_BOUND ( 'NONE', #5846, .T. ) ;
#3521 = ORIENTED_EDGE ( 'NONE', *, *, #1744, .F. ) ;
#3522 = EDGE_CURVE ( 'NONE', #3460, #5534, #8677, .T. ) ;
#3523 = COLOUR_RGB ( '',1.000000000000000000, 0.8117647058823529438, 0.5019607843137254832 ) ;
#3524 = LINE ( 'NONE', #7892, #7572 ) ;
#3525 = LINE ( 'NONE', #2579, #6255 ) ;
#3526 = ORIENTED_EDGE ( 'NONE', *, *, #6596, .T. ) ;
#3527 = AXIS2_PLACEMENT_3D ( 'NONE', #200, #10085, #7459 ) ;
#3528 = PRESENTATION_STYLE_ASSIGNMENT (( #6162 ) ) ;
#3529 = VERTEX_POINT ( 'NONE', #604 ) ;
#3530 = FILL_AREA_STYLE_COLOUR ( '', #7920 ) ;
#3531 = UNCERTAINTY_MEASURE_WITH_UNIT (LENGTH_MEASURE( 1.000000000000000082E-05 ), #2821, 'distance_accuracy_value', 'NONE');
#3532 = EDGE_LOOP ( 'NONE', ( #4594, #1481, #1268, #8129 ) ) ;
#3533 = VECTOR ( 'NONE', #8805, 1000.000000000000000 ) ;
#3534 = LINE ( 'NONE', #7193, #11307 ) ;
#3535 = EDGE_CURVE ( 'NONE', #4340, #9215, #2500, .T. ) ;
#3536 = VECTOR ( 'NONE', #3731, 1000.000000000000000 ) ;
#3537 = EDGE_LOOP ( 'NONE', ( #3597, #3160, #10113, #250, #11085, #10065, #4783, #321, #6360, #6425, #471, #6004, #9979, #4149 ) ) ;
#3538 = EDGE_LOOP ( 'NONE', ( #6848, #2923, #3622, #11207 ) ) ;
#3539 = EDGE_CURVE ( 'NONE', #9226, #5161, #3447, .T. ) ;
#3540 =( NAMED_UNIT ( * ) SI_UNIT ( $, .STERADIAN. ) SOLID_ANGLE_UNIT ( ) );
#3541 = CARTESIAN_POINT ( 'NONE',  ( 1.150000000000000799, 1.799999999999999600, 1.249999999999997558 ) ) ;
#3542 = AXIS2_PLACEMENT_3D ( 'NONE', #8794, #11435, #8734 ) ;
#3543 = DIRECTION ( 'NONE',  ( -0.0000000000000000000, 1.000000000000000000, -0.0000000000000000000 ) ) ;
#3544 = DIRECTION ( 'NONE',  ( -0.0000000000000000000, -0.0000000000000000000, -1.000000000000000000 ) ) ;
#3545 = PLANE ( 'NONE',  #4099 ) ;
#3546 = CARTESIAN_POINT ( 'NONE',  ( 7.249999999999999112, 3.399999999999999467, -2.350000000000001421 ) ) ;
#3547 = STYLED_ITEM ( 'NONE', ( #5735 ), #10823 ) ;
#3548 = FACE_OUTER_BOUND ( 'NONE', #10852, .T. ) ;
#3549 = DIRECTION ( 'NONE',  ( 1.000000000000000000, 0.0000000000000000000, 0.0000000000000000000 ) ) ;
#3550 = VECTOR ( 'NONE', #2126, 1000.000000000000000 ) ;
#3551 = SURFACE_STYLE_USAGE ( .BOTH. , #10685 ) ;
#3552 = VECTOR ( 'NONE', #2939, 1000.000000000000000 ) ;
#3553 = EDGE_CURVE ( 'NONE', #1319, #2016, #11319, .T. ) ;
#3554 = VERTEX_POINT ( 'NONE', #6986 ) ;
#3555 = EDGE_CURVE ( 'NONE', #4394, #3329, #2322, .T. ) ;
#3557 = ADVANCED_FACE ( 'NONE', ( #11212 ), #9888, .F. ) ;
#3556 = CARTESIAN_POINT ( 'NONE',  ( 14.22000000000000064, 4.230000000000001315, 1.599999999999999867 ) ) ;
#3558 = FILL_AREA_STYLE ('',( #9659 ) ) ;
#3559 = VECTOR ( 'NONE', #7532, 1000.000000000000000 ) ;
#3560 = VECTOR ( 'NONE', #622, 1000.000000000000000 ) ;
#3561 = DIRECTION ( 'NONE',  ( 1.000000000000000000, -5.421010862427522170E-17, 0.0000000000000000000 ) ) ;
#3562 = PRESENTATION_LAYER_ASSIGNMENT (  '', '', ( #10238 ) ) ;
#3563 = SURFACE_SIDE_STYLE ('',( #4268 ) ) ;
#3564 = ORIENTED_EDGE ( 'NONE', *, *, #3800, .F. ) ;
#3565 = CARTESIAN_POINT ( 'NONE',  ( 4.966666666666667673, -2.516666666666662611, -1.033333333333332993 ) ) ;
#3566 = ADVANCED_FACE ( 'NONE', ( #7278 ), #10591, .F. ) ;
#3567 =( NAMED_UNIT ( * ) SI_UNIT ( $, .STERADIAN. ) SOLID_ANGLE_UNIT ( ) );
#3568 = VECTOR ( 'NONE', #5546, 1000.000000000000000 ) ;
#3569 = FACE_OUTER_BOUND ( 'NONE', #7602, .T. ) ;
#3570 =( GEOMETRIC_REPRESENTATION_CONTEXT ( 3 ) GLOBAL_UNCERTAINTY_ASSIGNED_CONTEXT ( ( #8549 ) ) GLOBAL_UNIT_ASSIGNED_CONTEXT ( ( #8605, #6751, #10290 ) ) REPRESENTATION_CONTEXT ( 'NONE', 'WORKASPACE' ) );
#3571 = PRESENTATION_LAYER_ASSIGNMENT (  '', '', ( #51 ) ) ;
#3572 = EDGE_LOOP ( 'NONE', ( #7166, #5511, #3730, #9580 ) ) ;
#3573 = PLANE ( 'NONE',  #2788 ) ;
#3574 = CARTESIAN_POINT ( 'NONE',  ( 10.24999999999999822, 1.800000000000000044, -0.2499999999999997780 ) ) ;
#3575 = VERTEX_POINT ( 'NONE', #8140 ) ;
#3576 = ORIENTED_EDGE ( 'NONE', *, *, #5259, .F. ) ;
#3577 =( NAMED_UNIT ( * ) PLANE_ANGLE_UNIT ( ) SI_UNIT ( $, .RADIAN. ) );
#3578 = EDGE_LOOP ( 'NONE', ( #165, #10200, #8740, #8704, #7524, #7608 ) ) ;
#3579 = CARTESIAN_POINT ( 'NONE',  ( 3.750000000000000444, 0.2000000000000000944, 0.2500000000000002220 ) ) ;
#3580 = PRESENTATION_LAYER_ASSIGNMENT (  '', '', ( #8395 ) ) ;
#3581 = FILL_AREA_STYLE_COLOUR ( '', #8945 ) ;
#3582 = DIRECTION ( 'NONE',  ( -4.336808689942017736E-16, 0.0000000000000000000, -1.000000000000000000 ) ) ;
#3583 = SURFACE_STYLE_FILL_AREA ( #5173 ) ;
#3584 = ORIENTED_EDGE ( 'NONE', *, *, #3327, .F. ) ;
#3585 = DIRECTION ( 'NONE',  ( 0.5773502691896253980, 0.5773502691896281735, -0.5773502691896237327 ) ) ;
#3586 = LINE ( 'NONE', #7127, #1930 ) ;
#3587 = FACE_OUTER_BOUND ( 'NONE', #11182, .T. ) ;
#3588 = ORIENTED_EDGE ( 'NONE', *, *, #8869, .T. ) ;
#3589 = FACE_BOUND ( 'NONE', #6344, .T. ) ;
#3590 =( NAMED_UNIT ( * ) SI_UNIT ( $, .STERADIAN. ) SOLID_ANGLE_UNIT ( ) );
#3591 = SURFACE_STYLE_FILL_AREA ( #4580 ) ;
#3592 = UNCERTAINTY_MEASURE_WITH_UNIT (LENGTH_MEASURE( 1.000000000000000082E-05 ), #11072, 'distance_accuracy_value', 'NONE');
#3593 = CARTESIAN_POINT ( 'NONE',  ( 15.94999999999999929, 0.0000000000000000000, 1.699999999999999289 ) ) ;
#3594 = ORIENTED_EDGE ( 'NONE', *, *, #9156, .F. ) ;
#3595 = DIRECTION ( 'NONE',  ( 4.336808689942017736E-16, 0.0000000000000000000, 1.000000000000000000 ) ) ;
#3596 = ORIENTED_EDGE ( 'NONE', *, *, #6872, .F. ) ;
#3597 = ORIENTED_EDGE ( 'NONE', *, *, #1516, .F. ) ;
#3598 = PLANE ( 'NONE',  #3958 ) ;
#3599 = CARTESIAN_POINT ( 'NONE',  ( 3.250000000000000888, 3.149999999999999023, -2.050000000000001599 ) ) ;
#3600 = LINE ( 'NONE', #968, #2569 ) ;
#3601 = FILL_AREA_STYLE_COLOUR ( '', #9272 ) ;
#3602 = CARTESIAN_POINT ( 'NONE',  ( 15.17999999999999972, 4.230000000000001315, -2.801000000000000600 ) ) ;
#3603 =( NAMED_UNIT ( * ) SI_UNIT ( $, .STERADIAN. ) SOLID_ANGLE_UNIT ( ) );
#3604 = CARTESIAN_POINT ( 'NONE',  ( 2.250000000000000000, -3.299999999999998490, -0.2499999999999997780 ) ) ;
#3605 = ADVANCED_FACE ( 'NONE', ( #4450 ), #9777, .F. ) ;
#3606 = FILL_AREA_STYLE ('',( #7204 ) ) ;
#3607 = LINE ( 'NONE', #10684, #9568 ) ;
#3608 = EDGE_CURVE ( 'NONE', #9002, #8108, #297, .T. ) ;
#3609 =( NAMED_UNIT ( * ) SI_UNIT ( $, .STERADIAN. ) SOLID_ANGLE_UNIT ( ) );
#3610 = ADVANCED_FACE ( 'NONE', ( #1951 ), #2189, .F. ) ;
#3611 = MECHANICAL_DESIGN_GEOMETRIC_PRESENTATION_REPRESENTATION (  '', ( #5107 ), #8812 ) ;
#3612 =( NAMED_UNIT ( * ) SI_UNIT ( $, .STERADIAN. ) SOLID_ANGLE_UNIT ( ) );
#3613 = ADVANCED_FACE ( 'NONE', ( #4667 ), #4034, .F. ) ;
#3614 = AXIS2_PLACEMENT_3D ( 'NONE', #10605, #5510, #1961 ) ;
#3615 = CARTESIAN_POINT ( 'NONE',  ( 6.249999999999998224, -3.399999999999999911, 0.2500000000000002220 ) ) ;
#3616 =( NAMED_UNIT ( * ) PLANE_ANGLE_UNIT ( ) SI_UNIT ( $, .RADIAN. ) );
#3617 = CARTESIAN_POINT ( 'NONE',  ( -1.949999999999999956, 6.000000000000000000, -2.800000000000000266 ) ) ;
#3618 = MECHANICAL_DESIGN_GEOMETRIC_PRESENTATION_REPRESENTATION (  '', ( #7503 ), #6233 ) ;
#3619 = CARTESIAN_POINT ( 'NONE',  ( -1.180000000000000382, 4.229999999999999538, 1.700000000000000178 ) ) ;
#3620 = SURFACE_STYLE_USAGE ( .BOTH. , #4611 ) ;
#3621 = ADVANCED_FACE ( 'NONE', ( #10119 ), #2127, .F. ) ;
#3622 = ORIENTED_EDGE ( 'NONE', *, *, #3169, .F. ) ;
#3623 = VECTOR ( 'NONE', #7185, 1000.000000000000000 ) ;
#3624 = SURFACE_SIDE_STYLE ('',( #8801 ) ) ;
#3625 = CARTESIAN_POINT ( 'NONE',  ( 6.249999999999998224, 5.000000000000004441, 0.2500000000000002220 ) ) ;
#3626 = ORIENTED_EDGE ( 'NONE', *, *, #7217, .F. ) ;
#3627 = ORIENTED_EDGE ( 'NONE', *, *, #686, .F. ) ;
#3628 = SURFACE_STYLE_FILL_AREA ( #103 ) ;
#3629 = SURFACE_STYLE_FILL_AREA ( #3409 ) ;
#3630 =( GEOMETRIC_REPRESENTATION_CONTEXT ( 3 ) GLOBAL_UNCERTAINTY_ASSIGNED_CONTEXT ( ( #4367 ) ) GLOBAL_UNIT_ASSIGNED_CONTEXT ( ( #1496, #468, #11151 ) ) REPRESENTATION_CONTEXT ( 'NONE', 'WORKASPACE' ) );
#3631 =( LENGTH_UNIT ( ) NAMED_UNIT ( * ) SI_UNIT ( .MILLI., .METRE. ) );
#3632 = PRESENTATION_STYLE_ASSIGNMENT (( #1004 ) ) ;
#3633 = DIRECTION ( 'NONE',  ( -4.336808689942017736E-16, 0.0000000000000000000, -1.000000000000000000 ) ) ;
#3634 = CARTESIAN_POINT ( 'NONE',  ( 13.25000000000000178, 3.399999999999999467, -2.350000000000001865 ) ) ;
#3635 = ORIENTED_EDGE ( 'NONE', *, *, #615, .F. ) ;
#3636 = DIRECTION ( 'NONE',  ( -9.103382349328301547E-49, -2.350988701644575016E-32, -1.000000000000000000 ) ) ;
#3637 = ORIENTED_EDGE ( 'NONE', *, *, #6150, .F. ) ;
#3638 = VECTOR ( 'NONE', #3854, 1000.000000000000227 ) ;
#3639 = CARTESIAN_POINT ( 'NONE',  ( 13.44999999999999751, -4.099999999999998757, 0.5500000000000014877 ) ) ;
#3640 = CARTESIAN_POINT ( 'NONE',  ( 2.700000000000003286, 0.0000000000000000000, -2.800000000000000266 ) ) ;
#3641 = CARTESIAN_POINT ( 'NONE',  ( -0.2500000000000002220, -3.399999999999999911, 0.2500000000000002220 ) ) ;
#3642 = PRESENTATION_LAYER_ASSIGNMENT (  '', '', ( #4964 ) ) ;
#3643 =( NAMED_UNIT ( * ) PLANE_ANGLE_UNIT ( ) SI_UNIT ( $, .RADIAN. ) );
#3644 = CARTESIAN_POINT ( 'NONE',  ( -1.949999999999999734, 5.100000000000001421, 0.1500000000000025757 ) ) ;
#3645 = STYLED_ITEM ( 'NONE', ( #5905 ), #1791 ) ;
#3646 = ORIENTED_EDGE ( 'NONE', *, *, #8644, .F. ) ;
#3647 = DIRECTION ( 'NONE',  ( -3.872150616019660190E-17, -1.000000000000000000, 0.0000000000000000000 ) ) ;
#3648 = ORIENTED_EDGE ( 'NONE', *, *, #2905, .F. ) ;
#3649 = EDGE_LOOP ( 'NONE', ( #10344, #8919, #7981, #2010, #10583 ) ) ;
#3650 = COLOUR_RGB ( '',1.000000000000000000, 0.8117647058823529438, 0.5019607843137254832 ) ;
#3651 = CARTESIAN_POINT ( 'NONE',  ( 9.250000000000001776, 3.149999999999999023, -2.050000000000001599 ) ) ;
#3652 = AXIS2_PLACEMENT_3D ( 'NONE', #6907, #10278, #8538 ) ;
#3653 = LINE ( 'NONE', #8955, #2771 ) ;
#3654 = CARTESIAN_POINT ( 'NONE',  ( 13.74999999999999822, 1.800000000000000044, 0.2500000000000002220 ) ) ;
#3655 = FACE_OUTER_BOUND ( 'NONE', #7670, .T. ) ;
#3656 = CARTESIAN_POINT ( 'NONE',  ( 4.699999999999999289, 0.1999999999999999833, 1.700000000000000178 ) ) ;
#3657 = LINE ( 'NONE', #4762, #9271 ) ;
#3658 = CARTESIAN_POINT ( 'NONE',  ( 11.25000000000000000, 3.399999999999999467, -2.300000000000003375 ) ) ;
#3659 = MECHANICAL_DESIGN_GEOMETRIC_PRESENTATION_REPRESENTATION (  '', ( #6438 ), #313 ) ;
#3660 = VECTOR ( 'NONE', #4740, 1000.000000000000000 ) ;
#3661 = VERTEX_POINT ( 'NONE', #9435 ) ;
#3662 = SURFACE_SIDE_STYLE ('',( #6508 ) ) ;
#3663 = FILL_AREA_STYLE_COLOUR ( '', #6354 ) ;
#3664 = UNCERTAINTY_MEASURE_WITH_UNIT (LENGTH_MEASURE( 1.000000000000000082E-05 ), #1686, 'distance_accuracy_value', 'NONE');
#3665 = CARTESIAN_POINT ( 'NONE',  ( 2.699999999999999734, 0.1999999999999999833, -2.800000000000000266 ) ) ;
#3666 = ADVANCED_FACE ( 'NONE', ( #7857 ), #590, .F. ) ;
#3667 = VECTOR ( 'NONE', #7282, 1000.000000000000000 ) ;
#3668 = UNCERTAINTY_MEASURE_WITH_UNIT (LENGTH_MEASURE( 1.000000000000000082E-05 ), #10652, 'distance_accuracy_value', 'NONE');
#3669 = EDGE_CURVE ( 'NONE', #2580, #8260, #4416, .T. ) ;
#3670 = ORIENTED_EDGE ( 'NONE', *, *, #9992, .T. ) ;
#3671 = FILL_AREA_STYLE ('',( #9775 ) ) ;
#3672 = UNCERTAINTY_MEASURE_WITH_UNIT (LENGTH_MEASURE( 1.000000000000000082E-05 ), #10824, 'distance_accuracy_value', 'NONE');
#3673 = FILL_AREA_STYLE ('',( #8793 ) ) ;
#3674 = CARTESIAN_POINT ( 'NONE',  ( 11.29999999999999893, 0.2000000000000000389, 1.700000000000000178 ) ) ;
#3675 = ORIENTED_EDGE ( 'NONE', *, *, #3841, .F. ) ;
#3676 = EDGE_LOOP ( 'NONE', ( #7392, #5843, #5073, #9744 ) ) ;
#3677 = EDGE_CURVE ( 'NONE', #276, #3725, #10242, .T. ) ;
#3678 = COLOUR_RGB ( '',1.000000000000000000, 0.8117647058823529438, 0.5019607843137254832 ) ;
#3679 = FILL_AREA_STYLE ('',( #303 ) ) ;
#3680 = EDGE_CURVE ( 'NONE', #3748, #11188, #1378, .T. ) ;
#3681 = VECTOR ( 'NONE', #11178, 1000.000000000000000 ) ;
#3682 = DIRECTION ( 'NONE',  ( 0.5773502691896246208, -0.5773502691896266192, 0.5773502691896260641 ) ) ;
#3683 = SURFACE_STYLE_USAGE ( .BOTH. , #717 ) ;
#3684 = SURFACE_SIDE_STYLE ('',( #1114 ) ) ;
#3685 = DIRECTION ( 'NONE',  ( -1.000000000000000000, 3.872150616019660190E-17, -0.0000000000000000000 ) ) ;
#3686 = EDGE_LOOP ( 'NONE', ( #5273, #7580, #9636, #3291 ) ) ;
#3687 = PRESENTATION_STYLE_ASSIGNMENT (( #150 ) ) ;
#3688 = FILL_AREA_STYLE_COLOUR ( '', #11028 ) ;
#3689 = VECTOR ( 'NONE', #110, 1000.000000000000000 ) ;
#3690 =( LENGTH_UNIT ( ) NAMED_UNIT ( * ) SI_UNIT ( .MILLI., .METRE. ) );
#3691 = STYLED_ITEM ( 'NONE', ( #1648 ), #7719 ) ;
#3692 = EDGE_CURVE ( 'NONE', #1641, #1714, #4322, .T. ) ;
#3693 = VECTOR ( 'NONE', #9762, 1000.000000000000000 ) ;
#3694 = DIRECTION ( 'NONE',  ( -0.0000000000000000000, -0.0000000000000000000, 1.000000000000000000 ) ) ;
#3695 = SURFACE_STYLE_USAGE ( .BOTH. , #5348 ) ;
#3696 = CARTESIAN_POINT ( 'NONE',  ( 11.29999999999999893, 0.0000000000000000000, -2.800000000000000266 ) ) ;
#3697 = ORIENTED_EDGE ( 'NONE', *, *, #10071, .T. ) ;
#3698 = VERTEX_POINT ( 'NONE', #2249 ) ;
#3699 = VECTOR ( 'NONE', #5127, 1000.000000000000000 ) ;
#3700 = SURFACE_STYLE_FILL_AREA ( #4571 ) ;
#3701 = SURFACE_SIDE_STYLE ('',( #264 ) ) ;
#3702 = ORIENTED_EDGE ( 'NONE', *, *, #9565, .F. ) ;
#3703 = CARTESIAN_POINT ( 'NONE',  ( -0.7000000000000002887, 0.2000000000000000389, 1.700000000000000178 ) ) ;
#3704 = SURFACE_SIDE_STYLE ('',( #268 ) ) ;
#3705 = CARTESIAN_POINT ( 'NONE',  ( 4.750000000000000888, 3.399999999999999467, -2.300000000000003375 ) ) ;
#3706 = UNCERTAINTY_MEASURE_WITH_UNIT (LENGTH_MEASURE( 1.000000000000000082E-05 ), #11077, 'distance_accuracy_value', 'NONE');
#3707 = EDGE_CURVE ( 'NONE', #5212, #8482, #8665, .T. ) ;
#3708 =( NAMED_UNIT ( * ) PLANE_ANGLE_UNIT ( ) SI_UNIT ( $, .RADIAN. ) );
#3709 = DIRECTION ( 'NONE',  ( 0.0000000000000000000, -0.0000000000000000000, 1.000000000000000000 ) ) ;
#3710 = SURFACE_STYLE_USAGE ( .BOTH. , #8887 ) ;
#3711 = ORIENTED_EDGE ( 'NONE', *, *, #3506, .T. ) ;
#3712 = FACE_OUTER_BOUND ( 'NONE', #2638, .T. ) ;
#3713 = CARTESIAN_POINT ( 'NONE',  ( 10.75000000000000000, 1.149999999999999911, -2.050000000000001599 ) ) ;
#3714 = AXIS2_PLACEMENT_3D ( 'NONE', #6442, #9984, #9120 ) ;
#3715 =( GEOMETRIC_REPRESENTATION_CONTEXT ( 3 ) GLOBAL_UNCERTAINTY_ASSIGNED_CONTEXT ( ( #9310 ) ) GLOBAL_UNIT_ASSIGNED_CONTEXT ( ( #1563, #5090, #7687 ) ) REPRESENTATION_CONTEXT ( 'NONE', 'WORKASPACE' ) );
#3716 = DIRECTION ( 'NONE',  ( -4.336808689942017736E-16, 1.679277644031839923E-32, -1.000000000000000000 ) ) ;
#3717 = CARTESIAN_POINT ( 'NONE',  ( 3.299999999999999378, 0.2000000000000000389, 1.700000000000000178 ) ) ;
#3718 = PLANE ( 'NONE',  #848 ) ;
#3719 =( NAMED_UNIT ( * ) SI_UNIT ( $, .STERADIAN. ) SOLID_ANGLE_UNIT ( ) );
#3720 = AXIS2_PLACEMENT_3D ( 'NONE', #8503, #531, #4105 ) ;
#3721 = STYLED_ITEM ( 'NONE', ( #8088 ), #10533 ) ;
#3722 = CARTESIAN_POINT ( 'NONE',  ( 12.75000000000000178, 3.399999999999999467, -2.300000000000003375 ) ) ;
#3723 = EDGE_CURVE ( 'NONE', #8993, #2671, #1552, .T. ) ;
#3724 = COLOUR_RGB ( '',1.000000000000000000, 0.8117647058823529438, 0.5019607843137254832 ) ;
#3725 = VERTEX_POINT ( 'NONE', #10464 ) ;
#3726 = PRESENTATION_LAYER_ASSIGNMENT (  '', '', ( #1113 ) ) ;
#3727 = DIRECTION ( 'NONE',  ( 1.000000000000000000, -3.872150616019660190E-17, -4.336808689942017736E-16 ) ) ;
#3728 = EDGE_CURVE ( 'NONE', #6319, #2580, #699, .T. ) ;
#3729 = PRESENTATION_STYLE_ASSIGNMENT (( #9018 ) ) ;
#3730 = ORIENTED_EDGE ( 'NONE', *, *, #6596, .F. ) ;
#3731 = DIRECTION ( 'NONE',  ( -9.103382349328301547E-49, -2.350988701644575016E-32, -1.000000000000000000 ) ) ;
#3732 = DIRECTION ( 'NONE',  ( -1.000000000000000000, 5.421010862427522170E-17, 0.0000000000000000000 ) ) ;
#3733 = STYLED_ITEM ( 'NONE', ( #1260 ), #10638 ) ;
#3734 = CARTESIAN_POINT ( 'NONE',  ( 8.750000000000000000, 3.399999999999999467, -2.050000000000001599 ) ) ;
#3735 =( GEOMETRIC_REPRESENTATION_CONTEXT ( 3 ) GLOBAL_UNCERTAINTY_ASSIGNED_CONTEXT ( ( #10673 ) ) GLOBAL_UNIT_ASSIGNED_CONTEXT ( ( #11244, #3303, #2475 ) ) REPRESENTATION_CONTEXT ( 'NONE', 'WORKASPACE' ) );
#3736 = SURFACE_STYLE_FILL_AREA ( #183 ) ;
#3737 = MECHANICAL_DESIGN_GEOMETRIC_PRESENTATION_REPRESENTATION (  '', ( #2038 ), #386 ) ;
#3738 = PRESENTATION_LAYER_ASSIGNMENT (  '', '', ( #5605 ) ) ;
#3739 =( NAMED_UNIT ( * ) PLANE_ANGLE_UNIT ( ) SI_UNIT ( $, .RADIAN. ) );
#3740 = VERTEX_POINT ( 'NONE', #10412 ) ;
#3741 = SURFACE_STYLE_FILL_AREA ( #10808 ) ;
#3742 = DIRECTION ( 'NONE',  ( 1.000000000000000000, -0.0000000000000000000, -4.845596301611194130E-17 ) ) ;
#3743 = STYLED_ITEM ( 'NONE', ( #1921 ), #10909 ) ;
#3744 =( GEOMETRIC_REPRESENTATION_CONTEXT ( 3 ) GLOBAL_UNCERTAINTY_ASSIGNED_CONTEXT ( ( #1890 ) ) GLOBAL_UNIT_ASSIGNED_CONTEXT ( ( #6317, #1852, #1906 ) ) REPRESENTATION_CONTEXT ( 'NONE', 'WORKASPACE' ) );
#3745 = ORIENTED_EDGE ( 'NONE', *, *, #1936, .F. ) ;
#3746 = AXIS2_PLACEMENT_3D ( 'NONE', #4502, #4396, #5499 ) ;
#3747 = VECTOR ( 'NONE', #6359, 1000.000000000000000 ) ;
#3748 = VERTEX_POINT ( 'NONE', #11302 ) ;
#3749 =( LENGTH_UNIT ( ) NAMED_UNIT ( * ) SI_UNIT ( .MILLI., .METRE. ) );
#3750 = PRESENTATION_STYLE_ASSIGNMENT (( #2018 ) ) ;
#3751 = CARTESIAN_POINT ( 'NONE',  ( 13.74999999999999822, -3.399999999999999911, 0.2500000000000002220 ) ) ;
#3752 = SURFACE_SIDE_STYLE ('',( #7390 ) ) ;
#3753 = AXIS2_PLACEMENT_3D ( 'NONE', #837, #1060, #8041 ) ;
#3754 =( GEOMETRIC_REPRESENTATION_CONTEXT ( 3 ) GLOBAL_UNCERTAINTY_ASSIGNED_CONTEXT ( ( #8205 ) ) GLOBAL_UNIT_ASSIGNED_CONTEXT ( ( #8276, #5738, #7466 ) ) REPRESENTATION_CONTEXT ( 'NONE', 'WORKASPACE' ) );
#3755 = CARTESIAN_POINT ( 'NONE',  ( 6.149999999999995914, -3.399999999999999911, 0.2500000000000002220 ) ) ;
#3756 = CARTESIAN_POINT ( 'NONE',  ( 8.750000000000000000, 1.149999999999999911, -2.050000000000001599 ) ) ;
#3757 = COLOUR_RGB ( '',1.000000000000000000, 1.000000000000000000, 1.000000000000000000 ) ;
#3758 = FILL_AREA_STYLE_COLOUR ( '', #7342 ) ;
#3759 = PRESENTATION_STYLE_ASSIGNMENT (( #4849 ) ) ;
#3760 = EDGE_CURVE ( 'NONE', #1938, #10258, #4264, .T. ) ;
#3761 = CARTESIAN_POINT ( 'NONE',  ( 0.8333333333333209358, -4.383333333333339077, -0.8333333333333200477 ) ) ;
#3762 =( GEOMETRIC_REPRESENTATION_CONTEXT ( 3 ) GLOBAL_UNCERTAINTY_ASSIGNED_CONTEXT ( ( #2457 ) ) GLOBAL_UNIT_ASSIGNED_CONTEXT ( ( #7666, #3196, #2118 ) ) REPRESENTATION_CONTEXT ( 'NONE', 'WORKASPACE' ) );
#3763 = MECHANICAL_DESIGN_GEOMETRIC_PRESENTATION_REPRESENTATION (  '', ( #402 ), #2798 ) ;
#3764 =( LENGTH_UNIT ( ) NAMED_UNIT ( * ) SI_UNIT ( .MILLI., .METRE. ) );
#3765 = UNCERTAINTY_MEASURE_WITH_UNIT (LENGTH_MEASURE( 1.000000000000000082E-05 ), #9490, 'distance_accuracy_value', 'NONE');
#3766 = CARTESIAN_POINT ( 'NONE',  ( 14.24999999999999822, -3.399999999999999911, -0.1499999999999969136 ) ) ;
#3767 = CARTESIAN_POINT ( 'NONE',  ( 9.299999999999998934, 0.0000000000000000000, -2.800000000000000266 ) ) ;
#3768 = FILL_AREA_STYLE_COLOUR ( '', #4576 ) ;
#3769 = VECTOR ( 'NONE', #3796, 1000.000000000000000 ) ;
#3770 = CARTESIAN_POINT ( 'NONE',  ( 0.05000000000000012768, 0.0000000000000000000, -2.050000000000001599 ) ) ;
#3771 = VERTEX_POINT ( 'NONE', #2657 ) ;
#3772 = ORIENTED_EDGE ( 'NONE', *, *, #8489, .T. ) ;
#3773 = SURFACE_STYLE_FILL_AREA ( #6427 ) ;
#3774 = ORIENTED_EDGE ( 'NONE', *, *, #7231, .F. ) ;
#3775 = LINE ( 'NONE', #7302, #1188 ) ;
#3776 = PLANE ( 'NONE',  #1392 ) ;
#3777 = ADVANCED_FACE ( 'NONE', ( #8901 ), #9713, .F. ) ;
#3778 = VERTEX_POINT ( 'NONE', #9014 ) ;
#3779 = FILL_AREA_STYLE ('',( #4694 ) ) ;
#3780 = FILL_AREA_STYLE_COLOUR ( '', #6338 ) ;
#3781 = LINE ( 'NONE', #2702, #6547 ) ;
#3782 = CARTESIAN_POINT ( 'NONE',  ( 0.2499999999999997780, -3.399999999999999911, -0.2499999999999997780 ) ) ;
#3783 = SURFACE_STYLE_USAGE ( .BOTH. , #6335 ) ;
#3784 = STYLED_ITEM ( 'NONE', ( #11393 ), #2236 ) ;
#3785 = DIRECTION ( 'NONE',  ( 1.000000000000000000, 0.0000000000000000000, 0.0000000000000000000 ) ) ;
#3786 = DIRECTION ( 'NONE',  ( 1.000000000000000000, 0.0000000000000000000, 0.0000000000000000000 ) ) ;
#3787 = CARTESIAN_POINT ( 'NONE',  ( 5.750000000000000000, 5.000000000000004441, -0.2499999999999997780 ) ) ;
#3788 = FILL_AREA_STYLE ('',( #7485 ) ) ;
#3789 = FILL_AREA_STYLE ('',( #9928 ) ) ;
#3790 = CARTESIAN_POINT ( 'NONE',  ( 8.700000000000001066, 0.0000000000000000000, -2.800000000000000266 ) ) ;
#3791 = PRESENTATION_STYLE_ASSIGNMENT (( #9934 ) ) ;
#3792 = LINE ( 'NONE', #2504, #8730 ) ;
#3793 = CARTESIAN_POINT ( 'NONE',  ( 5.299999999999998934, 0.2000000000000000389, -0.2499999999999997780 ) ) ;
#3794 = UNCERTAINTY_MEASURE_WITH_UNIT (LENGTH_MEASURE( 1.000000000000000082E-05 ), #7702, 'distance_accuracy_value', 'NONE');
#3795 =( NAMED_UNIT ( * ) PLANE_ANGLE_UNIT ( ) SI_UNIT ( $, .RADIAN. ) );
#3796 = DIRECTION ( 'NONE',  ( -0.0000000000000000000, -0.0000000000000000000, 1.000000000000000000 ) ) ;
#3797 = DIRECTION ( 'NONE',  ( -1.000000000000000000, 5.421010862427522170E-17, 0.0000000000000000000 ) ) ;
#3798 = UNCERTAINTY_MEASURE_WITH_UNIT (LENGTH_MEASURE( 1.000000000000000082E-05 ), #10777, 'distance_accuracy_value', 'NONE');
#3799 = SURFACE_STYLE_USAGE ( .BOTH. , #1049 ) ;
#3800 = EDGE_CURVE ( 'NONE', #11156, #10511, #1880, .T. ) ;
#3801 = AXIS2_PLACEMENT_3D ( 'NONE', #9341, #4928, #553 ) ;
#3802 =( NAMED_UNIT ( * ) SI_UNIT ( $, .STERADIAN. ) SOLID_ANGLE_UNIT ( ) );
#3803 = ORIENTED_EDGE ( 'NONE', *, *, #3182, .T. ) ;
#3804 = AXIS2_PLACEMENT_3D ( 'NONE', #666, #6781, #10378 ) ;
#3805 = SURFACE_STYLE_FILL_AREA ( #7336 ) ;
#3806 = SURFACE_STYLE_FILL_AREA ( #10927 ) ;
#3807 = LINE ( 'NONE', #4619, #6816 ) ;
#3808 = LINE ( 'NONE', #3028, #1853 ) ;
#3809 = ORIENTED_EDGE ( 'NONE', *, *, #1180, .F. ) ;
#3810 = DIRECTION ( 'NONE',  ( 0.0000000000000000000, -0.0000000000000000000, 1.000000000000000000 ) ) ;
#3811 = SURFACE_STYLE_USAGE ( .BOTH. , #6646 ) ;
#3812 = PRESENTATION_STYLE_ASSIGNMENT (( #792 ) ) ;
#3813 = PLANE ( 'NONE',  #8544 ) ;
#3814 = MECHANICAL_DESIGN_GEOMETRIC_PRESENTATION_REPRESENTATION (  '', ( #451 ), #2672 ) ;
#3815 = EDGE_CURVE ( 'NONE', #7865, #6896, #4383, .T. ) ;
#3816 = LINE ( 'NONE', #1276, #8016 ) ;
#3817 = DIRECTION ( 'NONE',  ( -3.872150616019660190E-17, -1.000000000000000000, 0.0000000000000000000 ) ) ;
#3818 = LINE ( 'NONE', #2033, #4496 ) ;
#3819 = LINE ( 'NONE', #4925, #1204 ) ;
#3820 = LINE ( 'NONE', #2035, #9078 ) ;
#3821 = VERTEX_POINT ( 'NONE', #869 ) ;
#3822 = EDGE_CURVE ( 'NONE', #5744, #8638, #2543, .T. ) ;
#3823 = VECTOR ( 'NONE', #10109, 1000.000000000000000 ) ;
#3824 =( GEOMETRIC_REPRESENTATION_CONTEXT ( 3 ) GLOBAL_UNCERTAINTY_ASSIGNED_CONTEXT ( ( #9661 ) ) GLOBAL_UNIT_ASSIGNED_CONTEXT ( ( #4800, #378, #3948 ) ) REPRESENTATION_CONTEXT ( 'NONE', 'WORKASPACE' ) );
#3825 =( GEOMETRIC_REPRESENTATION_CONTEXT ( 3 ) GLOBAL_UNCERTAINTY_ASSIGNED_CONTEXT ( ( #2465 ) ) GLOBAL_UNIT_ASSIGNED_CONTEXT ( ( #9317, #2194, #6582 ) ) REPRESENTATION_CONTEXT ( 'NONE', 'WORKASPACE' ) );
#3826 = ORIENTED_EDGE ( 'NONE', *, *, #7610, .T. ) ;
#3827 = CARTESIAN_POINT ( 'NONE',  ( 3.299999999999999378, 0.0000000000000000000, -2.800000000000000266 ) ) ;
#3828 = EDGE_CURVE ( 'NONE', #9274, #9952, #1033, .T. ) ;
#3829 = MANIFOLD_SOLID_BREP ( 'Вырез-Вытянуть10', #7050 ) ;
#3830 =( NAMED_UNIT ( * ) SI_UNIT ( $, .STERADIAN. ) SOLID_ANGLE_UNIT ( ) );
#3831 = SURFACE_STYLE_FILL_AREA ( #1074 ) ;
#3832 = COLOUR_RGB ( '',1.000000000000000000, 1.000000000000000000, 1.000000000000000000 ) ;
#3833 = ORIENTED_EDGE ( 'NONE', *, *, #2982, .F. ) ;
#3834 = AXIS2_PLACEMENT_3D ( 'NONE', #2530, #1963, #8153 ) ;
#3835 = FACE_OUTER_BOUND ( 'NONE', #4409, .T. ) ;
#3836 = ORIENTED_EDGE ( 'NONE', *, *, #7499, .T. ) ;
#3837 = DIRECTION ( 'NONE',  ( 0.0000000000000000000, 0.0000000000000000000, 1.000000000000000000 ) ) ;
#3838 = LINE ( 'NONE', #4070, #10953 ) ;
#3839 = VECTOR ( 'NONE', #6906, 1000.000000000000000 ) ;
#3840 = FACE_OUTER_BOUND ( 'NONE', #5749, .T. ) ;
#3841 = EDGE_CURVE ( 'NONE', #8447, #3500, #4600, .T. ) ;
#3842 = STYLED_ITEM ( 'NONE', ( #9702 ), #4923 ) ;
#3843 = FILL_AREA_STYLE ('',( #10903 ) ) ;
#3844 = SURFACE_STYLE_FILL_AREA ( #4593 ) ;
#3845 = VECTOR ( 'NONE', #55, 1000.000000000000000 ) ;
#3846 = DIRECTION ( 'NONE',  ( -0.0000000000000000000, -0.0000000000000000000, 1.000000000000000000 ) ) ;
#3847 = FACE_BOUND ( 'NONE', #11222, .T. ) ;
#3848 = LINE ( 'NONE', #6502, #3823 ) ;
#3849 = SURFACE_STYLE_FILL_AREA ( #9990 ) ;
#3850 =( GEOMETRIC_REPRESENTATION_CONTEXT ( 3 ) GLOBAL_UNCERTAINTY_ASSIGNED_CONTEXT ( ( #2063 ) ) GLOBAL_UNIT_ASSIGNED_CONTEXT ( ( #4290, #4065, #7585 ) ) REPRESENTATION_CONTEXT ( 'NONE', 'WORKASPACE' ) );
#3851 = STYLED_ITEM ( 'NONE', ( #6830 ), #5091 ) ;
#3852 = AXIS2_PLACEMENT_3D ( 'NONE', #8721, #4155, #7617 ) ;
#3853 = DIRECTION ( 'NONE',  ( 1.000000000000000000, 0.0000000000000000000, 0.0000000000000000000 ) ) ;
#3854 = DIRECTION ( 'NONE',  ( 0.5773502691896225114, -0.5773502691896326144, -0.5773502691896220673 ) ) ;
#3855 = ADVANCED_FACE ( 'NONE', ( #2603 ), #5311, .F. ) ;
#3856 = DIRECTION ( 'NONE',  ( -1.927470528863119542E-16, 1.000000000000000000, 0.0000000000000000000 ) ) ;
#3857 = CARTESIAN_POINT ( 'NONE',  ( 4.250000000000000000, -3.399999999999999911, -0.2499999999999997780 ) ) ;
#3858 = STYLED_ITEM ( 'NONE', ( #99 ), #5241 ) ;
#3859 = AXIS2_PLACEMENT_3D ( 'NONE', #8050, #793, #1754 ) ;
#3860 = FILL_AREA_STYLE ('',( #295 ) ) ;
#3861 = DIRECTION ( 'NONE',  ( 0.0000000000000000000, 0.0000000000000000000, -1.000000000000000000 ) ) ;
#3862 = LINE ( 'NONE', #6523, #4480 ) ;
#3863 = EDGE_CURVE ( 'NONE', #3011, #2467, #10799, .T. ) ;
#3864 = VECTOR ( 'NONE', #3245, 1000.000000000000000 ) ;
#3865 = ORIENTED_EDGE ( 'NONE', *, *, #924, .F. ) ;
#3866 =( GEOMETRIC_REPRESENTATION_CONTEXT ( 3 ) GLOBAL_UNCERTAINTY_ASSIGNED_CONTEXT ( ( #8200 ) ) GLOBAL_UNIT_ASSIGNED_CONTEXT ( ( #5095, #658, #4228 ) ) REPRESENTATION_CONTEXT ( 'NONE', 'WORKASPACE' ) );
#3867 = SURFACE_STYLE_FILL_AREA ( #6465 ) ;
#3868 = ORIENTED_EDGE ( 'NONE', *, *, #3131, .T. ) ;
#3869 = PLANE ( 'NONE',  #2278 ) ;
#3870 = CARTESIAN_POINT ( 'NONE',  ( 4.149999999999997691, -3.399999999999999911, -0.1499999999999969136 ) ) ;
#3871 = DIRECTION ( 'NONE',  ( -1.000000000000000000, 3.872150616019660190E-17, 0.0000000000000000000 ) ) ;
#3872 = LINE ( 'NONE', #8384, #7088 ) ;
#3873 = SURFACE_SIDE_STYLE ('',( #7341 ) ) ;
#3874 = DIRECTION ( 'NONE',  ( -1.000000000000000000, 3.872150616019660190E-17, 0.0000000000000000000 ) ) ;
#3875 = CARTESIAN_POINT ( 'NONE',  ( 12.05000000000000071, -3.399999999999999911, -0.1499999999999969136 ) ) ;
#3876 =( NAMED_UNIT ( * ) SI_UNIT ( $, .STERADIAN. ) SOLID_ANGLE_UNIT ( ) );
#3877 = STYLED_ITEM ( 'NONE', ( #1182 ), #8171 ) ;
#3878 = DIRECTION ( 'NONE',  ( -4.336808689942017736E-16, 0.0000000000000000000, -1.000000000000000000 ) ) ;
#3879 = UNCERTAINTY_MEASURE_WITH_UNIT (LENGTH_MEASURE( 1.000000000000000082E-05 ), #1597, 'distance_accuracy_value', 'NONE');
#3880 = EDGE_CURVE ( 'NONE', #4614, #9971, #3009, .T. ) ;
#3881 = DIRECTION ( 'NONE',  ( -1.000000000000000000, -0.0000000000000000000, -0.0000000000000000000 ) ) ;
#3882 = CARTESIAN_POINT ( 'NONE',  ( 9.849999999999996092, 5.100000000000001421, -0.1500000000000038525 ) ) ;
#3883 = ORIENTED_EDGE ( 'NONE', *, *, #10485, .F. ) ;
#3884 = ORIENTED_EDGE ( 'NONE', *, *, #901, .T. ) ;
#3885 = VECTOR ( 'NONE', #4136, 1000.000000000000114 ) ;
#3886 = ORIENTED_EDGE ( 'NONE', *, *, #7501, .T. ) ;
#3887 = SURFACE_SIDE_STYLE ('',( #4750 ) ) ;
#3888 = CARTESIAN_POINT ( 'NONE',  ( 4.750000000000000888, 3.399999999999999467, -2.050000000000001599 ) ) ;
#3889 =( NAMED_UNIT ( * ) SI_UNIT ( $, .STERADIAN. ) SOLID_ANGLE_UNIT ( ) );
#3890 = VERTEX_POINT ( 'NONE', #3722 ) ;
#3891 = LINE ( 'NONE', #9281, #4846 ) ;
#3892 = EDGE_CURVE ( 'NONE', #10437, #9913, #8356, .T. ) ;
#3893 = MECHANICAL_DESIGN_GEOMETRIC_PRESENTATION_REPRESENTATION (  '', ( #10560 ), #8327 ) ;
#3894 = DIRECTION ( 'NONE',  ( 1.000000000000000000, 0.0000000000000000000, -0.0000000000000000000 ) ) ;
#3895 = SURFACE_STYLE_USAGE ( .BOTH. , #7419 ) ;
#3896 = PLANE ( 'NONE',  #6711 ) ;
#3897 = AXIS2_PLACEMENT_3D ( 'NONE', #1085, #341, #974 ) ;
#3898 = FILL_AREA_STYLE ('',( #7319 ) ) ;
#3899 =( GEOMETRIC_REPRESENTATION_CONTEXT ( 3 ) GLOBAL_UNCERTAINTY_ASSIGNED_CONTEXT ( ( #1916 ) ) GLOBAL_UNIT_ASSIGNED_CONTEXT ( ( #3955, #7314, #10849 ) ) REPRESENTATION_CONTEXT ( 'NONE', 'WORKASPACE' ) );
#3900 = FILL_AREA_STYLE_COLOUR ( '', #8269 ) ;
#3901 = DIRECTION ( 'NONE',  ( -1.000000000000000000, 3.872150616019660190E-17, -0.0000000000000000000 ) ) ;
#3902 = COLOUR_RGB ( '',1.000000000000000000, 0.8117647058823529438, 0.5019607843137254832 ) ;
#3903 = CARTESIAN_POINT ( 'NONE',  ( 2.250000000000000000, 0.2000000000000000111, -0.2499999999999997780 ) ) ;
#3904 = EDGE_CURVE ( 'NONE', #161, #11167, #1091, .T. ) ;
#3905 = EDGE_CURVE ( 'NONE', #3396, #1092, #9299, .T. ) ;
#3906 = EDGE_LOOP ( 'NONE', ( #4505, #9411, #8865, #8441 ) ) ;
#3907 = CARTESIAN_POINT ( 'NONE',  ( -0.001949999999999999910, -0.0000000000000000000, -0.002800000000000000405 ) ) ;
#3908 = PRESENTATION_LAYER_ASSIGNMENT (  '', '', ( #10 ) ) ;
#3909 = PLANE ( 'NONE',  #62 ) ;
#3910 = SURFACE_SIDE_STYLE ('',( #7431 ) ) ;
#3911 = VERTEX_POINT ( 'NONE', #6568 ) ;
#3912 = CARTESIAN_POINT ( 'NONE',  ( 10.69999999999999929, 0.1999999999999999833, 1.700000000000000178 ) ) ;
#3913 = EDGE_LOOP ( 'NONE', ( #2244, #3745, #8897, #7798 ) ) ;
#3914 = CARTESIAN_POINT ( 'NONE',  ( 8.050000000000000711, -3.399999999999999911, -0.1499999999999969136 ) ) ;
#3915 = DIRECTION ( 'NONE',  ( -1.000000000000000000, 3.872150616019660190E-17, -0.0000000000000000000 ) ) ;
#3916 = COLOUR_RGB ( '',1.000000000000000000, 1.000000000000000000, 1.000000000000000000 ) ;
#3917 = LINE ( 'NONE', #4668, #2594 ) ;
#3918 = EDGE_CURVE ( 'NONE', #8638, #8679, #1304, .T. ) ;
#3919 = VECTOR ( 'NONE', #9732, 1000.000000000000000 ) ;
#3920 = CARTESIAN_POINT ( 'NONE',  ( 14.24999999999999822, -3.299999999999997158, -0.2499999999999997780 ) ) ;
#3921 = COLOUR_RGB ( '',1.000000000000000000, 0.8117647058823529438, 0.5019607843137254832 ) ;
#3922 = VECTOR ( 'NONE', #1241, 1000.000000000000000 ) ;
#3923 =( NAMED_UNIT ( * ) PLANE_ANGLE_UNIT ( ) SI_UNIT ( $, .RADIAN. ) );
#3924 = FILL_AREA_STYLE_COLOUR ( '', #794 ) ;
#3925 = CARTESIAN_POINT ( 'NONE',  ( 5.750000000000000000, -3.399999999999999911, -0.2499999999999997780 ) ) ;
#3926 = STYLED_ITEM ( 'NONE', ( #4156 ), #6293 ) ;
#3927 = FILL_AREA_STYLE ('',( #196 ) ) ;
#3928 = CARTESIAN_POINT ( 'NONE',  ( 15.94999999999999929, 6.000000000000000000, 0.3200000000000017275 ) ) ;
#3929 = VERTEX_POINT ( 'NONE', #1189 ) ;
#3930 = FACE_OUTER_BOUND ( 'NONE', #5062, .T. ) ;
#3931 = VECTOR ( 'NONE', #2286, 1000.000000000000000 ) ;
#3932 = CARTESIAN_POINT ( 'NONE',  ( 0.0000000000000000000, -3.399999999999999911, 0.0000000000000000000 ) ) ;
#3933 = COLOUR_RGB ( '',1.000000000000000000, 0.8117647058823529438, 0.5019607843137254832 ) ;
#3934 = CARTESIAN_POINT ( 'NONE',  ( 5.750000000000000000, -3.299999999999997158, 0.2500000000000002220 ) ) ;
#3935 =( GEOMETRIC_REPRESENTATION_CONTEXT ( 3 ) GLOBAL_UNCERTAINTY_ASSIGNED_CONTEXT ( ( #10589 ) ) GLOBAL_UNIT_ASSIGNED_CONTEXT ( ( #10918, #10172, #9609 ) ) REPRESENTATION_CONTEXT ( 'NONE', 'WORKASPACE' ) );
#3936 = VECTOR ( 'NONE', #2311, 1000.000000000000000 ) ;
#3937 =( LENGTH_UNIT ( ) NAMED_UNIT ( * ) SI_UNIT ( .MILLI., .METRE. ) );
#3938 = CARTESIAN_POINT ( 'NONE',  ( 4.049999999999999822, 5.100000000000001421, 0.1500000000000042966 ) ) ;
#3939 = DIRECTION ( 'NONE',  ( 1.000000000000000000, 0.0000000000000000000, 0.0000000000000000000 ) ) ;
#3940 = FACE_OUTER_BOUND ( 'NONE', #10271, .T. ) ;
#3941 = VECTOR ( 'NONE', #2917, 1000.000000000000000 ) ;
#3942 = DIRECTION ( 'NONE',  ( 1.000000000000000000, -5.421010862427522170E-17, 0.0000000000000000000 ) ) ;
#3943 = STYLED_ITEM ( 'NONE', ( #9969 ), #10359 ) ;
#3944 = DIRECTION ( 'NONE',  ( 0.0000000000000000000, -0.0000000000000000000, 1.000000000000000000 ) ) ;
#3945 = ORIENTED_EDGE ( 'NONE', *, *, #4327, .T. ) ;
#3946 = ORIENTED_EDGE ( 'NONE', *, *, #7057, .F. ) ;
#3947 = CARTESIAN_POINT ( 'NONE',  ( -0.7000000000000005107, 0.0000000000000000000, -2.800000000000000266 ) ) ;
#3948 =( NAMED_UNIT ( * ) SI_UNIT ( $, .STERADIAN. ) SOLID_ANGLE_UNIT ( ) );
#3949 = AXIS2_PLACEMENT_3D ( 'NONE', #1431, #4967, #10643 ) ;
#3950 = ORIENTED_EDGE ( 'NONE', *, *, #11027, .T. ) ;
#3951 =( NAMED_UNIT ( * ) PLANE_ANGLE_UNIT ( ) SI_UNIT ( $, .RADIAN. ) );
#3952 = CARTESIAN_POINT ( 'NONE',  ( 9.916666666666666075, 5.166666666666671404, -0.08333333333333325932 ) ) ;
#3953 = CARTESIAN_POINT ( 'NONE',  ( 11.75000000000000000, 5.000000000000006217, -0.2499999999999997780 ) ) ;
#3954 =( NAMED_UNIT ( * ) SI_UNIT ( $, .STERADIAN. ) SOLID_ANGLE_UNIT ( ) );
#3955 =( LENGTH_UNIT ( ) NAMED_UNIT ( * ) SI_UNIT ( .MILLI., .METRE. ) );
#3956 = PRESENTATION_STYLE_ASSIGNMENT (( #8411 ) ) ;
#3957 = FILL_AREA_STYLE_COLOUR ( '', #7077 ) ;
#3958 = AXIS2_PLACEMENT_3D ( 'NONE', #2879, #2814, #122 ) ;
#3959 = LINE ( 'NONE', #2228, #2737 ) ;
#3960 =( LENGTH_UNIT ( ) NAMED_UNIT ( * ) SI_UNIT ( .MILLI., .METRE. ) );
#3961 = FILL_AREA_STYLE_COLOUR ( '', #1382 ) ;
#3962 = DIRECTION ( 'NONE',  ( 0.5773502691896241767, 0.5773502691896288397, 0.5773502691896242878 ) ) ;
#3963 = ORIENTED_EDGE ( 'NONE', *, *, #11253, .T. ) ;
#3964 = VECTOR ( 'NONE', #2270, 1000.000000000000000 ) ;
#3965 = CARTESIAN_POINT ( 'NONE',  ( 13.74999999999999822, 5.000000000000000888, -0.2499999999999997780 ) ) ;
#3966 = ORIENTED_EDGE ( 'NONE', *, *, #5112, .T. ) ;
#3967 = ORIENTED_EDGE ( 'NONE', *, *, #11183, .T. ) ;
#3968 = SURFACE_SIDE_STYLE ('',( #2896 ) ) ;
#3969 = UNCERTAINTY_MEASURE_WITH_UNIT (LENGTH_MEASURE( 1.000000000000000082E-05 ), #10681, 'distance_accuracy_value', 'NONE');
#3970 =( LENGTH_UNIT ( ) NAMED_UNIT ( * ) SI_UNIT ( .MILLI., .METRE. ) );
#3971 = EDGE_CURVE ( 'NONE', #2532, #8567, #4886, .T. ) ;
#3972 = FILL_AREA_STYLE_COLOUR ( '', #7845 ) ;
#3973 = DIRECTION ( 'NONE',  ( 0.0000000000000000000, 0.0000000000000000000, 1.000000000000000000 ) ) ;
#3974 = VECTOR ( 'NONE', #3881, 1000.000000000000000 ) ;
#3975 = SURFACE_STYLE_FILL_AREA ( #7496 ) ;
#3976 = VERTEX_POINT ( 'NONE', #2823 ) ;
#3977 = DIRECTION ( 'NONE',  ( -0.0000000000000000000, -0.0000000000000000000, -1.000000000000000000 ) ) ;
#3978 = ORIENTED_EDGE ( 'NONE', *, *, #5255, .T. ) ;
#3979 = MECHANICAL_DESIGN_GEOMETRIC_PRESENTATION_REPRESENTATION (  '', ( #5288 ), #8416 ) ;
#3980 = DIRECTION ( 'NONE',  ( 3.872150616019660190E-17, 1.000000000000000000, -0.0000000000000000000 ) ) ;
#3981 = SURFACE_STYLE_USAGE ( .BOTH. , #9323 ) ;
#3982 = EDGE_CURVE ( 'NONE', #10381, #8198, #6391, .T. ) ;
#3983 = PRESENTATION_STYLE_ASSIGNMENT (( #420 ) ) ;
#3984 = ORIENTED_EDGE ( 'NONE', *, *, #486, .F. ) ;
#3985 = FILL_AREA_STYLE_COLOUR ( '', #820 ) ;
#3986 = ORIENTED_EDGE ( 'NONE', *, *, #1110, .F. ) ;
#3987 = EDGE_LOOP ( 'NONE', ( #7914, #4338, #7607, #5494 ) ) ;
#3988 = SURFACE_STYLE_FILL_AREA ( #2142 ) ;
#3989 = FILL_AREA_STYLE ('',( #4110 ) ) ;
#3990 = CARTESIAN_POINT ( 'NONE',  ( 0.7500000000000002220, 3.399999999999999467, -2.050000000000001599 ) ) ;
#3991 = VECTOR ( 'NONE', #8810, 1000.000000000000000 ) ;
#3992 = LINE ( 'NONE', #4854, #9129 ) ;
#3993 = FILL_AREA_STYLE_COLOUR ( '', #2599 ) ;
#3994 =( NAMED_UNIT ( * ) SI_UNIT ( $, .STERADIAN. ) SOLID_ANGLE_UNIT ( ) );
#3995 = CARTESIAN_POINT ( 'NONE',  ( 12.15000000000000746, 5.100000000000001421, 0.1500000000000077660 ) ) ;
#3996 = VECTOR ( 'NONE', #5337, 1000.000000000000000 ) ;
#3997 = FACE_OUTER_BOUND ( 'NONE', #9735, .T. ) ;
#3998 = SURFACE_STYLE_FILL_AREA ( #9213 ) ;
#3999 = CARTESIAN_POINT ( 'NONE',  ( 6.149999999999995914, -3.399999999999999911, -0.1499999999999969136 ) ) ;
#4000 = VERTEX_POINT ( 'NONE', #8244 ) ;
#4001 = ORIENTED_EDGE ( 'NONE', *, *, #542, .F. ) ;
#4002 = CARTESIAN_POINT ( 'NONE',  ( -1.180000000000000382, 4.229999999999999538, -2.801000000000000600 ) ) ;
#4003 = VERTEX_POINT ( 'NONE', #3790 ) ;
#4004 = EDGE_LOOP ( 'NONE', ( #11146, #5012, #3301, #6350 ) ) ;
#4005 = ORIENTED_EDGE ( 'NONE', *, *, #101, .T. ) ;
#4006 = CARTESIAN_POINT ( 'NONE',  ( 8.250000000000000000, 1.800000000000000044, -2.800000000000000266 ) ) ;
#4007 = EDGE_CURVE ( 'NONE', #10289, #10316, #7321, .T. ) ;
#4008 = COLOUR_RGB ( '',1.000000000000000000, 0.8117647058823529438, 0.5019607843137254832 ) ;
#4009 = VECTOR ( 'NONE', #7409, 1000.000000000000114 ) ;
#4010 = FILL_AREA_STYLE_COLOUR ( '', #10449 ) ;
#4011 = CARTESIAN_POINT ( 'NONE',  ( 10.24999999999999822, 5.000000000000004441, 0.2500000000000002220 ) ) ;
#4012 = SURFACE_SIDE_STYLE ('',( #3185 ) ) ;
#4013 = SURFACE_STYLE_FILL_AREA ( #5871 ) ;
#4014 = CARTESIAN_POINT ( 'NONE',  ( 4.250000000000000000, 1.800000000000000044, 0.2500000000000002220 ) ) ;
#4015 = DIRECTION ( 'NONE',  ( -1.000000000000000000, 0.0000000000000000000, 4.845596301611193514E-17 ) ) ;
#4016 = DIRECTION ( 'NONE',  ( -1.000000000000000000, 1.084202172485504237E-15, 0.0000000000000000000 ) ) ;
#4017 = FACE_OUTER_BOUND ( 'NONE', #9288, .T. ) ;
#4018 = AXIS2_PLACEMENT_3D ( 'NONE', #8131, #2000, #4659 ) ;
#4019 = SURFACE_STYLE_USAGE ( .BOTH. , #8479 ) ;
#4020 = FILL_AREA_STYLE_COLOUR ( '', #3004 ) ;
#4021 = DIRECTION ( 'NONE',  ( -0.0000000000000000000, 0.7071067811865500152, 0.7071067811865451302 ) ) ;
#4022 = AXIS2_PLACEMENT_3D ( 'NONE', #7421, #10958, #3002 ) ;
#4023 = EDGE_LOOP ( 'NONE', ( #5657, #516, #8839, #7764 ) ) ;
#4024 = ORIENTED_EDGE ( 'NONE', *, *, #9386, .F. ) ;
#4025 =( NAMED_UNIT ( * ) SI_UNIT ( $, .STERADIAN. ) SOLID_ANGLE_UNIT ( ) );
#4026 = VERTEX_POINT ( 'NONE', #3903 ) ;
#4027 = ORIENTED_EDGE ( 'NONE', *, *, #8893, .F. ) ;
#4028 = FILL_AREA_STYLE ('',( #3972 ) ) ;
#4029 = VECTOR ( 'NONE', #380, 1000.000000000000000 ) ;
#4030 = DIRECTION ( 'NONE',  ( 0.0000000000000000000, -0.0000000000000000000, 1.000000000000000000 ) ) ;
#4031 = ADVANCED_FACE ( 'NONE', ( #9125 ), #6449, .T. ) ;
#4032 = VECTOR ( 'NONE', #2095, 1000.000000000000000 ) ;
#4034 = PLANE ( 'NONE',  #9598 ) ;
#4033 = VECTOR ( 'NONE', #5421, 1000.000000000000000 ) ;
#4035 =( GEOMETRIC_REPRESENTATION_CONTEXT ( 3 ) GLOBAL_UNCERTAINTY_ASSIGNED_CONTEXT ( ( #8628 ) ) GLOBAL_UNIT_ASSIGNED_CONTEXT ( ( #1859, #957, #2807 ) ) REPRESENTATION_CONTEXT ( 'NONE', 'WORKASPACE' ) );
#4036 = MECHANICAL_DESIGN_GEOMETRIC_PRESENTATION_REPRESENTATION (  '', ( #3645 ), #4966 ) ;
#4037 = PRESENTATION_STYLE_ASSIGNMENT (( #3082 ) ) ;
#4038 = VECTOR ( 'NONE', #10612, 1000.000000000000000 ) ;
#4039 = VERTEX_POINT ( 'NONE', #5821 ) ;
#4040 = CARTESIAN_POINT ( 'NONE',  ( 6.749999999999999112, 3.399999999999999467, -2.050000000000001599 ) ) ;
#4041 = LINE ( 'NONE', #10179, #7990 ) ;
#4042 = VECTOR ( 'NONE', #11010, 1000.000000000000114 ) ;
#4043 =( LENGTH_UNIT ( ) NAMED_UNIT ( * ) SI_UNIT ( .MILLI., .METRE. ) );
#4044 = ORIENTED_EDGE ( 'NONE', *, *, #11200, .T. ) ;
#4045 = PRESENTATION_STYLE_ASSIGNMENT (( #4788 ) ) ;
#4046 = ORIENTED_EDGE ( 'NONE', *, *, #332, .T. ) ;
#4047 = CARTESIAN_POINT ( 'NONE',  ( -0.7000000000000002887, 0.2000000000000000389, -2.800000000000000266 ) ) ;
#4048 = CARTESIAN_POINT ( 'NONE',  ( 1.750000000000000222, -3.399999999999999911, 0.2500000000000002220 ) ) ;
#4049 = CARTESIAN_POINT ( 'NONE',  ( 3.750000000000000444, -3.399999999999999911, 0.2500000000000002220 ) ) ;
#4050 = PRESENTATION_LAYER_ASSIGNMENT (  '', '', ( #9430 ) ) ;
#4051 = EDGE_CURVE ( 'NONE', #9663, #9500, #572, .T. ) ;
#4052 = ORIENTED_EDGE ( 'NONE', *, *, #6507, .F. ) ;
#4053 = ORIENTED_EDGE ( 'NONE', *, *, #9510, .F. ) ;
#4054 = EDGE_CURVE ( 'NONE', #10189, #8737, #2349, .T. ) ;
#4055 = CARTESIAN_POINT ( 'NONE',  ( 9.750000000000000000, -3.399999999999999911, 0.2500000000000002220 ) ) ;
#4056 = CARTESIAN_POINT ( 'NONE',  ( 15.94999999999999929, 6.000000000000000000, 1.699999999999999289 ) ) ;
#4057 = EDGE_CURVE ( 'NONE', #8094, #2884, #2413, .T. ) ;
#4058 = DIRECTION ( 'NONE',  ( -1.362927481496328130E-16, 0.7071067811865451302, -0.7071067811865500152 ) ) ;
#4059 = FILL_AREA_STYLE ('',( #3162 ) ) ;
#4060 = CARTESIAN_POINT ( 'NONE',  ( 1.250000000000000666, 3.149999999999999023, -2.050000000000001599 ) ) ;
#4061 = ORIENTED_EDGE ( 'NONE', *, *, #3918, .T. ) ;
#4062 = ORIENTED_EDGE ( 'NONE', *, *, #4077, .T. ) ;
#4063 = CARTESIAN_POINT ( 'NONE',  ( 8.750000000000000000, 3.149999999999999467, -2.050000000000002043 ) ) ;
#4064 = VERTEX_POINT ( 'NONE', #8598 ) ;
#4065 =( NAMED_UNIT ( * ) PLANE_ANGLE_UNIT ( ) SI_UNIT ( $, .RADIAN. ) );
#4066 = ORIENTED_EDGE ( 'NONE', *, *, #8144, .F. ) ;
#4067 = ORIENTED_EDGE ( 'NONE', *, *, #10930, .T. ) ;
#4068 = EDGE_CURVE ( 'NONE', #884, #4773, #6677, .T. ) ;
#4069 = PLANE ( 'NONE',  #618 ) ;
#4070 = CARTESIAN_POINT ( 'NONE',  ( -0.7000000000000002887, 0.2000000000000000389, -2.800000000000000266 ) ) ;
#4071 = FILL_AREA_STYLE_COLOUR ( '', #3678 ) ;
#4072 = VECTOR ( 'NONE', #442, 1000.000000000000000 ) ;
#4073 = DIRECTION ( 'NONE',  ( -1.000000000000000000, 5.421010862427522170E-17, 0.0000000000000000000 ) ) ;
#4074 = FILL_AREA_STYLE_COLOUR ( '', #8275 ) ;
#4075 = DIRECTION ( 'NONE',  ( 0.0000000000000000000, 1.000000000000000000, 0.0000000000000000000 ) ) ;
#4076 = EDGE_LOOP ( 'NONE', ( #4398, #286, #7470, #8932 ) ) ;
#4077 = EDGE_CURVE ( 'NONE', #3340, #4212, #10453, .T. ) ;
#4078 = DIRECTION ( 'NONE',  ( 0.5773502691896259531, 0.5773502691896259531, -0.5773502691896253980 ) ) ;
#4079 = CARTESIAN_POINT ( 'NONE',  ( -0.2499999999999997780, 5.000000000000000888, 0.2500000000000002220 ) ) ;
#4080 = MECHANICAL_DESIGN_GEOMETRIC_PRESENTATION_REPRESENTATION (  '', ( #8313 ), #8888 ) ;
#4081 = COLOUR_RGB ( '',1.000000000000000000, 0.8117647058823529438, 0.5019607843137254832 ) ;
#4082 = ORIENTED_EDGE ( 'NONE', *, *, #11415, .F. ) ;
#4083 = FILL_AREA_STYLE ('',( #5825 ) ) ;
#4084 = LINE ( 'NONE', #7604, #9109 ) ;
#4085 = VERTEX_POINT ( 'NONE', #5123 ) ;
#4086 =( NAMED_UNIT ( * ) SI_UNIT ( $, .STERADIAN. ) SOLID_ANGLE_UNIT ( ) );
#4087 = VERTEX_POINT ( 'NONE', #11181 ) ;
#4088 = CARTESIAN_POINT ( 'NONE',  ( 7.449999999999998401, -4.099999999999999645, 0.5500000000000022649 ) ) ;
#4089 = UNCERTAINTY_MEASURE_WITH_UNIT (LENGTH_MEASURE( 1.000000000000000082E-05 ), #10623, 'distance_accuracy_value', 'NONE');
#4090 = PRESENTATION_LAYER_ASSIGNMENT (  '', '', ( #10008 ) ) ;
#4091 = ORIENTED_EDGE ( 'NONE', *, *, #3140, .T. ) ;
#4092 = PRESENTATION_STYLE_ASSIGNMENT (( #11194 ) ) ;
#4093 = ORIENTED_EDGE ( 'NONE', *, *, #7135, .F. ) ;
#4094 = CARTESIAN_POINT ( 'NONE',  ( 6.049999999999999822, 5.100000000000001421, -2.800000000000000266 ) ) ;
#4095 = FILL_AREA_STYLE ('',( #5948 ) ) ;
#4096 = CARTESIAN_POINT ( 'NONE',  ( -1.350000000000000089, 4.500000000000000888, -0.6799999999999991607 ) ) ;
#4097 = VERTEX_POINT ( 'NONE', #11239 ) ;
#4098 = EDGE_CURVE ( 'NONE', #1434, #1737, #10395, .T. ) ;
#4099 = AXIS2_PLACEMENT_3D ( 'NONE', #3602, #3785, #2819 ) ;
#4100 = VECTOR ( 'NONE', #8838, 1000.000000000000000 ) ;
#4101 = LINE ( 'NONE', #3920, #491 ) ;
#4102 =( LENGTH_UNIT ( ) NAMED_UNIT ( * ) SI_UNIT ( .MILLI., .METRE. ) );
#4103 = COLOUR_RGB ( '',1.000000000000000000, 0.8117647058823529438, 0.5019607843137254832 ) ;
#4104 = CARTESIAN_POINT ( 'NONE',  ( 8.699999999999999289, 0.1999999999999999833, -2.800000000000000266 ) ) ;
#4105 = DIRECTION ( 'NONE',  ( 1.000000000000000000, -5.421010862427522170E-17, 0.0000000000000000000 ) ) ;
#4106 = SURFACE_STYLE_USAGE ( .BOTH. , #533 ) ;
#4107 = ORIENTED_EDGE ( 'NONE', *, *, #6660, .F. ) ;
#4108 = EDGE_CURVE ( 'NONE', #11128, #6473, #684, .T. ) ;
#4109 = CARTESIAN_POINT ( 'NONE',  ( 8.250000000000000000, 5.000000000000000888, 0.2500000000000002220 ) ) ;
#4110 = FILL_AREA_STYLE_COLOUR ( '', #2132 ) ;
#4111 = DIRECTION ( 'NONE',  ( 4.336808689942017736E-16, 0.0000000000000000000, 1.000000000000000000 ) ) ;
#4112 = MECHANICAL_DESIGN_GEOMETRIC_PRESENTATION_REPRESENTATION (  '', ( #2403 ), #5413 ) ;
#4113 = VECTOR ( 'NONE', #5555, 1000.000000000000000 ) ;
#4114 = ORIENTED_EDGE ( 'NONE', *, *, #8799, .F. ) ;
#4115 = CARTESIAN_POINT ( 'NONE',  ( 6.249999999999998224, 5.000000000000004441, 0.2500000000000002220 ) ) ;
#4116 = CARTESIAN_POINT ( 'NONE',  ( 8.149999999999996803, -3.399999999999999911, 0.1499999999999973577 ) ) ;
#4117 =( NAMED_UNIT ( * ) SI_UNIT ( $, .STERADIAN. ) SOLID_ANGLE_UNIT ( ) );
#4118 = FACE_OUTER_BOUND ( 'NONE', #2645, .T. ) ;
#4119 = ORIENTED_EDGE ( 'NONE', *, *, #2808, .F. ) ;
#4120 = AXIS2_PLACEMENT_3D ( 'NONE', #530, #5848, #6760 ) ;
#4121 = VECTOR ( 'NONE', #1024, 1000.000000000000000 ) ;
#4122 = VERTEX_POINT ( 'NONE', #5994 ) ;
#4123 = SURFACE_SIDE_STYLE ('',( #325 ) ) ;
#4124 = EDGE_CURVE ( 'NONE', #11286, #6903, #8415, .T. ) ;
#4125 = MECHANICAL_DESIGN_GEOMETRIC_PRESENTATION_REPRESENTATION (  '', ( #5234 ), #1354 ) ;
#4126 = SURFACE_SIDE_STYLE ('',( #2989 ) ) ;
#4127 = CARTESIAN_POINT ( 'NONE',  ( 12.05000000000000071, -3.399999999999999911, 0.1499999999999973577 ) ) ;
#4128 = VERTEX_POINT ( 'NONE', #1476 ) ;
#4129 = CARTESIAN_POINT ( 'NONE',  ( 13.85000000000000142, -3.399999999999999911, -0.1499999999999969136 ) ) ;
#4130 = VECTOR ( 'NONE', #1023, 1000.000000000000000 ) ;
#4131 = VECTOR ( 'NONE', #8929, 1000.000000000000000 ) ;
#4132 = COLOUR_RGB ( '',1.000000000000000000, 0.8117647058823529438, 0.5019607843137254832 ) ;
#4133 = SURFACE_STYLE_FILL_AREA ( #784 ) ;
#4134 = DIRECTION ( 'NONE',  ( -4.336808689942017736E-16, 0.0000000000000000000, -1.000000000000000000 ) ) ;
#4135 = STYLED_ITEM ( 'NONE', ( #9353 ), #6581 ) ;
#4136 = DIRECTION ( 'NONE',  ( 0.0000000000000000000, -0.7071067811865451302, 0.7071067811865500152 ) ) ;
#4137 = EDGE_CURVE ( 'NONE', #3661, #4097, #5060, .T. ) ;
#4138 = MECHANICAL_DESIGN_GEOMETRIC_PRESENTATION_REPRESENTATION (  '', ( #5799 ), #1299 ) ;
#4139 = CARTESIAN_POINT ( 'NONE',  ( 2.699999999999999734, 0.1999999999999999833, 1.700000000000000178 ) ) ;
#4140 = STYLED_ITEM ( 'NONE', ( #812 ), #1892 ) ;
#4141 = SURFACE_SIDE_STYLE ('',( #6852 ) ) ;
#4142 = STYLED_ITEM ( 'NONE', ( #2123 ), #333 ) ;
#4143 = DIRECTION ( 'NONE',  ( -1.000000000000000000, 3.872150616019660190E-17, 0.0000000000000000000 ) ) ;
#4144 = MECHANICAL_DESIGN_GEOMETRIC_PRESENTATION_REPRESENTATION (  '', ( #7646 ), #7834 ) ;
#4145 = CARTESIAN_POINT ( 'NONE',  ( -1.949999999999999956, 1.800000000000000044, -0.2499999999999997780 ) ) ;
#4146 = COLOUR_RGB ( '',0.7921568627450980005, 0.8196078431372548767, 0.9333333333333333481 ) ;
#4147 = CARTESIAN_POINT ( 'NONE',  ( 7.750000000000000000, -3.399999999999999911, 0.2500000000000002220 ) ) ;
#4148 = FILL_AREA_STYLE_COLOUR ( '', #3902 ) ;
#4149 = ORIENTED_EDGE ( 'NONE', *, *, #963, .F. ) ;
#4150 = DIRECTION ( 'NONE',  ( 0.5773502691896259531, 0.5773502691896259531, -0.5773502691896253980 ) ) ;
#4151 = UNCERTAINTY_MEASURE_WITH_UNIT (LENGTH_MEASURE( 1.000000000000000082E-05 ), #10877, 'distance_accuracy_value', 'NONE');
#4152 = ORIENTED_EDGE ( 'NONE', *, *, #5753, .T. ) ;
#4153 = DIRECTION ( 'NONE',  ( -1.000000000000000000, 0.0000000000000000000, -0.0000000000000000000 ) ) ;
#4154 = SURFACE_STYLE_USAGE ( .BOTH. , #6808 ) ;
#4155 = DIRECTION ( 'NONE',  ( 1.000000000000000000, -3.872150616019660190E-17, -4.336808689942017736E-16 ) ) ;
#4156 = PRESENTATION_STYLE_ASSIGNMENT (( #3265 ) ) ;
#4157 = ORIENTED_EDGE ( 'NONE', *, *, #3266, .F. ) ;
#4158 = FILL_AREA_STYLE_COLOUR ( '', #10308 ) ;
#4159 = CARTESIAN_POINT ( 'NONE',  ( 5.249999999999999112, 3.400000000000000355, -2.350000000000001865 ) ) ;
#4160 = FILL_AREA_STYLE ('',( #5147 ) ) ;
#4161 = SURFACE_STYLE_USAGE ( .BOTH. , #2497 ) ;
#4162 = DIRECTION ( 'NONE',  ( -0.0000000000000000000, -1.000000000000000000, -0.0000000000000000000 ) ) ;
#4163 = FILL_AREA_STYLE_COLOUR ( '', #8656 ) ;
#4164 = VECTOR ( 'NONE', #7638, 1000.000000000000114 ) ;
#4165 = EDGE_LOOP ( 'NONE', ( #5165, #5487, #11426, #3458 ) ) ;
#4166 =( NAMED_UNIT ( * ) PLANE_ANGLE_UNIT ( ) SI_UNIT ( $, .RADIAN. ) );
#4167 =( NAMED_UNIT ( * ) PLANE_ANGLE_UNIT ( ) SI_UNIT ( $, .RADIAN. ) );
#4168 = CARTESIAN_POINT ( 'NONE',  ( 13.25000000000000178, 1.149999999999999911, -2.350000000000001865 ) ) ;
#4169 = SURFACE_STYLE_USAGE ( .BOTH. , #1451 ) ;
#4170 = ORIENTED_EDGE ( 'NONE', *, *, #10590, .T. ) ;
#4171 = ORIENTED_EDGE ( 'NONE', *, *, #6872, .T. ) ;
#4172 = SURFACE_STYLE_FILL_AREA ( #5976 ) ;
#4173 = CARTESIAN_POINT ( 'NONE',  ( -1.949999999999999956, 6.000000000000000000, 1.700000000000000178 ) ) ;
#4174 = EDGE_LOOP ( 'NONE', ( #10348, #8701, #438, #10414 ) ) ;
#4175 = EDGE_CURVE ( 'NONE', #977, #7243, #7601, .T. ) ;
#4176 = STYLED_ITEM ( 'NONE', ( #6146 ), #3251 ) ;
#4177 = ORIENTED_EDGE ( 'NONE', *, *, #4541, .T. ) ;
#4178 = CARTESIAN_POINT ( 'NONE',  ( 7.850000000000001421, -3.399999999999999911, -2.800000000000001155 ) ) ;
#4179 = ADVANCED_FACE ( 'NONE', ( #4017 ), #4190, .F. ) ;
#4180 = FACE_OUTER_BOUND ( 'NONE', #7052, .T. ) ;
#4181 = CARTESIAN_POINT ( 'NONE',  ( 10.24999999999999822, 1.800000000000000044, -2.800000000000000266 ) ) ;
#4182 = ADVANCED_FACE ( 'NONE', ( #4530 ), #10624, .F. ) ;
#4183 = CARTESIAN_POINT ( 'NONE',  ( 0.2499999999999997780, 1.800000000000000044, 0.2500000000000002220 ) ) ;
#4184 = SURFACE_STYLE_FILL_AREA ( #5055 ) ;
#4185 = CARTESIAN_POINT ( 'NONE',  ( 10.75000000000000000, 3.399999999999999467, -2.050000000000001599 ) ) ;
#4186 = EDGE_LOOP ( 'NONE', ( #6474, #5740, #6136, #9033 ) ) ;
#4187 = EDGE_LOOP ( 'NONE', ( #3195, #5904, #102, #10193 ) ) ;
#4188 =( NAMED_UNIT ( * ) SI_UNIT ( $, .STERADIAN. ) SOLID_ANGLE_UNIT ( ) );
#4189 = SURFACE_STYLE_USAGE ( .BOTH. , #8477 ) ;
#4190 = PLANE ( 'NONE',  #4590 ) ;
#4191 = VECTOR ( 'NONE', #11159, 1000.000000000000000 ) ;
#4192 = EDGE_CURVE ( 'NONE', #6010, #5088, #1651, .T. ) ;
#4193 = ORIENTED_EDGE ( 'NONE', *, *, #9784, .F. ) ;
#4194 = ADVANCED_FACE ( 'NONE', ( #1703 ), #7071, .F. ) ;
#4195 = DIRECTION ( 'NONE',  ( 0.0000000000000000000, -0.7071067811865451302, 0.7071067811865500152 ) ) ;
#4196 =( LENGTH_UNIT ( ) NAMED_UNIT ( * ) SI_UNIT ( .MILLI., .METRE. ) );
#4197 = CARTESIAN_POINT ( 'NONE',  ( 1.749999999999998890, 0.2000000000000000111, -2.800000000000000266 ) ) ;
#4198 = VERTEX_POINT ( 'NONE', #2750 ) ;
#4199 = ORIENTED_EDGE ( 'NONE', *, *, #6977, .T. ) ;
#4200 = CARTESIAN_POINT ( 'NONE',  ( 11.75000000000000000, 0.2000000000000000944, 0.2500000000000002220 ) ) ;
#4201 = ORIENTED_EDGE ( 'NONE', *, *, #570, .F. ) ;
#4202 = FACE_OUTER_BOUND ( 'NONE', #9326, .T. ) ;
#4203 = ORIENTED_EDGE ( 'NONE', *, *, #9642, .F. ) ;
#4204 = FILL_AREA_STYLE_COLOUR ( '', #7262 ) ;
#4205 = SURFACE_SIDE_STYLE ('',( #3975 ) ) ;
#4206 = ORIENTED_EDGE ( 'NONE', *, *, #7587, .F. ) ;
#4207 = VECTOR ( 'NONE', #5953, 1000.000000000000000 ) ;
#4208 = ORIENTED_EDGE ( 'NONE', *, *, #346, .F. ) ;
#4209 = ADVANCED_FACE ( 'NONE', ( #8707 ), #5566, .F. ) ;
#4210 = PLANE ( 'NONE',  #7279 ) ;
#4211 = DIRECTION ( 'NONE',  ( -1.084202172485504237E-15, -1.000000000000000000, 0.0000000000000000000 ) ) ;
#4212 = VERTEX_POINT ( 'NONE', #1061 ) ;
#4213 = FILL_AREA_STYLE ('',( #10355 ) ) ;
#4214 =( LENGTH_UNIT ( ) NAMED_UNIT ( * ) SI_UNIT ( .MILLI., .METRE. ) );
#4215 = AXIS2_PLACEMENT_3D ( 'NONE', #4546, #8252, #291 ) ;
#4216 = PRESENTATION_LAYER_ASSIGNMENT (  '', '', ( #6981 ) ) ;
#4217 = DIRECTION ( 'NONE',  ( 1.000000000000000000, -5.421010862427522170E-17, 0.0000000000000000000 ) ) ;
#4218 = FACE_OUTER_BOUND ( 'NONE', #3686, .T. ) ;
#4219 = MECHANICAL_DESIGN_GEOMETRIC_PRESENTATION_REPRESENTATION (  '', ( #5544 ), #6612 ) ;
#4220 = ORIENTED_EDGE ( 'NONE', *, *, #2564, .T. ) ;
#4221 = EDGE_CURVE ( 'NONE', #10458, #3778, #4856, .T. ) ;
#4222 = PLANE ( 'NONE',  #3250 ) ;
#4223 = CARTESIAN_POINT ( 'NONE',  ( 9.750000000000000000, -3.299999999999997158, 0.2500000000000002220 ) ) ;
#4224 = EDGE_LOOP ( 'NONE', ( #6650, #8400, #3474, #4066 ) ) ;
#4225 = STYLED_ITEM ( 'NONE', ( #1790 ), #5893 ) ;
#4226 = AXIS2_PLACEMENT_3D ( 'NONE', #1602, #2429, #6058 ) ;
#4227 = FILL_AREA_STYLE ('',( #6769 ) ) ;
#4228 =( NAMED_UNIT ( * ) SI_UNIT ( $, .STERADIAN. ) SOLID_ANGLE_UNIT ( ) );
#4229 = CARTESIAN_POINT ( 'NONE',  ( -1.949999999999999956, 0.0000000000000000000, 1.700000000000000178 ) ) ;
#4230 = CARTESIAN_POINT ( 'NONE',  ( -0.7000000000000005107, 0.0000000000000000000, -2.800000000000000266 ) ) ;
#4231 = PLANE ( 'NONE',  #3076 ) ;
#4232 = COLOUR_RGB ( '',1.000000000000000000, 0.8117647058823529438, 0.5019607843137254832 ) ;
#4233 = ORIENTED_EDGE ( 'NONE', *, *, #8484, .T. ) ;
#4234 = ORIENTED_EDGE ( 'NONE', *, *, #10717, .T. ) ;
#4235 = MECHANICAL_DESIGN_GEOMETRIC_PRESENTATION_REPRESENTATION (  '', ( #9418 ), #8672 ) ;
#4236 = AXIS2_PLACEMENT_3D ( 'NONE', #3063, #6505, #1934 ) ;
#4237 = UNCERTAINTY_MEASURE_WITH_UNIT (LENGTH_MEASURE( 1.000000000000000082E-05 ), #338, 'distance_accuracy_value', 'NONE');
#4238 = EDGE_CURVE ( 'NONE', #7789, #2997, #5736, .T. ) ;
#4239 = EDGE_CURVE ( 'NONE', #10178, #7635, #9101, .T. ) ;
#4240 = PRESENTATION_LAYER_ASSIGNMENT (  '', '', ( #2719 ) ) ;
#4241 = CARTESIAN_POINT ( 'NONE',  ( 14.22000000000000064, 4.230000000000001315, -2.801000000000000600 ) ) ;
#4242 = VECTOR ( 'NONE', #8682, 1000.000000000000000 ) ;
#4243 = FILL_AREA_STYLE_COLOUR ( '', #2034 ) ;
#4244 = SURFACE_STYLE_FILL_AREA ( #4421 ) ;
#4245 = LINE ( 'NONE', #9351, #6651 ) ;
#4246 = UNCERTAINTY_MEASURE_WITH_UNIT (LENGTH_MEASURE( 1.000000000000000082E-05 ), #6362, 'distance_accuracy_value', 'NONE');
#4247 = SURFACE_SIDE_STYLE ('',( #4184 ) ) ;
#4248 = PRESENTATION_STYLE_ASSIGNMENT (( #7943 ) ) ;
#4249 = FILL_AREA_STYLE_COLOUR ( '', #9239 ) ;
#4250 =( NAMED_UNIT ( * ) SI_UNIT ( $, .STERADIAN. ) SOLID_ANGLE_UNIT ( ) );
#4251 = DIRECTION ( 'NONE',  ( -4.336808689942017736E-16, 0.0000000000000000000, -1.000000000000000000 ) ) ;
#4252 = STYLED_ITEM ( 'NONE', ( #3472 ), #8358 ) ;
#4253 = VECTOR ( 'NONE', #4424, 1000.000000000000000 ) ;
#4254 = CARTESIAN_POINT ( 'NONE',  ( -1.350000000000000089, 1.149999999999999911, -2.350000000000001421 ) ) ;
#4255 = CARTESIAN_POINT ( 'NONE',  ( 9.750000000000000000, -3.399999999999999911, 0.2500000000000002220 ) ) ;
#4256 = FILL_AREA_STYLE_COLOUR ( '', #8528 ) ;
#4257 =( NAMED_UNIT ( * ) SI_UNIT ( $, .STERADIAN. ) SOLID_ANGLE_UNIT ( ) );
#4258 = DIRECTION ( 'NONE',  ( -0.0000000000000000000, -1.000000000000000000, -0.0000000000000000000 ) ) ;
#4259 = ADVANCED_FACE ( 'NONE', ( #1168 ), #3036, .F. ) ;
#4260 = VECTOR ( 'NONE', #10941, 1000.000000000000000 ) ;
#4261 =( NAMED_UNIT ( * ) PLANE_ANGLE_UNIT ( ) SI_UNIT ( $, .RADIAN. ) );
#4262 = EDGE_CURVE ( 'NONE', #11286, #9626, #9159, .T. ) ;
#4263 = AXIS2_PLACEMENT_3D ( 'NONE', #9354, #10219, #509 ) ;
#4264 = LINE ( 'NONE', #3381, #2518 ) ;
#4265 = PLANE ( 'NONE',  #2239 ) ;
#4266 = VECTOR ( 'NONE', #9248, 1000.000000000000000 ) ;
#4267 = SURFACE_SIDE_STYLE ('',( #4328 ) ) ;
#4268 = SURFACE_STYLE_FILL_AREA ( #8851 ) ;
#4269 =( LENGTH_UNIT ( ) NAMED_UNIT ( * ) SI_UNIT ( .MILLI., .METRE. ) );
#4270 = FILL_AREA_STYLE_COLOUR ( '', #11203 ) ;
#4271 = ADVANCED_FACE ( 'NONE', ( #6366 ), #8222, .F. ) ;
#4272 = SURFACE_STYLE_FILL_AREA ( #5961 ) ;
#4273 = VECTOR ( 'NONE', #10577, 1000.000000000000000 ) ;
#4274 = COLOUR_RGB ( '',1.000000000000000000, 0.8117647058823529438, 0.5019607843137254832 ) ;
#4275 =( NAMED_UNIT ( * ) PLANE_ANGLE_UNIT ( ) SI_UNIT ( $, .RADIAN. ) );
#4276 = ORIENTED_EDGE ( 'NONE', *, *, #7217, .T. ) ;
#4277 = EDGE_LOOP ( 'NONE', ( #3415, #7678, #5559, #5716 ) ) ;
#4278 = UNCERTAINTY_MEASURE_WITH_UNIT (LENGTH_MEASURE( 1.000000000000000082E-05 ), #7910, 'distance_accuracy_value', 'NONE');
#4279 = CARTESIAN_POINT ( 'NONE',  ( -1.350000000000000089, 1.799999999999999600, 1.249999999999996669 ) ) ;
#4280 = CARTESIAN_POINT ( 'NONE',  ( 14.67999999999999794, 4.230000000000001315, 1.700000000000000178 ) ) ;
#4281 = SURFACE_STYLE_USAGE ( .BOTH. , #2330 ) ;
#4282 = STYLED_ITEM ( 'NONE', ( #1058 ), #5936 ) ;
#4283 = DIRECTION ( 'NONE',  ( 3.872150616019660190E-17, 1.000000000000000000, -0.0000000000000000000 ) ) ;
#4284 = ORIENTED_EDGE ( 'NONE', *, *, #3880, .F. ) ;
#4285 = ORIENTED_EDGE ( 'NONE', *, *, #2970, .F. ) ;
#4286 =( NAMED_UNIT ( * ) PLANE_ANGLE_UNIT ( ) SI_UNIT ( $, .RADIAN. ) );
#4287 = AXIS2_PLACEMENT_3D ( 'NONE', #938, #1687, #7111 ) ;
#4288 = DIRECTION ( 'NONE',  ( 0.5773502691896259531, 0.5773502691896259531, 0.5773502691896253980 ) ) ;
#4289 = COLOUR_RGB ( '',1.000000000000000000, 0.8117647058823529438, 0.5019607843137254832 ) ;
#4290 =( LENGTH_UNIT ( ) NAMED_UNIT ( * ) SI_UNIT ( .MILLI., .METRE. ) );
#4291 = AXIS2_PLACEMENT_3D ( 'NONE', #1101, #9140, #298 ) ;
#4292 = DIRECTION ( 'NONE',  ( -1.000000000000000000, 0.0000000000000000000, -0.0000000000000000000 ) ) ;
#4293 =( NAMED_UNIT ( * ) PLANE_ANGLE_UNIT ( ) SI_UNIT ( $, .RADIAN. ) );
#4294 = VECTOR ( 'NONE', #4331, 1000.000000000000000 ) ;
#4295 =( LENGTH_UNIT ( ) NAMED_UNIT ( * ) SI_UNIT ( .MILLI., .METRE. ) );
#4296 = MECHANICAL_DESIGN_GEOMETRIC_PRESENTATION_REPRESENTATION (  '', ( #6699 ), #933 ) ;
#4297 =( LENGTH_UNIT ( ) NAMED_UNIT ( * ) SI_UNIT ( .MILLI., .METRE. ) );
#4298 = CARTESIAN_POINT ( 'NONE',  ( 12.15000000000000746, 5.100000000000001421, -2.800000000000000266 ) ) ;
#4299 = VECTOR ( 'NONE', #5356, 1000.000000000000000 ) ;
#4300 = CARTESIAN_POINT ( 'NONE',  ( 1.849999999999998312, -3.399999999999999911, -2.800000000000001155 ) ) ;
#4301 = VERTEX_POINT ( 'NONE', #8575 ) ;
#4302 = DIRECTION ( 'NONE',  ( -0.0000000000000000000, -0.0000000000000000000, 1.000000000000000000 ) ) ;
#4303 = LINE ( 'NONE', #8476, #10347 ) ;
#4304 = DIRECTION ( 'NONE',  ( -0.0000000000000000000, -0.0000000000000000000, -1.000000000000000000 ) ) ;
#4305 = AXIS2_PLACEMENT_3D ( 'NONE', #9004, #9756, #3647 ) ;
#4306 = PRESENTATION_STYLE_ASSIGNMENT (( #4473 ) ) ;
#4307 = MECHANICAL_DESIGN_GEOMETRIC_PRESENTATION_REPRESENTATION (  '', ( #8746 ), #5430 ) ;
#4308 = PRESENTATION_LAYER_ASSIGNMENT (  '', '', ( #9311 ) ) ;
#4309 = VECTOR ( 'NONE', #5450, 1000.000000000000000 ) ;
#4310 = LINE ( 'NONE', #7847, #7287 ) ;
#4311 = LINE ( 'NONE', #1537, #4848 ) ;
#4312 = CARTESIAN_POINT ( 'NONE',  ( 7.916666666666664298, 5.166666666666669627, -0.08333333333333542425 ) ) ;
#4313 = CARTESIAN_POINT ( 'NONE',  ( 14.24999999999999822, 0.2000000000000000111, -0.2499999999999997780 ) ) ;
#4314 = STYLED_ITEM ( 'NONE', ( #9047 ), #11174 ) ;
#4315 = PRESENTATION_STYLE_ASSIGNMENT (( #6749 ) ) ;
#4316 =( LENGTH_UNIT ( ) NAMED_UNIT ( * ) SI_UNIT ( .MILLI., .METRE. ) );
#4317 = LINE ( 'NONE', #7853, #541 ) ;
#4318 = AXIS2_PLACEMENT_3D ( 'NONE', #7438, #2835, #5497 ) ;
#4319 = CARTESIAN_POINT ( 'NONE',  ( 0.2499999999999997780, -3.399999999999999911, -0.2499999999999997780 ) ) ;
#4320 = DIRECTION ( 'NONE',  ( 0.0000000000000000000, 1.000000000000000000, 0.0000000000000000000 ) ) ;
#4321 = CARTESIAN_POINT ( 'NONE',  ( 15.94999999999999929, 4.500000000000000888, -0.1799999999999978839 ) ) ;
#4322 = LINE ( 'NONE', #646, #6430 ) ;
#4323 = ORIENTED_EDGE ( 'NONE', *, *, #7154, .T. ) ;
#4324 =( NAMED_UNIT ( * ) PLANE_ANGLE_UNIT ( ) SI_UNIT ( $, .RADIAN. ) );
#4325 = DIRECTION ( 'NONE',  ( -1.000000000000000000, 0.0000000000000000000, -0.0000000000000000000 ) ) ;
#4326 = PRESENTATION_LAYER_ASSIGNMENT (  '', '', ( #9330 ) ) ;
#4327 = EDGE_CURVE ( 'NONE', #4122, #7821, #9393, .T. ) ;
#4328 = SURFACE_STYLE_FILL_AREA ( #7965 ) ;
#4329 = ADVANCED_FACE ( 'NONE', ( #2269 ), #1564, .F. ) ;
#4330 = VERTEX_POINT ( 'NONE', #1339 ) ;
#4331 = DIRECTION ( 'NONE',  ( -0.0000000000000000000, -0.0000000000000000000, 1.000000000000000000 ) ) ;
#4332 = EDGE_CURVE ( 'NONE', #1399, #8517, #11099, .T. ) ;
#4333 =( NAMED_UNIT ( * ) PLANE_ANGLE_UNIT ( ) SI_UNIT ( $, .RADIAN. ) );
#4334 =( NAMED_UNIT ( * ) PLANE_ANGLE_UNIT ( ) SI_UNIT ( $, .RADIAN. ) );
#4335 =( GEOMETRIC_REPRESENTATION_CONTEXT ( 3 ) GLOBAL_UNCERTAINTY_ASSIGNED_CONTEXT ( ( #11326 ) ) GLOBAL_UNIT_ASSIGNED_CONTEXT ( ( #8407, #8529, #5867 ) ) REPRESENTATION_CONTEXT ( 'NONE', 'WORKASPACE' ) );
#4336 = VERTEX_POINT ( 'NONE', #4279 ) ;
#4337 = CARTESIAN_POINT ( 'NONE',  ( 15.94999999999999929, 6.000000000000000000, 1.699999999999999289 ) ) ;
#4338 = ORIENTED_EDGE ( 'NONE', *, *, #2329, .T. ) ;
#4339 = ORIENTED_EDGE ( 'NONE', *, *, #6091, .T. ) ;
#4340 = VERTEX_POINT ( 'NONE', #5156 ) ;
#4341 = SURFACE_SIDE_STYLE ('',( #9019 ) ) ;
#4342 = DIRECTION ( 'NONE',  ( 1.000000000000000000, 0.0000000000000000000, 0.0000000000000000000 ) ) ;
#4343 = VECTOR ( 'NONE', #5751, 1000.000000000000000 ) ;
#4344 = EDGE_CURVE ( 'NONE', #2075, #4985, #5968, .T. ) ;
#4345 = SURFACE_STYLE_USAGE ( .BOTH. , #546 ) ;
#4346 = SURFACE_SIDE_STYLE ('',( #8915 ) ) ;
#4347 = SURFACE_STYLE_FILL_AREA ( #11267 ) ;
#4348 =( NAMED_UNIT ( * ) SI_UNIT ( $, .STERADIAN. ) SOLID_ANGLE_UNIT ( ) );
#4349 = ORIENTED_EDGE ( 'NONE', *, *, #9289, .T. ) ;
#4350 = DIRECTION ( 'NONE',  ( -0.0000000000000000000, -0.0000000000000000000, 1.000000000000000000 ) ) ;
#4351 = SURFACE_STYLE_USAGE ( .BOTH. , #4411 ) ;
#4352 = PLANE ( 'NONE',  #2134 ) ;
#4353 = SURFACE_STYLE_USAGE ( .BOTH. , #7707 ) ;
#4354 = LINE ( 'NONE', #8757, #9155 ) ;
#4355 = DIRECTION ( 'NONE',  ( -0.0000000000000000000, 0.0000000000000000000, 1.000000000000000000 ) ) ;
#4356 =( NAMED_UNIT ( * ) SI_UNIT ( $, .STERADIAN. ) SOLID_ANGLE_UNIT ( ) );
#4357 = VECTOR ( 'NONE', #2137, 1000.000000000000000 ) ;
#4358 = ORIENTED_EDGE ( 'NONE', *, *, #9171, .F. ) ;
#4359 = CARTESIAN_POINT ( 'NONE',  ( 15.94999999999999929, 0.0000000000000000000, -2.800000000000000711 ) ) ;
#4360 = DIRECTION ( 'NONE',  ( 4.336808689942017736E-16, 0.0000000000000000000, 1.000000000000000000 ) ) ;
#4361 = LINE ( 'NONE', #7895, #1847 ) ;
#4362 = FILL_AREA_STYLE ('',( #7842 ) ) ;
#4363 =( NAMED_UNIT ( * ) PLANE_ANGLE_UNIT ( ) SI_UNIT ( $, .RADIAN. ) );
#4364 =( NAMED_UNIT ( * ) SI_UNIT ( $, .STERADIAN. ) SOLID_ANGLE_UNIT ( ) );
#4365 = EDGE_CURVE ( 'NONE', #10178, #10289, #4920, .T. ) ;
#4366 = FILL_AREA_STYLE ('',( #7844 ) ) ;
#4367 = UNCERTAINTY_MEASURE_WITH_UNIT (LENGTH_MEASURE( 1.000000000000000082E-05 ), #1496, 'distance_accuracy_value', 'NONE');
#4368 = VERTEX_POINT ( 'NONE', #10194 ) ;
#4369 = MECHANICAL_DESIGN_GEOMETRIC_PRESENTATION_REPRESENTATION (  '', ( #10837 ), #10472 ) ;
#4370 =( NAMED_UNIT ( * ) SI_UNIT ( $, .STERADIAN. ) SOLID_ANGLE_UNIT ( ) );
#4371 = SURFACE_STYLE_FILL_AREA ( #6796 ) ;
#4372 = DIRECTION ( 'NONE',  ( -0.0000000000000000000, -0.0000000000000000000, -1.000000000000000000 ) ) ;
#4374 = EDGE_CURVE ( 'NONE', #4975, #8772, #10365, .T. ) ;
#4373 = LINE ( 'NONE', #10518, #1630 ) ;
#4375 = AXIS2_PLACEMENT_3D ( 'NONE', #366, #6475, #2024 ) ;
#4376 = SURFACE_STYLE_USAGE ( .BOTH. , #1873 ) ;
#4377 = CARTESIAN_POINT ( 'NONE',  ( -1.350000000000000089, -17.08361788380903690, -2.350000000000001421 ) ) ;
#4378 = EDGE_LOOP ( 'NONE', ( #3298, #7698, #8052, #8855 ) ) ;
#4379 = SURFACE_STYLE_FILL_AREA ( #5308 ) ;
#4380 = LINE ( 'NONE', #2541, #4491 ) ;
#4381 =( LENGTH_UNIT ( ) NAMED_UNIT ( * ) SI_UNIT ( .MILLI., .METRE. ) );
#4382 = COLOUR_RGB ( '',1.000000000000000000, 1.000000000000000000, 1.000000000000000000 ) ;
#4383 = LINE ( 'NONE', #8842, #7742 ) ;
#4384 = ORIENTED_EDGE ( 'NONE', *, *, #5755, .T. ) ;
#4385 = EDGE_LOOP ( 'NONE', ( #6940, #2654, #6241, #10151 ) ) ;
#4386 = ORIENTED_EDGE ( 'NONE', *, *, #1842, .T. ) ;
#4387 = ADVANCED_FACE ( 'NONE', ( #4981 ), #5032, .F. ) ;
#4388 = SURFACE_STYLE_USAGE ( .BOTH. , #10466 ) ;
#4389 = EDGE_CURVE ( 'NONE', #11324, #5242, #8913, .T. ) ;
#4390 =( NAMED_UNIT ( * ) SI_UNIT ( $, .STERADIAN. ) SOLID_ANGLE_UNIT ( ) );
#4391 =( NAMED_UNIT ( * ) SI_UNIT ( $, .STERADIAN. ) SOLID_ANGLE_UNIT ( ) );
#4393 = ADVANCED_FACE ( 'NONE', ( #6083 ), #3505, .T. ) ;
#4392 = ORIENTED_EDGE ( 'NONE', *, *, #4969, .T. ) ;
#4394 = VERTEX_POINT ( 'NONE', #1732 ) ;
#4395 = EDGE_CURVE ( 'NONE', #10479, #8686, #5443, .T. ) ;
#4396 = DIRECTION ( 'NONE',  ( 1.000000000000000000, 0.0000000000000000000, 0.0000000000000000000 ) ) ;
#4397 =( GEOMETRIC_REPRESENTATION_CONTEXT ( 3 ) GLOBAL_UNCERTAINTY_ASSIGNED_CONTEXT ( ( #5183 ) ) GLOBAL_UNIT_ASSIGNED_CONTEXT ( ( #4102, #5019, #10247 ) ) REPRESENTATION_CONTEXT ( 'NONE', 'WORKASPACE' ) );
#4398 = ORIENTED_EDGE ( 'NONE', *, *, #2820, .T. ) ;
#4399 = PRESENTATION_STYLE_ASSIGNMENT (( #7159 ) ) ;
#4400 = EDGE_LOOP ( 'NONE', ( #5869, #9575 ) ) ;
#4401 = EDGE_CURVE ( 'NONE', #884, #4862, #990, .T. ) ;
#4402 = DIRECTION ( 'NONE',  ( -4.336808689942017736E-16, 0.0000000000000000000, -1.000000000000000000 ) ) ;
#4403 = LINE ( 'NONE', #8914, #6375 ) ;
#4404 = CARTESIAN_POINT ( 'NONE',  ( -0.08333333333333607651, 5.166666666666669627, -0.08333333333333586834 ) ) ;
#4405 =( LENGTH_UNIT ( ) NAMED_UNIT ( * ) SI_UNIT ( .MILLI., .METRE. ) );
#4406 =( LENGTH_UNIT ( ) NAMED_UNIT ( * ) SI_UNIT ( .MILLI., .METRE. ) );
#4407 = DIRECTION ( 'NONE',  ( 9.103382349328301547E-49, 2.350988701644575016E-32, 1.000000000000000000 ) ) ;
#4408 = AXIS2_PLACEMENT_3D ( 'NONE', #4300, #7774, #4360 ) ;
#4409 = EDGE_LOOP ( 'NONE', ( #9873, #10495, #5111, #9031 ) ) ;
#4410 = DIRECTION ( 'NONE',  ( 1.000000000000000000, 0.0000000000000000000, -3.246114288878755706E-17 ) ) ;
#4411 = SURFACE_SIDE_STYLE ('',( #4172 ) ) ;
#4412 = EDGE_CURVE ( 'NONE', #3778, #11003, #10704, .T. ) ;
#4413 = PRESENTATION_LAYER_ASSIGNMENT (  '', '', ( #2889 ) ) ;
#4414 = EDGE_CURVE ( 'NONE', #10458, #3929, #3452, .T. ) ;
#4415 = VECTOR ( 'NONE', #5858, 1000.000000000000000 ) ;
#4416 = CIRCLE ( 'NONE', #7165, 0.4999999999999995559 ) ;
#4417 = PRESENTATION_LAYER_ASSIGNMENT (  '', '', ( #10143 ) ) ;
#4418 = DIRECTION ( 'NONE',  ( 0.7071067811865536790, -0.7071067811865414665, 1.662400053425821631E-32 ) ) ;
#4419 = CARTESIAN_POINT ( 'NONE',  ( -0.2500000000000000000, 5.000000000000000888, -0.2499999999999997780 ) ) ;
#4420 = VERTEX_POINT ( 'NONE', #4506 ) ;
#4421 = FILL_AREA_STYLE ('',( #844 ) ) ;
#4422 = ORIENTED_EDGE ( 'NONE', *, *, #10136, .F. ) ;
#4423 = ORIENTED_EDGE ( 'NONE', *, *, #5603, .T. ) ;
#4424 = DIRECTION ( 'NONE',  ( -1.000000000000000000, 0.0000000000000000000, 1.368320445974695775E-17 ) ) ;
#4425 = FACE_OUTER_BOUND ( 'NONE', #6466, .T. ) ;
#4426 =( NAMED_UNIT ( * ) PLANE_ANGLE_UNIT ( ) SI_UNIT ( $, .RADIAN. ) );
#4427 = EDGE_CURVE ( 'NONE', #4435, #9570, #9671, .T. ) ;
#4428 = SURFACE_STYLE_FILL_AREA ( #850 ) ;
#4429 =( GEOMETRIC_REPRESENTATION_CONTEXT ( 3 ) GLOBAL_UNCERTAINTY_ASSIGNED_CONTEXT ( ( #1756 ) ) GLOBAL_UNIT_ASSIGNED_CONTEXT ( ( #4818, #7843, #2347 ) ) REPRESENTATION_CONTEXT ( 'NONE', 'WORKASPACE' ) );
#4430 = SURFACE_STYLE_USAGE ( .BOTH. , #7 ) ;
#4431 = EDGE_CURVE ( 'NONE', #8533, #2121, #9727, .T. ) ;
#4432 = CARTESIAN_POINT ( 'NONE',  ( 7.249999999999999112, 3.399999999999999467, -2.300000000000003375 ) ) ;
#4433 = DIRECTION ( 'NONE',  ( 3.872150616019660190E-17, 1.000000000000000000, -0.0000000000000000000 ) ) ;
#4434 = CARTESIAN_POINT ( 'NONE',  ( -1.350000000000000089, 5.649999999999998579, 1.249999999999997558 ) ) ;
#4435 = VERTEX_POINT ( 'NONE', #2625 ) ;
#4436 = LINE ( 'NONE', #1767, #11103 ) ;
#4437 = CARTESIAN_POINT ( 'NONE',  ( -1.349999999999999645, 1.800000000000000044, -0.4000000000000023537 ) ) ;
#4438 =( NAMED_UNIT ( * ) SI_UNIT ( $, .STERADIAN. ) SOLID_ANGLE_UNIT ( ) );
#4439 = CARTESIAN_POINT ( 'NONE',  ( 7.750000000000000000, -3.299999999999997158, 0.2500000000000002220 ) ) ;
#4440 = VECTOR ( 'NONE', #123, 1000.000000000000000 ) ;
#4441 = ORIENTED_EDGE ( 'NONE', *, *, #7456, .F. ) ;
#4442 = DIRECTION ( 'NONE',  ( -1.000000000000000000, 3.872150616019660190E-17, -0.0000000000000000000 ) ) ;
#4443 = FACE_OUTER_BOUND ( 'NONE', #4165, .T. ) ;
#4444 = DIRECTION ( 'NONE',  ( 0.0000000000000000000, 0.0000000000000000000, 1.000000000000000000 ) ) ;
#4445 = VECTOR ( 'NONE', #4283, 1000.000000000000000 ) ;
#4446 = PLANE ( 'NONE',  #3376 ) ;
#4447 = VECTOR ( 'NONE', #10667, 1000.000000000000000 ) ;
#4448 = DIRECTION ( 'NONE',  ( -4.336808689942017736E-16, 0.0000000000000000000, -1.000000000000000000 ) ) ;
#4449 = UNCERTAINTY_MEASURE_WITH_UNIT (LENGTH_MEASURE( 1.000000000000000082E-05 ), #1500, 'distance_accuracy_value', 'NONE');
#4450 = FACE_OUTER_BOUND ( 'NONE', #6589, .T. ) ;
#4451 =( GEOMETRIC_REPRESENTATION_CONTEXT ( 3 ) GLOBAL_UNCERTAINTY_ASSIGNED_CONTEXT ( ( #5580 ) ) GLOBAL_UNIT_ASSIGNED_CONTEXT ( ( #9214, #3043, #5159 ) ) REPRESENTATION_CONTEXT ( 'NONE', 'WORKASPACE' ) );
#4452 = STYLED_ITEM ( 'NONE', ( #7303 ), #7788 ) ;
#4453 = SURFACE_SIDE_STYLE ('',( #5327 ) ) ;
#4454 = PRESENTATION_STYLE_ASSIGNMENT (( #7164 ) ) ;
#4455 = PRESENTATION_STYLE_ASSIGNMENT (( #10483 ) ) ;
#4456 = CARTESIAN_POINT ( 'NONE',  ( 12.14999999999999680, -3.399999999999999911, 0.1499999999999973577 ) ) ;
#4457 = VECTOR ( 'NONE', #6000, 1000.000000000000000 ) ;
#4458 = CARTESIAN_POINT ( 'NONE',  ( 13.74999999999999822, -3.299999999999997158, -0.2499999999999997780 ) ) ;
#4459 = DIRECTION ( 'NONE',  ( -0.0000000000000000000, -0.0000000000000000000, 1.000000000000000000 ) ) ;
#4460 = MECHANICAL_DESIGN_GEOMETRIC_PRESENTATION_REPRESENTATION (  '', ( #10 ), #8723 ) ;
#4461 = FACE_OUTER_BOUND ( 'NONE', #7625, .T. ) ;
#4462 = VECTOR ( 'NONE', #9927, 1000.000000000000000 ) ;
#4463 = PRESENTATION_STYLE_ASSIGNMENT (( #10610 ) ) ;
#4464 = DIRECTION ( 'NONE',  ( 3.872150616019660190E-17, 1.000000000000000000, -0.0000000000000000000 ) ) ;
#4465 = FILL_AREA_STYLE ('',( #9902 ) ) ;
#4466 = DIRECTION ( 'NONE',  ( -5.421010862427522170E-17, -1.000000000000000000, 2.350988701644575016E-32 ) ) ;
#4467 = ORIENTED_EDGE ( 'NONE', *, *, #9874, .F. ) ;
#4468 = ADVANCED_FACE ( 'NONE', ( #6935 ), #878, .T. ) ;
#4469 = CARTESIAN_POINT ( 'NONE',  ( 12.69999999999999929, 0.1999999999999999833, -2.800000000000000266 ) ) ;
#4470 = ORIENTED_EDGE ( 'NONE', *, *, #3863, .F. ) ;
#4471 = EDGE_CURVE ( 'NONE', #4064, #958, #1159, .T. ) ;
#4472 = ORIENTED_EDGE ( 'NONE', *, *, #5980, .T. ) ;
#4473 = SURFACE_STYLE_USAGE ( .BOTH. , #7945 ) ;
#4474 = PLANE ( 'NONE',  #10596 ) ;
#4475 = UNCERTAINTY_MEASURE_WITH_UNIT (LENGTH_MEASURE( 1.000000000000000082E-05 ), #2272, 'distance_accuracy_value', 'NONE');
#4476 = VECTOR ( 'NONE', #7047, 1000.000000000000000 ) ;
#4477 = CARTESIAN_POINT ( 'NONE',  ( 1.299999999999999600, 0.2000000000000000389, 1.700000000000000178 ) ) ;
#4478 = ORIENTED_EDGE ( 'NONE', *, *, #4532, .F. ) ;
#4479 = PRESENTATION_STYLE_ASSIGNMENT (( #8055 ) ) ;
#4480 = VECTOR ( 'NONE', #10067, 1000.000000000000000 ) ;
#4481 = CARTESIAN_POINT ( 'NONE',  ( -1.949999999999999956, 1.800000000000000044, 0.2500000000000002220 ) ) ;
#4482 = EDGE_CURVE ( 'NONE', #10416, #9421, #1957, .T. ) ;
#4483 = FACE_OUTER_BOUND ( 'NONE', #6519, .T. ) ;
#4484 = SURFACE_STYLE_USAGE ( .BOTH. , #2653 ) ;
#4485 = ORIENTED_EDGE ( 'NONE', *, *, #32, .T. ) ;
#4486 = AXIS2_PLACEMENT_3D ( 'NONE', #4618, #8380, #8146 ) ;
#4487 = CARTESIAN_POINT ( 'NONE',  ( 9.299999999999998934, 0.0000000000000000000, -2.800000000000000266 ) ) ;
#4488 = VECTOR ( 'NONE', #10794, 1000.000000000000114 ) ;
#4489 = CARTESIAN_POINT ( 'NONE',  ( 10.75000000000000000, 1.149999999999999911, -2.050000000000001599 ) ) ;
#4490 = FILL_AREA_STYLE ('',( #20 ) ) ;
#4491 = VECTOR ( 'NONE', #1427, 1000.000000000000000 ) ;
#4492 = EDGE_CURVE ( 'NONE', #3396, #10036, #8210, .T. ) ;
#4493 =( LENGTH_UNIT ( ) NAMED_UNIT ( * ) SI_UNIT ( .MILLI., .METRE. ) );
#4494 =( NAMED_UNIT ( * ) SI_UNIT ( $, .STERADIAN. ) SOLID_ANGLE_UNIT ( ) );
#4495 = MECHANICAL_DESIGN_GEOMETRIC_PRESENTATION_REPRESENTATION (  '', ( #3743 ), #10418 ) ;
#4496 = VECTOR ( 'NONE', #429, 999.9999999999998863 ) ;
#4497 = DIRECTION ( 'NONE',  ( 3.872150616019660190E-17, 1.000000000000000000, -0.0000000000000000000 ) ) ;
#4498 = VECTOR ( 'NONE', #3241, 1000.000000000000000 ) ;
#4499 = UNCERTAINTY_MEASURE_WITH_UNIT (LENGTH_MEASURE( 1.000000000000000082E-05 ), #11263, 'distance_accuracy_value', 'NONE');
#4500 = DIRECTION ( 'NONE',  ( 0.0000000000000000000, 0.0000000000000000000, -1.000000000000000000 ) ) ;
#4501 = DIRECTION ( 'NONE',  ( 1.000000000000000000, 0.0000000000000000000, 0.0000000000000000000 ) ) ;
#4502 = CARTESIAN_POINT ( 'NONE',  ( 15.34999999999999964, -17.08361788380903690, 1.249999999999997558 ) ) ;
#4503 = STYLED_ITEM ( 'NONE', ( #8987 ), #11123 ) ;
#4504 = FILL_AREA_STYLE ('',( #8910 ) ) ;
#4505 = ORIENTED_EDGE ( 'NONE', *, *, #2112, .T. ) ;
#4506 = CARTESIAN_POINT ( 'NONE',  ( -0.1500000000000023537, 5.100000000000001421, -0.1500000000000021316 ) ) ;
#4507 = ORIENTED_EDGE ( 'NONE', *, *, #8117, .T. ) ;
#4508 = PLANE ( 'NONE',  #5461 ) ;
#4509 =( GEOMETRIC_REPRESENTATION_CONTEXT ( 3 ) GLOBAL_UNCERTAINTY_ASSIGNED_CONTEXT ( ( #8522 ) ) GLOBAL_UNIT_ASSIGNED_CONTEXT ( ( #7546, #11130, #6680 ) ) REPRESENTATION_CONTEXT ( 'NONE', 'WORKASPACE' ) );
#4510 = CARTESIAN_POINT ( 'NONE',  ( 5.299999999999998934, 0.2000000000000000389, -2.800000000000000266 ) ) ;
#4511 = CARTESIAN_POINT ( 'NONE',  ( -1.700000000000002620, 6.000000000000000000, 0.3199999999999999512 ) ) ;
#4512 = ADVANCED_FACE ( 'NONE', ( #5723 ), #1257, .F. ) ;
#4513 =( LENGTH_UNIT ( ) NAMED_UNIT ( * ) SI_UNIT ( .MILLI., .METRE. ) );
#4514 =( GEOMETRIC_REPRESENTATION_CONTEXT ( 3 ) GLOBAL_UNCERTAINTY_ASSIGNED_CONTEXT ( ( #3451 ) ) GLOBAL_UNIT_ASSIGNED_CONTEXT ( ( #7781, #5190, #4370 ) ) REPRESENTATION_CONTEXT ( 'NONE', 'WORKASPACE' ) );
#4515 = ORIENTED_EDGE ( 'NONE', *, *, #8335, .F. ) ;
#4516 = CARTESIAN_POINT ( 'NONE',  ( 9.750000000000000000, -3.399999999999999911, 0.1499999999999973577 ) ) ;
#4517 =( LENGTH_UNIT ( ) NAMED_UNIT ( * ) SI_UNIT ( .MILLI., .METRE. ) );
#4518 = MECHANICAL_DESIGN_GEOMETRIC_PRESENTATION_REPRESENTATION (  '', ( #8600 ), #5275 ) ;
#4519 = FACE_OUTER_BOUND ( 'NONE', #9492, .T. ) ;
#4520 = DIRECTION ( 'NONE',  ( 1.000000000000000000, 0.0000000000000000000, 0.0000000000000000000 ) ) ;
#4521 = PRESENTATION_STYLE_ASSIGNMENT (( #7991 ) ) ;
#4522 = CARTESIAN_POINT ( 'NONE',  ( 13.84999999999999787, 5.100000000000001421, -2.800000000000001155 ) ) ;
#4523 = ORIENTED_EDGE ( 'NONE', *, *, #6870, .F. ) ;
#4524 = LINE ( 'NONE', #8045, #1792 ) ;
#4525 = ORIENTED_EDGE ( 'NONE', *, *, #1180, .T. ) ;
#4526 = PRESENTATION_LAYER_ASSIGNMENT (  '', '', ( #9540 ) ) ;
#4527 = SURFACE_SIDE_STYLE ('',( #2810 ) ) ;
#4528 = FILL_AREA_STYLE_COLOUR ( '', #7161 ) ;
#4529 = UNCERTAINTY_MEASURE_WITH_UNIT (LENGTH_MEASURE( 1.000000000000000082E-05 ), #11016, 'distance_accuracy_value', 'NONE');
#4530 = FACE_OUTER_BOUND ( 'NONE', #6296, .T. ) ;
#4531 = CARTESIAN_POINT ( 'NONE',  ( 5.250000000000000888, 3.399999999999999467, -2.350000000000001421 ) ) ;
#4532 = EDGE_CURVE ( 'NONE', #4636, #5150, #6583, .T. ) ;
#4533 = CARTESIAN_POINT ( 'NONE',  ( 13.74999999999999822, 5.000000000000000888, 0.2500000000000002220 ) ) ;
#4534 = ADVANCED_FACE ( 'NONE', ( #8261 ), #2780, .F. ) ;
#4535 = LINE ( 'NONE', #10631, #4440 ) ;
#4536 = CARTESIAN_POINT ( 'NONE',  ( 10.69999999999999929, 0.1999999999999999833, -2.800000000000000266 ) ) ;
#4537 = DIRECTION ( 'NONE',  ( 3.872150616019660190E-17, 1.000000000000000000, -0.0000000000000000000 ) ) ;
#4538 = CARTESIAN_POINT ( 'NONE',  ( 15.17999999999999972, 4.230000000000001315, 1.249999999999997558 ) ) ;
#4539 = CARTESIAN_POINT ( 'NONE',  ( -0.2500000000000002220, -3.399999999999999911, 0.2500000000000002220 ) ) ;
#4540 = ADVANCED_FACE ( 'NONE', ( #1433 ), #2435, .F. ) ;
#4541 = EDGE_CURVE ( 'NONE', #3011, #5860, #10354, .T. ) ;
#4542 =( NAMED_UNIT ( * ) SI_UNIT ( $, .STERADIAN. ) SOLID_ANGLE_UNIT ( ) );
#4543 = AXIS2_PLACEMENT_3D ( 'NONE', #1785, #5388, #1117 ) ;
#4544 = FACE_OUTER_BOUND ( 'NONE', #2453, .T. ) ;
#4545 = DIRECTION ( 'NONE',  ( 1.000000000000000000, -5.421010862427522170E-17, 0.0000000000000000000 ) ) ;
#4546 = CARTESIAN_POINT ( 'NONE',  ( -1.950000000000000178, -3.399999999999999911, -0.1500000000000003830 ) ) ;
#4547 = EDGE_LOOP ( 'NONE', ( #9978, #326, #5006, #2420 ) ) ;
#4548 =( NAMED_UNIT ( * ) PLANE_ANGLE_UNIT ( ) SI_UNIT ( $, .RADIAN. ) );
#4549 = DIRECTION ( 'NONE',  ( -9.103382349328301547E-49, -2.350988701644575016E-32, -1.000000000000000000 ) ) ;
#4550 = FILL_AREA_STYLE_COLOUR ( '', #1659 ) ;
#4551 = EDGE_CURVE ( 'NONE', #9626, #2075, #2372, .T. ) ;
#4552 = ORIENTED_EDGE ( 'NONE', *, *, #3506, .F. ) ;
#4553 = ORIENTED_EDGE ( 'NONE', *, *, #603, .F. ) ;
#4554 = COLOUR_RGB ( '',1.000000000000000000, 1.000000000000000000, 1.000000000000000000 ) ;
#4555 = DIRECTION ( 'NONE',  ( 0.0000000000000000000, 0.0000000000000000000, -1.000000000000000000 ) ) ;
#4556 = CARTESIAN_POINT ( 'NONE',  ( 1.750000000000000666, 5.000000000000004441, 0.2500000000000002220 ) ) ;
#4557 =( GEOMETRIC_REPRESENTATION_CONTEXT ( 3 ) GLOBAL_UNCERTAINTY_ASSIGNED_CONTEXT ( ( #3426 ) ) GLOBAL_UNIT_ASSIGNED_CONTEXT ( ( #10761, #1203, #8086 ) ) REPRESENTATION_CONTEXT ( 'NONE', 'WORKASPACE' ) );
#4558 = CARTESIAN_POINT ( 'NONE',  ( 4.083333333333336590, 5.166666666666670515, -0.08333333333333499404 ) ) ;
#4559 = VERTEX_POINT ( 'NONE', #9439 ) ;
#4560 = FACE_OUTER_BOUND ( 'NONE', #6177, .T. ) ;
#4561 = CARTESIAN_POINT ( 'NONE',  ( 0.2499999999999997780, 0.2000000000000000111, 0.2500000000000002220 ) ) ;
#4562 = FACE_OUTER_BOUND ( 'NONE', #2211, .T. ) ;
#4563 = CARTESIAN_POINT ( 'NONE',  ( 1.299999999999999600, 0.2000000000000000389, 1.700000000000000178 ) ) ;
#4564 = MECHANICAL_DESIGN_GEOMETRIC_PRESENTATION_REPRESENTATION (  '', ( #3842 ), #9400 ) ;
#4565 = SURFACE_STYLE_USAGE ( .BOTH. , #7234 ) ;
#4566 = COLOUR_RGB ( '',1.000000000000000000, 0.8117647058823529438, 0.5019607843137254832 ) ;
#4567 = CARTESIAN_POINT ( 'NONE',  ( 6.699999999999999289, 0.0000000000000000000, -2.800000000000000266 ) ) ;
#4568 = MECHANICAL_DESIGN_GEOMETRIC_PRESENTATION_REPRESENTATION (  '', ( #2511 ), #6615 ) ;
#4569 = FACE_OUTER_BOUND ( 'NONE', #10665, .T. ) ;
#4570 = EDGE_LOOP ( 'NONE', ( #6490, #5291, #10370, #2699 ) ) ;
#4571 = FILL_AREA_STYLE ('',( #8106 ) ) ;
#4572 = EDGE_CURVE ( 'NONE', #7297, #4026, #7500, .T. ) ;
#4573 =( GEOMETRIC_REPRESENTATION_CONTEXT ( 3 ) GLOBAL_UNCERTAINTY_ASSIGNED_CONTEXT ( ( #4089 ) ) GLOBAL_UNIT_ASSIGNED_CONTEXT ( ( #10623, #4426, #5465 ) ) REPRESENTATION_CONTEXT ( 'NONE', 'WORKASPACE' ) );
#4574 = ORIENTED_EDGE ( 'NONE', *, *, #2478, .T. ) ;
#4575 = DIRECTION ( 'NONE',  ( -5.421010862427522170E-17, -1.000000000000000000, 2.350988701644575016E-32 ) ) ;
#4576 = COLOUR_RGB ( '',1.000000000000000000, 0.8117647058823529438, 0.5019607843137254832 ) ;
#4577 = STYLED_ITEM ( 'NONE', ( #5554 ), #3621 ) ;
#4578 = LINE ( 'NONE', #3703, #11020 ) ;
#4579 = FILL_AREA_STYLE ('',( #4638 ) ) ;
#4580 = FILL_AREA_STYLE ('',( #4528 ) ) ;
#4581 = COLOUR_RGB ( '',1.000000000000000000, 1.000000000000000000, 1.000000000000000000 ) ;
#4582 = EDGE_CURVE ( 'NONE', #4559, #1675, #2316, .T. ) ;
#4583 =( LENGTH_UNIT ( ) NAMED_UNIT ( * ) SI_UNIT ( .MILLI., .METRE. ) );
#4584 = SURFACE_SIDE_STYLE ('',( #63 ) ) ;
#4585 = ORIENTED_EDGE ( 'NONE', *, *, #186, .T. ) ;
#4586 = DIRECTION ( 'NONE',  ( -9.103382349328301547E-49, -2.350988701644575016E-32, -1.000000000000000000 ) ) ;
#4587 =( GEOMETRIC_REPRESENTATION_CONTEXT ( 3 ) GLOBAL_UNCERTAINTY_ASSIGNED_CONTEXT ( ( #4895 ) ) GLOBAL_UNIT_ASSIGNED_CONTEXT ( ( #8098, #2632, #8039 ) ) REPRESENTATION_CONTEXT ( 'NONE', 'WORKASPACE' ) );
#4588 =( GEOMETRIC_REPRESENTATION_CONTEXT ( 3 ) GLOBAL_UNCERTAINTY_ASSIGNED_CONTEXT ( ( #6909 ) ) GLOBAL_UNIT_ASSIGNED_CONTEXT ( ( #8263, #11034, #2965 ) ) REPRESENTATION_CONTEXT ( 'NONE', 'WORKASPACE' ) );
#4589 = CARTESIAN_POINT ( 'NONE',  ( 9.750000000000000000, 5.000000000000004441, -0.2499999999999997780 ) ) ;
#4590 = AXIS2_PLACEMENT_3D ( 'NONE', #1806, #8883, #6165 ) ;
#4591 = LINE ( 'NONE', #2703, #2601 ) ;
#4592 = SURFACE_STYLE_USAGE ( .BOTH. , #2706 ) ;
#4593 = FILL_AREA_STYLE ('',( #972 ) ) ;
#4594 = ORIENTED_EDGE ( 'NONE', *, *, #11415, .T. ) ;
#4595 = LINE ( 'NONE', #2761, #5017 ) ;
#4596 = CARTESIAN_POINT ( 'NONE',  ( 1.150000000000000355, 6.000000000000000000, 1.249999999999997558 ) ) ;
#4597 = CARTESIAN_POINT ( 'NONE',  ( 7.850000000000003197, -3.399999999999999911, 0.1499999999999973577 ) ) ;
#4598 = VECTOR ( 'NONE', #6586, 1000.000000000000000 ) ;
#4600 = LINE ( 'NONE', #7906, #5342 ) ;
#4599 =( GEOMETRIC_REPRESENTATION_CONTEXT ( 3 ) GLOBAL_UNCERTAINTY_ASSIGNED_CONTEXT ( ( #2168 ) ) GLOBAL_UNIT_ASSIGNED_CONTEXT ( ( #9512, #4166, #7637 ) ) REPRESENTATION_CONTEXT ( 'NONE', 'WORKASPACE' ) );
#4601 = ORIENTED_EDGE ( 'NONE', *, *, #6386, .T. ) ;
#4602 = CARTESIAN_POINT ( 'NONE',  ( 11.75000000000000000, -3.399999999999999911, 0.2500000000000002220 ) ) ;
#4603 = CARTESIAN_POINT ( 'NONE',  ( 12.14999999999999680, -3.399999999999999911, -0.1499999999999969136 ) ) ;
#4604 = UNCERTAINTY_MEASURE_WITH_UNIT (LENGTH_MEASURE( 1.000000000000000082E-05 ), #10074, 'distance_accuracy_value', 'NONE');
#4605 =( GEOMETRIC_REPRESENTATION_CONTEXT ( 3 ) GLOBAL_UNCERTAINTY_ASSIGNED_CONTEXT ( ( #9023 ) ) GLOBAL_UNIT_ASSIGNED_CONTEXT ( ( #7107, #8033, #3802 ) ) REPRESENTATION_CONTEXT ( 'NONE', 'WORKASPACE' ) );
#4606 = UNCERTAINTY_MEASURE_WITH_UNIT (LENGTH_MEASURE( 1.000000000000000082E-05 ), #8371, 'distance_accuracy_value', 'NONE');
#4607 = PLANE ( 'NONE',  #49 ) ;
#4608 = VERTEX_POINT ( 'NONE', #8379 ) ;
#4609 = EDGE_CURVE ( 'NONE', #8689, #4975, #5844, .T. ) ;
#4610 = CARTESIAN_POINT ( 'NONE',  ( 0.7000000000000031752, 0.0000000000000000000, -2.800000000000000266 ) ) ;
#4611 = SURFACE_SIDE_STYLE ('',( #2837 ) ) ;
#4612 = UNCERTAINTY_MEASURE_WITH_UNIT (LENGTH_MEASURE( 1.000000000000000082E-05 ), #4809, 'distance_accuracy_value', 'NONE');
#4613 = CARTESIAN_POINT ( 'NONE',  ( 9.299999999999998934, 0.2000000000000000389, -0.2499999999999997780 ) ) ;
#4614 = VERTEX_POINT ( 'NONE', #4159 ) ;
#4615 = VECTOR ( 'NONE', #7083, 1000.000000000000000 ) ;
#4616 = CARTESIAN_POINT ( 'NONE',  ( -1.949999999999999956, 1.149999999999999911, -2.800000000000000266 ) ) ;
#4617 = VECTOR ( 'NONE', #3352, 1000.000000000000000 ) ;
#4618 = CARTESIAN_POINT ( 'NONE',  ( 0.0000000000000000000, -3.541421356237309581, 0.0000000000000000000 ) ) ;
#4619 = CARTESIAN_POINT ( 'NONE',  ( 0.2499999999999997780, -3.299999999999998490, -0.2499999999999997780 ) ) ;
#4620 =( NAMED_UNIT ( * ) SI_UNIT ( $, .STERADIAN. ) SOLID_ANGLE_UNIT ( ) );
#4621 = ADVANCED_FACE ( 'NONE', ( #9377 ), #2254, .T. ) ;
#4622 = CARTESIAN_POINT ( 'NONE',  ( -0.7000000000000002887, 0.2000000000000000389, 1.700000000000000178 ) ) ;
#4623 = VERTEX_POINT ( 'NONE', #10468 ) ;
#4624 = LINE ( 'NONE', #9094, #1541 ) ;
#4625 = LINE ( 'NONE', #8706, #8076 ) ;
#4626 = CARTESIAN_POINT ( 'NONE',  ( -1.350000000000000089, 1.149999999999999911, -2.350000000000001421 ) ) ;
#4627 = DIRECTION ( 'NONE',  ( 1.000000000000000000, -5.421010862427522170E-17, 0.0000000000000000000 ) ) ;
#4628 = SURFACE_STYLE_FILL_AREA ( #8273 ) ;
#4629 = DIRECTION ( 'NONE',  ( 1.000000000000000000, 2.180518335725037359E-16, -0.0000000000000000000 ) ) ;
#4630 = CARTESIAN_POINT ( 'NONE',  ( 1.849999999999995204, 5.100000000000001421, -2.800000000000001155 ) ) ;
#4631 = VERTEX_POINT ( 'NONE', #8906 ) ;
#4632 = ORIENTED_EDGE ( 'NONE', *, *, #5955, .T. ) ;
#4633 = ORIENTED_EDGE ( 'NONE', *, *, #10970, .T. ) ;
#4634 = VERTEX_POINT ( 'NONE', #2489 ) ;
#4635 = DIRECTION ( 'NONE',  ( 1.000000000000000000, -5.421010862427522170E-17, 0.0000000000000000000 ) ) ;
#4636 = VERTEX_POINT ( 'NONE', #11310 ) ;
#4637 = PLANE ( 'NONE',  #10856 ) ;
#4638 = FILL_AREA_STYLE_COLOUR ( '', #6478 ) ;
#4639 =( NAMED_UNIT ( * ) PLANE_ANGLE_UNIT ( ) SI_UNIT ( $, .RADIAN. ) );
#4640 = UNCERTAINTY_MEASURE_WITH_UNIT (LENGTH_MEASURE( 1.000000000000000082E-05 ), #8162, 'distance_accuracy_value', 'NONE');
#4641 = FILL_AREA_STYLE_COLOUR ( '', #10043 ) ;
#4642 =( GEOMETRIC_REPRESENTATION_CONTEXT ( 3 ) GLOBAL_UNCERTAINTY_ASSIGNED_CONTEXT ( ( #3765 ) ) GLOBAL_UNIT_ASSIGNED_CONTEXT ( ( #9490, #1488, #2307 ) ) REPRESENTATION_CONTEXT ( 'NONE', 'WORKASPACE' ) );
#4643 = ORIENTED_EDGE ( 'NONE', *, *, #3169, .T. ) ;
#4644 = EDGE_LOOP ( 'NONE', ( #7887, #670, #6553, #7891 ) ) ;
#4645 =( NAMED_UNIT ( * ) PLANE_ANGLE_UNIT ( ) SI_UNIT ( $, .RADIAN. ) );
#4646 = CARTESIAN_POINT ( 'NONE',  ( 6.150000000000003020, 5.100000000000001421, 0.1500000000000042966 ) ) ;
#4647 = LINE ( 'NONE', #7252, #9497 ) ;
#4648 = LINE ( 'NONE', #9118, #7016 ) ;
#4649 =( NAMED_UNIT ( * ) SI_UNIT ( $, .STERADIAN. ) SOLID_ANGLE_UNIT ( ) );
#4650 = VECTOR ( 'NONE', #9963, 1000.000000000000000 ) ;
#4651 = DIRECTION ( 'NONE',  ( 0.0000000000000000000, 0.0000000000000000000, 1.000000000000000000 ) ) ;
#4652 = CARTESIAN_POINT ( 'NONE',  ( 13.29999999999999893, 0.2000000000000000389, 0.2500000000000002220 ) ) ;
#4653 = SURFACE_STYLE_FILL_AREA ( #3606 ) ;
#4654 = CARTESIAN_POINT ( 'NONE',  ( 6.874499999999954980, -2.825500000000001677, 0.3199999999999999512 ) ) ;
#4655 = DIRECTION ( 'NONE',  ( 4.336808689942017736E-16, 0.0000000000000000000, 1.000000000000000000 ) ) ;
#4656 = COLOUR_RGB ( '',1.000000000000000000, 0.8117647058823529438, 0.5019607843137254832 ) ;
#4657 = LINE ( 'NONE', #8191, #401 ) ;
#4658 = DIRECTION ( 'NONE',  ( -1.000000000000000000, 5.421010862427522170E-17, 0.0000000000000000000 ) ) ;
#4659 = DIRECTION ( 'NONE',  ( 4.336808689942017736E-16, 0.0000000000000000000, 1.000000000000000000 ) ) ;
#4660 = VECTOR ( 'NONE', #7748, 1000.000000000000000 ) ;
#4661 = FACE_OUTER_BOUND ( 'NONE', #5087, .T. ) ;
#4662 = PRESENTATION_STYLE_ASSIGNMENT (( #6456 ) ) ;
#4663 = MECHANICAL_DESIGN_GEOMETRIC_PRESENTATION_REPRESENTATION (  '', ( #2416 ), #3935 ) ;
#4664 =( NAMED_UNIT ( * ) SI_UNIT ( $, .STERADIAN. ) SOLID_ANGLE_UNIT ( ) );
#4665 = ORIENTED_EDGE ( 'NONE', *, *, #5266, .T. ) ;
#4666 = CARTESIAN_POINT ( 'NONE',  ( 15.94999999999999929, 0.0000000000000000000, 1.699999999999999289 ) ) ;
#4667 = FACE_OUTER_BOUND ( 'NONE', #3136, .T. ) ;
#4668 = CARTESIAN_POINT ( 'NONE',  ( 8.050000000000000711, 5.100000000000001421, -0.1500000000000038525 ) ) ;
#4669 = COLOUR_RGB ( '',1.000000000000000000, 0.8117647058823529438, 0.5019607843137254832 ) ;
#4670 =( GEOMETRIC_REPRESENTATION_CONTEXT ( 3 ) GLOBAL_UNCERTAINTY_ASSIGNED_CONTEXT ( ( #3798 ) ) GLOBAL_UNIT_ASSIGNED_CONTEXT ( ( #10777, #10663, #8161 ) ) REPRESENTATION_CONTEXT ( 'NONE', 'WORKASPACE' ) );
#4671 = EDGE_CURVE ( 'NONE', #5661, #11142, #925, .T. ) ;
#4672 = VECTOR ( 'NONE', #5509, 1000.000000000000000 ) ;
#4673 = ADVANCED_FACE ( 'NONE', ( #10692 ), #1672, .T. ) ;
#4674 = FACE_OUTER_BOUND ( 'NONE', #3069, .T. ) ;
#4675 = SURFACE_STYLE_USAGE ( .BOTH. , #4346 ) ;
#4676 = FILL_AREA_STYLE_COLOUR ( '', #1130 ) ;
#4677 = ORIENTED_EDGE ( 'NONE', *, *, #2112, .F. ) ;
#4678 = VECTOR ( 'NONE', #4217, 1000.000000000000000 ) ;
#4679 = EDGE_CURVE ( 'NONE', #2178, #528, #11366, .T. ) ;
#4680 = LINE ( 'NONE', #10938, #3371 ) ;
#4681 = CARTESIAN_POINT ( 'NONE',  ( 10.24999999999999822, -3.399999999999999911, -0.2499999999999997780 ) ) ;
#4682 = UNCERTAINTY_MEASURE_WITH_UNIT (LENGTH_MEASURE( 1.000000000000000082E-05 ), #8256, 'distance_accuracy_value', 'NONE');
#4683 = PLANE ( 'NONE',  #8609 ) ;
#4684 = CARTESIAN_POINT ( 'NONE',  ( 7.750000000000000000, -3.399999999999999911, 0.2500000000000002220 ) ) ;
#4685 = SURFACE_SIDE_STYLE ('',( #7237 ) ) ;
#4686 = PRESENTATION_LAYER_ASSIGNMENT (  '', '', ( #10255 ) ) ;
#4687 = CARTESIAN_POINT ( 'NONE',  ( 13.25000000000000178, 3.399999999999999467, -2.050000000000001599 ) ) ;
#4688 = VERTEX_POINT ( 'NONE', #3617 ) ;
#4689 = ORIENTED_EDGE ( 'NONE', *, *, #1579, .F. ) ;
#4690 = SURFACE_SIDE_STYLE ('',( #3773 ) ) ;
#4691 =( NAMED_UNIT ( * ) PLANE_ANGLE_UNIT ( ) SI_UNIT ( $, .RADIAN. ) );
#4692 = CARTESIAN_POINT ( 'NONE',  ( 11.75000000000000000, -3.299999999999997158, -0.2499999999999997780 ) ) ;
#4693 = PRESENTATION_LAYER_ASSIGNMENT (  '', '', ( #9149 ) ) ;
#4694 = FILL_AREA_STYLE_COLOUR ( '', #2216 ) ;
#4695 = ORIENTED_EDGE ( 'NONE', *, *, #7155, .F. ) ;
#4696 = EDGE_CURVE ( 'NONE', #4958, #3354, #84, .T. ) ;
#4697 = DIRECTION ( 'NONE',  ( -1.000000000000000000, 3.872150616019660190E-17, 0.0000000000000000000 ) ) ;
#4698 = PRESENTATION_STYLE_ASSIGNMENT (( #10793 ) ) ;
#4699 = DIRECTION ( 'NONE',  ( 0.0000000000000000000, 0.0000000000000000000, 1.000000000000000000 ) ) ;
#4700 = VECTOR ( 'NONE', #10041, 1000.000000000000114 ) ;
#4701 = ADVANCED_FACE ( 'NONE', ( #6187 ), #8671, .F. ) ;
#4702 = DIRECTION ( 'NONE',  ( -0.0000000000000000000, 1.000000000000000000, -0.0000000000000000000 ) ) ;
#4703 =( LENGTH_UNIT ( ) NAMED_UNIT ( * ) SI_UNIT ( .MILLI., .METRE. ) );
#4704 =( LENGTH_UNIT ( ) NAMED_UNIT ( * ) SI_UNIT ( .MILLI., .METRE. ) );
#4705 = CARTESIAN_POINT ( 'NONE',  ( 8.250000000000000000, -3.299999999999997158, 0.2500000000000002220 ) ) ;
#4706 = AXIS2_PLACEMENT_3D ( 'NONE', #3402, #6936, #5445 ) ;
#4707 = ORIENTED_EDGE ( 'NONE', *, *, #10259, .F. ) ;
#4708 = PLANE ( 'NONE',  #8766 ) ;
#4709 = LINE ( 'NONE', #178, #191 ) ;
#4710 = CARTESIAN_POINT ( 'NONE',  ( -1.350000000000000089, 5.649999999999998579, 1.249999999999997558 ) ) ;
#4711 = ORIENTED_EDGE ( 'NONE', *, *, #4990, .T. ) ;
#4712 = SURFACE_SIDE_STYLE ('',( #8365 ) ) ;
#4713 = CARTESIAN_POINT ( 'NONE',  ( 8.150000000000002132, 5.100000000000001421, -2.800000000000000266 ) ) ;
#4714 = VERTEX_POINT ( 'NONE', #7096 ) ;
#4715 = PRESENTATION_STYLE_ASSIGNMENT (( #8370 ) ) ;
#4716 = UNCERTAINTY_MEASURE_WITH_UNIT (LENGTH_MEASURE( 1.000000000000000082E-05 ), #7461, 'distance_accuracy_value', 'NONE');
#4717 = AXIS2_PLACEMENT_3D ( 'NONE', #9576, #11272, #1517 ) ;
#4718 = EDGE_CURVE ( 'NONE', #56, #3911, #5370, .T. ) ;
#4719 = SURFACE_SIDE_STYLE ('',( #7383 ) ) ;
#4720 = EDGE_CURVE ( 'NONE', #1404, #9500, #4772, .T. ) ;
#4721 = FACE_OUTER_BOUND ( 'NONE', #8068, .T. ) ;
#4722 = EDGE_CURVE ( 'NONE', #2997, #7644, #348, .T. ) ;
#4723 =( GEOMETRIC_REPRESENTATION_CONTEXT ( 3 ) GLOBAL_UNCERTAINTY_ASSIGNED_CONTEXT ( ( #11274 ) ) GLOBAL_UNIT_ASSIGNED_CONTEXT ( ( #2568, #4286, #1572 ) ) REPRESENTATION_CONTEXT ( 'NONE', 'WORKASPACE' ) );
#4724 = EDGE_LOOP ( 'NONE', ( #7659, #11026, #5486, #469 ) ) ;
#4725 = FILL_AREA_STYLE_COLOUR ( '', #4554 ) ;
#4726 = CARTESIAN_POINT ( 'NONE',  ( 7.750000000000000000, 5.000000000000000888, -0.2499999999999997780 ) ) ;
#4727 = AXIS2_PLACEMENT_3D ( 'NONE', #8443, #8267, #2973 ) ;
#4728 =( NAMED_UNIT ( * ) SI_UNIT ( $, .STERADIAN. ) SOLID_ANGLE_UNIT ( ) );
#4729 = DIRECTION ( 'NONE',  ( 1.000000000000000000, 1.927470528863119542E-16, -0.0000000000000000000 ) ) ;
#4730 = CARTESIAN_POINT ( 'NONE',  ( 10.24999999999999822, 5.000000000000004441, 0.2500000000000002220 ) ) ;
#4731 =( NAMED_UNIT ( * ) SI_UNIT ( $, .STERADIAN. ) SOLID_ANGLE_UNIT ( ) );
#4732 = ORIENTED_EDGE ( 'NONE', *, *, #1102, .T. ) ;
#4733 = DIRECTION ( 'NONE',  ( -1.000000000000000000, 3.872150616019660190E-17, 0.0000000000000000000 ) ) ;
#4734 = DIRECTION ( 'NONE',  ( 3.872150616019660190E-17, 1.000000000000000000, 0.0000000000000000000 ) ) ;
#4735 = LINE ( 'NONE', #2916, #1647 ) ;
#4736 = EDGE_CURVE ( 'NONE', #8108, #10098, #7270, .T. ) ;
#4737 = COLOUR_RGB ( '',1.000000000000000000, 0.8117647058823529438, 0.5019607843137254832 ) ;
#4738 =( NAMED_UNIT ( * ) SI_UNIT ( $, .STERADIAN. ) SOLID_ANGLE_UNIT ( ) );
#4739 = DIRECTION ( 'NONE',  ( 3.872150616019660190E-17, 1.000000000000000000, -0.0000000000000000000 ) ) ;
#4740 = DIRECTION ( 'NONE',  ( -0.0000000000000000000, -0.0000000000000000000, 1.000000000000000000 ) ) ;
#4741 = FACE_OUTER_BOUND ( 'NONE', #8950, .T. ) ;
#4742 = LINE ( 'NONE', #3634, #1789 ) ;
#4743 = VERTEX_POINT ( 'NONE', #10804 ) ;
#4744 = COLOUR_RGB ( '',1.000000000000000000, 0.8117647058823529438, 0.5019607843137254832 ) ;
#4745 = EDGE_CURVE ( 'NONE', #8993, #10381, #7378, .T. ) ;
#4746 = ORIENTED_EDGE ( 'NONE', *, *, #2641, .T. ) ;
#4747 = SURFACE_SIDE_STYLE ('',( #9276 ) ) ;
#4748 = ADVANCED_FACE ( 'NONE', ( #10967 ), #10914, .T. ) ;
#4749 = ORIENTED_EDGE ( 'NONE', *, *, #3880, .T. ) ;
#4750 = SURFACE_STYLE_FILL_AREA ( #7471 ) ;
#4751 = CARTESIAN_POINT ( 'NONE',  ( 15.34999999999999964, 1.149999999999999911, -1.050000000000008926 ) ) ;
#4752 = EDGE_CURVE ( 'NONE', #3193, #1439, #2950, .T. ) ;
#4753 = AXIS2_PLACEMENT_3D ( 'NONE', #6759, #2718, #25 ) ;
#4754 = ORIENTED_EDGE ( 'NONE', *, *, #9060, .T. ) ;
#4755 = PLANE ( 'NONE',  #10640 ) ;
#4756 = ADVANCED_FACE ( 'NONE', ( #9074 ), #9131, .T. ) ;
#4757 =( GEOMETRIC_REPRESENTATION_CONTEXT ( 3 ) GLOBAL_UNCERTAINTY_ASSIGNED_CONTEXT ( ( #851 ) ) GLOBAL_UNIT_ASSIGNED_CONTEXT ( ( #1944, #9822, #1826 ) ) REPRESENTATION_CONTEXT ( 'NONE', 'WORKASPACE' ) );
#4758 = DIRECTION ( 'NONE',  ( -1.000000000000000000, -1.938238520644477652E-16, 0.0000000000000000000 ) ) ;
#4759 = SURFACE_SIDE_STYLE ('',( #7367 ) ) ;
#4760 = EDGE_CURVE ( 'NONE', #11296, #2148, #5827, .T. ) ;
#4761 = PRESENTATION_LAYER_ASSIGNMENT (  '', '', ( #300 ) ) ;
#4762 = CARTESIAN_POINT ( 'NONE',  ( 0.6999999999999992895, 0.1999999999999999833, -2.800000000000000266 ) ) ;
#4763 =( GEOMETRIC_REPRESENTATION_CONTEXT ( 3 ) GLOBAL_UNCERTAINTY_ASSIGNED_CONTEXT ( ( #11282 ) ) GLOBAL_UNIT_ASSIGNED_CONTEXT ( ( #5625, #8390, #10019 ) ) REPRESENTATION_CONTEXT ( 'NONE', 'WORKASPACE' ) );
#4764 = SURFACE_SIDE_STYLE ('',( #9182 ) ) ;
#4765 =( NAMED_UNIT ( * ) PLANE_ANGLE_UNIT ( ) SI_UNIT ( $, .RADIAN. ) );
#4766 = CARTESIAN_POINT ( 'NONE',  ( 13.74999999999999822, -3.399999999999999911, -0.2499999999999997780 ) ) ;
#4767 = VECTOR ( 'NONE', #2217, 1000.000000000000000 ) ;
#4768 = AXIS2_PLACEMENT_3D ( 'NONE', #7577, #8515, #7816 ) ;
#4769 = EDGE_CURVE ( 'NONE', #5860, #4097, #7549, .T. ) ;
#4770 =( LENGTH_UNIT ( ) NAMED_UNIT ( * ) SI_UNIT ( .MILLI., .METRE. ) );
#4771 = DIRECTION ( 'NONE',  ( -9.103382349328301547E-49, -2.350988701644575016E-32, -1.000000000000000000 ) ) ;
#4772 = LINE ( 'NONE', #8305, #3638 ) ;
#4773 = VERTEX_POINT ( 'NONE', #6630 ) ;
#4774 = PRESENTATION_STYLE_ASSIGNMENT (( #2001 ) ) ;
#4775 = UNCERTAINTY_MEASURE_WITH_UNIT (LENGTH_MEASURE( 1.000000000000000082E-05 ), #8610, 'distance_accuracy_value', 'NONE');
#4776 = SURFACE_SIDE_STYLE ('',( #10969 ) ) ;
#4777 = COLOUR_RGB ( '',1.000000000000000000, 0.8117647058823529438, 0.5019607843137254832 ) ;
#4778 = VECTOR ( 'NONE', #233, 1000.000000000000000 ) ;
#4779 = DIRECTION ( 'NONE',  ( 1.000000000000000000, 0.0000000000000000000, -0.0000000000000000000 ) ) ;
#4780 = DIRECTION ( 'NONE',  ( -0.0000000000000000000, -0.0000000000000000000, 1.000000000000000000 ) ) ;
#4781 = ORIENTED_EDGE ( 'NONE', *, *, #2068, .F. ) ;
#4782 = VECTOR ( 'NONE', #4555, 1000.000000000000000 ) ;
#4783 = ORIENTED_EDGE ( 'NONE', *, *, #8374, .F. ) ;
#4784 = DIRECTION ( 'NONE',  ( 1.000000000000000000, 0.0000000000000000000, 0.0000000000000000000 ) ) ;
#4785 = PRESENTATION_STYLE_ASSIGNMENT (( #10077 ) ) ;
#4786 = FILL_AREA_STYLE ('',( #10129 ) ) ;
#4787 = ORIENTED_EDGE ( 'NONE', *, *, #11027, .F. ) ;
#4788 = SURFACE_STYLE_USAGE ( .BOTH. , #421 ) ;
#4789 = ORIENTED_EDGE ( 'NONE', *, *, #7973, .F. ) ;
#4790 = CARTESIAN_POINT ( 'NONE',  ( 6.699999999999999289, 0.1999999999999999833, 1.700000000000000178 ) ) ;
#4791 = DIRECTION ( 'NONE',  ( -1.000000000000000000, 3.872150616019660190E-17, 0.0000000000000000000 ) ) ;
#4792 = STYLED_ITEM ( 'NONE', ( #9348 ), #8344 ) ;
#4793 = UNCERTAINTY_MEASURE_WITH_UNIT (LENGTH_MEASURE( 1.000000000000000082E-05 ), #1426, 'distance_accuracy_value', 'NONE');
#4794 = CARTESIAN_POINT ( 'NONE',  ( -1.949999999999999956, 4.500000000000000888, -0.6799999999999991607 ) ) ;
#4795 = LINE ( 'NONE', #2984, #10603 ) ;
#4796 = DIRECTION ( 'NONE',  ( 0.5773502691896239547, -0.5773502691896289507, 0.5773502691896243988 ) ) ;
#4797 = EDGE_LOOP ( 'NONE', ( #6224, #9107, #11314, #9639 ) ) ;
#4798 = AXIS2_PLACEMENT_3D ( 'NONE', #550, #492, #8334 ) ;
#4799 = VERTEX_POINT ( 'NONE', #9362 ) ;
#4800 =( LENGTH_UNIT ( ) NAMED_UNIT ( * ) SI_UNIT ( .MILLI., .METRE. ) );
#4801 = LINE ( 'NONE', #2102, #10569 ) ;
#4802 = ORIENTED_EDGE ( 'NONE', *, *, #2661, .T. ) ;
#4803 = CARTESIAN_POINT ( 'NONE',  ( 10.05000000000000071, 5.100000000000001421, 0.1500000000000077660 ) ) ;
#4804 = EDGE_CURVE ( 'NONE', #9500, #1675, #9304, .T. ) ;
#4805 =( GEOMETRIC_REPRESENTATION_CONTEXT ( 3 ) GLOBAL_UNCERTAINTY_ASSIGNED_CONTEXT ( ( #2749 ) ) GLOBAL_UNIT_ASSIGNED_CONTEXT ( ( #10060, #9135, #5548 ) ) REPRESENTATION_CONTEXT ( 'NONE', 'WORKASPACE' ) );
#4806 = ADVANCED_FACE ( 'NONE', ( #577 ), #9480, .T. ) ;
#4807 = STYLED_ITEM ( 'NONE', ( #9801 ), #7723 ) ;
#4808 = CARTESIAN_POINT ( 'NONE',  ( 2.150000000000004796, 5.100000000000001421, -0.1500000000000038525 ) ) ;
#4809 =( LENGTH_UNIT ( ) NAMED_UNIT ( * ) SI_UNIT ( .MILLI., .METRE. ) );
#4810 = EDGE_CURVE ( 'NONE', #2205, #10175, #7606, .T. ) ;
#4811 = SURFACE_STYLE_FILL_AREA ( #10159 ) ;
#4812 = FACE_OUTER_BOUND ( 'NONE', #10103, .T. ) ;
#4813 = DIRECTION ( 'NONE',  ( 1.927470528863119049E-16, 0.0000000000000000000, -1.000000000000000000 ) ) ;
#4814 = MECHANICAL_DESIGN_GEOMETRIC_PRESENTATION_REPRESENTATION (  '', ( #6858 ), #10195 ) ;
#4815 = VECTOR ( 'NONE', #4884, 1000.000000000000000 ) ;
#4816 = CARTESIAN_POINT ( 'NONE',  ( 5.750000000000000000, -3.399999999999999911, 0.2500000000000002220 ) ) ;
#4817 = VECTOR ( 'NONE', #6229, 1000.000000000000000 ) ;
#4818 =( LENGTH_UNIT ( ) NAMED_UNIT ( * ) SI_UNIT ( .MILLI., .METRE. ) );
#4819 = CARTESIAN_POINT ( 'NONE',  ( 9.750000000000000000, -3.299999999999997158, 0.2500000000000002220 ) ) ;
#4820 = EDGE_LOOP ( 'NONE', ( #3173, #8008, #1584, #10840 ) ) ;
#4821 = ORIENTED_EDGE ( 'NONE', *, *, #2861, .F. ) ;
#4822 = ADVANCED_FACE ( 'NONE', ( #4951 ), #10167, .F. ) ;
#4823 = CARTESIAN_POINT ( 'NONE',  ( 2.050000000000000266, 5.100000000000001421, -2.800000000000000266 ) ) ;
#4824 = FACE_OUTER_BOUND ( 'NONE', #9460, .T. ) ;
#4825 = COLOUR_RGB ( '',1.000000000000000000, 1.000000000000000000, 1.000000000000000000 ) ;
#4826 = SURFACE_STYLE_FILL_AREA ( #11133 ) ;
#4827 = ORIENTED_EDGE ( 'NONE', *, *, #10442, .T. ) ;
#4828 = DIRECTION ( 'NONE',  ( -3.833233541708420554E-17, -0.7071067811865447972, 0.7071067811865502373 ) ) ;
#4829 = PRESENTATION_STYLE_ASSIGNMENT (( #583 ) ) ;
#4830 = MECHANICAL_DESIGN_GEOMETRIC_PRESENTATION_REPRESENTATION (  '', ( #10020 ), #7972 ) ;
#4831 =( GEOMETRIC_REPRESENTATION_CONTEXT ( 3 ) GLOBAL_UNCERTAINTY_ASSIGNED_CONTEXT ( ( #9828 ) ) GLOBAL_UNIT_ASSIGNED_CONTEXT ( ( #10313, #9455, #5158 ) ) REPRESENTATION_CONTEXT ( 'NONE', 'WORKASPACE' ) );
#4832 = DIRECTION ( 'NONE',  ( 0.0000000000000000000, 0.0000000000000000000, -1.000000000000000000 ) ) ;
#4833 = VECTOR ( 'NONE', #10057, 1000.000000000000000 ) ;
#4834 =( LENGTH_UNIT ( ) NAMED_UNIT ( * ) SI_UNIT ( .MILLI., .METRE. ) );
#4835 = DIRECTION ( 'NONE',  ( 1.000000000000000000, 0.0000000000000000000, 0.0000000000000000000 ) ) ;
#4836 = PRESENTATION_LAYER_ASSIGNMENT (  '', '', ( #928 ) ) ;
#4837 =( NAMED_UNIT ( * ) PLANE_ANGLE_UNIT ( ) SI_UNIT ( $, .RADIAN. ) );
#4838 = ORIENTED_EDGE ( 'NONE', *, *, #1593, .T. ) ;
#4839 = AXIS2_PLACEMENT_3D ( 'NONE', #1688, #9787, #2510 ) ;
#4840 = PRESENTATION_LAYER_ASSIGNMENT (  '', '', ( #5963 ) ) ;
#4841 = DIRECTION ( 'NONE',  ( 0.0000000000000000000, 0.0000000000000000000, -1.000000000000000000 ) ) ;
#4842 = FILL_AREA_STYLE_COLOUR ( '', #8986 ) ;
#4843 = DIRECTION ( 'NONE',  ( 0.0000000000000000000, -0.7071067811865451302, 0.7071067811865500152 ) ) ;
#4844 = MECHANICAL_DESIGN_GEOMETRIC_PRESENTATION_REPRESENTATION (  '', ( #9846 ), #8739 ) ;
#4845 = DIRECTION ( 'NONE',  ( -3.872150616019660190E-17, -1.000000000000000000, 0.0000000000000000000 ) ) ;
#4846 = VECTOR ( 'NONE', #7414, 1000.000000000000114 ) ;
#4847 = DIRECTION ( 'NONE',  ( 1.000000000000000000, -0.0000000000000000000, -4.845596301611194130E-17 ) ) ;
#4848 = VECTOR ( 'NONE', #5064, 1000.000000000000000 ) ;
#4849 = SURFACE_STYLE_USAGE ( .BOTH. , #9202 ) ;
#4850 = PRESENTATION_LAYER_ASSIGNMENT (  '', '', ( #1477 ) ) ;
#4851 = COLOUR_RGB ( '',1.000000000000000000, 1.000000000000000000, 1.000000000000000000 ) ;
#4852 = MECHANICAL_DESIGN_GEOMETRIC_PRESENTATION_REPRESENTATION (  '', ( #8010 ), #9519 ) ;
#4853 = ORIENTED_EDGE ( 'NONE', *, *, #4108, .F. ) ;
#4854 = CARTESIAN_POINT ( 'NONE',  ( 4.750000000000000888, 3.149999999999999023, -2.050000000000001599 ) ) ;
#4855 =( NAMED_UNIT ( * ) PLANE_ANGLE_UNIT ( ) SI_UNIT ( $, .RADIAN. ) );
#4856 = LINE ( 'NONE', #370, #10157 ) ;
#4857 = FILL_AREA_STYLE_COLOUR ( '', #2076 ) ;
#4858 = PRESENTATION_LAYER_ASSIGNMENT (  '', '', ( #6897 ) ) ;
#4859 = CARTESIAN_POINT ( 'NONE',  ( -1.950000000000000400, 1.380000000000000782, 1.300000000000000044 ) ) ;
#4860 = LINE ( 'NONE', #9162, #4032 ) ;
#4861 = CARTESIAN_POINT ( 'NONE',  ( 9.299999999999998934, 0.2000000000000000389, -2.800000000000000266 ) ) ;
#4862 = VERTEX_POINT ( 'NONE', #1313 ) ;
#4863 = ORIENTED_EDGE ( 'NONE', *, *, #7325, .F. ) ;
#4864 = PRESENTATION_STYLE_ASSIGNMENT (( #1287 ) ) ;
#4865 = PLANE ( 'NONE',  #1718 ) ;
#4866 = SURFACE_SIDE_STYLE ('',( #5579 ) ) ;
#4867 = ORIENTED_EDGE ( 'NONE', *, *, #11328, .F. ) ;
#4868 = ORIENTED_EDGE ( 'NONE', *, *, #7654, .T. ) ;
#4869 =( GEOMETRIC_REPRESENTATION_CONTEXT ( 3 ) GLOBAL_UNCERTAINTY_ASSIGNED_CONTEXT ( ( #10544 ) ) GLOBAL_UNIT_ASSIGNED_CONTEXT ( ( #9995, #8128, #289 ) ) REPRESENTATION_CONTEXT ( 'NONE', 'WORKASPACE' ) );
#4870 = ORIENTED_EDGE ( 'NONE', *, *, #5069, .T. ) ;
#4871 = EDGE_CURVE ( 'NONE', #8236, #3529, #8483, .T. ) ;
#4872 = DIRECTION ( 'NONE',  ( 3.872150616019660190E-17, 1.000000000000000000, -0.0000000000000000000 ) ) ;
#4873 = VECTOR ( 'NONE', #3443, 1000.000000000000114 ) ;
#4874 = EDGE_CURVE ( 'NONE', #9913, #3255, #3368, .T. ) ;
#4875 = PRESENTATION_STYLE_ASSIGNMENT (( #5692 ) ) ;
#4876 = FACE_OUTER_BOUND ( 'NONE', #9401, .T. ) ;
#4877 = ORIENTED_EDGE ( 'NONE', *, *, #3370, .F. ) ;
#4878 = DIRECTION ( 'NONE',  ( 3.872150616019660190E-17, 1.000000000000000000, -0.0000000000000000000 ) ) ;
#4879 =( NAMED_UNIT ( * ) SI_UNIT ( $, .STERADIAN. ) SOLID_ANGLE_UNIT ( ) );
#4880 = FILL_AREA_STYLE_COLOUR ( '', #3272 ) ;
#4881 = SURFACE_STYLE_FILL_AREA ( #5872 ) ;
#4882 = PRESENTATION_LAYER_ASSIGNMENT (  '', '', ( #3392 ) ) ;
#4883 = ORIENTED_EDGE ( 'NONE', *, *, #965, .F. ) ;
#4884 = DIRECTION ( 'NONE',  ( 9.103382349328301547E-49, 2.350988701644575016E-32, 1.000000000000000000 ) ) ;
#4885 = FILL_AREA_STYLE ('',( #3961 ) ) ;
#4886 = LINE ( 'NONE', #7263, #1583 ) ;
#4887 = AXIS2_PLACEMENT_3D ( 'NONE', #7294, #1063, #9742 ) ;
#4888 = CARTESIAN_POINT ( 'NONE',  ( 15.94999999999999929, 0.0000000000000000000, 1.699999999999999289 ) ) ;
#4889 = CARTESIAN_POINT ( 'NONE',  ( 6.249999999999998224, -3.299999999999997158, -0.2499999999999997780 ) ) ;
#4890 = CARTESIAN_POINT ( 'NONE',  ( 6.699999999999999289, 0.1999999999999999833, -2.800000000000000266 ) ) ;
#4891 =( LENGTH_UNIT ( ) NAMED_UNIT ( * ) SI_UNIT ( .MILLI., .METRE. ) );
#4892 = ORIENTED_EDGE ( 'NONE', *, *, #7720, .T. ) ;
#4893 = ORIENTED_EDGE ( 'NONE', *, *, #1520, .F. ) ;
#4894 = FILL_AREA_STYLE ('',( #2122 ) ) ;
#4895 = UNCERTAINTY_MEASURE_WITH_UNIT (LENGTH_MEASURE( 1.000000000000000082E-05 ), #8098, 'distance_accuracy_value', 'NONE');
#4896 = ORIENTED_EDGE ( 'NONE', *, *, #8489, .F. ) ;
#4897 = LINE ( 'NONE', #6865, #6307 ) ;
#4898 = EDGE_CURVE ( 'NONE', #8517, #2148, #9049, .T. ) ;
#4899 = ORIENTED_EDGE ( 'NONE', *, *, #765, .F. ) ;
#4900 = FILL_AREA_STYLE_COLOUR ( '', #459 ) ;
#4901 =( NAMED_UNIT ( * ) SI_UNIT ( $, .STERADIAN. ) SOLID_ANGLE_UNIT ( ) );
#4902 = STYLED_ITEM ( 'NONE', ( #6886 ), #2725 ) ;
#4903 = EDGE_CURVE ( 'NONE', #1923, #2960, #10778, .T. ) ;
#4904 =( LENGTH_UNIT ( ) NAMED_UNIT ( * ) SI_UNIT ( .MILLI., .METRE. ) );
#4905 = PLANE ( 'NONE',  #7246 ) ;
#4906 = SURFACE_STYLE_FILL_AREA ( #7621 ) ;
#4907 = LINE ( 'NONE', #9382, #5038 ) ;
#4908 = PRESENTATION_STYLE_ASSIGNMENT (( #11088 ) ) ;
#4909 = FACE_OUTER_BOUND ( 'NONE', #7413, .T. ) ;
#4910 = PRESENTATION_STYLE_ASSIGNMENT (( #6762 ) ) ;
#4911 = ORIENTED_EDGE ( 'NONE', *, *, #9284, .F. ) ;
#4912 = EDGE_CURVE ( 'NONE', #3518, #8923, #11413, .T. ) ;
#4913 = ORIENTED_EDGE ( 'NONE', *, *, #4431, .T. ) ;
#4914 = AXIS2_PLACEMENT_3D ( 'NONE', #11384, #8688, #3286 ) ;
#4915 = SURFACE_STYLE_FILL_AREA ( #2027 ) ;
#4916 = CARTESIAN_POINT ( 'NONE',  ( 12.25000000000000000, -3.399999999999999911, 0.2500000000000002220 ) ) ;
#4917 = VERTEX_POINT ( 'NONE', #9600 ) ;
#4918 = VECTOR ( 'NONE', #2852, 1000.000000000000000 ) ;
#4919 = PLANE ( 'NONE',  #2992 ) ;
#4920 = LINE ( 'NONE', #5856, #4242 ) ;
#4921 = CARTESIAN_POINT ( 'NONE',  ( 8.699999999999999289, 0.0000000000000000000, -2.800000000000000266 ) ) ;
#4922 = AXIS2_PLACEMENT_3D ( 'NONE', #1387, #6017, #655 ) ;
#4923 = ADVANCED_FACE ( 'NONE', ( #859 ), #5192, .T. ) ;
#4924 = DIRECTION ( 'NONE',  ( -1.084202172485504237E-15, -1.000000000000000000, 0.0000000000000000000 ) ) ;
#4925 = CARTESIAN_POINT ( 'NONE',  ( -1.949999999999999956, 1.800000000000000044, 0.2500000000000002220 ) ) ;
#4926 = VERTEX_POINT ( 'NONE', #2595 ) ;
#4927 = ORIENTED_EDGE ( 'NONE', *, *, #825, .T. ) ;
#4928 = DIRECTION ( 'NONE',  ( 1.000000000000000000, -3.872150616019660190E-17, -4.336808689942017736E-16 ) ) ;
#4929 = COLOUR_RGB ( '',1.000000000000000000, 1.000000000000000000, 1.000000000000000000 ) ;
#4930 = CARTESIAN_POINT ( 'NONE',  ( 10.75000000000000000, 1.149999999999999911, -2.050000000000001599 ) ) ;
#4931 = PRESENTATION_STYLE_ASSIGNMENT (( #1518 ) ) ;
#4932 = ORIENTED_EDGE ( 'NONE', *, *, #4412, .T. ) ;
#4933 = ORIENTED_EDGE ( 'NONE', *, *, #9180, .T. ) ;
#4934 = DIRECTION ( 'NONE',  ( 0.0000000000000000000, 0.0000000000000000000, -1.000000000000000000 ) ) ;
#4935 =( GEOMETRIC_REPRESENTATION_CONTEXT ( 3 ) GLOBAL_UNCERTAINTY_ASSIGNED_CONTEXT ( ( #6976 ) ) GLOBAL_UNIT_ASSIGNED_CONTEXT ( ( #5836, #4261, #644 ) ) REPRESENTATION_CONTEXT ( 'NONE', 'WORKASPACE' ) );
#4936 = CARTESIAN_POINT ( 'NONE',  ( 13.74999999999999822, -3.399999999999999911, -0.2499999999999997780 ) ) ;
#4937 = DIRECTION ( 'NONE',  ( -0.0000000000000000000, -0.0000000000000000000, 1.000000000000000000 ) ) ;
#4938 = DIRECTION ( 'NONE',  ( -4.336808689942017736E-16, 0.0000000000000000000, -1.000000000000000000 ) ) ;
#4939 = DIRECTION ( 'NONE',  ( -0.0000000000000000000, 1.000000000000000000, -0.0000000000000000000 ) ) ;
#4940 = CARTESIAN_POINT ( 'NONE',  ( 6.699999999999999289, 0.1999999999999999833, -2.800000000000000266 ) ) ;
#4941 =( LENGTH_UNIT ( ) NAMED_UNIT ( * ) SI_UNIT ( .MILLI., .METRE. ) );
#4942 = VERTEX_POINT ( 'NONE', #10455 ) ;
#4943 =( GEOMETRIC_REPRESENTATION_CONTEXT ( 3 ) GLOBAL_UNCERTAINTY_ASSIGNED_CONTEXT ( ( #11407 ) ) GLOBAL_UNIT_ASSIGNED_CONTEXT ( ( #1893, #3923, #192 ) ) REPRESENTATION_CONTEXT ( 'NONE', 'WORKASPACE' ) );
#4944 = EDGE_CURVE ( 'NONE', #11014, #4743, #748, .T. ) ;
#4945 = PLANE ( 'NONE',  #4263 ) ;
#4946 = FILL_AREA_STYLE_COLOUR ( '', #10855 ) ;
#4947 = CARTESIAN_POINT ( 'NONE',  ( 6.249999999999998224, -3.399999999999999911, -0.2499999999999997780 ) ) ;
#4948 = VECTOR ( 'NONE', #5126, 1000.000000000000000 ) ;
#4949 = CARTESIAN_POINT ( 'NONE',  ( 14.14999999999999858, 5.100000000000001421, -0.1500000000000003830 ) ) ;
#4950 = LINE ( 'NONE', #2120, #9662 ) ;
#4951 = FACE_OUTER_BOUND ( 'NONE', #5469, .T. ) ;
#4952 = STYLED_ITEM ( 'NONE', ( #2642 ), #636 ) ;
#4953 = VERTEX_POINT ( 'NONE', #2419 ) ;
#4954 = EDGE_LOOP ( 'NONE', ( #2851, #10303, #5131, #7836 ) ) ;
#4955 = LINE ( 'NONE', #7733, #1628 ) ;
#4956 = DIRECTION ( 'NONE',  ( -1.000000000000000000, 0.0000000000000000000, -0.0000000000000000000 ) ) ;
#4957 =( GEOMETRIC_REPRESENTATION_CONTEXT ( 3 ) GLOBAL_UNCERTAINTY_ASSIGNED_CONTEXT ( ( #2303 ) ) GLOBAL_UNIT_ASSIGNED_CONTEXT ( ( #2991, #4639, #3889 ) ) REPRESENTATION_CONTEXT ( 'NONE', 'WORKASPACE' ) );
#4958 = VERTEX_POINT ( 'NONE', #6171 ) ;
#4959 = SURFACE_SIDE_STYLE ('',( #7615 ) ) ;
#4960 = DIRECTION ( 'NONE',  ( 1.000000000000000000, 2.180518335725037359E-16, 0.0000000000000000000 ) ) ;
#4961 =( GEOMETRIC_REPRESENTATION_CONTEXT ( 3 ) GLOBAL_UNCERTAINTY_ASSIGNED_CONTEXT ( ( #4606 ) ) GLOBAL_UNIT_ASSIGNED_CONTEXT ( ( #8371, #5660, #1198 ) ) REPRESENTATION_CONTEXT ( 'NONE', 'WORKASPACE' ) );
#4962 =( LENGTH_UNIT ( ) NAMED_UNIT ( * ) SI_UNIT ( .MILLI., .METRE. ) );
#4963 = ORIENTED_EDGE ( 'NONE', *, *, #8063, .F. ) ;
#4964 = STYLED_ITEM ( 'NONE', ( #7527 ), #852 ) ;
#4965 = VERTEX_POINT ( 'NONE', #5996 ) ;
#4966 =( GEOMETRIC_REPRESENTATION_CONTEXT ( 3 ) GLOBAL_UNCERTAINTY_ASSIGNED_CONTEXT ( ( #6901 ) ) GLOBAL_UNIT_ASSIGNED_CONTEXT ( ( #9447, #8570, #8498 ) ) REPRESENTATION_CONTEXT ( 'NONE', 'WORKASPACE' ) );
#4967 = DIRECTION ( 'NONE',  ( -5.421010862427522170E-17, -1.000000000000000000, 2.350988701644575016E-32 ) ) ;
#4968 = DIRECTION ( 'NONE',  ( -1.084202172485504237E-15, -1.000000000000000000, 0.0000000000000000000 ) ) ;
#4969 = EDGE_CURVE ( 'NONE', #3460, #115, #1538, .T. ) ;
#4970 = VECTOR ( 'NONE', #4784, 1000.000000000000000 ) ;
#4971 = FILL_AREA_STYLE_COLOUR ( '', #8796 ) ;
#4972 = VECTOR ( 'NONE', #7137, 1000.000000000000000 ) ;
#4973 = PLANE ( 'NONE',  #3720 ) ;
#4974 = PLANE ( 'NONE',  #2232 ) ;
#4975 = VERTEX_POINT ( 'NONE', #3696 ) ;
#4976 = DIRECTION ( 'NONE',  ( 1.000000000000000000, -5.421010862427522170E-17, 0.0000000000000000000 ) ) ;
#4977 = CARTESIAN_POINT ( 'NONE',  ( 14.24999999999999822, 1.800000000000000044, 0.2500000000000002220 ) ) ;
#4978 =( NAMED_UNIT ( * ) SI_UNIT ( $, .STERADIAN. ) SOLID_ANGLE_UNIT ( ) );
#4979 = COLOUR_RGB ( '',1.000000000000000000, 1.000000000000000000, 1.000000000000000000 ) ;
#4980 = PLANE ( 'NONE',  #1466 ) ;
#4981 = FACE_OUTER_BOUND ( 'NONE', #6692, .T. ) ;
#4982 = EDGE_CURVE ( 'NONE', #3771, #4926, #3305, .T. ) ;
#4983 = LINE ( 'NONE', #4115, #10094 ) ;
#4984 = DIRECTION ( 'NONE',  ( -4.336808689942017736E-16, 1.679277644031839923E-32, -1.000000000000000000 ) ) ;
#4985 = VERTEX_POINT ( 'NONE', #11292 ) ;
#4986 = ORIENTED_EDGE ( 'NONE', *, *, #3312, .F. ) ;
#4987 = VECTOR ( 'NONE', #7727, 1000.000000000000000 ) ;
#4988 = ORIENTED_EDGE ( 'NONE', *, *, #1435, .T. ) ;
#4989 = ORIENTED_EDGE ( 'NONE', *, *, #359, .F. ) ;
#4990 = EDGE_CURVE ( 'NONE', #2960, #8741, #1660, .T. ) ;
#4991 =( GEOMETRIC_REPRESENTATION_CONTEXT ( 3 ) GLOBAL_UNCERTAINTY_ASSIGNED_CONTEXT ( ( #10939 ) ) GLOBAL_UNIT_ASSIGNED_CONTEXT ( ( #5475, #8294, #10044 ) ) REPRESENTATION_CONTEXT ( 'NONE', 'WORKASPACE' ) );
#4992 =( GEOMETRIC_REPRESENTATION_CONTEXT ( 3 ) GLOBAL_UNCERTAINTY_ASSIGNED_CONTEXT ( ( #905 ) ) GLOBAL_UNIT_ASSIGNED_CONTEXT ( ( #7773, #6034, #4879 ) ) REPRESENTATION_CONTEXT ( 'NONE', 'WORKASPACE' ) );
#4993 = FILL_AREA_STYLE_COLOUR ( '', #10239 ) ;
#4994 = VERTEX_POINT ( 'NONE', #8774 ) ;
#4995 = CARTESIAN_POINT ( 'NONE',  ( -0.2500000000000002220, 1.800000000000000044, 0.2500000000000002220 ) ) ;
#4996 = SURFACE_STYLE_USAGE ( .BOTH. , #6104 ) ;
#4997 = FILL_AREA_STYLE_COLOUR ( '', #11423 ) ;
#4998 = COLOUR_RGB ( '',1.000000000000000000, 1.000000000000000000, 1.000000000000000000 ) ;
#4999 = VECTOR ( 'NONE', #2696, 1000.000000000000114 ) ;
#5000 = ORIENTED_EDGE ( 'NONE', *, *, #9344, .T. ) ;
#5001 = APPLICATION_PROTOCOL_DEFINITION ( 'draft international standard', 'automotive_design', 1998, #5015 ) ;
#5002 = DIRECTION ( 'NONE',  ( 1.000000000000000000, -5.421010862427522170E-17, 0.0000000000000000000 ) ) ;
#5003 = ORIENTED_EDGE ( 'NONE', *, *, #32, .F. ) ;
#5004 = FILL_AREA_STYLE_COLOUR ( '', #5514 ) ;
#5005 = LINE ( 'NONE', #453, #6667 ) ;
#5006 = ORIENTED_EDGE ( 'NONE', *, *, #7231, .T. ) ;
#5007 = EDGE_LOOP ( 'NONE', ( #7651, #5861, #9831, #2243 ) ) ;
#5008 = AXIS2_PLACEMENT_3D ( 'NONE', #1544, #8778, #9706 ) ;
#5009 = STYLED_ITEM ( 'NONE', ( #7329 ), #8692 ) ;
#5010 = SURFACE_SIDE_STYLE ('',( #9428 ) ) ;
#5011 = VECTOR ( 'NONE', #10095, 1000.000000000000000 ) ;
#5012 = ORIENTED_EDGE ( 'NONE', *, *, #9845, .F. ) ;
#5013 = FACE_OUTER_BOUND ( 'NONE', #2256, .T. ) ;
#5014 = FILL_AREA_STYLE ('',( #4204 ) ) ;
#5015 = APPLICATION_CONTEXT ( 'automotive_design' ) ;
#5016 = DIRECTION ( 'NONE',  ( 0.0000000000000000000, 0.0000000000000000000, -1.000000000000000000 ) ) ;
#5017 = VECTOR ( 'NONE', #10050, 1000.000000000000000 ) ;
#5018 = FILL_AREA_STYLE ('',( #9437 ) ) ;
#5019 =( NAMED_UNIT ( * ) PLANE_ANGLE_UNIT ( ) SI_UNIT ( $, .RADIAN. ) );
#5020 = LINE ( 'NONE', #8613, #4660 ) ;
#5021 = PRESENTATION_STYLE_ASSIGNMENT (( #9443 ) ) ;
#5022 =( LENGTH_UNIT ( ) NAMED_UNIT ( * ) SI_UNIT ( .MILLI., .METRE. ) );
#5023 = DIRECTION ( 'NONE',  ( -1.000000000000000000, 3.872150616019660190E-17, 0.0000000000000000000 ) ) ;
#5024 = PLANE ( 'NONE',  #6140 ) ;
#5025 = EDGE_CURVE ( 'NONE', #3890, #11452, #5520, .T. ) ;
#5026 = VECTOR ( 'NONE', #1262, 1000.000000000000000 ) ;
#5027 = AXIS2_PLACEMENT_3D ( 'NONE', #11012, #9243, #6682 ) ;
#5028 = ADVANCED_FACE ( 'NONE', ( #7020 ), #1709, .F. ) ;
#5029 = ORIENTED_EDGE ( 'NONE', *, *, #1056, .T. ) ;
#5030 = VECTOR ( 'NONE', #526, 1000.000000000000000 ) ;
#5031 = FILL_AREA_STYLE ('',( #7814 ) ) ;
#5032 = PLANE ( 'NONE',  #11428 ) ;
#5033 = FILL_AREA_STYLE ('',( #1394 ) ) ;
#5034 = PRESENTATION_STYLE_ASSIGNMENT (( #10434 ) ) ;
#5035 = CARTESIAN_POINT ( 'NONE',  ( -1.950000000000000400, 1.380000000000000782, 1.700000000000000178 ) ) ;
#5036 = ORIENTED_EDGE ( 'NONE', *, *, #1385, .F. ) ;
#5037 = ORIENTED_EDGE ( 'NONE', *, *, #6985, .F. ) ;
#5038 = VECTOR ( 'NONE', #1557, 1000.000000000000114 ) ;
#5039 = STYLED_ITEM ( 'NONE', ( #3253 ), #9712 ) ;
#5040 = ORIENTED_EDGE ( 'NONE', *, *, #4912, .T. ) ;
#5041 = SURFACE_SIDE_STYLE ('',( #832 ) ) ;
#5042 = AXIS2_PLACEMENT_3D ( 'NONE', #9493, #2484, #5077 ) ;
#5043 = EDGE_CURVE ( 'NONE', #1272, #6659, #2863, .T. ) ;
#5044 = CARTESIAN_POINT ( 'NONE',  ( 7.299999999999998934, 0.2000000000000000389, -2.800000000000000266 ) ) ;
#5045 = EDGE_CURVE ( 'NONE', #11169, #1458, #4860, .T. ) ;
#5046 = ORIENTED_EDGE ( 'NONE', *, *, #10703, .T. ) ;
#5047 = SURFACE_SIDE_STYLE ('',( #11391 ) ) ;
#5048 = MECHANICAL_DESIGN_GEOMETRIC_PRESENTATION_REPRESENTATION (  '', ( #11135 ), #7628 ) ;
#5049 = AXIS2_PLACEMENT_3D ( 'NONE', #10330, #11394, #6731 ) ;
#5050 = ORIENTED_EDGE ( 'NONE', *, *, #7568, .T. ) ;
#5051 = FACE_OUTER_BOUND ( 'NONE', #4644, .T. ) ;
#5052 =( GEOMETRIC_REPRESENTATION_CONTEXT ( 3 ) GLOBAL_UNCERTAINTY_ASSIGNED_CONTEXT ( ( #9102 ) ) GLOBAL_UNIT_ASSIGNED_CONTEXT ( ( #4941, #392, #3057 ) ) REPRESENTATION_CONTEXT ( 'NONE', 'WORKASPACE' ) );
#5053 = PRESENTATION_STYLE_ASSIGNMENT (( #503 ) ) ;
#5054 = DIRECTION ( 'NONE',  ( 0.7071067811865582309, -0.7071067811865369146, -3.066586833366794622E-16 ) ) ;
#5055 = FILL_AREA_STYLE ('',( #5989 ) ) ;
#5056 = COLOUR_RGB ( '',1.000000000000000000, 0.8117647058823529438, 0.5019607843137254832 ) ;
#5057 = CARTESIAN_POINT ( 'NONE',  ( 15.34999999999999964, 5.649999999999998579, -2.350000000000001865 ) ) ;
#5058 = ADVANCED_FACE ( 'NONE', ( #4741 ), #373, .F. ) ;
#5059 = AXIS2_PLACEMENT_3D ( 'NONE', #5832, #1371, #8368 ) ;
#5060 = LINE ( 'NONE', #629, #495 ) ;
#5061 = MECHANICAL_DESIGN_GEOMETRIC_PRESENTATION_REPRESENTATION (  '', ( #2624 ), #404 ) ;
#5062 = EDGE_LOOP ( 'NONE', ( #11002, #9458, #1222, #1570 ) ) ;
#5063 = PRESENTATION_LAYER_ASSIGNMENT (  '', '', ( #1310 ) ) ;
#5064 = DIRECTION ( 'NONE',  ( -0.0000000000000000000, 1.000000000000000000, -0.0000000000000000000 ) ) ;
#5065 = PRESENTATION_STYLE_ASSIGNMENT (( #1479 ) ) ;
#5066 = MECHANICAL_DESIGN_GEOMETRIC_PRESENTATION_REPRESENTATION (  '', ( #5641 ), #10441 ) ;
#5067 = ORIENTED_EDGE ( 'NONE', *, *, #4471, .F. ) ;
#5068 = ORIENTED_EDGE ( 'NONE', *, *, #3971, .F. ) ;
#5069 = EDGE_CURVE ( 'NONE', #5689, #7123, #5632, .T. ) ;
#5070 = SURFACE_STYLE_FILL_AREA ( #11136 ) ;
#5071 = UNCERTAINTY_MEASURE_WITH_UNIT (LENGTH_MEASURE( 1.000000000000000082E-05 ), #8253, 'distance_accuracy_value', 'NONE');
#5072 = SURFACE_SIDE_STYLE ('',( #9366 ) ) ;
#5073 = ORIENTED_EDGE ( 'NONE', *, *, #4057, .F. ) ;
#5074 = ORIENTED_EDGE ( 'NONE', *, *, #1221, .T. ) ;
#5075 = LINE ( 'NONE', #2247, #3203 ) ;
#5076 = CARTESIAN_POINT ( 'NONE',  ( 12.05000000000000071, 5.100000000000001421, 0.1500000000000008271 ) ) ;
#5077 = DIRECTION ( 'NONE',  ( 0.0000000000000000000, -0.0000000000000000000, 1.000000000000000000 ) ) ;
#5078 = DIRECTION ( 'NONE',  ( -0.0000000000000000000, 1.000000000000000000, -0.0000000000000000000 ) ) ;
#5079 =( NAMED_UNIT ( * ) PLANE_ANGLE_UNIT ( ) SI_UNIT ( $, .RADIAN. ) );
#5080 = COLOUR_RGB ( '',1.000000000000000000, 1.000000000000000000, 1.000000000000000000 ) ;
#5081 = ORIENTED_EDGE ( 'NONE', *, *, #7074, .T. ) ;
#5082 = PLANE ( 'NONE',  #3949 ) ;
#5083 = DIRECTION ( 'NONE',  ( -0.0000000000000000000, 1.000000000000000000, -0.0000000000000000000 ) ) ;
#5084 = EDGE_CURVE ( 'NONE', #9063, #7579, #3819, .T. ) ;
#5085 = VECTOR ( 'NONE', #9230, 1000.000000000000114 ) ;
#5086 = CARTESIAN_POINT ( 'NONE',  ( 2.250000000000000000, -3.299999999999998490, 0.2500000000000002220 ) ) ;
#5087 = EDGE_LOOP ( 'NONE', ( #7068, #10542, #8795, #1459 ) ) ;
#5088 = VERTEX_POINT ( 'NONE', #2153 ) ;
#5089 = ADVANCED_FACE ( 'NONE', ( #319 ), #2210, .T. ) ;
#5090 =( NAMED_UNIT ( * ) PLANE_ANGLE_UNIT ( ) SI_UNIT ( $, .RADIAN. ) );
#5091 = ADVANCED_FACE ( 'NONE', ( #7402 ), #10027, .F. ) ;
#5092 = VECTOR ( 'NONE', #3456, 1000.000000000000000 ) ;
#5093 = ORIENTED_EDGE ( 'NONE', *, *, #8006, .T. ) ;
#5094 = CARTESIAN_POINT ( 'NONE',  ( 0.0000000000000000000, 0.0000000000000000000, -0.05000000000000012768 ) ) ;
#5095 =( LENGTH_UNIT ( ) NAMED_UNIT ( * ) SI_UNIT ( .MILLI., .METRE. ) );
#5096 = FILL_AREA_STYLE_COLOUR ( '', #9166 ) ;
#5097 =( NAMED_UNIT ( * ) PLANE_ANGLE_UNIT ( ) SI_UNIT ( $, .RADIAN. ) );
#5098 = LINE ( 'NONE', #660, #7912 ) ;
#5099 = CARTESIAN_POINT ( 'NONE',  ( -1.949999999999999956, 6.000000000000000000, -2.800000000000000266 ) ) ;
#5100 = ORIENTED_EDGE ( 'NONE', *, *, #10705, .F. ) ;
#5101 = VERTEX_POINT ( 'NONE', #7694 ) ;
#5102 = ORIENTED_EDGE ( 'NONE', *, *, #3131, .F. ) ;
#5103 = FILL_AREA_STYLE_COLOUR ( '', #1350 ) ;
#5104 = ADVANCED_FACE ( 'NONE', ( #10482 ), #3337, .T. ) ;
#5105 =( NAMED_UNIT ( * ) PLANE_ANGLE_UNIT ( ) SI_UNIT ( $, .RADIAN. ) );
#5106 = CARTESIAN_POINT ( 'NONE',  ( 15.95100000000000051, 4.500000000000000888, 0.3199999999999999512 ) ) ;
#5107 = STYLED_ITEM ( 'NONE', ( #11386 ), #3248 ) ;
#5108 =( GEOMETRIC_REPRESENTATION_CONTEXT ( 3 ) GLOBAL_UNCERTAINTY_ASSIGNED_CONTEXT ( ( #2460 ) ) GLOBAL_UNIT_ASSIGNED_CONTEXT ( ( #10439, #10375, #2393 ) ) REPRESENTATION_CONTEXT ( 'NONE', 'WORKASPACE' ) );
#5109 = ORIENTED_EDGE ( 'NONE', *, *, #9538, .T. ) ;
#5110 = CARTESIAN_POINT ( 'NONE',  ( 6.749999999999999112, 3.399999999999999467, -2.300000000000003375 ) ) ;
#5111 = ORIENTED_EDGE ( 'NONE', *, *, #6479, .T. ) ;
#5112 = EDGE_CURVE ( 'NONE', #7551, #1945, #548, .T. ) ;
#5113 = SURFACE_STYLE_FILL_AREA ( #5926 ) ;
#5114 = ORIENTED_EDGE ( 'NONE', *, *, #6576, .T. ) ;
#5115 = EDGE_CURVE ( 'NONE', #2963, #1834, #5969, .T. ) ;
#5116 =( GEOMETRIC_REPRESENTATION_CONTEXT ( 3 ) GLOBAL_UNCERTAINTY_ASSIGNED_CONTEXT ( ( #7274 ) ) GLOBAL_UNIT_ASSIGNED_CONTEXT ( ( #30, #10649, #3567 ) ) REPRESENTATION_CONTEXT ( 'NONE', 'WORKASPACE' ) );
#5117 = PLANE ( 'NONE',  #6844 ) ;
#5118 = CARTESIAN_POINT ( 'NONE',  ( -1.950000000000000178, -3.399999999999999911, -2.800000000000000266 ) ) ;
#5119 = ORIENTED_EDGE ( 'NONE', *, *, #6451, .F. ) ;
#5120 = SURFACE_STYLE_USAGE ( .BOTH. , #4247 ) ;
#5121 = DIRECTION ( 'NONE',  ( -5.421010862427522170E-17, -1.000000000000000000, 2.350988701644575016E-32 ) ) ;
#5122 = PLANE ( 'NONE',  #10137 ) ;
#5123 = CARTESIAN_POINT ( 'NONE',  ( -0.1500000000000006051, -3.399999999999999911, 0.1500000000000008271 ) ) ;
#5124 = VERTEX_POINT ( 'NONE', #4168 ) ;
#5125 = CARTESIAN_POINT ( 'NONE',  ( 4.083333333333338366, 5.166666666666668739, 0.08333333333333717285 ) ) ;
#5126 = DIRECTION ( 'NONE',  ( 4.336808689942017736E-16, 0.0000000000000000000, 1.000000000000000000 ) ) ;
#5127 = DIRECTION ( 'NONE',  ( 1.000000000000000000, -0.0000000000000000000, 1.927470528863119049E-16 ) ) ;
#5128 = EDGE_CURVE ( 'NONE', #7123, #8166, #5098, .T. ) ;
#5129 = CARTESIAN_POINT ( 'NONE',  ( 10.24999999999999822, -3.399999999999999911, 0.2500000000000002220 ) ) ;
#5130 = ORIENTED_EDGE ( 'NONE', *, *, #7298, .T. ) ;
#5131 = ORIENTED_EDGE ( 'NONE', *, *, #9882, .T. ) ;
#5132 = DIRECTION ( 'NONE',  ( -1.000000000000000000, 3.872150616019660190E-17, -0.0000000000000000000 ) ) ;
#5133 = LINE ( 'NONE', #6917, #7313 ) ;
#5134 = FACE_OUTER_BOUND ( 'NONE', #7645, .T. ) ;
#5135 = ORIENTED_EDGE ( 'NONE', *, *, #5797, .F. ) ;
#5136 = STYLED_ITEM ( 'NONE', ( #10582 ), #4673 ) ;
#5137 = ORIENTED_EDGE ( 'NONE', *, *, #3760, .T. ) ;
#5138 = AXIS2_PLACEMENT_3D ( 'NONE', #506, #5054, #10216 ) ;
#5139 = PLANE ( 'NONE',  #5627 ) ;
#5140 = DIRECTION ( 'NONE',  ( -1.000000000000000000, 3.872150616019660190E-17, 0.0000000000000000000 ) ) ;
#5141 = CARTESIAN_POINT ( 'NONE',  ( 10.75000000000000000, 3.399999999999999467, -2.050000000000001599 ) ) ;
#5142 = VERTEX_POINT ( 'NONE', #6888 ) ;
#5143 = LINE ( 'NONE', #3324, #10593 ) ;
#5144 = VECTOR ( 'NONE', #10786, 1000.000000000000000 ) ;
#5145 = LINE ( 'NONE', #1888, #8949 ) ;
#5146 = MECHANICAL_DESIGN_GEOMETRIC_PRESENTATION_REPRESENTATION (  '', ( #3077 ), #4961 ) ;
#5147 = FILL_AREA_STYLE_COLOUR ( '', #772 ) ;
#5148 = FILL_AREA_STYLE ('',( #10475 ) ) ;
#5149 = CARTESIAN_POINT ( 'NONE',  ( 10.05000000000000071, -3.399999999999999911, 0.1499999999999973577 ) ) ;
#5150 = VERTEX_POINT ( 'NONE', #11219 ) ;
#5151 = MECHANICAL_DESIGN_GEOMETRIC_PRESENTATION_REPRESENTATION (  '', ( #4225 ), #6315 ) ;
#5152 = ORIENTED_EDGE ( 'NONE', *, *, #7955, .F. ) ;
#5153 = STYLED_ITEM ( 'NONE', ( #6423 ), #5058 ) ;
#5154 = EDGE_LOOP ( 'NONE', ( #8615, #8338, #413, #6859 ) ) ;
#5155 =( GEOMETRIC_REPRESENTATION_CONTEXT ( 3 ) GLOBAL_UNCERTAINTY_ASSIGNED_CONTEXT ( ( #2832 ) ) GLOBAL_UNIT_ASSIGNED_CONTEXT ( ( #10223, #510, #6279 ) ) REPRESENTATION_CONTEXT ( 'NONE', 'WORKASPACE' ) );
#5156 = CARTESIAN_POINT ( 'NONE',  ( 8.250000000000000000, 5.000000000000000888, -0.2499999999999997780 ) ) ;
#5157 = SURFACE_STYLE_FILL_AREA ( #5033 ) ;
#5158 =( NAMED_UNIT ( * ) SI_UNIT ( $, .STERADIAN. ) SOLID_ANGLE_UNIT ( ) );
#5159 =( NAMED_UNIT ( * ) SI_UNIT ( $, .STERADIAN. ) SOLID_ANGLE_UNIT ( ) );
#5160 = ORIENTED_EDGE ( 'NONE', *, *, #2313, .T. ) ;
#5161 = VERTEX_POINT ( 'NONE', #9515 ) ;
#5162 = SURFACE_STYLE_USAGE ( .BOTH. , #9677 ) ;
#5163 = VECTOR ( 'NONE', #4464, 1000.000000000000000 ) ;
#5164 = MECHANICAL_DESIGN_GEOMETRIC_PRESENTATION_REPRESENTATION (  '', ( #8674 ), #4599 ) ;
#5165 = ORIENTED_EDGE ( 'NONE', *, *, #5842, .T. ) ;
#5166 = LINE ( 'NONE', #724, #5297 ) ;
#5167 = LINE ( 'NONE', #7703, #6259 ) ;
#5168 = UNCERTAINTY_MEASURE_WITH_UNIT (LENGTH_MEASURE( 1.000000000000000082E-05 ), #5354, 'distance_accuracy_value', 'NONE');
#5169 = CARTESIAN_POINT ( 'NONE',  ( 9.750000000000000000, -3.399999999999999911, 0.2500000000000002220 ) ) ;
#5170 = FILL_AREA_STYLE_COLOUR ( '', #1507 ) ;
#5171 = COLOUR_RGB ( '',1.000000000000000000, 1.000000000000000000, 1.000000000000000000 ) ;
#5172 = SURFACE_STYLE_USAGE ( .BOTH. , #7770 ) ;
#5173 = FILL_AREA_STYLE ('',( #8876 ) ) ;
#5174 = CARTESIAN_POINT ( 'NONE',  ( 1.749999999999999778, 0.2000000000000000111, -0.2499999999999997780 ) ) ;
#5175 =( NAMED_UNIT ( * ) PLANE_ANGLE_UNIT ( ) SI_UNIT ( $, .RADIAN. ) );
#5176 = UNCERTAINTY_MEASURE_WITH_UNIT (LENGTH_MEASURE( 1.000000000000000082E-05 ), #6542, 'distance_accuracy_value', 'NONE');
#5177 = ORIENTED_EDGE ( 'NONE', *, *, #8295, .F. ) ;
#5178 = DIRECTION ( 'NONE',  ( -0.7071067811865427988, -0.7071067811865522357, 3.066586833366727569E-16 ) ) ;
#5179 = PLANE ( 'NONE',  #9813 ) ;
#5180 = ORIENTED_EDGE ( 'NONE', *, *, #1032, .T. ) ;
#5181 =( NAMED_UNIT ( * ) PLANE_ANGLE_UNIT ( ) SI_UNIT ( $, .RADIAN. ) );
#5182 = SURFACE_STYLE_USAGE ( .BOTH. , #8770 ) ;
#5183 = UNCERTAINTY_MEASURE_WITH_UNIT (LENGTH_MEASURE( 1.000000000000000082E-05 ), #4102, 'distance_accuracy_value', 'NONE');
#5184 = EDGE_CURVE ( 'NONE', #8387, #161, #11330, .T. ) ;
#5185 = ADVANCED_FACE ( 'NONE', ( #8622 ), #4231, .T. ) ;
#5186 = VERTEX_POINT ( 'NONE', #3574 ) ;
#5187 = COLOUR_RGB ( '',1.000000000000000000, 0.8117647058823529438, 0.5019607843137254832 ) ;
#5188 = EDGE_CURVE ( 'NONE', #3354, #3362, #7044, .T. ) ;
#5189 = VECTOR ( 'NONE', #7125, 1000.000000000000000 ) ;
#5190 =( NAMED_UNIT ( * ) PLANE_ANGLE_UNIT ( ) SI_UNIT ( $, .RADIAN. ) );
#5191 =( LENGTH_UNIT ( ) NAMED_UNIT ( * ) SI_UNIT ( .MILLI., .METRE. ) );
#5192 = PLANE ( 'NONE',  #6794 ) ;
#5193 = FILL_AREA_STYLE_COLOUR ( '', #3118 ) ;
#5194 =( NAMED_UNIT ( * ) SI_UNIT ( $, .STERADIAN. ) SOLID_ANGLE_UNIT ( ) );
#5195 = CARTESIAN_POINT ( 'NONE',  ( 9.750000000000000000, -3.399999999999999911, 0.2500000000000002220 ) ) ;
#5196 = VERTEX_POINT ( 'NONE', #777 ) ;
#5197 = PLANE ( 'NONE',  #1830 ) ;
#5198 = CARTESIAN_POINT ( 'NONE',  ( 8.250000000000000000, 0.2000000000000000111, -2.800000000000000266 ) ) ;
#5199 = SURFACE_STYLE_USAGE ( .BOTH. , #6756 ) ;
#5200 = VERTEX_POINT ( 'NONE', #5332 ) ;
#5201 = ADVANCED_FACE ( 'NONE', ( #2784 ), #6994, .T. ) ;
#5202 = ORIENTED_EDGE ( 'NONE', *, *, #2685, .F. ) ;
#5203 = CARTESIAN_POINT ( 'NONE',  ( 6.249999999999998224, -3.399999999999999911, 0.2500000000000002220 ) ) ;
#5204 = COLOUR_RGB ( '',1.000000000000000000, 1.000000000000000000, 1.000000000000000000 ) ;
#5205 = DIRECTION ( 'NONE',  ( -0.0000000000000000000, -0.0000000000000000000, -1.000000000000000000 ) ) ;
#5206 = PRESENTATION_LAYER_ASSIGNMENT (  '', '', ( #10924 ) ) ;
#5207 = SURFACE_SIDE_STYLE ('',( #10470 ) ) ;
#5208 = CARTESIAN_POINT ( 'NONE',  ( 9.850000000000003197, -3.399999999999999911, -0.2499999999999997780 ) ) ;
#5209 = CARTESIAN_POINT ( 'NONE',  ( 9.166666666666662522, -4.383333333333331971, -0.8333333333333339255 ) ) ;
#5210 = SURFACE_SIDE_STYLE ('',( #4272 ) ) ;
#5211 = FACE_OUTER_BOUND ( 'NONE', #11052, .T. ) ;
#5212 = VERTEX_POINT ( 'NONE', #4511 ) ;
#5213 =( LENGTH_UNIT ( ) NAMED_UNIT ( * ) SI_UNIT ( .MILLI., .METRE. ) );
#5214 = UNCERTAINTY_MEASURE_WITH_UNIT (LENGTH_MEASURE( 1.000000000000000082E-05 ), #4770, 'distance_accuracy_value', 'NONE');
#5215 = DIRECTION ( 'NONE',  ( -1.000000000000000000, 0.0000000000000000000, 0.0000000000000000000 ) ) ;
#5216 = EDGE_LOOP ( 'NONE', ( #454, #3481, #8307, #3205, #1638, #6049, #4863, #4853, #8405, #721, #474, #3675, #9573, #11158, #1766, #11175, #2394, #9531, #9426, #9073, #5459, #8582, #1076, #7497, #4485, #1825, #1623, #803, #8234, #6607, #3273, #10592, #7961, #2925, #9673, #4552 ) ) ;
#5217 =( NAMED_UNIT ( * ) PLANE_ANGLE_UNIT ( ) SI_UNIT ( $, .RADIAN. ) );
#5218 = STYLED_ITEM ( 'NONE', ( #3759 ), #5967 ) ;
#5219 = CARTESIAN_POINT ( 'NONE',  ( 7.750000000000000000, -3.299999999999997158, 0.2500000000000002220 ) ) ;
#5220 = EDGE_LOOP ( 'NONE', ( #6016, #2284, #3308, #2425, #6916, #1698, #4053, #8345, #823, #3584, #6616, #6606 ) ) ;
#5221 = EDGE_CURVE ( 'NONE', #8518, #4064, #11439, .T. ) ;
#5222 = ORIENTED_EDGE ( 'NONE', *, *, #48, .T. ) ;
#5223 = STYLED_ITEM ( 'NONE', ( #4454 ), #10503 ) ;
#5224 = DIRECTION ( 'NONE',  ( 1.000000000000000000, 0.0000000000000000000, 0.0000000000000000000 ) ) ;
#5225 = PRESENTATION_LAYER_ASSIGNMENT (  '', '', ( #2403 ) ) ;
#5226 = MECHANICAL_DESIGN_GEOMETRIC_PRESENTATION_REPRESENTATION (  '', ( #1113 ), #6875 ) ;
#5227 = SURFACE_SIDE_STYLE ('',( #1694 ) ) ;
#5228 = ORIENTED_EDGE ( 'NONE', *, *, #8484, .F. ) ;
#5229 = CARTESIAN_POINT ( 'NONE',  ( 14.14999999999999503, 4.450000000000001066, -1.149999999999997913 ) ) ;
#5230 = COLOUR_RGB ( '',1.000000000000000000, 1.000000000000000000, 1.000000000000000000 ) ;
#5231 = PRESENTATION_LAYER_ASSIGNMENT (  '', '', ( #6699 ) ) ;
#5232 = DIRECTION ( 'NONE',  ( 1.000000000000000000, -0.0000000000000000000, -4.845596301611194130E-17 ) ) ;
#5233 = ORIENTED_EDGE ( 'NONE', *, *, #6910, .F. ) ;
#5234 = STYLED_ITEM ( 'NONE', ( #806 ), #1421 ) ;
#5235 = LINE ( 'NONE', #4359, #4253 ) ;
#5236 = VECTOR ( 'NONE', #9926, 1000.000000000000000 ) ;
#5237 = CARTESIAN_POINT ( 'NONE',  ( 13.16666666666666252, -4.383333333333331971, -0.8333333333333339255 ) ) ;
#5238 = EDGE_CURVE ( 'NONE', #1560, #2871, #5278, .T. ) ;
#5239 = DIRECTION ( 'NONE',  ( 1.000000000000000000, -0.0000000000000000000, 1.927470528863119049E-16 ) ) ;
#5240 = EDGE_LOOP ( 'NONE', ( #9114, #4152, #7589, #8731 ) ) ;
#5241 = ADVANCED_FACE ( 'NONE', ( #7924 ), #1841, .F. ) ;
#5242 = VERTEX_POINT ( 'NONE', #4730 ) ;
#5243 =( NAMED_UNIT ( * ) SI_UNIT ( $, .STERADIAN. ) SOLID_ANGLE_UNIT ( ) );
#5244 = CARTESIAN_POINT ( 'NONE',  ( 15.94999999999999929, 0.0000000000000000000, -2.800000000000000711 ) ) ;
#5245 = CIRCLE ( 'NONE', #2431, 0.05000000000000019013 ) ;
#5246 = LINE ( 'NONE', #4536, #3333 ) ;
#5247 = PRESENTATION_STYLE_ASSIGNMENT (( #9548 ) ) ;
#5248 = CARTESIAN_POINT ( 'NONE',  ( 9.850000000000003197, -3.399999999999999911, 0.1499999999999973577 ) ) ;
#5249 = ORIENTED_EDGE ( 'NONE', *, *, #6637, .F. ) ;
#5250 = PRESENTATION_LAYER_ASSIGNMENT (  '', '', ( #10246 ) ) ;
#5251 = MECHANICAL_DESIGN_GEOMETRIC_PRESENTATION_REPRESENTATION (  '', ( #6908 ), #9318 ) ;
#5252 = CARTESIAN_POINT ( 'NONE',  ( 0.7500000000000002220, 1.149999999999999911, -2.350000000000001421 ) ) ;
#5253 = FILL_AREA_STYLE ('',( #10350 ) ) ;
#5254 = FILL_AREA_STYLE ('',( #10528 ) ) ;
#5255 = EDGE_CURVE ( 'NONE', #6257, #2075, #6408, .T. ) ;
#5256 =( GEOMETRIC_REPRESENTATION_CONTEXT ( 3 ) GLOBAL_UNCERTAINTY_ASSIGNED_CONTEXT ( ( #726 ) ) GLOBAL_UNIT_ASSIGNED_CONTEXT ( ( #6974, #3441, #3386 ) ) REPRESENTATION_CONTEXT ( 'NONE', 'WORKASPACE' ) );
#5257 = LINE ( 'NONE', #6920, #599 ) ;
#5258 = COLOUR_RGB ( '',1.000000000000000000, 0.8117647058823529438, 0.5019607843137254832 ) ;
#5259 = EDGE_CURVE ( 'NONE', #159, #1664, #10012, .T. ) ;
#5260 =( NAMED_UNIT ( * ) PLANE_ANGLE_UNIT ( ) SI_UNIT ( $, .RADIAN. ) );
#5261 = VERTEX_POINT ( 'NONE', #9955 ) ;
#5262 = ORIENTED_EDGE ( 'NONE', *, *, #2716, .T. ) ;
#5263 = UNCERTAINTY_MEASURE_WITH_UNIT (LENGTH_MEASURE( 1.000000000000000082E-05 ), #11170, 'distance_accuracy_value', 'NONE');
#5264 = EDGE_CURVE ( 'NONE', #2276, #8903, #2910, .T. ) ;
#5265 = CARTESIAN_POINT ( 'NONE',  ( -0.2500000000000002220, -3.399999999999999911, 0.2500000000000002220 ) ) ;
#5266 = EDGE_CURVE ( 'NONE', #4942, #1522, #2079, .T. ) ;
#5267 = FILL_AREA_STYLE_COLOUR ( '', #5441 ) ;
#5268 =( NAMED_UNIT ( * ) PLANE_ANGLE_UNIT ( ) SI_UNIT ( $, .RADIAN. ) );
#5269 = UNCERTAINTY_MEASURE_WITH_UNIT (LENGTH_MEASURE( 1.000000000000000082E-05 ), #5319, 'distance_accuracy_value', 'NONE');
#5270 = ORIENTED_EDGE ( 'NONE', *, *, #7963, .F. ) ;
#5271 = PRESENTATION_STYLE_ASSIGNMENT (( #9830 ) ) ;
#5272 = EDGE_LOOP ( 'NONE', ( #5937, #7405, #4986, #6267 ) ) ;
#5273 = ORIENTED_EDGE ( 'NONE', *, *, #8480, .T. ) ;
#5274 =( NAMED_UNIT ( * ) PLANE_ANGLE_UNIT ( ) SI_UNIT ( $, .RADIAN. ) );
#5275 =( GEOMETRIC_REPRESENTATION_CONTEXT ( 3 ) GLOBAL_UNCERTAINTY_ASSIGNED_CONTEXT ( ( #6934 ) ) GLOBAL_UNIT_ASSIGNED_CONTEXT ( ( #6617, #2998, #11062 ) ) REPRESENTATION_CONTEXT ( 'NONE', 'WORKASPACE' ) );
#5276 = FILL_AREA_STYLE ('',( #2729 ) ) ;
#5277 = FACE_OUTER_BOUND ( 'NONE', #2549, .T. ) ;
#5278 = LINE ( 'NONE', #8803, #5713 ) ;
#5279 = EDGE_CURVE ( 'NONE', #3044, #10479, #3027, .T. ) ;
#5280 = ORIENTED_EDGE ( 'NONE', *, *, #5279, .F. ) ;
#5281 = CARTESIAN_POINT ( 'NONE',  ( 4.699999999999999289, 0.1999999999999999833, -2.800000000000000266 ) ) ;
#5282 = MECHANICAL_DESIGN_GEOMETRIC_PRESENTATION_REPRESENTATION (  '', ( #5838 ), #8040 ) ;
#5283 = EDGE_CURVE ( 'NONE', #5372, #1527, #5506, .T. ) ;
#5284 = SURFACE_SIDE_STYLE ('',( #6263 ) ) ;
#5285 = SURFACE_STYLE_USAGE ( .BOTH. , #1464 ) ;
#5286 = FILL_AREA_STYLE_COLOUR ( '', #1671 ) ;
#5287 = VERTEX_POINT ( 'NONE', #417 ) ;
#5288 = STYLED_ITEM ( 'NONE', ( #9320 ), #2847 ) ;
#5289 = DIRECTION ( 'NONE',  ( 0.5773502691896242878, -0.5773502691896267303, -0.5773502691896261751 ) ) ;
#5290 = LINE ( 'NONE', #7999, #10869 ) ;
#5291 = ORIENTED_EDGE ( 'NONE', *, *, #3005, .F. ) ;
#5292 = COLOUR_RGB ( '',1.000000000000000000, 0.8117647058823529438, 0.5019607843137254832 ) ;
#5293 = PRESENTATION_STYLE_ASSIGNMENT (( #9802 ) ) ;
#5294 = PRESENTATION_LAYER_ASSIGNMENT (  '', '', ( #7498 ) ) ;
#5295 = UNCERTAINTY_MEASURE_WITH_UNIT (LENGTH_MEASURE( 1.000000000000000082E-05 ), #5570, 'distance_accuracy_value', 'NONE');
#5296 = EDGE_LOOP ( 'NONE', ( #6638, #6780, #11362, #4119 ) ) ;
#5297 = VECTOR ( 'NONE', #4288, 999.9999999999998863 ) ;
#5298 = DIRECTION ( 'NONE',  ( 1.668003342285392044E-16, 0.0000000000000000000, 1.000000000000000000 ) ) ;
#5299 = LINE ( 'NONE', #911, #9115 ) ;
#5300 = FILL_AREA_STYLE_COLOUR ( '', #3650 ) ;
#5301 = LINE ( 'NONE', #8832, #1780 ) ;
#5302 = EDGE_CURVE ( 'NONE', #4631, #5635, #8317, .T. ) ;
#5303 = VECTOR ( 'NONE', #5903, 1000.000000000000000 ) ;
#5304 = DIRECTION ( 'NONE',  ( -0.0000000000000000000, 1.000000000000000000, -0.0000000000000000000 ) ) ;
#5305 = CARTESIAN_POINT ( 'NONE',  ( 12.75000000000000178, 1.149999999999999911, -2.050000000000001599 ) ) ;
#5306 = EDGE_CURVE ( 'NONE', #2876, #958, #3807, .T. ) ;
#5307 = FILL_AREA_STYLE ('',( #6230 ) ) ;
#5308 = FILL_AREA_STYLE ('',( #804 ) ) ;
#5309 =( NAMED_UNIT ( * ) PLANE_ANGLE_UNIT ( ) SI_UNIT ( $, .RADIAN. ) );
#5310 = VECTOR ( 'NONE', #3032, 1000.000000000000000 ) ;
#5311 = PLANE ( 'NONE',  #4236 ) ;
#5312 = DIRECTION ( 'NONE',  ( -0.0000000000000000000, -0.0000000000000000000, 1.000000000000000000 ) ) ;
#5313 = CARTESIAN_POINT ( 'NONE',  ( 1.250000000000000666, 3.399999999999999467, -2.050000000000001599 ) ) ;
#5314 = STYLED_ITEM ( 'NONE', ( #448 ), #1615 ) ;
#5315 = STYLED_ITEM ( 'NONE', ( #6806 ), #3006 ) ;
#5316 = STYLED_ITEM ( 'NONE', ( #5778 ), #1857 ) ;
#5317 = SURFACE_STYLE_FILL_AREA ( #10695 ) ;
#5318 = PLANE ( 'NONE',  #1495 ) ;
#5319 =( LENGTH_UNIT ( ) NAMED_UNIT ( * ) SI_UNIT ( .MILLI., .METRE. ) );
#5320 = PRESENTATION_LAYER_ASSIGNMENT (  '', '', ( #10311 ) ) ;
#5321 =( NAMED_UNIT ( * ) SI_UNIT ( $, .STERADIAN. ) SOLID_ANGLE_UNIT ( ) );
#5322 = SURFACE_STYLE_FILL_AREA ( #10476 ) ;
#5323 = PRESENTATION_LAYER_ASSIGNMENT (  '', '', ( #10318 ) ) ;
#5324 = ADVANCED_FACE ( 'NONE', ( #10876 ), #10076, .F. ) ;
#5325 = ADVANCED_FACE ( 'NONE', ( #1053 ), #8147, .T. ) ;
#5326 = VECTOR ( 'NONE', #8061, 1000.000000000000000 ) ;
#5327 = SURFACE_STYLE_FILL_AREA ( #2506 ) ;
#5328 = ADVANCED_FACE ( 'NONE', ( #7886 ), #839, .F. ) ;
#5329 = COLOUR_RGB ( '',1.000000000000000000, 1.000000000000000000, 1.000000000000000000 ) ;
#5330 = DIRECTION ( 'NONE',  ( 0.0000000000000000000, -1.000000000000000000, 0.0000000000000000000 ) ) ;
#5331 = FILL_AREA_STYLE ('',( #10599 ) ) ;
#5332 = CARTESIAN_POINT ( 'NONE',  ( 9.849999999999996092, 5.100000000000001421, 0.1500000000000042966 ) ) ;
#5333 = DIRECTION ( 'NONE',  ( -1.000000000000000000, 5.421010862427522170E-17, 0.0000000000000000000 ) ) ;
#5334 = ORIENTED_EDGE ( 'NONE', *, *, #5674, .T. ) ;
#5335 = EDGE_CURVE ( 'NONE', #9745, #2629, #6316, .T. ) ;
#5336 = ORIENTED_EDGE ( 'NONE', *, *, #7995, .T. ) ;
#5337 = DIRECTION ( 'NONE',  ( 1.000000000000000000, -5.421010862427522170E-17, 0.0000000000000000000 ) ) ;
#5338 = LINE ( 'NONE', #8868, #8047 ) ;
#5339 = COLOUR_RGB ( '',1.000000000000000000, 0.8117647058823529438, 0.5019607843137254832 ) ;
#5340 = LINE ( 'NONE', #8870, #8724 ) ;
#5341 = VECTOR ( 'NONE', #7849, 1000.000000000000000 ) ;
#5342 = VECTOR ( 'NONE', #7030, 1000.000000000000000 ) ;
#5343 = ADVANCED_FACE ( 'NONE', ( #11392 ), #2634, .F. ) ;
#5344 = PLANE ( 'NONE',  #10789 ) ;
#5345 = VECTOR ( 'NONE', #3977, 1000.000000000000000 ) ;
#5346 =( LENGTH_UNIT ( ) NAMED_UNIT ( * ) SI_UNIT ( .MILLI., .METRE. ) );
#5347 = LINE ( 'NONE', #9793, #80 ) ;
#5348 = SURFACE_SIDE_STYLE ('',( #8102 ) ) ;
#5349 = ORIENTED_EDGE ( 'NONE', *, *, #11240, .F. ) ;
#5350 = VECTOR ( 'NONE', #9147, 1000.000000000000000 ) ;
#5351 = SURFACE_SIDE_STYLE ('',( #1748 ) ) ;
#5352 = LINE ( 'NONE', #902, #3845 ) ;
#5353 = VERTEX_POINT ( 'NONE', #10716 ) ;
#5354 =( LENGTH_UNIT ( ) NAMED_UNIT ( * ) SI_UNIT ( .MILLI., .METRE. ) );
#5355 = UNCERTAINTY_MEASURE_WITH_UNIT (LENGTH_MEASURE( 1.000000000000000082E-05 ), #2169, 'distance_accuracy_value', 'NONE');
#5356 = DIRECTION ( 'NONE',  ( -0.0000000000000000000, 1.000000000000000000, -0.0000000000000000000 ) ) ;
#5357 = STYLED_ITEM ( 'NONE', ( #10853 ), #5488 ) ;
#5358 = EDGE_CURVE ( 'NONE', #4559, #9313, #893, .T. ) ;
#5359 = SURFACE_STYLE_USAGE ( .BOTH. , #2813 ) ;
#5360 = COLOUR_RGB ( '',1.000000000000000000, 1.000000000000000000, 1.000000000000000000 ) ;
#5361 = SURFACE_SIDE_STYLE ('',( #169 ) ) ;
#5362 = FILL_AREA_STYLE_COLOUR ( '', #8367 ) ;
#5363 = CARTESIAN_POINT ( 'NONE',  ( -1.949999999999999956, 1.149999999999999911, -1.050000000000008926 ) ) ;
#5364 = DIRECTION ( 'NONE',  ( -1.000000000000000000, 0.0000000000000000000, -0.0000000000000000000 ) ) ;
#5365 = LINE ( 'NONE', #5129, #357 ) ;
#5366 = VECTOR ( 'NONE', #4938, 1000.000000000000000 ) ;
#5367 = EDGE_LOOP ( 'NONE', ( #5790, #6154, #1343, #3950 ) ) ;
#5368 = PRESENTATION_STYLE_ASSIGNMENT (( #10054 ) ) ;
#5369 = PLANE ( 'NONE',  #8577 ) ;
#5370 = LINE ( 'NONE', #9885, #2508 ) ;
#5371 = PRESENTATION_LAYER_ASSIGNMENT (  '', '', ( #5925 ) ) ;
#5372 = VERTEX_POINT ( 'NONE', #7120 ) ;
#5373 = VECTOR ( 'NONE', #6789, 1000.000000000000000 ) ;
#5374 = SURFACE_STYLE_USAGE ( .BOTH. , #8139 ) ;
#5375 = SURFACE_STYLE_USAGE ( .BOTH. , #1778 ) ;
#5376 = ORIENTED_EDGE ( 'NONE', *, *, #799, .F. ) ;
#5377 =( GEOMETRIC_REPRESENTATION_CONTEXT ( 3 ) GLOBAL_UNCERTAINTY_ASSIGNED_CONTEXT ( ( #8111 ) ) GLOBAL_UNIT_ASSIGNED_CONTEXT ( ( #2245, #5830, #5194 ) ) REPRESENTATION_CONTEXT ( 'NONE', 'WORKASPACE' ) );
#5378 = ADVANCED_BREP_SHAPE_REPRESENTATION ( 'JST-B8B-PH-K-S', ( #3829, #8585 ), #3762 ) ;
#5379 = PRESENTATION_LAYER_ASSIGNMENT (  '', '', ( #10376 ) ) ;
#5380 = DIRECTION ( 'NONE',  ( 0.0000000000000000000, 0.0000000000000000000, 1.000000000000000000 ) ) ;
#5381 = VERTEX_POINT ( 'NONE', #9848 ) ;
#5382 = FACE_OUTER_BOUND ( 'NONE', #8641, .T. ) ;
#5383 = FILL_AREA_STYLE ('',( #1782 ) ) ;
#5384 = SURFACE_STYLE_USAGE ( .BOTH. , #1783 ) ;
#5385 = PRESENTATION_STYLE_ASSIGNMENT (( #1784 ) ) ;
#5386 = VECTOR ( 'NONE', #4702, 1000.000000000000000 ) ;
#5387 =( GEOMETRIC_REPRESENTATION_CONTEXT ( 3 ) GLOBAL_UNCERTAINTY_ASSIGNED_CONTEXT ( ( #6380 ) ) GLOBAL_UNIT_ASSIGNED_CONTEXT ( ( #9650, #861, #11352 ) ) REPRESENTATION_CONTEXT ( 'NONE', 'WORKASPACE' ) );
#5388 = DIRECTION ( 'NONE',  ( -1.000000000000000000, 0.0000000000000000000, 0.0000000000000000000 ) ) ;
#5389 = EDGE_CURVE ( 'NONE', #2161, #1527, #742, .T. ) ;
#5390 = VECTOR ( 'NONE', #2990, 1000.000000000000000 ) ;
#5391 = VERTEX_POINT ( 'NONE', #3658 ) ;
#5392 = SURFACE_STYLE_USAGE ( .BOTH. , #10657 ) ;
#5393 =( NAMED_UNIT ( * ) SI_UNIT ( $, .STERADIAN. ) SOLID_ANGLE_UNIT ( ) );
#5394 = CARTESIAN_POINT ( 'NONE',  ( 13.74999999999999822, 5.000000000000000888, -0.2499999999999997780 ) ) ;
#5395 =( GEOMETRIC_REPRESENTATION_CONTEXT ( 3 ) GLOBAL_UNCERTAINTY_ASSIGNED_CONTEXT ( ( #6514 ) ) GLOBAL_UNIT_ASSIGNED_CONTEXT ( ( #3690, #10773, #3876 ) ) REPRESENTATION_CONTEXT ( 'NONE', 'WORKASPACE' ) );
#5396 = DIRECTION ( 'NONE',  ( 0.0000000000000000000, 0.0000000000000000000, -1.000000000000000000 ) ) ;
#5397 = LINE ( 'NONE', #3766, #7665 ) ;
#5398 = CARTESIAN_POINT ( 'NONE',  ( 7.299999999999998934, 0.2000000000000000389, -2.800000000000000266 ) ) ;
#5399 = VERTEX_POINT ( 'NONE', #3491 ) ;
#5400 = ORIENTED_EDGE ( 'NONE', *, *, #10073, .T. ) ;
#5401 = MECHANICAL_DESIGN_GEOMETRIC_PRESENTATION_REPRESENTATION (  '', ( #1273 ), #11114 ) ;
#5402 = EDGE_CURVE ( 'NONE', #7579, #10208, #1030, .T. ) ;
#5403 = ORIENTED_EDGE ( 'NONE', *, *, #6977, .F. ) ;
#5404 = SURFACE_STYLE_USAGE ( .BOTH. , #9798 ) ;
#5405 = ADVANCED_FACE ( 'NONE', ( #7260 ), #1820, .F. ) ;
#5406 = ORIENTED_EDGE ( 'NONE', *, *, #11349, .T. ) ;
#5407 = DIRECTION ( 'NONE',  ( 0.0000000000000000000, 0.0000000000000000000, -1.000000000000000000 ) ) ;
#5408 = MECHANICAL_DESIGN_GEOMETRIC_PRESENTATION_REPRESENTATION (  '', ( #5218 ), #5395 ) ;
#5409 =( LENGTH_UNIT ( ) NAMED_UNIT ( * ) SI_UNIT ( .MILLI., .METRE. ) );
#5410 = CARTESIAN_POINT ( 'NONE',  ( -1.949999999999999956, 6.000000000000000000, -0.6800000000000000488 ) ) ;
#5411 = ORIENTED_EDGE ( 'NONE', *, *, #6311, .F. ) ;
#5412 = STYLED_ITEM ( 'NONE', ( #4785 ), #137 ) ;
#5413 =( GEOMETRIC_REPRESENTATION_CONTEXT ( 3 ) GLOBAL_UNCERTAINTY_ASSIGNED_CONTEXT ( ( #8005 ) ) GLOBAL_UNIT_ASSIGNED_CONTEXT ( ( #5213, #3616, #8073 ) ) REPRESENTATION_CONTEXT ( 'NONE', 'WORKASPACE' ) );
#5414 = DIRECTION ( 'NONE',  ( 4.336808689942017736E-16, 0.0000000000000000000, 1.000000000000000000 ) ) ;
#5415 = LINE ( 'NONE', #4481, #4615 ) ;
#5416 = CARTESIAN_POINT ( 'NONE',  ( 2.750000000000000444, 3.399999999999999467, -2.350000000000001421 ) ) ;
#5417 =( NAMED_UNIT ( * ) SI_UNIT ( $, .STERADIAN. ) SOLID_ANGLE_UNIT ( ) );
#5418 = DIRECTION ( 'NONE',  ( 1.000000000000000000, -0.0000000000000000000, -0.0000000000000000000 ) ) ;
#5419 = ADVANCED_FACE ( 'NONE', ( #17 ), #3718, .T. ) ;
#5420 = DIRECTION ( 'NONE',  ( 1.000000000000000000, 0.0000000000000000000, 0.0000000000000000000 ) ) ;
#5421 = DIRECTION ( 'NONE',  ( 4.336808689942017736E-16, 0.0000000000000000000, 1.000000000000000000 ) ) ;
#5422 = STYLED_ITEM ( 'NONE', ( #9985 ), #6521 ) ;
#5423 = ORIENTED_EDGE ( 'NONE', *, *, #8418, .T. ) ;
#5424 = ORIENTED_EDGE ( 'NONE', *, *, #10259, .T. ) ;
#5425 = EDGE_CURVE ( 'NONE', #9734, #3976, #1088, .T. ) ;
#5426 = SURFACE_STYLE_USAGE ( .BOTH. , #8849 ) ;
#5427 = COLOUR_RGB ( '',1.000000000000000000, 0.8117647058823529438, 0.5019607843137254832 ) ;
#5428 = CARTESIAN_POINT ( 'NONE',  ( 6.149999999999995914, -3.399999999999999911, 0.1499999999999973577 ) ) ;
#5429 = UNCERTAINTY_MEASURE_WITH_UNIT (LENGTH_MEASURE( 1.000000000000000082E-05 ), #7400, 'distance_accuracy_value', 'NONE');
#5430 =( GEOMETRIC_REPRESENTATION_CONTEXT ( 3 ) GLOBAL_UNCERTAINTY_ASSIGNED_CONTEXT ( ( #6352 ) ) GLOBAL_UNIT_ASSIGNED_CONTEXT ( ( #4295, #8696, #677 ) ) REPRESENTATION_CONTEXT ( 'NONE', 'WORKASPACE' ) );
#5431 = AXIS2_PLACEMENT_3D ( 'NONE', #9079, #353, #9940 ) ;
#5432 = VECTOR ( 'NONE', #4302, 1000.000000000000000 ) ;
#5433 = UNCERTAINTY_MEASURE_WITH_UNIT (LENGTH_MEASURE( 1.000000000000000082E-05 ), #7809, 'distance_accuracy_value', 'NONE');
#5434 = DIRECTION ( 'NONE',  ( -9.103382349328301547E-49, -2.350988701644575016E-32, -1.000000000000000000 ) ) ;
#5435 = PRESENTATION_STYLE_ASSIGNMENT (( #3620 ) ) ;
#5436 = UNCERTAINTY_MEASURE_WITH_UNIT (LENGTH_MEASURE( 1.000000000000000082E-05 ), #3631, 'distance_accuracy_value', 'NONE');
#5437 =( GEOMETRIC_REPRESENTATION_CONTEXT ( 3 ) GLOBAL_UNCERTAINTY_ASSIGNED_CONTEXT ( ( #7704 ) ) GLOBAL_UNIT_ASSIGNED_CONTEXT ( ( #870, #4324, #4542 ) ) REPRESENTATION_CONTEXT ( 'NONE', 'WORKASPACE' ) );
#5438 =( LENGTH_UNIT ( ) NAMED_UNIT ( * ) SI_UNIT ( .MILLI., .METRE. ) );
#5439 = PRESENTATION_LAYER_ASSIGNMENT (  '', '', ( #10611 ) ) ;
#5440 = LINE ( 'NONE', #3674, #6149 ) ;
#5441 = COLOUR_RGB ( '',1.000000000000000000, 1.000000000000000000, 1.000000000000000000 ) ;
#5442 = ORIENTED_EDGE ( 'NONE', *, *, #2087, .T. ) ;
#5443 = LINE ( 'NONE', #10597, #4782 ) ;
#5444 = EDGE_LOOP ( 'NONE', ( #6686, #5584, #10541, #2046 ) ) ;
#5445 = DIRECTION ( 'NONE',  ( -1.000000000000000000, 5.421010862427522170E-17, 0.0000000000000000000 ) ) ;
#5446 = SURFACE_SIDE_STYLE ('',( #3457 ) ) ;
#5447 =( NAMED_UNIT ( * ) PLANE_ANGLE_UNIT ( ) SI_UNIT ( $, .RADIAN. ) );
#5448 =( GEOMETRIC_REPRESENTATION_CONTEXT ( 3 ) GLOBAL_UNCERTAINTY_ASSIGNED_CONTEXT ( ( #7872 ) ) GLOBAL_UNIT_ASSIGNED_CONTEXT ( ( #7488, #795, #7018 ) ) REPRESENTATION_CONTEXT ( 'NONE', 'WORKASPACE' ) );
#5449 = EDGE_CURVE ( 'NONE', #2865, #5683, #8840, .T. ) ;
#5450 = DIRECTION ( 'NONE',  ( 0.5773502691896226224, 0.5773502691896326144, 0.5773502691896220673 ) ) ;
#5451 = ORIENTED_EDGE ( 'NONE', *, *, #6150, .T. ) ;
#5452 = DIRECTION ( 'NONE',  ( -0.0000000000000000000, -0.0000000000000000000, 1.000000000000000000 ) ) ;
#5453 = ORIENTED_EDGE ( 'NONE', *, *, #5184, .T. ) ;
#5454 = LINE ( 'NONE', #10551, #3083 ) ;
#5455 = VECTOR ( 'NONE', #10776, 1000.000000000000000 ) ;
#5456 = SURFACE_STYLE_USAGE ( .BOTH. , #106 ) ;
#5457 = CARTESIAN_POINT ( 'NONE',  ( -1.950000000000000400, 1.380000000000000782, 1.300000000000000044 ) ) ;
#5458 = CARTESIAN_POINT ( 'NONE',  ( -1.949999999999999956, 0.0000000000000000000, 1.700000000000000178 ) ) ;
#5459 = ORIENTED_EDGE ( 'NONE', *, *, #2494, .T. ) ;
#5460 = ORIENTED_EDGE ( 'NONE', *, *, #3707, .F. ) ;
#5461 = AXIS2_PLACEMENT_3D ( 'NONE', #4556, #97, #5505 ) ;
#5462 = ORIENTED_EDGE ( 'NONE', *, *, #3800, .T. ) ;
#5463 =( NAMED_UNIT ( * ) SI_UNIT ( $, .STERADIAN. ) SOLID_ANGLE_UNIT ( ) );
#5464 = DIRECTION ( 'NONE',  ( 0.7071067811865552333, -0.7071067811865399122, -3.066586833366781803E-16 ) ) ;
#5465 =( NAMED_UNIT ( * ) SI_UNIT ( $, .STERADIAN. ) SOLID_ANGLE_UNIT ( ) );
#5466 = UNCERTAINTY_MEASURE_WITH_UNIT (LENGTH_MEASURE( 1.000000000000000082E-05 ), #7771, 'distance_accuracy_value', 'NONE');
#5467 = SURFACE_STYLE_USAGE ( .BOTH. , #11406 ) ;
#5468 = CARTESIAN_POINT ( 'NONE',  ( 13.29999999999999893, 0.2000000000000000389, 1.700000000000000178 ) ) ;
#5469 = EDGE_LOOP ( 'NONE', ( #2444, #9550, #1376, #5462, #5622 ) ) ;
#5470 = CARTESIAN_POINT ( 'NONE',  ( -0.1500000000000021316, -3.399999999999999911, -2.800000000000001155 ) ) ;
#5471 = EDGE_CURVE ( 'NONE', #3178, #3362, #129, .T. ) ;
#5472 =( GEOMETRIC_REPRESENTATION_CONTEXT ( 3 ) GLOBAL_UNCERTAINTY_ASSIGNED_CONTEXT ( ( #180 ) ) GLOBAL_UNIT_ASSIGNED_CONTEXT ( ( #2739, #6209, #1794 ) ) REPRESENTATION_CONTEXT ( 'NONE', 'WORKASPACE' ) );
#5473 = EDGE_CURVE ( 'NONE', #6271, #2580, #7147, .T. ) ;
#5474 = CARTESIAN_POINT ( 'NONE',  ( 15.17999999999999972, 4.230000000000001315, -2.801000000000000600 ) ) ;
#5475 =( LENGTH_UNIT ( ) NAMED_UNIT ( * ) SI_UNIT ( .MILLI., .METRE. ) );
#5476 = ORIENTED_EDGE ( 'NONE', *, *, #2003, .F. ) ;
#5477 = CARTESIAN_POINT ( 'NONE',  ( 4.699999999999999289, 0.1999999999999999833, -2.800000000000000266 ) ) ;
#5478 = SURFACE_STYLE_USAGE ( .BOTH. , #4759 ) ;
#5479 = ORIENTED_EDGE ( 'NONE', *, *, #346, .T. ) ;
#5480 = CARTESIAN_POINT ( 'NONE',  ( 0.7500000000000006661, 1.149999999999999911, -2.050000000000001599 ) ) ;
#5481 = DIRECTION ( 'NONE',  ( 0.5773502691896205130, -0.5773502691896306160, -0.5773502691896262862 ) ) ;
#5482 = DIRECTION ( 'NONE',  ( -0.0000000000000000000, 0.0000000000000000000, 1.000000000000000000 ) ) ;
#5483 = CARTESIAN_POINT ( 'NONE',  ( 8.750000000000000000, 3.399999999999999467, -2.350000000000001421 ) ) ;
#5484 = ADVANCED_FACE ( 'NONE', ( #3847, #396 ), #231, .F. ) ;
#5485 =( GEOMETRIC_REPRESENTATION_CONTEXT ( 3 ) GLOBAL_UNCERTAINTY_ASSIGNED_CONTEXT ( ( #3794 ) ) GLOBAL_UNIT_ASSIGNED_CONTEXT ( ( #7702, #5105, #7931 ) ) REPRESENTATION_CONTEXT ( 'NONE', 'WORKASPACE' ) );
#5486 = ORIENTED_EDGE ( 'NONE', *, *, #422, .F. ) ;
#5487 = ORIENTED_EDGE ( 'NONE', *, *, #4239, .F. ) ;
#5488 = ADVANCED_FACE ( 'NONE', ( #10108 ), #2174, .F. ) ;
#5489 =( GEOMETRIC_REPRESENTATION_CONTEXT ( 3 ) GLOBAL_UNCERTAINTY_ASSIGNED_CONTEXT ( ( #6096 ) ) GLOBAL_UNIT_ASSIGNED_CONTEXT ( ( #9165, #2926, #1223 ) ) REPRESENTATION_CONTEXT ( 'NONE', 'WORKASPACE' ) );
#5490 = FILL_AREA_STYLE ('',( #3663 ) ) ;
#5491 = SURFACE_STYLE_USAGE ( .BOTH. , #4341 ) ;
#5492 =( LENGTH_UNIT ( ) NAMED_UNIT ( * ) SI_UNIT ( .MILLI., .METRE. ) );
#5493 = DIRECTION ( 'NONE',  ( 3.872150616019660190E-17, 1.000000000000000000, -0.0000000000000000000 ) ) ;
#5494 = ORIENTED_EDGE ( 'NONE', *, *, #2647, .T. ) ;
#5495 = VECTOR ( 'NONE', #6567, 1000.000000000000000 ) ;
#5496 = AXIS2_PLACEMENT_3D ( 'NONE', #11024, #8206, #3018 ) ;
#5497 = DIRECTION ( 'NONE',  ( -1.927470528863119542E-16, 1.000000000000000000, 0.0000000000000000000 ) ) ;
#5498 = VERTEX_POINT ( 'NONE', #5700 ) ;
#5499 = DIRECTION ( 'NONE',  ( 0.0000000000000000000, 0.0000000000000000000, -1.000000000000000000 ) ) ;
#5500 =( NAMED_UNIT ( * ) PLANE_ANGLE_UNIT ( ) SI_UNIT ( $, .RADIAN. ) );
#5501 =( NAMED_UNIT ( * ) PLANE_ANGLE_UNIT ( ) SI_UNIT ( $, .RADIAN. ) );
#5502 = MECHANICAL_DESIGN_GEOMETRIC_PRESENTATION_REPRESENTATION (  '', ( #10488 ), #6411 ) ;
#5503 = STYLED_ITEM ( 'NONE', ( #4463 ), #3000 ) ;
#5504 = DIRECTION ( 'NONE',  ( -3.833233541708387274E-17, -0.7071067811865386910, 0.7071067811865564545 ) ) ;
#5505 = DIRECTION ( 'NONE',  ( -4.336808689942017736E-16, 0.0000000000000000000, -1.000000000000000000 ) ) ;
#5506 = LINE ( 'NONE', #2845, #4598 ) ;
#5507 = CARTESIAN_POINT ( 'NONE',  ( 15.94999999999999929, 0.0000000000000000000, 1.699999999999999289 ) ) ;
#5508 = VECTOR ( 'NONE', #4497, 1000.000000000000000 ) ;
#5509 = DIRECTION ( 'NONE',  ( 1.000000000000000000, -5.421010862427522170E-17, 0.0000000000000000000 ) ) ;
#5510 = DIRECTION ( 'NONE',  ( 0.0000000000000000000, 1.000000000000000000, 0.0000000000000000000 ) ) ;
#5511 = ORIENTED_EDGE ( 'NONE', *, *, #8293, .F. ) ;
#5512 = FACE_BOUND ( 'NONE', #10148, .T. ) ;
#5513 =( NAMED_UNIT ( * ) PLANE_ANGLE_UNIT ( ) SI_UNIT ( $, .RADIAN. ) );
#5514 = COLOUR_RGB ( '',1.000000000000000000, 1.000000000000000000, 1.000000000000000000 ) ;
#5515 = FACE_OUTER_BOUND ( 'NONE', #639, .T. ) ;
#5516 = UNCERTAINTY_MEASURE_WITH_UNIT (LENGTH_MEASURE( 1.000000000000000082E-05 ), #6457, 'distance_accuracy_value', 'NONE');
#5517 = PRESENTATION_LAYER_ASSIGNMENT (  '', '', ( #9974 ) ) ;
#5518 =( NAMED_UNIT ( * ) PLANE_ANGLE_UNIT ( ) SI_UNIT ( $, .RADIAN. ) );
#5519 = CARTESIAN_POINT ( 'NONE',  ( -0.2500000000000004441, -3.399999999999999911, -0.2499999999999997780 ) ) ;
#5520 = LINE ( 'NONE', #797, #8663 ) ;
#5521 = PRESENTATION_LAYER_ASSIGNMENT (  '', '', ( #2511 ) ) ;
#5522 = DIRECTION ( 'NONE',  ( 1.927470528863119542E-16, -1.000000000000000000, 0.0000000000000000000 ) ) ;
#5523 = EDGE_LOOP ( 'NONE', ( #6530, #212, #2986, #7040 ) ) ;
#5524 = ORIENTED_EDGE ( 'NONE', *, *, #1753, .F. ) ;
#5525 = MECHANICAL_DESIGN_GEOMETRIC_PRESENTATION_REPRESENTATION (  '', ( #9594 ), #4957 ) ;
#5526 = ORIENTED_EDGE ( 'NONE', *, *, #3147, .T. ) ;
#5527 = DIRECTION ( 'NONE',  ( -0.0000000000000000000, -0.0000000000000000000, 1.000000000000000000 ) ) ;
#5528 = MECHANICAL_DESIGN_GEOMETRIC_PRESENTATION_REPRESENTATION (  '', ( #3466 ), #9035 ) ;
#5529 = COLOUR_RGB ( '',0.7921568627450980005, 0.8196078431372548767, 0.9333333333333333481 ) ;
#5530 = VERTEX_POINT ( 'NONE', #281 ) ;
#5531 = LINE ( 'NONE', #1133, #8800 ) ;
#5532 = CARTESIAN_POINT ( 'NONE',  ( 9.250000000000001776, 3.399999999999999467, -2.300000000000003375 ) ) ;
#5533 = PRESENTATION_LAYER_ASSIGNMENT (  '', '', ( #2130 ) ) ;
#5534 = VERTEX_POINT ( 'NONE', #2886 ) ;
#5535 =( LENGTH_UNIT ( ) NAMED_UNIT ( * ) SI_UNIT ( .MILLI., .METRE. ) );
#5536 = DIRECTION ( 'NONE',  ( 1.000000000000000000, -5.421010862427522170E-17, 0.0000000000000000000 ) ) ;
#5537 = ADVANCED_FACE ( 'NONE', ( #7370 ), #8299, .T. ) ;
#5538 = SURFACE_STYLE_USAGE ( .BOTH. , #2762 ) ;
#5539 = LINE ( 'NONE', #1933, #1009 ) ;
#5540 = EDGE_CURVE ( 'NONE', #8423, #10070, #10451, .T. ) ;
#5541 = COLOUR_RGB ( '',1.000000000000000000, 0.8117647058823529438, 0.5019607843137254832 ) ;
#5543 = DIRECTION ( 'NONE',  ( -1.000000000000000000, -0.0000000000000000000, -0.0000000000000000000 ) ) ;
#5542 = PRESENTATION_LAYER_ASSIGNMENT (  '', '', ( #873 ) ) ;
#5544 = STYLED_ITEM ( 'NONE', ( #3956 ), #620 ) ;
#5545 = DIRECTION ( 'NONE',  ( -1.000000000000000000, 3.872150616019660190E-17, 0.0000000000000000000 ) ) ;
#5546 = DIRECTION ( 'NONE',  ( 1.000000000000000000, 0.0000000000000000000, 0.0000000000000000000 ) ) ;
#5547 = DIRECTION ( 'NONE',  ( 1.000000000000000000, -3.872150616019660190E-17, 0.0000000000000000000 ) ) ;
#5548 =( NAMED_UNIT ( * ) SI_UNIT ( $, .STERADIAN. ) SOLID_ANGLE_UNIT ( ) );
#5549 = UNCERTAINTY_MEASURE_WITH_UNIT (LENGTH_MEASURE( 1.000000000000000082E-05 ), #5839, 'distance_accuracy_value', 'NONE');
#5550 = DIRECTION ( 'NONE',  ( -1.084202172485504237E-15, -1.000000000000000000, 0.0000000000000000000 ) ) ;
#5551 = SURFACE_STYLE_USAGE ( .BOTH. , #9025 ) ;
#5552 = UNCERTAINTY_MEASURE_WITH_UNIT (LENGTH_MEASURE( 1.000000000000000082E-05 ), #9804, 'distance_accuracy_value', 'NONE');
#5553 = EDGE_CURVE ( 'NONE', #7510, #8960, #4303, .T. ) ;
#5554 = PRESENTATION_STYLE_ASSIGNMENT (( #1100 ) ) ;
#5555 = DIRECTION ( 'NONE',  ( -1.000000000000000000, 0.0000000000000000000, -0.0000000000000000000 ) ) ;
#5556 = PRESENTATION_STYLE_ASSIGNMENT (( #10126 ) ) ;
#5557 = DIRECTION ( 'NONE',  ( -1.000000000000000000, -0.0000000000000000000, -0.0000000000000000000 ) ) ;
#5558 = CARTESIAN_POINT ( 'NONE',  ( 1.299999999999999600, 0.2000000000000000389, 0.2500000000000002220 ) ) ;
#5559 = ORIENTED_EDGE ( 'NONE', *, *, #10244, .T. ) ;
#5560 = DIRECTION ( 'NONE',  ( -1.362927481496328130E-16, 0.7071067811865451302, -0.7071067811865500152 ) ) ;
#5561 = CARTESIAN_POINT ( 'NONE',  ( 7.299999999999998934, 0.2000000000000000389, 1.700000000000000178 ) ) ;
#5562 = LINE ( 'NONE', #7014, #10691 ) ;
#5563 = VECTOR ( 'NONE', #1855, 1000.000000000000000 ) ;
#5564 = CARTESIAN_POINT ( 'NONE',  ( 12.05000000000000071, 5.100000000000001421, -0.1500000000000003830 ) ) ;
#5565 = VECTOR ( 'NONE', #7599, 1000.000000000000000 ) ;
#5566 = PLANE ( 'NONE',  #10535 ) ;
#5567 = LINE ( 'NONE', #7176, #5455 ) ;
#5568 = EDGE_CURVE ( 'NONE', #9564, #5744, #5931, .T. ) ;
#5569 = CARTESIAN_POINT ( 'NONE',  ( 5.750000000000001776, 5.000000000000004441, -0.2499999999999997780 ) ) ;
#5570 =( LENGTH_UNIT ( ) NAMED_UNIT ( * ) SI_UNIT ( .MILLI., .METRE. ) );
#5571 = AXIS2_PLACEMENT_3D ( 'NONE', #6914, #7611, #6050 ) ;
#5572 = ORIENTED_EDGE ( 'NONE', *, *, #1073, .T. ) ;
#5573 = ORIENTED_EDGE ( 'NONE', *, *, #385, .T. ) ;
#5574 = VECTOR ( 'NONE', #2242, 1000.000000000000114 ) ;
#5575 = ORIENTED_EDGE ( 'NONE', *, *, #2738, .F. ) ;
#5576 =( NAMED_UNIT ( * ) PLANE_ANGLE_UNIT ( ) SI_UNIT ( $, .RADIAN. ) );
#5577 = LINE ( 'NONE', #3639, #7333 ) ;
#5578 =( LENGTH_UNIT ( ) NAMED_UNIT ( * ) SI_UNIT ( .MILLI., .METRE. ) );
#5579 = SURFACE_STYLE_FILL_AREA ( #10948 ) ;
#5580 = UNCERTAINTY_MEASURE_WITH_UNIT (LENGTH_MEASURE( 1.000000000000000082E-05 ), #9214, 'distance_accuracy_value', 'NONE');
#5581 = VERTEX_POINT ( 'NONE', #9474 ) ;
#5582 = VECTOR ( 'NONE', #2482, 1000.000000000000000 ) ;
#5583 = ORIENTED_EDGE ( 'NONE', *, *, #5425, .T. ) ;
#5584 = ORIENTED_EDGE ( 'NONE', *, *, #6944, .T. ) ;
#5585 = DIRECTION ( 'NONE',  ( -1.000000000000000000, 0.0000000000000000000, 0.0000000000000000000 ) ) ;
#5586 = PLANE ( 'NONE',  #10426 ) ;
#5587 =( NAMED_UNIT ( * ) PLANE_ANGLE_UNIT ( ) SI_UNIT ( $, .RADIAN. ) );
#5588 = FILL_AREA_STYLE ('',( #8058 ) ) ;
#5589 = LINE ( 'NONE', #10904, #10421 ) ;
#5590 = ORIENTED_EDGE ( 'NONE', *, *, #3892, .T. ) ;
#5591 = EDGE_CURVE ( 'NONE', #4003, #10651, #1473, .T. ) ;
#5592 = DIRECTION ( 'NONE',  ( 1.000000000000000000, -0.0000000000000000000, -4.845596301611194130E-17 ) ) ;
#5593 = CARTESIAN_POINT ( 'NONE',  ( -0.2500000000000002220, -3.399999999999999911, 0.2500000000000002220 ) ) ;
#5594 = LINE ( 'NONE', #7486, #6951 ) ;
#5595 = STYLED_ITEM ( 'NONE', ( #5765 ), #9585 ) ;
#5596 = ORIENTED_EDGE ( 'NONE', *, *, #4431, .F. ) ;
#5597 = EDGE_CURVE ( 'NONE', #2873, #6659, #5875, .T. ) ;
#5598 = COLOUR_RGB ( '',1.000000000000000000, 0.8117647058823529438, 0.5019607843137254832 ) ;
#5599 = DIRECTION ( 'NONE',  ( 3.872150616019660190E-17, 1.000000000000000000, -0.0000000000000000000 ) ) ;
#5600 = DIRECTION ( 'NONE',  ( 4.336808689942017736E-16, 0.0000000000000000000, 1.000000000000000000 ) ) ;
#5601 = CARTESIAN_POINT ( 'NONE',  ( 3.299999999999999378, 0.0000000000000000000, 1.700000000000000178 ) ) ;
#5602 = VECTOR ( 'NONE', #2353, 1000.000000000000000 ) ;
#5603 = EDGE_CURVE ( 'NONE', #5860, #961, #8705, .T. ) ;
#5604 = COLOUR_RGB ( '',1.000000000000000000, 0.8117647058823529438, 0.5019607843137254832 ) ;
#5605 = STYLED_ITEM ( 'NONE', ( #1491 ), #6450 ) ;
#5606 = ORIENTED_EDGE ( 'NONE', *, *, #5921, .T. ) ;
#5607 = PLANE ( 'NONE',  #4291 ) ;
#5608 = VERTEX_POINT ( 'NONE', #10506 ) ;
#5609 = EDGE_LOOP ( 'NONE', ( #7490, #11060, #6080, #7179 ) ) ;
#5610 =( GEOMETRIC_REPRESENTATION_CONTEXT ( 3 ) GLOBAL_UNCERTAINTY_ASSIGNED_CONTEXT ( ( #5071 ) ) GLOBAL_UNIT_ASSIGNED_CONTEXT ( ( #8253, #3795, #10806 ) ) REPRESENTATION_CONTEXT ( 'NONE', 'WORKASPACE' ) );
#5611 = MECHANICAL_DESIGN_GEOMETRIC_PRESENTATION_REPRESENTATION (  '', ( #10238 ), #11140 ) ;
#5612 = LINE ( 'NONE', #360, #10307 ) ;
#5613 = PRESENTATION_LAYER_ASSIGNMENT (  '', '', ( #7634 ) ) ;
#5614 = ADVANCED_FACE ( 'NONE', ( #6792 ), #11237, .F. ) ;
#5615 = ADVANCED_FACE ( 'NONE', ( #1532 ), #5122, .T. ) ;
#5616 = LINE ( 'NONE', #8262, #1345 ) ;
#5617 =( LENGTH_UNIT ( ) NAMED_UNIT ( * ) SI_UNIT ( .MILLI., .METRE. ) );
#5618 = APPLICATION_CONTEXT ( 'automotive_design' ) ;
#5619 = PLANE ( 'NONE',  #8912 ) ;
#5620 = VECTOR ( 'NONE', #8872, 1000.000000000000000 ) ;
#5621 = CARTESIAN_POINT ( 'NONE',  ( 2.250000000000000000, -3.399999999999999911, 0.2500000000000002220 ) ) ;
#5622 = ORIENTED_EDGE ( 'NONE', *, *, #2133, .F. ) ;
#5623 = LINE ( 'NONE', #1164, #5673 ) ;
#5624 = MECHANICAL_DESIGN_GEOMETRIC_PRESENTATION_REPRESENTATION (  '', ( #51 ), #5804 ) ;
#5625 =( LENGTH_UNIT ( ) NAMED_UNIT ( * ) SI_UNIT ( .MILLI., .METRE. ) );
#5626 = FILL_AREA_STYLE_COLOUR ( '', #3916 ) ;
#5627 = AXIS2_PLACEMENT_3D ( 'NONE', #11098, #3493, #8448 ) ;
#5628 = UNCERTAINTY_MEASURE_WITH_UNIT (LENGTH_MEASURE( 1.000000000000000082E-05 ), #2912, 'distance_accuracy_value', 'NONE');
#5629 = ADVANCED_FACE ( 'NONE', ( #9695 ), #7247, .F. ) ;
#5630 = LINE ( 'NONE', #9103, #970 ) ;
#5631 = LINE ( 'NONE', #5569, #8948 ) ;
#5632 = LINE ( 'NONE', #6602, #10873 ) ;
#5633 = CARTESIAN_POINT ( 'NONE',  ( 13.29999999999999893, 0.2000000000000000389, -0.2499999999999997780 ) ) ;
#5634 = VERTEX_POINT ( 'NONE', #3705 ) ;
#5635 = VERTEX_POINT ( 'NONE', #1 ) ;
#5636 = ORIENTED_EDGE ( 'NONE', *, *, #6766, .T. ) ;
#5637 = FILL_AREA_STYLE_COLOUR ( '', #6984 ) ;
#5638 = DIRECTION ( 'NONE',  ( -1.000000000000000000, 3.872150616019660190E-17, 0.0000000000000000000 ) ) ;
#5639 = DIRECTION ( 'NONE',  ( -4.336808689942017736E-16, 0.0000000000000000000, -1.000000000000000000 ) ) ;
#5640 = PRESENTATION_STYLE_ASSIGNMENT (( #9058 ) ) ;
#5641 = STYLED_ITEM ( 'NONE', ( #4698 ), #2131 ) ;
#5642 = ORIENTED_EDGE ( 'NONE', *, *, #3522, .F. ) ;
#5643 = EDGE_CURVE ( 'NONE', #2121, #11324, #11402, .T. ) ;
#5644 = SURFACE_STYLE_FILL_AREA ( #9228 ) ;
#5645 = ORIENTED_EDGE ( 'NONE', *, *, #5069, .F. ) ;
#5646 = PRESENTATION_STYLE_ASSIGNMENT (( #6668 ) ) ;
#5647 = FILL_AREA_STYLE_COLOUR ( '', #3933 ) ;
#5648 = LINE ( 'NONE', #9064, #2924 ) ;
#5649 = SURFACE_STYLE_FILL_AREA ( #2881 ) ;
#5650 = FILL_AREA_STYLE ('',( #6500 ) ) ;
#5651 = DIRECTION ( 'NONE',  ( 1.000000000000000000, 0.0000000000000000000, 0.0000000000000000000 ) ) ;
#5652 = SURFACE_STYLE_FILL_AREA ( #7429 ) ;
#5653 = CARTESIAN_POINT ( 'NONE',  ( 1.849999999999999645, -3.399999999999999911, 0.1500000000000008271 ) ) ;
#5654 = DIRECTION ( 'NONE',  ( -0.0000000000000000000, -0.0000000000000000000, 1.000000000000000000 ) ) ;
#5655 = ORIENTED_EDGE ( 'NONE', *, *, #2313, .F. ) ;
#5656 = FILL_AREA_STYLE_COLOUR ( '', #1317 ) ;
#5657 = ORIENTED_EDGE ( 'NONE', *, *, #2222, .F. ) ;
#5658 = PRESENTATION_STYLE_ASSIGNMENT (( #10066 ) ) ;
#5659 = MECHANICAL_DESIGN_GEOMETRIC_PRESENTATION_REPRESENTATION (  '', ( #4176 ), #5485 ) ;
#5660 =( NAMED_UNIT ( * ) PLANE_ANGLE_UNIT ( ) SI_UNIT ( $, .RADIAN. ) );
#5661 = VERTEX_POINT ( 'NONE', #1702 ) ;
#5662 = DIRECTION ( 'NONE',  ( -3.833233541708387274E-17, -0.7071067811865386910, 0.7071067811865564545 ) ) ;
#5663 = VERTEX_POINT ( 'NONE', #2811 ) ;
#5664 = FACE_OUTER_BOUND ( 'NONE', #7795, .T. ) ;
#5665 = SURFACE_STYLE_FILL_AREA ( #10075 ) ;
#5666 = PRESENTATION_STYLE_ASSIGNMENT (( #7285 ) ) ;
#5667 = CARTESIAN_POINT ( 'NONE',  ( 6.749999999999999112, 1.149999999999999911, -2.350000000000001421 ) ) ;
#5668 = PRESENTATION_LAYER_ASSIGNMENT (  '', '', ( #10660 ) ) ;
#5669 = CARTESIAN_POINT ( 'NONE',  ( 14.24999999999999822, 5.000000000000000888, 0.2500000000000002220 ) ) ;
#5670 = FILL_AREA_STYLE ('',( #10820 ) ) ;
#5671 = ORIENTED_EDGE ( 'NONE', *, *, #3680, .F. ) ;
#5672 = ADVANCED_FACE ( 'NONE', ( #6379 ), #8881, .F. ) ;
#5673 = VECTOR ( 'NONE', #1210, 1000.000000000000000 ) ;
#5674 = EDGE_CURVE ( 'NONE', #8022, #7243, #3113, .T. ) ;
#5675 = FILL_AREA_STYLE ('',( #9966 ) ) ;
#5676 = FILL_AREA_STYLE ('',( #3993 ) ) ;
#5677 = CARTESIAN_POINT ( 'NONE',  ( 10.24999999999999822, -3.399999999999999911, 0.2500000000000002220 ) ) ;
#5678 = CARTESIAN_POINT ( 'NONE',  ( 13.74999999999999822, 0.2000000000000000944, 0.2500000000000002220 ) ) ;
#5679 = PLANE ( 'NONE',  #1274 ) ;
#5680 = FILL_AREA_STYLE_COLOUR ( '', #6810 ) ;
#5681 = VERTEX_POINT ( 'NONE', #9224 ) ;
#5682 = PRESENTATION_LAYER_ASSIGNMENT (  '', '', ( #7709 ) ) ;
#5683 = VERTEX_POINT ( 'NONE', #2930 ) ;
#5684 = DIRECTION ( 'NONE',  ( 1.606744598320897275E-17, 0.7071067811865493491, 0.7071067811865457964 ) ) ;
#5685 = PRESENTATION_STYLE_ASSIGNMENT (( #2101 ) ) ;
#5686 = DIRECTION ( 'NONE',  ( 0.5773502691896246208, -0.5773502691896266192, 0.5773502691896260641 ) ) ;
#5687 = PLANE ( 'NONE',  #10331 ) ;
#5688 = ADVANCED_FACE ( 'NONE', ( #9976, #7528 ), #2868, .F. ) ;
#5689 = VERTEX_POINT ( 'NONE', #8232 ) ;
#5690 = ORIENTED_EDGE ( 'NONE', *, *, #7688, .T. ) ;
#5691 = CARTESIAN_POINT ( 'NONE',  ( 3.750000000000000444, -3.399999999999999911, 0.2500000000000002220 ) ) ;
#5692 = SURFACE_STYLE_USAGE ( .BOTH. , #1351 ) ;
#5693 = CARTESIAN_POINT ( 'NONE',  ( 11.75000000000000000, 5.000000000000006217, 0.2500000000000002220 ) ) ;
#5694 = COLOUR_RGB ( '',1.000000000000000000, 1.000000000000000000, 1.000000000000000000 ) ;
#5695 =( LENGTH_UNIT ( ) NAMED_UNIT ( * ) SI_UNIT ( .MILLI., .METRE. ) );
#5696 = PRESENTATION_LAYER_ASSIGNMENT (  '', '', ( #1026 ) ) ;
#5697 = PLANE ( 'NONE',  #11081 ) ;
#5698 = SURFACE_SIDE_STYLE ('',( #444 ) ) ;
#5699 = VECTOR ( 'NONE', #3033, 1000.000000000000000 ) ;
#5700 = CARTESIAN_POINT ( 'NONE',  ( 12.69999999999999929, 0.1999999999999999833, 1.700000000000000178 ) ) ;
#5701 = CARTESIAN_POINT ( 'NONE',  ( 12.25000000000000000, 1.800000000000000044, 0.2500000000000002220 ) ) ;
#5702 = SURFACE_STYLE_FILL_AREA ( #4490 ) ;
#5703 = AXIS2_PLACEMENT_3D ( 'NONE', #1126, #430, #3942 ) ;
#5704 = STYLED_ITEM ( 'NONE', ( #3247 ), #4179 ) ;
#5705 = ORIENTED_EDGE ( 'NONE', *, *, #6038, .T. ) ;
#5706 = VERTEX_POINT ( 'NONE', #9168 ) ;
#5707 = SURFACE_STYLE_USAGE ( .BOTH. , #6744 ) ;
#5708 = CARTESIAN_POINT ( 'NONE',  ( -1.950000000000000400, 0.8200000000000003952, 1.300000000000000044 ) ) ;
#5709 = DIRECTION ( 'NONE',  ( -0.0000000000000000000, -1.000000000000000000, -0.0000000000000000000 ) ) ;
#5710 = ORIENTED_EDGE ( 'NONE', *, *, #5729, .F. ) ;
#5711 = ORIENTED_EDGE ( 'NONE', *, *, #7720, .F. ) ;
#5712 = UNCERTAINTY_MEASURE_WITH_UNIT (LENGTH_MEASURE( 1.000000000000000082E-05 ), #5409, 'distance_accuracy_value', 'NONE');
#5713 = VECTOR ( 'NONE', #2675, 1000.000000000000000 ) ;
#5714 = VECTOR ( 'NONE', #1414, 1000.000000000000000 ) ;
#5715 = DIRECTION ( 'NONE',  ( -4.336808689942017736E-16, 0.0000000000000000000, -1.000000000000000000 ) ) ;
#5716 = ORIENTED_EDGE ( 'NONE', *, *, #10356, .F. ) ;
#5717 = SURFACE_STYLE_FILL_AREA ( #6403 ) ;
#5718 = FILL_AREA_STYLE_COLOUR ( '', #9773 ) ;
#5719 = CARTESIAN_POINT ( 'NONE',  ( 12.14999999999999680, -3.399999999999999911, -2.800000000000000266 ) ) ;
#5720 = EDGE_CURVE ( 'NONE', #10258, #3771, #328, .T. ) ;
#5721 = PRESENTATION_LAYER_ASSIGNMENT (  '', '', ( #8300 ) ) ;
#5722 = CARTESIAN_POINT ( 'NONE',  ( 6.750000000000000888, 1.149999999999999911, -2.050000000000001599 ) ) ;
#5723 = FACE_OUTER_BOUND ( 'NONE', #9919, .T. ) ;
#5724 = CARTESIAN_POINT ( 'NONE',  ( 3.449999999999997957, -4.099999999999999645, 0.5500000000000018208 ) ) ;
#5725 = FACE_OUTER_BOUND ( 'NONE', #11054, .T. ) ;
#5726 = DIRECTION ( 'NONE',  ( 0.7071067811865520136, -0.7071067811865430208, -3.066586833366767505E-16 ) ) ;
#5727 = FACE_OUTER_BOUND ( 'NONE', #5991, .T. ) ;
#5728 = FACE_OUTER_BOUND ( 'NONE', #2193, .T. ) ;
#5729 = EDGE_CURVE ( 'NONE', #7716, #7468, #3276, .T. ) ;
#5730 = MECHANICAL_DESIGN_GEOMETRIC_PRESENTATION_REPRESENTATION (  '', ( #6837 ), #7767 ) ;
#5731 = ORIENTED_EDGE ( 'NONE', *, *, #265, .F. ) ;
#5732 = ADVANCED_FACE ( 'NONE', ( #7472 ), #3776, .F. ) ;
#5733 = FACE_OUTER_BOUND ( 'NONE', #1220, .T. ) ;
#5734 = ORIENTED_EDGE ( 'NONE', *, *, #4374, .T. ) ;
#5735 = PRESENTATION_STYLE_ASSIGNMENT (( #2150 ) ) ;
#5736 = LINE ( 'NONE', #2090, #9615 ) ;
#5737 = LINE ( 'NONE', #372, #11350 ) ;
#5738 =( NAMED_UNIT ( * ) PLANE_ANGLE_UNIT ( ) SI_UNIT ( $, .RADIAN. ) );
#5739 = DIRECTION ( 'NONE',  ( 3.872150616019660190E-17, 1.000000000000000000, -0.0000000000000000000 ) ) ;
#5740 = ORIENTED_EDGE ( 'NONE', *, *, #3494, .F. ) ;
#5741 = ORIENTED_EDGE ( 'NONE', *, *, #7229, .F. ) ;
#5742 = ADVANCED_FACE ( 'NONE', ( #2103 ), #5687, .T. ) ;
#5743 = VECTOR ( 'NONE', #3944, 1000.000000000000000 ) ;
#5744 = VERTEX_POINT ( 'NONE', #8584 ) ;
#5745 = CARTESIAN_POINT ( 'NONE',  ( 15.34999999999999964, 5.649999999999998579, -2.350000000000001865 ) ) ;
#5746 = EDGE_CURVE ( 'NONE', #8482, #6304, #7826, .T. ) ;
#5747 = VECTOR ( 'NONE', #11008, 1000.000000000000000 ) ;
#5748 =( NAMED_UNIT ( * ) PLANE_ANGLE_UNIT ( ) SI_UNIT ( $, .RADIAN. ) );
#5749 = EDGE_LOOP ( 'NONE', ( #6021, #7218, #4893, #11377 ) ) ;
#5750 = VECTOR ( 'NONE', #10947, 1000.000000000000000 ) ;
#5751 = DIRECTION ( 'NONE',  ( -9.103382349328301547E-49, -2.350988701644575016E-32, -1.000000000000000000 ) ) ;
#5752 = ORIENTED_EDGE ( 'NONE', *, *, #7114, .F. ) ;
#5753 = EDGE_CURVE ( 'NONE', #11188, #5689, #6028, .T. ) ;
#5754 = CARTESIAN_POINT ( 'NONE',  ( 2.250000000000000000, -3.399999999999999911, 0.2500000000000002220 ) ) ;
#5755 = EDGE_CURVE ( 'NONE', #9431, #8423, #5167, .T. ) ;
#5756 = ORIENTED_EDGE ( 'NONE', *, *, #9284, .T. ) ;
#5757 = VECTOR ( 'NONE', #5592, 1000.000000000000000 ) ;
#5758 =( LENGTH_UNIT ( ) NAMED_UNIT ( * ) SI_UNIT ( .MILLI., .METRE. ) );
#5759 = PRESENTATION_LAYER_ASSIGNMENT (  '', '', ( #10750 ) ) ;
#5760 = DIRECTION ( 'NONE',  ( -4.845596301611193514E-17, 0.0000000000000000000, -1.000000000000000000 ) ) ;
#5761 = CARTESIAN_POINT ( 'NONE',  ( 10.75000000000000000, 3.149999999999999467, -2.050000000000002043 ) ) ;
#5762 = CARTESIAN_POINT ( 'NONE',  ( 3.849999999999996092, 5.100000000000001421, -2.800000000000001155 ) ) ;
#5763 = FILL_AREA_STYLE_COLOUR ( '', #4146 ) ;
#5764 = CARTESIAN_POINT ( 'NONE',  ( 0.7500000000000006661, 1.149999999999999911, -2.050000000000001599 ) ) ;
#5765 = PRESENTATION_STYLE_ASSIGNMENT (( #10112 ) ) ;
#5766 = CARTESIAN_POINT ( 'NONE',  ( 6.049999999999999822, -3.399999999999999911, 0.1499999999999973577 ) ) ;
#5767 = EDGE_CURVE ( 'NONE', #5242, #8533, #6664, .T. ) ;
#5768 = ORIENTED_EDGE ( 'NONE', *, *, #10063, .T. ) ;
#5769 = ORIENTED_EDGE ( 'NONE', *, *, #917, .F. ) ;
#5770 = SURFACE_STYLE_USAGE ( .BOTH. , #4712 ) ;
#5771 = PRESENTATION_LAYER_ASSIGNMENT (  '', '', ( #1273 ) ) ;
#5772 = ORIENTED_EDGE ( 'NONE', *, *, #4098, .T. ) ;
#5773 = MECHANICAL_DESIGN_GEOMETRIC_PRESENTATION_REPRESENTATION (  '', ( #563 ), #11117 ) ;
#5774 = ORIENTED_EDGE ( 'NONE', *, *, #7793, .F. ) ;
#5775 = FILL_AREA_STYLE ('',( #9139 ) ) ;
#5776 = STYLED_ITEM ( 'NONE', ( #1379 ), #6278 ) ;
#5777 = ADVANCED_FACE ( 'NONE', ( #7650 ), #10379, .F. ) ;
#5778 = PRESENTATION_STYLE_ASSIGNMENT (( #10176 ) ) ;
#5779 = VECTOR ( 'NONE', #764, 1000.000000000000000 ) ;
#5780 = AXIS2_PLACEMENT_3D ( 'NONE', #8773, #796, #1595 ) ;
#5781 = SURFACE_STYLE_USAGE ( .BOTH. , #7560 ) ;
#5782 = CARTESIAN_POINT ( 'NONE',  ( 2.250000000000000000, 5.000000000000004441, 0.2500000000000002220 ) ) ;
#5783 = SURFACE_SIDE_STYLE ('',( #9322 ) ) ;
#5784 = VECTOR ( 'NONE', #1865, 1000.000000000000000 ) ;
#5785 = LINE ( 'NONE', #2199, #10758 ) ;
#5786 =( NAMED_UNIT ( * ) SI_UNIT ( $, .STERADIAN. ) SOLID_ANGLE_UNIT ( ) );
#5787 = VERTEX_POINT ( 'NONE', #11171 ) ;
#5788 =( GEOMETRIC_REPRESENTATION_CONTEXT ( 3 ) GLOBAL_UNCERTAINTY_ASSIGNED_CONTEXT ( ( #2838 ) ) GLOBAL_UNIT_ASSIGNED_CONTEXT ( ( #2979, #4855, #6365 ) ) REPRESENTATION_CONTEXT ( 'NONE', 'WORKASPACE' ) );
#5789 =( GEOMETRIC_REPRESENTATION_CONTEXT ( 3 ) GLOBAL_UNCERTAINTY_ASSIGNED_CONTEXT ( ( #184 ) ) GLOBAL_UNIT_ASSIGNED_CONTEXT ( ( #6669, #6563, #10210 ) ) REPRESENTATION_CONTEXT ( 'NONE', 'WORKASPACE' ) );
#5790 = ORIENTED_EDGE ( 'NONE', *, *, #8142, .T. ) ;
#5791 = PRESENTATION_LAYER_ASSIGNMENT (  '', '', ( #2038 ) ) ;
#5792 = VECTOR ( 'NONE', #3420, 1000.000000000000000 ) ;
#5793 = EDGE_CURVE ( 'NONE', #10651, #11322, #2337, .T. ) ;
#5794 = ORIENTED_EDGE ( 'NONE', *, *, #9153, .F. ) ;
#5795 =( NAMED_UNIT ( * ) PLANE_ANGLE_UNIT ( ) SI_UNIT ( $, .RADIAN. ) );
#5796 = DIRECTION ( 'NONE',  ( -0.0000000000000000000, -0.0000000000000000000, 1.000000000000000000 ) ) ;
#5797 = EDGE_CURVE ( 'NONE', #7191, #8260, #5978, .T. ) ;
#5798 = CARTESIAN_POINT ( 'NONE',  ( 8.750000000000000000, 3.399999999999999467, -2.300000000000003375 ) ) ;
#5799 = STYLED_ITEM ( 'NONE', ( #1121 ), #11251 ) ;
#5800 = FILL_AREA_STYLE_COLOUR ( '', #10961 ) ;
#5801 = STYLED_ITEM ( 'NONE', ( #3750 ), #10571 ) ;
#5802 = CARTESIAN_POINT ( 'NONE',  ( 12.84999999999999787, 6.000000000000001776, 1.249999999999997558 ) ) ;
#5803 = ORIENTED_EDGE ( 'NONE', *, *, #9195, .T. ) ;
#5804 =( GEOMETRIC_REPRESENTATION_CONTEXT ( 3 ) GLOBAL_UNCERTAINTY_ASSIGNED_CONTEXT ( ( #371 ) ) GLOBAL_UNIT_ASSIGNED_CONTEXT ( ( #3215, #653, #1559 ) ) REPRESENTATION_CONTEXT ( 'NONE', 'WORKASPACE' ) );
#5805 = VERTEX_POINT ( 'NONE', #9577 ) ;
#5806 = PLANE ( 'NONE',  #3801 ) ;
#5807 = DIRECTION ( 'NONE',  ( -1.084202172485504237E-15, -1.000000000000000000, 0.0000000000000000000 ) ) ;
#5808 = ORIENTED_EDGE ( 'NONE', *, *, #7851, .T. ) ;
#5809 = EDGE_LOOP ( 'NONE', ( #8940, #774, #9725, #2390 ) ) ;
#5810 = VECTOR ( 'NONE', #8725, 1000.000000000000000 ) ;
#5811 = FILL_AREA_STYLE ('',( #2219 ) ) ;
#5812 = ORIENTED_EDGE ( 'NONE', *, *, #4572, .T. ) ;
#5813 = CARTESIAN_POINT ( 'NONE',  ( 4.250000000000000000, -3.399999999999999911, 0.2500000000000002220 ) ) ;
#5814 = DIRECTION ( 'NONE',  ( -0.0000000000000000000, -0.0000000000000000000, 1.000000000000000000 ) ) ;
#5815 = FILL_AREA_STYLE_COLOUR ( '', #10550 ) ;
#5816 = LINE ( 'NONE', #11066, #4617 ) ;
#5817 = LINE ( 'NONE', #2111, #6798 ) ;
#5818 = ORIENTED_EDGE ( 'NONE', *, *, #8790, .F. ) ;
#5819 = LINE ( 'NONE', #4185, #5747 ) ;
#5820 = FACE_OUTER_BOUND ( 'NONE', #1802, .T. ) ;
#5821 = CARTESIAN_POINT ( 'NONE',  ( 1.749999999999999778, 1.800000000000000044, -0.2499999999999997780 ) ) ;
#5822 = EDGE_CURVE ( 'NONE', #2960, #4340, #10658, .T. ) ;
#5823 = ORIENTED_EDGE ( 'NONE', *, *, #2593, .T. ) ;
#5824 = VECTOR ( 'NONE', #10444, 1000.000000000000000 ) ;
#5825 = FILL_AREA_STYLE_COLOUR ( '', #1863 ) ;
#5826 = LINE ( 'NONE', #3067, #1828 ) ;
#5827 = LINE ( 'NONE', #1242, #2319 ) ;
#5828 = PRESENTATION_STYLE_ASSIGNMENT (( #8422 ) ) ;
#5829 = ORIENTED_EDGE ( 'NONE', *, *, #10017, .T. ) ;
#5830 =( NAMED_UNIT ( * ) PLANE_ANGLE_UNIT ( ) SI_UNIT ( $, .RADIAN. ) );
#5831 = UNCERTAINTY_MEASURE_WITH_UNIT (LENGTH_MEASURE( 1.000000000000000082E-05 ), #1918, 'distance_accuracy_value', 'NONE');
#5832 = CARTESIAN_POINT ( 'NONE',  ( 9.250000000000001776, 3.399999999999999467, -2.050000000000001599 ) ) ;
#5833 = EDGE_LOOP ( 'NONE', ( #6741, #7299, #10230, #6333, #7647 ) ) ;
#5834 = CARTESIAN_POINT ( 'NONE',  ( 9.750000000000000000, 5.000000000000004441, 0.2500000000000002220 ) ) ;
#5835 = ORIENTED_EDGE ( 'NONE', *, *, #4427, .T. ) ;
#5836 =( LENGTH_UNIT ( ) NAMED_UNIT ( * ) SI_UNIT ( .MILLI., .METRE. ) );
#5837 = SURFACE_STYLE_FILL_AREA ( #4095 ) ;
#5838 = STYLED_ITEM ( 'NONE', ( #8145 ), #2796 ) ;
#5839 =( LENGTH_UNIT ( ) NAMED_UNIT ( * ) SI_UNIT ( .MILLI., .METRE. ) );
#5840 = DIRECTION ( 'NONE',  ( -9.103382349328301547E-49, -2.350988701644575016E-32, -1.000000000000000000 ) ) ;
#5841 = ORIENTED_EDGE ( 'NONE', *, *, #2087, .F. ) ;
#5842 = EDGE_CURVE ( 'NONE', #7644, #7635, #10714, .T. ) ;
#5843 = ORIENTED_EDGE ( 'NONE', *, *, #10356, .T. ) ;
#5844 = LINE ( 'NONE', #415, #10858 ) ;
#5845 = MECHANICAL_DESIGN_GEOMETRIC_PRESENTATION_REPRESENTATION (  '', ( #9553 ), #5472 ) ;
#5846 = EDGE_LOOP ( 'NONE', ( #1739, #10653, #10438, #8604 ) ) ;
#5847 = DIRECTION ( 'NONE',  ( 1.000000000000000000, 0.0000000000000000000, 0.0000000000000000000 ) ) ;
#5848 = DIRECTION ( 'NONE',  ( 0.0000000000000000000, 1.000000000000000000, 0.0000000000000000000 ) ) ;
#5849 = ORIENTED_EDGE ( 'NONE', *, *, #10048, .F. ) ;
#5850 = PLANE ( 'NONE',  #4922 ) ;
#5851 = PRESENTATION_STYLE_ASSIGNMENT (( #6707 ) ) ;
#5852 = LINE ( 'NONE', #7755, #738 ) ;
#5853 = MECHANICAL_DESIGN_GEOMETRIC_PRESENTATION_REPRESENTATION (  '', ( #8245 ), #3046 ) ;
#5854 = COLOUR_RGB ( '',1.000000000000000000, 0.8117647058823529438, 0.5019607843137254832 ) ;
#5855 = CARTESIAN_POINT ( 'NONE',  ( -1.949999999999999956, 3.149999999999999023, -2.050000000000001599 ) ) ;
#5856 = CARTESIAN_POINT ( 'NONE',  ( 1.299999999999999600, 0.2000000000000000389, -2.800000000000000266 ) ) ;
#5857 = DIRECTION ( 'NONE',  ( -1.000000000000000000, 5.421010862427522170E-17, 0.0000000000000000000 ) ) ;
#5858 = DIRECTION ( 'NONE',  ( 1.032573497605242224E-16, -1.000000000000000000, 0.0000000000000000000 ) ) ;
#5859 = PLANE ( 'NONE',  #4798 ) ;
#5860 = VERTEX_POINT ( 'NONE', #889 ) ;
#5861 = ORIENTED_EDGE ( 'NONE', *, *, #4007, .F. ) ;
#5862 = MECHANICAL_DESIGN_GEOMETRIC_PRESENTATION_REPRESENTATION (  '', ( #6585 ), #9381 ) ;
#5863 = CARTESIAN_POINT ( 'NONE',  ( 14.24999999999999822, -3.399999999999999911, -0.2499999999999997780 ) ) ;
#5864 = ORIENTED_EDGE ( 'NONE', *, *, #9586, .T. ) ;
#5865 = MECHANICAL_DESIGN_GEOMETRIC_PRESENTATION_REPRESENTATION (  '', ( #7710 ), #3824 ) ;
#5866 = STYLED_ITEM ( 'NONE', ( #4037 ), #1854 ) ;
#5867 =( NAMED_UNIT ( * ) SI_UNIT ( $, .STERADIAN. ) SOLID_ANGLE_UNIT ( ) );
#5868 = CARTESIAN_POINT ( 'NONE',  ( 3.750000000000000444, -3.399999999999999911, -0.2499999999999997780 ) ) ;
#5869 = ORIENTED_EDGE ( 'NONE', *, *, #11308, .T. ) ;
#5870 = DIRECTION ( 'NONE',  ( -0.0000000000000000000, -0.0000000000000000000, 1.000000000000000000 ) ) ;
#5871 = FILL_AREA_STYLE ('',( #4880 ) ) ;
#5872 = FILL_AREA_STYLE ('',( #6622 ) ) ;
#5873 = ORIENTED_EDGE ( 'NONE', *, *, #302, .F. ) ;
#5874 = LINE ( 'NONE', #11124, #9081 ) ;
#5875 = LINE ( 'NONE', #3422, #3839 ) ;
#5876 = MECHANICAL_DESIGN_GEOMETRIC_PRESENTATION_REPRESENTATION (  '', ( #10318 ), #9593 ) ;
#5877 = VERTEX_POINT ( 'NONE', #947 ) ;
#5878 = EDGE_CURVE ( 'NONE', #8738, #9907, #5454, .T. ) ;
#5879 = VECTOR ( 'NONE', #8075, 1000.000000000000000 ) ;
#5880 =( NAMED_UNIT ( * ) PLANE_ANGLE_UNIT ( ) SI_UNIT ( $, .RADIAN. ) );
#5881 =( LENGTH_UNIT ( ) NAMED_UNIT ( * ) SI_UNIT ( .MILLI., .METRE. ) );
#5882 = MECHANICAL_DESIGN_GEOMETRIC_PRESENTATION_REPRESENTATION (  '', ( #8495 ), #4035 ) ;
#5883 = ORIENTED_EDGE ( 'NONE', *, *, #2443, .F. ) ;
#5884 = ORIENTED_EDGE ( 'NONE', *, *, #7656, .F. ) ;
#5885 = SURFACE_SIDE_STYLE ('',( #5070 ) ) ;
#5886 = PLANE ( 'NONE',  #5008 ) ;
#5887 = ADVANCED_FACE ( 'NONE', ( #10491 ), #4352, .F. ) ;
#5888 = EDGE_LOOP ( 'NONE', ( #10446, #9980, #5067, #11317 ) ) ;
#5889 = SURFACE_STYLE_FILL_AREA ( #3137 ) ;
#5890 = ORIENTED_EDGE ( 'NONE', *, *, #2538, .F. ) ;
#5891 = SURFACE_STYLE_FILL_AREA ( #3207 ) ;
#5892 = DIRECTION ( 'NONE',  ( 0.0000000000000000000, 0.0000000000000000000, 1.000000000000000000 ) ) ;
#5893 = ADVANCED_FACE ( 'NONE', ( #3513 ), #1000, .T. ) ;
#5894 = STYLED_ITEM ( 'NONE', ( #882 ), #5201 ) ;
#5895 = CARTESIAN_POINT ( 'NONE',  ( 14.67999999999999794, 4.230000000000001315, 1.599999999999999867 ) ) ;
#5896 = FACE_OUTER_BOUND ( 'NONE', #1586, .T. ) ;
#5897 = CARTESIAN_POINT ( 'NONE',  ( 5.299999999999998934, 0.0000000000000000000, 1.700000000000000178 ) ) ;
#5898 = PRESENTATION_STYLE_ASSIGNMENT (( #3143 ) ) ;
#5899 = PRESENTATION_LAYER_ASSIGNMENT (  '', '', ( #3858 ) ) ;
#5900 = SURFACE_SIDE_STYLE ('',( #2318 ) ) ;
#5901 = EDGE_CURVE ( 'NONE', #4128, #7297, #6148, .T. ) ;
#5902 = VERTEX_POINT ( 'NONE', #3579 ) ;
#5903 = DIRECTION ( 'NONE',  ( -4.336808689942017736E-16, 0.0000000000000000000, -1.000000000000000000 ) ) ;
#5904 = ORIENTED_EDGE ( 'NONE', *, *, #4068, .F. ) ;
#5905 = PRESENTATION_STYLE_ASSIGNMENT (( #10305 ) ) ;
#5906 = PRESENTATION_STYLE_ASSIGNMENT (( #7567 ) ) ;
#5907 = PRESENTATION_LAYER_ASSIGNMENT (  '', '', ( #8843 ) ) ;
#5908 =( GEOMETRIC_REPRESENTATION_CONTEXT ( 3 ) GLOBAL_UNCERTAINTY_ASSIGNED_CONTEXT ( ( #1774 ) ) GLOBAL_UNIT_ASSIGNED_CONTEXT ( ( #3764, #10826, #3994 ) ) REPRESENTATION_CONTEXT ( 'NONE', 'WORKASPACE' ) );
#5909 = DIRECTION ( 'NONE',  ( 0.0000000000000000000, 0.0000000000000000000, 1.000000000000000000 ) ) ;
#5910 = PRESENTATION_STYLE_ASSIGNMENT (( #7691 ) ) ;
#5911 = DIRECTION ( 'NONE',  ( 1.000000000000000000, -5.421010862427522170E-17, 0.0000000000000000000 ) ) ;
#5912 = CARTESIAN_POINT ( 'NONE',  ( -1.350000000000000089, 1.799999999999999600, -2.350000000000001421 ) ) ;
#5913 = ORIENTED_EDGE ( 'NONE', *, *, #5259, .T. ) ;
#5914 = EDGE_LOOP ( 'NONE', ( #114, #8066, #1837, #5596 ) ) ;
#5915 = EDGE_CURVE ( 'NONE', #4862, #2367, #5340, .T. ) ;
#5916 = ORIENTED_EDGE ( 'NONE', *, *, #1779, .T. ) ;
#5917 = AXIS2_PLACEMENT_3D ( 'NONE', #4011, #1297, #10273 ) ;
#5918 = ORIENTED_EDGE ( 'NONE', *, *, #4736, .F. ) ;
#5919 = EDGE_LOOP ( 'NONE', ( #2066, #6604, #1140, #10325 ) ) ;
#5920 = DIRECTION ( 'NONE',  ( 0.0000000000000000000, 0.0000000000000000000, -1.000000000000000000 ) ) ;
#5921 = EDGE_CURVE ( 'NONE', #5530, #4688, #4735, .T. ) ;
#5922 =( LENGTH_UNIT ( ) NAMED_UNIT ( * ) SI_UNIT ( .MILLI., .METRE. ) );
#5923 = DIRECTION ( 'NONE',  ( -1.000000000000000000, 0.0000000000000000000, -0.0000000000000000000 ) ) ;
#5924 = ORIENTED_EDGE ( 'NONE', *, *, #4609, .T. ) ;
#5925 = STYLED_ITEM ( 'NONE', ( #10664 ), #8428 ) ;
#5926 = FILL_AREA_STYLE ('',( #4071 ) ) ;
#5927 = STYLED_ITEM ( 'NONE', ( #1505 ), #9358 ) ;
#5928 = LINE ( 'NONE', #7657, #2167 ) ;
#5929 = DIRECTION ( 'NONE',  ( 1.000000000000000000, -5.421010862427522170E-17, 0.0000000000000000000 ) ) ;
#5930 = FILL_AREA_STYLE_COLOUR ( '', #8519 ) ;
#5931 = LINE ( 'NONE', #6737, #6821 ) ;
#5932 = FILL_AREA_STYLE ('',( #4946 ) ) ;
#5933 = LINE ( 'NONE', #8601, #1285 ) ;
#5934 = CARTESIAN_POINT ( 'NONE',  ( 15.34999999999999964, 5.649999999999998579, 1.249999999999997558 ) ) ;
#5935 = DIRECTION ( 'NONE',  ( -4.336808689942017736E-16, 0.0000000000000000000, -1.000000000000000000 ) ) ;
#5936 = ADVANCED_FACE ( 'NONE', ( #7396 ), #1165, .F. ) ;
#5937 = ORIENTED_EDGE ( 'NONE', *, *, #4108, .T. ) ;
#5938 = ORIENTED_EDGE ( 'NONE', *, *, #4389, .T. ) ;
#5939 = CARTESIAN_POINT ( 'NONE',  ( 0.7500000000000002220, 3.399999999999999467, -2.050000000000001599 ) ) ;
#5940 = VECTOR ( 'NONE', #2479, 1000.000000000000000 ) ;
#5941 = CARTESIAN_POINT ( 'NONE',  ( 12.25000000000000000, -3.299999999999997158, 0.2500000000000002220 ) ) ;
#5942 = EDGE_CURVE ( 'NONE', #1980, #6281, #2795, .T. ) ;
#5943 = COLOUR_RGB ( '',1.000000000000000000, 0.8117647058823529438, 0.5019607843137254832 ) ;
#5944 = VERTEX_POINT ( 'NONE', #10134 ) ;
#5945 = PRESENTATION_STYLE_ASSIGNMENT (( #520 ) ) ;
#5946 = CARTESIAN_POINT ( 'NONE',  ( -1.949999999999999956, 0.0000000000000000000, -2.800000000000000266 ) ) ;
#5947 = SURFACE_SIDE_STYLE ('',( #9552 ) ) ;
#5948 = FILL_AREA_STYLE_COLOUR ( '', #4851 ) ;
#5949 = DIRECTION ( 'NONE',  ( 0.0000000000000000000, 0.0000000000000000000, 1.000000000000000000 ) ) ;
#5950 = FACE_OUTER_BOUND ( 'NONE', #7706, .T. ) ;
#5951 = VECTOR ( 'NONE', #9551, 1000.000000000000000 ) ;
#5952 = DIRECTION ( 'NONE',  ( -9.103382349328301547E-49, -2.350988701644575016E-32, -1.000000000000000000 ) ) ;
#5953 = DIRECTION ( 'NONE',  ( 1.000000000000000000, -5.421010862427522170E-17, 0.0000000000000000000 ) ) ;
#5954 = EDGE_LOOP ( 'NONE', ( #7474, #3357, #8000, #10203 ) ) ;
#5955 = EDGE_CURVE ( 'NONE', #11359, #1452, #2144, .T. ) ;
#5956 = CARTESIAN_POINT ( 'NONE',  ( 14.24999999999999822, 1.800000000000000044, -2.800000000000000266 ) ) ;
#5957 = VECTOR ( 'NONE', #8811, 1000.000000000000000 ) ;
#5958 = DIRECTION ( 'NONE',  ( 1.000000000000000000, 0.0000000000000000000, 0.0000000000000000000 ) ) ;
#5959 = ORIENTED_EDGE ( 'NONE', *, *, #9949, .F. ) ;
#5960 = CARTESIAN_POINT ( 'NONE',  ( -1.349999999999999867, 1.149999999999999911, -1.050000000000008926 ) ) ;
#5961 = FILL_AREA_STYLE ('',( #1616 ) ) ;
#5962 = MECHANICAL_DESIGN_GEOMETRIC_PRESENTATION_REPRESENTATION (  '', ( #5412 ), #6879 ) ;
#5963 = STYLED_ITEM ( 'NONE', ( #8501 ), #10696 ) ;
#5964 = ORIENTED_EDGE ( 'NONE', *, *, #1243, .F. ) ;
#5965 = EDGE_CURVE ( 'NONE', #6271, #8953, #9097, .T. ) ;
#5966 = MECHANICAL_DESIGN_GEOMETRIC_PRESENTATION_REPRESENTATION (  '', ( #5927 ), #7054 ) ;
#5967 = ADVANCED_FACE ( 'NONE', ( #8268 ), #3813, .F. ) ;
#5968 = LINE ( 'NONE', #10432, #2533 ) ;
#5969 = LINE ( 'NONE', #9456, #4415 ) ;
#5970 = ORIENTED_EDGE ( 'NONE', *, *, #7167, .F. ) ;
#5971 = VERTEX_POINT ( 'NONE', #4626 ) ;
#5972 =( GEOMETRIC_REPRESENTATION_CONTEXT ( 3 ) GLOBAL_UNCERTAINTY_ASSIGNED_CONTEXT ( ( #5552 ) ) GLOBAL_UNIT_ASSIGNED_CONTEXT ( ( #9804, #4645, #2698 ) ) REPRESENTATION_CONTEXT ( 'NONE', 'WORKASPACE' ) );
#5973 = MECHANICAL_DESIGN_GEOMETRIC_PRESENTATION_REPRESENTATION (  '', ( #5039 ), #10038 ) ;
#5974 = ORIENTED_EDGE ( 'NONE', *, *, #302, .T. ) ;
#5975 = AXIS2_PLACEMENT_3D ( 'NONE', #3914, #7442, #3797 ) ;
#5976 = FILL_AREA_STYLE ('',( #834 ) ) ;
#5977 = MECHANICAL_DESIGN_GEOMETRIC_PRESENTATION_REPRESENTATION (  '', ( #5605 ), #389 ) ;
#5978 = LINE ( 'NONE', #5106, #2521 ) ;
#5979 = EDGE_LOOP ( 'NONE', ( #4988, #10999, #7556, #719 ) ) ;
#5980 = EDGE_CURVE ( 'NONE', #7306, #4003, #8154, .T. ) ;
#5981 = PRESENTATION_LAYER_ASSIGNMENT (  '', '', ( #8746 ) ) ;
#5982 = ORIENTED_EDGE ( 'NONE', *, *, #2621, .T. ) ;
#5983 =( GEOMETRIC_REPRESENTATION_CONTEXT ( 3 ) GLOBAL_UNCERTAINTY_ASSIGNED_CONTEXT ( ( #7101 ) ) GLOBAL_UNIT_ASSIGNED_CONTEXT ( ( #2775, #5268, #818 ) ) REPRESENTATION_CONTEXT ( 'NONE', 'WORKASPACE' ) );
#5984 = FILL_AREA_STYLE_COLOUR ( '', #8185 ) ;
#5985 = PRESENTATION_LAYER_ASSIGNMENT (  '', '', ( #7446 ) ) ;
#5986 = CARTESIAN_POINT ( 'NONE',  ( 6.749999999999999112, 3.149999999999999467, -2.050000000000002043 ) ) ;
#5987 = LINE ( 'NONE', #2289, #3681 ) ;
#5988 = ORIENTED_EDGE ( 'NONE', *, *, #6929, .F. ) ;
#5989 = FILL_AREA_STYLE_COLOUR ( '', #10965 ) ;
#5990 = SURFACE_STYLE_USAGE ( .BOTH. , #9751 ) ;
#5991 = EDGE_LOOP ( 'NONE', ( #4677, #1154, #11424, #7280 ) ) ;
#5992 =( LENGTH_UNIT ( ) NAMED_UNIT ( * ) SI_UNIT ( .MILLI., .METRE. ) );
#5993 = LINE ( 'NONE', #2469, #9582 ) ;
#5994 = CARTESIAN_POINT ( 'NONE',  ( 5.299999999999998934, 0.0000000000000000000, -2.800000000000000266 ) ) ;
#5995 = COLOUR_RGB ( '',1.000000000000000000, 0.8117647058823529438, 0.5019607843137254832 ) ;
#5996 = CARTESIAN_POINT ( 'NONE',  ( 13.84999999999999787, 5.100000000000001421, 0.1500000000000008271 ) ) ;
#5997 = PLANE ( 'NONE',  #1415 ) ;
#5998 = MECHANICAL_DESIGN_GEOMETRIC_PRESENTATION_REPRESENTATION (  '', ( #8776 ), #8213 ) ;
#5999 = VERTEX_POINT ( 'NONE', #1964 ) ;
#6000 = DIRECTION ( 'NONE',  ( -1.000000000000000000, 0.0000000000000000000, 0.0000000000000000000 ) ) ;
#6001 = UNCERTAINTY_MEASURE_WITH_UNIT (LENGTH_MEASURE( 1.000000000000000082E-05 ), #9886, 'distance_accuracy_value', 'NONE');
#6002 = DIRECTION ( 'NONE',  ( 0.5773502691896258421, 0.5773502691896279515, 0.5773502691896235106 ) ) ;
#6003 = PRESENTATION_STYLE_ASSIGNMENT (( #751 ) ) ;
#6004 = ORIENTED_EDGE ( 'NONE', *, *, #187, .F. ) ;
#6005 = CARTESIAN_POINT ( 'NONE',  ( 8.250000000000000000, -3.399999999999999911, -0.2499999999999997780 ) ) ;
#6006 = PRESENTATION_STYLE_ASSIGNMENT (( #7792 ) ) ;
#6007 = DIRECTION ( 'NONE',  ( -1.000000000000000000, 3.872150616019660190E-17, -0.0000000000000000000 ) ) ;
#6008 = COLOUR_RGB ( '',1.000000000000000000, 1.000000000000000000, 1.000000000000000000 ) ;
#6009 = EDGE_LOOP ( 'NONE', ( #4323, #6089, #2554, #4787 ) ) ;
#6010 = VERTEX_POINT ( 'NONE', #2324 ) ;
#6011 = DIRECTION ( 'NONE',  ( 0.5773502691896259531, 0.5773502691896259531, 0.5773502691896253980 ) ) ;
#6012 = SURFACE_SIDE_STYLE ('',( #9558 ) ) ;
#6013 = PRESENTATION_STYLE_ASSIGNMENT (( #5781 ) ) ;
#6014 = LINE ( 'NONE', #5956, #9298 ) ;
#6015 =( GEOMETRIC_REPRESENTATION_CONTEXT ( 3 ) GLOBAL_UNCERTAINTY_ASSIGNED_CONTEXT ( ( #9020 ) ) GLOBAL_UNIT_ASSIGNED_CONTEXT ( ( #6770, #5217, #9571 ) ) REPRESENTATION_CONTEXT ( 'NONE', 'WORKASPACE' ) );
#6016 = ORIENTED_EDGE ( 'NONE', *, *, #3669, .F. ) ;
#6017 = DIRECTION ( 'NONE',  ( -0.0000000000000000000, 1.000000000000000000, 0.0000000000000000000 ) ) ;
#6018 = ORIENTED_EDGE ( 'NONE', *, *, #10214, .F. ) ;
#6019 = PRESENTATION_STYLE_ASSIGNMENT (( #7685 ) ) ;
#6020 = SURFACE_STYLE_USAGE ( .BOTH. , #9506 ) ;
#6021 = ORIENTED_EDGE ( 'NONE', *, *, #9781, .F. ) ;
#6022 = ORIENTED_EDGE ( 'NONE', *, *, #9646, .F. ) ;
#6023 = SURFACE_SIDE_STYLE ('',( #714 ) ) ;
#6024 = SURFACE_SIDE_STYLE ('',( #9105 ) ) ;
#6025 = ORIENTED_EDGE ( 'NONE', *, *, #5128, .F. ) ;
#6026 = ORIENTED_EDGE ( 'NONE', *, *, #8939, .F. ) ;
#6027 = EDGE_CURVE ( 'NONE', #2903, #10189, #11264, .T. ) ;
#6028 = LINE ( 'NONE', #725, #11232 ) ;
#6029 = COLOUR_RGB ( '',1.000000000000000000, 0.8117647058823529438, 0.5019607843137254832 ) ;
#6030 =( NAMED_UNIT ( * ) SI_UNIT ( $, .STERADIAN. ) SOLID_ANGLE_UNIT ( ) );
#6031 = LINE ( 'NONE', #3416, #3560 ) ;
#6032 = SURFACE_SIDE_STYLE ('',( #7005 ) ) ;
#6033 = VECTOR ( 'NONE', #9183, 1000.000000000000000 ) ;
#6034 =( NAMED_UNIT ( * ) PLANE_ANGLE_UNIT ( ) SI_UNIT ( $, .RADIAN. ) );
#6035 = DIRECTION ( 'NONE',  ( -0.0000000000000000000, -0.0000000000000000000, 1.000000000000000000 ) ) ;
#6036 = ORIENTED_EDGE ( 'NONE', *, *, #685, .T. ) ;
#6037 = CARTESIAN_POINT ( 'NONE',  ( -0.2500000000000004441, -3.299999999999998490, -0.2499999999999997780 ) ) ;
#6038 = EDGE_CURVE ( 'NONE', #3256, #8078, #6768, .T. ) ;
#6039 = SURFACE_SIDE_STYLE ('',( #2468 ) ) ;
#6040 = ORIENTED_EDGE ( 'NONE', *, *, #7004, .T. ) ;
#6041 = ORIENTED_EDGE ( 'NONE', *, *, #10071, .F. ) ;
#6042 = ORIENTED_EDGE ( 'NONE', *, *, #8218, .F. ) ;
#6043 = AXIS2_PLACEMENT_3D ( 'NONE', #7002, #9740, #7933 ) ;
#6044 = VERTEX_POINT ( 'NONE', #10306 ) ;
#6045 = EDGE_LOOP ( 'NONE', ( #2261, #2023, #10401, #6022 ) ) ;
#6046 = FILL_AREA_STYLE ('',( #1657 ) ) ;
#6047 = DIRECTION ( 'NONE',  ( -1.000000000000000000, 0.0000000000000000000, 0.0000000000000000000 ) ) ;
#6048 = PLANE ( 'NONE',  #7569 ) ;
#6049 = ORIENTED_EDGE ( 'NONE', *, *, #7465, .F. ) ;
#6050 = DIRECTION ( 'NONE',  ( -1.000000000000000000, 3.872150616019660190E-17, 0.0000000000000000000 ) ) ;
#6051 = CARTESIAN_POINT ( 'NONE',  ( 7.299999999999998934, 0.0000000000000000000, 1.700000000000000178 ) ) ;
#6052 = STYLED_ITEM ( 'NONE', ( #3423 ), #1673 ) ;
#6053 = VERTEX_POINT ( 'NONE', #9332 ) ;
#6054 = DIRECTION ( 'NONE',  ( -1.084202172485504237E-15, -1.000000000000000000, 0.0000000000000000000 ) ) ;
#6055 = SURFACE_SIDE_STYLE ('',( #5891 ) ) ;
#6056 = LINE ( 'NONE', #9608, #1669 ) ;
#6057 = LINE ( 'NONE', #523, #1294 ) ;
#6058 = DIRECTION ( 'NONE',  ( 1.000000000000000000, 4.517509052022923637E-16, 0.0000000000000000000 ) ) ;
#6059 = EDGE_LOOP ( 'NONE', ( #11256, #10287, #2081, #356 ) ) ;
#6060 = COLOUR_RGB ( '',1.000000000000000000, 1.000000000000000000, 1.000000000000000000 ) ;
#6061 = SURFACE_SIDE_STYLE ('',( #2544 ) ) ;
#6062 = EDGE_CURVE ( 'NONE', #6634, #3362, #10188, .T. ) ;
#6063 = CARTESIAN_POINT ( 'NONE',  ( 1.299999999999999600, 0.2000000000000000389, -2.800000000000000266 ) ) ;
#6064 = ORIENTED_EDGE ( 'NONE', *, *, #3065, .F. ) ;
#6065 = CARTESIAN_POINT ( 'NONE',  ( 4.699999999999999289, 0.1999999999999999833, -2.800000000000000266 ) ) ;
#6066 = VECTOR ( 'NONE', #1135, 1000.000000000000000 ) ;
#6067 = DIRECTION ( 'NONE',  ( -0.0000000000000000000, -0.0000000000000000000, 1.000000000000000000 ) ) ;
#6068 = COLOUR_RGB ( '',1.000000000000000000, 1.000000000000000000, 1.000000000000000000 ) ;
#6069 =( GEOMETRIC_REPRESENTATION_CONTEXT ( 3 ) GLOBAL_UNCERTAINTY_ASSIGNED_CONTEXT ( ( #9290 ) ) GLOBAL_UNIT_ASSIGNED_CONTEXT ( ( #78, #7091, #6343 ) ) REPRESENTATION_CONTEXT ( 'NONE', 'WORKASPACE' ) );
#6070 = DIRECTION ( 'NONE',  ( 0.0000000000000000000, 0.0000000000000000000, -1.000000000000000000 ) ) ;
#6071 = ADVANCED_FACE ( 'NONE', ( #9390 ), #5024, .F. ) ;
#6072 = ORIENTED_EDGE ( 'NONE', *, *, #4482, .T. ) ;
#6073 = DIRECTION ( 'NONE',  ( -0.0000000000000000000, 1.000000000000000000, -0.0000000000000000000 ) ) ;
#6074 = FACE_OUTER_BOUND ( 'NONE', #846, .T. ) ;
#6075 =( NAMED_UNIT ( * ) PLANE_ANGLE_UNIT ( ) SI_UNIT ( $, .RADIAN. ) );
#6076 = ORIENTED_EDGE ( 'NONE', *, *, #5306, .F. ) ;
#6077 = VECTOR ( 'NONE', #2395, 1000.000000000000000 ) ;
#6078 = ORIENTED_EDGE ( 'NONE', *, *, #10885, .T. ) ;
#6079 =( GEOMETRIC_REPRESENTATION_CONTEXT ( 3 ) GLOBAL_UNCERTAINTY_ASSIGNED_CONTEXT ( ( #7946 ) ) GLOBAL_UNIT_ASSIGNED_CONTEXT ( ( #9834, #8036, #7976 ) ) REPRESENTATION_CONTEXT ( 'NONE', 'WORKASPACE' ) );
#6080 = ORIENTED_EDGE ( 'NONE', *, *, #1471, .T. ) ;
#6081 = VECTOR ( 'NONE', #9475, 1000.000000000000000 ) ;
#6082 = DIRECTION ( 'NONE',  ( -4.336808689942017736E-16, 0.0000000000000000000, -1.000000000000000000 ) ) ;
#6083 = FACE_OUTER_BOUND ( 'NONE', #1494, .T. ) ;
#6084 = DIRECTION ( 'NONE',  ( 0.0000000000000000000, -1.000000000000000000, 5.782411586589358625E-16 ) ) ;
#6085 = DIRECTION ( 'NONE',  ( 1.000000000000000000, -5.421010862427522170E-17, 0.0000000000000000000 ) ) ;
#6086 = PRESENTATION_STYLE_ASSIGNMENT (( #6772 ) ) ;
#6087 = EDGE_CURVE ( 'NONE', #10416, #1560, #8508, .T. ) ;
#6088 = FACE_OUTER_BOUND ( 'NONE', #1705, .T. ) ;
#6089 = ORIENTED_EDGE ( 'NONE', *, *, #3535, .T. ) ;
#6090 = EDGE_CURVE ( 'NONE', #3024, #8686, #5852, .T. ) ;
#6091 = EDGE_CURVE ( 'NONE', #3322, #5902, #8572, .T. ) ;
#6092 = ORIENTED_EDGE ( 'NONE', *, *, #7362, .T. ) ;
#6093 = AXIS2_PLACEMENT_3D ( 'NONE', #4056, #6826, #3105 ) ;
#6094 = LINE ( 'NONE', #1631, #7129 ) ;
#6095 = CARTESIAN_POINT ( 'NONE',  ( -1.350000000000000089, 5.649999999999998579, -2.350000000000001421 ) ) ;
#6096 = UNCERTAINTY_MEASURE_WITH_UNIT (LENGTH_MEASURE( 1.000000000000000082E-05 ), #9165, 'distance_accuracy_value', 'NONE');
#6097 = CARTESIAN_POINT ( 'NONE',  ( 9.850000000000001421, -3.399999999999999911, -2.800000000000001155 ) ) ;
#6098 = CARTESIAN_POINT ( 'NONE',  ( 10.05000000000000071, -3.399999999999999911, -2.800000000000000266 ) ) ;
#6099 = ADVANCED_FACE ( 'NONE', ( #6878 ), #7514, .F. ) ;
#6100 = VERTEX_POINT ( 'NONE', #6195 ) ;
#6101 = FACE_BOUND ( 'NONE', #9387, .T. ) ;
#6102 = DIRECTION ( 'NONE',  ( 1.000000000000000000, 0.0000000000000000000, 0.0000000000000000000 ) ) ;
#6103 = UNCERTAINTY_MEASURE_WITH_UNIT (LENGTH_MEASURE( 1.000000000000000082E-05 ), #3246, 'distance_accuracy_value', 'NONE');
#6104 = SURFACE_SIDE_STYLE ('',( #3358 ) ) ;
#6105 = UNCERTAINTY_MEASURE_WITH_UNIT (LENGTH_MEASURE( 1.000000000000000082E-05 ), #3960, 'distance_accuracy_value', 'NONE');
#6106 = ADVANCED_FACE ( 'NONE', ( #5211 ), #7866, .F. ) ;
#6107 = VECTOR ( 'NONE', #2053, 1000.000000000000000 ) ;
#6108 = ADVANCED_FACE ( 'NONE', ( #8911 ), #9667, .F. ) ;
#6109 = PRESENTATION_LAYER_ASSIGNMENT (  '', '', ( #10552 ) ) ;
#6110 = SURFACE_STYLE_FILL_AREA ( #2417 ) ;
#6111 = LINE ( 'NONE', #5125, #6515 ) ;
#6112 = FILL_AREA_STYLE_COLOUR ( '', #6060 ) ;
#6113 = SURFACE_STYLE_FILL_AREA ( #6285 ) ;
#6114 = LINE ( 'NONE', #2598, #2 ) ;
#6115 = DIRECTION ( 'NONE',  ( 1.000000000000000000, -5.421010862427522170E-17, 0.0000000000000000000 ) ) ;
#6116 = LINE ( 'NONE', #16, #4273 ) ;
#6117 = VECTOR ( 'NONE', #9050, 1000.000000000000000 ) ;
#6118 = SURFACE_SIDE_STYLE ('',( #805 ) ) ;
#6119 = COLOUR_RGB ( '',1.000000000000000000, 0.8117647058823529438, 0.5019607843137254832 ) ;
#6120 = DIRECTION ( 'NONE',  ( 0.5773502691896257311, 0.5773502691896330585, 0.5773502691896186256 ) ) ;
#6121 = ORIENTED_EDGE ( 'NONE', *, *, #650, .T. ) ;
#6123 = ADVANCED_FACE ( 'NONE', ( #3569 ), #7103, .F. ) ;
#6122 = DIRECTION ( 'NONE',  ( 0.5773502691896225114, -0.5773502691896326144, -0.5773502691896220673 ) ) ;
#6124 = VECTOR ( 'NONE', #915, 1000.000000000000000 ) ;
#6125 =( GEOMETRIC_REPRESENTATION_CONTEXT ( 3 ) GLOBAL_UNCERTAINTY_ASSIGNED_CONTEXT ( ( #1136 ) ) GLOBAL_UNIT_ASSIGNED_CONTEXT ( ( #4406, #3508, #181 ) ) REPRESENTATION_CONTEXT ( 'NONE', 'WORKASPACE' ) );
#6126 = ORIENTED_EDGE ( 'NONE', *, *, #5283, .T. ) ;
#6127 = MECHANICAL_DESIGN_GEOMETRIC_PRESENTATION_REPRESENTATION (  '', ( #2188 ), #10190 ) ;
#6128 = EDGE_LOOP ( 'NONE', ( #3128, #10093, #10268, #10474 ) ) ;
#6129 = CARTESIAN_POINT ( 'NONE',  ( 15.34999999999999964, 5.649999999999998579, 1.249999999999997558 ) ) ;
#6130 = COLOUR_RGB ( '',1.000000000000000000, 1.000000000000000000, 1.000000000000000000 ) ;
#6131 = EDGE_CURVE ( 'NONE', #4000, #5902, #8973, .T. ) ;
#6132 = PLANE ( 'NONE',  #10666 ) ;
#6133 = CARTESIAN_POINT ( 'NONE',  ( 2.250000000000000000, -3.399999999999999911, 0.2500000000000002220 ) ) ;
#6134 = ORIENTED_EDGE ( 'NONE', *, *, #6182, .F. ) ;
#6135 = ORIENTED_EDGE ( 'NONE', *, *, #9128, .T. ) ;
#6136 = ORIENTED_EDGE ( 'NONE', *, *, #10211, .F. ) ;
#6137 = UNCERTAINTY_MEASURE_WITH_UNIT (LENGTH_MEASURE( 1.000000000000000082E-05 ), #8114, 'distance_accuracy_value', 'NONE');
#6138 = CARTESIAN_POINT ( 'NONE',  ( 13.29999999999999893, 0.2000000000000000389, -2.800000000000000266 ) ) ;
#6139 =( NAMED_UNIT ( * ) SI_UNIT ( $, .STERADIAN. ) SOLID_ANGLE_UNIT ( ) );
#6140 = AXIS2_PLACEMENT_3D ( 'NONE', #1335, #6648, #11096 ) ;
#6141 = PLANE ( 'NONE',  #4839 ) ;
#6142 = EDGE_LOOP ( 'NONE', ( #4838, #1348, #1150, #5177, #5752 ) ) ;
#6143 = CARTESIAN_POINT ( 'NONE',  ( -1.180000000000000382, 4.229999999999999538, 1.249999999999997558 ) ) ;
#6144 = STYLED_ITEM ( 'NONE', ( #8439 ), #202 ) ;
#6145 = COLOUR_RGB ( '',1.000000000000000000, 0.8117647058823529438, 0.5019607843137254832 ) ;
#6146 = PRESENTATION_STYLE_ASSIGNMENT (( #2514 ) ) ;
#6147 = EDGE_CURVE ( 'NONE', #9471, #8694, #241, .T. ) ;
#6148 = LINE ( 'NONE', #9682, #5957 ) ;
#6149 = VECTOR ( 'NONE', #10809, 1000.000000000000000 ) ;
#6150 = EDGE_CURVE ( 'NONE', #9663, #4368, #1952, .T. ) ;
#6151 =( NAMED_UNIT ( * ) PLANE_ANGLE_UNIT ( ) SI_UNIT ( $, .RADIAN. ) );
#6152 =( NAMED_UNIT ( * ) SI_UNIT ( $, .STERADIAN. ) SOLID_ANGLE_UNIT ( ) );
#6153 = ORIENTED_EDGE ( 'NONE', *, *, #2890, .T. ) ;
#6154 = ORIENTED_EDGE ( 'NONE', *, *, #8312, .T. ) ;
#6155 = AXIS2_PLACEMENT_3D ( 'NONE', #1549, #7740, #756 ) ;
#6156 = LINE ( 'NONE', #54, #3120 ) ;
#6157 = CIRCLE ( 'NONE', #6517, 0.4999999999999995559 ) ;
#6158 = SURFACE_SIDE_STYLE ('',( #8591 ) ) ;
#6159 = ORIENTED_EDGE ( 'NONE', *, *, #10757, .T. ) ;
#6160 = LINE ( 'NONE', #2466, #5792 ) ;
#6161 = ORIENTED_EDGE ( 'NONE', *, *, #6248, .T. ) ;
#6162 = SURFACE_STYLE_USAGE ( .BOTH. , #2113 ) ;
#6163 = FILL_AREA_STYLE ('',( #960 ) ) ;
#6164 = PRESENTATION_LAYER_ASSIGNMENT (  '', '', ( #11135 ) ) ;
#6165 = DIRECTION ( 'NONE',  ( 1.032573497605242347E-16, -1.000000000000000000, 0.0000000000000000000 ) ) ;
#6166 = VECTOR ( 'NONE', #11279, 1000.000000000000000 ) ;
#6167 = VECTOR ( 'NONE', #5434, 1000.000000000000000 ) ;
#6168 = VECTOR ( 'NONE', #8029, 1000.000000000000000 ) ;
#6169 = AXIS2_PLACEMENT_3D ( 'NONE', #8412, #4075, #9293 ) ;
#6170 = DIRECTION ( 'NONE',  ( 0.0000000000000000000, 0.0000000000000000000, -1.000000000000000000 ) ) ;
#6171 = CARTESIAN_POINT ( 'NONE',  ( 10.75000000000000000, 3.399999999999999467, -2.300000000000003375 ) ) ;
#6172 = CARTESIAN_POINT ( 'NONE',  ( -0.2500000000000002220, -3.399999999999999911, 0.2500000000000002220 ) ) ;
#6173 = EDGE_CURVE ( 'NONE', #10651, #3165, #8311, .T. ) ;
#6174 = LINE ( 'NONE', #3433, #4817 ) ;
#6175 = CARTESIAN_POINT ( 'NONE',  ( 15.94999999999999929, 1.380000000000004334, 1.700000000000000178 ) ) ;
#6176 = DIRECTION ( 'NONE',  ( -0.0000000000000000000, -0.0000000000000000000, 1.000000000000000000 ) ) ;
#6177 = EDGE_LOOP ( 'NONE', ( #7332, #831, #9378, #11155, #2746, #731 ) ) ;
#6178 =( GEOMETRIC_REPRESENTATION_CONTEXT ( 3 ) GLOBAL_UNCERTAINTY_ASSIGNED_CONTEXT ( ( #1543 ) ) GLOBAL_UNIT_ASSIGNED_CONTEXT ( ( #2357, #2187, #4025 ) ) REPRESENTATION_CONTEXT ( 'NONE', 'WORKASPACE' ) );
#6179 = VECTOR ( 'NONE', #6243, 1000.000000000000000 ) ;
#6180 = CARTESIAN_POINT ( 'NONE',  ( 7.299999999999998934, 0.2000000000000000389, -2.800000000000000266 ) ) ;
#6181 = PRESENTATION_STYLE_ASSIGNMENT (( #5538 ) ) ;
#6182 = EDGE_CURVE ( 'NONE', #5150, #1641, #3019, .T. ) ;
#6183 = ORIENTED_EDGE ( 'NONE', *, *, #11262, .T. ) ;
#6184 = LINE ( 'NONE', #8668, #10424 ) ;
#6185 = FILL_AREA_STYLE ('',( #11257 ) ) ;
#6186 = PRESENTATION_LAYER_ASSIGNMENT (  '', '', ( #2246 ) ) ;
#6187 = FACE_OUTER_BOUND ( 'NONE', #9815, .T. ) ;
#6188 = PLANE ( 'NONE',  #9476 ) ;
#6189 = DIRECTION ( 'NONE',  ( 0.5773502691896259531, 0.5773502691896259531, 0.5773502691896253980 ) ) ;
#6190 = PLANE ( 'NONE',  #7075 ) ;
#6191 = COLOUR_RGB ( '',1.000000000000000000, 0.8117647058823529438, 0.5019607843137254832 ) ;
#6192 = EDGE_CURVE ( 'NONE', #9421, #5999, #988, .T. ) ;
#6193 = UNCERTAINTY_MEASURE_WITH_UNIT (LENGTH_MEASURE( 1.000000000000000082E-05 ), #10462, 'distance_accuracy_value', 'NONE');
#6194 = ORIENTED_EDGE ( 'NONE', *, *, #101, .F. ) ;
#6195 = CARTESIAN_POINT ( 'NONE',  ( 9.750000000000000000, 1.800000000000000044, 0.2500000000000002220 ) ) ;
#6196 = EDGE_LOOP ( 'NONE', ( #8266, #788, #53, #3070 ) ) ;
#6197 = CARTESIAN_POINT ( 'NONE',  ( 0.1500000000000003830, -3.399999999999999911, -2.800000000000000266 ) ) ;
#6198 =( GEOMETRIC_REPRESENTATION_CONTEXT ( 3 ) GLOBAL_UNCERTAINTY_ASSIGNED_CONTEXT ( ( #6347 ) ) GLOBAL_UNIT_ASSIGNED_CONTEXT ( ( #3471, #11342, #11230 ) ) REPRESENTATION_CONTEXT ( 'NONE', 'WORKASPACE' ) );
#6199 =( NAMED_UNIT ( * ) SI_UNIT ( $, .STERADIAN. ) SOLID_ANGLE_UNIT ( ) );
#6200 = CARTESIAN_POINT ( 'NONE',  ( 8.750000000000000000, 1.149999999999999911, -2.350000000000001865 ) ) ;
#6201 = DIRECTION ( 'NONE',  ( 1.000000000000000000, 0.0000000000000000000, 0.0000000000000000000 ) ) ;
#6202 = DIRECTION ( 'NONE',  ( 0.0000000000000000000, -0.0000000000000000000, 1.000000000000000000 ) ) ;
#6203 = ORIENTED_EDGE ( 'NONE', *, *, #7334, .T. ) ;
#6204 = SURFACE_STYLE_FILL_AREA ( #8866 ) ;
#6205 = LINE ( 'NONE', #999, #266 ) ;
#6206 =( LENGTH_UNIT ( ) NAMED_UNIT ( * ) SI_UNIT ( .MILLI., .METRE. ) );
#6207 = VECTOR ( 'NONE', #2448, 1000.000000000000000 ) ;
#6208 = DIRECTION ( 'NONE',  ( -9.103382349328301547E-49, -2.350988701644575016E-32, -1.000000000000000000 ) ) ;
#6209 =( NAMED_UNIT ( * ) PLANE_ANGLE_UNIT ( ) SI_UNIT ( $, .RADIAN. ) );
#6210 = FILL_AREA_STYLE_COLOUR ( '', #10155 ) ;
#6211 =( LENGTH_UNIT ( ) NAMED_UNIT ( * ) SI_UNIT ( .MILLI., .METRE. ) );
#6212 = EDGE_CURVE ( 'NONE', #5608, #10254, #3917, .T. ) ;
#6213 = PRESENTATION_STYLE_ASSIGNMENT (( #8698 ) ) ;
#6214 = EDGE_LOOP ( 'NONE', ( #9917, #9134, #5918, #2773 ) ) ;
#6215 = ORIENTED_EDGE ( 'NONE', *, *, #2329, .F. ) ;
#6216 = DIRECTION ( 'NONE',  ( -9.103382349328301547E-49, -2.350988701644575016E-32, -1.000000000000000000 ) ) ;
#6217 = DIRECTION ( 'NONE',  ( -1.000000000000000000, 3.872150616019660190E-17, 0.0000000000000000000 ) ) ;
#6218 = PRESENTATION_LAYER_ASSIGNMENT (  '', '', ( #10102 ) ) ;
#6219 = ORIENTED_EDGE ( 'NONE', *, *, #944, .F. ) ;
#6220 = CARTESIAN_POINT ( 'NONE',  ( 9.750000000000000000, 5.000000000000004441, -0.2499999999999997780 ) ) ;
#6221 = DIRECTION ( 'NONE',  ( 0.0000000000000000000, 0.0000000000000000000, -1.000000000000000000 ) ) ;
#6222 = PRESENTATION_STYLE_ASSIGNMENT (( #2430 ) ) ;
#6223 = UNCERTAINTY_MEASURE_WITH_UNIT (LENGTH_MEASURE( 1.000000000000000082E-05 ), #4703, 'distance_accuracy_value', 'NONE');
#6224 = ORIENTED_EDGE ( 'NONE', *, *, #7221, .T. ) ;
#6225 = VERTEX_POINT ( 'NONE', #6579 ) ;
#6226 = STYLED_ITEM ( 'NONE', ( #2083 ), #3480 ) ;
#6227 = CARTESIAN_POINT ( 'NONE',  ( -1.033333333333324555, -2.516666666666661278, -1.033333333333322779 ) ) ;
#6228 = LINE ( 'NONE', #9760, #10723 ) ;
#6229 = DIRECTION ( 'NONE',  ( -4.336808689942017736E-16, 1.679277644031839923E-32, -1.000000000000000000 ) ) ;
#6230 = FILL_AREA_STYLE_COLOUR ( '', #9266 ) ;
#6231 = VERTEX_POINT ( 'NONE', #9030 ) ;
#6232 =( NAMED_UNIT ( * ) PLANE_ANGLE_UNIT ( ) SI_UNIT ( $, .RADIAN. ) );
#6233 =( GEOMETRIC_REPRESENTATION_CONTEXT ( 3 ) GLOBAL_UNCERTAINTY_ASSIGNED_CONTEXT ( ( #10751 ) ) GLOBAL_UNIT_ASSIGNED_CONTEXT ( ( #3503, #9029, #5321 ) ) REPRESENTATION_CONTEXT ( 'NONE', 'WORKASPACE' ) );
#6234 = CARTESIAN_POINT ( 'NONE',  ( 11.91666666666666430, 5.166666666666672292, -0.08333333333333717285 ) ) ;
#6235 = EDGE_CURVE ( 'NONE', #2110, #7003, #9947, .T. ) ;
#6236 = DIRECTION ( 'NONE',  ( 3.872150616019660190E-17, 1.000000000000000000, -0.0000000000000000000 ) ) ;
#6237 = SURFACE_STYLE_USAGE ( .BOTH. , #4267 ) ;
#6238 = EDGE_CURVE ( 'NONE', #6053, #8772, #5440, .T. ) ;
#6239 = COLOUR_RGB ( '',1.000000000000000000, 1.000000000000000000, 1.000000000000000000 ) ;
#6240 = FILL_AREA_STYLE_COLOUR ( '', #2004 ) ;
#6241 = ORIENTED_EDGE ( 'NONE', *, *, #3905, .T. ) ;
#6242 = ADVANCED_FACE ( 'NONE', ( #4721 ), #5607, .F. ) ;
#6243 = DIRECTION ( 'NONE',  ( -0.0000000000000000000, 1.000000000000000000, -0.0000000000000000000 ) ) ;
#6244 = FACE_OUTER_BOUND ( 'NONE', #6309, .T. ) ;
#6245 =( GEOMETRIC_REPRESENTATION_CONTEXT ( 3 ) GLOBAL_UNCERTAINTY_ASSIGNED_CONTEXT ( ( #8771 ) ) GLOBAL_UNIT_ASSIGNED_CONTEXT ( ( #813, #5260, #4391 ) ) REPRESENTATION_CONTEXT ( 'NONE', 'WORKASPACE' ) );
#6246 = SURFACE_STYLE_USAGE ( .BOTH. , #11434 ) ;
#6247 = FILL_AREA_STYLE ('',( #10650 ) ) ;
#6248 = EDGE_CURVE ( 'NONE', #1288, #909, #3862, .T. ) ;
#6249 = COLOUR_RGB ( '',1.000000000000000000, 1.000000000000000000, 1.000000000000000000 ) ;
#6250 = EDGE_CURVE ( 'NONE', #9942, #6797, #2366, .T. ) ;
#6251 = STYLED_ITEM ( 'NONE', ( #7328 ), #4748 ) ;
#6252 = DIRECTION ( 'NONE',  ( -0.7071067811865457964, 0.7071067811865493491, 0.0000000000000000000 ) ) ;
#6253 = FILL_AREA_STYLE ('',( #939 ) ) ;
#6254 = LINE ( 'NONE', #3509, #8921 ) ;
#6255 = VECTOR ( 'NONE', #9587, 1000.000000000000000 ) ;
#6256 = AXIS2_PLACEMENT_3D ( 'NONE', #3875, #1390, #10936 ) ;
#6257 = VERTEX_POINT ( 'NONE', #8496 ) ;
#6258 = DIRECTION ( 'NONE',  ( 0.0000000000000000000, -0.0000000000000000000, 1.000000000000000000 ) ) ;
#6259 = VECTOR ( 'NONE', #6782, 1000.000000000000000 ) ;
#6260 = COLOUR_RGB ( '',1.000000000000000000, 1.000000000000000000, 1.000000000000000000 ) ;
#6261 = PRESENTATION_LAYER_ASSIGNMENT (  '', '', ( #9206 ) ) ;
#6262 = SURFACE_STYLE_FILL_AREA ( #46 ) ;
#6263 = SURFACE_STYLE_FILL_AREA ( #10661 ) ;
#6264 = EDGE_CURVE ( 'NONE', #3529, #3500, #2250, .T. ) ;
#6265 = SURFACE_STYLE_USAGE ( .BOTH. , #1745 ) ;
#6266 = SURFACE_SIDE_STYLE ('',( #2688 ) ) ;
#6267 = ORIENTED_EDGE ( 'NONE', *, *, #965, .T. ) ;
#6268 = PLANE ( 'NONE',  #7948 ) ;
#6269 = COLOUR_RGB ( '',1.000000000000000000, 0.8117647058823529438, 0.5019607843137254832 ) ;
#6270 = DIRECTION ( 'NONE',  ( -1.000000000000000000, 5.421010862427522170E-17, 0.0000000000000000000 ) ) ;
#6271 = VERTEX_POINT ( 'NONE', #4096 ) ;
#6272 = FILL_AREA_STYLE ('',( #1749 ) ) ;
#6273 = VERTEX_POINT ( 'NONE', #11025 ) ;
#6274 = DIRECTION ( 'NONE',  ( 0.0000000000000000000, -0.0000000000000000000, 1.000000000000000000 ) ) ;
#6275 = CARTESIAN_POINT ( 'NONE',  ( 9.750000000000000000, -3.399999999999999911, -0.2499999999999997780 ) ) ;
#6276 = DIRECTION ( 'NONE',  ( 0.0000000000000000000, 0.0000000000000000000, -1.000000000000000000 ) ) ;
#6277 = UNCERTAINTY_MEASURE_WITH_UNIT (LENGTH_MEASURE( 1.000000000000000082E-05 ), #5191, 'distance_accuracy_value', 'NONE');
#6278 = ADVANCED_FACE ( 'NONE', ( #6813 ), #4905, .F. ) ;
#6279 =( NAMED_UNIT ( * ) SI_UNIT ( $, .STERADIAN. ) SOLID_ANGLE_UNIT ( ) );
#6280 = COLOUR_RGB ( '',1.000000000000000000, 0.8117647058823529438, 0.5019607843137254832 ) ;
#6281 = VERTEX_POINT ( 'NONE', #8557 ) ;
#6282 =( GEOMETRIC_REPRESENTATION_CONTEXT ( 3 ) GLOBAL_UNCERTAINTY_ASSIGNED_CONTEXT ( ( #9823 ) ) GLOBAL_UNIT_ASSIGNED_CONTEXT ( ( #4583, #3708, #9000 ) ) REPRESENTATION_CONTEXT ( 'NONE', 'WORKASPACE' ) );
#6283 = FACE_OUTER_BOUND ( 'NONE', #10901, .T. ) ;
#6284 = LINE ( 'NONE', #9807, #7435 ) ;
#6285 = FILL_AREA_STYLE ('',( #3601 ) ) ;
#6286 = LINE ( 'NONE', #1084, #3552 ) ;
#6287 = CARTESIAN_POINT ( 'NONE',  ( 15.94999999999999929, 0.0000000000000000000, 1.699999999999999289 ) ) ;
#6288 = MECHANICAL_DESIGN_GEOMETRIC_PRESENTATION_REPRESENTATION (  '', ( #4792 ), #2550 ) ;
#6289 = COLOUR_RGB ( '',1.000000000000000000, 1.000000000000000000, 1.000000000000000000 ) ;
#6290 = EDGE_CURVE ( 'NONE', #10175, #6273, #3079, .T. ) ;
#6291 = CARTESIAN_POINT ( 'NONE',  ( 15.94999999999999929, 6.000000000000000000, -0.6799999999999982725 ) ) ;
#6292 = CARTESIAN_POINT ( 'NONE',  ( -1.949999999999999734, 5.100000000000001421, -0.1500000000000021316 ) ) ;
#6293 = ADVANCED_FACE ( 'NONE', ( #5950 ), #1252, .T. ) ;
#6294 = STYLED_ITEM ( 'NONE', ( #6213 ), #8426 ) ;
#6295 = DIRECTION ( 'NONE',  ( -4.336808689942017736E-16, 0.0000000000000000000, -1.000000000000000000 ) ) ;
#6296 = EDGE_LOOP ( 'NONE', ( #5690, #4870, #2968, #10897 ) ) ;
#6297 = ORIENTED_EDGE ( 'NONE', *, *, #7004, .F. ) ;
#6298 = LINE ( 'NONE', #28, #6168 ) ;
#6299 = SURFACE_SIDE_STYLE ('',( #3741 ) ) ;
#6300 = FILL_AREA_STYLE_COLOUR ( '', #1817 ) ;
#6301 = EDGE_LOOP ( 'NONE', ( #6040, #3064, #7097, #8399 ) ) ;
#6302 = PRESENTATION_LAYER_ASSIGNMENT (  '', '', ( #10742 ) ) ;
#6303 = VECTOR ( 'NONE', #8056, 1000.000000000000000 ) ;
#6304 = VERTEX_POINT ( 'NONE', #8372 ) ;
#6305 = CARTESIAN_POINT ( 'NONE',  ( 6.749999999999999112, 3.399999999999999467, -2.350000000000001421 ) ) ;
#6306 = CARTESIAN_POINT ( 'NONE',  ( 10.75000000000000000, 3.399999999999999467, -2.350000000000001865 ) ) ;
#6307 = VECTOR ( 'NONE', #10409, 1000.000000000000000 ) ;
#6308 = VECTOR ( 'NONE', #10737, 1000.000000000000000 ) ;
#6309 = EDGE_LOOP ( 'NONE', ( #2182, #997, #9275, #10000, #4423, #7439, #8391, #1453, #9425, #8491 ) ) ;
#6310 = SURFACE_STYLE_FILL_AREA ( #10507 ) ;
#6311 = EDGE_CURVE ( 'NONE', #5877, #11040, #6757, .T. ) ;
#6312 = SURFACE_SIDE_STYLE ('',( #2516 ) ) ;
#6313 = ADVANCED_FACE ( 'NONE', ( #5896 ), #6382, .F. ) ;
#6314 = CARTESIAN_POINT ( 'NONE',  ( 15.94999999999999929, 0.8200000000000042810, 1.700000000000000178 ) ) ;
#6315 =( GEOMETRIC_REPRESENTATION_CONTEXT ( 3 ) GLOBAL_UNCERTAINTY_ASSIGNED_CONTEXT ( ( #8487 ) ) GLOBAL_UNIT_ASSIGNED_CONTEXT ( ( #6206, #8751, #5393 ) ) REPRESENTATION_CONTEXT ( 'NONE', 'WORKASPACE' ) );
#6316 = LINE ( 'NONE', #1795, #4038 ) ;
#6317 =( LENGTH_UNIT ( ) NAMED_UNIT ( * ) SI_UNIT ( .MILLI., .METRE. ) );
#6318 = CARTESIAN_POINT ( 'NONE',  ( -1.949999999999999956, 6.000000000000000000, 0.3199999999999999512 ) ) ;
#6319 = VERTEX_POINT ( 'NONE', #5410 ) ;
#6320 = FACE_OUTER_BOUND ( 'NONE', #3913, .T. ) ;
#6321 = VECTOR ( 'NONE', #7923, 1000.000000000000000 ) ;
#6322 = VERTEX_POINT ( 'NONE', #8112 ) ;
#6323 = LINE ( 'NONE', #7354, #7917 ) ;
#6324 = CARTESIAN_POINT ( 'NONE',  ( 15.34999999999999964, 4.500000000000000888, -0.6799999999999974953 ) ) ;
#6325 = VECTOR ( 'NONE', #2071, 1000.000000000000000 ) ;
#6326 = CARTESIAN_POINT ( 'NONE',  ( 5.750000000000001776, 5.000000000000004441, 0.2500000000000002220 ) ) ;
#6327 = ADVANCED_FACE ( 'NONE', ( #5134 ), #9754, .T. ) ;
#6328 = PRESENTATION_LAYER_ASSIGNMENT (  '', '', ( #9840 ) ) ;
#6329 = LINE ( 'NONE', #4533, #8745 ) ;
#6330 = AXIS2_PLACEMENT_3D ( 'NONE', #2377, #9441, #11153 ) ;
#6331 = VECTOR ( 'NONE', #7082, 1000.000000000000000 ) ;
#6332 = EDGE_LOOP ( 'NONE', ( #8760, #9056, #10731, #1924 ) ) ;
#6333 = ORIENTED_EDGE ( 'NONE', *, *, #570, .T. ) ;
#6334 =( GEOMETRIC_REPRESENTATION_CONTEXT ( 3 ) GLOBAL_UNCERTAINTY_ASSIGNED_CONTEXT ( ( #10115 ) ) GLOBAL_UNIT_ASSIGNED_CONTEXT ( ( #6433, #1139, #10527 ) ) REPRESENTATION_CONTEXT ( 'NONE', 'WORKASPACE' ) );
#6335 = SURFACE_SIDE_STYLE ('',( #1025 ) ) ;
#6336 = DIRECTION ( 'NONE',  ( 9.103382349328301547E-49, 2.350988701644575016E-32, 1.000000000000000000 ) ) ;
#6337 = PLANE ( 'NONE',  #10053 ) ;
#6338 = COLOUR_RGB ( '',1.000000000000000000, 0.8117647058823529438, 0.5019607843137254832 ) ;
#6339 = DIRECTION ( 'NONE',  ( -1.000000000000000000, 3.872150616019660190E-17, 0.0000000000000000000 ) ) ;
#6340 =( GEOMETRIC_REPRESENTATION_CONTEXT ( 3 ) GLOBAL_UNCERTAINTY_ASSIGNED_CONTEXT ( ( #1804 ) ) GLOBAL_UNIT_ASSIGNED_CONTEXT ( ( #7197, #858, #8830 ) ) REPRESENTATION_CONTEXT ( 'NONE', 'WORKASPACE' ) );
#6341 = CARTESIAN_POINT ( 'NONE',  ( -1.700000000000002620, 6.000000000000000000, 1.600000000000000755 ) ) ;
#6342 = VECTOR ( 'NONE', #11197, 1000.000000000000000 ) ;
#6343 =( NAMED_UNIT ( * ) SI_UNIT ( $, .STERADIAN. ) SOLID_ANGLE_UNIT ( ) );
#6344 = EDGE_LOOP ( 'NONE', ( #215, #4285, #7671, #864 ) ) ;
#6345 = SURFACE_SIDE_STYLE ('',( #177 ) ) ;
#6346 = DIRECTION ( 'NONE',  ( -1.000000000000000000, 0.0000000000000000000, -0.0000000000000000000 ) ) ;
#6347 = UNCERTAINTY_MEASURE_WITH_UNIT (LENGTH_MEASURE( 1.000000000000000082E-05 ), #3471, 'distance_accuracy_value', 'NONE');
#6348 = VECTOR ( 'NONE', #9150, 1000.000000000000000 ) ;
#6349 = UNCERTAINTY_MEASURE_WITH_UNIT (LENGTH_MEASURE( 1.000000000000000082E-05 ), #2531, 'distance_accuracy_value', 'NONE');
#6350 = ORIENTED_EDGE ( 'NONE', *, *, #9060, .F. ) ;
#6351 = CARTESIAN_POINT ( 'NONE',  ( 3.850000000000002309, -3.399999999999999911, -0.2499999999999997780 ) ) ;
#6352 = UNCERTAINTY_MEASURE_WITH_UNIT (LENGTH_MEASURE( 1.000000000000000082E-05 ), #4295, 'distance_accuracy_value', 'NONE');
#6353 = AXIS2_PLACEMENT_3D ( 'NONE', #9994, #5545, #9126 ) ;
#6354 = COLOUR_RGB ( '',1.000000000000000000, 1.000000000000000000, 1.000000000000000000 ) ;
#6355 = DIRECTION ( 'NONE',  ( -1.000000000000000000, 5.421010862427522170E-17, 0.0000000000000000000 ) ) ;
#6356 = MECHANICAL_DESIGN_GEOMETRIC_PRESENTATION_REPRESENTATION (  '', ( #2246 ), #8208 ) ;
#6357 = PRESENTATION_STYLE_ASSIGNMENT (( #7283 ) ) ;
#6358 = DIRECTION ( 'NONE',  ( 0.0000000000000000000, 0.0000000000000000000, -1.000000000000000000 ) ) ;
#6359 = DIRECTION ( 'NONE',  ( -1.000000000000000000, 5.421010862427522170E-17, 0.0000000000000000000 ) ) ;
#6360 = ORIENTED_EDGE ( 'NONE', *, *, #8848, .F. ) ;
#6361 = PRESENTATION_STYLE_ASSIGNMENT (( #8982 ) ) ;
#6362 =( LENGTH_UNIT ( ) NAMED_UNIT ( * ) SI_UNIT ( .MILLI., .METRE. ) );
#6363 = PRESENTATION_LAYER_ASSIGNMENT (  '', '', ( #6565 ) ) ;
#6364 =( LENGTH_UNIT ( ) NAMED_UNIT ( * ) SI_UNIT ( .MILLI., .METRE. ) );
#6365 =( NAMED_UNIT ( * ) SI_UNIT ( $, .STERADIAN. ) SOLID_ANGLE_UNIT ( ) );
#6366 = FACE_OUTER_BOUND ( 'NONE', #8228, .T. ) ;
#6367 = LINE ( 'NONE', #5457, #790 ) ;
#6368 = DIRECTION ( 'NONE',  ( 1.927470528863119542E-16, -1.000000000000000000, 0.0000000000000000000 ) ) ;
#6369 = DIRECTION ( 'NONE',  ( -0.0000000000000000000, 0.0000000000000000000, 1.000000000000000000 ) ) ;
#6370 = LINE ( 'NONE', #4687, #6117 ) ;
#6371 = ORIENTED_EDGE ( 'NONE', *, *, #10133, .T. ) ;
#6372 = EDGE_CURVE ( 'NONE', #324, #4614, #7796, .T. ) ;
#6373 = ORIENTED_EDGE ( 'NONE', *, *, #4414, .T. ) ;
#6374 = PLANE ( 'NONE',  #3081 ) ;
#6375 = VECTOR ( 'NONE', #10764, 1000.000000000000000 ) ;
#6376 = EDGE_CURVE ( 'NONE', #2713, #8859, #8051, .T. ) ;
#6377 = SURFACE_SIDE_STYLE ('',( #6431 ) ) ;
#6378 =( LENGTH_UNIT ( ) NAMED_UNIT ( * ) SI_UNIT ( .MILLI., .METRE. ) );
#6379 = FACE_OUTER_BOUND ( 'NONE', #2064, .T. ) ;
#6380 = UNCERTAINTY_MEASURE_WITH_UNIT (LENGTH_MEASURE( 1.000000000000000082E-05 ), #9650, 'distance_accuracy_value', 'NONE');
#6381 = ORIENTED_EDGE ( 'NONE', *, *, #1362, .F. ) ;
#6382 = PLANE ( 'NONE',  #6894 ) ;
#6383 = PRESENTATION_STYLE_ASSIGNMENT (( #5359 ) ) ;
#6384 =( NAMED_UNIT ( * ) PLANE_ANGLE_UNIT ( ) SI_UNIT ( $, .RADIAN. ) );
#6385 = DIRECTION ( 'NONE',  ( 0.0000000000000000000, 0.0000000000000000000, 1.000000000000000000 ) ) ;
#6386 = EDGE_CURVE ( 'NONE', #6903, #7106, #8884, .T. ) ;
#6387 = SURFACE_STYLE_FILL_AREA ( #8181 ) ;
#6388 = PRESENTATION_LAYER_ASSIGNMENT (  '', '', ( #3231 ) ) ;
#6389 =( NAMED_UNIT ( * ) SI_UNIT ( $, .STERADIAN. ) SOLID_ANGLE_UNIT ( ) );
#6390 = CARTESIAN_POINT ( 'NONE',  ( 5.250000000000000888, 3.149999999999999023, -2.050000000000001599 ) ) ;
#6391 = LINE ( 'NONE', #10857, #4778 ) ;
#6392 = ORIENTED_EDGE ( 'NONE', *, *, #2781, .T. ) ;
#6393 = CARTESIAN_POINT ( 'NONE',  ( 8.699999999999999289, 0.1999999999999999833, 1.700000000000000178 ) ) ;
#6394 = PRESENTATION_LAYER_ASSIGNMENT (  '', '', ( #9914 ) ) ;
#6395 = LINE ( 'NONE', #10746, #3568 ) ;
#6396 = FACE_OUTER_BOUND ( 'NONE', #11106, .T. ) ;
#6397 = EDGE_CURVE ( 'NONE', #2367, #528, #2697, .T. ) ;
#6398 = EDGE_LOOP ( 'NONE', ( #10132, #4046, #10801, #8813 ) ) ;
#6399 = LINE ( 'NONE', #1194, #1086 ) ;
#6400 = FILL_AREA_STYLE_COLOUR ( '', #2231 ) ;
#6401 = MECHANICAL_DESIGN_GEOMETRIC_PRESENTATION_REPRESENTATION (  '', ( #826 ), #10299 ) ;
#6402 = EDGE_LOOP ( 'NONE', ( #3435, #1402, #7010, #1059 ) ) ;
#6403 = FILL_AREA_STYLE ('',( #10003 ) ) ;
#6404 = EDGE_LOOP ( 'NONE', ( #1244, #7066, #6932, #8002 ) ) ;
#6405 = MECHANICAL_DESIGN_GEOMETRIC_PRESENTATION_REPRESENTATION (  '', ( #9755 ), #8064 ) ;
#6406 = CARTESIAN_POINT ( 'NONE',  ( 4.150000000000003020, 5.100000000000001421, -0.1500000000000021316 ) ) ;
#6407 =( NAMED_UNIT ( * ) SI_UNIT ( $, .STERADIAN. ) SOLID_ANGLE_UNIT ( ) );
#6408 = LINE ( 'NONE', #8212, #11056 ) ;
#6409 = VECTOR ( 'NONE', #11030, 1000.000000000000000 ) ;
#6410 = LINE ( 'NONE', #9960, #3040 ) ;
#6411 =( GEOMETRIC_REPRESENTATION_CONTEXT ( 3 ) GLOBAL_UNCERTAINTY_ASSIGNED_CONTEXT ( ( #7838 ) ) GLOBAL_UNIT_ASSIGNED_CONTEXT ( ( #4704, #4765, #3719 ) ) REPRESENTATION_CONTEXT ( 'NONE', 'WORKASPACE' ) );
#6412 = FILL_AREA_STYLE ('',( #887 ) ) ;
#6413 =( NAMED_UNIT ( * ) SI_UNIT ( $, .STERADIAN. ) SOLID_ANGLE_UNIT ( ) );
#6414 = CARTESIAN_POINT ( 'NONE',  ( 15.94999999999999929, 0.0000000000000000000, -2.800000000000000711 ) ) ;
#6415 = VECTOR ( 'NONE', #2802, 1000.000000000000000 ) ;
#6416 = DIRECTION ( 'NONE',  ( 0.0000000000000000000, -0.0000000000000000000, 1.000000000000000000 ) ) ;
#6417 = EDGE_CURVE ( 'NONE', #4688, #6319, #164, .T. ) ;
#6418 = FILL_AREA_STYLE_COLOUR ( '', #4979 ) ;
#6419 = UNCERTAINTY_MEASURE_WITH_UNIT (LENGTH_MEASURE( 1.000000000000000082E-05 ), #7156, 'distance_accuracy_value', 'NONE');
#6420 = COLOUR_RGB ( '',1.000000000000000000, 0.8117647058823529438, 0.5019607843137254832 ) ;
#6421 = ADVANCED_FACE ( 'NONE', ( #9555 ), #4474, .F. ) ;
#6422 = DIRECTION ( 'NONE',  ( -0.0000000000000000000, -0.0000000000000000000, 1.000000000000000000 ) ) ;
#6423 = PRESENTATION_STYLE_ASSIGNMENT (( #10996 ) ) ;
#6424 = EDGE_CURVE ( 'NONE', #10437, #1527, #4380, .T. ) ;
#6425 = ORIENTED_EDGE ( 'NONE', *, *, #8788, .F. ) ;
#6426 = ORIENTED_EDGE ( 'NONE', *, *, #6718, .F. ) ;
#6427 = FILL_AREA_STYLE ('',( #1974 ) ) ;
#6428 = MECHANICAL_DESIGN_GEOMETRIC_PRESENTATION_REPRESENTATION (  '', ( #2136 ), #9407 ) ;
#6429 = ADVANCED_FACE ( 'NONE', ( #2362 ), #5197, .F. ) ;
#6430 = VECTOR ( 'NONE', #3209, 1000.000000000000000 ) ;
#6431 = SURFACE_STYLE_FILL_AREA ( #9859 ) ;
#6432 = MECHANICAL_DESIGN_GEOMETRIC_PRESENTATION_REPRESENTATION (  '', ( #2130 ), #8474 ) ;
#6433 =( LENGTH_UNIT ( ) NAMED_UNIT ( * ) SI_UNIT ( .MILLI., .METRE. ) );
#6434 = ORIENTED_EDGE ( 'NONE', *, *, #11405, .T. ) ;
#6435 = DIRECTION ( 'NONE',  ( 3.872150616019660190E-17, 1.000000000000000000, -0.0000000000000000000 ) ) ;
#6436 = ORIENTED_EDGE ( 'NONE', *, *, #3971, .T. ) ;
#6437 = EDGE_CURVE ( 'NONE', #8637, #6225, #10293, .T. ) ;
#6438 = STYLED_ITEM ( 'NONE', ( #4908 ), #5325 ) ;
#6439 = STYLED_ITEM ( 'NONE', ( #4306 ), #4194 ) ;
#6440 = LINE ( 'NONE', #5474, #4121 ) ;
#6441 =( LENGTH_UNIT ( ) NAMED_UNIT ( * ) SI_UNIT ( .MILLI., .METRE. ) );
#6442 = CARTESIAN_POINT ( 'NONE',  ( 12.05000000000000071, -3.399999999999999911, -2.800000000000000266 ) ) ;
#6443 = DIRECTION ( 'NONE',  ( -1.000000000000000000, 0.0000000000000000000, -0.0000000000000000000 ) ) ;
#6444 = ORIENTED_EDGE ( 'NONE', *, *, #7571, .F. ) ;
#6445 = CARTESIAN_POINT ( 'NONE',  ( 13.74999999999999822, 5.000000000000000888, -0.2499999999999997780 ) ) ;
#6446 =( NAMED_UNIT ( * ) SI_UNIT ( $, .STERADIAN. ) SOLID_ANGLE_UNIT ( ) );
#6447 = VECTOR ( 'NONE', #6957, 1000.000000000000000 ) ;
#6449 = PLANE ( 'NONE',  #3652 ) ;
#6448 = STYLED_ITEM ( 'NONE', ( #6991 ), #4393 ) ;
#6450 = ADVANCED_FACE ( 'NONE', ( #5013 ), #11196, .F. ) ;
#6451 = EDGE_CURVE ( 'NONE', #8108, #2577, #6056, .T. ) ;
#6452 = LINE ( 'NONE', #1999, #7093 ) ;
#6453 = DIRECTION ( 'NONE',  ( -1.084202172485504237E-15, -1.000000000000000000, 0.0000000000000000000 ) ) ;
#6454 =( NAMED_UNIT ( * ) SI_UNIT ( $, .STERADIAN. ) SOLID_ANGLE_UNIT ( ) );
#6455 = UNCERTAINTY_MEASURE_WITH_UNIT (LENGTH_MEASURE( 1.000000000000000082E-05 ), #11145, 'distance_accuracy_value', 'NONE');
#6456 = SURFACE_STYLE_USAGE ( .BOTH. , #4776 ) ;
#6457 =( LENGTH_UNIT ( ) NAMED_UNIT ( * ) SI_UNIT ( .MILLI., .METRE. ) );
#6458 =( GEOMETRIC_REPRESENTATION_CONTEXT ( 3 ) GLOBAL_UNCERTAINTY_ASSIGNED_CONTEXT ( ( #2091 ) ) GLOBAL_UNIT_ASSIGNED_CONTEXT ( ( #5881, #3369, #515 ) ) REPRESENTATION_CONTEXT ( 'NONE', 'WORKASPACE' ) );
#6459 = ORIENTED_EDGE ( 'NONE', *, *, #4541, .F. ) ;
#6460 = PLANE ( 'NONE',  #6155 ) ;
#6461 = UNCERTAINTY_MEASURE_WITH_UNIT (LENGTH_MEASURE( 1.000000000000000082E-05 ), #2909, 'distance_accuracy_value', 'NONE');
#6462 =( NAMED_UNIT ( * ) SI_UNIT ( $, .STERADIAN. ) SOLID_ANGLE_UNIT ( ) );
#6463 = EDGE_CURVE ( 'NONE', #5634, #3821, #2760, .T. ) ;
#6464 = VECTOR ( 'NONE', #9468, 1000.000000000000114 ) ;
#6465 = FILL_AREA_STYLE ('',( #244 ) ) ;
#6466 = EDGE_LOOP ( 'NONE', ( #8449, #2263, #9164, #4024 ) ) ;
#6467 = MECHANICAL_DESIGN_GEOMETRIC_PRESENTATION_REPRESENTATION (  '', ( #7387 ), #1429 ) ;
#6468 = CARTESIAN_POINT ( 'NONE',  ( 14.24999999999999822, 5.000000000000000888, -0.2499999999999997780 ) ) ;
#6469 = FACE_OUTER_BOUND ( 'NONE', #5296, .T. ) ;
#6470 = FILL_AREA_STYLE ('',( #10928 ) ) ;
#6471 = ADVANCED_FACE ( 'NONE', ( #10047 ), #2707, .F. ) ;
#6472 = DIRECTION ( 'NONE',  ( 3.872150616019660190E-17, 1.000000000000000000, -0.0000000000000000000 ) ) ;
#6473 = VERTEX_POINT ( 'NONE', #3656 ) ;
#6474 = ORIENTED_EDGE ( 'NONE', *, *, #6147, .F. ) ;
#6475 = DIRECTION ( 'NONE',  ( -3.833233541708387274E-17, -0.7071067811865386910, -0.7071067811865564545 ) ) ;
#6476 = AXIS2_PLACEMENT_3D ( 'NONE', #6098, #4466, #7993 ) ;
#6477 = SURFACE_STYLE_FILL_AREA ( #2084 ) ;
#6478 = COLOUR_RGB ( '',1.000000000000000000, 1.000000000000000000, 1.000000000000000000 ) ;
#6479 = EDGE_CURVE ( 'NONE', #482, #4000, #5589, .T. ) ;
#6480 = CARTESIAN_POINT ( 'NONE',  ( 0.2499999999999997780, -3.399999999999999911, 0.2500000000000002220 ) ) ;
#6481 = SURFACE_STYLE_USAGE ( .BOTH. , #10993 ) ;
#6482 = DIRECTION ( 'NONE',  ( 0.0000000000000000000, -1.000000000000000000, 0.0000000000000000000 ) ) ;
#6483 = DIRECTION ( 'NONE',  ( 2.261546562329163656E-17, -1.000000000000000000, 0.0000000000000000000 ) ) ;
#6484 = DIRECTION ( 'NONE',  ( 0.0000000000000000000, -1.000000000000000000, 0.0000000000000000000 ) ) ;
#6485 = MECHANICAL_DESIGN_GEOMETRIC_PRESENTATION_REPRESENTATION (  '', ( #2186 ), #10568 ) ;
#6486 = DIRECTION ( 'NONE',  ( -0.0000000000000000000, 1.000000000000000000, -0.0000000000000000000 ) ) ;
#6487 = EDGE_LOOP ( 'NONE', ( #6153, #466, #462, #10168 ) ) ;
#6488 = STYLED_ITEM ( 'NONE', ( #2423 ), #7884 ) ;
#6489 = ORIENTED_EDGE ( 'NONE', *, *, #1779, .F. ) ;
#6490 = ORIENTED_EDGE ( 'NONE', *, *, #5043, .F. ) ;
#6491 = CARTESIAN_POINT ( 'NONE',  ( 2.966666666666668117, -2.516666666666662611, -1.033333333333332993 ) ) ;
#6492 = CARTESIAN_POINT ( 'NONE',  ( 0.0000000000000000000, -3.399999999999999911, 0.0000000000000000000 ) ) ;
#6493 = COLOUR_RGB ( '',1.000000000000000000, 1.000000000000000000, 1.000000000000000000 ) ;
#6494 = CARTESIAN_POINT ( 'NONE',  ( 7.249999999999999112, 3.149999999999999023, -2.050000000000001599 ) ) ;
#6495 = LINE ( 'NONE', #3180, #4700 ) ;
#6496 = SURFACE_STYLE_USAGE ( .BOTH. , #3055 ) ;
#6497 = CARTESIAN_POINT ( 'NONE',  ( 13.25000000000000178, 1.149999999999999911, -2.050000000000001599 ) ) ;
#6498 = DIRECTION ( 'NONE',  ( -1.000000000000000000, 0.0000000000000000000, -0.0000000000000000000 ) ) ;
#6499 = FILL_AREA_STYLE_COLOUR ( '', #6130 ) ;
#6500 = FILL_AREA_STYLE_COLOUR ( '', #7437 ) ;
#6501 = DIRECTION ( 'NONE',  ( -1.084202172485504237E-15, -1.000000000000000000, 0.0000000000000000000 ) ) ;
#6502 = CARTESIAN_POINT ( 'NONE',  ( 5.250000000000000888, 3.399999999999999467, -2.050000000000001599 ) ) ;
#6503 = PRESENTATION_LAYER_ASSIGNMENT (  '', '', ( #5412 ) ) ;
#6504 = VECTOR ( 'NONE', #5857, 1000.000000000000000 ) ;
#6505 = DIRECTION ( 'NONE',  ( 0.0000000000000000000, 1.000000000000000000, 0.0000000000000000000 ) ) ;
#6506 = PRESENTATION_LAYER_ASSIGNMENT (  '', '', ( #2766 ) ) ;
#6507 = EDGE_CURVE ( 'NONE', #11452, #115, #6286, .T. ) ;
#6508 = SURFACE_STYLE_FILL_AREA ( #8248 ) ;
#6509 = DIRECTION ( 'NONE',  ( -3.872150616019660190E-17, -1.000000000000000000, 0.0000000000000000000 ) ) ;
#6510 = SURFACE_STYLE_USAGE ( .BOTH. , #10059 ) ;
#6511 = EDGE_LOOP ( 'NONE', ( #3809, #5180, #7192, #6371, #2804 ) ) ;
#6512 =( GEOMETRIC_REPRESENTATION_CONTEXT ( 3 ) GLOBAL_UNCERTAINTY_ASSIGNED_CONTEXT ( ( #9944 ) ) GLOBAL_UNIT_ASSIGNED_CONTEXT ( ( #9207, #9158, #10825 ) ) REPRESENTATION_CONTEXT ( 'NONE', 'WORKASPACE' ) );
#6513 =( NAMED_UNIT ( * ) PLANE_ANGLE_UNIT ( ) SI_UNIT ( $, .RADIAN. ) );
#6514 = UNCERTAINTY_MEASURE_WITH_UNIT (LENGTH_MEASURE( 1.000000000000000082E-05 ), #3690, 'distance_accuracy_value', 'NONE');
#6515 = VECTOR ( 'NONE', #9599, 1000.000000000000114 ) ;
#6516 = EDGE_CURVE ( 'NONE', #7191, #6271, #6157, .T. ) ;
#6517 = AXIS2_PLACEMENT_3D ( 'NONE', #8959, #5418, #4651 ) ;
#6518 = LINE ( 'NONE', #1044, #3769 ) ;
#6519 = EDGE_LOOP ( 'NONE', ( #10371, #4061, #5074, #1440 ) ) ;
#6520 =( NAMED_UNIT ( * ) SI_UNIT ( $, .STERADIAN. ) SOLID_ANGLE_UNIT ( ) );
#6521 = ADVANCED_FACE ( 'NONE', ( #1146 ), #6337, .T. ) ;
#6522 = PRESENTATION_STYLE_ASSIGNMENT (( #464 ) ) ;
#6523 = CARTESIAN_POINT ( 'NONE',  ( -0.2500000000000002220, -3.299999999999998490, 0.2500000000000002220 ) ) ;
#6524 = VECTOR ( 'NONE', #7475, 1000.000000000000000 ) ;
#6525 = VECTOR ( 'NONE', #8875, 1000.000000000000000 ) ;
#6526 = VECTOR ( 'NONE', #7915, 1000.000000000000114 ) ;
#6527 = CARTESIAN_POINT ( 'NONE',  ( 4.699999999999999289, 0.1999999999999999833, -2.800000000000000266 ) ) ;
#6528 = VECTOR ( 'NONE', #789, 999.9999999999998863 ) ;
#6529 = PRESENTATION_STYLE_ASSIGNMENT (( #7219 ) ) ;
#6530 = ORIENTED_EDGE ( 'NONE', *, *, #5553, .T. ) ;
#6531 =( LENGTH_UNIT ( ) NAMED_UNIT ( * ) SI_UNIT ( .MILLI., .METRE. ) );
#6532 = PLANE ( 'NONE',  #6330 ) ;
#6533 = LINE ( 'NONE', #7224, #5026 ) ;
#6534 = EDGE_CURVE ( 'NONE', #2903, #10258, #7144, .T. ) ;
#6535 =( GEOMETRIC_REPRESENTATION_CONTEXT ( 3 ) GLOBAL_UNCERTAINTY_ASSIGNED_CONTEXT ( ( #987 ) ) GLOBAL_UNIT_ASSIGNED_CONTEXT ( ( #6364, #7175, #10554 ) ) REPRESENTATION_CONTEXT ( 'NONE', 'WORKASPACE' ) );
#6536 = CARTESIAN_POINT ( 'NONE',  ( -0.1500000000000021316, 5.100000000000001421, 0.1500000000000025757 ) ) ;
#6537 =( GEOMETRIC_REPRESENTATION_CONTEXT ( 3 ) GLOBAL_UNCERTAINTY_ASSIGNED_CONTEXT ( ( #2505 ) ) GLOBAL_UNIT_ASSIGNED_CONTEXT ( ( #2827, #1883, #4494 ) ) REPRESENTATION_CONTEXT ( 'NONE', 'WORKASPACE' ) );
#6538 = ORIENTED_EDGE ( 'NONE', *, *, #6424, .T. ) ;
#6539 = MECHANICAL_DESIGN_GEOMETRIC_PRESENTATION_REPRESENTATION (  '', ( #10246 ), #6178 ) ;
#6540 = CARTESIAN_POINT ( 'NONE',  ( 14.22000000000000064, 4.230000000000001315, 1.249999999999997558 ) ) ;
#6541 = VECTOR ( 'NONE', #1265, 1000.000000000000000 ) ;
#6542 =( LENGTH_UNIT ( ) NAMED_UNIT ( * ) SI_UNIT ( .MILLI., .METRE. ) );
#6543 = DIRECTION ( 'NONE',  ( 1.000000000000000000, 0.0000000000000000000, 0.0000000000000000000 ) ) ;
#6544 = CARTESIAN_POINT ( 'NONE',  ( 5.750000000000000000, -3.299999999999997158, -0.2499999999999997780 ) ) ;
#6545 = LINE ( 'NONE', #3938, #1118 ) ;
#6546 = SURFACE_SIDE_STYLE ('',( #4628 ) ) ;
#6547 = VECTOR ( 'NONE', #10677, 999.9999999999998863 ) ;
#6548 = UNCERTAINTY_MEASURE_WITH_UNIT (LENGTH_MEASURE( 1.000000000000000082E-05 ), #865, 'distance_accuracy_value', 'NONE');
#6549 = CARTESIAN_POINT ( 'NONE',  ( 7.750000000000000000, 1.800000000000000044, 0.2500000000000002220 ) ) ;
#6550 = DIRECTION ( 'NONE',  ( 0.5773502691896239547, -0.5773502691896289507, -0.5773502691896245098 ) ) ;
#6551 = CARTESIAN_POINT ( 'NONE',  ( 5.750000000000000000, 1.800000000000000044, 0.2500000000000002220 ) ) ;
#6552 = ORIENTED_EDGE ( 'NONE', *, *, #2588, .F. ) ;
#6553 = ORIENTED_EDGE ( 'NONE', *, *, #4745, .T. ) ;
#6554 =( NAMED_UNIT ( * ) PLANE_ANGLE_UNIT ( ) SI_UNIT ( $, .RADIAN. ) );
#6555 = MECHANICAL_DESIGN_GEOMETRIC_PRESENTATION_REPRESENTATION (  '', ( #9533 ), #10257 ) ;
#6556 = FILL_AREA_STYLE_COLOUR ( '', #9728 ) ;
#6557 = LINE ( 'NONE', #3888, #5011 ) ;
#6558 = VECTOR ( 'NONE', #10828, 1000.000000000000000 ) ;
#6559 = ORIENTED_EDGE ( 'NONE', *, *, #409, .F. ) ;
#6560 = CARTESIAN_POINT ( 'NONE',  ( 5.250000000000000888, 3.399999999999999467, -2.050000000000001599 ) ) ;
#6561 = ORIENTED_EDGE ( 'NONE', *, *, #9328, .T. ) ;
#6562 = LINE ( 'NONE', #3952, #5085 ) ;
#6563 =( NAMED_UNIT ( * ) PLANE_ANGLE_UNIT ( ) SI_UNIT ( $, .RADIAN. ) );
#6564 = DIRECTION ( 'NONE',  ( 9.103382349328301547E-49, 2.350988701644575016E-32, 1.000000000000000000 ) ) ;
#6565 = STYLED_ITEM ( 'NONE', ( #2400 ), #2308 ) ;
#6566 = SURFACE_SIDE_STYLE ('',( #10220 ) ) ;
#6567 = DIRECTION ( 'NONE',  ( 3.872150616019660190E-17, 1.000000000000000000, -0.0000000000000000000 ) ) ;
#6568 = CARTESIAN_POINT ( 'NONE',  ( 11.85000000000000320, -3.399999999999999911, 0.1499999999999973577 ) ) ;
#6569 = SHAPE_DEFINITION_REPRESENTATION ( #426, #5378 ) ;
#6570 = SURFACE_STYLE_USAGE ( .BOTH. , #8303 ) ;
#6571 = CARTESIAN_POINT ( 'NONE',  ( 8.250000000000000000, -3.299999999999997158, -0.2499999999999997780 ) ) ;
#6572 =( NAMED_UNIT ( * ) SI_UNIT ( $, .STERADIAN. ) SOLID_ANGLE_UNIT ( ) );
#6573 = ORIENTED_EDGE ( 'NONE', *, *, #10763, .F. ) ;
#6574 = CARTESIAN_POINT ( 'NONE',  ( 9.750000000000000000, 5.000000000000004441, -0.2499999999999997780 ) ) ;
#6575 = FACE_OUTER_BOUND ( 'NONE', #95, .T. ) ;
#6576 = EDGE_CURVE ( 'NONE', #2495, #7745, #9010, .T. ) ;
#6577 = DIRECTION ( 'NONE',  ( -3.872150616019660190E-17, -1.000000000000000000, 0.0000000000000000000 ) ) ;
#6578 = ORIENTED_EDGE ( 'NONE', *, *, #2221, .F. ) ;
#6579 = CARTESIAN_POINT ( 'NONE',  ( 3.250000000000001776, 3.400000000000000355, -2.350000000000001421 ) ) ;
#6580 = VECTOR ( 'NONE', #4350, 1000.000000000000000 ) ;
#6581 = ADVANCED_FACE ( 'NONE', ( #9470 ), #7597, .F. ) ;
#6582 =( NAMED_UNIT ( * ) SI_UNIT ( $, .STERADIAN. ) SOLID_ANGLE_UNIT ( ) );
#6583 = LINE ( 'NONE', #2842, #11216 ) ;
#6584 = ADVANCED_FACE ( 'NONE', ( #2291 ), #7658, .T. ) ;
#6585 = STYLED_ITEM ( 'NONE', ( #4399 ), #3605 ) ;
#6586 = DIRECTION ( 'NONE',  ( 3.872150616019660190E-17, 1.000000000000000000, -0.0000000000000000000 ) ) ;
#6587 = LINE ( 'NONE', #10128, #1284 ) ;
#6588 = SURFACE_STYLE_USAGE ( .BOTH. , #10984 ) ;
#6589 = EDGE_LOOP ( 'NONE', ( #9169, #9709, #2462, #11202, #4470 ) ) ;
#6590 = CARTESIAN_POINT ( 'NONE',  ( 4.750000000000000888, 3.149999999999999023, -2.050000000000001599 ) ) ;
#6591 = ORIENTED_EDGE ( 'NONE', *, *, #2685, .T. ) ;
#6592 = DIRECTION ( 'NONE',  ( 1.752245935330108674E-15, 1.000000000000000000, 0.0000000000000000000 ) ) ;
#6593 = ORIENTED_EDGE ( 'NONE', *, *, #10570, .T. ) ;
#6594 = COLOUR_RGB ( '',1.000000000000000000, 1.000000000000000000, 1.000000000000000000 ) ;
#6595 = ADVANCED_FACE ( 'NONE', ( #9235 ), #3896, .T. ) ;
#6596 = EDGE_CURVE ( 'NONE', #3529, #3227, #1585, .T. ) ;
#6597 = SURFACE_STYLE_FILL_AREA ( #1966 ) ;
#6598 = ORIENTED_EDGE ( 'NONE', *, *, #11262, .F. ) ;
#6599 = MECHANICAL_DESIGN_GEOMETRIC_PRESENTATION_REPRESENTATION (  '', ( #9017 ), #4943 ) ;
#6600 = CARTESIAN_POINT ( 'NONE',  ( 8.250000000000000000, -3.399999999999999911, -0.2499999999999997780 ) ) ;
#6601 = DIRECTION ( 'NONE',  ( -1.000000000000000000, 5.421010862427522170E-17, 0.0000000000000000000 ) ) ;
#6602 = CARTESIAN_POINT ( 'NONE',  ( 11.75000000000000000, 5.000000000000006217, 0.2500000000000002220 ) ) ;
#6603 = LINE ( 'NONE', #9396, #9459 ) ;
#6604 = ORIENTED_EDGE ( 'NONE', *, *, #3023, .T. ) ;
#6605 =( GEOMETRIC_REPRESENTATION_CONTEXT ( 3 ) GLOBAL_UNCERTAINTY_ASSIGNED_CONTEXT ( ( #9588 ) ) GLOBAL_UNIT_ASSIGNED_CONTEXT ( ( #7662, #8597, #1057 ) ) REPRESENTATION_CONTEXT ( 'NONE', 'WORKASPACE' ) );
#6606 = ORIENTED_EDGE ( 'NONE', *, *, #7499, .F. ) ;
#6607 = ORIENTED_EDGE ( 'NONE', *, *, #5045, .F. ) ;
#6608 = PRESENTATION_STYLE_ASSIGNMENT (( #3048 ) ) ;
#6609 = FILL_AREA_STYLE_COLOUR ( '', #2325 ) ;
#6610 = ORIENTED_EDGE ( 'NONE', *, *, #4332, .T. ) ;
#6611 = ORIENTED_EDGE ( 'NONE', *, *, #11211, .T. ) ;
#6612 =( GEOMETRIC_REPRESENTATION_CONTEXT ( 3 ) GLOBAL_UNCERTAINTY_ASSIGNED_CONTEXT ( ( #9578 ) ) GLOBAL_UNIT_ASSIGNED_CONTEXT ( ( #1468, #10276, #3240 ) ) REPRESENTATION_CONTEXT ( 'NONE', 'WORKASPACE' ) );
#6613 = EDGE_CURVE ( 'NONE', #2016, #10543, #8980, .T. ) ;
#6614 = CARTESIAN_POINT ( 'NONE',  ( 7.299999999999998934, 0.2000000000000000389, 1.700000000000000178 ) ) ;
#6615 =( GEOMETRIC_REPRESENTATION_CONTEXT ( 3 ) GLOBAL_UNCERTAINTY_ASSIGNED_CONTEXT ( ( #5176 ) ) GLOBAL_UNIT_ASSIGNED_CONTEXT ( ( #6542, #8324, #9331 ) ) REPRESENTATION_CONTEXT ( 'NONE', 'WORKASPACE' ) );
#6616 = ORIENTED_EDGE ( 'NONE', *, *, #5746, .F. ) ;
#6617 =( LENGTH_UNIT ( ) NAMED_UNIT ( * ) SI_UNIT ( .MILLI., .METRE. ) );
#6618 = CARTESIAN_POINT ( 'NONE',  ( 13.25000000000000178, 3.399999999999999467, -2.050000000000001599 ) ) ;
#6619 = CARTESIAN_POINT ( 'NONE',  ( 7.749999999999998224, 1.800000000000000044, -2.800000000000004707 ) ) ;
#6620 = MECHANICAL_DESIGN_GEOMETRIC_PRESENTATION_REPRESENTATION (  '', ( #9205 ), #3066 ) ;
#6621 =( NAMED_UNIT ( * ) PLANE_ANGLE_UNIT ( ) SI_UNIT ( $, .RADIAN. ) );
#6622 = FILL_AREA_STYLE_COLOUR ( '', #1296 ) ;
#6623 = EDGE_CURVE ( 'NONE', #9797, #455, #7226, .T. ) ;
#6624 = DIRECTION ( 'NONE',  ( -0.0000000000000000000, -0.0000000000000000000, 1.000000000000000000 ) ) ;
#6625 = DIRECTION ( 'NONE',  ( -1.362927481496328130E-16, 0.7071067811865451302, -0.7071067811865500152 ) ) ;
#6626 = CARTESIAN_POINT ( 'NONE',  ( 12.84999999999999787, 3.799500000000000544, -0.6005000000000103588 ) ) ;
#6627 = VECTOR ( 'NONE', #9844, 1000.000000000000000 ) ;
#6628 = CARTESIAN_POINT ( 'NONE',  ( 0.6999999999999992895, 0.1999999999999999833, -2.800000000000000266 ) ) ;
#6629 = FILL_AREA_STYLE ('',( #6745 ) ) ;
#6630 = CARTESIAN_POINT ( 'NONE',  ( 14.69999999999999751, 0.1999999999999999833, 1.700000000000000178 ) ) ;
#6631 = ORIENTED_EDGE ( 'NONE', *, *, #4696, .F. ) ;
#6632 = UNCERTAINTY_MEASURE_WITH_UNIT (LENGTH_MEASURE( 1.000000000000000082E-05 ), #2344, 'distance_accuracy_value', 'NONE');
#6633 = LINE ( 'NONE', #2359, #6861 ) ;
#6634 = VERTEX_POINT ( 'NONE', #6902 ) ;
#6635 = FILL_AREA_STYLE ('',( #3078 ) ) ;
#6636 = DIRECTION ( 'NONE',  ( 1.000000000000000000, -0.0000000000000000000, -4.845596301611194130E-17 ) ) ;
#6637 = EDGE_CURVE ( 'NONE', #2871, #586, #6160, .T. ) ;
#6638 = ORIENTED_EDGE ( 'NONE', *, *, #5729, .T. ) ;
#6639 = CARTESIAN_POINT ( 'NONE',  ( 10.69999999999999929, 0.1999999999999999833, -2.800000000000000266 ) ) ;
#6640 = VECTOR ( 'NONE', #4402, 1000.000000000000000 ) ;
#6641 = FILL_AREA_STYLE_COLOUR ( '', #1019 ) ;
#6642 = CARTESIAN_POINT ( 'NONE',  ( 6.249999999999998224, 5.000000000000004441, -0.2499999999999997780 ) ) ;
#6643 =( LENGTH_UNIT ( ) NAMED_UNIT ( * ) SI_UNIT ( .MILLI., .METRE. ) );
#6644 = PRESENTATION_STYLE_ASSIGNMENT (( #4106 ) ) ;
#6645 =( NAMED_UNIT ( * ) SI_UNIT ( $, .STERADIAN. ) SOLID_ANGLE_UNIT ( ) );
#6646 = SURFACE_SIDE_STYLE ('',( #10083 ) ) ;
#6647 = CARTESIAN_POINT ( 'NONE',  ( 7.850000000000003197, -3.399999999999999911, -0.1499999999999969136 ) ) ;
#6648 = DIRECTION ( 'NONE',  ( 0.0000000000000000000, -1.000000000000000000, 0.0000000000000000000 ) ) ;
#6649 = AXIS2_PLACEMENT_3D ( 'NONE', #786, #7835, #7063 ) ;
#6650 = ORIENTED_EDGE ( 'NONE', *, *, #2224, .T. ) ;
#6651 = VECTOR ( 'NONE', #4939, 1000.000000000000000 ) ;
#6652 = CARTESIAN_POINT ( 'NONE',  ( 12.25000000000000000, 5.000000000000006217, -0.2499999999999997780 ) ) ;
#6653 = SURFACE_STYLE_USAGE ( .BOTH. , #9160 ) ;
#6654 = CARTESIAN_POINT ( 'NONE',  ( 7.299999999999998934, 0.2000000000000000389, -2.800000000000000266 ) ) ;
#6655 = DIRECTION ( 'NONE',  ( 0.0000000000000000000, 0.0000000000000000000, 1.000000000000000000 ) ) ;
#6656 = CARTESIAN_POINT ( 'NONE',  ( 15.94999999999999929, 6.000000000000000000, 1.699999999999999289 ) ) ;
#6657 = EDGE_LOOP ( 'NONE', ( #2658, #6578, #1866, #3627 ) ) ;
#6658 = PRESENTATION_LAYER_ASSIGNMENT (  '', '', ( #6294 ) ) ;
#6659 = VERTEX_POINT ( 'NONE', #10767 ) ;
#6660 = EDGE_CURVE ( 'NONE', #1319, #2752, #149, .T. ) ;
#6661 = PRESENTATION_LAYER_ASSIGNMENT (  '', '', ( #10560 ) ) ;
#6662 = ORIENTED_EDGE ( 'NONE', *, *, #7440, .F. ) ;
#6663 = DIRECTION ( 'NONE',  ( 3.872150616019660190E-17, 1.000000000000000000, 0.0000000000000000000 ) ) ;
#6664 = LINE ( 'NONE', #10202, #7736 ) ;
#6665 = ORIENTED_EDGE ( 'NONE', *, *, #3608, .T. ) ;
#6666 = EDGE_LOOP ( 'NONE', ( #1599, #3029, #4067, #4749 ) ) ;
#6667 = VECTOR ( 'NONE', #2652, 1000.000000000000000 ) ;
#6668 = SURFACE_STYLE_USAGE ( .BOTH. , #7416 ) ;
#6669 =( LENGTH_UNIT ( ) NAMED_UNIT ( * ) SI_UNIT ( .MILLI., .METRE. ) );
#6670 = SURFACE_STYLE_USAGE ( .BOTH. , #11067 ) ;
#6671 =( NAMED_UNIT ( * ) PLANE_ANGLE_UNIT ( ) SI_UNIT ( $, .RADIAN. ) );
#6672 = EDGE_CURVE ( 'NONE', #958, #1288, #11234, .T. ) ;
#6673 = EDGE_LOOP ( 'NONE', ( #87, #1645, #10097, #377 ) ) ;
#6674 = VECTOR ( 'NONE', #9414, 1000.000000000000000 ) ;
#6675 = PRESENTATION_STYLE_ASSIGNMENT (( #2173 ) ) ;
#6676 = FILL_AREA_STYLE ('',( #6793 ) ) ;
#6677 = LINE ( 'NONE', #10337, #3088 ) ;
#6678 = ORIENTED_EDGE ( 'NONE', *, *, #10372, .T. ) ;
#6679 = ORIENTED_EDGE ( 'NONE', *, *, #10138, .F. ) ;
#6680 =( NAMED_UNIT ( * ) SI_UNIT ( $, .STERADIAN. ) SOLID_ANGLE_UNIT ( ) );
#6681 =( NAMED_UNIT ( * ) PLANE_ANGLE_UNIT ( ) SI_UNIT ( $, .RADIAN. ) );
#6682 = DIRECTION ( 'NONE',  ( -9.103382349328301547E-49, -2.350988701644575016E-32, -1.000000000000000000 ) ) ;
#6683 = STYLED_ITEM ( 'NONE', ( #5906 ), #6071 ) ;
#6684 = DIRECTION ( 'NONE',  ( 0.5773502691896267303, 0.5773502691896238437, 0.5773502691896267303 ) ) ;
#6685 = LINE ( 'NONE', #11073, #8907 ) ;
#6686 = ORIENTED_EDGE ( 'NONE', *, *, #3348, .F. ) ;
#6687 = ORIENTED_EDGE ( 'NONE', *, *, #8293, .T. ) ;
#6688 = FACE_OUTER_BOUND ( 'NONE', #1423, .T. ) ;
#6689 = DIRECTION ( 'NONE',  ( 0.0000000000000000000, 0.0000000000000000000, 1.000000000000000000 ) ) ;
#6690 = VECTOR ( 'NONE', #9561, 1000.000000000000000 ) ;
#6691 = VECTOR ( 'NONE', #4771, 1000.000000000000000 ) ;
#6692 = EDGE_LOOP ( 'NONE', ( #1953, #1128, #1292, #7754, #2191 ) ) ;
#6693 = LINE ( 'NONE', #5076, #10282 ) ;
#6694 = CARTESIAN_POINT ( 'NONE',  ( -1.949999999999999956, 4.500000000000000888, -0.1799999999999996048 ) ) ;
#6695 = VECTOR ( 'NONE', #1157, 1000.000000000000000 ) ;
#6696 = CARTESIAN_POINT ( 'NONE',  ( 11.29999999999999893, 0.2000000000000000389, -0.2499999999999997780 ) ) ;
#6697 = ORIENTED_EDGE ( 'NONE', *, *, #890, .F. ) ;
#6698 = PRESENTATION_LAYER_ASSIGNMENT (  '', '', ( #3733 ) ) ;
#6699 = STYLED_ITEM ( 'NONE', ( #9232 ), #9983 ) ;
#6700 = CARTESIAN_POINT ( 'NONE',  ( 0.9666666666666759999, -2.516666666666661278, -1.033333333333322779 ) ) ;
#6701 = FACE_OUTER_BOUND ( 'NONE', #5272, .T. ) ;
#6702 = VECTOR ( 'NONE', #2812, 1000.000000000000000 ) ;
#6703 = FILL_AREA_STYLE_COLOUR ( '', #3523 ) ;
#6704 = EDGE_CURVE ( 'NONE', #3778, #8387, #1469, .T. ) ;
#6705 =( NAMED_UNIT ( * ) SI_UNIT ( $, .STERADIAN. ) SOLID_ANGLE_UNIT ( ) );
#6706 =( GEOMETRIC_REPRESENTATION_CONTEXT ( 3 ) GLOBAL_UNCERTAINTY_ASSIGNED_CONTEXT ( ( #296 ) ) GLOBAL_UNIT_ASSIGNED_CONTEXT ( ( #10898, #3951, #8237 ) ) REPRESENTATION_CONTEXT ( 'NONE', 'WORKASPACE' ) );
#6707 = SURFACE_STYLE_USAGE ( .BOTH. , #8323 ) ;
#6708 = PRESENTATION_STYLE_ASSIGNMENT (( #7513 ) ) ;
#6709 = VECTOR ( 'NONE', #2636, 1000.000000000000000 ) ;
#6710 =( GEOMETRIC_REPRESENTATION_CONTEXT ( 3 ) GLOBAL_UNCERTAINTY_ASSIGNED_CONTEXT ( ( #4449 ) ) GLOBAL_UNIT_ASSIGNED_CONTEXT ( ( #1500, #4334, #7864 ) ) REPRESENTATION_CONTEXT ( 'NONE', 'WORKASPACE' ) );
#6711 = AXIS2_PLACEMENT_3D ( 'NONE', #8592, #8093, #8765 ) ;
#6712 = FACE_OUTER_BOUND ( 'NONE', #6956, .T. ) ;
#6713 = SURFACE_STYLE_USAGE ( .BOTH. , #3159 ) ;
#6714 = DIRECTION ( 'NONE',  ( -1.000000000000000000, 3.872150616019660190E-17, -0.0000000000000000000 ) ) ;
#6715 =( GEOMETRIC_REPRESENTATION_CONTEXT ( 3 ) GLOBAL_UNCERTAINTY_ASSIGNED_CONTEXT ( ( #2724 ) ) GLOBAL_UNIT_ASSIGNED_CONTEXT ( ( #7885, #7768, #11275 ) ) REPRESENTATION_CONTEXT ( 'NONE', 'WORKASPACE' ) );
#6716 = FILL_AREA_STYLE_COLOUR ( '', #2229 ) ;
#6717 = SURFACE_STYLE_USAGE ( .BOTH. , #6024 ) ;
#6718 = EDGE_CURVE ( 'NONE', #5805, #2876, #1844, .T. ) ;
#6719 = MECHANICAL_DESIGN_GEOMETRIC_PRESENTATION_REPRESENTATION (  '', ( #2590 ), #4831 ) ;
#6720 = DIRECTION ( 'NONE',  ( 0.0000000000000000000, -1.000000000000000000, 0.0000000000000000000 ) ) ;
#6721 = ORIENTED_EDGE ( 'NONE', *, *, #2588, .T. ) ;
#6722 = FACE_OUTER_BOUND ( 'NONE', #6764, .T. ) ;
#6723 = SURFACE_STYLE_USAGE ( .BOTH. , #8521 ) ;
#6724 = ORIENTED_EDGE ( 'NONE', *, *, #9527, .F. ) ;
#6725 = MECHANICAL_DESIGN_GEOMETRIC_PRESENTATION_REPRESENTATION (  '', ( #7277 ), #3001 ) ;
#6726 = ORIENTED_EDGE ( 'NONE', *, *, #5302, .F. ) ;
#6727 = DIRECTION ( 'NONE',  ( 1.000000000000000000, 0.0000000000000000000, -0.0000000000000000000 ) ) ;
#6728 = AXIS2_PLACEMENT_3D ( 'NONE', #10753, #10862, #6577 ) ;
#6729 = EDGE_CURVE ( 'NONE', #2828, #2052, #9640, .T. ) ;
#6730 = FILL_AREA_STYLE_COLOUR ( '', #1864 ) ;
#6731 = DIRECTION ( 'NONE',  ( -4.336808689942017736E-16, 0.0000000000000000000, -1.000000000000000000 ) ) ;
#6732 =( NAMED_UNIT ( * ) PLANE_ANGLE_UNIT ( ) SI_UNIT ( $, .RADIAN. ) );
#6733 = ADVANCED_FACE ( 'NONE', ( #682 ), #11284, .T. ) ;
#6734 = SURFACE_STYLE_USAGE ( .BOTH. , #4012 ) ;
#6735 = PRESENTATION_STYLE_ASSIGNMENT (( #11122 ) ) ;
#6736 = ORIENTED_EDGE ( 'NONE', *, *, #1224, .T. ) ;
#6737 = CARTESIAN_POINT ( 'NONE',  ( 7.750000000000000000, -3.299999999999997158, -0.2499999999999997780 ) ) ;
#6738 =( LENGTH_UNIT ( ) NAMED_UNIT ( * ) SI_UNIT ( .MILLI., .METRE. ) );
#6739 = CARTESIAN_POINT ( 'NONE',  ( 7.850000000000003197, -3.399999999999999911, -0.2499999999999997780 ) ) ;
#6740 = EDGE_LOOP ( 'NONE', ( #845, #9110, #8124, #7454 ) ) ;
#6741 = ORIENTED_EDGE ( 'NONE', *, *, #6437, .F. ) ;
#6742 = COLOUR_RGB ( '',1.000000000000000000, 0.8117647058823529438, 0.5019607843137254832 ) ;
#6743 = EDGE_CURVE ( 'NONE', #5088, #977, #6955, .T. ) ;
#6744 = SURFACE_SIDE_STYLE ('',( #1191 ) ) ;
#6745 = FILL_AREA_STYLE_COLOUR ( '', #4656 ) ;
#6746 = PRESENTATION_STYLE_ASSIGNMENT (( #3199 ) ) ;
#6747 = CARTESIAN_POINT ( 'NONE',  ( 1.250000000000000666, 3.149999999999999023, -2.050000000000001599 ) ) ;
#6748 = ORIENTED_EDGE ( 'NONE', *, *, #8280, .T. ) ;
#6749 = SURFACE_STYLE_USAGE ( .BOTH. , #5885 ) ;
#6750 = UNCERTAINTY_MEASURE_WITH_UNIT (LENGTH_MEASURE( 1.000000000000000082E-05 ), #7358, 'distance_accuracy_value', 'NONE');
#6751 =( NAMED_UNIT ( * ) PLANE_ANGLE_UNIT ( ) SI_UNIT ( $, .RADIAN. ) );
#6752 = ORIENTED_EDGE ( 'NONE', *, *, #6623, .F. ) ;
#6753 = SURFACE_SIDE_STYLE ('',( #9432 ) ) ;
#6754 = DIRECTION ( 'NONE',  ( 2.180518335725037359E-16, -1.000000000000000000, 0.0000000000000000000 ) ) ;
#6755 = PRESENTATION_LAYER_ASSIGNMENT (  '', '', ( #1519 ) ) ;
#6756 = SURFACE_SIDE_STYLE ('',( #9494 ) ) ;
#6757 = LINE ( 'NONE', #410, #379 ) ;
#6758 = ORIENTED_EDGE ( 'NONE', *, *, #3014, .F. ) ;
#6759 = CARTESIAN_POINT ( 'NONE',  ( 2.050000000000000266, -3.399999999999999911, -0.1499999999999969136 ) ) ;
#6760 = DIRECTION ( 'NONE',  ( 0.0000000000000000000, -0.0000000000000000000, 1.000000000000000000 ) ) ;
#6761 = SURFACE_STYLE_FILL_AREA ( #2438 ) ;
#6762 = SURFACE_STYLE_USAGE ( .BOTH. , #7751 ) ;
#6763 = CARTESIAN_POINT ( 'NONE',  ( 9.849999999999994316, 5.100000000000001421, -2.800000000000001155 ) ) ;
#6764 = EDGE_LOOP ( 'NONE', ( #643, #1656, #5655, #10248 ) ) ;
#6765 = VECTOR ( 'NONE', #1267, 1000.000000000000000 ) ;
#6766 = EDGE_CURVE ( 'NONE', #3929, #11167, #4361, .T. ) ;
#6767 = SURFACE_SIDE_STYLE ('',( #7686 ) ) ;
#6768 = LINE ( 'NONE', #3990, #9478 ) ;
#6769 = FILL_AREA_STYLE_COLOUR ( '', #3724 ) ;
#6770 =( LENGTH_UNIT ( ) NAMED_UNIT ( * ) SI_UNIT ( .MILLI., .METRE. ) );
#6771 =( LENGTH_UNIT ( ) NAMED_UNIT ( * ) SI_UNIT ( .MILLI., .METRE. ) );
#6772 = SURFACE_STYLE_USAGE ( .BOTH. , #11165 ) ;
#6773 = FILL_AREA_STYLE_COLOUR ( '', #11084 ) ;
#6774 = ORIENTED_EDGE ( 'NONE', *, *, #7440, .T. ) ;
#6775 = ORIENTED_EDGE ( 'NONE', *, *, #5306, .T. ) ;
#6776 = EDGE_LOOP ( 'NONE', ( #7614, #4927, #5705, #6774 ) ) ;
#6777 = DIRECTION ( 'NONE',  ( -1.362927481496328130E-16, 0.7071067811865451302, -0.7071067811865500152 ) ) ;
#6778 = VECTOR ( 'NONE', #8186, 1000.000000000000227 ) ;
#6779 =( GEOMETRIC_REPRESENTATION_CONTEXT ( 3 ) GLOBAL_UNCERTAINTY_ASSIGNED_CONTEXT ( ( #4499 ) ) GLOBAL_UNIT_ASSIGNED_CONTEXT ( ( #11263, #9666, #2383 ) ) REPRESENTATION_CONTEXT ( 'NONE', 'WORKASPACE' ) );
#6780 = ORIENTED_EDGE ( 'NONE', *, *, #3114, .T. ) ;
#6781 = DIRECTION ( 'NONE',  ( -3.833233541708433496E-17, -0.7071067811865472397, 0.7071067811865479058 ) ) ;
#6782 = DIRECTION ( 'NONE',  ( -1.000000000000000000, 5.421010862427522170E-17, 0.0000000000000000000 ) ) ;
#6783 = PRODUCT_DEFINITION_CONTEXT ( 'detailed design', #5618, 'design' ) ;
#6784 = EDGE_CURVE ( 'NONE', #5287, #4087, #10816, .T. ) ;
#6785 = CARTESIAN_POINT ( 'NONE',  ( 15.94999999999999929, 0.8200000000000042810, 1.300000000000000044 ) ) ;
#6786 = VECTOR ( 'NONE', #3315, 1000.000000000000000 ) ;
#6787 = PRESENTATION_STYLE_ASSIGNMENT (( #5172 ) ) ;
#6788 = LINE ( 'NONE', #6619, #5366 ) ;
#6789 = DIRECTION ( 'NONE',  ( -1.000000000000000000, -0.0000000000000000000, -0.0000000000000000000 ) ) ;
#6790 = CARTESIAN_POINT ( 'NONE',  ( -1.951000000000000956, 6.000000000000000000, 0.3199999999999982303 ) ) ;
#6791 = SURFACE_SIDE_STYLE ('',( #7715 ) ) ;
#6792 = FACE_OUTER_BOUND ( 'NONE', #964, .T. ) ;
#6793 = FILL_AREA_STYLE_COLOUR ( '', #283 ) ;
#6794 = AXIS2_PLACEMENT_3D ( 'NONE', #3430, #6369, #8711 ) ;
#6795 = DIRECTION ( 'NONE',  ( -0.0000000000000000000, -0.0000000000000000000, -1.000000000000000000 ) ) ;
#6796 = FILL_AREA_STYLE ('',( #9648 ) ) ;
#6797 = VERTEX_POINT ( 'NONE', #9260 ) ;
#6798 = VECTOR ( 'NONE', #7480, 1000.000000000000000 ) ;
#6799 = ORIENTED_EDGE ( 'NONE', *, *, #6397, .T. ) ;
#6800 = CARTESIAN_POINT ( 'NONE',  ( 12.25000000000000000, 1.800000000000000044, -0.2499999999999997780 ) ) ;
#6801 = UNCERTAINTY_MEASURE_WITH_UNIT (LENGTH_MEASURE( 1.000000000000000082E-05 ), #6643, 'distance_accuracy_value', 'NONE');
#6802 = DIRECTION ( 'NONE',  ( -0.7071067811865457964, 0.7071067811865493491, 0.0000000000000000000 ) ) ;
#6803 = CARTESIAN_POINT ( 'NONE',  ( -1.350000000000000089, 5.649999999999998579, 1.249999999999997558 ) ) ;
#6804 = EDGE_CURVE ( 'NONE', #5902, #664, #249, .T. ) ;
#6805 = STYLED_ITEM ( 'NONE', ( #11057 ), #5688 ) ;
#6806 = PRESENTATION_STYLE_ASSIGNMENT (( #7791 ) ) ;
#6807 = CARTESIAN_POINT ( 'NONE',  ( -1.949999999999999956, 0.0000000000000000000, -2.800000000000000266 ) ) ;
#6808 = SURFACE_SIDE_STYLE ('',( #8555 ) ) ;
#6809 = EDGE_CURVE ( 'NONE', #3255, #2546, #7508, .T. ) ;
#6810 = COLOUR_RGB ( '',1.000000000000000000, 0.8117647058823529438, 0.5019607843137254832 ) ;
#6812 = DIRECTION ( 'NONE',  ( -0.0000000000000000000, -0.0000000000000000000, 1.000000000000000000 ) ) ;
#6811 = STYLED_ITEM ( 'NONE', ( #1149 ), #3855 ) ;
#6813 = FACE_OUTER_BOUND ( 'NONE', #9157, .T. ) ;
#6814 = DIRECTION ( 'NONE',  ( 0.0000000000000000000, -1.000000000000000000, 0.0000000000000000000 ) ) ;
#6815 = SURFACE_SIDE_STYLE ('',( #4906 ) ) ;
#6816 = VECTOR ( 'NONE', #1261, 1000.000000000000000 ) ;
#6817 = DIRECTION ( 'NONE',  ( 3.872150616019660190E-17, 1.000000000000000000, -0.0000000000000000000 ) ) ;
#6818 = COLOUR_RGB ( '',1.000000000000000000, 1.000000000000000000, 1.000000000000000000 ) ;
#6819 = LINE ( 'NONE', #3216, #5303 ) ;
#6820 = ADVANCED_FACE ( 'NONE', ( #9093 ), #7288, .F. ) ;
#6821 = VECTOR ( 'NONE', #9415, 1000.000000000000000 ) ;
#6822 = ORIENTED_EDGE ( 'NONE', *, *, #9153, .T. ) ;
#6823 = PRESENTATION_LAYER_ASSIGNMENT (  '', '', ( #6448 ) ) ;
#6824 = ORIENTED_EDGE ( 'NONE', *, *, #6534, .T. ) ;
#6825 = PLANE ( 'NONE',  #1655 ) ;
#6826 = DIRECTION ( 'NONE',  ( -4.845596301611193514E-17, 0.0000000000000000000, -1.000000000000000000 ) ) ;
#6827 = LINE ( 'NONE', #4229, #6207 ) ;
#6828 = EDGE_CURVE ( 'NONE', #2306, #9560, #2140, .T. ) ;
#6829 = FACE_OUTER_BOUND ( 'NONE', #7797, .T. ) ;
#6830 = PRESENTATION_STYLE_ASSIGNMENT (( #6717 ) ) ;
#6831 = PRESENTATION_STYLE_ASSIGNMENT (( #7643 ) ) ;
#6832 = ORIENTED_EDGE ( 'NONE', *, *, #2470, .F. ) ;
#6833 = ORIENTED_EDGE ( 'NONE', *, *, #6090, .T. ) ;
#6834 = ORIENTED_EDGE ( 'NONE', *, *, #5335, .F. ) ;
#6835 = LINE ( 'NONE', #6143, #2093 ) ;
#6836 = EDGE_LOOP ( 'NONE', ( #3697, #7927, #4177, #5270 ) ) ;
#6837 = STYLED_ITEM ( 'NONE', ( #5053 ), #8330 ) ;
#6838 = SURFACE_SIDE_STYLE ('',( #9523 ) ) ;
#6839 = ORIENTED_EDGE ( 'NONE', *, *, #2224, .F. ) ;
#6840 = EDGE_LOOP ( 'NONE', ( #1283, #5411, #7673, #10135 ) ) ;
#6841 = DIRECTION ( 'NONE',  ( 0.7071067811865490160, -0.7071067811865460184, 4.088782444488989813E-16 ) ) ;
#6842 = SURFACE_SIDE_STYLE ('',( #11343 ) ) ;
#6843 = PLANE ( 'NONE',  #5917 ) ;
#6844 = AXIS2_PLACEMENT_3D ( 'NONE', #1801, #787, #8935 ) ;
#6845 = LINE ( 'NONE', #679, #345 ) ;
#6846 = FILL_AREA_STYLE ('',( #3295 ) ) ;
#6847 = DIRECTION ( 'NONE',  ( 1.000000000000000000, 0.0000000000000000000, 0.0000000000000000000 ) ) ;
#6848 = ORIENTED_EDGE ( 'NONE', *, *, #689, .T. ) ;
#6849 = ORIENTED_EDGE ( 'NONE', *, *, #4192, .T. ) ;
#6850 = EDGE_CURVE ( 'NONE', #8337, #2873, #3808, .T. ) ;
#6851 = DIRECTION ( 'NONE',  ( 0.0000000000000000000, -0.0000000000000000000, -1.000000000000000000 ) ) ;
#6852 = SURFACE_STYLE_FILL_AREA ( #5932 ) ;
#6853 = EDGE_LOOP ( 'NONE', ( #6610, #271, #6036, #10237 ) ) ;
#6854 = FACE_OUTER_BOUND ( 'NONE', #8150, .T. ) ;
#6855 = CARTESIAN_POINT ( 'NONE',  ( 1.750000000000000222, -3.399999999999999911, 0.2500000000000002220 ) ) ;
#6856 = LINE ( 'NONE', #6747, #9086 ) ;
#6857 = ORIENTED_EDGE ( 'NONE', *, *, #9040, .F. ) ;
#6858 = STYLED_ITEM ( 'NONE', ( #5247 ), #532 ) ;
#6859 = ORIENTED_EDGE ( 'NONE', *, *, #6250, .F. ) ;
#6860 = DIRECTION ( 'NONE',  ( 1.000000000000000000, 0.0000000000000000000, 0.0000000000000000000 ) ) ;
#6861 = VECTOR ( 'NONE', #461, 1000.000000000000000 ) ;
#6862 = VECTOR ( 'NONE', #7953, 1000.000000000000114 ) ;
#6863 = LINE ( 'NONE', #6915, #2382 ) ;
#6864 = CARTESIAN_POINT ( 'NONE',  ( 11.75000000000000000, -3.399999999999999911, 0.2500000000000002220 ) ) ;
#6865 = CARTESIAN_POINT ( 'NONE',  ( 12.75000000000000178, 3.399999999999999467, -2.050000000000001599 ) ) ;
#6866 = DIRECTION ( 'NONE',  ( 1.000000000000000000, -5.421010862427522170E-17, 0.0000000000000000000 ) ) ;
#6867 = CARTESIAN_POINT ( 'NONE',  ( -1.949999999999999956, 6.000000000000000000, 1.700000000000000178 ) ) ;
#6868 =( GEOMETRIC_REPRESENTATION_CONTEXT ( 3 ) GLOBAL_UNCERTAINTY_ASSIGNED_CONTEXT ( ( #3013 ) ) GLOBAL_UNIT_ASSIGNED_CONTEXT ( ( #9448, #2384, #4978 ) ) REPRESENTATION_CONTEXT ( 'NONE', 'WORKASPACE' ) );
#6869 = PRESENTATION_STYLE_ASSIGNMENT (( #1606 ) ) ;
#6870 = EDGE_CURVE ( 'NONE', #1399, #11296, #2022, .T. ) ;
#6871 = CARTESIAN_POINT ( 'NONE',  ( -0.2500000000000000000, 5.000000000000000888, -0.2499999999999997780 ) ) ;
#6872 = EDGE_CURVE ( 'NONE', #7775, #6634, #3872, .T. ) ;
#6873 = CARTESIAN_POINT ( 'NONE',  ( 15.94999999999999929, 0.0000000000000000000, 1.699999999999999289 ) ) ;
#6874 = PLANE ( 'NONE',  #1104 ) ;
#6875 =( GEOMETRIC_REPRESENTATION_CONTEXT ( 3 ) GLOBAL_UNCERTAINTY_ASSIGNED_CONTEXT ( ( #1246 ) ) GLOBAL_UNIT_ASSIGNED_CONTEXT ( ( #2620, #6075, #7971 ) ) REPRESENTATION_CONTEXT ( 'NONE', 'WORKASPACE' ) );
#6876 = FACE_OUTER_BOUND ( 'NONE', #5523, .T. ) ;
#6877 = DIRECTION ( 'NONE',  ( -3.833233541708433496E-17, -0.7071067811865472397, 0.7071067811865479058 ) ) ;
#6878 = FACE_OUTER_BOUND ( 'NONE', #2639, .T. ) ;
#6879 =( GEOMETRIC_REPRESENTATION_CONTEXT ( 3 ) GLOBAL_UNCERTAINTY_ASSIGNED_CONTEXT ( ( #10494 ) ) GLOBAL_UNIT_ASSIGNED_CONTEXT ( ( #2785, #8318, #4731 ) ) REPRESENTATION_CONTEXT ( 'NONE', 'WORKASPACE' ) );
#6880 = VECTOR ( 'NONE', #4739, 1000.000000000000000 ) ;
#6881 = VECTOR ( 'NONE', #8481, 1000.000000000000000 ) ;
#6882 = COLOUR_RGB ( '',1.000000000000000000, 1.000000000000000000, 1.000000000000000000 ) ;
#6883 =( NAMED_UNIT ( * ) PLANE_ANGLE_UNIT ( ) SI_UNIT ( $, .RADIAN. ) );
#6884 = CARTESIAN_POINT ( 'NONE',  ( 11.29999999999999893, 0.0000000000000000000, -2.800000000000000266 ) ) ;
#6885 = EDGE_CURVE ( 'NONE', #5944, #340, #3091, .T. ) ;
#6886 = PRESENTATION_STYLE_ASSIGNMENT (( #4345 ) ) ;
#6887 = FILL_AREA_STYLE ('',( #6716 ) ) ;
#6888 = CARTESIAN_POINT ( 'NONE',  ( 7.299999999999998934, 0.2000000000000000389, 1.700000000000000178 ) ) ;
#6889 = EDGE_LOOP ( 'NONE', ( #2358, #1027, #4233, #5982 ) ) ;
#6890 = STYLED_ITEM ( 'NONE', ( #6383 ), #10899 ) ;
#6891 = ORIENTED_EDGE ( 'NONE', *, *, #9781, .T. ) ;
#6892 = CARTESIAN_POINT ( 'NONE',  ( 5.849999999999996092, 5.100000000000001421, 0.1500000000000042966 ) ) ;
#6893 = CARTESIAN_POINT ( 'NONE',  ( 0.7500000000000002220, 3.149999999999999023, -2.050000000000001599 ) ) ;
#6894 = AXIS2_PLACEMENT_3D ( 'NONE', #8666, #1807, #3709 ) ;
#6895 = UNCERTAINTY_MEASURE_WITH_UNIT (LENGTH_MEASURE( 1.000000000000000082E-05 ), #7315, 'distance_accuracy_value', 'NONE');
#6896 = VERTEX_POINT ( 'NONE', #4622 ) ;
#6897 = STYLED_ITEM ( 'NONE', ( #759 ), #11361 ) ;
#6898 = LINE ( 'NONE', #5229, #5824 ) ;
#6899 = AXIS2_PLACEMENT_3D ( 'NONE', #3355, #5178, #8702 ) ;
#6900 = LINE ( 'NONE', #10389, #3885 ) ;
#6901 = UNCERTAINTY_MEASURE_WITH_UNIT (LENGTH_MEASURE( 1.000000000000000082E-05 ), #9447, 'distance_accuracy_value', 'NONE');
#6902 = CARTESIAN_POINT ( 'NONE',  ( 9.250000000000001776, 1.149999999999999911, -2.350000000000001865 ) ) ;
#6903 = VERTEX_POINT ( 'NONE', #6536 ) ;
#6904 =( GEOMETRIC_REPRESENTATION_CONTEXT ( 3 ) GLOBAL_UNCERTAINTY_ASSIGNED_CONTEXT ( ( #3290 ) ) GLOBAL_UNIT_ASSIGNED_CONTEXT ( ( #4493, #1038, #8071 ) ) REPRESENTATION_CONTEXT ( 'NONE', 'WORKASPACE' ) );
#6905 =( LENGTH_UNIT ( ) NAMED_UNIT ( * ) SI_UNIT ( .MILLI., .METRE. ) );
#6906 = DIRECTION ( 'NONE',  ( 9.103382349328301547E-49, 2.350988701644575016E-32, 1.000000000000000000 ) ) ;
#6907 = CARTESIAN_POINT ( 'NONE',  ( 8.050000000000000711, -3.399999999999999911, -2.800000000000000266 ) ) ;
#6908 = STYLED_ITEM ( 'NONE', ( #7913 ), #7067 ) ;
#6909 = UNCERTAINTY_MEASURE_WITH_UNIT (LENGTH_MEASURE( 1.000000000000000082E-05 ), #8263, 'distance_accuracy_value', 'NONE');
#6910 = EDGE_CURVE ( 'NONE', #2752, #1981, #9041, .T. ) ;
#6911 = SURFACE_STYLE_USAGE ( .BOTH. , #11185 ) ;
#6912 = ADVANCED_FACE ( 'NONE', ( #10079, #2080 ), #1208, .F. ) ;
#6913 = VECTOR ( 'NONE', #9285, 1000.000000000000000 ) ;
#6914 = CARTESIAN_POINT ( 'NONE',  ( 7.299999999999998934, 0.2000000000000000389, -2.800000000000000266 ) ) ;
#6915 = CARTESIAN_POINT ( 'NONE',  ( -1.350000000000000089, 6.000000000000000000, 0.3199999999999999512 ) ) ;
#6916 = ORIENTED_EDGE ( 'NONE', *, *, #2664, .T. ) ;
#6917 = CARTESIAN_POINT ( 'NONE',  ( 9.299999999999998934, 0.2000000000000000389, 1.700000000000000178 ) ) ;
#6918 =( NAMED_UNIT ( * ) SI_UNIT ( $, .STERADIAN. ) SOLID_ANGLE_UNIT ( ) );
#6919 = DIRECTION ( 'NONE',  ( 0.5773502691896206240, -0.5773502691896356120, -0.5773502691896211791 ) ) ;
#6920 = CARTESIAN_POINT ( 'NONE',  ( 7.299999999999998934, 0.2000000000000000389, -0.2499999999999997780 ) ) ;
#6921 =( NAMED_UNIT ( * ) PLANE_ANGLE_UNIT ( ) SI_UNIT ( $, .RADIAN. ) );
#6922 = EDGE_LOOP ( 'NONE', ( #5109, #10199, #10125, #6687 ) ) ;
#6923 = FILL_AREA_STYLE ('',( #1609 ) ) ;
#6924 = FACE_OUTER_BOUND ( 'NONE', #10252, .T. ) ;
#6925 = ADVANCED_FACE ( 'NONE', ( #3328 ), #600, .F. ) ;
#6926 = DIRECTION ( 'NONE',  ( 0.0000000000000000000, -0.0000000000000000000, 1.000000000000000000 ) ) ;
#6927 = PLANE ( 'NONE',  #9738 ) ;
#6928 = DIRECTION ( 'NONE',  ( -0.0000000000000000000, 0.0000000000000000000, 1.000000000000000000 ) ) ;
#6929 = EDGE_CURVE ( 'NONE', #4917, #9063, #3149, .T. ) ;
#6930 = PRESENTATION_LAYER_ASSIGNMENT (  '', '', ( #5288 ) ) ;
#6931 = ORIENTED_EDGE ( 'NONE', *, *, #8306, .F. ) ;
#6932 = ORIENTED_EDGE ( 'NONE', *, *, #8081, .T. ) ;
#6933 = CARTESIAN_POINT ( 'NONE',  ( 2.250000000000000000, -3.299999999999998490, -0.2499999999999997780 ) ) ;
#6934 = UNCERTAINTY_MEASURE_WITH_UNIT (LENGTH_MEASURE( 1.000000000000000082E-05 ), #6617, 'distance_accuracy_value', 'NONE');
#6935 = FACE_OUTER_BOUND ( 'NONE', #9824, .T. ) ;
#6936 = DIRECTION ( 'NONE',  ( -3.833233541708387274E-17, -0.7071067811865386910, -0.7071067811865564545 ) ) ;
#6937 = DIRECTION ( 'NONE',  ( -0.0000000000000000000, -0.0000000000000000000, 1.000000000000000000 ) ) ;
#6938 = FILL_AREA_STYLE_COLOUR ( '', #1798 ) ;
#6939 = ORIENTED_EDGE ( 'NONE', *, *, #5449, .F. ) ;
#6940 = ORIENTED_EDGE ( 'NONE', *, *, #3211, .F. ) ;
#6941 = CARTESIAN_POINT ( 'NONE',  ( 14.21999999999999709, 2.250000000000001776, -2.801000000000000600 ) ) ;
#6942 = ORIENTED_EDGE ( 'NONE', *, *, #3266, .T. ) ;
#6943 = CARTESIAN_POINT ( 'NONE',  ( 3.750000000000000444, -3.299999999999997158, 0.2500000000000002220 ) ) ;
#6944 = EDGE_CURVE ( 'NONE', #1404, #4368, #2260, .T. ) ;
#6945 = EDGE_CURVE ( 'NONE', #8402, #2121, #9384, .T. ) ;
#6946 = VECTOR ( 'NONE', #6592, 1000.000000000000000 ) ;
#6947 = ORIENTED_EDGE ( 'NONE', *, *, #11228, .T. ) ;
#6948 = DIRECTION ( 'NONE',  ( -1.000000000000000000, 1.752245935330108674E-15, 0.0000000000000000000 ) ) ;
#6949 =( LENGTH_UNIT ( ) NAMED_UNIT ( * ) SI_UNIT ( .MILLI., .METRE. ) );
#6950 =( LENGTH_UNIT ( ) NAMED_UNIT ( * ) SI_UNIT ( .MILLI., .METRE. ) );
#6951 = VECTOR ( 'NONE', #2942, 1000.000000000000000 ) ;
#6952 = COLOUR_RGB ( '',1.000000000000000000, 0.8117647058823529438, 0.5019607843137254832 ) ;
#6953 =( NAMED_UNIT ( * ) SI_UNIT ( $, .STERADIAN. ) SOLID_ANGLE_UNIT ( ) );
#6954 = CARTESIAN_POINT ( 'NONE',  ( -1.949999999999999956, 1.800000000000000044, -0.2499999999999997780 ) ) ;
#6955 = LINE ( 'NONE', #5237, #6528 ) ;
#6956 = EDGE_LOOP ( 'NONE', ( #5130, #6538, #3288, #7752 ) ) ;
#6957 = DIRECTION ( 'NONE',  ( 0.0000000000000000000, 0.0000000000000000000, -1.000000000000000000 ) ) ;
#6958 = ADVANCED_FACE ( 'NONE', ( #6876 ), #4974, .F. ) ;
#6959 = DIRECTION ( 'NONE',  ( -1.000000000000000000, 0.0000000000000000000, -0.0000000000000000000 ) ) ;
#6960 = AXIS2_PLACEMENT_3D ( 'NONE', #5946, #7738, #4030 ) ;
#6961 = EDGE_LOOP ( 'NONE', ( #10740, #556, #10339, #2743 ) ) ;
#6962 = PRESENTATION_STYLE_ASSIGNMENT (( #2352 ) ) ;
#6963 = PRESENTATION_STYLE_ASSIGNMENT (( #7726 ) ) ;
#6964 = SURFACE_STYLE_FILL_AREA ( #8652 ) ;
#6965 = PRESENTATION_STYLE_ASSIGNMENT (( #7141 ) ) ;
#6966 = COLOUR_RGB ( '',1.000000000000000000, 1.000000000000000000, 1.000000000000000000 ) ;
#6967 = EDGE_CURVE ( 'NONE', #6100, #8402, #1614, .T. ) ;
#6968 = LINE ( 'NONE', #5305, #3693 ) ;
#6969 = EDGE_LOOP ( 'NONE', ( #8455, #6988, #1255, #2067 ) ) ;
#6970 = DIRECTION ( 'NONE',  ( 3.872150616019660190E-17, 1.000000000000000000, -0.0000000000000000000 ) ) ;
#6971 = SURFACE_STYLE_FILL_AREA ( #5254 ) ;
#6972 = VERTEX_POINT ( 'NONE', #2723 ) ;
#6973 =( GEOMETRIC_REPRESENTATION_CONTEXT ( 3 ) GLOBAL_UNCERTAINTY_ASSIGNED_CONTEXT ( ( #10493 ) ) GLOBAL_UNIT_ASSIGNED_CONTEXT ( ( #9748, #8822, #7940 ) ) REPRESENTATION_CONTEXT ( 'NONE', 'WORKASPACE' ) );
#6974 =( LENGTH_UNIT ( ) NAMED_UNIT ( * ) SI_UNIT ( .MILLI., .METRE. ) );
#6975 = FILL_AREA_STYLE ('',( #7032 ) ) ;
#6976 = UNCERTAINTY_MEASURE_WITH_UNIT (LENGTH_MEASURE( 1.000000000000000082E-05 ), #5836, 'distance_accuracy_value', 'NONE');
#6977 = EDGE_CURVE ( 'NONE', #9525, #8738, #1831, .T. ) ;
#6978 = COLOUR_RGB ( '',1.000000000000000000, 0.8117647058823529438, 0.5019607843137254832 ) ;
#6979 =( NAMED_UNIT ( * ) SI_UNIT ( $, .STERADIAN. ) SOLID_ANGLE_UNIT ( ) );
#6980 = PRESENTATION_LAYER_ASSIGNMENT (  '', '', ( #3466 ) ) ;
#6981 = STYLED_ITEM ( 'NONE', ( #7150 ), #3829 ) ;
#6982 =( NAMED_UNIT ( * ) SI_UNIT ( $, .STERADIAN. ) SOLID_ANGLE_UNIT ( ) );
#6983 = LINE ( 'NONE', #11371, #2292 ) ;
#6984 = COLOUR_RGB ( '',1.000000000000000000, 0.8117647058823529438, 0.5019607843137254832 ) ;
#6985 = EDGE_CURVE ( 'NONE', #7775, #2110, #1723, .T. ) ;
#6986 = CARTESIAN_POINT ( 'NONE',  ( -1.180000000000000382, 4.229999999999999538, 1.249999999999997558 ) ) ;
#6987 = ORIENTED_EDGE ( 'NONE', *, *, #1529, .T. ) ;
#6988 = ORIENTED_EDGE ( 'NONE', *, *, #6264, .F. ) ;
#6989 = AXIS2_PLACEMENT_3D ( 'NONE', #3751, #8381, #7449 ) ;
#6990 =( GEOMETRIC_REPRESENTATION_CONTEXT ( 3 ) GLOBAL_UNCERTAINTY_ASSIGNED_CONTEXT ( ( #9939 ) ) GLOBAL_UNIT_ASSIGNED_CONTEXT ( ( #2586, #9641, #10674 ) ) REPRESENTATION_CONTEXT ( 'NONE', 'WORKASPACE' ) );
#6991 = PRESENTATION_STYLE_ASSIGNMENT (( #1836 ) ) ;
#6992 = LINE ( 'NONE', #1624, #4164 ) ;
#6993 =( NAMED_UNIT ( * ) SI_UNIT ( $, .STERADIAN. ) SOLID_ANGLE_UNIT ( ) );
#6994 = PLANE ( 'NONE',  #8105 ) ;
#6995 = ORIENTED_EDGE ( 'NONE', *, *, #4752, .T. ) ;
#6996 = ORIENTED_EDGE ( 'NONE', *, *, #941, .T. ) ;
#6997 = CARTESIAN_POINT ( 'NONE',  ( 14.69999999999999751, 0.1999999999999999833, -2.800000000000000266 ) ) ;
#6998 = MECHANICAL_DESIGN_GEOMETRIC_PRESENTATION_REPRESENTATION (  '', ( #8300 ), #11248 ) ;
#6999 = STYLED_ITEM ( 'NONE', ( #1904 ), #4271 ) ;
#7000 = FILL_AREA_STYLE ('',( #8583 ) ) ;
#7001 = COLOUR_RGB ( '',1.000000000000000000, 0.8117647058823529438, 0.5019607843137254832 ) ;
#7002 = CARTESIAN_POINT ( 'NONE',  ( 15.34999999999999964, 4.500000000000000888, -0.1799999999999978839 ) ) ;
#7003 = VERTEX_POINT ( 'NONE', #3499 ) ;
#7004 = EDGE_CURVE ( 'NONE', #3575, #5212, #9774, .T. ) ;
#7005 = SURFACE_STYLE_FILL_AREA ( #8819 ) ;
#7006 = ADVANCED_FACE ( 'NONE', ( #8970 ), #5318, .F. ) ;
#7007 = DIRECTION ( 'NONE',  ( -0.0000000000000000000, -0.0000000000000000000, -1.000000000000000000 ) ) ;
#7008 = DIRECTION ( 'NONE',  ( 0.5773502691896246208, -0.5773502691896266192, 0.5773502691896260641 ) ) ;
#7009 = VECTOR ( 'NONE', #3127, 1000.000000000000000 ) ;
#7010 = ORIENTED_EDGE ( 'NONE', *, *, #3232, .F. ) ;
#7011 = CARTESIAN_POINT ( 'NONE',  ( 3.750000000000000444, -3.399999999999999911, -0.2499999999999997780 ) ) ;
#7012 =( LENGTH_UNIT ( ) NAMED_UNIT ( * ) SI_UNIT ( .MILLI., .METRE. ) );
#7013 = ORIENTED_EDGE ( 'NONE', *, *, #7921, .T. ) ;
#7014 = CARTESIAN_POINT ( 'NONE',  ( 8.750000000000000000, 3.399999999999999467, -2.050000000000001599 ) ) ;
#7015 = UNCERTAINTY_MEASURE_WITH_UNIT (LENGTH_MEASURE( 1.000000000000000082E-05 ), #8027, 'distance_accuracy_value', 'NONE');
#7016 = VECTOR ( 'NONE', #7312, 1000.000000000000000 ) ;
#7017 = ORIENTED_EDGE ( 'NONE', *, *, #8418, .F. ) ;
#7018 =( NAMED_UNIT ( * ) SI_UNIT ( $, .STERADIAN. ) SOLID_ANGLE_UNIT ( ) );
#7019 = PLANE ( 'NONE',  #5780 ) ;
#7020 = FACE_OUTER_BOUND ( 'NONE', #11250, .T. ) ;
#7021 = SURFACE_SIDE_STYLE ('',( #3431 ) ) ;
#7022 = EDGE_CURVE ( 'NONE', #5706, #2871, #10588, .T. ) ;
#7023 = DIRECTION ( 'NONE',  ( 1.000000000000000000, -0.0000000000000000000, 0.0000000000000000000 ) ) ;
#7024 = DIRECTION ( 'NONE',  ( -0.0000000000000000000, 0.7071067811865500152, 0.7071067811865451302 ) ) ;
#7025 =( NAMED_UNIT ( * ) PLANE_ANGLE_UNIT ( ) SI_UNIT ( $, .RADIAN. ) );
#7026 = VECTOR ( 'NONE', #5522, 1000.000000000000000 ) ;
#7027 = SURFACE_STYLE_USAGE ( .BOTH. , #11420 ) ;
#7028 =( NAMED_UNIT ( * ) SI_UNIT ( $, .STERADIAN. ) SOLID_ANGLE_UNIT ( ) );
#7029 = PRESENTATION_LAYER_ASSIGNMENT (  '', '', ( #168 ) ) ;
#7030 = DIRECTION ( 'NONE',  ( -0.0000000000000000000, 1.000000000000000000, -0.0000000000000000000 ) ) ;
#7031 = LINE ( 'NONE', #7573, #9514 ) ;
#7032 = FILL_AREA_STYLE_COLOUR ( '', #2619 ) ;
#7033 = VECTOR ( 'NONE', #292, 1000.000000000000000 ) ;
#7034 = DIRECTION ( 'NONE',  ( 4.336808689942017736E-16, 0.0000000000000000000, 1.000000000000000000 ) ) ;
#7035 = ORIENTED_EDGE ( 'NONE', *, *, #3157, .T. ) ;
#7036 = CARTESIAN_POINT ( 'NONE',  ( -0.7000000000000002887, 0.2000000000000000389, -2.800000000000000266 ) ) ;
#7037 = ORIENTED_EDGE ( 'NONE', *, *, #2221, .T. ) ;
#7038 = AXIS2_PLACEMENT_3D ( 'NONE', #5834, #2426, #10349 ) ;
#7039 = DIRECTION ( 'NONE',  ( -1.000000000000000000, 3.872150616019660190E-17, 0.0000000000000000000 ) ) ;
#7040 = ORIENTED_EDGE ( 'NONE', *, *, #9132, .F. ) ;
#7041 = COLOUR_RGB ( '',1.000000000000000000, 0.8117647058823529438, 0.5019607843137254832 ) ;
#7042 = DIRECTION ( 'NONE',  ( 9.103382349328301547E-49, 2.350988701644575016E-32, 1.000000000000000000 ) ) ;
#7043 =( NAMED_UNIT ( * ) PLANE_ANGLE_UNIT ( ) SI_UNIT ( $, .RADIAN. ) );
#7044 = LINE ( 'NONE', #6306, #1036 ) ;
#7045 = COLOUR_RGB ( '',1.000000000000000000, 0.8117647058823529438, 0.5019607843137254832 ) ;
#7046 = PLANE ( 'NONE',  #7779 ) ;
#7047 = DIRECTION ( 'NONE',  ( 1.000000000000000000, 0.0000000000000000000, -3.246114288878755706E-17 ) ) ;
#7048 = EDGE_LOOP ( 'NONE', ( #4091, #8287, #2145, #497 ) ) ;
#7049 = FACE_OUTER_BOUND ( 'NONE', #5833, .T. ) ;
#7050 = CLOSED_SHELL ( 'NONE', ( #10580, #2085, #10503, #7301, #3154, #8824, #5688, #3184, #1892, #7648, #7006, #3855, #6581, #6313, #6450, #4194, #3397, #1673, #4468, #10088, #10696, #10429, #1231, #2805, #330, #5537, #8358, #6912, #7130, #3000, #5484, #5405, #7483, #4329, #8676, #6429, #9350, #7830, #9032, #1324, #4540, #5893, #5201, #852, #540, #3621, #2308, #1064, #836, #1103, #6242, #7679, #3221, #1954, #3610, #10004, #4179, #3605, #6108, #11123, #5936, #2666, #1666, #6584, #8344, #8732, #4701, #4271, #4923, #9358, #6421, #1035, #1791, #8428, #7067, #317, #9203, #1421, #2847, #4387, #5614, #3510, #4822, #333, #8669, #1403, #8692, #2131, #7788, #6327, #10571, #9983, #6071, #5185, #624, #6521, #10638, #5419, #532, #4806, #636, #8125, #11433, #5028, #5488, #242, #1615, #11204, #5629, #1857, #4756, #4393, #10899, #202, #1087, #10025, #8171, #2956, #4534, #7092, #3777, #5887, #5777, #5967, #10359, #4209, #1650, #620, #9701, #2953, #11457, #6278, #1137, #3038, #6106, #11059, #10181, #2070, #9370, #10909, #1733, #886, #7669, #10911, #2171, #9016, #11361, #879, #3251, #137, #6958, #2021, #767, #263, #1925, #1253, #6123, #3666, #10567, #903, #1444, #6925, #5104, #9003, #3462, #9719, #3393, #9712, #10823, #148, #2077, #3006, #4031, #1939, #1166, #10771, #9373, #7979, #7723, #4259, #11044, #3566, #8426, #9015, #7105, #5324, #7884, #11389, #5328, #397, #4182, #3557, #557, #1911, #10833, #11251, #1677, #5241, #2157, #10533, #6471, #3613, #8634, #11174, #674, #4673, #4621, #1854, #228, #6595, #81, #1229, #4748, #10382, #8594, #1592, #11031, #8011, #1278, #5325, #2236, #3248, #193, #6293, #5615, #3511, #1771, #9462, #6733, #5742, #8264, #2796, #2826, #9395, #6099, #7719, #8454, #5058, #5672, #5343, #5091, #778, #2725, #580, #2650, #4512, #7126, #6820, #8330, #8720, #2459, #9989, #2105, #279, #1306, #5732, #3480, #9585, #936, #5089 ) ) ;
#7051 = MECHANICAL_DESIGN_GEOMETRIC_PRESENTATION_REPRESENTATION (  '', ( #7269 ), #2961 ) ;
#7052 = EDGE_LOOP ( 'NONE', ( #3109, #4114, #10286, #11418 ) ) ;
#7053 = CARTESIAN_POINT ( 'NONE',  ( 7.750000000000000000, -3.399999999999999911, 0.2500000000000002220 ) ) ;
#7054 =( GEOMETRIC_REPRESENTATION_CONTEXT ( 3 ) GLOBAL_UNCERTAINTY_ASSIGNED_CONTEXT ( ( #118 ) ) GLOBAL_UNIT_ASSIGNED_CONTEXT ( ( #2386, #2445, #7690 ) ) REPRESENTATION_CONTEXT ( 'NONE', 'WORKASPACE' ) );
#7055 = SURFACE_STYLE_USAGE ( .BOTH. , #7174 ) ;
#7056 = LINE ( 'NONE', #10608, #10056 ) ;
#7057 = EDGE_CURVE ( 'NONE', #3193, #3976, #10473, .T. ) ;
#7058 = SURFACE_STYLE_FILL_AREA ( #7386 ) ;
#7059 = CARTESIAN_POINT ( 'NONE',  ( 15.94999999999999929, 0.0000000000000000000, 1.699999999999999289 ) ) ;
#7060 = VECTOR ( 'NONE', #7623, 1000.000000000000114 ) ;
#7061 = LINE ( 'NONE', #5519, #6709 ) ;
#7062 = VECTOR ( 'NONE', #8177, 1000.000000000000000 ) ;
#7063 = DIRECTION ( 'NONE',  ( 0.0000000000000000000, -0.0000000000000000000, 1.000000000000000000 ) ) ;
#7064 = ORIENTED_EDGE ( 'NONE', *, *, #8463, .T. ) ;
#7065 = CARTESIAN_POINT ( 'NONE',  ( 4.750000000000000888, 1.149999999999999911, -2.050000000000001599 ) ) ;
#7066 = ORIENTED_EDGE ( 'NONE', *, *, #9527, .T. ) ;
#7067 = ADVANCED_FACE ( 'NONE', ( #9723 ), #929, .F. ) ;
#7068 = ORIENTED_EDGE ( 'NONE', *, *, #2195, .T. ) ;
#7069 = DIRECTION ( 'NONE',  ( 4.336808689942017736E-16, 0.0000000000000000000, 1.000000000000000000 ) ) ;
#7070 = PRESENTATION_LAYER_ASSIGNMENT (  '', '', ( #3743 ) ) ;
#7071 = PLANE ( 'NONE',  #3859 ) ;
#7072 = FILL_AREA_STYLE ('',( #4641 ) ) ;
#7073 = VECTOR ( 'NONE', #9743, 1000.000000000000000 ) ;
#7074 = EDGE_CURVE ( 'NONE', #8567, #9572, #1098, .T. ) ;
#7075 = AXIS2_PLACEMENT_3D ( 'NONE', #1321, #3973, #4779 ) ;
#7076 = DIRECTION ( 'NONE',  ( -1.095153709581317798E-16, 1.000000000000000000, -0.0000000000000000000 ) ) ;
#7077 = COLOUR_RGB ( '',1.000000000000000000, 0.8117647058823529438, 0.5019607843137254832 ) ;
#7078 = VERTEX_POINT ( 'NONE', #4610 ) ;
#7079 = ORIENTED_EDGE ( 'NONE', *, *, #2374, .F. ) ;
#7080 = EDGE_CURVE ( 'NONE', #9063, #4985, #7380, .T. ) ;
#7081 = FILL_AREA_STYLE_COLOUR ( '', #6191 ) ;
#7082 = DIRECTION ( 'NONE',  ( 0.5773502691896229555, -0.5773502691896325034, 0.5773502691896219563 ) ) ;
#7083 = DIRECTION ( 'NONE',  ( -1.000000000000000000, 0.0000000000000000000, 0.0000000000000000000 ) ) ;
#7084 = ORIENTED_EDGE ( 'NONE', *, *, #7385, .F. ) ;
#7085 = CARTESIAN_POINT ( 'NONE',  ( -1.350000000000000089, 5.650000000000000355, -0.6799999999999996048 ) ) ;
#7086 = COLOUR_RGB ( '',1.000000000000000000, 0.8117647058823529438, 0.5019607843137254832 ) ;
#7087 = FACE_OUTER_BOUND ( 'NONE', #498, .T. ) ;
#7088 = VECTOR ( 'NONE', #7391, 1000.000000000000000 ) ;
#7089 = SURFACE_STYLE_USAGE ( .BOTH. , #7854 ) ;
#7090 = FILL_AREA_STYLE ('',( #1932 ) ) ;
#7091 =( NAMED_UNIT ( * ) PLANE_ANGLE_UNIT ( ) SI_UNIT ( $, .RADIAN. ) );
#7092 = ADVANCED_FACE ( 'NONE', ( #2899 ), #8203, .F. ) ;
#7093 = VECTOR ( 'NONE', #5599, 1000.000000000000000 ) ;
#7095 = EDGE_CURVE ( 'NONE', #5581, #8738, #6518, .T. ) ;
#7094 = LINE ( 'NONE', #2487, #9862 ) ;
#7096 = CARTESIAN_POINT ( 'NONE',  ( -0.2500000000000004441, 0.2000000000000000111, -0.2499999999999997780 ) ) ;
#7097 = ORIENTED_EDGE ( 'NONE', *, *, #4752, .F. ) ;
#7098 = FILL_AREA_STYLE ('',( #5267 ) ) ;
#7099 = FILL_AREA_STYLE_COLOUR ( '', #585 ) ;
#7100 = VECTOR ( 'NONE', #1926, 999.9999999999998863 ) ;
#7101 = UNCERTAINTY_MEASURE_WITH_UNIT (LENGTH_MEASURE( 1.000000000000000082E-05 ), #2775, 'distance_accuracy_value', 'NONE');
#7102 = PRESENTATION_STYLE_ASSIGNMENT (( #2618 ) ) ;
#7103 = PLANE ( 'NONE',  #10413 ) ;
#7104 = ORIENTED_EDGE ( 'NONE', *, *, #6944, .F. ) ;
#7105 = ADVANCED_FACE ( 'NONE', ( #9137 ), #10064, .F. ) ;
#7106 = VERTEX_POINT ( 'NONE', #7212 ) ;
#7107 =( LENGTH_UNIT ( ) NAMED_UNIT ( * ) SI_UNIT ( .MILLI., .METRE. ) );
#7108 = VERTEX_POINT ( 'NONE', #2774 ) ;
#7109 = VECTOR ( 'NONE', #439, 1000.000000000000000 ) ;
#7110 = CARTESIAN_POINT ( 'NONE',  ( 2.750000000000000444, 3.399999999999999467, -2.300000000000003375 ) ) ;
#7111 = DIRECTION ( 'NONE',  ( -1.000000000000000000, 3.872150616019660190E-17, 0.0000000000000000000 ) ) ;
#7112 = DIRECTION ( 'NONE',  ( 1.000000000000000000, -5.421010862427522170E-17, 0.0000000000000000000 ) ) ;
#7113 = DIRECTION ( 'NONE',  ( 1.000000000000000000, -0.0000000000000000000, -4.845596301611194130E-17 ) ) ;
#7114 = EDGE_CURVE ( 'NONE', #961, #5381, #5075, .T. ) ;
#7115 = SURFACE_STYLE_FILL_AREA ( #152 ) ;
#7116 = DIRECTION ( 'NONE',  ( 1.000000000000000000, 0.0000000000000000000, 0.0000000000000000000 ) ) ;
#7117 = AXIS2_PLACEMENT_3D ( 'NONE', #8514, #1447, #6084 ) ;
#7118 = CARTESIAN_POINT ( 'NONE',  ( 4.750000000000000888, 1.149999999999999911, -2.050000000000001599 ) ) ;
#7119 =( LENGTH_UNIT ( ) NAMED_UNIT ( * ) SI_UNIT ( .MILLI., .METRE. ) );
#7120 = CARTESIAN_POINT ( 'NONE',  ( 2.250000000000000000, 1.800000000000000044, -0.2499999999999997780 ) ) ;
#7121 = DIRECTION ( 'NONE',  ( -1.000000000000000000, 5.421010862427522170E-17, 0.0000000000000000000 ) ) ;
#7122 = SURFACE_SIDE_STYLE ('',( #4244 ) ) ;
#7123 = VERTEX_POINT ( 'NONE', #10291 ) ;
#7124 = EDGE_LOOP ( 'NONE', ( #2158, #9261, #7878, #8126 ) ) ;
#7125 = DIRECTION ( 'NONE',  ( -1.000000000000000000, 0.0000000000000000000, -0.0000000000000000000 ) ) ;
#7126 = ADVANCED_FACE ( 'NONE', ( #7674 ), #642, .F. ) ;
#7127 = CARTESIAN_POINT ( 'NONE',  ( 8.083333333333335702, 5.166666666666669627, 0.08333333333333629855 ) ) ;
#7128 = VERTEX_POINT ( 'NONE', #11021 ) ;
#7129 = VECTOR ( 'NONE', #5224, 1000.000000000000000 ) ;
#7130 = ADVANCED_FACE ( 'NONE', ( #4202 ), #3260, .T. ) ;
#7131 = ORIENTED_EDGE ( 'NONE', *, *, #2388, .T. ) ;
#7132 = DIRECTION ( 'NONE',  ( -1.000000000000000000, 3.872150616019660190E-17, 0.0000000000000000000 ) ) ;
#7133 =( NAMED_UNIT ( * ) PLANE_ANGLE_UNIT ( ) SI_UNIT ( $, .RADIAN. ) );
#7134 = PRESENTATION_STYLE_ASSIGNMENT (( #1017 ) ) ;
#7135 = EDGE_CURVE ( 'NONE', #9227, #8962, #4897, .T. ) ;
#7136 = MECHANICAL_DESIGN_GEOMETRIC_PRESENTATION_REPRESENTATION (  '', ( #8433 ), #4723 ) ;
#7137 = DIRECTION ( 'NONE',  ( 9.103382349328301547E-49, 2.350988701644575016E-32, 1.000000000000000000 ) ) ;
#7138 = UNCERTAINTY_MEASURE_WITH_UNIT (LENGTH_MEASURE( 1.000000000000000082E-05 ), #8831, 'distance_accuracy_value', 'NONE');
#7139 = EDGE_LOOP ( 'NONE', ( #1368, #4883, #10811, #4732 ) ) ;
#7140 = CARTESIAN_POINT ( 'NONE',  ( -1.949999999999999956, 1.800000000000000044, -2.800000000000000266 ) ) ;
#7141 = SURFACE_STYLE_USAGE ( .BOTH. , #7021 ) ;
#7142 = CARTESIAN_POINT ( 'NONE',  ( 9.250000000000001776, 3.149999999999999023, -2.050000000000001599 ) ) ;
#7143 = CARTESIAN_POINT ( 'NONE',  ( 13.74999999999999822, 0.2000000000000000111, -2.800000000000000266 ) ) ;
#7144 = LINE ( 'NONE', #10851, #2612 ) ;
#7145 = ORIENTED_EDGE ( 'NONE', *, *, #9413, .F. ) ;
#7146 = DIRECTION ( 'NONE',  ( 3.872150616019660190E-17, 1.000000000000000000, 0.0000000000000000000 ) ) ;
#7147 = LINE ( 'NONE', #1878, #3483 ) ;
#7148 = EDGE_CURVE ( 'NONE', #7108, #324, #6633, .T. ) ;
#7149 = PRESENTATION_LAYER_ASSIGNMENT (  '', '', ( #1551 ) ) ;
#7150 = PRESENTATION_STYLE_ASSIGNMENT (( #3492 ) ) ;
#7151 = EDGE_LOOP ( 'NONE', ( #6392, #7894, #9088, #3092 ) ) ;
#7152 = DIRECTION ( 'NONE',  ( -3.833233541708400216E-17, -0.7071067811865410224, 0.7071067811865540120 ) ) ;
#7153 = UNCERTAINTY_MEASURE_WITH_UNIT (LENGTH_MEASURE( 1.000000000000000082E-05 ), #2945, 'distance_accuracy_value', 'NONE');
#7154 = EDGE_CURVE ( 'NONE', #5663, #4340, #8492, .T. ) ;
#7155 = EDGE_CURVE ( 'NONE', #10484, #1434, #1547, .T. ) ;
#7156 =( LENGTH_UNIT ( ) NAMED_UNIT ( * ) SI_UNIT ( .MILLI., .METRE. ) );
#7157 = UNCERTAINTY_MEASURE_WITH_UNIT (LENGTH_MEASURE( 1.000000000000000082E-05 ), #10496, 'distance_accuracy_value', 'NONE');
#7158 = PRESENTATION_LAYER_ASSIGNMENT (  '', '', ( #9017 ) ) ;
#7159 = SURFACE_STYLE_USAGE ( .BOTH. , #6299 ) ;
#7160 = ORIENTED_EDGE ( 'NONE', *, *, #3395, .T. ) ;
#7161 = COLOUR_RGB ( '',1.000000000000000000, 0.8117647058823529438, 0.5019607843137254832 ) ;
#7162 = FILL_AREA_STYLE ('',( #7873 ) ) ;
#7163 = DIRECTION ( 'NONE',  ( 1.000000000000000000, -5.421010862427522170E-17, 0.0000000000000000000 ) ) ;
#7164 = SURFACE_STYLE_USAGE ( .BOTH. , #10655 ) ;
#7165 = AXIS2_PLACEMENT_3D ( 'NONE', #6694, #11254, #5949 ) ;
#7166 = ORIENTED_EDGE ( 'NONE', *, *, #1307, .T. ) ;
#7167 = EDGE_CURVE ( 'NONE', #3322, #8567, #406, .T. ) ;
#7168 = MECHANICAL_DESIGN_GEOMETRIC_PRESENTATION_REPRESENTATION (  '', ( #1941 ), #5489 ) ;
#7169 = VECTOR ( 'NONE', #8507, 1000.000000000000000 ) ;
#7170 = VERTEX_POINT ( 'NONE', #5252 ) ;
#7171 = LINE ( 'NONE', #2678, #9365 ) ;
#7172 =( NAMED_UNIT ( * ) SI_UNIT ( $, .STERADIAN. ) SOLID_ANGLE_UNIT ( ) );
#7173 = AXIS2_PLACEMENT_3D ( 'NONE', #1400, #9399, #555 ) ;
#7174 = SURFACE_SIDE_STYLE ('',( #3629 ) ) ;
#7175 =( NAMED_UNIT ( * ) PLANE_ANGLE_UNIT ( ) SI_UNIT ( $, .RADIAN. ) );
#7176 = CARTESIAN_POINT ( 'NONE',  ( -1.700000000000002620, 6.000000000000000000, -2.350000000000001421 ) ) ;
#7177 = FILL_AREA_STYLE_COLOUR ( '', #7831 ) ;
#7178 = FILL_AREA_STYLE ('',( #211 ) ) ;
#7179 = ORIENTED_EDGE ( 'NONE', *, *, #702, .T. ) ;
#7180 = VECTOR ( 'NONE', #175, 1000.000000000000000 ) ;
#7181 = CARTESIAN_POINT ( 'NONE',  ( 11.75000000000000000, 1.800000000000000044, 0.2500000000000002220 ) ) ;
#7182 = VECTOR ( 'NONE', #937, 1000.000000000000000 ) ;
#7183 = ORIENTED_EDGE ( 'NONE', *, *, #5473, .T. ) ;
#7184 = ORIENTED_EDGE ( 'NONE', *, *, #9345, .T. ) ;
#7185 = DIRECTION ( 'NONE',  ( 0.0000000000000000000, 1.000000000000000000, 0.0000000000000000000 ) ) ;
#7186 = LINE ( 'NONE', #1862, #5390 ) ;
#7187 =( NAMED_UNIT ( * ) PLANE_ANGLE_UNIT ( ) SI_UNIT ( $, .RADIAN. ) );
#7188 = UNCERTAINTY_MEASURE_WITH_UNIT (LENGTH_MEASURE( 1.000000000000000082E-05 ), #6441, 'distance_accuracy_value', 'NONE');
#7189 = CARTESIAN_POINT ( 'NONE',  ( 14.14999999999999503, -3.399999999999999911, 0.2500000000000002220 ) ) ;
#7190 = PRESENTATION_STYLE_ASSIGNMENT (( #10625 ) ) ;
#7191 = VERTEX_POINT ( 'NONE', #11419 ) ;
#7192 = ORIENTED_EDGE ( 'NONE', *, *, #7803, .T. ) ;
#7193 = CARTESIAN_POINT ( 'NONE',  ( 11.75000000000000000, -3.399999999999999911, 0.2500000000000002220 ) ) ;
#7194 = COLOUR_RGB ( '',1.000000000000000000, 0.8117647058823529438, 0.5019607843137254832 ) ;
#7195 = ORIENTED_EDGE ( 'NONE', *, *, #6945, .F. ) ;
#7196 = SURFACE_STYLE_USAGE ( .BOTH. , #7251 ) ;
#7197 =( LENGTH_UNIT ( ) NAMED_UNIT ( * ) SI_UNIT ( .MILLI., .METRE. ) );
#7198 = DIRECTION ( 'NONE',  ( -1.000000000000000000, 0.0000000000000000000, -0.0000000000000000000 ) ) ;
#7199 = CARTESIAN_POINT ( 'NONE',  ( 13.74999999999999822, -3.399999999999999911, 0.1499999999999973577 ) ) ;
#7200 =( NAMED_UNIT ( * ) PLANE_ANGLE_UNIT ( ) SI_UNIT ( $, .RADIAN. ) );
#7201 =( LENGTH_UNIT ( ) NAMED_UNIT ( * ) SI_UNIT ( .MILLI., .METRE. ) );
#7202 = ORIENTED_EDGE ( 'NONE', *, *, #9657, .T. ) ;
#7203 = PRESENTATION_STYLE_ASSIGNMENT (( #7423 ) ) ;
#7204 = FILL_AREA_STYLE_COLOUR ( '', #6249 ) ;
#7205 = FACE_OUTER_BOUND ( 'NONE', #1998, .T. ) ;
#7206 =( GEOMETRIC_REPRESENTATION_CONTEXT ( 3 ) GLOBAL_UNCERTAINTY_ASSIGNED_CONTEXT ( ( #3879 ) ) GLOBAL_UNIT_ASSIGNED_CONTEXT ( ( #1597, #2704, #2596 ) ) REPRESENTATION_CONTEXT ( 'NONE', 'WORKASPACE' ) );
#7207 = VECTOR ( 'NONE', #8635, 1000.000000000000000 ) ;
#7208 = ORIENTED_EDGE ( 'NONE', *, *, #4051, .F. ) ;
#7209 = DIRECTION ( 'NONE',  ( -1.000000000000000000, 1.084202172485504237E-15, 0.0000000000000000000 ) ) ;
#7210 = FILL_AREA_STYLE ('',( #1093 ) ) ;
#7211 = VECTOR ( 'NONE', #7925, 1000.000000000000000 ) ;
#7212 = CARTESIAN_POINT ( 'NONE',  ( 0.1500000000000025757, 5.100000000000001421, 0.1500000000000025757 ) ) ;
#7213 = DIRECTION ( 'NONE',  ( 0.5773502691896246208, -0.5773502691896266192, 0.5773502691896260641 ) ) ;
#7214 = EDGE_CURVE ( 'NONE', #5608, #11324, #4436, .T. ) ;
#7215 = MECHANICAL_DESIGN_GEOMETRIC_PRESENTATION_REPRESENTATION (  '', ( #10373 ), #4805 ) ;
#7216 = ORIENTED_EDGE ( 'NONE', *, *, #5045, .T. ) ;
#7217 = EDGE_CURVE ( 'NONE', #9306, #7108, #10635, .T. ) ;
#7218 = ORIENTED_EDGE ( 'NONE', *, *, #6809, .F. ) ;
#7219 = SURFACE_STYLE_USAGE ( .BOTH. , #2962 ) ;
#7220 = ORIENTED_EDGE ( 'NONE', *, *, #1056, .F. ) ;
#7221 = EDGE_CURVE ( 'NONE', #1641, #10933, #7956, .T. ) ;
#7222 = FILL_AREA_STYLE_COLOUR ( '', #8034 ) ;
#7223 = SURFACE_STYLE_USAGE ( .BOTH. , #5446 ) ;
#7224 = CARTESIAN_POINT ( 'NONE',  ( -1.350000000000000089, 6.000000000000000000, 1.600000000000000755 ) ) ;
#7225 = PRESENTATION_LAYER_ASSIGNMENT (  '', '', ( #2389 ) ) ;
#7226 = LINE ( 'NONE', #2581, #5432 ) ;
#7227 = ORIENTED_EDGE ( 'NONE', *, *, #1445, .F. ) ;
#7228 = DIRECTION ( 'NONE',  ( -0.0000000000000000000, 1.000000000000000000, -0.0000000000000000000 ) ) ;
#7229 = EDGE_CURVE ( 'NONE', #958, #512, #11298, .T. ) ;
#7230 = LINE ( 'NONE', #9736, #9562 ) ;
#7231 = EDGE_CURVE ( 'NONE', #5744, #8032, #6116, .T. ) ;
#7232 = CARTESIAN_POINT ( 'NONE',  ( 2.150000000000000355, -3.399999999999999911, -2.800000000000000266 ) ) ;
#7233 = PRESENTATION_LAYER_ASSIGNMENT (  '', '', ( #8155 ) ) ;
#7234 = SURFACE_SIDE_STYLE ('',( #3517 ) ) ;
#7235 = FACE_OUTER_BOUND ( 'NONE', #1422, .T. ) ;
#7236 = LINE ( 'NONE', #50, #10235 ) ;
#7237 = SURFACE_STYLE_FILL_AREA ( #157 ) ;
#7238 = LINE ( 'NONE', #2096, #7026 ) ;
#7239 = ORIENTED_EDGE ( 'NONE', *, *, #3395, .F. ) ;
#7240 = SURFACE_SIDE_STYLE ('',( #3700 ) ) ;
#7241 = MECHANICAL_DESIGN_GEOMETRIC_PRESENTATION_REPRESENTATION (  '', ( #3943 ), #3754 ) ;
#7242 =( GEOMETRIC_REPRESENTATION_CONTEXT ( 3 ) GLOBAL_UNCERTAINTY_ASSIGNED_CONTEXT ( ( #2869 ) ) GLOBAL_UNIT_ASSIGNED_CONTEXT ( ( #2894, #1039, #2768 ) ) REPRESENTATION_CONTEXT ( 'NONE', 'WORKASPACE' ) );
#7243 = VERTEX_POINT ( 'NONE', #3436 ) ;
#7244 = DIRECTION ( 'NONE',  ( -3.833233541708420554E-17, -0.7071067811865447972, 0.7071067811865502373 ) ) ;
#7245 = ORIENTED_EDGE ( 'NONE', *, *, #11349, .F. ) ;
#7246 = AXIS2_PLACEMENT_3D ( 'NONE', #11255, #10352, #5016 ) ;
#7247 = PLANE ( 'NONE',  #3464 ) ;
#7248 = EDGE_LOOP ( 'NONE', ( #8611, #133, #5000, #9178 ) ) ;
#7249 =( GEOMETRIC_REPRESENTATION_CONTEXT ( 3 ) GLOBAL_UNCERTAINTY_ASSIGNED_CONTEXT ( ( #91 ) ) GLOBAL_UNIT_ASSIGNED_CONTEXT ( ( #652, #7681, #1327 ) ) REPRESENTATION_CONTEXT ( 'NONE', 'WORKASPACE' ) );
#7250 = MECHANICAL_DESIGN_GEOMETRIC_PRESENTATION_REPRESENTATION (  '', ( #8174 ), #3735 ) ;
#7251 = SURFACE_SIDE_STYLE ('',( #7310 ) ) ;
#7252 = CARTESIAN_POINT ( 'NONE',  ( 2.083333333333336590, 5.166666666666671404, 0.08333333333333542425 ) ) ;
#7253 = PRESENTATION_LAYER_ASSIGNMENT (  '', '', ( #9846 ) ) ;
#7254 = ORIENTED_EDGE ( 'NONE', *, *, #8718, .F. ) ;
#7255 = DIRECTION ( 'NONE',  ( -0.7071067811865566766, -0.7071067811865383579, 1.662400053425814515E-32 ) ) ;
#7256 = EDGE_CURVE ( 'NONE', #11322, #9797, #9654, .T. ) ;
#7257 = VECTOR ( 'NONE', #4586, 1000.000000000000000 ) ;
#7258 = LINE ( 'NONE', #230, #4462 ) ;
#7259 = MECHANICAL_DESIGN_GEOMETRIC_PRESENTATION_REPRESENTATION (  '', ( #3167 ), #5789 ) ;
#7260 = FACE_OUTER_BOUND ( 'NONE', #7545, .T. ) ;
#7261 = PLANE ( 'NONE',  #2502 ) ;
#7262 = COLOUR_RGB ( '',1.000000000000000000, 1.000000000000000000, 1.000000000000000000 ) ;
#7263 = CARTESIAN_POINT ( 'NONE',  ( 3.750000000000000444, -3.399999999999999911, 0.1499999999999973577 ) ) ;
#7264 = ORIENTED_EDGE ( 'NONE', *, *, #2068, .T. ) ;
#7265 =( NAMED_UNIT ( * ) PLANE_ANGLE_UNIT ( ) SI_UNIT ( $, .RADIAN. ) );
#7266 = SURFACE_STYLE_USAGE ( .BOTH. , #9883 ) ;
#7267 = FILL_AREA_STYLE ('',( #7327 ) ) ;
#7268 = UNCERTAINTY_MEASURE_WITH_UNIT (LENGTH_MEASURE( 1.000000000000000082E-05 ), #7119, 'distance_accuracy_value', 'NONE');
#7269 = STYLED_ITEM ( 'NONE', ( #10813 ), #10567 ) ;
#7270 = LINE ( 'NONE', #983, #8082 ) ;
#7271 = ORIENTED_EDGE ( 'NONE', *, *, #253, .T. ) ;
#7272 = PRESENTATION_STYLE_ASSIGNMENT (( #2563 ) ) ;
#7273 = STYLED_ITEM ( 'NONE', ( #6644 ), #6958 ) ;
#7274 = UNCERTAINTY_MEASURE_WITH_UNIT (LENGTH_MEASURE( 1.000000000000000082E-05 ), #30, 'distance_accuracy_value', 'NONE');
#7275 = FILL_AREA_STYLE ('',( #10752 ) ) ;
#7276 = UNCERTAINTY_MEASURE_WITH_UNIT (LENGTH_MEASURE( 1.000000000000000082E-05 ), #829, 'distance_accuracy_value', 'NONE');
#7277 = STYLED_ITEM ( 'NONE', ( #3791 ), #11433 ) ;
#7278 = FACE_OUTER_BOUND ( 'NONE', #6059, .T. ) ;
#7279 = AXIS2_PLACEMENT_3D ( 'NONE', #8787, #2488, #4325 ) ;
#7280 = ORIENTED_EDGE ( 'NONE', *, *, #10745, .F. ) ;
#7281 = AXIS2_PLACEMENT_3D ( 'NONE', #1249, #2065, #4832 ) ;
#7282 = DIRECTION ( 'NONE',  ( 0.5773502691896226224, 0.5773502691896326144, -0.5773502691896220673 ) ) ;
#7283 = SURFACE_STYLE_USAGE ( .BOTH. , #3624 ) ;
#7284 = CARTESIAN_POINT ( 'NONE',  ( 0.2499999999999997780, -3.399999999999999911, 0.2500000000000002220 ) ) ;
#7285 = SURFACE_STYLE_USAGE ( .BOTH. , #2019 ) ;
#7286 =( NAMED_UNIT ( * ) PLANE_ANGLE_UNIT ( ) SI_UNIT ( $, .RADIAN. ) );
#7287 = VECTOR ( 'NONE', #5298, 1000.000000000000000 ) ;
#7288 = PLANE ( 'NONE',  #3387 ) ;
#7289 = EDGE_LOOP ( 'NONE', ( #376, #1374, #9535, #5476 ) ) ;
#7290 = LINE ( 'NONE', #4516, #11364 ) ;
#7291 = FACE_OUTER_BOUND ( 'NONE', #8784, .T. ) ;
#7292 = EDGE_CURVE ( 'NONE', #4743, #5999, #2600, .T. ) ;
#7293 = PRESENTATION_LAYER_ASSIGNMENT (  '', '', ( #2069 ) ) ;
#7294 = CARTESIAN_POINT ( 'NONE',  ( 11.75000000000000000, 5.000000000000006217, 0.2500000000000002220 ) ) ;
#7295 = FILL_AREA_STYLE ('',( #3768 ) ) ;
#7296 = CARTESIAN_POINT ( 'NONE',  ( -1.180000000000000382, 4.229999999999999538, -2.801000000000000600 ) ) ;
#7297 = VERTEX_POINT ( 'NONE', #3604 ) ;
#7298 = EDGE_CURVE ( 'NONE', #4039, #10437, #2540, .T. ) ;
#7299 = ORIENTED_EDGE ( 'NONE', *, *, #9792, .T. ) ;
#7300 = STYLED_ITEM ( 'NONE', ( #5556 ), #2826 ) ;
#7301 = ADVANCED_FACE ( 'NONE', ( #3548, #9607 ), #8717, .F. ) ;
#7302 = CARTESIAN_POINT ( 'NONE',  ( 0.2499999999999997780, 0.2000000000000000111, -2.800000000000000266 ) ) ;
#7303 = PRESENTATION_STYLE_ASSIGNMENT (( #8942 ) ) ;
#7304 = DIRECTION ( 'NONE',  ( -1.000000000000000000, 5.421010862427522170E-17, 0.0000000000000000000 ) ) ;
#7305 = UNCERTAINTY_MEASURE_WITH_UNIT (LENGTH_MEASURE( 1.000000000000000082E-05 ), #607, 'distance_accuracy_value', 'NONE');
#7306 = VERTEX_POINT ( 'NONE', #4487 ) ;
#7307 = PRESENTATION_STYLE_ASSIGNMENT (( #10842 ) ) ;
#7308 = PLANE ( 'NONE',  #4305 ) ;
#7309 =( GEOMETRIC_REPRESENTATION_CONTEXT ( 3 ) GLOBAL_UNCERTAINTY_ASSIGNED_CONTEXT ( ( #4604 ) ) GLOBAL_UNIT_ASSIGNED_CONTEXT ( ( #10074, #8211, #7448 ) ) REPRESENTATION_CONTEXT ( 'NONE', 'WORKASPACE' ) );
#7310 = SURFACE_STYLE_FILL_AREA ( #8054 ) ;
#7311 = DIRECTION ( 'NONE',  ( -4.336808689942017736E-16, 0.0000000000000000000, -1.000000000000000000 ) ) ;
#7312 = DIRECTION ( 'NONE',  ( 0.5773502691896265082, -0.5773502691896239547, 0.5773502691896268413 ) ) ;
#7313 = VECTOR ( 'NONE', #10292, 1000.000000000000000 ) ;
#7314 =( NAMED_UNIT ( * ) PLANE_ANGLE_UNIT ( ) SI_UNIT ( $, .RADIAN. ) );
#7315 =( LENGTH_UNIT ( ) NAMED_UNIT ( * ) SI_UNIT ( .MILLI., .METRE. ) );
#7316 = DIRECTION ( 'NONE',  ( 0.0000000000000000000, 0.0000000000000000000, -1.000000000000000000 ) ) ;
#7317 = EDGE_CURVE ( 'NONE', #4688, #11441, #918, .T. ) ;
#7318 = VECTOR ( 'NONE', #197, 1000.000000000000000 ) ;
#7319 = FILL_AREA_STYLE_COLOUR ( '', #10931 ) ;
#7320 = SURFACE_SIDE_STYLE ('',( #9238 ) ) ;
#7321 = LINE ( 'NONE', #8301, #9046 ) ;
#7322 = VECTOR ( 'NONE', #9342, 1000.000000000000000 ) ;
#7323 = FACE_OUTER_BOUND ( 'NONE', #1521, .T. ) ;
#7324 = VECTOR ( 'NONE', #6073, 1000.000000000000000 ) ;
#7325 = EDGE_CURVE ( 'NONE', #6473, #2577, #75, .T. ) ;
#7326 = PLANE ( 'NONE',  #11331 ) ;
#7327 = FILL_AREA_STYLE_COLOUR ( '', #4289 ) ;
#7328 = PRESENTATION_STYLE_ASSIGNMENT (( #3010 ) ) ;
#7329 = PRESENTATION_STYLE_ASSIGNMENT (( #9938 ) ) ;
#7330 = SURFACE_SIDE_STYLE ('',( #141 ) ) ;
#7331 = PRESENTATION_STYLE_ASSIGNMENT (( #2955 ) ) ;
#7332 = ORIENTED_EDGE ( 'NONE', *, *, #8848, .T. ) ;
#7333 = VECTOR ( 'NONE', #1977, 999.9999999999998863 ) ;
#7334 = EDGE_CURVE ( 'NONE', #4743, #10416, #8658, .T. ) ;
#7335 = DIRECTION ( 'NONE',  ( 3.872150616019660190E-17, 1.000000000000000000, -0.0000000000000000000 ) ) ;
#7336 = FILL_AREA_STYLE ('',( #4842 ) ) ;
#7337 = PLANE ( 'NONE',  #7619 ) ;
#7338 =( GEOMETRIC_REPRESENTATION_CONTEXT ( 3 ) GLOBAL_UNCERTAINTY_ASSIGNED_CONTEXT ( ( #7015 ) ) GLOBAL_UNIT_ASSIGNED_CONTEXT ( ( #8027, #6921, #7861 ) ) REPRESENTATION_CONTEXT ( 'NONE', 'WORKASPACE' ) );
#7339 = EDGE_CURVE ( 'NONE', #3024, #7722, #4595, .T. ) ;
#7340 = DIRECTION ( 'NONE',  ( -4.336808689942017736E-16, 1.679277644031839923E-32, -1.000000000000000000 ) ) ;
#7341 = SURFACE_STYLE_FILL_AREA ( #7455 ) ;
#7342 = COLOUR_RGB ( '',1.000000000000000000, 0.8117647058823529438, 0.5019607843137254832 ) ;
#7343 = CARTESIAN_POINT ( 'NONE',  ( 10.69999999999999929, 0.1999999999999999833, -2.800000000000000266 ) ) ;
#7344 = VECTOR ( 'NONE', #1365, 1000.000000000000000 ) ;
#7345 = ORIENTED_EDGE ( 'NONE', *, *, #5266, .F. ) ;
#7346 =( NAMED_UNIT ( * ) PLANE_ANGLE_UNIT ( ) SI_UNIT ( $, .RADIAN. ) );
#7347 = UNCERTAINTY_MEASURE_WITH_UNIT (LENGTH_MEASURE( 1.000000000000000082E-05 ), #4269, 'distance_accuracy_value', 'NONE');
#7348 = LINE ( 'NONE', #7464, #3974 ) ;
#7349 = LINE ( 'NONE', #4859, #8571 ) ;
#7350 = DIRECTION ( 'NONE',  ( -1.000000000000000000, 0.0000000000000000000, 0.0000000000000000000 ) ) ;
#7351 = SURFACE_STYLE_FILL_AREA ( #7178 ) ;
#7352 = ORIENTED_EDGE ( 'NONE', *, *, #253, .F. ) ;
#7353 = ORIENTED_EDGE ( 'NONE', *, *, #5188, .T. ) ;
#7354 = CARTESIAN_POINT ( 'NONE',  ( 7.299999999999998934, 0.2000000000000000389, 0.2500000000000002220 ) ) ;
#7355 = PRESENTATION_LAYER_ASSIGNMENT (  '', '', ( #5894 ) ) ;
#7356 = PRESENTATION_LAYER_ASSIGNMENT (  '', '', ( #9409 ) ) ;
#7357 = DIRECTION ( 'NONE',  ( -1.000000000000000000, 0.0000000000000000000, -0.0000000000000000000 ) ) ;
#7358 =( LENGTH_UNIT ( ) NAMED_UNIT ( * ) SI_UNIT ( .MILLI., .METRE. ) );
#7359 = ORIENTED_EDGE ( 'NONE', *, *, #6173, .F. ) ;
#7360 = SURFACE_STYLE_USAGE ( .BOTH. , #3175 ) ;
#7361 = EDGE_CURVE ( 'NONE', #4608, #5161, #2057, .T. ) ;
#7362 = EDGE_CURVE ( 'NONE', #7243, #2592, #9181, .T. ) ;
#7363 = STYLED_ITEM ( 'NONE', ( #6181 ), #5405 ) ;
#7364 = VECTOR ( 'NONE', #3962, 1000.000000000000114 ) ;
#7365 = DIRECTION ( 'NONE',  ( -1.000000000000000000, 0.0000000000000000000, 2.272280002215129179E-17 ) ) ;
#7366 = CARTESIAN_POINT ( 'NONE',  ( 1.750000000000000666, 5.000000000000004441, 0.2500000000000002220 ) ) ;
#7367 = SURFACE_STYLE_FILL_AREA ( #3843 ) ;
#7368 = SURFACE_SIDE_STYLE ('',( #3844 ) ) ;
#7369 = CARTESIAN_POINT ( 'NONE',  ( 15.94999999999999929, 6.000000000000000000, 1.699999999999999289 ) ) ;
#7370 = FACE_OUTER_BOUND ( 'NONE', #4224, .T. ) ;
#7371 = DIRECTION ( 'NONE',  ( 0.7071067811865475727, -0.7071067811865475727, 1.662400053425836136E-32 ) ) ;
#7373 = SURFACE_SIDE_STYLE ('',( #3849 ) ) ;
#7372 = MECHANICAL_DESIGN_GEOMETRIC_PRESENTATION_REPRESENTATION (  '', ( #9430 ), #5908 ) ;
#7374 = EDGE_CURVE ( 'NONE', #3044, #11189, #1877, .T. ) ;
#7375 = DIRECTION ( 'NONE',  ( -4.336808689942017736E-16, 0.0000000000000000000, -1.000000000000000000 ) ) ;
#7376 =( NAMED_UNIT ( * ) PLANE_ANGLE_UNIT ( ) SI_UNIT ( $, .RADIAN. ) );
#7377 = LINE ( 'NONE', #7430, #6881 ) ;
#7378 = LINE ( 'NONE', #2830, #9028 ) ;
#7379 = PRESENTATION_STYLE_ASSIGNMENT (( #8969 ) ) ;
#7380 = LINE ( 'NONE', #3015, #9698 ) ;
#7381 = AXIS2_PLACEMENT_3D ( 'NONE', #7366, #9982, #10900 ) ;
#7382 = UNCERTAINTY_MEASURE_WITH_UNIT (LENGTH_MEASURE( 1.000000000000000082E-05 ), #2648, 'distance_accuracy_value', 'NONE');
#7383 = SURFACE_STYLE_FILL_AREA ( #5775 ) ;
#7384 = ORIENTED_EDGE ( 'NONE', *, *, #7519, .F. ) ;
#7385 = EDGE_CURVE ( 'NONE', #3740, #7865, #3657, .T. ) ;
#7386 = FILL_AREA_STYLE ('',( #4725 ) ) ;
#7387 = STYLED_ITEM ( 'NONE', ( #9795 ), #9350 ) ;
#7388 = LINE ( 'NONE', #5724, #7487 ) ;
#7389 =( NAMED_UNIT ( * ) PLANE_ANGLE_UNIT ( ) SI_UNIT ( $, .RADIAN. ) );
#7390 = SURFACE_STYLE_FILL_AREA ( #7450 ) ;
#7391 = DIRECTION ( 'NONE',  ( -0.0000000000000000000, -0.0000000000000000000, -1.000000000000000000 ) ) ;
#7392 = ORIENTED_EDGE ( 'NONE', *, *, #7757, .T. ) ;
#7393 = PLANE ( 'NONE',  #4727 ) ;
#7394 = DIRECTION ( 'NONE',  ( 3.872150616019660190E-17, 1.000000000000000000, -0.0000000000000000000 ) ) ;
#7395 = VECTOR ( 'NONE', #7023, 1000.000000000000000 ) ;
#7396 = FACE_OUTER_BOUND ( 'NONE', #1786, .T. ) ;
#7397 = PRESENTATION_LAYER_ASSIGNMENT (  '', '', ( #4452 ) ) ;
#7398 = PRESENTATION_STYLE_ASSIGNMENT (( #6481 ) ) ;
#7399 = DIRECTION ( 'NONE',  ( -4.336808689942017736E-16, 0.0000000000000000000, -1.000000000000000000 ) ) ;
#7400 =( LENGTH_UNIT ( ) NAMED_UNIT ( * ) SI_UNIT ( .MILLI., .METRE. ) );
#7401 = CARTESIAN_POINT ( 'NONE',  ( 8.750000000000000000, 1.149999999999999911, -2.050000000000001599 ) ) ;
#7402 = FACE_OUTER_BOUND ( 'NONE', #9749, .T. ) ;
#7403 = MECHANICAL_DESIGN_GEOMETRIC_PRESENTATION_REPRESENTATION (  '', ( #9821 ), #5387 ) ;
#7404 = PLANE ( 'NONE',  #1078 ) ;
#7405 = ORIENTED_EDGE ( 'NONE', *, *, #10757, .F. ) ;
#7406 = VECTOR ( 'NONE', #6176, 1000.000000000000000 ) ;
#7407 = ORIENTED_EDGE ( 'NONE', *, *, #8440, .T. ) ;
#7408 = VERTEX_POINT ( 'NONE', #10905 ) ;
#7409 = DIRECTION ( 'NONE',  ( 0.5773502691896242878, -0.5773502691896267303, -0.5773502691896261751 ) ) ;
#7410 = LINE ( 'NONE', #1226, #5750 ) ;
#7411 = SURFACE_SIDE_STYLE ('',( #3831 ) ) ;
#7412 = VECTOR ( 'NONE', #5651, 1000.000000000000000 ) ;
#7413 = EDGE_LOOP ( 'NONE', ( #8442, #5884, #3963, #188 ) ) ;
#7414 = DIRECTION ( 'NONE',  ( 0.5773502691896288397, 0.5773502691896263972, -0.5773502691896219563 ) ) ;
#7415 = EDGE_LOOP ( 'NONE', ( #3702, #224, #6593, #4062 ) ) ;
#7416 = SURFACE_SIDE_STYLE ('',( #560 ) ) ;
#7417 = SURFACE_SIDE_STYLE ('',( #11064 ) ) ;
#7418 = ORIENTED_EDGE ( 'NONE', *, *, #2943, .T. ) ;
#7419 = SURFACE_SIDE_STYLE ('',( #5649 ) ) ;
#7420 = COLOUR_RGB ( '',1.000000000000000000, 0.8117647058823529438, 0.5019607843137254832 ) ;
#7421 = CARTESIAN_POINT ( 'NONE',  ( 0.05000000000000012768, 3.149999999999999023, -2.050000000000001599 ) ) ;
#7422 =( LENGTH_UNIT ( ) NAMED_UNIT ( * ) SI_UNIT ( .MILLI., .METRE. ) );
#7423 = SURFACE_STYLE_USAGE ( .BOTH. , #8119 ) ;
#7424 = CARTESIAN_POINT ( 'NONE',  ( 4.250000000000000000, -3.299999999999997158, 0.2500000000000002220 ) ) ;
#7425 = EDGE_CURVE ( 'NONE', #2376, #601, #8298, .T. ) ;
#7426 = COLOUR_RGB ( '',1.000000000000000000, 0.8117647058823529438, 0.5019607843137254832 ) ;
#7427 = COLOUR_RGB ( '',1.000000000000000000, 0.8117647058823529438, 0.5019607843137254832 ) ;
#7428 = MECHANICAL_DESIGN_GEOMETRIC_PRESENTATION_REPRESENTATION (  '', ( #928 ), #9292 ) ;
#7429 = FILL_AREA_STYLE ('',( #4020 ) ) ;
#7430 = CARTESIAN_POINT ( 'NONE',  ( -1.180000000000000382, 4.229999999999999538, 1.700000000000000178 ) ) ;
#7431 = SURFACE_STYLE_FILL_AREA ( #9187 ) ;
#7432 = ORIENTED_EDGE ( 'NONE', *, *, #4769, .T. ) ;
#7433 = PRESENTATION_LAYER_ASSIGNMENT (  '', '', ( #8568 ) ) ;
#7434 = UNCERTAINTY_MEASURE_WITH_UNIT (LENGTH_MEASURE( 1.000000000000000082E-05 ), #93, 'distance_accuracy_value', 'NONE');
#7435 = VECTOR ( 'NONE', #1814, 1000.000000000000000 ) ;
#7436 = SURFACE_STYLE_FILL_AREA ( #1097 ) ;
#7437 = COLOUR_RGB ( '',1.000000000000000000, 1.000000000000000000, 1.000000000000000000 ) ;
#7438 = CARTESIAN_POINT ( 'NONE',  ( 4.750000000000000888, 3.399999999999999467, -2.050000000000001599 ) ) ;
#7439 = ORIENTED_EDGE ( 'NONE', *, *, #7114, .T. ) ;
#7440 = EDGE_CURVE ( 'NONE', #8078, #2097, #1028, .T. ) ;
#7441 = ORIENTED_EDGE ( 'NONE', *, *, #9920, .F. ) ;
#7442 = DIRECTION ( 'NONE',  ( -3.833233541708433496E-17, -0.7071067811865472397, -0.7071067811865479058 ) ) ;
#7443 = EDGE_CURVE ( 'NONE', #10502, #4330, #7258, .T. ) ;
#7444 = ORIENTED_EDGE ( 'NONE', *, *, #5643, .T. ) ;
#7445 = CARTESIAN_POINT ( 'NONE',  ( 2.750000000000000444, 3.399999999999999467, -2.050000000000001599 ) ) ;
#7446 = STYLED_ITEM ( 'NONE', ( #2408 ), #6733 ) ;
#7447 = CARTESIAN_POINT ( 'NONE',  ( 13.74999999999999822, -3.299999999999997158, 0.2500000000000002220 ) ) ;
#7448 =( NAMED_UNIT ( * ) SI_UNIT ( $, .STERADIAN. ) SOLID_ANGLE_UNIT ( ) );
#7449 = DIRECTION ( 'NONE',  ( -4.336808689942017736E-16, 0.0000000000000000000, -1.000000000000000000 ) ) ;
#7450 = FILL_AREA_STYLE ('',( #1207 ) ) ;
#7451 = AXIS2_PLACEMENT_3D ( 'NONE', #6480, #1337, #8392 ) ;
#7452 = CARTESIAN_POINT ( 'NONE',  ( 9.750000000000000000, 5.000000000000004441, 0.2500000000000002220 ) ) ;
#7453 = COLOUR_RGB ( '',1.000000000000000000, 1.000000000000000000, 1.000000000000000000 ) ;
#7454 = ORIENTED_EDGE ( 'NONE', *, *, #10648, .F. ) ;
#7455 = FILL_AREA_STYLE ('',( #3985 ) ) ;
#7456 = EDGE_CURVE ( 'NONE', #11142, #2873, #9121, .T. ) ;
#7457 = LINE ( 'NONE', #10987, #5310 ) ;
#7458 = CARTESIAN_POINT ( 'NONE',  ( -1.350000000000000089, 1.149999999999999911, -2.350000000000001421 ) ) ;
#7459 = DIRECTION ( 'NONE',  ( 0.0000000000000000000, 0.0000000000000000000, 1.000000000000000000 ) ) ;
#7460 = ORIENTED_EDGE ( 'NONE', *, *, #1461, .F. ) ;
#7461 =( LENGTH_UNIT ( ) NAMED_UNIT ( * ) SI_UNIT ( .MILLI., .METRE. ) );
#7462 = CARTESIAN_POINT ( 'NONE',  ( 1.299999999999999600, 0.2000000000000000389, -2.800000000000000266 ) ) ;
#7463 = UNCERTAINTY_MEASURE_WITH_UNIT (LENGTH_MEASURE( 1.000000000000000082E-05 ), #89, 'distance_accuracy_value', 'NONE');
#7464 = CARTESIAN_POINT ( 'NONE',  ( 12.75000000000000178, 3.399999999999999467, -2.350000000000001865 ) ) ;
#7465 = EDGE_CURVE ( 'NONE', #2577, #8694, #1992, .T. ) ;
#7466 =( NAMED_UNIT ( * ) SI_UNIT ( $, .STERADIAN. ) SOLID_ANGLE_UNIT ( ) );
#7467 = DIRECTION ( 'NONE',  ( -1.000000000000000000, 5.421010862427522170E-17, 0.0000000000000000000 ) ) ;
#7468 = VERTEX_POINT ( 'NONE', #280 ) ;
#7469 = EDGE_LOOP ( 'NONE', ( #10393, #649, #3407, #5349 ) ) ;
#7470 = ORIENTED_EDGE ( 'NONE', *, *, #9328, .F. ) ;
#7471 = FILL_AREA_STYLE ('',( #6556 ) ) ;
#7472 = FACE_OUTER_BOUND ( 'NONE', #10477, .T. ) ;
#7473 = VECTOR ( 'NONE', #10994, 1000.000000000000000 ) ;
#7474 = ORIENTED_EDGE ( 'NONE', *, *, #288, .T. ) ;
#7475 = DIRECTION ( 'NONE',  ( -0.0000000000000000000, -0.0000000000000000000, -1.000000000000000000 ) ) ;
#7476 = VERTEX_POINT ( 'NONE', #3787 ) ;
#7477 = DIRECTION ( 'NONE',  ( 1.000000000000000000, -5.421010862427522170E-17, 0.0000000000000000000 ) ) ;
#7478 =( NAMED_UNIT ( * ) PLANE_ANGLE_UNIT ( ) SI_UNIT ( $, .RADIAN. ) );
#7479 = VECTOR ( 'NONE', #9269, 1000.000000000000000 ) ;
#7480 = DIRECTION ( 'NONE',  ( -9.103382349328301547E-49, -2.350988701644575016E-32, -1.000000000000000000 ) ) ;
#7481 = SURFACE_SIDE_STYLE ('',( #1235 ) ) ;
#7482 = EDGE_LOOP ( 'NONE', ( #2557, #8044, #4199, #11409 ) ) ;
#7483 = ADVANCED_FACE ( 'NONE', ( #173 ), #2885, .F. ) ;
#7484 = CARTESIAN_POINT ( 'NONE',  ( 12.69999999999999929, 0.1999999999999999833, 1.700000000000000178 ) ) ;
#7485 = FILL_AREA_STYLE_COLOUR ( '', #5541 ) ;
#7486 = CARTESIAN_POINT ( 'NONE',  ( 11.75000000000000000, -3.399999999999999911, -0.2499999999999997780 ) ) ;
#7487 = VECTOR ( 'NONE', #9257, 999.9999999999998863 ) ;
#7488 =( LENGTH_UNIT ( ) NAMED_UNIT ( * ) SI_UNIT ( .MILLI., .METRE. ) );
#7489 = DIRECTION ( 'NONE',  ( 1.000000000000000000, 1.927470528863119542E-16, -0.0000000000000000000 ) ) ;
#7490 = ORIENTED_EDGE ( 'NONE', *, *, #4482, .F. ) ;
#7491 = EDGE_LOOP ( 'NONE', ( #10986, #10343, #5029, #4665 ) ) ;
#7492 = CARTESIAN_POINT ( 'NONE',  ( 0.6999999999999992895, 0.0000000000000000000, -2.800000000000000266 ) ) ;
#7493 = FACE_OUTER_BOUND ( 'NONE', #6128, .T. ) ;
#7494 = EDGE_CURVE ( 'NONE', #1489, #7408, #1147, .T. ) ;
#7495 = MECHANICAL_DESIGN_GEOMETRIC_PRESENTATION_REPRESENTATION (  '', ( #9909 ), #11184 ) ;
#7496 = FILL_AREA_STYLE ('',( #2129 ) ) ;
#7497 = ORIENTED_EDGE ( 'NONE', *, *, #7574, .F. ) ;
#7498 = STYLED_ITEM ( 'NONE', ( #6361 ), #1035 ) ;
#7499 = EDGE_CURVE ( 'NONE', #8260, #8482, #8059, .T. ) ;
#7500 = LINE ( 'NONE', #3267, #3058 ) ;
#7501 = EDGE_CURVE ( 'NONE', #4336, #3193, #8242, .T. ) ;
#7502 = DIRECTION ( 'NONE',  ( -0.7071067811865536790, -0.7071067811865414665, 1.662400053425821631E-32 ) ) ;
#7503 = STYLED_ITEM ( 'NONE', ( #8031 ), #3566 ) ;
#7504 = FILL_AREA_STYLE_COLOUR ( '', #8196 ) ;
#7505 = CARTESIAN_POINT ( 'NONE',  ( 0.7500000000000002220, 3.399999999999999467, -2.350000000000001421 ) ) ;
#7506 = FACE_OUTER_BOUND ( 'NONE', #5809, .T. ) ;
#7507 = VERTEX_POINT ( 'NONE', #11179 ) ;
#7508 = LINE ( 'NONE', #310, #4672 ) ;
#7509 = ORIENTED_EDGE ( 'NONE', *, *, #9696, .F. ) ;
#7510 = VERTEX_POINT ( 'NONE', #4014 ) ;
#7511 = ORIENTED_EDGE ( 'NONE', *, *, #10487, .T. ) ;
#7512 =( LENGTH_UNIT ( ) NAMED_UNIT ( * ) SI_UNIT ( .MILLI., .METRE. ) );
#7513 = SURFACE_STYLE_USAGE ( .BOTH. , #9264 ) ;
#7514 = PLANE ( 'NONE',  #10579 ) ;
#7515 = VECTOR ( 'NONE', #3901, 1000.000000000000000 ) ;
#7516 = AXIS2_PLACEMENT_3D ( 'NONE', #267, #5407, #7357 ) ;
#7517 = ORIENTED_EDGE ( 'NONE', *, *, #765, .T. ) ;
#7518 = CARTESIAN_POINT ( 'NONE',  ( 13.74999999999999822, -3.399999999999999911, -0.2499999999999997780 ) ) ;
#7519 = EDGE_CURVE ( 'NONE', #1452, #3122, #9473, .T. ) ;
#7520 = STYLED_ITEM ( 'NONE', ( #5898 ), #4621 ) ;
#7521 = DIRECTION ( 'NONE',  ( 1.000000000000000000, -0.0000000000000000000, -4.845596301611194130E-17 ) ) ;
#7522 = CARTESIAN_POINT ( 'NONE',  ( 12.25000000000000000, 0.2000000000000000111, 0.2500000000000002220 ) ) ;
#7523 = SURFACE_STYLE_USAGE ( .BOTH. , #4685 ) ;
#7524 = ORIENTED_EDGE ( 'NONE', *, *, #120, .T. ) ;
#7525 = STYLED_ITEM ( 'NONE', ( #10452 ), #1650 ) ;
#7526 = ORIENTED_EDGE ( 'NONE', *, *, #7425, .F. ) ;
#7527 = PRESENTATION_STYLE_ASSIGNMENT (( #10265 ) ) ;
#7528 = FACE_BOUND ( 'NONE', #2235, .T. ) ;
#7529 = ORIENTED_EDGE ( 'NONE', *, *, #11082, .T. ) ;
#7530 = ORIENTED_EDGE ( 'NONE', *, *, #8934, .F. ) ;
#7531 = VECTOR ( 'NONE', #7008, 1000.000000000000114 ) ;
#7532 = DIRECTION ( 'NONE',  ( -1.000000000000000000, 0.0000000000000000000, 0.0000000000000000000 ) ) ;
#7533 = AXIS2_PLACEMENT_3D ( 'NONE', #8285, #9279, #8340 ) ;
#7534 = SURFACE_SIDE_STYLE ('',( #5113 ) ) ;
#7535 = MECHANICAL_DESIGN_GEOMETRIC_PRESENTATION_REPRESENTATION (  '', ( #5153 ), #1937 ) ;
#7536 = CARTESIAN_POINT ( 'NONE',  ( 13.74999999999999822, -3.299999999999997158, -0.2499999999999997780 ) ) ;
#7537 = MECHANICAL_DESIGN_GEOMETRIC_PRESENTATION_REPRESENTATION (  '', ( #4577 ), #8650 ) ;
#7538 = SURFACE_SIDE_STYLE ('',( #11121 ) ) ;
#7539 = ORIENTED_EDGE ( 'NONE', *, *, #4374, .F. ) ;
#7540 = CARTESIAN_POINT ( 'NONE',  ( 12.84999999999999787, 1.800000000000001377, 1.700000000000000178 ) ) ;
#7541 = FILL_AREA_STYLE_COLOUR ( '', #3269 ) ;
#7542 = DIRECTION ( 'NONE',  ( 0.0000000000000000000, 0.0000000000000000000, 1.000000000000000000 ) ) ;
#7543 = SURFACE_STYLE_FILL_AREA ( #3300 ) ;
#7544 = MECHANICAL_DESIGN_GEOMETRIC_PRESENTATION_REPRESENTATION (  '', ( #8289 ), #4588 ) ;
#7545 = EDGE_LOOP ( 'NONE', ( #989, #654, #9082, #10785, #6183, #2503, #5526, #2492, #701, #3803, #2789, #3194, #8321, #6942, #10622, #1008, #9715, #5924, #2791, #10701, #3868, #10835, #4472, #9700, #809, #11395, #1396, #2399, #3526, #3233, #3945, #8202, #6665, #2931, #1068, #9653 ) ) ;
#7546 =( LENGTH_UNIT ( ) NAMED_UNIT ( * ) SI_UNIT ( .MILLI., .METRE. ) );
#7547 = DIRECTION ( 'NONE',  ( -4.336808689942017736E-16, 0.0000000000000000000, -1.000000000000000000 ) ) ;
#7548 = LINE ( 'NONE', #10913, #1107 ) ;
#7549 = LINE ( 'NONE', #5934, #849 ) ;
#7550 = ORIENTED_EDGE ( 'NONE', *, *, #9438, .F. ) ;
#7551 = VERTEX_POINT ( 'NONE', #11069 ) ;
#7552 = FILL_AREA_STYLE_COLOUR ( '', #5204 ) ;
#7553 = UNCERTAINTY_MEASURE_WITH_UNIT (LENGTH_MEASURE( 1.000000000000000082E-05 ), #10989, 'distance_accuracy_value', 'NONE');
#7554 = FILL_AREA_STYLE ('',( #10345 ) ) ;
#7555 = MECHANICAL_DESIGN_GEOMETRIC_PRESENTATION_REPRESENTATION (  '', ( #1050 ), #4429 ) ;
#7556 = ORIENTED_EDGE ( 'NONE', *, *, #10717, .F. ) ;
#7557 = PRESENTATION_STYLE_ASSIGNMENT (( #8494 ) ) ;
#7558 = SURFACE_STYLE_USAGE ( .BOTH. , #7677 ) ;
#7559 = ORIENTED_EDGE ( 'NONE', *, *, #2970, .T. ) ;
#7560 = SURFACE_SIDE_STYLE ('',( #10420 ) ) ;
#7561 = CARTESIAN_POINT ( 'NONE',  ( 12.25000000000000000, -3.299999999999997158, 0.2500000000000002220 ) ) ;
#7562 = LINE ( 'NONE', #6873, #10222 ) ;
#7563 =( NAMED_UNIT ( * ) PLANE_ANGLE_UNIT ( ) SI_UNIT ( $, .RADIAN. ) );
#7564 =( LENGTH_UNIT ( ) NAMED_UNIT ( * ) SI_UNIT ( .MILLI., .METRE. ) );
#7565 = LINE ( 'NONE', #312, #8995 ) ;
#7566 = FACE_OUTER_BOUND ( 'NONE', #6961, .T. ) ;
#7567 = SURFACE_STYLE_USAGE ( .BOTH. , #2203 ) ;
#7568 = EDGE_CURVE ( 'NONE', #4064, #5805, #1411, .T. ) ;
#7569 = AXIS2_PLACEMENT_3D ( 'NONE', #8348, #7255, #6564 ) ;
#7570 = ORIENTED_EDGE ( 'NONE', *, *, #9565, .T. ) ;
#7571 = EDGE_CURVE ( 'NONE', #4942, #3329, #8352, .T. ) ;
#7572 = VECTOR ( 'NONE', #7997, 1000.000000000000000 ) ;
#7573 = CARTESIAN_POINT ( 'NONE',  ( -0.7000000000000002887, 0.2000000000000000389, -2.800000000000000266 ) ) ;
#7574 = EDGE_CURVE ( 'NONE', #340, #5498, #8595, .T. ) ;
#7575 = DIRECTION ( 'NONE',  ( -0.0000000000000000000, -0.0000000000000000000, 1.000000000000000000 ) ) ;
#7576 = LINE ( 'NONE', #4404, #2764 ) ;
#7577 = CARTESIAN_POINT ( 'NONE',  ( 6.249999999999998224, 5.000000000000004441, 0.2500000000000002220 ) ) ;
#7578 = LINE ( 'NONE', #9339, #2360 ) ;
#7579 = VERTEX_POINT ( 'NONE', #4995 ) ;
#7580 = ORIENTED_EDGE ( 'NONE', *, *, #4051, .T. ) ;
#7581 = LINE ( 'NONE', #11107, #10288 ) ;
#7582 = MECHANICAL_DESIGN_GEOMETRIC_PRESENTATION_REPRESENTATION (  '', ( #168 ), #712 ) ;
#7583 = ORIENTED_EDGE ( 'NONE', *, *, #7980, .F. ) ;
#7584 = DIRECTION ( 'NONE',  ( -1.362927481496328130E-16, 0.7071067811865451302, -0.7071067811865500152 ) ) ;
#7585 =( NAMED_UNIT ( * ) SI_UNIT ( $, .STERADIAN. ) SOLID_ANGLE_UNIT ( ) );
#7586 = UNCERTAINTY_MEASURE_WITH_UNIT (LENGTH_MEASURE( 1.000000000000000082E-05 ), #10912, 'distance_accuracy_value', 'NONE');
#7587 = EDGE_CURVE ( 'NONE', #11003, #7510, #3959, .T. ) ;
#7588 = VERTEX_POINT ( 'NONE', #7540 ) ;
#7589 = ORIENTED_EDGE ( 'NONE', *, *, #7688, .F. ) ;
#7590 = SURFACE_SIDE_STYLE ('',( #499 ) ) ;
#7591 = AXIS2_PLACEMENT_3D ( 'NONE', #6864, #8779, #2481 ) ;
#7592 = LINE ( 'NONE', #11115, #4343 ) ;
#7593 = LINE ( 'NONE', #3953, #2028 ) ;
#7594 = CARTESIAN_POINT ( 'NONE',  ( -1.949999999999999956, 1.149999999999999911, -1.050000000000008926 ) ) ;
#7595 = DIRECTION ( 'NONE',  ( -1.000000000000000000, 3.872150616019660190E-17, -0.0000000000000000000 ) ) ;
#7596 = FILL_AREA_STYLE ('',( #4074 ) ) ;
#7597 = PLANE ( 'NONE',  #6169 ) ;
#7598 = VECTOR ( 'NONE', #7905, 1000.000000000000000 ) ;
#7599 = DIRECTION ( 'NONE',  ( -0.0000000000000000000, 1.000000000000000000, -0.0000000000000000000 ) ) ;
#7600 = FACE_OUTER_BOUND ( 'NONE', #6922, .T. ) ;
#7601 = LINE ( 'NONE', #9357, #10697 ) ;
#7602 = EDGE_LOOP ( 'NONE', ( #7245, #4632, #10039, #5808 ) ) ;
#7603 = CARTESIAN_POINT ( 'NONE',  ( 12.75000000000000178, 1.149999999999999911, -2.050000000000001599 ) ) ;
#7604 = CARTESIAN_POINT ( 'NONE',  ( 5.749999999999998224, 1.800000000000000044, -2.800000000000003819 ) ) ;
#7605 = VECTOR ( 'NONE', #4111, 1000.000000000000000 ) ;
#7606 = LINE ( 'NONE', #10342, #9766 ) ;
#7607 = ORIENTED_EDGE ( 'NONE', *, *, #9646, .T. ) ;
#7608 = ORIENTED_EDGE ( 'NONE', *, *, #2455, .T. ) ;
#7609 = EDGE_LOOP ( 'NONE', ( #713, #1513, #9617, #5959 ) ) ;
#7610 = EDGE_CURVE ( 'NONE', #10781, #11258, #3059, .T. ) ;
#7611 = DIRECTION ( 'NONE',  ( 3.872150616019660190E-17, 1.000000000000000000, 0.0000000000000000000 ) ) ;
#7612 = EDGE_LOOP ( 'NONE', ( #5590, #1094, #10281, #1984 ) ) ;
#7613 = VECTOR ( 'NONE', #5600, 1000.000000000000000 ) ;
#7614 = ORIENTED_EDGE ( 'NONE', *, *, #1445, .T. ) ;
#7615 = SURFACE_STYLE_FILL_AREA ( #463 ) ;
#7616 =( NAMED_UNIT ( * ) SI_UNIT ( $, .STERADIAN. ) SOLID_ANGLE_UNIT ( ) );
#7617 = DIRECTION ( 'NONE',  ( -4.336808689942017736E-16, 0.0000000000000000000, -1.000000000000000000 ) ) ;
#7618 = PRESENTATION_LAYER_ASSIGNMENT (  '', '', ( #5776 ) ) ;
#7619 = AXIS2_PLACEMENT_3D ( 'NONE', #9146, #4729, #10875 ) ;
#7620 = VECTOR ( 'NONE', #1708, 1000.000000000000000 ) ;
#7621 = FILL_AREA_STYLE ('',( #6641 ) ) ;
#7622 = PRESENTATION_LAYER_ASSIGNMENT (  '', '', ( #9854 ) ) ;
#7623 = DIRECTION ( 'NONE',  ( 7.301397222301763825E-17, -0.7071067811865457964, -0.7071067811865492381 ) ) ;
#7624 = VECTOR ( 'NONE', #10415, 1000.000000000000000 ) ;
#7625 = EDGE_LOOP ( 'NONE', ( #11335, #8282, #3836, #5460, #6297 ) ) ;
#7626 =( NAMED_UNIT ( * ) PLANE_ANGLE_UNIT ( ) SI_UNIT ( $, .RADIAN. ) );
#7627 = EDGE_CURVE ( 'NONE', #773, #3178, #5819, .T. ) ;
#7628 =( GEOMETRIC_REPRESENTATION_CONTEXT ( 3 ) GLOBAL_UNCERTAINTY_ASSIGNED_CONTEXT ( ( #7157 ) ) GLOBAL_UNIT_ASSIGNED_CONTEXT ( ( #10496, #11229, #8752 ) ) REPRESENTATION_CONTEXT ( 'NONE', 'WORKASPACE' ) );
#7629 = FILL_AREA_STYLE_COLOUR ( '', #10111 ) ;
#7630 = LINE ( 'NONE', #10084, #7169 ) ;
#7631 = VECTOR ( 'NONE', #8224, 1000.000000000000000 ) ;
#7632 = EDGE_LOOP ( 'NONE', ( #8497, #9051, #2355, #3646, #8540, #6459 ) ) ;
#7633 = VECTOR ( 'NONE', #7969, 1000.000000000000000 ) ;
#7634 = STYLED_ITEM ( 'NONE', ( #6735 ), #6584 ) ;
#7635 = VERTEX_POINT ( 'NONE', #10336 ) ;
#7636 =( NAMED_UNIT ( * ) PLANE_ANGLE_UNIT ( ) SI_UNIT ( $, .RADIAN. ) );
#7637 =( NAMED_UNIT ( * ) SI_UNIT ( $, .STERADIAN. ) SOLID_ANGLE_UNIT ( ) );
#7638 = DIRECTION ( 'NONE',  ( 0.5773502691896239547, -0.5773502691896289507, -0.5773502691896243988 ) ) ;
#7639 = COLOUR_RGB ( '',1.000000000000000000, 0.8117647058823529438, 0.5019607843137254832 ) ;
#7640 = SURFACE_STYLE_FILL_AREA ( #4059 ) ;
#7641 = DIRECTION ( 'NONE',  ( 1.000000000000000000, -0.0000000000000000000, 1.927470528863119049E-16 ) ) ;
#7642 = PRESENTATION_LAYER_ASSIGNMENT (  '', '', ( #4140 ) ) ;
#7643 = SURFACE_STYLE_USAGE ( .BOTH. , #1342 ) ;
#7644 = VERTEX_POINT ( 'NONE', #4139 ) ;
#7645 = EDGE_LOOP ( 'NONE', ( #9324, #403, #2397, #1976 ) ) ;
#7646 = STYLED_ITEM ( 'NONE', ( #3983 ), #6912 ) ;
#7647 = ORIENTED_EDGE ( 'NONE', *, *, #9644, .T. ) ;
#7648 = ADVANCED_FACE ( 'NONE', ( #10161 ), #4945, .F. ) ;
#7649 = LINE ( 'NONE', #5863, #7682 ) ;
#7650 = FACE_OUTER_BOUND ( 'NONE', #8687, .T. ) ;
#7651 = ORIENTED_EDGE ( 'NONE', *, *, #10836, .T. ) ;
#7652 = MECHANICAL_DESIGN_GEOMETRIC_PRESENTATION_REPRESENTATION (  '', ( #7841 ), #6904 ) ;
#7653 = FACE_OUTER_BOUND ( 'NONE', #4724, .T. ) ;
#7654 = EDGE_CURVE ( 'NONE', #8547, #9091, #7660, .T. ) ;
#7655 = DIRECTION ( 'NONE',  ( 1.000000000000000000, -0.0000000000000000000, 0.0000000000000000000 ) ) ;
#7656 = EDGE_CURVE ( 'NONE', #909, #2876, #5874, .T. ) ;
#7657 = CARTESIAN_POINT ( 'NONE',  ( 15.17999999999999972, 2.250000000000001776, 1.700000000000000178 ) ) ;
#7658 = PLANE ( 'NONE',  #8952 ) ;
#7659 = ORIENTED_EDGE ( 'NONE', *, *, #400, .T. ) ;
#7660 = LINE ( 'NONE', #8475, #2375 ) ;
#7661 = FILL_AREA_STYLE_COLOUR ( '', #6280 ) ;
#7662 =( LENGTH_UNIT ( ) NAMED_UNIT ( * ) SI_UNIT ( .MILLI., .METRE. ) );
#7663 = DIRECTION ( 'NONE',  ( -1.000000000000000000, 3.872150616019660190E-17, 0.0000000000000000000 ) ) ;
#7664 = ORIENTED_EDGE ( 'NONE', *, *, #8693, .F. ) ;
#7665 = VECTOR ( 'NONE', #8042, 1000.000000000000000 ) ;
#7666 =( LENGTH_UNIT ( ) NAMED_UNIT ( * ) SI_UNIT ( .MILLI., .METRE. ) );
#7667 = CARTESIAN_POINT ( 'NONE',  ( 4.250000000000000000, -3.299999999999997158, -0.2499999999999997780 ) ) ;
#7668 =( NAMED_UNIT ( * ) PLANE_ANGLE_UNIT ( ) SI_UNIT ( $, .RADIAN. ) );
#7669 = ADVANCED_FACE ( 'NONE', ( #10277 ), #2293, .T. ) ;
#7670 = EDGE_LOOP ( 'NONE', ( #6849, #3414, #3388, #7131 ) ) ;
#7671 = ORIENTED_EDGE ( 'NONE', *, *, #11200, .F. ) ;
#7672 = LINE ( 'NONE', #2302, #538 ) ;
#7673 = ORIENTED_EDGE ( 'NONE', *, *, #9586, .F. ) ;
#7674 = FACE_OUTER_BOUND ( 'NONE', #4023, .T. ) ;
#7675 = MECHANICAL_DESIGN_GEOMETRIC_PRESENTATION_REPRESENTATION (  '', ( #1519 ), #2649 ) ;
#7676 = CARTESIAN_POINT ( 'NONE',  ( 12.08333333333333570, 5.166666666666674068, -0.08333333333333586834 ) ) ;
#7677 = SURFACE_SIDE_STYLE ('',( #1430 ) ) ;
#7678 = ORIENTED_EDGE ( 'NONE', *, *, #9180, .F. ) ;
#7679 = ADVANCED_FACE ( 'NONE', ( #739 ), #8767, .F. ) ;
#7680 = FILL_AREA_STYLE ('',( #4158 ) ) ;
#7681 =( NAMED_UNIT ( * ) PLANE_ANGLE_UNIT ( ) SI_UNIT ( $, .RADIAN. ) );
#7682 = VECTOR ( 'NONE', #8283, 1000.000000000000000 ) ;
#7683 = DIRECTION ( 'NONE',  ( -3.872150616019660190E-17, -1.000000000000000000, 0.0000000000000000000 ) ) ;
#7684 = MECHANICAL_DESIGN_GEOMETRIC_PRESENTATION_REPRESENTATION (  '', ( #7498 ), #1899 ) ;
#7685 = SURFACE_STYLE_USAGE ( .BOTH. , #5210 ) ;
#7686 = SURFACE_STYLE_FILL_AREA ( #11213 ) ;
#7687 =( NAMED_UNIT ( * ) SI_UNIT ( $, .STERADIAN. ) SOLID_ANGLE_UNIT ( ) );
#7688 = EDGE_CURVE ( 'NONE', #1608, #5689, #61, .T. ) ;
#7689 = MECHANICAL_DESIGN_GEOMETRIC_PRESENTATION_REPRESENTATION (  '', ( #6226 ), #3439 ) ;
#7690 =( NAMED_UNIT ( * ) SI_UNIT ( $, .STERADIAN. ) SOLID_ANGLE_UNIT ( ) );
#7691 = SURFACE_STYLE_USAGE ( .BOTH. , #6023 ) ;
#7692 = DIRECTION ( 'NONE',  ( -0.7071067811865566766, -0.7071067811865383579, 1.662400053425814515E-32 ) ) ;
#7693 =( GEOMETRIC_REPRESENTATION_CONTEXT ( 3 ) GLOBAL_UNCERTAINTY_ASSIGNED_CONTEXT ( ( #9776 ) ) GLOBAL_UNIT_ASSIGNED_CONTEXT ( ( #11039, #9151, #6645 ) ) REPRESENTATION_CONTEXT ( 'NONE', 'WORKASPACE' ) );
#7694 = CARTESIAN_POINT ( 'NONE',  ( 0.0000000000000000000, 0.0000000000000000000, 0.05000000000000012768 ) ) ;
#7695 = CARTESIAN_POINT ( 'NONE',  ( 6.249999999999998224, 1.800000000000000044, -2.800000000000000266 ) ) ;
#7696 = EDGE_LOOP ( 'NONE', ( #4234, #8747, #10553, #2040 ) ) ;
#7697 = EDGE_LOOP ( 'NONE', ( #9906, #7444, #1629, #3648 ) ) ;
#7698 = ORIENTED_EDGE ( 'NONE', *, *, #5402, .T. ) ;
#7699 = PLANE ( 'NONE',  #4914 ) ;
#7700 = PRESENTATION_LAYER_ASSIGNMENT (  '', '', ( #10844 ) ) ;
#7701 = ORIENTED_EDGE ( 'NONE', *, *, #1979, .T. ) ;
#7702 =( LENGTH_UNIT ( ) NAMED_UNIT ( * ) SI_UNIT ( .MILLI., .METRE. ) );
#7703 = CARTESIAN_POINT ( 'NONE',  ( 5.750000000000000000, -3.399999999999999911, 0.1499999999999973577 ) ) ;
#7704 = UNCERTAINTY_MEASURE_WITH_UNIT (LENGTH_MEASURE( 1.000000000000000082E-05 ), #870, 'distance_accuracy_value', 'NONE');
#7705 = ORIENTED_EDGE ( 'NONE', *, *, #7494, .F. ) ;
#7706 = EDGE_LOOP ( 'NONE', ( #5137, #9251, #4867, #6026 ) ) ;
#7707 = SURFACE_SIDE_STYLE ('',( #10328 ) ) ;
#7708 = ORIENTED_EDGE ( 'NONE', *, *, #4427, .F. ) ;
#7709 = STYLED_ITEM ( 'NONE', ( #1413 ), #1666 ) ;
#7710 = STYLED_ITEM ( 'NONE', ( #5685 ), #3184 ) ;
#7711 = SURFACE_STYLE_FILL_AREA ( #9530 ) ;
#7712 = FACE_OUTER_BOUND ( 'NONE', #6666, .T. ) ;
#7713 = CARTESIAN_POINT ( 'NONE',  ( 3.750000000000000444, 0.2000000000000000111, -0.2499999999999997780 ) ) ;
#7714 = STYLED_ITEM ( 'NONE', ( #6013 ), #4540 ) ;
#7715 = SURFACE_STYLE_FILL_AREA ( #3244 ) ;
#7716 = VERTEX_POINT ( 'NONE', #1587 ) ;
#7717 = CARTESIAN_POINT ( 'NONE',  ( 5.299999999999998934, 0.2000000000000000389, -2.800000000000000266 ) ) ;
#7718 = DIRECTION ( 'NONE',  ( 0.0000000000000000000, 0.0000000000000000000, 1.000000000000000000 ) ) ;
#7719 = ADVANCED_FACE ( 'NONE', ( #9694 ), #5179, .F. ) ;
#7720 = EDGE_CURVE ( 'NONE', #1346, #9572, #1179, .T. ) ;
#7721 = STYLED_ITEM ( 'NONE', ( #4931 ), #5777 ) ;
#7722 = VERTEX_POINT ( 'NONE', #4751 ) ;
#7723 = ADVANCED_FACE ( 'NONE', ( #9912 ), #10894, .F. ) ;
#7724 = STYLED_ITEM ( 'NONE', ( #5065 ), #4806 ) ;
#7725 = CARTESIAN_POINT ( 'NONE',  ( 1.750000000000000222, -3.399999999999999911, 0.2500000000000002220 ) ) ;
#7726 = SURFACE_STYLE_USAGE ( .BOTH. , #7782 ) ;
#7727 = DIRECTION ( 'NONE',  ( -4.336808689942017736E-16, 1.679277644031839923E-32, -1.000000000000000000 ) ) ;
#7728 = PRESENTATION_LAYER_ASSIGNMENT (  '', '', ( #1200 ) ) ;
#7729 = ORIENTED_EDGE ( 'NONE', *, *, #7744, .F. ) ;
#7730 =( NAMED_UNIT ( * ) SI_UNIT ( $, .STERADIAN. ) SOLID_ANGLE_UNIT ( ) );
#7731 = UNCERTAINTY_MEASURE_WITH_UNIT (LENGTH_MEASURE( 1.000000000000000082E-05 ), #3970, 'distance_accuracy_value', 'NONE');
#7732 = VECTOR ( 'NONE', #4791, 1000.000000000000000 ) ;
#7733 = CARTESIAN_POINT ( 'NONE',  ( 4.250000000000000000, 5.000000000000000888, 0.2500000000000002220 ) ) ;
#7734 = ORIENTED_EDGE ( 'NONE', *, *, #1214, .F. ) ;
#7735 = FILL_AREA_STYLE_COLOUR ( '', #6493 ) ;
#7736 = VECTOR ( 'NONE', #668, 1000.000000000000000 ) ;
#7737 = ORIENTED_EDGE ( 'NONE', *, *, #10150, .T. ) ;
#7738 = DIRECTION ( 'NONE',  ( 0.0000000000000000000, 1.000000000000000000, 0.0000000000000000000 ) ) ;
#7739 =( NAMED_UNIT ( * ) SI_UNIT ( $, .STERADIAN. ) SOLID_ANGLE_UNIT ( ) );
#7740 = DIRECTION ( 'NONE',  ( -3.833233541708420554E-17, -0.7071067811865447972, -0.7071067811865502373 ) ) ;
#7741 = VECTOR ( 'NONE', #7641, 1000.000000000000000 ) ;
#7743 =( NAMED_UNIT ( * ) SI_UNIT ( $, .STERADIAN. ) SOLID_ANGLE_UNIT ( ) );
#7742 = VECTOR ( 'NONE', #8021, 1000.000000000000000 ) ;
#7744 = EDGE_CURVE ( 'NONE', #5683, #4623, #1072, .T. ) ;
#7745 = VERTEX_POINT ( 'NONE', #5532 ) ;
#7746 = DIRECTION ( 'NONE',  ( 3.872150616019660190E-17, 1.000000000000000000, -0.0000000000000000000 ) ) ;
#7747 = FILL_AREA_STYLE ('',( #2196 ) ) ;
#7748 = DIRECTION ( 'NONE',  ( 0.0000000000000000000, 0.0000000000000000000, 1.000000000000000000 ) ) ;
#7749 = MECHANICAL_DESIGN_GEOMETRIC_PRESENTATION_REPRESENTATION (  '', ( #9231 ), #1213 ) ;
#7750 =( NAMED_UNIT ( * ) SI_UNIT ( $, .STERADIAN. ) SOLID_ANGLE_UNIT ( ) );
#7751 = SURFACE_SIDE_STYLE ('',( #8504 ) ) ;
#7752 = ORIENTED_EDGE ( 'NONE', *, *, #685, .F. ) ;
#7753 = SURFACE_SIDE_STYLE ('',( #10538 ) ) ;
#7754 = ORIENTED_EDGE ( 'NONE', *, *, #3692, .T. ) ;
#7755 = CARTESIAN_POINT ( 'NONE',  ( 15.34999999999999964, -17.08361788380903690, -2.350000000000001865 ) ) ;
#7756 = ORIENTED_EDGE ( 'NONE', *, *, #8511, .T. ) ;
#7757 = EDGE_CURVE ( 'NONE', #4301, #7476, #2042, .T. ) ;
#7758 = COLOUR_RGB ( '',1.000000000000000000, 1.000000000000000000, 1.000000000000000000 ) ;
#7759 = FACE_OUTER_BOUND ( 'NONE', #8417, .T. ) ;
#7760 = FACE_OUTER_BOUND ( 'NONE', #1275, .T. ) ;
#7761 = FILL_AREA_STYLE_COLOUR ( '', #6068 ) ;
#7762 = LINE ( 'NONE', #8863, #7211 ) ;
#7763 = ORIENTED_EDGE ( 'NONE', *, *, #7325, .T. ) ;
#7764 = ORIENTED_EDGE ( 'NONE', *, *, #5767, .F. ) ;
#7765 = ORIENTED_EDGE ( 'NONE', *, *, #5942, .F. ) ;
#7766 = DIRECTION ( 'NONE',  ( -3.872150616019660190E-17, -1.000000000000000000, 0.0000000000000000000 ) ) ;
#7767 =( GEOMETRIC_REPRESENTATION_CONTEXT ( 3 ) GLOBAL_UNCERTAINTY_ASSIGNED_CONTEXT ( ( #1967 ) ) GLOBAL_UNIT_ASSIGNED_CONTEXT ( ( #11118, #6732, #2288 ) ) REPRESENTATION_CONTEXT ( 'NONE', 'WORKASPACE' ) );
#7768 =( NAMED_UNIT ( * ) PLANE_ANGLE_UNIT ( ) SI_UNIT ( $, .RADIAN. ) );
#7769 = FILL_AREA_STYLE ('',( #5170 ) ) ;
#7770 = SURFACE_SIDE_STYLE ('',( #7711 ) ) ;
#7771 =( LENGTH_UNIT ( ) NAMED_UNIT ( * ) SI_UNIT ( .MILLI., .METRE. ) );
#7772 =( GEOMETRIC_REPRESENTATION_CONTEXT ( 3 ) GLOBAL_UNCERTAINTY_ASSIGNED_CONTEXT ( ( #10024 ) ) GLOBAL_UNIT_ASSIGNED_CONTEXT ( ( #5578, #7133, #9057 ) ) REPRESENTATION_CONTEXT ( 'NONE', 'WORKASPACE' ) );
#7773 =( LENGTH_UNIT ( ) NAMED_UNIT ( * ) SI_UNIT ( .MILLI., .METRE. ) );
#7774 = DIRECTION ( 'NONE',  ( -0.7071067811865536790, -0.7071067811865414665, 3.066586833366774900E-16 ) ) ;
#7775 = VERTEX_POINT ( 'NONE', #959 ) ;
#7776 = SURFACE_STYLE_FILL_AREA ( #2294 ) ;
#7777 = DIRECTION ( 'NONE',  ( 1.000000000000000000, 0.0000000000000000000, -2.272280002215129179E-17 ) ) ;
#7778 = CARTESIAN_POINT ( 'NONE',  ( 1.750000000000000222, -3.399999999999999911, 0.1500000000000008271 ) ) ;
#7779 = AXIS2_PLACEMENT_3D ( 'NONE', #5099, #10600, #6202 ) ;
#7780 = VECTOR ( 'NONE', #3486, 1000.000000000000000 ) ;
#7781 =( LENGTH_UNIT ( ) NAMED_UNIT ( * ) SI_UNIT ( .MILLI., .METRE. ) );
#7782 = SURFACE_SIDE_STYLE ('',( #4371 ) ) ;
#7783 = DIRECTION ( 'NONE',  ( 4.336808689942017736E-16, 0.0000000000000000000, 1.000000000000000000 ) ) ;
#7784 = MECHANICAL_DESIGN_GEOMETRIC_PRESENTATION_REPRESENTATION (  '', ( #9463 ), #10006 ) ;
#7785 =( NAMED_UNIT ( * ) PLANE_ANGLE_UNIT ( ) SI_UNIT ( $, .RADIAN. ) );
#7786 = VECTOR ( 'NONE', #6970, 1000.000000000000000 ) ;
#7787 = SURFACE_STYLE_FILL_AREA ( #1713 ) ;
#7788 = ADVANCED_FACE ( 'NONE', ( #8998 ), #8110, .F. ) ;
#7789 = VERTEX_POINT ( 'NONE', #3640 ) ;
#7790 = CARTESIAN_POINT ( 'NONE',  ( 7.249999999999999112, 3.399999999999999467, -2.050000000000001599 ) ) ;
#7791 = SURFACE_STYLE_USAGE ( .BOTH. , #6055 ) ;
#7792 = SURFACE_STYLE_USAGE ( .BOTH. , #6118 ) ;
#7793 = EDGE_CURVE ( 'NONE', #4714, #512, #7186, .T. ) ;
#7794 = CARTESIAN_POINT ( 'NONE',  ( 9.299999999999998934, 0.2000000000000000389, 1.700000000000000178 ) ) ;
#7795 = EDGE_LOOP ( 'NONE', ( #6891, #10069, #10618, #3635 ) ) ;
#7796 = LINE ( 'NONE', #4531, #4299 ) ;
#7797 = EDGE_LOOP ( 'NONE', ( #2274, #9929, #8373, #2972, #9307, #6444, #7220, #2155, #7216, #6, #8424, #7017 ) ) ;
#7798 = ORIENTED_EDGE ( 'NONE', *, *, #825, .F. ) ;
#7799 =( GEOMETRIC_REPRESENTATION_CONTEXT ( 3 ) GLOBAL_UNCERTAINTY_ASSIGNED_CONTEXT ( ( #7553 ) ) GLOBAL_UNIT_ASSIGNED_CONTEXT ( ( #10989, #2854, #367 ) ) REPRESENTATION_CONTEXT ( 'NONE', 'WORKASPACE' ) );
#7800 = PRESENTATION_STYLE_ASSIGNMENT (( #1773 ) ) ;
#7801 = SURFACE_STYLE_FILL_AREA ( #4213 ) ;
#7802 =( GEOMETRIC_REPRESENTATION_CONTEXT ( 3 ) GLOBAL_UNCERTAINTY_ASSIGNED_CONTEXT ( ( #1099 ) ) GLOBAL_UNIT_ASSIGNED_CONTEXT ( ( #6771, #5097, #11218 ) ) REPRESENTATION_CONTEXT ( 'NONE', 'WORKASPACE' ) );
#7803 = EDGE_CURVE ( 'NONE', #5634, #9971, #6557, .T. ) ;
#7804 = PRESENTATION_LAYER_ASSIGNMENT (  '', '', ( #5927 ) ) ;
#7805 = PRESENTATION_STYLE_ASSIGNMENT (( #7863 ) ) ;
#7806 = EDGE_CURVE ( 'NONE', #3771, #5353, #4801, .T. ) ;
#7807 = MECHANICAL_DESIGN_GEOMETRIC_PRESENTATION_REPRESENTATION (  '', ( #11120 ), #9835 ) ;
#7808 = PLANE ( 'NONE',  #8749 ) ;
#7809 =( LENGTH_UNIT ( ) NAMED_UNIT ( * ) SI_UNIT ( .MILLI., .METRE. ) );
#7810 = COLOUR_RGB ( '',1.000000000000000000, 0.8117647058823529438, 0.5019607843137254832 ) ;
#7811 = ORIENTED_EDGE ( 'NONE', *, *, #7456, .T. ) ;
#7812 = VECTOR ( 'NONE', #4195, 1000.000000000000114 ) ;
#7813 = ORIENTED_EDGE ( 'NONE', *, *, #8436, .T. ) ;
#7814 = FILL_AREA_STYLE_COLOUR ( '', #2204 ) ;
#7815 = SURFACE_STYLE_FILL_AREA ( #2387 ) ;
#7816 = DIRECTION ( 'NONE',  ( 9.103382349328301547E-49, 2.350988701644575016E-32, 1.000000000000000000 ) ) ;
#7817 = FILL_AREA_STYLE_COLOUR ( '', #10910 ) ;
#7818 = ORIENTED_EDGE ( 'NONE', *, *, #3022, .F. ) ;
#7819 = EDGE_CURVE ( 'NONE', #8341, #2963, #7410, .T. ) ;
#7820 = VECTOR ( 'NONE', #9104, 1000.000000000000000 ) ;
#7821 = VERTEX_POINT ( 'NONE', #9223 ) ;
#7822 = SURFACE_STYLE_USAGE ( .BOTH. , #5041 ) ;
#7823 = CIRCLE ( 'NONE', #1668, 0.4999999999999995559 ) ;
#7824 = LINE ( 'NONE', #5281, #3428 ) ;
#7825 = VECTOR ( 'NONE', #2527, 1000.000000000000000 ) ;
#7826 = LINE ( 'NONE', #4173, #4767 ) ;
#7827 = UNCERTAINTY_MEASURE_WITH_UNIT (LENGTH_MEASURE( 1.000000000000000082E-05 ), #2277, 'distance_accuracy_value', 'NONE');
#7828 = UNCERTAINTY_MEASURE_WITH_UNIT (LENGTH_MEASURE( 1.000000000000000082E-05 ), #4513, 'distance_accuracy_value', 'NONE');
#7829 = PRESENTATION_STYLE_ASSIGNMENT (( #8586 ) ) ;
#7830 = ADVANCED_FACE ( 'NONE', ( #327 ), #8896, .F. ) ;
#7831 = COLOUR_RGB ( '',1.000000000000000000, 1.000000000000000000, 1.000000000000000000 ) ;
#7832 = MECHANICAL_DESIGN_GEOMETRIC_PRESENTATION_REPRESENTATION (  '', ( #945 ), #10428 ) ;
#7833 = CARTESIAN_POINT ( 'NONE',  ( 13.74999999999999822, 1.800000000000000044, -2.800000000000007372 ) ) ;
#7834 =( GEOMETRIC_REPRESENTATION_CONTEXT ( 3 ) GLOBAL_UNCERTAINTY_ASSIGNED_CONTEXT ( ( #9209 ) ) GLOBAL_UNIT_ASSIGNED_CONTEXT ( ( #5022, #9445, #5786 ) ) REPRESENTATION_CONTEXT ( 'NONE', 'WORKASPACE' ) );
#7835 = DIRECTION ( 'NONE',  ( 0.0000000000000000000, 1.000000000000000000, 0.0000000000000000000 ) ) ;
#7836 = ORIENTED_EDGE ( 'NONE', *, *, #3370, .T. ) ;
#7837 = LINE ( 'NONE', #6954, #8846 ) ;
#7838 = UNCERTAINTY_MEASURE_WITH_UNIT (LENGTH_MEASURE( 1.000000000000000082E-05 ), #4704, 'distance_accuracy_value', 'NONE');
#7839 = EDGE_LOOP ( 'NONE', ( #3711, #7084, #10263, #5573 ) ) ;
#7840 = ORIENTED_EDGE ( 'NONE', *, *, #2943, .F. ) ;
#7841 = STYLED_ITEM ( 'NONE', ( #5368 ), #11457 ) ;
#7842 = FILL_AREA_STYLE_COLOUR ( '', #4081 ) ;
#7843 =( NAMED_UNIT ( * ) PLANE_ANGLE_UNIT ( ) SI_UNIT ( $, .RADIAN. ) );
#7844 = FILL_AREA_STYLE_COLOUR ( '', #6818 ) ;
#7845 = COLOUR_RGB ( '',1.000000000000000000, 0.8117647058823529438, 0.5019607843137254832 ) ;
#7846 = UNCERTAINTY_MEASURE_WITH_UNIT (LENGTH_MEASURE( 1.000000000000000082E-05 ), #2298, 'distance_accuracy_value', 'NONE');
#7847 = CARTESIAN_POINT ( 'NONE',  ( -1.350000000000000089, 1.149999999999999911, -2.350000000000001421 ) ) ;
#7848 = ORIENTED_EDGE ( 'NONE', *, *, #5471, .F. ) ;
#7849 = DIRECTION ( 'NONE',  ( 0.5773502691896191807, 0.5773502691896362782, 0.5773502691896218453 ) ) ;
#7850 = CARTESIAN_POINT ( 'NONE',  ( 3.299999999999999378, 0.2000000000000000389, -2.800000000000000266 ) ) ;
#7851 = EDGE_CURVE ( 'NONE', #3122, #10205, #3434, .T. ) ;
#7852 =( NAMED_UNIT ( * ) PLANE_ANGLE_UNIT ( ) SI_UNIT ( $, .RADIAN. ) );
#7853 = CARTESIAN_POINT ( 'NONE',  ( 5.849999999999994316, 5.100000000000001421, -2.800000000000001155 ) ) ;
#7854 = SURFACE_SIDE_STYLE ('',( #4379 ) ) ;
#7855 = SURFACE_STYLE_USAGE ( .BOTH. , #5947 ) ;
#7856 = PLANE ( 'NONE',  #2214 ) ;
#7857 = FACE_OUTER_BOUND ( 'NONE', #11285, .T. ) ;
#7858 = VERTEX_POINT ( 'NONE', #5248 ) ;
#7859 = CARTESIAN_POINT ( 'NONE',  ( 2.250000000000000000, 5.000000000000004441, 0.2500000000000002220 ) ) ;
#7860 = FACE_OUTER_BOUND ( 'NONE', #6404, .T. ) ;
#7861 =( NAMED_UNIT ( * ) SI_UNIT ( $, .STERADIAN. ) SOLID_ANGLE_UNIT ( ) );
#7862 = FACE_OUTER_BOUND ( 'NONE', #10028, .T. ) ;
#7863 = SURFACE_STYLE_USAGE ( .BOTH. , #3563 ) ;
#7864 =( NAMED_UNIT ( * ) SI_UNIT ( $, .STERADIAN. ) SOLID_ANGLE_UNIT ( ) );
#7865 = VERTEX_POINT ( 'NONE', #916 ) ;
#7866 = PLANE ( 'NONE',  #10392 ) ;
#7867 = EDGE_LOOP ( 'NONE', ( #6631, #5572, #2334, #1158 ) ) ;
#7868 = VECTOR ( 'NONE', #6795, 1000.000000000000000 ) ;
#7869 = VECTOR ( 'NONE', #9145, 1000.000000000000000 ) ;
#7870 = EDGE_CURVE ( 'NONE', #5353, #1938, #10523, .T. ) ;
#7871 = EDGE_LOOP ( 'NONE', ( #8657, #10478, #5202, #4911 ) ) ;
#7872 = UNCERTAINTY_MEASURE_WITH_UNIT (LENGTH_MEASURE( 1.000000000000000082E-05 ), #7488, 'distance_accuracy_value', 'NONE');
#7873 = FILL_AREA_STYLE_COLOUR ( '', #7194 ) ;
#7874 = DIRECTION ( 'NONE',  ( 9.103382349328301547E-49, 2.350988701644575016E-32, 1.000000000000000000 ) ) ;
#7875 = DIRECTION ( 'NONE',  ( 0.5773502691896208461, 0.5773502691896355010, 0.5773502691896209571 ) ) ;
#7876 = CARTESIAN_POINT ( 'NONE',  ( -1.350000000000000089, 5.649999999999998579, 1.249999999999997558 ) ) ;
#7877 = LINE ( 'NONE', #11382, #7983 ) ;
#7878 = ORIENTED_EDGE ( 'NONE', *, *, #7135, .T. ) ;
#7879 = FILL_AREA_STYLE ('',( #5103 ) ) ;
#7880 = LINE ( 'NONE', #9841, #4918 ) ;
#7881 = SURFACE_STYLE_USAGE ( .BOTH. , #6312 ) ;
#7882 = PRESENTATION_LAYER_ASSIGNMENT (  '', '', ( #8245 ) ) ;
#7883 = STYLED_ITEM ( 'NONE', ( #5851 ), #3462 ) ;
#7884 = ADVANCED_FACE ( 'NONE', ( #3375 ), #11295, .F. ) ;
#7885 =( LENGTH_UNIT ( ) NAMED_UNIT ( * ) SI_UNIT ( .MILLI., .METRE. ) );
#7886 = FACE_OUTER_BOUND ( 'NONE', #6045, .T. ) ;
#7887 = ORIENTED_EDGE ( 'NONE', *, *, #1575, .T. ) ;
#7888 = LINE ( 'NONE', #8632, #2817 ) ;
#7889 =( NAMED_UNIT ( * ) PLANE_ANGLE_UNIT ( ) SI_UNIT ( $, .RADIAN. ) );
#7890 = SURFACE_STYLE_USAGE ( .BOTH. , #6032 ) ;
#7891 = ORIENTED_EDGE ( 'NONE', *, *, #3201, .T. ) ;
#7892 = CARTESIAN_POINT ( 'NONE',  ( 6.749999999999999112, 3.149999999999999023, -2.050000000000001599 ) ) ;
#7893 = LINE ( 'NONE', #9638, #504 ) ;
#7894 = ORIENTED_EDGE ( 'NONE', *, *, #7361, .T. ) ;
#7895 = CARTESIAN_POINT ( 'NONE',  ( 3.750000000000000444, 5.000000000000000888, 0.2500000000000002220 ) ) ;
#7896 = SURFACE_STYLE_FILL_AREA ( #4366 ) ;
#7897 = PRESENTATION_LAYER_ASSIGNMENT (  '', '', ( #7710 ) ) ;
#7898 = ORIENTED_EDGE ( 'NONE', *, *, #3494, .T. ) ;
#7899 = CARTESIAN_POINT ( 'NONE',  ( 14.24999999999999822, -3.299999999999997158, -0.2499999999999997780 ) ) ;
#7900 = CARTESIAN_POINT ( 'NONE',  ( -1.949999999999999956, 1.800000000000000044, 0.2500000000000002220 ) ) ;
#7901 = DIRECTION ( 'NONE',  ( 0.0000000000000000000, -0.0000000000000000000, 1.000000000000000000 ) ) ;
#7902 = PRESENTATION_LAYER_ASSIGNMENT (  '', '', ( #5136 ) ) ;
#7903 =( NAMED_UNIT ( * ) SI_UNIT ( $, .STERADIAN. ) SOLID_ANGLE_UNIT ( ) );
#7904 = DIRECTION ( 'NONE',  ( 4.336808689942017736E-16, 0.0000000000000000000, 1.000000000000000000 ) ) ;
#7905 = DIRECTION ( 'NONE',  ( 3.872150616019660190E-17, 1.000000000000000000, -0.0000000000000000000 ) ) ;
#7906 = CARTESIAN_POINT ( 'NONE',  ( 6.699999999999999289, 0.1999999999999999833, 1.700000000000000178 ) ) ;
#7907 = EDGE_LOOP ( 'NONE', ( #956, #10683, #8319, #2914 ) ) ;
#7908 = PRESENTATION_LAYER_ASSIGNMENT (  '', '', ( #3842 ) ) ;
#7909 = CARTESIAN_POINT ( 'NONE',  ( 7.299999999999998934, 0.2000000000000000389, -2.800000000000000266 ) ) ;
#7910 =( LENGTH_UNIT ( ) NAMED_UNIT ( * ) SI_UNIT ( .MILLI., .METRE. ) );
#7911 = FILL_AREA_STYLE ('',( #8726 ) ) ;
#7912 = VECTOR ( 'NONE', #1449, 1000.000000000000114 ) ;
#7913 = PRESENTATION_STYLE_ASSIGNMENT (( #8852 ) ) ;
#7914 = ORIENTED_EDGE ( 'NONE', *, *, #10270, .T. ) ;
#7915 = DIRECTION ( 'NONE',  ( 0.0000000000000000000, -0.7071067811865451302, 0.7071067811865500152 ) ) ;
#7916 = UNCERTAINTY_MEASURE_WITH_UNIT (LENGTH_MEASURE( 1.000000000000000082E-05 ), #7564, 'distance_accuracy_value', 'NONE');
#7917 = VECTOR ( 'NONE', #6217, 1000.000000000000000 ) ;
#7918 = ORIENTED_EDGE ( 'NONE', *, *, #2641, .F. ) ;
#7919 = AXIS2_PLACEMENT_3D ( 'NONE', #9634, #1637, #9686 ) ;
#7920 = COLOUR_RGB ( '',1.000000000000000000, 1.000000000000000000, 1.000000000000000000 ) ;
#7921 = EDGE_CURVE ( 'NONE', #4198, #934, #4317, .T. ) ;
#7922 = DIRECTION ( 'NONE',  ( 0.0000000000000000000, 0.0000000000000000000, -1.000000000000000000 ) ) ;
#7923 = DIRECTION ( 'NONE',  ( 0.0000000000000000000, -0.0000000000000000000, 1.000000000000000000 ) ) ;
#7924 = FACE_OUTER_BOUND ( 'NONE', #3532, .T. ) ;
#7925 = DIRECTION ( 'NONE',  ( -1.000000000000000000, 0.0000000000000000000, 0.0000000000000000000 ) ) ;
#7926 = CARTESIAN_POINT ( 'NONE',  ( -1.350000000000000089, 1.149999999999999911, -2.350000000000001421 ) ) ;
#7927 = ORIENTED_EDGE ( 'NONE', *, *, #8581, .F. ) ;
#7928 = LINE ( 'NONE', #1055, #10106 ) ;
#7929 = EDGE_CURVE ( 'NONE', #3698, #11169, #11417, .T. ) ;
#7930 = ORIENTED_EDGE ( 'NONE', *, *, #542, .T. ) ;
#7931 =( NAMED_UNIT ( * ) SI_UNIT ( $, .STERADIAN. ) SOLID_ANGLE_UNIT ( ) );
#7932 = DIRECTION ( 'NONE',  ( 0.0000000000000000000, 0.0000000000000000000, -1.000000000000000000 ) ) ;
#7933 = DIRECTION ( 'NONE',  ( 0.0000000000000000000, 0.0000000000000000000, -1.000000000000000000 ) ) ;
#7934 = LINE ( 'NONE', #894, #10267 ) ;
#7935 = FACE_OUTER_BOUND ( 'NONE', #74, .T. ) ;
#7936 = LINE ( 'NONE', #11451, #1611 ) ;
#7937 = ORIENTED_EDGE ( 'NONE', *, *, #445, .T. ) ;
#7938 = ORIENTED_EDGE ( 'NONE', *, *, #3237, .F. ) ;
#7939 = CARTESIAN_POINT ( 'NONE',  ( 11.75000000000000000, 5.000000000000006217, -0.2499999999999997780 ) ) ;
#7940 =( NAMED_UNIT ( * ) SI_UNIT ( $, .STERADIAN. ) SOLID_ANGLE_UNIT ( ) );
#7941 = PRESENTATION_LAYER_ASSIGNMENT (  '', '', ( #4792 ) ) ;
#7942 = EDGE_CURVE ( 'NONE', #3575, #3193, #9707, .T. ) ;
#7943 = SURFACE_STYLE_USAGE ( .BOTH. , #6039 ) ;
#7944 = CARTESIAN_POINT ( 'NONE',  ( 11.85000000000000142, -3.399999999999999911, -2.800000000000001155 ) ) ;
#7945 = SURFACE_SIDE_STYLE ('',( #8946 ) ) ;
#7946 = UNCERTAINTY_MEASURE_WITH_UNIT (LENGTH_MEASURE( 1.000000000000000082E-05 ), #9834, 'distance_accuracy_value', 'NONE');
#7947 = VECTOR ( 'NONE', #8633, 1000.000000000000000 ) ;
#7948 = AXIS2_PLACEMENT_3D ( 'NONE', #10782, #160, #1011 ) ;
#7949 = PRESENTATION_STYLE_ASSIGNMENT (( #4430 ) ) ;
#7950 = PLANE ( 'NONE',  #9851 ) ;
#7951 = DIRECTION ( 'NONE',  ( 0.5773502691896259531, 0.5773502691896259531, -0.5773502691896253980 ) ) ;
#7952 = FILL_AREA_STYLE_COLOUR ( '', #5943 ) ;
#7953 = DIRECTION ( 'NONE',  ( 0.0000000000000000000, -0.7071067811865451302, 0.7071067811865500152 ) ) ;
#7954 = DIRECTION ( 'NONE',  ( 0.0000000000000000000, -0.0000000000000000000, 1.000000000000000000 ) ) ;
#7955 = EDGE_CURVE ( 'NONE', #1714, #4435, #14, .T. ) ;
#7956 = LINE ( 'NONE', #7790, #10574 ) ;
#7957 =( GEOMETRIC_REPRESENTATION_CONTEXT ( 3 ) GLOBAL_UNCERTAINTY_ASSIGNED_CONTEXT ( ( #4640 ) ) GLOBAL_UNIT_ASSIGNED_CONTEXT ( ( #8162, #10888, #9106 ) ) REPRESENTATION_CONTEXT ( 'NONE', 'WORKASPACE' ) );
#7958 = CARTESIAN_POINT ( 'NONE',  ( 6.049999999999999822, 3.149999999999999023, -2.050000000000001599 ) ) ;
#7959 = DIRECTION ( 'NONE',  ( -0.0000000000000000000, 0.0000000000000000000, 1.000000000000000000 ) ) ;
#7960 = AXIS2_PLACEMENT_3D ( 'NONE', #2644, #5121, #3356 ) ;
#7961 = ORIENTED_EDGE ( 'NONE', *, *, #6290, .T. ) ;
#7962 = CARTESIAN_POINT ( 'NONE',  ( -0.2499999999999997780, 5.000000000000000888, 0.2500000000000002220 ) ) ;
#7963 = EDGE_CURVE ( 'NONE', #4623, #5860, #6685, .T. ) ;
#7964 = MECHANICAL_DESIGN_GEOMETRIC_PRESENTATION_REPRESENTATION (  '', ( #2371 ), #9643 ) ;
#7965 = FILL_AREA_STYLE ('',( #705 ) ) ;
#7966 = MECHANICAL_DESIGN_GEOMETRIC_PRESENTATION_REPRESENTATION (  '', ( #10924 ), #6458 ) ;
#7967 = EDGE_LOOP ( 'NONE', ( #4821, #262, #10891, #9054 ) ) ;
#7968 = SURFACE_SIDE_STYLE ('',( #9665 ) ) ;
#7969 = DIRECTION ( 'NONE',  ( 3.872150616019660190E-17, 1.000000000000000000, -0.0000000000000000000 ) ) ;
#7970 = STYLED_ITEM ( 'NONE', ( #9809 ), #540 ) ;
#7971 =( NAMED_UNIT ( * ) SI_UNIT ( $, .STERADIAN. ) SOLID_ANGLE_UNIT ( ) );
#7972 =( GEOMETRIC_REPRESENTATION_CONTEXT ( 3 ) GLOBAL_UNCERTAINTY_ASSIGNED_CONTEXT ( ( #641 ) ) GLOBAL_UNIT_ASSIGNED_CONTEXT ( ( #9616, #1775, #10586 ) ) REPRESENTATION_CONTEXT ( 'NONE', 'WORKASPACE' ) );
#7973 = EDGE_CURVE ( 'NONE', #3661, #9560, #1539, .T. ) ;
#7974 = SURFACE_STYLE_USAGE ( .BOTH. , #4453 ) ;
#7975 = CARTESIAN_POINT ( 'NONE',  ( 6.049999999999999822, 5.100000000000001421, 0.1500000000000025757 ) ) ;
#7976 =( NAMED_UNIT ( * ) SI_UNIT ( $, .STERADIAN. ) SOLID_ANGLE_UNIT ( ) );
#7977 = PRESENTATION_LAYER_ASSIGNMENT (  '', '', ( #4282 ) ) ;
#7978 = EDGE_LOOP ( 'NONE', ( #7511, #1858, #3978, #1971 ) ) ;
#7979 = ADVANCED_FACE ( 'NONE', ( #11187 ), #11245, .F. ) ;
#7980 = EDGE_CURVE ( 'NONE', #11142, #6281, #635, .T. ) ;
#7981 = ORIENTED_EDGE ( 'NONE', *, *, #1872, .T. ) ;
#7982 = CARTESIAN_POINT ( 'NONE',  ( 15.34999999999999964, 5.649999999999998579, 0.3200000000000017275 ) ) ;
#7983 = VECTOR ( 'NONE', #9148, 999.9999999999998863 ) ;
#7984 = PRESENTATION_LAYER_ASSIGNMENT (  '', '', ( #2590 ) ) ;
#7985 = PLANE ( 'NONE',  #2473 ) ;
#7986 = MECHANICAL_DESIGN_GEOMETRIC_PRESENTATION_REPRESENTATION (  '', ( #5595 ), #8736 ) ;
#7987 = AXIS2_PLACEMENT_3D ( 'NONE', #5719, #9253, #5840 ) ;
#7988 = DIRECTION ( 'NONE',  ( -1.000000000000000000, 5.421010862427522170E-17, 0.0000000000000000000 ) ) ;
#7989 =( NAMED_UNIT ( * ) PLANE_ANGLE_UNIT ( ) SI_UNIT ( $, .RADIAN. ) );
#7990 = VECTOR ( 'NONE', #3389, 1000.000000000000000 ) ;
#7991 = SURFACE_STYLE_USAGE ( .BOTH. , #6266 ) ;
#7992 = AXIS2_PLACEMENT_3D ( 'NONE', #4147, #8115, #7311 ) ;
#7993 = DIRECTION ( 'NONE',  ( 1.000000000000000000, -5.421010862427522170E-17, 0.0000000000000000000 ) ) ;
#7994 = ORIENTED_EDGE ( 'NONE', *, *, #332, .F. ) ;
#7995 = EDGE_CURVE ( 'NONE', #4087, #9313, #9481, .T. ) ;
#7996 = ORIENTED_EDGE ( 'NONE', *, *, #10214, .T. ) ;
#7997 = DIRECTION ( 'NONE',  ( -1.000000000000000000, 0.0000000000000000000, -0.0000000000000000000 ) ) ;
#7998 = STYLED_ITEM ( 'NONE', ( #7190 ), #6327 ) ;
#7999 = CARTESIAN_POINT ( 'NONE',  ( 9.749999999999998224, 0.2000000000000000111, -2.800000000000000266 ) ) ;
#8000 = ORIENTED_EDGE ( 'NONE', *, *, #9845, .T. ) ;
#8001 = PLANE ( 'NONE',  #9603 ) ;
#8002 = ORIENTED_EDGE ( 'NONE', *, *, #5335, .T. ) ;
#8003 = LINE ( 'NONE', #2748, #2490 ) ;
#8004 = CARTESIAN_POINT ( 'NONE',  ( -1.180000000000000160, 2.250000000000000000, -2.801000000000000600 ) ) ;
#8005 = UNCERTAINTY_MEASURE_WITH_UNIT (LENGTH_MEASURE( 1.000000000000000082E-05 ), #5213, 'distance_accuracy_value', 'NONE');
#8006 = EDGE_CURVE ( 'NONE', #9520, #8627, #6856, .T. ) ;
#8007 =( NAMED_UNIT ( * ) SI_UNIT ( $, .STERADIAN. ) SOLID_ANGLE_UNIT ( ) );
#8008 = ORIENTED_EDGE ( 'NONE', *, *, #2374, .T. ) ;
#8009 = PRESENTATION_LAYER_ASSIGNMENT (  '', '', ( #2611 ) ) ;
#8010 = STYLED_ITEM ( 'NONE', ( #10878 ), #6820 ) ;
#8011 = ADVANCED_FACE ( 'NONE', ( #10399 ), #5997, .T. ) ;
#8012 = EDGE_CURVE ( 'NONE', #2086, #11242, #5005, .T. ) ;
#8013 = LINE ( 'NONE', #2050, #6913 ) ;
#8014 = CARTESIAN_POINT ( 'NONE',  ( 14.69999999999999751, 0.1999999999999999833, -2.800000000000000266 ) ) ;
#8015 = DIRECTION ( 'NONE',  ( -1.000000000000000000, 0.0000000000000000000, 1.368320445974695775E-17 ) ) ;
#8016 = VECTOR ( 'NONE', #2978, 1000.000000000000000 ) ;
#8017 = VECTOR ( 'NONE', #8026, 1000.000000000000000 ) ;
#8018 = LINE ( 'NONE', #8895, #10922 ) ;
#8019 = CARTESIAN_POINT ( 'NONE',  ( -1.949999999999999956, 6.000000000000000000, -2.800000000000000266 ) ) ;
#8020 = PLANE ( 'NONE',  #2100 ) ;
#8021 = DIRECTION ( 'NONE',  ( -1.000000000000000000, 3.872150616019660190E-17, -0.0000000000000000000 ) ) ;
#8022 = VERTEX_POINT ( 'NONE', #4313 ) ;
#8023 = PRODUCT_DEFINITION_FORMATION_WITH_SPECIFIED_SOURCE ( 'ANY', '', #9451, .NOT_KNOWN. ) ;
#8024 = AXIS2_PLACEMENT_3D ( 'NONE', #3429, #6170, #856 ) ;
#8025 = EDGE_CURVE ( 'NONE', #2178, #5944, #9601, .T. ) ;
#8026 = DIRECTION ( 'NONE',  ( -9.103382349328301547E-49, -2.350988701644575016E-32, -1.000000000000000000 ) ) ;
#8027 =( LENGTH_UNIT ( ) NAMED_UNIT ( * ) SI_UNIT ( .MILLI., .METRE. ) );
#8028 = SURFACE_STYLE_FILL_AREA ( #7098 ) ;
#8029 = DIRECTION ( 'NONE',  ( 1.000000000000000000, -5.421010862427522170E-17, 0.0000000000000000000 ) ) ;
#8030 = VECTOR ( 'NONE', #6841, 1000.000000000000114 ) ;
#8031 = PRESENTATION_STYLE_ASSIGNMENT (( #6246 ) ) ;
#8032 = VERTEX_POINT ( 'NONE', #1661 ) ;
#8033 =( NAMED_UNIT ( * ) PLANE_ANGLE_UNIT ( ) SI_UNIT ( $, .RADIAN. ) );
#8034 = COLOUR_RGB ( '',1.000000000000000000, 1.000000000000000000, 1.000000000000000000 ) ;
#8035 = DIRECTION ( 'NONE',  ( 0.0000000000000000000, 1.000000000000000000, 0.0000000000000000000 ) ) ;
#8036 =( NAMED_UNIT ( * ) PLANE_ANGLE_UNIT ( ) SI_UNIT ( $, .RADIAN. ) );
#8037 = ORIENTED_EDGE ( 'NONE', *, *, #944, .T. ) ;
#8038 = FILL_AREA_STYLE_COLOUR ( '', #9566 ) ;
#8039 =( NAMED_UNIT ( * ) SI_UNIT ( $, .STERADIAN. ) SOLID_ANGLE_UNIT ( ) );
#8040 =( GEOMETRIC_REPRESENTATION_CONTEXT ( 3 ) GLOBAL_UNCERTAINTY_ASSIGNED_CONTEXT ( ( #8074 ) ) GLOBAL_UNIT_ASSIGNED_CONTEXT ( ( #3749, #2782, #6139 ) ) REPRESENTATION_CONTEXT ( 'NONE', 'WORKASPACE' ) );
#8041 = DIRECTION ( 'NONE',  ( 1.000000000000000000, 0.0000000000000000000, 0.0000000000000000000 ) ) ;
#8042 = DIRECTION ( 'NONE',  ( 1.000000000000000000, -5.421010862427522170E-17, 0.0000000000000000000 ) ) ;
#8043 = LINE ( 'NONE', #5398, #4131 ) ;
#8044 = ORIENTED_EDGE ( 'NONE', *, *, #8431, .T. ) ;
#8045 = CARTESIAN_POINT ( 'NONE',  ( 5.750000000000000000, 5.000000000000004441, 0.2500000000000002220 ) ) ;
#8046 = EDGE_LOOP ( 'NONE', ( #6126, #1014, #4523, #6832 ) ) ;
#8047 = VECTOR ( 'NONE', #9896, 1000.000000000000000 ) ;
#8048 = CARTESIAN_POINT ( 'NONE',  ( 8.833333333333333925, -4.383333333333334636, -0.8333333333333364790 ) ) ;
#8049 = DIRECTION ( 'NONE',  ( 3.872150616019660190E-17, 1.000000000000000000, -0.0000000000000000000 ) ) ;
#8050 = CARTESIAN_POINT ( 'NONE',  ( -1.949999999999999956, 0.0000000000000000000, -2.800000000000000266 ) ) ;
#8051 = LINE ( 'NONE', #3593, #201 ) ;
#8052 = ORIENTED_EDGE ( 'NONE', *, *, #3325, .T. ) ;
#8053 = LINE ( 'NONE', #4477, #4130 ) ;
#8054 = FILL_AREA_STYLE ('',( #966 ) ) ;
#8055 = SURFACE_STYLE_USAGE ( .BOTH. , #10630 ) ;
#8056 = DIRECTION ( 'NONE',  ( -1.000000000000000000, 0.0000000000000000000, 1.368320445974695775E-17 ) ) ;
#8057 = LINE ( 'NONE', #5416, #896 ) ;
#8058 = FILL_AREA_STYLE_COLOUR ( '', #10014 ) ;
#8059 = LINE ( 'NONE', #128, #5386 ) ;
#8060 = EDGE_CURVE ( 'NONE', #1109, #7722, #8712, .T. ) ;
#8061 = DIRECTION ( 'NONE',  ( -1.032573497605242347E-16, 1.000000000000000000, 0.0000000000000000000 ) ) ;
#8062 = CARTESIAN_POINT ( 'NONE',  ( 1.750000000000000222, -3.299999999999998490, 0.2500000000000002220 ) ) ;
#8063 = EDGE_CURVE ( 'NONE', #7722, #5683, #70, .T. ) ;
#8064 =( GEOMETRIC_REPRESENTATION_CONTEXT ( 3 ) GLOBAL_UNCERTAINTY_ASSIGNED_CONTEXT ( ( #814 ) ) GLOBAL_UNIT_ASSIGNED_CONTEXT ( ( #11144, #4691, #3830 ) ) REPRESENTATION_CONTEXT ( 'NONE', 'WORKASPACE' ) );
#8065 = FILL_AREA_STYLE_COLOUR ( '', #5529 ) ;
#8066 = ORIENTED_EDGE ( 'NONE', *, *, #1106, .F. ) ;
#8067 = EDGE_CURVE ( 'NONE', #10070, #8547, #4373, .T. ) ;
#8068 = EDGE_LOOP ( 'NONE', ( #9397, #10317, #6078, #7526 ) ) ;
#8069 = ORIENTED_EDGE ( 'NONE', *, *, #7443, .F. ) ;
#8070 = PRESENTATION_LAYER_ASSIGNMENT (  '', '', ( #467 ) ) ;
#8071 =( NAMED_UNIT ( * ) SI_UNIT ( $, .STERADIAN. ) SOLID_ANGLE_UNIT ( ) );
#8072 = PRESENTATION_STYLE_ASSIGNMENT (( #7266 ) ) ;
#8073 =( NAMED_UNIT ( * ) SI_UNIT ( $, .STERADIAN. ) SOLID_ANGLE_UNIT ( ) );
#8074 = UNCERTAINTY_MEASURE_WITH_UNIT (LENGTH_MEASURE( 1.000000000000000082E-05 ), #3749, 'distance_accuracy_value', 'NONE');
#8075 = DIRECTION ( 'NONE',  ( -0.5773502691896265082, 0.5773502691896239547, 0.5773502691896268413 ) ) ;
#8076 = VECTOR ( 'NONE', #10770, 1000.000000000000000 ) ;
#8077 = UNCERTAINTY_MEASURE_WITH_UNIT (LENGTH_MEASURE( 1.000000000000000082E-05 ), #8096, 'distance_accuracy_value', 'NONE');
#8078 = VERTEX_POINT ( 'NONE', #8775 ) ;
#8079 = PRESENTATION_STYLE_ASSIGNMENT (( #5374 ) ) ;
#8080 = UNCERTAINTY_MEASURE_WITH_UNIT (LENGTH_MEASURE( 1.000000000000000082E-05 ), #3937, 'distance_accuracy_value', 'NONE');
#8081 = EDGE_CURVE ( 'NONE', #9091, #9745, #3600, .T. ) ;
#8082 = VECTOR ( 'NONE', #6453, 1000.000000000000000 ) ;
#8083 = CARTESIAN_POINT ( 'NONE',  ( 5.750000000000000000, -3.399999999999999911, 0.2500000000000002220 ) ) ;
#8084 =( GEOMETRIC_REPRESENTATION_CONTEXT ( 3 ) GLOBAL_UNCERTAINTY_ASSIGNED_CONTEXT ( ( #4237 ) ) GLOBAL_UNIT_ASSIGNED_CONTEXT ( ( #338, #443, #10334 ) ) REPRESENTATION_CONTEXT ( 'NONE', 'WORKASPACE' ) );
#8085 = AXIS2_PLACEMENT_3D ( 'NONE', #6326, #1649, #7304 ) ;
#8086 =( NAMED_UNIT ( * ) SI_UNIT ( $, .STERADIAN. ) SOLID_ANGLE_UNIT ( ) );
#8087 =( GEOMETRIC_REPRESENTATION_CONTEXT ( 3 ) GLOBAL_UNCERTAINTY_ASSIGNED_CONTEXT ( ( #11289 ) ) GLOBAL_UNIT_ASSIGNED_CONTEXT ( ( #1626, #490, #4117 ) ) REPRESENTATION_CONTEXT ( 'NONE', 'WORKASPACE' ) );
#8088 = PRESENTATION_STYLE_ASSIGNMENT (( #7223 ) ) ;
#8089 = VECTOR ( 'NONE', #6812, 1000.000000000000000 ) ;
#8090 =( NAMED_UNIT ( * ) SI_UNIT ( $, .STERADIAN. ) SOLID_ANGLE_UNIT ( ) );
#8091 = FILL_AREA_STYLE_COLOUR ( '', #10030 ) ;
#8092 = COLOUR_RGB ( '',1.000000000000000000, 1.000000000000000000, 1.000000000000000000 ) ;
#8093 = DIRECTION ( 'NONE',  ( -3.833233541708433496E-17, -0.7071067811865472397, 0.7071067811865479058 ) ) ;
#8094 = VERTEX_POINT ( 'NONE', #798 ) ;
#8095 = SURFACE_SIDE_STYLE ('',( #3628 ) ) ;
#8096 =( LENGTH_UNIT ( ) NAMED_UNIT ( * ) SI_UNIT ( .MILLI., .METRE. ) );
#8097 = DIRECTION ( 'NONE',  ( -9.103382349328301547E-49, -2.350988701644575016E-32, -1.000000000000000000 ) ) ;
#8098 =( LENGTH_UNIT ( ) NAMED_UNIT ( * ) SI_UNIT ( .MILLI., .METRE. ) );
#8099 = VECTOR ( 'NONE', #4655, 1000.000000000000000 ) ;
#8100 = CARTESIAN_POINT ( 'NONE',  ( 10.14999999999999503, -3.399999999999999911, -2.800000000000000266 ) ) ;
#8101 = CARTESIAN_POINT ( 'NONE',  ( 11.74999999999999822, 1.800000000000000044, -2.800000000000006484 ) ) ;
#8102 = SURFACE_STYLE_FILL_AREA ( #9048 ) ;
#8103 = CARTESIAN_POINT ( 'NONE',  ( -1.949999999999999956, 1.800000000000000044, -0.2499999999999997780 ) ) ;
#8104 = ORIENTED_EDGE ( 'NONE', *, *, #3097, .T. ) ;
#8105 = AXIS2_PLACEMENT_3D ( 'NONE', #7876, #10707, #2731 ) ;
#8106 = FILL_AREA_STYLE_COLOUR ( '', #6289 ) ;
#8107 = PRESENTATION_LAYER_ASSIGNMENT (  '', '', ( #8674 ) ) ;
#8108 = VERTEX_POINT ( 'NONE', #7850 ) ;
#8109 =( NAMED_UNIT ( * ) SI_UNIT ( $, .STERADIAN. ) SOLID_ANGLE_UNIT ( ) );
#8110 = PLANE ( 'NONE',  #9465 ) ;
#8111 = UNCERTAINTY_MEASURE_WITH_UNIT (LENGTH_MEASURE( 1.000000000000000082E-05 ), #2245, 'distance_accuracy_value', 'NONE');
#8112 = CARTESIAN_POINT ( 'NONE',  ( 13.25000000000000178, 3.400000000000000355, -2.350000000000001865 ) ) ;
#8113 = EDGE_LOOP ( 'NONE', ( #3576, #10465, #9483, #3111 ) ) ;
#8114 =( LENGTH_UNIT ( ) NAMED_UNIT ( * ) SI_UNIT ( .MILLI., .METRE. ) );
#8115 = DIRECTION ( 'NONE',  ( 1.000000000000000000, -3.872150616019660190E-17, -4.336808689942017736E-16 ) ) ;
#8116 =( NAMED_UNIT ( * ) PLANE_ANGLE_UNIT ( ) SI_UNIT ( $, .RADIAN. ) );
#8117 = EDGE_CURVE ( 'NONE', #6797, #10189, #1710, .T. ) ;
#8118 = PRESENTATION_STYLE_ASSIGNMENT (( #1929 ) ) ;
#8119 = SURFACE_SIDE_STYLE ('',( #9011 ) ) ;
#8120 = CARTESIAN_POINT ( 'NONE',  ( -0.2500000000000013323, 1.800000000000000044, -2.800000000000001155 ) ) ;
#8121 = FILL_AREA_STYLE_COLOUR ( '', #1940 ) ;
#8122 = PRESENTATION_LAYER_ASSIGNMENT (  '', '', ( #6837 ) ) ;
#8123 = VECTOR ( 'NONE', #7595, 1000.000000000000000 ) ;
#8124 = ORIENTED_EDGE ( 'NONE', *, *, #127, .F. ) ;
#8125 = ADVANCED_FACE ( 'NONE', ( #11414 ), #912, .F. ) ;
#8126 = ORIENTED_EDGE ( 'NONE', *, *, #407, .T. ) ;
#8127 = FILL_AREA_STYLE ('',( #9072 ) ) ;
#8128 =( NAMED_UNIT ( * ) PLANE_ANGLE_UNIT ( ) SI_UNIT ( $, .RADIAN. ) );
#8129 = ORIENTED_EDGE ( 'NONE', *, *, #10017, .F. ) ;
#8130 = PLANE ( 'NONE',  #375 ) ;
#8131 = CARTESIAN_POINT ( 'NONE',  ( 5.850000000000001421, -3.399999999999999911, -2.800000000000001155 ) ) ;
#8132 = VERTEX_POINT ( 'NONE', #1815 ) ;
#8133 = COLOUR_RGB ( '',1.000000000000000000, 0.8117647058823529438, 0.5019607843137254832 ) ;
#8134 = FILL_AREA_STYLE_COLOUR ( '', #398 ) ;
#8135 = EDGE_CURVE ( 'NONE', #7078, #3740, #5301, .T. ) ;
#8136 = VECTOR ( 'NONE', #2410, 1000.000000000000000 ) ;
#8137 = SURFACE_STYLE_USAGE ( .BOTH. , #7330 ) ;
#8138 = EDGE_LOOP ( 'NONE', ( #10952, #4802, #8460, #11236 ) ) ;
#8139 = SURFACE_SIDE_STYLE ('',( #9827 ) ) ;
#8140 = CARTESIAN_POINT ( 'NONE',  ( -1.350000000000000089, 5.650000000000000355, 0.3199999999999999512 ) ) ;
#8141 = PRESENTATION_LAYER_ASSIGNMENT (  '', '', ( #2744 ) ) ;
#8142 = EDGE_CURVE ( 'NONE', #11076, #2567, #5415, .T. ) ;
#8143 = DIRECTION ( 'NONE',  ( 0.0000000000000000000, 1.000000000000000000, 0.0000000000000000000 ) ) ;
#8144 = EDGE_CURVE ( 'NONE', #8612, #5787, #4535, .T. ) ;
#8145 = PRESENTATION_STYLE_ASSIGNMENT (( #10706 ) ) ;
#8146 = DIRECTION ( 'NONE',  ( 0.0000000000000000000, 0.0000000000000000000, 1.000000000000000000 ) ) ;
#8147 = PLANE ( 'NONE',  #10700 ) ;
#8148 = DIRECTION ( 'NONE',  ( -1.000000000000000000, 3.872150616019660190E-17, 0.0000000000000000000 ) ) ;
#8149 = MECHANICAL_DESIGN_GEOMETRIC_PRESENTATION_REPRESENTATION (  '', ( #179 ), #358 ) ;
#8150 = EDGE_LOOP ( 'NONE', ( #9618, #4754, #617, #2213 ) ) ;
#8151 = DIRECTION ( 'NONE',  ( -1.000000000000000000, 5.421010862427522170E-17, 0.0000000000000000000 ) ) ;
#8152 = ORIENTED_EDGE ( 'NONE', *, *, #1520, .T. ) ;
#8153 = DIRECTION ( 'NONE',  ( -1.000000000000000000, 0.0000000000000000000, 2.272280002215129179E-17 ) ) ;
#8154 = LINE ( 'NONE', #6414, #4650 ) ;
#8155 = STYLED_ITEM ( 'NONE', ( #605 ), #6099 ) ;
#8156 = PRESENTATION_STYLE_ASSIGNMENT (( #8728 ) ) ;
#8157 = SURFACE_STYLE_USAGE ( .BOTH. , #6546 ) ;
#8158 = UNCERTAINTY_MEASURE_WITH_UNIT (LENGTH_MEASURE( 1.000000000000000082E-05 ), #1528, 'distance_accuracy_value', 'NONE');
#8159 = EDGE_CURVE ( 'NONE', #9797, #8236, #6228, .T. ) ;
#8160 =( NAMED_UNIT ( * ) SI_UNIT ( $, .STERADIAN. ) SOLID_ANGLE_UNIT ( ) );
#8161 =( NAMED_UNIT ( * ) SI_UNIT ( $, .STERADIAN. ) SOLID_ANGLE_UNIT ( ) );
#8162 =( LENGTH_UNIT ( ) NAMED_UNIT ( * ) SI_UNIT ( .MILLI., .METRE. ) );
#8163 = EDGE_LOOP ( 'NONE', ( #3446, #616, #5768, #8902 ) ) ;
#8164 = AXIS2_PLACEMENT_3D ( 'NONE', #2613, #9720, #7034 ) ;
#8165 = AXIS2_PLACEMENT_3D ( 'NONE', #3336, #716, #6085 ) ;
#8166 = VERTEX_POINT ( 'NONE', #1763 ) ;
#8167 = FACE_OUTER_BOUND ( 'NONE', #7482, .T. ) ;
#8168 = CARTESIAN_POINT ( 'NONE',  ( 9.299999999999998934, 0.2000000000000000389, -2.800000000000000266 ) ) ;
#8169 = VECTOR ( 'NONE', #4780, 1000.000000000000000 ) ;
#8170 = CARTESIAN_POINT ( 'NONE',  ( 5.750000000000000000, -3.399999999999999911, -0.2499999999999997780 ) ) ;
#8171 = ADVANCED_FACE ( 'NONE', ( #2477 ), #6048, .F. ) ;
#8172 = VERTEX_POINT ( 'NONE', #1870 ) ;
#8173 = VECTOR ( 'NONE', #6817, 1000.000000000000000 ) ;
#8174 = STYLED_ITEM ( 'NONE', ( #6963 ), #9701 ) ;
#8175 = PRESENTATION_LAYER_ASSIGNMENT (  '', '', ( #5234 ) ) ;
#8176 = FILL_AREA_STYLE ('',( #9116 ) ) ;
#8177 = DIRECTION ( 'NONE',  ( 1.000000000000000000, 0.0000000000000000000, 0.0000000000000000000 ) ) ;
#8178 = STYLED_ITEM ( 'NONE', ( #8118 ), #6471 ) ;
#8179 = FILL_AREA_STYLE ('',( #1081 ) ) ;
#8180 = FACE_OUTER_BOUND ( 'NONE', #8364, .T. ) ;
#8181 = FILL_AREA_STYLE ('',( #6499 ) ) ;
#8182 = SURFACE_STYLE_USAGE ( .BOTH. , #9177 ) ;
#8183 = VECTOR ( 'NONE', #11061, 1000.000000000000000 ) ;
#8184 = CARTESIAN_POINT ( 'NONE',  ( -0.2200000000000003619, 4.229999999999999538, -2.801000000000000600 ) ) ;
#8185 = COLOUR_RGB ( '',1.000000000000000000, 1.000000000000000000, 1.000000000000000000 ) ;
#8186 = DIRECTION ( 'NONE',  ( 0.5773502691896238437, 0.5773502691896289507, -0.5773502691896243988 ) ) ;
#8187 = MECHANICAL_DESIGN_GEOMETRIC_PRESENTATION_REPRESENTATION (  '', ( #1477 ), #1129 ) ;
#8188 = COLOUR_RGB ( '',1.000000000000000000, 1.000000000000000000, 1.000000000000000000 ) ;
#8189 = DIRECTION ( 'NONE',  ( -1.000000000000000000, 5.421010862427522170E-17, 0.0000000000000000000 ) ) ;
#8190 = VECTOR ( 'NONE', #10391, 1000.000000000000114 ) ;
#8191 = CARTESIAN_POINT ( 'NONE',  ( 14.69999999999999751, 0.1999999999999999833, 1.700000000000000178 ) ) ;
#8192 = EDGE_CURVE ( 'NONE', #5787, #10990, #4648, .T. ) ;
#8193 = DIRECTION ( 'NONE',  ( 0.0000000000000000000, 0.0000000000000000000, -1.000000000000000000 ) ) ;
#8194 = PRESENTATION_LAYER_ASSIGNMENT (  '', '', ( #4314 ) ) ;
#8195 = SURFACE_SIDE_STYLE ('',( #1943 ) ) ;
#8196 = COLOUR_RGB ( '',1.000000000000000000, 1.000000000000000000, 1.000000000000000000 ) ;
#8197 = DIRECTION ( 'NONE',  ( -0.0000000000000000000, 1.000000000000000000, -0.0000000000000000000 ) ) ;
#8198 = VERTEX_POINT ( 'NONE', #9008 ) ;
#8199 =( GEOMETRIC_REPRESENTATION_CONTEXT ( 3 ) GLOBAL_UNCERTAINTY_ASSIGNED_CONTEXT ( ( #7347 ) ) GLOBAL_UNIT_ASSIGNED_CONTEXT ( ( #4269, #10182, #9325 ) ) REPRESENTATION_CONTEXT ( 'NONE', 'WORKASPACE' ) );
#8200 = UNCERTAINTY_MEASURE_WITH_UNIT (LENGTH_MEASURE( 1.000000000000000082E-05 ), #5095, 'distance_accuracy_value', 'NONE');
#8201 = SURFACE_STYLE_USAGE ( .BOTH. , #1947 ) ;
#8202 = ORIENTED_EDGE ( 'NONE', *, *, #3312, .T. ) ;
#8203 = PLANE ( 'NONE',  #7281 ) ;
#8204 = SURFACE_SIDE_STYLE ('',( #9194 ) ) ;
#8205 = UNCERTAINTY_MEASURE_WITH_UNIT (LENGTH_MEASURE( 1.000000000000000082E-05 ), #8276, 'distance_accuracy_value', 'NONE');
#8206 = DIRECTION ( 'NONE',  ( 1.000000000000000000, 0.0000000000000000000, 0.0000000000000000000 ) ) ;
#8207 = ORIENTED_EDGE ( 'NONE', *, *, #3023, .F. ) ;
#8208 =( GEOMETRIC_REPRESENTATION_CONTEXT ( 3 ) GLOBAL_UNCERTAINTY_ASSIGNED_CONTEXT ( ( #4682 ) ) GLOBAL_UNIT_ASSIGNED_CONTEXT ( ( #8256, #3739, #9941 ) ) REPRESENTATION_CONTEXT ( 'NONE', 'WORKASPACE' ) );
#8209 = ORIENTED_EDGE ( 'NONE', *, *, #7374, .T. ) ;
#8210 = LINE ( 'NONE', #7447, #2117 ) ;
#8211 =( NAMED_UNIT ( * ) PLANE_ANGLE_UNIT ( ) SI_UNIT ( $, .RADIAN. ) );
#8212 = CARTESIAN_POINT ( 'NONE',  ( 0.08333333333333629855, 5.166666666666669627, -0.08333333333333586834 ) ) ;
#8213 =( GEOMETRIC_REPRESENTATION_CONTEXT ( 3 ) GLOBAL_UNCERTAINTY_ASSIGNED_CONTEXT ( ( #8797 ) ) GLOBAL_UNIT_ASSIGNED_CONTEXT ( ( #9597, #9541, #3540 ) ) REPRESENTATION_CONTEXT ( 'NONE', 'WORKASPACE' ) );
#8214 = ORIENTED_EDGE ( 'NONE', *, *, #10788, .T. ) ;
#8215 = PLANE ( 'NONE',  #4375 ) ;
#8216 = FACE_OUTER_BOUND ( 'NONE', #663, .T. ) ;
#8217 = SURFACE_STYLE_FILL_AREA ( #5670 ) ;
#8218 = EDGE_CURVE ( 'NONE', #37, #8485, #390, .T. ) ;
#8219 = VECTOR ( 'NONE', #257, 1000.000000000000000 ) ;
#8220 = SURFACE_STYLE_FILL_AREA ( #5675 ) ;
#8221 = FILL_AREA_STYLE ('',( #3035 ) ) ;
#8222 = PLANE ( 'NONE',  #11063 ) ;
#8223 = SURFACE_STYLE_FILL_AREA ( #11049 ) ;
#8224 = DIRECTION ( 'NONE',  ( 3.872150616019660190E-17, 1.000000000000000000, -0.0000000000000000000 ) ) ;
#8225 =( NAMED_UNIT ( * ) PLANE_ANGLE_UNIT ( ) SI_UNIT ( $, .RADIAN. ) );
#8226 = DIRECTION ( 'NONE',  ( 1.000000000000000000, -3.872150616019660190E-17, 0.0000000000000000000 ) ) ;
#8227 = EDGE_LOOP ( 'NONE', ( #10871, #9484, #2559, #6996 ) ) ;
#8228 = EDGE_LOOP ( 'NONE', ( #2039, #8413, #10800, #9246 ) ) ;
#8229 = MECHANICAL_DESIGN_GEOMETRIC_PRESENTATION_REPRESENTATION (  '', ( #4902 ), #9721 ) ;
#8230 = CARTESIAN_POINT ( 'NONE',  ( -1.350000000000000089, 1.149999999999999911, -2.350000000000001421 ) ) ;
#8231 = DIRECTION ( 'NONE',  ( 1.000000000000000000, 0.0000000000000000000, -0.0000000000000000000 ) ) ;
#8232 = CARTESIAN_POINT ( 'NONE',  ( 12.25000000000000000, 5.000000000000006217, 0.2500000000000002220 ) ) ;
#8233 = EDGE_CURVE ( 'NONE', #6659, #578, #1928, .T. ) ;
#8234 = ORIENTED_EDGE ( 'NONE', *, *, #10693, .T. ) ;
#8235 = SURFACE_SIDE_STYLE ('',( #2872 ) ) ;
#8236 = VERTEX_POINT ( 'NONE', #2757 ) ;
#8237 =( NAMED_UNIT ( * ) SI_UNIT ( $, .STERADIAN. ) SOLID_ANGLE_UNIT ( ) );
#8238 = LINE ( 'NONE', #2999, #10224 ) ;
#8239 = VECTOR ( 'NONE', #1573, 1000.000000000000000 ) ;
#8240 =( LENGTH_UNIT ( ) NAMED_UNIT ( * ) SI_UNIT ( .MILLI., .METRE. ) );
#8241 = VECTOR ( 'NONE', #4410, 1000.000000000000000 ) ;
#8242 = LINE ( 'NONE', #10741, #6674 ) ;
#8243 = DIRECTION ( 'NONE',  ( -9.103382349328301547E-49, -2.350988701644575016E-32, -1.000000000000000000 ) ) ;
#8244 = CARTESIAN_POINT ( 'NONE',  ( 4.250000000000000000, 0.2000000000000000111, 0.2500000000000002220 ) ) ;
#8245 = STYLED_ITEM ( 'NONE', ( #18 ), #1444 ) ;
#8246 =( GEOMETRIC_REPRESENTATION_CONTEXT ( 3 ) GLOBAL_UNCERTAINTY_ASSIGNED_CONTEXT ( ( #1096 ) ) GLOBAL_UNIT_ASSIGNED_CONTEXT ( ( #7512, #3095, #2265 ) ) REPRESENTATION_CONTEXT ( 'NONE', 'WORKASPACE' ) );
#8247 = EDGE_LOOP ( 'NONE', ( #7756, #4746, #9880, #9066, #1554, #630, #2392, #3984, #2680, #9931 ) ) ;
#8248 = FILL_AREA_STYLE ('',( #9881 ) ) ;
#8249 = PRESENTATION_LAYER_ASSIGNMENT (  '', '', ( #8814 ) ) ;
#8250 = SURFACE_STYLE_FILL_AREA ( #5490 ) ;
#8251 = LINE ( 'NONE', #290, #754 ) ;
#8252 = DIRECTION ( 'NONE',  ( -3.833233541708400216E-17, -0.7071067811865410224, -0.7071067811865540120 ) ) ;
#8253 =( LENGTH_UNIT ( ) NAMED_UNIT ( * ) SI_UNIT ( .MILLI., .METRE. ) );
#8254 = VECTOR ( 'NONE', #6625, 1000.000000000000114 ) ;
#8255 = PRESENTATION_LAYER_ASSIGNMENT (  '', '', ( #451 ) ) ;
#8256 =( LENGTH_UNIT ( ) NAMED_UNIT ( * ) SI_UNIT ( .MILLI., .METRE. ) );
#8257 = ORIENTED_EDGE ( 'NONE', *, *, #6417, .T. ) ;
#8258 =( NAMED_UNIT ( * ) SI_UNIT ( $, .STERADIAN. ) SOLID_ANGLE_UNIT ( ) );
#8259 = FILL_AREA_STYLE ('',( #4550 ) ) ;
#8260 = VERTEX_POINT ( 'NONE', #1988 ) ;
#8261 = FACE_OUTER_BOUND ( 'NONE', #8764, .T. ) ;
#8262 = CARTESIAN_POINT ( 'NONE',  ( 8.083333333333335702, 5.166666666666669627, -0.08333333333333586834 ) ) ;
#8263 =( LENGTH_UNIT ( ) NAMED_UNIT ( * ) SI_UNIT ( .MILLI., .METRE. ) );
#8264 = ADVANCED_FACE ( 'NONE', ( #3840 ), #9867, .F. ) ;
#8265 = CARTESIAN_POINT ( 'NONE',  ( 13.74999999999999822, 0.2000000000000000111, -0.2499999999999997780 ) ) ;
#8266 = ORIENTED_EDGE ( 'NONE', *, *, #10693, .F. ) ;
#8267 = DIRECTION ( 'NONE',  ( -1.000000000000000000, 3.872150616019660190E-17, 0.0000000000000000000 ) ) ;
#8268 = FACE_OUTER_BOUND ( 'NONE', #1239, .T. ) ;
#8269 = COLOUR_RGB ( '',1.000000000000000000, 1.000000000000000000, 1.000000000000000000 ) ;
#8270 = VECTOR ( 'NONE', #7783, 1000.000000000000000 ) ;
#8271 = CARTESIAN_POINT ( 'NONE',  ( 6.150000000000003020, 5.100000000000001421, -0.1500000000000038525 ) ) ;
#8272 =( NAMED_UNIT ( * ) SI_UNIT ( $, .STERADIAN. ) SOLID_ANGLE_UNIT ( ) );
#8273 = FILL_AREA_STYLE ('',( #255 ) ) ;
#8274 = UNCERTAINTY_MEASURE_WITH_UNIT (LENGTH_MEASURE( 1.000000000000000082E-05 ), #4891, 'distance_accuracy_value', 'NONE');
#8275 = COLOUR_RGB ( '',1.000000000000000000, 1.000000000000000000, 1.000000000000000000 ) ;
#8276 =( LENGTH_UNIT ( ) NAMED_UNIT ( * ) SI_UNIT ( .MILLI., .METRE. ) );
#8277 = SURFACE_SIDE_STYLE ('',( #3998 ) ) ;
#8278 = LINE ( 'NONE', #7296, #167 ) ;
#8279 = ORIENTED_EDGE ( 'NONE', *, *, #8144, .T. ) ;
#8280 = EDGE_CURVE ( 'NONE', #9329, #5124, #2937, .T. ) ;
#8281 = PRESENTATION_LAYER_ASSIGNMENT (  '', '', ( #6811 ) ) ;
#8282 = ORIENTED_EDGE ( 'NONE', *, *, #5797, .T. ) ;
#8283 = DIRECTION ( 'NONE',  ( 3.872150616019660190E-17, 1.000000000000000000, -0.0000000000000000000 ) ) ;
#8284 =( NAMED_UNIT ( * ) PLANE_ANGLE_UNIT ( ) SI_UNIT ( $, .RADIAN. ) );
#8285 = CARTESIAN_POINT ( 'NONE',  ( 5.299999999999998934, 0.2000000000000000389, -2.800000000000000266 ) ) ;
#8286 = AXIS2_PLACEMENT_3D ( 'NONE', #8377, #594, #5952 ) ;
#8287 = ORIENTED_EDGE ( 'NONE', *, *, #10442, .F. ) ;
#8288 = CARTESIAN_POINT ( 'NONE',  ( 4.250000000000000000, 1.800000000000000044, -0.2499999999999997780 ) ) ;
#8289 = STYLED_ITEM ( 'NONE', ( #5666 ), #5324 ) ;
#8290 = LINE ( 'NONE', #1228, #7109 ) ;
#8291 = VECTOR ( 'NONE', #2888, 1000.000000000000000 ) ;
#8292 = SURFACE_STYLE_FILL_AREA ( #440 ) ;
#8293 = EDGE_CURVE ( 'NONE', #3227, #5681, #5648, .T. ) ;
#8294 =( NAMED_UNIT ( * ) PLANE_ANGLE_UNIT ( ) SI_UNIT ( $, .RADIAN. ) );
#8295 = EDGE_CURVE ( 'NONE', #5381, #2306, #9233, .T. ) ;
#8296 = DIRECTION ( 'NONE',  ( 0.0000000000000000000, 0.0000000000000000000, -1.000000000000000000 ) ) ;
#8297 = FILL_AREA_STYLE ('',( #3957 ) ) ;
#8298 = LINE ( 'NONE', #8184, #3515 ) ;
#8299 = PLANE ( 'NONE',  #322 ) ;
#8300 = STYLED_ITEM ( 'NONE', ( #10578 ), #5419 ) ;
#8301 = CARTESIAN_POINT ( 'NONE',  ( 1.299999999999999600, 0.0000000000000000000, -2.800000000000000266 ) ) ;
#8302 = SURFACE_STYLE_FILL_AREA ( #1308 ) ;
#8303 = SURFACE_SIDE_STYLE ('',( #5652 ) ) ;
#8304 = DIRECTION ( 'NONE',  ( 3.872150616019660190E-17, 1.000000000000000000, -0.0000000000000000000 ) ) ;
#8305 = CARTESIAN_POINT ( 'NONE',  ( 2.833333333333321935, -4.383333333333339077, -0.8333333333333200477 ) ) ;
#8306 = EDGE_CURVE ( 'NONE', #4636, #2276, #2404, .T. ) ;
#8307 = ORIENTED_EDGE ( 'NONE', *, *, #5842, .F. ) ;
#8308 = PLANE ( 'NONE',  #10963 ) ;
#8309 = EDGE_LOOP ( 'NONE', ( #2900, #558, #5818, #7840 ) ) ;
#8310 = CARTESIAN_POINT ( 'NONE',  ( 12.05000000000000071, 5.100000000000001421, -2.800000000000000266 ) ) ;
#8311 = LINE ( 'NONE', #10867, #8169 ) ;
#8312 = EDGE_CURVE ( 'NONE', #2567, #1923, #6788, .T. ) ;
#8313 = STYLED_ITEM ( 'NONE', ( #6831 ), #8594 ) ;
#8314 = PRESENTATION_LAYER_ASSIGNMENT (  '', '', ( #2927 ) ) ;
#8315 = DIRECTION ( 'NONE',  ( 9.103382349328301547E-49, 2.350988701644575016E-32, 1.000000000000000000 ) ) ;
#8316 = FILL_AREA_STYLE_COLOUR ( '', #5230 ) ;
#8317 = LINE ( 'NONE', #7505, #11422 ) ;
#8318 =( NAMED_UNIT ( * ) PLANE_ANGLE_UNIT ( ) SI_UNIT ( $, .RADIAN. ) );
#8319 = ORIENTED_EDGE ( 'NONE', *, *, #10884, .T. ) ;
#8320 = SURFACE_STYLE_FILL_AREA ( #4786 ) ;
#8321 = ORIENTED_EDGE ( 'NONE', *, *, #4401, .T. ) ;
#8322 = ORIENTED_EDGE ( 'NONE', *, *, #8060, .F. ) ;
#8323 = SURFACE_SIDE_STYLE ('',( #3988 ) ) ;
#8324 =( NAMED_UNIT ( * ) PLANE_ANGLE_UNIT ( ) SI_UNIT ( $, .RADIAN. ) );
#8325 = AXIS2_PLACEMENT_3D ( 'NONE', #3734, #1569, #10436 ) ;
#8326 = SURFACE_STYLE_USAGE ( .BOTH. , #9154 ) ;
#8327 =( GEOMETRIC_REPRESENTATION_CONTEXT ( 3 ) GLOBAL_UNCERTAINTY_ASSIGNED_CONTEXT ( ( #2799 ) ) GLOBAL_UNIT_ASSIGNED_CONTEXT ( ( #1751, #11400, #9536 ) ) REPRESENTATION_CONTEXT ( 'NONE', 'WORKASPACE' ) );
#8328 = LINE ( 'NONE', #4681, #6880 ) ;
#8329 =( NAMED_UNIT ( * ) SI_UNIT ( $, .STERADIAN. ) SOLID_ANGLE_UNIT ( ) );
#8330 = ADVANCED_FACE ( 'NONE', ( #8590 ), #6843, .F. ) ;
#8331 = COLOUR_RGB ( '',1.000000000000000000, 1.000000000000000000, 1.000000000000000000 ) ;
#8332 = CARTESIAN_POINT ( 'NONE',  ( 15.94999999999999929, 6.000000000000000000, -0.6799999999999982725 ) ) ;
#8333 = AXIS2_PLACEMENT_3D ( 'NONE', #9761, #1764, #5364 ) ;
#8334 = DIRECTION ( 'NONE',  ( -1.000000000000000000, 5.421010862427522170E-17, 0.0000000000000000000 ) ) ;
#8335 = EDGE_CURVE ( 'NONE', #5186, #4634, #8409, .T. ) ;
#8336 = ORIENTED_EDGE ( 'NONE', *, *, #11043, .F. ) ;
#8337 = VERTEX_POINT ( 'NONE', #1353 ) ;
#8338 = ORIENTED_EDGE ( 'NONE', *, *, #4054, .F. ) ;
#8339 = FILL_AREA_STYLE ('',( #2280 ) ) ;
#8340 = DIRECTION ( 'NONE',  ( -1.000000000000000000, 3.872150616019660190E-17, 0.0000000000000000000 ) ) ;
#8341 = VERTEX_POINT ( 'NONE', #564 ) ;
#8342 = COLOUR_RGB ( '',1.000000000000000000, 1.000000000000000000, 1.000000000000000000 ) ;
#8343 = CARTESIAN_POINT ( 'NONE',  ( 8.150000000000002132, 5.100000000000001421, -0.1500000000000021316 ) ) ;
#8344 = ADVANCED_FACE ( 'NONE', ( #9406 ), #10388, .F. ) ;
#8345 = ORIENTED_EDGE ( 'NONE', *, *, #10229, .F. ) ;
#8346 = STYLED_ITEM ( 'NONE', ( #5021 ), #228 ) ;
#8347 = DIRECTION ( 'NONE',  ( -3.872150616019660190E-17, -1.000000000000000000, 0.0000000000000000000 ) ) ;
#8348 = CARTESIAN_POINT ( 'NONE',  ( 0.2500000000000002220, 5.000000000000000888, 0.2500000000000002220 ) ) ;
#8349 = VECTOR ( 'NONE', #2759, 1000.000000000000000 ) ;
#8350 = FACE_OUTER_BOUND ( 'NONE', #8163, .T. ) ;
#8351 = VECTOR ( 'NONE', #1493, 1000.000000000000000 ) ;
#8352 = LINE ( 'NONE', #9295, #1436 ) ;
#8353 = LINE ( 'NONE', #282, #6778 ) ;
#8354 = PRESENTATION_LAYER_ASSIGNMENT (  '', '', ( #10406 ) ) ;
#8355 =( GEOMETRIC_REPRESENTATION_CONTEXT ( 3 ) GLOBAL_UNCERTAINTY_ASSIGNED_CONTEXT ( ( #2007 ) ) GLOBAL_UNIT_ASSIGNED_CONTEXT ( ( #5617, #10978, #2964 ) ) REPRESENTATION_CONTEXT ( 'NONE', 'WORKASPACE' ) );
#8356 = LINE ( 'NONE', #399, #7364 ) ;
#8357 = EDGE_CURVE ( 'NONE', #4368, #5287, #11176, .T. ) ;
#8358 = ADVANCED_FACE ( 'NONE', ( #10213 ), #3119, .T. ) ;
#8359 = PRESENTATION_LAYER_ASSIGNMENT (  '', '', ( #5422 ) ) ;
#8360 = DIRECTION ( 'NONE',  ( 0.0000000000000000000, 0.0000000000000000000, 1.000000000000000000 ) ) ;
#8361 = FACE_OUTER_BOUND ( 'NONE', #8227, .T. ) ;
#8362 = SURFACE_STYLE_FILL_AREA ( #11013 ) ;
#8363 = ORIENTED_EDGE ( 'NONE', *, *, #11240, .T. ) ;
#8364 = EDGE_LOOP ( 'NONE', ( #7937, #1282, #7345, #1731 ) ) ;
#8365 = SURFACE_STYLE_FILL_AREA ( #4894 ) ;
#8366 = UNCERTAINTY_MEASURE_WITH_UNIT (LENGTH_MEASURE( 1.000000000000000082E-05 ), #10411, 'distance_accuracy_value', 'NONE');
#8367 = COLOUR_RGB ( '',1.000000000000000000, 0.8117647058823529438, 0.5019607843137254832 ) ;
#8368 = DIRECTION ( 'NONE',  ( 0.0000000000000000000, 0.0000000000000000000, 1.000000000000000000 ) ) ;
#8369 = DIRECTION ( 'NONE',  ( -1.000000000000000000, 5.421010862427522170E-17, 0.0000000000000000000 ) ) ;
#8370 = SURFACE_STYLE_USAGE ( .BOTH. , #2006 ) ;
#8371 =( LENGTH_UNIT ( ) NAMED_UNIT ( * ) SI_UNIT ( .MILLI., .METRE. ) );
#8372 = CARTESIAN_POINT ( 'NONE',  ( -1.949999999999999956, 6.000000000000000000, 1.700000000000000178 ) ) ;
#8373 = ORIENTED_EDGE ( 'NONE', *, *, #6828, .T. ) ;
#8374 = EDGE_CURVE ( 'NONE', #8198, #4394, #7936, .T. ) ;
#8375 = MECHANICAL_DESIGN_GEOMETRIC_PRESENTATION_REPRESENTATION (  '', ( #4314 ), #6535 ) ;
#8376 = AXIS2_PLACEMENT_3D ( 'NONE', #2575, #9688, #1746 ) ;
#8377 = CARTESIAN_POINT ( 'NONE',  ( 4.149999999999997691, -3.399999999999999911, -2.800000000000000266 ) ) ;
#8378 = VECTOR ( 'NONE', #7340, 1000.000000000000000 ) ;
#8379 = CARTESIAN_POINT ( 'NONE',  ( 12.84999999999999787, 6.000000000000001776, 1.700000000000000178 ) ) ;
#8380 = DIRECTION ( 'NONE',  ( 0.0000000000000000000, 1.000000000000000000, 0.0000000000000000000 ) ) ;
#8381 = DIRECTION ( 'NONE',  ( 1.000000000000000000, -3.872150616019660190E-17, -4.336808689942017736E-16 ) ) ;
#8382 = CARTESIAN_POINT ( 'NONE',  ( 10.05000000000000071, -3.399999999999999911, -0.1499999999999969136 ) ) ;
#8383 = COLOUR_RGB ( '',1.000000000000000000, 0.8117647058823529438, 0.5019607843137254832 ) ;
#8384 = CARTESIAN_POINT ( 'NONE',  ( 9.250000000000001776, 1.149999999999999911, -2.050000000000001599 ) ) ;
#8385 = ORIENTED_EDGE ( 'NONE', *, *, #6173, .T. ) ;
#8386 = SURFACE_STYLE_FILL_AREA ( #11090 ) ;
#8387 = VERTEX_POINT ( 'NONE', #1799 ) ;
#8388 = LINE ( 'NONE', #6540, #6946 ) ;
#8389 = PRESENTATION_LAYER_ASSIGNMENT (  '', '', ( #6908 ) ) ;
#8390 =( NAMED_UNIT ( * ) PLANE_ANGLE_UNIT ( ) SI_UNIT ( $, .RADIAN. ) );
#8391 = ORIENTED_EDGE ( 'NONE', *, *, #2982, .T. ) ;
#8392 = DIRECTION ( 'NONE',  ( -3.872150616019660190E-17, -1.000000000000000000, 0.0000000000000000000 ) ) ;
#8393 = FACE_OUTER_BOUND ( 'NONE', #7289, .T. ) ;
#8394 = PRESENTATION_STYLE_ASSIGNMENT (( #8157 ) ) ;
#8395 = STYLED_ITEM ( 'NONE', ( #68 ), #2105 ) ;
#8396 = CARTESIAN_POINT ( 'NONE',  ( 3.299999999999999378, 0.2000000000000000389, 1.700000000000000178 ) ) ;
#8397 = LINE ( 'NONE', #2209, #11138 ) ;
#8398 = FILL_AREA_STYLE ('',( #11104 ) ) ;
#8399 = ORIENTED_EDGE ( 'NONE', *, *, #7942, .F. ) ;
#8400 = ORIENTED_EDGE ( 'NONE', *, *, #1029, .F. ) ;
#8401 = FILL_AREA_STYLE ('',( #10149 ) ) ;
#8402 = VERTEX_POINT ( 'NONE', #3351 ) ;
#8403 = VECTOR ( 'NONE', #2152, 1000.000000000000000 ) ;
#8404 = ORIENTED_EDGE ( 'NONE', *, *, #9345, .F. ) ;
#8405 = ORIENTED_EDGE ( 'NONE', *, *, #1305, .T. ) ;
#8406 = DIRECTION ( 'NONE',  ( -1.084202172485504237E-15, -1.000000000000000000, 0.0000000000000000000 ) ) ;
#8407 =( LENGTH_UNIT ( ) NAMED_UNIT ( * ) SI_UNIT ( .MILLI., .METRE. ) );
#8408 = CARTESIAN_POINT ( 'NONE',  ( 1.849999999999996536, 5.100000000000001421, -0.1500000000000038525 ) ) ;
#8409 = LINE ( 'NONE', #4181, #7947 ) ;
#8410 = CARTESIAN_POINT ( 'NONE',  ( -1.949999999999999956, 1.800000000000000044, 0.2500000000000002220 ) ) ;
#8411 = SURFACE_STYLE_USAGE ( .BOTH. , #7538 ) ;
#8412 = CARTESIAN_POINT ( 'NONE',  ( -1.949999999999999956, 0.0000000000000000000, -2.800000000000000266 ) ) ;
#8413 = ORIENTED_EDGE ( 'NONE', *, *, #1936, .T. ) ;
#8414 = PLANE ( 'NONE',  #1187 ) ;
#8415 = LINE ( 'NONE', #4079, #2335 ) ;
#8416 =( GEOMETRIC_REPRESENTATION_CONTEXT ( 3 ) GLOBAL_UNCERTAINTY_ASSIGNED_CONTEXT ( ( #10749 ) ) GLOBAL_UNIT_ASSIGNED_CONTEXT ( ( #6531, #9198, #4728 ) ) REPRESENTATION_CONTEXT ( 'NONE', 'WORKASPACE' ) );
#8417 = EDGE_LOOP ( 'NONE', ( #8209, #10942, #11299, #9319, #5280 ) ) ;
#8418 = EDGE_CURVE ( 'NONE', #1945, #5530, #1581, .T. ) ;
#8419 = CARTESIAN_POINT ( 'NONE',  ( 2.750000000000001332, 3.400000000000000355, -2.350000000000001421 ) ) ;
#8420 = DIRECTION ( 'NONE',  ( -1.084202172485504237E-15, -1.000000000000000000, 0.0000000000000000000 ) ) ;
#8421 = DIRECTION ( 'NONE',  ( -0.0000000000000000000, 1.000000000000000000, -0.0000000000000000000 ) ) ;
#8422 = SURFACE_STYLE_USAGE ( .BOTH. , #9544 ) ;
#8423 = VERTEX_POINT ( 'NONE', #2637 ) ;
#8424 = ORIENTED_EDGE ( 'NONE', *, *, #3182, .F. ) ;
#8425 = STYLED_ITEM ( 'NONE', ( #4045 ), #1087 ) ;
#8426 = ADVANCED_FACE ( 'NONE', ( #3520 ), #897, .T. ) ;
#8427 = FACE_OUTER_BOUND ( 'NONE', #1258, .T. ) ;
#8428 = ADVANCED_FACE ( 'NONE', ( #1640 ), #9690, .T. ) ;
#8429 = ORIENTED_EDGE ( 'NONE', *, *, #2321, .F. ) ;
#8430 = FACE_OUTER_BOUND ( 'NONE', #5444, .T. ) ;
#8431 = EDGE_CURVE ( 'NONE', #3554, #9525, #8278, .T. ) ;
#8432 = SURFACE_STYLE_FILL_AREA ( #1322 ) ;
#8433 = STYLED_ITEM ( 'NONE', ( #9521 ), #886 ) ;
#8434 = ORIENTED_EDGE ( 'NONE', *, *, #745, .T. ) ;
#8435 =( LENGTH_UNIT ( ) NAMED_UNIT ( * ) SI_UNIT ( .MILLI., .METRE. ) );
#8436 = EDGE_CURVE ( 'NONE', #5661, #8337, #2985, .T. ) ;
#8437 = EDGE_LOOP ( 'NONE', ( #854, #10243, #2190, #3772, #10983 ) ) ;
#8438 = SURFACE_STYLE_FILL_AREA ( #416 ) ;
#8439 = PRESENTATION_STYLE_ASSIGNMENT (( #9383 ) ) ;
#8440 = EDGE_CURVE ( 'NONE', #5124, #6322, #4742, .T. ) ;
#8441 = ORIENTED_EDGE ( 'NONE', *, *, #1721, .F. ) ;
#8442 = ORIENTED_EDGE ( 'NONE', *, *, #6718, .T. ) ;
#8443 = CARTESIAN_POINT ( 'NONE',  ( 8.250000000000000000, -3.399999999999999911, 0.2500000000000002220 ) ) ;
#8444 = FILL_AREA_STYLE_COLOUR ( '', #8465 ) ;
#8445 = DIRECTION ( 'NONE',  ( 3.872150616019660190E-17, 1.000000000000000000, -0.0000000000000000000 ) ) ;
#8446 = VECTOR ( 'NONE', #9911, 1000.000000000000000 ) ;
#8447 = VERTEX_POINT ( 'NONE', #2803 ) ;
#8448 = DIRECTION ( 'NONE',  ( -4.336808689942017736E-16, 0.0000000000000000000, -1.000000000000000000 ) ) ;
#8449 = ORIENTED_EDGE ( 'NONE', *, *, #4582, .T. ) ;
#8450 = MECHANICAL_DESIGN_GEOMETRIC_PRESENTATION_REPRESENTATION (  '', ( #7714 ), #4397 ) ;
#8451 = CARTESIAN_POINT ( 'NONE',  ( -1.350000000000000089, 1.149999999999999911, -1.050000000000008926 ) ) ;
#8452 = CARTESIAN_POINT ( 'NONE',  ( 2.050000000000000266, 5.100000000000001421, -0.1500000000000021316 ) ) ;
#8453 = ORIENTED_EDGE ( 'NONE', *, *, #10848, .F. ) ;
#8454 = ADVANCED_FACE ( 'NONE', ( #4569 ), #7404, .F. ) ;
#8455 = ORIENTED_EDGE ( 'NONE', *, *, #3841, .T. ) ;
#8456 = DIRECTION ( 'NONE',  ( -1.000000000000000000, -1.095153709581317921E-16, 0.0000000000000000000 ) ) ;
#8457 = CARTESIAN_POINT ( 'NONE',  ( 5.299999999999998934, 0.2000000000000000389, -2.800000000000000266 ) ) ;
#8458 = COLOUR_RGB ( '',1.000000000000000000, 0.8117647058823529438, 0.5019607843137254832 ) ;
#8459 = EDGE_LOOP ( 'NONE', ( #10469, #9545, #10380, #7353, #7848 ) ) ;
#8460 = ORIENTED_EDGE ( 'NONE', *, *, #1860, .F. ) ;
#8461 = PRESENTATION_LAYER_ASSIGNMENT (  '', '', ( #8495 ) ) ;
#8462 = DIRECTION ( 'NONE',  ( -1.000000000000000000, 0.0000000000000000000, -0.0000000000000000000 ) ) ;
#8463 = EDGE_CURVE ( 'NONE', #7003, #3391, #7238, .T. ) ;
#8464 = ORIENTED_EDGE ( 'NONE', *, *, #1047, .F. ) ;
#8465 = COLOUR_RGB ( '',1.000000000000000000, 0.8117647058823529438, 0.5019607843137254832 ) ;
#8466 = FILL_AREA_STYLE ('',( #4010 ) ) ;
#8467 = ORIENTED_EDGE ( 'NONE', *, *, #6729, .T. ) ;
#8468 = MECHANICAL_DESIGN_GEOMETRIC_PRESENTATION_REPRESENTATION (  '', ( #6805 ), #1034 ) ;
#8469 =( NAMED_UNIT ( * ) SI_UNIT ( $, .STERADIAN. ) SOLID_ANGLE_UNIT ( ) );
#8470 = PRESENTATION_LAYER_ASSIGNMENT (  '', '', ( #3851 ) ) ;
#8471 = DIRECTION ( 'NONE',  ( 1.000000000000000000, -5.421010862427522170E-17, 0.0000000000000000000 ) ) ;
#8472 =( NAMED_UNIT ( * ) SI_UNIT ( $, .STERADIAN. ) SOLID_ANGLE_UNIT ( ) );
#8473 = SURFACE_STYLE_USAGE ( .BOTH. , #3003 ) ;
#8474 =( GEOMETRIC_REPRESENTATION_CONTEXT ( 3 ) GLOBAL_UNCERTAINTY_ASSIGNED_CONTEXT ( ( #7827 ) ) GLOBAL_UNIT_ASSIGNED_CONTEXT ( ( #2277, #2988, #9398 ) ) REPRESENTATION_CONTEXT ( 'NONE', 'WORKASPACE' ) );
#8475 = CARTESIAN_POINT ( 'NONE',  ( 5.449999999999996625, -4.099999999999998757, 0.5500000000000014877 ) ) ;
#8476 = CARTESIAN_POINT ( 'NONE',  ( 4.250000000000000000, -3.399999999999999911, 0.2500000000000002220 ) ) ;
#8477 = SURFACE_SIDE_STYLE ('',( #9537 ) ) ;
#8478 = AXIS2_PLACEMENT_3D ( 'NONE', #9863, #6221, #6959 ) ;
#8479 = SURFACE_SIDE_STYLE ('',( #8302 ) ) ;
#8480 = EDGE_CURVE ( 'NONE', #4128, #9663, #10780, .T. ) ;
#8481 = DIRECTION ( 'NONE',  ( -1.000000000000000000, -0.0000000000000000000, -0.0000000000000000000 ) ) ;
#8482 = VERTEX_POINT ( 'NONE', #6318 ) ;
#8483 = LINE ( 'NONE', #4890, #9945 ) ;
#8484 = EDGE_CURVE ( 'NONE', #159, #6322, #6370, .T. ) ;
#8485 = VERTEX_POINT ( 'NONE', #6551 ) ;
#8486 = ORIENTED_EDGE ( 'NONE', *, *, #6704, .F. ) ;
#8487 = UNCERTAINTY_MEASURE_WITH_UNIT (LENGTH_MEASURE( 1.000000000000000082E-05 ), #6206, 'distance_accuracy_value', 'NONE');
#8488 = DIRECTION ( 'NONE',  ( 1.000000000000000000, -3.872150616019660190E-17, 0.0000000000000000000 ) ) ;
#8489 = EDGE_CURVE ( 'NONE', #1981, #9367, #3820, .T. ) ;
#8490 = AXIS2_PLACEMENT_3D ( 'NONE', #5593, #3123, #1302 ) ;
#8491 = ORIENTED_EDGE ( 'NONE', *, *, #6090, .F. ) ;
#8492 = LINE ( 'NONE', #6005, #5951 ) ;
#8493 = EDGE_LOOP ( 'NONE', ( #7763, #5119, #973, #6159 ) ) ;
#8494 = SURFACE_STYLE_USAGE ( .BOTH. , #4959 ) ;
#8495 = STYLED_ITEM ( 'NONE', ( #9973 ), #767 ) ;
#8496 = CARTESIAN_POINT ( 'NONE',  ( 0.1500000000000025757, 5.100000000000001421, -0.1500000000000021316 ) ) ;
#8497 = ORIENTED_EDGE ( 'NONE', *, *, #3863, .T. ) ;
#8498 =( NAMED_UNIT ( * ) SI_UNIT ( $, .STERADIAN. ) SOLID_ANGLE_UNIT ( ) );
#8499 = EDGE_CURVE ( 'NONE', #1092, #8022, #1066, .T. ) ;
#8500 = CARTESIAN_POINT ( 'NONE',  ( 8.250000000000000000, -3.399999999999999911, -0.1499999999999969136 ) ) ;
#8501 = PRESENTATION_STYLE_ASSIGNMENT (( #8563 ) ) ;
#8502 = PRESENTATION_LAYER_ASSIGNMENT (  '', '', ( #6488 ) ) ;
#8503 = CARTESIAN_POINT ( 'NONE',  ( -1.950000000000000178, -3.399999999999999911, 0.1500000000000008271 ) ) ;
#8504 = SURFACE_STYLE_FILL_AREA ( #4160 ) ;
#8505 = ORIENTED_EDGE ( 'NONE', *, *, #1935, .F. ) ;
#8506 = CARTESIAN_POINT ( 'NONE',  ( 10.24999999999999822, -3.399999999999999911, 0.2500000000000002220 ) ) ;
#8507 = DIRECTION ( 'NONE',  ( -1.000000000000000000, 5.421010862427522170E-17, 0.0000000000000000000 ) ) ;
#8508 = LINE ( 'NONE', #4223, #7605 ) ;
#8509 = EDGE_CURVE ( 'NONE', #6281, #4965, #1173, .T. ) ;
#8510 = STYLED_ITEM ( 'NONE', ( #10847 ), #8264 ) ;
#8511 = EDGE_CURVE ( 'NONE', #4336, #2865, #3164, .T. ) ;
#8512 = SURFACE_SIDE_STYLE ('',( #8620 ) ) ;
#8513 = DIRECTION ( 'NONE',  ( -1.000000000000000000, 0.0000000000000000000, 1.368320445974695775E-17 ) ) ;
#8514 = CARTESIAN_POINT ( 'NONE',  ( -1.951000000000000956, 6.000000000000000000, -0.6800000000000018252 ) ) ;
#8515 = DIRECTION ( 'NONE',  ( -0.7071067811865505703, -0.7071067811865444641, 1.662400053425828747E-32 ) ) ;
#8516 = SURFACE_STYLE_FILL_AREA ( #8398 ) ;
#8517 = VERTEX_POINT ( 'NONE', #10198 ) ;
#8518 = VERTEX_POINT ( 'NONE', #3108 ) ;
#8519 = COLOUR_RGB ( '',1.000000000000000000, 1.000000000000000000, 1.000000000000000000 ) ;
#8520 = DIRECTION ( 'NONE',  ( -0.0000000000000000000, -1.000000000000000000, -0.0000000000000000000 ) ) ;
#8521 = SURFACE_SIDE_STYLE ('',( #2456 ) ) ;
#8522 = UNCERTAINTY_MEASURE_WITH_UNIT (LENGTH_MEASURE( 1.000000000000000082E-05 ), #7546, 'distance_accuracy_value', 'NONE');
#8523 = ORIENTED_EDGE ( 'NONE', *, *, #6062, .F. ) ;
#8524 = EDGE_LOOP ( 'NONE', ( #2333, #3052, #2695, #8453 ) ) ;
#8525 = EDGE_CURVE ( 'NONE', #11076, #9215, #7578, .T. ) ;
#8526 = PRESENTATION_LAYER_ASSIGNMENT (  '', '', ( #9463 ) ) ;
#8527 = CARTESIAN_POINT ( 'NONE',  ( 8.250000000000000000, 1.800000000000000044, 0.2500000000000002220 ) ) ;
#8528 = COLOUR_RGB ( '',1.000000000000000000, 1.000000000000000000, 1.000000000000000000 ) ;
#8529 =( NAMED_UNIT ( * ) PLANE_ANGLE_UNIT ( ) SI_UNIT ( $, .RADIAN. ) );
#8530 = SURFACE_STYLE_USAGE ( .BOTH. , #6842 ) ;
#8531 = CARTESIAN_POINT ( 'NONE',  ( 6.249999999999998224, -3.299999999999997158, 0.2500000000000002220 ) ) ;
#8532 = FILL_AREA_STYLE ('',( #4993 ) ) ;
#8533 = VERTEX_POINT ( 'NONE', #10262 ) ;
#8534 = PRESENTATION_LAYER_ASSIGNMENT (  '', '', ( #7970 ) ) ;
#8535 = EDGE_CURVE ( 'NONE', #8094, #37, #3225, .T. ) ;
#8536 = MECHANICAL_DESIGN_GEOMETRIC_PRESENTATION_REPRESENTATION (  '', ( #9330 ), #4642 ) ;
#8537 = DIRECTION ( 'NONE',  ( 0.0000000000000000000, -0.0000000000000000000, 1.000000000000000000 ) ) ;
#8538 = DIRECTION ( 'NONE',  ( 1.000000000000000000, -5.421010862427522170E-17, 0.0000000000000000000 ) ) ;
#8539 = MECHANICAL_DESIGN_GEOMETRIC_PRESENTATION_REPRESENTATION (  '', ( #8346 ), #189 ) ;
#8540 = ORIENTED_EDGE ( 'NONE', *, *, #4769, .F. ) ;
#8541 = APPLICATION_PROTOCOL_DEFINITION ( 'draft international standard', 'automotive_design', 1998, #5618 ) ;
#8542 = CARTESIAN_POINT ( 'NONE',  ( 3.750000000000000444, 5.000000000000000888, 0.2500000000000002220 ) ) ;
#8543 = PLANE ( 'NONE',  #7992 ) ;
#8544 = AXIS2_PLACEMENT_3D ( 'NONE', #7343, #6543, #9044 ) ;
#8545 = FILL_AREA_STYLE_COLOUR ( '', #1443 ) ;
#8546 = ORIENTED_EDGE ( 'NONE', *, *, #8956, .T. ) ;
#8547 = VERTEX_POINT ( 'NONE', #3999 ) ;
#8548 = LINE ( 'NONE', #9485, #2566 ) ;
#8549 = UNCERTAINTY_MEASURE_WITH_UNIT (LENGTH_MEASURE( 1.000000000000000082E-05 ), #8605, 'distance_accuracy_value', 'NONE');
#8550 = MECHANICAL_DESIGN_GEOMETRIC_PRESENTATION_REPRESENTATION (  '', ( #10584 ), #7802 ) ;
#8551 = VERTEX_POINT ( 'NONE', #5035 ) ;
#8552 = DIRECTION ( 'NONE',  ( 0.0000000000000000000, -1.000000000000000000, 0.0000000000000000000 ) ) ;
#8553 = AXIS2_PLACEMENT_3D ( 'NONE', #4055, #2717, #6082 ) ;
#8554 = LINE ( 'NONE', #10461, #11215 ) ;
#8555 = SURFACE_STYLE_FILL_AREA ( #5014 ) ;
#8556 = MECHANICAL_DESIGN_GEOMETRIC_PRESENTATION_REPRESENTATION (  '', ( #3926 ), #10946 ) ;
#8557 = CARTESIAN_POINT ( 'NONE',  ( 13.84999999999999787, 5.100000000000001421, -0.1500000000000003830 ) ) ;
#8558 = ORIENTED_EDGE ( 'NONE', *, *, #405, .T. ) ;
#8559 = PLANE ( 'NONE',  #8286 ) ;
#8560 = AXIS2_PLACEMENT_3D ( 'NONE', #9100, #254, #10023 ) ;
#8561 = PRESENTATION_LAYER_ASSIGNMENT (  '', '', ( #8174 ) ) ;
#8562 = EDGE_LOOP ( 'NONE', ( #6939, #11341, #6857, #1678, #2368, #11058, #6041, #7729 ) ) ;
#8563 = SURFACE_STYLE_USAGE ( .BOTH. , #598 ) ;
#8564 = CARTESIAN_POINT ( 'NONE',  ( -1.350000000000000089, -17.08361788380903690, 1.249999999999997558 ) ) ;
#8565 = ORIENTED_EDGE ( 'NONE', *, *, #5473, .F. ) ;
#8566 = SURFACE_STYLE_FILL_AREA ( #10304 ) ;
#8567 = VERTEX_POINT ( 'NONE', #610 ) ;
#8568 = STYLED_ITEM ( 'NONE', ( #10037 ), #10911 ) ;
#8569 = DIRECTION ( 'NONE',  ( 1.000000000000000000, -5.421010862427522170E-17, 0.0000000000000000000 ) ) ;
#8570 =( NAMED_UNIT ( * ) PLANE_ANGLE_UNIT ( ) SI_UNIT ( $, .RADIAN. ) );
#8571 = VECTOR ( 'NONE', #6483, 1000.000000000000000 ) ;
#8572 = LINE ( 'NONE', #4049, #2583 ) ;
#8573 = COLOUR_RGB ( '',1.000000000000000000, 0.8117647058823529438, 0.5019607843137254832 ) ;
#8574 = STYLED_ITEM ( 'NONE', ( #339 ), #6595 ) ;
#8575 = CARTESIAN_POINT ( 'NONE',  ( 5.750000000000000000, 1.800000000000000044, -0.2499999999999997780 ) ) ;
#8576 = FILL_AREA_STYLE ('',( #10368 ) ) ;
#8577 = AXIS2_PLACEMENT_3D ( 'NONE', #6063, #9769, #5140 ) ;
#8578 = CARTESIAN_POINT ( 'NONE',  ( -1.700000000000003064, 6.000000000000000000, -0.6800000000000000488 ) ) ;
#8579 = ORIENTED_EDGE ( 'NONE', *, *, #6192, .T. ) ;
#8580 = VERTEX_POINT ( 'NONE', #4861 ) ;
#8581 = EDGE_CURVE ( 'NONE', #3011, #3094, #2154, .T. ) ;
#8582 = ORIENTED_EDGE ( 'NONE', *, *, #6238, .F. ) ;
#8583 = FILL_AREA_STYLE_COLOUR ( '', #5854 ) ;
#8584 = CARTESIAN_POINT ( 'NONE',  ( 7.750000000000000000, -3.299999999999997158, -0.2499999999999997780 ) ) ;
#8585 = AXIS2_PLACEMENT_3D ( 'NONE', #3907, #8360, #9422 ) ;
#8586 = SURFACE_STYLE_USAGE ( .BOTH. , #5047 ) ;
#8587 = CARTESIAN_POINT ( 'NONE',  ( 7.125500000000037915, -2.825500000000001677, -0.6799999999999948308 ) ) ;
#8588 = FILL_AREA_STYLE ('',( #4243 ) ) ;
#8589 = EDGE_CURVE ( 'NONE', #4394, #9560, #9273, .T. ) ;
#8590 = FACE_OUTER_BOUND ( 'NONE', #8524, .T. ) ;
#8591 = SURFACE_STYLE_FILL_AREA ( #11233 ) ;
#8592 = CARTESIAN_POINT ( 'NONE',  ( 2.050000000000000266, -3.399999999999999911, 0.1499999999999973577 ) ) ;
#8593 = COLOUR_RGB ( '',1.000000000000000000, 1.000000000000000000, 1.000000000000000000 ) ;
#8594 = ADVANCED_FACE ( 'NONE', ( #11220 ), #5859, .T. ) ;
#8595 = LINE ( 'NONE', #7484, #5565 ) ;
#8596 = FILL_AREA_STYLE ('',( #4249 ) ) ;
#8597 =( NAMED_UNIT ( * ) PLANE_ANGLE_UNIT ( ) SI_UNIT ( $, .RADIAN. ) );
#8598 = CARTESIAN_POINT ( 'NONE',  ( 0.1500000000000003830, -3.399999999999999911, -0.1500000000000003830 ) ) ;
#8599 = ORIENTED_EDGE ( 'NONE', *, *, #8436, .F. ) ;
#8600 = STYLED_ITEM ( 'NONE', ( #5646 ), #2171 ) ;
#8601 = CARTESIAN_POINT ( 'NONE',  ( -1.949999999999999956, 1.800000000000000044, -0.2499999999999997780 ) ) ;
#8602 = DIRECTION ( 'NONE',  ( 1.000000000000000000, 0.0000000000000000000, 0.0000000000000000000 ) ) ;
#8603 = DIRECTION ( 'NONE',  ( -0.0000000000000000000, 1.000000000000000000, -0.0000000000000000000 ) ) ;
#8604 = ORIENTED_EDGE ( 'NONE', *, *, #7870, .T. ) ;
#8605 =( LENGTH_UNIT ( ) NAMED_UNIT ( * ) SI_UNIT ( .MILLI., .METRE. ) );
#8606 = CARTESIAN_POINT ( 'NONE',  ( 11.75000000000000000, 5.000000000000006217, 0.2500000000000002220 ) ) ;
#8607 = FILL_AREA_STYLE ('',( #588 ) ) ;
#8608 = SURFACE_STYLE_USAGE ( .BOTH. , #1601 ) ;
#8609 = AXIS2_PLACEMENT_3D ( 'NONE', #2092, #7692, #7874 ) ;
#8610 =( LENGTH_UNIT ( ) NAMED_UNIT ( * ) SI_UNIT ( .MILLI., .METRE. ) );
#8611 = ORIENTED_EDGE ( 'NONE', *, *, #2442, .F. ) ;
#8612 = VERTEX_POINT ( 'NONE', #8578 ) ;
#8613 = CARTESIAN_POINT ( 'NONE',  ( 15.70000000000000284, 6.000000000000000000, 1.249999999999997558 ) ) ;
#8614 =( NAMED_UNIT ( * ) SI_UNIT ( $, .STERADIAN. ) SOLID_ANGLE_UNIT ( ) );
#8615 = ORIENTED_EDGE ( 'NONE', *, *, #8631, .F. ) ;
#8616 = PRESENTATION_STYLE_ASSIGNMENT (( #4161 ) ) ;
#8617 = AXIS2_PLACEMENT_3D ( 'NONE', #1515, #665, #7766 ) ;
#8618 = VECTOR ( 'NONE', #2763, 1000.000000000000000 ) ;
#8619 = AXIS2_PLACEMENT_3D ( 'NONE', #1048, #10755, #92 ) ;
#8620 = SURFACE_STYLE_FILL_AREA ( #4227 ) ;
#8621 = CARTESIAN_POINT ( 'NONE',  ( 6.833333333333333925, -4.383333333333334636, -0.8333333333333364790 ) ) ;
#8622 = FACE_OUTER_BOUND ( 'NONE', #7124, .T. ) ;
#8623 = ORIENTED_EDGE ( 'NONE', *, *, #2370, .T. ) ;
#8624 = ORIENTED_EDGE ( 'NONE', *, *, #4722, .F. ) ;
#8625 = ORIENTED_EDGE ( 'NONE', *, *, #3147, .F. ) ;
#8626 = PLANE ( 'NONE',  #8617 ) ;
#8627 = VERTEX_POINT ( 'NONE', #4060 ) ;
#8628 = UNCERTAINTY_MEASURE_WITH_UNIT (LENGTH_MEASURE( 1.000000000000000082E-05 ), #1859, 'distance_accuracy_value', 'NONE');
#8629 = LINE ( 'NONE', #6785, #3931 ) ;
#8630 = ORIENTED_EDGE ( 'NONE', *, *, #10745, .T. ) ;
#8631 = EDGE_CURVE ( 'NONE', #8737, #9942, #6603, .T. ) ;
#8632 = CARTESIAN_POINT ( 'NONE',  ( 12.69999999999999929, 0.1999999999999999833, -2.800000000000000266 ) ) ;
#8633 = DIRECTION ( 'NONE',  ( 0.0000000000000000000, -0.0000000000000000000, 1.000000000000000000 ) ) ;
#8634 = ADVANCED_FACE ( 'NONE', ( #4118 ), #11166, .T. ) ;
#8635 = DIRECTION ( 'NONE',  ( -4.336808689942017736E-16, 0.0000000000000000000, -1.000000000000000000 ) ) ;
#8636 = DIRECTION ( 'NONE',  ( 1.000000000000000000, -5.421010862427522170E-17, 0.0000000000000000000 ) ) ;
#8637 = VERTEX_POINT ( 'NONE', #9629 ) ;
#8638 = VERTEX_POINT ( 'NONE', #5219 ) ;
#8639 = PRESENTATION_LAYER_ASSIGNMENT (  '', '', ( #7520 ) ) ;
#8640 =( NAMED_UNIT ( * ) PLANE_ANGLE_UNIT ( ) SI_UNIT ( $, .RADIAN. ) );
#8641 = EDGE_LOOP ( 'NONE', ( #8152, #2172, #1689, #3986 ) ) ;
#8642 = SURFACE_SIDE_STYLE ('',( #7776 ) ) ;
#8643 = DIRECTION ( 'NONE',  ( 3.872150616019660190E-17, 1.000000000000000000, -0.0000000000000000000 ) ) ;
#8644 = EDGE_CURVE ( 'NONE', #4097, #10381, #7762, .T. ) ;
#8645 = PRESENTATION_LAYER_ASSIGNMENT (  '', '', ( #2515 ) ) ;
#8646 = ORIENTED_EDGE ( 'NONE', *, *, #9524, .F. ) ;
#8647 = EDGE_CURVE ( 'NONE', #9294, #7123, #718, .T. ) ;
#8648 = COLOUR_RGB ( '',1.000000000000000000, 0.8117647058823529438, 0.5019607843137254832 ) ;
#8649 = FACE_BOUND ( 'NONE', #568, .T. ) ;
#8650 =( GEOMETRIC_REPRESENTATION_CONTEXT ( 3 ) GLOBAL_UNCERTAINTY_ASSIGNED_CONTEXT ( ( #5549 ) ) GLOBAL_UNIT_ASSIGNED_CONTEXT ( ( #5839, #5079, #11358 ) ) REPRESENTATION_CONTEXT ( 'NONE', 'WORKASPACE' ) );
#8651 = SURFACE_STYLE_FILL_AREA ( #1658 ) ;
#8652 = FILL_AREA_STYLE ('',( #6112 ) ) ;
#8653 = SURFACE_STYLE_FILL_AREA ( #10285 ) ;
#8654 = MECHANICAL_DESIGN_GEOMETRIC_PRESENTATION_REPRESENTATION (  '', ( #10143 ), #11048 ) ;
#8655 = LINE ( 'NONE', #11293, #5940 ) ;
#8656 = COLOUR_RGB ( '',1.000000000000000000, 1.000000000000000000, 1.000000000000000000 ) ;
#8657 = ORIENTED_EDGE ( 'NONE', *, *, #5043, .T. ) ;
#8658 = LINE ( 'NONE', #10460, #5582 ) ;
#8659 = MECHANICAL_DESIGN_GEOMETRIC_PRESENTATION_REPRESENTATION (  '', ( #1040 ), #4587 ) ;
#8660 = PLANE ( 'NONE',  #112 ) ;
#8661 =( NAMED_UNIT ( * ) SI_UNIT ( $, .STERADIAN. ) SOLID_ANGLE_UNIT ( ) );
#8662 = LINE ( 'NONE', #2312, #2602 ) ;
#8663 = VECTOR ( 'NONE', #4372, 1000.000000000000000 ) ;
#8665 = LINE ( 'NONE', #2314, #1576 ) ;
#8664 = PRESENTATION_LAYER_ASSIGNMENT (  '', '', ( #9231 ) ) ;
#8666 = CARTESIAN_POINT ( 'NONE',  ( -1.949999999999999956, 0.0000000000000000000, -2.800000000000000266 ) ) ;
#8667 = ORIENTED_EDGE ( 'NONE', *, *, #1717, .F. ) ;
#8669 = ADVANCED_FACE ( 'NONE', ( #6088 ), #11332, .F. ) ;
#8668 = CARTESIAN_POINT ( 'NONE',  ( 5.750000000000000000, -3.399999999999999911, -0.2499999999999997780 ) ) ;
#8670 =( NAMED_UNIT ( * ) SI_UNIT ( $, .STERADIAN. ) SOLID_ANGLE_UNIT ( ) );
#8671 = PLANE ( 'NONE',  #1566 ) ;
#8672 =( GEOMETRIC_REPRESENTATION_CONTEXT ( 3 ) GLOBAL_UNCERTAINTY_ASSIGNED_CONTEXT ( ( #9592 ) ) GLOBAL_UNIT_ASSIGNED_CONTEXT ( ( #5346, #8816, #9741 ) ) REPRESENTATION_CONTEXT ( 'NONE', 'WORKASPACE' ) );
#8673 = CARTESIAN_POINT ( 'NONE',  ( 15.17999999999999972, 2.250000000000001776, 1.700000000000000178 ) ) ;
#8674 = STYLED_ITEM ( 'NONE', ( #5910 ), #4329 ) ;
#8675 = FILL_AREA_STYLE_COLOUR ( '', #8961 ) ;
#8676 = ADVANCED_FACE ( 'NONE', ( #1735 ), #7046, .T. ) ;
#8677 = LINE ( 'NONE', #710, #3047 ) ;
#8678 = SURFACE_STYLE_USAGE ( .BOTH. , #10699 ) ;
#8679 = VERTEX_POINT ( 'NONE', #3405 ) ;
#8680 = EDGE_LOOP ( 'NONE', ( #8975, #10676, #1175, #1131 ) ) ;
#8681 = PRESENTATION_STYLE_ASSIGNMENT (( #3222 ) ) ;
#8682 = DIRECTION ( 'NONE',  ( -1.084202172485504237E-15, -1.000000000000000000, 0.0000000000000000000 ) ) ;
#8683 = PRESENTATION_STYLE_ASSIGNMENT (( #4281 ) ) ;
#8684 = SURFACE_STYLE_FILL_AREA ( #3404 ) ;
#8685 = DIRECTION ( 'NONE',  ( -3.833233541708400216E-17, -0.7071067811865410224, -0.7071067811865540120 ) ) ;
#8686 = VERTEX_POINT ( 'NONE', #9997 ) ;
#8687 = EDGE_LOOP ( 'NONE', ( #8886, #11113, #5731, #6121 ) ) ;
#8688 = DIRECTION ( 'NONE',  ( -5.421010862427522170E-17, -1.000000000000000000, 2.350988701644575016E-32 ) ) ;
#8689 = VERTEX_POINT ( 'NONE', #9247 ) ;
#8690 = PRESENTATION_STYLE_ASSIGNMENT (( #6723 ) ) ;
#8691 = COLOUR_RGB ( '',1.000000000000000000, 0.8117647058823529438, 0.5019607843137254832 ) ;
#8692 = ADVANCED_FACE ( 'NONE', ( #2951 ), #350, .F. ) ;
#8693 = EDGE_CURVE ( 'NONE', #2567, #2906, #6399, .T. ) ;
#8694 = VERTEX_POINT ( 'NONE', #5601 ) ;
#8695 = DIRECTION ( 'NONE',  ( -0.0000000000000000000, 1.000000000000000000, -0.0000000000000000000 ) ) ;
#8696 =( NAMED_UNIT ( * ) PLANE_ANGLE_UNIT ( ) SI_UNIT ( $, .RADIAN. ) );
#8697 = COLOUR_RGB ( '',1.000000000000000000, 0.8117647058823529438, 0.5019607843137254832 ) ;
#8698 = SURFACE_STYLE_USAGE ( .BOTH. , #2576 ) ;
#8699 = MECHANICAL_DESIGN_GEOMETRIC_PRESENTATION_REPRESENTATION (  '', ( #4807 ), #899 ) ;
#8700 = CARTESIAN_POINT ( 'NONE',  ( 2.750000000000001332, 1.149999999999999911, -2.050000000000001599 ) ) ;
#8701 = ORIENTED_EDGE ( 'NONE', *, *, #3982, .F. ) ;
#8702 = DIRECTION ( 'NONE',  ( 4.336808689942017736E-16, 0.0000000000000000000, 1.000000000000000000 ) ) ;
#8703 = DIRECTION ( 'NONE',  ( 0.0000000000000000000, -1.000000000000000000, 0.0000000000000000000 ) ) ;
#8704 = ORIENTED_EDGE ( 'NONE', *, *, #7819, .F. ) ;
#8705 = LINE ( 'NONE', #5057, #6447 ) ;
#8706 = CARTESIAN_POINT ( 'NONE',  ( -0.2200000000000003619, 4.229999999999999538, 1.249999999999997558 ) ) ;
#8707 = FACE_OUTER_BOUND ( 'NONE', #3453, .T. ) ;
#8708 = PRESENTATION_LAYER_ASSIGNMENT (  '', '', ( #2186 ) ) ;
#8709 = ORIENTED_EDGE ( 'NONE', *, *, #10921, .T. ) ;
#8710 = FACE_BOUND ( 'NONE', #5367, .T. ) ;
#8711 = DIRECTION ( 'NONE',  ( 1.000000000000000000, 0.0000000000000000000, 0.0000000000000000000 ) ) ;
#8712 = LINE ( 'NONE', #5363, #7780 ) ;
#8713 = CARTESIAN_POINT ( 'NONE',  ( 0.6999999999999992895, 0.0000000000000000000, 1.700000000000000178 ) ) ;
#8714 = MECHANICAL_DESIGN_GEOMETRIC_PRESENTATION_REPRESENTATION (  '', ( #2389 ), #8905 ) ;
#8715 = SURFACE_SIDE_STYLE ('',( #10634 ) ) ;
#8716 = ORIENTED_EDGE ( 'NONE', *, *, #6804, .F. ) ;
#8717 = PLANE ( 'NONE',  #2949 ) ;
#8718 = EDGE_CURVE ( 'NONE', #10205, #9745, #1946, .T. ) ;
#8719 = DIRECTION ( 'NONE',  ( 1.000000000000000000, 1.927470528863119542E-16, -0.0000000000000000000 ) ) ;
#8720 = ADVANCED_FACE ( 'NONE', ( #4661 ), #10169, .F. ) ;
#8721 = CARTESIAN_POINT ( 'NONE',  ( 5.750000000000000000, -3.399999999999999911, 0.2500000000000002220 ) ) ;
#8722 = ORIENTED_EDGE ( 'NONE', *, *, #8440, .F. ) ;
#8723 =( GEOMETRIC_REPRESENTATION_CONTEXT ( 3 ) GLOBAL_UNCERTAINTY_ASSIGNED_CONTEXT ( ( #6895 ) ) GLOBAL_UNIT_ASSIGNED_CONTEXT ( ( #7315, #10850, #277 ) ) REPRESENTATION_CONTEXT ( 'NONE', 'WORKASPACE' ) );
#8724 = VECTOR ( 'NONE', #4459, 1000.000000000000000 ) ;
#8725 = DIRECTION ( 'NONE',  ( 3.872150616019660190E-17, 1.000000000000000000, -0.0000000000000000000 ) ) ;
#8726 = FILL_AREA_STYLE_COLOUR ( '', #3832 ) ;
#8727 = PRESENTATION_LAYER_ASSIGNMENT (  '', '', ( #6144 ) ) ;
#8728 = SURFACE_STYLE_USAGE ( .BOTH. , #5207 ) ;
#8729 = VECTOR ( 'NONE', #6937, 1000.000000000000000 ) ;
#8730 = VECTOR ( 'NONE', #5547, 1000.000000000000000 ) ;
#8731 = ORIENTED_EDGE ( 'NONE', *, *, #2647, .F. ) ;
#8732 = ADVANCED_FACE ( 'NONE', ( #2184 ), #9076, .F. ) ;
#8733 = DIRECTION ( 'NONE',  ( 1.927470528863119542E-16, -1.000000000000000000, 0.0000000000000000000 ) ) ;
#8734 = DIRECTION ( 'NONE',  ( 0.0000000000000000000, 1.000000000000000000, -5.782411586589358625E-16 ) ) ;
#8735 = MECHANICAL_DESIGN_GEOMETRIC_PRESENTATION_REPRESENTATION (  '', ( #5801 ), #8355 ) ;
#8736 =( GEOMETRIC_REPRESENTATION_CONTEXT ( 3 ) GLOBAL_UNCERTAINTY_ASSIGNED_CONTEXT ( ( #3592 ) ) GLOBAL_UNIT_ASSIGNED_CONTEXT ( ( #11072, #10283, #2297 ) ) REPRESENTATION_CONTEXT ( 'NONE', 'WORKASPACE' ) );
#8737 = VERTEX_POINT ( 'NONE', #4200 ) ;
#8738 = VERTEX_POINT ( 'NONE', #692 ) ;
#8739 =( GEOMETRIC_REPRESENTATION_CONTEXT ( 3 ) GLOBAL_UNCERTAINTY_ASSIGNED_CONTEXT ( ( #11137 ) ) GLOBAL_UNIT_ASSIGNED_CONTEXT ( ( #3262, #697, #7739 ) ) REPRESENTATION_CONTEXT ( 'NONE', 'WORKASPACE' ) );
#8740 = ORIENTED_EDGE ( 'NONE', *, *, #3412, .T. ) ;
#8741 = VERTEX_POINT ( 'NONE', #1369 ) ;
#8742 = LINE ( 'NONE', #4510, #10759 ) ;
#8743 = SURFACE_SIDE_STYLE ('',( #146 ) ) ;
#8744 = ORIENTED_EDGE ( 'NONE', *, *, #4944, .T. ) ;
#8745 = VECTOR ( 'NONE', #962, 1000.000000000000000 ) ;
#8746 = STYLED_ITEM ( 'NONE', ( #6787 ), #10004 ) ;
#8747 = ORIENTED_EDGE ( 'NONE', *, *, #4551, .T. ) ;
#8748 = DIRECTION ( 'NONE',  ( -1.000000000000000000, 5.421010862427522170E-17, 0.0000000000000000000 ) ) ;
#8749 = AXIS2_PLACEMENT_3D ( 'NONE', #8506, #5023, #7683 ) ;
#8750 = VECTOR ( 'NONE', #6847, 1000.000000000000000 ) ;
#8751 =( NAMED_UNIT ( * ) PLANE_ANGLE_UNIT ( ) SI_UNIT ( $, .RADIAN. ) );
#8752 =( NAMED_UNIT ( * ) SI_UNIT ( $, .STERADIAN. ) SOLID_ANGLE_UNIT ( ) );
#8753 = AXIS2_PLACEMENT_3D ( 'NONE', #728, #782, #6727 ) ;
#8754 = AXIS2_PLACEMENT_3D ( 'NONE', #1448, #609, #10260 ) ;
#8755 =( LENGTH_UNIT ( ) NAMED_UNIT ( * ) SI_UNIT ( .MILLI., .METRE. ) );
#8756 = ORIENTED_EDGE ( 'NONE', *, *, #2159, .T. ) ;
#8757 = CARTESIAN_POINT ( 'NONE',  ( 4.250000000000000000, -3.399999999999999911, -0.1499999999999969136 ) ) ;
#8758 = PRESENTATION_LAYER_ASSIGNMENT (  '', '', ( #7273 ) ) ;
#8759 = EDGE_LOOP ( 'NONE', ( #5710, #5524 ) ) ;
#8760 = ORIENTED_EDGE ( 'NONE', *, *, #8857, .T. ) ;
#8761 = CARTESIAN_POINT ( 'NONE',  ( 14.22000000000000064, 6.000000000000000000, 1.599999999999999867 ) ) ;
#8762 = FILL_AREA_STYLE_COLOUR ( '', #4566 ) ;
#8763 = UNCERTAINTY_MEASURE_WITH_UNIT (LENGTH_MEASURE( 1.000000000000000082E-05 ), #9897, 'distance_accuracy_value', 'NONE');
#8764 = EDGE_LOOP ( 'NONE', ( #6799, #10564, #4157, #1908 ) ) ;
#8765 = DIRECTION ( 'NONE',  ( 1.000000000000000000, -5.421010862427522170E-17, 0.0000000000000000000 ) ) ;
#8766 = AXIS2_PLACEMENT_3D ( 'NONE', #135, #7209, #574 ) ;
#8767 = PLANE ( 'NONE',  #9256 ) ;
#8768 = PRESENTATION_LAYER_ASSIGNMENT (  '', '', ( #402 ) ) ;
#8769 = DIRECTION ( 'NONE',  ( -0.7071067811865490160, -0.7071067811865461294, 3.066586833366754686E-16 ) ) ;
#8770 = SURFACE_SIDE_STYLE ('',( #9842 ) ) ;
#8771 = UNCERTAINTY_MEASURE_WITH_UNIT (LENGTH_MEASURE( 1.000000000000000082E-05 ), #813, 'distance_accuracy_value', 'NONE');
#8772 = VERTEX_POINT ( 'NONE', #10233 ) ;
#8773 = CARTESIAN_POINT ( 'NONE',  ( 3.299999999999999378, 0.2000000000000000389, -2.800000000000000266 ) ) ;
#8774 = CARTESIAN_POINT ( 'NONE',  ( 3.250000000000000888, 3.149999999999999023, -2.050000000000001599 ) ) ;
#8775 = CARTESIAN_POINT ( 'NONE',  ( 0.7500000000000002220, 1.149999999999999911, -2.050000000000001599 ) ) ;
#8776 = STYLED_ITEM ( 'NONE', ( #7949 ), #2085 ) ;
#8777 = LINE ( 'NONE', #2539, #1810 ) ;
#8778 = DIRECTION ( 'NONE',  ( -1.000000000000000000, 3.872150616019660190E-17, 0.0000000000000000000 ) ) ;
#8779 = DIRECTION ( 'NONE',  ( 1.000000000000000000, -3.872150616019660190E-17, -4.336808689942017736E-16 ) ) ;
#8780 = ORIENTED_EDGE ( 'NONE', *, *, #8374, .T. ) ;
#8781 = DIRECTION ( 'NONE',  ( 0.5773502691896242878, -0.5773502691896267303, -0.5773502691896261751 ) ) ;
#8782 =( NAMED_UNIT ( * ) PLANE_ANGLE_UNIT ( ) SI_UNIT ( $, .RADIAN. ) );
#8783 = CARTESIAN_POINT ( 'NONE',  ( 11.29999999999999893, 0.2000000000000000389, -2.800000000000000266 ) ) ;
#8784 = EDGE_LOOP ( 'NONE', ( #3774, #2994, #11346, #4005 ) ) ;
#8785 = PRESENTATION_LAYER_ASSIGNMENT (  '', '', ( #8600 ) ) ;
#8786 = FILL_AREA_STYLE_COLOUR ( '', #5995 ) ;
#8787 = CARTESIAN_POINT ( 'NONE',  ( 13.74999999999999822, -3.399999999999999911, 0.2500000000000002220 ) ) ;
#8788 = EDGE_CURVE ( 'NONE', #10709, #10131, #8548, .T. ) ;
#8789 = SURFACE_SIDE_STYLE ('',( #5317 ) ) ;
#8790 = EDGE_CURVE ( 'NONE', #223, #9564, #518, .T. ) ;
#8791 = CARTESIAN_POINT ( 'NONE',  ( 9.749999999999998224, 1.800000000000000044, -2.800000000000005596 ) ) ;
#8792 = CARTESIAN_POINT ( 'NONE',  ( 8.250000000000000000, -3.399999999999999911, 0.2500000000000002220 ) ) ;
#8793 = FILL_AREA_STYLE_COLOUR ( '', #4737 ) ;
#8794 = CARTESIAN_POINT ( 'NONE',  ( 15.95100000000000051, 6.000000000000000000, -0.6800000000000000488 ) ) ;
#8795 = ORIENTED_EDGE ( 'NONE', *, *, #7214, .T. ) ;
#8796 = COLOUR_RGB ( '',1.000000000000000000, 1.000000000000000000, 1.000000000000000000 ) ;
#8797 = UNCERTAINTY_MEASURE_WITH_UNIT (LENGTH_MEASURE( 1.000000000000000082E-05 ), #9597, 'distance_accuracy_value', 'NONE');
#8798 = CARTESIAN_POINT ( 'NONE',  ( 3.750000000000000444, -3.399999999999999911, 0.2500000000000002220 ) ) ;
#8799 = EDGE_CURVE ( 'NONE', #4420, #6903, #7672, .T. ) ;
#8800 = VECTOR ( 'NONE', #116, 1000.000000000000114 ) ;
#8801 = SURFACE_STYLE_FILL_AREA ( #10654 ) ;
#8802 = FACE_BOUND ( 'NONE', #9856, .T. ) ;
#8803 = CARTESIAN_POINT ( 'NONE',  ( 10.24999999999999822, -3.299999999999997158, 0.2500000000000002220 ) ) ;
#8804 = SURFACE_SIDE_STYLE ('',( #661 ) ) ;
#8805 = DIRECTION ( 'NONE',  ( -1.000000000000000000, 0.0000000000000000000, 0.0000000000000000000 ) ) ;
#8806 = PRESENTATION_LAYER_ASSIGNMENT (  '', '', ( #11007 ) ) ;
#8807 = VERTEX_POINT ( 'NONE', #8713 ) ;
#8808 = ORIENTED_EDGE ( 'NONE', *, *, #4912, .F. ) ;
#8809 = CARTESIAN_POINT ( 'NONE',  ( -1.350000000000000089, 1.149999999999999911, -2.350000000000001421 ) ) ;
#8810 = DIRECTION ( 'NONE',  ( 4.336808689942017736E-16, 0.0000000000000000000, 1.000000000000000000 ) ) ;
#8811 = DIRECTION ( 'NONE',  ( 0.5773502691896226224, 0.5773502691896326144, -0.5773502691896220673 ) ) ;
#8812 =( GEOMETRIC_REPRESENTATION_CONTEXT ( 3 ) GLOBAL_UNCERTAINTY_ASSIGNED_CONTEXT ( ( #11368 ) ) GLOBAL_UNIT_ASSIGNED_CONTEXT ( ( #1457, #2336, #2570 ) ) REPRESENTATION_CONTEXT ( 'NONE', 'WORKASPACE' ) );
#8813 = ORIENTED_EDGE ( 'NONE', *, *, #4054, .T. ) ;
#8814 = STYLED_ITEM ( 'NONE', ( #8616 ), #1166 ) ;
#8815 = DIRECTION ( 'NONE',  ( 1.000000000000000000, 0.0000000000000000000, 0.0000000000000000000 ) ) ;
#8816 =( NAMED_UNIT ( * ) PLANE_ANGLE_UNIT ( ) SI_UNIT ( $, .RADIAN. ) );
#8817 = DIRECTION ( 'NONE',  ( -0.7071067811865490160, -0.7071067811865461294, 3.066586833366754686E-16 ) ) ;
#8818 = PLANE ( 'NONE',  #395 ) ;
#8819 = FILL_AREA_STYLE ('',( #5815 ) ) ;
#8820 = VERTEX_POINT ( 'NONE', #6800 ) ;
#8821 = CARTESIAN_POINT ( 'NONE',  ( 8.250000000000000000, 0.2000000000000000111, -0.2499999999999997780 ) ) ;
#8822 =( NAMED_UNIT ( * ) PLANE_ANGLE_UNIT ( ) SI_UNIT ( $, .RADIAN. ) );
#8823 =( NAMED_UNIT ( * ) SI_UNIT ( $, .STERADIAN. ) SOLID_ANGLE_UNIT ( ) );
#8824 = ADVANCED_FACE ( 'NONE', ( #6688, #1482 ), #9547, .F. ) ;
#8825 = FILL_AREA_STYLE_COLOUR ( '', #1398 ) ;
#8826 = SURFACE_STYLE_FILL_AREA ( #10675 ) ;
#8827 = ORIENTED_EDGE ( 'NONE', *, *, #8882, .F. ) ;
#8828 = ORIENTED_EDGE ( 'NONE', *, *, #4137, .F. ) ;
#8829 = PLANE ( 'NONE',  #11162 ) ;
#8830 =( NAMED_UNIT ( * ) SI_UNIT ( $, .STERADIAN. ) SOLID_ANGLE_UNIT ( ) );
#8831 =( LENGTH_UNIT ( ) NAMED_UNIT ( * ) SI_UNIT ( .MILLI., .METRE. ) );
#8832 = CARTESIAN_POINT ( 'NONE',  ( 0.6999999999999992895, 0.1999999999999999833, -2.800000000000000266 ) ) ;
#8833 = VECTOR ( 'NONE', #5205, 1000.000000000000000 ) ;
#8834 = CARTESIAN_POINT ( 'NONE',  ( 6.749999999999999112, 3.399999999999999467, -2.050000000000001599 ) ) ;
#8835 = LINE ( 'NONE', #5195, #11091 ) ;
#8836 = SURFACE_SIDE_STYLE ('',( #9763 ) ) ;
#8837 =( GEOMETRIC_REPRESENTATION_CONTEXT ( 3 ) GLOBAL_UNCERTAINTY_ASSIGNED_CONTEXT ( ( #8763 ) ) GLOBAL_UNIT_ASSIGNED_CONTEXT ( ( #9897, #5513, #6413 ) ) REPRESENTATION_CONTEXT ( 'NONE', 'WORKASPACE' ) );
#8838 = DIRECTION ( 'NONE',  ( 1.000000000000000000, 0.0000000000000000000, 0.0000000000000000000 ) ) ;
#8839 = ORIENTED_EDGE ( 'NONE', *, *, #94, .F. ) ;
#8840 = LINE ( 'NONE', #4437, #2317 ) ;
#8841 = PLANE ( 'NONE',  #1550 ) ;
#8842 = CARTESIAN_POINT ( 'NONE',  ( -0.7000000000000002887, 0.2000000000000000389, 1.700000000000000178 ) ) ;
#8843 = STYLED_ITEM ( 'NONE', ( #9297 ), #5484 ) ;
#8844 = AXIS2_PLACEMENT_3D ( 'NONE', #10228, #4021, #8602 ) ;
#8845 = EDGE_CURVE ( 'NONE', #2752, #8637, #3309, .T. ) ;
#8846 = VECTOR ( 'NONE', #6102, 1000.000000000000000 ) ;
#8847 = FILL_AREA_STYLE_COLOUR ( '', #5427 ) ;
#8848 = EDGE_CURVE ( 'NONE', #10131, #2671, #3372, .T. ) ;
#8849 = SURFACE_SIDE_STYLE ('',( #10581 ) ) ;
#8850 = CARTESIAN_POINT ( 'NONE',  ( 13.74999999999999822, -3.399999999999999911, -0.2499999999999997780 ) ) ;
#8851 = FILL_AREA_STYLE ('',( #6240 ) ) ;
#8852 = SURFACE_STYLE_USAGE ( .BOTH. , #2615 ) ;
#8853 = LINE ( 'NONE', #3565, #1486 ) ;
#8854 = UNCERTAINTY_MEASURE_WITH_UNIT (LENGTH_MEASURE( 1.000000000000000082E-05 ), #2363, 'distance_accuracy_value', 'NONE');
#8855 = ORIENTED_EDGE ( 'NONE', *, *, #6929, .T. ) ;
#8856 = CARTESIAN_POINT ( 'NONE',  ( 10.05000000000000071, 5.100000000000001421, -2.800000000000000266 ) ) ;
#8857 = EDGE_CURVE ( 'NONE', #4634, #6100, #8655, .T. ) ;
#8858 = PRESENTATION_LAYER_ASSIGNMENT (  '', '', ( #8289 ) ) ;
#8859 = VERTEX_POINT ( 'NONE', #9604 ) ;
#8860 = MECHANICAL_DESIGN_GEOMETRIC_PRESENTATION_REPRESENTATION (  '', ( #9965 ), #6990 ) ;
#8861 = DIRECTION ( 'NONE',  ( -3.872150616019660190E-17, -1.000000000000000000, 0.0000000000000000000 ) ) ;
#8862 = FILL_AREA_STYLE ('',( #9730 ) ) ;
#8863 = CARTESIAN_POINT ( 'NONE',  ( -1.350000000000000089, 6.000000000000000000, 1.600000000000000755 ) ) ;
#8864 = CARTESIAN_POINT ( 'NONE',  ( 6.249999999999998224, 1.800000000000000044, 0.2500000000000002220 ) ) ;
#8865 = ORIENTED_EDGE ( 'NONE', *, *, #5255, .F. ) ;
#8866 = FILL_AREA_STYLE ('',( #10710 ) ) ;
#8867 = VECTOR ( 'NONE', #5796, 1000.000000000000000 ) ;
#8868 = CARTESIAN_POINT ( 'NONE',  ( 13.74999999999999822, -3.399999999999999911, 0.2500000000000002220 ) ) ;
#8869 = EDGE_CURVE ( 'NONE', #2276, #9570, #1598, .T. ) ;
#8870 = CARTESIAN_POINT ( 'NONE',  ( 13.29999999999999893, 0.2000000000000000389, -2.800000000000000266 ) ) ;
#8871 = EDGE_CURVE ( 'NONE', #6225, #1981, #8057, .T. ) ;
#8872 = DIRECTION ( 'NONE',  ( -0.0000000000000000000, -0.0000000000000000000, -1.000000000000000000 ) ) ;
#8873 = DIRECTION ( 'NONE',  ( 0.7071067811865490160, -0.7071067811865461294, -3.066586833366754686E-16 ) ) ;
#8874 = CARTESIAN_POINT ( 'NONE',  ( 2.250000000000000000, 1.800000000000000044, -2.800000000000000266 ) ) ;
#8875 = DIRECTION ( 'NONE',  ( 1.000000000000000000, 0.0000000000000000000, -3.246114288878755706E-17 ) ) ;
#8876 = FILL_AREA_STYLE_COLOUR ( '', #9998 ) ;
#8877 = ORIENTED_EDGE ( 'NONE', *, *, #5084, .F. ) ;
#8878 = LINE ( 'NONE', #8700, #163 ) ;
#8879 = CARTESIAN_POINT ( 'NONE',  ( 10.05000000000000071, 5.100000000000001421, -0.1500000000000073219 ) ) ;
#8880 = FILL_AREA_STYLE ('',( #10450 ) ) ;
#8881 = PLANE ( 'NONE',  #8085 ) ;
#8882 = EDGE_CURVE ( 'NONE', #10781, #1489, #913, .T. ) ;
#8883 = DIRECTION ( 'NONE',  ( -1.000000000000000000, -1.032573497605242347E-16, 0.0000000000000000000 ) ) ;
#8884 = LINE ( 'NONE', #3644, #6702 ) ;
#8885 = UNCERTAINTY_MEASURE_WITH_UNIT (LENGTH_MEASURE( 1.000000000000000082E-05 ), #5992, 'distance_accuracy_value', 'NONE');
#8886 = ORIENTED_EDGE ( 'NONE', *, *, #3012, .T. ) ;
#8887 = SURFACE_SIDE_STYLE ('',( #8826 ) ) ;
#8888 =( GEOMETRIC_REPRESENTATION_CONTEXT ( 3 ) GLOBAL_UNCERTAINTY_ASSIGNED_CONTEXT ( ( #8944 ) ) GLOBAL_UNIT_ASSIGNED_CONTEXT ( ( #431, #3282, #11051 ) ) REPRESENTATION_CONTEXT ( 'NONE', 'WORKASPACE' ) );
#8889 = MECHANICAL_DESIGN_GEOMETRIC_PRESENTATION_REPRESENTATION (  '', ( #2927 ), #1613 ) ;
#8890 =( NAMED_UNIT ( * ) SI_UNIT ( $, .STERADIAN. ) SOLID_ANGLE_UNIT ( ) );
#8891 = DIRECTION ( 'NONE',  ( -1.000000000000000000, 0.0000000000000000000, 1.368320445974695775E-17 ) ) ;
#8892 = CARTESIAN_POINT ( 'NONE',  ( 15.34999999999999964, 1.149999999999999911, -1.050000000000008926 ) ) ;
#8893 = EDGE_CURVE ( 'NONE', #6044, #1809, #5246, .T. ) ;
#8894 = LINE ( 'NONE', #9808, #2753 ) ;
#8895 = CARTESIAN_POINT ( 'NONE',  ( 5.916666666666665186, 5.166666666666671404, -0.08333333333333456383 ) ) ;
#8896 = PLANE ( 'NONE',  #1965 ) ;
#8897 = ORIENTED_EDGE ( 'NONE', *, *, #2605, .F. ) ;
#8898 = DIRECTION ( 'NONE',  ( -1.000000000000000000, 3.872150616019660190E-17, 0.0000000000000000000 ) ) ;
#8899 = CARTESIAN_POINT ( 'NONE',  ( 2.050000000000000266, 0.0000000000000000000, -2.050000000000001599 ) ) ;
#8900 = MECHANICAL_DESIGN_GEOMETRIC_PRESENTATION_REPRESENTATION (  '', ( #4452 ), #7772 ) ;
#8901 = FACE_OUTER_BOUND ( 'NONE', #1012, .T. ) ;
#8902 = ORIENTED_EDGE ( 'NONE', *, *, #359, .T. ) ;
#8903 = VERTEX_POINT ( 'NONE', #4432 ) ;
#8904 = PRESENTATION_STYLE_ASSIGNMENT (( #5426 ) ) ;
#8905 =( GEOMETRIC_REPRESENTATION_CONTEXT ( 3 ) GLOBAL_UNCERTAINTY_ASSIGNED_CONTEXT ( ( #2920 ) ) GLOBAL_UNIT_ASSIGNED_CONTEXT ( ( #8963, #1819, #6389 ) ) REPRESENTATION_CONTEXT ( 'NONE', 'WORKASPACE' ) );
#8906 = CARTESIAN_POINT ( 'NONE',  ( 1.250000000000001554, 3.400000000000000355, -2.350000000000001421 ) ) ;
#8907 = VECTOR ( 'NONE', #8603, 1000.000000000000000 ) ;
#8908 = UNCERTAINTY_MEASURE_WITH_UNIT (LENGTH_MEASURE( 1.000000000000000082E-05 ), #5438, 'distance_accuracy_value', 'NONE');
#8909 = PLANE ( 'NONE',  #3746 ) ;
#8910 = FILL_AREA_STYLE_COLOUR ( '', #6952 ) ;
#8911 = FACE_OUTER_BOUND ( 'NONE', #9630, .T. ) ;
#8912 = AXIS2_PLACEMENT_3D ( 'NONE', #248, #8148, #10815 ) ;
#8913 = LINE ( 'NONE', #827, #10890 ) ;
#8914 = CARTESIAN_POINT ( 'NONE',  ( 12.84999999999999787, 6.000000000000001776, -2.801000000000000600 ) ) ;
#8915 = SURFACE_STYLE_FILL_AREA ( #5383 ) ;
#8916 = DIRECTION ( 'NONE',  ( 1.927470528863119542E-16, -1.000000000000000000, 0.0000000000000000000 ) ) ;
#8917 = PRESENTATION_LAYER_ASSIGNMENT (  '', '', ( #3148 ) ) ;
#8918 = EDGE_CURVE ( 'NONE', #4212, #4714, #6174, .T. ) ;
#8919 = ORIENTED_EDGE ( 'NONE', *, *, #2605, .T. ) ;
#8920 = PLANE ( 'NONE',  #258 ) ;
#8921 = VECTOR ( 'NONE', #9836, 1000.000000000000000 ) ;
#8922 = PRESENTATION_LAYER_ASSIGNMENT (  '', '', ( #2401 ) ) ;
#8923 = VERTEX_POINT ( 'NONE', #3654 ) ;
#8924 = VECTOR ( 'NONE', #10974, 1000.000000000000000 ) ;
#8925 = PLANE ( 'NONE',  #3753 ) ;
#8926 = SURFACE_STYLE_FILL_AREA ( #10249 ) ;
#8927 = CARTESIAN_POINT ( 'NONE',  ( 12.83333333333333393, -4.383333333333334636, -0.8333333333333364790 ) ) ;
#8928 = VECTOR ( 'NONE', #9172, 1000.000000000000000 ) ;
#8929 = DIRECTION ( 'NONE',  ( -0.0000000000000000000, -0.0000000000000000000, 1.000000000000000000 ) ) ;
#8930 = AXIS2_PLACEMENT_3D ( 'NONE', #6618, #1295, #4699 ) ;
#8931 = DIRECTION ( 'NONE',  ( 0.0000000000000000000, 0.0000000000000000000, -1.000000000000000000 ) ) ;
#8932 = ORIENTED_EDGE ( 'NONE', *, *, #6087, .F. ) ;
#8933 = ORIENTED_EDGE ( 'NONE', *, *, #4238, .F. ) ;
#8934 = EDGE_CURVE ( 'NONE', #5088, #5877, #8957, .T. ) ;
#8935 = DIRECTION ( 'NONE',  ( 0.0000000000000000000, -0.0000000000000000000, -1.000000000000000000 ) ) ;
#8936 = COLOUR_RGB ( '',1.000000000000000000, 1.000000000000000000, 1.000000000000000000 ) ;
#8937 = ORIENTED_EDGE ( 'NONE', *, *, #6376, .F. ) ;
#8938 = PRESENTATION_STYLE_ASSIGNMENT (( #5404 ) ) ;
#8939 = EDGE_CURVE ( 'NONE', #1938, #56, #8777, .T. ) ;
#8940 = ORIENTED_EDGE ( 'NONE', *, *, #7806, .F. ) ;
#8941 = DIRECTION ( 'NONE',  ( -1.084202172485504237E-15, -1.000000000000000000, 0.0000000000000000000 ) ) ;
#8942 = SURFACE_STYLE_USAGE ( .BOTH. , #3704 ) ;
#8943 =( NAMED_UNIT ( * ) SI_UNIT ( $, .STERADIAN. ) SOLID_ANGLE_UNIT ( ) );
#8944 = UNCERTAINTY_MEASURE_WITH_UNIT (LENGTH_MEASURE( 1.000000000000000082E-05 ), #431, 'distance_accuracy_value', 'NONE');
#8945 = COLOUR_RGB ( '',1.000000000000000000, 1.000000000000000000, 1.000000000000000000 ) ;
#8946 = SURFACE_STYLE_FILL_AREA ( #9753 ) ;
#8947 = FILL_AREA_STYLE_COLOUR ( '', #2966 ) ;
#8948 = VECTOR ( 'NONE', #10197, 1000.000000000000000 ) ;
#8949 = VECTOR ( 'NONE', #5550, 1000.000000000000000 ) ;
#8950 = EDGE_LOOP ( 'NONE', ( #5453, #3883, #8467, #2722 ) ) ;
#8951 = FILL_AREA_STYLE_COLOUR ( '', #581 ) ;
#8952 = AXIS2_PLACEMENT_3D ( 'NONE', #6790, #4813, #2170 ) ;
#8953 = VERTEX_POINT ( 'NONE', #7085 ) ;
#8954 =( LENGTH_UNIT ( ) NAMED_UNIT ( * ) SI_UNIT ( .MILLI., .METRE. ) );
#8955 = CARTESIAN_POINT ( 'NONE',  ( 15.94999999999999929, 0.0000000000000000000, -2.800000000000000711 ) ) ;
#8956 = EDGE_CURVE ( 'NONE', #7745, #2110, #800, .T. ) ;
#8957 = LINE ( 'NONE', #7199, #6308 ) ;
#8958 = LINE ( 'NONE', #7143, #545 ) ;
#8959 = CARTESIAN_POINT ( 'NONE',  ( -1.350000000000000089, 4.500000000000000888, -0.1799999999999996048 ) ) ;
#8960 = VERTEX_POINT ( 'NONE', #2758 ) ;
#8961 = COLOUR_RGB ( '',1.000000000000000000, 0.8117647058823529438, 0.5019607843137254832 ) ;
#8962 = VERTEX_POINT ( 'NONE', #9869 ) ;
#8963 =( LENGTH_UNIT ( ) NAMED_UNIT ( * ) SI_UNIT ( .MILLI., .METRE. ) );
#8964 = CARTESIAN_POINT ( 'NONE',  ( 6.049999999999999822, 0.0000000000000000000, -2.050000000000001599 ) ) ;
#8965 = DIRECTION ( 'NONE',  ( -1.000000000000000000, 1.084202172485504237E-15, 0.0000000000000000000 ) ) ;
#8966 = ORIENTED_EDGE ( 'NONE', *, *, #10703, .F. ) ;
#8967 = CARTESIAN_POINT ( 'NONE',  ( 2.250000000000000000, 5.000000000000004441, 0.2500000000000002220 ) ) ;
#8968 = PRESENTATION_STYLE_ASSIGNMENT (( #6510 ) ) ;
#8969 = SURFACE_STYLE_USAGE ( .BOTH. , #2952 ) ;
#8970 = FACE_OUTER_BOUND ( 'NONE', #4186, .T. ) ;
#8971 = VECTOR ( 'NONE', #10662, 1000.000000000000000 ) ;
#8972 = SURFACE_STYLE_FILL_AREA ( #4504 ) ;
#8973 = LINE ( 'NONE', #10005, #3347 ) ;
#8974 = ORIENTED_EDGE ( 'NONE', *, *, #917, .T. ) ;
#8975 = ORIENTED_EDGE ( 'NONE', *, *, #9739, .T. ) ;
#8976 = COLOUR_RGB ( '',1.000000000000000000, 0.8117647058823529438, 0.5019607843137254832 ) ;
#8977 = LINE ( 'NONE', #992, #10812 ) ;
#8978 =( LENGTH_UNIT ( ) NAMED_UNIT ( * ) SI_UNIT ( .MILLI., .METRE. ) );
#8979 = CARTESIAN_POINT ( 'NONE',  ( 4.149999999999997691, -3.399999999999999911, 0.2500000000000002220 ) ) ;
#8980 = LINE ( 'NONE', #627, #8750 ) ;
#8981 = ORIENTED_EDGE ( 'NONE', *, *, #10492, .F. ) ;
#8982 = SURFACE_STYLE_USAGE ( .BOTH. , #2850 ) ;
#8983 =( NAMED_UNIT ( * ) PLANE_ANGLE_UNIT ( ) SI_UNIT ( $, .RADIAN. ) );
#8984 = FILL_AREA_STYLE ('',( #3688 ) ) ;
#8985 = DIRECTION ( 'NONE',  ( 1.000000000000000000, 0.0000000000000000000, 0.0000000000000000000 ) ) ;
#8986 = COLOUR_RGB ( '',1.000000000000000000, 1.000000000000000000, 1.000000000000000000 ) ;
#8987 = PRESENTATION_STYLE_ASSIGNMENT (( #1903 ) ) ;
#8988 = DIRECTION ( 'NONE',  ( -9.103382349328301547E-49, -2.350988701644575016E-32, -1.000000000000000000 ) ) ;
#8989 = DIRECTION ( 'NONE',  ( 1.000000000000000000, -5.421010862427522170E-17, 0.0000000000000000000 ) ) ;
#8990 = CARTESIAN_POINT ( 'NONE',  ( -1.949999999999999956, 6.000000000000000000, -2.800000000000000266 ) ) ;
#8991 = DIRECTION ( 'NONE',  ( -0.0000000000000000000, -0.0000000000000000000, 1.000000000000000000 ) ) ;
#8992 = ORIENTED_EDGE ( 'NONE', *, *, #3348, .T. ) ;
#8993 = VERTEX_POINT ( 'NONE', #11 ) ;
#8994 = FACE_OUTER_BOUND ( 'NONE', #4277, .T. ) ;
#8995 = VECTOR ( 'NONE', #4847, 1000.000000000000000 ) ;
#8996 = ORIENTED_EDGE ( 'NONE', *, *, #4068, .T. ) ;
#8997 = DIRECTION ( 'NONE',  ( -1.000000000000000000, 3.872150616019660190E-17, -0.0000000000000000000 ) ) ;
#8998 = FACE_OUTER_BOUND ( 'NONE', #7867, .T. ) ;
#8999 = SURFACE_SIDE_STYLE ('',( #9752 ) ) ;
#9000 =( NAMED_UNIT ( * ) SI_UNIT ( $, .STERADIAN. ) SOLID_ANGLE_UNIT ( ) );
#9001 =( NAMED_UNIT ( * ) SI_UNIT ( $, .STERADIAN. ) SOLID_ANGLE_UNIT ( ) );
#9002 = VERTEX_POINT ( 'NONE', #5477 ) ;
#9003 = ADVANCED_FACE ( 'NONE', ( #4483 ), #2705, .F. ) ;
#9004 = CARTESIAN_POINT ( 'NONE',  ( 14.24999999999999822, -3.399999999999999911, 0.2500000000000002220 ) ) ;
#9005 = EDGE_CURVE ( 'NONE', #1209, #840, #8894, .T. ) ;
#9006 = CARTESIAN_POINT ( 'NONE',  ( 0.08333333333333672877, 5.166666666666669627, 0.08333333333333629855 ) ) ;
#9007 = CARTESIAN_POINT ( 'NONE',  ( 6.249999999999998224, 0.2000000000000000111, -0.2499999999999997780 ) ) ;
#9008 = CARTESIAN_POINT ( 'NONE',  ( 14.67999999999999794, 6.000000000000000000, 1.700000000000000178 ) ) ;
#9009 = PRESENTATION_STYLE_ASSIGNMENT (( #5478 ) ) ;
#9010 = LINE ( 'NONE', #2883, #4498 ) ;
#9011 = SURFACE_STYLE_FILL_AREA ( #3898 ) ;
#9012 = CARTESIAN_POINT ( 'NONE',  ( 2.083333333333334370, 5.166666666666672292, -0.08333333333333282911 ) ) ;
#9013 = CARTESIAN_POINT ( 'NONE',  ( 5.750000000000000000, -3.399999999999999911, 0.2500000000000002220 ) ) ;
#9014 = CARTESIAN_POINT ( 'NONE',  ( 3.750000000000000444, 1.800000000000000044, -0.2499999999999997780 ) ) ;
#9015 = ADVANCED_FACE ( 'NONE', ( #2597 ), #72, .F. ) ;
#9016 = ADVANCED_FACE ( 'NONE', ( #8350 ), #5697, .F. ) ;
#9017 = STYLED_ITEM ( 'NONE', ( #10010 ), #4512 ) ;
#9018 = SURFACE_STYLE_USAGE ( .BOTH. , #10055 ) ;
#9019 = SURFACE_STYLE_FILL_AREA ( #7267 ) ;
#9020 = UNCERTAINTY_MEASURE_WITH_UNIT (LENGTH_MEASURE( 1.000000000000000082E-05 ), #6770, 'distance_accuracy_value', 'NONE');
#9021 = FILL_AREA_STYLE_COLOUR ( '', #8458 ) ;
#9022 = PRESENTATION_LAYER_ASSIGNMENT (  '', '', ( #7525 ) ) ;
#9023 = UNCERTAINTY_MEASURE_WITH_UNIT (LENGTH_MEASURE( 1.000000000000000082E-05 ), #7107, 'distance_accuracy_value', 'NONE');
#9024 = CARTESIAN_POINT ( 'NONE',  ( 5.250000000000000888, 1.149999999999999911, -2.350000000000001421 ) ) ;
#9025 = SURFACE_SIDE_STYLE ('',( #10117 ) ) ;
#9026 =( NAMED_UNIT ( * ) PLANE_ANGLE_UNIT ( ) SI_UNIT ( $, .RADIAN. ) );
#9027 = UNCERTAINTY_MEASURE_WITH_UNIT (LENGTH_MEASURE( 1.000000000000000082E-05 ), #6949, 'distance_accuracy_value', 'NONE');
#9028 = VECTOR ( 'NONE', #8197, 1000.000000000000000 ) ;
#9029 =( NAMED_UNIT ( * ) PLANE_ANGLE_UNIT ( ) SI_UNIT ( $, .RADIAN. ) );
#9030 = CARTESIAN_POINT ( 'NONE',  ( 15.94999999999999929, 0.0000000000000000000, -2.800000000000000711 ) ) ;
#9031 = ORIENTED_EDGE ( 'NONE', *, *, #6131, .T. ) ;
#9032 = ADVANCED_FACE ( 'NONE', ( #8180 ), #10045, .F. ) ;
#9033 = ORIENTED_EDGE ( 'NONE', *, *, #783, .T. ) ;
#9034 =( GEOMETRIC_REPRESENTATION_CONTEXT ( 3 ) GLOBAL_UNCERTAINTY_ASSIGNED_CONTEXT ( ( #5712 ) ) GLOBAL_UNIT_ASSIGNED_CONTEXT ( ( #5409, #4363, #8943 ) ) REPRESENTATION_CONTEXT ( 'NONE', 'WORKASPACE' ) );
#9035 =( GEOMETRIC_REPRESENTATION_CONTEXT ( 3 ) GLOBAL_UNCERTAINTY_ASSIGNED_CONTEXT ( ( #9699 ) ) GLOBAL_UNIT_ASSIGNED_CONTEXT ( ( #1172, #8225, #9270 ) ) REPRESENTATION_CONTEXT ( 'NONE', 'WORKASPACE' ) );
#9036 = FACE_OUTER_BOUND ( 'NONE', #9780, .T. ) ;
#9037 = VECTOR ( 'NONE', #6007, 1000.000000000000000 ) ;
#9038 = DIRECTION ( 'NONE',  ( 1.000000000000000000, 0.0000000000000000000, -0.0000000000000000000 ) ) ;
#9039 = LINE ( 'NONE', #5507, #1827 ) ;
#9040 = EDGE_CURVE ( 'NONE', #9734, #4336, #10104, .T. ) ;
#9041 = LINE ( 'NONE', #9895, #2049 ) ;
#9042 = LINE ( 'NONE', #43, #2840 ) ;
#9043 = PLANE ( 'NONE',  #441 ) ;
#9044 = DIRECTION ( 'NONE',  ( 0.0000000000000000000, 0.0000000000000000000, -1.000000000000000000 ) ) ;
#9045 = PRESENTATION_LAYER_ASSIGNMENT (  '', '', ( #1769 ) ) ;
#9046 = VECTOR ( 'NONE', #343, 1000.000000000000000 ) ;
#9047 = PRESENTATION_STYLE_ASSIGNMENT (( #5456 ) ) ;
#9048 = FILL_AREA_STYLE ('',( #5286 ) ) ;
#9049 = LINE ( 'NONE', #6855, #11399 ) ;
#9050 = DIRECTION ( 'NONE',  ( -0.0000000000000000000, -0.0000000000000000000, -1.000000000000000000 ) ) ;
#9051 = ORIENTED_EDGE ( 'NONE', *, *, #9, .F. ) ;
#9052 = AXIS2_PLACEMENT_3D ( 'NONE', #9067, #1768, #76 ) ;
#9053 = VECTOR ( 'NONE', #3878, 1000.000000000000000 ) ;
#9054 = ORIENTED_EDGE ( 'NONE', *, *, #385, .F. ) ;
#9055 = DIRECTION ( 'NONE',  ( -1.000000000000000000, 0.0000000000000000000, -0.0000000000000000000 ) ) ;
#9056 = ORIENTED_EDGE ( 'NONE', *, *, #6967, .T. ) ;
#9057 =( NAMED_UNIT ( * ) SI_UNIT ( $, .STERADIAN. ) SOLID_ANGLE_UNIT ( ) );
#9058 = SURFACE_STYLE_USAGE ( .BOTH. , #4866 ) ;
#9059 = UNCERTAINTY_MEASURE_WITH_UNIT (LENGTH_MEASURE( 1.000000000000000082E-05 ), #10256, 'distance_accuracy_value', 'NONE');
#9060 = EDGE_CURVE ( 'NONE', #2906, #2960, #1356, .T. ) ;
#9061 = ORIENTED_EDGE ( 'NONE', *, *, #7148, .T. ) ;
#9062 = ORIENTED_EDGE ( 'NONE', *, *, #10430, .F. ) ;
#9063 = VERTEX_POINT ( 'NONE', #4183 ) ;
#9064 = CARTESIAN_POINT ( 'NONE',  ( 5.299999999999998934, 0.2000000000000000389, -2.800000000000000266 ) ) ;
#9065 = CARTESIAN_POINT ( 'NONE',  ( 13.74999999999999822, -3.399999999999999911, 0.2500000000000002220 ) ) ;
#9066 = ORIENTED_EDGE ( 'NONE', *, *, #9602, .T. ) ;
#9067 = CARTESIAN_POINT ( 'NONE',  ( 15.94999999999999929, 6.000000000000000000, -2.800000000000000711 ) ) ;
#9068 = LINE ( 'NONE', #1995, #1730 ) ;
#9069 =( NAMED_UNIT ( * ) PLANE_ANGLE_UNIT ( ) SI_UNIT ( $, .RADIAN. ) );
#9070 = VECTOR ( 'NONE', #9923, 1000.000000000000000 ) ;
#9071 = AXIS2_PLACEMENT_3D ( 'NONE', #2055, #1183, #4758 ) ;
#9072 = FILL_AREA_STYLE_COLOUR ( '', #8383 ) ;
#9073 = ORIENTED_EDGE ( 'NONE', *, *, #1161, .F. ) ;
#9074 = FACE_OUTER_BOUND ( 'NONE', #5888, .T. ) ;
#9075 = ORIENTED_EDGE ( 'NONE', *, *, #65, .T. ) ;
#9076 = PLANE ( 'NONE',  #720 ) ;
#9077 = EDGE_CURVE ( 'NONE', #9708, #3396, #10215, .T. ) ;
#9078 = VECTOR ( 'NONE', #953, 1000.000000000000000 ) ;
#9079 = CARTESIAN_POINT ( 'NONE',  ( 5.250000000000000888, 3.399999999999999467, -2.050000000000001599 ) ) ;
#9080 = EDGE_CURVE ( 'NONE', #3821, #1571, #6900, .T. ) ;
#9081 = VECTOR ( 'NONE', #3187, 1000.000000000000000 ) ;
#9082 = ORIENTED_EDGE ( 'NONE', *, *, #2861, .T. ) ;
#9083 =( LENGTH_UNIT ( ) NAMED_UNIT ( * ) SI_UNIT ( .MILLI., .METRE. ) );
#9084 = PRESENTATION_STYLE_ASSIGNMENT (( #3799 ) ) ;
#9085 = VECTOR ( 'NONE', #8488, 1000.000000000000000 ) ;
#9086 = VECTOR ( 'NONE', #9424, 1000.000000000000114 ) ;
#9087 = CARTESIAN_POINT ( 'NONE',  ( 13.29999999999999893, 0.2000000000000000389, -2.800000000000000266 ) ) ;
#9088 = ORIENTED_EDGE ( 'NONE', *, *, #3539, .F. ) ;
#9089 = LINE ( 'NONE', #7284, #9315 ) ;
#9090 = EDGE_CURVE ( 'NONE', #1367, #10709, #5928, .T. ) ;
#9091 = VERTEX_POINT ( 'NONE', #10275 ) ;
#9092 = VECTOR ( 'NONE', #4258, 1000.000000000000000 ) ;
#9093 = FACE_OUTER_BOUND ( 'NONE', #5914, .T. ) ;
#9094 = CARTESIAN_POINT ( 'NONE',  ( -1.350000000000000089, 5.649999999999998579, 1.249999999999997558 ) ) ;
#9095 = DIRECTION ( 'NONE',  ( 0.0000000000000000000, -0.0000000000000000000, 1.000000000000000000 ) ) ;
#9096 = DIRECTION ( 'NONE',  ( 0.0000000000000000000, 0.0000000000000000000, -1.000000000000000000 ) ) ;
#9097 = LINE ( 'NONE', #9265, #9829 ) ;
#9098 = FILL_AREA_STYLE ('',( #10021 ) ) ;
#9099 = MECHANICAL_DESIGN_GEOMETRIC_PRESENTATION_REPRESENTATION (  '', ( #8155 ), #3715 ) ;
#9100 = CARTESIAN_POINT ( 'NONE',  ( 9.750000000000000000, -3.399999999999999911, -0.2499999999999997780 ) ) ;
#9101 = LINE ( 'NONE', #7462, #3660 ) ;
#9102 = UNCERTAINTY_MEASURE_WITH_UNIT (LENGTH_MEASURE( 1.000000000000000082E-05 ), #4941, 'distance_accuracy_value', 'NONE');
#9103 = CARTESIAN_POINT ( 'NONE',  ( 15.94999999999999929, 0.0000000000000000000, 1.699999999999999289 ) ) ;
#9104 = DIRECTION ( 'NONE',  ( -1.000000000000000000, 0.0000000000000000000, 1.368320445974695775E-17 ) ) ;
#9105 = SURFACE_STYLE_FILL_AREA ( #7295 ) ;
#9106 =( NAMED_UNIT ( * ) SI_UNIT ( $, .STERADIAN. ) SOLID_ANGLE_UNIT ( ) );
#9107 = ORIENTED_EDGE ( 'NONE', *, *, #9282, .T. ) ;
#9108 = MECHANICAL_DESIGN_GEOMETRIC_PRESENTATION_REPRESENTATION (  '', ( #6144 ), #1822 ) ;
#9109 = VECTOR ( 'NONE', #9186, 1000.000000000000000 ) ;
#9110 = ORIENTED_EDGE ( 'NONE', *, *, #5597, .T. ) ;
#9111 = PLANE ( 'NONE',  #10519 ) ;
#9112 =( NAMED_UNIT ( * ) PLANE_ANGLE_UNIT ( ) SI_UNIT ( $, .RADIAN. ) );
#9113 = VECTOR ( 'NONE', #3742, 1000.000000000000000 ) ;
#9114 = ORIENTED_EDGE ( 'NONE', *, *, #11023, .T. ) ;
#9115 = VECTOR ( 'NONE', #967, 1000.000000000000000 ) ;
#9116 = FILL_AREA_STYLE_COLOUR ( '', #8593 ) ;
#9117 = MECHANICAL_DESIGN_GEOMETRIC_PRESENTATION_REPRESENTATION (  '', ( #8178 ), #11129 ) ;
#9118 = CARTESIAN_POINT ( 'NONE',  ( -1.350000000000000089, 5.649999999999998579, -2.350000000000001421 ) ) ;
#9119 = FILL_AREA_STYLE_COLOUR ( '', #1232 ) ;
#9120 = DIRECTION ( 'NONE',  ( 1.000000000000000000, -5.421010862427522170E-17, 0.0000000000000000000 ) ) ;
#9121 = LINE ( 'NONE', #6445, #9820 ) ;
#9122 = SURFACE_SIDE_STYLE ('',( #10906 ) ) ;
#9123 = LINE ( 'NONE', #1303, #7515 ) ;
#9124 = AXIS2_PLACEMENT_3D ( 'NONE', #9724, #986, #4549 ) ;
#9125 = FACE_OUTER_BOUND ( 'NONE', #2409, .T. ) ;
#9126 = DIRECTION ( 'NONE',  ( -3.872150616019660190E-17, -1.000000000000000000, 0.0000000000000000000 ) ) ;
#9127 =( LENGTH_UNIT ( ) NAMED_UNIT ( * ) SI_UNIT ( .MILLI., .METRE. ) );
#9128 = EDGE_CURVE ( 'NONE', #3031, #11014, #5987, .T. ) ;
#9129 = VECTOR ( 'NONE', #10882, 1000.000000000000000 ) ;
#9130 = CARTESIAN_POINT ( 'NONE',  ( 1.750000000000000222, 5.000000000000004441, -0.2499999999999997780 ) ) ;
#9131 = PLANE ( 'NONE',  #4215 ) ;
#9132 = EDGE_CURVE ( 'NONE', #7510, #10458, #11119, .T. ) ;
#9133 = COLOUR_RGB ( '',1.000000000000000000, 1.000000000000000000, 1.000000000000000000 ) ;
#9134 = ORIENTED_EDGE ( 'NONE', *, *, #783, .F. ) ;
#9135 =( NAMED_UNIT ( * ) PLANE_ANGLE_UNIT ( ) SI_UNIT ( $, .RADIAN. ) );
#9136 = PRESENTATION_LAYER_ASSIGNMENT (  '', '', ( #7646 ) ) ;
#9137 = FACE_OUTER_BOUND ( 'NONE', #10231, .T. ) ;
#9138 = UNCERTAINTY_MEASURE_WITH_UNIT (LENGTH_MEASURE( 1.000000000000000082E-05 ), #1896, 'distance_accuracy_value', 'NONE');
#9139 = FILL_AREA_STYLE_COLOUR ( '', #3277 ) ;
#9140 = DIRECTION ( 'NONE',  ( 1.000000000000000000, 1.095153709581317921E-16, 0.0000000000000000000 ) ) ;
#9141 = EDGE_CURVE ( 'NONE', #2452, #5196, #2225, .T. ) ;
#9142 = FACE_OUTER_BOUND ( 'NONE', #637, .T. ) ;
#9143 = EDGE_LOOP ( 'NONE', ( #5974, #5479, #623, #4206 ) ) ;
#9144 = EDGE_CURVE ( 'NONE', #5200, #11111, #5816, .T. ) ;
#9145 = DIRECTION ( 'NONE',  ( -1.000000000000000000, 0.0000000000000000000, 1.368320445974695775E-17 ) ) ;
#9146 = CARTESIAN_POINT ( 'NONE',  ( 12.75000000000000178, 3.399999999999999467, -2.050000000000001599 ) ) ;
#9147 = DIRECTION ( 'NONE',  ( -1.000000000000000000, -1.938238520644477652E-16, 0.0000000000000000000 ) ) ;
#9148 = DIRECTION ( 'NONE',  ( 0.5773502691896221783, 0.5773502691896297279, -0.5773502691896253980 ) ) ;
#9149 = STYLED_ITEM ( 'NONE', ( #2119 ), #2070 ) ;
#9150 = DIRECTION ( 'NONE',  ( 3.872150616019660190E-17, 1.000000000000000000, -0.0000000000000000000 ) ) ;
#9151 =( NAMED_UNIT ( * ) PLANE_ANGLE_UNIT ( ) SI_UNIT ( $, .RADIAN. ) );
#9153 = EDGE_CURVE ( 'NONE', #2295, #11156, #10447, .T. ) ;
#9152 = SURFACE_STYLE_USAGE ( .BOTH. , #11094 ) ;
#9154 = SURFACE_SIDE_STYLE ('',( #6477 ) ) ;
#9155 = VECTOR ( 'NONE', #8989, 1000.000000000000000 ) ;
#9156 = EDGE_CURVE ( 'NONE', #5399, #4631, #4245, .T. ) ;
#9157 = EDGE_LOOP ( 'NONE', ( #5803, #8624, #8933, #7898 ) ) ;
#9158 =( NAMED_UNIT ( * ) PLANE_ANGLE_UNIT ( ) SI_UNIT ( $, .RADIAN. ) );
#9159 = LINE ( 'NONE', #2859, #9053 ) ;
#9160 = SURFACE_SIDE_STYLE ('',( #8223 ) ) ;
#9161 = SURFACE_STYLE_FILL_AREA ( #1218 ) ;
#9162 = CARTESIAN_POINT ( 'NONE',  ( 15.94999999999999929, 6.000000000000000000, 1.699999999999999289 ) ) ;
#9163 = EDGE_LOOP ( 'NONE', ( #11083, #10152, #1747, #3886 ) ) ;
#9164 = ORIENTED_EDGE ( 'NONE', *, *, #4720, .F. ) ;
#9165 =( LENGTH_UNIT ( ) NAMED_UNIT ( * ) SI_UNIT ( .MILLI., .METRE. ) );
#9166 = COLOUR_RGB ( '',1.000000000000000000, 1.000000000000000000, 1.000000000000000000 ) ;
#9167 = FACE_OUTER_BOUND ( 'NONE', #7048, .T. ) ;
#9168 = CARTESIAN_POINT ( 'NONE',  ( 10.14999999999999503, -3.399999999999999911, 0.1499999999999973577 ) ) ;
#9169 = ORIENTED_EDGE ( 'NONE', *, *, #8581, .T. ) ;
#9170 = ORIENTED_EDGE ( 'NONE', *, *, #7095, .T. ) ;
#9171 = EDGE_CURVE ( 'NONE', #1452, #8172, #2343, .T. ) ;
#9172 = DIRECTION ( 'NONE',  ( 1.000000000000000000, -5.421010862427522170E-17, 0.0000000000000000000 ) ) ;
#9173 = FILL_AREA_STYLE ('',( #5647 ) ) ;
#9174 = SURFACE_STYLE_FILL_AREA ( #275 ) ;
#9175 = DIRECTION ( 'NONE',  ( 0.0000000000000000000, 0.0000000000000000000, 1.000000000000000000 ) ) ;
#9176 = CARTESIAN_POINT ( 'NONE',  ( 13.74999999999999822, 5.000000000000000888, 0.2500000000000002220 ) ) ;
#9177 = SURFACE_SIDE_STYLE ('',( #2056 ) ) ;
#9178 = ORIENTED_EDGE ( 'NONE', *, *, #6250, .T. ) ;
#9179 = MECHANICAL_DESIGN_GEOMETRIC_PRESENTATION_REPRESENTATION (  '', ( #8425 ), #2848 ) ;
#9180 = EDGE_CURVE ( 'NONE', #11242, #4198, #6845, .T. ) ;
#9181 = LINE ( 'NONE', #4652, #549 ) ;
#9182 = SURFACE_STYLE_FILL_AREA ( #3788 ) ;
#9183 = DIRECTION ( 'NONE',  ( -0.0000000000000000000, -0.0000000000000000000, -1.000000000000000000 ) ) ;
#9184 = CARTESIAN_POINT ( 'NONE',  ( 4.750000000000000888, 3.399999999999999467, -2.350000000000001421 ) ) ;
#9185 = DIRECTION ( 'NONE',  ( 1.000000000000000000, 0.0000000000000000000, 0.0000000000000000000 ) ) ;
#9186 = DIRECTION ( 'NONE',  ( -4.336808689942017736E-16, 0.0000000000000000000, -1.000000000000000000 ) ) ;
#9187 = FILL_AREA_STYLE ('',( #9937 ) ) ;
#9188 = ORIENTED_EDGE ( 'NONE', *, *, #3677, .T. ) ;
#9189 = SURFACE_SIDE_STYLE ('',( #10915 ) ) ;
#9190 = UNCERTAINTY_MEASURE_WITH_UNIT (LENGTH_MEASURE( 1.000000000000000082E-05 ), #10540, 'distance_accuracy_value', 'NONE');
#9191 = LINE ( 'NONE', #4713, #6167 ) ;
#9192 = MECHANICAL_DESIGN_GEOMETRIC_PRESENTATION_REPRESENTATION (  '', ( #10844 ), #6779 ) ;
#9193 = FILL_AREA_STYLE ('',( #5656 ) ) ;
#9194 = SURFACE_STYLE_FILL_AREA ( #10972 ) ;
#9195 = EDGE_CURVE ( 'NONE', #9471, #7644, #1526, .T. ) ;
#9196 = EDGE_CURVE ( 'NONE', #734, #8689, #10333, .T. ) ;
#9197 = MECHANICAL_DESIGN_GEOMETRIC_PRESENTATION_REPRESENTATION (  '', ( #7525 ), #1738 ) ;
#9198 =( NAMED_UNIT ( * ) PLANE_ANGLE_UNIT ( ) SI_UNIT ( $, .RADIAN. ) );
#9199 = SURFACE_STYLE_USAGE ( .BOTH. , #3087 ) ;
#9200 = DIRECTION ( 'NONE',  ( 3.872150616019660190E-17, 1.000000000000000000, -0.0000000000000000000 ) ) ;
#9201 = DIRECTION ( 'NONE',  ( -0.0000000000000000000, -0.0000000000000000000, -1.000000000000000000 ) ) ;
#9202 = SURFACE_SIDE_STYLE ('',( #8217 ) ) ;
#9203 = ADVANCED_FACE ( 'NONE', ( #7712 ), #5117, .F. ) ;
#9204 = MECHANICAL_DESIGN_GEOMETRIC_PRESENTATION_REPRESENTATION (  '', ( #7721 ), #10694 ) ;
#9205 = STYLED_ITEM ( 'NONE', ( #6746 ), #4822 ) ;
#9206 = STYLED_ITEM ( 'NONE', ( #2765 ), #3777 ) ;
#9207 =( LENGTH_UNIT ( ) NAMED_UNIT ( * ) SI_UNIT ( .MILLI., .METRE. ) );
#9208 = SURFACE_STYLE_USAGE ( .BOTH. , #10087 ) ;
#9209 = UNCERTAINTY_MEASURE_WITH_UNIT (LENGTH_MEASURE( 1.000000000000000082E-05 ), #5022, 'distance_accuracy_value', 'NONE');
#9210 = MECHANICAL_DESIGN_GEOMETRIC_PRESENTATION_REPRESENTATION (  '', ( #1200 ), #9402 ) ;
#9211 = CARTESIAN_POINT ( 'NONE',  ( 0.7500000000000002220, 3.149999999999999467, -2.050000000000001599 ) ) ;
#9212 = LINE ( 'NONE', #4684, #7631 ) ;
#9213 = FILL_AREA_STYLE ('',( #5680 ) ) ;
#9214 =( LENGTH_UNIT ( ) NAMED_UNIT ( * ) SI_UNIT ( .MILLI., .METRE. ) );
#9215 = VERTEX_POINT ( 'NONE', #1699 ) ;
#9216 = EDGE_CURVE ( 'NONE', #11168, #773, #9691, .T. ) ;
#9217 = COLOUR_RGB ( '',1.000000000000000000, 1.000000000000000000, 1.000000000000000000 ) ;
#9218 = ORIENTED_EDGE ( 'NONE', *, *, #7385, .T. ) ;
#9219 = EDGE_CURVE ( 'NONE', #4330, #934, #4524, .T. ) ;
#9220 = PRESENTATION_LAYER_ASSIGNMENT (  '', '', ( #2136 ) ) ;
#9221 = MECHANICAL_DESIGN_GEOMETRIC_PRESENTATION_REPRESENTATION (  '', ( #9409 ), #1393 ) ;
#9222 = CARTESIAN_POINT ( 'NONE',  ( 3.299999999999999378, 0.2000000000000000389, -2.800000000000000266 ) ) ;
#9223 = CARTESIAN_POINT ( 'NONE',  ( 4.700000000000002842, 0.0000000000000000000, -2.800000000000000266 ) ) ;
#9224 = CARTESIAN_POINT ( 'NONE',  ( 5.299999999999998934, 0.2000000000000000389, 1.700000000000000178 ) ) ;
#9225 = VERTEX_POINT ( 'NONE', #11455 ) ;
#9226 = VERTEX_POINT ( 'NONE', #8761 ) ;
#9227 = VERTEX_POINT ( 'NONE', #113 ) ;
#9228 = FILL_AREA_STYLE ('',( #11004 ) ) ;
#9229 = PRESENTATION_LAYER_ASSIGNMENT (  '', '', ( #6438 ) ) ;
#9230 = DIRECTION ( 'NONE',  ( 0.5773502691896224004, 0.5773502691896296168, 0.5773502691896251759 ) ) ;
#9231 = STYLED_ITEM ( 'NONE', ( #10110 ), #4031 ) ;
#9232 = PRESENTATION_STYLE_ASSIGNMENT (( #6496 ) ) ;
#9233 = LINE ( 'NONE', #1230, #11443 ) ;
#9234 = EDGE_CURVE ( 'NONE', #4975, #6044, #5235, .T. ) ;
#9235 = FACE_OUTER_BOUND ( 'NONE', #1315, .T. ) ;
#9236 = EDGE_CURVE ( 'NONE', #482, #2036, #735, .T. ) ;
#9237 = SURFACE_STYLE_USAGE ( .BOTH. , #6566 ) ;
#9238 = SURFACE_STYLE_FILL_AREA ( #3789 ) ;
#9239 = COLOUR_RGB ( '',1.000000000000000000, 1.000000000000000000, 1.000000000000000000 ) ;
#9241 = SURFACE_STYLE_USAGE ( .BOTH. , #10164 ) ;
#9240 = VECTOR ( 'NONE', #9452, 1000.000000000000000 ) ;
#9242 =( NAMED_UNIT ( * ) SI_UNIT ( $, .STERADIAN. ) SOLID_ANGLE_UNIT ( ) );
#9243 = DIRECTION ( 'NONE',  ( 0.7071067811865475727, -0.7071067811865475727, 1.662400053425836136E-32 ) ) ;
#9244 = CARTESIAN_POINT ( 'NONE',  ( 8.750000000000000000, 3.399999999999999467, -2.050000000000001599 ) ) ;
#9245 = EDGE_LOOP ( 'NONE', ( #2165, #9623, #8992, #5336 ) ) ;
#9246 = ORIENTED_EDGE ( 'NONE', *, *, #5302, .T. ) ;
#9247 = CARTESIAN_POINT ( 'NONE',  ( 11.29999999999999893, 0.2000000000000000389, -2.800000000000000266 ) ) ;
#9248 = DIRECTION ( 'NONE',  ( -0.0000000000000000000, -0.0000000000000000000, 1.000000000000000000 ) ) ;
#9249 = VECTOR ( 'NONE', #4878, 1000.000000000000000 ) ;
#9250 = ORIENTED_EDGE ( 'NONE', *, *, #2716, .F. ) ;
#9251 = ORIENTED_EDGE ( 'NONE', *, *, #6534, .F. ) ;
#9252 =( GEOMETRIC_REPRESENTATION_CONTEXT ( 3 ) GLOBAL_UNCERTAINTY_ASSIGNED_CONTEXT ( ( #7188 ) ) GLOBAL_UNIT_ASSIGNED_CONTEXT ( ( #6441, #8116, #10796 ) ) REPRESENTATION_CONTEXT ( 'NONE', 'WORKASPACE' ) );
#9253 = DIRECTION ( 'NONE',  ( 0.7071067811865475727, -0.7071067811865475727, 1.662400053425836136E-32 ) ) ;
#9254 = ORIENTED_EDGE ( 'NONE', *, *, #3522, .T. ) ;
#9255 = CARTESIAN_POINT ( 'NONE',  ( 1.150000000000000799, 1.799999999999999600, 1.700000000000000178 ) ) ;
#9256 = AXIS2_PLACEMENT_3D ( 'NONE', #8004, #8703, #10505 ) ;
#9257 = DIRECTION ( 'NONE',  ( 0.5773502691896259531, 0.5773502691896259531, -0.5773502691896253980 ) ) ;
#9258 = CYLINDRICAL_SURFACE ( 'NONE', #4486, 0.05000000000000019013 ) ;
#9259 = DIRECTION ( 'NONE',  ( 0.0000000000000000000, 1.000000000000000000, -5.782411586589358625E-16 ) ) ;
#9260 = CARTESIAN_POINT ( 'NONE',  ( 12.25000000000000000, 0.2000000000000000111, -0.2499999999999997780 ) ) ;
#9261 = ORIENTED_EDGE ( 'NONE', *, *, #757, .T. ) ;
#9262 = DIRECTION ( 'NONE',  ( 0.0000000000000000000, 1.000000000000000000, 0.0000000000000000000 ) ) ;
#9263 =( LENGTH_UNIT ( ) NAMED_UNIT ( * ) SI_UNIT ( .MILLI., .METRE. ) );
#9264 = SURFACE_SIDE_STYLE ('',( #478 ) ) ;
#9265 = CARTESIAN_POINT ( 'NONE',  ( -1.350000000000000089, 6.000000000000000000, -0.6800000000000000488 ) ) ;
#9266 = COLOUR_RGB ( '',1.000000000000000000, 1.000000000000000000, 1.000000000000000000 ) ;
#9267 = PRESENTATION_STYLE_ASSIGNMENT (( #2857 ) ) ;
#9268 = DIRECTION ( 'NONE',  ( -0.0000000000000000000, 1.000000000000000000, -0.0000000000000000000 ) ) ;
#9269 = DIRECTION ( 'NONE',  ( 0.0000000000000000000, -0.7071067811865427988, -0.7071067811865522357 ) ) ;
#9270 =( NAMED_UNIT ( * ) SI_UNIT ( $, .STERADIAN. ) SOLID_ANGLE_UNIT ( ) );
#9271 = VECTOR ( 'NONE', #3846, 1000.000000000000000 ) ;
#9272 = COLOUR_RGB ( '',1.000000000000000000, 0.8117647058823529438, 0.5019607843137254832 ) ;
#9273 = LINE ( 'NONE', #6656, #2933 ) ;
#9274 = VERTEX_POINT ( 'NONE', #7939 ) ;
#9275 = ORIENTED_EDGE ( 'NONE', *, *, #7744, .T. ) ;
#9276 = SURFACE_STYLE_FILL_AREA ( #3112 ) ;
#9277 = ORIENTED_EDGE ( 'NONE', *, *, #8718, .T. ) ;
#9278 = CARTESIAN_POINT ( 'NONE',  ( 14.22000000000000064, 6.000000000000000000, 1.599999999999999867 ) ) ;
#9279 = DIRECTION ( 'NONE',  ( 3.872150616019660190E-17, 1.000000000000000000, 0.0000000000000000000 ) ) ;
#9280 = MECHANICAL_DESIGN_GEOMETRIC_PRESENTATION_REPRESENTATION (  '', ( #6683 ), #6868 ) ;
#9281 = CARTESIAN_POINT ( 'NONE',  ( 13.74999999999999822, 5.000000000000000888, 0.2500000000000002220 ) ) ;
#9282 = EDGE_CURVE ( 'NONE', #10933, #4636, #3524, .T. ) ;
#9283 = VERTEX_POINT ( 'NONE', #8821 ) ;
#9284 = EDGE_CURVE ( 'NONE', #1272, #1980, #1642, .T. ) ;
#9285 = DIRECTION ( 'NONE',  ( -0.0000000000000000000, -0.0000000000000000000, -1.000000000000000000 ) ) ;
#9286 =( GEOMETRIC_REPRESENTATION_CONTEXT ( 3 ) GLOBAL_UNCERTAINTY_ASSIGNED_CONTEXT ( ( #7276 ) ) GLOBAL_UNIT_ASSIGNED_CONTEXT ( ( #829, #2674, #1840 ) ) REPRESENTATION_CONTEXT ( 'NONE', 'WORKASPACE' ) );
#9287 = LINE ( 'NONE', #2051, #2414 ) ;
#9288 = EDGE_LOOP ( 'NONE', ( #5583, #2107, #2098, #2836, #6573 ) ) ;
#9289 = EDGE_CURVE ( 'NONE', #2016, #9367, #8878, .T. ) ;
#9290 = UNCERTAINTY_MEASURE_WITH_UNIT (LENGTH_MEASURE( 1.000000000000000082E-05 ), #78, 'distance_accuracy_value', 'NONE');
#9291 = SURFACE_STYLE_USAGE ( .BOTH. , #1233 ) ;
#9292 =( GEOMETRIC_REPRESENTATION_CONTEXT ( 3 ) GLOBAL_UNCERTAINTY_ASSIGNED_CONTEXT ( ( #1370 ) ) GLOBAL_UNIT_ASSIGNED_CONTEXT ( ( #9889, #5501, #6462 ) ) REPRESENTATION_CONTEXT ( 'NONE', 'WORKASPACE' ) );
#9293 = DIRECTION ( 'NONE',  ( 0.0000000000000000000, -0.0000000000000000000, 1.000000000000000000 ) ) ;
#9294 = VERTEX_POINT ( 'NONE', #7181 ) ;
#9295 = CARTESIAN_POINT ( 'NONE',  ( 15.94999999999999929, 1.380000000000004334, 1.300000000000000044 ) ) ;
#9296 = ORIENTED_EDGE ( 'NONE', *, *, #5955, .F. ) ;
#9297 = PRESENTATION_STYLE_ASSIGNMENT (( #9355 ) ) ;
#9298 = VECTOR ( 'NONE', #1497, 1000.000000000000000 ) ;
#9299 = LINE ( 'NONE', #4766, #3476 ) ;
#9300 = VECTOR ( 'NONE', #9866, 1000.000000000000000 ) ;
#9301 = EDGE_CURVE ( 'NONE', #2086, #10502, #6156, .T. ) ;
#9302 = DIRECTION ( 'NONE',  ( 0.0000000000000000000, 0.0000000000000000000, -1.000000000000000000 ) ) ;
#9303 = DIRECTION ( 'NONE',  ( 1.000000000000000000, -5.421010862427522170E-17, 0.0000000000000000000 ) ) ;
#9304 = LINE ( 'NONE', #10284, #7344 ) ;
#9305 = DIRECTION ( 'NONE',  ( -3.833233541708433496E-17, -0.7071067811865472397, 0.7071067811865479058 ) ) ;
#9306 = VERTEX_POINT ( 'NONE', #7065 ) ;
#9307 = ORIENTED_EDGE ( 'NONE', *, *, #3555, .T. ) ;
#9308 = AXIS2_PLACEMENT_3D ( 'NONE', #4178, #9633, #9529 ) ;
#9309 = CARTESIAN_POINT ( 'NONE',  ( 10.75000000000000000, 3.399999999999999467, -2.050000000000001599 ) ) ;
#9310 = UNCERTAINTY_MEASURE_WITH_UNIT (LENGTH_MEASURE( 1.000000000000000082E-05 ), #1563, 'distance_accuracy_value', 'NONE');
#9311 = STYLED_ITEM ( 'NONE', ( #3263 ), #1403 ) ;
#9312 = PRESENTATION_LAYER_ASSIGNMENT (  '', '', ( #4135 ) ) ;
#9313 = VERTEX_POINT ( 'NONE', #5174 ) ;
#9314 = VECTOR ( 'NONE', #10269, 1000.000000000000000 ) ;
#9315 = VECTOR ( 'NONE', #3980, 1000.000000000000000 ) ;
#9316 = COLOUR_RGB ( '',1.000000000000000000, 0.8117647058823529438, 0.5019607843137254832 ) ;
#9317 =( LENGTH_UNIT ( ) NAMED_UNIT ( * ) SI_UNIT ( .MILLI., .METRE. ) );
#9318 =( GEOMETRIC_REPRESENTATION_CONTEXT ( 3 ) GLOBAL_UNCERTAINTY_ASSIGNED_CONTEXT ( ( #7463 ) ) GLOBAL_UNIT_ASSIGNED_CONTEXT ( ( #89, #4333, #6982 ) ) REPRESENTATION_CONTEXT ( 'NONE', 'WORKASPACE' ) );
#9319 = ORIENTED_EDGE ( 'NONE', *, *, #10705, .T. ) ;
#9320 = PRESENTATION_STYLE_ASSIGNMENT (( #361 ) ) ;
#9321 = LINE ( 'NONE', #3145, #7060 ) ;
#9322 = SURFACE_STYLE_FILL_AREA ( #2198 ) ;
#9323 = SURFACE_SIDE_STYLE ('',( #11154 ) ) ;
#9324 = ORIENTED_EDGE ( 'NONE', *, *, #9642, .T. ) ;
#9325 =( NAMED_UNIT ( * ) SI_UNIT ( $, .STERADIAN. ) SOLID_ANGLE_UNIT ( ) );
#9326 = EDGE_LOOP ( 'NONE', ( #2252, #3946, #6995, #10843 ) ) ;
#9327 =( LENGTH_UNIT ( ) NAMED_UNIT ( * ) SI_UNIT ( .MILLI., .METRE. ) );
#9328 = EDGE_CURVE ( 'NONE', #1560, #7858, #10620, .T. ) ;
#9329 = VERTEX_POINT ( 'NONE', #2525 ) ;
#9330 = STYLED_ITEM ( 'NONE', ( #5945 ), #7126 ) ;
#9331 =( NAMED_UNIT ( * ) SI_UNIT ( $, .STERADIAN. ) SOLID_ANGLE_UNIT ( ) );
#9332 = CARTESIAN_POINT ( 'NONE',  ( 11.29999999999999893, 0.2000000000000000389, 1.700000000000000178 ) ) ;
#9333 = FACE_OUTER_BOUND ( 'NONE', #5609, .T. ) ;
#9334 = CARTESIAN_POINT ( 'NONE',  ( 15.94999999999999929, 0.0000000000000000000, -2.800000000000000711 ) ) ;
#9335 = AXIS2_PLACEMENT_3D ( 'NONE', #9758, #5585, #3837 ) ;
#9336 = LINE ( 'NONE', #3106, #419 ) ;
#9337 = DIRECTION ( 'NONE',  ( -1.000000000000000000, 1.084202172485504237E-15, 0.0000000000000000000 ) ) ;
#9338 =( NAMED_UNIT ( * ) SI_UNIT ( $, .STERADIAN. ) SOLID_ANGLE_UNIT ( ) );
#9339 = CARTESIAN_POINT ( 'NONE',  ( 8.250000000000000000, -3.399999999999999911, 0.2500000000000002220 ) ) ;
#9340 = ORIENTED_EDGE ( 'NONE', *, *, #7374, .F. ) ;
#9341 = CARTESIAN_POINT ( 'NONE',  ( 3.750000000000000444, -3.399999999999999911, 0.2500000000000002220 ) ) ;
#9342 = DIRECTION ( 'NONE',  ( -1.000000000000000000, -0.0000000000000000000, -0.0000000000000000000 ) ) ;
#9343 =( GEOMETRIC_REPRESENTATION_CONTEXT ( 3 ) GLOBAL_UNCERTAINTY_ASSIGNED_CONTEXT ( ( #2829 ) ) GLOBAL_UNIT_ASSIGNED_CONTEXT ( ( #5922, #4293, #6030 ) ) REPRESENTATION_CONTEXT ( 'NONE', 'WORKASPACE' ) );
#9344 = EDGE_CURVE ( 'NONE', #3771, #9942, #10561, .T. ) ;
#9345 = EDGE_CURVE ( 'NONE', #2614, #3748, #847, .T. ) ;
#9346 = CARTESIAN_POINT ( 'NONE',  ( 1.750000000000000666, 5.000000000000004441, 0.2500000000000002220 ) ) ;
#9347 = PLANE ( 'NONE',  #8930 ) ;
#9348 = PRESENTATION_STYLE_ASSIGNMENT (( #678 ) ) ;
#9349 = PRESENTATION_LAYER_ASSIGNMENT (  '', '', ( #3220 ) ) ;
#9350 = ADVANCED_FACE ( 'NONE', ( #6101, #11396 ), #6268, .F. ) ;
#9351 = CARTESIAN_POINT ( 'NONE',  ( 1.250000000000000666, 3.399999999999999467, -2.350000000000001421 ) ) ;
#9352 = FACE_OUTER_BOUND ( 'NONE', #6969, .T. ) ;
#9353 = PRESENTATION_STYLE_ASSIGNMENT (( #8473 ) ) ;
#9354 = CARTESIAN_POINT ( 'NONE',  ( -1.949999999999999956, 0.0000000000000000000, -2.800000000000000266 ) ) ;
#9355 = SURFACE_STYLE_USAGE ( .BOTH. , #9122 ) ;
#9356 = CARTESIAN_POINT ( 'NONE',  ( 7.249999999999999112, 1.149999999999999911, -2.050000000000001599 ) ) ;
#9357 = CARTESIAN_POINT ( 'NONE',  ( 14.24999999999999822, -3.399999999999999911, 0.2500000000000002220 ) ) ;
#9358 = ADVANCED_FACE ( 'NONE', ( #6320 ), #6825, .T. ) ;
#9359 = MECHANICAL_DESIGN_GEOMETRIC_PRESENTATION_REPRESENTATION (  '', ( #5503 ), #810 ) ;
#9360 = LINE ( 'NONE', #8542, #2251 ) ;
#9361 = DIRECTION ( 'NONE',  ( -3.833233541708420554E-17, -0.7071067811865447972, 0.7071067811865502373 ) ) ;
#9362 = CARTESIAN_POINT ( 'NONE',  ( 4.250000000000000000, 0.2000000000000000111, -0.2499999999999997780 ) ) ;
#9363 = SURFACE_STYLE_USAGE ( .BOTH. , #691 ) ;
#9364 = ORIENTED_EDGE ( 'NONE', *, *, #5901, .T. ) ;
#9365 = VECTOR ( 'NONE', #5452, 1000.000000000000000 ) ;
#9366 = SURFACE_STYLE_FILL_AREA ( #7554 ) ;
#9367 = VERTEX_POINT ( 'NONE', #9511 ) ;
#9368 = VERTEX_POINT ( 'NONE', #5094 ) ;
#9369 = DIRECTION ( 'NONE',  ( 0.0000000000000000000, 0.7071067811865493491, -0.7071067811865457964 ) ) ;
#9370 = ADVANCED_FACE ( 'NONE', ( #6712 ), #4980, .F. ) ;
#9371 = ORIENTED_EDGE ( 'NONE', *, *, #6507, .T. ) ;
#9372 = CARTESIAN_POINT ( 'NONE',  ( 12.84999999999999787, 5.649999999999999467, 1.249999999999997558 ) ) ;
#9373 = ADVANCED_FACE ( 'NONE', ( #9333 ), #10364, .F. ) ;
#9374 = PRESENTATION_LAYER_ASSIGNMENT (  '', '', ( #10837 ) ) ;
#9375 = CARTESIAN_POINT ( 'NONE',  ( 6.699999999999999289, 0.1999999999999999833, -2.800000000000000266 ) ) ;
#9376 = EDGE_LOOP ( 'NONE', ( #1470, #6679, #10762, #517 ) ) ;
#9377 = FACE_OUTER_BOUND ( 'NONE', #1910, .T. ) ;
#9378 = ORIENTED_EDGE ( 'NONE', *, *, #9482, .F. ) ;
#9379 = ORIENTED_EDGE ( 'NONE', *, *, #7074, .F. ) ;
#9380 = LINE ( 'NONE', #8500, #252 ) ;
#9381 =( GEOMETRIC_REPRESENTATION_CONTEXT ( 3 ) GLOBAL_UNCERTAINTY_ASSIGNED_CONTEXT ( ( #8908 ) ) GLOBAL_UNIT_ASSIGNED_CONTEXT ( ( #5438, #5500, #1680 ) ) REPRESENTATION_CONTEXT ( 'NONE', 'WORKASPACE' ) );
#9382 = CARTESIAN_POINT ( 'NONE',  ( 6.874499999999954980, -2.825500000000001677, -0.6799999999999948308 ) ) ;
#9383 = SURFACE_STYLE_USAGE ( .BOTH. , #10250 ) ;
#9384 = LINE ( 'NONE', #11261, #2793 ) ;
#9385 = FILL_AREA_STYLE_COLOUR ( '', #2662 ) ;
#9386 = EDGE_CURVE ( 'NONE', #4559, #1404, #981, .T. ) ;
#9387 = EDGE_LOOP ( 'NONE', ( #1982, #7705, #8827, #3440 ) ) ;
#9388 = ORIENTED_EDGE ( 'NONE', *, *, #941, .F. ) ;
#9389 = FACE_OUTER_BOUND ( 'NONE', #7871, .T. ) ;
#9390 = FACE_OUTER_BOUND ( 'NONE', #6889, .T. ) ;
#9391 = AXIS2_PLACEMENT_3D ( 'NONE', #11238, #7542, #2348 ) ;
#9392 =( GEOMETRIC_REPRESENTATION_CONTEXT ( 3 ) GLOBAL_UNCERTAINTY_ASSIGNED_CONTEXT ( ( #1885 ) ) GLOBAL_UNIT_ASSIGNED_CONTEXT ( ( #10715, #892, #2074 ) ) REPRESENTATION_CONTEXT ( 'NONE', 'WORKASPACE' ) );
#9393 = LINE ( 'NONE', #9334, #1051 ) ;
#9394 = DIRECTION ( 'NONE',  ( 4.336808689942017736E-16, 0.0000000000000000000, 1.000000000000000000 ) ) ;
#9395 = ADVANCED_FACE ( 'NONE', ( #1884 ), #8130, .F. ) ;
#9396 = CARTESIAN_POINT ( 'NONE',  ( 11.74999999999999822, 0.2000000000000000111, -2.800000000000000266 ) ) ;
#9397 = ORIENTED_EDGE ( 'NONE', *, *, #1667, .T. ) ;
#9398 =( NAMED_UNIT ( * ) SI_UNIT ( $, .STERADIAN. ) SOLID_ANGLE_UNIT ( ) );
#9399 = DIRECTION ( 'NONE',  ( -1.000000000000000000, 1.084202172485504237E-15, 0.0000000000000000000 ) ) ;
#9400 =( GEOMETRIC_REPRESENTATION_CONTEXT ( 3 ) GLOBAL_UNCERTAINTY_ASSIGNED_CONTEXT ( ( #7138 ) ) GLOBAL_UNIT_ASSIGNED_CONTEXT ( ( #8831, #10517, #1596 ) ) REPRESENTATION_CONTEXT ( 'NONE', 'WORKASPACE' ) );
#9401 = EDGE_LOOP ( 'NONE', ( #559, #7938, #3490, #7818 ) ) ;
#9402 =( GEOMETRIC_REPRESENTATION_CONTEXT ( 3 ) GLOBAL_UNCERTAINTY_ASSIGNED_CONTEXT ( ( #727 ) ) GLOBAL_UNIT_ASSIGNED_CONTEXT ( ( #2406, #5175, #2526 ) ) REPRESENTATION_CONTEXT ( 'NONE', 'WORKASPACE' ) );
#9403 = AXIS2_PLACEMENT_3D ( 'NONE', #4048, #537, #1334 ) ;
#9404 = CARTESIAN_POINT ( 'NONE',  ( 5.850000000000003197, -3.399999999999999911, -0.1499999999999969136 ) ) ;
#9405 = STYLED_ITEM ( 'NONE', ( #5293 ), #5672 ) ;
#9406 = FACE_OUTER_BOUND ( 'NONE', #1441, .T. ) ;
#9407 =( GEOMETRIC_REPRESENTATION_CONTEXT ( 3 ) GLOBAL_UNCERTAINTY_ASSIGNED_CONTEXT ( ( #1652 ) ) GLOBAL_UNIT_ASSIGNED_CONTEXT ( ( #4405, #5447, #8090 ) ) REPRESENTATION_CONTEXT ( 'NONE', 'WORKASPACE' ) );
#9408 = CARTESIAN_POINT ( 'NONE',  ( 2.699999999999999734, 0.1999999999999999833, 1.700000000000000178 ) ) ;
#9409 = STYLED_ITEM ( 'NONE', ( #9554 ), #3666 ) ;
#9410 = PRESENTATION_STYLE_ASSIGNMENT (( #6670 ) ) ;
#9411 = ORIENTED_EDGE ( 'NONE', *, *, #4344, .F. ) ;
#9412 =( GEOMETRIC_REPRESENTATION_CONTEXT ( 3 ) GLOBAL_UNCERTAINTY_ASSIGNED_CONTEXT ( ( #3411 ) ) GLOBAL_UNIT_ASSIGNED_CONTEXT ( ( #3168, #6554, #2099 ) ) REPRESENTATION_CONTEXT ( 'NONE', 'WORKASPACE' ) );
#9413 = EDGE_CURVE ( 'NONE', #3396, #11040, #4709, .T. ) ;
#9414 = DIRECTION ( 'NONE',  ( -0.0000000000000000000, 1.000000000000000000, -0.0000000000000000000 ) ) ;
#9415 = DIRECTION ( 'NONE',  ( -1.000000000000000000, 5.421010862427522170E-17, 0.0000000000000000000 ) ) ;
#9416 = DIRECTION ( 'NONE',  ( -1.084202172485504237E-15, -1.000000000000000000, 0.0000000000000000000 ) ) ;
#9417 = CARTESIAN_POINT ( 'NONE',  ( 11.29999999999999893, 0.2000000000000000389, 0.2500000000000002220 ) ) ;
#9418 = STYLED_ITEM ( 'NONE', ( #3632 ), #5343 ) ;
#9419 = ORIENTED_EDGE ( 'NONE', *, *, #1435, .F. ) ;
#9420 = MECHANICAL_DESIGN_GEOMETRIC_PRESENTATION_REPRESENTATION (  '', ( #6439 ), #868 ) ;
#9421 = VERTEX_POINT ( 'NONE', #11325 ) ;
#9422 = DIRECTION ( 'NONE',  ( 1.000000000000000000, 0.0000000000000000000, 0.0000000000000000000 ) ) ;
#9423 = LINE ( 'NONE', #2062, #2212 ) ;
#9424 = DIRECTION ( 'NONE',  ( 0.0000000000000000000, -0.7071067811865451302, 0.7071067811865500152 ) ) ;
#9425 = ORIENTED_EDGE ( 'NONE', *, *, #4395, .T. ) ;
#9426 = ORIENTED_EDGE ( 'NONE', *, *, #3677, .F. ) ;
#9427 = CARTESIAN_POINT ( 'NONE',  ( 3.250000000000000888, 3.399999999999999467, -2.300000000000003375 ) ) ;
#9428 = SURFACE_STYLE_FILL_AREA ( #11018 ) ;
#9429 = AXIS2_PLACEMENT_3D ( 'NONE', #3189, #3299, #6851 ) ;
#9430 = STYLED_ITEM ( 'NONE', ( #8394 ), #4259 ) ;
#9431 = VERTEX_POINT ( 'NONE', #5428 ) ;
#9432 = SURFACE_STYLE_FILL_AREA ( #4028 ) ;
#9433 = ORIENTED_EDGE ( 'NONE', *, *, #1788, .T. ) ;
#9434 = CARTESIAN_POINT ( 'NONE',  ( 2.250000000000000000, 1.800000000000000044, 0.2500000000000002220 ) ) ;
#9435 = CARTESIAN_POINT ( 'NONE',  ( 15.70000000000000284, 6.000000000000000000, 0.3200000000000017275 ) ) ;
#9436 =( NAMED_UNIT ( * ) PLANE_ANGLE_UNIT ( ) SI_UNIT ( $, .RADIAN. ) );
#9437 = FILL_AREA_STYLE_COLOUR ( '', #4232 ) ;
#9438 = EDGE_CURVE ( 'NONE', #9313, #4026, #3792, .T. ) ;
#9439 = CARTESIAN_POINT ( 'NONE',  ( 1.749999999999999778, -3.299999999999998490, -0.2499999999999997780 ) ) ;
#9440 = EDGE_CURVE ( 'NONE', #1527, #11296, #1095, .T. ) ;
#9441 = DIRECTION ( 'NONE',  ( -0.0000000000000000000, 0.7071067811865500152, 0.7071067811865451302 ) ) ;
#9442 =( GEOMETRIC_REPRESENTATION_CONTEXT ( 3 ) GLOBAL_UNCERTAINTY_ASSIGNED_CONTEXT ( ( #1062 ) ) GLOBAL_UNIT_ASSIGNED_CONTEXT ( ( #5695, #5587, #3954 ) ) REPRESENTATION_CONTEXT ( 'NONE', 'WORKASPACE' ) );
#9443 = SURFACE_STYLE_USAGE ( .BOTH. , #5900 ) ;
#9444 = EDGE_CURVE ( 'NONE', #4368, #7297, #9819, .T. ) ;
#9445 =( NAMED_UNIT ( * ) PLANE_ANGLE_UNIT ( ) SI_UNIT ( $, .RADIAN. ) );
#9446 = CARTESIAN_POINT ( 'NONE',  ( 14.22000000000000064, 6.000000000000000000, 1.599999999999999867 ) ) ;
#9447 =( LENGTH_UNIT ( ) NAMED_UNIT ( * ) SI_UNIT ( .MILLI., .METRE. ) );
#9448 =( LENGTH_UNIT ( ) NAMED_UNIT ( * ) SI_UNIT ( .MILLI., .METRE. ) );
#9449 = AXIS2_PLACEMENT_3D ( 'NONE', #9731, #8685, #5333 ) ;
#9450 = PRESENTATION_LAYER_ASSIGNMENT (  '', '', ( #2364 ) ) ;
#9451 = PRODUCT ( 'JST-B8B-PH-K-S', 'JST-B8B-PH-K-S', '', ( #2237 ) ) ;
#9452 = DIRECTION ( 'NONE',  ( -1.000000000000000000, 0.0000000000000000000, 0.0000000000000000000 ) ) ;
#9453 = EDGE_CURVE ( 'NONE', #6257, #4420, #3399, .T. ) ;
#9454 = DIRECTION ( 'NONE',  ( 9.103382349328301547E-49, 2.350988701644575016E-32, 1.000000000000000000 ) ) ;
#9455 =( NAMED_UNIT ( * ) PLANE_ANGLE_UNIT ( ) SI_UNIT ( $, .RADIAN. ) );
#9456 = CARTESIAN_POINT ( 'NONE',  ( 1.150000000000000355, 6.000000000000000000, 1.700000000000000178 ) ) ;
#9457 = ORIENTED_EDGE ( 'NONE', *, *, #2777, .F. ) ;
#9458 = ORIENTED_EDGE ( 'NONE', *, *, #7425, .T. ) ;
#9459 = VECTOR ( 'NONE', #4984, 1000.000000000000000 ) ;
#9460 = EDGE_LOOP ( 'NONE', ( #1565, #7765, #6591, #4441 ) ) ;
#9461 = SURFACE_STYLE_FILL_AREA ( #614 ) ;
#9462 = ADVANCED_FACE ( 'NONE', ( #6396 ), #9935, .T. ) ;
#9463 = STYLED_ITEM ( 'NONE', ( #4829 ), #397 ) ;
#9464 = FILL_AREA_STYLE ('',( #1462 ) ) ;
#9465 = AXIS2_PLACEMENT_3D ( 'NONE', #2929, #10672, #1803 ) ;
#9466 = SURFACE_SIDE_STYLE ('',( #4133 ) ) ;
#9467 = LINE ( 'NONE', #5868, #6166 ) ;
#9468 = DIRECTION ( 'NONE',  ( -1.362927481496328130E-16, 0.7071067811865451302, -0.7071067811865500152 ) ) ;
#9469 = FILL_AREA_STYLE_COLOUR ( '', #3498 ) ;
#9470 = FACE_OUTER_BOUND ( 'NONE', #9376, .T. ) ;
#9471 = VERTEX_POINT ( 'NONE', #2948 ) ;
#9472 = VECTOR ( 'NONE', #10682, 1000.000000000000000 ) ;
#9473 = LINE ( 'NONE', #4816, #1808 ) ;
#9474 = CARTESIAN_POINT ( 'NONE',  ( -1.180000000000000160, 2.250000000000000000, 1.249999999999997558 ) ) ;
#9475 = DIRECTION ( 'NONE',  ( 3.872150616019660190E-17, 1.000000000000000000, -0.0000000000000000000 ) ) ;
#9476 = AXIS2_PLACEMENT_3D ( 'NONE', #5265, #2721, #11313 ) ;
#9477 = DIRECTION ( 'NONE',  ( 1.000000000000000000, 0.0000000000000000000, 0.0000000000000000000 ) ) ;
#9478 = VECTOR ( 'NONE', #11042, 1000.000000000000000 ) ;
#9479 = ORIENTED_EDGE ( 'NONE', *, *, #1161, .T. ) ;
#9480 = PLANE ( 'NONE',  #8844 ) ;
#9482 = EDGE_CURVE ( 'NONE', #11258, #8993, #7548, .T. ) ;
#9481 = LINE ( 'NONE', #4197, #4987 ) ;
#9483 = ORIENTED_EDGE ( 'NONE', *, *, #880, .F. ) ;
#9484 = ORIENTED_EDGE ( 'NONE', *, *, #10485, .T. ) ;
#9485 = CARTESIAN_POINT ( 'NONE',  ( 15.17999999999999972, 4.230000000000001315, 1.700000000000000178 ) ) ;
#9486 = UNCERTAINTY_MEASURE_WITH_UNIT (LENGTH_MEASURE( 1.000000000000000082E-05 ), #11369, 'distance_accuracy_value', 'NONE');
#9487 = AXIS2_PLACEMENT_3D ( 'NONE', #363, #3871, #4845 ) ;
#9488 = AXIS2_PLACEMENT_3D ( 'NONE', #1734, #145, #8861 ) ;
#9489 = EDGE_LOOP ( 'NONE', ( #5050, #460, #4170, #9546 ) ) ;
#9490 =( LENGTH_UNIT ( ) NAMED_UNIT ( * ) SI_UNIT ( .MILLI., .METRE. ) );
#9491 = PRESENTATION_LAYER_ASSIGNMENT (  '', '', ( #563 ) ) ;
#9492 = EDGE_LOOP ( 'NONE', ( #9364, #10490, #3637, #2512 ) ) ;
#9493 = CARTESIAN_POINT ( 'NONE',  ( -1.949999999999999956, 0.0000000000000000000, -2.800000000000000266 ) ) ;
#9494 = SURFACE_STYLE_FILL_AREA ( #11199 ) ;
#9495 =( GEOMETRIC_REPRESENTATION_CONTEXT ( 3 ) GLOBAL_UNCERTAINTY_ASSIGNED_CONTEXT ( ( #457 ) ) GLOBAL_UNIT_ASSIGNED_CONTEXT ( ( #4962, #9436, #10174 ) ) REPRESENTATION_CONTEXT ( 'NONE', 'WORKASPACE' ) );
#9496 = ORIENTED_EDGE ( 'NONE', *, *, #5980, .F. ) ;
#9497 = VECTOR ( 'NONE', #2756, 1000.000000000000000 ) ;
#9498 = DIRECTION ( 'NONE',  ( 3.872150616019660190E-17, 1.000000000000000000, -0.0000000000000000000 ) ) ;
#9499 = ORIENTED_EDGE ( 'NONE', *, *, #1860, .T. ) ;
#9500 = VERTEX_POINT ( 'NONE', #5653 ) ;
#9501 = LINE ( 'NONE', #706, #3166 ) ;
#9502 =( LENGTH_UNIT ( ) NAMED_UNIT ( * ) SI_UNIT ( .MILLI., .METRE. ) );
#9503 =( GEOMETRIC_REPRESENTATION_CONTEXT ( 3 ) GLOBAL_UNCERTAINTY_ASSIGNED_CONTEXT ( ( #10754 ) ) GLOBAL_UNIT_ASSIGNED_CONTEXT ( ( #1983, #621, #3230 ) ) REPRESENTATION_CONTEXT ( 'NONE', 'WORKASPACE' ) );
#9504 =( NAMED_UNIT ( * ) PLANE_ANGLE_UNIT ( ) SI_UNIT ( $, .RADIAN. ) );
#9505 = AXIS2_PLACEMENT_3D ( 'NONE', #10498, #4355, #3235 ) ;
#9506 = SURFACE_SIDE_STYLE ('',( #424 ) ) ;
#9507 = EDGE_CURVE ( 'NONE', #8485, #4301, #4084, .T. ) ;
#9508 = PRESENTATION_LAYER_ASSIGNMENT (  '', '', ( #9678 ) ) ;
#9509 = MECHANICAL_DESIGN_GEOMETRIC_PRESENTATION_REPRESENTATION (  '', ( #8574 ), #5052 ) ;
#9510 = EDGE_CURVE ( 'NONE', #2233, #2205, #1192, .T. ) ;
#9511 = CARTESIAN_POINT ( 'NONE',  ( 2.750000000000000444, 1.149999999999999911, -2.350000000000001421 ) ) ;
#9512 =( LENGTH_UNIT ( ) NAMED_UNIT ( * ) SI_UNIT ( .MILLI., .METRE. ) );
#9513 = CARTESIAN_POINT ( 'NONE',  ( 3.750000000000000444, -3.299999999999997158, 0.2500000000000002220 ) ) ;
#9514 = VECTOR ( 'NONE', #4442, 1000.000000000000000 ) ;
#9515 = CARTESIAN_POINT ( 'NONE',  ( 14.22000000000000064, 6.000000000000000000, 1.700000000000000178 ) ) ;
#9516 = PRESENTATION_LAYER_ASSIGNMENT (  '', '', ( #2993 ) ) ;
#9517 = ORIENTED_EDGE ( 'NONE', *, *, #7793, .T. ) ;
#9518 = ORIENTED_EDGE ( 'NONE', *, *, #8535, .T. ) ;
#9519 =( GEOMETRIC_REPRESENTATION_CONTEXT ( 3 ) GLOBAL_UNCERTAINTY_ASSIGNED_CONTEXT ( ( #5628 ) ) GLOBAL_UNIT_ASSIGNED_CONTEXT ( ( #2912, #10015, #1162 ) ) REPRESENTATION_CONTEXT ( 'NONE', 'WORKASPACE' ) );
#9520 = VERTEX_POINT ( 'NONE', #1311 ) ;
#9521 = PRESENTATION_STYLE_ASSIGNMENT (( #7822 ) ) ;
#9522 = EDGE_CURVE ( 'NONE', #5635, #7170, #3198, .T. ) ;
#9523 = SURFACE_STYLE_FILL_AREA ( #1574 ) ;
#9524 = EDGE_CURVE ( 'NONE', #601, #9525, #7377, .T. ) ;
#9525 = VERTEX_POINT ( 'NONE', #10227 ) ;
#9526 = COLOUR_RGB ( '',1.000000000000000000, 1.000000000000000000, 1.000000000000000000 ) ;
#9527 = EDGE_CURVE ( 'NONE', #8172, #9091, #11132, .T. ) ;
#9528 = MECHANICAL_DESIGN_GEOMETRIC_PRESENTATION_REPRESENTATION (  '', ( #8395 ), #10632 ) ;
#9529 = DIRECTION ( 'NONE',  ( 4.336808689942017736E-16, 0.0000000000000000000, 1.000000000000000000 ) ) ;
#9530 = FILL_AREA_STYLE ('',( #5984 ) ) ;
#9531 = ORIENTED_EDGE ( 'NONE', *, *, #3012, .F. ) ;
#9532 = FILL_AREA_STYLE_COLOUR ( '', #2350 ) ;
#9533 = STYLED_ITEM ( 'NONE', ( #10341 ), #2021 ) ;
#9534 = CARTESIAN_POINT ( 'NONE',  ( 8.750000000000000000, 3.399999999999999467, -2.350000000000001421 ) ) ;
#9535 = ORIENTED_EDGE ( 'NONE', *, *, #7154, .F. ) ;
#9536 =( NAMED_UNIT ( * ) SI_UNIT ( $, .STERADIAN. ) SOLID_ANGLE_UNIT ( ) );
#9537 = SURFACE_STYLE_FILL_AREA ( #4885 ) ;
#9538 = EDGE_CURVE ( 'NONE', #5681, #1856, #4950, .T. ) ;
#9539 = ORIENTED_EDGE ( 'NONE', *, *, #1744, .T. ) ;
#9540 = STYLED_ITEM ( 'NONE', ( #6357 ), #2805 ) ;
#9541 =( NAMED_UNIT ( * ) PLANE_ANGLE_UNIT ( ) SI_UNIT ( $, .RADIAN. ) );
#9542 = FILL_AREA_STYLE_COLOUR ( '', #573 ) ;
#9543 = SURFACE_STYLE_USAGE ( .BOTH. , #2537 ) ;
#9544 = SURFACE_SIDE_STYLE ('',( #2354 ) ) ;
#9545 = ORIENTED_EDGE ( 'NONE', *, *, #1579, .T. ) ;
#9546 = ORIENTED_EDGE ( 'NONE', *, *, #5221, .T. ) ;
#9547 = PLANE ( 'NONE',  #5571 ) ;
#9548 = SURFACE_STYLE_USAGE ( .BOTH. , #8715 ) ;
#9549 =( LENGTH_UNIT ( ) NAMED_UNIT ( * ) SI_UNIT ( .MILLI., .METRE. ) );
#9550 = ORIENTED_EDGE ( 'NONE', *, *, #3232, .T. ) ;
#9551 = DIRECTION ( 'NONE',  ( 3.872150616019660190E-17, 1.000000000000000000, -0.0000000000000000000 ) ) ;
#9552 = SURFACE_STYLE_FILL_AREA ( #5253 ) ;
#9553 = STYLED_ITEM ( 'NONE', ( #1693 ), #2953 ) ;
#9554 = PRESENTATION_STYLE_ASSIGNMENT (( #5199 ) ) ;
#9555 = FACE_OUTER_BOUND ( 'NONE', #8437, .T. ) ;
#9556 = EDGE_LOOP ( 'NONE', ( #921, #5262, #4339, #1759 ) ) ;
#9557 = DIRECTION ( 'NONE',  ( 0.0000000000000000000, 0.0000000000000000000, -1.000000000000000000 ) ) ;
#9558 = SURFACE_STYLE_FILL_AREA ( #3558 ) ;
#9559 = ORIENTED_EDGE ( 'NONE', *, *, #7443, .T. ) ;
#9560 = VERTEX_POINT ( 'NONE', #452 ) ;
#9561 = DIRECTION ( 'NONE',  ( -1.000000000000000000, 5.421010862427522170E-17, 0.0000000000000000000 ) ) ;
#9562 = VECTOR ( 'NONE', #44, 1000.000000000000000 ) ;
#9563 = CARTESIAN_POINT ( 'NONE',  ( 0.2499999999999997780, 1.800000000000000044, -2.800000000000000266 ) ) ;
#9564 = VERTEX_POINT ( 'NONE', #6571 ) ;
#9565 = EDGE_CURVE ( 'NONE', #909, #4212, #5826, .T. ) ;
#9566 = COLOUR_RGB ( '',1.000000000000000000, 1.000000000000000000, 1.000000000000000000 ) ;
#9567 =( NAMED_UNIT ( * ) SI_UNIT ( $, .STERADIAN. ) SOLID_ANGLE_UNIT ( ) );
#9568 = VECTOR ( 'NONE', #975, 1000.000000000000000 ) ;
#9569 = COLOUR_RGB ( '',1.000000000000000000, 0.8117647058823529438, 0.5019607843137254832 ) ;
#9570 = VERTEX_POINT ( 'NONE', #514 ) ;
#9571 =( NAMED_UNIT ( * ) SI_UNIT ( $, .STERADIAN. ) SOLID_ANGLE_UNIT ( ) );
#9572 = VERTEX_POINT ( 'NONE', #2180 ) ;
#9573 = ORIENTED_EDGE ( 'NONE', *, *, #2499, .T. ) ;
#9574 = MECHANICAL_DESIGN_GEOMETRIC_PRESENTATION_REPRESENTATION (  '', ( #1909 ), #3258 ) ;
#9575 = ORIENTED_EDGE ( 'NONE', *, *, #2738, .T. ) ;
#9576 = CARTESIAN_POINT ( 'NONE',  ( 3.750000000000000444, -3.399999999999999911, -0.2499999999999997780 ) ) ;
#9577 = CARTESIAN_POINT ( 'NONE',  ( 0.1500000000000003830, -3.399999999999999911, 0.1500000000000008271 ) ) ;
#9578 = UNCERTAINTY_MEASURE_WITH_UNIT (LENGTH_MEASURE( 1.000000000000000082E-05 ), #1468, 'distance_accuracy_value', 'NONE');
#9579 = AXIS2_PLACEMENT_3D ( 'NONE', #1555, #7152, #3561 ) ;
#9580 = ORIENTED_EDGE ( 'NONE', *, *, #6264, .T. ) ;
#9581 = PLANE ( 'NONE',  #2983 ) ;
#9582 = VECTOR ( 'NONE', #7777, 1000.000000000000000 ) ;
#9583 = SURFACE_STYLE_FILL_AREA ( #7769 ) ;
#9584 = PLANE ( 'NONE',  #9505 ) ;
#9585 = ADVANCED_FACE ( 'NONE', ( #4824 ), #10166, .F. ) ;
#9586 = EDGE_CURVE ( 'NONE', #10036, #5877, #9423, .T. ) ;
#9587 = DIRECTION ( 'NONE',  ( -0.0000000000000000000, -0.0000000000000000000, 1.000000000000000000 ) ) ;
#9588 = UNCERTAINTY_MEASURE_WITH_UNIT (LENGTH_MEASURE( 1.000000000000000082E-05 ), #7662, 'distance_accuracy_value', 'NONE');
#9589 = AXIS2_PLACEMENT_3D ( 'NONE', #9244, #7489, #2181 ) ;
#9590 =( NAMED_UNIT ( * ) SI_UNIT ( $, .STERADIAN. ) SOLID_ANGLE_UNIT ( ) );
#9591 = CARTESIAN_POINT ( 'NONE',  ( -0.7000000000000002887, 0.2000000000000000389, 0.2500000000000002220 ) ) ;
#9592 = UNCERTAINTY_MEASURE_WITH_UNIT (LENGTH_MEASURE( 1.000000000000000082E-05 ), #5346, 'distance_accuracy_value', 'NONE');
#9593 =( GEOMETRIC_REPRESENTATION_CONTEXT ( 3 ) GLOBAL_UNCERTAINTY_ASSIGNED_CONTEXT ( ( #4246 ) ) GLOBAL_UNIT_ASSIGNED_CONTEXT ( ( #6362, #1589, #4364 ) ) REPRESENTATION_CONTEXT ( 'NONE', 'WORKASPACE' ) );
#9594 = STYLED_ITEM ( 'NONE', ( #5640 ), #5732 ) ;
#9595 = ORIENTED_EDGE ( 'NONE', *, *, #978, .F. ) ;
#9596 = AXIS2_PLACEMENT_3D ( 'NONE', #10435, #11102, #5911 ) ;
#9597 =( LENGTH_UNIT ( ) NAMED_UNIT ( * ) SI_UNIT ( .MILLI., .METRE. ) );
#9598 = AXIS2_PLACEMENT_3D ( 'NONE', #8310, #3139, #354 ) ;
#9599 = DIRECTION ( 'NONE',  ( 0.5773502691896171823, -0.5773502691896373884, 0.5773502691896227335 ) ) ;
#9600 = CARTESIAN_POINT ( 'NONE',  ( 0.2499999999999997780, 1.800000000000000044, -0.2499999999999997780 ) ) ;
#9601 = LINE ( 'NONE', #5244, #6303 ) ;
#9602 = EDGE_CURVE ( 'NONE', #5971, #10990, #8251, .T. ) ;
#9603 = AXIS2_PLACEMENT_3D ( 'NONE', #4002, #8456, #1397 ) ;
#9604 = CARTESIAN_POINT ( 'NONE',  ( 9.299999999999998934, 0.0000000000000000000, 1.700000000000000178 ) ) ;
#9605 = FILL_AREA_STYLE ('',( #693 ) ) ;
#9606 =( NAMED_UNIT ( * ) SI_UNIT ( $, .STERADIAN. ) SOLID_ANGLE_UNIT ( ) );
#9607 = FACE_BOUND ( 'NONE', #5154, .T. ) ;
#9608 = CARTESIAN_POINT ( 'NONE',  ( 3.299999999999999378, 0.2000000000000000389, -2.800000000000000266 ) ) ;
#9609 =( NAMED_UNIT ( * ) SI_UNIT ( $, .STERADIAN. ) SOLID_ANGLE_UNIT ( ) );
#9610 = VECTOR ( 'NONE', #4251, 1000.000000000000000 ) ;
#9611 = FACE_OUTER_BOUND ( 'NONE', #10099, .T. ) ;
#9612 = LINE ( 'NONE', #5203, #5810 ) ;
#9613 = CARTESIAN_POINT ( 'NONE',  ( 13.29999999999999893, 0.0000000000000000000, -2.800000000000000266 ) ) ;
#9614 = PLANE ( 'NONE',  #8560 ) ;
#9615 = VECTOR ( 'NONE', #9268, 1000.000000000000000 ) ;
#9616 =( LENGTH_UNIT ( ) NAMED_UNIT ( * ) SI_UNIT ( .MILLI., .METRE. ) );
#9617 = ORIENTED_EDGE ( 'NONE', *, *, #3680, .T. ) ;
#9618 = ORIENTED_EDGE ( 'NONE', *, *, #8693, .T. ) ;
#9619 = FILL_AREA_STYLE ('',( #7629 ) ) ;
#9620 = CARTESIAN_POINT ( 'NONE',  ( 3.750000000000001332, 5.000000000000000888, 0.2500000000000002220 ) ) ;
#9621 = AXIS2_PLACEMENT_3D ( 'NONE', #4616, #8143, #9951 ) ;
#9622 = VERTEX_POINT ( 'NONE', #576 ) ;
#9623 = ORIENTED_EDGE ( 'NONE', *, *, #9386, .T. ) ;
#9624 = CARTESIAN_POINT ( 'NONE',  ( 1.750000000000000222, -3.299999999999998490, 0.2500000000000002220 ) ) ;
#9625 = UNCERTAINTY_MEASURE_WITH_UNIT (LENGTH_MEASURE( 1.000000000000000082E-05 ), #3495, 'distance_accuracy_value', 'NONE');
#9626 = VERTEX_POINT ( 'NONE', #2536 ) ;
#9627 = CARTESIAN_POINT ( 'NONE',  ( 13.25000000000000178, 3.399999999999999467, -2.300000000000003375 ) ) ;
#9628 = CARTESIAN_POINT ( 'NONE',  ( 3.750000000000000444, 1.800000000000000044, 0.2500000000000002220 ) ) ;
#9629 = CARTESIAN_POINT ( 'NONE',  ( 3.250000000000000888, 3.399999999999999467, -2.300000000000003375 ) ) ;
#9630 = EDGE_LOOP ( 'NONE', ( #10481, #6839, #11038, #3398, #8565 ) ) ;
#9631 = DIRECTION ( 'NONE',  ( -1.095153709581317921E-16, 1.000000000000000000, 0.0000000000000000000 ) ) ;
#9632 = VECTOR ( 'NONE', #11280, 1000.000000000000000 ) ;
#9633 = DIRECTION ( 'NONE',  ( -0.7071067811865490160, -0.7071067811865461294, 3.066586833366754686E-16 ) ) ;
#9634 = CARTESIAN_POINT ( 'NONE',  ( 11.75000000000000000, -3.399999999999999911, -0.2499999999999997780 ) ) ;
#9635 =( GEOMETRIC_REPRESENTATION_CONTEXT ( 3 ) GLOBAL_UNCERTAINTY_ASSIGNED_CONTEXT ( ( #3037 ) ) GLOBAL_UNIT_ASSIGNED_CONTEXT ( ( #5758, #1472, #1300 ) ) REPRESENTATION_CONTEXT ( 'NONE', 'WORKASPACE' ) );
#9636 = ORIENTED_EDGE ( 'NONE', *, *, #4804, .T. ) ;
#9637 = CARTESIAN_POINT ( 'NONE',  ( 4.250000000000000000, -3.299999999999997158, -0.2499999999999997780 ) ) ;
#9638 = CARTESIAN_POINT ( 'NONE',  ( 8.149999999999996803, -3.399999999999999911, 0.2500000000000002220 ) ) ;
#9639 = ORIENTED_EDGE ( 'NONE', *, *, #6182, .T. ) ;
#9640 = LINE ( 'NONE', #4558, #8190 ) ;
#9641 =( NAMED_UNIT ( * ) PLANE_ANGLE_UNIT ( ) SI_UNIT ( $, .RADIAN. ) );
#9642 = EDGE_CURVE ( 'NONE', #6972, #11168, #3367, .T. ) ;
#9643 =( GEOMETRIC_REPRESENTATION_CONTEXT ( 3 ) GLOBAL_UNCERTAINTY_ASSIGNED_CONTEXT ( ( #10787 ) ) GLOBAL_UNIT_ASSIGNED_CONTEXT ( ( #2509, #2451, #2627 ) ) REPRESENTATION_CONTEXT ( 'NONE', 'WORKASPACE' ) );
#9644 = EDGE_CURVE ( 'NONE', #9225, #6225, #4311, .T. ) ;
#9645 = ORIENTED_EDGE ( 'NONE', *, *, #1805, .T. ) ;
#9646 = EDGE_CURVE ( 'NONE', #7128, #8820, #5933, .T. ) ;
#9647 = FACE_BOUND ( 'NONE', #3987, .T. ) ;
#9648 = FILL_AREA_STYLE_COLOUR ( '', #384 ) ;
#9649 = DIRECTION ( 'NONE',  ( 1.000000000000000000, -5.421010862427522170E-17, 0.0000000000000000000 ) ) ;
#9650 =( LENGTH_UNIT ( ) NAMED_UNIT ( * ) SI_UNIT ( .MILLI., .METRE. ) );
#9651 = VECTOR ( 'NONE', #8369, 1000.000000000000000 ) ;
#9652 = DIRECTION ( 'NONE',  ( -1.000000000000000000, -4.517509052022923637E-16, 0.0000000000000000000 ) ) ;
#9653 = ORIENTED_EDGE ( 'NONE', *, *, #4238, .T. ) ;
#9654 = LINE ( 'NONE', #6180, #1254 ) ;
#9655 = CARTESIAN_POINT ( 'NONE',  ( 2.750000000000000444, 3.399999999999999467, -2.050000000000001599 ) ) ;
#9656 = SURFACE_SIDE_STYLE ('',( #9814 ) ) ;
#9657 = EDGE_CURVE ( 'NONE', #8132, #8960, #6111, .T. ) ;
#9658 = ORIENTED_EDGE ( 'NONE', *, *, #409, .T. ) ;
#9659 = FILL_AREA_STYLE_COLOUR ( '', #7453 ) ;
#9660 = MECHANICAL_DESIGN_GEOMETRIC_PRESENTATION_REPRESENTATION (  '', ( #3721 ), #10791 ) ;
#9661 = UNCERTAINTY_MEASURE_WITH_UNIT (LENGTH_MEASURE( 1.000000000000000082E-05 ), #4800, 'distance_accuracy_value', 'NONE');
#9662 = VECTOR ( 'NONE', #8420, 1000.000000000000000 ) ;
#9663 = VERTEX_POINT ( 'NONE', #2418 ) ;
#9664 = STYLED_ITEM ( 'NONE', ( #6222 ), #6313 ) ;
#9665 = SURFACE_STYLE_FILL_AREA ( #10646 ) ;
#9666 =( NAMED_UNIT ( * ) PLANE_ANGLE_UNIT ( ) SI_UNIT ( $, .RADIAN. ) );
#9667 = PLANE ( 'NONE',  #3542 ) ;
#9668 = PRESENTATION_LAYER_ASSIGNMENT (  '', '', ( #31 ) ) ;
#9669 = PRESENTATION_LAYER_ASSIGNMENT (  '', '', ( #3167 ) ) ;
#9670 = PRESENTATION_LAYER_ASSIGNMENT (  '', '', ( #2416 ) ) ;
#9671 = LINE ( 'NONE', #6305, #2156 ) ;
#9672 = FILL_AREA_STYLE_COLOUR ( '', #10031 ) ;
#9673 = ORIENTED_EDGE ( 'NONE', *, *, #3815, .F. ) ;
#9674 = MECHANICAL_DESIGN_GEOMETRIC_PRESENTATION_REPRESENTATION (  '', ( #10049 ), #9503 ) ;
#9675 = MECHANICAL_DESIGN_GEOMETRIC_PRESENTATION_REPRESENTATION (  '', ( #1483 ), #4670 ) ;
#9676 = ORIENTED_EDGE ( 'NONE', *, *, #6885, .T. ) ;
#9677 = SURFACE_SIDE_STYLE ('',( #9461 ) ) ;
#9678 = STYLED_ITEM ( 'NONE', ( #4662 ), #279 ) ;
#9679 = MECHANICAL_DESIGN_GEOMETRIC_PRESENTATION_REPRESENTATION (  '', ( #3179 ), #5983 ) ;
#9680 = CARTESIAN_POINT ( 'NONE',  ( 13.29999999999999893, 0.2000000000000000389, -2.800000000000000266 ) ) ;
#9681 = VECTOR ( 'NONE', #4733, 1000.000000000000000 ) ;
#9682 = CARTESIAN_POINT ( 'NONE',  ( 1.450000000000008171, -4.100000000000004974, 0.5499999999999914957 ) ) ;
#9683 = CARTESIAN_POINT ( 'NONE',  ( 10.15000000000000213, 5.100000000000001421, 0.1500000000000042966 ) ) ;
#9684 = DIRECTION ( 'NONE',  ( 1.000000000000000000, -5.421010862427522170E-17, 0.0000000000000000000 ) ) ;
#9685 = VECTOR ( 'NONE', #6422, 1000.000000000000000 ) ;
#9686 = DIRECTION ( 'NONE',  ( 1.000000000000000000, 0.0000000000000000000, -0.0000000000000000000 ) ) ;
#9687 = FACE_OUTER_BOUND ( 'NONE', #4076, .T. ) ;
#9688 = DIRECTION ( 'NONE',  ( 1.000000000000000000, -3.872150616019660190E-17, -4.336808689942017736E-16 ) ) ;
#9689 = AXIS2_PLACEMENT_3D ( 'NONE', #1499, #10302, #2380 ) ;
#9690 = PLANE ( 'NONE',  #2176 ) ;
#9691 = LINE ( 'NONE', #955, #5189 ) ;
#9692 = FACE_BOUND ( 'NONE', #8759, .T. ) ;
#9693 = MECHANICAL_DESIGN_GEOMETRIC_PRESENTATION_REPRESENTATION (  '', ( #2054 ), #4509 ) ;
#9694 = FACE_OUTER_BOUND ( 'NONE', #1512, .T. ) ;
#9695 = FACE_OUTER_BOUND ( 'NONE', #10264, .T. ) ;
#9696 = EDGE_CURVE ( 'NONE', #8903, #10933, #1478, .T. ) ;
#9697 = PRESENTATION_STYLE_ASSIGNMENT (( #3425 ) ) ;
#9698 = VECTOR ( 'NONE', #1950, 1000.000000000000000 ) ;
#9699 = UNCERTAINTY_MEASURE_WITH_UNIT (LENGTH_MEASURE( 1.000000000000000082E-05 ), #1172, 'distance_accuracy_value', 'NONE');
#9700 = ORIENTED_EDGE ( 'NONE', *, *, #5591, .T. ) ;
#9701 = ADVANCED_FACE ( 'NONE', ( #747 ), #7019, .F. ) ;
#9702 = PRESENTATION_STYLE_ASSIGNMENT (( #9543 ) ) ;
#9703 = DIRECTION ( 'NONE',  ( 0.0000000000000000000, 0.0000000000000000000, -1.000000000000000000 ) ) ;
#9704 = PRESENTATION_LAYER_ASSIGNMENT (  '', '', ( #8776 ) ) ;
#9705 = PRESENTATION_STYLE_ASSIGNMENT (( #3487 ) ) ;
#9706 = DIRECTION ( 'NONE',  ( -3.872150616019660190E-17, -1.000000000000000000, 0.0000000000000000000 ) ) ;
#9707 = LINE ( 'NONE', #4434, #2385 ) ;
#9708 = VERTEX_POINT ( 'NONE', #7899 ) ;
#9709 = ORIENTED_EDGE ( 'NONE', *, *, #11311, .T. ) ;
#9710 = CARTESIAN_POINT ( 'NONE',  ( 4.833333333333333925, -4.383333333333334636, -0.8333333333333364790 ) ) ;
#9711 = SURFACE_STYLE_FILL_AREA ( #130 ) ;
#9712 = ADVANCED_FACE ( 'NONE', ( #6854 ), #8543, .F. ) ;
#9713 = PLANE ( 'NONE',  #1037 ) ;
#9714 = AXIS2_PLACEMENT_3D ( 'NONE', #4241, #6948, #3350 ) ;
#9715 = ORIENTED_EDGE ( 'NONE', *, *, #9196, .T. ) ;
#9716 = PRESENTATION_STYLE_ASSIGNMENT (( #4388 ) ) ;
#9717 = SURFACE_SIDE_STYLE ('',( #3319 ) ) ;
#9718 = EDGE_LOOP ( 'NONE', ( #5222, #6436, #5081, #2589 ) ) ;
#9719 = ADVANCED_FACE ( 'NONE', ( #1927 ), #7950, .F. ) ;
#9720 = DIRECTION ( 'NONE',  ( -0.7071067811865490160, -0.7071067811865461294, 3.066586833366754686E-16 ) ) ;
#9721 =( GEOMETRIC_REPRESENTATION_CONTEXT ( 3 ) GLOBAL_UNCERTAINTY_ASSIGNED_CONTEXT ( ( #982 ) ) GLOBAL_UNIT_ASSIGNED_CONTEXT ( ( #715, #4167, #1567 ) ) REPRESENTATION_CONTEXT ( 'NONE', 'WORKASPACE' ) );
#9722 = EDGE_CURVE ( 'NONE', #6231, #2452, #3653, .T. ) ;
#9723 = FACE_OUTER_BOUND ( 'NONE', #6511, .T. ) ;
#9724 = CARTESIAN_POINT ( 'NONE',  ( 6.149999999999995914, -3.399999999999999911, -2.800000000000000266 ) ) ;
#9725 = ORIENTED_EDGE ( 'NONE', *, *, #3760, .F. ) ;
#9726 = FILL_AREA_STYLE ('',( #11321 ) ) ;
#9727 = LINE ( 'NONE', #11437, #6640 ) ;
#9728 = COLOUR_RGB ( '',1.000000000000000000, 1.000000000000000000, 1.000000000000000000 ) ;
#9729 = PLANE ( 'NONE',  #9488 ) ;
#9730 = FILL_AREA_STYLE_COLOUR ( '', #6260 ) ;
#9731 = CARTESIAN_POINT ( 'NONE',  ( 0.05000000000000012768, -3.399999999999999911, -0.1500000000000003830 ) ) ;
#9732 = DIRECTION ( 'NONE',  ( 0.5773502691896206240, -0.5773502691896356120, 0.5773502691896211791 ) ) ;
#9733 = EDGE_CURVE ( 'NONE', #2452, #884, #2880, .T. ) ;
#9734 = VERTEX_POINT ( 'NONE', #3541 ) ;
#9735 = EDGE_LOOP ( 'NONE', ( #9826, #6752, #2309, #11105 ) ) ;
#9736 = CARTESIAN_POINT ( 'NONE',  ( 1.750000000000000222, -3.399999999999999911, 0.2500000000000002220 ) ) ;
#9738 = AXIS2_PLACEMENT_3D ( 'NONE', #709, #11316, #4976 ) ;
#9737 = LINE ( 'NONE', #1741, #3941 ) ;
#9739 = EDGE_CURVE ( 'NONE', #1288, #8518, #170, .T. ) ;
#9740 = DIRECTION ( 'NONE',  ( 1.000000000000000000, 0.0000000000000000000, 0.0000000000000000000 ) ) ;
#9741 =( NAMED_UNIT ( * ) SI_UNIT ( $, .STERADIAN. ) SOLID_ANGLE_UNIT ( ) );
#9742 = DIRECTION ( 'NONE',  ( -1.000000000000000000, 5.421010862427522170E-17, 0.0000000000000000000 ) ) ;
#9743 = DIRECTION ( 'NONE',  ( -0.0000000000000000000, -0.0000000000000000000, 1.000000000000000000 ) ) ;
#9744 = ORIENTED_EDGE ( 'NONE', *, *, #2370, .F. ) ;
#9745 = VERTEX_POINT ( 'NONE', #9007 ) ;
#9746 = VECTOR ( 'NONE', #8733, 1000.000000000000000 ) ;
#9747 = FILL_AREA_STYLE ('',( #900 ) ) ;
#9748 =( LENGTH_UNIT ( ) NAMED_UNIT ( * ) SI_UNIT ( .MILLI., .METRE. ) );
#9749 = EDGE_LOOP ( 'NONE', ( #1514, #11436, #1692, #10309 ) ) ;
#9750 = DIRECTION ( 'NONE',  ( -1.000000000000000000, 0.0000000000000000000, 1.368320445974695775E-17 ) ) ;
#9751 = SURFACE_SIDE_STYLE ('',( #2528 ) ) ;
#9752 = SURFACE_STYLE_FILL_AREA ( #6163 ) ;
#9753 = FILL_AREA_STYLE ('',( #3530 ) ) ;
#9754 = PLANE ( 'NONE',  #2977 ) ;
#9755 = STYLED_ITEM ( 'NONE', ( #7557 ), #3038 ) ;
#9756 = DIRECTION ( 'NONE',  ( -1.000000000000000000, 3.872150616019660190E-17, 0.0000000000000000000 ) ) ;
#9757 = ORIENTED_EDGE ( 'NONE', *, *, #9992, .F. ) ;
#9758 = CARTESIAN_POINT ( 'NONE',  ( 11.25000000000000000, 3.399999999999999467, -2.050000000000001599 ) ) ;
#9759 = CARTESIAN_POINT ( 'NONE',  ( -1.180000000000000382, 4.229999999999999538, 1.249999999999997558 ) ) ;
#9760 = CARTESIAN_POINT ( 'NONE',  ( 15.94999999999999929, 0.0000000000000000000, -2.800000000000000711 ) ) ;
#9761 = CARTESIAN_POINT ( 'NONE',  ( 7.750000000000000000, -3.399999999999999911, 0.2500000000000002220 ) ) ;
#9762 = DIRECTION ( 'NONE',  ( 1.000000000000000000, 0.0000000000000000000, 0.0000000000000000000 ) ) ;
#9763 = SURFACE_STYLE_FILL_AREA ( #5307 ) ;
#9764 = DIRECTION ( 'NONE',  ( -0.0000000000000000000, -0.0000000000000000000, -1.000000000000000000 ) ) ;
#9765 = MECHANICAL_DESIGN_GEOMETRIC_PRESENTATION_REPRESENTATION (  '', ( #5357 ), #1955 ) ;
#9766 = VECTOR ( 'NONE', #5709, 1000.000000000000000 ) ;
#9767 = VECTOR ( 'NONE', #5929, 1000.000000000000000 ) ;
#9768 = FACE_OUTER_BOUND ( 'NONE', #9556, .T. ) ;
#9769 = DIRECTION ( 'NONE',  ( 3.872150616019660190E-17, 1.000000000000000000, 0.0000000000000000000 ) ) ;
#9770 = MECHANICAL_DESIGN_GEOMETRIC_PRESENTATION_REPRESENTATION (  '', ( #1931 ), #4763 ) ;
#9771 =( NAMED_UNIT ( * ) SI_UNIT ( $, .STERADIAN. ) SOLID_ANGLE_UNIT ( ) );
#9772 = AXIS2_PLACEMENT_3D ( 'NONE', #3107, #6655, #260 ) ;
#9773 = COLOUR_RGB ( '',1.000000000000000000, 1.000000000000000000, 1.000000000000000000 ) ;
#9774 = LINE ( 'NONE', #11430, #4873 ) ;
#9775 = FILL_AREA_STYLE_COLOUR ( '', #8188 ) ;
#9776 = UNCERTAINTY_MEASURE_WITH_UNIT (LENGTH_MEASURE( 1.000000000000000082E-05 ), #11039, 'distance_accuracy_value', 'NONE');
#9777 = PLANE ( 'NONE',  #5496 ) ;
#9778 = MECHANICAL_DESIGN_GEOMETRIC_PRESENTATION_REPRESENTATION (  '', ( #5316 ), #950 ) ;
#9779 = SURFACE_STYLE_FILL_AREA ( #6247 ) ;
#9780 = EDGE_LOOP ( 'NONE', ( #10122, #5100, #612, #5160 ) ) ;
#9781 = EDGE_CURVE ( 'NONE', #2546, #11296, #4647, .T. ) ;
#9782 =( GEOMETRIC_REPRESENTATION_CONTEXT ( 3 ) GLOBAL_UNCERTAINTY_ASSIGNED_CONTEXT ( ( #10508 ) ) GLOBAL_UNIT_ASSIGNED_CONTEXT ( ( #8755, #7989, #6152 ) ) REPRESENTATION_CONTEXT ( 'NONE', 'WORKASPACE' ) );
#9783 = MECHANICAL_DESIGN_GEOMETRIC_PRESENTATION_REPRESENTATION (  '', ( #1770 ), #6282 ) ;
#9784 = EDGE_CURVE ( 'NONE', #3554, #2376, #10678, .T. ) ;
#9785 = DIRECTION ( 'NONE',  ( 0.0000000000000000000, 0.0000000000000000000, 1.000000000000000000 ) ) ;
#9786 = SURFACE_STYLE_FILL_AREA ( #6253 ) ;
#9787 = DIRECTION ( 'NONE',  ( -3.833233541708433496E-17, -0.7071067811865472397, -0.7071067811865479058 ) ) ;
#9788 = PLANE ( 'NONE',  #4543 ) ;
#9789 = MECHANICAL_DESIGN_GEOMETRIC_PRESENTATION_REPRESENTATION (  '', ( #10322 ), #2904 ) ;
#9790 = AXIS2_PLACEMENT_3D ( 'NONE', #6197, #36, #9832 ) ;
#9791 = FILL_AREA_STYLE_COLOUR ( '', #11006 ) ;
#9792 = EDGE_CURVE ( 'NONE', #8637, #4994, #1869, .T. ) ;
#9793 = CARTESIAN_POINT ( 'NONE',  ( 1.250000000000000666, 3.399999999999999467, -2.050000000000001599 ) ) ;
#9794 = ORIENTED_EDGE ( 'NONE', *, *, #10570, .F. ) ;
#9795 = PRESENTATION_STYLE_ASSIGNMENT (( #10722 ) ) ;
#9796 = DIRECTION ( 'NONE',  ( -4.336808689942017736E-16, 1.679277644031839923E-32, -1.000000000000000000 ) ) ;
#9797 = VERTEX_POINT ( 'NONE', #1762 ) ;
#9798 = SURFACE_SIDE_STYLE ('',( #216 ) ) ;
#9799 = VECTOR ( 'NONE', #8471, 1000.000000000000000 ) ;
#9800 = LINE ( 'NONE', #8048, #4009 ) ;
#9801 = PRESENTATION_STYLE_ASSIGNMENT (( #1915 ) ) ;
#9802 = SURFACE_STYLE_USAGE ( .BOTH. , #10565 ) ;
#9803 = DIRECTION ( 'NONE',  ( -0.0000000000000000000, 0.0000000000000000000, 1.000000000000000000 ) ) ;
#9804 =( LENGTH_UNIT ( ) NAMED_UNIT ( * ) SI_UNIT ( .MILLI., .METRE. ) );
#9805 = VECTOR ( 'NONE', #10315, 1000.000000000000000 ) ;
#9806 = COLOUR_RGB ( '',1.000000000000000000, 1.000000000000000000, 1.000000000000000000 ) ;
#9807 = CARTESIAN_POINT ( 'NONE',  ( 4.250000000000000000, -3.399999999999999911, -0.2499999999999997780 ) ) ;
#9808 = CARTESIAN_POINT ( 'NONE',  ( -0.7000000000000002887, 0.2000000000000000389, -2.800000000000000266 ) ) ;
#9809 = PRESENTATION_STYLE_ASSIGNMENT (( #4592 ) ) ;
#9810 = CARTESIAN_POINT ( 'NONE',  ( 3.299999999999999378, 0.2000000000000000389, 1.700000000000000178 ) ) ;
#9811 = COLOUR_RGB ( '',1.000000000000000000, 1.000000000000000000, 1.000000000000000000 ) ;
#9812 =( NAMED_UNIT ( * ) SI_UNIT ( $, .STERADIAN. ) SOLID_ANGLE_UNIT ( ) );
#9813 = AXIS2_PLACEMENT_3D ( 'NONE', #117, #5464, #5639 ) ;
#9814 = SURFACE_STYLE_FILL_AREA ( #10639 ) ;
#9815 = EDGE_LOOP ( 'NONE', ( #450, #5093, #7227, #4220, #11223 ) ) ;
#9816 = ORIENTED_EDGE ( 'NONE', *, *, #4874, .T. ) ;
#9817 = PRESENTATION_LAYER_ASSIGNMENT (  '', '', ( #6858 ) ) ;
#9818 = PLANE ( 'NONE',  #2275 ) ;
#9819 = LINE ( 'NONE', #6933, #3536 ) ;
#9820 = VECTOR ( 'NONE', #5536, 1000.000000000000000 ) ;
#9821 = STYLED_ITEM ( 'NONE', ( #1711 ), #9003 ) ;
#9822 =( NAMED_UNIT ( * ) PLANE_ANGLE_UNIT ( ) SI_UNIT ( $, .RADIAN. ) );
#9823 = UNCERTAINTY_MEASURE_WITH_UNIT (LENGTH_MEASURE( 1.000000000000000082E-05 ), #4583, 'distance_accuracy_value', 'NONE');
#9824 = EDGE_LOOP ( 'NONE', ( #10183, #10153, #3257, #740, #3283, #1077, #8523, #3596, #4707, #11372, #10532, #11246, #6134, #9645, #6018, #1331, #3626, #7529, #3478, #4201, #11089, #4349, #11305, #954, #6662, #7701, #1540, #10832, #508, #2954, #9915, #10170 ) ) ;
#9825 = DIRECTION ( 'NONE',  ( -1.000000000000000000, 0.0000000000000000000, -0.0000000000000000000 ) ) ;
#9826 = ORIENTED_EDGE ( 'NONE', *, *, #11019, .T. ) ;
#9827 = SURFACE_STYLE_FILL_AREA ( #3671 ) ;
#9828 = UNCERTAINTY_MEASURE_WITH_UNIT (LENGTH_MEASURE( 1.000000000000000082E-05 ), #10313, 'distance_accuracy_value', 'NONE');
#9829 = VECTOR ( 'NONE', #2029, 1000.000000000000000 ) ;
#9830 = SURFACE_STYLE_USAGE ( .BOTH. , #1682 ) ;
#9831 = ORIENTED_EDGE ( 'NONE', *, *, #4365, .F. ) ;
#9832 = DIRECTION ( 'NONE',  ( -9.103382349328301547E-49, -2.350988701644575016E-32, -1.000000000000000000 ) ) ;
#9833 =( LENGTH_UNIT ( ) NAMED_UNIT ( * ) SI_UNIT ( .MILLI., .METRE. ) );
#9834 =( LENGTH_UNIT ( ) NAMED_UNIT ( * ) SI_UNIT ( .MILLI., .METRE. ) );
#9835 =( GEOMETRIC_REPRESENTATION_CONTEXT ( 3 ) GLOBAL_UNCERTAINTY_ASSIGNED_CONTEXT ( ( #7434 ) ) GLOBAL_UNIT_ASSIGNED_CONTEXT ( ( #93, #4275, #10920 ) ) REPRESENTATION_CONTEXT ( 'NONE', 'WORKASPACE' ) );
#9836 = DIRECTION ( 'NONE',  ( -1.000000000000000000, -0.0000000000000000000, -0.0000000000000000000 ) ) ;
#9837 = CARTESIAN_POINT ( 'NONE',  ( -0.8333333333333220461, -4.383333333333339077, -0.8333333333333200477 ) ) ;
#9838 = LINE ( 'NONE', #10768, #3996 ) ;
#9839 = EDGE_CURVE ( 'NONE', #1489, #10131, #6440, .T. ) ;
#9840 = STYLED_ITEM ( 'NONE', ( #1054 ), #148 ) ;
#9841 = CARTESIAN_POINT ( 'NONE',  ( -1.949999999999999956, 6.000000000000000000, 1.700000000000000178 ) ) ;
#9842 = SURFACE_STYLE_FILL_AREA ( #8984 ) ;
#9843 = VECTOR ( 'NONE', #4658, 1000.000000000000000 ) ;
#9844 = DIRECTION ( 'NONE',  ( -1.000000000000000000, 3.872150616019660190E-17, -0.0000000000000000000 ) ) ;
#9845 = EDGE_CURVE ( 'NONE', #8741, #2059, #4591, .T. ) ;
#9846 = STYLED_ITEM ( 'NONE', ( #6006 ), #6429 ) ;
#9847 = FILL_AREA_STYLE ('',( #2797 ) ) ;
#9848 = CARTESIAN_POINT ( 'NONE',  ( 15.34999999999999964, 4.500000000000000888, 0.3200000000000017275 ) ) ;
#9849 = LINE ( 'NONE', #8874, #6558 ) ;
#9850 = DIRECTION ( 'NONE',  ( 0.0000000000000000000, 1.000000000000000000, 0.0000000000000000000 ) ) ;
#9851 = AXIS2_PLACEMENT_3D ( 'NONE', #10736, #6385, #8 ) ;
#9852 = ORIENTED_EDGE ( 'NONE', *, *, #5264, .F. ) ;
#9853 = VECTOR ( 'NONE', #6067, 1000.000000000000000 ) ;
#9854 = STYLED_ITEM ( 'NONE', ( #2428 ), #1324 ) ;
#9855 = EDGE_CURVE ( 'NONE', #3178, #6972, #69, .T. ) ;
#9856 = EDGE_LOOP ( 'NONE', ( #4001, #3449, #3313, #1620 ) ) ;
#9857 = SURFACE_STYLE_USAGE ( .BOTH. , #3701 ) ;
#9858 = EDGE_CURVE ( 'NONE', #4917, #2075, #225, .T. ) ;
#9859 = FILL_AREA_STYLE ('',( #10727 ) ) ;
#9860 = DIRECTION ( 'NONE',  ( 0.0000000000000000000, 0.0000000000000000000, 1.000000000000000000 ) ) ;
#9861 = UNCERTAINTY_MEASURE_WITH_UNIT (LENGTH_MEASURE( 1.000000000000000082E-05 ), #4297, 'distance_accuracy_value', 'NONE');
#9862 = VECTOR ( 'NONE', #5312, 1000.000000000000000 ) ;
#9863 = CARTESIAN_POINT ( 'NONE',  ( 11.75000000000000000, -3.399999999999999911, 0.2500000000000002220 ) ) ;
#9864 = VECTOR ( 'NONE', #4134, 1000.000000000000000 ) ;
#9865 = SURFACE_STYLE_FILL_AREA ( #66 ) ;
#9866 = DIRECTION ( 'NONE',  ( 1.000000000000000000, 0.0000000000000000000, 0.0000000000000000000 ) ) ;
#9867 = PLANE ( 'NONE',  #7381 ) ;
#9868 = ORIENTED_EDGE ( 'NONE', *, *, #79, .T. ) ;
#9869 = CARTESIAN_POINT ( 'NONE',  ( 12.75000000000000178, 1.149999999999999911, -2.050000000000001599 ) ) ;
#9870 = MECHANICAL_DESIGN_GEOMETRIC_PRESENTATION_REPRESENTATION (  '', ( #2993 ), #4869 ) ;
#9871 = PLANE ( 'NONE',  #5138 ) ;
#9872 = CARTESIAN_POINT ( 'NONE',  ( 5.250000000000000888, 3.399999999999999467, -2.300000000000003375 ) ) ;
#9873 = ORIENTED_EDGE ( 'NONE', *, *, #6091, .F. ) ;
#9874 = EDGE_CURVE ( 'NONE', #11014, #5706, #5299, .T. ) ;
#9875 = VECTOR ( 'NONE', #2667, 1000.000000000000000 ) ;
#9876 = DIRECTION ( 'NONE',  ( -0.0000000000000000000, -0.0000000000000000000, 1.000000000000000000 ) ) ;
#9877 = DIRECTION ( 'NONE',  ( -0.0000000000000000000, 0.7071067811865500152, 0.7071067811865451302 ) ) ;
#9878 = LINE ( 'NONE', #4539, #8618 ) ;
#9879 = FILL_AREA_STYLE ('',( #8121 ) ) ;
#9880 = ORIENTED_EDGE ( 'NONE', *, *, #2073, .F. ) ;
#9881 = FILL_AREA_STYLE_COLOUR ( '', #9526 ) ;
#9882 = EDGE_CURVE ( 'NONE', #2036, #4799, #6284, .T. ) ;
#9883 = SURFACE_SIDE_STYLE ('',( #2061 ) ) ;
#9884 = DIRECTION ( 'NONE',  ( 9.103382349328301547E-49, 2.350988701644575016E-32, 1.000000000000000000 ) ) ;
#9885 = CARTESIAN_POINT ( 'NONE',  ( 11.75000000000000000, -3.399999999999999911, 0.1499999999999973577 ) ) ;
#9886 =( LENGTH_UNIT ( ) NAMED_UNIT ( * ) SI_UNIT ( .MILLI., .METRE. ) );
#9887 = VECTOR ( 'NONE', #9968, 1000.000000000000114 ) ;
#9888 = PLANE ( 'NONE',  #1002 ) ;
#9889 =( LENGTH_UNIT ( ) NAMED_UNIT ( * ) SI_UNIT ( .MILLI., .METRE. ) );
#9890 = SURFACE_SIDE_STYLE ('',( #3867 ) ) ;
#9891 = AXIS2_PLACEMENT_3D ( 'NONE', #2673, #6252, #9785 ) ;
#9892 = ORIENTED_EDGE ( 'NONE', *, *, #9216, .F. ) ;
#9893 = CARTESIAN_POINT ( 'NONE',  ( 0.0000000000000000000, 0.0000000000000000000, 0.0000000000000000000 ) ) ;
#9894 = EDGE_CURVE ( 'NONE', #7408, #10709, #8238, .T. ) ;
#9895 = CARTESIAN_POINT ( 'NONE',  ( 2.750000000000000444, 3.399999999999999467, -2.050000000000001599 ) ) ;
#9896 = DIRECTION ( 'NONE',  ( 3.872150616019660190E-17, 1.000000000000000000, -0.0000000000000000000 ) ) ;
#9897 =( LENGTH_UNIT ( ) NAMED_UNIT ( * ) SI_UNIT ( .MILLI., .METRE. ) );
#9898 = MECHANICAL_DESIGN_GEOMETRIC_PRESENTATION_REPRESENTATION (  '', ( #807 ), #9392 ) ;
#9899 = SURFACE_SIDE_STYLE ('',( #6262 ) ) ;
#9900 =( LENGTH_UNIT ( ) NAMED_UNIT ( * ) SI_UNIT ( .MILLI., .METRE. ) );
#9901 = UNCERTAINTY_MEASURE_WITH_UNIT (LENGTH_MEASURE( 1.000000000000000082E-05 ), #7012, 'distance_accuracy_value', 'NONE');
#9902 = FILL_AREA_STYLE_COLOUR ( '', #6742 ) ;
#9903 = VECTOR ( 'NONE', #8748, 1000.000000000000000 ) ;
#9904 = DIRECTION ( 'NONE',  ( 1.000000000000000000, 0.0000000000000000000, -3.246114288878755706E-17 ) ) ;
#9905 =( NAMED_UNIT ( * ) SI_UNIT ( $, .STERADIAN. ) SOLID_ANGLE_UNIT ( ) );
#9906 = ORIENTED_EDGE ( 'NONE', *, *, #6945, .T. ) ;
#9907 = VERTEX_POINT ( 'NONE', #1181 ) ;
#9908 = LINE ( 'NONE', #3827, #134 ) ;
#9909 = STYLED_ITEM ( 'NONE', ( #1119 ), #3393 ) ;
#9910 = VERTEX_POINT ( 'NONE', #10954 ) ;
#9911 = DIRECTION ( 'NONE',  ( 1.000000000000000000, 0.0000000000000000000, -3.246114288878755706E-17 ) ) ;
#9912 = FACE_OUTER_BOUND ( 'NONE', #7697, .T. ) ;
#9913 = VERTEX_POINT ( 'NONE', #8408 ) ;
#9914 = STYLED_ITEM ( 'NONE', ( #2381 ), #1137 ) ;
#9915 = ORIENTED_EDGE ( 'NONE', *, *, #1788, .F. ) ;
#9916 = ORIENTED_EDGE ( 'NONE', *, *, #7851, .F. ) ;
#9917 = ORIENTED_EDGE ( 'NONE', *, *, #7465, .T. ) ;
#9918 = PRODUCT_DEFINITION ( 'UNKNOWN', '', #8023, #6783 ) ;
#9919 = EDGE_LOOP ( 'NONE', ( #4711, #11074, #2841, #1291 ) ) ;
#9920 = EDGE_CURVE ( 'NONE', #1209, #6896, #3838, .T. ) ;
#9921 = VECTOR ( 'NONE', #3915, 1000.000000000000000 ) ;
#9922 = DIRECTION ( 'NONE',  ( -0.0000000000000000000, 1.000000000000000000, -0.0000000000000000000 ) ) ;
#9923 = DIRECTION ( 'NONE',  ( -1.000000000000000000, 0.0000000000000000000, 0.0000000000000000000 ) ) ;
#9924 = DIRECTION ( 'NONE',  ( 1.000000000000000000, 0.0000000000000000000, -0.0000000000000000000 ) ) ;
#9925 = FACE_OUTER_BOUND ( 'NONE', #4004, .T. ) ;
#9926 = DIRECTION ( 'NONE',  ( 1.000000000000000000, 0.0000000000000000000, 0.0000000000000000000 ) ) ;
#9927 = DIRECTION ( 'NONE',  ( -1.000000000000000000, 5.421010862427522170E-17, 0.0000000000000000000 ) ) ;
#9928 = FILL_AREA_STYLE_COLOUR ( '', #4008 ) ;
#9929 = ORIENTED_EDGE ( 'NONE', *, *, #1385, .T. ) ;
#9930 = ORIENTED_EDGE ( 'NONE', *, *, #6809, .T. ) ;
#9931 = ORIENTED_EDGE ( 'NONE', *, *, #7501, .F. ) ;
#9932 = EDGE_CURVE ( 'NONE', #8686, #10990, #9287, .T. ) ;
#9933 = VECTOR ( 'NONE', #7335, 1000.000000000000000 ) ;
#9934 = SURFACE_STYLE_USAGE ( .BOTH. , #6345 ) ;
#9935 = PLANE ( 'NONE',  #5027 ) ;
#9936 = UNCERTAINTY_MEASURE_WITH_UNIT (LENGTH_MEASURE( 1.000000000000000082E-05 ), #6211, 'distance_accuracy_value', 'NONE');
#9937 = FILL_AREA_STYLE_COLOUR ( '', #8648 ) ;
#9938 = SURFACE_STYLE_USAGE ( .BOTH. , #3968 ) ;
#9939 = UNCERTAINTY_MEASURE_WITH_UNIT (LENGTH_MEASURE( 1.000000000000000082E-05 ), #2586, 'distance_accuracy_value', 'NONE');
#9940 = DIRECTION ( 'NONE',  ( 0.0000000000000000000, 0.0000000000000000000, 1.000000000000000000 ) ) ;
#9941 =( NAMED_UNIT ( * ) SI_UNIT ( $, .STERADIAN. ) SOLID_ANGLE_UNIT ( ) );
#9942 = VERTEX_POINT ( 'NONE', #10158 ) ;
#9943 = FILL_AREA_STYLE_COLOUR ( '', #4132 ) ;
#9944 = UNCERTAINTY_MEASURE_WITH_UNIT (LENGTH_MEASURE( 1.000000000000000082E-05 ), #9207, 'distance_accuracy_value', 'NONE');
#9945 = VECTOR ( 'NONE', #8421, 1000.000000000000000 ) ;
#9946 = SURFACE_SIDE_STYLE ('',( #8432 ) ) ;
#9947 = LINE ( 'NONE', #1833, #4113 ) ;
#9948 = ORIENTED_EDGE ( 'NONE', *, *, #4492, .T. ) ;
#9949 = EDGE_CURVE ( 'NONE', #9274, #11188, #7593, .T. ) ;
#9950 = PRESENTATION_LAYER_ASSIGNMENT (  '', '', ( #6805 ) ) ;
#9951 = DIRECTION ( 'NONE',  ( 0.0000000000000000000, -0.0000000000000000000, 1.000000000000000000 ) ) ;
#9952 = VERTEX_POINT ( 'NONE', #11116 ) ;
#9953 = MECHANICAL_DESIGN_GEOMETRIC_PRESENTATION_REPRESENTATION (  '', ( #3851 ), #11045 ) ;
#9954 = MECHANICAL_DESIGN_GEOMETRIC_PRESENTATION_REPRESENTATION (  '', ( #6981 ), #1761 ) ;
#9955 = CARTESIAN_POINT ( 'NONE',  ( -0.2200000000000001399, 2.249999999999998668, 1.249999999999997558 ) ) ;
#9956 = FACE_OUTER_BOUND ( 'NONE', #9143, .T. ) ;
#9957 = COLOUR_RGB ( '',1.000000000000000000, 0.8117647058823529438, 0.5019607843137254832 ) ;
#9958 = ORIENTED_EDGE ( 'NONE', *, *, #8295, .T. ) ;
#9959 = DIRECTION ( 'NONE',  ( -4.336808689942017736E-16, 0.0000000000000000000, -1.000000000000000000 ) ) ;
#9960 = CARTESIAN_POINT ( 'NONE',  ( 15.94999999999999929, 1.380000000000004334, 1.300000000000000044 ) ) ;
#9961 = LINE ( 'NONE', #5561, #11370 ) ;
#9962 = CARTESIAN_POINT ( 'NONE',  ( 7.249999999999999112, 1.149999999999999911, -2.350000000000001421 ) ) ;
#9963 = DIRECTION ( 'NONE',  ( -1.000000000000000000, 0.0000000000000000000, 1.368320445974695775E-17 ) ) ;
#9964 = VECTOR ( 'NONE', #7112, 1000.000000000000000 ) ;
#9965 = STYLED_ITEM ( 'NONE', ( #9697 ), #4182 ) ;
#9966 = FILL_AREA_STYLE_COLOUR ( '', #47 ) ;
#9967 =( NAMED_UNIT ( * ) PLANE_ANGLE_UNIT ( ) SI_UNIT ( $, .RADIAN. ) );
#9968 = DIRECTION ( 'NONE',  ( 0.5773502691896242878, -0.5773502691896267303, -0.5773502691896261751 ) ) ;
#9969 = PRESENTATION_STYLE_ASSIGNMENT (( #318 ) ) ;
#9970 =( NAMED_UNIT ( * ) PLANE_ANGLE_UNIT ( ) SI_UNIT ( $, .RADIAN. ) );
#9971 = VERTEX_POINT ( 'NONE', #11005 ) ;
#9972 = ORIENTED_EDGE ( 'NONE', *, *, #5264, .T. ) ;
#9973 = PRESENTATION_STYLE_ASSIGNMENT (( #57 ) ) ;
#9974 = STYLED_ITEM ( 'NONE', ( #9410 ), #624 ) ;
#9975 = FACE_OUTER_BOUND ( 'NONE', #11075, .T. ) ;
#9976 = FACE_OUTER_BOUND ( 'NONE', #3572, .T. ) ;
#9977 = UNCERTAINTY_MEASURE_WITH_UNIT (LENGTH_MEASURE( 1.000000000000000082E-05 ), #6950, 'distance_accuracy_value', 'NONE');
#9978 = ORIENTED_EDGE ( 'NONE', *, *, #2593, .F. ) ;
#9979 = ORIENTED_EDGE ( 'NONE', *, *, #7361, .F. ) ;
#9980 = ORIENTED_EDGE ( 'NONE', *, *, #6672, .F. ) ;
#9981 = AXIS2_PLACEMENT_3D ( 'NONE', #4255, #3200, #5935 ) ;
#9982 = DIRECTION ( 'NONE',  ( -3.833233541708420554E-17, -0.7071067811865447972, -0.7071067811865502373 ) ) ;
#9983 = ADVANCED_FACE ( 'NONE', ( #10042 ), #9347, .F. ) ;
#9984 = DIRECTION ( 'NONE',  ( -5.421010862427522170E-17, -1.000000000000000000, 2.350988701644575016E-32 ) ) ;
#9985 = PRESENTATION_STYLE_ASSIGNMENT (( #8182 ) ) ;
#9986 = ORIENTED_EDGE ( 'NONE', *, *, #6704, .T. ) ;
#9987 = DIRECTION ( 'NONE',  ( 0.0000000000000000000, -1.000000000000000000, 0.0000000000000000000 ) ) ;
#9988 =( NAMED_UNIT ( * ) SI_UNIT ( $, .STERADIAN. ) SOLID_ANGLE_UNIT ( ) );
#9989 = ADVANCED_FACE ( 'NONE', ( #4876 ), #5586, .F. ) ;
#9990 = FILL_AREA_STYLE ('',( #285 ) ) ;
#9991 = MECHANICAL_DESIGN_GEOMETRIC_PRESENTATION_REPRESENTATION (  '', ( #3877 ), #4991 ) ;
#9992 = EDGE_CURVE ( 'NONE', #8689, #6053, #6031, .T. ) ;
#9993 = PRESENTATION_LAYER_ASSIGNMENT (  '', '', ( #7387 ) ) ;
#9994 = CARTESIAN_POINT ( 'NONE',  ( 0.2499999999999997780, -3.399999999999999911, 0.2500000000000002220 ) ) ;
#9995 =( LENGTH_UNIT ( ) NAMED_UNIT ( * ) SI_UNIT ( .MILLI., .METRE. ) );
#9996 = ORIENTED_EDGE ( 'NONE', *, *, #10346, .T. ) ;
#9997 = CARTESIAN_POINT ( 'NONE',  ( 15.34999999999999964, 5.649999999999998579, -2.350000000000001865 ) ) ;
#9998 = COLOUR_RGB ( '',1.000000000000000000, 0.8117647058823529438, 0.5019607843137254832 ) ;
#9999 = FACE_OUTER_BOUND ( 'NONE', #7609, .T. ) ;
#10000 = ORIENTED_EDGE ( 'NONE', *, *, #7963, .T. ) ;
#10001 =( GEOMETRIC_REPRESENTATION_CONTEXT ( 3 ) GLOBAL_UNCERTAINTY_ASSIGNED_CONTEXT ( ( #9901 ) ) GLOBAL_UNIT_ASSIGNED_CONTEXT ( ( #7012, #8640, #2584 ) ) REPRESENTATION_CONTEXT ( 'NONE', 'WORKASPACE' ) );
#10002 = PRESENTATION_STYLE_ASSIGNMENT (( #5551 ) ) ;
#10003 = FILL_AREA_STYLE_COLOUR ( '', #763 ) ;
#10004 = ADVANCED_FACE ( 'NONE', ( #5051 ), #9584, .T. ) ;
#10005 = CARTESIAN_POINT ( 'NONE',  ( 3.299999999999999378, 0.2000000000000000389, 0.2500000000000002220 ) ) ;
#10006 =( GEOMETRIC_REPRESENTATION_CONTEXT ( 3 ) GLOBAL_UNCERTAINTY_ASSIGNED_CONTEXT ( ( #7731 ) ) GLOBAL_UNIT_ASSIGNED_CONTEXT ( ( #3970, #1712, #7903 ) ) REPRESENTATION_CONTEXT ( 'NONE', 'WORKASPACE' ) );
#10007 = PRESENTATION_LAYER_ASSIGNMENT (  '', '', ( #5009 ) ) ;
#10008 = STYLED_ITEM ( 'NONE', ( #6003 ), #7830 ) ;
#10009 = CARTESIAN_POINT ( 'NONE',  ( 1.150000000000000355, 6.000000000000000000, 1.700000000000000178 ) ) ;
#10010 = PRESENTATION_STYLE_ASSIGNMENT (( #1108 ) ) ;
#10011 = DIRECTION ( 'NONE',  ( 1.000000000000000000, 0.0000000000000000000, -0.0000000000000000000 ) ) ;
#10012 = LINE ( 'NONE', #10814, #3098 ) ;
#10013 = PLANE ( 'NONE',  #9487 ) ;
#10014 = COLOUR_RGB ( '',1.000000000000000000, 0.8117647058823529438, 0.5019607843137254832 ) ;
#10015 =( NAMED_UNIT ( * ) PLANE_ANGLE_UNIT ( ) SI_UNIT ( $, .RADIAN. ) );
#10016 = ORIENTED_EDGE ( 'NONE', *, *, #11108, .F. ) ;
#10017 = EDGE_CURVE ( 'NONE', #8923, #5661, #562, .T. ) ;
#10018 = DIRECTION ( 'NONE',  ( -0.7071067811865505703, -0.7071067811865444641, 1.662400053425828747E-32 ) ) ;
#10019 =( NAMED_UNIT ( * ) SI_UNIT ( $, .STERADIAN. ) SOLID_ANGLE_UNIT ( ) );
#10020 = STYLED_ITEM ( 'NONE', ( #7805 ), #242 ) ;
#10021 = FILL_AREA_STYLE_COLOUR ( '', #7639 ) ;
#10022 = MECHANICAL_DESIGN_GEOMETRIC_PRESENTATION_REPRESENTATION (  '', ( #3148 ), #2398 ) ;
#10023 = DIRECTION ( 'NONE',  ( 1.000000000000000000, 0.0000000000000000000, -0.0000000000000000000 ) ) ;
#10024 = UNCERTAINTY_MEASURE_WITH_UNIT (LENGTH_MEASURE( 1.000000000000000082E-05 ), #5578, 'distance_accuracy_value', 'NONE');
#10025 = ADVANCED_FACE ( 'NONE', ( #4180 ), #785, .F. ) ;
#10026 = CARTESIAN_POINT ( 'NONE',  ( 1.299999999999999600, 0.0000000000000000000, 1.700000000000000178 ) ) ;
#10027 = PLANE ( 'NONE',  #4768 ) ;
#10028 = EDGE_LOOP ( 'NONE', ( #10956, #6203, #6072, #8579 ) ) ;
#10029 = ORIENTED_EDGE ( 'NONE', *, *, #7587, .T. ) ;
#10030 = COLOUR_RGB ( '',1.000000000000000000, 0.8117647058823529438, 0.5019607843137254832 ) ;
#10031 = COLOUR_RGB ( '',1.000000000000000000, 0.8117647058823529438, 0.5019607843137254832 ) ;
#10032 = PRESENTATION_LAYER_ASSIGNMENT (  '', '', ( #5595 ) ) ;
#10033 = ORIENTED_EDGE ( 'NONE', *, *, #6766, .F. ) ;
#10034 = DIRECTION ( 'NONE',  ( 0.0000000000000000000, 0.0000000000000000000, 1.000000000000000000 ) ) ;
#10035 = DIRECTION ( 'NONE',  ( -5.421010862427522170E-17, -1.000000000000000000, 2.350988701644575016E-32 ) ) ;
#10036 = VERTEX_POINT ( 'NONE', #10387 ) ;
#10037 = PRESENTATION_STYLE_ASSIGNMENT (( #7360 ) ) ;
#10038 =( GEOMETRIC_REPRESENTATION_CONTEXT ( 3 ) GLOBAL_UNCERTAINTY_ASSIGNED_CONTEXT ( ( #6277 ) ) GLOBAL_UNIT_ASSIGNED_CONTEXT ( ( #5191, #11412, #5243 ) ) REPRESENTATION_CONTEXT ( 'NONE', 'WORKASPACE' ) );
#10039 = ORIENTED_EDGE ( 'NONE', *, *, #7519, .T. ) ;
#10040 = MECHANICAL_DESIGN_GEOMETRIC_PRESENTATION_REPRESENTATION (  '', ( #9854 ), #3363 ) ;
#10041 = DIRECTION ( 'NONE',  ( 0.5773502691896239547, -0.5773502691896289507, 0.5773502691896245098 ) ) ;
#10042 = FACE_OUTER_BOUND ( 'NONE', #662, .T. ) ;
#10043 = COLOUR_RGB ( '',1.000000000000000000, 1.000000000000000000, 1.000000000000000000 ) ;
#10044 =( NAMED_UNIT ( * ) SI_UNIT ( $, .STERADIAN. ) SOLID_ANGLE_UNIT ( ) );
#10045 = PLANE ( 'NONE',  #9071 ) ;
#10046 = CARTESIAN_POINT ( 'NONE',  ( 3.250000000000000888, 1.149999999999999911, -2.050000000000001599 ) ) ;
#10047 = FACE_OUTER_BOUND ( 'NONE', #3071, .T. ) ;
#10048 = EDGE_CURVE ( 'NONE', #5534, #3354, #2287, .T. ) ;
#10049 = STYLED_ITEM ( 'NONE', ( #11112 ), #11031 ) ;
#10050 = DIRECTION ( 'NONE',  ( 0.0000000000000000000, 0.0000000000000000000, 1.000000000000000000 ) ) ;
#10051 = FACE_OUTER_BOUND ( 'NONE', #7696, .T. ) ;
#10052 = VECTOR ( 'NONE', #2616, 1000.000000000000000 ) ;
#10053 = AXIS2_PLACEMENT_3D ( 'NONE', #227, #10797, #3786 ) ;
#10054 = SURFACE_STYLE_USAGE ( .BOTH. , #3662 ) ;
#10055 = SURFACE_SIDE_STYLE ('',( #8250 ) ) ;
#10056 = VECTOR ( 'NONE', #6208, 1000.000000000000000 ) ;
#10057 = DIRECTION ( 'NONE',  ( -0.0000000000000000000, -0.0000000000000000000, 1.000000000000000000 ) ) ;
#10058 = MECHANICAL_DESIGN_GEOMETRIC_PRESENTATION_REPRESENTATION (  '', ( #10611 ), #6537 ) ;
#10059 = SURFACE_SIDE_STYLE ('',( #1193 ) ) ;
#10060 =( LENGTH_UNIT ( ) NAMED_UNIT ( * ) SI_UNIT ( .MILLI., .METRE. ) );
#10061 = PRESENTATION_LAYER_ASSIGNMENT (  '', '', ( #2624 ) ) ;
#10062 =( NAMED_UNIT ( * ) SI_UNIT ( $, .STERADIAN. ) SOLID_ANGLE_UNIT ( ) );
#10063 = EDGE_CURVE ( 'NONE', #1346, #664, #9467, .T. ) ;
#10064 = PLANE ( 'NONE',  #6728 ) ;
#10065 = ORIENTED_EDGE ( 'NONE', *, *, #3555, .F. ) ;
#10066 = SURFACE_STYLE_USAGE ( .BOTH. , #8204 ) ;
#10067 = DIRECTION ( 'NONE',  ( 4.336808689942017736E-16, 0.0000000000000000000, 1.000000000000000000 ) ) ;
#10068 = PRESENTATION_LAYER_ASSIGNMENT (  '', '', ( #5641 ) ) ;
#10069 = ORIENTED_EDGE ( 'NONE', *, *, #9440, .F. ) ;
#10070 = VERTEX_POINT ( 'NONE', #9404 ) ;
#10071 = EDGE_CURVE ( 'NONE', #4623, #3094, #1407, .T. ) ;
#10072 = CARTESIAN_POINT ( 'NONE',  ( 9.750000000000000000, -3.399999999999999911, -0.2499999999999997780 ) ) ;
#10073 = EDGE_CURVE ( 'NONE', #5399, #9367, #1465, .T. ) ;
#10074 =( LENGTH_UNIT ( ) NAMED_UNIT ( * ) SI_UNIT ( .MILLI., .METRE. ) );
#10075 = FILL_AREA_STYLE ('',( #8316 ) ) ;
#10076 = PLANE ( 'NONE',  #1212 ) ;
#10077 = SURFACE_STYLE_USAGE ( .BOTH. , #3752 ) ;
#10078 = AXIS2_PLACEMENT_3D ( 'NONE', #7725, #690, #3366 ) ;
#10079 = FACE_BOUND ( 'NONE', #11432, .T. ) ;
#10080 = ORIENTED_EDGE ( 'NONE', *, *, #8799, .T. ) ;
#10081 = LINE ( 'NONE', #1332, #6765 ) ;
#10082 = EDGE_LOOP ( 'NONE', ( #2299, #4933, #7013, #8214 ) ) ;
#10083 = SURFACE_STYLE_FILL_AREA ( #1333 ) ;
#10084 = CARTESIAN_POINT ( 'NONE',  ( 3.750000000000000444, -3.299999999999997158, -0.2499999999999997780 ) ) ;
#10085 = DIRECTION ( 'NONE',  ( -1.000000000000000000, -0.0000000000000000000, -0.0000000000000000000 ) ) ;
#10086 = DIRECTION ( 'NONE',  ( -1.000000000000000000, 5.421010862427522170E-17, 0.0000000000000000000 ) ) ;
#10087 = SURFACE_SIDE_STYLE ('',( #6597 ) ) ;
#10088 = ADVANCED_FACE ( 'NONE', ( #7935 ), #8818, .T. ) ;
#10089 = LINE ( 'NONE', #8451, #7479 ) ;
#10090 = CARTESIAN_POINT ( 'NONE',  ( 1.299999999999999600, 0.0000000000000000000, -2.800000000000000266 ) ) ;
#10091 = CARTESIAN_POINT ( 'NONE',  ( 14.08333333333333393, 5.166666666666668739, 0.08333333333333413362 ) ) ;
#10092 = ORIENTED_EDGE ( 'NONE', *, *, #3539, .T. ) ;
#10093 = ORIENTED_EDGE ( 'NONE', *, *, #7334, .F. ) ;
#10094 = VECTOR ( 'NONE', #9454, 1000.000000000000000 ) ;
#10095 = DIRECTION ( 'NONE',  ( -0.0000000000000000000, -0.0000000000000000000, -1.000000000000000000 ) ) ;
#10096 = DIRECTION ( 'NONE',  ( -4.336808689942017736E-16, 0.0000000000000000000, -1.000000000000000000 ) ) ;
#10097 = ORIENTED_EDGE ( 'NONE', *, *, #7298, .F. ) ;
#10098 = VERTEX_POINT ( 'NONE', #2801 ) ;
#10099 = EDGE_LOOP ( 'NONE', ( #2436, #2407, #10619, #6215 ) ) ;
#10100 = ORIENTED_EDGE ( 'NONE', *, *, #4175, .F. ) ;
#10101 = DIRECTION ( 'NONE',  ( -1.000000000000000000, 5.421010862427522170E-17, 0.0000000000000000000 ) ) ;
#10102 = STYLED_ITEM ( 'NONE', ( #946 ), #3397 ) ;
#10103 = EDGE_LOOP ( 'NONE', ( #10206, #2201, #4107, #8207 ) ) ;
#10104 = LINE ( 'NONE', #337, #11445 ) ;
#10105 = LINE ( 'NONE', #1357, #9767 ) ;
#10106 = VECTOR ( 'NONE', #3512, 1000.000000000000000 ) ;
#10107 = SURFACE_STYLE_FILL_AREA ( #3297 ) ;
#10108 = FACE_OUTER_BOUND ( 'NONE', #1211, .T. ) ;
#10109 = DIRECTION ( 'NONE',  ( -0.0000000000000000000, 1.000000000000000000, -0.0000000000000000000 ) ) ;
#10110 = PRESENTATION_STYLE_ASSIGNMENT (( #10908 ) ) ;
#10111 = COLOUR_RGB ( '',1.000000000000000000, 1.000000000000000000, 1.000000000000000000 ) ;
#10112 = SURFACE_STYLE_USAGE ( .BOTH. , #1364 ) ;
#10113 = ORIENTED_EDGE ( 'NONE', *, *, #3412, .F. ) ;
#10114 = DIRECTION ( 'NONE',  ( 1.000000000000000000, -5.421010862427522170E-17, 0.0000000000000000000 ) ) ;
#10115 = UNCERTAINTY_MEASURE_WITH_UNIT (LENGTH_MEASURE( 1.000000000000000082E-05 ), #6433, 'distance_accuracy_value', 'NONE');
#10116 = PRESENTATION_LAYER_ASSIGNMENT (  '', '', ( #1909 ) ) ;
#10117 = SURFACE_STYLE_FILL_AREA ( #9193 ) ;
#10118 = CARTESIAN_POINT ( 'NONE',  ( -0.2500000000000004441, -3.299999999999998490, -0.2499999999999997780 ) ) ;
#10119 = FACE_OUTER_BOUND ( 'NONE', #11383, .T. ) ;
#10120 =( NAMED_UNIT ( * ) SI_UNIT ( $, .STERADIAN. ) SOLID_ANGLE_UNIT ( ) );
#10121 =( GEOMETRIC_REPRESENTATION_CONTEXT ( 3 ) GLOBAL_UNCERTAINTY_ASSIGNED_CONTEXT ( ( #6103 ) ) GLOBAL_UNIT_ASSIGNED_CONTEXT ( ( #3246, #683, #4250 ) ) REPRESENTATION_CONTEXT ( 'NONE', 'WORKASPACE' ) );
#10122 = ORIENTED_EDGE ( 'NONE', *, *, #4395, .F. ) ;
#10123 = SURFACE_STYLE_FILL_AREA ( #7680 ) ;
#10124 = ORIENTED_EDGE ( 'NONE', *, *, #4412, .F. ) ;
#10125 = ORIENTED_EDGE ( 'NONE', *, *, #10525, .F. ) ;
#10126 = SURFACE_STYLE_USAGE ( .BOTH. , #10874 ) ;
#10127 = FACE_OUTER_BOUND ( 'NONE', #2162, .T. ) ;
#10128 = CARTESIAN_POINT ( 'NONE',  ( 14.24999999999999822, -3.399999999999999911, 0.2500000000000002220 ) ) ;
#10129 = FILL_AREA_STYLE_COLOUR ( '', #2434 ) ;
#10130 =( NAMED_UNIT ( * ) PLANE_ANGLE_UNIT ( ) SI_UNIT ( $, .RADIAN. ) );
#10131 = VERTEX_POINT ( 'NONE', #1797 ) ;
#10132 = ORIENTED_EDGE ( 'NONE', *, *, #10884, .F. ) ;
#10133 = EDGE_CURVE ( 'NONE', #9971, #9622, #7236, .T. ) ;
#10134 = CARTESIAN_POINT ( 'NONE',  ( 12.69999999999999929, 0.0000000000000000000, -2.800000000000000266 ) ) ;
#10135 = ORIENTED_EDGE ( 'NONE', *, *, #4492, .F. ) ;
#10136 = EDGE_CURVE ( 'NONE', #11322, #5142, #8043, .T. ) ;
#10137 = AXIS2_PLACEMENT_3D ( 'NONE', #7944, #8769, #7069 ) ;
#10138 = EDGE_CURVE ( 'NONE', #8236, #8447, #10616, .T. ) ;
#10139 = MECHANICAL_DESIGN_GEOMETRIC_PRESENTATION_REPRESENTATION (  '', ( #1026 ), #11226 ) ;
#10140 = DIRECTION ( 'NONE',  ( 0.0000000000000000000, 0.0000000000000000000, 1.000000000000000000 ) ) ;
#10141 = VECTOR ( 'NONE', #6919, 1000.000000000000000 ) ;
#10142 = UNCERTAINTY_MEASURE_WITH_UNIT (LENGTH_MEASURE( 1.000000000000000082E-05 ), #6905, 'distance_accuracy_value', 'NONE');
#10143 = STYLED_ITEM ( 'NONE', ( #162 ), #778 ) ;
#10144 = LINE ( 'NONE', #9211, #245 ) ;
#10145 = PRESENTATION_LAYER_ASSIGNMENT (  '', '', ( #3645 ) ) ;
#10146 = ORIENTED_EDGE ( 'NONE', *, *, #8509, .T. ) ;
#10147 = VECTOR ( 'NONE', #3465, 1000.000000000000000 ) ;
#10148 = EDGE_LOOP ( 'NONE', ( #11373, #2301, #3045, #5774 ) ) ;
#10149 = FILL_AREA_STYLE_COLOUR ( '', #4581 ) ;
#10150 = EDGE_CURVE ( 'NONE', #1288, #4714, #7061, .T. ) ;
#10151 = ORIENTED_EDGE ( 'NONE', *, *, #8499, .T. ) ;
#10152 = ORIENTED_EDGE ( 'NONE', *, *, #5425, .F. ) ;
#10153 = ORIENTED_EDGE ( 'NONE', *, *, #2009, .T. ) ;
#10154 = LINE ( 'NONE', #331, #3559 ) ;
#10155 = COLOUR_RGB ( '',1.000000000000000000, 0.8117647058823529438, 0.5019607843137254832 ) ;
#10156 = FILL_AREA_STYLE ('',( #6730 ) ) ;
#10157 = VECTOR ( 'NONE', #7399, 1000.000000000000000 ) ;
#10158 = CARTESIAN_POINT ( 'NONE',  ( 11.75000000000000000, 0.2000000000000000111, -0.2499999999999997780 ) ) ;
#10159 = FILL_AREA_STYLE ('',( #9119 ) ) ;
#10160 = PLANE ( 'NONE',  #4022 ) ;
#10161 = FACE_OUTER_BOUND ( 'NONE', #7967, .T. ) ;
#10162 = SURFACE_STYLE_USAGE ( .BOTH. , #7320 ) ;
#10164 = SURFACE_SIDE_STYLE ('',( #5702 ) ) ;
#10163 = PRESENTATION_LAYER_ASSIGNMENT (  '', '', ( #3110 ) ) ;
#10165 = DIRECTION ( 'NONE',  ( 1.000000000000000000, -0.0000000000000000000, -4.845596301611194130E-17 ) ) ;
#10166 = PLANE ( 'NONE',  #10594 ) ;
#10167 = PLANE ( 'NONE',  #9589 ) ;
#10168 = ORIENTED_EDGE ( 'NONE', *, *, #48, .F. ) ;
#10169 = PLANE ( 'NONE',  #1247 ) ;
#10170 = ORIENTED_EDGE ( 'NONE', *, *, #8280, .F. ) ;
#10171 =( GEOMETRIC_REPRESENTATION_CONTEXT ( 3 ) GLOBAL_UNCERTAINTY_ASSIGNED_CONTEXT ( ( #9861 ) ) GLOBAL_UNIT_ASSIGNED_CONTEXT ( ( #4297, #11344, #4356 ) ) REPRESENTATION_CONTEXT ( 'NONE', 'WORKASPACE' ) );
#10172 =( NAMED_UNIT ( * ) PLANE_ANGLE_UNIT ( ) SI_UNIT ( $, .RADIAN. ) );
#10173 = SURFACE_STYLE_USAGE ( .BOTH. , #1251 ) ;
#10174 =( NAMED_UNIT ( * ) SI_UNIT ( $, .STERADIAN. ) SOLID_ANGLE_UNIT ( ) );
#10175 = VERTEX_POINT ( 'NONE', #5458 ) ;
#10176 = SURFACE_STYLE_USAGE ( .BOTH. , #11205 ) ;
#10177 =( GEOMETRIC_REPRESENTATION_CONTEXT ( 3 ) GLOBAL_UNCERTAINTY_ASSIGNED_CONTEXT ( ( #5466 ) ) GLOBAL_UNIT_ASSIGNED_CONTEXT ( ( #7771, #9970, #9905 ) ) REPRESENTATION_CONTEXT ( 'NONE', 'WORKASPACE' ) );
#10178 = VERTEX_POINT ( 'NONE', #1006 ) ;
#10179 = CARTESIAN_POINT ( 'NONE',  ( -0.2499999999999997780, 5.000000000000000888, 0.2500000000000002220 ) ) ;
#10180 =( NAMED_UNIT ( * ) PLANE_ANGLE_UNIT ( ) SI_UNIT ( $, .RADIAN. ) );
#10181 = ADVANCED_FACE ( 'NONE', ( #1696 ), #843, .F. ) ;
#10182 =( NAMED_UNIT ( * ) PLANE_ANGLE_UNIT ( ) SI_UNIT ( $, .RADIAN. ) );
#10183 = ORIENTED_EDGE ( 'NONE', *, *, #407, .F. ) ;
#10184 = ORIENTED_EDGE ( 'NONE', *, *, #8644, .T. ) ;
#10185 =( NAMED_UNIT ( * ) SI_UNIT ( $, .STERADIAN. ) SOLID_ANGLE_UNIT ( ) );
#10186 = CARTESIAN_POINT ( 'NONE',  ( 5.750000000000000000, -3.399999999999999911, 0.2500000000000002220 ) ) ;
#10187 = MECHANICAL_DESIGN_GEOMETRIC_PRESENTATION_REPRESENTATION (  '', ( #10742 ), #6125 ) ;
#10188 = LINE ( 'NONE', #539, #3338 ) ;
#10189 = VERTEX_POINT ( 'NONE', #7522 ) ;
#10190 =( GEOMETRIC_REPRESENTATION_CONTEXT ( 3 ) GLOBAL_UNCERTAINTY_ASSIGNED_CONTEXT ( ( #8274 ) ) GLOBAL_UNIT_ASSIGNED_CONTEXT ( ( #4891, #7668, #3254 ) ) REPRESENTATION_CONTEXT ( 'NONE', 'WORKASPACE' ) );
#10191 = EDGE_LOOP ( 'NONE', ( #7184, #8434, #2338, #1619 ) ) ;
#10192 = SURFACE_SIDE_STYLE ('',( #427 ) ) ;
#10193 = ORIENTED_EDGE ( 'NONE', *, *, #9141, .T. ) ;
#10194 = CARTESIAN_POINT ( 'NONE',  ( 2.250000000000000000, -3.299999999999998490, 0.2500000000000002220 ) ) ;
#10195 =( GEOMETRIC_REPRESENTATION_CONTEXT ( 3 ) GLOBAL_UNCERTAINTY_ASSIGNED_CONTEXT ( ( #2356 ) ) GLOBAL_UNIT_ASSIGNED_CONTEXT ( ( #4316, #7852, #3374 ) ) REPRESENTATION_CONTEXT ( 'NONE', 'WORKASPACE' ) );
#10196 = CARTESIAN_POINT ( 'NONE',  ( 9.250000000000001776, 3.399999999999999467, -2.050000000000001599 ) ) ;
#10197 = DIRECTION ( 'NONE',  ( 1.000000000000000000, -5.421010862427522170E-17, 0.0000000000000000000 ) ) ;
#10198 = CARTESIAN_POINT ( 'NONE',  ( 1.750000000000000222, 1.800000000000000044, 0.2500000000000002220 ) ) ;
#10199 = ORIENTED_EDGE ( 'NONE', *, *, #1102, .F. ) ;
#10200 = ORIENTED_EDGE ( 'NONE', *, *, #5746, .T. ) ;
#10201 = CARTESIAN_POINT ( 'NONE',  ( -0.7000000000000002887, 0.2000000000000000389, -2.800000000000000266 ) ) ;
#10202 = CARTESIAN_POINT ( 'NONE',  ( 9.750000000000000000, 5.000000000000004441, 0.2500000000000002220 ) ) ;
#10203 = ORIENTED_EDGE ( 'NONE', *, *, #2777, .T. ) ;
#10204 = MECHANICAL_DESIGN_GEOMETRIC_PRESENTATION_REPRESENTATION (  '', ( #4282 ), #7799 ) ;
#10205 = VERTEX_POINT ( 'NONE', #1280 ) ;
#10206 = ORIENTED_EDGE ( 'NONE', *, *, #9792, .F. ) ;
#10207 = PLANE ( 'NONE',  #9308 ) ;
#10208 = VERTEX_POINT ( 'NONE', #2862 ) ;
#10209 = COLOUR_RGB ( '',1.000000000000000000, 0.8117647058823529438, 0.5019607843137254832 ) ;
#10210 =( NAMED_UNIT ( * ) SI_UNIT ( $, .STERADIAN. ) SOLID_ANGLE_UNIT ( ) );
#10211 = EDGE_CURVE ( 'NONE', #10098, #7789, #10995, .T. ) ;
#10212 = VECTOR ( 'NONE', #9884, 1000.000000000000000 ) ;
#10213 = FACE_OUTER_BOUND ( 'NONE', #3578, .T. ) ;
#10214 = EDGE_CURVE ( 'NONE', #324, #100, #4795, .T. ) ;
#10215 = LINE ( 'NONE', #7536, #9632 ) ;
#10216 = DIRECTION ( 'NONE',  ( -4.336808689942017736E-16, 0.0000000000000000000, -1.000000000000000000 ) ) ;
#10217 = ORIENTED_EDGE ( 'NONE', *, *, #9196, .F. ) ;
#10218 = ORIENTED_EDGE ( 'NONE', *, *, #9510, .T. ) ;
#10219 = DIRECTION ( 'NONE',  ( 0.0000000000000000000, 1.000000000000000000, 0.0000000000000000000 ) ) ;
#10220 = SURFACE_STYLE_FILL_AREA ( #3007 ) ;
#10221 = CARTESIAN_POINT ( 'NONE',  ( 13.25000000000000178, 3.149999999999999023, -2.050000000000001599 ) ) ;
#10222 = VECTOR ( 'NONE', #3213, 1000.000000000000000 ) ;
#10223 =( LENGTH_UNIT ( ) NAMED_UNIT ( * ) SI_UNIT ( .MILLI., .METRE. ) );
#10224 = VECTOR ( 'NONE', #4937, 1000.000000000000000 ) ;
#10225 = MECHANICAL_DESIGN_GEOMETRIC_PRESENTATION_REPRESENTATION (  '', ( #9311 ), #10595 ) ;
#10226 =( NAMED_UNIT ( * ) SI_UNIT ( $, .STERADIAN. ) SOLID_ANGLE_UNIT ( ) );
#10227 = CARTESIAN_POINT ( 'NONE',  ( -1.180000000000000382, 4.229999999999999538, 1.700000000000000178 ) ) ;
#10228 = CARTESIAN_POINT ( 'NONE',  ( 10.05000000000000071, 3.149999999999999023, -2.050000000000001599 ) ) ;
#10229 = EDGE_CURVE ( 'NONE', #1522, #2233, #7349, .T. ) ;
#10230 = ORIENTED_EDGE ( 'NONE', *, *, #1372, .F. ) ;
#10231 = EDGE_LOOP ( 'NONE', ( #2560, #6824, #10669, #4507 ) ) ;
#10232 = AXIS2_PLACEMENT_3D ( 'NONE', #5, #4697, #2995 ) ;
#10233 = CARTESIAN_POINT ( 'NONE',  ( 11.29999999999999893, 0.0000000000000000000, 1.700000000000000178 ) ) ;
#10234 = UNCERTAINTY_MEASURE_WITH_UNIT (LENGTH_MEASURE( 1.000000000000000082E-05 ), #3382, 'distance_accuracy_value', 'NONE');
#10235 = VECTOR ( 'NONE', #6368, 1000.000000000000000 ) ;
#10236 = LINE ( 'NONE', #7492, #4266 ) ;
#10237 = ORIENTED_EDGE ( 'NONE', *, *, #2470, .T. ) ;
#10238 = STYLED_ITEM ( 'NONE', ( #5658 ), #1253 ) ;
#10239 = COLOUR_RGB ( '',1.000000000000000000, 1.000000000000000000, 1.000000000000000000 ) ;
#10240 = DIRECTION ( 'NONE',  ( -5.421010862427522170E-17, -1.000000000000000000, 2.350988701644575016E-32 ) ) ;
#10241 = FACE_OUTER_BOUND ( 'NONE', #1876, .T. ) ;
#10242 = LINE ( 'NONE', #7794, #9037 ) ;
#10243 = ORIENTED_EDGE ( 'NONE', *, *, #6660, .T. ) ;
#10244 = EDGE_CURVE ( 'NONE', #11242, #2884, #8397, .T. ) ;
#10245 = MECHANICAL_DESIGN_GEOMETRIC_PRESENTATION_REPRESENTATION (  '', ( #5223 ), #9286 ) ;
#10246 = STYLED_ITEM ( 'NONE', ( #238 ), #330 ) ;
#10247 =( NAMED_UNIT ( * ) SI_UNIT ( $, .STERADIAN. ) SOLID_ANGLE_UNIT ( ) );
#10248 = ORIENTED_EDGE ( 'NONE', *, *, #1634, .F. ) ;
#10249 = FILL_AREA_STYLE ('',( #4971 ) ) ;
#10250 = SURFACE_SIDE_STYLE ('',( #6761 ) ) ;
#10251 = PRESENTATION_LAYER_ASSIGNMENT (  '', '', ( #2054 ) ) ;
#10252 = EDGE_LOOP ( 'NONE', ( #7384, #10949, #2524, #5916 ) ) ;
#10253 = DIRECTION ( 'NONE',  ( 0.0000000000000000000, -0.0000000000000000000, 1.000000000000000000 ) ) ;
#10254 = VERTEX_POINT ( 'NONE', #3882 ) ;
#10255 = STYLED_ITEM ( 'NONE', ( #10002 ), #7092 ) ;
#10256 =( LENGTH_UNIT ( ) NAMED_UNIT ( * ) SI_UNIT ( .MILLI., .METRE. ) );
#10257 =( GEOMETRIC_REPRESENTATION_CONTEXT ( 3 ) GLOBAL_UNCERTAINTY_ASSIGNED_CONTEXT ( ( #5214 ) ) GLOBAL_UNIT_ASSIGNED_CONTEXT ( ( #4770, #6681, #9242 ) ) REPRESENTATION_CONTEXT ( 'NONE', 'WORKASPACE' ) );
#10258 = VERTEX_POINT ( 'NONE', #10886 ) ;
#10259 = EDGE_CURVE ( 'NONE', #3391, #7775, #2094, .T. ) ;
#10260 = DIRECTION ( 'NONE',  ( 0.0000000000000000000, 0.0000000000000000000, 1.000000000000000000 ) ) ;
#10261 = CARTESIAN_POINT ( 'NONE',  ( -1.951000000000000956, 6.000000000000000000, -0.6800000000000018252 ) ) ;
#10262 = CARTESIAN_POINT ( 'NONE',  ( 9.750000000000000000, 5.000000000000004441, 0.2500000000000002220 ) ) ;
#10263 = ORIENTED_EDGE ( 'NONE', *, *, #8135, .F. ) ;
#10264 = EDGE_LOOP ( 'NONE', ( #613, #8630, #9419, #8877 ) ) ;
#10265 = SURFACE_STYLE_USAGE ( .BOTH. , #4123 ) ;
#10266 = CARTESIAN_POINT ( 'NONE',  ( 15.94999999999999929, 6.000000000000000000, -2.800000000000000711 ) ) ;
#10267 = VECTOR ( 'NONE', #4520, 1000.000000000000000 ) ;
#10268 = ORIENTED_EDGE ( 'NONE', *, *, #4944, .F. ) ;
#10269 = DIRECTION ( 'NONE',  ( -0.0000000000000000000, 1.000000000000000000, -0.0000000000000000000 ) ) ;
#10270 = EDGE_CURVE ( 'NONE', #1608, #9294, #1125, .T. ) ;
#10271 = EDGE_LOOP ( 'NONE', ( #7517, #11079, #3016, #432 ) ) ;
#10272 = CARTESIAN_POINT ( 'NONE',  ( 10.75000000000000000, 3.399999999999999467, -2.350000000000001865 ) ) ;
#10273 = DIRECTION ( 'NONE',  ( 9.103382349328301547E-49, 2.350988701644575016E-32, 1.000000000000000000 ) ) ;
#10274 = CIRCLE ( 'NONE', #10454, 0.05000000000000019013 ) ;
#10275 = CARTESIAN_POINT ( 'NONE',  ( 6.249999999999998224, -3.299999999999997158, -0.2499999999999997780 ) ) ;
#10276 =( NAMED_UNIT ( * ) PLANE_ANGLE_UNIT ( ) SI_UNIT ( $, .RADIAN. ) );
#10277 = FACE_OUTER_BOUND ( 'NONE', #9718, .T. ) ;
#10278 = DIRECTION ( 'NONE',  ( -5.421010862427522170E-17, -1.000000000000000000, 2.350988701644575016E-32 ) ) ;
#10279 = PRESENTATION_LAYER_ASSIGNMENT (  '', '', ( #807 ) ) ;
#10280 = EDGE_CURVE ( 'NONE', #8638, #7507, #9212, .T. ) ;
#10281 = ORIENTED_EDGE ( 'NONE', *, *, #5389, .T. ) ;
#10282 = VECTOR ( 'NONE', #2310, 1000.000000000000000 ) ;
#10283 =( NAMED_UNIT ( * ) PLANE_ANGLE_UNIT ( ) SI_UNIT ( $, .RADIAN. ) );
#10284 = CARTESIAN_POINT ( 'NONE',  ( 1.849999999999999645, -3.399999999999999911, -0.2499999999999997780 ) ) ;
#10285 = FILL_AREA_STYLE ('',( #8545 ) ) ;
#10286 = ORIENTED_EDGE ( 'NONE', *, *, #10487, .F. ) ;
#10287 = ORIENTED_EDGE ( 'NONE', *, *, #6212, .T. ) ;
#10288 = VECTOR ( 'NONE', #6777, 1000.000000000000114 ) ;
#10289 = VERTEX_POINT ( 'NONE', #10090 ) ;
#10290 =( NAMED_UNIT ( * ) SI_UNIT ( $, .STERADIAN. ) SOLID_ANGLE_UNIT ( ) );
#10291 = CARTESIAN_POINT ( 'NONE',  ( 11.75000000000000000, 5.000000000000006217, 0.2500000000000002220 ) ) ;
#10292 = DIRECTION ( 'NONE',  ( -1.084202172485504237E-15, -1.000000000000000000, 0.0000000000000000000 ) ) ;
#10293 = LINE ( 'NONE', #3316, #3936 ) ;
#10294 = CARTESIAN_POINT ( 'NONE',  ( 14.21999999999999709, 2.250000000000001776, 1.700000000000000178 ) ) ;
#10295 =( NAMED_UNIT ( * ) PLANE_ANGLE_UNIT ( ) SI_UNIT ( $, .RADIAN. ) );
#10296 = DIRECTION ( 'NONE',  ( -4.336808689942017736E-16, 0.0000000000000000000, -1.000000000000000000 ) ) ;
#10297 = EDGE_CURVE ( 'NONE', #5805, #4085, #259, .T. ) ;
#10298 = SURFACE_SIDE_STYLE ('',( #10353 ) ) ;
#10299 =( GEOMETRIC_REPRESENTATION_CONTEXT ( 3 ) GLOBAL_UNCERTAINTY_ASSIGNED_CONTEXT ( ( #85 ) ) GLOBAL_UNIT_ASSIGNED_CONTEXT ( ( #4904, #2902, #8258 ) ) REPRESENTATION_CONTEXT ( 'NONE', 'WORKASPACE' ) );
#10300 = DIRECTION ( 'NONE',  ( -0.0000000000000000000, -0.0000000000000000000, 1.000000000000000000 ) ) ;
#10301 = FILL_AREA_STYLE ('',( #10358 ) ) ;
#10302 = DIRECTION ( 'NONE',  ( -5.421010862427522170E-17, -1.000000000000000000, 2.350988701644575016E-32 ) ) ;
#10303 = ORIENTED_EDGE ( 'NONE', *, *, #9236, .T. ) ;
#10304 = FILL_AREA_STYLE ('',( #4270 ) ) ;
#10305 = SURFACE_STYLE_USAGE ( .BOTH. , #6767 ) ;
#10306 = CARTESIAN_POINT ( 'NONE',  ( 10.70000000000000107, 0.0000000000000000000, -2.800000000000000266 ) ) ;
#10307 = VECTOR ( 'NONE', #3516, 1000.000000000000000 ) ;
#10308 = COLOUR_RGB ( '',1.000000000000000000, 0.8117647058823529438, 0.5019607843137254832 ) ;
#10309 = ORIENTED_EDGE ( 'NONE', *, *, #8012, .F. ) ;
#10310 = SURFACE_STYLE_FILL_AREA ( #5031 ) ;
#10311 = STYLED_ITEM ( 'NONE', ( #7800 ), #4701 ) ;
#10312 = PLANE ( 'NONE',  #7117 ) ;
#10313 =( LENGTH_UNIT ( ) NAMED_UNIT ( * ) SI_UNIT ( .MILLI., .METRE. ) );
#10314 =( NAMED_UNIT ( * ) PLANE_ANGLE_UNIT ( ) SI_UNIT ( $, .RADIAN. ) );
#10315 = DIRECTION ( 'NONE',  ( 0.0000000000000000000, 0.0000000000000000000, -1.000000000000000000 ) ) ;
#10316 = VERTEX_POINT ( 'NONE', #10026 ) ;
#10317 = ORIENTED_EDGE ( 'NONE', *, *, #625, .T. ) ;
#10318 = STYLED_ITEM ( 'NONE', ( #3812 ), #1677 ) ;
#10319 = ORIENTED_EDGE ( 'NONE', *, *, #6743, .F. ) ;
#10320 = FACE_OUTER_BOUND ( 'NONE', #8138, .T. ) ;
#10321 = FACE_OUTER_BOUND ( 'NONE', #552, .T. ) ;
#10322 = STYLED_ITEM ( 'NONE', ( #628 ), #5614 ) ;
#10323 =( NAMED_UNIT ( * ) SI_UNIT ( $, .STERADIAN. ) SOLID_ANGLE_UNIT ( ) );
#10324 = MECHANICAL_DESIGN_GEOMETRIC_PRESENTATION_REPRESENTATION (  '', ( #7724 ), #10504 ) ;
#10325 = ORIENTED_EDGE ( 'NONE', *, *, #6613, .T. ) ;
#10326 = EDGE_LOOP ( 'NONE', ( #4868, #6724, #5841, #8464 ) ) ;
#10327 = ORIENTED_EDGE ( 'NONE', *, *, #4671, .T. ) ;
#10328 = SURFACE_STYLE_FILL_AREA ( #3292 ) ;
#10329 = CARTESIAN_POINT ( 'NONE',  ( -1.950000000000000400, 0.8200000000000003952, 1.300000000000000044 ) ) ;
#10330 = CARTESIAN_POINT ( 'NONE',  ( -0.2499999999999997780, 5.000000000000000888, 0.2500000000000002220 ) ) ;
#10331 = AXIS2_PLACEMENT_3D ( 'NONE', #4127, #11110, #1347 ) ;
#10332 = STYLED_ITEM ( 'NONE', ( #6086 ), #5104 ) ;
#10333 = LINE ( 'NONE', #1409, #8123 ) ;
#10334 =( NAMED_UNIT ( * ) SI_UNIT ( $, .STERADIAN. ) SOLID_ANGLE_UNIT ( ) );
#10335 =( NAMED_UNIT ( * ) SI_UNIT ( $, .STERADIAN. ) SOLID_ANGLE_UNIT ( ) );
#10336 = CARTESIAN_POINT ( 'NONE',  ( 1.299999999999999600, 0.2000000000000000389, 1.700000000000000178 ) ) ;
#10337 = CARTESIAN_POINT ( 'NONE',  ( 14.69999999999999751, 0.1999999999999999833, -2.800000000000000266 ) ) ;
#10338 = COLOUR_RGB ( '',1.000000000000000000, 0.8117647058823529438, 0.5019607843137254832 ) ;
#10339 = ORIENTED_EDGE ( 'NONE', *, *, #4898, .F. ) ;
#10340 = VECTOR ( 'NONE', #7663, 1000.000000000000000 ) ;
#10341 = PRESENTATION_STYLE_ASSIGNMENT (( #5707 ) ) ;
#10342 = CARTESIAN_POINT ( 'NONE',  ( -1.949999999999999956, 6.000000000000000000, 1.700000000000000178 ) ) ;
#10343 = ORIENTED_EDGE ( 'NONE', *, *, #11043, .T. ) ;
#10344 = ORIENTED_EDGE ( 'NONE', *, *, #6038, .F. ) ;
#10345 = FILL_AREA_STYLE_COLOUR ( '', #9133 ) ;
#10346 = EDGE_CURVE ( 'NONE', #2532, #482, #3818, .T. ) ;
#10347 = VECTOR ( 'NONE', #11348, 1000.000000000000000 ) ;
#10348 = ORIENTED_EDGE ( 'NONE', *, *, #2878, .T. ) ;
#10349 = DIRECTION ( 'NONE',  ( -1.000000000000000000, 5.421010862427522170E-17, 0.0000000000000000000 ) ) ;
#10350 = FILL_AREA_STYLE_COLOUR ( '', #1289 ) ;
#10351 = CARTESIAN_POINT ( 'NONE',  ( -1.949999999999999956, 6.000000000000000000, -0.6800000000000000488 ) ) ;
#10352 = DIRECTION ( 'NONE',  ( 1.000000000000000000, 0.0000000000000000000, 0.0000000000000000000 ) ) ;
#10353 = SURFACE_STYLE_FILL_AREA ( #5018 ) ;
#10354 = LINE ( 'NONE', #3321, #6409 ) ;
#10355 = FILL_AREA_STYLE_COLOUR ( '', #10769 ) ;
#10356 = EDGE_CURVE ( 'NONE', #7476, #2884, #5631, .T. ) ;
#10357 = VECTOR ( 'NONE', #10101, 1000.000000000000000 ) ;
#10358 = FILL_AREA_STYLE_COLOUR ( '', #4103 ) ;
#10359 = ADVANCED_FACE ( 'NONE', ( #3997 ), #5679, .F. ) ;
#10360 = ORIENTED_EDGE ( 'NONE', *, *, #6672, .T. ) ;
#10361 = CARTESIAN_POINT ( 'NONE',  ( 10.69999999999999929, 0.1999999999999999833, 1.700000000000000178 ) ) ;
#10362 = SURFACE_STYLE_USAGE ( .BOTH. , #771 ) ;
#10363 = MECHANICAL_DESIGN_GEOMETRIC_PRESENTATION_REPRESENTATION (  '', ( #6294 ), #344 ) ;
#10364 = PLANE ( 'NONE',  #8553 ) ;
#10365 = LINE ( 'NONE', #6884, #8867 ) ;
#10366 = SURFACE_STYLE_FILL_AREA ( #11217 ) ;
#10367 = SURFACE_STYLE_FILL_AREA ( #6887 ) ;
#10368 = FILL_AREA_STYLE_COLOUR ( '', #855 ) ;
#10369 = PRESENTATION_STYLE_ASSIGNMENT (( #4169 ) ) ;
#10370 = ORIENTED_EDGE ( 'NONE', *, *, #10921, .F. ) ;
#10371 = ORIENTED_EDGE ( 'NONE', *, *, #10280, .F. ) ;
#10372 = EDGE_CURVE ( 'NONE', #7306, #8859, #208, .T. ) ;
#10373 = STYLED_ITEM ( 'NONE', ( #4774 ), #8720 ) ;
#10374 = ORIENTED_EDGE ( 'NONE', *, *, #6637, .T. ) ;
#10375 =( NAMED_UNIT ( * ) PLANE_ANGLE_UNIT ( ) SI_UNIT ( $, .RADIAN. ) );
#10376 = STYLED_ITEM ( 'NONE', ( #6675 ), #7648 ) ;
#10377 = ORIENTED_EDGE ( 'NONE', *, *, #5184, .F. ) ;
#10378 = DIRECTION ( 'NONE',  ( 1.000000000000000000, -5.421010862427522170E-17, 0.0000000000000000000 ) ) ;
#10379 = PLANE ( 'NONE',  #7173 ) ;
#10380 = ORIENTED_EDGE ( 'NONE', *, *, #4696, .T. ) ;
#10381 = VERTEX_POINT ( 'NONE', #1969 ) ;
#10382 = ADVANCED_FACE ( 'NONE', ( #7760 ), #11164, .T. ) ;
#10383 = VECTOR ( 'NONE', #9987, 1000.000000000000000 ) ;
#10384 = AXIS2_PLACEMENT_3D ( 'NONE', #2938, #8296, #6498 ) ;
#10385 = ORIENTED_EDGE ( 'NONE', *, *, #11068, .F. ) ;
#10386 = PRESENTATION_LAYER_ASSIGNMENT (  '', '', ( #2188 ) ) ;
#10387 = CARTESIAN_POINT ( 'NONE',  ( 13.74999999999999822, -3.299999999999997158, 0.2500000000000002220 ) ) ;
#10388 = PLANE ( 'NONE',  #2727 ) ;
#10389 = CARTESIAN_POINT ( 'NONE',  ( 5.250000000000000888, 3.149999999999999023, -2.050000000000001599 ) ) ;
#10390 = PRESENTATION_STYLE_ASSIGNMENT (( #10621 ) ) ;
#10391 = DIRECTION ( 'NONE',  ( 0.5773502691896171823, -0.5773502691896373884, -0.5773502691896227335 ) ) ;
#10392 = AXIS2_PLACEMENT_3D ( 'NONE', #6133, #7039, #1729 ) ;
#10393 = ORIENTED_EDGE ( 'NONE', *, *, #9080, .F. ) ;
#10394 = CARTESIAN_POINT ( 'NONE',  ( 8.699999999999999289, 0.1999999999999999833, -2.800000000000000266 ) ) ;
#10395 = LINE ( 'NONE', #6739, #9610 ) ;
#10396 = SURFACE_SIDE_STYLE ('',( #6110 ) ) ;
#10397 = CARTESIAN_POINT ( 'NONE',  ( 11.25000000000000000, 3.399999999999999467, -2.050000000000001599 ) ) ;
#10398 = VECTOR ( 'NONE', #2976, 1000.000000000000000 ) ;
#10399 = FACE_OUTER_BOUND ( 'NONE', #1919, .T. ) ;
#10400 = EDGE_CURVE ( 'NONE', #11015, #8741, #2271, .T. ) ;
#10401 = ORIENTED_EDGE ( 'NONE', *, *, #11023, .F. ) ;
#10402 = DIRECTION ( 'NONE',  ( -1.927470528863119542E-16, 1.000000000000000000, 0.0000000000000000000 ) ) ;
#10403 = UNCERTAINTY_MEASURE_WITH_UNIT (LENGTH_MEASURE( 1.000000000000000082E-05 ), #8240, 'distance_accuracy_value', 'NONE');
#10404 = DIRECTION ( 'NONE',  ( 0.0000000000000000000, -1.000000000000000000, 0.0000000000000000000 ) ) ;
#10405 = DIRECTION ( 'NONE',  ( -1.000000000000000000, 0.0000000000000000000, 0.0000000000000000000 ) ) ;
#10406 = STYLED_ITEM ( 'NONE', ( #5385 ), #81 ) ;
#10407 = MECHANICAL_DESIGN_GEOMETRIC_PRESENTATION_REPRESENTATION (  '', ( #2401 ), #5788 ) ;
#10408 = ORIENTED_EDGE ( 'NONE', *, *, #1842, .F. ) ;
#10409 = DIRECTION ( 'NONE',  ( 1.927470528863119542E-16, -1.000000000000000000, 0.0000000000000000000 ) ) ;
#10410 = CARTESIAN_POINT ( 'NONE',  ( 11.85000000000000320, -3.399999999999999911, -0.2499999999999997780 ) ) ;
#10411 =( LENGTH_UNIT ( ) NAMED_UNIT ( * ) SI_UNIT ( .MILLI., .METRE. ) );
#10412 = CARTESIAN_POINT ( 'NONE',  ( 0.6999999999999992895, 0.1999999999999999833, -2.800000000000000266 ) ) ;
#10413 = AXIS2_PLACEMENT_3D ( 'NONE', #8083, #2776, #355 ) ;
#10414 = ORIENTED_EDGE ( 'NONE', *, *, #3723, .T. ) ;
#10415 = DIRECTION ( 'NONE',  ( -0.0000000000000000000, -0.0000000000000000000, 1.000000000000000000 ) ) ;
#10416 = VERTEX_POINT ( 'NONE', #3280 ) ;
#10417 =( NAMED_UNIT ( * ) PLANE_ANGLE_UNIT ( ) SI_UNIT ( $, .RADIAN. ) );
#10418 =( GEOMETRIC_REPRESENTATION_CONTEXT ( 3 ) GLOBAL_UNCERTAINTY_ASSIGNED_CONTEXT ( ( #7382 ) ) GLOBAL_UNIT_ASSIGNED_CONTEXT ( ( #2648, #10627, #853 ) ) REPRESENTATION_CONTEXT ( 'NONE', 'WORKASPACE' ) );
#10419 = PRESENTATION_LAYER_ASSIGNMENT (  '', '', ( #5039 ) ) ;
#10420 = SURFACE_STYLE_FILL_AREA ( #7747 ) ;
#10421 = VECTOR ( 'NONE', #4537, 1000.000000000000000 ) ;
#10422 = DIRECTION ( 'NONE',  ( -1.000000000000000000, 5.421010862427522170E-17, 0.0000000000000000000 ) ) ;
#10423 = DIRECTION ( 'NONE',  ( -0.0000000000000000000, 0.0000000000000000000, 1.000000000000000000 ) ) ;
#10424 = VECTOR ( 'NONE', #6236, 1000.000000000000000 ) ;
#10425 = DIRECTION ( 'NONE',  ( 1.000000000000000000, 0.0000000000000000000, 0.0000000000000000000 ) ) ;
#10426 = AXIS2_PLACEMENT_3D ( 'NONE', #5693, #274, #388 ) ;
#10427 = FILL_AREA_STYLE ('',( #1391 ) ) ;
#10428 =( GEOMETRIC_REPRESENTATION_CONTEXT ( 3 ) GLOBAL_UNCERTAINTY_ASSIGNED_CONTEXT ( ( #6001 ) ) GLOBAL_UNIT_ASSIGNED_CONTEXT ( ( #9886, #4548, #10062 ) ) REPRESENTATION_CONTEXT ( 'NONE', 'WORKASPACE' ) );
#10429 = ADVANCED_FACE ( 'NONE', ( #6829 ), #11329, .F. ) ;
#10430 = EDGE_CURVE ( 'NONE', #1452, #8423, #1509, .T. ) ;
#10431 = ORIENTED_EDGE ( 'NONE', *, *, #9932, .T. ) ;
#10432 = CARTESIAN_POINT ( 'NONE',  ( 0.2500000000000002220, 5.000000000000000888, 0.2500000000000002220 ) ) ;
#10433 = PLANE ( 'NONE',  #4706 ) ;
#10434 = SURFACE_STYLE_USAGE ( .BOTH. , #3224 ) ;
#10435 = CARTESIAN_POINT ( 'NONE',  ( 6.049999999999999822, -3.399999999999999911, -2.800000000000000266 ) ) ;
#10436 = DIRECTION ( 'NONE',  ( 0.0000000000000000000, -0.0000000000000000000, -1.000000000000000000 ) ) ;
#10437 = VERTEX_POINT ( 'NONE', #3403 ) ;
#10438 = ORIENTED_EDGE ( 'NONE', *, *, #3014, .T. ) ;
#10439 =( LENGTH_UNIT ( ) NAMED_UNIT ( * ) SI_UNIT ( .MILLI., .METRE. ) );
#10440 = LINE ( 'NONE', #9680, #8239 ) ;
#10441 =( GEOMETRIC_REPRESENTATION_CONTEXT ( 3 ) GLOBAL_UNCERTAINTY_ASSIGNED_CONTEXT ( ( #1684 ) ) GLOBAL_UNIT_ASSIGNED_CONTEXT ( ( #8954, #6384, #8890 ) ) REPRESENTATION_CONTEXT ( 'NONE', 'WORKASPACE' ) );
#10442 = EDGE_CURVE ( 'NONE', #840, #6273, #659, .T. ) ;
#10443 = PLANE ( 'NONE',  #8753 ) ;
#10444 = DIRECTION ( 'NONE',  ( -0.5773502691896267303, -0.5773502691896238437, 0.5773502691896267303 ) ) ;
#10445 = PRESENTATION_STYLE_ASSIGNMENT (( #8530 ) ) ;
#10446 = ORIENTED_EDGE ( 'NONE', *, *, #9739, .F. ) ;
#10447 = LINE ( 'NONE', #9534, #5373 ) ;
#10448 = DIRECTION ( 'NONE',  ( -5.421010862427522170E-17, -1.000000000000000000, 2.350988701644575016E-32 ) ) ;
#10449 = COLOUR_RGB ( '',1.000000000000000000, 0.8117647058823529438, 0.5019607843137254832 ) ;
#10450 = FILL_AREA_STYLE_COLOUR ( '', #2177 ) ;
#10451 = LINE ( 'NONE', #2529, #3864 ) ;
#10452 = PRESENTATION_STYLE_ASSIGNMENT (( #3190 ) ) ;
#10453 = LINE ( 'NONE', #9591, #10340 ) ;
#10454 = AXIS2_PLACEMENT_3D ( 'NONE', #9893, #5330, #7922 ) ;
#10455 = CARTESIAN_POINT ( 'NONE',  ( 15.94999999999999929, 1.380000000000004334, 1.300000000000000044 ) ) ;
#10456 = DIRECTION ( 'NONE',  ( 3.872150616019660190E-17, 1.000000000000000000, -0.0000000000000000000 ) ) ;
#10457 = DIRECTION ( 'NONE',  ( 0.0000000000000000000, 0.0000000000000000000, 1.000000000000000000 ) ) ;
#10458 = VERTEX_POINT ( 'NONE', #9628 ) ;
#10459 = ORIENTED_EDGE ( 'NONE', *, *, #79, .F. ) ;
#10460 = CARTESIAN_POINT ( 'NONE',  ( 9.750000000000000000, -3.299999999999997158, -0.2499999999999997780 ) ) ;
#10461 = CARTESIAN_POINT ( 'NONE',  ( 2.750000000000000444, 3.149999999999999023, -2.050000000000001599 ) ) ;
#10462 =( LENGTH_UNIT ( ) NAMED_UNIT ( * ) SI_UNIT ( .MILLI., .METRE. ) );
#10463 = PRESENTATION_LAYER_ASSIGNMENT (  '', '', ( #9553 ) ) ;
#10464 = CARTESIAN_POINT ( 'NONE',  ( 9.299999999999998934, 0.2000000000000000389, 1.700000000000000178 ) ) ;
#10465 = ORIENTED_EDGE ( 'NONE', *, *, #2677, .F. ) ;
#10466 = SURFACE_SIDE_STYLE ('',( #483 ) ) ;
#10467 = LINE ( 'NONE', #1772, #2045 ) ;
#10468 = CARTESIAN_POINT ( 'NONE',  ( 15.34999999999999964, 1.799999999999999600, 1.249999999999997558 ) ) ;
#10469 = ORIENTED_EDGE ( 'NONE', *, *, #7627, .F. ) ;
#10470 = SURFACE_STYLE_FILL_AREA ( #6923 ) ;
#10471 =( NAMED_UNIT ( * ) PLANE_ANGLE_UNIT ( ) SI_UNIT ( $, .RADIAN. ) );
#10472 =( GEOMETRIC_REPRESENTATION_CONTEXT ( 3 ) GLOBAL_UNCERTAINTY_ASSIGNED_CONTEXT ( ( #5263 ) ) GLOBAL_UNIT_ASSIGNED_CONTEXT ( ( #11170, #2160, #435 ) ) REPRESENTATION_CONTEXT ( 'NONE', 'WORKASPACE' ) );
#10473 = LINE ( 'NONE', #6129, #11334 ) ;
#10474 = ORIENTED_EDGE ( 'NONE', *, *, #9128, .F. ) ;
#10475 = FILL_AREA_STYLE_COLOUR ( '', #3243 ) ;
#10476 = FILL_AREA_STYLE ('',( #6300 ) ) ;
#10477 = EDGE_LOOP ( 'NONE', ( #8709, #365, #7583, #3377 ) ) ;
#10478 = ORIENTED_EDGE ( 'NONE', *, *, #5597, .F. ) ;
#10479 = VERTEX_POINT ( 'NONE', #11101 ) ;
#10480 = FILL_AREA_STYLE ('',( #136 ) ) ;
#10481 = ORIENTED_EDGE ( 'NONE', *, *, #5965, .T. ) ;
#10482 = FACE_OUTER_BOUND ( 'NONE', #2486, .T. ) ;
#10483 = SURFACE_STYLE_USAGE ( .BOTH. , #8804 ) ;
#10484 = VERTEX_POINT ( 'NONE', #4116 ) ;
#10485 = EDGE_CURVE ( 'NONE', #2828, #161, #1625, .T. ) ;
#10486 = ORIENTED_EDGE ( 'NONE', *, *, #1753, .T. ) ;
#10487 = EDGE_CURVE ( 'NONE', #9626, #4420, #7576, .T. ) ;
#10488 = STYLED_ITEM ( 'NONE', ( #2115 ), #1592 ) ;
#10489 = VECTOR ( 'NONE', #8520, 1000.000000000000000 ) ;
#10490 = ORIENTED_EDGE ( 'NONE', *, *, #9444, .F. ) ;
#10491 = FACE_OUTER_BOUND ( 'NONE', #1618, .T. ) ;
#10492 = EDGE_CURVE ( 'NONE', #4026, #5287, #39, .T. ) ;
#10493 = UNCERTAINTY_MEASURE_WITH_UNIT (LENGTH_MEASURE( 1.000000000000000082E-05 ), #9748, 'distance_accuracy_value', 'NONE');
#10494 = UNCERTAINTY_MEASURE_WITH_UNIT (LENGTH_MEASURE( 1.000000000000000082E-05 ), #2785, 'distance_accuracy_value', 'NONE');
#10495 = ORIENTED_EDGE ( 'NONE', *, *, #1461, .T. ) ;
#10496 =( LENGTH_UNIT ( ) NAMED_UNIT ( * ) SI_UNIT ( .MILLI., .METRE. ) );
#10497 = PLANE ( 'NONE',  #10981 ) ;
#10498 = CARTESIAN_POINT ( 'NONE',  ( -1.949999999999999956, 0.0000000000000000000, 1.599999999999999867 ) ) ;
#10499 =( NAMED_UNIT ( * ) PLANE_ANGLE_UNIT ( ) SI_UNIT ( $, .RADIAN. ) );
#10500 = DIRECTION ( 'NONE',  ( 3.872150616019660190E-17, 1.000000000000000000, -0.0000000000000000000 ) ) ;
#10501 = UNCERTAINTY_MEASURE_WITH_UNIT (LENGTH_MEASURE( 1.000000000000000082E-05 ), #10637, 'distance_accuracy_value', 'NONE');
#10502 = VERTEX_POINT ( 'NONE', #3625 ) ;
#10503 = ADVANCED_FACE ( 'NONE', ( #5277, #8802 ), #2783, .F. ) ;
#10504 =( GEOMETRIC_REPRESENTATION_CONTEXT ( 3 ) GLOBAL_UNCERTAINTY_ASSIGNED_CONTEXT ( ( #2587 ) ) GLOBAL_UNIT_ASSIGNED_CONTEXT ( ( #4196, #5880, #4086 ) ) REPRESENTATION_CONTEXT ( 'NONE', 'WORKASPACE' ) );
#10505 = DIRECTION ( 'NONE',  ( 0.0000000000000000000, -0.0000000000000000000, -1.000000000000000000 ) ) ;
#10506 = CARTESIAN_POINT ( 'NONE',  ( 10.15000000000000213, 5.100000000000001421, -0.1500000000000038525 ) ) ;
#10507 = FILL_AREA_STYLE ('',( #3758 ) ) ;
#10508 = UNCERTAINTY_MEASURE_WITH_UNIT (LENGTH_MEASURE( 1.000000000000000082E-05 ), #8755, 'distance_accuracy_value', 'NONE');
#10509 = CIRCLE ( 'NONE', #479, 0.05000000000000019013 ) ;
#10510 = ORIENTED_EDGE ( 'NONE', *, *, #8067, .F. ) ;
#10511 = VERTEX_POINT ( 'NONE', #6200 ) ;
#10512 = PRESENTATION_LAYER_ASSIGNMENT (  '', '', ( #9594 ) ) ;
#10513 = ORIENTED_EDGE ( 'NONE', *, *, #5540, .F. ) ;
#10514 = PRESENTATION_LAYER_ASSIGNMENT (  '', '', ( #5153 ) ) ;
#10515 = FACE_BOUND ( 'NONE', #4378, .T. ) ;
#10516 = VECTOR ( 'NONE', #6120, 999.9999999999998863 ) ;
#10517 =( NAMED_UNIT ( * ) PLANE_ANGLE_UNIT ( ) SI_UNIT ( $, .RADIAN. ) );
#10518 = CARTESIAN_POINT ( 'NONE',  ( 6.249999999999998224, -3.399999999999999911, -0.1499999999999969136 ) ) ;
#10519 = AXIS2_PLACEMENT_3D ( 'NONE', #1132, #7244, #1013 ) ;
#10520 = DIRECTION ( 'NONE',  ( -1.084202172485504237E-15, -1.000000000000000000, 0.0000000000000000000 ) ) ;
#10521 = AXIS2_PLACEMENT_3D ( 'NONE', #7445, #6814, #414 ) ;
#10522 = PLANE ( 'NONE',  #3141 ) ;
#10523 = LINE ( 'NONE', #10576, #1090 ) ;
#10524 = ORIENTED_EDGE ( 'NONE', *, *, #2808, .T. ) ;
#10525 = EDGE_CURVE ( 'NONE', #3227, #4122, #8742, .T. ) ;
#10526 = DIRECTION ( 'NONE',  ( 0.5773502691896239547, -0.5773502691896289507, -0.5773502691896245098 ) ) ;
#10527 =( NAMED_UNIT ( * ) SI_UNIT ( $, .STERADIAN. ) SOLID_ANGLE_UNIT ( ) );
#10528 = FILL_AREA_STYLE_COLOUR ( '', #2485 ) ;
#10529 = PRESENTATION_LAYER_ASSIGNMENT (  '', '', ( #9418 ) ) ;
#10531 = DIRECTION ( 'NONE',  ( 1.927470528863119542E-16, -1.000000000000000000, 0.0000000000000000000 ) ) ;
#10530 = MECHANICAL_DESIGN_GEOMETRIC_PRESENTATION_REPRESENTATION (  '', ( #5704 ), #5155 ) ;
#10532 = ORIENTED_EDGE ( 'NONE', *, *, #3097, .F. ) ;
#10533 = ADVANCED_FACE ( 'NONE', ( #2730 ), #9729, .F. ) ;
#10534 = PRESENTATION_LAYER_ASSIGNMENT (  '', '', ( #1050 ) ) ;
#10535 = AXIS2_PLACEMENT_3D ( 'NONE', #2151, #3939, #205 ) ;
#10536 = ORIENTED_EDGE ( 'NONE', *, *, #7654, .F. ) ;
#10537 = VECTOR ( 'NONE', #6270, 1000.000000000000000 ) ;
#10538 = SURFACE_STYLE_FILL_AREA ( #5148 ) ;
#10539 = CARTESIAN_POINT ( 'NONE',  ( 4.049999999999999822, 0.0000000000000000000, -2.050000000000001599 ) ) ;
#10540 =( LENGTH_UNIT ( ) NAMED_UNIT ( * ) SI_UNIT ( .MILLI., .METRE. ) );
#10541 = ORIENTED_EDGE ( 'NONE', *, *, #8357, .T. ) ;
#10542 = ORIENTED_EDGE ( 'NONE', *, *, #6212, .F. ) ;
#10543 = VERTEX_POINT ( 'NONE', #881 ) ;
#10544 = UNCERTAINTY_MEASURE_WITH_UNIT (LENGTH_MEASURE( 1.000000000000000082E-05 ), #9995, 'distance_accuracy_value', 'NONE');
#10545 =( NAMED_UNIT ( * ) SI_UNIT ( $, .STERADIAN. ) SOLID_ANGLE_UNIT ( ) );
#10546 = SURFACE_SIDE_STYLE ('',( #10366 ) ) ;
#10547 = PRESENTATION_STYLE_ASSIGNMENT (( #3683 ) ) ;
#10548 = ORIENTED_EDGE ( 'NONE', *, *, #10788, .F. ) ;
#10549 = SURFACE_SIDE_STYLE ('',( #3463 ) ) ;
#10550 = COLOUR_RGB ( '',1.000000000000000000, 1.000000000000000000, 1.000000000000000000 ) ;
#10551 = CARTESIAN_POINT ( 'NONE',  ( -1.180000000000000160, 2.250000000000000000, 1.700000000000000178 ) ) ;
#10552 = STYLED_ITEM ( 'NONE', ( #1467 ), #9203 ) ;
#10553 = ORIENTED_EDGE ( 'NONE', *, *, #9858, .F. ) ;
#10554 =( NAMED_UNIT ( * ) SI_UNIT ( $, .STERADIAN. ) SOLID_ANGLE_UNIT ( ) );
#10555 = CARTESIAN_POINT ( 'NONE',  ( 2.699999999999999734, 0.1999999999999999833, -2.800000000000000266 ) ) ;
#10556 = FILL_AREA_STYLE ('',( #6210 ) ) ;
#10557 = CARTESIAN_POINT ( 'NONE',  ( 15.94999999999999929, 4.500000000000000888, 0.3200000000000017275 ) ) ;
#10558 = MECHANICAL_DESIGN_GEOMETRIC_PRESENTATION_REPRESENTATION (  '', ( #10733 ), #7957 ) ;
#10559 = CARTESIAN_POINT ( 'NONE',  ( 15.94999999999999929, 6.000000000000000000, 1.699999999999999289 ) ) ;
#10560 = STYLED_ITEM ( 'NONE', ( #4248 ), #7679 ) ;
#10561 = LINE ( 'NONE', #2640, #524 ) ;
#10562 = LINE ( 'NONE', #3477, #7531 ) ;
#10563 = EDGE_LOOP ( 'NONE', ( #2547, #7441, #6598, #9218 ) ) ;
#10564 = ORIENTED_EDGE ( 'NONE', *, *, #4679, .F. ) ;
#10565 = SURFACE_SIDE_STYLE ('',( #3591 ) ) ;
#10566 = LINE ( 'NONE', #2735, #3073 ) ;
#10567 = ADVANCED_FACE ( 'NONE', ( #98 ), #3573, .F. ) ;
#10568 =( GEOMETRIC_REPRESENTATION_CONTEXT ( 3 ) GLOBAL_UNCERTAINTY_ASSIGNED_CONTEXT ( ( #3706 ) ) GLOBAL_UNIT_ASSIGNED_CONTEXT ( ( #11077, #7785, #7730 ) ) REPRESENTATION_CONTEXT ( 'NONE', 'WORKASPACE' ) );
#10569 = VECTOR ( 'NONE', #5686, 1000.000000000000114 ) ;
#10570 = EDGE_CURVE ( 'NONE', #2876, #3340, #9089, .T. ) ;
#10571 = ADVANCED_FACE ( 'NONE', ( #10127 ), #7337, .F. ) ;
#10572 = FACE_OUTER_BOUND ( 'NONE', #1812, .T. ) ;
#10573 = CARTESIAN_POINT ( 'NONE',  ( 7.750000000000000000, -3.399999999999999911, -0.2499999999999997780 ) ) ;
#10574 = VECTOR ( 'NONE', #11356, 1000.000000000000000 ) ;
#10575 = DIRECTION ( 'NONE',  ( 1.000000000000000000, 0.0000000000000000000, 0.0000000000000000000 ) ) ;
#10576 = CARTESIAN_POINT ( 'NONE',  ( 12.25000000000000000, -3.399999999999999911, -0.1499999999999969136 ) ) ;
#10577 = DIRECTION ( 'NONE',  ( 3.872150616019660190E-17, 1.000000000000000000, -0.0000000000000000000 ) ) ;
#10578 = PRESENTATION_STYLE_ASSIGNMENT (( #7027 ) ) ;
#10579 = AXIS2_PLACEMENT_3D ( 'NONE', #9620, #3448, #1617 ) ;
#10580 = ADVANCED_FACE ( 'NONE', ( #6469 ), #9258, .F. ) ;
#10581 = SURFACE_STYLE_FILL_AREA ( #6975 ) ;
#10582 = PRESENTATION_STYLE_ASSIGNMENT (( #6237 ) ) ;
#10583 = ORIENTED_EDGE ( 'NONE', *, *, #1979, .F. ) ;
#10584 = STYLED_ITEM ( 'NONE', ( #8683 ), #10382 ) ;
#10585 = PRESENTATION_LAYER_ASSIGNMENT (  '', '', ( #2014 ) ) ;
#10586 =( NAMED_UNIT ( * ) SI_UNIT ( $, .STERADIAN. ) SOLID_ANGLE_UNIT ( ) );
#10587 = VECTOR ( 'NONE', #6636, 1000.000000000000000 ) ;
#10588 = LINE ( 'NONE', #5209, #2996 ) ;
#10589 = UNCERTAINTY_MEASURE_WITH_UNIT (LENGTH_MEASURE( 1.000000000000000082E-05 ), #10918, 'distance_accuracy_value', 'NONE');
#10590 = EDGE_CURVE ( 'NONE', #4085, #8518, #2138, .T. ) ;
#10591 = PLANE ( 'NONE',  #8619 ) ;
#10592 = ORIENTED_EDGE ( 'NONE', *, *, #4810, .T. ) ;
#10593 = VECTOR ( 'NONE', #10300, 1000.000000000000000 ) ;
#10594 = AXIS2_PLACEMENT_3D ( 'NONE', #3965, #9361, #9303 ) ;
#10595 =( GEOMETRIC_REPRESENTATION_CONTEXT ( 3 ) GLOBAL_UNCERTAINTY_ASSIGNED_CONTEXT ( ( #6193 ) ) GLOBAL_UNIT_ASSIGNED_CONTEXT ( ( #10462, #698, #6918 ) ) REPRESENTATION_CONTEXT ( 'NONE', 'WORKASPACE' ) );
#10596 = AXIS2_PLACEMENT_3D ( 'NONE', #9655, #8719, #755 ) ;
#10597 = CARTESIAN_POINT ( 'NONE',  ( 15.34999999999999964, 5.649999999999998579, -2.350000000000001865 ) ) ;
#10598 = CARTESIAN_POINT ( 'NONE',  ( 8.250000000000000000, 0.2000000000000000111, 0.2500000000000002220 ) ) ;
#10599 = FILL_AREA_STYLE_COLOUR ( '', #744 ) ;
#10600 = DIRECTION ( 'NONE',  ( 0.0000000000000000000, 1.000000000000000000, 0.0000000000000000000 ) ) ;
#10601 = FILL_AREA_STYLE ('',( #8091 ) ) ;
#10602 = VECTOR ( 'NONE', #7076, 1000.000000000000000 ) ;
#10603 = VECTOR ( 'NONE', #10940, 1000.000000000000000 ) ;
#10604 = ORIENTED_EDGE ( 'NONE', *, *, #10729, .T. ) ;
#10605 = CARTESIAN_POINT ( 'NONE',  ( 0.0000000000000000000, -3.541421356237309581, 0.0000000000000000000 ) ) ;
#10606 = MECHANICAL_DESIGN_GEOMETRIC_PRESENTATION_REPRESENTATION (  '', ( #2611 ), #213 ) ;
#10607 =( GEOMETRIC_REPRESENTATION_CONTEXT ( 3 ) GLOBAL_UNCERTAINTY_ASSIGNED_CONTEXT ( ( #6632 ) ) GLOBAL_UNIT_ASSIGNED_CONTEXT ( ( #2344, #6671, #507 ) ) REPRESENTATION_CONTEXT ( 'NONE', 'WORKASPACE' ) );
#10608 = CARTESIAN_POINT ( 'NONE',  ( 10.24999999999999822, -3.299999999999997158, -0.2499999999999997780 ) ) ;
#10609 =( GEOMETRIC_REPRESENTATION_CONTEXT ( 3 ) GLOBAL_UNCERTAINTY_ASSIGNED_CONTEXT ( ( #5436 ) ) GLOBAL_UNIT_ASSIGNED_CONTEXT ( ( #3631, #6151, #11446 ) ) REPRESENTATION_CONTEXT ( 'NONE', 'WORKASPACE' ) );
#10610 = SURFACE_STYLE_USAGE ( .BOTH. , #10925 ) ;
#10611 = STYLED_ITEM ( 'NONE', ( #8904 ), #1925 ) ;
#10612 = DIRECTION ( 'NONE',  ( 0.0000000000000000000, -0.0000000000000000000, 1.000000000000000000 ) ) ;
#10613 = ORIENTED_EDGE ( 'NONE', *, *, #9602, .F. ) ;
#10614 = PRESENTATION_LAYER_ASSIGNMENT (  '', '', ( #4142 ) ) ;
#10615 = LINE ( 'NONE', #10718, #8971 ) ;
#10616 = LINE ( 'NONE', #4567, #7073 ) ;
#10617 = VECTOR ( 'NONE', #2967, 1000.000000000000000 ) ;
#10618 = ORIENTED_EDGE ( 'NONE', *, *, #5389, .F. ) ;
#10619 = ORIENTED_EDGE ( 'NONE', *, *, #1503, .F. ) ;
#10620 = LINE ( 'NONE', #3475, #2552 ) ;
#10621 = SURFACE_STYLE_USAGE ( .BOTH. , #2464 ) ;
#10622 = ORIENTED_EDGE ( 'NONE', *, *, #8025, .T. ) ;
#10623 =( LENGTH_UNIT ( ) NAMED_UNIT ( * ) SI_UNIT ( .MILLI., .METRE. ) );
#10624 = PLANE ( 'NONE',  #8478 ) ;
#10625 = SURFACE_STYLE_USAGE ( .BOTH. , #4584 ) ;
#10626 = UNCERTAINTY_MEASURE_WITH_UNIT (LENGTH_MEASURE( 1.000000000000000082E-05 ), #919, 'distance_accuracy_value', 'NONE');
#10627 =( NAMED_UNIT ( * ) PLANE_ANGLE_UNIT ( ) SI_UNIT ( $, .RADIAN. ) );
#10628 = VERTEX_POINT ( 'NONE', #3870 ) ;
#10629 = LINE ( 'NONE', #2651, #411 ) ;
#10630 = SURFACE_SIDE_STYLE ('',( #2815 ) ) ;
#10631 = CARTESIAN_POINT ( 'NONE',  ( -1.700000000000002620, 6.000000000000000000, -2.350000000000001421 ) ) ;
#10632 =( GEOMETRIC_REPRESENTATION_CONTEXT ( 3 ) GLOBAL_UNCERTAINTY_ASSIGNED_CONTEXT ( ( #6137 ) ) GLOBAL_UNIT_ASSIGNED_CONTEXT ( ( #8114, #10845, #2755 ) ) REPRESENTATION_CONTEXT ( 'NONE', 'WORKASPACE' ) );
#10633 = CARTESIAN_POINT ( 'NONE',  ( 15.17999999999999972, 4.230000000000001315, 1.249999999999997558 ) ) ;
#10634 = SURFACE_STYLE_FILL_AREA ( #9605 ) ;
#10635 = LINE ( 'NONE', #1600, #4100 ) ;
#10636 = SURFACE_STYLE_FILL_AREA ( #7090 ) ;
#10637 =( LENGTH_UNIT ( ) NAMED_UNIT ( * ) SI_UNIT ( .MILLI., .METRE. ) );
#10638 = ADVANCED_FACE ( 'NONE', ( #5725 ), #6532, .T. ) ;
#10639 = FILL_AREA_STYLE ('',( #8065 ) ) ;
#10640 = AXIS2_PLACEMENT_3D ( 'NONE', #4936, #3116, #3894 ) ;
#10641 = EDGE_CURVE ( 'NONE', #412, #7551, #5020, .T. ) ;
#10642 = LINE ( 'NONE', #2660, #2421 ) ;
#10643 = DIRECTION ( 'NONE',  ( 1.000000000000000000, -5.421010862427522170E-17, 0.0000000000000000000 ) ) ;
#10644 =( NAMED_UNIT ( * ) PLANE_ANGLE_UNIT ( ) SI_UNIT ( $, .RADIAN. ) );
#10645 = PRESENTATION_LAYER_ASSIGNMENT (  '', '', ( #4902 ) ) ;
#10646 = FILL_AREA_STYLE ('',( #816 ) ) ;
#10647 = FILL_AREA_STYLE ('',( #7099 ) ) ;
#10648 = EDGE_CURVE ( 'NONE', #8337, #3518, #6014, .T. ) ;
#10649 =( NAMED_UNIT ( * ) PLANE_ANGLE_UNIT ( ) SI_UNIT ( $, .RADIAN. ) );
#10650 = FILL_AREA_STYLE_COLOUR ( '', #10766 ) ;
#10651 = VERTEX_POINT ( 'NONE', #4104 ) ;
#10652 =( LENGTH_UNIT ( ) NAMED_UNIT ( * ) SI_UNIT ( .MILLI., .METRE. ) );
#10653 = ORIENTED_EDGE ( 'NONE', *, *, #4718, .T. ) ;
#10654 = FILL_AREA_STYLE ('',( #7222 ) ) ;
#10655 = SURFACE_SIDE_STYLE ('',( #10765 ) ) ;
#10656 = LINE ( 'NONE', #8979, #1463 ) ;
#10657 = SURFACE_SIDE_STYLE ('',( #7115 ) ) ;
#10658 = LINE ( 'NONE', #1632, #10147 ) ;
#10660 = STYLED_ITEM ( 'NONE', ( #2969 ), #1103 ) ;
#10659 = LINE ( 'NONE', #2684, #393 ) ;
#10661 = FILL_AREA_STYLE ('',( #838 ) ) ;
#10662 = DIRECTION ( 'NONE',  ( 3.872150616019660190E-17, 1.000000000000000000, -0.0000000000000000000 ) ) ;
#10663 =( NAMED_UNIT ( * ) PLANE_ANGLE_UNIT ( ) SI_UNIT ( $, .RADIAN. ) );
#10664 = PRESENTATION_STYLE_ASSIGNMENT (( #52 ) ) ;
#10665 = EDGE_LOOP ( 'NONE', ( #7202, #4208, #374, #8505 ) ) ;
#10666 = AXIS2_PLACEMENT_3D ( 'NONE', #10539, #6928, #10425 ) ;
#10667 = DIRECTION ( 'NONE',  ( -9.103382349328301547E-49, -2.350988701644575016E-32, -1.000000000000000000 ) ) ;
#10668 = DIRECTION ( 'NONE',  ( 0.5773502691896206240, -0.5773502691896356120, 0.5773502691896210681 ) ) ;
#10669 = ORIENTED_EDGE ( 'NONE', *, *, #2442, .T. ) ;
#10670 = FILL_AREA_STYLE_COLOUR ( '', #8092 ) ;
#10671 = PRESENTATION_STYLE_ASSIGNMENT (( #1861 ) ) ;
#10672 = DIRECTION ( 'NONE',  ( 0.0000000000000000000, -1.000000000000000000, 0.0000000000000000000 ) ) ;
#10673 = UNCERTAINTY_MEASURE_WITH_UNIT (LENGTH_MEASURE( 1.000000000000000082E-05 ), #11244, 'distance_accuracy_value', 'NONE');
#10674 =( NAMED_UNIT ( * ) SI_UNIT ( $, .STERADIAN. ) SOLID_ANGLE_UNIT ( ) );
#10675 = FILL_AREA_STYLE ('',( #8951 ) ) ;
#10676 = ORIENTED_EDGE ( 'NONE', *, *, #10590, .F. ) ;
#10677 = DIRECTION ( 'NONE',  ( 0.5773502691896259531, 0.5773502691896259531, 0.5773502691896253980 ) ) ;
#10678 = LINE ( 'NONE', #9759, #9300 ) ;
#10679 = FILL_AREA_STYLE ('',( #7952 ) ) ;
#10680 = AXIS2_PLACEMENT_3D ( 'NONE', #4726, #5504, #2015 ) ;
#10681 =( LENGTH_UNIT ( ) NAMED_UNIT ( * ) SI_UNIT ( .MILLI., .METRE. ) );
#10682 = DIRECTION ( 'NONE',  ( 3.872150616019660190E-17, 1.000000000000000000, -0.0000000000000000000 ) ) ;
#10683 = ORIENTED_EDGE ( 'NONE', *, *, #4982, .T. ) ;
#10684 = CARTESIAN_POINT ( 'NONE',  ( 1.250000000000000666, 3.399999999999999467, -2.050000000000001599 ) ) ;
#10685 = SURFACE_SIDE_STYLE ('',( #920 ) ) ;
#10686 = PRESENTATION_LAYER_ASSIGNMENT (  '', '', ( #9405 ) ) ;
#10687 = VECTOR ( 'NONE', #6047, 1000.000000000000000 ) ;
#10688 = ORIENTED_EDGE ( 'NONE', *, *, #9301, .F. ) ;
#10689 = EDGE_CURVE ( 'NONE', #8341, #3976, #9321, .T. ) ;
#10690 = MECHANICAL_DESIGN_GEOMETRIC_PRESENTATION_REPRESENTATION (  '', ( #6811 ), #2712 ) ;
#10691 = VECTOR ( 'NONE', #4304, 1000.000000000000000 ) ;
#10692 = FACE_OUTER_BOUND ( 'NONE', #732, .T. ) ;
#10693 = EDGE_CURVE ( 'NONE', #5196, #1458, #7562, .T. ) ;
#10694 =( GEOMETRIC_REPRESENTATION_CONTEXT ( 3 ) GLOBAL_UNCERTAINTY_ASSIGNED_CONTEXT ( ( #351 ) ) GLOBAL_UNIT_ASSIGNED_CONTEXT ( ( #11225, #11273, #10323 ) ) REPRESENTATION_CONTEXT ( 'NONE', 'WORKASPACE' ) );
#10695 = FILL_AREA_STYLE ('',( #766 ) ) ;
#10696 = ADVANCED_FACE ( 'NONE', ( #1437 ), #2258, .T. ) ;
#10697 = VECTOR ( 'NONE', #8643, 1000.000000000000000 ) ;
#10698 = CARTESIAN_POINT ( 'NONE',  ( 3.750000000000000444, -3.399999999999999911, 0.2500000000000002220 ) ) ;
#10699 = SURFACE_SIDE_STYLE ('',( #822 ) ) ;
#10700 = AXIS2_PLACEMENT_3D ( 'NONE', #8100, #1850, #8988 ) ;
#10701 = ORIENTED_EDGE ( 'NONE', *, *, #8893, .T. ) ;
#10702 = VECTOR ( 'NONE', #2471, 1000.000000000000000 ) ;
#10703 = EDGE_CURVE ( 'NONE', #734, #5498, #5143, .T. ) ;
#10704 = LINE ( 'NONE', #2728, #11249 ) ;
#10705 = EDGE_CURVE ( 'NONE', #7551, #10479, #4907, .T. ) ;
#10706 = SURFACE_STYLE_USAGE ( .BOTH. , #144 ) ;
#10707 = DIRECTION ( 'NONE',  ( 0.0000000000000000000, 0.7071067811865493491, -0.7071067811865457964 ) ) ;
#10708 = LINE ( 'NONE', #41, #3533 ) ;
#10709 = VERTEX_POINT ( 'NONE', #8673 ) ;
#10710 = FILL_AREA_STYLE_COLOUR ( '', #995 ) ;
#10711 = MECHANICAL_DESIGN_GEOMETRIC_PRESENTATION_REPRESENTATION (  '', ( #7363 ), #294 ) ;
#10712 = MECHANICAL_DESIGN_GEOMETRIC_PRESENTATION_REPRESENTATION (  '', ( #873 ), #3866 ) ;
#10713 = DIRECTION ( 'NONE',  ( -1.000000000000000000, 3.872150616019660190E-17, -0.0000000000000000000 ) ) ;
#10714 = LINE ( 'NONE', #4563, #6627 ) ;
#10715 =( LENGTH_UNIT ( ) NAMED_UNIT ( * ) SI_UNIT ( .MILLI., .METRE. ) );
#10716 = CARTESIAN_POINT ( 'NONE',  ( 11.85000000000000320, -3.399999999999999911, -0.1499999999999969136 ) ) ;
#10717 = EDGE_CURVE ( 'NONE', #10208, #9626, #11208, .T. ) ;
#10718 = CARTESIAN_POINT ( 'NONE',  ( 12.25000000000000000, -3.399999999999999911, -0.2499999999999997780 ) ) ;
#10719 = FILL_AREA_STYLE ('',( #7177 ) ) ;
#10720 = CARTESIAN_POINT ( 'NONE',  ( 2.150000000000000355, -3.399999999999999911, 0.2500000000000002220 ) ) ;
#10721 = ORIENTED_EDGE ( 'NONE', *, *, #2009, .F. ) ;
#10722 = SURFACE_STYLE_USAGE ( .BOTH. , #5351 ) ;
#10723 = VECTOR ( 'NONE', #8015, 1000.000000000000000 ) ;
#10724 = EDGE_LOOP ( 'NONE', ( #1361, #4913, #7195, #10863 ) ) ;
#10725 = LINE ( 'NONE', #1912, #2891 ) ;
#10726 = ORIENTED_EDGE ( 'NONE', *, *, #8357, .F. ) ;
#10727 = FILL_AREA_STYLE_COLOUR ( '', #6594 ) ;
#10728 = CARTESIAN_POINT ( 'NONE',  ( 15.34999999999999964, 1.799999999999999600, 1.249999999999997558 ) ) ;
#10729 = EDGE_CURVE ( 'NONE', #6634, #2295, #9501, .T. ) ;
#10730 =( NAMED_UNIT ( * ) SI_UNIT ( $, .STERADIAN. ) SOLID_ANGLE_UNIT ( ) );
#10731 = ORIENTED_EDGE ( 'NONE', *, *, #2905, .T. ) ;
#10732 = CARTESIAN_POINT ( 'NONE',  ( 10.15000000000000213, 5.100000000000001421, -2.800000000000000266 ) ) ;
#10733 = STYLED_ITEM ( 'NONE', ( #261 ), #8454 ) ;
#10734 = PRESENTATION_LAYER_ASSIGNMENT (  '', '', ( #3691 ) ) ;
#10735 = DIRECTION ( 'NONE',  ( 0.0000000000000000000, -0.0000000000000000000, 1.000000000000000000 ) ) ;
#10736 = CARTESIAN_POINT ( 'NONE',  ( 7.750000000000000000, -3.399999999999999911, -0.2499999999999997780 ) ) ;
#10737 = DIRECTION ( 'NONE',  ( -1.000000000000000000, 5.421010862427522170E-17, 0.0000000000000000000 ) ) ;
#10738 = PLANE ( 'NONE',  #3714 ) ;
#10739 =( NAMED_UNIT ( * ) PLANE_ANGLE_UNIT ( ) SI_UNIT ( $, .RADIAN. ) );
#10740 = ORIENTED_EDGE ( 'NONE', *, *, #6870, .T. ) ;
#10741 = CARTESIAN_POINT ( 'NONE',  ( -1.350000000000000089, -17.08361788380903690, 1.249999999999997558 ) ) ;
#10742 = STYLED_ITEM ( 'NONE', ( #4455 ), #8669 ) ;
#10743 =( NAMED_UNIT ( * ) PLANE_ANGLE_UNIT ( ) SI_UNIT ( $, .RADIAN. ) );
#10744 =( LENGTH_UNIT ( ) NAMED_UNIT ( * ) SI_UNIT ( .MILLI., .METRE. ) );
#10745 = EDGE_CURVE ( 'NONE', #4985, #11286, #4041, .T. ) ;
#10746 = CARTESIAN_POINT ( 'NONE',  ( 1.250000000000000666, 3.399999999999999467, -2.300000000000003375 ) ) ;
#10747 = SURFACE_STYLE_USAGE ( .BOTH. , #8195 ) ;
#10748 =( GEOMETRIC_REPRESENTATION_CONTEXT ( 3 ) GLOBAL_UNCERTAINTY_ASSIGNED_CONTEXT ( ( #6548 ) ) GLOBAL_UNIT_ASSIGNED_CONTEXT ( ( #865, #7025, #1715 ) ) REPRESENTATION_CONTEXT ( 'NONE', 'WORKASPACE' ) );
#10749 = UNCERTAINTY_MEASURE_WITH_UNIT (LENGTH_MEASURE( 1.000000000000000082E-05 ), #6531, 'distance_accuracy_value', 'NONE');
#10750 = STYLED_ITEM ( 'NONE', ( #9705 ), #9015 ) ;
#10751 = UNCERTAINTY_MEASURE_WITH_UNIT (LENGTH_MEASURE( 1.000000000000000082E-05 ), #3503, 'distance_accuracy_value', 'NONE');
#10752 = FILL_AREA_STYLE_COLOUR ( '', #9316 ) ;
#10753 = CARTESIAN_POINT ( 'NONE',  ( 12.25000000000000000, -3.399999999999999911, 0.2500000000000002220 ) ) ;
#10754 = UNCERTAINTY_MEASURE_WITH_UNIT (LENGTH_MEASURE( 1.000000000000000082E-05 ), #1983, 'distance_accuracy_value', 'NONE');
#10755 = DIRECTION ( 'NONE',  ( -5.421010862427522170E-17, -1.000000000000000000, 2.350988701644575016E-32 ) ) ;
#10756 = SURFACE_STYLE_FILL_AREA ( #8259 ) ;
#10757 = EDGE_CURVE ( 'NONE', #9002, #6473, #2197, .T. ) ;
#10758 = VECTOR ( 'NONE', #11035, 1000.000000000000000 ) ;
#10759 = VECTOR ( 'NONE', #993, 1000.000000000000000 ) ;
#10760 = MECHANICAL_DESIGN_GEOMETRIC_PRESENTATION_REPRESENTATION (  '', ( #2766 ), #7242 ) ;
#10761 =( LENGTH_UNIT ( ) NAMED_UNIT ( * ) SI_UNIT ( .MILLI., .METRE. ) );
#10762 = ORIENTED_EDGE ( 'NONE', *, *, #8159, .F. ) ;
#10763 = EDGE_CURVE ( 'NONE', #9734, #1834, #2491, .T. ) ;
#10764 = DIRECTION ( 'NONE',  ( -0.0000000000000000000, -0.0000000000000000000, 1.000000000000000000 ) ) ;
#10765 = SURFACE_STYLE_FILL_AREA ( #5331 ) ;
#10766 = COLOUR_RGB ( '',1.000000000000000000, 0.8117647058823529438, 0.5019607843137254832 ) ;
#10767 = CARTESIAN_POINT ( 'NONE',  ( 14.24999999999999822, 5.000000000000000888, 0.2500000000000002220 ) ) ;
#10768 = CARTESIAN_POINT ( 'NONE',  ( 2.050000000000000266, 5.100000000000001421, 0.1500000000000025757 ) ) ;
#10769 = COLOUR_RGB ( '',1.000000000000000000, 1.000000000000000000, 1.000000000000000000 ) ;
#10770 = DIRECTION ( 'NONE',  ( 1.095153709581317921E-16, -1.000000000000000000, 0.0000000000000000000 ) ) ;
#10771 = ADVANCED_FACE ( 'NONE', ( #7862 ), #9614, .F. ) ;
#10772 = COLOUR_RGB ( '',1.000000000000000000, 1.000000000000000000, 1.000000000000000000 ) ;
#10773 =( NAMED_UNIT ( * ) PLANE_ANGLE_UNIT ( ) SI_UNIT ( $, .RADIAN. ) );
#10774 = EDGE_CURVE ( 'NONE', #5186, #11324, #8328, .T. ) ;
#10775 = PRESENTATION_LAYER_ASSIGNMENT (  '', '', ( #1120 ) ) ;
#10776 = DIRECTION ( 'NONE',  ( 0.0000000000000000000, 0.0000000000000000000, -1.000000000000000000 ) ) ;
#10777 =( LENGTH_UNIT ( ) NAMED_UNIT ( * ) SI_UNIT ( .MILLI., .METRE. ) );
#10778 = LINE ( 'NONE', #10573, #6415 ) ;
#10779 = MECHANICAL_DESIGN_GEOMETRIC_PRESENTATION_REPRESENTATION (  '', ( #42 ), #11320 ) ;
#10780 = LINE ( 'NONE', #10720, #4260 ) ;
#10781 = VERTEX_POINT ( 'NONE', #1277 ) ;
#10782 = CARTESIAN_POINT ( 'NONE',  ( -1.350000000000000089, -17.08361788380903690, 1.249999999999997558 ) ) ;
#10783 = EDGE_LOOP ( 'NONE', ( #4633, #9170, #2496, #3259 ) ) ;
#10784 = CARTESIAN_POINT ( 'NONE',  ( 10.75000000000000000, 3.149999999999999023, -2.050000000000001599 ) ) ;
#10785 = ORIENTED_EDGE ( 'NONE', *, *, #8135, .T. ) ;
#10786 = DIRECTION ( 'NONE',  ( 1.000000000000000000, -5.421010862427522170E-17, 0.0000000000000000000 ) ) ;
#10787 = UNCERTAINTY_MEASURE_WITH_UNIT (LENGTH_MEASURE( 1.000000000000000082E-05 ), #2509, 'distance_accuracy_value', 'NONE');
#10788 = EDGE_CURVE ( 'NONE', #934, #2086, #6545, .T. ) ;
#10789 = AXIS2_PLACEMENT_3D ( 'NONE', #7232, #4418, #3514 ) ;
#10790 =( NAMED_UNIT ( * ) PLANE_ANGLE_UNIT ( ) SI_UNIT ( $, .RADIAN. ) );
#10791 =( GEOMETRIC_REPRESENTATION_CONTEXT ( 3 ) GLOBAL_UNCERTAINTY_ASSIGNED_CONTEXT ( ( #10865 ) ) GLOBAL_UNIT_ASSIGNED_CONTEXT ( ( #9833, #7043, #6993 ) ) REPRESENTATION_CONTEXT ( 'NONE', 'WORKASPACE' ) );
#10792 = VECTOR ( 'NONE', #5715, 1000.000000000000000 ) ;
#10793 = SURFACE_STYLE_USAGE ( .BOTH. , #5361 ) ;
#10794 = DIRECTION ( 'NONE',  ( 0.0000000000000000000, -0.7071067811865451302, 0.7071067811865500152 ) ) ;
#10795 = SURFACE_SIDE_STYLE ('',( #9174 ) ) ;
#10796 =( NAMED_UNIT ( * ) SI_UNIT ( $, .STERADIAN. ) SOLID_ANGLE_UNIT ( ) );
#10797 = DIRECTION ( 'NONE',  ( -0.0000000000000000000, 0.7071067811865500152, 0.7071067811865451302 ) ) ;
#10798 = DIRECTION ( 'NONE',  ( 1.000000000000000000, 1.668003342285391551E-16, 0.0000000000000000000 ) ) ;
#10799 = LINE ( 'NONE', #6626, #4042 ) ;
#10800 = ORIENTED_EDGE ( 'NONE', *, *, #2379, .T. ) ;
#10801 = ORIENTED_EDGE ( 'NONE', *, *, #6027, .T. ) ;
#10802 = STYLED_ITEM ( 'NONE', ( #6962 ), #2077 ) ;
#10803 = LINE ( 'NONE', #980, #8017 ) ;
#10804 = CARTESIAN_POINT ( 'NONE',  ( 10.24999999999999822, -3.299999999999997158, -0.2499999999999997780 ) ) ;
#10805 = ORIENTED_EDGE ( 'NONE', *, *, #7494, .T. ) ;
#10806 =( NAMED_UNIT ( * ) SI_UNIT ( $, .STERADIAN. ) SOLID_ANGLE_UNIT ( ) );
#10807 = CARTESIAN_POINT ( 'NONE',  ( 4.750000000000000888, 3.399999999999999467, -2.050000000000001599 ) ) ;
#10808 = FILL_AREA_STYLE ('',( #1777 ) ) ;
#10809 = DIRECTION ( 'NONE',  ( -1.084202172485504237E-15, -1.000000000000000000, 0.0000000000000000000 ) ) ;
#10810 = ORIENTED_EDGE ( 'NONE', *, *, #9657, .F. ) ;
#10811 = ORIENTED_EDGE ( 'NONE', *, *, #4327, .F. ) ;
#10812 = VECTOR ( 'NONE', #3682, 1000.000000000000114 ) ;
#10813 = PRESENTATION_STYLE_ASSIGNMENT (( #4675 ) ) ;
#10814 = CARTESIAN_POINT ( 'NONE',  ( 13.25000000000000178, 3.149999999999999023, -2.050000000000001599 ) ) ;
#10815 = DIRECTION ( 'NONE',  ( -3.872150616019660190E-17, -1.000000000000000000, 0.0000000000000000000 ) ) ;
#10816 = LINE ( 'NONE', #5558, #9681 ) ;
#10817 = ORIENTED_EDGE ( 'NONE', *, *, #5878, .F. ) ;
#10818 = CARTESIAN_POINT ( 'NONE',  ( 15.94999999999999929, 1.380000000000004334, 1.700000000000000178 ) ) ;
#10819 = CARTESIAN_POINT ( 'NONE',  ( 13.74999999999999822, -3.399999999999999911, 0.2500000000000002220 ) ) ;
#10820 = FILL_AREA_STYLE_COLOUR ( '', #8342 ) ;
#10821 = VECTOR ( 'NONE', #5847, 1000.000000000000000 ) ;
#10822 = AXIS2_PLACEMENT_3D ( 'NONE', #4419, #5662, #9684 ) ;
#10823 = ADVANCED_FACE ( 'NONE', ( #8393 ), #2030, .F. ) ;
#10824 =( LENGTH_UNIT ( ) NAMED_UNIT ( * ) SI_UNIT ( .MILLI., .METRE. ) );
#10825 =( NAMED_UNIT ( * ) SI_UNIT ( $, .STERADIAN. ) SOLID_ANGLE_UNIT ( ) );
#10826 =( NAMED_UNIT ( * ) PLANE_ANGLE_UNIT ( ) SI_UNIT ( $, .RADIAN. ) );
#10827 = UNCERTAINTY_MEASURE_WITH_UNIT (LENGTH_MEASURE( 1.000000000000000082E-05 ), #6378, 'distance_accuracy_value', 'NONE');
#10828 = DIRECTION ( 'NONE',  ( 0.0000000000000000000, -0.0000000000000000000, 1.000000000000000000 ) ) ;
#10829 =( GEOMETRIC_REPRESENTATION_CONTEXT ( 3 ) GLOBAL_UNCERTAINTY_ASSIGNED_CONTEXT ( ( #819 ) ) GLOBAL_UNIT_ASSIGNED_CONTEXT ( ( #9327, #10130, #3030 ) ) REPRESENTATION_CONTEXT ( 'NONE', 'WORKASPACE' ) );
#10830 = CARTESIAN_POINT ( 'NONE',  ( 15.94999999999999929, 0.0000000000000000000, -2.800000000000000711 ) ) ;
#10831 = PRESENTATION_STYLE_ASSIGNMENT (( #7523 ) ) ;
#10832 = ORIENTED_EDGE ( 'NONE', *, *, #2073, .T. ) ;
#10833 = ADVANCED_FACE ( 'NONE', ( #5515 ), #7308, .F. ) ;
#10834 = ORIENTED_EDGE ( 'NONE', *, *, #11177, .F. ) ;
#10835 = ORIENTED_EDGE ( 'NONE', *, *, #265, .T. ) ;
#10836 = EDGE_CURVE ( 'NONE', #7635, #10316, #8053, .T. ) ;
#10837 = STYLED_ITEM ( 'NONE', ( #6608 ), #3221 ) ;
#10838 = CARTESIAN_POINT ( 'NONE',  ( 8.699999999999999289, 0.1999999999999999833, 1.700000000000000178 ) ) ;
#10839 = SURFACE_STYLE_USAGE ( .BOTH. , #7411 ) ;
#10840 = ORIENTED_EDGE ( 'NONE', *, *, #9438, .T. ) ;
#10841 = VECTOR ( 'NONE', #2082, 1000.000000000000000 ) ;
#10842 = SURFACE_STYLE_USAGE ( .BOTH. , #8235 ) ;
#10843 = ORIENTED_EDGE ( 'NONE', *, *, #120, .F. ) ;
#10844 = STYLED_ITEM ( 'NONE', ( #3331 ), #3510 ) ;
#10845 =( NAMED_UNIT ( * ) PLANE_ANGLE_UNIT ( ) SI_UNIT ( $, .RADIAN. ) );
#10846 = FILL_AREA_STYLE ('',( #5362 ) ) ;
#10847 = PRESENTATION_STYLE_ASSIGNMENT (( #3783 ) ) ;
#10848 = EDGE_CURVE ( 'NONE', #11111, #5608, #121, .T. ) ;
#10849 =( NAMED_UNIT ( * ) SI_UNIT ( $, .STERADIAN. ) SOLID_ANGLE_UNIT ( ) );
#10850 =( NAMED_UNIT ( * ) PLANE_ANGLE_UNIT ( ) SI_UNIT ( $, .RADIAN. ) );
#10851 = CARTESIAN_POINT ( 'NONE',  ( 12.25000000000000000, -3.299999999999997158, -0.2499999999999997780 ) ) ;
#10852 = EDGE_LOOP ( 'NONE', ( #8756, #9757, #10217, #5046 ) ) ;
#10853 = PRESENTATION_STYLE_ASSIGNMENT (( #11070 ) ) ;
#10854 = CARTESIAN_POINT ( 'NONE',  ( 15.17999999999999972, 4.230000000000001315, 1.249999999999997558 ) ) ;
#10855 = COLOUR_RGB ( '',1.000000000000000000, 1.000000000000000000, 1.000000000000000000 ) ;
#10856 = AXIS2_PLACEMENT_3D ( 'NONE', #8168, #217, #7132 ) ;
#10857 = CARTESIAN_POINT ( 'NONE',  ( 14.67999999999999794, 6.000000000000000000, 1.599999999999999867 ) ) ;
#10858 = VECTOR ( 'NONE', #4968, 1000.000000000000000 ) ;
#10859 = PRESENTATION_STYLE_ASSIGNMENT (( #5491 ) ) ;
#10860 =( NAMED_UNIT ( * ) SI_UNIT ( $, .STERADIAN. ) SOLID_ANGLE_UNIT ( ) );
#10861 = UNCERTAINTY_MEASURE_WITH_UNIT (LENGTH_MEASURE( 1.000000000000000082E-05 ), #4517, 'distance_accuracy_value', 'NONE');
#10862 = DIRECTION ( 'NONE',  ( -1.000000000000000000, 3.872150616019660190E-17, 0.0000000000000000000 ) ) ;
#10863 = ORIENTED_EDGE ( 'NONE', *, *, #6967, .F. ) ;
#10864 = FACE_OUTER_BOUND ( 'NONE', #4570, .T. ) ;
#10865 = UNCERTAINTY_MEASURE_WITH_UNIT (LENGTH_MEASURE( 1.000000000000000082E-05 ), #9833, 'distance_accuracy_value', 'NONE');
#10866 = PRESENTATION_LAYER_ASSIGNMENT (  '', '', ( #6251 ) ) ;
#10867 = CARTESIAN_POINT ( 'NONE',  ( 8.699999999999999289, 0.1999999999999999833, -2.800000000000000266 ) ) ;
#10868 = ORIENTED_EDGE ( 'NONE', *, *, #3341, .T. ) ;
#10869 = VECTOR ( 'NONE', #9796, 1000.000000000000000 ) ;
#10870 = EDGE_CURVE ( 'NONE', #578, #11142, #6329, .T. ) ;
#10871 = ORIENTED_EDGE ( 'NONE', *, *, #1935, .T. ) ;
#10872 = MECHANICAL_DESIGN_GEOMETRIC_PRESENTATION_REPRESENTATION (  '', ( #2889 ), #3850 ) ;
#10873 = VECTOR ( 'NONE', #7467, 1000.000000000000000 ) ;
#10874 = SURFACE_SIDE_STYLE ('',( #8438 ) ) ;
#10875 = DIRECTION ( 'NONE',  ( -1.927470528863119542E-16, 1.000000000000000000, 0.0000000000000000000 ) ) ;
#10876 = FACE_OUTER_BOUND ( 'NONE', #7248, .T. ) ;
#10877 =( LENGTH_UNIT ( ) NAMED_UNIT ( * ) SI_UNIT ( .MILLI., .METRE. ) );
#10878 = PRESENTATION_STYLE_ASSIGNMENT (( #6588 ) ) ;
#10879 = CARTESIAN_POINT ( 'NONE',  ( 5.299999999999998934, 0.0000000000000000000, -2.800000000000000266 ) ) ;
#10880 = PLANE ( 'NONE',  #1757 ) ;
#10881 = DIRECTION ( 'NONE',  ( -1.000000000000000000, 0.0000000000000000000, 1.368320445974695775E-17 ) ) ;
#10882 = DIRECTION ( 'NONE',  ( -1.000000000000000000, 0.0000000000000000000, -0.0000000000000000000 ) ) ;
#10883 = SURFACE_STYLE_FILL_AREA ( #8221 ) ;
#10884 = EDGE_CURVE ( 'NONE', #4926, #8737, #3534, .T. ) ;
#10885 = EDGE_CURVE ( 'NONE', #9907, #601, #2754, .T. ) ;
#10886 = CARTESIAN_POINT ( 'NONE',  ( 12.25000000000000000, -3.299999999999997158, -0.2499999999999997780 ) ) ;
#10887 = CARTESIAN_POINT ( 'NONE',  ( 0.0000000000000000000, 0.0000000000000000000, 0.0000000000000000000 ) ) ;
#10888 =( NAMED_UNIT ( * ) PLANE_ANGLE_UNIT ( ) SI_UNIT ( $, .RADIAN. ) );
#10889 = ORIENTED_EDGE ( 'NONE', *, *, #6516, .T. ) ;
#10890 = VECTOR ( 'NONE', #7042, 1000.000000000000000 ) ;
#10891 = ORIENTED_EDGE ( 'NONE', *, *, #1960, .F. ) ;
#10892 = CARTESIAN_POINT ( 'NONE',  ( 4.049999999999999822, -3.399999999999999911, -2.800000000000000266 ) ) ;
#10893 = LINE ( 'NONE', #8230, #8446 ) ;
#10894 = PLANE ( 'NONE',  #11271 ) ;
#10895 = CARTESIAN_POINT ( 'NONE',  ( 14.24999999999999822, 0.2000000000000000111, -2.800000000000000266 ) ) ;
#10896 = ORIENTED_EDGE ( 'NONE', *, *, #7229, .T. ) ;
#10897 = ORIENTED_EDGE ( 'NONE', *, *, #10270, .F. ) ;
#10898 =( LENGTH_UNIT ( ) NAMED_UNIT ( * ) SI_UNIT ( .MILLI., .METRE. ) );
#10899 = ADVANCED_FACE ( 'NONE', ( #908 ), #1867, .T. ) ;
#10900 = DIRECTION ( 'NONE',  ( -1.000000000000000000, 5.421010862427522170E-17, 0.0000000000000000000 ) ) ;
#10901 = EDGE_LOOP ( 'NONE', ( #9868, #1811, #5671, #8404 ) ) ;
#10902 = FILL_AREA_STYLE_COLOUR ( '', #8691 ) ;
#10903 = FILL_AREA_STYLE_COLOUR ( '', #2957 ) ;
#10904 = CARTESIAN_POINT ( 'NONE',  ( 4.250000000000000000, -3.399999999999999911, 0.2500000000000002220 ) ) ;
#10905 = CARTESIAN_POINT ( 'NONE',  ( 15.17999999999999972, 2.250000000000001776, 1.249999999999997558 ) ) ;
#10906 = SURFACE_STYLE_FILL_AREA ( #2230 ) ;
#10907 = DIRECTION ( 'NONE',  ( 0.0000000000000000000, -1.000000000000000000, 0.0000000000000000000 ) ) ;
#10908 = SURFACE_STYLE_USAGE ( .BOTH. , #7373 ) ;
#10909 = ADVANCED_FACE ( 'NONE', ( #166 ), #2874, .F. ) ;
#10910 = COLOUR_RGB ( '',1.000000000000000000, 1.000000000000000000, 1.000000000000000000 ) ;
#10911 = ADVANCED_FACE ( 'NONE', ( #3835 ), #2106, .F. ) ;
#10912 =( LENGTH_UNIT ( ) NAMED_UNIT ( * ) SI_UNIT ( .MILLI., .METRE. ) );
#10913 = CARTESIAN_POINT ( 'NONE',  ( 14.22000000000000064, 4.230000000000001315, 1.599999999999999867 ) ) ;
#10914 = PLANE ( 'NONE',  #4018 ) ;
#10915 = SURFACE_STYLE_FILL_AREA ( #3072 ) ;
#10916 = VECTOR ( 'NONE', #3544, 1000.000000000000000 ) ;
#10917 = ORIENTED_EDGE ( 'NONE', *, *, #4582, .F. ) ;
#10918 =( LENGTH_UNIT ( ) NAMED_UNIT ( * ) SI_UNIT ( .MILLI., .METRE. ) );
#10919 = CARTESIAN_POINT ( 'NONE',  ( 3.299999999999999378, 0.2000000000000000389, -2.800000000000000266 ) ) ;
#10920 =( NAMED_UNIT ( * ) SI_UNIT ( $, .STERADIAN. ) SOLID_ANGLE_UNIT ( ) );
#10921 = EDGE_CURVE ( 'NONE', #578, #4965, #3891, .T. ) ;
#10922 = VECTOR ( 'NONE', #6002, 1000.000000000000000 ) ;
#10923 = VECTOR ( 'NONE', #6860, 1000.000000000000000 ) ;
#10924 = STYLED_ITEM ( 'NONE', ( #1366 ), #8011 ) ;
#10925 = SURFACE_SIDE_STYLE ('',( #7058 ) ) ;
#10926 = SURFACE_STYLE_FILL_AREA ( #3679 ) ;
#10927 = FILL_AREA_STYLE ('',( #7504 ) ) ;
#10928 = FILL_AREA_STYLE_COLOUR ( '', #10338 ) ;
#10929 = DIRECTION ( 'NONE',  ( -4.336808689942017736E-16, 1.679277644031839923E-32, -1.000000000000000000 ) ) ;
#10930 = EDGE_CURVE ( 'NONE', #3821, #4614, #2932, .T. ) ;
#10931 = COLOUR_RGB ( '',1.000000000000000000, 1.000000000000000000, 1.000000000000000000 ) ;
#10932 = CARTESIAN_POINT ( 'NONE',  ( 12.69999999999999929, 0.0000000000000000000, -2.800000000000000266 ) ) ;
#10933 = VERTEX_POINT ( 'NONE', #6494 ) ;
#10934 = LINE ( 'NONE', #10879, #10841 ) ;
#10935 = EDGE_LOOP ( 'NONE', ( #3100, #3826, #2072, #10092, #2877, #5769 ) ) ;
#10936 = DIRECTION ( 'NONE',  ( -1.000000000000000000, 5.421010862427522170E-17, 0.0000000000000000000 ) ) ;
#10937 = VECTOR ( 'NONE', #6295, 1000.000000000000000 ) ;
#10938 = CARTESIAN_POINT ( 'NONE',  ( 10.24999999999999822, 0.2000000000000000111, -2.800000000000000266 ) ) ;
#10939 = UNCERTAINTY_MEASURE_WITH_UNIT (LENGTH_MEASURE( 1.000000000000000082E-05 ), #5475, 'distance_accuracy_value', 'NONE');
#10940 = DIRECTION ( 'NONE',  ( 1.000000000000000000, 0.0000000000000000000, -3.246114288878755706E-17 ) ) ;
#10941 = DIRECTION ( 'NONE',  ( 9.103382349328301547E-49, 2.350988701644575016E-32, 1.000000000000000000 ) ) ;
#10942 = ORIENTED_EDGE ( 'NONE', *, *, #2522, .F. ) ;
#10943 =( GEOMETRIC_REPRESENTATION_CONTEXT ( 3 ) GLOBAL_UNCERTAINTY_ASSIGNED_CONTEXT ( ( #4716 ) ) GLOBAL_UNIT_ASSIGNED_CONTEXT ( ( #7461, #9967, #8272 ) ) REPRESENTATION_CONTEXT ( 'NONE', 'WORKASPACE' ) );
#10944 = COLOUR_RGB ( '',1.000000000000000000, 0.8117647058823529438, 0.5019607843137254832 ) ;
#10945 = FACE_OUTER_BOUND ( 'NONE', #8493, .T. ) ;
#10946 =( GEOMETRIC_REPRESENTATION_CONTEXT ( 3 ) GLOBAL_UNCERTAINTY_ASSIGNED_CONTEXT ( ( #4775 ) ) GLOBAL_UNIT_ASSIGNED_CONTEXT ( ( #8610, #4837, #10120 ) ) REPRESENTATION_CONTEXT ( 'NONE', 'WORKASPACE' ) );
#10947 = DIRECTION ( 'NONE',  ( -0.0000000000000000000, -0.0000000000000000000, 1.000000000000000000 ) ) ;
#10948 = FILL_AREA_STYLE ('',( #2043 ) ) ;
#10949 = ORIENTED_EDGE ( 'NONE', *, *, #9171, .T. ) ;
#10950 = ORIENTED_EDGE ( 'NONE', *, *, #9282, .F. ) ;
#10951 = CARTESIAN_POINT ( 'NONE',  ( -1.350000000000000089, 5.649999999999998579, -2.350000000000001421 ) ) ;
#10952 = ORIENTED_EDGE ( 'NONE', *, *, #4057, .T. ) ;
#10953 = VECTOR ( 'NONE', #5814, 1000.000000000000000 ) ;
#10954 = CARTESIAN_POINT ( 'NONE',  ( 10.69999999999999929, 0.0000000000000000000, 1.700000000000000178 ) ) ;
#10955 =( GEOMETRIC_REPRESENTATION_CONTEXT ( 3 ) GLOBAL_UNCERTAINTY_ASSIGNED_CONTEXT ( ( #5831 ) ) GLOBAL_UNIT_ASSIGNED_CONTEXT ( ( #1918, #10790, #8007 ) ) REPRESENTATION_CONTEXT ( 'NONE', 'WORKASPACE' ) );
#10956 = ORIENTED_EDGE ( 'NONE', *, *, #7292, .F. ) ;
#10957 = DIRECTION ( 'NONE',  ( -0.0000000000000000000, -0.0000000000000000000, 1.000000000000000000 ) ) ;
#10958 = DIRECTION ( 'NONE',  ( -0.0000000000000000000, 0.7071067811865500152, 0.7071067811865451302 ) ) ;
#10959 =( NAMED_UNIT ( * ) PLANE_ANGLE_UNIT ( ) SI_UNIT ( $, .RADIAN. ) );
#10960 = COLOUR_RGB ( '',1.000000000000000000, 0.8117647058823529438, 0.5019607843137254832 ) ;
#10961 = COLOUR_RGB ( '',1.000000000000000000, 1.000000000000000000, 1.000000000000000000 ) ;
#10962 = CARTESIAN_POINT ( 'NONE',  ( 9.750000000000000000, -3.399999999999999911, 0.2500000000000002220 ) ) ;
#10963 = AXIS2_PLACEMENT_3D ( 'NONE', #2772, #2002, #1829 ) ;
#10964 = PRESENTATION_LAYER_ASSIGNMENT (  '', '', ( #3179 ) ) ;
#10965 = COLOUR_RGB ( '',1.000000000000000000, 0.8117647058823529438, 0.5019607843137254832 ) ;
#10966 = MECHANICAL_DESIGN_GEOMETRIC_PRESENTATION_REPRESENTATION (  '', ( #770 ), #11147 ) ;
#10967 = FACE_OUTER_BOUND ( 'NONE', #1320, .T. ) ;
#10968 = ORIENTED_EDGE ( 'NONE', *, *, #8025, .F. ) ;
#10969 = SURFACE_STYLE_FILL_AREA ( #7275 ) ;
#10970 = EDGE_CURVE ( 'NONE', #5261, #5581, #10154, .T. ) ;
#10971 = FILL_AREA_STYLE_COLOUR ( '', #5258 ) ;
#10972 = FILL_AREA_STYLE ('',( #9943 ) ) ;
#10973 = CARTESIAN_POINT ( 'NONE',  ( 14.67999999999999794, 6.000000000000000000, 1.599999999999999867 ) ) ;
#10974 = DIRECTION ( 'NONE',  ( 0.5773502691896226224, 0.5773502691896326144, 0.5773502691896220673 ) ) ;
#10975 = EDGE_LOOP ( 'NONE', ( #1881, #4789, #3285, #10184, #1818, #8780 ) ) ;
#10976 = DIRECTION ( 'NONE',  ( 1.927470528863119542E-16, -1.000000000000000000, 0.0000000000000000000 ) ) ;
#10977 = ORIENTED_EDGE ( 'NONE', *, *, #1460, .T. ) ;
#10978 =( NAMED_UNIT ( * ) PLANE_ANGLE_UNIT ( ) SI_UNIT ( $, .RADIAN. ) );
#10979 = CARTESIAN_POINT ( 'NONE',  ( 15.94999999999999929, 1.380000000000004334, 1.300000000000000044 ) ) ;
#10980 = FACE_OUTER_BOUND ( 'NONE', #6009, .T. ) ;
#10981 = AXIS2_PLACEMENT_3D ( 'NONE', #6097, #8817, #1523 ) ;
#10982 = EDGE_CURVE ( 'NONE', #8166, #2614, #382, .T. ) ;
#10983 = ORIENTED_EDGE ( 'NONE', *, *, #9289, .F. ) ;
#10984 = SURFACE_SIDE_STYLE ('',( #11037 ) ) ;
#10985 = SURFACE_STYLE_USAGE ( .BOTH. , #3873 ) ;
#10986 = ORIENTED_EDGE ( 'NONE', *, *, #10229, .T. ) ;
#10987 = CARTESIAN_POINT ( 'NONE',  ( 0.6999999999999992895, 0.1999999999999999833, 1.700000000000000178 ) ) ;
#10988 = PLANE ( 'NONE',  #6256 ) ;
#10989 =( LENGTH_UNIT ( ) NAMED_UNIT ( * ) SI_UNIT ( .MILLI., .METRE. ) );
#10990 = VERTEX_POINT ( 'NONE', #10951 ) ;
#10991 = MECHANICAL_DESIGN_GEOMETRIC_PRESENTATION_REPRESENTATION (  '', ( #9540 ), #3410 ) ;
#10992 = SURFACE_SIDE_STYLE ('',( #8220 ) ) ;
#10993 = SURFACE_SIDE_STYLE ('',( #10883 ) ) ;
#10994 = DIRECTION ( 'NONE',  ( -1.114542791890761911E-31, -1.000000000000000000, 5.782411586589358625E-16 ) ) ;
#10995 = LINE ( 'NONE', #10830, #7820 ) ;
#10996 = SURFACE_STYLE_USAGE ( .BOTH. , #8277 ) ;
#10997 = DIRECTION ( 'NONE',  ( 0.0000000000000000000, 0.0000000000000000000, -1.000000000000000000 ) ) ;
#10998 = EDGE_LOOP ( 'NONE', ( #8716, #3150, #4877, #4989 ) ) ;
#10999 = ORIENTED_EDGE ( 'NONE', *, *, #4262, .T. ) ;
#11000 = MECHANICAL_DESIGN_GEOMETRIC_PRESENTATION_REPRESENTATION (  '', ( #7300 ), #7309 ) ;
#11001 = LINE ( 'NONE', #9278, #7322 ) ;
#11002 = ORIENTED_EDGE ( 'NONE', *, *, #9784, .T. ) ;
#11003 = VERTEX_POINT ( 'NONE', #8288 ) ;
#11004 = FILL_AREA_STYLE_COLOUR ( '', #2032 ) ;
#11005 = CARTESIAN_POINT ( 'NONE',  ( 4.749999999999999112, 3.400000000000000355, -2.350000000000001865 ) ) ;
#11006 = COLOUR_RGB ( '',1.000000000000000000, 1.000000000000000000, 1.000000000000000000 ) ;
#11007 = STYLED_ITEM ( 'NONE', ( #2513 ), #903 ) ;
#11008 = DIRECTION ( 'NONE',  ( 1.927470528863119542E-16, -1.000000000000000000, 0.0000000000000000000 ) ) ;
#11009 = CARTESIAN_POINT ( 'NONE',  ( 2.250000000000000000, 5.000000000000004441, -0.2499999999999997780 ) ) ;
#11010 = DIRECTION ( 'NONE',  ( -0.0000000000000000000, 0.7071067811865457964, 0.7071067811865492381 ) ) ;
#11011 = VECTOR ( 'NONE', #1504, 1000.000000000000000 ) ;
#11012 = CARTESIAN_POINT ( 'NONE',  ( 14.14999999999999503, -3.399999999999999911, -2.800000000000000266 ) ) ;
#11013 = FILL_AREA_STYLE ('',( #5004 ) ) ;
#11014 = VERTEX_POINT ( 'NONE', #2048 ) ;
#11015 = VERTEX_POINT ( 'NONE', #8343 ) ;
#11016 =( LENGTH_UNIT ( ) NAMED_UNIT ( * ) SI_UNIT ( .MILLI., .METRE. ) );
#11017 = UNCERTAINTY_MEASURE_WITH_UNIT (LENGTH_MEASURE( 1.000000000000000082E-05 ), #7201, 'distance_accuracy_value', 'NONE');
#11018 = FILL_AREA_STYLE ('',( #1248 ) ) ;
#11019 = EDGE_CURVE ( 'NONE', #5142, #455, #3053, .T. ) ;
#11020 = VECTOR ( 'NONE', #8941, 1000.000000000000000 ) ;
#11021 = CARTESIAN_POINT ( 'NONE',  ( 11.75000000000000000, 1.800000000000000044, -0.2499999999999997780 ) ) ;
#11022 = SURFACE_STYLE_FILL_AREA ( #3860 ) ;
#11023 = EDGE_CURVE ( 'NONE', #8820, #11188, #2163, .T. ) ;
#11024 = CARTESIAN_POINT ( 'NONE',  ( 12.84999999999999787, 6.000000000000001776, -2.801000000000000600 ) ) ;
#11025 = CARTESIAN_POINT ( 'NONE',  ( -0.7000000000000005107, 0.0000000000000000000, 1.700000000000000178 ) ) ;
#11026 = ORIENTED_EDGE ( 'NONE', *, *, #5767, .T. ) ;
#11027 = EDGE_CURVE ( 'NONE', #5663, #11076, #437, .T. ) ;
#11028 = COLOUR_RGB ( '',1.000000000000000000, 1.000000000000000000, 1.000000000000000000 ) ;
#11029 = FACE_OUTER_BOUND ( 'NONE', #2339, .T. ) ;
#11030 = DIRECTION ( 'NONE',  ( 1.000000000000000000, 0.0000000000000000000, 0.0000000000000000000 ) ) ;
#11031 = ADVANCED_FACE ( 'NONE', ( #3115 ), #10207, .T. ) ;
#11032 = LINE ( 'NONE', #1958, #7869 ) ;
#11033 = CARTESIAN_POINT ( 'NONE',  ( -0.1500000000000008271, -3.399999999999999911, -0.2499999999999997780 ) ) ;
#11034 =( NAMED_UNIT ( * ) PLANE_ANGLE_UNIT ( ) SI_UNIT ( $, .RADIAN. ) );
#11035 = DIRECTION ( 'NONE',  ( -1.752245935330108477E-15, -1.000000000000000000, 0.0000000000000000000 ) ) ;
#11036 = EDGE_LOOP ( 'NONE', ( #2279, #7037, #5823, #1603 ) ) ;
#11037 = SURFACE_STYLE_FILL_AREA ( #2849 ) ;
#11038 = ORIENTED_EDGE ( 'NONE', *, *, #67, .T. ) ;
#11039 =( LENGTH_UNIT ( ) NAMED_UNIT ( * ) SI_UNIT ( .MILLI., .METRE. ) );
#11040 = VERTEX_POINT ( 'NONE', #4129 ) ;
#11041 = CARTESIAN_POINT ( 'NONE',  ( 11.25000000000000000, 1.149999999999999911, -2.350000000000001865 ) ) ;
#11042 = DIRECTION ( 'NONE',  ( 1.927470528863119542E-16, -1.000000000000000000, 0.0000000000000000000 ) ) ;
#11043 = EDGE_CURVE ( 'NONE', #2233, #3698, #8629, .T. ) ;
#11044 = ADVANCED_FACE ( 'NONE', ( #7653 ), #9581, .F. ) ;
#11045 =( GEOMETRIC_REPRESENTATION_CONTEXT ( 3 ) GLOBAL_UNCERTAINTY_ASSIGNED_CONTEXT ( ( #4475 ) ) GLOBAL_UNIT_ASSIGNED_CONTEXT ( ( #2272, #10314, #3163 ) ) REPRESENTATION_CONTEXT ( 'NONE', 'WORKASPACE' ) );
#11046 = PLANE ( 'NONE',  #7451 ) ;
#11047 = VECTOR ( 'NONE', #2365, 1000.000000000000000 ) ;
#11048 =( GEOMETRIC_REPRESENTATION_CONTEXT ( 3 ) GLOBAL_UNCERTAINTY_ASSIGNED_CONTEXT ( ( #5168 ) ) GLOBAL_UNIT_ASSIGNED_CONTEXT ( ( #5354, #5576, #8109 ) ) REPRESENTATION_CONTEXT ( 'NONE', 'WORKASPACE' ) );
#11049 = FILL_AREA_STYLE ('',( #4857 ) ) ;
#11050 = SURFACE_SIDE_STYLE ('',( #9161 ) ) ;
#11051 =( NAMED_UNIT ( * ) SI_UNIT ( $, .STERADIAN. ) SOLID_ANGLE_UNIT ( ) );
#11052 = EDGE_LOOP ( 'NONE', ( #10726, #11173, #5812, #2609 ) ) ;
#11053 = PRESENTATION_LAYER_ASSIGNMENT (  '', '', ( #4225 ) ) ;
#11054 = EDGE_LOOP ( 'NONE', ( #7509, #9852, #6931, #10950 ) ) ;
#11055 = PLANE ( 'NONE',  #487 ) ;
#11056 = VECTOR ( 'NONE', #1112, 999.9999999999998863 ) ;
#11057 = PRESENTATION_STYLE_ASSIGNMENT (( #10839 ) ) ;
#11058 = ORIENTED_EDGE ( 'NONE', *, *, #11311, .F. ) ;
#11059 = ADVANCED_FACE ( 'NONE', ( #1577 ), #10443, .F. ) ;
#11060 = ORIENTED_EDGE ( 'NONE', *, *, #6087, .T. ) ;
#11061 = DIRECTION ( 'NONE',  ( 0.0000000000000000000, -0.0000000000000000000, 1.000000000000000000 ) ) ;
#11062 =( NAMED_UNIT ( * ) SI_UNIT ( $, .STERADIAN. ) SOLID_ANGLE_UNIT ( ) );
#11063 = AXIS2_PLACEMENT_3D ( 'NONE', #2919, #6482, #2980 ) ;
#11064 = SURFACE_STYLE_FILL_AREA ( #9173 ) ;
#11065 = SURFACE_SIDE_STYLE ('',( #1524 ) ) ;
#11066 = CARTESIAN_POINT ( 'NONE',  ( 8.050000000000000711, 5.100000000000001421, 0.1500000000000042966 ) ) ;
#11067 = SURFACE_SIDE_STYLE ('',( #4013 ) ) ;
#11068 = EDGE_CURVE ( 'NONE', #9329, #1664, #11340, .T. ) ;
#11069 = CARTESIAN_POINT ( 'NONE',  ( 15.70000000000000284, 6.000000000000000000, -0.6800000000000018252 ) ) ;
#11070 = SURFACE_STYLE_USAGE ( .BOTH. , #4764 ) ;
#11071 =( NAMED_UNIT ( * ) SI_UNIT ( $, .STERADIAN. ) SOLID_ANGLE_UNIT ( ) );
#11072 =( LENGTH_UNIT ( ) NAMED_UNIT ( * ) SI_UNIT ( .MILLI., .METRE. ) );
#11073 = CARTESIAN_POINT ( 'NONE',  ( 15.34999999999999964, -17.08361788380903690, 1.249999999999997558 ) ) ;
#11074 = ORIENTED_EDGE ( 'NONE', *, *, #10400, .F. ) ;
#11075 = EDGE_LOOP ( 'NONE', ( #9188, #11398, #5102, #3401 ) ) ;
#11076 = VERTEX_POINT ( 'NONE', #8527 ) ;
#11077 =( LENGTH_UNIT ( ) NAMED_UNIT ( * ) SI_UNIT ( .MILLI., .METRE. ) );
#11078 = PLANE ( 'NONE',  #5059 ) ;
#11079 = ORIENTED_EDGE ( 'NONE', *, *, #3535, .F. ) ;
#11080 =( NAMED_UNIT ( * ) PLANE_ANGLE_UNIT ( ) SI_UNIT ( $, .RADIAN. ) );
#11081 = AXIS2_PLACEMENT_3D ( 'NONE', #2818, #9175, #9924 ) ;
#11082 = EDGE_CURVE ( 'NONE', #9306, #9622, #1793, .T. ) ;
#11083 = ORIENTED_EDGE ( 'NONE', *, *, #7057, .T. ) ;
#11084 = COLOUR_RGB ( '',1.000000000000000000, 0.8117647058823529438, 0.5019607843137254832 ) ;
#11085 = ORIENTED_EDGE ( 'NONE', *, *, #445, .F. ) ;
#11086 = MECHANICAL_DESIGN_GEOMETRIC_PRESENTATION_REPRESENTATION (  '', ( #3691 ), #10001 ) ;
#11087 = LINE ( 'NONE', #1383, #10821 ) ;
#11088 = SURFACE_STYLE_USAGE ( .BOTH. , #5783 ) ;
#11089 = ORIENTED_EDGE ( 'NONE', *, *, #6613, .F. ) ;
#11090 = FILL_AREA_STYLE ('',( #9385 ) ) ;
#11091 = VECTOR ( 'NONE', #4433, 1000.000000000000000 ) ;
#11092 = ORIENTED_EDGE ( 'NONE', *, *, #4679, .T. ) ;
#11093 = FACE_OUTER_BOUND ( 'NONE', #11036, .T. ) ;
#11094 = SURFACE_SIDE_STYLE ('',( #4915 ) ) ;
#11095 = COLOUR_RGB ( '',1.000000000000000000, 0.8117647058823529438, 0.5019607843137254832 ) ;
#11096 = DIRECTION ( 'NONE',  ( 0.0000000000000000000, -0.0000000000000000000, -1.000000000000000000 ) ) ;
#11097 = VECTOR ( 'NONE', #11353, 1000.000000000000000 ) ;
#11098 = CARTESIAN_POINT ( 'NONE',  ( 3.750000000000000444, -3.399999999999999911, 0.2500000000000002220 ) ) ;
#11099 = LINE ( 'NONE', #3223, #9240 ) ;
#11100 = LINE ( 'NONE', #6600, #8403 ) ;
#11101 = CARTESIAN_POINT ( 'NONE',  ( 15.34999999999999964, 5.649999999999998579, -0.6799999999999982725 ) ) ;
#11102 = DIRECTION ( 'NONE',  ( -5.421010862427522170E-17, -1.000000000000000000, 2.350988701644575016E-32 ) ) ;
#11103 = VECTOR ( 'NONE', #10526, 1000.000000000000114 ) ;
#11104 = FILL_AREA_STYLE_COLOUR ( '', #8133 ) ;
#11105 = ORIENTED_EDGE ( 'NONE', *, *, #10136, .T. ) ;
#11106 = EDGE_LOOP ( 'NONE', ( #1485, #10408, #10319, #675 ) ) ;
#11107 = CARTESIAN_POINT ( 'NONE',  ( 12.75000000000000178, 3.149999999999999467, -2.050000000000002043 ) ) ;
#11108 = EDGE_CURVE ( 'NONE', #8960, #3929, #10659, .T. ) ;
#11109 = LINE ( 'NONE', #3229, #3991 ) ;
#11110 = DIRECTION ( 'NONE',  ( -3.833233541708433496E-17, -0.7071067811865472397, 0.7071067811865479058 ) ) ;
#11111 = VERTEX_POINT ( 'NONE', #9683 ) ;
#11112 = PRESENTATION_STYLE_ASSIGNMENT (( #1349 ) ) ;
#11113 = ORIENTED_EDGE ( 'NONE', *, *, #10372, .F. ) ;
#11114 =( GEOMETRIC_REPRESENTATION_CONTEXT ( 3 ) GLOBAL_UNCERTAINTY_ASSIGNED_CONTEXT ( ( #6801 ) ) GLOBAL_UNIT_ASSIGNED_CONTEXT ( ( #6643, #3089, #7750 ) ) REPRESENTATION_CONTEXT ( 'NONE', 'WORKASPACE' ) );
#11115 = CARTESIAN_POINT ( 'NONE',  ( 8.250000000000000000, -3.299999999999997158, -0.2499999999999997780 ) ) ;
#11116 = CARTESIAN_POINT ( 'NONE',  ( 11.84999999999999432, 5.100000000000001421, -0.1500000000000073219 ) ) ;
#11117 =( GEOMETRIC_REPRESENTATION_CONTEXT ( 3 ) GLOBAL_UNCERTAINTY_ASSIGNED_CONTEXT ( ( #9059 ) ) GLOBAL_UNIT_ASSIGNED_CONTEXT ( ( #10256, #6883, #2208 ) ) REPRESENTATION_CONTEXT ( 'NONE', 'WORKASPACE' ) );
#11118 =( LENGTH_UNIT ( ) NAMED_UNIT ( * ) SI_UNIT ( .MILLI., .METRE. ) );
#11119 = LINE ( 'NONE', #8410, #1975 ) ;
#11120 = STYLED_ITEM ( 'NONE', ( #931 ), #6123 ) ;
#11121 = SURFACE_STYLE_FILL_AREA ( #7596 ) ;
#11122 = SURFACE_STYLE_USAGE ( .BOTH. , #7481 ) ;
#11123 = ADVANCED_FACE ( 'NONE', ( #4461 ), #8925, .F. ) ;
#11124 = CARTESIAN_POINT ( 'NONE',  ( 0.2499999999999997780, -3.299999999999998490, 0.2500000000000002220 ) ) ;
#11125 = CARTESIAN_POINT ( 'NONE',  ( -1.350000000000000089, 5.649999999999998579, -2.350000000000001421 ) ) ;
#11126 = SURFACE_STYLE_FILL_AREA ( #6676 ) ;
#11127 = MECHANICAL_DESIGN_GEOMETRIC_PRESENTATION_REPRESENTATION (  '', ( #31 ), #6512 ) ;
#11128 = VERTEX_POINT ( 'NONE', #1003 ) ;
#11129 =( GEOMETRIC_REPRESENTATION_CONTEXT ( 3 ) GLOBAL_UNCERTAINTY_ASSIGNED_CONTEXT ( ( #3969 ) ) GLOBAL_UNIT_ASSIGNED_CONTEXT ( ( #10681, #1990, #278 ) ) REPRESENTATION_CONTEXT ( 'NONE', 'WORKASPACE' ) );
#11130 =( NAMED_UNIT ( * ) PLANE_ANGLE_UNIT ( ) SI_UNIT ( $, .RADIAN. ) );
#11131 = DIRECTION ( 'NONE',  ( 1.000000000000000000, 0.0000000000000000000, 0.0000000000000000000 ) ) ;
#11132 = LINE ( 'NONE', #4889, #6691 ) ;
#11133 = FILL_AREA_STYLE ('',( #2241 ) ) ;
#11134 = EDGE_LOOP ( 'NONE', ( #5249, #2689, #1546, #4044 ) ) ;
#11135 = STYLED_ITEM ( 'NONE', ( #1635 ), #11044 ) ;
#11136 = FILL_AREA_STYLE ('',( #4256 ) ) ;
#11137 = UNCERTAINTY_MEASURE_WITH_UNIT (LENGTH_MEASURE( 1.000000000000000082E-05 ), #3262, 'distance_accuracy_value', 'NONE');
#11138 = VECTOR ( 'NONE', #6550, 1000.000000000000114 ) ;
#11139 = PRESENTATION_LAYER_ASSIGNMENT (  '', '', ( #945 ) ) ;
#11140 =( GEOMETRIC_REPRESENTATION_CONTEXT ( 3 ) GLOBAL_UNCERTAINTY_ASSIGNED_CONTEXT ( ( #2669 ) ) GLOBAL_UNIT_ASSIGNED_CONTEXT ( ( #9083, #11080, #4901 ) ) REPRESENTATION_CONTEXT ( 'NONE', 'WORKASPACE' ) );
#11141 =( GEOMETRIC_REPRESENTATION_CONTEXT ( 3 ) GLOBAL_UNCERTAINTY_ASSIGNED_CONTEXT ( ( #11017 ) ) GLOBAL_UNIT_ASSIGNED_CONTEXT ( ( #7201, #10739, #3603 ) ) REPRESENTATION_CONTEXT ( 'NONE', 'WORKASPACE' ) );
#11142 = VERTEX_POINT ( 'NONE', #5394 ) ;
#11143 =( NAMED_UNIT ( * ) PLANE_ANGLE_UNIT ( ) SI_UNIT ( $, .RADIAN. ) );
#11144 =( LENGTH_UNIT ( ) NAMED_UNIT ( * ) SI_UNIT ( .MILLI., .METRE. ) );
#11145 =( LENGTH_UNIT ( ) NAMED_UNIT ( * ) SI_UNIT ( .MILLI., .METRE. ) );
#11146 = ORIENTED_EDGE ( 'NONE', *, *, #3101, .T. ) ;
#11147 =( GEOMETRIC_REPRESENTATION_CONTEXT ( 3 ) GLOBAL_UNCERTAINTY_ASSIGNED_CONTEXT ( ( #8080 ) ) GLOBAL_UNIT_ASSIGNED_CONTEXT ( ( #3937, #2089, #4738 ) ) REPRESENTATION_CONTEXT ( 'NONE', 'WORKASPACE' ) );
#11148 = ORIENTED_EDGE ( 'NONE', *, *, #11183, .F. ) ;
#11149 = LINE ( 'NONE', #5722, #5345 ) ;
#11150 = VECTOR ( 'NONE', #4448, 1000.000000000000000 ) ;
#11151 =( NAMED_UNIT ( * ) SI_UNIT ( $, .STERADIAN. ) SOLID_ANGLE_UNIT ( ) );
#11152 = EDGE_LOOP ( 'NONE', ( #7239, #9658, #2273, #6092 ) ) ;
#11153 = DIRECTION ( 'NONE',  ( 1.000000000000000000, 0.0000000000000000000, 0.0000000000000000000 ) ) ;
#11154 = SURFACE_STYLE_FILL_AREA ( #1558 ) ;
#11155 = ORIENTED_EDGE ( 'NONE', *, *, #7610, .F. ) ;
#11156 = VERTEX_POINT ( 'NONE', #3468 ) ;
#11157 =( NAMED_UNIT ( * ) SI_UNIT ( $, .STERADIAN. ) SOLID_ANGLE_UNIT ( ) );
#11158 = ORIENTED_EDGE ( 'NONE', *, *, #11019, .F. ) ;
#11159 = DIRECTION ( 'NONE',  ( -0.0000000000000000000, -0.0000000000000000000, 1.000000000000000000 ) ) ;
#11160 = MECHANICAL_DESIGN_GEOMETRIC_PRESENTATION_REPRESENTATION (  '', ( #10255 ), #229 ) ;
#11161 = LINE ( 'NONE', #10186, #2323 ) ;
#11162 = AXIS2_PLACEMENT_3D ( 'NONE', #7140, #1813, #10735 ) ;
#11163 = LINE ( 'NONE', #9513, #425 ) ;
#11164 = PLANE ( 'NONE',  #8165 ) ;
#11165 = SURFACE_SIDE_STYLE ('',( #1568 ) ) ;
#11166 = PLANE ( 'NONE',  #9449 ) ;
#11167 = VERTEX_POINT ( 'NONE', #154 ) ;
#11168 = VERTEX_POINT ( 'NONE', #948 ) ;
#11169 = VERTEX_POINT ( 'NONE', #6314 ) ;
#11170 =( LENGTH_UNIT ( ) NAMED_UNIT ( * ) SI_UNIT ( .MILLI., .METRE. ) );
#11171 = CARTESIAN_POINT ( 'NONE',  ( -1.700000000000002620, 6.000000000000000000, -2.700000000000004619 ) ) ;
#11172 = PRESENTATION_LAYER_ASSIGNMENT (  '', '', ( #1312 ) ) ;
#11173 = ORIENTED_EDGE ( 'NONE', *, *, #9444, .T. ) ;
#11174 = ADVANCED_FACE ( 'NONE', ( #4519 ), #5344, .T. ) ;
#11175 = ORIENTED_EDGE ( 'NONE', *, *, #11405, .F. ) ;
#11176 = LINE ( 'NONE', #5754, #9249 ) ;
#11177 = EDGE_CURVE ( 'NONE', #2871, #4743, #7056, .T. ) ;
#11178 = DIRECTION ( 'NONE',  ( 1.000000000000000000, -5.421010862427522170E-17, 0.0000000000000000000 ) ) ;
#11179 = CARTESIAN_POINT ( 'NONE',  ( 7.750000000000000000, 0.2000000000000000944, 0.2500000000000002220 ) ) ;
#11180 =( LENGTH_UNIT ( ) NAMED_UNIT ( * ) SI_UNIT ( .MILLI., .METRE. ) );
#11181 = CARTESIAN_POINT ( 'NONE',  ( 1.750000000000000222, 0.2000000000000000944, 0.2500000000000002220 ) ) ;
#11182 = EDGE_LOOP ( 'NONE', ( #3090, #4384, #1380, #1663 ) ) ;
#11183 = EDGE_CURVE ( 'NONE', #9570, #100, #9737, .T. ) ;
#11184 =( GEOMETRIC_REPRESENTATION_CONTEXT ( 3 ) GLOBAL_UNCERTAINTY_ASSIGNED_CONTEXT ( ( #8077 ) ) GLOBAL_UNIT_ASSIGNED_CONTEXT ( ( #8096, #8983, #2631 ) ) REPRESENTATION_CONTEXT ( 'NONE', 'WORKASPACE' ) );
#11185 = SURFACE_SIDE_STYLE ('',( #8651 ) ) ;
#11186 =( NAMED_UNIT ( * ) PLANE_ANGLE_UNIT ( ) SI_UNIT ( $, .RADIAN. ) );
#11187 = FACE_OUTER_BOUND ( 'NONE', #10724, .T. ) ;
#11188 = VERTEX_POINT ( 'NONE', #6652 ) ;
#11189 = VERTEX_POINT ( 'NONE', #314 ) ;
#11190 = MECHANICAL_DESIGN_GEOMETRIC_PRESENTATION_REPRESENTATION (  '', ( #11007 ), #5108 ) ;
#11191 = DIRECTION ( 'NONE',  ( 4.336808689942017736E-16, 0.0000000000000000000, 1.000000000000000000 ) ) ;
#11192 = UNCERTAINTY_MEASURE_WITH_UNIT (LENGTH_MEASURE( 1.000000000000000082E-05 ), #9502, 'distance_accuracy_value', 'NONE');
#11193 = SURFACE_STYLE_USAGE ( .BOTH. , #5072 ) ;
#11194 = SURFACE_STYLE_USAGE ( .BOTH. , #1377 ) ;
#11195 = EDGE_LOOP ( 'NONE', ( #7145, #1141, #6064, #1401 ) ) ;
#11196 = PLANE ( 'NONE',  #5042 ) ;
#11197 = DIRECTION ( 'NONE',  ( 0.0000000000000000000, -0.0000000000000000000, 1.000000000000000000 ) ) ;
#11198 = MECHANICAL_DESIGN_GEOMETRIC_PRESENTATION_REPRESENTATION (  '', ( #7883 ), #8246 ) ;
#11199 = FILL_AREA_STYLE ('',( #525 ) ) ;
#11200 = EDGE_CURVE ( 'NONE', #5999, #586, #4680, .T. ) ;
#11201 = ORIENTED_EDGE ( 'NONE', *, *, #8306, .T. ) ;
#11202 = ORIENTED_EDGE ( 'NONE', *, *, #2781, .F. ) ;
#11203 = COLOUR_RGB ( '',1.000000000000000000, 0.8117647058823529438, 0.5019607843137254832 ) ;
#11204 = ADVANCED_FACE ( 'NONE', ( #5733 ), #11046, .F. ) ;
#11205 = SURFACE_SIDE_STYLE ('',( #10123 ) ) ;
#11206 = DIRECTION ( 'NONE',  ( -1.000000000000000000, 0.0000000000000000000, -0.0000000000000000000 ) ) ;
#11207 = ORIENTED_EDGE ( 'NONE', *, *, #3822, .F. ) ;
#11208 = LINE ( 'NONE', #3268, #8173 ) ;
#11209 = DIRECTION ( 'NONE',  ( -3.833233541708433496E-17, -0.7071067811865472397, -0.7071067811865479058 ) ) ;
#11210 = SURFACE_STYLE_FILL_AREA ( #473 ) ;
#11211 = EDGE_CURVE ( 'NONE', #4330, #7476, #3816, .T. ) ;
#11212 = FACE_OUTER_BOUND ( 'NONE', #10191, .T. ) ;
#11213 = FILL_AREA_STYLE ('',( #4163 ) ) ;
#11214 = SURFACE_STYLE_FILL_AREA ( #3334 ) ;
#11215 = VECTOR ( 'NONE', #4153, 1000.000000000000000 ) ;
#11216 = VECTOR ( 'NONE', #10976, 1000.000000000000000 ) ;
#11217 = FILL_AREA_STYLE ('',( #5096 ) ) ;
#11218 =( NAMED_UNIT ( * ) SI_UNIT ( $, .STERADIAN. ) SOLID_ANGLE_UNIT ( ) );
#11219 = CARTESIAN_POINT ( 'NONE',  ( 6.749999999999999112, 1.149999999999999911, -2.050000000000001599 ) ) ;
#11220 = FACE_OUTER_BOUND ( 'NONE', #8309, .T. ) ;
#11221 = ORIENTED_EDGE ( 'NONE', *, *, #7022, .T. ) ;
#11222 = EDGE_LOOP ( 'NONE', ( #10817, #5403, #8646, #1991 ) ) ;
#11223 = ORIENTED_EDGE ( 'NONE', *, *, #9156, .T. ) ;
#11224 = VECTOR ( 'NONE', #9764, 1000.000000000000000 ) ;
#11225 =( LENGTH_UNIT ( ) NAMED_UNIT ( * ) SI_UNIT ( .MILLI., .METRE. ) );
#11226 =( GEOMETRIC_REPRESENTATION_CONTEXT ( 3 ) GLOBAL_UNCERTAINTY_ASSIGNED_CONTEXT ( ( #743 ) ) GLOBAL_UNIT_ASSIGNED_CONTEXT ( ( #5492, #1886, #10860 ) ) REPRESENTATION_CONTEXT ( 'NONE', 'WORKASPACE' ) );
#11227 = ORIENTED_EDGE ( 'NONE', *, *, #8918, .T. ) ;
#11228 = EDGE_CURVE ( 'NONE', #9091, #11359, #1215, .T. ) ;
#11229 =( NAMED_UNIT ( * ) PLANE_ANGLE_UNIT ( ) SI_UNIT ( $, .RADIAN. ) );
#11230 =( NAMED_UNIT ( * ) SI_UNIT ( $, .STERADIAN. ) SOLID_ANGLE_UNIT ( ) );
#11231 =( NAMED_UNIT ( * ) SI_UNIT ( $, .STERADIAN. ) SOLID_ANGLE_UNIT ( ) );
#11232 = VECTOR ( 'NONE', #11338, 1000.000000000000000 ) ;
#11233 = FILL_AREA_STYLE ('',( #8762 ) ) ;
#11234 = LINE ( 'NONE', #6037, #3747 ) ;
#11235 = FILL_AREA_STYLE_COLOUR ( '', #3323 ) ;
#11236 = ORIENTED_EDGE ( 'NONE', *, *, #8535, .F. ) ;
#11237 = PLANE ( 'NONE',  #9429 ) ;
#11238 = CARTESIAN_POINT ( 'NONE',  ( -0.2500000000000004441, -3.399999999999999911, -0.2499999999999997780 ) ) ;
#11239 = CARTESIAN_POINT ( 'NONE',  ( 15.70000000000000284, 6.000000000000000000, 1.600000000000000755 ) ) ;
#11240 = EDGE_CURVE ( 'NONE', #1571, #1070, #3992, .T. ) ;
#11241 = VECTOR ( 'NONE', #5481, 1000.000000000000000 ) ;
#11242 = VERTEX_POINT ( 'NONE', #8271 ) ;
#11243 = FACE_OUTER_BOUND ( 'NONE', #8562, .T. ) ;
#11244 =( LENGTH_UNIT ( ) NAMED_UNIT ( * ) SI_UNIT ( .MILLI., .METRE. ) );
#11245 = PLANE ( 'NONE',  #9981 ) ;
#11246 = ORIENTED_EDGE ( 'NONE', *, *, #3692, .F. ) ;
#11247 = LINE ( 'NONE', #2304, #9085 ) ;
#11248 =( GEOMETRIC_REPRESENTATION_CONTEXT ( 3 ) GLOBAL_UNCERTAINTY_ASSIGNED_CONTEXT ( ( #10626 ) ) GLOBAL_UNIT_ASSIGNED_CONTEXT ( ( #919, #6232, #866 ) ) REPRESENTATION_CONTEXT ( 'NONE', 'WORKASPACE' ) );
#11249 = VECTOR ( 'NONE', #4342, 1000.000000000000000 ) ;
#11250 = EDGE_LOOP ( 'NONE', ( #5741, #10360, #7737, #9517 ) ) ;
#11251 = ADVANCED_FACE ( 'NONE', ( #3102 ), #4919, .F. ) ;
#11252 = LINE ( 'NONE', #8606, #6786 ) ;
#11253 = EDGE_CURVE ( 'NONE', #909, #4085, #203, .T. ) ;
#11254 = DIRECTION ( 'NONE',  ( -1.000000000000000000, 0.0000000000000000000, 0.0000000000000000000 ) ) ;
#11255 = CARTESIAN_POINT ( 'NONE',  ( 2.699999999999999734, 0.1999999999999999833, -2.800000000000000266 ) ) ;
#11256 = ORIENTED_EDGE ( 'NONE', *, *, #10848, .T. ) ;
#11257 = FILL_AREA_STYLE_COLOUR ( '', #7086 ) ;
#11258 = VERTEX_POINT ( 'NONE', #3556 ) ;
#11259 =( NAMED_UNIT ( * ) SI_UNIT ( $, .STERADIAN. ) SOLID_ANGLE_UNIT ( ) );
#11260 = VECTOR ( 'NONE', #6216, 1000.000000000000000 ) ;
#11261 = CARTESIAN_POINT ( 'NONE',  ( 9.750000000000000000, -3.399999999999999911, -0.2499999999999997780 ) ) ;
#11262 = EDGE_CURVE ( 'NONE', #3740, #1209, #7031, .T. ) ;
#11263 =( LENGTH_UNIT ( ) NAMED_UNIT ( * ) SI_UNIT ( .MILLI., .METRE. ) );
#11264 = LINE ( 'NONE', #4916, #2200 ) ;
#11265 = CARTESIAN_POINT ( 'NONE',  ( 1.749999999999999778, -3.399999999999999911, -0.2499999999999997780 ) ) ;
#11266 = PRESENTATION_STYLE_ASSIGNMENT (( #776 ) ) ;
#11267 = FILL_AREA_STYLE ('',( #6938 ) ) ;
#11268 = ORIENTED_EDGE ( 'NONE', *, *, #5915, .F. ) ;
#11269 = ORIENTED_EDGE ( 'NONE', *, *, #3905, .F. ) ;
#11270 = CARTESIAN_POINT ( 'NONE',  ( -0.2500000000000002220, -3.299999999999998490, 0.2500000000000002220 ) ) ;
#11271 = AXIS2_PLACEMENT_3D ( 'NONE', #6275, #10034, #8231 ) ;
#11272 = DIRECTION ( 'NONE',  ( 0.0000000000000000000, 0.0000000000000000000, 1.000000000000000000 ) ) ;
#11273 =( NAMED_UNIT ( * ) PLANE_ANGLE_UNIT ( ) SI_UNIT ( $, .RADIAN. ) );
#11274 = UNCERTAINTY_MEASURE_WITH_UNIT (LENGTH_MEASURE( 1.000000000000000082E-05 ), #2568, 'distance_accuracy_value', 'NONE');
#11275 =( NAMED_UNIT ( * ) SI_UNIT ( $, .STERADIAN. ) SOLID_ANGLE_UNIT ( ) );
#11276 = AXIS2_PLACEMENT_3D ( 'NONE', #6803, #9369, #4956 ) ;
#11277 = PRESENTATION_LAYER_ASSIGNMENT (  '', '', ( #9821 ) ) ;
#11278 = PLANE ( 'NONE',  #9714 ) ;
#11279 = DIRECTION ( 'NONE',  ( 3.872150616019660190E-17, 1.000000000000000000, -0.0000000000000000000 ) ) ;
#11280 = DIRECTION ( 'NONE',  ( -1.000000000000000000, 5.421010862427522170E-17, 0.0000000000000000000 ) ) ;
#11281 = SURFACE_STYLE_FILL_AREA ( #6846 ) ;
#11282 = UNCERTAINTY_MEASURE_WITH_UNIT (LENGTH_MEASURE( 1.000000000000000082E-05 ), #5625, 'distance_accuracy_value', 'NONE');
#11283 = ORIENTED_EDGE ( 'NONE', *, *, #11328, .T. ) ;
#11284 = PLANE ( 'NONE',  #6899 ) ;
#11285 = EDGE_LOOP ( 'NONE', ( #9539, #6611, #3228, #11315 ) ) ;
#11286 = VERTEX_POINT ( 'NONE', #7962 ) ;
#11287 = SURFACE_STYLE_USAGE ( .BOTH. , #8642 ) ;
#11288 =( NAMED_UNIT ( * ) PLANE_ANGLE_UNIT ( ) SI_UNIT ( $, .RADIAN. ) );
#11289 = UNCERTAINTY_MEASURE_WITH_UNIT (LENGTH_MEASURE( 1.000000000000000082E-05 ), #1626, 'distance_accuracy_value', 'NONE');
#11290 = ORIENTED_EDGE ( 'NONE', *, *, #9090, .T. ) ;
#11291 = DIRECTION ( 'NONE',  ( -0.0000000000000000000, 1.000000000000000000, -0.0000000000000000000 ) ) ;
#11292 = CARTESIAN_POINT ( 'NONE',  ( 0.2500000000000002220, 5.000000000000000888, 0.2500000000000002220 ) ) ;
#11293 = CARTESIAN_POINT ( 'NONE',  ( -1.949999999999999956, 1.800000000000000044, 0.2500000000000002220 ) ) ;
#11294 = CARTESIAN_POINT ( 'NONE',  ( 14.24999999999999822, -3.299999999999997158, 0.2500000000000002220 ) ) ;
#11295 = PLANE ( 'NONE',  #7591 ) ;
#11296 = VERTEX_POINT ( 'NONE', #7859 ) ;
#11297 = MECHANICAL_DESIGN_GEOMETRIC_PRESENTATION_REPRESENTATION (  '', ( #10406 ), #3349 ) ;
#11298 = LINE ( 'NONE', #4319, #9472 ) ;
#11299 = ORIENTED_EDGE ( 'NONE', *, *, #5112, .F. ) ;
#11300 = VECTOR ( 'NONE', #9922, 1000.000000000000000 ) ;
#11301 = LINE ( 'NONE', #10410, #284 ) ;
#11302 = CARTESIAN_POINT ( 'NONE',  ( 12.15000000000000746, 5.100000000000001421, -0.1500000000000073219 ) ) ;
#11303 = FILL_AREA_STYLE ('',( #8947 ) ) ;
#11304 = ORIENTED_EDGE ( 'NONE', *, *, #2264, .T. ) ;
#11305 = ORIENTED_EDGE ( 'NONE', *, *, #10073, .F. ) ;
#11306 = FILL_AREA_STYLE ('',( #8847 ) ) ;
#11307 = VECTOR ( 'NONE', #6435, 1000.000000000000000 ) ;
#11308 = EDGE_CURVE ( 'NONE', #5101, #9368, #5245, .T. ) ;
#11309 = MECHANICAL_DESIGN_GEOMETRIC_PRESENTATION_REPRESENTATION (  '', ( #33 ), #6340 ) ;
#11310 = CARTESIAN_POINT ( 'NONE',  ( 6.749999999999999112, 3.149999999999999023, -2.050000000000001599 ) ) ;
#11311 = EDGE_CURVE ( 'NONE', #3094, #7588, #7094, .T. ) ;
#11312 = AXIS2_PLACEMENT_3D ( 'NONE', #3138, #6754, #4960 ) ;
#11313 = DIRECTION ( 'NONE',  ( -4.336808689942017736E-16, 0.0000000000000000000, -1.000000000000000000 ) ) ;
#11314 = ORIENTED_EDGE ( 'NONE', *, *, #4532, .T. ) ;
#11315 = ORIENTED_EDGE ( 'NONE', *, *, #9507, .F. ) ;
#11316 = DIRECTION ( 'NONE',  ( -5.421010862427522170E-17, -1.000000000000000000, 2.350988701644575016E-32 ) ) ;
#11317 = ORIENTED_EDGE ( 'NONE', *, *, #5221, .F. ) ;
#11318 = MECHANICAL_DESIGN_GEOMETRIC_PRESENTATION_REPRESENTATION (  '', ( #6897 ), #5256 ) ;
#11319 = LINE ( 'NONE', #3394, #9746 ) ;
#11320 =( GEOMETRIC_REPRESENTATION_CONTEXT ( 3 ) GLOBAL_UNCERTAINTY_ASSIGNED_CONTEXT ( ( #9027 ) ) GLOBAL_UNIT_ASSIGNED_CONTEXT ( ( #6949, #7889, #11231 ) ) REPRESENTATION_CONTEXT ( 'NONE', 'WORKASPACE' ) );
#11321 = FILL_AREA_STYLE_COLOUR ( '', #7420 ) ;
#11322 = VERTEX_POINT ( 'NONE', #7909 ) ;
#11323 = VECTOR ( 'NONE', #5493, 1000.000000000000000 ) ;
#11324 = VERTEX_POINT ( 'NONE', #1604 ) ;
#11325 = CARTESIAN_POINT ( 'NONE',  ( 9.750000000000000000, 0.2000000000000000111, -0.2499999999999997780 ) ) ;
#11326 = UNCERTAINTY_MEASURE_WITH_UNIT (LENGTH_MEASURE( 1.000000000000000082E-05 ), #8407, 'distance_accuracy_value', 'NONE');
#11327 = DIRECTION ( 'NONE',  ( -1.000000000000000000, -0.0000000000000000000, -0.0000000000000000000 ) ) ;
#11328 = EDGE_CURVE ( 'NONE', #56, #2903, #10642, .T. ) ;
#11329 = PLANE ( 'NONE',  #8754 ) ;
#11330 = LINE ( 'NONE', #2450, #2517 ) ;
#11331 = AXIS2_PLACEMENT_3D ( 'NONE', #2715, #8193, #6346 ) ;
#11332 = PLANE ( 'NONE',  #8325 ) ;
#11333 = EDGE_LOOP ( 'NONE', ( #1824, #10486, #10524, #5575 ) ) ;
#11334 = VECTOR ( 'NONE', #4501, 1000.000000000000000 ) ;
#11335 = ORIENTED_EDGE ( 'NONE', *, *, #486, .T. ) ;
#11336 = FACE_OUTER_BOUND ( 'NONE', #11333, .T. ) ;
#11337 = DIRECTION ( 'NONE',  ( -0.0000000000000000000, 1.000000000000000000, -0.0000000000000000000 ) ) ;
#11338 = DIRECTION ( 'NONE',  ( 9.103382349328301547E-49, 2.350988701644575016E-32, 1.000000000000000000 ) ) ;
#11339 = MECHANICAL_DESIGN_GEOMETRIC_PRESENTATION_REPRESENTATION (  '', ( #3392 ), #4335 ) ;
#11340 = LINE ( 'NONE', #3413, #9314 ) ;
#11341 = ORIENTED_EDGE ( 'NONE', *, *, #8511, .F. ) ;
#11342 =( NAMED_UNIT ( * ) PLANE_ANGLE_UNIT ( ) SI_UNIT ( $, .RADIAN. ) );
#11343 = SURFACE_STYLE_FILL_AREA ( #8588 ) ;
#11344 =( NAMED_UNIT ( * ) PLANE_ANGLE_UNIT ( ) SI_UNIT ( $, .RADIAN. ) );
#11345 = FACE_OUTER_BOUND ( 'NONE', #9489, .T. ) ;
#11346 = ORIENTED_EDGE ( 'NONE', *, *, #10280, .T. ) ;
#11347 = VECTOR ( 'NONE', #2341, 1000.000000000000000 ) ;
#11348 = DIRECTION ( 'NONE',  ( 3.872150616019660190E-17, 1.000000000000000000, -0.0000000000000000000 ) ) ;
#11349 = EDGE_CURVE ( 'NONE', #11359, #10205, #6184, .T. ) ;
#11350 = VECTOR ( 'NONE', #6714, 1000.000000000000000 ) ;
#11351 = CARTESIAN_POINT ( 'NONE',  ( 12.25000000000000000, 0.2000000000000000111, -2.800000000000000266 ) ) ;
#11352 =( NAMED_UNIT ( * ) SI_UNIT ( $, .STERADIAN. ) SOLID_ANGLE_UNIT ( ) );
#11353 = DIRECTION ( 'NONE',  ( -4.336808689942017736E-16, 1.679277644031839923E-32, -1.000000000000000000 ) ) ;
#11354 = ORIENTED_EDGE ( 'NONE', *, *, #9858, .T. ) ;
#11355 = ORIENTED_EDGE ( 'NONE', *, *, #8233, .T. ) ;
#11356 = DIRECTION ( 'NONE',  ( -0.0000000000000000000, 1.000000000000000000, -0.0000000000000000000 ) ) ;
#11357 = SURFACE_SIDE_STYLE ('',( #6971 ) ) ;
#11358 =( NAMED_UNIT ( * ) SI_UNIT ( $, .STERADIAN. ) SOLID_ANGLE_UNIT ( ) );
#11359 = VERTEX_POINT ( 'NONE', #703 ) ;
#11360 = ORIENTED_EDGE ( 'NONE', *, *, #243, .T. ) ;
#11361 = ADVANCED_FACE ( 'NONE', ( #9768 ), #5139, .F. ) ;
#11362 = ORIENTED_EDGE ( 'NONE', *, *, #11308, .F. ) ;
#11363 = DIRECTION ( 'NONE',  ( 0.0000000000000000000, -1.000000000000000000, 0.0000000000000000000 ) ) ;
#11364 = VECTOR ( 'NONE', #8151, 1000.000000000000000 ) ;
#11365 =( NAMED_UNIT ( * ) PLANE_ANGLE_UNIT ( ) SI_UNIT ( $, .RADIAN. ) );
#11366 = LINE ( 'NONE', #9613, #2315 ) ;
#11367 = CARTESIAN_POINT ( 'NONE',  ( 1.150000000000000799, 1.799999999999999600, -2.801000000000000600 ) ) ;
#11368 = UNCERTAINTY_MEASURE_WITH_UNIT (LENGTH_MEASURE( 1.000000000000000082E-05 ), #1457, 'distance_accuracy_value', 'NONE');
#11369 =( LENGTH_UNIT ( ) NAMED_UNIT ( * ) SI_UNIT ( .MILLI., .METRE. ) );
#11370 = VECTOR ( 'NONE', #10713, 1000.000000000000000 ) ;
#11371 = CARTESIAN_POINT ( 'NONE',  ( 1.749999999999998890, 1.800000000000000044, -2.800000000000002043 ) ) ;
#11372 = ORIENTED_EDGE ( 'NONE', *, *, #2133, .T. ) ;
#11373 = ORIENTED_EDGE ( 'NONE', *, *, #8918, .F. ) ;
#11374 = PRESENTATION_LAYER_ASSIGNMENT (  '', '', ( #826 ) ) ;
#11375 = ORIENTED_EDGE ( 'NONE', *, *, #1471, .F. ) ;
#11376 = SURFACE_SIDE_STYLE ('',( #1685 ) ) ;
#11377 = ORIENTED_EDGE ( 'NONE', *, *, #4760, .F. ) ;
#11378 = LINE ( 'NONE', #9627, #5092 ) ;
#11379 = FILL_AREA_STYLE ('',( #9672 ) ) ;
#11380 = CARTESIAN_POINT ( 'NONE',  ( 0.2499999999999997780, -3.399999999999999911, -0.1500000000000003830 ) ) ;
#11381 = CARTESIAN_POINT ( 'NONE',  ( 11.75000000000000000, -3.399999999999999911, 0.2500000000000002220 ) ) ;
#11382 = CARTESIAN_POINT ( 'NONE',  ( 9.750000000000000000, 5.000000000000004441, 0.2500000000000002220 ) ) ;
#11383 = EDGE_LOOP ( 'NONE', ( #8558, #8974, #11290, #1286 ) ) ;
#11384 = CARTESIAN_POINT ( 'NONE',  ( 0.05000000000000012768, 5.100000000000001421, -2.800000000000000266 ) ) ;
#11385 = PRESENTATION_LAYER_ASSIGNMENT (  '', '', ( #5315 ) ) ;
#11386 = PRESENTATION_STYLE_ASSIGNMENT (( #4351 ) ) ;
#11387 = EDGE_CURVE ( 'NONE', #8032, #9283, #5257, .T. ) ;
#11388 = FILL_AREA_STYLE_COLOUR ( '', #9217 ) ;
#11389 = ADVANCED_FACE ( 'NONE', ( #9611 ), #4265, .F. ) ;
#11390 = MECHANICAL_DESIGN_GEOMETRIC_PRESENTATION_REPRESENTATION (  '', ( #467 ), #4557 ) ;
#11391 = SURFACE_STYLE_FILL_AREA ( #9464 ) ;
#11392 = FACE_OUTER_BOUND ( 'NONE', #1395, .T. ) ;
#11393 = PRESENTATION_STYLE_ASSIGNMENT (( #5285 ) ) ;
#11394 = DIRECTION ( 'NONE',  ( 0.7071067811865566766, -0.7071067811865384689, -3.066586833366787719E-16 ) ) ;
#11395 = ORIENTED_EDGE ( 'NONE', *, *, #7256, .T. ) ;
#11396 = FACE_OUTER_BOUND ( 'NONE', #6836, .T. ) ;
#11397 = DIRECTION ( 'NONE',  ( 9.103382349328301547E-49, 2.350988701644575016E-32, 1.000000000000000000 ) ) ;
#11398 = ORIENTED_EDGE ( 'NONE', *, *, #650, .F. ) ;
#11399 = VECTOR ( 'NONE', #1065, 1000.000000000000000 ) ;
#11400 =( NAMED_UNIT ( * ) PLANE_ANGLE_UNIT ( ) SI_UNIT ( $, .RADIAN. ) );
#11401 = VERTEX_POINT ( 'NONE', #2946 ) ;
#11402 = LINE ( 'NONE', #6220, #5144 ) ;
#11403 = CARTESIAN_POINT ( 'NONE',  ( 1.849999999999999645, -3.399999999999999911, -0.1500000000000003830 ) ) ;
#11404 = AXIS2_PLACEMENT_3D ( 'NONE', #5118, #10448, #8636 ) ;
#11405 = EDGE_CURVE ( 'NONE', #2713, #3165, #979, .T. ) ;
#11406 = SURFACE_SIDE_STYLE ('',( #7896 ) ) ;
#11407 = UNCERTAINTY_MEASURE_WITH_UNIT (LENGTH_MEASURE( 1.000000000000000082E-05 ), #1893, 'distance_accuracy_value', 'NONE');
#11408 = PRESENTATION_LAYER_ASSIGNMENT (  '', '', ( #1931 ) ) ;
#11409 = ORIENTED_EDGE ( 'NONE', *, *, #7095, .F. ) ;
#11410 = MECHANICAL_DESIGN_GEOMETRIC_PRESENTATION_REPRESENTATION (  '', ( #2515 ), #4573 ) ;
#11411 = AXIS2_PLACEMENT_3D ( 'NONE', #10887, #6484, #209 ) ;
#11412 =( NAMED_UNIT ( * ) PLANE_ANGLE_UNIT ( ) SI_UNIT ( $, .RADIAN. ) );
#11413 = LINE ( 'NONE', #7900, #10687 ) ;
#11414 = FACE_OUTER_BOUND ( 'NONE', #7415, .T. ) ;
#11415 = EDGE_CURVE ( 'NONE', #8923, #578, #6452, .T. ) ;
#11416 = SURFACE_SIDE_STYLE ('',( #6113 ) ) ;
#11417 = LINE ( 'NONE', #3489, #7406 ) ;
#11418 = ORIENTED_EDGE ( 'NONE', *, *, #4262, .F. ) ;
#11419 = CARTESIAN_POINT ( 'NONE',  ( -1.350000000000000089, 4.500000000000000888, 0.3199999999999999512 ) ) ;
#11420 = SURFACE_SIDE_STYLE ('',( #4653 ) ) ;
#11421 = FILL_AREA_STYLE_COLOUR ( '', #34 ) ;
#11422 = VECTOR ( 'NONE', #5557, 1000.000000000000000 ) ;
#11423 = COLOUR_RGB ( '',1.000000000000000000, 1.000000000000000000, 1.000000000000000000 ) ;
#11424 = ORIENTED_EDGE ( 'NONE', *, *, #4124, .F. ) ;
#11425 = SURFACE_STYLE_USAGE ( .BOTH. , #6061 ) ;
#11426 = ORIENTED_EDGE ( 'NONE', *, *, #2628, .F. ) ;
#11427 = VECTOR ( 'NONE', #741, 1000.000000000000000 ) ;
#11428 = AXIS2_PLACEMENT_3D ( 'NONE', #3335, #5215, #5380 ) ;
#11429 = FACE_OUTER_BOUND ( 'NONE', #5979, .T. ) ;
#11430 = CARTESIAN_POINT ( 'NONE',  ( 7.125500000000037915, -2.825500000000001677, 0.3199999999999999512 ) ) ;
#11431 = FACE_OUTER_BOUND ( 'NONE', #1973, .T. ) ;
#11432 = EDGE_LOOP ( 'NONE', ( #4193, #6697, #1534, #2866 ) ) ;
#11433 = ADVANCED_FACE ( 'NONE', ( #7323 ), #2825, .F. ) ;
#11434 = SURFACE_SIDE_STYLE ('',( #8972 ) ) ;
#11435 = DIRECTION ( 'NONE',  ( 0.0000000000000000000, -5.782411586589358625E-16, -1.000000000000000000 ) ) ;
#11436 = ORIENTED_EDGE ( 'NONE', *, *, #2661, .F. ) ;
#11437 = CARTESIAN_POINT ( 'NONE',  ( 9.750000000000000000, 5.000000000000004441, 0.2500000000000002220 ) ) ;
#11438 = LINE ( 'NONE', #7975, #1525 ) ;
#11439 = LINE ( 'NONE', #11380, #9964 ) ;
#11440 = LINE ( 'NONE', #994, #3919 ) ;
#11441 = VERTEX_POINT ( 'NONE', #2714 ) ;
#11442 = CARTESIAN_POINT ( 'NONE',  ( 4.750000000000000888, 3.149999999999999467, -2.050000000000002043 ) ) ;
#11443 = VECTOR ( 'NONE', #2166, 1000.000000000000000 ) ;
#11444 = FILL_AREA_STYLE_COLOUR ( '', #138 ) ;
#11445 = VECTOR ( 'NONE', #172, 1000.000000000000000 ) ;
#11446 =( NAMED_UNIT ( * ) SI_UNIT ( $, .STERADIAN. ) SOLID_ANGLE_UNIT ( ) );
#11447 = SURFACE_SIDE_STYLE ('',( #8926 ) ) ;
#11448 = LINE ( 'NONE', #2800, #2259 ) ;
#11449 = DIRECTION ( 'NONE',  ( 0.0000000000000000000, -0.0000000000000000000, 1.000000000000000000 ) ) ;
#11450 = VECTOR ( 'NONE', #8226, 1000.000000000000000 ) ;
#11451 = CARTESIAN_POINT ( 'NONE',  ( 15.94999999999999929, 6.000000000000000000, 1.699999999999999289 ) ) ;
#11452 = VERTEX_POINT ( 'NONE', #1882 ) ;
#11453 = EDGE_CURVE ( 'NONE', #5196, #4773, #4657, .T. ) ;
#11454 = PRESENTATION_LAYER_ASSIGNMENT (  '', '', ( #4807 ) ) ;
#11455 = CARTESIAN_POINT ( 'NONE',  ( 3.250000000000000888, 1.149999999999999911, -2.350000000000001421 ) ) ;
#11456 = PLANE ( 'NONE',  #11404 ) ;
#11457 = ADVANCED_FACE ( 'NONE', ( #83 ), #4708, .F. ) ;
ENDSEC;
END-ISO-10303-21;
