ISO-10303-21;
HEADER;
FILE_DESCRIPTION (( 'STEP AP214' ),
    '1' );
FILE_NAME ('JST-B9B-PH-K-S.STEP',
    '2020-12-29T22:29:06',
    ( '' ),
    ( '' ),
    'SwSTEP 2.0',
    'SolidWorks 2020',
    '' );
FILE_SCHEMA (( 'AUTOMOTIVE_DESIGN' ));
ENDSEC;

DATA;
#1 = SURFACE_STYLE_USAGE ( .BOTH. , #4891 ) ;
#2 = ORIENTED_EDGE ( 'NONE', *, *, #5048, .T. ) ;
#3 = COLOUR_RGB ( '',1.000000000000000000, 0.8117647058823529438, 0.5019607843137254832 ) ;
#4 = EDGE_LOOP ( 'NONE', ( #4151, #4534, #7758, #7078 ) ) ;
#5 = MECHANICAL_DESIGN_GEOMETRIC_PRESENTATION_REPRESENTATION (  '', ( #5341 ), #9613 ) ;
#6 =( NAMED_UNIT ( * ) PLANE_ANGLE_UNIT ( ) SI_UNIT ( $, .RADIAN. ) );
#7 =( GEOMETRIC_REPRESENTATION_CONTEXT ( 3 ) GLOBAL_UNCERTAINTY_ASSIGNED_CONTEXT ( ( #8837 ) ) GLOBAL_UNIT_ASSIGNED_CONTEXT ( ( #9667, #9593, #2855 ) ) REPRESENTATION_CONTEXT ( 'NONE', 'WORKASPACE' ) );
#8 = PRESENTATION_LAYER_ASSIGNMENT (  '', '', ( #4934 ) ) ;
#9 = EDGE_LOOP ( 'NONE', ( #6662, #2660, #6880, #8507 ) ) ;
#10 = CARTESIAN_POINT ( 'NONE',  ( 15.75000000000000000, 5.000000000000000888, -0.2499999999999997780 ) ) ;
#11 = PRESENTATION_STYLE_ASSIGNMENT (( #11632 ) ) ;
#12 = EDGE_CURVE ( 'NONE', #3598, #2213, #10321, .T. ) ;
#13 =( NAMED_UNIT ( * ) PLANE_ANGLE_UNIT ( ) SI_UNIT ( $, .RADIAN. ) );
#14 = VECTOR ( 'NONE', #11348, 1000.000000000000000 ) ;
#15 = SURFACE_STYLE_USAGE ( .BOTH. , #8773 ) ;
#16 = ORIENTED_EDGE ( 'NONE', *, *, #8858, .F. ) ;
#17 = EDGE_LOOP ( 'NONE', ( #6851, #6724, #4318, #2374 ) ) ;
#18 = CARTESIAN_POINT ( 'NONE',  ( -1.949999999999999734, 5.100000000000001421, -2.800000000000000266 ) ) ;
#19 =( GEOMETRIC_REPRESENTATION_CONTEXT ( 3 ) GLOBAL_UNCERTAINTY_ASSIGNED_CONTEXT ( ( #542 ) ) GLOBAL_UNIT_ASSIGNED_CONTEXT ( ( #10380, #8324, #5469 ) ) REPRESENTATION_CONTEXT ( 'NONE', 'WORKASPACE' ) );
#20 = AXIS2_PLACEMENT_3D ( 'NONE', #609, #9482, #5778 ) ;
#21 = DIRECTION ( 'NONE',  ( -0.0000000000000000000, -0.0000000000000000000, 1.000000000000000000 ) ) ;
#22 = ORIENTED_EDGE ( 'NONE', *, *, #12437, .F. ) ;
#23 =( GEOMETRIC_REPRESENTATION_CONTEXT ( 3 ) GLOBAL_UNCERTAINTY_ASSIGNED_CONTEXT ( ( #6031 ) ) GLOBAL_UNIT_ASSIGNED_CONTEXT ( ( #4019, #9941, #3077 ) ) REPRESENTATION_CONTEXT ( 'NONE', 'WORKASPACE' ) );
#24 = DIRECTION ( 'NONE',  ( 0.0000000000000000000, -0.0000000000000000000, 1.000000000000000000 ) ) ;
#25 =( LENGTH_UNIT ( ) NAMED_UNIT ( * ) SI_UNIT ( .MILLI., .METRE. ) );
#26 = EDGE_CURVE ( 'NONE', #11504, #11562, #1507, .T. ) ;
#27 = PRESENTATION_LAYER_ASSIGNMENT (  '', '', ( #5557 ) ) ;
#28 = ADVANCED_FACE ( 'NONE', ( #9287 ), #4456, .F. ) ;
#29 = CARTESIAN_POINT ( 'NONE',  ( 3.299999999999999378, 0.0000000000000000000, -2.800000000000000266 ) ) ;
#30 = MECHANICAL_DESIGN_GEOMETRIC_PRESENTATION_REPRESENTATION (  '', ( #11835 ), #4143 ) ;
#31 = PRESENTATION_LAYER_ASSIGNMENT (  '', '', ( #5561 ) ) ;
#32 = PRESENTATION_LAYER_ASSIGNMENT (  '', '', ( #1227 ) ) ;
#33 = LINE ( 'NONE', #3773, #3754 ) ;
#34 = VECTOR ( 'NONE', #9551, 1000.000000000000000 ) ;
#35 = LINE ( 'NONE', #1085, #10425 ) ;
#36 = CARTESIAN_POINT ( 'NONE',  ( 16.21999999999999531, 4.230000000000001315, 1.249999999999997558 ) ) ;
#37 = VECTOR ( 'NONE', #4599, 1000.000000000000000 ) ;
#38 = DIRECTION ( 'NONE',  ( 1.000000000000000000, -5.421010862427522170E-17, 0.0000000000000000000 ) ) ;
#39 = CARTESIAN_POINT ( 'NONE',  ( 8.150000000000000355, 5.100000000000001421, -0.1500000000000003830 ) ) ;
#40 =( GEOMETRIC_REPRESENTATION_CONTEXT ( 3 ) GLOBAL_UNCERTAINTY_ASSIGNED_CONTEXT ( ( #9716 ) ) GLOBAL_UNIT_ASSIGNED_CONTEXT ( ( #5880, #7740, #8800 ) ) REPRESENTATION_CONTEXT ( 'NONE', 'WORKASPACE' ) );
#41 = EDGE_CURVE ( 'NONE', #1815, #8431, #6882, .T. ) ;
#42 = VECTOR ( 'NONE', #3942, 1000.000000000000000 ) ;
#43 = FACE_OUTER_BOUND ( 'NONE', #11360, .T. ) ;
#44 = EDGE_CURVE ( 'NONE', #2561, #4197, #929, .T. ) ;
#45 = CARTESIAN_POINT ( 'NONE',  ( 1.299999999999999600, 0.2000000000000000389, -0.2499999999999997780 ) ) ;
#46 = ORIENTED_EDGE ( 'NONE', *, *, #4506, .F. ) ;
#47 =( NAMED_UNIT ( * ) PLANE_ANGLE_UNIT ( ) SI_UNIT ( $, .RADIAN. ) );
#48 = COLOUR_RGB ( '',1.000000000000000000, 0.8117647058823529438, 0.5019607843137254832 ) ;
#49 = VECTOR ( 'NONE', #163, 1000.000000000000114 ) ;
#50 = DIRECTION ( 'NONE',  ( 9.103382349328301547E-49, 2.350988701644575016E-32, 1.000000000000000000 ) ) ;
#51 = COLOUR_RGB ( '',1.000000000000000000, 0.8117647058823529438, 0.5019607843137254832 ) ;
#52 = ORIENTED_EDGE ( 'NONE', *, *, #4367, .F. ) ;
#53 = VECTOR ( 'NONE', #316, 1000.000000000000000 ) ;
#54 = UNCERTAINTY_MEASURE_WITH_UNIT (LENGTH_MEASURE( 1.000000000000000082E-05 ), #2520, 'distance_accuracy_value', 'NONE');
#55 = CARTESIAN_POINT ( 'NONE',  ( 5.299999999999998934, 0.2000000000000000389, 1.700000000000000178 ) ) ;
#56 = VECTOR ( 'NONE', #566, 1000.000000000000000 ) ;
#57 = FILL_AREA_STYLE_COLOUR ( '', #8209 ) ;
#58 = VECTOR ( 'NONE', #12197, 1000.000000000000000 ) ;
#59 =( NAMED_UNIT ( * ) PLANE_ANGLE_UNIT ( ) SI_UNIT ( $, .RADIAN. ) );
#60 = ORIENTED_EDGE ( 'NONE', *, *, #2272, .F. ) ;
#61 = UNCERTAINTY_MEASURE_WITH_UNIT (LENGTH_MEASURE( 1.000000000000000082E-05 ), #9443, 'distance_accuracy_value', 'NONE');
#62 = PRESENTATION_LAYER_ASSIGNMENT (  '', '', ( #2486 ) ) ;
#63 = PRESENTATION_LAYER_ASSIGNMENT (  '', '', ( #1266 ) ) ;
#64 = CARTESIAN_POINT ( 'NONE',  ( 4.150000000000001243, -3.399999999999999911, -2.800000000000000266 ) ) ;
#65 = DIRECTION ( 'NONE',  ( -0.0000000000000000000, 1.000000000000000000, -0.0000000000000000000 ) ) ;
#66 = STYLED_ITEM ( 'NONE', ( #5745 ), #1479 ) ;
#67 = EDGE_CURVE ( 'NONE', #10265, #9755, #4653, .T. ) ;
#68 = PRESENTATION_LAYER_ASSIGNMENT (  '', '', ( #10082 ) ) ;
#69 = DIRECTION ( 'NONE',  ( 0.0000000000000000000, 0.0000000000000000000, -1.000000000000000000 ) ) ;
#70 = FILL_AREA_STYLE_COLOUR ( '', #9420 ) ;
#71 = STYLED_ITEM ( 'NONE', ( #7632 ), #3465 ) ;
#72 = CARTESIAN_POINT ( 'NONE',  ( 17.94999999999999574, 6.000000000000000000, -0.6799999999999982725 ) ) ;
#73 = COLOUR_RGB ( '',1.000000000000000000, 1.000000000000000000, 1.000000000000000000 ) ;
#74 = ORIENTED_EDGE ( 'NONE', *, *, #2432, .T. ) ;
#75 = PRESENTATION_LAYER_ASSIGNMENT (  '', '', ( #4612 ) ) ;
#76 = VERTEX_POINT ( 'NONE', #6749 ) ;
#77 = DIRECTION ( 'NONE',  ( -0.0000000000000000000, 0.0000000000000000000, 1.000000000000000000 ) ) ;
#78 = CARTESIAN_POINT ( 'NONE',  ( 5.750000000000000000, -3.399999999999999911, -0.2499999999999997780 ) ) ;
#79 = PRESENTATION_STYLE_ASSIGNMENT (( #9692 ) ) ;
#80 = ORIENTED_EDGE ( 'NONE', *, *, #1451, .T. ) ;
#81 = ORIENTED_EDGE ( 'NONE', *, *, #834, .F. ) ;
#82 = CARTESIAN_POINT ( 'NONE',  ( 0.6999999999999988454, 0.1999999999999999833, -2.800000000000000266 ) ) ;
#83 =( NAMED_UNIT ( * ) PLANE_ANGLE_UNIT ( ) SI_UNIT ( $, .RADIAN. ) );
#84 =( GEOMETRIC_REPRESENTATION_CONTEXT ( 3 ) GLOBAL_UNCERTAINTY_ASSIGNED_CONTEXT ( ( #11469 ) ) GLOBAL_UNIT_ASSIGNED_CONTEXT ( ( #5349, #3272, #4268 ) ) REPRESENTATION_CONTEXT ( 'NONE', 'WORKASPACE' ) );
#85 = ADVANCED_FACE ( 'NONE', ( #749, #10509 ), #3739, .F. ) ;
#86 = SURFACE_SIDE_STYLE ('',( #5028 ) ) ;
#87 = FACE_OUTER_BOUND ( 'NONE', #6032, .T. ) ;
#88 = CARTESIAN_POINT ( 'NONE',  ( 9.299999999999998934, 0.2000000000000000389, -2.800000000000000266 ) ) ;
#89 = DIRECTION ( 'NONE',  ( -0.0000000000000000000, 1.000000000000000000, -0.0000000000000000000 ) ) ;
#90 = VERTEX_POINT ( 'NONE', #2875 ) ;
#91 = DIRECTION ( 'NONE',  ( -0.0000000000000000000, -0.0000000000000000000, 1.000000000000000000 ) ) ;
#92 = EDGE_CURVE ( 'NONE', #3073, #4462, #5786, .T. ) ;
#93 = FILL_AREA_STYLE_COLOUR ( '', #4762 ) ;
#94 = LINE ( 'NONE', #2962, #11079 ) ;
#95 = ORIENTED_EDGE ( 'NONE', *, *, #2849, .F. ) ;
#96 = FILL_AREA_STYLE_COLOUR ( '', #7618 ) ;
#97 = SURFACE_STYLE_FILL_AREA ( #3789 ) ;
#98 = DIRECTION ( 'NONE',  ( -0.0000000000000000000, -0.0000000000000000000, -1.000000000000000000 ) ) ;
#99 = ADVANCED_FACE ( 'NONE', ( #6814 ), #817, .T. ) ;
#100 = SURFACE_SIDE_STYLE ('',( #11771 ) ) ;
#101 = ADVANCED_FACE ( 'NONE', ( #9985 ), #8950, .F. ) ;
#102 = SURFACE_SIDE_STYLE ('',( #12297 ) ) ;
#103 = FILL_AREA_STYLE ('',( #4993 ) ) ;
#104 = EDGE_CURVE ( 'NONE', #6103, #5401, #11746, .T. ) ;
#105 = CARTESIAN_POINT ( 'NONE',  ( 0.2499999999999997780, 0.2000000000000000111, -2.800000000000000266 ) ) ;
#106 =( LENGTH_UNIT ( ) NAMED_UNIT ( * ) SI_UNIT ( .MILLI., .METRE. ) );
#107 = CARTESIAN_POINT ( 'NONE',  ( 16.25000000000000000, -3.399999999999999911, 0.2500000000000002220 ) ) ;
#108 = FILL_AREA_STYLE_COLOUR ( '', #2918 ) ;
#109 = CARTESIAN_POINT ( 'NONE',  ( 5.299999999999998934, 0.2000000000000000389, -2.800000000000000266 ) ) ;
#110 = DIRECTION ( 'NONE',  ( -9.103382349328301547E-49, -2.350988701644575016E-32, -1.000000000000000000 ) ) ;
#111 = ORIENTED_EDGE ( 'NONE', *, *, #7837, .F. ) ;
#112 = DIRECTION ( 'NONE',  ( -9.103382349328301547E-49, -2.350988701644575016E-32, -1.000000000000000000 ) ) ;
#113 = EDGE_CURVE ( 'NONE', #4792, #11459, #1251, .T. ) ;
#114 = LINE ( 'NONE', #4823, #2047 ) ;
#115 = VECTOR ( 'NONE', #3647, 1000.000000000000000 ) ;
#116 = ORIENTED_EDGE ( 'NONE', *, *, #5631, .T. ) ;
#117 = VECTOR ( 'NONE', #3513, 1000.000000000000000 ) ;
#118 = FACE_OUTER_BOUND ( 'NONE', #7540, .T. ) ;
#119 = ORIENTED_EDGE ( 'NONE', *, *, #11742, .F. ) ;
#120 = SURFACE_STYLE_FILL_AREA ( #6262 ) ;
#121 = DIRECTION ( 'NONE',  ( 3.872150616019661422E-17, 1.000000000000000000, 0.0000000000000000000 ) ) ;
#122 = DIRECTION ( 'NONE',  ( -0.0000000000000000000, -0.0000000000000000000, -1.000000000000000000 ) ) ;
#123 = PLANE ( 'NONE',  #4598 ) ;
#124 = MECHANICAL_DESIGN_GEOMETRIC_PRESENTATION_REPRESENTATION (  '', ( #4250 ), #3160 ) ;
#125 = EDGE_LOOP ( 'NONE', ( #8878, #11703, #4645, #9796 ) ) ;
#126 = ORIENTED_EDGE ( 'NONE', *, *, #11023, .T. ) ;
#127 = LINE ( 'NONE', #11978, #12435 ) ;
#128 = LINE ( 'NONE', #8079, #5364 ) ;
#129 = UNCERTAINTY_MEASURE_WITH_UNIT (LENGTH_MEASURE( 1.000000000000000082E-05 ), #4613, 'distance_accuracy_value', 'NONE');
#130 = VERTEX_POINT ( 'NONE', #9866 ) ;
#131 =( NAMED_UNIT ( * ) SI_UNIT ( $, .STERADIAN. ) SOLID_ANGLE_UNIT ( ) );
#132 = VECTOR ( 'NONE', #7910, 1000.000000000000000 ) ;
#133 = FILL_AREA_STYLE ('',( #6890 ) ) ;
#134 = EDGE_CURVE ( 'NONE', #5513, #12291, #6092, .T. ) ;
#135 = PRESENTATION_STYLE_ASSIGNMENT (( #5981 ) ) ;
#136 = VERTEX_POINT ( 'NONE', #5966 ) ;
#137 = CARTESIAN_POINT ( 'NONE',  ( 7.750000000000000000, -3.399999999999999911, 0.2500000000000002220 ) ) ;
#138 = LINE ( 'NONE', #9938, #11289 ) ;
#139 = ORIENTED_EDGE ( 'NONE', *, *, #1048, .T. ) ;
#140 =( GEOMETRIC_REPRESENTATION_CONTEXT ( 3 ) GLOBAL_UNCERTAINTY_ASSIGNED_CONTEXT ( ( #8912 ) ) GLOBAL_UNIT_ASSIGNED_CONTEXT ( ( #12204, #10282, #506 ) ) REPRESENTATION_CONTEXT ( 'NONE', 'WORKASPACE' ) );
#141 = FACE_OUTER_BOUND ( 'NONE', #717, .T. ) ;
#142 = CARTESIAN_POINT ( 'NONE',  ( 6.699999999999997513, 0.1999999999999999833, -2.800000000000000266 ) ) ;
#143 =( NAMED_UNIT ( * ) PLANE_ANGLE_UNIT ( ) SI_UNIT ( $, .RADIAN. ) );
#144 = CARTESIAN_POINT ( 'NONE',  ( 7.750000000000000000, 5.000000000000000888, -0.2499999999999997780 ) ) ;
#145 = CARTESIAN_POINT ( 'NONE',  ( 13.29999999999999893, 0.2000000000000000389, -2.800000000000000266 ) ) ;
#146 = LINE ( 'NONE', #4092, #12273 ) ;
#147 = DIRECTION ( 'NONE',  ( 9.103382349328301547E-49, 2.350988701644575016E-32, 1.000000000000000000 ) ) ;
#148 = DIRECTION ( 'NONE',  ( -4.336808689942017736E-16, 0.0000000000000000000, -1.000000000000000000 ) ) ;
#149 = LINE ( 'NONE', #107, #6479 ) ;
#150 = EDGE_CURVE ( 'NONE', #11594, #3933, #7062, .T. ) ;
#151 = CARTESIAN_POINT ( 'NONE',  ( 2.750000000000000444, 3.399999999999999467, -2.050000000000001599 ) ) ;
#152 =( LENGTH_UNIT ( ) NAMED_UNIT ( * ) SI_UNIT ( .MILLI., .METRE. ) );
#153 = CARTESIAN_POINT ( 'NONE',  ( -1.350000000000000089, -19.04337155022711769, -2.350000000000001421 ) ) ;
#154 = ORIENTED_EDGE ( 'NONE', *, *, #1593, .T. ) ;
#155 = DIRECTION ( 'NONE',  ( -1.000000000000000000, 0.0000000000000000000, -0.0000000000000000000 ) ) ;
#156 = DIRECTION ( 'NONE',  ( 1.000000000000000000, 0.0000000000000000000, -3.478723548081834449E-17 ) ) ;
#157 = CARTESIAN_POINT ( 'NONE',  ( -1.949999999999999956, 1.800000000000000044, -0.2499999999999997780 ) ) ;
#158 =( LENGTH_UNIT ( ) NAMED_UNIT ( * ) SI_UNIT ( .MILLI., .METRE. ) );
#159 = ORIENTED_EDGE ( 'NONE', *, *, #4916, .T. ) ;
#160 = UNCERTAINTY_MEASURE_WITH_UNIT (LENGTH_MEASURE( 1.000000000000000082E-05 ), #11958, 'distance_accuracy_value', 'NONE');
#161 = SURFACE_STYLE_USAGE ( .BOTH. , #2130 ) ;
#162 = ORIENTED_EDGE ( 'NONE', *, *, #7585, .F. ) ;
#163 = DIRECTION ( 'NONE',  ( 0.5773502691896192918, 0.5773502691896392758, -0.5773502691896187367 ) ) ;
#164 = FILL_AREA_STYLE_COLOUR ( '', #2838 ) ;
#165 = PRESENTATION_STYLE_ASSIGNMENT (( #4118 ) ) ;
#166 = ADVANCED_FACE ( 'NONE', ( #7123 ), #9925, .F. ) ;
#167 = ADVANCED_FACE ( 'NONE', ( #10788 ), #2014, .T. ) ;
#168 = CARTESIAN_POINT ( 'NONE',  ( 6.749999999999999112, 3.149999999999999023, -2.050000000000001599 ) ) ;
#169 = VECTOR ( 'NONE', #8764, 1000.000000000000000 ) ;
#170 = CARTESIAN_POINT ( 'NONE',  ( 4.699999999999999289, 0.1999999999999999833, 1.700000000000000178 ) ) ;
#171 = ORIENTED_EDGE ( 'NONE', *, *, #2732, .T. ) ;
#172 = FILL_AREA_STYLE_COLOUR ( '', #5129 ) ;
#173 = LINE ( 'NONE', #9984, #3506 ) ;
#174 = DIRECTION ( 'NONE',  ( 1.000000000000000000, -3.872150616019661422E-17, 0.0000000000000000000 ) ) ;
#175 = PRESENTATION_LAYER_ASSIGNMENT (  '', '', ( #5927 ) ) ;
#176 = ORIENTED_EDGE ( 'NONE', *, *, #1593, .F. ) ;
#177 = FILL_AREA_STYLE ('',( #8953 ) ) ;
#178 = EDGE_LOOP ( 'NONE', ( #6567, #7871, #6650, #5710 ) ) ;
#179 = VECTOR ( 'NONE', #11387, 1000.000000000000000 ) ;
#180 = COLOUR_RGB ( '',1.000000000000000000, 0.8117647058823529438, 0.5019607843137254832 ) ;
#181 = DIRECTION ( 'NONE',  ( 1.000000000000000000, -5.421010862427522170E-17, 0.0000000000000000000 ) ) ;
#182 = EDGE_CURVE ( 'NONE', #11147, #2213, #5269, .T. ) ;
#183 = MECHANICAL_DESIGN_GEOMETRIC_PRESENTATION_REPRESENTATION (  '', ( #3695 ), #1185 ) ;
#184 = DIRECTION ( 'NONE',  ( -1.000000000000000000, 0.0000000000000000000, 0.0000000000000000000 ) ) ;
#185 = AXIS2_PLACEMENT_3D ( 'NONE', #6826, #9556, #5673 ) ;
#186 = STYLED_ITEM ( 'NONE', ( #7121 ), #6860 ) ;
#187 =( GEOMETRIC_REPRESENTATION_CONTEXT ( 3 ) GLOBAL_UNCERTAINTY_ASSIGNED_CONTEXT ( ( #10675 ) ) GLOBAL_UNIT_ASSIGNED_CONTEXT ( ( #4623, #4196, #10852 ) ) REPRESENTATION_CONTEXT ( 'NONE', 'WORKASPACE' ) );
#188 =( NAMED_UNIT ( * ) PLANE_ANGLE_UNIT ( ) SI_UNIT ( $, .RADIAN. ) );
#189 = ORIENTED_EDGE ( 'NONE', *, *, #3099, .F. ) ;
#190 = UNCERTAINTY_MEASURE_WITH_UNIT (LENGTH_MEASURE( 1.000000000000000082E-05 ), #9999, 'distance_accuracy_value', 'NONE');
#191 = CARTESIAN_POINT ( 'NONE',  ( 4.750000000000000888, 1.149999999999999911, -2.050000000000001599 ) ) ;
#192 = CARTESIAN_POINT ( 'NONE',  ( 1.916666666666666297, 5.166666666666668739, -0.08333333333333370341 ) ) ;
#193 = DIRECTION ( 'NONE',  ( 9.103382349328301547E-49, 2.350988701644575016E-32, 1.000000000000000000 ) ) ;
#194 = STYLED_ITEM ( 'NONE', ( #11194 ), #8720 ) ;
#195 = SURFACE_STYLE_USAGE ( .BOTH. , #2035 ) ;
#196 = SURFACE_STYLE_FILL_AREA ( #10705 ) ;
#197 = SURFACE_STYLE_FILL_AREA ( #9107 ) ;
#198 = LINE ( 'NONE', #1278, #5675 ) ;
#199 = UNCERTAINTY_MEASURE_WITH_UNIT (LENGTH_MEASURE( 1.000000000000000082E-05 ), #25, 'distance_accuracy_value', 'NONE');
#200 = PRESENTATION_STYLE_ASSIGNMENT (( #266 ) ) ;
#201 = STYLED_ITEM ( 'NONE', ( #5277 ), #8931 ) ;
#202 = DIRECTION ( 'NONE',  ( 1.000000000000000000, -5.421010862427522170E-17, 0.0000000000000000000 ) ) ;
#203 = SURFACE_SIDE_STYLE ('',( #4089 ) ) ;
#204 = LINE ( 'NONE', #1934, #2452 ) ;
#205 = DIRECTION ( 'NONE',  ( 0.0000000000000000000, -1.000000000000000000, 0.0000000000000000000 ) ) ;
#206 = ORIENTED_EDGE ( 'NONE', *, *, #6874, .F. ) ;
#207 = CARTESIAN_POINT ( 'NONE',  ( 11.75000000000000000, 5.000000000000000888, 0.2500000000000002220 ) ) ;
#208 = COLOUR_RGB ( '',1.000000000000000000, 1.000000000000000000, 1.000000000000000000 ) ;
#209 = PLANE ( 'NONE',  #9045 ) ;
#210 = FILL_AREA_STYLE_COLOUR ( '', #594 ) ;
#211 = DIRECTION ( 'NONE',  ( 0.5773502691896259531, 0.5773502691896259531, 0.5773502691896255090 ) ) ;
#212 = FILL_AREA_STYLE_COLOUR ( '', #9800 ) ;
#213 = SURFACE_SIDE_STYLE ('',( #10214 ) ) ;
#214 = VECTOR ( 'NONE', #1666, 1000.000000000000114 ) ;
#215 = CARTESIAN_POINT ( 'NONE',  ( 14.24999999999999822, 0.2000000000000000111, -2.800000000000000266 ) ) ;
#216 = AXIS2_PLACEMENT_3D ( 'NONE', #4908, #7080, #7026 ) ;
#217 = CARTESIAN_POINT ( 'NONE',  ( 10.24999999999999822, 0.2000000000000000111, -2.800000000000000266 ) ) ;
#218 = CARTESIAN_POINT ( 'NONE',  ( 2.150000000000003908, -3.399999999999999911, 0.1500000000000042966 ) ) ;
#219 = VECTOR ( 'NONE', #5063, 1000.000000000000000 ) ;
#220 = CARTESIAN_POINT ( 'NONE',  ( 12.15000000000000036, 5.100000000000001421, -2.800000000000000266 ) ) ;
#221 = DIRECTION ( 'NONE',  ( -0.0000000000000000000, -0.0000000000000000000, -1.000000000000000000 ) ) ;
#222 = FILL_AREA_STYLE ('',( #1157 ) ) ;
#223 = ORIENTED_EDGE ( 'NONE', *, *, #2180, .F. ) ;
#224 = VECTOR ( 'NONE', #3403, 1000.000000000000000 ) ;
#225 = EDGE_CURVE ( 'NONE', #9140, #9918, #7451, .T. ) ;
#226 = SURFACE_STYLE_FILL_AREA ( #7108 ) ;
#227 = VECTOR ( 'NONE', #9458, 1000.000000000000000 ) ;
#228 = VERTEX_POINT ( 'NONE', #9143 ) ;
#229 = CARTESIAN_POINT ( 'NONE',  ( 8.699999999999999289, 0.0000000000000000000, -2.800000000000000266 ) ) ;
#230 = STYLED_ITEM ( 'NONE', ( #8843 ), #10155 ) ;
#231 = FILL_AREA_STYLE ('',( #5123 ) ) ;
#232 = SURFACE_STYLE_FILL_AREA ( #9268 ) ;
#233 = CARTESIAN_POINT ( 'NONE',  ( 15.30000000000000071, 0.2000000000000000389, -0.2499999999999997780 ) ) ;
#234 = SURFACE_SIDE_STYLE ('',( #3452 ) ) ;
#235 = CARTESIAN_POINT ( 'NONE',  ( 13.29999999999999893, 0.2000000000000000389, 1.700000000000000178 ) ) ;
#236 = CARTESIAN_POINT ( 'NONE',  ( 8.750000000000000000, 3.400000000000000355, -2.350000000000001865 ) ) ;
#237 = ORIENTED_EDGE ( 'NONE', *, *, #9772, .T. ) ;
#238 = SURFACE_STYLE_FILL_AREA ( #9016 ) ;
#239 = PLANE ( 'NONE',  #6592 ) ;
#240 = VECTOR ( 'NONE', #7093, 1000.000000000000000 ) ;
#241 = CARTESIAN_POINT ( 'NONE',  ( -1.951000000000000956, 6.000000000000000000, 0.3199999999999977862 ) ) ;
#242 = DIRECTION ( 'NONE',  ( 1.000000000000000000, -0.0000000000000000000, -4.358601698434190141E-17 ) ) ;
#243 = PRESENTATION_LAYER_ASSIGNMENT (  '', '', ( #11279 ) ) ;
#244 = VECTOR ( 'NONE', #463, 1000.000000000000000 ) ;
#245 = UNCERTAINTY_MEASURE_WITH_UNIT (LENGTH_MEASURE( 1.000000000000000082E-05 ), #9759, 'distance_accuracy_value', 'NONE');
#246 = EDGE_CURVE ( 'NONE', #5049, #8257, #6350, .T. ) ;
#247 = ADVANCED_FACE ( 'NONE', ( #4315, #10239 ), #478, .F. ) ;
#248 = STYLED_ITEM ( 'NONE', ( #2853 ), #4227 ) ;
#249 = ORIENTED_EDGE ( 'NONE', *, *, #10514, .T. ) ;
#250 = DIRECTION ( 'NONE',  ( -0.0000000000000000000, -0.0000000000000000000, 1.000000000000000000 ) ) ;
#251 = CARTESIAN_POINT ( 'NONE',  ( 4.049999999999999822, -3.399999999999999911, -2.800000000000000266 ) ) ;
#252 = PRESENTATION_LAYER_ASSIGNMENT (  '', '', ( #11691 ) ) ;
#253 = MECHANICAL_DESIGN_GEOMETRIC_PRESENTATION_REPRESENTATION (  '', ( #3969 ), #5592 ) ;
#254 = SURFACE_STYLE_FILL_AREA ( #1069 ) ;
#255 = VERTEX_POINT ( 'NONE', #6289 ) ;
#256 = LINE ( 'NONE', #5417, #9096 ) ;
#257 = CARTESIAN_POINT ( 'NONE',  ( -0.2500000000000004441, -3.399999999999999911, -0.2499999999999997780 ) ) ;
#258 = MECHANICAL_DESIGN_GEOMETRIC_PRESENTATION_REPRESENTATION (  '', ( #5817 ), #10691 ) ;
#259 = EDGE_CURVE ( 'NONE', #1916, #9265, #12114, .T. ) ;
#260 = FILL_AREA_STYLE_COLOUR ( '', #859 ) ;
#261 = PRESENTATION_LAYER_ASSIGNMENT (  '', '', ( #6230 ) ) ;
#262 = CARTESIAN_POINT ( 'NONE',  ( 10.24999999999999822, 5.000000000000000888, 0.2500000000000002220 ) ) ;
#263 = FILL_AREA_STYLE_COLOUR ( '', #5978 ) ;
#264 =( LENGTH_UNIT ( ) NAMED_UNIT ( * ) SI_UNIT ( .MILLI., .METRE. ) );
#265 = STYLED_ITEM ( 'NONE', ( #1684 ), #4504 ) ;
#266 = SURFACE_STYLE_USAGE ( .BOTH. , #8682 ) ;
#267 = LINE ( 'NONE', #5166, #5198 ) ;
#268 = FILL_AREA_STYLE_COLOUR ( '', #1887 ) ;
#269 = SURFACE_SIDE_STYLE ('',( #11951 ) ) ;
#270 = DIRECTION ( 'NONE',  ( -0.0000000000000000000, 0.0000000000000000000, 1.000000000000000000 ) ) ;
#271 = EDGE_CURVE ( 'NONE', #10809, #10811, #5457, .T. ) ;
#272 = SURFACE_STYLE_USAGE ( .BOTH. , #5179 ) ;
#273 = CARTESIAN_POINT ( 'NONE',  ( 3.750000000000000444, 5.000000000000000888, 0.2500000000000002220 ) ) ;
#274 = PLANE ( 'NONE',  #12425 ) ;
#275 = DIRECTION ( 'NONE',  ( 0.5773502691896206240, -0.5773502691896306160, 0.5773502691896260641 ) ) ;
#276 = LINE ( 'NONE', #1410, #4111 ) ;
#277 = LINE ( 'NONE', #2259, #11501 ) ;
#278 =( NAMED_UNIT ( * ) SI_UNIT ( $, .STERADIAN. ) SOLID_ANGLE_UNIT ( ) );
#279 = SURFACE_STYLE_USAGE ( .BOTH. , #10959 ) ;
#280 = DIRECTION ( 'NONE',  ( 1.000000000000000000, 0.0000000000000000000, 0.0000000000000000000 ) ) ;
#281 = EDGE_CURVE ( 'NONE', #10333, #1191, #9331, .T. ) ;
#282 = FILL_AREA_STYLE ('',( #8177 ) ) ;
#283 = VERTEX_POINT ( 'NONE', #1901 ) ;
#284 = PRESENTATION_STYLE_ASSIGNMENT (( #161 ) ) ;
#285 = VECTOR ( 'NONE', #8963, 1000.000000000000000 ) ;
#286 =( LENGTH_UNIT ( ) NAMED_UNIT ( * ) SI_UNIT ( .MILLI., .METRE. ) );
#287 =( LENGTH_UNIT ( ) NAMED_UNIT ( * ) SI_UNIT ( .MILLI., .METRE. ) );
#288 = UNCERTAINTY_MEASURE_WITH_UNIT (LENGTH_MEASURE( 1.000000000000000082E-05 ), #9328, 'distance_accuracy_value', 'NONE');
#289 = DIRECTION ( 'NONE',  ( -1.927470528863119542E-16, 1.000000000000000000, 0.0000000000000000000 ) ) ;
#290 = DIRECTION ( 'NONE',  ( 1.000000000000000000, 0.0000000000000000000, 0.0000000000000000000 ) ) ;
#291 = DIRECTION ( 'NONE',  ( -0.0000000000000000000, 1.000000000000000000, -0.0000000000000000000 ) ) ;
#292 = EDGE_LOOP ( 'NONE', ( #6406, #9581, #5266, #12363 ) ) ;
#293 = STYLED_ITEM ( 'NONE', ( #10878 ), #2953 ) ;
#294 = DIRECTION ( 'NONE',  ( -1.000000000000000000, 3.872150616019661422E-17, -0.0000000000000000000 ) ) ;
#295 = FACE_OUTER_BOUND ( 'NONE', #12055, .T. ) ;
#296 = CARTESIAN_POINT ( 'NONE',  ( 13.29999999999999893, 0.2000000000000000389, 1.700000000000000178 ) ) ;
#297 = ORIENTED_EDGE ( 'NONE', *, *, #6076, .F. ) ;
#298 = ORIENTED_EDGE ( 'NONE', *, *, #2815, .F. ) ;
#299 = VECTOR ( 'NONE', #6916, 1000.000000000000227 ) ;
#300 = PRESENTATION_STYLE_ASSIGNMENT (( #1183 ) ) ;
#301 = DIRECTION ( 'NONE',  ( 1.000000000000000000, -5.421010862427522170E-17, 0.0000000000000000000 ) ) ;
#302 = ORIENTED_EDGE ( 'NONE', *, *, #11808, .F. ) ;
#303 = EDGE_CURVE ( 'NONE', #9884, #3418, #7572, .T. ) ;
#304 = ADVANCED_FACE ( 'NONE', ( #677 ), #4639, .F. ) ;
#305 = ADVANCED_FACE ( 'NONE', ( #5837 ), #917, .F. ) ;
#306 = FACE_OUTER_BOUND ( 'NONE', #11288, .T. ) ;
#307 = EDGE_LOOP ( 'NONE', ( #9414, #6491, #7814, #3651 ) ) ;
#308 = CARTESIAN_POINT ( 'NONE',  ( -0.2500000000000004441, 0.2000000000000000111, -0.2499999999999997780 ) ) ;
#309 = COLOUR_RGB ( '',1.000000000000000000, 1.000000000000000000, 1.000000000000000000 ) ;
#310 = PRESENTATION_LAYER_ASSIGNMENT (  '', '', ( #2765 ) ) ;
#311 = SURFACE_STYLE_FILL_AREA ( #2222 ) ;
#312 = CARTESIAN_POINT ( 'NONE',  ( 12.05000000000000071, 5.100000000000001421, -2.800000000000000266 ) ) ;
#313 = SURFACE_STYLE_USAGE ( .BOTH. , #5283 ) ;
#314 = PRESENTATION_STYLE_ASSIGNMENT (( #1328 ) ) ;
#315 = SURFACE_STYLE_FILL_AREA ( #9048 ) ;
#316 = DIRECTION ( 'NONE',  ( 1.000000000000000000, 0.0000000000000000000, -3.478723548081834449E-17 ) ) ;
#317 = CARTESIAN_POINT ( 'NONE',  ( 15.30000000000000071, 0.2000000000000000389, -2.800000000000000266 ) ) ;
#318 = EDGE_CURVE ( 'NONE', #1842, #6998, #12441, .T. ) ;
#319 = ADVANCED_FACE ( 'NONE', ( #6738 ), #10556, .T. ) ;
#320 = FACE_OUTER_BOUND ( 'NONE', #7022, .T. ) ;
#321 = CARTESIAN_POINT ( 'NONE',  ( 3.750000000000000444, 1.800000000000000044, 0.2500000000000002220 ) ) ;
#322 = PRESENTATION_STYLE_ASSIGNMENT (( #10090 ) ) ;
#323 = FACE_OUTER_BOUND ( 'NONE', #5301, .T. ) ;
#324 = CARTESIAN_POINT ( 'NONE',  ( 15.30000000000000071, 0.2000000000000000389, -2.800000000000000266 ) ) ;
#325 = ORIENTED_EDGE ( 'NONE', *, *, #3634, .F. ) ;
#326 = DIRECTION ( 'NONE',  ( 1.000000000000000000, 0.0000000000000000000, 0.0000000000000000000 ) ) ;
#327 = CARTESIAN_POINT ( 'NONE',  ( 0.7500000000000002220, 1.149999999999999911, -2.350000000000001421 ) ) ;
#328 = EDGE_CURVE ( 'NONE', #4825, #7040, #5339, .T. ) ;
#329 = CARTESIAN_POINT ( 'NONE',  ( 6.749999999999999112, 3.399999999999999467, -2.350000000000001421 ) ) ;
#330 = DIRECTION ( 'NONE',  ( 3.872150616019660190E-17, 1.000000000000000000, -0.0000000000000000000 ) ) ;
#331 = DIRECTION ( 'NONE',  ( 2.261546562329163656E-17, -1.000000000000000000, 0.0000000000000000000 ) ) ;
#332 = SURFACE_SIDE_STYLE ('',( #3103 ) ) ;
#333 = EDGE_CURVE ( 'NONE', #3800, #3741, #6363, .T. ) ;
#334 = CARTESIAN_POINT ( 'NONE',  ( 4.049999999999999822, -3.399999999999999911, 0.1500000000000008271 ) ) ;
#335 =( GEOMETRIC_REPRESENTATION_CONTEXT ( 3 ) GLOBAL_UNCERTAINTY_ASSIGNED_CONTEXT ( ( #4624 ) ) GLOBAL_UNIT_ASSIGNED_CONTEXT ( ( #2283, #2475, #1496 ) ) REPRESENTATION_CONTEXT ( 'NONE', 'WORKASPACE' ) );
#336 = LINE ( 'NONE', #7243, #1430 ) ;
#337 = CARTESIAN_POINT ( 'NONE',  ( 16.08333333333333570, 5.166666666666668739, -0.08333333333333370341 ) ) ;
#338 = ORIENTED_EDGE ( 'NONE', *, *, #5755, .F. ) ;
#339 = STYLED_ITEM ( 'NONE', ( #5231 ), #1765 ) ;
#340 = CARTESIAN_POINT ( 'NONE',  ( -1.950000000000000400, 1.380000000000000782, 1.300000000000000044 ) ) ;
#341 = LINE ( 'NONE', #11105, #1675 ) ;
#342 = FILL_AREA_STYLE_COLOUR ( '', #7976 ) ;
#343 = EDGE_CURVE ( 'NONE', #8522, #4488, #1568, .T. ) ;
#344 = LINE ( 'NONE', #6282, #9699 ) ;
#345 = VECTOR ( 'NONE', #7457, 1000.000000000000114 ) ;
#346 = CARTESIAN_POINT ( 'NONE',  ( 13.29999999999999893, 0.2000000000000000389, -2.800000000000000266 ) ) ;
#347 = ORIENTED_EDGE ( 'NONE', *, *, #11645, .T. ) ;
#348 = VERTEX_POINT ( 'NONE', #10247 ) ;
#349 = FILL_AREA_STYLE_COLOUR ( '', #2851 ) ;
#350 = FILL_AREA_STYLE_COLOUR ( '', #208 ) ;
#351 = CARTESIAN_POINT ( 'NONE',  ( 12.75000000000000178, 3.399999999999999467, -2.050000000000001599 ) ) ;
#352 = FILL_AREA_STYLE ('',( #8262 ) ) ;
#353 = VERTEX_POINT ( 'NONE', #6436 ) ;
#355 = ORIENTED_EDGE ( 'NONE', *, *, #7405, .F. ) ;
#354 = ORIENTED_EDGE ( 'NONE', *, *, #134, .T. ) ;
#356 = ADVANCED_FACE ( 'NONE', ( #7387 ), #4398, .F. ) ;
#357 =( LENGTH_UNIT ( ) NAMED_UNIT ( * ) SI_UNIT ( .MILLI., .METRE. ) );
#358 = VECTOR ( 'NONE', #12586, 1000.000000000000000 ) ;
#359 = LINE ( 'NONE', #12120, #8168 ) ;
#360 =( LENGTH_UNIT ( ) NAMED_UNIT ( * ) SI_UNIT ( .MILLI., .METRE. ) );
#361 = EDGE_LOOP ( 'NONE', ( #7756, #9655, #8698, #5351 ) ) ;
#362 = ORIENTED_EDGE ( 'NONE', *, *, #7707, .F. ) ;
#363 = LINE ( 'NONE', #7268, #1299 ) ;
#364 = PLANE ( 'NONE',  #5924 ) ;
#365 = AXIS2_PLACEMENT_3D ( 'NONE', #2117, #7044, #9120 ) ;
#366 = VECTOR ( 'NONE', #4829, 1000.000000000000000 ) ;
#367 = CARTESIAN_POINT ( 'NONE',  ( 2.050000000000000266, 5.100000000000001421, 0.1500000000000008271 ) ) ;
#368 = ADVANCED_FACE ( 'NONE', ( #10378 ), #12060, .F. ) ;
#369 = PRESENTATION_STYLE_ASSIGNMENT (( #313 ) ) ;
#370 = VECTOR ( 'NONE', #2124, 1000.000000000000000 ) ;
#371 =( NAMED_UNIT ( * ) PLANE_ANGLE_UNIT ( ) SI_UNIT ( $, .RADIAN. ) );
#372 =( LENGTH_UNIT ( ) NAMED_UNIT ( * ) SI_UNIT ( .MILLI., .METRE. ) );
#373 = DIRECTION ( 'NONE',  ( 0.5773502691896239547, -0.5773502691896289507, 0.5773502691896243988 ) ) ;
#374 = CARTESIAN_POINT ( 'NONE',  ( -1.949999999999999956, 1.800000000000000044, 0.2500000000000002220 ) ) ;
#375 = COLOUR_RGB ( '',1.000000000000000000, 1.000000000000000000, 1.000000000000000000 ) ;
#376 = VECTOR ( 'NONE', #2793, 1000.000000000000000 ) ;
#377 =( GEOMETRIC_REPRESENTATION_CONTEXT ( 3 ) GLOBAL_UNCERTAINTY_ASSIGNED_CONTEXT ( ( #11304 ) ) GLOBAL_UNIT_ASSIGNED_CONTEXT ( ( #8122, #8661, #4178 ) ) REPRESENTATION_CONTEXT ( 'NONE', 'WORKASPACE' ) );
#378 = PLANE ( 'NONE',  #992 ) ;
#379 = ORIENTED_EDGE ( 'NONE', *, *, #5690, .T. ) ;
#380 = VECTOR ( 'NONE', #9449, 1000.000000000000000 ) ;
#381 = UNCERTAINTY_MEASURE_WITH_UNIT (LENGTH_MEASURE( 1.000000000000000082E-05 ), #7681, 'distance_accuracy_value', 'NONE');
#382 = FILL_AREA_STYLE_COLOUR ( '', #3757 ) ;
#383 = ORIENTED_EDGE ( 'NONE', *, *, #150, .T. ) ;
#384 = MECHANICAL_DESIGN_GEOMETRIC_PRESENTATION_REPRESENTATION (  '', ( #11010 ), #5125 ) ;
#385 = ADVANCED_FACE ( 'NONE', ( #7265 ), #6414, .T. ) ;
#386 = PRESENTATION_LAYER_ASSIGNMENT (  '', '', ( #6980 ) ) ;
#387 = LINE ( 'NONE', #12086, #6817 ) ;
#388 = ADVANCED_FACE ( 'NONE', ( #11482 ), #669, .F. ) ;
#389 = EDGE_CURVE ( 'NONE', #2604, #1921, #12367, .T. ) ;
#390 = SURFACE_STYLE_FILL_AREA ( #5955 ) ;
#391 = SURFACE_STYLE_USAGE ( .BOTH. , #4097 ) ;
#392 =( GEOMETRIC_REPRESENTATION_CONTEXT ( 3 ) GLOBAL_UNCERTAINTY_ASSIGNED_CONTEXT ( ( #7520 ) ) GLOBAL_UNIT_ASSIGNED_CONTEXT ( ( #2235, #9948, #5099 ) ) REPRESENTATION_CONTEXT ( 'NONE', 'WORKASPACE' ) );
#393 = DIRECTION ( 'NONE',  ( 3.872150616019660190E-17, 1.000000000000000000, -0.0000000000000000000 ) ) ;
#394 = LINE ( 'NONE', #3167, #11009 ) ;
#395 = LINE ( 'NONE', #4358, #7257 ) ;
#396 = VECTOR ( 'NONE', #5555, 1000.000000000000000 ) ;
#397 = DIRECTION ( 'NONE',  ( 0.0000000000000000000, -0.0000000000000000000, 1.000000000000000000 ) ) ;
#398 = ORIENTED_EDGE ( 'NONE', *, *, #7692, .T. ) ;
#399 = CARTESIAN_POINT ( 'NONE',  ( 2.750000000000000444, 3.399999999999999467, -2.050000000000001599 ) ) ;
#400 = DIRECTION ( 'NONE',  ( 0.0000000000000000000, 1.000000000000000000, 0.0000000000000000000 ) ) ;
#401 = VECTOR ( 'NONE', #2100, 1000.000000000000000 ) ;
#402 = FILL_AREA_STYLE_COLOUR ( '', #5998 ) ;
#403 = EDGE_LOOP ( 'NONE', ( #5583, #9476, #11953, #11550 ) ) ;
#404 = MECHANICAL_DESIGN_GEOMETRIC_PRESENTATION_REPRESENTATION (  '', ( #4550 ), #7612 ) ;
#405 = FILL_AREA_STYLE ('',( #12038 ) ) ;
#406 = EDGE_CURVE ( 'NONE', #12291, #11837, #10362, .T. ) ;
#407 = VECTOR ( 'NONE', #8274, 1000.000000000000000 ) ;
#408 = UNCERTAINTY_MEASURE_WITH_UNIT (LENGTH_MEASURE( 1.000000000000000082E-05 ), #1462, 'distance_accuracy_value', 'NONE');
#409 = DIRECTION ( 'NONE',  ( 1.000000000000000000, -5.421010862427522170E-17, 0.0000000000000000000 ) ) ;
#410 = UNCERTAINTY_MEASURE_WITH_UNIT (LENGTH_MEASURE( 1.000000000000000082E-05 ), #7661, 'distance_accuracy_value', 'NONE');
#411 = DIRECTION ( 'NONE',  ( 9.103382349328301547E-49, 2.350988701644575016E-32, 1.000000000000000000 ) ) ;
#412 = VECTOR ( 'NONE', #6959, 1000.000000000000000 ) ;
#413 =( GEOMETRIC_REPRESENTATION_CONTEXT ( 3 ) GLOBAL_UNCERTAINTY_ASSIGNED_CONTEXT ( ( #2600 ) ) GLOBAL_UNIT_ASSIGNED_CONTEXT ( ( #7122, #4254, #4128 ) ) REPRESENTATION_CONTEXT ( 'NONE', 'WORKASPACE' ) );
#414 = CARTESIAN_POINT ( 'NONE',  ( 16.21999999999999531, 2.250000000000001776, 1.249999999999997558 ) ) ;
#415 = VECTOR ( 'NONE', #4628, 1000.000000000000000 ) ;
#416 = SURFACE_STYLE_FILL_AREA ( #9200 ) ;
#417 = EDGE_LOOP ( 'NONE', ( #1672, #1055, #3698, #6273 ) ) ;
#418 = ORIENTED_EDGE ( 'NONE', *, *, #6614, .T. ) ;
#420 = CARTESIAN_POINT ( 'NONE',  ( 6.249999999999998224, -3.399999999999999911, -0.1500000000000003830 ) ) ;
#419 = PRESENTATION_LAYER_ASSIGNMENT (  '', '', ( #7623 ) ) ;
#421 = AXIS2_PLACEMENT_3D ( 'NONE', #12442, #12514, #9332 ) ;
#422 = ORIENTED_EDGE ( 'NONE', *, *, #3996, .T. ) ;
#424 = ORIENTED_EDGE ( 'NONE', *, *, #8885, .T. ) ;
#423 = VERTEX_POINT ( 'NONE', #12304 ) ;
#425 = PRESENTATION_LAYER_ASSIGNMENT (  '', '', ( #7005 ) ) ;
#426 = UNCERTAINTY_MEASURE_WITH_UNIT (LENGTH_MEASURE( 1.000000000000000082E-05 ), #7770, 'distance_accuracy_value', 'NONE');
#427 = AXIS2_PLACEMENT_3D ( 'NONE', #7868, #7620, #1813 ) ;
#428 = EDGE_CURVE ( 'NONE', #4288, #11378, #5642, .T. ) ;
#429 = MECHANICAL_DESIGN_GEOMETRIC_PRESENTATION_REPRESENTATION (  '', ( #11056 ), #7212 ) ;
#430 = FILL_AREA_STYLE ('',( #5338 ) ) ;
#431 = LINE ( 'NONE', #6433, #1232 ) ;
#432 = VECTOR ( 'NONE', #9520, 1000.000000000000000 ) ;
#433 = STYLED_ITEM ( 'NONE', ( #4779 ), #10126 ) ;
#434 = PRESENTATION_STYLE_ASSIGNMENT (( #5466 ) ) ;
#435 =( GEOMETRIC_REPRESENTATION_CONTEXT ( 3 ) GLOBAL_UNCERTAINTY_ASSIGNED_CONTEXT ( ( #7248 ) ) GLOBAL_UNIT_ASSIGNED_CONTEXT ( ( #10026, #5247, #2385 ) ) REPRESENTATION_CONTEXT ( 'NONE', 'WORKASPACE' ) );
#436 = CARTESIAN_POINT ( 'NONE',  ( 14.24999999999999822, -3.399999999999999911, 0.2500000000000002220 ) ) ;
#437 = ORIENTED_EDGE ( 'NONE', *, *, #9515, .F. ) ;
#438 =( NAMED_UNIT ( * ) PLANE_ANGLE_UNIT ( ) SI_UNIT ( $, .RADIAN. ) );
#439 = VECTOR ( 'NONE', #1823, 1000.000000000000000 ) ;
#440 = LINE ( 'NONE', #7138, #2886 ) ;
#441 =( GEOMETRIC_REPRESENTATION_CONTEXT ( 3 ) GLOBAL_UNCERTAINTY_ASSIGNED_CONTEXT ( ( #3360 ) ) GLOBAL_UNIT_ASSIGNED_CONTEXT ( ( #2239, #11085, #10017 ) ) REPRESENTATION_CONTEXT ( 'NONE', 'WORKASPACE' ) );
#442 = LINE ( 'NONE', #1449, #9065 ) ;
#443 = VECTOR ( 'NONE', #8605, 1000.000000000000000 ) ;
#444 = ADVANCED_FACE ( 'NONE', ( #7559 ), #8563, .T. ) ;
#445 = AXIS2_PLACEMENT_3D ( 'NONE', #9947, #7276, #12004 ) ;
#446 = CARTESIAN_POINT ( 'NONE',  ( -1.699999999999999734, 6.000000000000000000, -2.350000000000001421 ) ) ;
#447 = CARTESIAN_POINT ( 'NONE',  ( 2.150000000000001243, 5.100000000000001421, -0.1500000000000003830 ) ) ;
#448 = EDGE_CURVE ( 'NONE', #2818, #1921, #12502, .T. ) ;
#449 = PRESENTATION_LAYER_ASSIGNMENT (  '', '', ( #3977 ) ) ;
#450 = EDGE_CURVE ( 'NONE', #10956, #7461, #198, .T. ) ;
#451 = DIRECTION ( 'NONE',  ( -1.000000000000000000, 3.872150616019660190E-17, 0.0000000000000000000 ) ) ;
#452 = ORIENTED_EDGE ( 'NONE', *, *, #10109, .T. ) ;
#453 = EDGE_LOOP ( 'NONE', ( #1970, #4864 ) ) ;
#454 = CARTESIAN_POINT ( 'NONE',  ( 4.750000000000000888, 3.399999999999999467, -2.300000000000003375 ) ) ;
#455 = CARTESIAN_POINT ( 'NONE',  ( 9.250000000000001776, 3.149999999999999023, -2.050000000000001599 ) ) ;
#456 = DIRECTION ( 'NONE',  ( -1.084202172485504237E-15, -1.000000000000000000, 0.0000000000000000000 ) ) ;
#457 = ORIENTED_EDGE ( 'NONE', *, *, #6717, .T. ) ;
#458 = SURFACE_STYLE_FILL_AREA ( #1532 ) ;
#459 = LINE ( 'NONE', #12352, #3009 ) ;
#460 =( LENGTH_UNIT ( ) NAMED_UNIT ( * ) SI_UNIT ( .MILLI., .METRE. ) );
#461 =( LENGTH_UNIT ( ) NAMED_UNIT ( * ) SI_UNIT ( .MILLI., .METRE. ) );
#462 = FACE_OUTER_BOUND ( 'NONE', #8678, .T. ) ;
#463 = DIRECTION ( 'NONE',  ( 3.872150616019660190E-17, 1.000000000000000000, -0.0000000000000000000 ) ) ;
#464 = EDGE_CURVE ( 'NONE', #3512, #6936, #10886, .T. ) ;
#465 = LINE ( 'NONE', #3438, #4527 ) ;
#466 = ADVANCED_FACE ( 'NONE', ( #11765 ), #1818, .F. ) ;
#467 = ADVANCED_FACE ( 'NONE', ( #6728 ), #2783, .F. ) ;
#468 = FILL_AREA_STYLE_COLOUR ( '', #3066 ) ;
#469 = PLANE ( 'NONE',  #2895 ) ;
#470 =( NAMED_UNIT ( * ) PLANE_ANGLE_UNIT ( ) SI_UNIT ( $, .RADIAN. ) );
#471 = SURFACE_STYLE_USAGE ( .BOTH. , #6342 ) ;
#472 = SURFACE_SIDE_STYLE ('',( #1423 ) ) ;
#473 = DIRECTION ( 'NONE',  ( -1.927470528863119542E-16, 1.000000000000000000, 0.0000000000000000000 ) ) ;
#474 = EDGE_CURVE ( 'NONE', #10609, #2731, #6443, .T. ) ;
#475 = DIRECTION ( 'NONE',  ( 0.0000000000000000000, -5.782411586589358625E-16, -1.000000000000000000 ) ) ;
#476 = ORIENTED_EDGE ( 'NONE', *, *, #5892, .F. ) ;
#477 = LINE ( 'NONE', #9394, #10221 ) ;
#478 = PLANE ( 'NONE',  #915 ) ;
#479 = DIRECTION ( 'NONE',  ( -1.084202172485504237E-15, -1.000000000000000000, 0.0000000000000000000 ) ) ;
#480 = ORIENTED_EDGE ( 'NONE', *, *, #4364, .T. ) ;
#481 =( NAMED_UNIT ( * ) PLANE_ANGLE_UNIT ( ) SI_UNIT ( $, .RADIAN. ) );
#482 = CARTESIAN_POINT ( 'NONE',  ( 9.299999999999998934, 0.2000000000000000389, -2.800000000000000266 ) ) ;
#483 = STYLED_ITEM ( 'NONE', ( #3538 ), #3224 ) ;
#484 =( NAMED_UNIT ( * ) SI_UNIT ( $, .STERADIAN. ) SOLID_ANGLE_UNIT ( ) );
#485 = DIRECTION ( 'NONE',  ( 1.000000000000000000, -0.0000000000000000000, -4.358601698434190141E-17 ) ) ;
#486 = SURFACE_STYLE_USAGE ( .BOTH. , #687 ) ;
#487 = FILL_AREA_STYLE_COLOUR ( '', #2992 ) ;
#488 = DIRECTION ( 'NONE',  ( 0.0000000000000000000, 1.000000000000000000, -5.782411586589358625E-16 ) ) ;
#489 = FILL_AREA_STYLE_COLOUR ( '', #10841 ) ;
#490 = ORIENTED_EDGE ( 'NONE', *, *, #5214, .F. ) ;
#491 = PLANE ( 'NONE',  #7818 ) ;
#492 = EDGE_CURVE ( 'NONE', #3392, #12552, #3353, .T. ) ;
#493 = PLANE ( 'NONE',  #3529 ) ;
#494 = SURFACE_STYLE_USAGE ( .BOTH. , #1518 ) ;
#495 = ORIENTED_EDGE ( 'NONE', *, *, #2574, .F. ) ;
#496 = CARTESIAN_POINT ( 'NONE',  ( 11.75000000000000000, -3.399999999999999911, -0.2499999999999997780 ) ) ;
#497 =( GEOMETRIC_REPRESENTATION_CONTEXT ( 3 ) GLOBAL_UNCERTAINTY_ASSIGNED_CONTEXT ( ( #5224 ) ) GLOBAL_UNIT_ASSIGNED_CONTEXT ( ( #11393, #3680, #10396 ) ) REPRESENTATION_CONTEXT ( 'NONE', 'WORKASPACE' ) );
#498 = FACE_OUTER_BOUND ( 'NONE', #10706, .T. ) ;
#499 = ORIENTED_EDGE ( 'NONE', *, *, #6961, .T. ) ;
#500 = VERTEX_POINT ( 'NONE', #2368 ) ;
#501 = LINE ( 'NONE', #12269, #7155 ) ;
#502 = PRODUCT ( 'JST-B9B-PH-K-S', 'JST-B9B-PH-K-S', '', ( #2045 ) ) ;
#503 = DIRECTION ( 'NONE',  ( 0.0000000000000000000, -0.0000000000000000000, 1.000000000000000000 ) ) ;
#504 = UNCERTAINTY_MEASURE_WITH_UNIT (LENGTH_MEASURE( 1.000000000000000082E-05 ), #7642, 'distance_accuracy_value', 'NONE');
#505 = ORIENTED_EDGE ( 'NONE', *, *, #11019, .T. ) ;
#506 =( NAMED_UNIT ( * ) SI_UNIT ( $, .STERADIAN. ) SOLID_ANGLE_UNIT ( ) );
#507 = DIRECTION ( 'NONE',  ( 3.872150616019660190E-17, 1.000000000000000000, -0.0000000000000000000 ) ) ;
#508 = ORIENTED_EDGE ( 'NONE', *, *, #5027, .T. ) ;
#509 = VERTEX_POINT ( 'NONE', #8332 ) ;
#510 = DIRECTION ( 'NONE',  ( -4.336808689942017736E-16, 0.0000000000000000000, -1.000000000000000000 ) ) ;
#511 = FILL_AREA_STYLE_COLOUR ( '', #4795 ) ;
#512 = DIRECTION ( 'NONE',  ( 0.0000000000000000000, 1.000000000000000000, 0.0000000000000000000 ) ) ;
#513 = DIRECTION ( 'NONE',  ( -1.000000000000000000, 3.872150616019660190E-17, 0.0000000000000000000 ) ) ;
#514 = SURFACE_STYLE_FILL_AREA ( #8620 ) ;
#515 = CARTESIAN_POINT ( 'NONE',  ( 15.84999999999999964, 5.100000000000001421, -2.800000000000001155 ) ) ;
#516 = ORIENTED_EDGE ( 'NONE', *, *, #4705, .F. ) ;
#517 = LINE ( 'NONE', #2525, #9896 ) ;
#518 = CARTESIAN_POINT ( 'NONE',  ( 13.74999999999999822, 5.000000000000000888, 0.2500000000000002220 ) ) ;
#519 = CARTESIAN_POINT ( 'NONE',  ( -0.2499999999999997780, 5.000000000000000888, 0.2500000000000002220 ) ) ;
#520 = VECTOR ( 'NONE', #174, 1000.000000000000000 ) ;
#521 = DIRECTION ( 'NONE',  ( 0.0000000000000000000, 0.0000000000000000000, -1.000000000000000000 ) ) ;
#522 = ORIENTED_EDGE ( 'NONE', *, *, #9085, .F. ) ;
#523 = EDGE_CURVE ( 'NONE', #3716, #8003, #7338, .T. ) ;
#524 = AXIS2_PLACEMENT_3D ( 'NONE', #5368, #10402, #9246 ) ;
#525 = UNCERTAINTY_MEASURE_WITH_UNIT (LENGTH_MEASURE( 1.000000000000000082E-05 ), #8541, 'distance_accuracy_value', 'NONE');
#526 =( NAMED_UNIT ( * ) PLANE_ANGLE_UNIT ( ) SI_UNIT ( $, .RADIAN. ) );
#527 = PRESENTATION_STYLE_ASSIGNMENT (( #9322 ) ) ;
#528 = CARTESIAN_POINT ( 'NONE',  ( 8.250000000000000000, 5.000000000000000888, -0.2499999999999997780 ) ) ;
#529 = CARTESIAN_POINT ( 'NONE',  ( 17.34999999999999076, 5.650000000000002132, 1.249999999999997558 ) ) ;
#530 = CARTESIAN_POINT ( 'NONE',  ( 2.250000000000000000, 5.000000000000000888, 0.2500000000000002220 ) ) ;
#531 = COLOUR_RGB ( '',1.000000000000000000, 0.8117647058823529438, 0.5019607843137254832 ) ;
#532 = DIRECTION ( 'NONE',  ( -1.000000000000000000, 3.872150616019661422E-17, -0.0000000000000000000 ) ) ;
#533 = SURFACE_STYLE_FILL_AREA ( #12045 ) ;
#534 = ORIENTED_EDGE ( 'NONE', *, *, #11575, .F. ) ;
#535 = MECHANICAL_DESIGN_GEOMETRIC_PRESENTATION_REPRESENTATION (  '', ( #4073 ), #5896 ) ;
#536 = DIRECTION ( 'NONE',  ( 3.872150616019660190E-17, 1.000000000000000000, -0.0000000000000000000 ) ) ;
#537 = CARTESIAN_POINT ( 'NONE',  ( 17.94999999999999574, 0.0000000000000000000, 1.699999999999999289 ) ) ;
#538 = SURFACE_SIDE_STYLE ('',( #11239 ) ) ;
#539 = ORIENTED_EDGE ( 'NONE', *, *, #11265, .F. ) ;
#540 = ORIENTED_EDGE ( 'NONE', *, *, #11662, .F. ) ;
#541 = EDGE_LOOP ( 'NONE', ( #12600, #379, #9530, #3678 ) ) ;
#542 = UNCERTAINTY_MEASURE_WITH_UNIT (LENGTH_MEASURE( 1.000000000000000082E-05 ), #10380, 'distance_accuracy_value', 'NONE');
#543 = EDGE_CURVE ( 'NONE', #10265, #5936, #4530, .T. ) ;
#544 = EDGE_CURVE ( 'NONE', #1802, #6429, #11131, .T. ) ;
#545 = CARTESIAN_POINT ( 'NONE',  ( 6.749999999999999112, 3.399999999999999467, -2.050000000000001599 ) ) ;
#546 = STYLED_ITEM ( 'NONE', ( #5777 ), #2171 ) ;
#547 = DIRECTION ( 'NONE',  ( 3.872150616019660190E-17, 1.000000000000000000, -0.0000000000000000000 ) ) ;
#548 = VERTEX_POINT ( 'NONE', #8399 ) ;
#549 = ORIENTED_EDGE ( 'NONE', *, *, #9058, .F. ) ;
#550 = LINE ( 'NONE', #12248, #4106 ) ;
#551 = SURFACE_STYLE_USAGE ( .BOTH. , #7394 ) ;
#552 = PRESENTATION_LAYER_ASSIGNMENT (  '', '', ( #3237 ) ) ;
#553 = EDGE_CURVE ( 'NONE', #9202, #3047, #10327, .T. ) ;
#554 = ORIENTED_EDGE ( 'NONE', *, *, #7585, .T. ) ;
#555 = DIRECTION ( 'NONE',  ( 9.103382349328301547E-49, 2.350988701644575016E-32, 1.000000000000000000 ) ) ;
#556 = CARTESIAN_POINT ( 'NONE',  ( -1.350000000000000089, 1.149999999999999911, -2.350000000000001421 ) ) ;
#557 = ORIENTED_EDGE ( 'NONE', *, *, #5672, .T. ) ;
#558 = VECTOR ( 'NONE', #5432, 1000.000000000000114 ) ;
#559 =( GEOMETRIC_REPRESENTATION_CONTEXT ( 3 ) GLOBAL_UNCERTAINTY_ASSIGNED_CONTEXT ( ( #8951 ) ) GLOBAL_UNIT_ASSIGNED_CONTEXT ( ( #6326, #2448, #6395 ) ) REPRESENTATION_CONTEXT ( 'NONE', 'WORKASPACE' ) );
#560 = DIRECTION ( 'NONE',  ( -5.421010862427522170E-17, -1.000000000000000000, 2.350988701644575016E-32 ) ) ;
#561 = ORIENTED_EDGE ( 'NONE', *, *, #1669, .F. ) ;
#562 = ORIENTED_EDGE ( 'NONE', *, *, #7264, .T. ) ;
#563 = LINE ( 'NONE', #5618, #4523 ) ;
#564 = DIRECTION ( 'NONE',  ( -0.0000000000000000000, 0.7071067811865500152, 0.7071067811865451302 ) ) ;
#565 = CARTESIAN_POINT ( 'NONE',  ( 1.150000000000000355, 3.799500000000001432, -0.6005000000000124682 ) ) ;
#566 = DIRECTION ( 'NONE',  ( -1.000000000000000000, 5.421010862427522170E-17, 0.0000000000000000000 ) ) ;
#567 = AXIS2_PLACEMENT_3D ( 'NONE', #6683, #11437, #10617 ) ;
#568 = PLANE ( 'NONE',  #9220 ) ;
#569 =( GEOMETRIC_REPRESENTATION_CONTEXT ( 3 ) GLOBAL_UNCERTAINTY_ASSIGNED_CONTEXT ( ( #6869 ) ) GLOBAL_UNIT_ASSIGNED_CONTEXT ( ( #7536, #2502, #4461 ) ) REPRESENTATION_CONTEXT ( 'NONE', 'WORKASPACE' ) );
#570 = CARTESIAN_POINT ( 'NONE',  ( -0.2500000000000002220, -3.399999999999999911, 0.2500000000000002220 ) ) ;
#571 =( GEOMETRIC_REPRESENTATION_CONTEXT ( 3 ) GLOBAL_UNCERTAINTY_ASSIGNED_CONTEXT ( ( #9868 ) ) GLOBAL_UNIT_ASSIGNED_CONTEXT ( ( #8451, #10120, #4444 ) ) REPRESENTATION_CONTEXT ( 'NONE', 'WORKASPACE' ) );
#572 = MECHANICAL_DESIGN_GEOMETRIC_PRESENTATION_REPRESENTATION (  '', ( #5529 ), #187 ) ;
#573 = EDGE_LOOP ( 'NONE', ( #5416, #11116, #820, #2905 ) ) ;
#574 = SURFACE_STYLE_USAGE ( .BOTH. , #11208 ) ;
#575 = DIRECTION ( 'NONE',  ( 0.5773502691896242878, -0.5773502691896267303, -0.5773502691896262862 ) ) ;
#576 = VECTOR ( 'NONE', #1931, 1000.000000000000000 ) ;
#577 = EDGE_CURVE ( 'NONE', #2038, #2223, #1517, .T. ) ;
#578 = LINE ( 'NONE', #8492, #10618 ) ;
#579 = ORIENTED_EDGE ( 'NONE', *, *, #8959, .T. ) ;
#580 = SURFACE_STYLE_FILL_AREA ( #12418 ) ;
#581 = VECTOR ( 'NONE', #12308, 1000.000000000000000 ) ;
#582 = PLANE ( 'NONE',  #12237 ) ;
#583 =( GEOMETRIC_REPRESENTATION_CONTEXT ( 3 ) GLOBAL_UNCERTAINTY_ASSIGNED_CONTEXT ( ( #3912 ) ) GLOBAL_UNIT_ASSIGNED_CONTEXT ( ( #287, #10966, #6279 ) ) REPRESENTATION_CONTEXT ( 'NONE', 'WORKASPACE' ) );
#584 = FILL_AREA_STYLE_COLOUR ( '', #5169 ) ;
#585 = PRESENTATION_LAYER_ASSIGNMENT (  '', '', ( #3704 ) ) ;
#586 = ADVANCED_FACE ( 'NONE', ( #10262 ), #493, .F. ) ;
#587 = LINE ( 'NONE', #7246, #8836 ) ;
#588 = FILL_AREA_STYLE_COLOUR ( '', #7912 ) ;
#589 = LINE ( 'NONE', #1488, #9196 ) ;
#590 = AXIS2_PLACEMENT_3D ( 'NONE', #11016, #4356, #9251 ) ;
#591 = FACE_OUTER_BOUND ( 'NONE', #1773, .T. ) ;
#592 = DIRECTION ( 'NONE',  ( -1.000000000000000000, 3.872150616019661422E-17, -0.0000000000000000000 ) ) ;
#593 = SURFACE_STYLE_FILL_AREA ( #2788 ) ;
#594 = COLOUR_RGB ( '',1.000000000000000000, 1.000000000000000000, 1.000000000000000000 ) ;
#595 = PRESENTATION_STYLE_ASSIGNMENT (( #7445 ) ) ;
#596 = CARTESIAN_POINT ( 'NONE',  ( 5.750000000000000000, -3.399999999999999911, 0.2500000000000002220 ) ) ;
#597 = VERTEX_POINT ( 'NONE', #1386 ) ;
#598 = EDGE_CURVE ( 'NONE', #7718, #11797, #1330, .T. ) ;
#599 = CARTESIAN_POINT ( 'NONE',  ( 4.699999999999999289, 0.0000000000000000000, -2.800000000000000266 ) ) ;
#600 = DIRECTION ( 'NONE',  ( -1.000000000000000000, 3.872150616019661422E-17, 0.0000000000000000000 ) ) ;
#601 =( NAMED_UNIT ( * ) PLANE_ANGLE_UNIT ( ) SI_UNIT ( $, .RADIAN. ) );
#602 = VERTEX_POINT ( 'NONE', #447 ) ;
#603 = ORIENTED_EDGE ( 'NONE', *, *, #12450, .T. ) ;
#604 = ORIENTED_EDGE ( 'NONE', *, *, #6734, .F. ) ;
#605 = FILL_AREA_STYLE_COLOUR ( '', #1857 ) ;
#606 =( GEOMETRIC_REPRESENTATION_CONTEXT ( 3 ) GLOBAL_UNCERTAINTY_ASSIGNED_CONTEXT ( ( #12410 ) ) GLOBAL_UNIT_ASSIGNED_CONTEXT ( ( #3826, #4796, #841 ) ) REPRESENTATION_CONTEXT ( 'NONE', 'WORKASPACE' ) );
#607 = VECTOR ( 'NONE', #6939, 1000.000000000000000 ) ;
#608 = AXIS2_PLACEMENT_3D ( 'NONE', #11447, #4049, #10516 ) ;
#609 = CARTESIAN_POINT ( 'NONE',  ( 3.750000000000001332, 5.000000000000000888, -0.2499999999999997780 ) ) ;
#610 = PRESENTATION_LAYER_ASSIGNMENT (  '', '', ( #2253 ) ) ;
#611 = DIRECTION ( 'NONE',  ( 0.0000000000000000000, -0.0000000000000000000, 1.000000000000000000 ) ) ;
#612 = ORIENTED_EDGE ( 'NONE', *, *, #2743, .T. ) ;
#613 = EDGE_CURVE ( 'NONE', #8219, #6562, #5286, .T. ) ;
#614 = AXIS2_PLACEMENT_3D ( 'NONE', #4528, #5532, #12255 ) ;
#615 =( LENGTH_UNIT ( ) NAMED_UNIT ( * ) SI_UNIT ( .MILLI., .METRE. ) );
#616 = EDGE_CURVE ( 'NONE', #5826, #9786, #10388, .T. ) ;
#617 = FACE_OUTER_BOUND ( 'NONE', #1783, .T. ) ;
#618 =( NAMED_UNIT ( * ) PLANE_ANGLE_UNIT ( ) SI_UNIT ( $, .RADIAN. ) );
#619 = PRESENTATION_LAYER_ASSIGNMENT (  '', '', ( #6176 ) ) ;
#620 = EDGE_CURVE ( 'NONE', #7016, #136, #4272, .T. ) ;
#621 =( LENGTH_UNIT ( ) NAMED_UNIT ( * ) SI_UNIT ( .MILLI., .METRE. ) );
#622 = PRESENTATION_LAYER_ASSIGNMENT (  '', '', ( #8029 ) ) ;
#623 = COLOUR_RGB ( '',1.000000000000000000, 0.8117647058823529438, 0.5019607843137254832 ) ;
#624 = SURFACE_SIDE_STYLE ('',( #10630 ) ) ;
#625 =( GEOMETRIC_REPRESENTATION_CONTEXT ( 3 ) GLOBAL_UNCERTAINTY_ASSIGNED_CONTEXT ( ( #4738 ) ) GLOBAL_UNIT_ASSIGNED_CONTEXT ( ( #158, #4108, #7992 ) ) REPRESENTATION_CONTEXT ( 'NONE', 'WORKASPACE' ) );
#626 = CARTESIAN_POINT ( 'NONE',  ( 17.17999999999999616, 4.230000000000002203, 1.700000000000000178 ) ) ;
#627 = ORIENTED_EDGE ( 'NONE', *, *, #781, .T. ) ;
#628 =( GEOMETRIC_REPRESENTATION_CONTEXT ( 3 ) GLOBAL_UNCERTAINTY_ASSIGNED_CONTEXT ( ( #11163 ) ) GLOBAL_UNIT_ASSIGNED_CONTEXT ( ( #3096, #8110, #7223 ) ) REPRESENTATION_CONTEXT ( 'NONE', 'WORKASPACE' ) );
#629 = DIRECTION ( 'NONE',  ( 0.5773502691896196248, -0.5773502691896391648, 0.5773502691896186256 ) ) ;
#630 = MECHANICAL_DESIGN_GEOMETRIC_PRESENTATION_REPRESENTATION (  '', ( #6189 ), #4176 ) ;
#631 = STYLED_ITEM ( 'NONE', ( #1780 ), #694 ) ;
#632 = SURFACE_STYLE_FILL_AREA ( #4666 ) ;
#633 = COLOUR_RGB ( '',1.000000000000000000, 0.8117647058823529438, 0.5019607843137254832 ) ;
#634 = ORIENTED_EDGE ( 'NONE', *, *, #6698, .F. ) ;
#635 = EDGE_CURVE ( 'NONE', #8909, #5425, #3276, .T. ) ;
#636 = FILL_AREA_STYLE ('',( #9502 ) ) ;
#637 = CARTESIAN_POINT ( 'NONE',  ( 2.250000000000000000, -3.300000000000000266, -0.2499999999999997780 ) ) ;
#638 = DIRECTION ( 'NONE',  ( -1.000000000000000000, -0.0000000000000000000, -0.0000000000000000000 ) ) ;
#639 = PLANE ( 'NONE',  #7190 ) ;
#640 = AXIS2_PLACEMENT_3D ( 'NONE', #7500, #6518, #10299 ) ;
#641 = VECTOR ( 'NONE', #5297, 1000.000000000000000 ) ;
#642 = SURFACE_STYLE_USAGE ( .BOTH. , #3823 ) ;
#643 = STYLED_ITEM ( 'NONE', ( #11468 ), #11660 ) ;
#644 = ORIENTED_EDGE ( 'NONE', *, *, #9824, .F. ) ;
#645 = UNCERTAINTY_MEASURE_WITH_UNIT (LENGTH_MEASURE( 1.000000000000000082E-05 ), #11341, 'distance_accuracy_value', 'NONE');
#646 = VECTOR ( 'NONE', #4038, 1000.000000000000114 ) ;
#647 = SURFACE_SIDE_STYLE ('',( #8733 ) ) ;
#648 = CARTESIAN_POINT ( 'NONE',  ( 15.75000000000000000, 5.000000000000000888, 0.2500000000000002220 ) ) ;
#649 = MECHANICAL_DESIGN_GEOMETRIC_PRESENTATION_REPRESENTATION (  '', ( #11077 ), #5602 ) ;
#650 = AXIS2_PLACEMENT_3D ( 'NONE', #3649, #11495, #10493 ) ;
#651 = ORIENTED_EDGE ( 'NONE', *, *, #5530, .T. ) ;
#652 = FILL_AREA_STYLE ('',( #5551 ) ) ;
#653 = VECTOR ( 'NONE', #7150, 1000.000000000000000 ) ;
#654 =( NAMED_UNIT ( * ) SI_UNIT ( $, .STERADIAN. ) SOLID_ANGLE_UNIT ( ) );
#655 = VECTOR ( 'NONE', #8279, 1000.000000000000000 ) ;
#656 = CARTESIAN_POINT ( 'NONE',  ( 6.249999999999998224, -3.399999999999999911, -0.2499999999999997780 ) ) ;
#657 = VERTEX_POINT ( 'NONE', #9424 ) ;
#658 = PLANE ( 'NONE',  #6639 ) ;
#659 =( NAMED_UNIT ( * ) PLANE_ANGLE_UNIT ( ) SI_UNIT ( $, .RADIAN. ) );
#660 = SURFACE_SIDE_STYLE ('',( #5556 ) ) ;
#661 = PRESENTATION_LAYER_ASSIGNMENT (  '', '', ( #6225 ) ) ;
#662 =( NAMED_UNIT ( * ) SI_UNIT ( $, .STERADIAN. ) SOLID_ANGLE_UNIT ( ) );
#663 = DIRECTION ( 'NONE',  ( -4.336808689942017736E-16, 0.0000000000000000000, -1.000000000000000000 ) ) ;
#664 = MECHANICAL_DESIGN_GEOMETRIC_PRESENTATION_REPRESENTATION (  '', ( #5007 ), #84 ) ;
#665 = CARTESIAN_POINT ( 'NONE',  ( 17.34999999999999076, 6.000000000000000000, -2.700000000000001510 ) ) ;
#666 = AXIS2_PLACEMENT_3D ( 'NONE', #5507, #3714, #7512 ) ;
#667 = SURFACE_STYLE_USAGE ( .BOTH. , #2923 ) ;
#668 = ORIENTED_EDGE ( 'NONE', *, *, #12541, .F. ) ;
#669 = PLANE ( 'NONE',  #11351 ) ;
#670 = DIRECTION ( 'NONE',  ( 0.7071067811865505703, -0.7071067811865445751, -3.066586833366761588E-16 ) ) ;
#671 = LINE ( 'NONE', #3709, #9037 ) ;
#672 = EDGE_LOOP ( 'NONE', ( #1615, #9844, #11621, #7007 ) ) ;
#673 = CARTESIAN_POINT ( 'NONE',  ( 13.74999999999999822, 5.000000000000000888, 0.2500000000000002220 ) ) ;
#674 = ADVANCED_FACE ( 'NONE', ( #12528 ), #2692, .F. ) ;
#675 = EDGE_LOOP ( 'NONE', ( #10119, #223, #8287, #1071 ) ) ;
#676 = ORIENTED_EDGE ( 'NONE', *, *, #11570, .T. ) ;
#677 = FACE_OUTER_BOUND ( 'NONE', #5333, .T. ) ;
#678 = ORIENTED_EDGE ( 'NONE', *, *, #6874, .T. ) ;
#679 = EDGE_LOOP ( 'NONE', ( #2931, #1539, #8686, #9450, #4641 ) ) ;
#680 = ORIENTED_EDGE ( 'NONE', *, *, #616, .T. ) ;
#681 = ORIENTED_EDGE ( 'NONE', *, *, #3923, .T. ) ;
#682 = EDGE_CURVE ( 'NONE', #1767, #11006, #5609, .T. ) ;
#683 = FILL_AREA_STYLE ('',( #10810 ) ) ;
#684 = ORIENTED_EDGE ( 'NONE', *, *, #11463, .T. ) ;
#685 =( NAMED_UNIT ( * ) PLANE_ANGLE_UNIT ( ) SI_UNIT ( $, .RADIAN. ) );
#686 = EDGE_LOOP ( 'NONE', ( #11547, #2900, #6535, #7527 ) ) ;
#687 = SURFACE_SIDE_STYLE ('',( #9286 ) ) ;
#688 = FILL_AREA_STYLE_COLOUR ( '', #10374 ) ;
#689 = FILL_AREA_STYLE_COLOUR ( '', #1997 ) ;
#690 = ORIENTED_EDGE ( 'NONE', *, *, #3976, .F. ) ;
#691 = VERTEX_POINT ( 'NONE', #4718 ) ;
#692 = VECTOR ( 'NONE', #12523, 1000.000000000000000 ) ;
#693 =( NAMED_UNIT ( * ) PLANE_ANGLE_UNIT ( ) SI_UNIT ( $, .RADIAN. ) );
#694 = ADVANCED_FACE ( 'NONE', ( #5533 ), #8596, .F. ) ;
#695 = VERTEX_POINT ( 'NONE', #2749 ) ;
#696 = ORIENTED_EDGE ( 'NONE', *, *, #5906, .F. ) ;
#697 = DIRECTION ( 'NONE',  ( 1.000000000000000000, 0.0000000000000000000, -0.0000000000000000000 ) ) ;
#698 = UNCERTAINTY_MEASURE_WITH_UNIT (LENGTH_MEASURE( 1.000000000000000082E-05 ), #11513, 'distance_accuracy_value', 'NONE');
#699 = ORIENTED_EDGE ( 'NONE', *, *, #3567, .F. ) ;
#700 = ORIENTED_EDGE ( 'NONE', *, *, #2914, .T. ) ;
#701 = FACE_OUTER_BOUND ( 'NONE', #8947, .T. ) ;
#702 =( NAMED_UNIT ( * ) PLANE_ANGLE_UNIT ( ) SI_UNIT ( $, .RADIAN. ) );
#703 = CARTESIAN_POINT ( 'NONE',  ( 2.250000000000000000, -3.300000000000000266, -0.2499999999999997780 ) ) ;
#704 = ORIENTED_EDGE ( 'NONE', *, *, #10369, .T. ) ;
#705 = CARTESIAN_POINT ( 'NONE',  ( 13.84999999999999787, -3.399999999999999911, -2.800000000000001155 ) ) ;
#706 = ADVANCED_FACE ( 'NONE', ( #9497 ), #8666, .T. ) ;
#707 = ADVANCED_FACE ( 'NONE', ( #87 ), #9028, .T. ) ;
#708 = CARTESIAN_POINT ( 'NONE',  ( -1.699999999999999734, 6.000000000000000000, 0.3199999999999999512 ) ) ;
#709 = ORIENTED_EDGE ( 'NONE', *, *, #3840, .T. ) ;
#710 = EDGE_CURVE ( 'NONE', #1820, #12552, #6037, .T. ) ;
#711 = MECHANICAL_DESIGN_GEOMETRIC_PRESENTATION_REPRESENTATION (  '', ( #4085 ), #2973 ) ;
#712 =( NAMED_UNIT ( * ) SI_UNIT ( $, .STERADIAN. ) SOLID_ANGLE_UNIT ( ) );
#713 = VECTOR ( 'NONE', #8763, 1000.000000000000000 ) ;
#714 = UNCERTAINTY_MEASURE_WITH_UNIT (LENGTH_MEASURE( 1.000000000000000082E-05 ), #4967, 'distance_accuracy_value', 'NONE');
#715 = CARTESIAN_POINT ( 'NONE',  ( 7.750000000000000000, -3.399999999999999911, 0.2500000000000002220 ) ) ;
#716 = CARTESIAN_POINT ( 'NONE',  ( 4.750000000000000888, 3.149999999999999023, -2.050000000000001599 ) ) ;
#717 = EDGE_LOOP ( 'NONE', ( #2247, #7118, #7823, #5399, #2802 ) ) ;
#718 = FILL_AREA_STYLE_COLOUR ( '', #11697 ) ;
#719 = CARTESIAN_POINT ( 'NONE',  ( 17.34999999999999076, 4.500000000000000888, -0.1799999999999978839 ) ) ;
#720 = UNCERTAINTY_MEASURE_WITH_UNIT (LENGTH_MEASURE( 1.000000000000000082E-05 ), #8080, 'distance_accuracy_value', 'NONE');
#721 = CARTESIAN_POINT ( 'NONE',  ( 10.24999999999999822, 5.000000000000000888, -0.2499999999999997780 ) ) ;
#722 = CARTESIAN_POINT ( 'NONE',  ( 15.30000000000000071, 0.2000000000000000389, 0.2500000000000002220 ) ) ;
#723 = EDGE_LOOP ( 'NONE', ( #5056, #4075, #2092, #9297 ) ) ;
#724 = FILL_AREA_STYLE ('',( #12103 ) ) ;
#725 =( NAMED_UNIT ( * ) SI_UNIT ( $, .STERADIAN. ) SOLID_ANGLE_UNIT ( ) );
#726 = ADVANCED_FACE ( 'NONE', ( #7010 ), #6949, .T. ) ;
#727 = FILL_AREA_STYLE_COLOUR ( '', #808 ) ;
#728 = PRESENTATION_STYLE_ASSIGNMENT (( #792 ) ) ;
#729 = CARTESIAN_POINT ( 'NONE',  ( 5.250000000000000888, 3.399999999999999467, -2.050000000000001599 ) ) ;
#730 = DIRECTION ( 'NONE',  ( -0.7071067811865536790, -0.7071067811865414665, 1.662400053425821631E-32 ) ) ;
#731 = ORIENTED_EDGE ( 'NONE', *, *, #4604, .T. ) ;
#732 = FILL_AREA_STYLE ('',( #9472 ) ) ;
#733 = MECHANICAL_DESIGN_GEOMETRIC_PRESENTATION_REPRESENTATION (  '', ( #4681 ), #3419 ) ;
#734 = SURFACE_STYLE_FILL_AREA ( #9664 ) ;
#735 = EDGE_LOOP ( 'NONE', ( #6604, #3986, #603, #6137 ) ) ;
#736 =( LENGTH_UNIT ( ) NAMED_UNIT ( * ) SI_UNIT ( .MILLI., .METRE. ) );
#737 = DIRECTION ( 'NONE',  ( 0.0000000000000000000, -0.7071067811865451302, 0.7071067811865500152 ) ) ;
#738 = CARTESIAN_POINT ( 'NONE',  ( 7.249999999999999112, 3.149999999999999023, -2.050000000000001599 ) ) ;
#739 = VERTEX_POINT ( 'NONE', #2026 ) ;
#740 =( GEOMETRIC_REPRESENTATION_CONTEXT ( 3 ) GLOBAL_UNCERTAINTY_ASSIGNED_CONTEXT ( ( #5094 ) ) GLOBAL_UNIT_ASSIGNED_CONTEXT ( ( #7418, #5548, #2569 ) ) REPRESENTATION_CONTEXT ( 'NONE', 'WORKASPACE' ) );
#741 = ORIENTED_EDGE ( 'NONE', *, *, #9044, .F. ) ;
#742 = EDGE_CURVE ( 'NONE', #3600, #3330, #5974, .T. ) ;
#743 = CARTESIAN_POINT ( 'NONE',  ( 17.17999999999999616, 4.230000000000002203, -2.801000000000000600 ) ) ;
#744 = SURFACE_SIDE_STYLE ('',( #6679 ) ) ;
#745 = STYLED_ITEM ( 'NONE', ( #10261 ), #1848 ) ;
#746 =( NAMED_UNIT ( * ) SI_UNIT ( $, .STERADIAN. ) SOLID_ANGLE_UNIT ( ) );
#747 = EDGE_LOOP ( 'NONE', ( #6470, #9427, #8403, #4449, #7129 ) ) ;
#748 = FILL_AREA_STYLE_COLOUR ( '', #8998 ) ;
#749 = FACE_BOUND ( 'NONE', #5487, .T. ) ;
#750 = CARTESIAN_POINT ( 'NONE',  ( 0.0000000000000000000, -3.541421356237309581, 0.05000000000000012768 ) ) ;
#751 = DIRECTION ( 'NONE',  ( -0.0000000000000000000, -0.0000000000000000000, -1.000000000000000000 ) ) ;
#752 = AXIS2_PLACEMENT_3D ( 'NONE', #12240, #8319, #11057 ) ;
#753 = VERTEX_POINT ( 'NONE', #1370 ) ;
#754 = DIRECTION ( 'NONE',  ( -9.103382349328301547E-49, -2.350988701644575016E-32, -1.000000000000000000 ) ) ;
#755 = DIRECTION ( 'NONE',  ( 1.000000000000000000, 0.0000000000000000000, 0.0000000000000000000 ) ) ;
#756 =( NAMED_UNIT ( * ) PLANE_ANGLE_UNIT ( ) SI_UNIT ( $, .RADIAN. ) );
#757 = CARTESIAN_POINT ( 'NONE',  ( 10.75000000000000000, 3.399999999999999467, -2.050000000000001599 ) ) ;
#758 =( LENGTH_UNIT ( ) NAMED_UNIT ( * ) SI_UNIT ( .MILLI., .METRE. ) );
#759 = PRESENTATION_LAYER_ASSIGNMENT (  '', '', ( #4485 ) ) ;
#760 =( NAMED_UNIT ( * ) SI_UNIT ( $, .STERADIAN. ) SOLID_ANGLE_UNIT ( ) );
#761 = ORIENTED_EDGE ( 'NONE', *, *, #6930, .F. ) ;
#762 = SURFACE_STYLE_FILL_AREA ( #636 ) ;
#763 = DIRECTION ( 'NONE',  ( 3.872150616019660190E-17, 1.000000000000000000, -0.0000000000000000000 ) ) ;
#764 =( LENGTH_UNIT ( ) NAMED_UNIT ( * ) SI_UNIT ( .MILLI., .METRE. ) );
#765 = ADVANCED_FACE ( 'NONE', ( #8320, #8383 ), #1502, .F. ) ;
#766 = PRESENTATION_STYLE_ASSIGNMENT (( #12272 ) ) ;
#767 = SURFACE_SIDE_STYLE ('',( #10921 ) ) ;
#768 = CARTESIAN_POINT ( 'NONE',  ( 7.249999999999999112, 1.149999999999999911, -2.050000000000001599 ) ) ;
#769 = ORIENTED_EDGE ( 'NONE', *, *, #5784, .T. ) ;
#770 = UNCERTAINTY_MEASURE_WITH_UNIT (LENGTH_MEASURE( 1.000000000000000082E-05 ), #4707, 'distance_accuracy_value', 'NONE');
#771 = LINE ( 'NONE', #4732, #8819 ) ;
#772 = DIRECTION ( 'NONE',  ( 0.5773502691896259531, 0.5773502691896259531, -0.5773502691896255090 ) ) ;
#773 =( LENGTH_UNIT ( ) NAMED_UNIT ( * ) SI_UNIT ( .MILLI., .METRE. ) );
#774 = SURFACE_SIDE_STYLE ('',( #4475 ) ) ;
#775 = FILL_AREA_STYLE ('',( #5629 ) ) ;
#776 = STYLED_ITEM ( 'NONE', ( #5789 ), #7886 ) ;
#777 = PLANE ( 'NONE',  #2722 ) ;
#778 = SURFACE_STYLE_USAGE ( .BOTH. , #10474 ) ;
#779 = EDGE_CURVE ( 'NONE', #2036, #2147, #3336, .T. ) ;
#780 = LINE ( 'NONE', #6720, #9412 ) ;
#781 = EDGE_CURVE ( 'NONE', #6868, #5656, #7263, .T. ) ;
#782 = CARTESIAN_POINT ( 'NONE',  ( 1.250000000000000666, 3.399999999999999467, -2.050000000000001599 ) ) ;
#783 = PLANE ( 'NONE',  #7435 ) ;
#784 = STYLED_ITEM ( 'NONE', ( #6052 ), #5859 ) ;
#785 = AXIS2_PLACEMENT_3D ( 'NONE', #9362, #7480, #7541 ) ;
#786 = VECTOR ( 'NONE', #12390, 1000.000000000000000 ) ;
#787 = LINE ( 'NONE', #11719, #831 ) ;
#788 = ORIENTED_EDGE ( 'NONE', *, *, #7232, .T. ) ;
#789 = SURFACE_SIDE_STYLE ('',( #3636 ) ) ;
#790 = CARTESIAN_POINT ( 'NONE',  ( 2.250000000000000000, 1.800000000000000044, -0.2499999999999997780 ) ) ;
#791 = PRESENTATION_LAYER_ASSIGNMENT (  '', '', ( #3695 ) ) ;
#792 = SURFACE_STYLE_USAGE ( .BOTH. , #10487 ) ;
#793 = LINE ( 'NONE', #529, #12264 ) ;
#794 = SURFACE_SIDE_STYLE ('',( #593 ) ) ;
#795 = VECTOR ( 'NONE', #9108, 1000.000000000000000 ) ;
#796 = VECTOR ( 'NONE', #11046, 1000.000000000000000 ) ;
#797 =( LENGTH_UNIT ( ) NAMED_UNIT ( * ) SI_UNIT ( .MILLI., .METRE. ) );
#798 = ORIENTED_EDGE ( 'NONE', *, *, #543, .T. ) ;
#799 = PRESENTATION_STYLE_ASSIGNMENT (( #2734 ) ) ;
#800 = EDGE_CURVE ( 'NONE', #4252, #8481, #11117, .T. ) ;
#801 =( NAMED_UNIT ( * ) SI_UNIT ( $, .STERADIAN. ) SOLID_ANGLE_UNIT ( ) );
#802 = PRESENTATION_LAYER_ASSIGNMENT (  '', '', ( #3069 ) ) ;
#803 = FILL_AREA_STYLE ('',( #5716 ) ) ;
#804 = ORIENTED_EDGE ( 'NONE', *, *, #6698, .T. ) ;
#805 = COLOUR_RGB ( '',1.000000000000000000, 0.8117647058823529438, 0.5019607843137254832 ) ;
#806 = DIRECTION ( 'NONE',  ( -1.084202172485504237E-15, -1.000000000000000000, 0.0000000000000000000 ) ) ;
#807 =( GEOMETRIC_REPRESENTATION_CONTEXT ( 3 ) GLOBAL_UNCERTAINTY_ASSIGNED_CONTEXT ( ( #11748 ) ) GLOBAL_UNIT_ASSIGNED_CONTEXT ( ( #8174, #5311, #11154 ) ) REPRESENTATION_CONTEXT ( 'NONE', 'WORKASPACE' ) );
#808 = COLOUR_RGB ( '',1.000000000000000000, 1.000000000000000000, 1.000000000000000000 ) ;
#809 = ORIENTED_EDGE ( 'NONE', *, *, #9326, .T. ) ;
#810 = DIRECTION ( 'NONE',  ( -1.000000000000000000, -9.035018104045847275E-16, 0.0000000000000000000 ) ) ;
#811 = CARTESIAN_POINT ( 'NONE',  ( 4.699999999999999289, 0.1999999999999999833, -2.800000000000000266 ) ) ;
#812 = ORIENTED_EDGE ( 'NONE', *, *, #5517, .F. ) ;
#813 = AXIS2_PLACEMENT_3D ( 'NONE', #11377, #8390, #4516 ) ;
#814 = ORIENTED_EDGE ( 'NONE', *, *, #6682, .T. ) ;
#815 = SURFACE_SIDE_STYLE ('',( #9545 ) ) ;
#816 = ORIENTED_EDGE ( 'NONE', *, *, #11774, .T. ) ;
#817 = PLANE ( 'NONE',  #12155 ) ;
#818 = LINE ( 'NONE', #5525, #692 ) ;
#819 =( NAMED_UNIT ( * ) PLANE_ANGLE_UNIT ( ) SI_UNIT ( $, .RADIAN. ) );
#820 = ORIENTED_EDGE ( 'NONE', *, *, #10734, .F. ) ;
#821 =( NAMED_UNIT ( * ) SI_UNIT ( $, .STERADIAN. ) SOLID_ANGLE_UNIT ( ) );
#822 = EDGE_CURVE ( 'NONE', #2280, #12157, #12181, .T. ) ;
#823 = FILL_AREA_STYLE_COLOUR ( '', #5988 ) ;
#824 = LINE ( 'NONE', #5857, #1974 ) ;
#825 = PRESENTATION_STYLE_ASSIGNMENT (( #5795 ) ) ;
#826 = PRESENTATION_LAYER_ASSIGNMENT (  '', '', ( #9425 ) ) ;
#827 = PRESENTATION_STYLE_ASSIGNMENT (( #7714 ) ) ;
#828 = MECHANICAL_DESIGN_GEOMETRIC_PRESENTATION_REPRESENTATION (  '', ( #1022 ), #4152 ) ;
#829 = AXIS2_PLACEMENT_3D ( 'NONE', #7610, #9510, #12411 ) ;
#830 = ORIENTED_EDGE ( 'NONE', *, *, #10201, .F. ) ;
#831 = VECTOR ( 'NONE', #3703, 1000.000000000000000 ) ;
#832 = VERTEX_POINT ( 'NONE', #2358 ) ;
#833 = CARTESIAN_POINT ( 'NONE',  ( 9.299999999999998934, 0.2000000000000000389, 1.700000000000000178 ) ) ;
#834 = EDGE_CURVE ( 'NONE', #7750, #5468, #1264, .T. ) ;
#835 = CARTESIAN_POINT ( 'NONE',  ( 0.1500000000000038525, -3.399999999999999911, 0.2500000000000002220 ) ) ;
#836 = COLOUR_RGB ( '',1.000000000000000000, 1.000000000000000000, 1.000000000000000000 ) ;
#837 = CARTESIAN_POINT ( 'NONE',  ( 2.750000000000000444, 3.399999999999999467, -2.350000000000001421 ) ) ;
#838 = MECHANICAL_DESIGN_GEOMETRIC_PRESENTATION_REPRESENTATION (  '', ( #7827 ), #6398 ) ;
#839 = SURFACE_STYLE_FILL_AREA ( #4678 ) ;
#840 = STYLED_ITEM ( 'NONE', ( #1763 ), #11572 ) ;
#841 =( NAMED_UNIT ( * ) SI_UNIT ( $, .STERADIAN. ) SOLID_ANGLE_UNIT ( ) );
#842 = SURFACE_STYLE_FILL_AREA ( #9633 ) ;
#843 = MECHANICAL_DESIGN_GEOMETRIC_PRESENTATION_REPRESENTATION (  '', ( #8016 ), #11258 ) ;
#844 = CARTESIAN_POINT ( 'NONE',  ( 15.30000000000000071, 0.2000000000000000389, 1.700000000000000178 ) ) ;
#845 = MECHANICAL_DESIGN_GEOMETRIC_PRESENTATION_REPRESENTATION (  '', ( #2485 ), #441 ) ;
#846 = UNCERTAINTY_MEASURE_WITH_UNIT (LENGTH_MEASURE( 1.000000000000000082E-05 ), #11302, 'distance_accuracy_value', 'NONE');
#847 =( GEOMETRIC_REPRESENTATION_CONTEXT ( 3 ) GLOBAL_UNCERTAINTY_ASSIGNED_CONTEXT ( ( #954 ) ) GLOBAL_UNIT_ASSIGNED_CONTEXT ( ( #853, #10713, #11593 ) ) REPRESENTATION_CONTEXT ( 'NONE', 'WORKASPACE' ) );
#848 = DIRECTION ( 'NONE',  ( -4.336808689942017736E-16, 0.0000000000000000000, -1.000000000000000000 ) ) ;
#849 = MECHANICAL_DESIGN_GEOMETRIC_PRESENTATION_REPRESENTATION (  '', ( #9241 ), #7024 ) ;
#850 = VECTOR ( 'NONE', #98, 1000.000000000000000 ) ;
#851 = LINE ( 'NONE', #3572, #8600 ) ;
#852 = FACE_OUTER_BOUND ( 'NONE', #5958, .T. ) ;
#853 =( LENGTH_UNIT ( ) NAMED_UNIT ( * ) SI_UNIT ( .MILLI., .METRE. ) );
#854 = FILL_AREA_STYLE_COLOUR ( '', #8023 ) ;
#855 = VECTOR ( 'NONE', #10981, 1000.000000000000000 ) ;
#856 = ORIENTED_EDGE ( 'NONE', *, *, #6614, .F. ) ;
#857 =( GEOMETRIC_REPRESENTATION_CONTEXT ( 3 ) GLOBAL_UNCERTAINTY_ASSIGNED_CONTEXT ( ( #2465 ) ) GLOBAL_UNIT_ASSIGNED_CONTEXT ( ( #8153, #7091, #3283 ) ) REPRESENTATION_CONTEXT ( 'NONE', 'WORKASPACE' ) );
#858 = CARTESIAN_POINT ( 'NONE',  ( 9.250000000000001776, 3.399999999999999467, -2.300000000000003375 ) ) ;
#859 = COLOUR_RGB ( '',1.000000000000000000, 0.8117647058823529438, 0.5019607843137254832 ) ;
#860 = ORIENTED_EDGE ( 'NONE', *, *, #12132, .F. ) ;
#861 = PRESENTATION_LAYER_ASSIGNMENT (  '', '', ( #10291 ) ) ;
#862 = EDGE_CURVE ( 'NONE', #5768, #2408, #431, .T. ) ;
#863 = EDGE_CURVE ( 'NONE', #7918, #11903, #3531, .T. ) ;
#864 = EDGE_CURVE ( 'NONE', #4148, #3738, #5221, .T. ) ;
#865 = PRESENTATION_LAYER_ASSIGNMENT (  '', '', ( #5812 ) ) ;
#866 = ORIENTED_EDGE ( 'NONE', *, *, #8409, .T. ) ;
#867 =( NAMED_UNIT ( * ) SI_UNIT ( $, .STERADIAN. ) SOLID_ANGLE_UNIT ( ) );
#868 = SURFACE_STYLE_USAGE ( .BOTH. , #2935 ) ;
#869 = VERTEX_POINT ( 'NONE', #4262 ) ;
#870 =( GEOMETRIC_REPRESENTATION_CONTEXT ( 3 ) GLOBAL_UNCERTAINTY_ASSIGNED_CONTEXT ( ( #4189 ) ) GLOBAL_UNIT_ASSIGNED_CONTEXT ( ( #1824, #4699, #10604 ) ) REPRESENTATION_CONTEXT ( 'NONE', 'WORKASPACE' ) );
#871 = PLANE ( 'NONE',  #1225 ) ;
#872 = MECHANICAL_DESIGN_GEOMETRIC_PRESENTATION_REPRESENTATION (  '', ( #3564 ), #10105 ) ;
#873 = CARTESIAN_POINT ( 'NONE',  ( -0.1500000000000042966, -3.399999999999999911, -0.1500000000000038525 ) ) ;
#874 = LINE ( 'NONE', #2676, #10035 ) ;
#875 = ADVANCED_FACE ( 'NONE', ( #8139 ), #4325, .F. ) ;
#876 = EDGE_CURVE ( 'NONE', #3251, #1113, #874, .T. ) ;
#877 = COLOUR_RGB ( '',1.000000000000000000, 0.8117647058823529438, 0.5019607843137254832 ) ;
#878 = CARTESIAN_POINT ( 'NONE',  ( -0.2200000000000003619, 4.229999999999999538, 1.700000000000000178 ) ) ;
#879 = VERTEX_POINT ( 'NONE', #11555 ) ;
#880 = PRESENTATION_STYLE_ASSIGNMENT (( #5898 ) ) ;
#881 = PRESENTATION_STYLE_ASSIGNMENT (( #3660 ) ) ;
#882 =( NAMED_UNIT ( * ) SI_UNIT ( $, .STERADIAN. ) SOLID_ANGLE_UNIT ( ) );
#883 = CARTESIAN_POINT ( 'NONE',  ( 0.2499999999999997780, -3.399999999999999911, 0.2500000000000002220 ) ) ;
#884 = ORIENTED_EDGE ( 'NONE', *, *, #11499, .F. ) ;
#885 = FILL_AREA_STYLE ('',( #1849 ) ) ;
#886 = CARTESIAN_POINT ( 'NONE',  ( 0.2499999999999997780, -3.399999999999999911, -0.2499999999999997780 ) ) ;
#887 = CARTESIAN_POINT ( 'NONE',  ( 0.1500000000000008271, 5.100000000000001421, -0.1500000000000003830 ) ) ;
#888 = ADVANCED_FACE ( 'NONE', ( #4831 ), #8710, .F. ) ;
#889 = SURFACE_STYLE_FILL_AREA ( #9703 ) ;
#890 = ORIENTED_EDGE ( 'NONE', *, *, #7323, .T. ) ;
#891 = SURFACE_STYLE_FILL_AREA ( #7773 ) ;
#892 = ORIENTED_EDGE ( 'NONE', *, *, #11168, .T. ) ;
#893 = LINE ( 'NONE', #9563, #9939 ) ;
#894 = DIRECTION ( 'NONE',  ( -1.000000000000000000, 0.0000000000000000000, -0.0000000000000000000 ) ) ;
#895 = DIRECTION ( 'NONE',  ( -1.000000000000000000, 5.421010862427522170E-17, 0.0000000000000000000 ) ) ;
#896 = VERTEX_POINT ( 'NONE', #4585 ) ;
#897 = PRESENTATION_LAYER_ASSIGNMENT (  '', '', ( #9117 ) ) ;
#898 = CARTESIAN_POINT ( 'NONE',  ( 12.15000000000000036, -3.399999999999999911, -2.800000000000000266 ) ) ;
#899 =( NAMED_UNIT ( * ) SI_UNIT ( $, .STERADIAN. ) SOLID_ANGLE_UNIT ( ) );
#900 = DIRECTION ( 'NONE',  ( -0.0000000000000000000, 1.000000000000000000, -0.0000000000000000000 ) ) ;
#901 =( GEOMETRIC_REPRESENTATION_CONTEXT ( 3 ) GLOBAL_UNCERTAINTY_ASSIGNED_CONTEXT ( ( #11938 ) ) GLOBAL_UNIT_ASSIGNED_CONTEXT ( ( #2033, #6834, #9811 ) ) REPRESENTATION_CONTEXT ( 'NONE', 'WORKASPACE' ) );
#902 = SURFACE_STYLE_USAGE ( .BOTH. , #1878 ) ;
#903 = VERTEX_POINT ( 'NONE', #10375 ) ;
#904 = CARTESIAN_POINT ( 'NONE',  ( 2.250000000000000000, -3.399999999999999911, 0.2500000000000002220 ) ) ;
#905 = CARTESIAN_POINT ( 'NONE',  ( 8.966666666666666785, -2.516666666666663943, -1.033333333333335213 ) ) ;
#906 = ORIENTED_EDGE ( 'NONE', *, *, #3634, .T. ) ;
#907 = VERTEX_POINT ( 'NONE', #1564 ) ;
#908 = VECTOR ( 'NONE', #6063, 1000.000000000000000 ) ;
#909 = LINE ( 'NONE', #4629, #11866 ) ;
#910 = DIRECTION ( 'NONE',  ( 1.000000000000000000, -3.872150616019661422E-17, 0.0000000000000000000 ) ) ;
#911 = DIRECTION ( 'NONE',  ( -1.000000000000000000, 0.0000000000000000000, 1.230800803163168627E-17 ) ) ;
#912 = SURFACE_SIDE_STYLE ('',( #9730 ) ) ;
#913 = EDGE_LOOP ( 'NONE', ( #761, #10840, #10200, #2840 ) ) ;
#914 = PRESENTATION_LAYER_ASSIGNMENT (  '', '', ( #1737 ) ) ;
#915 = AXIS2_PLACEMENT_3D ( 'NONE', #1557, #8261, #600 ) ;
#916 =( NAMED_UNIT ( * ) SI_UNIT ( $, .STERADIAN. ) SOLID_ANGLE_UNIT ( ) );
#917 = PLANE ( 'NONE',  #5660 ) ;
#918 =( LENGTH_UNIT ( ) NAMED_UNIT ( * ) SI_UNIT ( .MILLI., .METRE. ) );
#919 = UNCERTAINTY_MEASURE_WITH_UNIT (LENGTH_MEASURE( 1.000000000000000082E-05 ), #4303, 'distance_accuracy_value', 'NONE');
#920 = EDGE_CURVE ( 'NONE', #7135, #1606, #8582, .T. ) ;
#921 = EDGE_LOOP ( 'NONE', ( #9115, #6984, #5132, #2507 ) ) ;
#922 = CARTESIAN_POINT ( 'NONE',  ( 1.749999999999999778, -3.399999999999999911, -0.2499999999999997780 ) ) ;
#923 = DIRECTION ( 'NONE',  ( 0.5773502691896192918, 0.5773502691896392758, 0.5773502691896187367 ) ) ;
#924 = ORIENTED_EDGE ( 'NONE', *, *, #3094, .F. ) ;
#925 = AXIS2_PLACEMENT_3D ( 'NONE', #5991, #11001, #4083 ) ;
#926 = LINE ( 'NONE', #8890, #5972 ) ;
#927 = EDGE_LOOP ( 'NONE', ( #10640, #452, #1640, #6552 ) ) ;
#928 = ORIENTED_EDGE ( 'NONE', *, *, #10895, .F. ) ;
#929 = LINE ( 'NONE', #10741, #8106 ) ;
#930 = FILL_AREA_STYLE ('',( #10687 ) ) ;
#931 = ORIENTED_EDGE ( 'NONE', *, *, #12501, .T. ) ;
#932 = ORIENTED_EDGE ( 'NONE', *, *, #8655, .F. ) ;
#933 = ADVANCED_FACE ( 'NONE', ( #8456 ), #10562, .F. ) ;
#934 = EDGE_CURVE ( 'NONE', #12291, #6103, #11739, .T. ) ;
#935 = EDGE_CURVE ( 'NONE', #3641, #879, #10912, .T. ) ;
#936 = ORIENTED_EDGE ( 'NONE', *, *, #2158, .T. ) ;
#937 = LINE ( 'NONE', #1124, #11849 ) ;
#938 = COLOUR_RGB ( '',1.000000000000000000, 0.8117647058823529438, 0.5019607843137254832 ) ;
#939 = SURFACE_STYLE_USAGE ( .BOTH. , #8018 ) ;
#940 = CARTESIAN_POINT ( 'NONE',  ( 8.150000000000000355, 5.100000000000001421, -2.800000000000000266 ) ) ;
#941 = CARTESIAN_POINT ( 'NONE',  ( 8.750000000000000000, 1.149999999999999911, -2.350000000000001865 ) ) ;
#942 = EDGE_LOOP ( 'NONE', ( #9612, #11438, #10339, #8379 ) ) ;
#943 = SURFACE_STYLE_USAGE ( .BOTH. , #6761 ) ;
#944 = VERTEX_POINT ( 'NONE', #6932 ) ;
#945 = FILL_AREA_STYLE_COLOUR ( '', #12330 ) ;
#946 = CARTESIAN_POINT ( 'NONE',  ( 17.94999999999999574, 1.380000000000004778, 1.300000000000000044 ) ) ;
#947 =( NAMED_UNIT ( * ) PLANE_ANGLE_UNIT ( ) SI_UNIT ( $, .RADIAN. ) );
#948 = EDGE_CURVE ( 'NONE', #9140, #1000, #5067, .T. ) ;
#949 = FILL_AREA_STYLE ('',( #260 ) ) ;
#950 = FACE_BOUND ( 'NONE', #8528, .T. ) ;
#951 = PLANE ( 'NONE',  #216 ) ;
#952 = PRESENTATION_STYLE_ASSIGNMENT (( #5742 ) ) ;
#953 = FILL_AREA_STYLE_COLOUR ( '', #4173 ) ;
#954 = UNCERTAINTY_MEASURE_WITH_UNIT (LENGTH_MEASURE( 1.000000000000000082E-05 ), #853, 'distance_accuracy_value', 'NONE');
#955 = FILL_AREA_STYLE ('',( #1018 ) ) ;
#956 = DIRECTION ( 'NONE',  ( -1.000000000000000000, 1.084202172485504237E-15, 0.0000000000000000000 ) ) ;
#957 =( NAMED_UNIT ( * ) SI_UNIT ( $, .STERADIAN. ) SOLID_ANGLE_UNIT ( ) );
#958 = CARTESIAN_POINT ( 'NONE',  ( 5.450000000000000178, -4.100000000000000533, 0.5499999999999992673 ) ) ;
#959 = ORIENTED_EDGE ( 'NONE', *, *, #11944, .T. ) ;
#960 = FILL_AREA_STYLE ('',( #12498 ) ) ;
#961 =( GEOMETRIC_REPRESENTATION_CONTEXT ( 3 ) GLOBAL_UNCERTAINTY_ASSIGNED_CONTEXT ( ( #426 ) ) GLOBAL_UNIT_ASSIGNED_CONTEXT ( ( #7770, #9558, #10632 ) ) REPRESENTATION_CONTEXT ( 'NONE', 'WORKASPACE' ) );
#962 = EDGE_CURVE ( 'NONE', #8978, #2872, #12631, .T. ) ;
#963 = EDGE_CURVE ( 'NONE', #9755, #9682, #7822, .T. ) ;
#964 = LINE ( 'NONE', #7802, #11539 ) ;
#965 = LINE ( 'NONE', #1894, #6779 ) ;
#966 = VERTEX_POINT ( 'NONE', #1107 ) ;
#967 =( NAMED_UNIT ( * ) PLANE_ANGLE_UNIT ( ) SI_UNIT ( $, .RADIAN. ) );
#968 = MECHANICAL_DESIGN_GEOMETRIC_PRESENTATION_REPRESENTATION (  '', ( #1812 ), #3472 ) ;
#969 =( NAMED_UNIT ( * ) SI_UNIT ( $, .STERADIAN. ) SOLID_ANGLE_UNIT ( ) );
#970 = FACE_OUTER_BOUND ( 'NONE', #8972, .T. ) ;
#971 = ORIENTED_EDGE ( 'NONE', *, *, #10099, .T. ) ;
#972 = DIRECTION ( 'NONE',  ( 0.0000000000000000000, 0.0000000000000000000, 1.000000000000000000 ) ) ;
#973 = MECHANICAL_DESIGN_GEOMETRIC_PRESENTATION_REPRESENTATION (  '', ( #11999 ), #4326 ) ;
#974 = SURFACE_SIDE_STYLE ('',( #4946 ) ) ;
#975 =( LENGTH_UNIT ( ) NAMED_UNIT ( * ) SI_UNIT ( .MILLI., .METRE. ) );
#976 = FILL_AREA_STYLE_COLOUR ( '', #4895 ) ;
#977 = CARTESIAN_POINT ( 'NONE',  ( 0.1500000000000038525, -3.399999999999999911, -0.1500000000000038525 ) ) ;
#978 = PRESENTATION_LAYER_ASSIGNMENT (  '', '', ( #10420 ) ) ;
#979 = PRESENTATION_LAYER_ASSIGNMENT (  '', '', ( #12219 ) ) ;
#980 =( GEOMETRIC_REPRESENTATION_CONTEXT ( 3 ) GLOBAL_UNCERTAINTY_ASSIGNED_CONTEXT ( ( #4450 ) ) GLOBAL_UNIT_ASSIGNED_CONTEXT ( ( #3885, #4088, #7035 ) ) REPRESENTATION_CONTEXT ( 'NONE', 'WORKASPACE' ) );
#981 =( NAMED_UNIT ( * ) SI_UNIT ( $, .STERADIAN. ) SOLID_ANGLE_UNIT ( ) );
#982 = VERTEX_POINT ( 'NONE', #977 ) ;
#983 = LINE ( 'NONE', #9793, #1839 ) ;
#984 = DIRECTION ( 'NONE',  ( 0.0000000000000000000, -0.0000000000000000000, 1.000000000000000000 ) ) ;
#985 = UNCERTAINTY_MEASURE_WITH_UNIT (LENGTH_MEASURE( 1.000000000000000082E-05 ), #5579, 'distance_accuracy_value', 'NONE');
#986 = ORIENTED_EDGE ( 'NONE', *, *, #389, .F. ) ;
#987 = EDGE_LOOP ( 'NONE', ( #9280, #9152, #2094, #2315 ) ) ;
#988 = CARTESIAN_POINT ( 'NONE',  ( 15.75000000000000000, 5.000000000000000888, 0.2500000000000002220 ) ) ;
#989 = PRESENTATION_LAYER_ASSIGNMENT (  '', '', ( #3266 ) ) ;
#990 = COLOUR_RGB ( '',1.000000000000000000, 0.8117647058823529438, 0.5019607843137254832 ) ;
#991 = EDGE_LOOP ( 'NONE', ( #9805, #10735, #2988, #1477 ) ) ;
#992 = AXIS2_PLACEMENT_3D ( 'NONE', #12266, #451, #10331 ) ;
#993 =( NAMED_UNIT ( * ) PLANE_ANGLE_UNIT ( ) SI_UNIT ( $, .RADIAN. ) );
#994 =( NAMED_UNIT ( * ) PLANE_ANGLE_UNIT ( ) SI_UNIT ( $, .RADIAN. ) );
#995 = ADVANCED_FACE ( 'NONE', ( #8824 ), #5017, .F. ) ;
#996 = MECHANICAL_DESIGN_GEOMETRIC_PRESENTATION_REPRESENTATION (  '', ( #9827 ), #4341 ) ;
#997 = MECHANICAL_DESIGN_GEOMETRIC_PRESENTATION_REPRESENTATION (  '', ( #11440 ), #8194 ) ;
#998 = EDGE_CURVE ( 'NONE', #7810, #11658, #926, .T. ) ;
#999 = EDGE_CURVE ( 'NONE', #6892, #9731, #8758, .T. ) ;
#1000 = VERTEX_POINT ( 'NONE', #7937 ) ;
#1001 = CARTESIAN_POINT ( 'NONE',  ( 4.699999999999999289, 0.1999999999999999833, -2.800000000000000266 ) ) ;
#1002 = FACE_OUTER_BOUND ( 'NONE', #679, .T. ) ;
#1003 = MECHANICAL_DESIGN_GEOMETRIC_PRESENTATION_REPRESENTATION (  '', ( #8196 ), #6788 ) ;
#1004 = PLANE ( 'NONE',  #3979 ) ;
#1005 = VERTEX_POINT ( 'NONE', #9009 ) ;
#1006 =( GEOMETRIC_REPRESENTATION_CONTEXT ( 3 ) GLOBAL_UNCERTAINTY_ASSIGNED_CONTEXT ( ( #245 ) ) GLOBAL_UNIT_ASSIGNED_CONTEXT ( ( #9759, #947, #1133 ) ) REPRESENTATION_CONTEXT ( 'NONE', 'WORKASPACE' ) );
#1007 = CARTESIAN_POINT ( 'NONE',  ( -1.949999999999999956, 1.800000000000000044, -2.800000000000000266 ) ) ;
#1008 = ORIENTED_EDGE ( 'NONE', *, *, #7730, .T. ) ;
#1009 = DIRECTION ( 'NONE',  ( 0.0000000000000000000, 0.0000000000000000000, 1.000000000000000000 ) ) ;
#1010 = LINE ( 'NONE', #3212, #3210 ) ;
#1011 = AXIS2_PLACEMENT_3D ( 'NONE', #7225, #1285, #12203 ) ;
#1012 = DIRECTION ( 'NONE',  ( -4.336808689942017736E-16, 1.679277644031840470E-32, -1.000000000000000000 ) ) ;
#1013 = STYLED_ITEM ( 'NONE', ( #2822 ), #9276 ) ;
#1014 = DIRECTION ( 'NONE',  ( 1.000000000000000000, -5.421010862427522170E-17, 0.0000000000000000000 ) ) ;
#1015 = ADVANCED_FACE ( 'NONE', ( #11617 ), #11793, .F. ) ;
#1016 = CARTESIAN_POINT ( 'NONE',  ( -0.001949999999999999910, -0.0000000000000000000, -0.002800000000000000405 ) ) ;
#1017 = COLOUR_RGB ( '',1.000000000000000000, 0.8117647058823529438, 0.5019607843137254832 ) ;
#1018 = FILL_AREA_STYLE_COLOUR ( '', #4729 ) ;
#1019 = MECHANICAL_DESIGN_GEOMETRIC_PRESENTATION_REPRESENTATION (  '', ( #3977 ), #12511 ) ;
#1020 = DIRECTION ( 'NONE',  ( 1.000000000000000000, -3.872150616019661422E-17, 0.0000000000000000000 ) ) ;
#1021 = CARTESIAN_POINT ( 'NONE',  ( -1.949999999999999956, 0.0000000000000000000, 1.700000000000000178 ) ) ;
#1022 = STYLED_ITEM ( 'NONE', ( #9106 ), #10043 ) ;
#1023 = SURFACE_STYLE_FILL_AREA ( #3782 ) ;
#1024 = COLOUR_RGB ( '',1.000000000000000000, 0.8117647058823529438, 0.5019607843137254832 ) ;
#1025 = LINE ( 'NONE', #11904, #7209 ) ;
#1026 = CYLINDRICAL_SURFACE ( 'NONE', #1011, 0.4999999999999995559 ) ;
#1027 = ADVANCED_FACE ( 'NONE', ( #8308 ), #7367, .F. ) ;
#1028 = EDGE_CURVE ( 'NONE', #10436, #657, #4306, .T. ) ;
#1029 = DIRECTION ( 'NONE',  ( -1.000000000000000000, 0.0000000000000000000, 0.0000000000000000000 ) ) ;
#1030 = DIRECTION ( 'NONE',  ( 0.7071067811865475727, -0.7071067811865475727, 1.662400053425836136E-32 ) ) ;
#1031 = MECHANICAL_DESIGN_GEOMETRIC_PRESENTATION_REPRESENTATION (  '', ( #11470 ), #625 ) ;
#1032 = VECTOR ( 'NONE', #5013, 1000.000000000000000 ) ;
#1033 = FACE_OUTER_BOUND ( 'NONE', #8656, .T. ) ;
#1034 =( GEOMETRIC_REPRESENTATION_CONTEXT ( 3 ) GLOBAL_UNCERTAINTY_ASSIGNED_CONTEXT ( ( #5200 ) ) GLOBAL_UNIT_ASSIGNED_CONTEXT ( ( #9372, #2712, #3625 ) ) REPRESENTATION_CONTEXT ( 'NONE', 'WORKASPACE' ) );
#1035 = EDGE_CURVE ( 'NONE', #8978, #3523, #6418, .T. ) ;
#1036 = VERTEX_POINT ( 'NONE', #10968 ) ;
#1037 = COLOUR_RGB ( '',1.000000000000000000, 1.000000000000000000, 1.000000000000000000 ) ;
#1038 = UNCERTAINTY_MEASURE_WITH_UNIT (LENGTH_MEASURE( 1.000000000000000082E-05 ), #10732, 'distance_accuracy_value', 'NONE');
#1039 =( LENGTH_UNIT ( ) NAMED_UNIT ( * ) SI_UNIT ( .MILLI., .METRE. ) );
#1040 = AXIS2_PLACEMENT_3D ( 'NONE', #6386, #4614, #6504 ) ;
#1041 = PLANE ( 'NONE',  #12057 ) ;
#1042 =( GEOMETRIC_REPRESENTATION_CONTEXT ( 3 ) GLOBAL_UNCERTAINTY_ASSIGNED_CONTEXT ( ( #525 ) ) GLOBAL_UNIT_ASSIGNED_CONTEXT ( ( #8541, #10583, #8411 ) ) REPRESENTATION_CONTEXT ( 'NONE', 'WORKASPACE' ) );
#1043 = PLANE ( 'NONE',  #4578 ) ;
#1044 = UNCERTAINTY_MEASURE_WITH_UNIT (LENGTH_MEASURE( 1.000000000000000082E-05 ), #10577, 'distance_accuracy_value', 'NONE');
#1045 = ORIENTED_EDGE ( 'NONE', *, *, #9024, .T. ) ;
#1046 = COLOUR_RGB ( '',1.000000000000000000, 0.8117647058823529438, 0.5019607843137254832 ) ;
#1047 = CARTESIAN_POINT ( 'NONE',  ( 9.750000000000000000, 1.800000000000000044, 0.2500000000000002220 ) ) ;
#1048 = EDGE_CURVE ( 'NONE', #9623, #1992, #4378, .T. ) ;
#1049 = FILL_AREA_STYLE_COLOUR ( '', #8691 ) ;
#1050 = AXIS2_PLACEMENT_3D ( 'NONE', #3693, #8489, #10287 ) ;
#1051 = VECTOR ( 'NONE', #5215, 1000.000000000000114 ) ;
#1052 = MECHANICAL_DESIGN_GEOMETRIC_PRESENTATION_REPRESENTATION (  '', ( #5806 ), #7853 ) ;
#1053 = ORIENTED_EDGE ( 'NONE', *, *, #7703, .T. ) ;
#1054 = AXIS2_PLACEMENT_3D ( 'NONE', #5647, #6605, #9390 ) ;
#1055 = ORIENTED_EDGE ( 'NONE', *, *, #5834, .F. ) ;
#1056 = CARTESIAN_POINT ( 'NONE',  ( 5.299999999999998934, 0.2000000000000000389, -2.800000000000000266 ) ) ;
#1057 = LINE ( 'NONE', #7893, #607 ) ;
#1058 = DIRECTION ( 'NONE',  ( 0.0000000000000000000, -0.0000000000000000000, 1.000000000000000000 ) ) ;
#1059 = ORIENTED_EDGE ( 'NONE', *, *, #3577, .F. ) ;
#1060 = ORIENTED_EDGE ( 'NONE', *, *, #10444, .F. ) ;
#1061 = PLANE ( 'NONE',  #12416 ) ;
#1062 = SURFACE_SIDE_STYLE ('',( #9872 ) ) ;
#1063 = VECTOR ( 'NONE', #12216, 1000.000000000000114 ) ;
#1064 = STYLED_ITEM ( 'NONE', ( #2938 ), #10949 ) ;
#1065 = VECTOR ( 'NONE', #8062, 1000.000000000000000 ) ;
#1066 = CARTESIAN_POINT ( 'NONE',  ( 11.29999999999999893, 0.2000000000000000389, -2.800000000000000266 ) ) ;
#1067 = SURFACE_STYLE_USAGE ( .BOTH. , #1125 ) ;
#1068 = COLOUR_RGB ( '',1.000000000000000000, 1.000000000000000000, 1.000000000000000000 ) ;
#1069 = FILL_AREA_STYLE ('',( #2027 ) ) ;
#1070 = ORIENTED_EDGE ( 'NONE', *, *, #2965, .T. ) ;
#1071 = ORIENTED_EDGE ( 'NONE', *, *, #10301, .F. ) ;
#1072 = DIRECTION ( 'NONE',  ( -5.421010862427522170E-17, -1.000000000000000000, 2.350988701644575016E-32 ) ) ;
#1073 = DIRECTION ( 'NONE',  ( 4.336808689942017736E-16, 0.0000000000000000000, 1.000000000000000000 ) ) ;
#1074 = SURFACE_STYLE_FILL_AREA ( #5986 ) ;
#1075 = ORIENTED_EDGE ( 'NONE', *, *, #12517, .T. ) ;
#1076 = EDGE_CURVE ( 'NONE', #3542, #1352, #11037, .T. ) ;
#1077 = PLANE ( 'NONE',  #6389 ) ;
#1078 = EDGE_LOOP ( 'NONE', ( #10203, #8509, #12478, #1217, #9650 ) ) ;
#1079 = CARTESIAN_POINT ( 'NONE',  ( 9.750000000000000000, -3.300000000000000266, 0.2500000000000002220 ) ) ;
#1080 = DIRECTION ( 'NONE',  ( -0.0000000000000000000, -0.0000000000000000000, 1.000000000000000000 ) ) ;
#1081 = FILL_AREA_STYLE_COLOUR ( '', #7311 ) ;
#1082 = UNCERTAINTY_MEASURE_WITH_UNIT (LENGTH_MEASURE( 1.000000000000000082E-05 ), #372, 'distance_accuracy_value', 'NONE');
#1083 = CARTESIAN_POINT ( 'NONE',  ( 8.833333333333330373, -4.383333333333336412, -0.8333333333333343695 ) ) ;
#1084 = CARTESIAN_POINT ( 'NONE',  ( 13.29999999999999893, 0.2000000000000000389, -2.800000000000000266 ) ) ;
#1085 = CARTESIAN_POINT ( 'NONE',  ( 1.750000000000000222, -3.399999999999999911, 0.2500000000000002220 ) ) ;
#1086 = PLANE ( 'NONE',  #3532 ) ;
#1087 = ORIENTED_EDGE ( 'NONE', *, *, #1790, .T. ) ;
#1088 = ADVANCED_FACE ( 'NONE', ( #1242 ), #5202, .F. ) ;
#1089 = EDGE_CURVE ( 'NONE', #4878, #12336, #5644, .T. ) ;
#1090 = VERTEX_POINT ( 'NONE', #9388 ) ;
#1091 = DIRECTION ( 'NONE',  ( -0.0000000000000000000, 1.000000000000000000, -0.0000000000000000000 ) ) ;
#1092 = VECTOR ( 'NONE', #8462, 1000.000000000000000 ) ;
#1093 = DIRECTION ( 'NONE',  ( 3.872150616019660190E-17, 1.000000000000000000, -0.0000000000000000000 ) ) ;
#1094 = DIRECTION ( 'NONE',  ( -1.000000000000000000, 1.084202172485504237E-15, 0.0000000000000000000 ) ) ;
#1095 = DIRECTION ( 'NONE',  ( -0.0000000000000000000, -0.0000000000000000000, 1.000000000000000000 ) ) ;
#1096 = SURFACE_STYLE_USAGE ( .BOTH. , #4930 ) ;
#1097 = FILL_AREA_STYLE_COLOUR ( '', #2300 ) ;
#1098 = ORIENTED_EDGE ( 'NONE', *, *, #5689, .T. ) ;
#1099 = CARTESIAN_POINT ( 'NONE',  ( 9.250000000000001776, 1.149999999999999911, -2.050000000000001599 ) ) ;
#1100 = ORIENTED_EDGE ( 'NONE', *, *, #3950, .F. ) ;
#1101 = AXIS2_PLACEMENT_3D ( 'NONE', #9469, #670, #10550 ) ;
#1102 = SURFACE_STYLE_FILL_AREA ( #405 ) ;
#1103 = ORIENTED_EDGE ( 'NONE', *, *, #4739, .F. ) ;
#1104 = EDGE_CURVE ( 'NONE', #5083, #5154, #9528, .T. ) ;
#1105 = SURFACE_STYLE_FILL_AREA ( #9919 ) ;
#1106 = DIRECTION ( 'NONE',  ( 4.336808689942017736E-16, 0.0000000000000000000, 1.000000000000000000 ) ) ;
#1107 = CARTESIAN_POINT ( 'NONE',  ( 13.29999999999999893, 0.2000000000000000389, 1.700000000000000178 ) ) ;
#1108 = AXIS2_PLACEMENT_3D ( 'NONE', #7460, #5467, #1441 ) ;
#1109 = CARTESIAN_POINT ( 'NONE',  ( 9.449999999999999289, -4.100000000000000533, 0.5499999999999992673 ) ) ;
#1110 = AXIS2_PLACEMENT_3D ( 'NONE', #10635, #9503, #4786 ) ;
#1111 = CARTESIAN_POINT ( 'NONE',  ( 6.749999999999999112, 3.399999999999999467, -2.050000000000001599 ) ) ;
#1112 = ORIENTED_EDGE ( 'NONE', *, *, #598, .T. ) ;
#1113 = VERTEX_POINT ( 'NONE', #10602 ) ;
#1114 = DIRECTION ( 'NONE',  ( -0.0000000000000000000, -0.0000000000000000000, -1.000000000000000000 ) ) ;
#1115 = DIRECTION ( 'NONE',  ( -1.000000000000000000, -0.0000000000000000000, -0.0000000000000000000 ) ) ;
#1116 = SURFACE_STYLE_USAGE ( .BOTH. , #5211 ) ;
#1117 = SURFACE_STYLE_FILL_AREA ( #930 ) ;
#1118 = UNCERTAINTY_MEASURE_WITH_UNIT (LENGTH_MEASURE( 1.000000000000000082E-05 ), #1448, 'distance_accuracy_value', 'NONE');
#1119 = ORIENTED_EDGE ( 'NONE', *, *, #3354, .F. ) ;
#1120 = ORIENTED_EDGE ( 'NONE', *, *, #3950, .T. ) ;
#1121 = CARTESIAN_POINT ( 'NONE',  ( 17.34999999999999076, -19.04337155022711769, -2.350000000000001865 ) ) ;
#1122 = CARTESIAN_POINT ( 'NONE',  ( 10.24999999999999822, -3.399999999999999911, 0.2500000000000002220 ) ) ;
#1123 = VECTOR ( 'NONE', #1487, 1000.000000000000000 ) ;
#1124 = CARTESIAN_POINT ( 'NONE',  ( 3.299999999999999378, 0.2000000000000000389, 1.700000000000000178 ) ) ;
#1125 = SURFACE_SIDE_STYLE ('',( #6948 ) ) ;
#1126 = ORIENTED_EDGE ( 'NONE', *, *, #12604, .F. ) ;
#1127 =( NAMED_UNIT ( * ) PLANE_ANGLE_UNIT ( ) SI_UNIT ( $, .RADIAN. ) );
#1128 = SURFACE_SIDE_STYLE ('',( #7072 ) ) ;
#1129 = VECTOR ( 'NONE', #4061, 1000.000000000000000 ) ;
#1130 = ORIENTED_EDGE ( 'NONE', *, *, #7501, .F. ) ;
#1131 = DIRECTION ( 'NONE',  ( 1.000000000000000000, -5.421010862427522170E-17, 0.0000000000000000000 ) ) ;
#1132 =( NAMED_UNIT ( * ) SI_UNIT ( $, .STERADIAN. ) SOLID_ANGLE_UNIT ( ) );
#1133 =( NAMED_UNIT ( * ) SI_UNIT ( $, .STERADIAN. ) SOLID_ANGLE_UNIT ( ) );
#1134 = LINE ( 'NONE', #3148, #5604 ) ;
#1135 = EDGE_CURVE ( 'NONE', #3523, #3989, #793, .T. ) ;
#1136 = STYLED_ITEM ( 'NONE', ( #10342 ), #1646 ) ;
#1137 = FILL_AREA_STYLE_COLOUR ( '', #4568 ) ;
#1138 = DIRECTION ( 'NONE',  ( 4.336808689942017736E-16, 0.0000000000000000000, 1.000000000000000000 ) ) ;
#1139 = CARTESIAN_POINT ( 'NONE',  ( 0.7500000000000002220, 3.399999999999999467, -2.050000000000001599 ) ) ;
#1140 = CARTESIAN_POINT ( 'NONE',  ( 12.75000000000000178, 3.399999999999999467, -2.050000000000001599 ) ) ;
#1141 = ORIENTED_EDGE ( 'NONE', *, *, #6770, .T. ) ;
#1142 = EDGE_CURVE ( 'NONE', #8839, #11885, #8505, .T. ) ;
#1143 = FACE_OUTER_BOUND ( 'NONE', #11988, .T. ) ;
#1144 = DIRECTION ( 'NONE',  ( -0.0000000000000000000, -0.0000000000000000000, 1.000000000000000000 ) ) ;
#1145 = PLANE ( 'NONE',  #3320 ) ;
#1146 =( NAMED_UNIT ( * ) SI_UNIT ( $, .STERADIAN. ) SOLID_ANGLE_UNIT ( ) );
#1147 = DIRECTION ( 'NONE',  ( -3.833233541708420554E-17, -0.7071067811865447972, -0.7071067811865502373 ) ) ;
#1148 = SURFACE_SIDE_STYLE ('',( #2173 ) ) ;
#1149 = FILL_AREA_STYLE_COLOUR ( '', #3478 ) ;
#1150 = EDGE_CURVE ( 'NONE', #6942, #4860, #4492, .T. ) ;
#1151 = FACE_OUTER_BOUND ( 'NONE', #6335, .T. ) ;
#1152 = EDGE_CURVE ( 'NONE', #9546, #3418, #5505, .T. ) ;
#1153 = DIRECTION ( 'NONE',  ( 0.0000000000000000000, 0.0000000000000000000, -1.000000000000000000 ) ) ;
#1154 = EDGE_CURVE ( 'NONE', #5061, #2603, #9323, .T. ) ;
#1155 = LINE ( 'NONE', #1995, #5145 ) ;
#1156 = FACE_OUTER_BOUND ( 'NONE', #4016, .T. ) ;
#1157 = FILL_AREA_STYLE_COLOUR ( '', #3737 ) ;
#1158 = EDGE_LOOP ( 'NONE', ( #9236, #3013, #6776, #10951, #8051 ) ) ;
#1159 = LINE ( 'NONE', #6020, #219 ) ;
#1160 = LINE ( 'NONE', #1300, #5389 ) ;
#1161 = PLANE ( 'NONE',  #5404 ) ;
#1162 = UNCERTAINTY_MEASURE_WITH_UNIT (LENGTH_MEASURE( 1.000000000000000082E-05 ), #10726, 'distance_accuracy_value', 'NONE');
#1163 = PLANE ( 'NONE',  #5499 ) ;
#1164 = DIRECTION ( 'NONE',  ( 1.230800803163168473E-17, -0.0000000000000000000, 1.000000000000000000 ) ) ;
#1165 = SURFACE_STYLE_FILL_AREA ( #8770 ) ;
#1166 = EDGE_LOOP ( 'NONE', ( #3437, #5613, #540, #522 ) ) ;
#1167 = DIRECTION ( 'NONE',  ( -1.000000000000000000, -0.0000000000000000000, -0.0000000000000000000 ) ) ;
#1168 = STYLED_ITEM ( 'NONE', ( #3870 ), #8032 ) ;
#1169 = COLOUR_RGB ( '',1.000000000000000000, 0.8117647058823529438, 0.5019607843137254832 ) ;
#1170 = EDGE_CURVE ( 'NONE', #12280, #3449, #7561, .T. ) ;
#1171 = CARTESIAN_POINT ( 'NONE',  ( 17.95099999999999696, 6.000000000000000000, -0.6800000000000000488 ) ) ;
#1172 = ORIENTED_EDGE ( 'NONE', *, *, #8160, .T. ) ;
#1173 = PLANE ( 'NONE',  #9391 ) ;
#1174 = LINE ( 'NONE', #11863, #2673 ) ;
#1175 = EDGE_CURVE ( 'NONE', #12336, #4747, #671, .T. ) ;
#1176 = MECHANICAL_DESIGN_GEOMETRIC_PRESENTATION_REPRESENTATION (  '', ( #5112 ), #12419 ) ;
#1177 = ORIENTED_EDGE ( 'NONE', *, *, #11129, .T. ) ;
#1178 = SURFACE_STYLE_USAGE ( .BOTH. , #767 ) ;
#1179 = VECTOR ( 'NONE', #2887, 1000.000000000000000 ) ;
#1180 = AXIS2_PLACEMENT_3D ( 'NONE', #8527, #2549, #3468 ) ;
#1181 = ORIENTED_EDGE ( 'NONE', *, *, #11788, .F. ) ;
#1182 = CARTESIAN_POINT ( 'NONE',  ( 9.750000000000000000, 1.800000000000000044, -0.2499999999999997780 ) ) ;
#1183 = SURFACE_STYLE_USAGE ( .BOTH. , #7898 ) ;
#1184 = DIRECTION ( 'NONE',  ( -5.421010862427522170E-17, -1.000000000000000000, 2.350988701644575016E-32 ) ) ;
#1185 =( GEOMETRIC_REPRESENTATION_CONTEXT ( 3 ) GLOBAL_UNCERTAINTY_ASSIGNED_CONTEXT ( ( #1433 ) ) GLOBAL_UNIT_ASSIGNED_CONTEXT ( ( #9374, #1683, #5633 ) ) REPRESENTATION_CONTEXT ( 'NONE', 'WORKASPACE' ) );
#1186 = PRESENTATION_STYLE_ASSIGNMENT (( #8022 ) ) ;
#1187 = COLOUR_RGB ( '',1.000000000000000000, 0.8117647058823529438, 0.5019607843137254832 ) ;
#1188 = MECHANICAL_DESIGN_GEOMETRIC_PRESENTATION_REPRESENTATION (  '', ( #10420 ), #5528 ) ;
#1189 = MECHANICAL_DESIGN_GEOMETRIC_PRESENTATION_REPRESENTATION (  '', ( #7591 ), #377 ) ;
#1190 = PLANE ( 'NONE',  #2445 ) ;
#1191 = VERTEX_POINT ( 'NONE', #12228 ) ;
#1192 = UNCERTAINTY_MEASURE_WITH_UNIT (LENGTH_MEASURE( 1.000000000000000082E-05 ), #2807, 'distance_accuracy_value', 'NONE');
#1193 = EDGE_CURVE ( 'NONE', #9138, #10127, #1697, .T. ) ;
#1194 = CARTESIAN_POINT ( 'NONE',  ( -1.350000000000000089, 1.799999999999999600, -2.350000000000001421 ) ) ;
#1195 =( LENGTH_UNIT ( ) NAMED_UNIT ( * ) SI_UNIT ( .MILLI., .METRE. ) );
#1196 = LINE ( 'NONE', #4402, #9015 ) ;
#1197 = VECTOR ( 'NONE', #1861, 1000.000000000000000 ) ;
#1198 = DIRECTION ( 'NONE',  ( -1.000000000000000000, 3.872150616019661422E-17, 0.0000000000000000000 ) ) ;
#1199 = CARTESIAN_POINT ( 'NONE',  ( 0.7500000000000002220, 3.399999999999999467, -2.050000000000001599 ) ) ;
#1200 = VERTEX_POINT ( 'NONE', #7442 ) ;
#1201 = AXIS2_PLACEMENT_3D ( 'NONE', #8876, #1030, #6012 ) ;
#1202 =( LENGTH_UNIT ( ) NAMED_UNIT ( * ) SI_UNIT ( .MILLI., .METRE. ) );
#1203 = CARTESIAN_POINT ( 'NONE',  ( 11.25000000000000000, 3.399999999999999467, -2.300000000000003375 ) ) ;
#1204 = ORIENTED_EDGE ( 'NONE', *, *, #2721, .F. ) ;
#1205 = VECTOR ( 'NONE', #10165, 1000.000000000000000 ) ;
#1206 = STYLED_ITEM ( 'NONE', ( #8762 ), #9007 ) ;
#1207 = CARTESIAN_POINT ( 'NONE',  ( 17.94999999999999574, 0.0000000000000000000, -2.800000000000000711 ) ) ;
#1208 = MECHANICAL_DESIGN_GEOMETRIC_PRESENTATION_REPRESENTATION (  '', ( #2230 ), #11242 ) ;
#1209 = FACE_OUTER_BOUND ( 'NONE', #5851, .T. ) ;
#1210 = EDGE_CURVE ( 'NONE', #5669, #5144, #12430, .T. ) ;
#1211 = EDGE_CURVE ( 'NONE', #11752, #4252, #7689, .T. ) ;
#1212 = STYLED_ITEM ( 'NONE', ( #5809 ), #9894 ) ;
#1213 =( GEOMETRIC_REPRESENTATION_CONTEXT ( 3 ) GLOBAL_UNCERTAINTY_ASSIGNED_CONTEXT ( ( #7724 ) ) GLOBAL_UNIT_ASSIGNED_CONTEXT ( ( #3326, #11110, #7725 ) ) REPRESENTATION_CONTEXT ( 'NONE', 'WORKASPACE' ) );
#1214 = COLOUR_RGB ( '',1.000000000000000000, 1.000000000000000000, 1.000000000000000000 ) ;
#1215 = PLANE ( 'NONE',  #10677 ) ;
#1216 =( LENGTH_UNIT ( ) NAMED_UNIT ( * ) SI_UNIT ( .MILLI., .METRE. ) );
#1217 = ORIENTED_EDGE ( 'NONE', *, *, #11104, .T. ) ;
#1218 = EDGE_LOOP ( 'NONE', ( #298, #6613, #8778, #11968 ) ) ;
#1219 = SURFACE_STYLE_USAGE ( .BOTH. , #6393 ) ;
#1220 = CARTESIAN_POINT ( 'NONE',  ( 3.750000000000000444, -3.399999999999999911, 0.2500000000000002220 ) ) ;
#1221 = PRESENTATION_LAYER_ASSIGNMENT (  '', '', ( #8621 ) ) ;
#1222 = CARTESIAN_POINT ( 'NONE',  ( 10.75000000000000000, 1.149999999999999911, -2.350000000000001865 ) ) ;
#1223 = ORIENTED_EDGE ( 'NONE', *, *, #10128, .F. ) ;
#1224 = VECTOR ( 'NONE', #1515, 1000.000000000000000 ) ;
#1225 = AXIS2_PLACEMENT_3D ( 'NONE', #11552, #1836, #806 ) ;
#1226 = DIRECTION ( 'NONE',  ( 1.000000000000000000, 0.0000000000000000000, 0.0000000000000000000 ) ) ;
#1227 = STYLED_ITEM ( 'NONE', ( #3508 ), #11181 ) ;
#1228 = SURFACE_STYLE_USAGE ( .BOTH. , #6609 ) ;
#1229 = SURFACE_STYLE_FILL_AREA ( #2126 ) ;
#1230 = CARTESIAN_POINT ( 'NONE',  ( 0.0000000000000000000, -3.541421356237309581, 0.0000000000000000000 ) ) ;
#1231 = SURFACE_STYLE_FILL_AREA ( #222 ) ;
#1232 = VECTOR ( 'NONE', #10188, 1000.000000000000000 ) ;
#1233 = FILL_AREA_STYLE_COLOUR ( '', #9022 ) ;
#1234 = MECHANICAL_DESIGN_GEOMETRIC_PRESENTATION_REPRESENTATION (  '', ( #12254 ), #4576 ) ;
#1235 = ORIENTED_EDGE ( 'NONE', *, *, #4024, .F. ) ;
#1236 = SURFACE_STYLE_USAGE ( .BOTH. , #9001 ) ;
#1237 = EDGE_CURVE ( 'NONE', #4462, #903, #9587, .T. ) ;
#1238 = ADVANCED_FACE ( 'NONE', ( #12369 ), #6477, .F. ) ;
#1239 = FILL_AREA_STYLE ('',( #342 ) ) ;
#1240 = AXIS2_PLACEMENT_3D ( 'NONE', #8629, #10484, #3705 ) ;
#1241 = EDGE_CURVE ( 'NONE', #1944, #4627, #10658, .T. ) ;
#1242 = FACE_OUTER_BOUND ( 'NONE', #2437, .T. ) ;
#1243 =( NAMED_UNIT ( * ) SI_UNIT ( $, .STERADIAN. ) SOLID_ANGLE_UNIT ( ) );
#1244 = LINE ( 'NONE', #10117, #3127 ) ;
#1245 = VECTOR ( 'NONE', #4340, 1000.000000000000000 ) ;
#1246 = VECTOR ( 'NONE', #503, 1000.000000000000000 ) ;
#1247 = VECTOR ( 'NONE', #10272, 1000.000000000000114 ) ;
#1248 = ORIENTED_EDGE ( 'NONE', *, *, #11808, .T. ) ;
#1249 = DIRECTION ( 'NONE',  ( 0.5773502691896288397, 0.5773502691896263972, -0.5773502691896219563 ) ) ;
#1250 = LINE ( 'NONE', #3189, #10255 ) ;
#1251 = LINE ( 'NONE', #5899, #9765 ) ;
#1252 = CARTESIAN_POINT ( 'NONE',  ( 9.750000000000000000, 5.000000000000000888, 0.2500000000000002220 ) ) ;
#1253 = PRESENTATION_LAYER_ASSIGNMENT (  '', '', ( #7841 ) ) ;
#1254 = UNCERTAINTY_MEASURE_WITH_UNIT (LENGTH_MEASURE( 1.000000000000000082E-05 ), #1039, 'distance_accuracy_value', 'NONE');
#1255 = ORIENTED_EDGE ( 'NONE', *, *, #10510, .T. ) ;
#1256 = STYLED_ITEM ( 'NONE', ( #2252 ), #11588 ) ;
#1257 = CARTESIAN_POINT ( 'NONE',  ( 11.74999999999999822, 1.800000000000000044, -2.800000000000006484 ) ) ;
#1258 = ORIENTED_EDGE ( 'NONE', *, *, #8486, .F. ) ;
#1259 = ADVANCED_FACE ( 'NONE', ( #8926 ), #8875, .F. ) ;
#1260 = STYLED_ITEM ( 'NONE', ( #8609 ), #4039 ) ;
#1261 = EDGE_CURVE ( 'NONE', #10494, #2288, #5884, .T. ) ;
#1262 = VECTOR ( 'NONE', #737, 1000.000000000000114 ) ;
#1263 = SURFACE_STYLE_FILL_AREA ( #1965 ) ;
#1264 = LINE ( 'NONE', #2484, #6808 ) ;
#1265 =( GEOMETRIC_REPRESENTATION_CONTEXT ( 3 ) GLOBAL_UNCERTAINTY_ASSIGNED_CONTEXT ( ( #8551 ) ) GLOBAL_UNIT_ASSIGNED_CONTEXT ( ( #11461, #8610, #2760 ) ) REPRESENTATION_CONTEXT ( 'NONE', 'WORKASPACE' ) );
#1266 = STYLED_ITEM ( 'NONE', ( #3479 ), #11971 ) ;
#1267 = VECTOR ( 'NONE', #3233, 1000.000000000000000 ) ;
#1268 = ORIENTED_EDGE ( 'NONE', *, *, #8282, .T. ) ;
#1269 = FILL_AREA_STYLE_COLOUR ( '', #9300 ) ;
#1270 = SURFACE_STYLE_FILL_AREA ( #10991 ) ;
#1271 = CARTESIAN_POINT ( 'NONE',  ( 12.25000000000000000, -3.300000000000000266, -0.2499999999999997780 ) ) ;
#1272 = COLOUR_RGB ( '',1.000000000000000000, 0.8117647058823529438, 0.5019607843137254832 ) ;
#1273 = CARTESIAN_POINT ( 'NONE',  ( 13.74999999999999822, 5.000000000000000888, 0.2500000000000002220 ) ) ;
#1274 = STYLED_ITEM ( 'NONE', ( #2123 ), #12385 ) ;
#1275 = FACE_OUTER_BOUND ( 'NONE', #6951, .T. ) ;
#1276 = ADVANCED_FACE ( 'NONE', ( #5830 ), #4870, .F. ) ;
#1277 = DIRECTION ( 'NONE',  ( 1.000000000000000000, 1.927470528863119542E-16, -0.0000000000000000000 ) ) ;
#1278 = CARTESIAN_POINT ( 'NONE',  ( 13.29999999999999893, 0.2000000000000000389, -2.800000000000000266 ) ) ;
#1279 = DIRECTION ( 'NONE',  ( 1.000000000000000000, -3.872150616019660190E-17, -4.336808689942017736E-16 ) ) ;
#1280 = PRODUCT_DEFINITION_FORMATION_WITH_SPECIFIED_SOURCE ( 'ANY', '', #502, .NOT_KNOWN. ) ;
#1281 = DIRECTION ( 'NONE',  ( -5.421010862427522170E-17, -1.000000000000000000, 2.350988701644575016E-32 ) ) ;
#1282 = PRESENTATION_STYLE_ASSIGNMENT (( #2319 ) ) ;
#1283 = LINE ( 'NONE', #9830, #3761 ) ;
#1284 = CARTESIAN_POINT ( 'NONE',  ( 3.250000000000000888, 3.399999999999999467, -2.050000000000001599 ) ) ;
#1285 = DIRECTION ( 'NONE',  ( 1.000000000000000000, -0.0000000000000000000, 1.927470528863119049E-16 ) ) ;
#1286 = SURFACE_STYLE_USAGE ( .BOTH. , #8887 ) ;
#1287 = LINE ( 'NONE', #329, #11134 ) ;
#1288 = FACE_OUTER_BOUND ( 'NONE', #7807, .T. ) ;
#1289 = LINE ( 'NONE', #215, #1065 ) ;
#1290 = EDGE_CURVE ( 'NONE', #4535, #6811, #3036, .T. ) ;
#1291 = LINE ( 'NONE', #10902, #370 ) ;
#1292 = CARTESIAN_POINT ( 'NONE',  ( 0.7500000000000002220, 3.149999999999999467, -2.050000000000001599 ) ) ;
#1293 = FILL_AREA_STYLE ('',( #4428 ) ) ;
#1294 = DIRECTION ( 'NONE',  ( 0.5773502691896239547, -0.5773502691896289507, 0.5773502691896243988 ) ) ;
#1295 = DIRECTION ( 'NONE',  ( 1.000000000000000000, 0.0000000000000000000, 0.0000000000000000000 ) ) ;
#1296 = SURFACE_STYLE_USAGE ( .BOTH. , #4181 ) ;
#1297 = ORIENTED_EDGE ( 'NONE', *, *, #4087, .T. ) ;
#1298 = ORIENTED_EDGE ( 'NONE', *, *, #6525, .T. ) ;
#1299 = VECTOR ( 'NONE', #9288, 1000.000000000000000 ) ;
#1300 = CARTESIAN_POINT ( 'NONE',  ( 17.69999999999998863, 6.000000000000000000, 1.249999999999997558 ) ) ;
#1301 = DIRECTION ( 'NONE',  ( 1.000000000000000000, 0.0000000000000000000, 0.0000000000000000000 ) ) ;
#1302 = SURFACE_STYLE_FILL_AREA ( #1239 ) ;
#1303 = UNCERTAINTY_MEASURE_WITH_UNIT (LENGTH_MEASURE( 1.000000000000000082E-05 ), #5611, 'distance_accuracy_value', 'NONE');
#1304 = SURFACE_SIDE_STYLE ('',( #6222 ) ) ;
#1305 =( NAMED_UNIT ( * ) SI_UNIT ( $, .STERADIAN. ) SOLID_ANGLE_UNIT ( ) );
#1306 = DIRECTION ( 'NONE',  ( 3.872150616019660190E-17, 1.000000000000000000, -0.0000000000000000000 ) ) ;
#1307 = CARTESIAN_POINT ( 'NONE',  ( 14.84999999999999432, 5.650000000000002132, 1.249999999999998446 ) ) ;
#1308 = VERTEX_POINT ( 'NONE', #5053 ) ;
#1309 = VECTOR ( 'NONE', #4836, 1000.000000000000000 ) ;
#1310 = ADVANCED_FACE ( 'NONE', ( #10717 ), #7350, .T. ) ;
#1311 = ORIENTED_EDGE ( 'NONE', *, *, #2771, .F. ) ;
#1312 = DIRECTION ( 'NONE',  ( 0.7071067811865597852, -0.7071067811865352493, 1.662400053425807125E-32 ) ) ;
#1313 =( NAMED_UNIT ( * ) SI_UNIT ( $, .STERADIAN. ) SOLID_ANGLE_UNIT ( ) );
#1314 = PRESENTATION_LAYER_ASSIGNMENT (  '', '', ( #4085 ) ) ;
#1315 =( NAMED_UNIT ( * ) SI_UNIT ( $, .STERADIAN. ) SOLID_ANGLE_UNIT ( ) );
#1316 = EDGE_CURVE ( 'NONE', #7388, #3856, #9176, .T. ) ;
#1317 = DIRECTION ( 'NONE',  ( 0.0000000000000000000, -0.0000000000000000000, 1.000000000000000000 ) ) ;
#1318 = ORIENTED_EDGE ( 'NONE', *, *, #9772, .F. ) ;
#1319 = EDGE_CURVE ( 'NONE', #11937, #12552, #394, .T. ) ;
#1320 = CARTESIAN_POINT ( 'NONE',  ( 15.75000000000000000, 1.800000000000000044, -2.800000000000008260 ) ) ;
#1321 = PRESENTATION_STYLE_ASSIGNMENT (( #12065 ) ) ;
#1322 = MECHANICAL_DESIGN_GEOMETRIC_PRESENTATION_REPRESENTATION (  '', ( #6905 ), #2558 ) ;
#1323 = MECHANICAL_DESIGN_GEOMETRIC_PRESENTATION_REPRESENTATION (  '', ( #1737 ), #497 ) ;
#1324 =( GEOMETRIC_REPRESENTATION_CONTEXT ( 3 ) GLOBAL_UNCERTAINTY_ASSIGNED_CONTEXT ( ( #5638 ) ) GLOBAL_UNIT_ASSIGNED_CONTEXT ( ( #736, #4704, #4760 ) ) REPRESENTATION_CONTEXT ( 'NONE', 'WORKASPACE' ) );
#1325 = CARTESIAN_POINT ( 'NONE',  ( 8.750000000000000000, 3.399999999999999467, -2.350000000000001421 ) ) ;
#1326 = SURFACE_SIDE_STYLE ('',( #11187 ) ) ;
#1327 = SURFACE_STYLE_FILL_AREA ( #683 ) ;
#1328 = SURFACE_STYLE_USAGE ( .BOTH. , #9154 ) ;
#1329 = LINE ( 'NONE', #3352, #4702 ) ;
#1330 = LINE ( 'NONE', #3476, #10667 ) ;
#1331 = LINE ( 'NONE', #7971, #4334 ) ;
#1332 = ORIENTED_EDGE ( 'NONE', *, *, #11728, .F. ) ;
#1333 = ADVANCED_FACE ( 'NONE', ( #1288 ), #5181, .F. ) ;
#1334 = FILL_AREA_STYLE_COLOUR ( '', #2873 ) ;
#1335 = PLANE ( 'NONE',  #1040 ) ;
#1336 = FACE_BOUND ( 'NONE', #12624, .T. ) ;
#1337 = SURFACE_STYLE_FILL_AREA ( #11143 ) ;
#1338 = CARTESIAN_POINT ( 'NONE',  ( 11.44999999999999929, -4.100000000000000533, 0.5499999999999997113 ) ) ;
#1339 = CARTESIAN_POINT ( 'NONE',  ( 10.75000000000000000, 3.399999999999999467, -2.050000000000001599 ) ) ;
#1340 =( LENGTH_UNIT ( ) NAMED_UNIT ( * ) SI_UNIT ( .MILLI., .METRE. ) );
#1341 = LINE ( 'NONE', #3166, #7304 ) ;
#1342 = SURFACE_STYLE_FILL_AREA ( #10159 ) ;
#1343 = MECHANICAL_DESIGN_GEOMETRIC_PRESENTATION_REPRESENTATION (  '', ( #9767 ), #1966 ) ;
#1344 = PRESENTATION_STYLE_ASSIGNMENT (( #10160 ) ) ;
#1345 = CARTESIAN_POINT ( 'NONE',  ( 6.049999999999999822, 5.100000000000001421, -0.1500000000000003830 ) ) ;
#1346 = FACE_OUTER_BOUND ( 'NONE', #7315, .T. ) ;
#1347 = ORIENTED_EDGE ( 'NONE', *, *, #9861, .T. ) ;
#1348 = SURFACE_STYLE_USAGE ( .BOTH. , #10164 ) ;
#1349 = DIRECTION ( 'NONE',  ( -3.833233541708420554E-17, -0.7071067811865447972, -0.7071067811865502373 ) ) ;
#1350 = FACE_OUTER_BOUND ( 'NONE', #9537, .T. ) ;
#1351 =( LENGTH_UNIT ( ) NAMED_UNIT ( * ) SI_UNIT ( .MILLI., .METRE. ) );
#1352 = VERTEX_POINT ( 'NONE', #8115 ) ;
#1353 = COLOUR_RGB ( '',1.000000000000000000, 1.000000000000000000, 1.000000000000000000 ) ;
#1354 = CARTESIAN_POINT ( 'NONE',  ( 2.750000000000000444, 3.399999999999999467, -2.350000000000001421 ) ) ;
#1355 = EDGE_CURVE ( 'NONE', #4627, #8077, #4355, .T. ) ;
#1356 =( NAMED_UNIT ( * ) PLANE_ANGLE_UNIT ( ) SI_UNIT ( $, .RADIAN. ) );
#1357 = CARTESIAN_POINT ( 'NONE',  ( -1.949999999999999956, 1.800000000000000044, -0.2499999999999997780 ) ) ;
#1358 = SURFACE_SIDE_STYLE ('',( #6280 ) ) ;
#1359 = ORIENTED_EDGE ( 'NONE', *, *, #9930, .F. ) ;
#1360 = FILL_AREA_STYLE_COLOUR ( '', #7459 ) ;
#1361 = COLOUR_RGB ( '',1.000000000000000000, 1.000000000000000000, 1.000000000000000000 ) ;
#1362 = SURFACE_SIDE_STYLE ('',( #533 ) ) ;
#1363 = EDGE_CURVE ( 'NONE', #3741, #9884, #7159, .T. ) ;
#1364 = ORIENTED_EDGE ( 'NONE', *, *, #2914, .F. ) ;
#1365 = DIRECTION ( 'NONE',  ( 1.000000000000000000, -5.421010862427522170E-17, 0.0000000000000000000 ) ) ;
#1366 = PRESENTATION_STYLE_ASSIGNMENT (( #2406 ) ) ;
#1367 = EDGE_LOOP ( 'NONE', ( #5783, #1641, #2145, #4955 ) ) ;
#1368 = CARTESIAN_POINT ( 'NONE',  ( 13.74999999999999822, 0.2000000000000000111, -2.800000000000000266 ) ) ;
#1369 = ADVANCED_FACE ( 'NONE', ( #5246 ), #4290, .F. ) ;
#1370 = CARTESIAN_POINT ( 'NONE',  ( -1.180000000000000382, 4.229999999999999538, 1.249999999999997558 ) ) ;
#1371 =( GEOMETRIC_REPRESENTATION_CONTEXT ( 3 ) GLOBAL_UNCERTAINTY_ASSIGNED_CONTEXT ( ( #5143 ) ) GLOBAL_UNIT_ASSIGNED_CONTEXT ( ( #11751, #8900, #10862 ) ) REPRESENTATION_CONTEXT ( 'NONE', 'WORKASPACE' ) );
#1372 = FILL_AREA_STYLE_COLOUR ( '', #1373 ) ;
#1373 = COLOUR_RGB ( '',1.000000000000000000, 0.8117647058823529438, 0.5019607843137254832 ) ;
#1374 = SURFACE_STYLE_USAGE ( .BOTH. , #10192 ) ;
#1375 = PRESENTATION_STYLE_ASSIGNMENT (( #10194 ) ) ;
#1376 = PLANE ( 'NONE',  #8583 ) ;
#1377 = PRESENTATION_LAYER_ASSIGNMENT (  '', '', ( #9381 ) ) ;
#1378 = LINE ( 'NONE', #10196, #4564 ) ;
#1379 = VECTOR ( 'NONE', #331, 1000.000000000000000 ) ;
#1380 = PRESENTATION_LAYER_ASSIGNMENT (  '', '', ( #12206 ) ) ;
#1381 =( NAMED_UNIT ( * ) SI_UNIT ( $, .STERADIAN. ) SOLID_ANGLE_UNIT ( ) );
#1382 = ORIENTED_EDGE ( 'NONE', *, *, #464, .F. ) ;
#1383 = MECHANICAL_DESIGN_GEOMETRIC_PRESENTATION_REPRESENTATION (  '', ( #3050 ), #1595 ) ;
#1384 = LINE ( 'NONE', #1516, #3644 ) ;
#1385 = EDGE_CURVE ( 'NONE', #1459, #6700, #2711, .T. ) ;
#1386 = CARTESIAN_POINT ( 'NONE',  ( 12.25000000000000000, 0.2000000000000000111, -0.2499999999999997780 ) ) ;
#1387 = ADVANCED_FACE ( 'NONE', ( #4684 ), #6584, .T. ) ;
#1388 = CARTESIAN_POINT ( 'NONE',  ( 1.750000000000000222, -3.399999999999999911, 0.1500000000000042966 ) ) ;
#1389 = EDGE_CURVE ( 'NONE', #6990, #6725, #9575, .T. ) ;
#1390 = AXIS2_PLACEMENT_3D ( 'NONE', #6309, #2613, #7401 ) ;
#1391 = VECTOR ( 'NONE', #3252, 1000.000000000000000 ) ;
#1392 = VECTOR ( 'NONE', #11796, 1000.000000000000114 ) ;
#1393 = EDGE_LOOP ( 'NONE', ( #5395, #1382, #12246, #11297 ) ) ;
#1394 = UNCERTAINTY_MEASURE_WITH_UNIT (LENGTH_MEASURE( 1.000000000000000082E-05 ), #6481, 'distance_accuracy_value', 'NONE');
#1395 = SURFACE_STYLE_USAGE ( .BOTH. , #2436 ) ;
#1396 =( GEOMETRIC_REPRESENTATION_CONTEXT ( 3 ) GLOBAL_UNCERTAINTY_ASSIGNED_CONTEXT ( ( #10907 ) ) GLOBAL_UNIT_ASSIGNED_CONTEXT ( ( #11164, #10230, #1243 ) ) REPRESENTATION_CONTEXT ( 'NONE', 'WORKASPACE' ) );
#1397 = AXIS2_PLACEMENT_3D ( 'NONE', #719, #2776, #2577 ) ;
#1398 = MECHANICAL_DESIGN_GEOMETRIC_PRESENTATION_REPRESENTATION (  '', ( #4934 ), #11432 ) ;
#1399 = DIRECTION ( 'NONE',  ( -1.362927481496328130E-16, 0.7071067811865451302, -0.7071067811865500152 ) ) ;
#1400 = PLANE ( 'NONE',  #524 ) ;
#1401 = EDGE_CURVE ( 'NONE', #5768, #9395, #7494, .T. ) ;
#1402 = SURFACE_STYLE_FILL_AREA ( #11146 ) ;
#1403 = ORIENTED_EDGE ( 'NONE', *, *, #2709, .F. ) ;
#1404 = DIRECTION ( 'NONE',  ( -4.336808689942017736E-16, 0.0000000000000000000, -1.000000000000000000 ) ) ;
#1405 = CARTESIAN_POINT ( 'NONE',  ( 11.75000000000000000, -3.399999999999999911, -0.2499999999999997780 ) ) ;
#1406 = DIRECTION ( 'NONE',  ( 9.103382349328301547E-49, 2.350988701644575016E-32, 1.000000000000000000 ) ) ;
#1407 = CARTESIAN_POINT ( 'NONE',  ( 4.083333333333336590, 5.166666666666667851, 0.08333333333333542425 ) ) ;
#1408 = AXIS2_PLACEMENT_3D ( 'NONE', #9067, #6266, #6064 ) ;
#1409 = VECTOR ( 'NONE', #5482, 1000.000000000000114 ) ;
#1410 = CARTESIAN_POINT ( 'NONE',  ( 16.25000000000000000, 1.800000000000000044, -2.800000000000000266 ) ) ;
#1411 = EDGE_LOOP ( 'NONE', ( #4110, #6053, #4887, #5494 ) ) ;
#1412 = CARTESIAN_POINT ( 'NONE',  ( 15.25000000000000000, 3.400000000000000355, -2.350000000000001865 ) ) ;
#1413 = DIRECTION ( 'NONE',  ( 0.0000000000000000000, 0.0000000000000000000, 1.000000000000000000 ) ) ;
#1414 = LINE ( 'NONE', #10905, #4768 ) ;
#1415 = SURFACE_STYLE_USAGE ( .BOTH. , #12361 ) ;
#1416 = VERTEX_POINT ( 'NONE', #12482 ) ;
#1417 = ORIENTED_EDGE ( 'NONE', *, *, #1895, .T. ) ;
#1418 = CARTESIAN_POINT ( 'NONE',  ( 9.750000000000000000, 5.000000000000000888, 0.2500000000000002220 ) ) ;
#1419 = ORIENTED_EDGE ( 'NONE', *, *, #5363, .T. ) ;
#1420 = DIRECTION ( 'NONE',  ( -3.872150616019660190E-17, -1.000000000000000000, 0.0000000000000000000 ) ) ;
#1421 = UNCERTAINTY_MEASURE_WITH_UNIT (LENGTH_MEASURE( 1.000000000000000082E-05 ), #10538, 'distance_accuracy_value', 'NONE');
#1422 =( NAMED_UNIT ( * ) SI_UNIT ( $, .STERADIAN. ) SOLID_ANGLE_UNIT ( ) );
#1423 = SURFACE_STYLE_FILL_AREA ( #1489 ) ;
#1424 = ORIENTED_EDGE ( 'NONE', *, *, #8639, .F. ) ;
#1425 = CARTESIAN_POINT ( 'NONE',  ( 16.25000000000000000, 5.000000000000000888, -0.2499999999999997780 ) ) ;
#1426 = VECTOR ( 'NONE', #7114, 1000.000000000000000 ) ;
#1427 = VECTOR ( 'NONE', #5257, 1000.000000000000000 ) ;
#1428 = ORIENTED_EDGE ( 'NONE', *, *, #7470, .F. ) ;
#1429 = ORIENTED_EDGE ( 'NONE', *, *, #2325, .T. ) ;
#1430 = VECTOR ( 'NONE', #221, 1000.000000000000000 ) ;
#1431 = VECTOR ( 'NONE', #754, 1000.000000000000000 ) ;
#1432 = ORIENTED_EDGE ( 'NONE', *, *, #1154, .T. ) ;
#1433 = UNCERTAINTY_MEASURE_WITH_UNIT (LENGTH_MEASURE( 1.000000000000000082E-05 ), #9374, 'distance_accuracy_value', 'NONE');
#1434 = MECHANICAL_DESIGN_GEOMETRIC_PRESENTATION_REPRESENTATION (  '', ( #2051 ), #9645 ) ;
#1435 =( GEOMETRIC_REPRESENTATION_CONTEXT ( 3 ) GLOBAL_UNCERTAINTY_ASSIGNED_CONTEXT ( ( #11035 ) ) GLOBAL_UNIT_ASSIGNED_CONTEXT ( ( #3910, #6923, #10673 ) ) REPRESENTATION_CONTEXT ( 'NONE', 'WORKASPACE' ) );
#1436 = AXIS2_PLACEMENT_3D ( 'NONE', #8958, #7840, #181 ) ;
#1437 =( NAMED_UNIT ( * ) PLANE_ANGLE_UNIT ( ) SI_UNIT ( $, .RADIAN. ) );
#1438 = DIRECTION ( 'NONE',  ( -1.000000000000000000, 0.0000000000000000000, -0.0000000000000000000 ) ) ;
#1439 = COLOUR_RGB ( '',1.000000000000000000, 1.000000000000000000, 1.000000000000000000 ) ;
#1440 = COLOUR_RGB ( '',1.000000000000000000, 0.8117647058823529438, 0.5019607843137254832 ) ;
#1441 = DIRECTION ( 'NONE',  ( -4.336808689942017736E-16, 0.0000000000000000000, -1.000000000000000000 ) ) ;
#1442 = ORIENTED_EDGE ( 'NONE', *, *, #4828, .F. ) ;
#1443 = VECTOR ( 'NONE', #5305, 1000.000000000000000 ) ;
#1444 = FILL_AREA_STYLE_COLOUR ( '', #9833 ) ;
#1445 = VERTEX_POINT ( 'NONE', #3772 ) ;
#1446 = PRESENTATION_STYLE_ASSIGNMENT (( #3407 ) ) ;
#1447 = CARTESIAN_POINT ( 'NONE',  ( 3.750000000000000444, 5.000000000000000888, -0.2499999999999997780 ) ) ;
#1448 =( LENGTH_UNIT ( ) NAMED_UNIT ( * ) SI_UNIT ( .MILLI., .METRE. ) );
#1449 = CARTESIAN_POINT ( 'NONE',  ( 17.69999999999998863, 6.000000000000000000, 1.249999999999997558 ) ) ;
#1450 = PRESENTATION_LAYER_ASSIGNMENT (  '', '', ( #8854 ) ) ;
#1451 = EDGE_CURVE ( 'NONE', #3477, #7718, #12210, .T. ) ;
#1452 = MECHANICAL_DESIGN_GEOMETRIC_PRESENTATION_REPRESENTATION (  '', ( #1266 ), #8846 ) ;
#1453 = CARTESIAN_POINT ( 'NONE',  ( 7.750000000000000000, 1.800000000000000044, 0.2500000000000002220 ) ) ;
#1454 = FILL_AREA_STYLE_COLOUR ( '', #11271 ) ;
#1455 = MECHANICAL_DESIGN_GEOMETRIC_PRESENTATION_REPRESENTATION (  '', ( #9880 ), #6431 ) ;
#1456 = AXIS2_PLACEMENT_3D ( 'NONE', #11608, #9849, #11733 ) ;
#1457 = PRESENTATION_LAYER_ASSIGNMENT (  '', '', ( #11301 ) ) ;
#1458 =( NAMED_UNIT ( * ) PLANE_ANGLE_UNIT ( ) SI_UNIT ( $, .RADIAN. ) );
#1459 = VERTEX_POINT ( 'NONE', #3496 ) ;
#1460 = ORIENTED_EDGE ( 'NONE', *, *, #5903, .T. ) ;
#1461 =( NAMED_UNIT ( * ) PLANE_ANGLE_UNIT ( ) SI_UNIT ( $, .RADIAN. ) );
#1462 =( LENGTH_UNIT ( ) NAMED_UNIT ( * ) SI_UNIT ( .MILLI., .METRE. ) );
#1463 = COLOUR_RGB ( '',1.000000000000000000, 0.8117647058823529438, 0.5019607843137254832 ) ;
#1464 = EDGE_CURVE ( 'NONE', #12175, #9731, #2570, .T. ) ;
#1465 = SURFACE_STYLE_FILL_AREA ( #3425 ) ;
#1466 = PRESENTATION_STYLE_ASSIGNMENT (( #1395 ) ) ;
#1467 = PRESENTATION_STYLE_ASSIGNMENT (( #10281 ) ) ;
#1468 = LINE ( 'NONE', #5369, #11021 ) ;
#1469 = MECHANICAL_DESIGN_GEOMETRIC_PRESENTATION_REPRESENTATION (  '', ( #11102 ), #1881 ) ;
#1470 = LINE ( 'NONE', #10952, #11352 ) ;
#1471 = STYLED_ITEM ( 'NONE', ( #12018 ), #1628 ) ;
#1472 = CARTESIAN_POINT ( 'NONE',  ( 9.750000000000000000, -3.399999999999999911, 0.2500000000000002220 ) ) ;
#1473 = MECHANICAL_DESIGN_GEOMETRIC_PRESENTATION_REPRESENTATION (  '', ( #2306 ), #7481 ) ;
#1474 = LINE ( 'NONE', #4293, #7052 ) ;
#1475 = VERTEX_POINT ( 'NONE', #1594 ) ;
#1476 =( NAMED_UNIT ( * ) PLANE_ANGLE_UNIT ( ) SI_UNIT ( $, .RADIAN. ) );
#1477 = ORIENTED_EDGE ( 'NONE', *, *, #9685, .F. ) ;
#1478 = DIRECTION ( 'NONE',  ( -9.103382349328301547E-49, -2.350988701644575016E-32, -1.000000000000000000 ) ) ;
#1479 = ADVANCED_FACE ( 'NONE', ( #10347 ), #5491, .F. ) ;
#1480 = LINE ( 'NONE', #2390, #3902 ) ;
#1481 = DIRECTION ( 'NONE',  ( -0.0000000000000000000, -0.0000000000000000000, -1.000000000000000000 ) ) ;
#1482 = EDGE_CURVE ( 'NONE', #10218, #283, #5199, .T. ) ;
#1483 = CARTESIAN_POINT ( 'NONE',  ( -1.951000000000000956, 4.500000000000000888, 0.3199999999999977862 ) ) ;
#1484 = VERTEX_POINT ( 'NONE', #12041 ) ;
#1485 = DIRECTION ( 'NONE',  ( -4.336808689942017736E-16, 0.0000000000000000000, -1.000000000000000000 ) ) ;
#1486 = PRESENTATION_STYLE_ASSIGNMENT (( #10170 ) ) ;
#1487 = DIRECTION ( 'NONE',  ( 3.872150616019660190E-17, 1.000000000000000000, -0.0000000000000000000 ) ) ;
#1488 = CARTESIAN_POINT ( 'NONE',  ( -1.949999999999999734, 5.100000000000001421, -0.1500000000000003830 ) ) ;
#1489 = FILL_AREA_STYLE ('',( #7441 ) ) ;
#1490 =( NAMED_UNIT ( * ) PLANE_ANGLE_UNIT ( ) SI_UNIT ( $, .RADIAN. ) );
#1491 = CARTESIAN_POINT ( 'NONE',  ( 13.74999999999999822, -3.399999999999999911, 0.2500000000000002220 ) ) ;
#1492 = SURFACE_STYLE_USAGE ( .BOTH. , #10308 ) ;
#1493 = ORIENTED_EDGE ( 'NONE', *, *, #2978, .F. ) ;
#1494 = VERTEX_POINT ( 'NONE', #7307 ) ;
#1495 = DIRECTION ( 'NONE',  ( -1.000000000000000000, 5.421010862427522170E-17, 0.0000000000000000000 ) ) ;
#1496 =( NAMED_UNIT ( * ) SI_UNIT ( $, .STERADIAN. ) SOLID_ANGLE_UNIT ( ) );
#1497 = ADVANCED_FACE ( 'NONE', ( #2268 ), #8251, .F. ) ;
#1498 = PLANE ( 'NONE',  #421 ) ;
#1499 = VERTEX_POINT ( 'NONE', #3240 ) ;
#1500 = ORIENTED_EDGE ( 'NONE', *, *, #7170, .F. ) ;
#1501 = PLANE ( 'NONE',  #11781 ) ;
#1502 = PLANE ( 'NONE',  #5167 ) ;
#1503 =( GEOMETRIC_REPRESENTATION_CONTEXT ( 3 ) GLOBAL_UNCERTAINTY_ASSIGNED_CONTEXT ( ( #2647 ) ) GLOBAL_UNIT_ASSIGNED_CONTEXT ( ( #11365, #1761, #1623 ) ) REPRESENTATION_CONTEXT ( 'NONE', 'WORKASPACE' ) );
#1504 = AXIS2_PLACEMENT_3D ( 'NONE', #12324, #9611, #11506 ) ;
#1505 = FILL_AREA_STYLE_COLOUR ( '', #12429 ) ;
#1506 = SURFACE_SIDE_STYLE ('',( #5412 ) ) ;
#1507 = LINE ( 'NONE', #6549, #2370 ) ;
#1508 = DIRECTION ( 'NONE',  ( 0.7071067811865492381, 0.7071067811865457964, 1.362927481496336018E-16 ) ) ;
#1509 = LINE ( 'NONE', #4714, #786 ) ;
#1510 = DIRECTION ( 'NONE',  ( -0.0000000000000000000, 1.000000000000000000, -0.0000000000000000000 ) ) ;
#1511 =( NAMED_UNIT ( * ) SI_UNIT ( $, .STERADIAN. ) SOLID_ANGLE_UNIT ( ) );
#1512 = VECTOR ( 'NONE', #411, 1000.000000000000000 ) ;
#1513 = ORIENTED_EDGE ( 'NONE', *, *, #6529, .T. ) ;
#1514 = EDGE_CURVE ( 'NONE', #12201, #11391, #341, .T. ) ;
#1515 = DIRECTION ( 'NONE',  ( -1.000000000000000000, 5.421010862427522170E-17, 0.0000000000000000000 ) ) ;
#1516 = CARTESIAN_POINT ( 'NONE',  ( 1.749999999999999778, -3.300000000000000266, -0.2499999999999997780 ) ) ;
#1517 = LINE ( 'NONE', #6308, #4165 ) ;
#1518 = SURFACE_SIDE_STYLE ('',( #12259 ) ) ;
#1519 = ORIENTED_EDGE ( 'NONE', *, *, #8655, .T. ) ;
#1520 = DIRECTION ( 'NONE',  ( 0.0000000000000000000, 0.0000000000000000000, 1.000000000000000000 ) ) ;
#1521 = COLOUR_RGB ( '',1.000000000000000000, 0.8117647058823529438, 0.5019607843137254832 ) ;
#1522 = ORIENTED_EDGE ( 'NONE', *, *, #3958, .T. ) ;
#1523 = VECTOR ( 'NONE', #8027, 1000.000000000000000 ) ;
#1524 = ORIENTED_EDGE ( 'NONE', *, *, #3344, .F. ) ;
#1525 = FACE_OUTER_BOUND ( 'NONE', #7260, .T. ) ;
#1526 = FILL_AREA_STYLE ('',( #3682 ) ) ;
#1527 = SURFACE_STYLE_FILL_AREA ( #10461 ) ;
#1528 = UNCERTAINTY_MEASURE_WITH_UNIT (LENGTH_MEASURE( 1.000000000000000082E-05 ), #7700, 'distance_accuracy_value', 'NONE');
#1529 = ORIENTED_EDGE ( 'NONE', *, *, #12242, .T. ) ;
#1530 = LINE ( 'NONE', #11582, #10644 ) ;
#1531 = STYLED_ITEM ( 'NONE', ( #3450 ), #388 ) ;
#1532 = FILL_AREA_STYLE ('',( #12142 ) ) ;
#1533 = FILL_AREA_STYLE ('',( #10343 ) ) ;
#1534 = SURFACE_STYLE_USAGE ( .BOTH. , #774 ) ;
#1535 = EDGE_CURVE ( 'NONE', #1494, #1944, #6278, .T. ) ;
#1536 = CARTESIAN_POINT ( 'NONE',  ( 13.25000000000000178, 1.149999999999999911, -2.050000000000001599 ) ) ;
#1537 = PLANE ( 'NONE',  #12213 ) ;
#1538 = CARTESIAN_POINT ( 'NONE',  ( 17.17999999999999616, 2.250000000000001776, -2.801000000000000600 ) ) ;
#1539 = ORIENTED_EDGE ( 'NONE', *, *, #6295, .F. ) ;
#1540 = DIRECTION ( 'NONE',  ( -1.000000000000000000, 5.421010862427522170E-17, 0.0000000000000000000 ) ) ;
#1541 = FACE_OUTER_BOUND ( 'NONE', #1078, .T. ) ;
#1542 = STYLED_ITEM ( 'NONE', ( #881 ), #99 ) ;
#1543 = CARTESIAN_POINT ( 'NONE',  ( 16.67999999999999616, 6.000000000000000000, 1.700000000000000178 ) ) ;
#1544 = ORIENTED_EDGE ( 'NONE', *, *, #8102, .T. ) ;
#1545 = CARTESIAN_POINT ( 'NONE',  ( 9.750000000000000000, -3.399999999999999911, 0.2500000000000002220 ) ) ;
#1546 = UNCERTAINTY_MEASURE_WITH_UNIT (LENGTH_MEASURE( 1.000000000000000082E-05 ), #11097, 'distance_accuracy_value', 'NONE');
#1547 = DIRECTION ( 'NONE',  ( -1.000000000000000000, 5.421010862427522170E-17, 0.0000000000000000000 ) ) ;
#1548 = DIRECTION ( 'NONE',  ( 0.0000000000000000000, 0.0000000000000000000, 1.000000000000000000 ) ) ;
#1549 = FILL_AREA_STYLE ('',( #10365 ) ) ;
#1550 = ADVANCED_FACE ( 'NONE', ( #6078 ), #1161, .F. ) ;
#1551 = ADVANCED_FACE ( 'NONE', ( #9342 ), #9172, .F. ) ;
#1552 = FACE_OUTER_BOUND ( 'NONE', #11333, .T. ) ;
#1553 = ORIENTED_EDGE ( 'NONE', *, *, #4604, .F. ) ;
#1554 = VECTOR ( 'NONE', #11566, 1000.000000000000000 ) ;
#1555 = CARTESIAN_POINT ( 'NONE',  ( 2.750000000000000444, 3.399999999999999467, -2.300000000000003375 ) ) ;
#1556 = EDGE_LOOP ( 'NONE', ( #9698, #10601, #12353, #355 ) ) ;
#1557 = CARTESIAN_POINT ( 'NONE',  ( 7.299999999999998934, 0.2000000000000000389, -2.800000000000000266 ) ) ;
#1558 = LINE ( 'NONE', #4501, #1262 ) ;
#1559 = ORIENTED_EDGE ( 'NONE', *, *, #5131, .F. ) ;
#1560 = ORIENTED_EDGE ( 'NONE', *, *, #3068, .F. ) ;
#1561 = ORIENTED_EDGE ( 'NONE', *, *, #10128, .T. ) ;
#1562 = UNCERTAINTY_MEASURE_WITH_UNIT (LENGTH_MEASURE( 1.000000000000000082E-05 ), #9804, 'distance_accuracy_value', 'NONE');
#1563 = SURFACE_STYLE_FILL_AREA ( #7326 ) ;
#1564 = CARTESIAN_POINT ( 'NONE',  ( 3.750000000000000444, 5.000000000000000888, 0.2500000000000002220 ) ) ;
#1565 = ORIENTED_EDGE ( 'NONE', *, *, #8532, .F. ) ;
#1566 = ADVANCED_FACE ( 'NONE', ( #5014 ), #4284, .F. ) ;
#1567 = CARTESIAN_POINT ( 'NONE',  ( 13.74999999999999822, -3.399999999999999911, -0.2499999999999997780 ) ) ;
#1568 = LINE ( 'NONE', #12244, #2128 ) ;
#1569 = CARTESIAN_POINT ( 'NONE',  ( -1.350000000000001865, 5.650000000000002132, 0.3199999999999999512 ) ) ;
#1570 = ORIENTED_EDGE ( 'NONE', *, *, #2945, .F. ) ;
#1571 = DIRECTION ( 'NONE',  ( 1.000000000000000000, 0.0000000000000000000, 0.0000000000000000000 ) ) ;
#1572 = PLANE ( 'NONE',  #1180 ) ;
#1573 = SURFACE_STYLE_FILL_AREA ( #2493 ) ;
#1574 = ORIENTED_EDGE ( 'NONE', *, *, #8241, .T. ) ;
#1575 =( NAMED_UNIT ( * ) PLANE_ANGLE_UNIT ( ) SI_UNIT ( $, .RADIAN. ) );
#1576 = CARTESIAN_POINT ( 'NONE',  ( -0.2500000000000013323, 0.2000000000000000111, -2.800000000000000266 ) ) ;
#1577 = LINE ( 'NONE', #626, #179 ) ;
#1578 = EDGE_LOOP ( 'NONE', ( #8391, #8330, #12046, #971 ) ) ;
#1579 =( NAMED_UNIT ( * ) PLANE_ANGLE_UNIT ( ) SI_UNIT ( $, .RADIAN. ) );
#1580 = PRESENTATION_LAYER_ASSIGNMENT (  '', '', ( #1993 ) ) ;
#1581 = VECTOR ( 'NONE', #4519, 1000.000000000000000 ) ;
#1582 = ORIENTED_EDGE ( 'NONE', *, *, #5704, .F. ) ;
#1583 = CARTESIAN_POINT ( 'NONE',  ( 3.299999999999999378, 0.2000000000000000389, -2.800000000000000266 ) ) ;
#1584 = DIRECTION ( 'NONE',  ( -1.084202172485504237E-15, -1.000000000000000000, 0.0000000000000000000 ) ) ;
#1585 = FILL_AREA_STYLE_COLOUR ( '', #11479 ) ;
#1586 = DIRECTION ( 'NONE',  ( 3.872150616019660190E-17, 1.000000000000000000, -0.0000000000000000000 ) ) ;
#1587 = FILL_AREA_STYLE_COLOUR ( '', #8228 ) ;
#1588 =( GEOMETRIC_REPRESENTATION_CONTEXT ( 3 ) GLOBAL_UNCERTAINTY_ASSIGNED_CONTEXT ( ( #12177 ) ) GLOBAL_UNIT_ASSIGNED_CONTEXT ( ( #7048, #685, #8521 ) ) REPRESENTATION_CONTEXT ( 'NONE', 'WORKASPACE' ) );
#1589 = CARTESIAN_POINT ( 'NONE',  ( 17.34999999999999076, 6.000000000000000000, 0.3200000000000017275 ) ) ;
#1590 = DIRECTION ( 'NONE',  ( -3.833233541708420554E-17, -0.7071067811865447972, 0.7071067811865502373 ) ) ;
#1591 = STYLED_ITEM ( 'NONE', ( #4875 ), #7015 ) ;
#1592 = ORIENTED_EDGE ( 'NONE', *, *, #7639, .T. ) ;
#1593 = EDGE_CURVE ( 'NONE', #3940, #4419, #8756, .T. ) ;
#1594 = CARTESIAN_POINT ( 'NONE',  ( 16.21999999999999531, 6.000000000000000000, 1.599999999999999867 ) ) ;
#1595 =( GEOMETRIC_REPRESENTATION_CONTEXT ( 3 ) GLOBAL_UNCERTAINTY_ASSIGNED_CONTEXT ( ( #7379 ) ) GLOBAL_UNIT_ASSIGNED_CONTEXT ( ( #10293, #1476, #8422 ) ) REPRESENTATION_CONTEXT ( 'NONE', 'WORKASPACE' ) );
#1596 = EDGE_LOOP ( 'NONE', ( #12323, #3767, #4655, #6612 ) ) ;
#1597 = CARTESIAN_POINT ( 'NONE',  ( 7.750000000000000000, -3.399999999999999911, -0.2499999999999997780 ) ) ;
#1598 = ORIENTED_EDGE ( 'NONE', *, *, #1514, .F. ) ;
#1599 =( NAMED_UNIT ( * ) PLANE_ANGLE_UNIT ( ) SI_UNIT ( $, .RADIAN. ) );
#1600 = ORIENTED_EDGE ( 'NONE', *, *, #9238, .T. ) ;
#1601 = CARTESIAN_POINT ( 'NONE',  ( 13.74999999999999822, -3.399999999999999911, -0.2499999999999997780 ) ) ;
#1602 = PRESENTATION_LAYER_ASSIGNMENT (  '', '', ( #8990 ) ) ;
#1603 = FILL_AREA_STYLE_COLOUR ( '', #11005 ) ;
#1604 = UNCERTAINTY_MEASURE_WITH_UNIT (LENGTH_MEASURE( 1.000000000000000082E-05 ), #3845, 'distance_accuracy_value', 'NONE');
#1605 = CARTESIAN_POINT ( 'NONE',  ( 9.750000000000000000, -3.399999999999999911, 0.2500000000000002220 ) ) ;
#1606 = VERTEX_POINT ( 'NONE', #3917 ) ;
#1607 = DIRECTION ( 'NONE',  ( 3.872150616019660190E-17, 1.000000000000000000, -0.0000000000000000000 ) ) ;
#1608 = COLOUR_RGB ( '',1.000000000000000000, 1.000000000000000000, 1.000000000000000000 ) ;
#1609 = CARTESIAN_POINT ( 'NONE',  ( 17.94999999999999574, 6.000000000000000000, 1.699999999999999289 ) ) ;
#1610 = DIRECTION ( 'NONE',  ( 0.0000000000000000000, 0.0000000000000000000, 1.000000000000000000 ) ) ;
#1611 = SURFACE_STYLE_FILL_AREA ( #8442 ) ;
#1612 =( LENGTH_UNIT ( ) NAMED_UNIT ( * ) SI_UNIT ( .MILLI., .METRE. ) );
#1613 = FILL_AREA_STYLE_COLOUR ( '', #10227 ) ;
#1614 = AXIS2_PLACEMENT_3D ( 'NONE', #4033, #1981, #5876 ) ;
#1615 = ORIENTED_EDGE ( 'NONE', *, *, #11305, .F. ) ;
#1616 = CARTESIAN_POINT ( 'NONE',  ( 16.25000000000000000, -3.399999999999999911, 0.2500000000000002220 ) ) ;
#1617 =( GEOMETRIC_REPRESENTATION_CONTEXT ( 3 ) GLOBAL_UNCERTAINTY_ASSIGNED_CONTEXT ( ( #11318 ) ) GLOBAL_UNIT_ASSIGNED_CONTEXT ( ( #4954, #8832, #3806 ) ) REPRESENTATION_CONTEXT ( 'NONE', 'WORKASPACE' ) );
#1618 = PLANE ( 'NONE',  #12509 ) ;
#1619 = ORIENTED_EDGE ( 'NONE', *, *, #3956, .F. ) ;
#1620 =( GEOMETRIC_REPRESENTATION_CONTEXT ( 3 ) GLOBAL_UNCERTAINTY_ASSIGNED_CONTEXT ( ( #504 ) ) GLOBAL_UNIT_ASSIGNED_CONTEXT ( ( #7642, #2801, #3655 ) ) REPRESENTATION_CONTEXT ( 'NONE', 'WORKASPACE' ) );
#1621 = ORIENTED_EDGE ( 'NONE', *, *, #3094, .T. ) ;
#1622 = DIRECTION ( 'NONE',  ( -0.0000000000000000000, 0.7071067811865500152, 0.7071067811865451302 ) ) ;
#1623 =( NAMED_UNIT ( * ) SI_UNIT ( $, .STERADIAN. ) SOLID_ANGLE_UNIT ( ) );
#1624 = SURFACE_STYLE_FILL_AREA ( #5715 ) ;
#1625 = ORIENTED_EDGE ( 'NONE', *, *, #9351, .F. ) ;
#1626 = ORIENTED_EDGE ( 'NONE', *, *, #7565, .T. ) ;
#1627 = VERTEX_POINT ( 'NONE', #7819 ) ;
#1628 = ADVANCED_FACE ( 'NONE', ( #2940 ), #11789, .T. ) ;
#1629 = PRESENTATION_LAYER_ASSIGNMENT (  '', '', ( #9639 ) ) ;
#1630 = ORIENTED_EDGE ( 'NONE', *, *, #9341, .F. ) ;
#1631 = ADVANCED_FACE ( 'NONE', ( #6457 ), #1400, .F. ) ;
#1632 = EDGE_CURVE ( 'NONE', #9306, #4288, #459, .T. ) ;
#1633 = FILL_AREA_STYLE ('',( #605 ) ) ;
#1634 = VECTOR ( 'NONE', #8986, 1000.000000000000000 ) ;
#1635 =( GEOMETRIC_REPRESENTATION_CONTEXT ( 3 ) GLOBAL_UNCERTAINTY_ASSIGNED_CONTEXT ( ( #645 ) ) GLOBAL_UNIT_ASSIGNED_CONTEXT ( ( #11341, #5687, #7546 ) ) REPRESENTATION_CONTEXT ( 'NONE', 'WORKASPACE' ) );
#1636 =( GEOMETRIC_REPRESENTATION_CONTEXT ( 3 ) GLOBAL_UNCERTAINTY_ASSIGNED_CONTEXT ( ( #9365 ) ) GLOBAL_UNIT_ASSIGNED_CONTEXT ( ( #10682, #2006, #4884 ) ) REPRESENTATION_CONTEXT ( 'NONE', 'WORKASPACE' ) );
#1637 =( GEOMETRIC_REPRESENTATION_CONTEXT ( 3 ) GLOBAL_UNCERTAINTY_ASSIGNED_CONTEXT ( ( #1875 ) ) GLOBAL_UNIT_ASSIGNED_CONTEXT ( ( #12625, #6557, #10728 ) ) REPRESENTATION_CONTEXT ( 'NONE', 'WORKASPACE' ) );
#1638 =( NAMED_UNIT ( * ) PLANE_ANGLE_UNIT ( ) SI_UNIT ( $, .RADIAN. ) );
#1639 = DIRECTION ( 'NONE',  ( 0.7071067811865459074, -0.7071067811865491270, -3.066586833366741374E-16 ) ) ;
#1640 = ORIENTED_EDGE ( 'NONE', *, *, #11115, .F. ) ;
#1641 = ORIENTED_EDGE ( 'NONE', *, *, #7404, .T. ) ;
#1642 =( LENGTH_UNIT ( ) NAMED_UNIT ( * ) SI_UNIT ( .MILLI., .METRE. ) );
#1643 = VECTOR ( 'NONE', #2611, 1000.000000000000000 ) ;
#1644 = EDGE_LOOP ( 'NONE', ( #11611, #5718, #7002, #5897 ) ) ;
#1645 = COLOUR_RGB ( '',1.000000000000000000, 1.000000000000000000, 1.000000000000000000 ) ;
#1646 = ADVANCED_FACE ( 'NONE', ( #4417 ), #9368, .F. ) ;
#1647 = EDGE_CURVE ( 'NONE', #3449, #2679, #9442, .T. ) ;
#1648 = VECTOR ( 'NONE', #9829, 1000.000000000000000 ) ;
#1649 = CARTESIAN_POINT ( 'NONE',  ( 14.14999999999999858, -3.399999999999999911, -2.800000000000000266 ) ) ;
#1650 = DIRECTION ( 'NONE',  ( -0.0000000000000000000, 1.000000000000000000, -0.0000000000000000000 ) ) ;
#1651 = DIRECTION ( 'NONE',  ( -4.336808689942017736E-16, 0.0000000000000000000, -1.000000000000000000 ) ) ;
#1652 = PRESENTATION_LAYER_ASSIGNMENT (  '', '', ( #7219 ) ) ;
#1653 = PRESENTATION_LAYER_ASSIGNMENT (  '', '', ( #2063 ) ) ;
#1654 = MECHANICAL_DESIGN_GEOMETRIC_PRESENTATION_REPRESENTATION (  '', ( #7222 ), #7025 ) ;
#1655 = LINE ( 'NONE', #11334, #8453 ) ;
#1656 = ORIENTED_EDGE ( 'NONE', *, *, #4468, .T. ) ;
#1657 = PRESENTATION_LAYER_ASSIGNMENT (  '', '', ( #7224 ) ) ;
#1658 =( LENGTH_UNIT ( ) NAMED_UNIT ( * ) SI_UNIT ( .MILLI., .METRE. ) );
#1659 = PRESENTATION_LAYER_ASSIGNMENT (  '', '', ( #4381 ) ) ;
#1660 = VERTEX_POINT ( 'NONE', #8485 ) ;
#1661 = ORIENTED_EDGE ( 'NONE', *, *, #7070, .T. ) ;
#1662 =( NAMED_UNIT ( * ) SI_UNIT ( $, .STERADIAN. ) SOLID_ANGLE_UNIT ( ) );
#1663 = SURFACE_SIDE_STYLE ('',( #3559 ) ) ;
#1664 = CARTESIAN_POINT ( 'NONE',  ( 10.24999999999999822, -3.300000000000000266, 0.2500000000000002220 ) ) ;
#1665 = VECTOR ( 'NONE', #9812, 1000.000000000000000 ) ;
#1666 = DIRECTION ( 'NONE',  ( 7.301397222301763825E-17, -0.7071067811865457964, -0.7071067811865492381 ) ) ;
#1667 = PRESENTATION_LAYER_ASSIGNMENT (  '', '', ( #4170 ) ) ;
#1668 = LINE ( 'NONE', #455, #10481 ) ;
#1669 = EDGE_CURVE ( 'NONE', #9163, #1090, #3623, .T. ) ;
#1670 = AXIS2_PLACEMENT_3D ( 'NONE', #898, #6579, #11464 ) ;
#1671 = LINE ( 'NONE', #6766, #3337 ) ;
#1672 = ORIENTED_EDGE ( 'NONE', *, *, #4680, .T. ) ;
#1673 = UNCERTAINTY_MEASURE_WITH_UNIT (LENGTH_MEASURE( 1.000000000000000082E-05 ), #11643, 'distance_accuracy_value', 'NONE');
#1674 = FILL_AREA_STYLE_COLOUR ( '', #4764 ) ;
#1675 = VECTOR ( 'NONE', #1301, 1000.000000000000000 ) ;
#1676 = FILL_AREA_STYLE ('',( #12143 ) ) ;
#1677 = CARTESIAN_POINT ( 'NONE',  ( 5.750000000000000000, -3.399999999999999911, 0.2500000000000002220 ) ) ;
#1678 = DIRECTION ( 'NONE',  ( 1.000000000000000000, -5.421010862427522170E-17, 0.0000000000000000000 ) ) ;
#1679 = LINE ( 'NONE', #8619, #850 ) ;
#1680 = VECTOR ( 'NONE', #9168, 1000.000000000000000 ) ;
#1681 = SURFACE_STYLE_USAGE ( .BOTH. , #2522 ) ;
#1682 = AXIS2_PLACEMENT_3D ( 'NONE', #8310, #290, #2190 ) ;
#1683 =( NAMED_UNIT ( * ) PLANE_ANGLE_UNIT ( ) SI_UNIT ( $, .RADIAN. ) );
#1684 = PRESENTATION_STYLE_ASSIGNMENT (( #9376 ) ) ;
#1685 = ORIENTED_EDGE ( 'NONE', *, *, #4525, .F. ) ;
#1686 = EDGE_CURVE ( 'NONE', #12157, #5513, #4797, .T. ) ;
#1687 = FACE_OUTER_BOUND ( 'NONE', #723, .T. ) ;
#1688 = AXIS2_PLACEMENT_3D ( 'NONE', #8240, #12152, #12099 ) ;
#1689 = DIRECTION ( 'NONE',  ( 3.872150616019660190E-17, 1.000000000000000000, -0.0000000000000000000 ) ) ;
#1690 = SURFACE_SIDE_STYLE ('',( #10652 ) ) ;
#1691 = ORIENTED_EDGE ( 'NONE', *, *, #5274, .T. ) ;
#1692 =( GEOMETRIC_REPRESENTATION_CONTEXT ( 3 ) GLOBAL_UNCERTAINTY_ASSIGNED_CONTEXT ( ( #11590 ) ) GLOBAL_UNIT_ASSIGNED_CONTEXT ( ( #6900, #1975, #5915 ) ) REPRESENTATION_CONTEXT ( 'NONE', 'WORKASPACE' ) );
#1693 = DIRECTION ( 'NONE',  ( 1.000000000000000000, 0.0000000000000000000, 0.0000000000000000000 ) ) ;
#1694 = SURFACE_SIDE_STYLE ('',( #3706 ) ) ;
#1695 = CARTESIAN_POINT ( 'NONE',  ( 12.05000000000000071, 3.149999999999999023, -2.050000000000001599 ) ) ;
#1696 = CARTESIAN_POINT ( 'NONE',  ( 15.75000000000000000, -3.399999999999999911, -0.2499999999999997780 ) ) ;
#1697 = LINE ( 'NONE', #5707, #12066 ) ;
#1698 =( NAMED_UNIT ( * ) SI_UNIT ( $, .STERADIAN. ) SOLID_ANGLE_UNIT ( ) );
#1699 = ORIENTED_EDGE ( 'NONE', *, *, #5383, .T. ) ;
#1700 = SURFACE_STYLE_FILL_AREA ( #732 ) ;
#1701 =( NAMED_UNIT ( * ) PLANE_ANGLE_UNIT ( ) SI_UNIT ( $, .RADIAN. ) );
#1702 = ORIENTED_EDGE ( 'NONE', *, *, #9952, .F. ) ;
#1703 = SURFACE_STYLE_FILL_AREA ( #10492 ) ;
#1704 = DIRECTION ( 'NONE',  ( 0.0000000000000000000, -0.0000000000000000000, 1.000000000000000000 ) ) ;
#1705 = ADVANCED_FACE ( 'NONE', ( #11584 ), #10643, .F. ) ;
#1706 = ORIENTED_EDGE ( 'NONE', *, *, #41, .F. ) ;
#1707 = ORIENTED_EDGE ( 'NONE', *, *, #1319, .T. ) ;
#1708 = DIRECTION ( 'NONE',  ( 1.000000000000000000, 0.0000000000000000000, -3.478723548081834449E-17 ) ) ;
#1709 = ADVANCED_FACE ( 'NONE', ( #7672 ), #10532, .T. ) ;
#1710 =( LENGTH_UNIT ( ) NAMED_UNIT ( * ) SI_UNIT ( .MILLI., .METRE. ) );
#1711 = ORIENTED_EDGE ( 'NONE', *, *, #11760, .F. ) ;
#1712 = VERTEX_POINT ( 'NONE', #2707 ) ;
#1713 =( NAMED_UNIT ( * ) SI_UNIT ( $, .STERADIAN. ) SOLID_ANGLE_UNIT ( ) );
#1714 = CARTESIAN_POINT ( 'NONE',  ( 6.699999999999997513, 0.1999999999999999833, -2.800000000000000266 ) ) ;
#1715 = CARTESIAN_POINT ( 'NONE',  ( 15.75000000000000000, 0.2000000000000000111, -2.800000000000000266 ) ) ;
#1716 = ORIENTED_EDGE ( 'NONE', *, *, #11769, .T. ) ;
#1717 = SURFACE_STYLE_FILL_AREA ( #3743 ) ;
#1718 = FACE_OUTER_BOUND ( 'NONE', #10371, .T. ) ;
#1719 = ORIENTED_EDGE ( 'NONE', *, *, #3209, .T. ) ;
#1720 = PRESENTATION_STYLE_ASSIGNMENT (( #6694 ) ) ;
#1721 = ADVANCED_FACE ( 'NONE', ( #4909 ), #3878, .F. ) ;
#1722 = UNCERTAINTY_MEASURE_WITH_UNIT (LENGTH_MEASURE( 1.000000000000000082E-05 ), #5463, 'distance_accuracy_value', 'NONE');
#1723 = ADVANCED_FACE ( 'NONE', ( #8148 ), #6960, .F. ) ;
#1724 = PLANE ( 'NONE',  #6752 ) ;
#1725 = SURFACE_STYLE_USAGE ( .BOTH. , #12335 ) ;
#1726 = ORIENTED_EDGE ( 'NONE', *, *, #6338, .T. ) ;
#1727 = SURFACE_STYLE_USAGE ( .BOTH. , #10526 ) ;
#1728 = FACE_OUTER_BOUND ( 'NONE', #10596, .T. ) ;
#1729 = PRESENTATION_LAYER_ASSIGNMENT (  '', '', ( #9523 ) ) ;
#1730 = PRESENTATION_LAYER_ASSIGNMENT (  '', '', ( #6681 ) ) ;
#1731 = CARTESIAN_POINT ( 'NONE',  ( 10.08333333333333215, 5.166666666666668739, -0.08333333333333370341 ) ) ;
#1732 = LINE ( 'NONE', #2144, #11478 ) ;
#1733 = CARTESIAN_POINT ( 'NONE',  ( 17.94999999999999574, 4.500000000000000888, -0.1799999999999978839 ) ) ;
#1734 = VERTEX_POINT ( 'NONE', #8099 ) ;
#1735 = SURFACE_STYLE_USAGE ( .BOTH. , #12351 ) ;
#1736 = SURFACE_SIDE_STYLE ('',( #3024 ) ) ;
#1737 = STYLED_ITEM ( 'NONE', ( #4610 ), #2881 ) ;
#1738 = SURFACE_STYLE_USAGE ( .BOTH. , #5303 ) ;
#1739 = CARTESIAN_POINT ( 'NONE',  ( 12.25000000000000000, -3.399999999999999911, 0.2500000000000002220 ) ) ;
#1740 = EDGE_CURVE ( 'NONE', #753, #3588, #1010, .T. ) ;
#1741 = UNCERTAINTY_MEASURE_WITH_UNIT (LENGTH_MEASURE( 1.000000000000000082E-05 ), #9316, 'distance_accuracy_value', 'NONE');
#1742 = CARTESIAN_POINT ( 'NONE',  ( -1.949999999999999956, 1.800000000000000044, 0.2500000000000002220 ) ) ;
#1743 = VERTEX_POINT ( 'NONE', #4082 ) ;
#1744 = CARTESIAN_POINT ( 'NONE',  ( 7.750000000000000000, 5.000000000000000888, 0.2500000000000002220 ) ) ;
#1745 = DIRECTION ( 'NONE',  ( -4.336808689942017736E-16, 0.0000000000000000000, -1.000000000000000000 ) ) ;
#1746 = SURFACE_STYLE_USAGE ( .BOTH. , #11475 ) ;
#1747 = STYLED_ITEM ( 'NONE', ( #7028 ), #466 ) ;
#1748 = ORIENTED_EDGE ( 'NONE', *, *, #2109, .T. ) ;
#1749 = CARTESIAN_POINT ( 'NONE',  ( -1.949999999999999956, 6.000000000000000000, 1.700000000000000178 ) ) ;
#1750 = DIRECTION ( 'NONE',  ( 4.336808689942017736E-16, 0.0000000000000000000, 1.000000000000000000 ) ) ;
#1751 = CARTESIAN_POINT ( 'NONE',  ( 8.250000000000000000, -3.300000000000000266, -0.2499999999999997780 ) ) ;
#1752 = ORIENTED_EDGE ( 'NONE', *, *, #2316, .T. ) ;
#1753 = CARTESIAN_POINT ( 'NONE',  ( 6.249999999999998224, -3.399999999999999911, 0.2500000000000002220 ) ) ;
#1754 = DIRECTION ( 'NONE',  ( -1.000000000000000000, 0.0000000000000000000, 1.230800803163168627E-17 ) ) ;
#1755 = DIRECTION ( 'NONE',  ( 0.0000000000000000000, -0.0000000000000000000, 1.000000000000000000 ) ) ;
#1756 =( GEOMETRIC_REPRESENTATION_CONTEXT ( 3 ) GLOBAL_UNCERTAINTY_ASSIGNED_CONTEXT ( ( #7029 ) ) GLOBAL_UNIT_ASSIGNED_CONTEXT ( ( #5894, #7752, #7226 ) ) REPRESENTATION_CONTEXT ( 'NONE', 'WORKASPACE' ) );
#1757 = FILL_AREA_STYLE ('',( #5709 ) ) ;
#1758 = AXIS2_PLACEMENT_3D ( 'NONE', #5850, #3930, #7828 ) ;
#1759 = ORIENTED_EDGE ( 'NONE', *, *, #4676, .T. ) ;
#1760 = CARTESIAN_POINT ( 'NONE',  ( 1.750000000000000222, 0.2000000000000000944, 0.2500000000000002220 ) ) ;
#1761 =( NAMED_UNIT ( * ) PLANE_ANGLE_UNIT ( ) SI_UNIT ( $, .RADIAN. ) );
#1762 = DIRECTION ( 'NONE',  ( 0.5773502691896206240, -0.5773502691896306160, -0.5773502691896260641 ) ) ;
#1763 = PRESENTATION_STYLE_ASSIGNMENT (( #11496 ) ) ;
#1764 = EDGE_LOOP ( 'NONE', ( #12531, #5815, #4447, #5659, #9311, #12488, #1332, #11296, #7464, #9243, #9817, #7378 ) ) ;
#1765 = ADVANCED_FACE ( 'NONE', ( #5037 ), #2162, .F. ) ;
#1766 = PRESENTATION_LAYER_ASSIGNMENT (  '', '', ( #4696 ) ) ;
#1767 = VERTEX_POINT ( 'NONE', #10885 ) ;
#1768 =( LENGTH_UNIT ( ) NAMED_UNIT ( * ) SI_UNIT ( .MILLI., .METRE. ) );
#1769 = DIRECTION ( 'NONE',  ( 9.103382349328301547E-49, 2.350988701644575016E-32, 1.000000000000000000 ) ) ;
#1770 = CARTESIAN_POINT ( 'NONE',  ( 11.25000000000000000, 3.399999999999999467, -2.050000000000001599 ) ) ;
#1771 = CARTESIAN_POINT ( 'NONE',  ( 1.149999999999999911, 6.000000000000000000, 1.249999999999997558 ) ) ;
#1772 = ORIENTED_EDGE ( 'NONE', *, *, #11339, .F. ) ;
#1773 = EDGE_LOOP ( 'NONE', ( #12409, #690, #10250, #2939 ) ) ;
#1774 = CARTESIAN_POINT ( 'NONE',  ( -1.949999999999999956, 1.800000000000000044, 0.2500000000000002220 ) ) ;
#1775 =( NAMED_UNIT ( * ) SI_UNIT ( $, .STERADIAN. ) SOLID_ANGLE_UNIT ( ) );
#1776 = LINE ( 'NONE', #2808, #7970 ) ;
#1777 = DIRECTION ( 'NONE',  ( 0.0000000000000000000, 0.0000000000000000000, 1.000000000000000000 ) ) ;
#1778 = EDGE_CURVE ( 'NONE', #5762, #7135, #6110, .T. ) ;
#1779 =( GEOMETRIC_REPRESENTATION_CONTEXT ( 3 ) GLOBAL_UNCERTAINTY_ASSIGNED_CONTEXT ( ( #9429 ) ) GLOBAL_UNIT_ASSIGNED_CONTEXT ( ( #4508, #481, #4393 ) ) REPRESENTATION_CONTEXT ( 'NONE', 'WORKASPACE' ) );
#1780 = PRESENTATION_STYLE_ASSIGNMENT (( #4601 ) ) ;
#1781 = SURFACE_SIDE_STYLE ('',( #4119 ) ) ;
#1782 = DIRECTION ( 'NONE',  ( 1.000000000000000000, 0.0000000000000000000, 0.0000000000000000000 ) ) ;
#1783 = EDGE_LOOP ( 'NONE', ( #1119, #1702, #11153, #2778 ) ) ;
#1784 = VECTOR ( 'NONE', #5066, 1000.000000000000000 ) ;
#1785 = CARTESIAN_POINT ( 'NONE',  ( 10.24999999999999822, 5.000000000000000888, 0.2500000000000002220 ) ) ;
#1786 = VERTEX_POINT ( 'NONE', #6494 ) ;
#1787 = CARTESIAN_POINT ( 'NONE',  ( 13.84999999999999787, -3.399999999999999911, -0.2499999999999997780 ) ) ;
#1788 = CARTESIAN_POINT ( 'NONE',  ( 14.05000000000000071, -3.399999999999999911, 0.1500000000000008271 ) ) ;
#1789 = DIRECTION ( 'NONE',  ( 0.5773502691896206240, -0.5773502691896306160, -0.5773502691896260641 ) ) ;
#1790 = EDGE_CURVE ( 'NONE', #2877, #11589, #1384, .T. ) ;
#1791 = UNCERTAINTY_MEASURE_WITH_UNIT (LENGTH_MEASURE( 1.000000000000000082E-05 ), #4336, 'distance_accuracy_value', 'NONE');
#1792 = FILL_AREA_STYLE_COLOUR ( '', #4350 ) ;
#1793 = EDGE_CURVE ( 'NONE', #6253, #11391, #5419, .T. ) ;
#1794 = ORIENTED_EDGE ( 'NONE', *, *, #8318, .F. ) ;
#1795 = EDGE_CURVE ( 'NONE', #695, #9628, #1329, .T. ) ;
#1796 = CARTESIAN_POINT ( 'NONE',  ( 5.750000000000001776, 5.000000000000000888, -0.2499999999999997780 ) ) ;
#1797 = SURFACE_STYLE_FILL_AREA ( #9764 ) ;
#1798 = PLANE ( 'NONE',  #2631 ) ;
#1799 = VERTEX_POINT ( 'NONE', #11385 ) ;
#1800 = CARTESIAN_POINT ( 'NONE',  ( 15.91666666666666607, 5.166666666666666963, -0.08333333333333542425 ) ) ;
#1801 = MECHANICAL_DESIGN_GEOMETRIC_PRESENTATION_REPRESENTATION (  '', ( #8965 ), #2609 ) ;
#1802 = VERTEX_POINT ( 'NONE', #5285 ) ;
#1803 = DIRECTION ( 'NONE',  ( 0.0000000000000000000, 0.0000000000000000000, -1.000000000000000000 ) ) ;
#1804 = STYLED_ITEM ( 'NONE', ( #434 ), #8089 ) ;
#1805 = LINE ( 'NONE', #12549, #14 ) ;
#1806 =( NAMED_UNIT ( * ) SI_UNIT ( $, .STERADIAN. ) SOLID_ANGLE_UNIT ( ) );
#1807 = CARTESIAN_POINT ( 'NONE',  ( 13.25000000000000178, 3.399999999999999467, -2.300000000000003375 ) ) ;
#1808 = ORIENTED_EDGE ( 'NONE', *, *, #6127, .T. ) ;
#1809 = EDGE_LOOP ( 'NONE', ( #10908, #1364, #2779, #10759 ) ) ;
#1810 =( GEOMETRIC_REPRESENTATION_CONTEXT ( 3 ) GLOBAL_UNCERTAINTY_ASSIGNED_CONTEXT ( ( #11679 ) ) GLOBAL_UNIT_ASSIGNED_CONTEXT ( ( #12002, #6112, #4153 ) ) REPRESENTATION_CONTEXT ( 'NONE', 'WORKASPACE' ) );
#1811 = PRESENTATION_LAYER_ASSIGNMENT (  '', '', ( #8368 ) ) ;
#1812 = STYLED_ITEM ( 'NONE', ( #5117 ), #5151 ) ;
#1813 = DIRECTION ( 'NONE',  ( -1.000000000000000000, 3.872150616019661422E-17, 0.0000000000000000000 ) ) ;
#1814 = ADVANCED_FACE ( 'NONE', ( #3549 ), #12072, .F. ) ;
#1815 = VERTEX_POINT ( 'NONE', #9423 ) ;
#1816 = LINE ( 'NONE', #7742, #10858 ) ;
#1817 = ORIENTED_EDGE ( 'NONE', *, *, #11212, .T. ) ;
#1818 = PLANE ( 'NONE',  #925 ) ;
#1819 =( NAMED_UNIT ( * ) PLANE_ANGLE_UNIT ( ) SI_UNIT ( $, .RADIAN. ) );
#1820 = VERTEX_POINT ( 'NONE', #3475 ) ;
#1821 = PRESENTATION_LAYER_ASSIGNMENT (  '', '', ( #11210 ) ) ;
#1822 = FACE_OUTER_BOUND ( 'NONE', #8294, .T. ) ;
#1823 = DIRECTION ( 'NONE',  ( 1.000000000000000000, -0.0000000000000000000, -4.358601698434190141E-17 ) ) ;
#1824 =( LENGTH_UNIT ( ) NAMED_UNIT ( * ) SI_UNIT ( .MILLI., .METRE. ) );
#1825 = STYLED_ITEM ( 'NONE', ( #5109 ), #1310 ) ;
#1826 = AXIS2_PLACEMENT_3D ( 'NONE', #3245, #12167, #7179 ) ;
#1827 = VECTOR ( 'NONE', #4385, 1000.000000000000000 ) ;
#1828 = MECHANICAL_DESIGN_GEOMETRIC_PRESENTATION_REPRESENTATION (  '', ( #5130 ), #8984 ) ;
#1829 = CARTESIAN_POINT ( 'NONE',  ( 17.34999999999999076, 5.650000000000002132, -2.350000000000001865 ) ) ;
#1830 = ORIENTED_EDGE ( 'NONE', *, *, #3169, .T. ) ;
#1831 = SURFACE_STYLE_FILL_AREA ( #12513 ) ;
#1832 = SURFACE_STYLE_USAGE ( .BOTH. , #8751 ) ;
#1833 = FILL_AREA_STYLE ('',( #5838 ) ) ;
#1834 = ORIENTED_EDGE ( 'NONE', *, *, #10776, .F. ) ;
#1835 = COLOUR_RGB ( '',1.000000000000000000, 0.8117647058823529438, 0.5019607843137254832 ) ;
#1836 = DIRECTION ( 'NONE',  ( -1.000000000000000000, 1.084202172485504237E-15, 0.0000000000000000000 ) ) ;
#1837 = VECTOR ( 'NONE', #9968, 1000.000000000000000 ) ;
#1838 = ORIENTED_EDGE ( 'NONE', *, *, #7817, .T. ) ;
#1839 = VECTOR ( 'NONE', #8660, 1000.000000000000000 ) ;
#1840 = VERTEX_POINT ( 'NONE', #8210 ) ;
#1841 = FILL_AREA_STYLE_COLOUR ( '', #11612 ) ;
#1842 = VERTEX_POINT ( 'NONE', #6374 ) ;
#1843 = VECTOR ( 'NONE', #12198, 1000.000000000000000 ) ;
#1844 = CARTESIAN_POINT ( 'NONE',  ( 5.250000000000000888, 1.149999999999999911, -2.350000000000001421 ) ) ;
#1845 = SURFACE_STYLE_FILL_AREA ( #3044 ) ;
#1846 = ORIENTED_EDGE ( 'NONE', *, *, #1923, .F. ) ;
#1847 = ORIENTED_EDGE ( 'NONE', *, *, #2136, .F. ) ;
#1848 = ADVANCED_FACE ( 'NONE', ( #7398 ), #3415, .F. ) ;
#1849 = FILL_AREA_STYLE_COLOUR ( '', #1017 ) ;
#1850 = PRESENTATION_LAYER_ASSIGNMENT (  '', '', ( #1013 ) ) ;
#1851 = COLOUR_RGB ( '',1.000000000000000000, 1.000000000000000000, 1.000000000000000000 ) ;
#1852 = VERTEX_POINT ( 'NONE', #1453 ) ;
#1853 = LINE ( 'NONE', #5671, #4476 ) ;
#1854 = CARTESIAN_POINT ( 'NONE',  ( 1.750000000000000222, -3.399999999999999911, 0.2500000000000002220 ) ) ;
#1855 = VECTOR ( 'NONE', #11883, 1000.000000000000000 ) ;
#1856 = VECTOR ( 'NONE', #4406, 1000.000000000000000 ) ;
#1857 = COLOUR_RGB ( '',1.000000000000000000, 0.8117647058823529438, 0.5019607843137254832 ) ;
#1858 = DIRECTION ( 'NONE',  ( -3.833233541708420554E-17, -0.7071067811865447972, 0.7071067811865502373 ) ) ;
#1859 = EDGE_LOOP ( 'NONE', ( #7555, #8191, #7848, #6459 ) ) ;
#1860 = ORIENTED_EDGE ( 'NONE', *, *, #9940, .T. ) ;
#1861 = DIRECTION ( 'NONE',  ( -1.000000000000000000, 5.421010862427522170E-17, 0.0000000000000000000 ) ) ;
#1862 = ORIENTED_EDGE ( 'NONE', *, *, #9156, .F. ) ;
#1863 = SURFACE_STYLE_USAGE ( .BOTH. , #7019 ) ;
#1864 = PRESENTATION_LAYER_ASSIGNMENT (  '', '', ( #8016 ) ) ;
#1865 = SURFACE_SIDE_STYLE ('',( #6837 ) ) ;
#1866 = AXIS2_PLACEMENT_3D ( 'NONE', #1230, #400, #12034 ) ;
#1867 = FACE_OUTER_BOUND ( 'NONE', #4182, .T. ) ;
#1868 = FACE_BOUND ( 'NONE', #3396, .T. ) ;
#1869 =( GEOMETRIC_REPRESENTATION_CONTEXT ( 3 ) GLOBAL_UNCERTAINTY_ASSIGNED_CONTEXT ( ( #10399 ) ) GLOBAL_UNIT_ASSIGNED_CONTEXT ( ( #4372, #7306, #11160 ) ) REPRESENTATION_CONTEXT ( 'NONE', 'WORKASPACE' ) );
#1870 =( NAMED_UNIT ( * ) SI_UNIT ( $, .STERADIAN. ) SOLID_ANGLE_UNIT ( ) );
#1871 =( NAMED_UNIT ( * ) SI_UNIT ( $, .STERADIAN. ) SOLID_ANGLE_UNIT ( ) );
#1872 = EDGE_CURVE ( 'NONE', #7715, #6700, #2691, .T. ) ;
#1873 = DIRECTION ( 'NONE',  ( -0.0000000000000000000, 1.000000000000000000, -0.0000000000000000000 ) ) ;
#1874 = ORIENTED_EDGE ( 'NONE', *, *, #553, .T. ) ;
#1875 = UNCERTAINTY_MEASURE_WITH_UNIT (LENGTH_MEASURE( 1.000000000000000082E-05 ), #12625, 'distance_accuracy_value', 'NONE');
#1876 = SURFACE_STYLE_USAGE ( .BOTH. , #3026 ) ;
#1877 = EDGE_CURVE ( 'NONE', #3716, #8962, #1853, .T. ) ;
#1878 = SURFACE_SIDE_STYLE ('',( #2830 ) ) ;
#1879 = PRESENTATION_LAYER_ASSIGNMENT (  '', '', ( #4962 ) ) ;
#1880 = DIRECTION ( 'NONE',  ( -1.084202172485504237E-15, -1.000000000000000000, 0.0000000000000000000 ) ) ;
#1881 =( GEOMETRIC_REPRESENTATION_CONTEXT ( 3 ) GLOBAL_UNCERTAINTY_ASSIGNED_CONTEXT ( ( #11919 ) ) GLOBAL_UNIT_ASSIGNED_CONTEXT ( ( #12486, #9373, #654 ) ) REPRESENTATION_CONTEXT ( 'NONE', 'WORKASPACE' ) );
#1882 = ORIENTED_EDGE ( 'NONE', *, *, #6648, .T. ) ;
#1883 = CARTESIAN_POINT ( 'NONE',  ( 16.67999999999999616, 6.000000000000000000, 1.700000000000000178 ) ) ;
#1884 = DIRECTION ( 'NONE',  ( -1.927470528863119542E-16, 1.000000000000000000, 0.0000000000000000000 ) ) ;
#1885 = AXIS2_PLACEMENT_3D ( 'NONE', #9797, #6153, #11931 ) ;
#1886 = EDGE_LOOP ( 'NONE', ( #2882, #1442, #11172, #2503 ) ) ;
#1887 = COLOUR_RGB ( '',1.000000000000000000, 0.8117647058823529438, 0.5019607843137254832 ) ;
#1888 = DIRECTION ( 'NONE',  ( 3.872150616019660190E-17, 1.000000000000000000, -0.0000000000000000000 ) ) ;
#1889 = VECTOR ( 'NONE', #456, 1000.000000000000000 ) ;
#1890 = LINE ( 'NONE', #12613, #6782 ) ;
#1891 = PRESENTATION_LAYER_ASSIGNMENT (  '', '', ( #9879 ) ) ;
#1892 = LINE ( 'NONE', #3100, #908 ) ;
#1893 = CARTESIAN_POINT ( 'NONE',  ( 11.75000000000000000, -3.399999999999999911, 0.2500000000000002220 ) ) ;
#1894 = CARTESIAN_POINT ( 'NONE',  ( 6.149999999999999467, 5.100000000000001421, -2.800000000000000266 ) ) ;
#1895 = EDGE_CURVE ( 'NONE', #6455, #1416, #9616, .T. ) ;
#1896 = COLOUR_RGB ( '',1.000000000000000000, 1.000000000000000000, 1.000000000000000000 ) ;
#1897 = EDGE_CURVE ( 'NONE', #10144, #2754, #2384, .T. ) ;
#1898 = ORIENTED_EDGE ( 'NONE', *, *, #8267, .F. ) ;
#1899 = CARTESIAN_POINT ( 'NONE',  ( 6.149999999999999467, 5.100000000000001421, 0.1500000000000008271 ) ) ;
#1900 = MECHANICAL_DESIGN_GEOMETRIC_PRESENTATION_REPRESENTATION (  '', ( #11301 ), #1692 ) ;
#1901 = CARTESIAN_POINT ( 'NONE',  ( 15.84999999999999964, -3.399999999999999911, -0.1500000000000003830 ) ) ;
#1902 = MECHANICAL_DESIGN_GEOMETRIC_PRESENTATION_REPRESENTATION (  '', ( #6230 ), #10692 ) ;
#1903 = ORIENTED_EDGE ( 'NONE', *, *, #5406, .T. ) ;
#1904 = SURFACE_STYLE_FILL_AREA ( #12516 ) ;
#1905 = VECTOR ( 'NONE', #1020, 1000.000000000000000 ) ;
#1906 = DIRECTION ( 'NONE',  ( 0.0000000000000000000, 0.0000000000000000000, 1.000000000000000000 ) ) ;
#1907 = FILL_AREA_STYLE_COLOUR ( '', #11204 ) ;
#1908 = FILL_AREA_STYLE ('',( #5844 ) ) ;
#1909 = FILL_AREA_STYLE ('',( #70 ) ) ;
#1910 = VECTOR ( 'NONE', #12097, 1000.000000000000000 ) ;
#1911 = ORIENTED_EDGE ( 'NONE', *, *, #10140, .F. ) ;
#1912 = EDGE_CURVE ( 'NONE', #657, #739, #7767, .T. ) ;
#1913 = ORIENTED_EDGE ( 'NONE', *, *, #8387, .T. ) ;
#1914 = ORIENTED_EDGE ( 'NONE', *, *, #11168, .F. ) ;
#1915 = DIRECTION ( 'NONE',  ( -1.000000000000000000, 0.0000000000000000000, 0.0000000000000000000 ) ) ;
#1916 = VERTEX_POINT ( 'NONE', #10694 ) ;
#1917 = FACE_OUTER_BOUND ( 'NONE', #913, .T. ) ;
#1918 = LINE ( 'NONE', #940, #2438 ) ;
#1919 = ORIENTED_EDGE ( 'NONE', *, *, #44, .T. ) ;
#1920 = CARTESIAN_POINT ( 'NONE',  ( 1.750000000000000666, 5.000000000000000888, 0.2500000000000002220 ) ) ;
#1921 = VERTEX_POINT ( 'NONE', #5727 ) ;
#1922 = DIRECTION ( 'NONE',  ( -1.000000000000000000, 0.0000000000000000000, -0.0000000000000000000 ) ) ;
#1923 = EDGE_CURVE ( 'NONE', #6990, #8378, #824, .T. ) ;
#1924 = VECTOR ( 'NONE', #4457, 1000.000000000000000 ) ;
#1925 = SURFACE_STYLE_USAGE ( .BOTH. , #10642 ) ;
#1926 = CARTESIAN_POINT ( 'NONE',  ( -1.949999999999999956, 0.0000000000000000000, -2.800000000000000266 ) ) ;
#1927 = FACE_OUTER_BOUND ( 'NONE', #11923, .T. ) ;
#1928 = EDGE_CURVE ( 'NONE', #8994, #7750, #4897, .T. ) ;
#1929 = PRESENTATION_LAYER_ASSIGNMENT (  '', '', ( #7502 ) ) ;
#1930 = AXIS2_PLACEMENT_3D ( 'NONE', #8898, #8835, #11747 ) ;
#1931 = DIRECTION ( 'NONE',  ( 4.336808689942017736E-16, 0.0000000000000000000, 1.000000000000000000 ) ) ;
#1932 = DIRECTION ( 'NONE',  ( -1.000000000000000000, 3.872150616019661422E-17, -0.0000000000000000000 ) ) ;
#1933 = ORIENTED_EDGE ( 'NONE', *, *, #7989, .F. ) ;
#1934 = CARTESIAN_POINT ( 'NONE',  ( 12.75000000000000178, 3.399999999999999467, -2.350000000000001865 ) ) ;
#1935 = CARTESIAN_POINT ( 'NONE',  ( 17.95099999999999696, 4.500000000000000888, -0.1799999999999996048 ) ) ;
#1936 = LINE ( 'NONE', #722, #3967 ) ;
#1937 = PRESENTATION_LAYER_ASSIGNMENT (  '', '', ( #7515 ) ) ;
#1938 = COLOUR_RGB ( '',1.000000000000000000, 0.8117647058823529438, 0.5019607843137254832 ) ;
#1939 = SURFACE_STYLE_USAGE ( .BOTH. , #9064 ) ;
#1940 = SURFACE_SIDE_STYLE ('',( #12557 ) ) ;
#1941 = PRESENTATION_STYLE_ASSIGNMENT (( #3897 ) ) ;
#1942 = CARTESIAN_POINT ( 'NONE',  ( 17.94999999999999574, 1.380000000000004778, 1.300000000000000044 ) ) ;
#1943 = SURFACE_STYLE_USAGE ( .BOTH. , #6130 ) ;
#1944 = VERTEX_POINT ( 'NONE', #2884 ) ;
#1945 = PRESENTATION_LAYER_ASSIGNMENT (  '', '', ( #4043 ) ) ;
#1946 = EDGE_LOOP ( 'NONE', ( #12379, #6009, #1060, #9099 ) ) ;
#1947 = UNCERTAINTY_MEASURE_WITH_UNIT (LENGTH_MEASURE( 1.000000000000000082E-05 ), #11725, 'distance_accuracy_value', 'NONE');
#1948 = SURFACE_STYLE_FILL_AREA ( #11549 ) ;
#1949 = UNCERTAINTY_MEASURE_WITH_UNIT (LENGTH_MEASURE( 1.000000000000000082E-05 ), #12503, 'distance_accuracy_value', 'NONE');
#1950 = SURFACE_SIDE_STYLE ('',( #6925 ) ) ;
#1951 =( NAMED_UNIT ( * ) SI_UNIT ( $, .STERADIAN. ) SOLID_ANGLE_UNIT ( ) );
#1952 = ADVANCED_FACE ( 'NONE', ( #10573 ), #6559, .T. ) ;
#1953 = EDGE_CURVE ( 'NONE', #8612, #9682, #4780, .T. ) ;
#1954 = SURFACE_SIDE_STYLE ('',( #6872 ) ) ;
#1955 = EDGE_CURVE ( 'NONE', #7472, #7395, #3749, .T. ) ;
#1956 = CARTESIAN_POINT ( 'NONE',  ( 0.1500000000000038525, -3.399999999999999911, 0.1500000000000042966 ) ) ;
#1957 = ORIENTED_EDGE ( 'NONE', *, *, #7110, .T. ) ;
#1958 = PRESENTATION_STYLE_ASSIGNMENT (( #10051 ) ) ;
#1959 = CARTESIAN_POINT ( 'NONE',  ( 3.299999999999999378, 0.0000000000000000000, 1.700000000000000178 ) ) ;
#1960 = SURFACE_STYLE_FILL_AREA ( #10686 ) ;
#1961 = EDGE_LOOP ( 'NONE', ( #4785, #5030, #1223, #9798 ) ) ;
#1962 = ADVANCED_FACE ( 'NONE', ( #1917 ), #3812, .F. ) ;
#1963 = VERTEX_POINT ( 'NONE', #5220 ) ;
#1964 = LINE ( 'NONE', #1066, #2267 ) ;
#1965 = FILL_AREA_STYLE ('',( #4014 ) ) ;
#1966 =( GEOMETRIC_REPRESENTATION_CONTEXT ( 3 ) GLOBAL_UNCERTAINTY_ASSIGNED_CONTEXT ( ( #199 ) ) GLOBAL_UNIT_ASSIGNED_CONTEXT ( ( #25, #2763, #11710 ) ) REPRESENTATION_CONTEXT ( 'NONE', 'WORKASPACE' ) );
#1967 = CARTESIAN_POINT ( 'NONE',  ( 17.34999999999999076, 5.650000000000002132, 1.249999999999997558 ) ) ;
#1968 = VECTOR ( 'NONE', #11171, 1000.000000000000000 ) ;
#1969 = CARTESIAN_POINT ( 'NONE',  ( 3.849999999999999645, 5.100000000000001421, 0.1500000000000008271 ) ) ;
#1970 = ORIENTED_EDGE ( 'NONE', *, *, #1897, .F. ) ;
#1971 = CARTESIAN_POINT ( 'NONE',  ( 4.750000000000000888, 3.399999999999999467, -2.350000000000001421 ) ) ;
#1972 = EDGE_LOOP ( 'NONE', ( #10616, #10915, #3143, #10292 ) ) ;
#1973 = CARTESIAN_POINT ( 'NONE',  ( -1.951000000000000956, 6.000000000000000000, -0.6800000000000022693 ) ) ;
#1974 = VECTOR ( 'NONE', #2748, 1000.000000000000000 ) ;
#1975 =( NAMED_UNIT ( * ) PLANE_ANGLE_UNIT ( ) SI_UNIT ( $, .RADIAN. ) );
#1976 =( LENGTH_UNIT ( ) NAMED_UNIT ( * ) SI_UNIT ( .MILLI., .METRE. ) );
#1977 = STYLED_ITEM ( 'NONE', ( #4324 ), #2097 ) ;
#1978 = CARTESIAN_POINT ( 'NONE',  ( 7.750000000000000000, -3.300000000000000266, 0.2500000000000002220 ) ) ;
#1979 = SURFACE_STYLE_FILL_AREA ( #7789 ) ;
#1980 = SURFACE_STYLE_USAGE ( .BOTH. , #9768 ) ;
#1981 = DIRECTION ( 'NONE',  ( 0.7071067811865459074, -0.7071067811865491270, -3.066586833366741374E-16 ) ) ;
#1982 =( NAMED_UNIT ( * ) PLANE_ANGLE_UNIT ( ) SI_UNIT ( $, .RADIAN. ) );
#1983 = DIRECTION ( 'NONE',  ( -0.7071067811865505703, -0.7071067811865444641, 1.662400053425828747E-32 ) ) ;
#1984 = ORIENTED_EDGE ( 'NONE', *, *, #635, .F. ) ;
#1985 = EDGE_CURVE ( 'NONE', #9367, #10056, #8957, .T. ) ;
#1986 = DIRECTION ( 'NONE',  ( 0.0000000000000000000, 0.0000000000000000000, -1.000000000000000000 ) ) ;
#1987 =( GEOMETRIC_REPRESENTATION_CONTEXT ( 3 ) GLOBAL_UNCERTAINTY_ASSIGNED_CONTEXT ( ( #8380 ) ) GLOBAL_UNIT_ASSIGNED_CONTEXT ( ( #3264, #7899, #4210 ) ) REPRESENTATION_CONTEXT ( 'NONE', 'WORKASPACE' ) );
#1988 = CARTESIAN_POINT ( 'NONE',  ( 13.74999999999999822, 5.000000000000000888, -0.2499999999999997780 ) ) ;
#1989 = DIRECTION ( 'NONE',  ( -1.084202172485504237E-15, -1.000000000000000000, 0.0000000000000000000 ) ) ;
#1990 = SURFACE_STYLE_FILL_AREA ( #2928 ) ;
#1991 = FILL_AREA_STYLE_COLOUR ( '', #877 ) ;
#1992 = VERTEX_POINT ( 'NONE', #6098 ) ;
#1993 = STYLED_ITEM ( 'NONE', ( #7098 ), #5643 ) ;
#1994 = ORIENTED_EDGE ( 'NONE', *, *, #303, .T. ) ;
#1995 = CARTESIAN_POINT ( 'NONE',  ( 5.250000000000000888, 3.399999999999999467, -2.050000000000001599 ) ) ;
#1996 = MECHANICAL_DESIGN_GEOMETRIC_PRESENTATION_REPRESENTATION (  '', ( #7578 ), #3676 ) ;
#1997 = COLOUR_RGB ( '',1.000000000000000000, 1.000000000000000000, 1.000000000000000000 ) ;
#1998 = DIRECTION ( 'NONE',  ( -1.000000000000000000, 5.421010862427522170E-17, 0.0000000000000000000 ) ) ;
#1999 = ORIENTED_EDGE ( 'NONE', *, *, #11788, .T. ) ;
#2000 = CARTESIAN_POINT ( 'NONE',  ( 9.250000000000001776, 3.399999999999999467, -2.050000000000001599 ) ) ;
#2001 = ORIENTED_EDGE ( 'NONE', *, *, #3339, .F. ) ;
#2002 = CARTESIAN_POINT ( 'NONE',  ( 1.450000000000018607, -4.100000000000010303, 0.5499999999999810596 ) ) ;
#2003 = PRESENTATION_STYLE_ASSIGNMENT (( #2865 ) ) ;
#2004 = SURFACE_SIDE_STYLE ('',( #11614 ) ) ;
#2005 =( LENGTH_UNIT ( ) NAMED_UNIT ( * ) SI_UNIT ( .MILLI., .METRE. ) );
#2006 =( NAMED_UNIT ( * ) PLANE_ANGLE_UNIT ( ) SI_UNIT ( $, .RADIAN. ) );
#2007 = LINE ( 'NONE', #9978, #6215 ) ;
#2008 = VECTOR ( 'NONE', #1803, 1000.000000000000000 ) ;
#2009 = CARTESIAN_POINT ( 'NONE',  ( 9.299999999999998934, 0.2000000000000000389, 1.700000000000000178 ) ) ;
#2010 = EDGE_LOOP ( 'NONE', ( #1500, #3643, #9272, #9453 ) ) ;
#2011 = EDGE_CURVE ( 'NONE', #9890, #9000, #11933, .T. ) ;
#2012 =( NAMED_UNIT ( * ) PLANE_ANGLE_UNIT ( ) SI_UNIT ( $, .RADIAN. ) );
#2013 = CARTESIAN_POINT ( 'NONE',  ( 16.15000000000000213, 5.100000000000001421, 0.1500000000000008271 ) ) ;
#2014 = PLANE ( 'NONE',  #3430 ) ;
#2015 =( NAMED_UNIT ( * ) SI_UNIT ( $, .STERADIAN. ) SOLID_ANGLE_UNIT ( ) );
#2016 = UNCERTAINTY_MEASURE_WITH_UNIT (LENGTH_MEASURE( 1.000000000000000082E-05 ), #10821, 'distance_accuracy_value', 'NONE');
#2017 = ORIENTED_EDGE ( 'NONE', *, *, #2574, .T. ) ;
#2018 = ORIENTED_EDGE ( 'NONE', *, *, #5454, .F. ) ;
#2019 = SURFACE_STYLE_USAGE ( .BOTH. , #4776 ) ;
#2020 = AXIS2_PLACEMENT_3D ( 'NONE', #8995, #5057, #155 ) ;
#2021 = EDGE_LOOP ( 'NONE', ( #2588, #3172, #11367, #1919 ) ) ;
#2022 = ORIENTED_EDGE ( 'NONE', *, *, #5128, .T. ) ;
#2023 = VECTOR ( 'NONE', #5291, 1000.000000000000000 ) ;
#2024 = CARTESIAN_POINT ( 'NONE',  ( 13.84999999999999787, -3.399999999999999911, 0.1500000000000008271 ) ) ;
#2025 = CARTESIAN_POINT ( 'NONE',  ( 17.94999999999999574, 6.000000000000000000, 1.699999999999999289 ) ) ;
#2026 = CARTESIAN_POINT ( 'NONE',  ( 16.25000000000000000, 0.2000000000000000111, 0.2500000000000002220 ) ) ;
#2027 = FILL_AREA_STYLE_COLOUR ( '', #10606 ) ;
#2028 = ORIENTED_EDGE ( 'NONE', *, *, #553, .F. ) ;
#2029 = ADVANCED_FACE ( 'NONE', ( #9802 ), #10745, .F. ) ;
#2030 = LINE ( 'NONE', #4331, #6157 ) ;
#2031 = ORIENTED_EDGE ( 'NONE', *, *, #281, .F. ) ;
#2032 = ADVANCED_FACE ( 'NONE', ( #9027 ), #9993, .F. ) ;
#2033 =( LENGTH_UNIT ( ) NAMED_UNIT ( * ) SI_UNIT ( .MILLI., .METRE. ) );
#2034 = CARTESIAN_POINT ( 'NONE',  ( 17.94999999999999574, 6.000000000000000000, 1.699999999999999289 ) ) ;
#2035 = SURFACE_SIDE_STYLE ('',( #10881 ) ) ;
#2036 = VERTEX_POINT ( 'NONE', #3459 ) ;
#2037 = VECTOR ( 'NONE', #12067, 1000.000000000000000 ) ;
#2038 = VERTEX_POINT ( 'NONE', #3260 ) ;
#2039 = DIRECTION ( 'NONE',  ( 1.000000000000000000, 0.0000000000000000000, -0.0000000000000000000 ) ) ;
#2040 = VECTOR ( 'NONE', #9763, 1000.000000000000000 ) ;
#2041 = CARTESIAN_POINT ( 'NONE',  ( 16.25000000000000000, -3.399999999999999911, -0.1500000000000003830 ) ) ;
#2042 = MECHANICAL_DESIGN_GEOMETRIC_PRESENTATION_REPRESENTATION (  '', ( #3290 ), #11842 ) ;
#2043 = VECTOR ( 'NONE', #9742, 1000.000000000000000 ) ;
#2044 = DIRECTION ( 'NONE',  ( -1.000000000000000000, 5.421010862427522170E-17, 0.0000000000000000000 ) ) ;
#2045 = PRODUCT_CONTEXT ( 'NONE', #12207, 'mechanical' ) ;
#2046 = LINE ( 'NONE', #2772, #2008 ) ;
#2047 = VECTOR ( 'NONE', #4045, 1000.000000000000000 ) ;
#2048 = EDGE_CURVE ( 'NONE', #8731, #12378, #7384, .T. ) ;
#2049 = FILL_AREA_STYLE_COLOUR ( '', #10672 ) ;
#2050 = LINE ( 'NONE', #9113, #6820 ) ;
#2051 = STYLED_ITEM ( 'NONE', ( #11128 ), #9327 ) ;
#2052 = LINE ( 'NONE', #324, #8438 ) ;
#2053 = FILL_AREA_STYLE ('',( #3032 ) ) ;
#2054 =( GEOMETRIC_REPRESENTATION_CONTEXT ( 3 ) GLOBAL_UNCERTAINTY_ASSIGNED_CONTEXT ( ( #12275 ) ) GLOBAL_UNIT_ASSIGNED_CONTEXT ( ( #7658, #11386, #11514 ) ) REPRESENTATION_CONTEXT ( 'NONE', 'WORKASPACE' ) );
#2055 =( NAMED_UNIT ( * ) SI_UNIT ( $, .STERADIAN. ) SOLID_ANGLE_UNIT ( ) );
#2056 = VECTOR ( 'NONE', #6071, 1000.000000000000000 ) ;
#2057 = LINE ( 'NONE', #11776, #9828 ) ;
#2058 = ORIENTED_EDGE ( 'NONE', *, *, #7250, .T. ) ;
#2059 = ORIENTED_EDGE ( 'NONE', *, *, #4694, .T. ) ;
#2060 = SURFACE_STYLE_FILL_AREA ( #7920 ) ;
#2061 = LINE ( 'NONE', #2848, #3914 ) ;
#2062 =( GEOMETRIC_REPRESENTATION_CONTEXT ( 3 ) GLOBAL_UNCERTAINTY_ASSIGNED_CONTEXT ( ( #714 ) ) GLOBAL_UNIT_ASSIGNED_CONTEXT ( ( #4967, #7766, #7008 ) ) REPRESENTATION_CONTEXT ( 'NONE', 'WORKASPACE' ) );
#2063 = STYLED_ITEM ( 'NONE', ( #1486 ), #9552 ) ;
#2064 =( NAMED_UNIT ( * ) SI_UNIT ( $, .STERADIAN. ) SOLID_ANGLE_UNIT ( ) );
#2065 = VECTOR ( 'NONE', #10645, 1000.000000000000000 ) ;
#2066 = EDGE_CURVE ( 'NONE', #353, #2739, #11246, .T. ) ;
#2067 = FILL_AREA_STYLE_COLOUR ( '', #11414 ) ;
#2068 = CARTESIAN_POINT ( 'NONE',  ( 10.14999999999999858, -3.399999999999999911, -2.800000000000000266 ) ) ;
#2069 = ORIENTED_EDGE ( 'NONE', *, *, #10109, .F. ) ;
#2070 = LINE ( 'NONE', #1099, #7382 ) ;
#2071 = PRESENTATION_STYLE_ASSIGNMENT (( #3908 ) ) ;
#2072 = CARTESIAN_POINT ( 'NONE',  ( 12.75000000000000178, 1.149999999999999911, -2.050000000000001599 ) ) ;
#2073 = EDGE_LOOP ( 'NONE', ( #7988, #10768, #6887, #5012, #12565 ) ) ;
#2074 = UNCERTAINTY_MEASURE_WITH_UNIT (LENGTH_MEASURE( 1.000000000000000082E-05 ), #11486, 'distance_accuracy_value', 'NONE');
#2075 = VECTOR ( 'NONE', #7737, 1000.000000000000000 ) ;
#2076 = ORIENTED_EDGE ( 'NONE', *, *, #7085, .F. ) ;
#2077 = COLOUR_RGB ( '',1.000000000000000000, 0.8117647058823529438, 0.5019607843137254832 ) ;
#2078 = SURFACE_STYLE_FILL_AREA ( #10779 ) ;
#2079 = STYLED_ITEM ( 'NONE', ( #9133 ), #1550 ) ;
#2080 =( NAMED_UNIT ( * ) SI_UNIT ( $, .STERADIAN. ) SOLID_ANGLE_UNIT ( ) );
#2081 = PRESENTATION_STYLE_ASSIGNMENT (( #6994 ) ) ;
#2082 =( GEOMETRIC_REPRESENTATION_CONTEXT ( 3 ) GLOBAL_UNCERTAINTY_ASSIGNED_CONTEXT ( ( #4433 ) ) GLOBAL_UNIT_ASSIGNED_CONTEXT ( ( #6647, #5904, #131 ) ) REPRESENTATION_CONTEXT ( 'NONE', 'WORKASPACE' ) );
#2083 = DIRECTION ( 'NONE',  ( 3.872150616019660190E-17, 1.000000000000000000, -0.0000000000000000000 ) ) ;
#2084 = LINE ( 'NONE', #6026, #10626 ) ;
#2085 = ORIENTED_EDGE ( 'NONE', *, *, #4437, .F. ) ;
#2086 = PRESENTATION_LAYER_ASSIGNMENT (  '', '', ( #8664 ) ) ;
#2087 = DIRECTION ( 'NONE',  ( -1.000000000000000000, -0.0000000000000000000, -0.0000000000000000000 ) ) ;
#2088 = DIRECTION ( 'NONE',  ( -0.0000000000000000000, -0.0000000000000000000, 1.000000000000000000 ) ) ;
#2089 = PLANE ( 'NONE',  #10727 ) ;
#2090 = PRESENTATION_LAYER_ASSIGNMENT (  '', '', ( #2306 ) ) ;
#2091 = ORIENTED_EDGE ( 'NONE', *, *, #11556, .T. ) ;
#2092 = ORIENTED_EDGE ( 'NONE', *, *, #2842, .T. ) ;
#2093 = SURFACE_STYLE_USAGE ( .BOTH. , #11870 ) ;
#2094 = ORIENTED_EDGE ( 'NONE', *, *, #2158, .F. ) ;
#2095 =( GEOMETRIC_REPRESENTATION_CONTEXT ( 3 ) GLOBAL_UNCERTAINTY_ASSIGNED_CONTEXT ( ( #3242 ) ) GLOBAL_UNIT_ASSIGNED_CONTEXT ( ( #152, #5002, #7926 ) ) REPRESENTATION_CONTEXT ( 'NONE', 'WORKASPACE' ) );
#2096 = DIRECTION ( 'NONE',  ( -4.336808689942017736E-16, 0.0000000000000000000, -1.000000000000000000 ) ) ;
#2097 = ADVANCED_FACE ( 'NONE', ( #5519 ), #1501, .F. ) ;
#2098 = FILL_AREA_STYLE_COLOUR ( '', #6336 ) ;
#2099 = ORIENTED_EDGE ( 'NONE', *, *, #8556, .F. ) ;
#2100 = DIRECTION ( 'NONE',  ( 3.872150616019660190E-17, 1.000000000000000000, -0.0000000000000000000 ) ) ;
#2101 = ORIENTED_EDGE ( 'NONE', *, *, #1686, .T. ) ;
#2102 = PLANE ( 'NONE',  #6965 ) ;
#2103 = LINE ( 'NONE', #5865, #4149 ) ;
#2104 = FILL_AREA_STYLE ('',( #8966 ) ) ;
#2105 = ORIENTED_EDGE ( 'NONE', *, *, #2316, .F. ) ;
#2106 = CARTESIAN_POINT ( 'NONE',  ( 9.750000000000000000, -3.399999999999999911, -0.2499999999999997780 ) ) ;
#2107 = ADVANCED_FACE ( 'NONE', ( #6358 ), #8266, .T. ) ;
#2108 = UNCERTAINTY_MEASURE_WITH_UNIT (LENGTH_MEASURE( 1.000000000000000082E-05 ), #10157, 'distance_accuracy_value', 'NONE');
#2109 = EDGE_CURVE ( 'NONE', #1036, #11903, #2292, .T. ) ;
#2110 = DIRECTION ( 'NONE',  ( -1.000000000000000000, 3.872150616019661422E-17, 0.0000000000000000000 ) ) ;
#2111 = FILL_AREA_STYLE_COLOUR ( '', #1046 ) ;
#2112 = PRESENTATION_STYLE_ASSIGNMENT (( #6313 ) ) ;
#2113 = SURFACE_SIDE_STYLE ('',( #7792 ) ) ;
#2114 = CARTESIAN_POINT ( 'NONE',  ( 14.24999999999999822, -3.399999999999999911, -0.2499999999999997780 ) ) ;
#2115 = CARTESIAN_POINT ( 'NONE',  ( 15.25000000000000000, 1.149999999999999911, -2.050000000000001599 ) ) ;
#2116 = EDGE_CURVE ( 'NONE', #9138, #3449, #3335, .T. ) ;
#2117 = CARTESIAN_POINT ( 'NONE',  ( 0.05000000000000012768, -3.399999999999999911, 0.1500000000000042966 ) ) ;
#2118 = ORIENTED_EDGE ( 'NONE', *, *, #4888, .T. ) ;
#2119 = FILL_AREA_STYLE_COLOUR ( '', #1938 ) ;
#2120 = DIRECTION ( 'NONE',  ( 1.000000000000000000, 0.0000000000000000000, -3.478723548081834449E-17 ) ) ;
#2121 = DIRECTION ( 'NONE',  ( 3.872150616019660190E-17, 1.000000000000000000, -0.0000000000000000000 ) ) ;
#2122 = DIRECTION ( 'NONE',  ( 1.000000000000000000, 0.0000000000000000000, 0.0000000000000000000 ) ) ;
#2123 = PRESENTATION_STYLE_ASSIGNMENT (( #6066 ) ) ;
#2124 = DIRECTION ( 'NONE',  ( 3.872150616019660190E-17, 1.000000000000000000, -0.0000000000000000000 ) ) ;
#2125 = DIRECTION ( 'NONE',  ( 4.336808689942017736E-16, 0.0000000000000000000, 1.000000000000000000 ) ) ;
#2126 = FILL_AREA_STYLE ('',( #3109 ) ) ;
#2127 = FILL_AREA_STYLE ('',( #11100 ) ) ;
#2128 = VECTOR ( 'NONE', #3463, 1000.000000000000000 ) ;
#2129 = VECTOR ( 'NONE', #11036, 1000.000000000000000 ) ;
#2130 = SURFACE_SIDE_STYLE ('',( #1102 ) ) ;
#2131 = FILL_AREA_STYLE ('',( #5259 ) ) ;
#2132 = SURFACE_STYLE_USAGE ( .BOTH. , #9079 ) ;
#2133 = PLANE ( 'NONE',  #10624 ) ;
#2134 = CARTESIAN_POINT ( 'NONE',  ( -0.2500000000000013323, 1.800000000000000044, -2.800000000000001155 ) ) ;
#2135 = MECHANICAL_DESIGN_GEOMETRIC_PRESENTATION_REPRESENTATION (  '', ( #4452 ), #12563 ) ;
#2136 = EDGE_CURVE ( 'NONE', #9989, #3073, #7262, .T. ) ;
#2137 =( LENGTH_UNIT ( ) NAMED_UNIT ( * ) SI_UNIT ( .MILLI., .METRE. ) );
#2138 = ORIENTED_EDGE ( 'NONE', *, *, #8503, .F. ) ;
#2139 = EDGE_CURVE ( 'NONE', #12384, #8003, #7699, .T. ) ;
#2140 = CARTESIAN_POINT ( 'NONE',  ( 7.299999999999998934, 0.0000000000000000000, -2.800000000000000266 ) ) ;
#2141 = FILL_AREA_STYLE ('',( #9794 ) ) ;
#2142 = UNCERTAINTY_MEASURE_WITH_UNIT (LENGTH_MEASURE( 1.000000000000000082E-05 ), #621, 'distance_accuracy_value', 'NONE');
#2143 = VERTEX_POINT ( 'NONE', #9678 ) ;
#2144 = CARTESIAN_POINT ( 'NONE',  ( 14.14999999999999858, -3.399999999999999911, 0.2500000000000002220 ) ) ;
#2145 = ORIENTED_EDGE ( 'NONE', *, *, #1316, .T. ) ;
#2146 = PRESENTATION_LAYER_ASSIGNMENT (  '', '', ( #7716 ) ) ;
#2147 = VERTEX_POINT ( 'NONE', #873 ) ;
#2148 = ORIENTED_EDGE ( 'NONE', *, *, #12050, .T. ) ;
#2149 = EDGE_CURVE ( 'NONE', #12157, #11803, #8520, .T. ) ;
#2150 = CARTESIAN_POINT ( 'NONE',  ( 4.699999999999999289, 0.1999999999999999833, -2.800000000000000266 ) ) ;
#2151 =( LENGTH_UNIT ( ) NAMED_UNIT ( * ) SI_UNIT ( .MILLI., .METRE. ) );
#2152 = DIRECTION ( 'NONE',  ( 0.7071067811865459074, -0.7071067811865491270, -3.066586833366741374E-16 ) ) ;
#2153 =( NAMED_UNIT ( * ) PLANE_ANGLE_UNIT ( ) SI_UNIT ( $, .RADIAN. ) );
#2154 = PRESENTATION_LAYER_ASSIGNMENT (  '', '', ( #7727 ) ) ;
#2155 = ORIENTED_EDGE ( 'NONE', *, *, #5886, .F. ) ;
#2156 =( LENGTH_UNIT ( ) NAMED_UNIT ( * ) SI_UNIT ( .MILLI., .METRE. ) );
#2157 = ORIENTED_EDGE ( 'NONE', *, *, #12366, .T. ) ;
#2158 = EDGE_CURVE ( 'NONE', #3060, #10204, #2737, .T. ) ;
#2159 = STYLED_ITEM ( 'NONE', ( #11764 ), #1723 ) ;
#2160 =( NAMED_UNIT ( * ) PLANE_ANGLE_UNIT ( ) SI_UNIT ( $, .RADIAN. ) );
#2161 = PRESENTATION_STYLE_ASSIGNMENT (( #3960 ) ) ;
#2162 = PLANE ( 'NONE',  #2594 ) ;
#2163 = EDGE_LOOP ( 'NONE', ( #4405, #8611, #10791, #5309 ) ) ;
#2164 = EDGE_LOOP ( 'NONE', ( #1957, #11004, #12191, #3926 ) ) ;
#2165 = SURFACE_SIDE_STYLE ('',( #11826 ) ) ;
#2166 = PRESENTATION_LAYER_ASSIGNMENT (  '', '', ( #745 ) ) ;
#2167 = ADVANCED_FACE ( 'NONE', ( #4647 ), #4709, .F. ) ;
#2168 =( LENGTH_UNIT ( ) NAMED_UNIT ( * ) SI_UNIT ( .MILLI., .METRE. ) );
#2169 = EDGE_CURVE ( 'NONE', #4213, #7569, #4584, .T. ) ;
#2170 = ORIENTED_EDGE ( 'NONE', *, *, #9004, .T. ) ;
#2171 = ADVANCED_FACE ( 'NONE', ( #2675 ), #11616, .F. ) ;
#2172 = CARTESIAN_POINT ( 'NONE',  ( 6.699999999999997513, 0.1999999999999999833, 1.700000000000000178 ) ) ;
#2173 = SURFACE_STYLE_FILL_AREA ( #11956 ) ;
#2174 = AXIS2_PLACEMENT_3D ( 'NONE', #9741, #11433, #10500 ) ;
#2175 = CARTESIAN_POINT ( 'NONE',  ( 6.249999999999998224, 0.2000000000000000111, -0.2499999999999997780 ) ) ;
#2176 = DIRECTION ( 'NONE',  ( 0.7071067811865457964, 0.7071067811865492381, 0.0000000000000000000 ) ) ;
#2177 = CARTESIAN_POINT ( 'NONE',  ( -0.7000000000000002887, 0.2000000000000000389, -2.800000000000000266 ) ) ;
#2178 = SURFACE_STYLE_USAGE ( .BOTH. , #213 ) ;
#2179 =( NAMED_UNIT ( * ) SI_UNIT ( $, .STERADIAN. ) SOLID_ANGLE_UNIT ( ) );
#2180 = EDGE_CURVE ( 'NONE', #6345, #4448, #4766, .T. ) ;
#2181 = LINE ( 'NONE', #11912, #7369 ) ;
#2182 = ADVANCED_FACE ( 'NONE', ( #2993 ), #1163, .T. ) ;
#2183 = ORIENTED_EDGE ( 'NONE', *, *, #920, .T. ) ;
#2184 = PRESENTATION_LAYER_ASSIGNMENT (  '', '', ( #1168 ) ) ;
#2185 =( LENGTH_UNIT ( ) NAMED_UNIT ( * ) SI_UNIT ( .MILLI., .METRE. ) );
#2186 =( LENGTH_UNIT ( ) NAMED_UNIT ( * ) SI_UNIT ( .MILLI., .METRE. ) );
#2187 = PLANE ( 'NONE',  #8955 ) ;
#2188 = CARTESIAN_POINT ( 'NONE',  ( 8.699999999999999289, 0.1999999999999999833, -2.800000000000000266 ) ) ;
#2189 = CARTESIAN_POINT ( 'NONE',  ( 17.34999999999999076, 5.650000000000002132, 0.3200000000000017275 ) ) ;
#2190 = DIRECTION ( 'NONE',  ( 0.0000000000000000000, 0.0000000000000000000, -1.000000000000000000 ) ) ;
#2191 = COLOUR_RGB ( '',1.000000000000000000, 0.8117647058823529438, 0.5019607843137254832 ) ;
#2192 = VECTOR ( 'NONE', #5679, 1000.000000000000000 ) ;
#2193 = MECHANICAL_DESIGN_GEOMETRIC_PRESENTATION_REPRESENTATION (  '', ( #11996 ), #9605 ) ;
#2194 = ORIENTED_EDGE ( 'NONE', *, *, #10874, .T. ) ;
#2195 = ORIENTED_EDGE ( 'NONE', *, *, #6276, .T. ) ;
#2196 = FACE_OUTER_BOUND ( 'NONE', #11174, .T. ) ;
#2197 = SURFACE_SIDE_STYLE ('',( #8834 ) ) ;
#2198 = ADVANCED_FACE ( 'NONE', ( #6081 ), #2187, .F. ) ;
#2199 = SURFACE_SIDE_STYLE ('',( #4446 ) ) ;
#2200 = STYLED_ITEM ( 'NONE', ( #4833 ), #8217 ) ;
#2201 = ORIENTED_EDGE ( 'NONE', *, *, #5502, .F. ) ;
#2203 = ORIENTED_EDGE ( 'NONE', *, *, #6333, .F. ) ;
#2202 = ORIENTED_EDGE ( 'NONE', *, *, #113, .T. ) ;
#2204 = LINE ( 'NONE', #10057, #1051 ) ;
#2205 = ORIENTED_EDGE ( 'NONE', *, *, #9400, .T. ) ;
#2206 = MECHANICAL_DESIGN_GEOMETRIC_PRESENTATION_REPRESENTATION (  '', ( #11615 ), #10429 ) ;
#2207 = VECTOR ( 'NONE', #3128, 1000.000000000000000 ) ;
#2208 = AXIS2_PLACEMENT_3D ( 'NONE', #1111, #6997, #10972 ) ;
#2209 = ORIENTED_EDGE ( 'NONE', *, *, #2429, .T. ) ;
#2210 =( NAMED_UNIT ( * ) PLANE_ANGLE_UNIT ( ) SI_UNIT ( $, .RADIAN. ) );
#2211 = VECTOR ( 'NONE', #9717, 1000.000000000000000 ) ;
#2212 = CARTESIAN_POINT ( 'NONE',  ( -0.2200000000000001399, 2.250000000000000000, 1.700000000000000178 ) ) ;
#2213 = VERTEX_POINT ( 'NONE', #8073 ) ;
#2214 = VECTOR ( 'NONE', #5645, 1000.000000000000000 ) ;
#2215 = VECTOR ( 'NONE', #112, 1000.000000000000000 ) ;
#2216 =( GEOMETRIC_REPRESENTATION_CONTEXT ( 3 ) GLOBAL_UNCERTAINTY_ASSIGNED_CONTEXT ( ( #5062 ) ) GLOBAL_UNIT_ASSIGNED_CONTEXT ( ( #9192, #3383, #4375 ) ) REPRESENTATION_CONTEXT ( 'NONE', 'WORKASPACE' ) );
#2217 = CARTESIAN_POINT ( 'NONE',  ( -1.949999999999999956, 4.500000000000000888, 0.3199999999999999512 ) ) ;
#2218 = VERTEX_POINT ( 'NONE', #1956 ) ;
#2219 = UNCERTAINTY_MEASURE_WITH_UNIT (LENGTH_MEASURE( 1.000000000000000082E-05 ), #9066, 'distance_accuracy_value', 'NONE');
#2220 = LINE ( 'NONE', #1320, #4644 ) ;
#2221 = CARTESIAN_POINT ( 'NONE',  ( 11.29999999999999893, 0.0000000000000000000, -2.800000000000000266 ) ) ;
#2222 = FILL_AREA_STYLE ('',( #7198 ) ) ;
#2223 = VERTEX_POINT ( 'NONE', #4054 ) ;
#2224 = CARTESIAN_POINT ( 'NONE',  ( 13.84999999999999787, 5.100000000000001421, 0.1500000000000008271 ) ) ;
#2225 =( NAMED_UNIT ( * ) PLANE_ANGLE_UNIT ( ) SI_UNIT ( $, .RADIAN. ) );
#2226 = STYLED_ITEM ( 'NONE', ( #3102 ), #6392 ) ;
#2227 = DIRECTION ( 'NONE',  ( -1.095153709581317921E-16, 1.000000000000000000, 0.0000000000000000000 ) ) ;
#2228 = DIRECTION ( 'NONE',  ( 1.000000000000000000, -5.421010862427522170E-17, 0.0000000000000000000 ) ) ;
#2229 = DIRECTION ( 'NONE',  ( 1.000000000000000000, -5.421010862427522170E-17, 0.0000000000000000000 ) ) ;
#2230 = STYLED_ITEM ( 'NONE', ( #3832 ), #7322 ) ;
#2231 =( GEOMETRIC_REPRESENTATION_CONTEXT ( 3 ) GLOBAL_UNCERTAINTY_ASSIGNED_CONTEXT ( ( #160 ) ) GLOBAL_UNIT_ASSIGNED_CONTEXT ( ( #11958, #10158, #6122 ) ) REPRESENTATION_CONTEXT ( 'NONE', 'WORKASPACE' ) );
#2232 = SURFACE_SIDE_STYLE ('',( #5993 ) ) ;
#2233 = STYLED_ITEM ( 'NONE', ( #7392 ), #8968 ) ;
#2234 = VECTOR ( 'NONE', #11854, 1000.000000000000000 ) ;
#2235 =( LENGTH_UNIT ( ) NAMED_UNIT ( * ) SI_UNIT ( .MILLI., .METRE. ) );
#2236 = DIRECTION ( 'NONE',  ( 3.872150616019660190E-17, 1.000000000000000000, -0.0000000000000000000 ) ) ;
#2237 = SURFACE_STYLE_FILL_AREA ( #11008 ) ;
#2238 = STYLED_ITEM ( 'NONE', ( #322 ), #7491 ) ;
#2239 =( LENGTH_UNIT ( ) NAMED_UNIT ( * ) SI_UNIT ( .MILLI., .METRE. ) );
#2240 = EDGE_CURVE ( 'NONE', #7461, #9034, #8941, .T. ) ;
#2241 = COLOUR_RGB ( '',1.000000000000000000, 0.8117647058823529438, 0.5019607843137254832 ) ;
#2242 = PRESENTATION_LAYER_ASSIGNMENT (  '', '', ( #7406 ) ) ;
#2243 =( GEOMETRIC_REPRESENTATION_CONTEXT ( 3 ) GLOBAL_UNCERTAINTY_ASSIGNED_CONTEXT ( ( #1038 ) ) GLOBAL_UNIT_ASSIGNED_CONTEXT ( ( #10732, #12166, #2400 ) ) REPRESENTATION_CONTEXT ( 'NONE', 'WORKASPACE' ) );
#2244 =( NAMED_UNIT ( * ) SI_UNIT ( $, .STERADIAN. ) SOLID_ANGLE_UNIT ( ) );
#2245 = FILL_AREA_STYLE_COLOUR ( '', #9336 ) ;
#2246 = CARTESIAN_POINT ( 'NONE',  ( 10.96666666666666679, -2.516666666666663943, -1.033333333333335213 ) ) ;
#2247 = ORIENTED_EDGE ( 'NONE', *, *, #962, .T. ) ;
#2248 = CARTESIAN_POINT ( 'NONE',  ( 8.750000000000000000, 3.399999999999999467, -2.300000000000003375 ) ) ;
#2249 = CARTESIAN_POINT ( 'NONE',  ( 17.94999999999999574, 6.000000000000000000, 1.699999999999999289 ) ) ;
#2250 = EDGE_CURVE ( 'NONE', #10056, #6260, #9788, .T. ) ;
#2251 = FILL_AREA_STYLE ('',( #212 ) ) ;
#2252 = PRESENTATION_STYLE_ASSIGNMENT (( #12096 ) ) ;
#2253 = STYLED_ITEM ( 'NONE', ( #10932 ), #7768 ) ;
#2254 =( NAMED_UNIT ( * ) SI_UNIT ( $, .STERADIAN. ) SOLID_ANGLE_UNIT ( ) );
#2255 =( GEOMETRIC_REPRESENTATION_CONTEXT ( 3 ) GLOBAL_UNCERTAINTY_ASSIGNED_CONTEXT ( ( #12540 ) ) GLOBAL_UNIT_ASSIGNED_CONTEXT ( ( #1202, #5159, #11709 ) ) REPRESENTATION_CONTEXT ( 'NONE', 'WORKASPACE' ) );
#2256 = PRESENTATION_STYLE_ASSIGNMENT (( #4359 ) ) ;
#2257 = EDGE_LOOP ( 'NONE', ( #7875, #3747, #2, #8690 ) ) ;
#2258 = PRESENTATION_LAYER_ASSIGNMENT (  '', '', ( #3516 ) ) ;
#2259 = CARTESIAN_POINT ( 'NONE',  ( 15.75000000000000000, -3.399999999999999911, -0.2499999999999997780 ) ) ;
#2260 = CARTESIAN_POINT ( 'NONE',  ( 0.2500000000000002220, 5.000000000000000888, -0.2499999999999997780 ) ) ;
#2261 = CARTESIAN_POINT ( 'NONE',  ( -1.180000000000000160, 2.250000000000000000, 1.700000000000000178 ) ) ;
#2262 =( LENGTH_UNIT ( ) NAMED_UNIT ( * ) SI_UNIT ( .MILLI., .METRE. ) );
#2263 = COLOUR_RGB ( '',1.000000000000000000, 0.8117647058823529438, 0.5019607843137254832 ) ;
#2264 = CARTESIAN_POINT ( 'NONE',  ( 1.749999999999999778, -3.399999999999999911, -0.2499999999999997780 ) ) ;
#2265 = MECHANICAL_DESIGN_GEOMETRIC_PRESENTATION_REPRESENTATION (  '', ( #11663 ), #8630 ) ;
#2266 = ORIENTED_EDGE ( 'NONE', *, *, #6216, .F. ) ;
#2267 = VECTOR ( 'NONE', #11872, 1000.000000000000000 ) ;
#2268 = FACE_OUTER_BOUND ( 'NONE', #8091, .T. ) ;
#2269 = VECTOR ( 'NONE', #10348, 1000.000000000000114 ) ;
#2270 = CARTESIAN_POINT ( 'NONE',  ( 0.7500000000000002220, 3.399999999999999467, -2.050000000000001599 ) ) ;
#2271 = SURFACE_STYLE_FILL_AREA ( #3244 ) ;
#2272 = EDGE_CURVE ( 'NONE', #4535, #6868, #11853, .T. ) ;
#2273 = PRESENTATION_STYLE_ASSIGNMENT (( #7251 ) ) ;
#2274 = ADVANCED_FACE ( 'NONE', ( #7883 ), #11792, .F. ) ;
#2275 = ORIENTED_EDGE ( 'NONE', *, *, #10430, .T. ) ;
#2276 = VECTOR ( 'NONE', #6495, 1000.000000000000114 ) ;
#2277 = DIRECTION ( 'NONE',  ( 0.0000000000000000000, 1.000000000000000000, -5.782411586589358625E-16 ) ) ;
#2278 = VECTOR ( 'NONE', #12593, 1000.000000000000000 ) ;
#2279 = EDGE_LOOP ( 'NONE', ( #6285, #3177, #1524, #8911, #8067, #8662, #2936, #12538, #11237, #12346, #6547, #10134, #2593, #2628 ) ) ;
#2280 = VERTEX_POINT ( 'NONE', #7055 ) ;
#2281 = FACE_OUTER_BOUND ( 'NONE', #11915, .T. ) ;
#2282 = DIRECTION ( 'NONE',  ( -0.0000000000000000000, 1.000000000000000000, -0.0000000000000000000 ) ) ;
#2283 =( LENGTH_UNIT ( ) NAMED_UNIT ( * ) SI_UNIT ( .MILLI., .METRE. ) );
#2284 = SURFACE_SIDE_STYLE ('',( #11049 ) ) ;
#2285 = COLOUR_RGB ( '',1.000000000000000000, 0.8117647058823529438, 0.5019607843137254832 ) ;
#2286 = VECTOR ( 'NONE', #3025, 1000.000000000000000 ) ;
#2287 = PRESENTATION_LAYER_ASSIGNMENT (  '', '', ( #7844 ) ) ;
#2288 = VERTEX_POINT ( 'NONE', #528 ) ;
#2289 =( GEOMETRIC_REPRESENTATION_CONTEXT ( 3 ) GLOBAL_UNCERTAINTY_ASSIGNED_CONTEXT ( ( #11675 ) ) GLOBAL_UNIT_ASSIGNED_CONTEXT ( ( #8696, #47, #9657 ) ) REPRESENTATION_CONTEXT ( 'NONE', 'WORKASPACE' ) );
#2290 = AXIS2_PLACEMENT_3D ( 'NONE', #12561, #2791, #2730 ) ;
#2291 = STYLED_ITEM ( 'NONE', ( #12115 ), #3381 ) ;
#2292 = LINE ( 'NONE', #12179, #5907 ) ;
#2293 = SURFACE_SIDE_STYLE ('',( #7189 ) ) ;
#2294 = ORIENTED_EDGE ( 'NONE', *, *, #12350, .F. ) ;
#2295 = ADVANCED_FACE ( 'NONE', ( #3316 ), #4305, .F. ) ;
#2296 = STYLED_ITEM ( 'NONE', ( #8216 ), #11946 ) ;
#2297 = FACE_OUTER_BOUND ( 'NONE', #9665, .T. ) ;
#2298 = SURFACE_STYLE_FILL_AREA ( #6487 ) ;
#2299 = FILL_AREA_STYLE_COLOUR ( '', #6582 ) ;
#2300 = COLOUR_RGB ( '',1.000000000000000000, 0.8117647058823529438, 0.5019607843137254832 ) ;
#2301 = ORIENTED_EDGE ( 'NONE', *, *, #3923, .F. ) ;
#2302 = LINE ( 'NONE', #6246, #1924 ) ;
#2303 = LINE ( 'NONE', #1325, #3927 ) ;
#2304 = FILL_AREA_STYLE ('',( #4403 ) ) ;
#2305 = VECTOR ( 'NONE', #10418, 1000.000000000000000 ) ;
#2306 = STYLED_ITEM ( 'NONE', ( #2003 ), #1551 ) ;
#2307 = LINE ( 'NONE', #10999, #7416 ) ;
#2308 = CARTESIAN_POINT ( 'NONE',  ( 5.299999999999998934, 0.2000000000000000389, -0.2499999999999997780 ) ) ;
#2309 = LINE ( 'NONE', #1083, #4520 ) ;
#2310 = CARTESIAN_POINT ( 'NONE',  ( 15.84999999999999964, -3.399999999999999911, -2.800000000000001155 ) ) ;
#2311 = COLOUR_RGB ( '',1.000000000000000000, 0.8117647058823529438, 0.5019607843137254832 ) ;
#2312 = SURFACE_STYLE_FILL_AREA ( #6179 ) ;
#2313 = VERTEX_POINT ( 'NONE', #4491 ) ;
#2314 = VERTEX_POINT ( 'NONE', #7366 ) ;
#2315 = ORIENTED_EDGE ( 'NONE', *, *, #8305, .F. ) ;
#2316 = EDGE_CURVE ( 'NONE', #8711, #10558, #11107, .T. ) ;
#2317 = UNCERTAINTY_MEASURE_WITH_UNIT (LENGTH_MEASURE( 1.000000000000000082E-05 ), #12607, 'distance_accuracy_value', 'NONE');
#2318 = EDGE_CURVE ( 'NONE', #8870, #11044, #12227, .T. ) ;
#2319 = SURFACE_STYLE_USAGE ( .BOTH. , #8155 ) ;
#2320 = CARTESIAN_POINT ( 'NONE',  ( -1.950000000000000178, -3.399999999999999911, -0.1500000000000038525 ) ) ;
#2321 = ORIENTED_EDGE ( 'NONE', *, *, #6348, .T. ) ;
#2322 = DIRECTION ( 'NONE',  ( 3.872150616019660190E-17, 1.000000000000000000, -0.0000000000000000000 ) ) ;
#2323 = DIRECTION ( 'NONE',  ( 1.000000000000000000, -3.872150616019660190E-17, -4.336808689942017736E-16 ) ) ;
#2324 = ORIENTED_EDGE ( 'NONE', *, *, #5834, .T. ) ;
#2325 = EDGE_CURVE ( 'NONE', #6998, #2599, #8364, .T. ) ;
#2326 = FACE_OUTER_BOUND ( 'NONE', #5104, .T. ) ;
#2327 =( NAMED_UNIT ( * ) PLANE_ANGLE_UNIT ( ) SI_UNIT ( $, .RADIAN. ) );
#2328 = CARTESIAN_POINT ( 'NONE',  ( 6.249999999999998224, -3.399999999999999911, -0.2499999999999997780 ) ) ;
#2329 = PLANE ( 'NONE',  #8838 ) ;
#2330 = CARTESIAN_POINT ( 'NONE',  ( 17.94999999999999574, 0.8200000000000045031, 1.700000000000000178 ) ) ;
#2331 = SURFACE_SIDE_STYLE ('',( #11022 ) ) ;
#2332 = VERTEX_POINT ( 'NONE', #10174 ) ;
#2333 = CARTESIAN_POINT ( 'NONE',  ( 8.250000000000000000, 0.2000000000000000111, -2.800000000000000266 ) ) ;
#2334 = DIRECTION ( 'NONE',  ( 1.000000000000000000, 0.0000000000000000000, -0.0000000000000000000 ) ) ;
#2335 = SURFACE_STYLE_FILL_AREA ( #5252 ) ;
#2336 = CYLINDRICAL_SURFACE ( 'NONE', #1866, 0.05000000000000019013 ) ;
#2337 = EDGE_CURVE ( 'NONE', #2950, #10183, #7177, .T. ) ;
#2338 = CARTESIAN_POINT ( 'NONE',  ( 5.849999999999997868, -3.399999999999999911, -2.800000000000001155 ) ) ;
#2339 = ORIENTED_EDGE ( 'NONE', *, *, #5110, .F. ) ;
#2340 = PRESENTATION_LAYER_ASSIGNMENT (  '', '', ( #293 ) ) ;
#2341 = FACE_OUTER_BOUND ( 'NONE', #2164, .T. ) ;
#2342 = UNCERTAINTY_MEASURE_WITH_UNIT (LENGTH_MEASURE( 1.000000000000000082E-05 ), #7182, 'distance_accuracy_value', 'NONE');
#2343 = PRESENTATION_STYLE_ASSIGNMENT (( #11106 ) ) ;
#2344 = UNCERTAINTY_MEASURE_WITH_UNIT (LENGTH_MEASURE( 1.000000000000000082E-05 ), #10145, 'distance_accuracy_value', 'NONE');
#2345 =( NAMED_UNIT ( * ) PLANE_ANGLE_UNIT ( ) SI_UNIT ( $, .RADIAN. ) );
#2346 = FILL_AREA_STYLE_COLOUR ( '', #805 ) ;
#2347 = LINE ( 'NONE', #7254, #12301 ) ;
#2348 = CARTESIAN_POINT ( 'NONE',  ( -1.350000000000000089, 4.500000000000000888, -0.6799999999999991607 ) ) ;
#2349 = ORIENTED_EDGE ( 'NONE', *, *, #2240, .F. ) ;
#2350 = DIRECTION ( 'NONE',  ( -3.833233541708420554E-17, -0.7071067811865447972, 0.7071067811865502373 ) ) ;
#2351 = SURFACE_STYLE_FILL_AREA ( #4314 ) ;
#2353 = ORIENTED_EDGE ( 'NONE', *, *, #6408, .F. ) ;
#2352 = EDGE_LOOP ( 'NONE', ( #10454, #8531, #2665, #1874 ) ) ;
#2354 = EDGE_CURVE ( 'NONE', #5154, #10083, #11230, .T. ) ;
#2355 = EDGE_CURVE ( 'NONE', #5019, #3804, #8253, .T. ) ;
#2356 = UNCERTAINTY_MEASURE_WITH_UNIT (LENGTH_MEASURE( 1.000000000000000082E-05 ), #6968, 'distance_accuracy_value', 'NONE');
#2357 = ADVANCED_FACE ( 'NONE', ( #11972 ), #4377, .F. ) ;
#2358 = CARTESIAN_POINT ( 'NONE',  ( 1.849999999999996092, -3.399999999999999911, -0.1500000000000038525 ) ) ;
#2359 = ORIENTED_EDGE ( 'NONE', *, *, #7801, .T. ) ;
#2360 = SURFACE_SIDE_STYLE ('',( #7328 ) ) ;
#2361 = FILL_AREA_STYLE ('',( #11122 ) ) ;
#2362 = SURFACE_SIDE_STYLE ('',( #6548 ) ) ;
#2363 =( NAMED_UNIT ( * ) SI_UNIT ( $, .STERADIAN. ) SOLID_ANGLE_UNIT ( ) );
#2364 = DIRECTION ( 'NONE',  ( -0.0000000000000000000, -1.000000000000000000, -0.0000000000000000000 ) ) ;
#2365 = EDGE_CURVE ( 'NONE', #9912, #136, #11484, .T. ) ;
#2366 = FILL_AREA_STYLE_COLOUR ( '', #6227 ) ;
#2367 = CARTESIAN_POINT ( 'NONE',  ( 16.21999999999999531, 4.230000000000001315, 1.700000000000000178 ) ) ;
#2368 = CARTESIAN_POINT ( 'NONE',  ( 17.94999999999999574, 4.500000000000000888, -0.6799999999999974953 ) ) ;
#2369 = PLANE ( 'NONE',  #5336 ) ;
#2370 = VECTOR ( 'NONE', #3406, 1000.000000000000114 ) ;
#2371 = FACE_OUTER_BOUND ( 'NONE', #8759, .T. ) ;
#2372 = DIRECTION ( 'NONE',  ( 1.000000000000000000, 1.927470528863119542E-16, -0.0000000000000000000 ) ) ;
#2373 = EDGE_CURVE ( 'NONE', #7461, #5827, #6476, .T. ) ;
#2374 = ORIENTED_EDGE ( 'NONE', *, *, #9111, .T. ) ;
#2375 = CARTESIAN_POINT ( 'NONE',  ( 12.75000000000000178, 3.149999999999999467, -2.050000000000002043 ) ) ;
#2377 = MECHANICAL_DESIGN_GEOMETRIC_PRESENTATION_REPRESENTATION (  '', ( #4696 ), #10171 ) ;
#2376 = SURFACE_SIDE_STYLE ('',( #1465 ) ) ;
#2378 =( GEOMETRIC_REPRESENTATION_CONTEXT ( 3 ) GLOBAL_UNCERTAINTY_ASSIGNED_CONTEXT ( ( #6516 ) ) GLOBAL_UNIT_ASSIGNED_CONTEXT ( ( #4956, #10053, #8897 ) ) REPRESENTATION_CONTEXT ( 'NONE', 'WORKASPACE' ) );
#2379 = DIRECTION ( 'NONE',  ( -0.0000000000000000000, -0.0000000000000000000, -1.000000000000000000 ) ) ;
#2380 = ADVANCED_FACE ( 'NONE', ( #1822 ), #6730, .F. ) ;
#2381 =( NAMED_UNIT ( * ) PLANE_ANGLE_UNIT ( ) SI_UNIT ( $, .RADIAN. ) );
#2382 = CARTESIAN_POINT ( 'NONE',  ( 16.15000000000000213, -3.399999999999999911, -0.1500000000000003830 ) ) ;
#2383 = SURFACE_STYLE_FILL_AREA ( #6325 ) ;
#2384 = CIRCLE ( 'NONE', #8743, 0.05000000000000019013 ) ;
#2385 =( NAMED_UNIT ( * ) SI_UNIT ( $, .STERADIAN. ) SOLID_ANGLE_UNIT ( ) );
#2386 = DIRECTION ( 'NONE',  ( -3.833233541708432880E-17, -0.7071067811865471286, 0.7071067811865479058 ) ) ;
#2387 = CARTESIAN_POINT ( 'NONE',  ( 15.75000000000000000, 0.2000000000000000944, 0.2500000000000002220 ) ) ;
#2388 = SURFACE_STYLE_FILL_AREA ( #2455 ) ;
#2389 = ADVANCED_FACE ( 'NONE', ( #591 ), #5504, .F. ) ;
#2390 = CARTESIAN_POINT ( 'NONE',  ( 6.249999999999998224, -3.300000000000000266, -0.2499999999999997780 ) ) ;
#2391 = LINE ( 'NONE', #6331, #4524 ) ;
#2392 =( NAMED_UNIT ( * ) SI_UNIT ( $, .STERADIAN. ) SOLID_ANGLE_UNIT ( ) );
#2393 = ORIENTED_EDGE ( 'NONE', *, *, #8014, .F. ) ;
#2394 = LINE ( 'NONE', #11224, #3729 ) ;
#2395 = EDGE_LOOP ( 'NONE', ( #3232, #9744, #4526, #5479 ) ) ;
#2396 = DIRECTION ( 'NONE',  ( 0.0000000000000000000, 0.0000000000000000000, -1.000000000000000000 ) ) ;
#2397 = CARTESIAN_POINT ( 'NONE',  ( 15.75000000000000000, -3.399999999999999911, 0.2500000000000002220 ) ) ;
#2398 = PRESENTATION_STYLE_ASSIGNMENT (( #2132 ) ) ;
#2399 = DIRECTION ( 'NONE',  ( 1.000000000000000000, 1.927470528863119542E-16, -0.0000000000000000000 ) ) ;
#2400 =( NAMED_UNIT ( * ) SI_UNIT ( $, .STERADIAN. ) SOLID_ANGLE_UNIT ( ) );
#2401 = SURFACE_SIDE_STYLE ('',( #11166 ) ) ;
#2402 = FACE_OUTER_BOUND ( 'NONE', #9361, .T. ) ;
#2403 = ORIENTED_EDGE ( 'NONE', *, *, #11026, .T. ) ;
#2404 =( LENGTH_UNIT ( ) NAMED_UNIT ( * ) SI_UNIT ( .MILLI., .METRE. ) );
#2405 = DIRECTION ( 'NONE',  ( -0.0000000000000000000, -0.0000000000000000000, -1.000000000000000000 ) ) ;
#2406 = SURFACE_STYLE_USAGE ( .BOTH. , #2199 ) ;
#2407 = ORIENTED_EDGE ( 'NONE', *, *, #1355, .T. ) ;
#2408 = VERTEX_POINT ( 'NONE', #4632 ) ;
#2409 = VERTEX_POINT ( 'NONE', #2653 ) ;
#2410 = SURFACE_SIDE_STYLE ('',( #7188 ) ) ;
#2411 = DIRECTION ( 'NONE',  ( -0.0000000000000000000, -0.0000000000000000000, 1.000000000000000000 ) ) ;
#2412 = ORIENTED_EDGE ( 'NONE', *, *, #2755, .T. ) ;
#2413 = EDGE_CURVE ( 'NONE', #2761, #7718, #11415, .T. ) ;
#2414 = MECHANICAL_DESIGN_GEOMETRIC_PRESENTATION_REPRESENTATION (  '', ( #5927 ), #3684 ) ;
#2415 =( NAMED_UNIT ( * ) SI_UNIT ( $, .STERADIAN. ) SOLID_ANGLE_UNIT ( ) );
#2416 = ORIENTED_EDGE ( 'NONE', *, *, #8010, .F. ) ;
#2417 = VERTEX_POINT ( 'NONE', #9586 ) ;
#2418 = PLANE ( 'NONE',  #9383 ) ;
#2419 = VECTOR ( 'NONE', #9049, 1000.000000000000000 ) ;
#2420 = CARTESIAN_POINT ( 'NONE',  ( 8.699999999999999289, 0.1999999999999999833, 1.700000000000000178 ) ) ;
#2421 = STYLED_ITEM ( 'NONE', ( #4609 ), #6697 ) ;
#2422 = COLOUR_RGB ( '',1.000000000000000000, 1.000000000000000000, 1.000000000000000000 ) ;
#2423 = CARTESIAN_POINT ( 'NONE',  ( 2.750000000000000444, 1.149999999999999911, -2.350000000000001421 ) ) ;
#2424 = VERTEX_POINT ( 'NONE', #3792 ) ;
#2425 = DIRECTION ( 'NONE',  ( 0.0000000000000000000, -1.000000000000000000, 0.0000000000000000000 ) ) ;
#2426 = CARTESIAN_POINT ( 'NONE',  ( -1.949999999999999956, 1.800000000000000044, -0.2499999999999997780 ) ) ;
#2427 = DIRECTION ( 'NONE',  ( -1.000000000000000000, 5.421010862427522170E-17, 0.0000000000000000000 ) ) ;
#2428 = AXIS2_PLACEMENT_3D ( 'NONE', #3983, #1094, #1989 ) ;
#2429 = EDGE_CURVE ( 'NONE', #5468, #7519, #2786, .T. ) ;
#2430 = MECHANICAL_DESIGN_GEOMETRIC_PRESENTATION_REPRESENTATION (  '', ( #6356 ), #571 ) ;
#2431 = STYLED_ITEM ( 'NONE', ( #2398 ), #5436 ) ;
#2432 = EDGE_CURVE ( 'NONE', #5799, #6162, #11777, .T. ) ;
#2433 = ORIENTED_EDGE ( 'NONE', *, *, #2824, .F. ) ;
#2434 = VECTOR ( 'NONE', #4846, 1000.000000000000000 ) ;
#2435 = FILL_AREA_STYLE ('',( #1587 ) ) ;
#2436 = SURFACE_SIDE_STYLE ('',( #11280 ) ) ;
#2437 = EDGE_LOOP ( 'NONE', ( #2412, #2666, #9539, #2957, #8667, #11087, #10427, #11744, #9922, #12466 ) ) ;
#2438 = VECTOR ( 'NONE', #9977, 1000.000000000000000 ) ;
#2439 = ORIENTED_EDGE ( 'NONE', *, *, #6961, .F. ) ;
#2440 = PRESENTATION_LAYER_ASSIGNMENT (  '', '', ( #8991 ) ) ;
#2441 = FACE_OUTER_BOUND ( 'NONE', #7511, .T. ) ;
#2442 = SURFACE_STYLE_USAGE ( .BOTH. , #3431 ) ;
#2443 = EDGE_CURVE ( 'NONE', #8811, #12268, #10657, .T. ) ;
#2444 = DIRECTION ( 'NONE',  ( 1.000000000000000000, -5.421010862427522170E-17, 0.0000000000000000000 ) ) ;
#2445 = AXIS2_PLACEMENT_3D ( 'NONE', #5222, #7961, #11817 ) ;
#2446 = FILL_AREA_STYLE ('',( #11149 ) ) ;
#2447 =( NAMED_UNIT ( * ) SI_UNIT ( $, .STERADIAN. ) SOLID_ANGLE_UNIT ( ) );
#2448 =( NAMED_UNIT ( * ) PLANE_ANGLE_UNIT ( ) SI_UNIT ( $, .RADIAN. ) );
#2449 = FILL_AREA_STYLE_COLOUR ( '', #3959 ) ;
#2450 = EDGE_CURVE ( 'NONE', #903, #8082, #4169, .T. ) ;
#2451 = DIRECTION ( 'NONE',  ( 3.872150616019660190E-17, 1.000000000000000000, -0.0000000000000000000 ) ) ;
#2452 = VECTOR ( 'NONE', #11716, 1000.000000000000000 ) ;
#2453 = CARTESIAN_POINT ( 'NONE',  ( 14.69999999999999751, 0.1999999999999999833, -2.800000000000000266 ) ) ;
#2454 = EDGE_LOOP ( 'NONE', ( #5779, #2069, #534, #1911 ) ) ;
#2455 = FILL_AREA_STYLE ('',( #5439 ) ) ;
#2456 = DIRECTION ( 'NONE',  ( -0.7071067811865489050, -0.7071067811865462405, 3.066586833366754193E-16 ) ) ;
#2457 = FILL_AREA_STYLE ('',( #10541 ) ) ;
#2458 = MECHANICAL_DESIGN_GEOMETRIC_PRESENTATION_REPRESENTATION (  '', ( #7006 ), #413 ) ;
#2459 = PLANE ( 'NONE',  #9042 ) ;
#2460 = MECHANICAL_DESIGN_GEOMETRIC_PRESENTATION_REPRESENTATION (  '', ( #5353 ), #1620 ) ;
#2461 =( NAMED_UNIT ( * ) SI_UNIT ( $, .STERADIAN. ) SOLID_ANGLE_UNIT ( ) );
#2462 = ORIENTED_EDGE ( 'NONE', *, *, #2744, .T. ) ;
#2463 = LINE ( 'NONE', #6412, #4171 ) ;
#2464 =( GEOMETRIC_REPRESENTATION_CONTEXT ( 3 ) GLOBAL_UNCERTAINTY_ASSIGNED_CONTEXT ( ( #129 ) ) GLOBAL_UNIT_ASSIGNED_CONTEXT ( ( #4613, #702, #5542 ) ) REPRESENTATION_CONTEXT ( 'NONE', 'WORKASPACE' ) );
#2465 = UNCERTAINTY_MEASURE_WITH_UNIT (LENGTH_MEASURE( 1.000000000000000082E-05 ), #8153, 'distance_accuracy_value', 'NONE');
#2466 = DIRECTION ( 'NONE',  ( 1.000000000000000000, 0.0000000000000000000, 0.0000000000000000000 ) ) ;
#2467 = SURFACE_SIDE_STYLE ('',( #11413 ) ) ;
#2468 =( LENGTH_UNIT ( ) NAMED_UNIT ( * ) SI_UNIT ( .MILLI., .METRE. ) );
#2469 = DIRECTION ( 'NONE',  ( -4.336808689942017736E-16, 0.0000000000000000000, -1.000000000000000000 ) ) ;
#2470 = DIRECTION ( 'NONE',  ( -0.0000000000000000000, 1.000000000000000000, -0.0000000000000000000 ) ) ;
#2471 = COLOUR_RGB ( '',1.000000000000000000, 1.000000000000000000, 1.000000000000000000 ) ;
#2472 =( NAMED_UNIT ( * ) PLANE_ANGLE_UNIT ( ) SI_UNIT ( $, .RADIAN. ) );
#2473 = PRESENTATION_LAYER_ASSIGNMENT (  '', '', ( #8015 ) ) ;
#2474 = ORIENTED_EDGE ( 'NONE', *, *, #3810, .T. ) ;
#2475 =( NAMED_UNIT ( * ) PLANE_ANGLE_UNIT ( ) SI_UNIT ( $, .RADIAN. ) );
#2476 = PRESENTATION_LAYER_ASSIGNMENT (  '', '', ( #12484 ) ) ;
#2477 = ORIENTED_EDGE ( 'NONE', *, *, #5597, .T. ) ;
#2478 = STYLED_ITEM ( 'NONE', ( #7106 ), #10314 ) ;
#2479 = UNCERTAINTY_MEASURE_WITH_UNIT (LENGTH_MEASURE( 1.000000000000000082E-05 ), #1658, 'distance_accuracy_value', 'NONE');
#2480 = PRESENTATION_LAYER_ASSIGNMENT (  '', '', ( #11851 ) ) ;
#2481 = PRESENTATION_LAYER_ASSIGNMENT (  '', '', ( #840 ) ) ;
#2482 = VECTOR ( 'NONE', #2501, 1000.000000000000000 ) ;
#2483 = DIRECTION ( 'NONE',  ( 9.103382349328301547E-49, 2.350988701644575016E-32, 1.000000000000000000 ) ) ;
#2484 = CARTESIAN_POINT ( 'NONE',  ( -1.949999999999999956, 1.800000000000000044, -0.2499999999999997780 ) ) ;
#2485 = STYLED_ITEM ( 'NONE', ( #4091 ), #3884 ) ;
#2486 = STYLED_ITEM ( 'NONE', ( #11156 ), #10349 ) ;
#2487 =( GEOMETRIC_REPRESENTATION_CONTEXT ( 3 ) GLOBAL_UNCERTAINTY_ASSIGNED_CONTEXT ( ( #2821 ) ) GLOBAL_UNIT_ASSIGNED_CONTEXT ( ( #4489, #5316, #8436 ) ) REPRESENTATION_CONTEXT ( 'NONE', 'WORKASPACE' ) );
#2488 = SURFACE_STYLE_USAGE ( .BOTH. , #7386 ) ;
#2489 = FILL_AREA_STYLE ('',( #11322 ) ) ;
#2490 = VECTOR ( 'NONE', #3827, 1000.000000000000114 ) ;
#2491 = CARTESIAN_POINT ( 'NONE',  ( 14.05000000000000071, 5.100000000000001421, -0.1500000000000003830 ) ) ;
#2492 = ORIENTED_EDGE ( 'NONE', *, *, #12588, .F. ) ;
#2493 = FILL_AREA_STYLE ('',( #489 ) ) ;
#2494 = VECTOR ( 'NONE', #11603, 1000.000000000000000 ) ;
#2495 = FILL_AREA_STYLE ('',( #2366 ) ) ;
#2496 = STYLED_ITEM ( 'NONE', ( #10335 ), #4769 ) ;
#2497 = EDGE_CURVE ( 'NONE', #2598, #3449, #149, .T. ) ;
#2498 = ORIENTED_EDGE ( 'NONE', *, *, #2325, .F. ) ;
#2499 = VERTEX_POINT ( 'NONE', #10763 ) ;
#2500 =( LENGTH_UNIT ( ) NAMED_UNIT ( * ) SI_UNIT ( .MILLI., .METRE. ) );
#2501 = DIRECTION ( 'NONE',  ( -0.0000000000000000000, -0.0000000000000000000, -1.000000000000000000 ) ) ;
#2502 =( NAMED_UNIT ( * ) PLANE_ANGLE_UNIT ( ) SI_UNIT ( $, .RADIAN. ) );
#2503 = ORIENTED_EDGE ( 'NONE', *, *, #9500, .T. ) ;
#2504 = AXIS2_PLACEMENT_3D ( 'NONE', #4041, #1226, #1153 ) ;
#2505 = VECTOR ( 'NONE', #11127, 1000.000000000000000 ) ;
#2506 = FACE_OUTER_BOUND ( 'NONE', #2163, .T. ) ;
#2507 = ORIENTED_EDGE ( 'NONE', *, *, #4900, .F. ) ;
#2508 = CARTESIAN_POINT ( 'NONE',  ( 17.95099999999999696, 6.000000000000000000, 0.3199999999999999512 ) ) ;
#2509 = CARTESIAN_POINT ( 'NONE',  ( 15.30000000000000071, 0.2000000000000000389, 1.700000000000000178 ) ) ;
#2510 = DIRECTION ( 'NONE',  ( 0.5773502691896239547, -0.5773502691896289507, -0.5773502691896243988 ) ) ;
#2511 =( LENGTH_UNIT ( ) NAMED_UNIT ( * ) SI_UNIT ( .MILLI., .METRE. ) );
#2512 = EDGE_CURVE ( 'NONE', #11577, #9591, #1892, .T. ) ;
#2513 = ORIENTED_EDGE ( 'NONE', *, *, #8562, .F. ) ;
#2514 = EDGE_CURVE ( 'NONE', #136, #11024, #4927, .T. ) ;
#2515 = LINE ( 'NONE', #4283, #7438 ) ;
#2516 = DIRECTION ( 'NONE',  ( 3.872150616019660190E-17, 1.000000000000000000, -0.0000000000000000000 ) ) ;
#2517 = DIRECTION ( 'NONE',  ( -1.000000000000000000, 5.421010862427522170E-17, 0.0000000000000000000 ) ) ;
#2518 = EDGE_LOOP ( 'NONE', ( #1428, #457, #2474, #8899 ) ) ;
#2519 = ORIENTED_EDGE ( 'NONE', *, *, #11042, .T. ) ;
#2520 =( LENGTH_UNIT ( ) NAMED_UNIT ( * ) SI_UNIT ( .MILLI., .METRE. ) );
#2521 = LINE ( 'NONE', #8347, #6200 ) ;
#2522 = SURFACE_SIDE_STYLE ('',( #514 ) ) ;
#2523 = SURFACE_STYLE_FILL_AREA ( #6511 ) ;
#2524 = ORIENTED_EDGE ( 'NONE', *, *, #11790, .T. ) ;
#2525 = CARTESIAN_POINT ( 'NONE',  ( 10.24999999999999822, -3.300000000000000266, -0.2499999999999997780 ) ) ;
#2526 = ORIENTED_EDGE ( 'NONE', *, *, #8066, .F. ) ;
#2527 = DIRECTION ( 'NONE',  ( -9.103382349328301547E-49, -2.350988701644575016E-32, -1.000000000000000000 ) ) ;
#2528 = CARTESIAN_POINT ( 'NONE',  ( -0.7000000000000005107, 0.0000000000000000000, -2.800000000000000266 ) ) ;
#2529 = EDGE_CURVE ( 'NONE', #4792, #6787, #964, .T. ) ;
#2530 = DIRECTION ( 'NONE',  ( 1.000000000000000000, 0.0000000000000000000, 0.0000000000000000000 ) ) ;
#2531 = SURFACE_STYLE_USAGE ( .BOTH. , #472 ) ;
#2532 = DIRECTION ( 'NONE',  ( 0.5773502691896288397, 0.5773502691896263972, -0.5773502691896219563 ) ) ;
#2533 = CARTESIAN_POINT ( 'NONE',  ( 3.750000000000000444, 5.000000000000000888, 0.2500000000000002220 ) ) ;
#2534 = ORIENTED_EDGE ( 'NONE', *, *, #11347, .F. ) ;
#2535 = STYLED_ITEM ( 'NONE', ( #9853 ), #1566 ) ;
#2536 = PRESENTATION_STYLE_ASSIGNMENT (( #4310 ) ) ;
#2537 = EDGE_LOOP ( 'NONE', ( #1311, #8193, #10520, #7128 ) ) ;
#2538 = ORIENTED_EDGE ( 'NONE', *, *, #12347, .F. ) ;
#2539 = SURFACE_STYLE_USAGE ( .BOTH. , #3520 ) ;
#2540 = ORIENTED_EDGE ( 'NONE', *, *, #7036, .T. ) ;
#2541 = MECHANICAL_DESIGN_GEOMETRIC_PRESENTATION_REPRESENTATION (  '', ( #9117 ), #6690 ) ;
#2542 = VERTEX_POINT ( 'NONE', #9775 ) ;
#2543 = PRESENTATION_LAYER_ASSIGNMENT (  '', '', ( #483 ) ) ;
#2544 =( NAMED_UNIT ( * ) PLANE_ANGLE_UNIT ( ) SI_UNIT ( $, .RADIAN. ) );
#2545 = SURFACE_STYLE_USAGE ( .BOTH. , #1506 ) ;
#2546 = CARTESIAN_POINT ( 'NONE',  ( 13.74999999999999822, 1.800000000000000044, -0.2499999999999997780 ) ) ;
#2547 = PRESENTATION_STYLE_ASSIGNMENT (( #5470 ) ) ;
#2548 = DIRECTION ( 'NONE',  ( -1.000000000000000000, 5.421010862427522170E-17, 0.0000000000000000000 ) ) ;
#2549 = DIRECTION ( 'NONE',  ( 0.0000000000000000000, 1.000000000000000000, 0.0000000000000000000 ) ) ;
#2550 =( NAMED_UNIT ( * ) PLANE_ANGLE_UNIT ( ) SI_UNIT ( $, .RADIAN. ) );
#2551 = DIRECTION ( 'NONE',  ( -9.103382349328301547E-49, -2.350988701644575016E-32, -1.000000000000000000 ) ) ;
#2552 = DIRECTION ( 'NONE',  ( 0.0000000000000000000, -0.0000000000000000000, -1.000000000000000000 ) ) ;
#2553 = CARTESIAN_POINT ( 'NONE',  ( 6.083333333333333037, 5.166666666666668739, -0.08333333333333370341 ) ) ;
#2554 = FILL_AREA_STYLE_COLOUR ( '', #375 ) ;
#2555 = VERTEX_POINT ( 'NONE', #8746 ) ;
#2556 = ORIENTED_EDGE ( 'NONE', *, *, #934, .T. ) ;
#2557 = PLANE ( 'NONE',  #10867 ) ;
#2558 =( GEOMETRIC_REPRESENTATION_CONTEXT ( 3 ) GLOBAL_UNCERTAINTY_ASSIGNED_CONTEXT ( ( #3701 ) ) GLOBAL_UNIT_ASSIGNED_CONTEXT ( ( #7506, #526, #5448 ) ) REPRESENTATION_CONTEXT ( 'NONE', 'WORKASPACE' ) );
#2559 = VECTOR ( 'NONE', #7775, 1000.000000000000000 ) ;
#2560 = ORIENTED_EDGE ( 'NONE', *, *, #11682, .T. ) ;
#2561 = VERTEX_POINT ( 'NONE', #10898 ) ;
#2562 = CARTESIAN_POINT ( 'NONE',  ( 9.750000000000000000, -3.399999999999999911, 0.2500000000000002220 ) ) ;
#2563 = CARTESIAN_POINT ( 'NONE',  ( -1.350000000000000089, 4.500000000000000888, 0.3199999999999999512 ) ) ;
#2564 =( NAMED_UNIT ( * ) SI_UNIT ( $, .STERADIAN. ) SOLID_ANGLE_UNIT ( ) );
#2565 = SURFACE_STYLE_FILL_AREA ( #2435 ) ;
#2566 = UNCERTAINTY_MEASURE_WITH_UNIT (LENGTH_MEASURE( 1.000000000000000082E-05 ), #264, 'distance_accuracy_value', 'NONE');
#2567 = UNCERTAINTY_MEASURE_WITH_UNIT (LENGTH_MEASURE( 1.000000000000000082E-05 ), #5036, 'distance_accuracy_value', 'NONE');
#2568 = SURFACE_STYLE_USAGE ( .BOTH. , #647 ) ;
#2569 =( NAMED_UNIT ( * ) SI_UNIT ( $, .STERADIAN. ) SOLID_ANGLE_UNIT ( ) );
#2570 = LINE ( 'NONE', #7420, #10079 ) ;
#2571 = SURFACE_STYLE_FILL_AREA ( #12147 ) ;
#2572 = EDGE_CURVE ( 'NONE', #832, #6676, #5108, .T. ) ;
#2573 = DIRECTION ( 'NONE',  ( 4.336808689942017736E-16, 0.0000000000000000000, 1.000000000000000000 ) ) ;
#2574 = EDGE_CURVE ( 'NONE', #11024, #1416, #10716, .T. ) ;
#2575 = CARTESIAN_POINT ( 'NONE',  ( 1.249999999999998002, 3.400000000000000355, -2.350000000000001421 ) ) ;
#2576 = EDGE_CURVE ( 'NONE', #2999, #6665, #12614, .T. ) ;
#2577 = DIRECTION ( 'NONE',  ( 0.0000000000000000000, 0.0000000000000000000, -1.000000000000000000 ) ) ;
#2578 = DIRECTION ( 'NONE',  ( 0.0000000000000000000, 1.000000000000000000, 0.0000000000000000000 ) ) ;
#2579 = FILL_AREA_STYLE_COLOUR ( '', #1440 ) ;
#2580 = ORIENTED_EDGE ( 'NONE', *, *, #3155, .F. ) ;
#2581 = CARTESIAN_POINT ( 'NONE',  ( 8.250000000000000000, -3.300000000000000266, -0.2499999999999997780 ) ) ;
#2582 = PLANE ( 'NONE',  #1240 ) ;
#2583 = PRESENTATION_LAYER_ASSIGNMENT (  '', '', ( #7120 ) ) ;
#2584 =( LENGTH_UNIT ( ) NAMED_UNIT ( * ) SI_UNIT ( .MILLI., .METRE. ) );
#2585 = DIRECTION ( 'NONE',  ( -1.000000000000000000, 5.421010862427522170E-17, 0.0000000000000000000 ) ) ;
#2586 = DIRECTION ( 'NONE',  ( -9.103382349328301547E-49, -2.350988701644575016E-32, -1.000000000000000000 ) ) ;
#2587 =( NAMED_UNIT ( * ) PLANE_ANGLE_UNIT ( ) SI_UNIT ( $, .RADIAN. ) );
#2588 = ORIENTED_EDGE ( 'NONE', *, *, #6237, .T. ) ;
#2589 = CARTESIAN_POINT ( 'NONE',  ( 17.94999999999999574, 6.000000000000000000, 1.699999999999999289 ) ) ;
#2590 = ADVANCED_FACE ( 'NONE', ( #3895 ), #10827, .T. ) ;
#2591 = EDGE_CURVE ( 'NONE', #9334, #1660, #11724, .T. ) ;
#2592 =( LENGTH_UNIT ( ) NAMED_UNIT ( * ) SI_UNIT ( .MILLI., .METRE. ) );
#2593 = ORIENTED_EDGE ( 'NONE', *, *, #5784, .F. ) ;
#2594 = AXIS2_PLACEMENT_3D ( 'NONE', #3082, #7141, #7027 ) ;
#2595 = DIRECTION ( 'NONE',  ( 0.0000000000000000000, 1.000000000000000000, 0.0000000000000000000 ) ) ;
#2596 =( NAMED_UNIT ( * ) SI_UNIT ( $, .STERADIAN. ) SOLID_ANGLE_UNIT ( ) );
#2597 = ORIENTED_EDGE ( 'NONE', *, *, #4507, .F. ) ;
#2598 = VERTEX_POINT ( 'NONE', #2976 ) ;
#2599 = VERTEX_POINT ( 'NONE', #11839 ) ;
#2600 = UNCERTAINTY_MEASURE_WITH_UNIT (LENGTH_MEASURE( 1.000000000000000082E-05 ), #7122, 'distance_accuracy_value', 'NONE');
#2601 = SURFACE_STYLE_USAGE ( .BOTH. , #3593 ) ;
#2602 = ADVANCED_FACE ( 'NONE', ( #12092 ), #5433, .F. ) ;
#2603 = VERTEX_POINT ( 'NONE', #3369 ) ;
#2604 = VERTEX_POINT ( 'NONE', #3294 ) ;
#2605 = ORIENTED_EDGE ( 'NONE', *, *, #11349, .F. ) ;
#2606 = DIRECTION ( 'NONE',  ( 1.000000000000000000, 0.0000000000000000000, 0.0000000000000000000 ) ) ;
#2607 = CARTESIAN_POINT ( 'NONE',  ( 13.74999999999999822, -3.300000000000000266, -0.2499999999999997780 ) ) ;
#2608 = SURFACE_SIDE_STYLE ('',( #3603 ) ) ;
#2609 =( GEOMETRIC_REPRESENTATION_CONTEXT ( 3 ) GLOBAL_UNCERTAINTY_ASSIGNED_CONTEXT ( ( #6483 ) ) GLOBAL_UNIT_ASSIGNED_CONTEXT ( ( #758, #8670, #11573 ) ) REPRESENTATION_CONTEXT ( 'NONE', 'WORKASPACE' ) );
#2610 = EDGE_LOOP ( 'NONE', ( #338, #8829, #2183, #6762 ) ) ;
#2611 = DIRECTION ( 'NONE',  ( -1.000000000000000000, -1.961370764295385564E-16, 0.0000000000000000000 ) ) ;
#2612 =( LENGTH_UNIT ( ) NAMED_UNIT ( * ) SI_UNIT ( .MILLI., .METRE. ) );
#2613 = DIRECTION ( 'NONE',  ( 0.0000000000000000000, 1.000000000000000000, 0.0000000000000000000 ) ) ;
#2614 = FILL_AREA_STYLE_COLOUR ( '', #3981 ) ;
#2615 = UNCERTAINTY_MEASURE_WITH_UNIT (LENGTH_MEASURE( 1.000000000000000082E-05 ), #8581, 'distance_accuracy_value', 'NONE');
#2616 = COLOUR_RGB ( '',1.000000000000000000, 0.8117647058823529438, 0.5019607843137254832 ) ;
#2617 = VECTOR ( 'NONE', #10845, 1000.000000000000000 ) ;
#2618 =( LENGTH_UNIT ( ) NAMED_UNIT ( * ) SI_UNIT ( .MILLI., .METRE. ) );
#2619 = ORIENTED_EDGE ( 'NONE', *, *, #4506, .T. ) ;
#2620 = ORIENTED_EDGE ( 'NONE', *, *, #7147, .T. ) ;
#2621 = CARTESIAN_POINT ( 'NONE',  ( 16.67999999999999616, 6.000000000000000000, 1.599999999999999867 ) ) ;
#2622 = FILL_AREA_STYLE_COLOUR ( '', #8908 ) ;
#2623 = DIRECTION ( 'NONE',  ( 1.000000000000000000, -5.421010862427522170E-17, 0.0000000000000000000 ) ) ;
#2624 = CARTESIAN_POINT ( 'NONE',  ( 4.750000000000000888, 3.399999999999999467, -2.050000000000001599 ) ) ;
#2625 = DIRECTION ( 'NONE',  ( 0.0000000000000000000, -0.7071067811865451302, 0.7071067811865500152 ) ) ;
#2626 = AXIS2_PLACEMENT_3D ( 'NONE', #8960, #184, #4263 ) ;
#2627 = DIRECTION ( 'NONE',  ( 1.000000000000000000, -5.421010862427522170E-17, 0.0000000000000000000 ) ) ;
#2628 = ORIENTED_EDGE ( 'NONE', *, *, #598, .F. ) ;
#2629 = ORIENTED_EDGE ( 'NONE', *, *, #12575, .F. ) ;
#2630 = CARTESIAN_POINT ( 'NONE',  ( 0.05000000000000012768, 3.149999999999999023, -2.050000000000001599 ) ) ;
#2631 = AXIS2_PLACEMENT_3D ( 'NONE', #8913, #8150, #2110 ) ;
#2632 = CARTESIAN_POINT ( 'NONE',  ( 17.94999999999999574, 0.0000000000000000000, -2.800000000000000711 ) ) ;
#2633 = VECTOR ( 'NONE', #9924, 1000.000000000000000 ) ;
#2634 = VECTOR ( 'NONE', #6877, 1000.000000000000000 ) ;
#2635 = CARTESIAN_POINT ( 'NONE',  ( 0.6999999999999988454, 0.0000000000000000000, 1.700000000000000178 ) ) ;
#2636 = ORIENTED_EDGE ( 'NONE', *, *, #492, .T. ) ;
#2637 = ORIENTED_EDGE ( 'NONE', *, *, #4323, .F. ) ;
#2638 = CARTESIAN_POINT ( 'NONE',  ( 4.833333333333332149, -4.383333333333336412, -0.8333333333333343695 ) ) ;
#2639 = DIRECTION ( 'NONE',  ( -0.0000000000000000000, 1.000000000000000000, -0.0000000000000000000 ) ) ;
#2640 = VECTOR ( 'NONE', #11714, 1000.000000000000000 ) ;
#2641 = DIRECTION ( 'NONE',  ( -0.7071067811865457964, 0.7071067811865492381, 0.0000000000000000000 ) ) ;
#2642 = SURFACE_STYLE_USAGE ( .BOTH. , #2331 ) ;
#2643 = MECHANICAL_DESIGN_GEOMETRIC_PRESENTATION_REPRESENTATION (  '', ( #1825 ), #10812 ) ;
#2644 = VECTOR ( 'NONE', #1755, 1000.000000000000000 ) ;
#2645 = AXIS2_PLACEMENT_3D ( 'NONE', #12374, #1622, #10668 ) ;
#2646 = PRESENTATION_LAYER_ASSIGNMENT (  '', '', ( #9406 ) ) ;
#2647 = UNCERTAINTY_MEASURE_WITH_UNIT (LENGTH_MEASURE( 1.000000000000000082E-05 ), #11365, 'distance_accuracy_value', 'NONE');
#2648 = DIRECTION ( 'NONE',  ( -3.833233541708420554E-17, -0.7071067811865447972, -0.7071067811865502373 ) ) ;
#2649 = CARTESIAN_POINT ( 'NONE',  ( -1.949999999999999956, 0.0000000000000000000, 1.700000000000000178 ) ) ;
#2650 = CARTESIAN_POINT ( 'NONE',  ( 14.05000000000000071, -3.399999999999999911, -2.800000000000000266 ) ) ;
#2651 = EDGE_CURVE ( 'NONE', #4369, #6811, #1470, .T. ) ;
#2652 = FILL_AREA_STYLE_COLOUR ( '', #1521 ) ;
#2653 = CARTESIAN_POINT ( 'NONE',  ( 5.750000000000000000, 0.2000000000000000944, 0.2500000000000002220 ) ) ;
#2654 = CARTESIAN_POINT ( 'NONE',  ( 7.750000000000000000, 5.000000000000000888, 0.2500000000000002220 ) ) ;
#2655 = SURFACE_SIDE_STYLE ('',( #9389 ) ) ;
#2656 = AXIS2_PLACEMENT_3D ( 'NONE', #11599, #6790, #10715 ) ;
#2657 = ORIENTED_EDGE ( 'NONE', *, *, #7167, .F. ) ;
#2658 = VECTOR ( 'NONE', #1317, 1000.000000000000000 ) ;
#2659 =( NAMED_UNIT ( * ) SI_UNIT ( $, .STERADIAN. ) SOLID_ANGLE_UNIT ( ) );
#2660 = ORIENTED_EDGE ( 'NONE', *, *, #7730, .F. ) ;
#2661 = ORIENTED_EDGE ( 'NONE', *, *, #2139, .F. ) ;
#2662 = FILL_AREA_STYLE ('',( #11427 ) ) ;
#2663 = SURFACE_STYLE_FILL_AREA ( #4822 ) ;
#2664 = PLANE ( 'NONE',  #1456 ) ;
#2665 = ORIENTED_EDGE ( 'NONE', *, *, #9572, .T. ) ;
#2666 = ORIENTED_EDGE ( 'NONE', *, *, #4024, .T. ) ;
#2667 = ORIENTED_EDGE ( 'NONE', *, *, #26, .F. ) ;
#2668 = VECTOR ( 'NONE', #4218, 1000.000000000000227 ) ;
#2669 = EDGE_LOOP ( 'NONE', ( #9599, #10470, #3889, #1882 ) ) ;
#2670 = LINE ( 'NONE', #11431, #10264 ) ;
#2671 = EDGE_CURVE ( 'NONE', #907, #4935, #5370, .T. ) ;
#2672 = EDGE_CURVE ( 'NONE', #6718, #4148, #8114, .T. ) ;
#2673 = VECTOR ( 'NONE', #5140, 1000.000000000000000 ) ;
#2674 = VECTOR ( 'NONE', #12159, 1000.000000000000000 ) ;
#2675 = FACE_OUTER_BOUND ( 'NONE', #3150, .T. ) ;
#2676 = CARTESIAN_POINT ( 'NONE',  ( -1.350000000000000089, 1.149999999999999911, -2.350000000000001421 ) ) ;
#2677 = PRESENTATION_LAYER_ASSIGNMENT (  '', '', ( #8815 ) ) ;
#2678 = LINE ( 'NONE', #11503, #4101 ) ;
#2679 = VERTEX_POINT ( 'NONE', #12146 ) ;
#2680 = VERTEX_POINT ( 'NONE', #8290 ) ;
#2681 =( NAMED_UNIT ( * ) PLANE_ANGLE_UNIT ( ) SI_UNIT ( $, .RADIAN. ) );
#2682 = VECTOR ( 'NONE', #4220, 1000.000000000000000 ) ;
#2683 = PLANE ( 'NONE',  #1930 ) ;
#2684 = VECTOR ( 'NONE', #4646, 1000.000000000000000 ) ;
#2685 = COLOUR_RGB ( '',1.000000000000000000, 0.8117647058823529438, 0.5019607843137254832 ) ;
#2686 = CARTESIAN_POINT ( 'NONE',  ( 0.2500000000000002220, 5.000000000000000888, 0.2500000000000002220 ) ) ;
#2687 = PRESENTATION_LAYER_ASSIGNMENT (  '', '', ( #11056 ) ) ;
#2688 = AXIS2_PLACEMENT_3D ( 'NONE', #9913, #10772, #1998 ) ;
#2689 = EDGE_CURVE ( 'NONE', #9163, #76, #4289, .T. ) ;
#2690 =( LENGTH_UNIT ( ) NAMED_UNIT ( * ) SI_UNIT ( .MILLI., .METRE. ) );
#2691 = LINE ( 'NONE', #10446, #7931 ) ;
#2692 = PLANE ( 'NONE',  #10071 ) ;
#2693 = PRESENTATION_LAYER_ASSIGNMENT (  '', '', ( #11470 ) ) ;
#2694 = VECTOR ( 'NONE', #1888, 1000.000000000000000 ) ;
#2695 = VECTOR ( 'NONE', #12286, 1000.000000000000114 ) ;
#2696 = VECTOR ( 'NONE', #11358, 1000.000000000000000 ) ;
#2697 = VECTOR ( 'NONE', #10651, 1000.000000000000000 ) ;
#2698 = ORIENTED_EDGE ( 'NONE', *, *, #2671, .F. ) ;
#2699 = CARTESIAN_POINT ( 'NONE',  ( 2.250000000000000000, -3.300000000000000266, 0.2500000000000002220 ) ) ;
#2700 = SURFACE_SIDE_STYLE ('',( #7668 ) ) ;
#2701 = MECHANICAL_DESIGN_GEOMETRIC_PRESENTATION_REPRESENTATION (  '', ( #2496 ), #1042 ) ;
#2702 = CARTESIAN_POINT ( 'NONE',  ( 14.75000000000000000, 3.399999999999999467, -2.300000000000003375 ) ) ;
#2703 = DIRECTION ( 'NONE',  ( -3.872150616019660190E-17, -1.000000000000000000, 0.0000000000000000000 ) ) ;
#2704 = COLOUR_RGB ( '',1.000000000000000000, 1.000000000000000000, 1.000000000000000000 ) ;
#2705 = UNCERTAINTY_MEASURE_WITH_UNIT (LENGTH_MEASURE( 1.000000000000000082E-05 ), #2690, 'distance_accuracy_value', 'NONE');
#2706 = VECTOR ( 'NONE', #10965, 1000.000000000000000 ) ;
#2707 = CARTESIAN_POINT ( 'NONE',  ( 0.7500000000000011102, 3.400000000000000355, -2.350000000000001421 ) ) ;
#2709 = EDGE_CURVE ( 'NONE', #896, #2288, #7230, .T. ) ;
#2708 = ORIENTED_EDGE ( 'NONE', *, *, #1152, .F. ) ;
#2710 = COLOUR_RGB ( '',1.000000000000000000, 1.000000000000000000, 1.000000000000000000 ) ;
#2711 = LINE ( 'NONE', #2638, #4187 ) ;
#2712 =( NAMED_UNIT ( * ) PLANE_ANGLE_UNIT ( ) SI_UNIT ( $, .RADIAN. ) );
#2713 = COLOUR_RGB ( '',1.000000000000000000, 0.8117647058823529438, 0.5019607843137254832 ) ;
#2714 = ORIENTED_EDGE ( 'NONE', *, *, #7264, .F. ) ;
#2715 = PRESENTATION_STYLE_ASSIGNMENT (( #11406 ) ) ;
#2716 = MECHANICAL_DESIGN_GEOMETRIC_PRESENTATION_REPRESENTATION (  '', ( #8053 ), #7252 ) ;
#2717 = LINE ( 'NONE', #9315, #10655 ) ;
#2718 = CARTESIAN_POINT ( 'NONE',  ( -1.699999999999999734, 6.000000000000000000, -2.700000000000001066 ) ) ;
#2719 = EDGE_LOOP ( 'NONE', ( #7535, #3905, #8301, #4763 ) ) ;
#2720 = DIRECTION ( 'NONE',  ( 0.5773502691896239547, -0.5773502691896289507, 0.5773502691896243988 ) ) ;
#2721 = EDGE_CURVE ( 'NONE', #1852, #4462, #1341, .T. ) ;
#2722 = AXIS2_PLACEMENT_3D ( 'NONE', #3775, #3498, #3626 ) ;
#2723 = CARTESIAN_POINT ( 'NONE',  ( 4.750000000000000888, 1.149999999999999911, -2.350000000000001421 ) ) ;
#2724 = VERTEX_POINT ( 'NONE', #2248 ) ;
#2725 =( NAMED_UNIT ( * ) SI_UNIT ( $, .STERADIAN. ) SOLID_ANGLE_UNIT ( ) );
#2726 = FACE_OUTER_BOUND ( 'NONE', #1764, .T. ) ;
#2727 =( NAMED_UNIT ( * ) PLANE_ANGLE_UNIT ( ) SI_UNIT ( $, .RADIAN. ) );
#2728 = DIRECTION ( 'NONE',  ( -1.000000000000000000, 0.0000000000000000000, -0.0000000000000000000 ) ) ;
#2729 = FACE_OUTER_BOUND ( 'NONE', #4972, .T. ) ;
#2730 = DIRECTION ( 'NONE',  ( -1.000000000000000000, 0.0000000000000000000, -0.0000000000000000000 ) ) ;
#2731 = VERTEX_POINT ( 'NONE', #2175 ) ;
#2732 = EDGE_CURVE ( 'NONE', #11024, #4810, #6194, .T. ) ;
#2733 = SURFACE_SIDE_STYLE ('',( #1831 ) ) ;
#2734 = SURFACE_STYLE_USAGE ( .BOTH. , #5651 ) ;
#2735 = ORIENTED_EDGE ( 'NONE', *, *, #11212, .F. ) ;
#2736 =( NAMED_UNIT ( * ) PLANE_ANGLE_UNIT ( ) SI_UNIT ( $, .RADIAN. ) );
#2737 = LINE ( 'NONE', #11554, #12400 ) ;
#2738 = FILL_AREA_STYLE ('',( #12319 ) ) ;
#2739 = VERTEX_POINT ( 'NONE', #9121 ) ;
#2740 = SURFACE_SIDE_STYLE ('',( #6810 ) ) ;
#2741 = VERTEX_POINT ( 'NONE', #2382 ) ;
#2742 = ORIENTED_EDGE ( 'NONE', *, *, #10638, .F. ) ;
#2743 = EDGE_CURVE ( 'NONE', #879, #1113, #1287, .T. ) ;
#2744 = EDGE_CURVE ( 'NONE', #11182, #228, #5302, .T. ) ;
#2745 = CARTESIAN_POINT ( 'NONE',  ( 12.75000000000000178, 3.399999999999999467, -2.300000000000003375 ) ) ;
#2746 = ADVANCED_FACE ( 'NONE', ( #2326 ), #6763, .F. ) ;
#2747 = VECTOR ( 'NONE', #11443, 1000.000000000000000 ) ;
#2748 = DIRECTION ( 'NONE',  ( -1.000000000000000000, 0.0000000000000000000, 0.0000000000000000000 ) ) ;
#2749 = CARTESIAN_POINT ( 'NONE',  ( 4.749999999999999112, 3.400000000000000355, -2.350000000000001865 ) ) ;
#2750 = DIRECTION ( 'NONE',  ( 1.927470528863119542E-16, -1.000000000000000000, 0.0000000000000000000 ) ) ;
#2751 = LINE ( 'NONE', #1109, #9057 ) ;
#2752 = FACE_OUTER_BOUND ( 'NONE', #3502, .T. ) ;
#2753 = LINE ( 'NONE', #8849, #9615 ) ;
#2754 = VERTEX_POINT ( 'NONE', #6703 ) ;
#2755 = EDGE_CURVE ( 'NONE', #12558, #12284, #12404, .T. ) ;
#2756 = SURFACE_STYLE_FILL_AREA ( #7483 ) ;
#2757 = VECTOR ( 'NONE', #4591, 1000.000000000000000 ) ;
#2758 = VECTOR ( 'NONE', #9960, 1000.000000000000000 ) ;
#2759 = CARTESIAN_POINT ( 'NONE',  ( 4.750000000000000888, 3.399999999999999467, -2.050000000000001599 ) ) ;
#2760 =( NAMED_UNIT ( * ) SI_UNIT ( $, .STERADIAN. ) SOLID_ANGLE_UNIT ( ) );
#2761 = VERTEX_POINT ( 'NONE', #9624 ) ;
#2762 = DIRECTION ( 'NONE',  ( 0.0000000000000000000, -0.0000000000000000000, -1.000000000000000000 ) ) ;
#2763 =( NAMED_UNIT ( * ) PLANE_ANGLE_UNIT ( ) SI_UNIT ( $, .RADIAN. ) );
#2764 = CARTESIAN_POINT ( 'NONE',  ( 12.70000000000000107, 0.0000000000000000000, -2.800000000000000266 ) ) ;
#2765 = STYLED_ITEM ( 'NONE', ( #2927 ), #2590 ) ;
#2766 =( LENGTH_UNIT ( ) NAMED_UNIT ( * ) SI_UNIT ( .MILLI., .METRE. ) );
#2767 = CARTESIAN_POINT ( 'NONE',  ( 4.250000000000000000, 0.2000000000000000111, 0.2500000000000002220 ) ) ;
#2768 = ORIENTED_EDGE ( 'NONE', *, *, #9159, .T. ) ;
#2769 = UNCERTAINTY_MEASURE_WITH_UNIT (LENGTH_MEASURE( 1.000000000000000082E-05 ), #10777, 'distance_accuracy_value', 'NONE');
#2770 = LINE ( 'NONE', #5632, #10111 ) ;
#2771 = EDGE_CURVE ( 'NONE', #9444, #9329, #10582, .T. ) ;
#2772 = CARTESIAN_POINT ( 'NONE',  ( 17.94999999999999574, 0.0000000000000000000, 1.699999999999999289 ) ) ;
#2773 = ORIENTED_EDGE ( 'NONE', *, *, #11267, .F. ) ;
#2774 = ORIENTED_EDGE ( 'NONE', *, *, #6178, .F. ) ;
#2775 = CARTESIAN_POINT ( 'NONE',  ( 0.2499999999999997780, -3.300000000000000266, 0.2500000000000002220 ) ) ;
#2776 = DIRECTION ( 'NONE',  ( 1.000000000000000000, 0.0000000000000000000, 0.0000000000000000000 ) ) ;
#2777 = SURFACE_SIDE_STYLE ('',( #11536 ) ) ;
#2778 = ORIENTED_EDGE ( 'NONE', *, *, #5833, .F. ) ;
#2779 = ORIENTED_EDGE ( 'NONE', *, *, #7865, .F. ) ;
#2780 = MECHANICAL_DESIGN_GEOMETRIC_PRESENTATION_REPRESENTATION (  '', ( #4658 ), #7324 ) ;
#2781 = PRESENTATION_STYLE_ASSIGNMENT (( #11537 ) ) ;
#2782 = CARTESIAN_POINT ( 'NONE',  ( -1.949999999999999956, 1.800000000000000044, 0.2500000000000002220 ) ) ;
#2783 = PLANE ( 'NONE',  #5879 ) ;
#2784 = PRESENTATION_STYLE_ASSIGNMENT (( #9725 ) ) ;
#2785 = VERTEX_POINT ( 'NONE', #2819 ) ;
#2786 = LINE ( 'NONE', #2846, #2758 ) ;
#2787 = CARTESIAN_POINT ( 'NONE',  ( -1.949999999999999956, 6.000000000000000000, 0.3199999999999999512 ) ) ;
#2788 = FILL_AREA_STYLE ('',( #9470 ) ) ;
#2789 = DIRECTION ( 'NONE',  ( -0.0000000000000000000, -0.0000000000000000000, -1.000000000000000000 ) ) ;
#2790 = MECHANICAL_DESIGN_GEOMETRIC_PRESENTATION_REPRESENTATION (  '', ( #10751 ), #11165 ) ;
#2791 = DIRECTION ( 'NONE',  ( 0.0000000000000000000, 0.0000000000000000000, -1.000000000000000000 ) ) ;
#2792 = ORIENTED_EDGE ( 'NONE', *, *, #11642, .F. ) ;
#2793 = DIRECTION ( 'NONE',  ( -9.103382349328301547E-49, -2.350988701644575016E-32, -1.000000000000000000 ) ) ;
#2794 = SURFACE_SIDE_STYLE ('',( #2856 ) ) ;
#2795 = FILL_AREA_STYLE ('',( #7878 ) ) ;
#2796 = VERTEX_POINT ( 'NONE', #5734 ) ;
#2797 = MECHANICAL_DESIGN_GEOMETRIC_PRESENTATION_REPRESENTATION (  '', ( #1136 ), #140 ) ;
#2798 = EDGE_LOOP ( 'NONE', ( #10973, #11517, #4630, #3886 ) ) ;
#2799 = LINE ( 'NONE', #3652, #4774 ) ;
#2800 = VERTEX_POINT ( 'NONE', #833 ) ;
#2801 =( NAMED_UNIT ( * ) PLANE_ANGLE_UNIT ( ) SI_UNIT ( $, .RADIAN. ) );
#2802 = ORIENTED_EDGE ( 'NONE', *, *, #3953, .F. ) ;
#2803 = VECTOR ( 'NONE', #12396, 1000.000000000000000 ) ;
#2804 = EDGE_LOOP ( 'NONE', ( #6528, #1656, #10013, #12569, #11112 ) ) ;
#2805 = PLANE ( 'NONE',  #11649 ) ;
#2806 = DIRECTION ( 'NONE',  ( -1.084202172485504237E-15, -1.000000000000000000, 0.0000000000000000000 ) ) ;
#2807 =( LENGTH_UNIT ( ) NAMED_UNIT ( * ) SI_UNIT ( .MILLI., .METRE. ) );
#2808 = CARTESIAN_POINT ( 'NONE',  ( 7.166666666666666963, -4.383333333333333748, -0.8333333333333317050 ) ) ;
#2809 = ORIENTED_EDGE ( 'NONE', *, *, #9400, .F. ) ;
#2810 = SURFACE_STYLE_USAGE ( .BOTH. , #6944 ) ;
#2811 = MECHANICAL_DESIGN_GEOMETRIC_PRESENTATION_REPRESENTATION (  '', ( #4078 ), #6107 ) ;
#2812 = ORIENTED_EDGE ( 'NONE', *, *, #5892, .T. ) ;
#2813 = CARTESIAN_POINT ( 'NONE',  ( 17.94999999999999574, 1.380000000000004778, 1.300000000000000044 ) ) ;
#2814 = DIRECTION ( 'NONE',  ( 4.336808689942017736E-16, 0.0000000000000000000, 1.000000000000000000 ) ) ;
#2815 = EDGE_CURVE ( 'NONE', #5656, #3854, #7542, .T. ) ;
#2816 =( NAMED_UNIT ( * ) PLANE_ANGLE_UNIT ( ) SI_UNIT ( $, .RADIAN. ) );
#2817 = DIRECTION ( 'NONE',  ( -1.000000000000000000, 0.0000000000000000000, 0.0000000000000000000 ) ) ;
#2818 = VERTEX_POINT ( 'NONE', #5680 ) ;
#2819 = CARTESIAN_POINT ( 'NONE',  ( 10.24999999999999822, 0.2000000000000000111, 0.2500000000000002220 ) ) ;
#2820 = DIRECTION ( 'NONE',  ( -1.362927481496328130E-16, 0.7071067811865451302, -0.7071067811865500152 ) ) ;
#2821 = UNCERTAINTY_MEASURE_WITH_UNIT (LENGTH_MEASURE( 1.000000000000000082E-05 ), #4489, 'distance_accuracy_value', 'NONE');
#2822 = PRESENTATION_STYLE_ASSIGNMENT (( #5740 ) ) ;
#2823 = EDGE_CURVE ( 'NONE', #3060, #8731, #893, .T. ) ;
#2824 = EDGE_CURVE ( 'NONE', #7032, #3857, #12471, .T. ) ;
#2825 = EDGE_LOOP ( 'NONE', ( #10684, #7410, #9568, #8008 ) ) ;
#2826 = ORIENTED_EDGE ( 'NONE', *, *, #246, .F. ) ;
#2827 = CARTESIAN_POINT ( 'NONE',  ( 9.299999999999998934, 0.0000000000000000000, -2.800000000000000266 ) ) ;
#2828 =( GEOMETRIC_REPRESENTATION_CONTEXT ( 3 ) GLOBAL_UNCERTAINTY_ASSIGNED_CONTEXT ( ( #8081 ) ) GLOBAL_UNIT_ASSIGNED_CONTEXT ( ( #6802, #10680, #6929 ) ) REPRESENTATION_CONTEXT ( 'NONE', 'WORKASPACE' ) );
#2829 = VERTEX_POINT ( 'NONE', #4670 ) ;
#2830 = SURFACE_STYLE_FILL_AREA ( #11591 ) ;
#2831 = SURFACE_SIDE_STYLE ('',( #580 ) ) ;
#2832 = MECHANICAL_DESIGN_GEOMETRIC_PRESENTATION_REPRESENTATION (  '', ( #8362 ), #1588 ) ;
#2833 = ORIENTED_EDGE ( 'NONE', *, *, #6338, .F. ) ;
#2834 = DIRECTION ( 'NONE',  ( 4.336808689942017736E-16, 0.0000000000000000000, 1.000000000000000000 ) ) ;
#2835 = DIRECTION ( 'NONE',  ( 0.0000000000000000000, 0.0000000000000000000, 1.000000000000000000 ) ) ;
#2836 = CARTESIAN_POINT ( 'NONE',  ( 0.2499999999999997780, -3.399999999999999911, 0.2500000000000002220 ) ) ;
#2837 = COLOUR_RGB ( '',1.000000000000000000, 0.8117647058823529438, 0.5019607843137254832 ) ;
#2838 = COLOUR_RGB ( '',1.000000000000000000, 1.000000000000000000, 1.000000000000000000 ) ;
#2839 = LINE ( 'NONE', #5758, #6390 ) ;
#2840 = ORIENTED_EDGE ( 'NONE', *, *, #4323, .T. ) ;
#2841 = LINE ( 'NONE', #2782, #6416 ) ;
#2842 = EDGE_CURVE ( 'NONE', #10204, #10056, #3818, .T. ) ;
#2843 = DIRECTION ( 'NONE',  ( -0.0000000000000000000, -0.0000000000000000000, 1.000000000000000000 ) ) ;
#2844 = ORIENTED_EDGE ( 'NONE', *, *, #1210, .F. ) ;
#2845 = VECTOR ( 'NONE', #10029, 1000.000000000000000 ) ;
#2846 = CARTESIAN_POINT ( 'NONE',  ( 2.250000000000000000, 1.800000000000000044, -2.800000000000000266 ) ) ;
#2847 = CARTESIAN_POINT ( 'NONE',  ( -1.949999999999999956, 0.0000000000000000000, -2.800000000000000266 ) ) ;
#2848 = CARTESIAN_POINT ( 'NONE',  ( 1.299999999999999600, 0.2000000000000000389, -2.800000000000000266 ) ) ;
#2849 = EDGE_CURVE ( 'NONE', #5827, #10568, #9706, .T. ) ;
#2850 = PRESENTATION_LAYER_ASSIGNMENT (  '', '', ( #8381 ) ) ;
#2851 = COLOUR_RGB ( '',1.000000000000000000, 0.8117647058823529438, 0.5019607843137254832 ) ;
#2852 = VECTOR ( 'NONE', #11098, 1000.000000000000000 ) ;
#2853 = PRESENTATION_STYLE_ASSIGNMENT (( #11424 ) ) ;
#2854 = EDGE_LOOP ( 'NONE', ( #11462, #6072, #10332, #11508, #1493 ) ) ;
#2855 =( NAMED_UNIT ( * ) SI_UNIT ( $, .STERADIAN. ) SOLID_ANGLE_UNIT ( ) );
#2856 = SURFACE_STYLE_FILL_AREA ( #8750 ) ;
#2857 = PRESENTATION_STYLE_ASSIGNMENT (( #1832 ) ) ;
#2858 = MECHANICAL_DESIGN_GEOMETRIC_PRESENTATION_REPRESENTATION (  '', ( #3486 ), #9823 ) ;
#2859 = FACE_OUTER_BOUND ( 'NONE', #6364, .T. ) ;
#2860 = EDGE_LOOP ( 'NONE', ( #11524, #12122, #856, #11327 ) ) ;
#2861 = ORIENTED_EDGE ( 'NONE', *, *, #5218, .T. ) ;
#2862 = MECHANICAL_DESIGN_GEOMETRIC_PRESENTATION_REPRESENTATION (  '', ( #9403 ), #4544 ) ;
#2863 = STYLED_ITEM ( 'NONE', ( #3376 ), #7173 ) ;
#2864 = PRESENTATION_LAYER_ASSIGNMENT (  '', '', ( #2431 ) ) ;
#2865 = SURFACE_STYLE_USAGE ( .BOTH. , #974 ) ;
#2866 = SURFACE_STYLE_FILL_AREA ( #5719 ) ;
#2867 = DIRECTION ( 'NONE',  ( 3.872150616019660190E-17, 1.000000000000000000, -0.0000000000000000000 ) ) ;
#2868 = PRESENTATION_LAYER_ASSIGNMENT (  '', '', ( #201 ) ) ;
#2869 = ORIENTED_EDGE ( 'NONE', *, *, #11416, .F. ) ;
#2870 =( NAMED_UNIT ( * ) PLANE_ANGLE_UNIT ( ) SI_UNIT ( $, .RADIAN. ) );
#2871 = ORIENTED_EDGE ( 'NONE', *, *, #4135, .F. ) ;
#2872 = VERTEX_POINT ( 'NONE', #2563 ) ;
#2873 = COLOUR_RGB ( '',1.000000000000000000, 0.8117647058823529438, 0.5019607843137254832 ) ;
#2874 = DIRECTION ( 'NONE',  ( 0.0000000000000000000, 1.000000000000000000, 0.0000000000000000000 ) ) ;
#2875 = CARTESIAN_POINT ( 'NONE',  ( 3.849999999999998757, -3.399999999999999911, -0.1500000000000003830 ) ) ;
#2876 = FACE_OUTER_BOUND ( 'NONE', #7954, .T. ) ;
#2877 = VERTEX_POINT ( 'NONE', #637 ) ;
#2878 = ORIENTED_EDGE ( 'NONE', *, *, #5027, .F. ) ;
#2879 = SURFACE_STYLE_FILL_AREA ( #7952 ) ;
#2880 = PRESENTATION_LAYER_ASSIGNMENT (  '', '', ( #1212 ) ) ;
#2881 = MANIFOLD_SOLID_BREP ( 'Вырез-Вытянуть10', #9550 ) ;
#2882 = ORIENTED_EDGE ( 'NONE', *, *, #7837, .T. ) ;
#2883 = SURFACE_STYLE_FILL_AREA ( #8903 ) ;
#2884 = CARTESIAN_POINT ( 'NONE',  ( -0.2200000000000001399, 2.249999999999998668, 1.249999999999997558 ) ) ;
#2885 = CARTESIAN_POINT ( 'NONE',  ( 11.75000000000000000, -3.399999999999999911, 0.2500000000000002220 ) ) ;
#2886 = VECTOR ( 'NONE', #3147, 1000.000000000000000 ) ;
#2887 = DIRECTION ( 'NONE',  ( -0.0000000000000000000, -0.0000000000000000000, 1.000000000000000000 ) ) ;
#2888 = STYLED_ITEM ( 'NONE', ( #4150 ), #9956 ) ;
#2889 = PRESENTATION_LAYER_ASSIGNMENT (  '', '', ( #8821 ) ) ;
#2890 = SURFACE_SIDE_STYLE ('',( #889 ) ) ;
#2891 = CARTESIAN_POINT ( 'NONE',  ( -1.949999999999999956, 0.0000000000000000000, -2.050000000000001599 ) ) ;
#2892 = ORIENTED_EDGE ( 'NONE', *, *, #8468, .F. ) ;
#2893 = CARTESIAN_POINT ( 'NONE',  ( 8.699999999999999289, 0.1999999999999999833, -2.800000000000000266 ) ) ;
#2894 = STYLED_ITEM ( 'NONE', ( #6100 ), #726 ) ;
#2895 = AXIS2_PLACEMENT_3D ( 'NONE', #4430, #2648, #8299 ) ;
#2896 = VECTOR ( 'NONE', #11412, 1000.000000000000000 ) ;
#2897 = FILL_AREA_STYLE_COLOUR ( '', #9216 ) ;
#2898 = FILL_AREA_STYLE ('',( #11647 ) ) ;
#2899 = LINE ( 'NONE', #6844, #9170 ) ;
#2900 = ORIENTED_EDGE ( 'NONE', *, *, #1104, .T. ) ;
#2901 = ORIENTED_EDGE ( 'NONE', *, *, #4114, .F. ) ;
#2902 =( GEOMETRIC_REPRESENTATION_CONTEXT ( 3 ) GLOBAL_UNCERTAINTY_ASSIGNED_CONTEXT ( ( #3487 ) ) GLOBAL_UNIT_ASSIGNED_CONTEXT ( ( #8535, #756, #7534 ) ) REPRESENTATION_CONTEXT ( 'NONE', 'WORKASPACE' ) );
#2903 = CARTESIAN_POINT ( 'NONE',  ( -1.949999999999999956, 4.500000000000000888, -0.6799999999999991607 ) ) ;
#2904 = VECTOR ( 'NONE', #6117, 1000.000000000000000 ) ;
#2905 = ORIENTED_EDGE ( 'NONE', *, *, #11510, .F. ) ;
#2906 = AXIS2_PLACEMENT_3D ( 'NONE', #12472, #564, #12270 ) ;
#2907 = UNCERTAINTY_MEASURE_WITH_UNIT (LENGTH_MEASURE( 1.000000000000000082E-05 ), #5430, 'distance_accuracy_value', 'NONE');
#2908 = VECTOR ( 'NONE', #7974, 1000.000000000000000 ) ;
#2909 = CARTESIAN_POINT ( 'NONE',  ( 9.849999999999999645, 5.100000000000001421, 0.1500000000000008271 ) ) ;
#2910 = VECTOR ( 'NONE', #9252, 1000.000000000000114 ) ;
#2911 = ADVANCED_FACE ( 'NONE', ( #10527 ), #8727, .F. ) ;
#2912 = LINE ( 'NONE', #3970, #4944 ) ;
#2913 = VECTOR ( 'NONE', #5628, 1000.000000000000000 ) ;
#2914 = EDGE_CURVE ( 'NONE', #3854, #2409, #6895, .T. ) ;
#2915 = CARTESIAN_POINT ( 'NONE',  ( 17.17999999999999616, 2.250000000000001776, 1.700000000000000178 ) ) ;
#2916 = LINE ( 'NONE', #9720, #4781 ) ;
#2917 = EDGE_CURVE ( 'NONE', #6741, #7918, #12592, .T. ) ;
#2918 = COLOUR_RGB ( '',1.000000000000000000, 0.8117647058823529438, 0.5019607843137254832 ) ;
#2919 = ORIENTED_EDGE ( 'NONE', *, *, #5363, .F. ) ;
#2920 =( NAMED_UNIT ( * ) PLANE_ANGLE_UNIT ( ) SI_UNIT ( $, .RADIAN. ) );
#2921 = PRESENTATION_LAYER_ASSIGNMENT (  '', '', ( #11077 ) ) ;
#2922 = COLOUR_RGB ( '',1.000000000000000000, 1.000000000000000000, 1.000000000000000000 ) ;
#2923 = SURFACE_SIDE_STYLE ('',( #10546 ) ) ;
#2924 = MECHANICAL_DESIGN_GEOMETRIC_PRESENTATION_REPRESENTATION (  '', ( #5195 ), #4183 ) ;
#2925 = DIRECTION ( 'NONE',  ( 3.872150616019660190E-17, 1.000000000000000000, -0.0000000000000000000 ) ) ;
#2926 = COLOUR_RGB ( '',1.000000000000000000, 1.000000000000000000, 1.000000000000000000 ) ;
#2927 = PRESENTATION_STYLE_ASSIGNMENT (( #5938 ) ) ;
#2928 = FILL_AREA_STYLE ('',( #1613 ) ) ;
#2929 = DIRECTION ( 'NONE',  ( -1.000000000000000000, -1.961370764295385810E-16, 0.0000000000000000000 ) ) ;
#2930 = PRESENTATION_LAYER_ASSIGNMENT (  '', '', ( #248 ) ) ;
#2931 = ORIENTED_EDGE ( 'NONE', *, *, #11347, .T. ) ;
#2932 = DIRECTION ( 'NONE',  ( -0.0000000000000000000, -0.0000000000000000000, -1.000000000000000000 ) ) ;
#2933 = PRESENTATION_LAYER_ASSIGNMENT (  '', '', ( #1064 ) ) ;
#2934 = EDGE_CURVE ( 'NONE', #5421, #8003, #3074, .T. ) ;
#2935 = SURFACE_SIDE_STYLE ('',( #9734 ) ) ;
#2936 = ORIENTED_EDGE ( 'NONE', *, *, #333, .F. ) ;
#2937 = PRESENTATION_LAYER_ASSIGNMENT (  '', '', ( #3340 ) ) ;
#2938 = PRESENTATION_STYLE_ASSIGNMENT (( #10384 ) ) ;
#2939 = ORIENTED_EDGE ( 'NONE', *, *, #6630, .F. ) ;
#2940 = FACE_OUTER_BOUND ( 'NONE', #11050, .T. ) ;
#2941 =( NAMED_UNIT ( * ) PLANE_ANGLE_UNIT ( ) SI_UNIT ( $, .RADIAN. ) );
#2942 = PRESENTATION_STYLE_ASSIGNMENT (( #5895 ) ) ;
#2943 = EDGE_LOOP ( 'NONE', ( #5120, #4651, #11118, #5646, #8140, #1560, #5005, #12377, #5327, #4499 ) ) ;
#2944 =( GEOMETRIC_REPRESENTATION_CONTEXT ( 3 ) GLOBAL_UNCERTAINTY_ASSIGNED_CONTEXT ( ( #7112 ) ) GLOBAL_UNIT_ASSIGNED_CONTEXT ( ( #5925, #8864, #6967 ) ) REPRESENTATION_CONTEXT ( 'NONE', 'WORKASPACE' ) );
#2945 = EDGE_CURVE ( 'NONE', #9334, #9084, #10806, .T. ) ;
#2946 = ORIENTED_EDGE ( 'NONE', *, *, #616, .F. ) ;
#2947 = CARTESIAN_POINT ( 'NONE',  ( 0.08333333333333456383, 5.166666666666668739, -0.08333333333333370341 ) ) ;
#2948 = ORIENTED_EDGE ( 'NONE', *, *, #3713, .F. ) ;
#2949 = ORIENTED_EDGE ( 'NONE', *, *, #5227, .F. ) ;
#2950 = VERTEX_POINT ( 'NONE', #3145 ) ;
#2951 = CARTESIAN_POINT ( 'NONE',  ( 5.916666666666665186, 5.166666666666667851, -0.08333333333333456383 ) ) ;
#2952 = LINE ( 'NONE', #1122, #12077 ) ;
#2953 = ADVANCED_FACE ( 'NONE', ( #7074 ), #10750, .F. ) ;
#2954 = PLANE ( 'NONE',  #10063 ) ;
#2955 = SURFACE_STYLE_FILL_AREA ( #11700 ) ;
#2956 = CARTESIAN_POINT ( 'NONE',  ( 17.94999999999999574, 0.8200000000000045031, 1.700000000000000178 ) ) ;
#2957 = ORIENTED_EDGE ( 'NONE', *, *, #1793, .T. ) ;
#2958 = CARTESIAN_POINT ( 'NONE',  ( 16.15000000000000213, -3.399999999999999911, 0.1500000000000008271 ) ) ;
#2959 = ORIENTED_EDGE ( 'NONE', *, *, #1897, .T. ) ;
#2960 = CARTESIAN_POINT ( 'NONE',  ( 8.750000000000000000, 3.399999999999999467, -2.050000000000001599 ) ) ;
#2961 = ORIENTED_EDGE ( 'NONE', *, *, #10733, .F. ) ;
#2962 = CARTESIAN_POINT ( 'NONE',  ( 16.21999999999999531, 2.250000000000001776, -2.801000000000000600 ) ) ;
#2963 = AXIS2_PLACEMENT_3D ( 'NONE', #18, #1072, #1131 ) ;
#2964 = CARTESIAN_POINT ( 'NONE',  ( 17.94999999999999574, 0.0000000000000000000, -2.800000000000000711 ) ) ;
#2965 = EDGE_CURVE ( 'NONE', #5039, #9202, #5911, .T. ) ;
#2966 = SURFACE_SIDE_STYLE ('',( #8784 ) ) ;
#2967 = SURFACE_STYLE_USAGE ( .BOTH. , #10817 ) ;
#2968 = DIRECTION ( 'NONE',  ( 1.000000000000000000, -0.0000000000000000000, -4.358601698434190141E-17 ) ) ;
#2969 = DIRECTION ( 'NONE',  ( 1.927470528863119542E-16, -1.000000000000000000, 0.0000000000000000000 ) ) ;
#2970 = DIRECTION ( 'NONE',  ( -1.084202172485504237E-15, -1.000000000000000000, 0.0000000000000000000 ) ) ;
#2971 = CARTESIAN_POINT ( 'NONE',  ( 4.250000000000000000, 5.000000000000000888, 0.2500000000000002220 ) ) ;
#2972 = FACE_BOUND ( 'NONE', #4, .T. ) ;
#2973 =( GEOMETRIC_REPRESENTATION_CONTEXT ( 3 ) GLOBAL_UNCERTAINTY_ASSIGNED_CONTEXT ( ( #10452 ) ) GLOBAL_UNIT_ASSIGNED_CONTEXT ( ( #2005, #11920, #2080 ) ) REPRESENTATION_CONTEXT ( 'NONE', 'WORKASPACE' ) );
#2974 = LINE ( 'NONE', #2115, #3329 ) ;
#2975 = CARTESIAN_POINT ( 'NONE',  ( -1.949999999999999956, 6.000000000000000000, 1.700000000000000178 ) ) ;
#2976 = CARTESIAN_POINT ( 'NONE',  ( 16.25000000000000000, 1.800000000000000044, 0.2500000000000002220 ) ) ;
#2977 =( NAMED_UNIT ( * ) PLANE_ANGLE_UNIT ( ) SI_UNIT ( $, .RADIAN. ) );
#2978 = EDGE_CURVE ( 'NONE', #4880, #9628, #5031, .T. ) ;
#2979 = CARTESIAN_POINT ( 'NONE',  ( 4.250000000000000000, 1.800000000000000044, -2.800000000000000266 ) ) ;
#2980 = DIRECTION ( 'NONE',  ( -3.872150616019660190E-17, -1.000000000000000000, 0.0000000000000000000 ) ) ;
#2981 = ORIENTED_EDGE ( 'NONE', *, *, #333, .T. ) ;
#2982 = EDGE_LOOP ( 'NONE', ( #3583, #8423, #3364, #4257 ) ) ;
#2983 = UNCERTAINTY_MEASURE_WITH_UNIT (LENGTH_MEASURE( 1.000000000000000082E-05 ), #3313, 'distance_accuracy_value', 'NONE');
#2984 =( LENGTH_UNIT ( ) NAMED_UNIT ( * ) SI_UNIT ( .MILLI., .METRE. ) );
#2985 = ORIENTED_EDGE ( 'NONE', *, *, #9499, .T. ) ;
#2986 = UNCERTAINTY_MEASURE_WITH_UNIT (LENGTH_MEASURE( 1.000000000000000082E-05 ), #6415, 'distance_accuracy_value', 'NONE');
#2987 = CARTESIAN_POINT ( 'NONE',  ( 10.24999999999999822, -3.399999999999999911, -0.2499999999999997780 ) ) ;
#2988 = ORIENTED_EDGE ( 'NONE', *, *, #8542, .F. ) ;
#2989 = DIRECTION ( 'NONE',  ( 0.0000000000000000000, 0.0000000000000000000, 1.000000000000000000 ) ) ;
#2990 =( NAMED_UNIT ( * ) PLANE_ANGLE_UNIT ( ) SI_UNIT ( $, .RADIAN. ) );
#2991 = SURFACE_STYLE_USAGE ( .BOTH. , #2004 ) ;
#2992 = COLOUR_RGB ( '',1.000000000000000000, 1.000000000000000000, 1.000000000000000000 ) ;
#2993 = FACE_OUTER_BOUND ( 'NONE', #5952, .T. ) ;
#2994 = CARTESIAN_POINT ( 'NONE',  ( 7.750000000000000000, -3.399999999999999911, -0.2499999999999997780 ) ) ;
#2995 = EDGE_CURVE ( 'NONE', #8782, #5144, #11881, .T. ) ;
#2996 = EDGE_CURVE ( 'NONE', #2724, #5421, #10930, .T. ) ;
#2997 = DIRECTION ( 'NONE',  ( -1.000000000000000000, 3.872150616019661422E-17, -0.0000000000000000000 ) ) ;
#2998 = LINE ( 'NONE', #11924, #2634 ) ;
#2999 = VERTEX_POINT ( 'NONE', #1001 ) ;
#3000 = EDGE_LOOP ( 'NONE', ( #3464, #7933, #8239, #5847 ) ) ;
#3001 = CARTESIAN_POINT ( 'NONE',  ( 12.05000000000000071, 0.0000000000000000000, -2.050000000000001599 ) ) ;
#3002 = LINE ( 'NONE', #7001, #1309 ) ;
#3003 = ORIENTED_EDGE ( 'NONE', *, *, #1955, .T. ) ;
#3004 = EDGE_LOOP ( 'NONE', ( #2170, #7574, #3304, #5663 ) ) ;
#3005 = LINE ( 'NONE', #4894, #169 ) ;
#3006 = LINE ( 'NONE', #6945, #7227 ) ;
#3007 = ORIENTED_EDGE ( 'NONE', *, *, #3223, .T. ) ;
#3008 = CARTESIAN_POINT ( 'NONE',  ( 12.96666666666666146, -2.516666666666674157, -1.033333333333325443 ) ) ;
#3009 = VECTOR ( 'NONE', #2516, 1000.000000000000000 ) ;
#3010 =( NAMED_UNIT ( * ) SI_UNIT ( $, .STERADIAN. ) SOLID_ANGLE_UNIT ( ) );
#3011 = EDGE_CURVE ( 'NONE', #3251, #4517, #4975, .T. ) ;
#3012 = CARTESIAN_POINT ( 'NONE',  ( -1.180000000000000160, 2.250000000000000000, 1.700000000000000178 ) ) ;
#3013 = ORIENTED_EDGE ( 'NONE', *, *, #4649, .T. ) ;
#3014 = SURFACE_SIDE_STYLE ('',( #8602 ) ) ;
#3015 = VERTEX_POINT ( 'NONE', #10253 ) ;
#3016 = LINE ( 'NONE', #5087, #6193 ) ;
#3017 = MECHANICAL_DESIGN_GEOMETRIC_PRESENTATION_REPRESENTATION (  '', ( #339 ), #10187 ) ;
#3018 =( NAMED_UNIT ( * ) PLANE_ANGLE_UNIT ( ) SI_UNIT ( $, .RADIAN. ) );
#3019 = ORIENTED_EDGE ( 'NONE', *, *, #2337, .F. ) ;
#3020 = PLANE ( 'NONE',  #8214 ) ;
#3021 = CARTESIAN_POINT ( 'NONE',  ( -0.2500000000000002220, 1.800000000000000044, 0.2500000000000002220 ) ) ;
#3022 = SURFACE_SIDE_STYLE ('',( #315 ) ) ;
#3023 = ADVANCED_FACE ( 'NONE', ( #8092 ), #3205, .F. ) ;
#3024 = SURFACE_STYLE_FILL_AREA ( #7728 ) ;
#3025 = DIRECTION ( 'NONE',  ( 9.103382349328301547E-49, 2.350988701644575016E-32, 1.000000000000000000 ) ) ;
#3026 = SURFACE_SIDE_STYLE ('',( #1979 ) ) ;
#3027 = LINE ( 'NONE', #7914, #576 ) ;
#3028 = CARTESIAN_POINT ( 'NONE',  ( 5.249999999999999112, 3.400000000000000355, -2.350000000000001865 ) ) ;
#3029 = CARTESIAN_POINT ( 'NONE',  ( 7.916666666666665186, 5.166666666666666963, -0.08333333333333542425 ) ) ;
#3030 = CARTESIAN_POINT ( 'NONE',  ( 15.75000000000000000, 1.800000000000000044, -0.2499999999999997780 ) ) ;
#3031 = SURFACE_SIDE_STYLE ('',( #7917 ) ) ;
#3032 = FILL_AREA_STYLE_COLOUR ( '', #1645 ) ;
#3033 = SURFACE_STYLE_FILL_AREA ( #5881 ) ;
#3034 = MECHANICAL_DESIGN_GEOMETRIC_PRESENTATION_REPRESENTATION (  '', ( #8356 ), #3664 ) ;
#3035 = CARTESIAN_POINT ( 'NONE',  ( 5.750000000000001776, 5.000000000000000888, 0.2500000000000002220 ) ) ;
#3036 = LINE ( 'NONE', #12615, #7596 ) ;
#3037 = PRESENTATION_STYLE_ASSIGNMENT (( #6979 ) ) ;
#3038 = DIRECTION ( 'NONE',  ( -1.000000000000000000, 3.872150616019660190E-17, 0.0000000000000000000 ) ) ;
#3039 = DIRECTION ( 'NONE',  ( 0.0000000000000000000, -0.0000000000000000000, 1.000000000000000000 ) ) ;
#3040 = EDGE_LOOP ( 'NONE', ( #1685, #10980, #2946, #7581, #1914, #10248, #4068, #5987, #5775, #2636, #5802, #12192, #11638, #6156, #12052, #10774, #9475, #6028, #6622, #3851, #9610, #8497, #9809, #2869, #1565, #1860, #10506, #2538, #4009, #3946, #5616, #1748, #8884, #10983, #1559, #10182 ) ) ;
#3041 =( GEOMETRIC_REPRESENTATION_CONTEXT ( 3 ) GLOBAL_UNCERTAINTY_ASSIGNED_CONTEXT ( ( #9785 ) ) GLOBAL_UNIT_ASSIGNED_CONTEXT ( ( #6915, #1819, #3980 ) ) REPRESENTATION_CONTEXT ( 'NONE', 'WORKASPACE' ) );
#3042 = SURFACE_STYLE_FILL_AREA ( #10725 ) ;
#3043 = COLOUR_RGB ( '',1.000000000000000000, 1.000000000000000000, 1.000000000000000000 ) ;
#3044 = FILL_AREA_STYLE ('',( #6070 ) ) ;
#3045 = SURFACE_SIDE_STYLE ('',( #11783 ) ) ;
#3046 =( NAMED_UNIT ( * ) SI_UNIT ( $, .STERADIAN. ) SOLID_ANGLE_UNIT ( ) );
#3047 = VERTEX_POINT ( 'NONE', #308 ) ;
#3048 = EDGE_CURVE ( 'NONE', #9000, #11243, #256, .T. ) ;
#3049 = SURFACE_STYLE_USAGE ( .BOTH. , #7174 ) ;
#3050 = STYLED_ITEM ( 'NONE', ( #6399 ), #8363 ) ;
#3051 = FILL_AREA_STYLE_COLOUR ( '', #3957 ) ;
#3052 =( NAMED_UNIT ( * ) SI_UNIT ( $, .STERADIAN. ) SOLID_ANGLE_UNIT ( ) );
#3053 = FILL_AREA_STYLE ('',( #976 ) ) ;
#3054 = SURFACE_STYLE_FILL_AREA ( #9789 ) ;
#3055 = PRESENTATION_LAYER_ASSIGNMENT (  '', '', ( #186 ) ) ;
#3056 = STYLED_ITEM ( 'NONE', ( #9378 ), #5271 ) ;
#3057 = LINE ( 'NONE', #2134, #4198 ) ;
#3058 = AXIS2_PLACEMENT_3D ( 'NONE', #9433, #560, #10269 ) ;
#3059 = DIRECTION ( 'NONE',  ( 3.872150616019660190E-17, 1.000000000000000000, -0.0000000000000000000 ) ) ;
#3060 = VERTEX_POINT ( 'NONE', #7331 ) ;
#3061 = ORIENTED_EDGE ( 'NONE', *, *, #1175, .T. ) ;
#3062 = CARTESIAN_POINT ( 'NONE',  ( 0.7500000000000002220, 3.399999999999999467, -2.350000000000001421 ) ) ;
#3063 = UNCERTAINTY_MEASURE_WITH_UNIT (LENGTH_MEASURE( 1.000000000000000082E-05 ), #4724, 'distance_accuracy_value', 'NONE');
#3064 = AXIS2_PLACEMENT_3D ( 'NONE', #530, #730, #8567 ) ;
#3065 = EDGE_CURVE ( 'NONE', #8431, #2314, #363, .T. ) ;
#3066 = COLOUR_RGB ( '',1.000000000000000000, 0.8117647058823529438, 0.5019607843137254832 ) ;
#3067 = ORIENTED_EDGE ( 'NONE', *, *, #5845, .T. ) ;
#3068 = EDGE_CURVE ( 'NONE', #4140, #9795, #7137, .T. ) ;
#3069 = STYLED_ITEM ( 'NONE', ( #2112 ), #8663 ) ;
#3070 = PRESENTATION_STYLE_ASSIGNMENT (( #939 ) ) ;
#3071 = VECTOR ( 'NONE', #2510, 1000.000000000000114 ) ;
#3072 = CARTESIAN_POINT ( 'NONE',  ( -0.2500000000000002220, 1.800000000000000044, -0.2499999999999997780 ) ) ;
#3073 = VERTEX_POINT ( 'NONE', #9218 ) ;
#3074 = LINE ( 'NONE', #7902, #10359 ) ;
#3075 = CARTESIAN_POINT ( 'NONE',  ( -1.350000000000000089, 1.799999999999999600, 1.249999999999997558 ) ) ;
#3076 = VECTOR ( 'NONE', #6748, 1000.000000000000000 ) ;
#3077 =( NAMED_UNIT ( * ) SI_UNIT ( $, .STERADIAN. ) SOLID_ANGLE_UNIT ( ) );
#3078 = EDGE_CURVE ( 'NONE', #7697, #9871, #4266, .T. ) ;
#3079 = PRESENTATION_STYLE_ASSIGNMENT (( #9889 ) ) ;
#3080 = EDGE_LOOP ( 'NONE', ( #4615, #11214, #9881, #8132 ) ) ;
#3081 = PRESENTATION_STYLE_ASSIGNMENT (( #1925 ) ) ;
#3082 = CARTESIAN_POINT ( 'NONE',  ( 16.69999999999999929, 0.1999999999999999833, -2.800000000000000266 ) ) ;
#3083 = CARTESIAN_POINT ( 'NONE',  ( 1.750000000000000222, 5.000000000000000888, -0.2499999999999997780 ) ) ;
#3084 =( GEOMETRIC_REPRESENTATION_CONTEXT ( 3 ) GLOBAL_UNCERTAINTY_ASSIGNED_CONTEXT ( ( #4794 ) ) GLOBAL_UNIT_ASSIGNED_CONTEXT ( ( #2500, #371, #9291 ) ) REPRESENTATION_CONTEXT ( 'NONE', 'WORKASPACE' ) );
#3085 = DIRECTION ( 'NONE',  ( -1.000000000000000000, -0.0000000000000000000, -0.0000000000000000000 ) ) ;
#3086 = ORIENTED_EDGE ( 'NONE', *, *, #7097, .T. ) ;
#3087 = CARTESIAN_POINT ( 'NONE',  ( 17.94999999999999574, 0.0000000000000000000, 1.699999999999999289 ) ) ;
#3088 = LINE ( 'NONE', #7037, #7033 ) ;
#3089 = CARTESIAN_POINT ( 'NONE',  ( 4.250000000000000000, 0.2000000000000000111, -0.2499999999999997780 ) ) ;
#3090 = MECHANICAL_DESIGN_GEOMETRIC_PRESENTATION_REPRESENTATION (  '', ( #230 ), #2062 ) ;
#3091 = AXIS2_PLACEMENT_3D ( 'NONE', #6171, #6538, #9404 ) ;
#3092 = DIRECTION ( 'NONE',  ( 3.872150616019660190E-17, 1.000000000000000000, -0.0000000000000000000 ) ) ;
#3093 = ORIENTED_EDGE ( 'NONE', *, *, #6876, .F. ) ;
#3094 = EDGE_CURVE ( 'NONE', #10344, #3786, #2220, .T. ) ;
#3095 = AXIS2_PLACEMENT_3D ( 'NONE', #7749, #7633, #8752 ) ;
#3096 =( LENGTH_UNIT ( ) NAMED_UNIT ( * ) SI_UNIT ( .MILLI., .METRE. ) );
#3097 = DIRECTION ( 'NONE',  ( -0.0000000000000000000, -0.0000000000000000000, -1.000000000000000000 ) ) ;
#3098 = VECTOR ( 'NONE', #5172, 1000.000000000000000 ) ;
#3099 = EDGE_CURVE ( 'NONE', #6212, #11594, #10990, .T. ) ;
#3100 = CARTESIAN_POINT ( 'NONE',  ( 16.67999999999999616, 4.230000000000002203, 1.599999999999999867 ) ) ;
#3101 = DIRECTION ( 'NONE',  ( 0.0000000000000000000, 1.000000000000000000, 0.0000000000000000000 ) ) ;
#3102 = PRESENTATION_STYLE_ASSIGNMENT (( #10900 ) ) ;
#3103 = SURFACE_STYLE_FILL_AREA ( #4423 ) ;
#3104 = COLOUR_RGB ( '',1.000000000000000000, 0.8117647058823529438, 0.5019607843137254832 ) ;
#3105 =( GEOMETRIC_REPRESENTATION_CONTEXT ( 3 ) GLOBAL_UNCERTAINTY_ASSIGNED_CONTEXT ( ( #10040 ) ) GLOBAL_UNIT_ASSIGNED_CONTEXT ( ( #8550, #6509, #712 ) ) REPRESENTATION_CONTEXT ( 'NONE', 'WORKASPACE' ) );
#3106 = PRESENTATION_STYLE_ASSIGNMENT (( #3987 ) ) ;
#3107 = ORIENTED_EDGE ( 'NONE', *, *, #1912, .F. ) ;
#3108 = PRESENTATION_STYLE_ASSIGNMENT (( #3990 ) ) ;
#3109 = FILL_AREA_STYLE_COLOUR ( '', #6556 ) ;
#3110 =( NAMED_UNIT ( * ) PLANE_ANGLE_UNIT ( ) SI_UNIT ( $, .RADIAN. ) );
#3111 = AXIS2_PLACEMENT_3D ( 'NONE', #4787, #5863, #6896 ) ;
#3112 = EDGE_CURVE ( 'NONE', #11317, #3418, #5345, .T. ) ;
#3113 = SURFACE_STYLE_USAGE ( .BOTH. , #6018 ) ;
#3114 = UNCERTAINTY_MEASURE_WITH_UNIT (LENGTH_MEASURE( 1.000000000000000082E-05 ), #2137, 'distance_accuracy_value', 'NONE');
#3115 =( LENGTH_UNIT ( ) NAMED_UNIT ( * ) SI_UNIT ( .MILLI., .METRE. ) );
#3116 = ORIENTED_EDGE ( 'NONE', *, *, #10433, .T. ) ;
#3117 = VECTOR ( 'NONE', #3672, 1000.000000000000000 ) ;
#3118 = FACE_BOUND ( 'NONE', #7073, .T. ) ;
#3119 = UNCERTAINTY_MEASURE_WITH_UNIT (LENGTH_MEASURE( 1.000000000000000082E-05 ), #7101, 'distance_accuracy_value', 'NONE');
#3120 = CARTESIAN_POINT ( 'NONE',  ( 5.750000000000000000, -3.300000000000000266, 0.2500000000000002220 ) ) ;
#3121 = SURFACE_SIDE_STYLE ('',( #3054 ) ) ;
#3122 = VECTOR ( 'NONE', #7447, 1000.000000000000000 ) ;
#3123 = SURFACE_SIDE_STYLE ('',( #6933 ) ) ;
#3124 = MECHANICAL_DESIGN_GEOMETRIC_PRESENTATION_REPRESENTATION (  '', ( #7458 ), #3991 ) ;
#3125 = FACE_OUTER_BOUND ( 'NONE', #9862, .T. ) ;
#3126 = ORIENTED_EDGE ( 'NONE', *, *, #2011, .T. ) ;
#3127 = VECTOR ( 'NONE', #532, 1000.000000000000000 ) ;
#3128 = DIRECTION ( 'NONE',  ( -0.0000000000000000000, -0.0000000000000000000, -1.000000000000000000 ) ) ;
#3129 = DIRECTION ( 'NONE',  ( -4.336808689942017736E-16, 1.679277644031840470E-32, -1.000000000000000000 ) ) ;
#3130 =( LENGTH_UNIT ( ) NAMED_UNIT ( * ) SI_UNIT ( .MILLI., .METRE. ) );
#3131 = CARTESIAN_POINT ( 'NONE',  ( 3.299999999999999378, 0.2000000000000000389, 1.700000000000000178 ) ) ;
#3132 =( NAMED_UNIT ( * ) SI_UNIT ( $, .STERADIAN. ) SOLID_ANGLE_UNIT ( ) );
#3133 = VECTOR ( 'NONE', #3039, 1000.000000000000000 ) ;
#3134 =( GEOMETRIC_REPRESENTATION_CONTEXT ( 3 ) GLOBAL_UNCERTAINTY_ASSIGNED_CONTEXT ( ( #6079 ) ) GLOBAL_UNIT_ASSIGNED_CONTEXT ( ( #5435, #7614, #8349 ) ) REPRESENTATION_CONTEXT ( 'NONE', 'WORKASPACE' ) );
#3135 = DIRECTION ( 'NONE',  ( -0.7071067811865505703, -0.7071067811865444641, 1.662400053425828747E-32 ) ) ;
#3136 = DIRECTION ( 'NONE',  ( -1.000000000000000000, 0.0000000000000000000, 4.358601698434189525E-17 ) ) ;
#3137 = DIRECTION ( 'NONE',  ( 0.0000000000000000000, 0.0000000000000000000, 1.000000000000000000 ) ) ;
#3138 = EDGE_CURVE ( 'NONE', #9340, #5653, #2302, .T. ) ;
#3139 = ADVANCED_FACE ( 'NONE', ( #10137 ), #8326, .F. ) ;
#3140 = FILL_AREA_STYLE ('',( #2098 ) ) ;
#3141 = EDGE_CURVE ( 'NONE', #2408, #2785, #11560, .T. ) ;
#3142 = PLANE ( 'NONE',  #813 ) ;
#3143 = ORIENTED_EDGE ( 'NONE', *, *, #4040, .F. ) ;
#3144 = UNCERTAINTY_MEASURE_WITH_UNIT (LENGTH_MEASURE( 1.000000000000000082E-05 ), #12185, 'distance_accuracy_value', 'NONE');
#3145 = CARTESIAN_POINT ( 'NONE',  ( 5.750000000000000000, 1.800000000000000044, 0.2500000000000002220 ) ) ;
#3146 = LINE ( 'NONE', #2221, #11205 ) ;
#3147 = DIRECTION ( 'NONE',  ( -0.0000000000000000000, -0.0000000000000000000, 1.000000000000000000 ) ) ;
#3148 = CARTESIAN_POINT ( 'NONE',  ( 9.849999999999997868, 5.100000000000001421, -2.800000000000001155 ) ) ;
#3149 =( NAMED_UNIT ( * ) PLANE_ANGLE_UNIT ( ) SI_UNIT ( $, .RADIAN. ) );
#3150 = EDGE_LOOP ( 'NONE', ( #8459, #3455, #7415, #12570, #11249, #2620 ) ) ;
#3151 = DIRECTION ( 'NONE',  ( -3.833233541708420554E-17, -0.7071067811865447972, 0.7071067811865502373 ) ) ;
#3152 = UNCERTAINTY_MEASURE_WITH_UNIT (LENGTH_MEASURE( 1.000000000000000082E-05 ), #12256, 'distance_accuracy_value', 'NONE');
#3153 =( NAMED_UNIT ( * ) PLANE_ANGLE_UNIT ( ) SI_UNIT ( $, .RADIAN. ) );
#3154 = FILL_AREA_STYLE ('',( #10084 ) ) ;
#3155 = EDGE_CURVE ( 'NONE', #10183, #4810, #12389, .T. ) ;
#3156 = EDGE_CURVE ( 'NONE', #10149, #3047, #818, .T. ) ;
#3157 = PRESENTATION_LAYER_ASSIGNMENT (  '', '', ( #2535 ) ) ;
#3158 = ORIENTED_EDGE ( 'NONE', *, *, #6565, .F. ) ;
#3159 = FACE_OUTER_BOUND ( 'NONE', #11731, .T. ) ;
#3160 =( GEOMETRIC_REPRESENTATION_CONTEXT ( 3 ) GLOBAL_UNCERTAINTY_ASSIGNED_CONTEXT ( ( #2219 ) ) GLOBAL_UNIT_ASSIGNED_CONTEXT ( ( #9066, #4235, #4420 ) ) REPRESENTATION_CONTEXT ( 'NONE', 'WORKASPACE' ) );
#3161 = DIRECTION ( 'NONE',  ( 1.095153709581317798E-16, -1.000000000000000000, 0.0000000000000000000 ) ) ;
#3162 = PLANE ( 'NONE',  #7245 ) ;
#3163 = LINE ( 'NONE', #6261, #7629 ) ;
#3164 = DIRECTION ( 'NONE',  ( 1.000000000000000000, -5.421010862427522170E-17, 0.0000000000000000000 ) ) ;
#3165 = MECHANICAL_DESIGN_GEOMETRIC_PRESENTATION_REPRESENTATION (  '', ( #4432 ), #3811 ) ;
#3166 = CARTESIAN_POINT ( 'NONE',  ( 7.750000000000000000, -3.399999999999999911, 0.2500000000000002220 ) ) ;
#3167 = CARTESIAN_POINT ( 'NONE',  ( -1.350000000000000089, 1.149999999999999911, -2.350000000000001421 ) ) ;
#3168 = CARTESIAN_POINT ( 'NONE',  ( -1.950000000000000400, 1.380000000000000782, 1.300000000000000044 ) ) ;
#3169 = EDGE_CURVE ( 'NONE', #7454, #4659, #3661, .T. ) ;
#3170 = PLANE ( 'NONE',  #11314 ) ;
#3171 = LINE ( 'NONE', #6329, #9607 ) ;
#3172 = ORIENTED_EDGE ( 'NONE', *, *, #1401, .T. ) ;
#3173 = DIRECTION ( 'NONE',  ( 0.5773502691896192918, -0.5773502691896392758, -0.5773502691896188477 ) ) ;
#3174 = SURFACE_STYLE_USAGE ( .BOTH. , #6017 ) ;
#3175 =( NAMED_UNIT ( * ) SI_UNIT ( $, .STERADIAN. ) SOLID_ANGLE_UNIT ( ) );
#3176 = CARTESIAN_POINT ( 'NONE',  ( 7.750000000000000000, 5.000000000000000888, 0.2500000000000002220 ) ) ;
#3177 = ORIENTED_EDGE ( 'NONE', *, *, #10510, .F. ) ;
#3178 = STYLED_ITEM ( 'NONE', ( #9136 ), #2357 ) ;
#3179 = LINE ( 'NONE', #10961, #4155 ) ;
#3180 = FACE_OUTER_BOUND ( 'NONE', #9553, .T. ) ;
#3181 = SURFACE_STYLE_USAGE ( .BOTH. , #8072 ) ;
#3182 = SURFACE_STYLE_FILL_AREA ( #11738 ) ;
#3183 = EDGE_CURVE ( 'NONE', #10144, #10241, #5724, .T. ) ;
#3184 = DIRECTION ( 'NONE',  ( -1.000000000000000000, 5.421010862427522170E-17, 0.0000000000000000000 ) ) ;
#3185 = PRESENTATION_LAYER_ASSIGNMENT (  '', '', ( #1531 ) ) ;
#3186 = SURFACE_SIDE_STYLE ('',( #9012 ) ) ;
#3187 = VECTOR ( 'NONE', #3432, 1000.000000000000000 ) ;
#3188 = ORIENTED_EDGE ( 'NONE', *, *, #3068, .T. ) ;
#3189 = CARTESIAN_POINT ( 'NONE',  ( 17.95099999999999696, 4.500000000000000888, 0.3199999999999999512 ) ) ;
#3190 = DIRECTION ( 'NONE',  ( -0.0000000000000000000, 1.000000000000000000, 0.0000000000000000000 ) ) ;
#3191 = DIRECTION ( 'NONE',  ( 0.0000000000000000000, 0.0000000000000000000, 1.000000000000000000 ) ) ;
#3192 = UNCERTAINTY_MEASURE_WITH_UNIT (LENGTH_MEASURE( 1.000000000000000082E-05 ), #8134, 'distance_accuracy_value', 'NONE');
#3193 = ORIENTED_EDGE ( 'NONE', *, *, #10638, .T. ) ;
#3194 = ORIENTED_EDGE ( 'NONE', *, *, #3799, .T. ) ;
#3195 = CARTESIAN_POINT ( 'NONE',  ( 17.69999999999998863, 6.000000000000000000, 1.599999999999997202 ) ) ;
#3196 = ORIENTED_EDGE ( 'NONE', *, *, #9598, .T. ) ;
#3197 =( GEOMETRIC_REPRESENTATION_CONTEXT ( 3 ) GLOBAL_UNCERTAINTY_ASSIGNED_CONTEXT ( ( #2566 ) ) GLOBAL_UNIT_ASSIGNED_CONTEXT ( ( #264, #7686, #11542 ) ) REPRESENTATION_CONTEXT ( 'NONE', 'WORKASPACE' ) );
#3198 = EDGE_LOOP ( 'NONE', ( #6747, #3411, #11859, #7950 ) ) ;
#3199 = ORIENTED_EDGE ( 'NONE', *, *, #7719, .T. ) ;
#3200 = LINE ( 'NONE', #2150, #9230 ) ;
#3201 = SURFACE_STYLE_FILL_AREA ( #133 ) ;
#3202 = FACE_OUTER_BOUND ( 'NONE', #8002, .T. ) ;
#3203 = ORIENTED_EDGE ( 'NONE', *, *, #10895, .T. ) ;
#3204 = VERTEX_POINT ( 'NONE', #1714 ) ;
#3205 = PLANE ( 'NONE',  #6675 ) ;
#3206 = LINE ( 'NONE', #192, #6753 ) ;
#3207 = SURFACE_STYLE_USAGE ( .BOTH. , #9103 ) ;
#3208 = DIRECTION ( 'NONE',  ( -4.336808689942017736E-16, 0.0000000000000000000, -1.000000000000000000 ) ) ;
#3209 = EDGE_CURVE ( 'NONE', #11803, #7711, #7586, .T. ) ;
#3210 = VECTOR ( 'NONE', #1080, 1000.000000000000000 ) ;
#3211 = FACE_OUTER_BOUND ( 'NONE', #6512, .T. ) ;
#3212 = CARTESIAN_POINT ( 'NONE',  ( -1.180000000000000382, 4.229999999999999538, -2.801000000000000600 ) ) ;
#3213 = ORIENTED_EDGE ( 'NONE', *, *, #6632, .T. ) ;
#3214 = MECHANICAL_DESIGN_GEOMETRIC_PRESENTATION_REPRESENTATION (  '', ( #9565 ), #11969 ) ;
#3215 = ORIENTED_EDGE ( 'NONE', *, *, #7717, .T. ) ;
#3216 = CARTESIAN_POINT ( 'NONE',  ( 2.250000000000000000, -3.399999999999999911, 0.2500000000000002220 ) ) ;
#3217 = FACE_OUTER_BOUND ( 'NONE', #5852, .T. ) ;
#3218 = DIRECTION ( 'NONE',  ( -9.103382349328301547E-49, -2.350988701644575016E-32, -1.000000000000000000 ) ) ;
#3219 = CARTESIAN_POINT ( 'NONE',  ( 9.750000000000000000, -3.300000000000000266, 0.2500000000000002220 ) ) ;
#3220 = EDGE_LOOP ( 'NONE', ( #814, #12452, #9410, #12459, #3965, #6400 ) ) ;
#3221 = ADVANCED_FACE ( 'NONE', ( #9548 ), #4654, .T. ) ;
#3222 = LINE ( 'NONE', #1284, #6606 ) ;
#3223 = EDGE_CURVE ( 'NONE', #6596, #11147, #9415, .T. ) ;
#3224 = ADVANCED_FACE ( 'NONE', ( #617 ), #2683, .T. ) ;
#3225 = FILL_AREA_STYLE_COLOUR ( '', #11471 ) ;
#3226 = CARTESIAN_POINT ( 'NONE',  ( 17.17999999999999616, 4.230000000000002203, 1.249999999999997558 ) ) ;
#3227 = DIRECTION ( 'NONE',  ( -0.0000000000000000000, -0.0000000000000000000, 1.000000000000000000 ) ) ;
#3228 = LINE ( 'NONE', #2177, #5324 ) ;
#3229 = CARTESIAN_POINT ( 'NONE',  ( 1.749999999999999778, -3.399999999999999911, -0.2499999999999997780 ) ) ;
#3230 = FILL_AREA_STYLE_COLOUR ( '', #5627 ) ;
#3231 = LINE ( 'NONE', #7294, #2845 ) ;
#3232 = ORIENTED_EDGE ( 'NONE', *, *, #11115, .T. ) ;
#3233 = DIRECTION ( 'NONE',  ( -0.5773502691896267303, -0.5773502691896238437, 0.5773502691896267303 ) ) ;
#3234 = CARTESIAN_POINT ( 'NONE',  ( 3.750000000000000444, -3.399999999999999911, 0.2500000000000002220 ) ) ;
#3235 = DIRECTION ( 'NONE',  ( 0.0000000000000000000, 0.0000000000000000000, 1.000000000000000000 ) ) ;
#3236 = LINE ( 'NONE', #7051, #2056 ) ;
#3237 = STYLED_ITEM ( 'NONE', ( #6033 ), #7958 ) ;
#3238 = EDGE_CURVE ( 'NONE', #8962, #879, #3002, .T. ) ;
#3239 = FILL_AREA_STYLE_COLOUR ( '', #7627 ) ;
#3240 = CARTESIAN_POINT ( 'NONE',  ( -0.2499999999999997780, 5.000000000000000888, 0.2500000000000002220 ) ) ;
#3241 = PLANE ( 'NONE',  #11629 ) ;
#3242 = UNCERTAINTY_MEASURE_WITH_UNIT (LENGTH_MEASURE( 1.000000000000000082E-05 ), #152, 'distance_accuracy_value', 'NONE');
#3243 = FILL_AREA_STYLE ('',( #12107 ) ) ;
#3244 = FILL_AREA_STYLE ('',( #11973 ) ) ;
#3245 = CARTESIAN_POINT ( 'NONE',  ( 6.249999999999998224, -3.399999999999999911, 0.2500000000000002220 ) ) ;
#3246 = SURFACE_STYLE_FILL_AREA ( #10176 ) ;
#3247 = VECTOR ( 'NONE', #8735, 1000.000000000000000 ) ;
#3248 = VECTOR ( 'NONE', #8475, 1000.000000000000000 ) ;
#3249 = VECTOR ( 'NONE', #156, 1000.000000000000000 ) ;
#3250 = FILL_AREA_STYLE_COLOUR ( '', #3541 ) ;
#3251 = VERTEX_POINT ( 'NONE', #1844 ) ;
#3252 = DIRECTION ( 'NONE',  ( 1.000000000000000000, -0.0000000000000000000, 1.927470528863119049E-16 ) ) ;
#3253 = SURFACE_STYLE_FILL_AREA ( #9087 ) ;
#3254 = SURFACE_STYLE_FILL_AREA ( #10976 ) ;
#3255 = DIRECTION ( 'NONE',  ( 0.0000000000000000000, 1.000000000000000000, 0.0000000000000000000 ) ) ;
#3256 = PRESENTATION_LAYER_ASSIGNMENT (  '', '', ( #2200 ) ) ;
#3257 = ORIENTED_EDGE ( 'NONE', *, *, #10430, .F. ) ;
#3258 = VECTOR ( 'NONE', #12398, 1000.000000000000000 ) ;
#3259 = MECHANICAL_DESIGN_GEOMETRIC_PRESENTATION_REPRESENTATION (  '', ( #1591 ), #7 ) ;
#3260 = CARTESIAN_POINT ( 'NONE',  ( 0.2499999999999997780, -3.300000000000000266, -0.2499999999999997780 ) ) ;
#3261 = FILL_AREA_STYLE ('',( #11986 ) ) ;
#3262 = EDGE_LOOP ( 'NONE', ( #8544, #890, #4080, #4853, #5961, #12029 ) ) ;
#3263 = MECHANICAL_DESIGN_GEOMETRIC_PRESENTATION_REPRESENTATION (  '', ( #6351 ), #6765 ) ;
#3264 =( LENGTH_UNIT ( ) NAMED_UNIT ( * ) SI_UNIT ( .MILLI., .METRE. ) );
#3265 = VECTOR ( 'NONE', #1306, 1000.000000000000000 ) ;
#3266 = STYLED_ITEM ( 'NONE', ( #2715 ), #7253 ) ;
#3267 = MECHANICAL_DESIGN_GEOMETRIC_PRESENTATION_REPRESENTATION (  '', ( #12229 ), #5343 ) ;
#3268 = LINE ( 'NONE', #11989, #3495 ) ;
#3269 = ORIENTED_EDGE ( 'NONE', *, *, #2450, .T. ) ;
#3270 = DIRECTION ( 'NONE',  ( -0.0000000000000000000, -0.0000000000000000000, 1.000000000000000000 ) ) ;
#3271 =( GEOMETRIC_REPRESENTATION_CONTEXT ( 3 ) GLOBAL_UNCERTAINTY_ASSIGNED_CONTEXT ( ( #10185 ) ) GLOBAL_UNIT_ASSIGNED_CONTEXT ( ( #6950, #11576, #760 ) ) REPRESENTATION_CONTEXT ( 'NONE', 'WORKASPACE' ) );
#3272 =( NAMED_UNIT ( * ) PLANE_ANGLE_UNIT ( ) SI_UNIT ( $, .RADIAN. ) );
#3273 = LINE ( 'NONE', #2367, #2684 ) ;
#3274 = SURFACE_STYLE_USAGE ( .BOTH. , #6373 ) ;
#3275 = SURFACE_SIDE_STYLE ('',( #197 ) ) ;
#3276 = LINE ( 'NONE', #7205, #12265 ) ;
#3277 = COLOUR_RGB ( '',1.000000000000000000, 0.8117647058823529438, 0.5019607843137254832 ) ;
#3278 = AXIS2_PLACEMENT_3D ( 'NONE', #5870, #5920, #4910 ) ;
#3279 =( NAMED_UNIT ( * ) SI_UNIT ( $, .STERADIAN. ) SOLID_ANGLE_UNIT ( ) );
#3280 = DIRECTION ( 'NONE',  ( 1.000000000000000000, -5.421010862427522170E-17, 0.0000000000000000000 ) ) ;
#3281 = ORIENTED_EDGE ( 'NONE', *, *, #4273, .F. ) ;
#3282 = ORIENTED_EDGE ( 'NONE', *, *, #3868, .F. ) ;
#3283 =( NAMED_UNIT ( * ) SI_UNIT ( $, .STERADIAN. ) SOLID_ANGLE_UNIT ( ) );
#3284 = SURFACE_STYLE_USAGE ( .BOTH. , #5427 ) ;
#3285 = MECHANICAL_DESIGN_GEOMETRIC_PRESENTATION_REPRESENTATION (  '', ( #9425 ), #5553 ) ;
#3286 = CARTESIAN_POINT ( 'NONE',  ( 11.75000000000000000, 0.2000000000000000111, -0.2499999999999997780 ) ) ;
#3287 = PLANE ( 'NONE',  #11494 ) ;
#3288 = ORIENTED_EDGE ( 'NONE', *, *, #3551, .T. ) ;
#3289 = DIRECTION ( 'NONE',  ( -1.000000000000000000, 5.421010862427522170E-17, 0.0000000000000000000 ) ) ;
#3290 = STYLED_ITEM ( 'NONE', ( #3081 ), #9305 ) ;
#3291 = MECHANICAL_DESIGN_GEOMETRIC_PRESENTATION_REPRESENTATION (  '', ( #5561 ), #4351 ) ;
#3292 = VECTOR ( 'NONE', #10412, 1000.000000000000000 ) ;
#3293 = VERTEX_POINT ( 'NONE', #8007 ) ;
#3294 = CARTESIAN_POINT ( 'NONE',  ( 11.75000000000000000, -3.300000000000000266, 0.2500000000000002220 ) ) ;
#3295 =( NAMED_UNIT ( * ) SI_UNIT ( $, .STERADIAN. ) SOLID_ANGLE_UNIT ( ) );
#3296 = DIRECTION ( 'NONE',  ( -5.421010862427522170E-17, -1.000000000000000000, 2.350988701644575016E-32 ) ) ;
#3297 =( NAMED_UNIT ( * ) PLANE_ANGLE_UNIT ( ) SI_UNIT ( $, .RADIAN. ) );
#3298 = PRESENTATION_LAYER_ASSIGNMENT (  '', '', ( #3733 ) ) ;
#3299 = PRESENTATION_STYLE_ASSIGNMENT (( #11909 ) ) ;
#3300 = ADVANCED_FACE ( 'NONE', ( #5074, #3931 ), #2089, .T. ) ;
#3301 = AXIS2_PLACEMENT_3D ( 'NONE', #2106, #4025, #2039 ) ;
#3302 =( NAMED_UNIT ( * ) PLANE_ANGLE_UNIT ( ) SI_UNIT ( $, .RADIAN. ) );
#3303 = EDGE_CURVE ( 'NONE', #907, #7965, #12576, .T. ) ;
#3304 = ORIENTED_EDGE ( 'NONE', *, *, #1514, .T. ) ;
#3305 = PRESENTATION_LAYER_ASSIGNMENT (  '', '', ( #11656 ) ) ;
#3306 = FILL_AREA_STYLE_COLOUR ( '', #1896 ) ;
#3307 = ADVANCED_FACE ( 'NONE', ( #2876 ), #9745, .F. ) ;
#3308 = FILL_AREA_STYLE_COLOUR ( '', #836 ) ;
#3309 = SURFACE_STYLE_USAGE ( .BOTH. , #4241 ) ;
#3310 = ORIENTED_EDGE ( 'NONE', *, *, #2529, .F. ) ;
#3311 = CARTESIAN_POINT ( 'NONE',  ( 7.750000000000000000, 5.000000000000000888, 0.2500000000000002220 ) ) ;
#3312 = MECHANICAL_DESIGN_GEOMETRIC_PRESENTATION_REPRESENTATION (  '', ( #7219 ), #7234 ) ;
#3313 =( LENGTH_UNIT ( ) NAMED_UNIT ( * ) SI_UNIT ( .MILLI., .METRE. ) );
#3314 = SURFACE_SIDE_STYLE ('',( #232 ) ) ;
#3315 = VECTOR ( 'NONE', #6021, 1000.000000000000000 ) ;
#3316 = FACE_OUTER_BOUND ( 'NONE', #1158, .T. ) ;
#3317 =( LENGTH_UNIT ( ) NAMED_UNIT ( * ) SI_UNIT ( .MILLI., .METRE. ) );
#3318 = DIRECTION ( 'NONE',  ( -1.000000000000000000, 3.872150616019661422E-17, -0.0000000000000000000 ) ) ;
#3319 =( NAMED_UNIT ( * ) SI_UNIT ( $, .STERADIAN. ) SOLID_ANGLE_UNIT ( ) );
#3320 = AXIS2_PLACEMENT_3D ( 'NONE', #8981, #205, #6184 ) ;
#3321 = ADVANCED_FACE ( 'NONE', ( #5270 ), #6093, .F. ) ;
#3322 = PLANE ( 'NONE',  #7847 ) ;
#3323 = VECTOR ( 'NONE', #3819, 1000.000000000000000 ) ;
#3324 = ORIENTED_EDGE ( 'NONE', *, *, #1316, .F. ) ;
#3325 =( NAMED_UNIT ( * ) SI_UNIT ( $, .STERADIAN. ) SOLID_ANGLE_UNIT ( ) );
#3326 =( LENGTH_UNIT ( ) NAMED_UNIT ( * ) SI_UNIT ( .MILLI., .METRE. ) );
#3327 = SURFACE_SIDE_STYLE ('',( #9275 ) ) ;
#3328 =( NAMED_UNIT ( * ) PLANE_ANGLE_UNIT ( ) SI_UNIT ( $, .RADIAN. ) );
#3329 = VECTOR ( 'NONE', #3097, 1000.000000000000000 ) ;
#3330 = VERTEX_POINT ( 'NONE', #10240 ) ;
#3331 = AXIS2_PLACEMENT_3D ( 'NONE', #496, #1520, #697 ) ;
#3332 = AXIS2_PLACEMENT_3D ( 'NONE', #5387, #4188, #12163 ) ;
#3333 = ORIENTED_EDGE ( 'NONE', *, *, #6713, .T. ) ;
#3334 = PRESENTATION_LAYER_ASSIGNMENT (  '', '', ( #1260 ) ) ;
#3335 = LINE ( 'NONE', #3530, #345 ) ;
#3336 = LINE ( 'NONE', #11058, #5780 ) ;
#3337 = VECTOR ( 'NONE', #3763, 1000.000000000000000 ) ;
#3338 = EDGE_CURVE ( 'NONE', #9704, #4572, #5330, .T. ) ;
#3339 = EDGE_CURVE ( 'NONE', #423, #903, #9018, .T. ) ;
#3340 = STYLED_ITEM ( 'NONE', ( #595 ), #12349 ) ;
#3341 = DIRECTION ( 'NONE',  ( 1.000000000000000000, 0.0000000000000000000, -0.0000000000000000000 ) ) ;
#3342 = VECTOR ( 'NONE', #8172, 1000.000000000000000 ) ;
#3343 = VERTEX_POINT ( 'NONE', #5398 ) ;
#3344 = EDGE_CURVE ( 'NONE', #11317, #6725, #9144, .T. ) ;
#3345 = SURFACE_SIDE_STYLE ('',( #8202 ) ) ;
#3346 = FACE_OUTER_BOUND ( 'NONE', #7065, .T. ) ;
#3347 = DIRECTION ( 'NONE',  ( -1.000000000000000000, -0.0000000000000000000, -0.0000000000000000000 ) ) ;
#3348 = COLOUR_RGB ( '',1.000000000000000000, 0.8117647058823529438, 0.5019607843137254832 ) ;
#3349 = PRESENTATION_STYLE_ASSIGNMENT (( #10074 ) ) ;
#3350 = COLOUR_RGB ( '',1.000000000000000000, 0.8117647058823529438, 0.5019607843137254832 ) ;
#3351 = FILL_AREA_STYLE ('',( #263 ) ) ;
#3352 = CARTESIAN_POINT ( 'NONE',  ( 4.750000000000000888, 3.399999999999999467, -2.350000000000001421 ) ) ;
#3353 = LINE ( 'NONE', #10143, #2482 ) ;
#3354 = EDGE_CURVE ( 'NONE', #4389, #283, #10977, .T. ) ;
#3355 = SURFACE_STYLE_USAGE ( .BOTH. , #10941 ) ;
#3356 = EDGE_CURVE ( 'NONE', #966, #9034, #4316, .T. ) ;
#3357 = LINE ( 'NONE', #10890, #2023 ) ;
#3358 = VERTEX_POINT ( 'NONE', #7124 ) ;
#3359 = CARTESIAN_POINT ( 'NONE',  ( -0.2500000000000004441, -3.399999999999999911, -0.2499999999999997780 ) ) ;
#3360 = UNCERTAINTY_MEASURE_WITH_UNIT (LENGTH_MEASURE( 1.000000000000000082E-05 ), #2239, 'distance_accuracy_value', 'NONE');
#3361 =( NAMED_UNIT ( * ) PLANE_ANGLE_UNIT ( ) SI_UNIT ( $, .RADIAN. ) );
#3362 = CARTESIAN_POINT ( 'NONE',  ( 6.249999999999998224, 0.2000000000000000111, 0.2500000000000002220 ) ) ;
#3363 = LINE ( 'NONE', #3489, #6425 ) ;
#3364 = ORIENTED_EDGE ( 'NONE', *, *, #4387, .F. ) ;
#3365 = SURFACE_STYLE_USAGE ( .BOTH. , #10154 ) ;
#3366 = SURFACE_STYLE_FILL_AREA ( #12088 ) ;
#3367 = FILL_AREA_STYLE_COLOUR ( '', #10376 ) ;
#3368 = EDGE_LOOP ( 'NONE', ( #6143, #10271, #4867, #11063 ) ) ;
#3369 = CARTESIAN_POINT ( 'NONE',  ( 0.7000000000000066169, 0.0000000000000000000, -2.800000000000000266 ) ) ;
#3370 = FILL_AREA_STYLE ('',( #1149 ) ) ;
#3371 = CARTESIAN_POINT ( 'NONE',  ( 10.75000000000000000, 3.149999999999999023, -2.050000000000001599 ) ) ;
#3372 = DIRECTION ( 'NONE',  ( 0.0000000000000000000, 0.0000000000000000000, 1.000000000000000000 ) ) ;
#3373 = SURFACE_STYLE_FILL_AREA ( #7162 ) ;
#3374 = ORIENTED_EDGE ( 'NONE', *, *, #12342, .T. ) ;
#3375 = CARTESIAN_POINT ( 'NONE',  ( 12.25000000000000000, 5.000000000000000888, 0.2500000000000002220 ) ) ;
#3376 = PRESENTATION_STYLE_ASSIGNMENT (( #9073 ) ) ;
#3377 = LINE ( 'NONE', #9129, #9185 ) ;
#3378 = LINE ( 'NONE', #157, #3521 ) ;
#3379 = SURFACE_STYLE_FILL_AREA ( #724 ) ;
#3380 = COLOUR_RGB ( '',1.000000000000000000, 0.8117647058823529438, 0.5019607843137254832 ) ;
#3381 = ADVANCED_FACE ( 'NONE', ( #10054, #8135 ), #9205, .F. ) ;
#3382 = UNCERTAINTY_MEASURE_WITH_UNIT (LENGTH_MEASURE( 1.000000000000000082E-05 ), #6627, 'distance_accuracy_value', 'NONE');
#3383 =( NAMED_UNIT ( * ) PLANE_ANGLE_UNIT ( ) SI_UNIT ( $, .RADIAN. ) );
#3384 = UNCERTAINTY_MEASURE_WITH_UNIT (LENGTH_MEASURE( 1.000000000000000082E-05 ), #8929, 'distance_accuracy_value', 'NONE');
#3385 =( LENGTH_UNIT ( ) NAMED_UNIT ( * ) SI_UNIT ( .MILLI., .METRE. ) );
#3386 =( NAMED_UNIT ( * ) SI_UNIT ( $, .STERADIAN. ) SOLID_ANGLE_UNIT ( ) );
#3387 = DIRECTION ( 'NONE',  ( -3.833233541708432880E-17, -0.7071067811865471286, -0.7071067811865479058 ) ) ;
#3388 = FILL_AREA_STYLE_COLOUR ( '', #11303 ) ;
#3389 = VERTEX_POINT ( 'NONE', #4761 ) ;
#3390 = PRESENTATION_LAYER_ASSIGNMENT (  '', '', ( #5040 ) ) ;
#3391 = LINE ( 'NONE', #11170, #10625 ) ;
#3392 = VERTEX_POINT ( 'NONE', #9596 ) ;
#3393 = SURFACE_STYLE_USAGE ( .BOTH. , #4445 ) ;
#3394 = CARTESIAN_POINT ( 'NONE',  ( 3.750000000000000444, -3.399999999999999911, -0.2499999999999997780 ) ) ;
#3395 = ORIENTED_EDGE ( 'NONE', *, *, #7147, .F. ) ;
#3396 = EDGE_LOOP ( 'NONE', ( #11307, #1297, #8555, #7402 ) ) ;
#3397 = ORIENTED_EDGE ( 'NONE', *, *, #5597, .F. ) ;
#3398 = UNCERTAINTY_MEASURE_WITH_UNIT (LENGTH_MEASURE( 1.000000000000000082E-05 ), #9882, 'distance_accuracy_value', 'NONE');
#3399 = EDGE_CURVE ( 'NONE', #4344, #11564, #1558, .T. ) ;
#3400 = EDGE_CURVE ( 'NONE', #7514, #10067, #8513, .T. ) ;
#3401 = VECTOR ( 'NONE', #11907, 1000.000000000000000 ) ;
#3402 = SURFACE_STYLE_USAGE ( .BOTH. , #2410 ) ;
#3403 = DIRECTION ( 'NONE',  ( 1.000000000000000000, -5.421010862427522170E-17, 0.0000000000000000000 ) ) ;
#3404 = CARTESIAN_POINT ( 'NONE',  ( 13.16666666666666430, -4.383333333333333748, -0.8333333333333317050 ) ) ;
#3405 = FACE_OUTER_BOUND ( 'NONE', #8195, .T. ) ;
#3406 = DIRECTION ( 'NONE',  ( 0.0000000000000000000, -0.7071067811865451302, 0.7071067811865500152 ) ) ;
#3407 = SURFACE_STYLE_USAGE ( .BOTH. , #6300 ) ;
#3408 = DIRECTION ( 'NONE',  ( 4.336808689942017736E-16, 0.0000000000000000000, 1.000000000000000000 ) ) ;
#3409 = MECHANICAL_DESIGN_GEOMETRIC_PRESENTATION_REPRESENTATION (  '', ( #1747 ), #3197 ) ;
#3410 = CARTESIAN_POINT ( 'NONE',  ( 1.749999999999999778, 1.800000000000000044, -0.2499999999999997780 ) ) ;
#3411 = ORIENTED_EDGE ( 'NONE', *, *, #406, .T. ) ;
#3412 = ADVANCED_FACE ( 'NONE', ( #4640 ), #1498, .F. ) ;
#3413 = EDGE_CURVE ( 'NONE', #9871, #8711, #8375, .T. ) ;
#3414 = FACE_OUTER_BOUND ( 'NONE', #6966, .T. ) ;
#3415 = PLANE ( 'NONE',  #6312 ) ;
#3416 = FILL_AREA_STYLE ('',( #1454 ) ) ;
#3417 = LINE ( 'NONE', #11191, #9183 ) ;
#3418 = VERTEX_POINT ( 'NONE', #12235 ) ;
#3419 =( GEOMETRIC_REPRESENTATION_CONTEXT ( 3 ) GLOBAL_UNCERTAINTY_ASSIGNED_CONTEXT ( ( #8649 ) ) GLOBAL_UNIT_ASSIGNED_CONTEXT ( ( #615, #7267, #2363 ) ) REPRESENTATION_CONTEXT ( 'NONE', 'WORKASPACE' ) );
#3420 = ORIENTED_EDGE ( 'NONE', *, *, #7939, .T. ) ;
#3421 = SURFACE_SIDE_STYLE ('',( #12131 ) ) ;
#3422 = STYLED_ITEM ( 'NONE', ( #11801 ), #101 ) ;
#3423 = CARTESIAN_POINT ( 'NONE',  ( 4.250000000000000000, 5.000000000000000888, -0.2499999999999997780 ) ) ;
#3424 = ORIENTED_EDGE ( 'NONE', *, *, #5069, .T. ) ;
#3426 =( GEOMETRIC_REPRESENTATION_CONTEXT ( 3 ) GLOBAL_UNCERTAINTY_ASSIGNED_CONTEXT ( ( #5992 ) ) GLOBAL_UNIT_ASSIGNED_CONTEXT ( ( #1976, #9820, #5160 ) ) REPRESENTATION_CONTEXT ( 'NONE', 'WORKASPACE' ) );
#3425 = FILL_AREA_STYLE ('',( #5928 ) ) ;
#3427 = DIRECTION ( 'NONE',  ( 4.336808689942017736E-16, 0.0000000000000000000, 1.000000000000000000 ) ) ;
#3428 = PLANE ( 'NONE',  #4395 ) ;
#3429 = ORIENTED_EDGE ( 'NONE', *, *, #7890, .T. ) ;
#3430 = AXIS2_PLACEMENT_3D ( 'NONE', #10122, #1312, #7316 ) ;
#3431 = SURFACE_SIDE_STYLE ('',( #3493 ) ) ;
#3432 = DIRECTION ( 'NONE',  ( -0.0000000000000000000, -0.0000000000000000000, 1.000000000000000000 ) ) ;
#3433 = MECHANICAL_DESIGN_GEOMETRIC_PRESENTATION_REPRESENTATION (  '', ( #745 ), #12595 ) ;
#3434 = DIRECTION ( 'NONE',  ( 0.0000000000000000000, 0.0000000000000000000, -1.000000000000000000 ) ) ;
#3435 = SURFACE_SIDE_STYLE ('',( #3497 ) ) ;
#3436 = LINE ( 'NONE', #7351, #9708 ) ;
#3437 = ORIENTED_EDGE ( 'NONE', *, *, #2497, .T. ) ;
#3438 = CARTESIAN_POINT ( 'NONE',  ( -1.180000000000000382, 4.229999999999999538, 1.700000000000000178 ) ) ;
#3439 = EDGE_LOOP ( 'NONE', ( #12169, #11336, #7645, #5334 ) ) ;
#3440 = PRESENTATION_STYLE_ASSIGNMENT (( #11152 ) ) ;
#3441 = ORIENTED_EDGE ( 'NONE', *, *, #3632, .T. ) ;
#3442 = PLANE ( 'NONE',  #8785 ) ;
#3443 =( LENGTH_UNIT ( ) NAMED_UNIT ( * ) SI_UNIT ( .MILLI., .METRE. ) );
#3444 = CARTESIAN_POINT ( 'NONE',  ( 9.250000000000001776, 3.399999999999999467, -2.050000000000001599 ) ) ;
#3445 =( NAMED_UNIT ( * ) SI_UNIT ( $, .STERADIAN. ) SOLID_ANGLE_UNIT ( ) );
#3446 = ORIENTED_EDGE ( 'NONE', *, *, #9326, .F. ) ;
#3447 = PRESENTATION_LAYER_ASSIGNMENT (  '', '', ( #6322 ) ) ;
#3448 = EDGE_LOOP ( 'NONE', ( #2892, #159, #8672, #7583 ) ) ;
#3449 = VERTEX_POINT ( 'NONE', #6672 ) ;
#3450 = PRESENTATION_STYLE_ASSIGNMENT (( #7436 ) ) ;
#3451 = DIRECTION ( 'NONE',  ( -3.872150616019660190E-17, -1.000000000000000000, 0.0000000000000000000 ) ) ;
#3452 = SURFACE_STYLE_FILL_AREA ( #8185 ) ;
#3453 = DIRECTION ( 'NONE',  ( 0.0000000000000000000, 0.0000000000000000000, -1.000000000000000000 ) ) ;
#3454 = VECTOR ( 'NONE', #3998, 1000.000000000000000 ) ;
#3455 = ORIENTED_EDGE ( 'NONE', *, *, #2512, .F. ) ;
#3456 = EDGE_CURVE ( 'NONE', #5936, #1627, #5512, .T. ) ;
#3457 = CARTESIAN_POINT ( 'NONE',  ( 15.75000000000000000, 5.000000000000000888, -0.2499999999999997780 ) ) ;
#3458 =( LENGTH_UNIT ( ) NAMED_UNIT ( * ) SI_UNIT ( .MILLI., .METRE. ) );
#3459 = CARTESIAN_POINT ( 'NONE',  ( -0.1500000000000040745, -3.399999999999999911, 0.1500000000000042966 ) ) ;
#3460 = FILL_AREA_STYLE_COLOUR ( '', #6407 ) ;
#3461 = AXIS2_PLACEMENT_3D ( 'NONE', #6101, #2152, #11754 ) ;
#3462 = DIRECTION ( 'NONE',  ( 1.000000000000000000, 0.0000000000000000000, 0.0000000000000000000 ) ) ;
#3463 = DIRECTION ( 'NONE',  ( -0.0000000000000000000, 1.000000000000000000, -0.0000000000000000000 ) ) ;
#3464 = ORIENTED_EDGE ( 'NONE', *, *, #6170, .T. ) ;
#3465 = ADVANCED_FACE ( 'NONE', ( #11315 ), #2664, .T. ) ;
#3466 = ADVANCED_FACE ( 'NONE', ( #7929 ), #9782, .T. ) ;
#3467 = CARTESIAN_POINT ( 'NONE',  ( -1.350000000000000089, 6.000000000000000000, -0.6800000000000000488 ) ) ;
#3468 = DIRECTION ( 'NONE',  ( 0.0000000000000000000, -0.0000000000000000000, 1.000000000000000000 ) ) ;
#3469 = PRESENTATION_LAYER_ASSIGNMENT (  '', '', ( #6355 ) ) ;
#3470 = FILL_AREA_STYLE_COLOUR ( '', #7201 ) ;
#3471 = PRESENTATION_LAYER_ASSIGNMENT (  '', '', ( #7578 ) ) ;
#3472 =( GEOMETRIC_REPRESENTATION_CONTEXT ( 3 ) GLOBAL_UNCERTAINTY_ASSIGNED_CONTEXT ( ( #4565 ) ) GLOBAL_UNIT_ASSIGNED_CONTEXT ( ( #9074, #819, #9969 ) ) REPRESENTATION_CONTEXT ( 'NONE', 'WORKASPACE' ) );
#3473 = PLANE ( 'NONE',  #4195 ) ;
#3474 = AXIS2_PLACEMENT_3D ( 'NONE', #9312, #4688, #10537 ) ;
#3475 = CARTESIAN_POINT ( 'NONE',  ( 10.75000000000000000, 3.400000000000000355, -2.350000000000001865 ) ) ;
#3476 = CARTESIAN_POINT ( 'NONE',  ( 14.84999999999999432, 6.000000000000001776, 1.700000000000000178 ) ) ;
#3477 = VERTEX_POINT ( 'NONE', #3992 ) ;
#3478 = COLOUR_RGB ( '',1.000000000000000000, 1.000000000000000000, 1.000000000000000000 ) ;
#3479 = PRESENTATION_STYLE_ASSIGNMENT (( #10329 ) ) ;
#3480 = VECTOR ( 'NONE', #6424, 1000.000000000000000 ) ;
#3481 = CARTESIAN_POINT ( 'NONE',  ( 9.250000000000001776, 1.149999999999999911, -2.050000000000001599 ) ) ;
#3482 = ORIENTED_EDGE ( 'NONE', *, *, #12501, .F. ) ;
#3483 = EDGE_CURVE ( 'NONE', #5468, #12175, #114, .T. ) ;
#3484 = DIRECTION ( 'NONE',  ( -9.103382349328301547E-49, -2.350988701644575016E-32, -1.000000000000000000 ) ) ;
#3485 =( NAMED_UNIT ( * ) PLANE_ANGLE_UNIT ( ) SI_UNIT ( $, .RADIAN. ) );
#3486 = STYLED_ITEM ( 'NONE', ( #8777 ), #8809 ) ;
#3487 = UNCERTAINTY_MEASURE_WITH_UNIT (LENGTH_MEASURE( 1.000000000000000082E-05 ), #8535, 'distance_accuracy_value', 'NONE');
#3488 = ADVANCED_FACE ( 'NONE', ( #970 ), #10837, .T. ) ;
#3489 = CARTESIAN_POINT ( 'NONE',  ( 17.94999999999999574, 0.0000000000000000000, 1.699999999999999289 ) ) ;
#3490 = COLOUR_RGB ( '',1.000000000000000000, 0.8117647058823529438, 0.5019607843137254832 ) ;
#3491 = VECTOR ( 'NONE', #11667, 1000.000000000000000 ) ;
#3492 = STYLED_ITEM ( 'NONE', ( #2343 ), #5440 ) ;
#3493 = SURFACE_STYLE_FILL_AREA ( #1676 ) ;
#3494 =( NAMED_UNIT ( * ) PLANE_ANGLE_UNIT ( ) SI_UNIT ( $, .RADIAN. ) );
#3495 = VECTOR ( 'NONE', #9098, 1000.000000000000000 ) ;
#3496 = CARTESIAN_POINT ( 'NONE',  ( 3.750000000000000444, -3.300000000000000266, 0.2500000000000002220 ) ) ;
#3497 = SURFACE_STYLE_FILL_AREA ( #775 ) ;
#3498 = DIRECTION ( 'NONE',  ( -1.000000000000000000, 3.872150616019660190E-17, 0.0000000000000000000 ) ) ;
#3499 = ADVANCED_FACE ( 'NONE', ( #5060 ), #1041, .T. ) ;
#3500 = VECTOR ( 'NONE', #6970, 1000.000000000000114 ) ;
#3501 = DIRECTION ( 'NONE',  ( 3.872150616019660190E-17, 1.000000000000000000, -0.0000000000000000000 ) ) ;
#3502 = EDGE_LOOP ( 'NONE', ( #884, #3846, #12573, #4770, #11678 ) ) ;
#3503 = CARTESIAN_POINT ( 'NONE',  ( 17.94999999999999574, 0.0000000000000000000, 1.699999999999999289 ) ) ;
#3504 = CARTESIAN_POINT ( 'NONE',  ( -1.949999999999999956, 6.000000000000000000, -2.800000000000000266 ) ) ;
#3505 = EDGE_CURVE ( 'NONE', #5827, #5019, #10166, .T. ) ;
#3506 = VECTOR ( 'NONE', #5210, 1000.000000000000000 ) ;
#3507 = FILL_AREA_STYLE ('',( #2579 ) ) ;
#3508 = PRESENTATION_STYLE_ASSIGNMENT (( #12223 ) ) ;
#3509 = EDGE_CURVE ( 'NONE', #2724, #9592, #6209, .T. ) ;
#3510 = COLOUR_RGB ( '',1.000000000000000000, 0.8117647058823529438, 0.5019607843137254832 ) ;
#3511 = UNCERTAINTY_MEASURE_WITH_UNIT (LENGTH_MEASURE( 1.000000000000000082E-05 ), #5346, 'distance_accuracy_value', 'NONE');
#3512 = VERTEX_POINT ( 'NONE', #8244 ) ;
#3513 = DIRECTION ( 'NONE',  ( -4.336808689942017736E-16, 1.679277644031840470E-32, -1.000000000000000000 ) ) ;
#3514 = DIRECTION ( 'NONE',  ( -0.0000000000000000000, 1.000000000000000000, -0.0000000000000000000 ) ) ;
#3515 = STYLED_ITEM ( 'NONE', ( #3666 ), #10081 ) ;
#3516 = STYLED_ITEM ( 'NONE', ( #9540 ), #9417 ) ;
#3517 = VECTOR ( 'NONE', #9973, 1000.000000000000000 ) ;
#3518 = EDGE_CURVE ( 'NONE', #11564, #6803, #6332, .T. ) ;
#3519 = EDGE_LOOP ( 'NONE', ( #6384, #5854, #10495, #10524 ) ) ;
#3520 = SURFACE_SIDE_STYLE ('',( #8260 ) ) ;
#3521 = VECTOR ( 'NONE', #280, 1000.000000000000000 ) ;
#3522 = DIRECTION ( 'NONE',  ( -0.0000000000000000000, -0.0000000000000000000, -1.000000000000000000 ) ) ;
#3523 = VERTEX_POINT ( 'NONE', #10222 ) ;
#3524 = VECTOR ( 'NONE', #5009, 1000.000000000000114 ) ;
#3525 = ORIENTED_EDGE ( 'NONE', *, *, #2529, .T. ) ;
#3526 = UNCERTAINTY_MEASURE_WITH_UNIT (LENGTH_MEASURE( 1.000000000000000082E-05 ), #7664, 'distance_accuracy_value', 'NONE');
#3527 = MECHANICAL_DESIGN_GEOMETRIC_PRESENTATION_REPRESENTATION (  '', ( #12053 ), #6816 ) ;
#3528 = PRESENTATION_LAYER_ASSIGNMENT (  '', '', ( #7821 ) ) ;
#3529 = AXIS2_PLACEMENT_3D ( 'NONE', #4460, #9157, #7475 ) ;
#3530 = CARTESIAN_POINT ( 'NONE',  ( 16.08333333333333570, 5.166666666666668739, 0.08333333333333413362 ) ) ;
#3531 = LINE ( 'NONE', #10317, #4144 ) ;
#3532 = AXIS2_PLACEMENT_3D ( 'NONE', #5045, #12011, #5294 ) ;
#3533 = VECTOR ( 'NONE', #8798, 1000.000000000000000 ) ;
#3534 = FILL_AREA_STYLE ('',( #1505 ) ) ;
#3535 = MECHANICAL_DESIGN_GEOMETRIC_PRESENTATION_REPRESENTATION (  '', ( #7440 ), #4992 ) ;
#3536 = DIRECTION ( 'NONE',  ( -1.000000000000000000, 5.421010862427522170E-17, 0.0000000000000000000 ) ) ;
#3537 = CARTESIAN_POINT ( 'NONE',  ( -0.7000000000000005107, 0.0000000000000000000, -2.800000000000000266 ) ) ;
#3538 = PRESENTATION_STYLE_ASSIGNMENT (( #6750 ) ) ;
#3539 = CARTESIAN_POINT ( 'NONE',  ( 1.250000000000000666, 3.149999999999999023, -2.050000000000001599 ) ) ;
#3540 = FACE_OUTER_BOUND ( 'NONE', #6642, .T. ) ;
#3541 = COLOUR_RGB ( '',1.000000000000000000, 1.000000000000000000, 1.000000000000000000 ) ;
#3542 = VERTEX_POINT ( 'NONE', #10032 ) ;
#3543 = STYLED_ITEM ( 'NONE', ( #8477 ), #4814 ) ;
#3544 = ORIENTED_EDGE ( 'NONE', *, *, #1089, .T. ) ;
#3545 = VECTOR ( 'NONE', #10584, 1000.000000000000000 ) ;
#3546 = ORIENTED_EDGE ( 'NONE', *, *, #12009, .F. ) ;
#3547 = VECTOR ( 'NONE', #4194, 1000.000000000000000 ) ;
#3548 =( NAMED_UNIT ( * ) SI_UNIT ( $, .STERADIAN. ) SOLID_ANGLE_UNIT ( ) );
#3549 = FACE_OUTER_BOUND ( 'NONE', #1886, .T. ) ;
#3550 = EDGE_CURVE ( 'NONE', #4826, #2680, #3236, .T. ) ;
#3551 = EDGE_CURVE ( 'NONE', #1308, #6596, #1414, .T. ) ;
#3552 = FILL_AREA_STYLE ('',( #2554 ) ) ;
#3553 = ADVANCED_FACE ( 'NONE', ( #1350 ), #2336, .F. ) ;
#3554 = FACE_OUTER_BOUND ( 'NONE', #4185, .T. ) ;
#3555 = MECHANICAL_DESIGN_GEOMETRIC_PRESENTATION_REPRESENTATION (  '', ( #248 ), #10499 ) ;
#3556 = DIRECTION ( 'NONE',  ( 0.0000000000000000000, -0.0000000000000000000, 1.000000000000000000 ) ) ;
#3557 = VERTEX_POINT ( 'NONE', #4298 ) ;
#3558 = CARTESIAN_POINT ( 'NONE',  ( -0.2499999999999997780, 5.000000000000000888, 0.2500000000000002220 ) ) ;
#3559 = SURFACE_STYLE_FILL_AREA ( #8673 ) ;
#3560 = CARTESIAN_POINT ( 'NONE',  ( 14.14999999999999858, -3.399999999999999911, 0.1500000000000008271 ) ) ;
#3561 = COLOUR_RGB ( '',1.000000000000000000, 0.8117647058823529438, 0.5019607843137254832 ) ;
#3562 = FILL_AREA_STYLE_COLOUR ( '', #3943 ) ;
#3563 = DIRECTION ( 'NONE',  ( -0.0000000000000000000, 1.000000000000000000, -0.0000000000000000000 ) ) ;
#3564 = STYLED_ITEM ( 'NONE', ( #7862 ), #4541 ) ;
#3565 = DIRECTION ( 'NONE',  ( 1.000000000000000000, 0.0000000000000000000, 0.0000000000000000000 ) ) ;
#3566 = FACE_OUTER_BOUND ( 'NONE', #3368, .T. ) ;
#3567 = EDGE_CURVE ( 'NONE', #8077, #8083, #5253, .T. ) ;
#3568 = EDGE_CURVE ( 'NONE', #4344, #2332, #336, .T. ) ;
#3569 = PRESENTATION_LAYER_ASSIGNMENT (  '', '', ( #6239 ) ) ;
#3570 = LINE ( 'NONE', #11402, #5186 ) ;
#3571 = LINE ( 'NONE', #11405, #12087 ) ;
#3572 = CARTESIAN_POINT ( 'NONE',  ( 10.69999999999999751, 0.1999999999999999833, -2.800000000000000266 ) ) ;
#3573 = PRESENTATION_STYLE_ASSIGNMENT (( #1746 ) ) ;
#3574 = ORIENTED_EDGE ( 'NONE', *, *, #3354, .T. ) ;
#3575 = FACE_OUTER_BOUND ( 'NONE', #2804, .T. ) ;
#3576 = AXIS2_PLACEMENT_3D ( 'NONE', #1339, #5843, #11089 ) ;
#3577 = EDGE_CURVE ( 'NONE', #3786, #10945, #3378, .T. ) ;
#3578 =( NAMED_UNIT ( * ) PLANE_ANGLE_UNIT ( ) SI_UNIT ( $, .RADIAN. ) );
#3579 = ADVANCED_FACE ( 'NONE', ( #8176 ), #5191, .T. ) ;
#3580 =( NAMED_UNIT ( * ) PLANE_ANGLE_UNIT ( ) SI_UNIT ( $, .RADIAN. ) );
#3581 = DIRECTION ( 'NONE',  ( -1.000000000000000000, 0.0000000000000000000, -0.0000000000000000000 ) ) ;
#3582 = PLANE ( 'NONE',  #1201 ) ;
#3583 = ORIENTED_EDGE ( 'NONE', *, *, #5044, .T. ) ;
#3584 =( NAMED_UNIT ( * ) SI_UNIT ( $, .STERADIAN. ) SOLID_ANGLE_UNIT ( ) );
#3585 = VERTEX_POINT ( 'NONE', #12421 ) ;
#3586 = DIRECTION ( 'NONE',  ( 0.0000000000000000000, 1.000000000000000000, 0.0000000000000000000 ) ) ;
#3587 =( NAMED_UNIT ( * ) SI_UNIT ( $, .STERADIAN. ) SOLID_ANGLE_UNIT ( ) );
#3588 = VERTEX_POINT ( 'NONE', #10298 ) ;
#3589 = COLOUR_RGB ( '',1.000000000000000000, 0.8117647058823529438, 0.5019607843137254832 ) ;
#3590 = EDGE_CURVE ( 'NONE', #1660, #8782, #12360, .T. ) ;
#3591 = ORIENTED_EDGE ( 'NONE', *, *, #4855, .F. ) ;
#3592 =( LENGTH_UNIT ( ) NAMED_UNIT ( * ) SI_UNIT ( .MILLI., .METRE. ) );
#3593 = SURFACE_SIDE_STYLE ('',( #12568 ) ) ;
#3594 = EDGE_CURVE ( 'NONE', #12384, #8708, #2717, .T. ) ;
#3595 =( GEOMETRIC_REPRESENTATION_CONTEXT ( 3 ) GLOBAL_UNCERTAINTY_ASSIGNED_CONTEXT ( ( #12359 ) ) GLOBAL_UNIT_ASSIGNED_CONTEXT ( ( #8458, #7191, #10133 ) ) REPRESENTATION_CONTEXT ( 'NONE', 'WORKASPACE' ) );
#3596 =( LENGTH_UNIT ( ) NAMED_UNIT ( * ) SI_UNIT ( .MILLI., .METRE. ) );
#3597 = ORIENTED_EDGE ( 'NONE', *, *, #5736, .T. ) ;
#3598 = VERTEX_POINT ( 'NONE', #2528 ) ;
#3599 = CARTESIAN_POINT ( 'NONE',  ( 6.049999999999999822, -3.399999999999999911, 0.1500000000000008271 ) ) ;
#3600 = VERTEX_POINT ( 'NONE', #3504 ) ;
#3601 = CARTESIAN_POINT ( 'NONE',  ( 11.91666666666666607, 5.166666666666666963, -0.08333333333333542425 ) ) ;
#3602 =( LENGTH_UNIT ( ) NAMED_UNIT ( * ) SI_UNIT ( .MILLI., .METRE. ) );
#3603 = SURFACE_STYLE_FILL_AREA ( #8755 ) ;
#3604 =( GEOMETRIC_REPRESENTATION_CONTEXT ( 3 ) GLOBAL_UNCERTAINTY_ASSIGNED_CONTEXT ( ( #7552 ) ) GLOBAL_UNIT_ASSIGNED_CONTEXT ( ( #360, #9409, #2415 ) ) REPRESENTATION_CONTEXT ( 'NONE', 'WORKASPACE' ) );
#3605 = VECTOR ( 'NONE', #8128, 1000.000000000000000 ) ;
#3606 = LINE ( 'NONE', #10517, #7012 ) ;
#3607 = FILL_AREA_STYLE_COLOUR ( '', #6190 ) ;
#3608 = ORIENTED_EDGE ( 'NONE', *, *, #8790, .F. ) ;
#3609 = FILL_AREA_STYLE ('',( #7477 ) ) ;
#3610 = ORIENTED_EDGE ( 'NONE', *, *, #2443, .T. ) ;
#3611 = DIRECTION ( 'NONE',  ( 0.0000000000000000000, 1.000000000000000000, 0.0000000000000000000 ) ) ;
#3612 = ORIENTED_EDGE ( 'NONE', *, *, #1355, .F. ) ;
#3613 = LINE ( 'NONE', #3558, #2192 ) ;
#3614 = CARTESIAN_POINT ( 'NONE',  ( 12.69999999999999929, 0.1999999999999999833, -2.800000000000000266 ) ) ;
#3615 = PLANE ( 'NONE',  #3760 ) ;
#3616 = EDGE_CURVE ( 'NONE', #5936, #3627, #10409, .T. ) ;
#3617 = SURFACE_STYLE_USAGE ( .BOTH. , #12406 ) ;
#3618 = CARTESIAN_POINT ( 'NONE',  ( 16.21999999999999531, 6.000000000000000000, 1.599999999999999867 ) ) ;
#3619 = CARTESIAN_POINT ( 'NONE',  ( -0.2500000000000000000, 5.000000000000000888, -0.2499999999999997780 ) ) ;
#3620 = UNCERTAINTY_MEASURE_WITH_UNIT (LENGTH_MEASURE( 1.000000000000000082E-05 ), #4695, 'distance_accuracy_value', 'NONE');
#3621 = CARTESIAN_POINT ( 'NONE',  ( 14.24999999999999822, 5.000000000000000888, 0.2500000000000002220 ) ) ;
#3622 =( LENGTH_UNIT ( ) NAMED_UNIT ( * ) SI_UNIT ( .MILLI., .METRE. ) );
#3623 = LINE ( 'NONE', #2632, #9962 ) ;
#3624 = CARTESIAN_POINT ( 'NONE',  ( 1.149999999999999911, 6.000000000000000000, -2.801000000000000600 ) ) ;
#3625 =( NAMED_UNIT ( * ) SI_UNIT ( $, .STERADIAN. ) SOLID_ANGLE_UNIT ( ) );
#3626 = DIRECTION ( 'NONE',  ( -3.872150616019660190E-17, -1.000000000000000000, 0.0000000000000000000 ) ) ;
#3627 = VERTEX_POINT ( 'NONE', #721 ) ;
#3628 = DIRECTION ( 'NONE',  ( 0.0000000000000000000, -1.000000000000000000, -0.0000000000000000000 ) ) ;
#3629 = VERTEX_POINT ( 'NONE', #11221 ) ;
#3630 = ADVANCED_FACE ( 'NONE', ( #12221 ), #469, .F. ) ;
#3631 = FILL_AREA_STYLE_COLOUR ( '', #11020 ) ;
#3632 = EDGE_CURVE ( 'NONE', #7215, #9890, #7356, .T. ) ;
#3633 = CARTESIAN_POINT ( 'NONE',  ( 3.849999999999999645, 5.100000000000001421, -0.1500000000000003830 ) ) ;
#3634 = EDGE_CURVE ( 'NONE', #9592, #6291, #5558, .T. ) ;
#3635 = DIRECTION ( 'NONE',  ( -1.095153709581317798E-16, 1.000000000000000000, -0.0000000000000000000 ) ) ;
#3636 = SURFACE_STYLE_FILL_AREA ( #7363 ) ;
#3637 =( NAMED_UNIT ( * ) SI_UNIT ( $, .STERADIAN. ) SOLID_ANGLE_UNIT ( ) );
#3638 = SURFACE_STYLE_USAGE ( .BOTH. , #3708 ) ;
#3639 = CARTESIAN_POINT ( 'NONE',  ( 10.14999999999999858, -3.399999999999999911, 0.2500000000000002220 ) ) ;
#3640 = COLOUR_RGB ( '',1.000000000000000000, 1.000000000000000000, 1.000000000000000000 ) ;
#3641 = VERTEX_POINT ( 'NONE', #8354 ) ;
#3642 = LINE ( 'NONE', #5767, #9680 ) ;
#3643 = ORIENTED_EDGE ( 'NONE', *, *, #8639, .T. ) ;
#3644 = VECTOR ( 'NONE', #5475, 1000.000000000000000 ) ;
#3645 = VERTEX_POINT ( 'NONE', #6591 ) ;
#3646 = FACE_OUTER_BOUND ( 'NONE', #1578, .T. ) ;
#3647 = DIRECTION ( 'NONE',  ( -1.000000000000000000, 3.872150616019661422E-17, 0.0000000000000000000 ) ) ;
#3648 = EDGE_CURVE ( 'NONE', #7454, #1113, #5639, .T. ) ;
#3649 = CARTESIAN_POINT ( 'NONE',  ( 17.94999999999999574, 6.000000000000000000, 1.699999999999999289 ) ) ;
#3650 = ORIENTED_EDGE ( 'NONE', *, *, #11957, .T. ) ;
#3651 = ORIENTED_EDGE ( 'NONE', *, *, #8771, .F. ) ;
#3652 = CARTESIAN_POINT ( 'NONE',  ( -1.949999999999999956, 1.800000000000000044, -0.2499999999999997780 ) ) ;
#3653 = SURFACE_STYLE_USAGE ( .BOTH. , #10681 ) ;
#3654 =( GEOMETRIC_REPRESENTATION_CONTEXT ( 3 ) GLOBAL_UNCERTAINTY_ASSIGNED_CONTEXT ( ( #1722 ) ) GLOBAL_UNIT_ASSIGNED_CONTEXT ( ( #5463, #1437, #8137 ) ) REPRESENTATION_CONTEXT ( 'NONE', 'WORKASPACE' ) );
#3655 =( NAMED_UNIT ( * ) SI_UNIT ( $, .STERADIAN. ) SOLID_ANGLE_UNIT ( ) );
#3656 =( NAMED_UNIT ( * ) PLANE_ANGLE_UNIT ( ) SI_UNIT ( $, .RADIAN. ) );
#3657 = EDGE_LOOP ( 'NONE', ( #6150, #10933, #10386, #7723 ) ) ;
#3658 = CARTESIAN_POINT ( 'NONE',  ( 15.25000000000000000, 1.149999999999999911, -2.050000000000001599 ) ) ;
#3659 = ORIENTED_EDGE ( 'NONE', *, *, #7856, .F. ) ;
#3660 = SURFACE_STYLE_USAGE ( .BOTH. , #12388 ) ;
#3661 = LINE ( 'NONE', #7465, #7696 ) ;
#3662 = LINE ( 'NONE', #6551, #7156 ) ;
#3663 = CARTESIAN_POINT ( 'NONE',  ( 13.29999999999999893, 0.2000000000000000389, -2.800000000000000266 ) ) ;
#3664 =( GEOMETRIC_REPRESENTATION_CONTEXT ( 3 ) GLOBAL_UNCERTAINTY_ASSIGNED_CONTEXT ( ( #9988 ) ) GLOBAL_UNIT_ASSIGNED_CONTEXT ( ( #10792, #6, #821 ) ) REPRESENTATION_CONTEXT ( 'NONE', 'WORKASPACE' ) );
#3665 = ORIENTED_EDGE ( 'NONE', *, *, #3550, .F. ) ;
#3666 = PRESENTATION_STYLE_ASSIGNMENT (( #4660 ) ) ;
#3667 = SURFACE_STYLE_USAGE ( .BOTH. , #10629 ) ;
#3668 = SURFACE_SIDE_STYLE ('',( #12397 ) ) ;
#3669 = ORIENTED_EDGE ( 'NONE', *, *, #6465, .T. ) ;
#3670 = LINE ( 'NONE', #757, #5941 ) ;
#3671 = ORIENTED_EDGE ( 'NONE', *, *, #1152, .T. ) ;
#3672 = DIRECTION ( 'NONE',  ( 1.000000000000000000, -5.421010862427522170E-17, 0.0000000000000000000 ) ) ;
#3673 = UNCERTAINTY_MEASURE_WITH_UNIT (LENGTH_MEASURE( 1.000000000000000082E-05 ), #10364, 'distance_accuracy_value', 'NONE');
#3674 = CARTESIAN_POINT ( 'NONE',  ( 13.74999999999999822, 5.000000000000000888, -0.2499999999999997780 ) ) ;
#3675 = COLOUR_RGB ( '',1.000000000000000000, 0.8117647058823529438, 0.5019607843137254832 ) ;
#3676 =( GEOMETRIC_REPRESENTATION_CONTEXT ( 3 ) GLOBAL_UNCERTAINTY_ASSIGNED_CONTEXT ( ( #5840 ) ) GLOBAL_UNIT_ASSIGNED_CONTEXT ( ( #4291, #8988, #4236 ) ) REPRESENTATION_CONTEXT ( 'NONE', 'WORKASPACE' ) );
#3677 = PRESENTATION_LAYER_ASSIGNMENT (  '', '', ( #11996 ) ) ;
#3678 = ORIENTED_EDGE ( 'NONE', *, *, #8449, .T. ) ;
#3679 = CARTESIAN_POINT ( 'NONE',  ( -1.350000000000000089, 1.799999999999999600, 1.249999999999996669 ) ) ;
#3680 =( NAMED_UNIT ( * ) PLANE_ANGLE_UNIT ( ) SI_UNIT ( $, .RADIAN. ) );
#3681 = LINE ( 'NONE', #4726, #8435 ) ;
#3682 = FILL_AREA_STYLE_COLOUR ( '', #12243 ) ;
#3683 = DIRECTION ( 'NONE',  ( -0.7071067811865492381, 0.7071067811865457964, -0.0000000000000000000 ) ) ;
#3684 =( GEOMETRIC_REPRESENTATION_CONTEXT ( 3 ) GLOBAL_UNCERTAINTY_ASSIGNED_CONTEXT ( ( #11176 ) ) GLOBAL_UNIT_ASSIGNED_CONTEXT ( ( #6746, #3656, #5782 ) ) REPRESENTATION_CONTEXT ( 'NONE', 'WORKASPACE' ) );
#3685 = PLANE ( 'NONE',  #5971 ) ;
#3686 = MECHANICAL_DESIGN_GEOMETRIC_PRESENTATION_REPRESENTATION (  '', ( #10419 ), #5931 ) ;
#3687 = FACE_OUTER_BOUND ( 'NONE', #5332, .T. ) ;
#3688 = VECTOR ( 'NONE', #5481, 1000.000000000000000 ) ;
#3689 = AXIS2_PLACEMENT_3D ( 'NONE', #9314, #10297, #6467 ) ;
#3690 = APPLICATION_CONTEXT ( 'automotive_design' ) ;
#3691 = FACE_OUTER_BOUND ( 'NONE', #3198, .T. ) ;
#3692 = VERTEX_POINT ( 'NONE', #4625 ) ;
#3693 = CARTESIAN_POINT ( 'NONE',  ( 12.25000000000000000, 5.000000000000000888, 0.2500000000000002220 ) ) ;
#3694 = SURFACE_STYLE_USAGE ( .BOTH. , #3435 ) ;
#3695 = STYLED_ITEM ( 'NONE', ( #6462 ), #8470 ) ;
#3696 = UNCERTAINTY_MEASURE_WITH_UNIT (LENGTH_MEASURE( 1.000000000000000082E-05 ), #2156, 'distance_accuracy_value', 'NONE');
#3697 = CARTESIAN_POINT ( 'NONE',  ( 2.750000000000000444, 3.149999999999999023, -2.050000000000001599 ) ) ;
#3698 = ORIENTED_EDGE ( 'NONE', *, *, #10129, .F. ) ;
#3699 = DIRECTION ( 'NONE',  ( 1.000000000000000000, -5.421010862427522170E-17, 0.0000000000000000000 ) ) ;
#3700 = MECHANICAL_DESIGN_GEOMETRIC_PRESENTATION_REPRESENTATION (  '', ( #2863 ), #807 ) ;
#3701 = UNCERTAINTY_MEASURE_WITH_UNIT (LENGTH_MEASURE( 1.000000000000000082E-05 ), #7506, 'distance_accuracy_value', 'NONE');
#3702 = ORIENTED_EDGE ( 'NONE', *, *, #9485, .F. ) ;
#3703 = DIRECTION ( 'NONE',  ( -4.336808689942017736E-16, 0.0000000000000000000, -1.000000000000000000 ) ) ;
#3704 = STYLED_ITEM ( 'NONE', ( #5168 ), #8705 ) ;
#3705 = DIRECTION ( 'NONE',  ( 1.000000000000000000, -0.0000000000000000000, 0.0000000000000000000 ) ) ;
#3706 = SURFACE_STYLE_FILL_AREA ( #10486 ) ;
#3707 = FILL_AREA_STYLE ('',( #727 ) ) ;
#3708 = SURFACE_SIDE_STYLE ('',( #1611 ) ) ;
#3709 = CARTESIAN_POINT ( 'NONE',  ( 15.30000000000000071, 0.2000000000000000389, 1.700000000000000178 ) ) ;
#3710 = EDGE_CURVE ( 'NONE', #9591, #3800, #10357, .T. ) ;
#3711 = CARTESIAN_POINT ( 'NONE',  ( 8.250000000000000000, 1.800000000000000044, -2.800000000000000266 ) ) ;
#3712 = ADVANCED_FACE ( 'NONE', ( #8429 ), #9379, .F. ) ;
#3713 = EDGE_CURVE ( 'NONE', #1840, #7125, #8623, .T. ) ;
#3714 = DIRECTION ( 'NONE',  ( -1.000000000000000000, 0.0000000000000000000, 0.0000000000000000000 ) ) ;
#3715 = COLOUR_RGB ( '',1.000000000000000000, 0.8117647058823529438, 0.5019607843137254832 ) ;
#3716 = VERTEX_POINT ( 'NONE', #7797 ) ;
#3717 = AXIS2_PLACEMENT_3D ( 'NONE', #12448, #9679, #5657 ) ;
#3718 = FILL_AREA_STYLE ('',( #9534 ) ) ;
#3719 = SURFACE_STYLE_USAGE ( .BOTH. , #8699 ) ;
#3720 = SURFACE_SIDE_STYLE ('',( #1624 ) ) ;
#3721 = DIRECTION ( 'NONE',  ( 0.0000000000000000000, 0.0000000000000000000, 1.000000000000000000 ) ) ;
#3722 = ORIENTED_EDGE ( 'NONE', *, *, #11286, .F. ) ;
#3723 = CIRCLE ( 'NONE', #5358, 0.4999999999999995559 ) ;
#3724 = EDGE_LOOP ( 'NONE', ( #4093, #11750, #4692, #3093 ) ) ;
#3725 = FILL_AREA_STYLE_COLOUR ( '', #8416 ) ;
#3726 = MECHANICAL_DESIGN_GEOMETRIC_PRESENTATION_REPRESENTATION (  '', ( #12463 ), #2255 ) ;
#3727 = PRESENTATION_LAYER_ASSIGNMENT (  '', '', ( #7006 ) ) ;
#3728 = STYLED_ITEM ( 'NONE', ( #4191 ), #1027 ) ;
#3729 = VECTOR ( 'NONE', #1693, 1000.000000000000000 ) ;
#3730 = SURFACE_STYLE_FILL_AREA ( #1908 ) ;
#3731 = EDGE_CURVE ( 'NONE', #12201, #2761, #11655, .T. ) ;
#3732 = AXIS2_PLACEMENT_3D ( 'NONE', #5601, #10383, #10323 ) ;
#3733 = STYLED_ITEM ( 'NONE', ( #6867 ), #3466 ) ;
#3734 = DIRECTION ( 'NONE',  ( -4.336808689942017736E-16, 0.0000000000000000000, -1.000000000000000000 ) ) ;
#3735 = ORIENTED_EDGE ( 'NONE', *, *, #9907, .F. ) ;
#3736 = DIRECTION ( 'NONE',  ( 0.0000000000000000000, -0.0000000000000000000, 1.000000000000000000 ) ) ;
#3737 = COLOUR_RGB ( '',1.000000000000000000, 0.8117647058823529438, 0.5019607843137254832 ) ;
#3738 = VERTEX_POINT ( 'NONE', #2915 ) ;
#3739 = PLANE ( 'NONE',  #1758 ) ;
#3740 =( NAMED_UNIT ( * ) PLANE_ANGLE_UNIT ( ) SI_UNIT ( $, .RADIAN. ) );
#3741 = VERTEX_POINT ( 'NONE', #6783 ) ;
#3742 = AXIS2_PLACEMENT_3D ( 'NONE', #4941, #3721, #5891 ) ;
#3743 = FILL_AREA_STYLE ('',( #3470 ) ) ;
#3744 = ORIENTED_EDGE ( 'NONE', *, *, #6733, .F. ) ;
#3745 = AXIS2_PLACEMENT_3D ( 'NONE', #1967, #8844, #3137 ) ;
#3746 = MECHANICAL_DESIGN_GEOMETRIC_PRESENTATION_REPRESENTATION (  '', ( #12484 ), #11259 ) ;
#3747 = ORIENTED_EDGE ( 'NONE', *, *, #800, .T. ) ;
#3748 = LINE ( 'NONE', #12395, #37 ) ;
#3749 = LINE ( 'NONE', #12527, #6508 ) ;
#3750 = FILL_AREA_STYLE ('',( #9555 ) ) ;
#3751 = VECTOR ( 'NONE', #8355, 1000.000000000000000 ) ;
#3752 = CARTESIAN_POINT ( 'NONE',  ( 3.750000000000000444, -3.399999999999999911, -0.2499999999999997780 ) ) ;
#3753 = MECHANICAL_DESIGN_GEOMETRIC_PRESENTATION_REPRESENTATION (  '', ( #5173 ), #8224 ) ;
#3754 = VECTOR ( 'NONE', #1014, 1000.000000000000000 ) ;
#3755 = VECTOR ( 'NONE', #8365, 1000.000000000000000 ) ;
#3756 = FILL_AREA_STYLE_COLOUR ( '', #12020 ) ;
#3757 = COLOUR_RGB ( '',1.000000000000000000, 0.8117647058823529438, 0.5019607843137254832 ) ;
#3758 = VERTEX_POINT ( 'NONE', #4920 ) ;
#3759 = CARTESIAN_POINT ( 'NONE',  ( 3.166666666666666963, -4.383333333333333748, -0.8333333333333317050 ) ) ;
#3760 = AXIS2_PLACEMENT_3D ( 'NONE', #1788, #11394, #2623 ) ;
#3761 = VECTOR ( 'NONE', #3092, 1000.000000000000000 ) ;
#3762 = DIRECTION ( 'NONE',  ( 1.000000000000000000, -5.421010862427522170E-17, 0.0000000000000000000 ) ) ;
#3763 = DIRECTION ( 'NONE',  ( -0.0000000000000000000, -0.0000000000000000000, 1.000000000000000000 ) ) ;
#3764 = UNCERTAINTY_MEASURE_WITH_UNIT (LENGTH_MEASURE( 1.000000000000000082E-05 ), #1768, 'distance_accuracy_value', 'NONE');
#3765 = FACE_OUTER_BOUND ( 'NONE', #5658, .T. ) ;
#3766 = COLOUR_RGB ( '',1.000000000000000000, 0.8117647058823529438, 0.5019607843137254832 ) ;
#3767 = ORIENTED_EDGE ( 'NONE', *, *, #9750, .T. ) ;
#3768 = MECHANICAL_DESIGN_GEOMETRIC_PRESENTATION_REPRESENTATION (  '', ( #11688 ), #8850 ) ;
#3769 = DIRECTION ( 'NONE',  ( 1.000000000000000000, -3.872150616019660190E-17, -4.336808689942017736E-16 ) ) ;
#3770 = ORIENTED_EDGE ( 'NONE', *, *, #281, .T. ) ;
#3771 = AXIS2_PLACEMENT_3D ( 'NONE', #9987, #3255, #6148 ) ;
#3772 = CARTESIAN_POINT ( 'NONE',  ( 0.6999999999999988454, 0.1999999999999999833, -2.800000000000000266 ) ) ;
#3773 = CARTESIAN_POINT ( 'NONE',  ( 12.25000000000000000, -3.300000000000000266, 0.2500000000000002220 ) ) ;
#3774 = VECTOR ( 'NONE', #12084, 1000.000000000000000 ) ;
#3775 = CARTESIAN_POINT ( 'NONE',  ( 14.24999999999999822, -3.399999999999999911, 0.2500000000000002220 ) ) ;
#3776 = VECTOR ( 'NONE', #12508, 1000.000000000000000 ) ;
#3777 = CARTESIAN_POINT ( 'NONE',  ( 1.750000000000000222, 5.000000000000000888, -0.2499999999999997780 ) ) ;
#3778 = ORIENTED_EDGE ( 'NONE', *, *, #8618, .T. ) ;
#3779 =( NAMED_UNIT ( * ) PLANE_ANGLE_UNIT ( ) SI_UNIT ( $, .RADIAN. ) );
#3780 = EDGE_CURVE ( 'NONE', #2417, #9163, #12493, .T. ) ;
#3781 =( NAMED_UNIT ( * ) SI_UNIT ( $, .STERADIAN. ) SOLID_ANGLE_UNIT ( ) );
#3782 = FILL_AREA_STYLE ('',( #5823 ) ) ;
#3783 = DIRECTION ( 'NONE',  ( 4.336808689942017736E-16, 0.0000000000000000000, 1.000000000000000000 ) ) ;
#3784 = EDGE_LOOP ( 'NONE', ( #5536, #6751, #12215, #1258 ) ) ;
#3785 = DIRECTION ( 'NONE',  ( -1.084202172485504237E-15, -1.000000000000000000, 0.0000000000000000000 ) ) ;
#3786 = VERTEX_POINT ( 'NONE', #3030 ) ;
#3787 = COLOUR_RGB ( '',0.7921568627450980005, 0.8196078431372548767, 0.9333333333333333481 ) ;
#3788 = DIRECTION ( 'NONE',  ( -5.421010862427522170E-17, -1.000000000000000000, 2.350988701644575016E-32 ) ) ;
#3789 = FILL_AREA_STYLE ('',( #1081 ) ) ;
#3790 = CARTESIAN_POINT ( 'NONE',  ( 9.250000000000001776, 3.399999999999999467, -2.050000000000001599 ) ) ;
#3791 = VERTEX_POINT ( 'NONE', #7916 ) ;
#3792 = CARTESIAN_POINT ( 'NONE',  ( 10.24999999999999822, 0.2000000000000000111, -0.2499999999999997780 ) ) ;
#3793 = CARTESIAN_POINT ( 'NONE',  ( 16.25000000000000000, 5.000000000000000888, 0.2500000000000002220 ) ) ;
#3794 = LINE ( 'NONE', #6526, #581 ) ;
#3795 = DIRECTION ( 'NONE',  ( -1.000000000000000000, 0.0000000000000000000, 0.0000000000000000000 ) ) ;
#3796 = ORIENTED_EDGE ( 'NONE', *, *, #4211, .F. ) ;
#3797 = PRESENTATION_STYLE_ASSIGNMENT (( #8644 ) ) ;
#3798 = ORIENTED_EDGE ( 'NONE', *, *, #10190, .T. ) ;
#3799 = EDGE_CURVE ( 'NONE', #1416, #7016, #3833, .T. ) ;
#3800 = VERTEX_POINT ( 'NONE', #1883 ) ;
#3801 = FILL_AREA_STYLE ('',( #5842 ) ) ;
#3802 = EDGE_LOOP ( 'NONE', ( #7319, #5455, #4552, #8826 ) ) ;
#3803 = DIRECTION ( 'NONE',  ( -0.0000000000000000000, -0.0000000000000000000, -1.000000000000000000 ) ) ;
#3804 = VERTEX_POINT ( 'NONE', #5697 ) ;
#3805 = ORIENTED_EDGE ( 'NONE', *, *, #8930, .F. ) ;
#3806 =( NAMED_UNIT ( * ) SI_UNIT ( $, .STERADIAN. ) SOLID_ANGLE_UNIT ( ) );
#3807 = DIRECTION ( 'NONE',  ( 0.0000000000000000000, 1.000000000000000000, 0.0000000000000000000 ) ) ;
#3808 = SURFACE_SIDE_STYLE ('',( #4595 ) ) ;
#3809 = ADVANCED_FACE ( 'NONE', ( #852 ), #9644, .F. ) ;
#3810 = EDGE_CURVE ( 'NONE', #8740, #1842, #11592, .T. ) ;
#3811 =( GEOMETRIC_REPRESENTATION_CONTEXT ( 3 ) GLOBAL_UNCERTAINTY_ASSIGNED_CONTEXT ( ( #8026 ) ) GLOBAL_UNIT_ASSIGNED_CONTEXT ( ( #11939, #11991, #6370 ) ) REPRESENTATION_CONTEXT ( 'NONE', 'WORKASPACE' ) );
#3812 = PLANE ( 'NONE',  #6934 ) ;
#3813 =( NAMED_UNIT ( * ) PLANE_ANGLE_UNIT ( ) SI_UNIT ( $, .RADIAN. ) );
#3814 = CARTESIAN_POINT ( 'NONE',  ( 17.94999999999999574, 0.8200000000000045031, 1.300000000000000044 ) ) ;
#3815 = ORIENTED_EDGE ( 'NONE', *, *, #10369, .F. ) ;
#3816 = DIRECTION ( 'NONE',  ( -0.0000000000000000000, 0.0000000000000000000, 1.000000000000000000 ) ) ;
#3817 = ORIENTED_EDGE ( 'NONE', *, *, #3183, .T. ) ;
#3818 = LINE ( 'NONE', #1787, #5668 ) ;
#3819 = DIRECTION ( 'NONE',  ( -0.0000000000000000000, 1.000000000000000000, -0.0000000000000000000 ) ) ;
#3820 = VECTOR ( 'NONE', #11600, 1000.000000000000000 ) ;
#3821 = CARTESIAN_POINT ( 'NONE',  ( 3.750000000000000444, 1.800000000000000044, -0.2499999999999997780 ) ) ;
#3822 = EDGE_CURVE ( 'NONE', #12268, #1734, #8920, .T. ) ;
#3823 = SURFACE_SIDE_STYLE ('',( #6705 ) ) ;
#3824 = ORIENTED_EDGE ( 'NONE', *, *, #4435, .F. ) ;
#3825 = PRESENTATION_STYLE_ASSIGNMENT (( #8679 ) ) ;
#3826 =( LENGTH_UNIT ( ) NAMED_UNIT ( * ) SI_UNIT ( .MILLI., .METRE. ) );
#3827 = DIRECTION ( 'NONE',  ( -0.0000000000000000000, 0.7071067811865457964, 0.7071067811865492381 ) ) ;
#3828 = UNCERTAINTY_MEASURE_WITH_UNIT (LENGTH_MEASURE( 1.000000000000000082E-05 ), #2262, 'distance_accuracy_value', 'NONE');
#3829 = CARTESIAN_POINT ( 'NONE',  ( 17.34999999999999076, 5.650000000000002132, 1.249999999999997558 ) ) ;
#3830 = DIRECTION ( 'NONE',  ( -4.336808689942017736E-16, 0.0000000000000000000, -1.000000000000000000 ) ) ;
#3831 = EDGE_LOOP ( 'NONE', ( #2498, #6352, #4845, #10533 ) ) ;
#3832 = PRESENTATION_STYLE_ASSIGNMENT (( #8622 ) ) ;
#3833 = LINE ( 'NONE', #6722, #8645 ) ;
#3834 = LINE ( 'NONE', #7798, #6620 ) ;
#3835 = MECHANICAL_DESIGN_GEOMETRIC_PRESENTATION_REPRESENTATION (  '', ( #7716 ), #1503 ) ;
#3836 = ORIENTED_EDGE ( 'NONE', *, *, #6632, .F. ) ;
#3837 = CARTESIAN_POINT ( 'NONE',  ( -0.7000000000000002887, 0.2000000000000000389, -2.800000000000000266 ) ) ;
#3838 = PRESENTATION_STYLE_ASSIGNMENT (( #6008 ) ) ;
#3839 = ORIENTED_EDGE ( 'NONE', *, *, #2048, .T. ) ;
#3840 = EDGE_CURVE ( 'NONE', #2785, #12512, #7220, .T. ) ;
#3841 = FILL_AREA_STYLE_COLOUR ( '', #5256 ) ;
#3842 = SURFACE_SIDE_STYLE ('',( #1990 ) ) ;
#3843 =( NAMED_UNIT ( * ) PLANE_ANGLE_UNIT ( ) SI_UNIT ( $, .RADIAN. ) );
#3844 = ORIENTED_EDGE ( 'NONE', *, *, #104, .T. ) ;
#3845 =( LENGTH_UNIT ( ) NAMED_UNIT ( * ) SI_UNIT ( .MILLI., .METRE. ) );
#3846 = ORIENTED_EDGE ( 'NONE', *, *, #8871, .T. ) ;
#3847 = COLOUR_RGB ( '',1.000000000000000000, 1.000000000000000000, 1.000000000000000000 ) ;
#3848 = ORIENTED_EDGE ( 'NONE', *, *, #5361, .T. ) ;
#3849 =( NAMED_UNIT ( * ) SI_UNIT ( $, .STERADIAN. ) SOLID_ANGLE_UNIT ( ) );
#3850 = PRESENTATION_LAYER_ASSIGNMENT (  '', '', ( #9344 ) ) ;
#3851 = ORIENTED_EDGE ( 'NONE', *, *, #10648, .F. ) ;
#3852 = FILL_AREA_STYLE_COLOUR ( '', #5089 ) ;
#3853 = DIRECTION ( 'NONE',  ( 0.0000000000000000000, 0.0000000000000000000, -1.000000000000000000 ) ) ;
#3854 = VERTEX_POINT ( 'NONE', #3362 ) ;
#3855 = ADVANCED_FACE ( 'NONE', ( #8108 ), #1086, .F. ) ;
#3856 = VERTEX_POINT ( 'NONE', #3286 ) ;
#3857 = VERTEX_POINT ( 'NONE', #4160 ) ;
#3858 = FACE_OUTER_BOUND ( 'NONE', #1556, .T. ) ;
#3859 =( NAMED_UNIT ( * ) PLANE_ANGLE_UNIT ( ) SI_UNIT ( $, .RADIAN. ) );
#3860 =( LENGTH_UNIT ( ) NAMED_UNIT ( * ) SI_UNIT ( .MILLI., .METRE. ) );
#3861 = LINE ( 'NONE', #7759, #11220 ) ;
#3862 = EDGE_LOOP ( 'NONE', ( #2101, #9672, #2339, #7193 ) ) ;
#3863 = AXIS2_PLACEMENT_3D ( 'NONE', #743, #12447, #810 ) ;
#3864 = PLANE ( 'NONE',  #4772 ) ;
#3865 = DIRECTION ( 'NONE',  ( -1.000000000000000000, 5.421010862427522170E-17, 0.0000000000000000000 ) ) ;
#3866 = DIRECTION ( 'NONE',  ( -1.000000000000000000, 0.0000000000000000000, -0.0000000000000000000 ) ) ;
#3867 =( NAMED_UNIT ( * ) SI_UNIT ( $, .STERADIAN. ) SOLID_ANGLE_UNIT ( ) );
#3868 = EDGE_CURVE ( 'NONE', #3588, #8077, #2050, .T. ) ;
#3869 = EDGE_CURVE ( 'NONE', #6943, #6718, #6002, .T. ) ;
#3870 = PRESENTATION_STYLE_ASSIGNMENT (( #8724 ) ) ;
#3871 = CARTESIAN_POINT ( 'NONE',  ( -1.350000000000000089, 6.000000000000000000, 1.599999999999997202 ) ) ;
#3872 = EDGE_LOOP ( 'NONE', ( #8910, #8659, #2359, #6310 ) ) ;
#3873 = DIRECTION ( 'NONE',  ( 1.927470528863119542E-16, -1.000000000000000000, 0.0000000000000000000 ) ) ;
#3874 = LINE ( 'NONE', #2034, #4180 ) ;
#3875 = SURFACE_STYLE_USAGE ( .BOTH. , #6898 ) ;
#3876 = SURFACE_STYLE_USAGE ( .BOTH. , #4906 ) ;
#3877 = CARTESIAN_POINT ( 'NONE',  ( 6.249999999999998224, 1.800000000000000044, 0.2500000000000002220 ) ) ;
#3878 = PLANE ( 'NONE',  #10575 ) ;
#3879 = LINE ( 'NONE', #7785, #12027 ) ;
#3880 =( GEOMETRIC_REPRESENTATION_CONTEXT ( 3 ) GLOBAL_UNCERTAINTY_ASSIGNED_CONTEXT ( ( #5950 ) ) GLOBAL_UNIT_ASSIGNED_CONTEXT ( ( #1216, #12208, #4682 ) ) REPRESENTATION_CONTEXT ( 'NONE', 'WORKASPACE' ) );
#3881 = LINE ( 'NONE', #3964, #5390 ) ;
#3882 = MECHANICAL_DESIGN_GEOMETRIC_PRESENTATION_REPRESENTATION (  '', ( #8164 ), #5732 ) ;
#3883 = PRESENTATION_LAYER_ASSIGNMENT (  '', '', ( #6760 ) ) ;
#3884 = ADVANCED_FACE ( 'NONE', ( #9167 ), #1145, .F. ) ;
#3885 =( LENGTH_UNIT ( ) NAMED_UNIT ( * ) SI_UNIT ( .MILLI., .METRE. ) );
#3886 = ORIENTED_EDGE ( 'NONE', *, *, #4828, .T. ) ;
#3887 =( NAMED_UNIT ( * ) PLANE_ANGLE_UNIT ( ) SI_UNIT ( $, .RADIAN. ) );
#3888 = CARTESIAN_POINT ( 'NONE',  ( 17.94999999999999574, 0.0000000000000000000, 1.699999999999999289 ) ) ;
#3889 = ORIENTED_EDGE ( 'NONE', *, *, #10850, .T. ) ;
#3890 = MECHANICAL_DESIGN_GEOMETRIC_PRESENTATION_REPRESENTATION (  '', ( #784 ), #9603 ) ;
#3891 = MECHANICAL_DESIGN_GEOMETRIC_PRESENTATION_REPRESENTATION (  '', ( #3056 ), #8175 ) ;
#3892 = DIRECTION ( 'NONE',  ( -0.0000000000000000000, 1.000000000000000000, -0.0000000000000000000 ) ) ;
#3893 = FACE_OUTER_BOUND ( 'NONE', #4064, .T. ) ;
#3894 = MECHANICAL_DESIGN_GEOMETRIC_PRESENTATION_REPRESENTATION (  '', ( #11210 ), #980 ) ;
#3895 = FACE_OUTER_BOUND ( 'NONE', #4857, .T. ) ;
#3896 = ADVANCED_FACE ( 'NONE', ( #323 ), #1335, .F. ) ;
#3897 = SURFACE_STYLE_USAGE ( .BOTH. , #10828 ) ;
#3898 = LINE ( 'NONE', #11778, #5750 ) ;
#3899 =( NAMED_UNIT ( * ) SI_UNIT ( $, .STERADIAN. ) SOLID_ANGLE_UNIT ( ) );
#3900 = AXIS2_PLACEMENT_3D ( 'NONE', #11150, #2176, #9122 ) ;
#3901 = PRESENTATION_LAYER_ASSIGNMENT (  '', '', ( #9403 ) ) ;
#3902 = VECTOR ( 'NONE', #8121, 1000.000000000000000 ) ;
#3903 = EDGE_CURVE ( 'NONE', #1475, #7816, #5622, .T. ) ;
#3904 = PRESENTATION_STYLE_ASSIGNMENT (( #1943 ) ) ;
#3905 = ORIENTED_EDGE ( 'NONE', *, *, #12394, .T. ) ;
#3906 = UNCERTAINTY_MEASURE_WITH_UNIT (LENGTH_MEASURE( 1.000000000000000082E-05 ), #11400, 'distance_accuracy_value', 'NONE');
#3907 = CARTESIAN_POINT ( 'NONE',  ( 17.94999999999999574, 1.380000000000004778, 1.700000000000000178 ) ) ;
#3908 = SURFACE_STYLE_USAGE ( .BOTH. , #3045 ) ;
#3909 = VECTOR ( 'NONE', #3280, 1000.000000000000000 ) ;
#3910 =( LENGTH_UNIT ( ) NAMED_UNIT ( * ) SI_UNIT ( .MILLI., .METRE. ) );
#3911 = ORIENTED_EDGE ( 'NONE', *, *, #10280, .F. ) ;
#3912 = UNCERTAINTY_MEASURE_WITH_UNIT (LENGTH_MEASURE( 1.000000000000000082E-05 ), #287, 'distance_accuracy_value', 'NONE');
#3913 = PLANE ( 'NONE',  #4965 ) ;
#3914 = VECTOR ( 'NONE', #9910, 1000.000000000000000 ) ;
#3915 = PRESENTATION_LAYER_ASSIGNMENT (  '', '', ( #8797 ) ) ;
#3916 = AXIS2_PLACEMENT_3D ( 'NONE', #7493, #11343, #11466 ) ;
#3917 = CARTESIAN_POINT ( 'NONE',  ( 11.25000000000000000, 3.400000000000000355, -2.350000000000001865 ) ) ;
#3918 = DIRECTION ( 'NONE',  ( 0.5773502691896196248, -0.5773502691896391648, 0.5773502691896186256 ) ) ;
#3919 = ORIENTED_EDGE ( 'NONE', *, *, #3456, .T. ) ;
#3920 = CARTESIAN_POINT ( 'NONE',  ( 13.29999999999999893, 0.0000000000000000000, -2.800000000000000266 ) ) ;
#3921 = CARTESIAN_POINT ( 'NONE',  ( 0.2499999999999997780, -3.399999999999999911, 0.2500000000000002220 ) ) ;
#3922 = VECTOR ( 'NONE', #6244, 1000.000000000000000 ) ;
#3923 = EDGE_CURVE ( 'NONE', #1308, #6795, #11340, .T. ) ;
#3924 = STYLED_ITEM ( 'NONE', ( #165 ), #995 ) ;
#3925 = ORIENTED_EDGE ( 'NONE', *, *, #2576, .T. ) ;
#3926 = ORIENTED_EDGE ( 'NONE', *, *, #12119, .T. ) ;
#3927 = VECTOR ( 'NONE', #3347, 1000.000000000000000 ) ;
#3928 = CARTESIAN_POINT ( 'NONE',  ( 1.250000000000000666, 1.149999999999999911, -2.050000000000001599 ) ) ;
#3929 = ORIENTED_EDGE ( 'NONE', *, *, #8241, .F. ) ;
#3930 = DIRECTION ( 'NONE',  ( -0.0000000000000000000, 0.0000000000000000000, 1.000000000000000000 ) ) ;
#3931 = FACE_OUTER_BOUND ( 'NONE', #8315, .T. ) ;
#3932 = ORIENTED_EDGE ( 'NONE', *, *, #8825, .F. ) ;
#3933 = VERTEX_POINT ( 'NONE', #11277 ) ;
#3934 = CARTESIAN_POINT ( 'NONE',  ( -1.949999999999999956, 1.149999999999999911, -1.050000000000001821 ) ) ;
#3935 = VECTOR ( 'NONE', #1399, 1000.000000000000114 ) ;
#3936 = ORIENTED_EDGE ( 'NONE', *, *, #12328, .F. ) ;
#3937 = VECTOR ( 'NONE', #2087, 1000.000000000000000 ) ;
#3938 = COLOUR_RGB ( '',1.000000000000000000, 1.000000000000000000, 1.000000000000000000 ) ;
#3939 = VECTOR ( 'NONE', #5196, 1000.000000000000000 ) ;
#3940 = VERTEX_POINT ( 'NONE', #10205 ) ;
#3941 = DIRECTION ( 'NONE',  ( 1.000000000000000000, -5.421010862427522170E-17, 0.0000000000000000000 ) ) ;
#3942 = DIRECTION ( 'NONE',  ( 1.927470528863119542E-16, -1.000000000000000000, 0.0000000000000000000 ) ) ;
#3943 = COLOUR_RGB ( '',1.000000000000000000, 1.000000000000000000, 1.000000000000000000 ) ;
#3944 = COLOUR_RGB ( '',1.000000000000000000, 1.000000000000000000, 1.000000000000000000 ) ;
#3945 = DIRECTION ( 'NONE',  ( 1.000000000000000000, 0.0000000000000000000, 0.0000000000000000000 ) ) ;
#3946 = ORIENTED_EDGE ( 'NONE', *, *, #4890, .T. ) ;
#3947 = CARTESIAN_POINT ( 'NONE',  ( -0.7000000000000002887, 0.2000000000000000389, 0.2500000000000002220 ) ) ;
#3948 = CARTESIAN_POINT ( 'NONE',  ( -1.350000000000000089, -19.04337155022711769, 1.249999999999997558 ) ) ;
#3949 =( NAMED_UNIT ( * ) SI_UNIT ( $, .STERADIAN. ) SOLID_ANGLE_UNIT ( ) );
#3950 = EDGE_CURVE ( 'NONE', #9592, #4826, #1668, .T. ) ;
#3951 = VECTOR ( 'NONE', #10110, 1000.000000000000000 ) ;
#3952 = ORIENTED_EDGE ( 'NONE', *, *, #8574, .T. ) ;
#3953 = EDGE_CURVE ( 'NONE', #8978, #5733, #8413, .T. ) ;
#3954 = AXIS2_PLACEMENT_3D ( 'NONE', #3176, #10960, #6135 ) ;
#3955 = DIRECTION ( 'NONE',  ( 0.0000000000000000000, 1.000000000000000000, 0.0000000000000000000 ) ) ;
#3956 = EDGE_CURVE ( 'NONE', #8740, #2877, #11141, .T. ) ;
#3957 = COLOUR_RGB ( '',1.000000000000000000, 0.8117647058823529438, 0.5019607843137254832 ) ;
#3958 = EDGE_CURVE ( 'NONE', #9329, #9704, #5543, .T. ) ;
#3959 = COLOUR_RGB ( '',1.000000000000000000, 1.000000000000000000, 1.000000000000000000 ) ;
#3960 = SURFACE_STYLE_USAGE ( .BOTH. , #10937 ) ;
#3961 = SURFACE_STYLE_USAGE ( .BOTH. , #9713 ) ;
#3962 = FACE_OUTER_BOUND ( 'NONE', #3519, .T. ) ;
#3963 = STYLED_ITEM ( 'NONE', ( #12128 ), #586 ) ;
#3964 = CARTESIAN_POINT ( 'NONE',  ( 2.699999999999998845, 0.1999999999999999833, -2.800000000000000266 ) ) ;
#3965 = ORIENTED_EDGE ( 'NONE', *, *, #1923, .T. ) ;
#3966 = COLOUR_RGB ( '',1.000000000000000000, 1.000000000000000000, 1.000000000000000000 ) ;
#3967 = VECTOR ( 'NONE', #12608, 1000.000000000000000 ) ;
#3968 = CARTESIAN_POINT ( 'NONE',  ( 14.75000000000000000, 1.149999999999999911, -2.050000000000001599 ) ) ;
#3969 = STYLED_ITEM ( 'NONE', ( #6311 ), #11934 ) ;
#3970 = CARTESIAN_POINT ( 'NONE',  ( 11.75000000000000000, -3.300000000000000266, -0.2499999999999997780 ) ) ;
#3971 = PRESENTATION_STYLE_ASSIGNMENT (( #5877 ) ) ;
#3972 = CARTESIAN_POINT ( 'NONE',  ( 15.25000000000000000, 3.399999999999999467, -2.300000000000003375 ) ) ;
#3973 = PRESENTATION_LAYER_ASSIGNMENT (  '', '', ( #9471 ) ) ;
#3974 = EDGE_CURVE ( 'NONE', #11044, #9140, #5359, .T. ) ;
#3975 = PRESENTATION_LAYER_ASSIGNMENT (  '', '', ( #6208 ) ) ;
#3976 = EDGE_CURVE ( 'NONE', #548, #6345, #9505, .T. ) ;
#3977 = STYLED_ITEM ( 'NONE', ( #5458 ), #3412 ) ;
#3978 = PRESENTATION_STYLE_ASSIGNMENT (( #1939 ) ) ;
#3979 = AXIS2_PLACEMENT_3D ( 'NONE', #7854, #8095, #3208 ) ;
#3980 =( NAMED_UNIT ( * ) SI_UNIT ( $, .STERADIAN. ) SOLID_ANGLE_UNIT ( ) );
#3981 = COLOUR_RGB ( '',1.000000000000000000, 0.8117647058823529438, 0.5019607843137254832 ) ;
#3982 = DIRECTION ( 'NONE',  ( -1.000000000000000000, 5.421010862427522170E-17, 0.0000000000000000000 ) ) ;
#3983 = CARTESIAN_POINT ( 'NONE',  ( 11.29999999999999893, 0.2000000000000000389, -2.800000000000000266 ) ) ;
#3984 = CARTESIAN_POINT ( 'NONE',  ( 13.91666666666666430, 5.166666666666666963, -0.08333333333333542425 ) ) ;
#3985 = PLANE ( 'NONE',  #11895 ) ;
#3986 = ORIENTED_EDGE ( 'NONE', *, *, #3550, .T. ) ;
#3987 = SURFACE_STYLE_USAGE ( .BOTH. , #5004 ) ;
#3988 = VERTEX_POINT ( 'NONE', #10398 ) ;
#3989 = VERTEX_POINT ( 'NONE', #4539 ) ;
#3990 = SURFACE_STYLE_USAGE ( .BOTH. , #8812 ) ;
#3991 =( GEOMETRIC_REPRESENTATION_CONTEXT ( 3 ) GLOBAL_UNCERTAINTY_ASSIGNED_CONTEXT ( ( #12485 ) ) GLOBAL_UNIT_ASSIGNED_CONTEXT ( ( #10257, #11997, #1511 ) ) REPRESENTATION_CONTEXT ( 'NONE', 'WORKASPACE' ) );
#3992 = CARTESIAN_POINT ( 'NONE',  ( 1.150000000000000355, 1.799999999999999600, 1.700000000000000178 ) ) ;
#3993 = ORIENTED_EDGE ( 'NONE', *, *, #10650, .F. ) ;
#3994 =( GEOMETRIC_REPRESENTATION_CONTEXT ( 3 ) GLOBAL_UNCERTAINTY_ASSIGNED_CONTEXT ( ( #10910 ) ) GLOBAL_UNIT_ASSIGNED_CONTEXT ( ( #7180, #9082, #3319 ) ) REPRESENTATION_CONTEXT ( 'NONE', 'WORKASPACE' ) );
#3995 = ORIENTED_EDGE ( 'NONE', *, *, #4858, .T. ) ;
#3996 = EDGE_CURVE ( 'NONE', #5826, #2332, #7346, .T. ) ;
#3997 = CARTESIAN_POINT ( 'NONE',  ( 0.7500000000000006661, 1.149999999999999911, -2.050000000000001599 ) ) ;
#3998 = DIRECTION ( 'NONE',  ( 4.336808689942017736E-16, 0.0000000000000000000, 1.000000000000000000 ) ) ;
#3999 = CARTESIAN_POINT ( 'NONE',  ( 9.916666666666666075, 5.166666666666668739, -0.08333333333333325932 ) ) ;
#4000 = LINE ( 'NONE', #9921, #5807 ) ;
#4001 =( NAMED_UNIT ( * ) PLANE_ANGLE_UNIT ( ) SI_UNIT ( $, .RADIAN. ) );
#4002 = ORIENTED_EDGE ( 'NONE', *, *, #3551, .F. ) ;
#4003 = ORIENTED_EDGE ( 'NONE', *, *, #6237, .F. ) ;
#4004 = CARTESIAN_POINT ( 'NONE',  ( -0.7000000000000002887, 0.2000000000000000389, -2.800000000000000266 ) ) ;
#4005 = DIRECTION ( 'NONE',  ( -0.7071067811865489050, -0.7071067811865462405, 3.066586833366754193E-16 ) ) ;
#4006 = DIRECTION ( 'NONE',  ( 0.0000000000000000000, 0.0000000000000000000, 1.000000000000000000 ) ) ;
#4007 = UNCERTAINTY_MEASURE_WITH_UNIT (LENGTH_MEASURE( 1.000000000000000082E-05 ), #10355, 'distance_accuracy_value', 'NONE');
#4008 = ORIENTED_EDGE ( 'NONE', *, *, #12010, .F. ) ;
#4009 = ORIENTED_EDGE ( 'NONE', *, *, #9483, .F. ) ;
#4010 = DIRECTION ( 'NONE',  ( 1.000000000000000000, 0.0000000000000000000, 0.0000000000000000000 ) ) ;
#4011 = ORIENTED_EDGE ( 'NONE', *, *, #6829, .T. ) ;
#4012 = ORIENTED_EDGE ( 'NONE', *, *, #1261, .T. ) ;
#4013 = ORIENTED_EDGE ( 'NONE', *, *, #543, .F. ) ;
#4014 = FILL_AREA_STYLE_COLOUR ( '', #7941 ) ;
#4015 = FILL_AREA_STYLE ('',( #3756 ) ) ;
#4016 = EDGE_LOOP ( 'NONE', ( #5861, #9652, #11868, #1059 ) ) ;
#4017 = CARTESIAN_POINT ( 'NONE',  ( 5.250000000000000888, 3.399999999999999467, -2.350000000000001421 ) ) ;
#4018 = LINE ( 'NONE', #4976, #1665 ) ;
#4019 =( LENGTH_UNIT ( ) NAMED_UNIT ( * ) SI_UNIT ( .MILLI., .METRE. ) );
#4020 = FACE_OUTER_BOUND ( 'NONE', #6360, .T. ) ;
#4021 = ADVANCED_FACE ( 'NONE', ( #8543 ), #12407, .F. ) ;
#4022 = VECTOR ( 'NONE', #2548, 1000.000000000000000 ) ;
#4023 = LINE ( 'NONE', #7907, #9232 ) ;
#4024 = EDGE_CURVE ( 'NONE', #12284, #6305, #3006, .T. ) ;
#4025 = DIRECTION ( 'NONE',  ( 0.0000000000000000000, 0.0000000000000000000, 1.000000000000000000 ) ) ;
#4026 = FILL_AREA_STYLE_COLOUR ( '', #938 ) ;
#4027 =( NAMED_UNIT ( * ) SI_UNIT ( $, .STERADIAN. ) SOLID_ANGLE_UNIT ( ) );
#4028 = DIRECTION ( 'NONE',  ( -4.336808689942017736E-16, 0.0000000000000000000, -1.000000000000000000 ) ) ;
#4029 = CARTESIAN_POINT ( 'NONE',  ( -0.2500000000000004441, -3.399999999999999911, -0.2499999999999997780 ) ) ;
#4030 = COLOUR_RGB ( '',1.000000000000000000, 1.000000000000000000, 1.000000000000000000 ) ;
#4031 = EDGE_CURVE ( 'NONE', #6260, #4825, #1732, .T. ) ;
#4032 = CARTESIAN_POINT ( 'NONE',  ( 17.34999999999999076, 5.650000000000002132, -2.350000000000001865 ) ) ;
#4033 = CARTESIAN_POINT ( 'NONE',  ( 7.750000000000000000, 5.000000000000000888, 0.2500000000000002220 ) ) ;
#4034 = CARTESIAN_POINT ( 'NONE',  ( 15.75000000000000000, -3.399999999999999911, 0.1500000000000008271 ) ) ;
#4035 = VECTOR ( 'NONE', #8925, 1000.000000000000000 ) ;
#4036 = FILL_AREA_STYLE_COLOUR ( '', #11993 ) ;
#4037 = DIRECTION ( 'NONE',  ( -1.084202172485504237E-15, -1.000000000000000000, 0.0000000000000000000 ) ) ;
#4038 = DIRECTION ( 'NONE',  ( 0.5773502691896239547, -0.5773502691896289507, -0.5773502691896243988 ) ) ;
#4039 = ADVANCED_FACE ( 'NONE', ( #6095 ), #4728, .T. ) ;
#4040 = EDGE_CURVE ( 'NONE', #1627, #9329, #2952, .T. ) ;
#4041 = CARTESIAN_POINT ( 'NONE',  ( 10.69999999999999751, 0.1999999999999999833, -2.800000000000000266 ) ) ;
#4042 = ORIENTED_EDGE ( 'NONE', *, *, #6999, .T. ) ;
#4043 = STYLED_ITEM ( 'NONE', ( #5503 ), #444 ) ;
#4044 = CARTESIAN_POINT ( 'NONE',  ( 0.8333333333333075021, -4.383333333333346182, -0.8333333333333066140 ) ) ;
#4045 = DIRECTION ( 'NONE',  ( 3.872150616019660190E-17, 1.000000000000000000, -0.0000000000000000000 ) ) ;
#4046 = LINE ( 'NONE', #7172, #12058 ) ;
#4047 = VERTEX_POINT ( 'NONE', #5078 ) ;
#4048 = UNCERTAINTY_MEASURE_WITH_UNIT (LENGTH_MEASURE( 1.000000000000000082E-05 ), #5571, 'distance_accuracy_value', 'NONE');
#4049 = DIRECTION ( 'NONE',  ( -0.0000000000000000000, 0.0000000000000000000, 1.000000000000000000 ) ) ;
#4050 = ORIENTED_EDGE ( 'NONE', *, *, #4421, .T. ) ;
#4051 = CARTESIAN_POINT ( 'NONE',  ( 17.17999999999999616, 2.250000000000001776, 1.249999999999997558 ) ) ;
#4052 = DIRECTION ( 'NONE',  ( 1.000000000000000000, 0.0000000000000000000, -0.0000000000000000000 ) ) ;
#4053 = CARTESIAN_POINT ( 'NONE',  ( 6.249999999999998224, 5.000000000000000888, -0.2499999999999997780 ) ) ;
#4054 = CARTESIAN_POINT ( 'NONE',  ( 0.2499999999999997780, 0.2000000000000000111, -0.2499999999999997780 ) ) ;
#4055 = CARTESIAN_POINT ( 'NONE',  ( 2.083333333333336590, 5.166666666666667851, 0.08333333333333542425 ) ) ;
#4056 = LINE ( 'NONE', #11740, #7453 ) ;
#4057 = ADVANCED_FACE ( 'NONE', ( #8011 ), #7953, .T. ) ;
#4058 = SURFACE_SIDE_STYLE ('',( #8828 ) ) ;
#4059 = VERTEX_POINT ( 'NONE', #3195 ) ;
#4060 = LINE ( 'NONE', #7945, #2207 ) ;
#4061 = DIRECTION ( 'NONE',  ( 1.000000000000000000, -0.0000000000000000000, 1.927470528863119049E-16 ) ) ;
#4062 = PRESENTATION_STYLE_ASSIGNMENT (( #1 ) ) ;
#4063 = ORIENTED_EDGE ( 'NONE', *, *, #4587, .T. ) ;
#4064 = EDGE_LOOP ( 'NONE', ( #11425, #10572, #6987, #4505 ) ) ;
#4065 = DIRECTION ( 'NONE',  ( 1.000000000000000000, 0.0000000000000000000, 0.0000000000000000000 ) ) ;
#4066 = DIRECTION ( 'NONE',  ( 3.872150616019660190E-17, 1.000000000000000000, -0.0000000000000000000 ) ) ;
#4067 = COLOUR_RGB ( '',1.000000000000000000, 0.8117647058823529438, 0.5019607843137254832 ) ;
#4068 = ORIENTED_EDGE ( 'NONE', *, *, #7851, .F. ) ;
#4069 = ORIENTED_EDGE ( 'NONE', *, *, #7287, .F. ) ;
#4070 = VERTEX_POINT ( 'NONE', #9092 ) ;
#4071 = CARTESIAN_POINT ( 'NONE',  ( -0.5499999999999817257, -4.100000000000010303, 0.5499999999999810596 ) ) ;
#4072 =( NAMED_UNIT ( * ) PLANE_ANGLE_UNIT ( ) SI_UNIT ( $, .RADIAN. ) );
#4073 = STYLED_ITEM ( 'NONE', ( #7595 ), #1962 ) ;
#4074 = LINE ( 'NONE', #8024, #401 ) ;
#4075 = ORIENTED_EDGE ( 'NONE', *, *, #9986, .T. ) ;
#4076 = SURFACE_STYLE_USAGE ( .BOTH. , #4141 ) ;
#4077 =( NAMED_UNIT ( * ) PLANE_ANGLE_UNIT ( ) SI_UNIT ( $, .RADIAN. ) );
#4078 = STYLED_ITEM ( 'NONE', ( #300 ), #2032 ) ;
#4079 = DIRECTION ( 'NONE',  ( -0.0000000000000000000, -0.0000000000000000000, -1.000000000000000000 ) ) ;
#4080 = ORIENTED_EDGE ( 'NONE', *, *, #3903, .F. ) ;
#4081 = FACE_BOUND ( 'NONE', #11519, .T. ) ;
#4082 = CARTESIAN_POINT ( 'NONE',  ( 11.25000000000000000, 1.149999999999999911, -2.350000000000001865 ) ) ;
#4083 = DIRECTION ( 'NONE',  ( 0.0000000000000000000, 0.0000000000000000000, 1.000000000000000000 ) ) ;
#4084 = UNCERTAINTY_MEASURE_WITH_UNIT (LENGTH_MEASURE( 1.000000000000000082E-05 ), #5919, 'distance_accuracy_value', 'NONE');
#4085 = STYLED_ITEM ( 'NONE', ( #10847 ), #2274 ) ;
#4086 =( NAMED_UNIT ( * ) SI_UNIT ( $, .STERADIAN. ) SOLID_ANGLE_UNIT ( ) );
#4087 = EDGE_CURVE ( 'NONE', #4258, #6774, #7127, .T. ) ;
#4088 =( NAMED_UNIT ( * ) PLANE_ANGLE_UNIT ( ) SI_UNIT ( $, .RADIAN. ) );
#4089 = SURFACE_STYLE_FILL_AREA ( #8979 ) ;
#4090 = DIRECTION ( 'NONE',  ( -1.000000000000000000, 5.421010862427522170E-17, 0.0000000000000000000 ) ) ;
#4091 = PRESENTATION_STYLE_ASSIGNMENT (( #5102 ) ) ;
#4092 = CARTESIAN_POINT ( 'NONE',  ( 8.125500000000046796, -3.825500000000000789, -0.6799999999999943867 ) ) ;
#4093 = ORIENTED_EDGE ( 'NONE', *, *, #5631, .F. ) ;
#4094 = CARTESIAN_POINT ( 'NONE',  ( -1.350000000000001865, 5.650000000000002132, -0.6800000000000000488 ) ) ;
#4095 = EDGE_CURVE ( 'NONE', #5624, #10218, #2204, .T. ) ;
#4096 = COLOUR_RGB ( '',1.000000000000000000, 0.8117647058823529438, 0.5019607843137254832 ) ;
#4097 = SURFACE_SIDE_STYLE ('',( #7979 ) ) ;
#4098 = DIRECTION ( 'NONE',  ( -1.000000000000000000, 3.872150616019661422E-17, -0.0000000000000000000 ) ) ;
#4099 = CARTESIAN_POINT ( 'NONE',  ( 8.083333333333333925, 5.166666666666668739, -0.08333333333333370341 ) ) ;
#4100 = SURFACE_STYLE_FILL_AREA ( #8928 ) ;
#4101 = VECTOR ( 'NONE', #4102, 1000.000000000000000 ) ;
#4102 = DIRECTION ( 'NONE',  ( 1.000000000000000000, -3.872150616019661422E-17, 0.0000000000000000000 ) ) ;
#4103 = ORIENTED_EDGE ( 'NONE', *, *, #7660, .T. ) ;
#4104 = LINE ( 'NONE', #55, #6366 ) ;
#4105 =( GEOMETRIC_REPRESENTATION_CONTEXT ( 3 ) GLOBAL_UNCERTAINTY_ASSIGNED_CONTEXT ( ( #3063 ) ) GLOBAL_UNIT_ASSIGNED_CONTEXT ( ( #4724, #1461, #1662 ) ) REPRESENTATION_CONTEXT ( 'NONE', 'WORKASPACE' ) );
#4106 = VECTOR ( 'NONE', #751, 1000.000000000000000 ) ;
#4107 = DIRECTION ( 'NONE',  ( 1.000000000000000000, 0.0000000000000000000, -0.0000000000000000000 ) ) ;
#4108 =( NAMED_UNIT ( * ) PLANE_ANGLE_UNIT ( ) SI_UNIT ( $, .RADIAN. ) );
#4109 = VERTEX_POINT ( 'NONE', #4206 ) ;
#4110 = ORIENTED_EDGE ( 'NONE', *, *, #8885, .F. ) ;
#4111 = VECTOR ( 'NONE', #4425, 1000.000000000000000 ) ;
#4112 = SURFACE_SIDE_STYLE ('',( #1105 ) ) ;
#4113 = ADVANCED_FACE ( 'NONE', ( #8084 ), #3322, .F. ) ;
#4114 = EDGE_CURVE ( 'NONE', #10956, #966, #6228, .T. ) ;
#4115 = DIRECTION ( 'NONE',  ( -0.7071067811865489050, -0.7071067811865462405, 3.066586833366754193E-16 ) ) ;
#4116 = ADVANCED_FACE ( 'NONE', ( #2402 ), #6422, .F. ) ;
#4117 = VECTOR ( 'NONE', #3318, 1000.000000000000000 ) ;
#4118 = SURFACE_STYLE_USAGE ( .BOTH. , #10781 ) ;
#4119 = SURFACE_STYLE_FILL_AREA ( #8723 ) ;
#4120 = VECTOR ( 'NONE', #1294, 1000.000000000000114 ) ;
#4121 = ORIENTED_EDGE ( 'NONE', *, *, #7703, .F. ) ;
#4122 = DIRECTION ( 'NONE',  ( -0.0000000000000000000, 0.7071067811865500152, 0.7071067811865451302 ) ) ;
#4123 = PRESENTATION_LAYER_ASSIGNMENT (  '', '', ( #5747 ) ) ;
#4124 = CARTESIAN_POINT ( 'NONE',  ( 12.25000000000000000, -3.399999999999999911, -0.2499999999999997780 ) ) ;
#4125 = ORIENTED_EDGE ( 'NONE', *, *, #8267, .T. ) ;
#4126 = ORIENTED_EDGE ( 'NONE', *, *, #10525, .F. ) ;
#4127 = FILL_AREA_STYLE ('',( #172 ) ) ;
#4128 =( NAMED_UNIT ( * ) SI_UNIT ( $, .STERADIAN. ) SOLID_ANGLE_UNIT ( ) );
#4129 = CARTESIAN_POINT ( 'NONE',  ( -1.180000000000000382, 4.229999999999999538, -2.801000000000000600 ) ) ;
#4130 = SURFACE_STYLE_FILL_AREA ( #11865 ) ;
#4131 = UNCERTAINTY_MEASURE_WITH_UNIT (LENGTH_MEASURE( 1.000000000000000082E-05 ), #8739, 'distance_accuracy_value', 'NONE');
#4132 = VECTOR ( 'NONE', #5939, 1000.000000000000000 ) ;
#4133 = STYLED_ITEM ( 'NONE', ( #4365 ), #7151 ) ;
#4134 = VECTOR ( 'NONE', #910, 1000.000000000000000 ) ;
#4135 = EDGE_CURVE ( 'NONE', #4723, #7651, #5393, .T. ) ;
#4136 = SURFACE_STYLE_USAGE ( .BOTH. , #86 ) ;
#4137 = CARTESIAN_POINT ( 'NONE',  ( -1.949999999999999956, 6.000000000000000000, -2.800000000000000266 ) ) ;
#4138 =( GEOMETRIC_REPRESENTATION_CONTEXT ( 3 ) GLOBAL_UNCERTAINTY_ASSIGNED_CONTEXT ( ( #5024 ) ) GLOBAL_UNIT_ASSIGNED_CONTEXT ( ( #2168, #11084, #4469 ) ) REPRESENTATION_CONTEXT ( 'NONE', 'WORKASPACE' ) );
#4139 = PLANE ( 'NONE',  #10610 ) ;
#4140 = VERTEX_POINT ( 'NONE', #2348 ) ;
#4141 = SURFACE_SIDE_STYLE ('',( #11639 ) ) ;
#4142 = CARTESIAN_POINT ( 'NONE',  ( 5.750000000000000000, -3.300000000000000266, -0.2499999999999997780 ) ) ;
#4143 =( GEOMETRIC_REPRESENTATION_CONTEXT ( 3 ) GLOBAL_UNCERTAINTY_ASSIGNED_CONTEXT ( ( #10315 ) ) GLOBAL_UNIT_ASSIGNED_CONTEXT ( ( #11441, #2681, #6624 ) ) REPRESENTATION_CONTEXT ( 'NONE', 'WORKASPACE' ) );
#4144 = VECTOR ( 'NONE', #10061, 1000.000000000000114 ) ;
#4145 = LINE ( 'NONE', #6106, #2668 ) ;
#4146 = ADVANCED_FACE ( 'NONE', ( #6284 ), #5326, .F. ) ;
#4147 = DIRECTION ( 'NONE',  ( 3.872150616019661422E-17, 1.000000000000000000, 0.0000000000000000000 ) ) ;
#4148 = VERTEX_POINT ( 'NONE', #9532 ) ;
#4149 = VECTOR ( 'NONE', #8094, 1000.000000000000114 ) ;
#4150 = PRESENTATION_STYLE_ASSIGNMENT (( #9893 ) ) ;
#4151 = ORIENTED_EDGE ( 'NONE', *, *, #10099, .F. ) ;
#4152 =( GEOMETRIC_REPRESENTATION_CONTEXT ( 3 ) GLOBAL_UNCERTAINTY_ASSIGNED_CONTEXT ( ( #5686 ) ) GLOBAL_UNIT_ASSIGNED_CONTEXT ( ( #4269, #8098, #5284 ) ) REPRESENTATION_CONTEXT ( 'NONE', 'WORKASPACE' ) );
#4153 =( NAMED_UNIT ( * ) SI_UNIT ( $, .STERADIAN. ) SOLID_ANGLE_UNIT ( ) );
#4154 =( GEOMETRIC_REPRESENTATION_CONTEXT ( 3 ) GLOBAL_UNCERTAINTY_ASSIGNED_CONTEXT ( ( #1673 ) ) GLOBAL_UNIT_ASSIGNED_CONTEXT ( ( #11643, #6841, #10704 ) ) REPRESENTATION_CONTEXT ( 'NONE', 'WORKASPACE' ) );
#4155 = VECTOR ( 'NONE', #7995, 1000.000000000000000 ) ;
#4156 = SURFACE_STYLE_FILL_AREA ( #11135 ) ;
#4157 = ORIENTED_EDGE ( 'NONE', *, *, #8532, .T. ) ;
#4158 = SURFACE_STYLE_USAGE ( .BOTH. , #203 ) ;
#4159 = LINE ( 'NONE', #3029, #3500 ) ;
#4160 = CARTESIAN_POINT ( 'NONE',  ( 11.29999999999999893, 0.0000000000000000000, 1.700000000000000178 ) ) ;
#4161 = VECTOR ( 'NONE', #9078, 1000.000000000000000 ) ;
#4162 = PRESENTATION_STYLE_ASSIGNMENT (( #10092 ) ) ;
#4163 = MECHANICAL_DESIGN_GEOMETRIC_PRESENTATION_REPRESENTATION (  '', ( #840 ), #10065 ) ;
#4164 = LINE ( 'NONE', #9906, #8822 ) ;
#4165 = VECTOR ( 'NONE', #11263, 1000.000000000000000 ) ;
#4166 =( NAMED_UNIT ( * ) SI_UNIT ( $, .STERADIAN. ) SOLID_ANGLE_UNIT ( ) );
#4167 = CARTESIAN_POINT ( 'NONE',  ( 13.74999999999999822, -3.399999999999999911, 0.2500000000000002220 ) ) ;
#4168 = ORIENTED_EDGE ( 'NONE', *, *, #2116, .F. ) ;
#4169 = LINE ( 'NONE', #6857, #4442 ) ;
#4170 = STYLED_ITEM ( 'NONE', ( #7619 ), #10426 ) ;
#4171 = VECTOR ( 'NONE', #10302, 1000.000000000000000 ) ;
#4172 = LINE ( 'NONE', #6126, #244 ) ;
#4173 = COLOUR_RGB ( '',1.000000000000000000, 0.8117647058823529438, 0.5019607843137254832 ) ;
#4174 = DIRECTION ( 'NONE',  ( 4.336808689942017736E-16, 0.0000000000000000000, 1.000000000000000000 ) ) ;
#4175 = FILL_AREA_STYLE ('',( #1097 ) ) ;
#4176 =( GEOMETRIC_REPRESENTATION_CONTEXT ( 3 ) GLOBAL_UNCERTAINTY_ASSIGNED_CONTEXT ( ( #6864 ) ) GLOBAL_UNIT_ASSIGNED_CONTEXT ( ( #1612, #2727, #7047 ) ) REPRESENTATION_CONTEXT ( 'NONE', 'WORKASPACE' ) );
#4177 = LINE ( 'NONE', #4044, #12014 ) ;
#4178 =( NAMED_UNIT ( * ) SI_UNIT ( $, .STERADIAN. ) SOLID_ANGLE_UNIT ( ) );
#4179 = SURFACE_STYLE_USAGE ( .BOTH. , #9075 ) ;
#4180 = VECTOR ( 'NONE', #8852, 1000.000000000000000 ) ;
#4181 = SURFACE_SIDE_STYLE ('',( #9971 ) ) ;
#4182 = EDGE_LOOP ( 'NONE', ( #398, #2018, #10873, #2948 ) ) ;
#4183 =( GEOMETRIC_REPRESENTATION_CONTEXT ( 3 ) GLOBAL_UNCERTAINTY_ASSIGNED_CONTEXT ( ( #5874 ) ) GLOBAL_UNIT_ASSIGNED_CONTEXT ( ( #11580, #6838, #11641 ) ) REPRESENTATION_CONTEXT ( 'NONE', 'WORKASPACE' ) );
#4184 = LINE ( 'NONE', #2264, #3939 ) ;
#4185 = EDGE_LOOP ( 'NONE', ( #1172, #9561, #8524, #1255, #3397 ) ) ;
#4186 = LINE ( 'NONE', #4051, #1032 ) ;
#4187 = VECTOR ( 'NONE', #575, 1000.000000000000000 ) ;
#4188 = DIRECTION ( 'NONE',  ( 0.0000000000000000000, 0.0000000000000000000, -1.000000000000000000 ) ) ;
#4189 = UNCERTAINTY_MEASURE_WITH_UNIT (LENGTH_MEASURE( 1.000000000000000082E-05 ), #1824, 'distance_accuracy_value', 'NONE');
#4190 =( NAMED_UNIT ( * ) PLANE_ANGLE_UNIT ( ) SI_UNIT ( $, .RADIAN. ) );
#4191 = PRESENTATION_STYLE_ASSIGNMENT (( #4434 ) ) ;
#4192 = LINE ( 'NONE', #6140, #5741 ) ;
#4193 = VECTOR ( 'NONE', #9256, 1000.000000000000000 ) ;
#4194 = DIRECTION ( 'NONE',  ( -1.000000000000000000, -0.0000000000000000000, -0.0000000000000000000 ) ) ;
#4195 = AXIS2_PLACEMENT_3D ( 'NONE', #312, #9224, #8396 ) ;
#4196 =( NAMED_UNIT ( * ) PLANE_ANGLE_UNIT ( ) SI_UNIT ( $, .RADIAN. ) );
#4197 = VERTEX_POINT ( 'NONE', #6669 ) ;
#4198 = VECTOR ( 'NONE', #5133, 1000.000000000000000 ) ;
#4199 = ADVANCED_FACE ( 'NONE', ( #9590 ), #1618, .F. ) ;
#4200 = ORIENTED_EDGE ( 'NONE', *, *, #1632, .T. ) ;
#4201 = SURFACE_SIDE_STYLE ('',( #238 ) ) ;
#4202 = LINE ( 'NONE', #8896, #7806 ) ;
#4203 = PRESENTATION_STYLE_ASSIGNMENT (( #11048 ) ) ;
#4204 = VERTEX_POINT ( 'NONE', #673 ) ;
#4205 = ORIENTED_EDGE ( 'NONE', *, *, #8467, .T. ) ;
#4206 = CARTESIAN_POINT ( 'NONE',  ( 15.30000000000000071, 0.0000000000000000000, -2.800000000000000266 ) ) ;
#4207 = VECTOR ( 'NONE', #11654, 1000.000000000000000 ) ;
#4208 = CARTESIAN_POINT ( 'NONE',  ( 0.0000000000000000000, 0.0000000000000000000, 0.05000000000000012768 ) ) ;
#4209 =( NAMED_UNIT ( * ) SI_UNIT ( $, .STERADIAN. ) SOLID_ANGLE_UNIT ( ) );
#4210 =( NAMED_UNIT ( * ) SI_UNIT ( $, .STERADIAN. ) SOLID_ANGLE_UNIT ( ) );
#4211 = EDGE_CURVE ( 'NONE', #1852, #7810, #7630, .T. ) ;
#4212 = FILL_AREA_STYLE ('',( #6041 ) ) ;
#4213 = VERTEX_POINT ( 'NONE', #1829 ) ;
#4214 = EDGE_CURVE ( 'NONE', #3641, #11504, #8508, .T. ) ;
#4215 = UNCERTAINTY_MEASURE_WITH_UNIT (LENGTH_MEASURE( 1.000000000000000082E-05 ), #3458, 'distance_accuracy_value', 'NONE');
#4216 = DIRECTION ( 'NONE',  ( 1.000000000000000000, 0.0000000000000000000, 0.0000000000000000000 ) ) ;
#4217 = DIRECTION ( 'NONE',  ( -0.0000000000000000000, 0.0000000000000000000, 1.000000000000000000 ) ) ;
#4218 = DIRECTION ( 'NONE',  ( 0.5773502691896240657, 0.5773502691896287287, 0.5773502691896243988 ) ) ;
#4219 = FACE_OUTER_BOUND ( 'NONE', #5712, .T. ) ;
#4220 = DIRECTION ( 'NONE',  ( -1.084202172485504237E-15, -1.000000000000000000, 0.0000000000000000000 ) ) ;
#4221 = CARTESIAN_POINT ( 'NONE',  ( 11.29999999999999893, 0.2000000000000000389, 0.2500000000000002220 ) ) ;
#4222 =( NAMED_UNIT ( * ) SI_UNIT ( $, .STERADIAN. ) SOLID_ANGLE_UNIT ( ) );
#4223 = DIRECTION ( 'NONE',  ( -1.000000000000000000, 5.421010862427522170E-17, 0.0000000000000000000 ) ) ;
#4224 = EDGE_CURVE ( 'NONE', #9912, #2950, #3642, .T. ) ;
#4225 = DIRECTION ( 'NONE',  ( -1.000000000000000000, -0.0000000000000000000, -0.0000000000000000000 ) ) ;
#4226 = VECTOR ( 'NONE', #9435, 1000.000000000000114 ) ;
#4227 = ADVANCED_FACE ( 'NONE', ( #12438 ), #11490, .F. ) ;
#4228 = CARTESIAN_POINT ( 'NONE',  ( 8.250000000000000000, 5.000000000000000888, 0.2500000000000002220 ) ) ;
#4229 = CARTESIAN_POINT ( 'NONE',  ( 7.299999999999998934, 0.2000000000000000389, 1.700000000000000178 ) ) ;
#4230 =( NAMED_UNIT ( * ) PLANE_ANGLE_UNIT ( ) SI_UNIT ( $, .RADIAN. ) );
#4231 = PRESENTATION_STYLE_ASSIGNMENT (( #272 ) ) ;
#4232 = VERTEX_POINT ( 'NONE', #218 ) ;
#4233 = COLOUR_RGB ( '',1.000000000000000000, 0.8117647058823529438, 0.5019607843137254832 ) ;
#4234 = VECTOR ( 'NONE', #8393, 1000.000000000000000 ) ;
#4235 =( NAMED_UNIT ( * ) PLANE_ANGLE_UNIT ( ) SI_UNIT ( $, .RADIAN. ) );
#4236 =( NAMED_UNIT ( * ) SI_UNIT ( $, .STERADIAN. ) SOLID_ANGLE_UNIT ( ) );
#4237 = LINE ( 'NONE', #217, #5737 ) ;
#4238 = DIRECTION ( 'NONE',  ( -0.0000000000000000000, 1.000000000000000000, -0.0000000000000000000 ) ) ;
#4239 = CARTESIAN_POINT ( 'NONE',  ( 2.250000000000000000, 0.2000000000000000111, -2.800000000000000266 ) ) ;
#4240 = DIRECTION ( 'NONE',  ( 1.000000000000000000, 0.0000000000000000000, 0.0000000000000000000 ) ) ;
#4241 = SURFACE_SIDE_STYLE ('',( #12036 ) ) ;
#4242 = ORIENTED_EDGE ( 'NONE', *, *, #11898, .F. ) ;
#4243 = COLOUR_RGB ( '',1.000000000000000000, 0.8117647058823529438, 0.5019607843137254832 ) ;
#4244 = ADVANCED_FACE ( 'NONE', ( #10030 ), #6014, .T. ) ;
#4245 = SURFACE_STYLE_USAGE ( .BOTH. , #4112 ) ;
#4246 = CARTESIAN_POINT ( 'NONE',  ( 4.250000000000000000, 5.000000000000000888, 0.2500000000000002220 ) ) ;
#4247 = DIRECTION ( 'NONE',  ( -0.0000000000000000000, 1.000000000000000000, -0.0000000000000000000 ) ) ;
#4248 =( GEOMETRIC_REPRESENTATION_CONTEXT ( 3 ) GLOBAL_UNCERTAINTY_ASSIGNED_CONTEXT ( ( #9457 ) ) GLOBAL_UNIT_ASSIGNED_CONTEXT ( ( #2584, #6599, #2725 ) ) REPRESENTATION_CONTEXT ( 'NONE', 'WORKASPACE' ) );
#4249 = CARTESIAN_POINT ( 'NONE',  ( -0.2499999999999997780, 5.000000000000000888, 0.2500000000000002220 ) ) ;
#4250 = STYLED_ITEM ( 'NONE', ( #5245 ), #2602 ) ;
#4251 = FILL_AREA_STYLE_COLOUR ( '', #12633 ) ;
#4252 = VERTEX_POINT ( 'NONE', #9911 ) ;
#4253 = FACE_OUTER_BOUND ( 'NONE', #361, .T. ) ;
#4254 =( NAMED_UNIT ( * ) PLANE_ANGLE_UNIT ( ) SI_UNIT ( $, .RADIAN. ) );
#4255 =( NAMED_UNIT ( * ) PLANE_ANGLE_UNIT ( ) SI_UNIT ( $, .RADIAN. ) );
#4256 = ORIENTED_EDGE ( 'NONE', *, *, #6717, .F. ) ;
#4257 = ORIENTED_EDGE ( 'NONE', *, *, #11196, .F. ) ;
#4258 = VERTEX_POINT ( 'NONE', #11779 ) ;
#4259 = ORIENTED_EDGE ( 'NONE', *, *, #2413, .T. ) ;
#4260 = PRESENTATION_STYLE_ASSIGNMENT (( #1067 ) ) ;
#4261 = EDGE_CURVE ( 'NONE', #11243, #7215, #6862, .T. ) ;
#4262 = CARTESIAN_POINT ( 'NONE',  ( 8.250000000000000000, -3.300000000000000266, 0.2500000000000002220 ) ) ;
#4263 = DIRECTION ( 'NONE',  ( 0.0000000000000000000, 0.0000000000000000000, 1.000000000000000000 ) ) ;
#4264 =( NAMED_UNIT ( * ) SI_UNIT ( $, .STERADIAN. ) SOLID_ANGLE_UNIT ( ) );
#4265 = ORIENTED_EDGE ( 'NONE', *, *, #10450, .T. ) ;
#4266 = LINE ( 'NONE', #11184, #6879 ) ;
#4267 = SURFACE_STYLE_FILL_AREA ( #9036 ) ;
#4268 =( NAMED_UNIT ( * ) SI_UNIT ( $, .STERADIAN. ) SOLID_ANGLE_UNIT ( ) );
#4269 =( LENGTH_UNIT ( ) NAMED_UNIT ( * ) SI_UNIT ( .MILLI., .METRE. ) );
#4270 = SURFACE_STYLE_USAGE ( .BOTH. , #3022 ) ;
#4271 = EDGE_CURVE ( 'NONE', #4659, #11562, #10833, .T. ) ;
#4272 = LINE ( 'NONE', #12001, #5177 ) ;
#4273 = EDGE_CURVE ( 'NONE', #1036, #7569, #5943, .T. ) ;
#4274 = DIRECTION ( 'NONE',  ( -0.0000000000000000000, -0.0000000000000000000, 1.000000000000000000 ) ) ;
#4275 = ADVANCED_FACE ( 'NONE', ( #8993 ), #7103, .T. ) ;
#4276 =( LENGTH_UNIT ( ) NAMED_UNIT ( * ) SI_UNIT ( .MILLI., .METRE. ) );
#4277 = VECTOR ( 'NONE', #2814, 1000.000000000000000 ) ;
#4278 = LINE ( 'NONE', #3216, #8230 ) ;
#4279 =( NAMED_UNIT ( * ) SI_UNIT ( $, .STERADIAN. ) SOLID_ANGLE_UNIT ( ) );
#4280 =( NAMED_UNIT ( * ) PLANE_ANGLE_UNIT ( ) SI_UNIT ( $, .RADIAN. ) );
#4281 = SURFACE_SIDE_STYLE ('',( #8343 ) ) ;
#4282 = DIRECTION ( 'NONE',  ( 1.000000000000000000, -5.421010862427522170E-17, 0.0000000000000000000 ) ) ;
#4283 = CARTESIAN_POINT ( 'NONE',  ( 6.699999999999997513, 0.0000000000000000000, -2.800000000000000266 ) ) ;
#4284 = PLANE ( 'NONE',  #8922 ) ;
#4285 = PRESENTATION_LAYER_ASSIGNMENT (  '', '', ( #4078 ) ) ;
#4286 = ADVANCED_FACE ( 'NONE', ( #8119 ), #10106, .T. ) ;
#4287 = CARTESIAN_POINT ( 'NONE',  ( 17.94999999999999574, 4.500000000000000888, 0.3200000000000017275 ) ) ;
#4288 = VERTEX_POINT ( 'NONE', #3375 ) ;
#4289 = LINE ( 'NONE', #7158, #3187 ) ;
#4290 = PLANE ( 'NONE',  #1050 ) ;
#4291 =( LENGTH_UNIT ( ) NAMED_UNIT ( * ) SI_UNIT ( .MILLI., .METRE. ) );
#4292 =( NAMED_UNIT ( * ) SI_UNIT ( $, .STERADIAN. ) SOLID_ANGLE_UNIT ( ) );
#4293 = CARTESIAN_POINT ( 'NONE',  ( 7.849999999999999645, -3.399999999999999911, -0.2499999999999997780 ) ) ;
#4294 = DIRECTION ( 'NONE',  ( -1.084202172485504237E-15, -1.000000000000000000, 0.0000000000000000000 ) ) ;
#4295 = FACE_OUTER_BOUND ( 'NONE', #9255, .T. ) ;
#4296 = PLANE ( 'NONE',  #11232 ) ;
#4297 =( NAMED_UNIT ( * ) PLANE_ANGLE_UNIT ( ) SI_UNIT ( $, .RADIAN. ) );
#4298 = CARTESIAN_POINT ( 'NONE',  ( 15.30000000000000071, 0.0000000000000000000, 1.700000000000000178 ) ) ;
#4299 = FACE_OUTER_BOUND ( 'NONE', #541, .T. ) ;
#4300 = ORIENTED_EDGE ( 'NONE', *, *, #10148, .T. ) ;
#4301 = CARTESIAN_POINT ( 'NONE',  ( 4.250000000000000000, -3.300000000000000266, -0.2499999999999997780 ) ) ;
#4302 = FILL_AREA_STYLE_COLOUR ( '', #6616 ) ;
#4303 =( LENGTH_UNIT ( ) NAMED_UNIT ( * ) SI_UNIT ( .MILLI., .METRE. ) );
#4304 = UNCERTAINTY_MEASURE_WITH_UNIT (LENGTH_MEASURE( 1.000000000000000082E-05 ), #10472, 'distance_accuracy_value', 'NONE');
#4305 = PLANE ( 'NONE',  #7701 ) ;
#4306 = LINE ( 'NONE', #233, #12467 ) ;
#4307 = LINE ( 'NONE', #7368, #8598 ) ;
#4308 = DIRECTION ( 'NONE',  ( 0.5773502691896238437, 0.5773502691896289507, -0.5773502691896246208 ) ) ;
#4309 = MECHANICAL_DESIGN_GEOMETRIC_PRESENTATION_REPRESENTATION (  '', ( #10995 ), #7764 ) ;
#4310 = SURFACE_STYLE_USAGE ( .BOTH. , #1362 ) ;
#4311 = EDGE_LOOP ( 'NONE', ( #7164, #8272, #4892, #297 ) ) ;
#4312 = VERTEX_POINT ( 'NONE', #7353 ) ;
#4313 = FILL_AREA_STYLE ('',( #349 ) ) ;
#4314 = FILL_AREA_STYLE ('',( #350 ) ) ;
#4315 = FACE_OUTER_BOUND ( 'NONE', #2798, .T. ) ;
#4316 = LINE ( 'NONE', #296, #8448 ) ;
#4317 = VECTOR ( 'NONE', #11375, 1000.000000000000000 ) ;
#4318 = ORIENTED_EDGE ( 'NONE', *, *, #10776, .T. ) ;
#4319 = ORIENTED_EDGE ( 'NONE', *, *, #8014, .T. ) ;
#4320 = MECHANICAL_DESIGN_GEOMETRIC_PRESENTATION_REPRESENTATION (  '', ( #10796 ), #6553 ) ;
#4321 = MECHANICAL_DESIGN_GEOMETRIC_PRESENTATION_REPRESENTATION (  '', ( #186 ), #12005 ) ;
#4322 = VECTOR ( 'NONE', #3059, 1000.000000000000000 ) ;
#4323 = EDGE_CURVE ( 'NONE', #5401, #3629, #7296, .T. ) ;
#4324 = PRESENTATION_STYLE_ASSIGNMENT (( #3402 ) ) ;
#4325 = PLANE ( 'NONE',  #3717 ) ;
#4326 =( GEOMETRIC_REPRESENTATION_CONTEXT ( 3 ) GLOBAL_UNCERTAINTY_ASSIGNED_CONTEXT ( ( #8265 ) ) GLOBAL_UNIT_ASSIGNED_CONTEXT ( ( #5376, #3302, #6201 ) ) REPRESENTATION_CONTEXT ( 'NONE', 'WORKASPACE' ) );
#4327 = PRESENTATION_STYLE_ASSIGNMENT (( #2545 ) ) ;
#4328 = STYLED_ITEM ( 'NONE', ( #7310 ), #6217 ) ;
#4329 =( GEOMETRIC_REPRESENTATION_CONTEXT ( 3 ) GLOBAL_UNCERTAINTY_ASSIGNED_CONTEXT ( ( #6149 ) ) GLOBAL_UNIT_ASSIGNED_CONTEXT ( ( #2984, #5189, #8065 ) ) REPRESENTATION_CONTEXT ( 'NONE', 'WORKASPACE' ) );
#4330 = STYLED_ITEM ( 'NONE', ( #2784 ), #5564 ) ;
#4331 = CARTESIAN_POINT ( 'NONE',  ( 3.250000000000000888, 3.149999999999999023, -2.050000000000001599 ) ) ;
#4332 = FILL_AREA_STYLE ('',( #487 ) ) ;
#4333 = PLANE ( 'NONE',  #9437 ) ;
#4334 = VECTOR ( 'NONE', #7213, 1000.000000000000000 ) ;
#4335 = SURFACE_STYLE_FILL_AREA ( #2495 ) ;
#4336 =( LENGTH_UNIT ( ) NAMED_UNIT ( * ) SI_UNIT ( .MILLI., .METRE. ) );
#4337 = STYLED_ITEM ( 'NONE', ( #12415 ), #1369 ) ;
#4338 = FILL_AREA_STYLE ('',( #7273 ) ) ;
#4339 = CARTESIAN_POINT ( 'NONE',  ( 8.699999999999999289, 0.1999999999999999833, -2.800000000000000266 ) ) ;
#4340 = DIRECTION ( 'NONE',  ( 1.000000000000000000, 0.0000000000000000000, -3.478723548081834449E-17 ) ) ;
#4341 =( GEOMETRIC_REPRESENTATION_CONTEXT ( 3 ) GLOBAL_UNCERTAINTY_ASSIGNED_CONTEXT ( ( #7949 ) ) GLOBAL_UNIT_ASSIGNED_CONTEXT ( ( #10152, #6257, #4279 ) ) REPRESENTATION_CONTEXT ( 'NONE', 'WORKASPACE' ) );
#4342 = MECHANICAL_DESIGN_GEOMETRIC_PRESENTATION_REPRESENTATION (  '', ( #5323 ), #2231 ) ;
#4343 = LINE ( 'NONE', #374, #2419 ) ;
#4344 = VERTEX_POINT ( 'NONE', #10219 ) ;
#4345 = DIRECTION ( 'NONE',  ( 0.0000000000000000000, 0.0000000000000000000, 1.000000000000000000 ) ) ;
#4346 = EDGE_CURVE ( 'NONE', #7569, #9795, #5188, .T. ) ;
#4347 = MECHANICAL_DESIGN_GEOMETRIC_PRESENTATION_REPRESENTATION (  '', ( #2253 ), #7815 ) ;
#4348 =( GEOMETRIC_REPRESENTATION_CONTEXT ( 3 ) GLOBAL_UNCERTAINTY_ASSIGNED_CONTEXT ( ( #4677 ) ) GLOBAL_UNIT_ASSIGNED_CONTEXT ( ( #4416, #2381, #5243 ) ) REPRESENTATION_CONTEXT ( 'NONE', 'WORKASPACE' ) );
#4349 = DIRECTION ( 'NONE',  ( -9.103382349328301547E-49, -2.350988701644575016E-32, -1.000000000000000000 ) ) ;
#4350 = COLOUR_RGB ( '',1.000000000000000000, 0.8117647058823529438, 0.5019607843137254832 ) ;
#4351 =( GEOMETRIC_REPRESENTATION_CONTEXT ( 3 ) GLOBAL_UNCERTAINTY_ASSIGNED_CONTEXT ( ( #9779 ) ) GLOBAL_UNIT_ASSIGNED_CONTEXT ( ( #3317, #2345, #3386 ) ) REPRESENTATION_CONTEXT ( 'NONE', 'WORKASPACE' ) );
#4352 = MECHANICAL_DESIGN_GEOMETRIC_PRESENTATION_REPRESENTATION (  '', ( #1227 ), #6595 ) ;
#4353 = PLANE ( 'NONE',  #1670 ) ;
#4354 = DIRECTION ( 'NONE',  ( -3.833233541708432880E-17, -0.7071067811865471286, 0.7071067811865479058 ) ) ;
#4355 = LINE ( 'NONE', #8166, #11229 ) ;
#4356 = DIRECTION ( 'NONE',  ( -1.000000000000000000, 3.872150616019660190E-17, 0.0000000000000000000 ) ) ;
#4357 = PLANE ( 'NONE',  #11869 ) ;
#4358 = CARTESIAN_POINT ( 'NONE',  ( 0.6999999999999988454, 0.1999999999999999833, 1.700000000000000178 ) ) ;
#4359 = SURFACE_STYLE_USAGE ( .BOTH. , #11910 ) ;
#4360 = ORIENTED_EDGE ( 'NONE', *, *, #11860, .F. ) ;
#4361 = MECHANICAL_DESIGN_GEOMETRIC_PRESENTATION_REPRESENTATION (  '', ( #11656 ), #6401 ) ;
#4362 =( NAMED_UNIT ( * ) SI_UNIT ( $, .STERADIAN. ) SOLID_ANGLE_UNIT ( ) );
#4363 = PRESENTATION_LAYER_ASSIGNMENT (  '', '', ( #9856 ) ) ;
#4364 = EDGE_CURVE ( 'NONE', #2408, #9647, #517, .T. ) ;
#4365 = PRESENTATION_STYLE_ASSIGNMENT (( #6206 ) ) ;
#4366 = FACE_OUTER_BOUND ( 'NONE', #675, .T. ) ;
#4367 = EDGE_CURVE ( 'NONE', #11581, #4312, #6402, .T. ) ;
#4368 = PRESENTATION_STYLE_ASSIGNMENT (( #4179 ) ) ;
#4369 = VERTEX_POINT ( 'NONE', #4480 ) ;
#4370 = COLOUR_RGB ( '',1.000000000000000000, 0.8117647058823529438, 0.5019607843137254832 ) ;
#4371 = PRESENTATION_LAYER_ASSIGNMENT (  '', '', ( #11663 ) ) ;
#4372 =( LENGTH_UNIT ( ) NAMED_UNIT ( * ) SI_UNIT ( .MILLI., .METRE. ) );
#4373 = VECTOR ( 'NONE', #10865, 1000.000000000000114 ) ;
#4374 = DIRECTION ( 'NONE',  ( -1.000000000000000000, 0.0000000000000000000, -0.0000000000000000000 ) ) ;
#4375 =( NAMED_UNIT ( * ) SI_UNIT ( $, .STERADIAN. ) SOLID_ANGLE_UNIT ( ) );
#4376 = CIRCLE ( 'NONE', #8037, 0.05000000000000019013 ) ;
#4377 = PLANE ( 'NONE',  #8902 ) ;
#4378 = LINE ( 'NONE', #2188, #10453 ) ;
#4379 = PLANE ( 'NONE',  #9618 ) ;
#4380 = PLANE ( 'NONE',  #11886 ) ;
#4381 = STYLED_ITEM ( 'NONE', ( #3971 ), #3809 ) ;
#4382 = PRESENTATION_STYLE_ASSIGNMENT (( #1492 ) ) ;
#4383 = COLOUR_RGB ( '',1.000000000000000000, 1.000000000000000000, 1.000000000000000000 ) ;
#4384 = EDGE_LOOP ( 'NONE', ( #9105, #9146, #6040, #60 ) ) ;
#4385 = DIRECTION ( 'NONE',  ( 1.000000000000000000, -5.421010862427522170E-17, 0.0000000000000000000 ) ) ;
#4386 = MECHANICAL_DESIGN_GEOMETRIC_PRESENTATION_REPRESENTATION (  '', ( #11680 ), #10880 ) ;
#4387 = EDGE_CURVE ( 'NONE', #3343, #4213, #8351, .T. ) ;
#4388 = DIRECTION ( 'NONE',  ( 4.336808689942017736E-16, 0.0000000000000000000, 1.000000000000000000 ) ) ;
#4389 = VERTEX_POINT ( 'NONE', #7165 ) ;
#4390 = MECHANICAL_DESIGN_GEOMETRIC_PRESENTATION_REPRESENTATION (  '', ( #66 ), #4594 ) ;
#4391 = ORIENTED_EDGE ( 'NONE', *, *, #10496, .F. ) ;
#4392 = AXIS2_PLACEMENT_3D ( 'NONE', #596, #10118, #4571 ) ;
#4393 =( NAMED_UNIT ( * ) SI_UNIT ( $, .STERADIAN. ) SOLID_ANGLE_UNIT ( ) );
#4394 = FILL_AREA_STYLE ('',( #3460 ) ) ;
#4395 = AXIS2_PLACEMENT_3D ( 'NONE', #6387, #12140, #8156 ) ;
#4396 = VECTOR ( 'NONE', #10914, 1000.000000000000000 ) ;
#4397 = LINE ( 'NONE', #1567, #6125 ) ;
#4398 = PLANE ( 'NONE',  #1108 ) ;
#4399 = PLANE ( 'NONE',  #12458 ) ;
#4400 = COLOUR_RGB ( '',1.000000000000000000, 0.8117647058823529438, 0.5019607843137254832 ) ;
#4401 = ORIENTED_EDGE ( 'NONE', *, *, #11114, .T. ) ;
#4402 = CARTESIAN_POINT ( 'NONE',  ( 1.849999999999996092, -3.399999999999999911, -0.2499999999999997780 ) ) ;
#4403 = FILL_AREA_STYLE_COLOUR ( '', #3348 ) ;
#4404 = STYLED_ITEM ( 'NONE', ( #3299 ), #12519 ) ;
#4405 = ORIENTED_EDGE ( 'NONE', *, *, #8618, .F. ) ;
#4406 = DIRECTION ( 'NONE',  ( 0.0000000000000000000, 0.0000000000000000000, -1.000000000000000000 ) ) ;
#4407 = DIRECTION ( 'NONE',  ( -1.084202172485504237E-15, -1.000000000000000000, 0.0000000000000000000 ) ) ;
#4408 = ORIENTED_EDGE ( 'NONE', *, *, #9810, .F. ) ;
#4409 = CARTESIAN_POINT ( 'NONE',  ( -1.949999999999999956, 1.800000000000000044, 0.2500000000000002220 ) ) ;
#4410 = ORIENTED_EDGE ( 'NONE', *, *, #10690, .F. ) ;
#4411 = CARTESIAN_POINT ( 'NONE',  ( 0.08333333333333456383, 5.166666666666668739, 0.08333333333333456383 ) ) ;
#4412 = UNCERTAINTY_MEASURE_WITH_UNIT (LENGTH_MEASURE( 1.000000000000000082E-05 ), #4939, 'distance_accuracy_value', 'NONE');
#4413 = FACE_OUTER_BOUND ( 'NONE', #7295, .T. ) ;
#4414 = PRESENTATION_STYLE_ASSIGNMENT (( #9366 ) ) ;
#4415 = VERTEX_POINT ( 'NONE', #9072 ) ;
#4416 =( LENGTH_UNIT ( ) NAMED_UNIT ( * ) SI_UNIT ( .MILLI., .METRE. ) );
#4417 = FACE_OUTER_BOUND ( 'NONE', #8334, .T. ) ;
#4418 = CARTESIAN_POINT ( 'NONE',  ( 6.249999999999998224, -3.300000000000000266, 0.2500000000000002220 ) ) ;
#4419 = VERTEX_POINT ( 'NONE', #1412 ) ;
#4420 =( NAMED_UNIT ( * ) SI_UNIT ( $, .STERADIAN. ) SOLID_ANGLE_UNIT ( ) );
#4421 = EDGE_CURVE ( 'NONE', #5154, #3512, #5378, .T. ) ;
#4422 = SURFACE_STYLE_FILL_AREA ( #8116 ) ;
#4423 = FILL_AREA_STYLE ('',( #11017 ) ) ;
#4424 = DIRECTION ( 'NONE',  ( -1.000000000000000000, 5.421010862427522170E-17, 0.0000000000000000000 ) ) ;
#4425 = DIRECTION ( 'NONE',  ( 0.0000000000000000000, -0.0000000000000000000, 1.000000000000000000 ) ) ;
#4426 = VERTEX_POINT ( 'NONE', #3503 ) ;
#4427 = ORIENTED_EDGE ( 'NONE', *, *, #7405, .T. ) ;
#4428 = FILL_AREA_STYLE_COLOUR ( '', #7985 ) ;
#4429 = PLANE ( 'NONE',  #5933 ) ;
#4430 = CARTESIAN_POINT ( 'NONE',  ( 1.750000000000000666, 5.000000000000000888, 0.2500000000000002220 ) ) ;
#4431 = DIRECTION ( 'NONE',  ( -1.000000000000000000, 0.0000000000000000000, -0.0000000000000000000 ) ) ;
#4432 = STYLED_ITEM ( 'NONE', ( #1446 ), #3023 ) ;
#4433 = UNCERTAINTY_MEASURE_WITH_UNIT (LENGTH_MEASURE( 1.000000000000000082E-05 ), #6647, 'distance_accuracy_value', 'NONE');
#4434 = SURFACE_STYLE_USAGE ( .BOTH. , #10042 ) ;
#4435 = EDGE_CURVE ( 'NONE', #7388, #2604, #10352, .T. ) ;
#4436 = CARTESIAN_POINT ( 'NONE',  ( 4.049999999999999822, -3.399999999999999911, -0.1500000000000003830 ) ) ;
#4437 = EDGE_CURVE ( 'NONE', #3786, #3358, #277, .T. ) ;
#4438 = SURFACE_SIDE_STYLE ('',( #3246 ) ) ;
#4439 = DIRECTION ( 'NONE',  ( -4.336808689942017736E-16, 0.0000000000000000000, -1.000000000000000000 ) ) ;
#4440 = ORIENTED_EDGE ( 'NONE', *, *, #2934, .T. ) ;
#4441 = MECHANICAL_DESIGN_GEOMETRIC_PRESENTATION_REPRESENTATION (  '', ( #7502 ), #3595 ) ;
#4442 = VECTOR ( 'NONE', #7046, 1000.000000000000000 ) ;
#4443 = EDGE_LOOP ( 'NONE', ( #12566, #1424, #9641, #10729 ) ) ;
#4444 =( NAMED_UNIT ( * ) SI_UNIT ( $, .STERADIAN. ) SOLID_ANGLE_UNIT ( ) );
#4445 = SURFACE_SIDE_STYLE ('',( #12234 ) ) ;
#4446 = SURFACE_STYLE_FILL_AREA ( #352 ) ;
#4447 = ORIENTED_EDGE ( 'NONE', *, *, #6359, .T. ) ;
#4448 = VERTEX_POINT ( 'NONE', #5250 ) ;
#4449 = ORIENTED_EDGE ( 'NONE', *, *, #7341, .T. ) ;
#4450 = UNCERTAINTY_MEASURE_WITH_UNIT (LENGTH_MEASURE( 1.000000000000000082E-05 ), #3885, 'distance_accuracy_value', 'NONE');
#4451 = MECHANICAL_DESIGN_GEOMETRIC_PRESENTATION_REPRESENTATION (  '', ( #7515 ), #3604 ) ;
#4452 = STYLED_ITEM ( 'NONE', ( #8604 ), #2911 ) ;
#4453 =( NAMED_UNIT ( * ) SI_UNIT ( $, .STERADIAN. ) SOLID_ANGLE_UNIT ( ) );
#4454 = ADVANCED_FACE ( 'NONE', ( #4295 ), #12030, .F. ) ;
#4455 = SURFACE_STYLE_FILL_AREA ( #3534 ) ;
#4456 = PLANE ( 'NONE',  #9110 ) ;
#4457 = DIRECTION ( 'NONE',  ( -1.000000000000000000, 3.872150616019661422E-17, -0.0000000000000000000 ) ) ;
#4458 = CARTESIAN_POINT ( 'NONE',  ( 15.30000000000000071, 0.2000000000000000389, -2.800000000000000266 ) ) ;
#4459 = DIRECTION ( 'NONE',  ( -1.000000000000000000, 5.421010862427522170E-17, 0.0000000000000000000 ) ) ;
#4460 = CARTESIAN_POINT ( 'NONE',  ( 9.750000000000000000, -3.399999999999999911, 0.2500000000000002220 ) ) ;
#4461 =( NAMED_UNIT ( * ) SI_UNIT ( $, .STERADIAN. ) SOLID_ANGLE_UNIT ( ) );
#4462 = VERTEX_POINT ( 'NONE', #1744 ) ;
#4463 = ORIENTED_EDGE ( 'NONE', *, *, #12437, .T. ) ;
#4464 = FACE_BOUND ( 'NONE', #3831, .T. ) ;
#4465 = ORIENTED_EDGE ( 'NONE', *, *, #12176, .F. ) ;
#4466 = DIRECTION ( 'NONE',  ( 3.872150616019660190E-17, 1.000000000000000000, -0.0000000000000000000 ) ) ;
#4467 = PLANE ( 'NONE',  #7448 ) ;
#4468 = EDGE_CURVE ( 'NONE', #6438, #5762, #3571, .T. ) ;
#4469 =( NAMED_UNIT ( * ) SI_UNIT ( $, .STERADIAN. ) SOLID_ANGLE_UNIT ( ) );
#4470 = PRESENTATION_STYLE_ASSIGNMENT (( #9302 ) ) ;
#4471 = CARTESIAN_POINT ( 'NONE',  ( 9.299999999999998934, 0.0000000000000000000, -2.800000000000000266 ) ) ;
#4472 = VECTOR ( 'NONE', #4500, 1000.000000000000000 ) ;
#4473 = LINE ( 'NONE', #8289, #11408 ) ;
#4474 = ORIENTED_EDGE ( 'NONE', *, *, #4968, .F. ) ;
#4475 = SURFACE_STYLE_FILL_AREA ( #6655 ) ;
#4476 = VECTOR ( 'NONE', #1650, 1000.000000000000000 ) ;
#4477 = DIRECTION ( 'NONE',  ( -3.872150616019660190E-17, -1.000000000000000000, 0.0000000000000000000 ) ) ;
#4478 = LINE ( 'NONE', #7352, #8593 ) ;
#4479 = VERTEX_POINT ( 'NONE', #2775 ) ;
#4480 = CARTESIAN_POINT ( 'NONE',  ( 5.849999999999999645, -3.399999999999999911, 0.1500000000000008271 ) ) ;
#4481 = CARTESIAN_POINT ( 'NONE',  ( 12.05000000000000071, 5.100000000000001421, -0.1500000000000003830 ) ) ;
#4482 = LINE ( 'NONE', #7428, #2852 ) ;
#4483 = CARTESIAN_POINT ( 'NONE',  ( 1.299999999999999600, 0.2000000000000000389, 1.700000000000000178 ) ) ;
#4484 = VERTEX_POINT ( 'NONE', #5695 ) ;
#4485 = STYLED_ITEM ( 'NONE', ( #6678 ), #2167 ) ;
#4486 = SURFACE_SIDE_STYLE ('',( #3379 ) ) ;
#4487 = ORIENTED_EDGE ( 'NONE', *, *, #2995, .T. ) ;
#4488 = VERTEX_POINT ( 'NONE', #2575 ) ;
#4489 =( LENGTH_UNIT ( ) NAMED_UNIT ( * ) SI_UNIT ( .MILLI., .METRE. ) );
#4490 = ADVANCED_FACE ( 'NONE', ( #6658 ), #658, .F. ) ;
#4491 = CARTESIAN_POINT ( 'NONE',  ( 17.34999999999999076, 4.500000000000000888, -0.6799999999999974953 ) ) ;
#4492 = LINE ( 'NONE', #7509, #8651 ) ;
#4493 = CARTESIAN_POINT ( 'NONE',  ( 9.250000000000001776, 3.400000000000000355, -2.350000000000001865 ) ) ;
#4494 = CARTESIAN_POINT ( 'NONE',  ( 12.15000000000000036, 5.100000000000001421, -0.1500000000000003830 ) ) ;
#4495 = CARTESIAN_POINT ( 'NONE',  ( 17.95099999999999696, 6.000000000000000000, -0.6800000000000000488 ) ) ;
#4496 = ORIENTED_EDGE ( 'NONE', *, *, #1953, .F. ) ;
#4497 = CARTESIAN_POINT ( 'NONE',  ( 1.250000000000000666, 3.399999999999999467, -2.300000000000003375 ) ) ;
#4498 = VECTOR ( 'NONE', #6242, 1000.000000000000000 ) ;
#4499 = ORIENTED_EDGE ( 'NONE', *, *, #4843, .F. ) ;
#4500 = DIRECTION ( 'NONE',  ( 1.000000000000000000, -0.0000000000000000000, -4.358601698434190141E-17 ) ) ;
#4501 = CARTESIAN_POINT ( 'NONE',  ( 13.25000000000000178, 3.149999999999999023, -2.050000000000001599 ) ) ;
#4502 = EDGE_LOOP ( 'NONE', ( #7568, #6628, #5064, #10236 ) ) ;
#4503 = VERTEX_POINT ( 'NONE', #6588 ) ;
#4504 = ADVANCED_FACE ( 'NONE', ( #7734 ), #8493, .F. ) ;
#4505 = ORIENTED_EDGE ( 'NONE', *, *, #5833, .T. ) ;
#4506 = EDGE_CURVE ( 'NONE', #4531, #3988, #9902, .T. ) ;
#4507 = EDGE_CURVE ( 'NONE', #3047, #2223, #10891, .T. ) ;
#4508 =( LENGTH_UNIT ( ) NAMED_UNIT ( * ) SI_UNIT ( .MILLI., .METRE. ) );
#4509 = DIRECTION ( 'NONE',  ( -1.000000000000000000, 3.872150616019661422E-17, 0.0000000000000000000 ) ) ;
#4510 = PRESENTATION_LAYER_ASSIGNMENT (  '', '', ( #2421 ) ) ;
#4511 = VECTOR ( 'NONE', #9102, 1000.000000000000000 ) ;
#4512 = LINE ( 'NONE', #8200, #4317 ) ;
#4513 =( GEOMETRIC_REPRESENTATION_CONTEXT ( 3 ) GLOBAL_UNCERTAINTY_ASSIGNED_CONTEXT ( ( #6354 ) ) GLOBAL_UNIT_ASSIGNED_CONTEXT ( ( #11180, #2544, #9408 ) ) REPRESENTATION_CONTEXT ( 'NONE', 'WORKASPACE' ) );
#4514 = PRESENTATION_STYLE_ASSIGNMENT (( #12121 ) ) ;
#4515 = ORIENTED_EDGE ( 'NONE', *, *, #11774, .F. ) ;
#4516 = DIRECTION ( 'NONE',  ( 0.0000000000000000000, 0.0000000000000000000, 1.000000000000000000 ) ) ;
#4517 = VERTEX_POINT ( 'NONE', #3028 ) ;
#4518 = FILL_AREA_STYLE ('',( #7649 ) ) ;
#4519 = DIRECTION ( 'NONE',  ( -4.336808689942017736E-16, 1.679277644031840470E-32, -1.000000000000000000 ) ) ;
#4520 = VECTOR ( 'NONE', #11947, 1000.000000000000000 ) ;
#4521 = CARTESIAN_POINT ( 'NONE',  ( 11.25000000000000000, 3.399999999999999467, -2.350000000000001421 ) ) ;
#4522 = EDGE_CURVE ( 'NONE', #8952, #5772, #6969, .T. ) ;
#4523 = VECTOR ( 'NONE', #4536, 1000.000000000000000 ) ;
#4524 = VECTOR ( 'NONE', #8298, 1000.000000000000000 ) ;
#4525 = EDGE_CURVE ( 'NONE', #7308, #8952, #12605, .T. ) ;
#4526 = ORIENTED_EDGE ( 'NONE', *, *, #6170, .F. ) ;
#4527 = VECTOR ( 'NONE', #12028, 1000.000000000000000 ) ;
#4528 = CARTESIAN_POINT ( 'NONE',  ( 7.249999999999999112, 3.399999999999999467, -2.050000000000001599 ) ) ;
#4529 = SURFACE_STYLE_FILL_AREA ( #11261 ) ;
#4530 = LINE ( 'NONE', #2426, #6618 ) ;
#4531 = VERTEX_POINT ( 'NONE', #6910 ) ;
#4532 = PRESENTATION_STYLE_ASSIGNMENT (( #494 ) ) ;
#4533 = STYLED_ITEM ( 'NONE', ( #1958 ), #6786 ) ;
#4534 = ORIENTED_EDGE ( 'NONE', *, *, #6785, .F. ) ;
#4535 = VERTEX_POINT ( 'NONE', #9825 ) ;
#4536 = DIRECTION ( 'NONE',  ( -0.0000000000000000000, -0.0000000000000000000, 1.000000000000000000 ) ) ;
#4537 = FACE_OUTER_BOUND ( 'NONE', #3802, .T. ) ;
#4538 = PLANE ( 'NONE',  #8808 ) ;
#4539 = CARTESIAN_POINT ( 'NONE',  ( 1.150000000000000355, 5.650000000000002132, 1.249999999999998446 ) ) ;
#4540 = UNCERTAINTY_MEASURE_WITH_UNIT (LENGTH_MEASURE( 1.000000000000000082E-05 ), #5161, 'distance_accuracy_value', 'NONE');
#4541 = ADVANCED_FACE ( 'NONE', ( #3159 ), #4863, .T. ) ;
#4542 = ORIENTED_EDGE ( 'NONE', *, *, #1535, .F. ) ;
#4543 = VECTOR ( 'NONE', #6195, 1000.000000000000000 ) ;
#4544 =( GEOMETRIC_REPRESENTATION_CONTEXT ( 3 ) GLOBAL_UNCERTAINTY_ASSIGNED_CONTEXT ( ( #7993 ) ) GLOBAL_UNIT_ASSIGNED_CONTEXT ( ( #9658, #4929, #10719 ) ) REPRESENTATION_CONTEXT ( 'NONE', 'WORKASPACE' ) );
#4545 = AXIS2_PLACEMENT_3D ( 'NONE', #8805, #9654, #10600 ) ;
#4546 = DIRECTION ( 'NONE',  ( 0.0000000000000000000, -1.000000000000000000, 0.0000000000000000000 ) ) ;
#4547 =( LENGTH_UNIT ( ) NAMED_UNIT ( * ) SI_UNIT ( .MILLI., .METRE. ) );
#4548 = DIRECTION ( 'NONE',  ( 1.000000000000000000, -3.872150616019660190E-17, -4.336808689942017736E-16 ) ) ;
#4549 =( GEOMETRIC_REPRESENTATION_CONTEXT ( 3 ) GLOBAL_UNCERTAINTY_ASSIGNED_CONTEXT ( ( #3398 ) ) GLOBAL_UNIT_ASSIGNED_CONTEXT ( ( #9882, #2153, #5029 ) ) REPRESENTATION_CONTEXT ( 'NONE', 'WORKASPACE' ) );
#4550 = STYLED_ITEM ( 'NONE', ( #6540 ), #933 ) ;
#4551 = LINE ( 'NONE', #8420, #2695 ) ;
#4552 = ORIENTED_EDGE ( 'NONE', *, *, #4649, .F. ) ;
#4553 = EDGE_CURVE ( 'NONE', #12316, #6943, #10754, .T. ) ;
#4554 = DIRECTION ( 'NONE',  ( -4.336808689942017736E-16, 0.0000000000000000000, -1.000000000000000000 ) ) ;
#4555 =( LENGTH_UNIT ( ) NAMED_UNIT ( * ) SI_UNIT ( .MILLI., .METRE. ) );
#4556 = MECHANICAL_DESIGN_GEOMETRIC_PRESENTATION_REPRESENTATION (  '', ( #1212 ), #606 ) ;
#4557 = FILL_AREA_STYLE ('',( #584 ) ) ;
#4558 = VECTOR ( 'NONE', #3129, 1000.000000000000000 ) ;
#4559 = FACE_OUTER_BOUND ( 'NONE', #9733, .T. ) ;
#4560 = MECHANICAL_DESIGN_GEOMETRIC_PRESENTATION_REPRESENTATION (  '', ( #8802 ), #9210 ) ;
#4561 = LINE ( 'NONE', #665, #415 ) ;
#4562 = PRODUCT_DEFINITION_SHAPE ( 'NONE', 'NONE',  #11401 ) ;
#4563 = SURFACE_SIDE_STYLE ('',( #8181 ) ) ;
#4564 = VECTOR ( 'NONE', #8030, 1000.000000000000000 ) ;
#4565 = UNCERTAINTY_MEASURE_WITH_UNIT (LENGTH_MEASURE( 1.000000000000000082E-05 ), #9074, 'distance_accuracy_value', 'NONE');
#4566 = ORIENTED_EDGE ( 'NONE', *, *, #7801, .F. ) ;
#4567 = DIRECTION ( 'NONE',  ( 9.103382349328301547E-49, 2.350988701644575016E-32, 1.000000000000000000 ) ) ;
#4568 = COLOUR_RGB ( '',1.000000000000000000, 1.000000000000000000, 1.000000000000000000 ) ;
#4569 = LINE ( 'NONE', #8446, #2305 ) ;
#4570 = VECTOR ( 'NONE', #12300, 1000.000000000000000 ) ;
#4571 = DIRECTION ( 'NONE',  ( -1.000000000000000000, 0.0000000000000000000, -0.0000000000000000000 ) ) ;
#4572 = VERTEX_POINT ( 'NONE', #2909 ) ;
#4573 = AXIS2_PLACEMENT_3D ( 'NONE', #1854, #10447, #1651 ) ;
#4574 =( NAMED_UNIT ( * ) PLANE_ANGLE_UNIT ( ) SI_UNIT ( $, .RADIAN. ) );
#4575 = CARTESIAN_POINT ( 'NONE',  ( 17.94999999999999574, 0.0000000000000000000, 1.699999999999999289 ) ) ;
#4576 =( GEOMETRIC_REPRESENTATION_CONTEXT ( 3 ) GLOBAL_UNCERTAINTY_ASSIGNED_CONTEXT ( ( #2317 ) ) GLOBAL_UNIT_ASSIGNED_CONTEXT ( ( #12607, #10757, #10823 ) ) REPRESENTATION_CONTEXT ( 'NONE', 'WORKASPACE' ) );
#4577 = EDGE_LOOP ( 'NONE', ( #8259, #12475, #10622, #8323 ) ) ;
#4578 = AXIS2_PLACEMENT_3D ( 'NONE', #5119, #6211, #6986 ) ;
#4579 = ORIENTED_EDGE ( 'NONE', *, *, #67, .F. ) ;
#4580 = UNCERTAINTY_MEASURE_WITH_UNIT (LENGTH_MEASURE( 1.000000000000000082E-05 ), #3596, 'distance_accuracy_value', 'NONE');
#4581 = AXIS2_PLACEMENT_3D ( 'NONE', #5373, #2122, #8293 ) ;
#4582 = CARTESIAN_POINT ( 'NONE',  ( 17.95099999999999696, 6.000000000000000000, 0.3199999999999999512 ) ) ;
#4583 = MECHANICAL_DESIGN_GEOMETRIC_PRESENTATION_REPRESENTATION (  '', ( #3963 ), #9038 ) ;
#4584 = LINE ( 'NONE', #10561, #8944 ) ;
#4585 = CARTESIAN_POINT ( 'NONE',  ( 8.250000000000000000, 1.800000000000000044, -0.2499999999999997780 ) ) ;
#4586 = VECTOR ( 'NONE', #6452, 1000.000000000000000 ) ;
#4587 = EDGE_CURVE ( 'NONE', #7651, #3791, #6850, .T. ) ;
#4588 = COLOUR_RGB ( '',1.000000000000000000, 0.8117647058823529438, 0.5019607843137254832 ) ;
#4589 = COLOUR_RGB ( '',1.000000000000000000, 0.8117647058823529438, 0.5019607843137254832 ) ;
#4590 = FILL_AREA_STYLE ('',( #1372 ) ) ;
#4591 = DIRECTION ( 'NONE',  ( 0.5773502691896259531, 0.5773502691896259531, 0.5773502691896255090 ) ) ;
#4592 = COLOUR_RGB ( '',1.000000000000000000, 0.8117647058823529438, 0.5019607843137254832 ) ;
#4593 = ORIENTED_EDGE ( 'NONE', *, *, #2066, .T. ) ;
#4594 =( GEOMETRIC_REPRESENTATION_CONTEXT ( 3 ) GLOBAL_UNCERTAINTY_ASSIGNED_CONTEXT ( ( #7876 ) ) GLOBAL_UNIT_ASSIGNED_CONTEXT ( ( #2766, #10589, #12545 ) ) REPRESENTATION_CONTEXT ( 'NONE', 'WORKASPACE' ) );
#4595 = SURFACE_STYLE_FILL_AREA ( #4518 ) ;
#4596 = FILL_AREA_STYLE ('',( #689 ) ) ;
#4597 = VECTOR ( 'NONE', #1762, 1000.000000000000000 ) ;
#4598 = AXIS2_PLACEMENT_3D ( 'NONE', #11515, #4122, #1782 ) ;
#4599 = DIRECTION ( 'NONE',  ( -4.336808689942017736E-16, 1.679277644031840470E-32, -1.000000000000000000 ) ) ;
#4600 = FILL_AREA_STYLE_COLOUR ( '', #5290 ) ;
#4601 = SURFACE_STYLE_USAGE ( .BOTH. , #624 ) ;
#4602 = LINE ( 'NONE', #6561, #12202 ) ;
#4603 = LINE ( 'NONE', #8472, #5400 ) ;
#4604 = EDGE_CURVE ( 'NONE', #4878, #4426, #3088, .T. ) ;
#4605 = UNCERTAINTY_MEASURE_WITH_UNIT (LENGTH_MEASURE( 1.000000000000000082E-05 ), #4948, 'distance_accuracy_value', 'NONE');
#4606 = EDGE_CURVE ( 'NONE', #11391, #6212, #8918, .T. ) ;
#4607 = ORIENTED_EDGE ( 'NONE', *, *, #11645, .F. ) ;
#4608 = ORIENTED_EDGE ( 'NONE', *, *, #7579, .T. ) ;
#4609 = PRESENTATION_STYLE_ASSIGNMENT (( #1727 ) ) ;
#4610 = PRESENTATION_STYLE_ASSIGNMENT (( #12339 ) ) ;
#4611 = SURFACE_STYLE_USAGE ( .BOTH. , #7412 ) ;
#4612 = STYLED_ITEM ( 'NONE', ( #11974 ), #12288 ) ;
#4613 =( LENGTH_UNIT ( ) NAMED_UNIT ( * ) SI_UNIT ( .MILLI., .METRE. ) );
#4614 = DIRECTION ( 'NONE',  ( -3.833233541708420554E-17, -0.7071067811865447972, -0.7071067811865502373 ) ) ;
#4615 = ORIENTED_EDGE ( 'NONE', *, *, #11760, .T. ) ;
#4616 = AXIS2_PLACEMENT_3D ( 'NONE', #8738, #11715, #10647 ) ;
#4617 = DIRECTION ( 'NONE',  ( -1.000000000000000000, 5.421010862427522170E-17, 0.0000000000000000000 ) ) ;
#4618 = ADVANCED_FACE ( 'NONE', ( #1143 ), #5100, .F. ) ;
#4619 = DIRECTION ( 'NONE',  ( 0.0000000000000000000, 0.0000000000000000000, 1.000000000000000000 ) ) ;
#4620 = LINE ( 'NONE', #3697, #380 ) ;
#4621 = CARTESIAN_POINT ( 'NONE',  ( 13.74999999999999822, -3.399999999999999911, 0.2500000000000002220 ) ) ;
#4622 = CARTESIAN_POINT ( 'NONE',  ( 12.25000000000000000, 1.800000000000000044, -2.800000000000000266 ) ) ;
#4623 =( LENGTH_UNIT ( ) NAMED_UNIT ( * ) SI_UNIT ( .MILLI., .METRE. ) );
#4624 = UNCERTAINTY_MEASURE_WITH_UNIT (LENGTH_MEASURE( 1.000000000000000082E-05 ), #2283, 'distance_accuracy_value', 'NONE');
#4625 = CARTESIAN_POINT ( 'NONE',  ( 5.250000000000000888, 3.399999999999999467, -2.300000000000003375 ) ) ;
#4626 = SURFACE_STYLE_FILL_AREA ( #10223 ) ;
#4627 = VERTEX_POINT ( 'NONE', #8107 ) ;
#4628 = DIRECTION ( 'NONE',  ( 1.000000000000000000, 0.0000000000000000000, -2.609042661061375682E-17 ) ) ;
#4629 = CARTESIAN_POINT ( 'NONE',  ( 9.250000000000001776, 3.399999999999999467, -2.350000000000001421 ) ) ;
#4630 = ORIENTED_EDGE ( 'NONE', *, *, #9261, .F. ) ;
#4631 = CARTESIAN_POINT ( 'NONE',  ( 5.750000000000000000, 5.000000000000000888, 0.2500000000000002220 ) ) ;
#4632 = CARTESIAN_POINT ( 'NONE',  ( 10.24999999999999822, -3.300000000000000266, 0.2500000000000002220 ) ) ;
#4633 = SURFACE_STYLE_USAGE ( .BOTH. , #12307 ) ;
#4634 = FACE_OUTER_BOUND ( 'NONE', #4805, .T. ) ;
#4635 = CARTESIAN_POINT ( 'NONE',  ( 3.299999999999999378, 0.2000000000000000389, -0.2499999999999997780 ) ) ;
#4636 = CARTESIAN_POINT ( 'NONE',  ( 7.749999999999998224, 1.800000000000000044, -2.800000000000004707 ) ) ;
#4637 = ORIENTED_EDGE ( 'NONE', *, *, #428, .T. ) ;
#4638 = SURFACE_STYLE_USAGE ( .BOTH. , #7570 ) ;
#4639 = PLANE ( 'NONE',  #11553 ) ;
#4640 = FACE_OUTER_BOUND ( 'NONE', #3439, .T. ) ;
#4641 = ORIENTED_EDGE ( 'NONE', *, *, #5905, .F. ) ;
#4642 = ADVANCED_FACE ( 'NONE', ( #10943 ), #4467, .F. ) ;
#4643 = ORIENTED_EDGE ( 'NONE', *, *, #10351, .F. ) ;
#4644 = VECTOR ( 'NONE', #12064, 1000.000000000000000 ) ;
#4645 = ORIENTED_EDGE ( 'NONE', *, *, #2576, .F. ) ;
#4646 = DIRECTION ( 'NONE',  ( 0.0000000000000000000, -1.000000000000000000, 0.0000000000000000000 ) ) ;
#4647 = FACE_OUTER_BOUND ( 'NONE', #9321, .T. ) ;
#4648 =( NAMED_UNIT ( * ) SI_UNIT ( $, .STERADIAN. ) SOLID_ANGLE_UNIT ( ) );
#4649 = EDGE_CURVE ( 'NONE', #6803, #5049, #12081, .T. ) ;
#4650 = ORIENTED_EDGE ( 'NONE', *, *, #3996, .F. ) ;
#4651 = ORIENTED_EDGE ( 'NONE', *, *, #863, .T. ) ;
#4652 = VERTEX_POINT ( 'NONE', #8340 ) ;
#4653 = LINE ( 'NONE', #6626, #713 ) ;
#4654 = PLANE ( 'NONE',  #10336 ) ;
#4655 = ORIENTED_EDGE ( 'NONE', *, *, #12110, .F. ) ;
#4656 =( NAMED_UNIT ( * ) SI_UNIT ( $, .STERADIAN. ) SOLID_ANGLE_UNIT ( ) );
#4657 = STYLED_ITEM ( 'NONE', ( #728 ), #2380 ) ;
#4658 = STYLED_ITEM ( 'NONE', ( #8716 ), #85 ) ;
#4659 = VERTEX_POINT ( 'NONE', #7217 ) ;
#4660 = SURFACE_STYLE_USAGE ( .BOTH. , #8533 ) ;
#4661 = FILL_AREA_STYLE_COLOUR ( '', #4977 ) ;
#4662 = CARTESIAN_POINT ( 'NONE',  ( 14.75000000000000000, 3.399999999999999467, -2.050000000000001599 ) ) ;
#4663 = ORIENTED_EDGE ( 'NONE', *, *, #8318, .T. ) ;
#4664 = PRESENTATION_STYLE_ASSIGNMENT (( #7403 ) ) ;
#4665 = ORIENTED_EDGE ( 'NONE', *, *, #3518, .T. ) ;
#4666 = FILL_AREA_STYLE ('',( #6641 ) ) ;
#4667 = ORIENTED_EDGE ( 'NONE', *, *, #7863, .F. ) ;
#4668 = ORIENTED_EDGE ( 'NONE', *, *, #7097, .F. ) ;
#4669 = CARTESIAN_POINT ( 'NONE',  ( 0.2499999999999997780, -3.300000000000000266, -0.2499999999999997780 ) ) ;
#4670 = CARTESIAN_POINT ( 'NONE',  ( 11.85000000000000142, 5.100000000000001421, 0.1500000000000008271 ) ) ;
#4671 = LINE ( 'NONE', #565, #214 ) ;
#4672 = CARTESIAN_POINT ( 'NONE',  ( -0.1500000000000016875, 5.100000000000001421, -2.800000000000001155 ) ) ;
#4673 = DIRECTION ( 'NONE',  ( 0.0000000000000000000, 0.0000000000000000000, 1.000000000000000000 ) ) ;
#4674 = ORIENTED_EDGE ( 'NONE', *, *, #6713, .F. ) ;
#4675 = ORIENTED_EDGE ( 'NONE', *, *, #4435, .T. ) ;
#4676 = EDGE_CURVE ( 'NONE', #2739, #5656, #11197, .T. ) ;
#4677 = UNCERTAINTY_MEASURE_WITH_UNIT (LENGTH_MEASURE( 1.000000000000000082E-05 ), #4416, 'distance_accuracy_value', 'NONE');
#4678 = FILL_AREA_STYLE ('',( #1674 ) ) ;
#4679 = EDGE_CURVE ( 'NONE', #4140, #11818, #10014, .T. ) ;
#4680 = EDGE_CURVE ( 'NONE', #3804, #7032, #6316, .T. ) ;
#4681 = STYLED_ITEM ( 'NONE', ( #2547 ), #28 ) ;
#4682 =( NAMED_UNIT ( * ) SI_UNIT ( $, .STERADIAN. ) SOLID_ANGLE_UNIT ( ) );
#4683 = EDGE_LOOP ( 'NONE', ( #8627, #4050, #10989, #2519, #7894 ) ) ;
#4684 = FACE_OUTER_BOUND ( 'NONE', #12439, .T. ) ;
#4685 = DIRECTION ( 'NONE',  ( 3.872150616019660190E-17, 1.000000000000000000, -0.0000000000000000000 ) ) ;
#4686 = FACE_OUTER_BOUND ( 'NONE', #927, .T. ) ;
#4687 = VECTOR ( 'NONE', #772, 1000.000000000000000 ) ;
#4688 = DIRECTION ( 'NONE',  ( -1.000000000000000000, 3.872150616019660190E-17, 0.0000000000000000000 ) ) ;
#4689 = VERTEX_POINT ( 'NONE', #454 ) ;
#4690 = FACE_OUTER_BOUND ( 'NONE', #11442, .T. ) ;
#4691 = ORIENTED_EDGE ( 'NONE', *, *, #8467, .F. ) ;
#4692 = ORIENTED_EDGE ( 'NONE', *, *, #9861, .F. ) ;
#4693 = CARTESIAN_POINT ( 'NONE',  ( 14.84999999999999432, 6.000000000000000000, 1.599999999999997202 ) ) ;
#4694 = EDGE_CURVE ( 'NONE', #4448, #1000, #6385, .T. ) ;
#4695 =( LENGTH_UNIT ( ) NAMED_UNIT ( * ) SI_UNIT ( .MILLI., .METRE. ) );
#4696 = STYLED_ITEM ( 'NONE', ( #952 ), #1709 ) ;
#4697 = LINE ( 'NONE', #3639, #2214 ) ;
#4698 = MECHANICAL_DESIGN_GEOMETRIC_PRESENTATION_REPRESENTATION (  '', ( #10756 ), #5079 ) ;
#4699 =( NAMED_UNIT ( * ) PLANE_ANGLE_UNIT ( ) SI_UNIT ( $, .RADIAN. ) );
#4700 = SURFACE_STYLE_USAGE ( .BOTH. , #5577 ) ;
#4701 = EDGE_LOOP ( 'NONE', ( #11370, #10469, #3107, #5774 ) ) ;
#4702 = VECTOR ( 'NONE', #10387, 1000.000000000000000 ) ;
#4703 = DIRECTION ( 'NONE',  ( 0.0000000000000000000, -0.0000000000000000000, 1.000000000000000000 ) ) ;
#4704 =( NAMED_UNIT ( * ) PLANE_ANGLE_UNIT ( ) SI_UNIT ( $, .RADIAN. ) );
#4705 = EDGE_CURVE ( 'NONE', #7519, #9731, #4278, .T. ) ;
#4706 = SURFACE_STYLE_USAGE ( .BOTH. , #3720 ) ;
#4707 =( LENGTH_UNIT ( ) NAMED_UNIT ( * ) SI_UNIT ( .MILLI., .METRE. ) );
#4708 = EDGE_CURVE ( 'NONE', #11837, #869, #6182, .T. ) ;
#4709 = PLANE ( 'NONE',  #2174 ) ;
#4710 =( GEOMETRIC_REPRESENTATION_CONTEXT ( 3 ) GLOBAL_UNCERTAINTY_ASSIGNED_CONTEXT ( ( #7538 ) ) GLOBAL_UNIT_ASSIGNED_CONTEXT ( ( #2151, #994, #11873 ) ) REPRESENTATION_CONTEXT ( 'NONE', 'WORKASPACE' ) );
#4711 = ORIENTED_EDGE ( 'NONE', *, *, #2672, .T. ) ;
#4712 =( NAMED_UNIT ( * ) PLANE_ANGLE_UNIT ( ) SI_UNIT ( $, .RADIAN. ) );
#4713 = CARTESIAN_POINT ( 'NONE',  ( -1.949999999999999956, 6.000000000000000000, 1.700000000000000178 ) ) ;
#4714 = CARTESIAN_POINT ( 'NONE',  ( -1.350000000000000089, 5.650000000000002132, -2.350000000000001421 ) ) ;
#4715 = ORIENTED_EDGE ( 'NONE', *, *, #2497, .F. ) ;
#4716 = STYLED_ITEM ( 'NONE', ( #1186 ), #8087 ) ;
#4717 =( NAMED_UNIT ( * ) PLANE_ANGLE_UNIT ( ) SI_UNIT ( $, .RADIAN. ) );
#4718 = CARTESIAN_POINT ( 'NONE',  ( 2.750000000000000444, 1.149999999999999911, -2.050000000000001599 ) ) ;
#4719 = DIRECTION ( 'NONE',  ( -1.000000000000000000, 0.0000000000000000000, -1.927470528863119049E-16 ) ) ;
#4720 = AXIS2_PLACEMENT_3D ( 'NONE', #10191, #11121, #9214 ) ;
#4721 = DIRECTION ( 'NONE',  ( 3.872150616019660190E-17, 1.000000000000000000, -0.0000000000000000000 ) ) ;
#4722 = LINE ( 'NONE', #1785, #4940 ) ;
#4723 = VERTEX_POINT ( 'NONE', #321 ) ;
#4724 =( LENGTH_UNIT ( ) NAMED_UNIT ( * ) SI_UNIT ( .MILLI., .METRE. ) );
#4725 = SURFACE_SIDE_STYLE ('',( #10457 ) ) ;
#4726 = CARTESIAN_POINT ( 'NONE',  ( 12.75000000000000178, 3.399999999999999467, -2.350000000000001865 ) ) ;
#4727 =( NAMED_UNIT ( * ) SI_UNIT ( $, .STERADIAN. ) SOLID_ANGLE_UNIT ( ) );
#4728 = PLANE ( 'NONE',  #8447 ) ;
#4729 = COLOUR_RGB ( '',1.000000000000000000, 0.8117647058823529438, 0.5019607843137254832 ) ;
#4730 = FILL_AREA_STYLE_COLOUR ( '', #8657 ) ;
#4731 = DIRECTION ( 'NONE',  ( -0.0000000000000000000, 0.7071067811865500152, 0.7071067811865451302 ) ) ;
#4732 = CARTESIAN_POINT ( 'NONE',  ( 6.749999999999999112, 3.149999999999999467, -2.050000000000002043 ) ) ;
#4733 = PRESENTATION_STYLE_ASSIGNMENT (( #3961 ) ) ;
#4734 = PRESENTATION_LAYER_ASSIGNMENT (  '', '', ( #6356 ) ) ;
#4735 = AXIS2_PLACEMENT_3D ( 'NONE', #883, #4837, #12577 ) ;
#4736 = PRESENTATION_STYLE_ASSIGNMENT (( #10405 ) ) ;
#4737 = COLOUR_RGB ( '',1.000000000000000000, 1.000000000000000000, 1.000000000000000000 ) ;
#4738 = UNCERTAINTY_MEASURE_WITH_UNIT (LENGTH_MEASURE( 1.000000000000000082E-05 ), #158, 'distance_accuracy_value', 'NONE');
#4739 = EDGE_CURVE ( 'NONE', #10559, #2408, #11274, .T. ) ;
#4740 = LINE ( 'NONE', #515, #11811 ) ;
#4741 = FILL_AREA_STYLE ('',( #12357 ) ) ;
#4742 = SURFACE_STYLE_FILL_AREA ( #11535 ) ;
#4743 = VECTOR ( 'NONE', #9519, 1000.000000000000114 ) ;
#4744 = COLOUR_RGB ( '',1.000000000000000000, 0.8117647058823529438, 0.5019607843137254832 ) ;
#4745 = DIRECTION ( 'NONE',  ( -1.000000000000000000, 0.0000000000000000000, 0.0000000000000000000 ) ) ;
#4746 = DIRECTION ( 'NONE',  ( 0.5773502691896246208, -0.5773502691896265082, 0.5773502691896260641 ) ) ;
#4747 = VERTEX_POINT ( 'NONE', #2509 ) ;
#4748 = PRESENTATION_STYLE_ASSIGNMENT (( #12610 ) ) ;
#4749 = PRESENTATION_LAYER_ASSIGNMENT (  '', '', ( #10825 ) ) ;
#4750 = PLANE ( 'NONE',  #9867 ) ;
#4751 = EDGE_LOOP ( 'NONE', ( #6233, #7297, #8539, #6513 ) ) ;
#4752 =( LENGTH_UNIT ( ) NAMED_UNIT ( * ) SI_UNIT ( .MILLI., .METRE. ) );
#4753 = CARTESIAN_POINT ( 'NONE',  ( 17.34999999999999076, -19.04337155022711769, 1.249999999999997558 ) ) ;
#4754 = EDGE_CURVE ( 'NONE', #2332, #8257, #3681, .T. ) ;
#4755 = EDGE_CURVE ( 'NONE', #7715, #9164, #10458, .T. ) ;
#4756 = COLOUR_RGB ( '',1.000000000000000000, 0.8117647058823529438, 0.5019607843137254832 ) ;
#4757 = ORIENTED_EDGE ( 'NONE', *, *, #4606, .F. ) ;
#4758 = COLOUR_RGB ( '',1.000000000000000000, 0.8117647058823529438, 0.5019607843137254832 ) ;
#4759 = DIRECTION ( 'NONE',  ( -1.000000000000000000, 0.0000000000000000000, 1.230800803163168627E-17 ) ) ;
#4760 =( NAMED_UNIT ( * ) SI_UNIT ( $, .STERADIAN. ) SOLID_ANGLE_UNIT ( ) );
#4761 = CARTESIAN_POINT ( 'NONE',  ( 11.84999999999999964, -3.399999999999999911, 0.1500000000000008271 ) ) ;
#4762 = COLOUR_RGB ( '',1.000000000000000000, 0.8117647058823529438, 0.5019607843137254832 ) ;
#4763 = ORIENTED_EDGE ( 'NONE', *, *, #7320, .F. ) ;
#4764 = COLOUR_RGB ( '',1.000000000000000000, 1.000000000000000000, 1.000000000000000000 ) ;
#4765 = AXIS2_PLACEMENT_3D ( 'NONE', #11477, #6913, #1884 ) ;
#4766 = LINE ( 'NONE', #8652, #10971 ) ;
#4767 =( NAMED_UNIT ( * ) PLANE_ANGLE_UNIT ( ) SI_UNIT ( $, .RADIAN. ) );
#4768 = VECTOR ( 'NONE', #11029, 1000.000000000000000 ) ;
#4769 = ADVANCED_FACE ( 'NONE', ( #4537 ), #10397, .T. ) ;
#4770 = ORIENTED_EDGE ( 'NONE', *, *, #11416, .T. ) ;
#4771 = DIRECTION ( 'NONE',  ( 3.872150616019660190E-17, 1.000000000000000000, -0.0000000000000000000 ) ) ;
#4772 = AXIS2_PLACEMENT_3D ( 'NONE', #9932, #10693, #7957 ) ;
#4773 = FILL_AREA_STYLE_COLOUR ( '', #11119 ) ;
#4774 = VECTOR ( 'NONE', #7576, 1000.000000000000000 ) ;
#4775 = VECTOR ( 'NONE', #10608, 1000.000000000000000 ) ;
#4776 = SURFACE_SIDE_STYLE ('',( #2879 ) ) ;
#4777 =( GEOMETRIC_REPRESENTATION_CONTEXT ( 3 ) GLOBAL_UNCERTAINTY_ASSIGNED_CONTEXT ( ( #11278 ) ) GLOBAL_UNIT_ASSIGNED_CONTEXT ( ( #9934, #9803, #5081 ) ) REPRESENTATION_CONTEXT ( 'NONE', 'WORKASPACE' ) );
#4778 = PRESENTATION_LAYER_ASSIGNMENT (  '', '', ( #10270 ) ) ;
#4779 = PRESENTATION_STYLE_ASSIGNMENT (( #12526 ) ) ;
#4780 = LINE ( 'NONE', #11448, #2803 ) ;
#4781 = VECTOR ( 'NONE', #9580, 1000.000000000000000 ) ;
#4782 =( LENGTH_UNIT ( ) NAMED_UNIT ( * ) SI_UNIT ( .MILLI., .METRE. ) );
#4783 =( NAMED_UNIT ( * ) SI_UNIT ( $, .STERADIAN. ) SOLID_ANGLE_UNIT ( ) );
#4784 =( GEOMETRIC_REPRESENTATION_CONTEXT ( 3 ) GLOBAL_UNCERTAINTY_ASSIGNED_CONTEXT ( ( #9266 ) ) GLOBAL_UNIT_ASSIGNED_CONTEXT ( ( #4961, #83, #7896 ) ) REPRESENTATION_CONTEXT ( 'NONE', 'WORKASPACE' ) );
#4785 = ORIENTED_EDGE ( 'NONE', *, *, #12575, .T. ) ;
#4786 = DIRECTION ( 'NONE',  ( -4.336808689942017736E-16, 0.0000000000000000000, -1.000000000000000000 ) ) ;
#4787 = CARTESIAN_POINT ( 'NONE',  ( 0.0000000000000000000, -3.541421356237309581, 0.0000000000000000000 ) ) ;
#4788 =( GEOMETRIC_REPRESENTATION_CONTEXT ( 3 ) GLOBAL_UNCERTAINTY_ASSIGNED_CONTEXT ( ( #10303 ) ) GLOBAL_UNIT_ASSIGNED_CONTEXT ( ( #764, #3485, #2564 ) ) REPRESENTATION_CONTEXT ( 'NONE', 'WORKASPACE' ) );
#4789 = DIRECTION ( 'NONE',  ( 9.103382349328301547E-49, 2.350988701644575016E-32, 1.000000000000000000 ) ) ;
#4790 = AXIS2_PLACEMENT_3D ( 'NONE', #3619, #5683, #2627 ) ;
#4791 = PRESENTATION_STYLE_ASSIGNMENT (( #4852 ) ) ;
#4792 = VERTEX_POINT ( 'NONE', #9436 ) ;
#4793 = PRESENTATION_LAYER_ASSIGNMENT (  '', '', ( #3969 ) ) ;
#4794 = UNCERTAINTY_MEASURE_WITH_UNIT (LENGTH_MEASURE( 1.000000000000000082E-05 ), #2500, 'distance_accuracy_value', 'NONE');
#4795 = COLOUR_RGB ( '',1.000000000000000000, 0.8117647058823529438, 0.5019607843137254832 ) ;
#4796 =( NAMED_UNIT ( * ) PLANE_ANGLE_UNIT ( ) SI_UNIT ( $, .RADIAN. ) );
#4797 = LINE ( 'NONE', #7781, #4687 ) ;
#4798 = ORIENTED_EDGE ( 'NONE', *, *, #11833, .T. ) ;
#4799 = SURFACE_SIDE_STYLE ('',( #9514 ) ) ;
#4800 = DIRECTION ( 'NONE',  ( 0.0000000000000000000, 0.0000000000000000000, -1.000000000000000000 ) ) ;
#4801 = PRESENTATION_LAYER_ASSIGNMENT (  '', '', ( #5007 ) ) ;
#4802 = MECHANICAL_DESIGN_GEOMETRIC_PRESENTATION_REPRESENTATION (  '', ( #3340 ), #870 ) ;
#4803 = PLANE ( 'NONE',  #8180 ) ;
#4804 = SURFACE_STYLE_FILL_AREA ( #4741 ) ;
#4805 = EDGE_LOOP ( 'NONE', ( #7980, #9421, #3911, #2698 ) ) ;
#4806 = SURFACE_SIDE_STYLE ('',( #4742 ) ) ;
#4807 =( GEOMETRIC_REPRESENTATION_CONTEXT ( 3 ) GLOBAL_UNCERTAINTY_ASSIGNED_CONTEXT ( ( #7362 ) ) GLOBAL_UNIT_ASSIGNED_CONTEXT ( ( #7497, #1599, #9452 ) ) REPRESENTATION_CONTEXT ( 'NONE', 'WORKASPACE' ) );
#4808 = DIRECTION ( 'NONE',  ( -1.000000000000000000, -0.0000000000000000000, -0.0000000000000000000 ) ) ;
#4809 = DIRECTION ( 'NONE',  ( -1.000000000000000000, 3.872150616019660190E-17, 0.0000000000000000000 ) ) ;
#4810 = VERTEX_POINT ( 'NONE', #5735 ) ;
#4811 = EDGE_LOOP ( 'NONE', ( #5076, #4121, #2637, #12292 ) ) ;
#4812 = AXIS2_PLACEMENT_3D ( 'NONE', #334, #2386, #9179 ) ;
#4813 = LINE ( 'NONE', #1609, #2896 ) ;
#4814 = ADVANCED_FACE ( 'NONE', ( #701 ), #3615, .T. ) ;
#4815 = ORIENTED_EDGE ( 'NONE', *, *, #2413, .F. ) ;
#4816 = SURFACE_SIDE_STYLE ('',( #9653 ) ) ;
#4817 = LINE ( 'NONE', #6917, #11634 ) ;
#4818 = CARTESIAN_POINT ( 'NONE',  ( 16.69999999999999929, 0.1999999999999999833, 1.700000000000000178 ) ) ;
#4819 =( NAMED_UNIT ( * ) PLANE_ANGLE_UNIT ( ) SI_UNIT ( $, .RADIAN. ) );
#4820 = VERTEX_POINT ( 'NONE', #7604 ) ;
#4821 =( NAMED_UNIT ( * ) PLANE_ANGLE_UNIT ( ) SI_UNIT ( $, .RADIAN. ) );
#4822 = FILL_AREA_STYLE ('',( #12621 ) ) ;
#4823 = CARTESIAN_POINT ( 'NONE',  ( 2.250000000000000000, -3.399999999999999911, -0.2499999999999997780 ) ) ;
#4824 = CARTESIAN_POINT ( 'NONE',  ( 4.250000000000000000, 1.800000000000000044, 0.2500000000000002220 ) ) ;
#4825 = VERTEX_POINT ( 'NONE', #3560 ) ;
#4826 = VERTEX_POINT ( 'NONE', #12405 ) ;
#4827 = ADVANCED_FACE ( 'NONE', ( #1728 ), #8674, .F. ) ;
#4828 = EDGE_CURVE ( 'NONE', #1992, #7705, #6043, .T. ) ;
#4829 = DIRECTION ( 'NONE',  ( -1.084202172485504237E-15, -1.000000000000000000, 0.0000000000000000000 ) ) ;
#4830 = DIRECTION ( 'NONE',  ( -0.0000000000000000000, -0.0000000000000000000, -1.000000000000000000 ) ) ;
#4831 = FACE_OUTER_BOUND ( 'NONE', #12006, .T. ) ;
#4832 = ORIENTED_EDGE ( 'NONE', *, *, #7423, .T. ) ;
#4833 = PRESENTATION_STYLE_ASSIGNMENT (( #5721 ) ) ;
#4834 = ORIENTED_EDGE ( 'NONE', *, *, #5845, .F. ) ;
#4835 =( LENGTH_UNIT ( ) NAMED_UNIT ( * ) SI_UNIT ( .MILLI., .METRE. ) );
#4836 = DIRECTION ( 'NONE',  ( -1.000000000000000000, -0.0000000000000000000, -0.0000000000000000000 ) ) ;
#4837 = DIRECTION ( 'NONE',  ( -1.000000000000000000, 3.872150616019660190E-17, 0.0000000000000000000 ) ) ;
#4838 = VERTEX_POINT ( 'NONE', #7903 ) ;
#4839 = CARTESIAN_POINT ( 'NONE',  ( 17.17999999999999616, 2.250000000000001776, 1.700000000000000178 ) ) ;
#4840 = EDGE_CURVE ( 'NONE', #6162, #9334, #4018, .T. ) ;
#4841 = FILL_AREA_STYLE ('',( #6634 ) ) ;
#4842 = CARTESIAN_POINT ( 'NONE',  ( 12.25000000000000000, -3.399999999999999911, -0.2499999999999997780 ) ) ;
#4843 = EDGE_CURVE ( 'NONE', #6741, #3523, #12535, .T. ) ;
#4844 = LINE ( 'NONE', #6891, #9790 ) ;
#4845 = ORIENTED_EDGE ( 'NONE', *, *, #7149, .F. ) ;
#4846 = DIRECTION ( 'NONE',  ( -1.000000000000000000, 0.0000000000000000000, 0.0000000000000000000 ) ) ;
#4847 = ORIENTED_EDGE ( 'NONE', *, *, #1928, .T. ) ;
#4848 = DIRECTION ( 'NONE',  ( -0.0000000000000000000, 1.000000000000000000, -0.0000000000000000000 ) ) ;
#4849 = PRESENTATION_LAYER_ASSIGNMENT (  '', '', ( #4657 ) ) ;
#4850 = CARTESIAN_POINT ( 'NONE',  ( 0.05000000000000012768, 5.100000000000001421, -2.800000000000000266 ) ) ;
#4851 = EDGE_LOOP ( 'NONE', ( #4607, #8516, #11736, #709 ) ) ;
#4852 = SURFACE_STYLE_USAGE ( .BOTH. , #10702 ) ;
#4853 = ORIENTED_EDGE ( 'NONE', *, *, #8256, .T. ) ;
#4854 = EDGE_LOOP ( 'NONE', ( #7746, #11430, #11051, #10737 ) ) ;
#4855 = EDGE_CURVE ( 'NONE', #10623, #6741, #7850, .T. ) ;
#4856 = DIRECTION ( 'NONE',  ( -4.336808689942017736E-16, 1.679277644031840470E-32, -1.000000000000000000 ) ) ;
#4858 = EDGE_CURVE ( 'NONE', #1200, #9884, #9758, .T. ) ;
#4857 = EDGE_LOOP ( 'NONE', ( #7960, #2657, #9695, #10252 ) ) ;
#4859 = CARTESIAN_POINT ( 'NONE',  ( -1.349999999999999867, 1.149999999999999911, -1.050000000000001821 ) ) ;
#4860 = VERTEX_POINT ( 'NONE', #6835 ) ;
#4861 = UNCERTAINTY_MEASURE_WITH_UNIT (LENGTH_MEASURE( 1.000000000000000082E-05 ), #3115, 'distance_accuracy_value', 'NONE');
#4862 = EDGE_CURVE ( 'NONE', #5772, #5634, #3016, .T. ) ;
#4863 = PLANE ( 'NONE',  #4616 ) ;
#4864 = ORIENTED_EDGE ( 'NONE', *, *, #6465, .F. ) ;
#4865 = LINE ( 'NONE', #3972, #11276 ) ;
#4866 = PRESENTATION_LAYER_ASSIGNMENT (  '', '', ( #10366 ) ) ;
#4867 = ORIENTED_EDGE ( 'NONE', *, *, #613, .T. ) ;
#4868 = EDGE_CURVE ( 'NONE', #6942, #1963, #7721, .T. ) ;
#4869 = CARTESIAN_POINT ( 'NONE',  ( 15.16666666666666785, -4.383333333333333748, -0.8333333333333317050 ) ) ;
#4870 = PLANE ( 'NONE',  #2428 ) ;
#4871 =( LENGTH_UNIT ( ) NAMED_UNIT ( * ) SI_UNIT ( .MILLI., .METRE. ) );
#4872 = SURFACE_STYLE_USAGE ( .BOTH. , #912 ) ;
#4873 =( NAMED_UNIT ( * ) PLANE_ANGLE_UNIT ( ) SI_UNIT ( $, .RADIAN. ) );
#4874 = VERTEX_POINT ( 'NONE', #6764 ) ;
#4875 = PRESENTATION_STYLE_ASSIGNMENT (( #4638 ) ) ;
#4876 = CARTESIAN_POINT ( 'NONE',  ( -1.949999999999999956, 0.0000000000000000000, -2.800000000000000266 ) ) ;
#4877 = FILL_AREA_STYLE_COLOUR ( '', #8220 ) ;
#4878 = VERTEX_POINT ( 'NONE', #6953 ) ;
#4879 = PRESENTATION_LAYER_ASSIGNMENT (  '', '', ( #11960 ) ) ;
#4880 = VERTEX_POINT ( 'NONE', #10807 ) ;
#4881 = LINE ( 'NONE', #12628, #10002 ) ;
#4882 = ORIENTED_EDGE ( 'NONE', *, *, #9810, .T. ) ;
#4883 = CARTESIAN_POINT ( 'NONE',  ( 17.17999999999999616, 4.230000000000002203, -2.801000000000000600 ) ) ;
#4884 =( NAMED_UNIT ( * ) SI_UNIT ( $, .STERADIAN. ) SOLID_ANGLE_UNIT ( ) );
#4885 = ORIENTED_EDGE ( 'NONE', *, *, #3590, .F. ) ;
#4886 = PRESENTATION_LAYER_ASSIGNMENT (  '', '', ( #9565 ) ) ;
#4887 = ORIENTED_EDGE ( 'NONE', *, *, #8873, .F. ) ;
#4888 = EDGE_CURVE ( 'NONE', #12116, #9397, #3874, .T. ) ;
#4889 = CARTESIAN_POINT ( 'NONE',  ( 13.29999999999999893, 0.0000000000000000000, 1.700000000000000178 ) ) ;
#4890 = EDGE_CURVE ( 'NONE', #10083, #9831, #11705, .T. ) ;
#4891 = SURFACE_SIDE_STYLE ('',( #1117 ) ) ;
#4892 = ORIENTED_EDGE ( 'NONE', *, *, #1261, .F. ) ;
#4893 = EDGE_CURVE ( 'NONE', #5634, #7514, #138, .T. ) ;
#4894 = CARTESIAN_POINT ( 'NONE',  ( 10.75000000000000000, 1.149999999999999911, -2.050000000000001599 ) ) ;
#4895 = COLOUR_RGB ( '',1.000000000000000000, 1.000000000000000000, 1.000000000000000000 ) ;
#4896 = DIRECTION ( 'NONE',  ( -1.084202172485504237E-15, -1.000000000000000000, 0.0000000000000000000 ) ) ;
#4897 = LINE ( 'NONE', #8665, #1554 ) ;
#4898 = FILL_AREA_STYLE_COLOUR ( '', #6365 ) ;
#4899 = ORIENTED_EDGE ( 'NONE', *, *, #11769, .F. ) ;
#4900 = EDGE_CURVE ( 'NONE', #5147, #1459, #7776, .T. ) ;
#4901 = ORIENTED_EDGE ( 'NONE', *, *, #11420, .F. ) ;
#4902 = ADVANCED_FACE ( 'NONE', ( #1002 ), #2102, .T. ) ;
#4903 = CARTESIAN_POINT ( 'NONE',  ( 17.94999999999999574, 0.0000000000000000000, 1.699999999999999289 ) ) ;
#4904 = CARTESIAN_POINT ( 'NONE',  ( 2.750000000000000444, 3.399999999999999467, -2.050000000000001599 ) ) ;
#4905 = FACE_OUTER_BOUND ( 'NONE', #2518, .T. ) ;
#4906 = SURFACE_SIDE_STYLE ('',( #12598 ) ) ;
#4907 = ORIENTED_EDGE ( 'NONE', *, *, #5306, .T. ) ;
#4908 = CARTESIAN_POINT ( 'NONE',  ( 4.049999999999999822, 0.0000000000000000000, -2.050000000000001599 ) ) ;
#4909 = FACE_OUTER_BOUND ( 'NONE', #4683, .T. ) ;
#4910 = DIRECTION ( 'NONE',  ( 1.000000000000000000, 0.0000000000000000000, -0.0000000000000000000 ) ) ;
#4911 = MECHANICAL_DESIGN_GEOMETRIC_PRESENTATION_REPRESENTATION (  '', ( #10992 ), #7153 ) ;
#4912 = DIRECTION ( 'NONE',  ( -1.000000000000000000, 3.872150616019661422E-17, -0.0000000000000000000 ) ) ;
#4913 = COLOUR_RGB ( '',1.000000000000000000, 1.000000000000000000, 1.000000000000000000 ) ;
#4914 = DIRECTION ( 'NONE',  ( 0.0000000000000000000, 0.0000000000000000000, 1.000000000000000000 ) ) ;
#4915 = PRESENTATION_STYLE_ASSIGNMENT (( #902 ) ) ;
#4916 = EDGE_CURVE ( 'NONE', #10936, #4535, #11640, .T. ) ;
#4917 = FILL_AREA_STYLE ('',( #7972 ) ) ;
#4918 = COLOUR_RGB ( '',1.000000000000000000, 0.8117647058823529438, 0.5019607843137254832 ) ;
#4919 = SURFACE_STYLE_USAGE ( .BOTH. , #100 ) ;
#4920 = CARTESIAN_POINT ( 'NONE',  ( 16.21999999999999531, 6.000000000000000000, 1.700000000000000178 ) ) ;
#4921 = CARTESIAN_POINT ( 'NONE',  ( 15.75000000000000000, 0.2000000000000000111, -0.2499999999999997780 ) ) ;
#4922 = AXIS2_PLACEMENT_3D ( 'NONE', #519, #1349, #10108 ) ;
#4923 = PLANE ( 'NONE',  #427 ) ;
#4924 = DIRECTION ( 'NONE',  ( 1.000000000000000000, -0.0000000000000000000, 0.0000000000000000000 ) ) ;
#4925 = CARTESIAN_POINT ( 'NONE',  ( 1.150000000000000355, 1.799999999999999600, -2.801000000000000600 ) ) ;
#4926 = VECTOR ( 'NONE', #848, 1000.000000000000000 ) ;
#4927 = LINE ( 'NONE', #3035, #9743 ) ;
#4928 = SURFACE_SIDE_STYLE ('',( #7921 ) ) ;
#4929 =( NAMED_UNIT ( * ) PLANE_ANGLE_UNIT ( ) SI_UNIT ( $, .RADIAN. ) );
#4930 = SURFACE_SIDE_STYLE ('',( #10662 ) ) ;
#4931 = PRESENTATION_LAYER_ASSIGNMENT (  '', '', ( #1825 ) ) ;
#4932 = COLOUR_RGB ( '',1.000000000000000000, 0.8117647058823529438, 0.5019607843137254832 ) ;
#4933 = MECHANICAL_DESIGN_GEOMETRIC_PRESENTATION_REPRESENTATION (  '', ( #6980 ), #4329 ) ;
#4934 = STYLED_ITEM ( 'NONE', ( #7625 ), #5453 ) ;
#4935 = VERTEX_POINT ( 'NONE', #1447 ) ;
#4936 = UNCERTAINTY_MEASURE_WITH_UNIT (LENGTH_MEASURE( 1.000000000000000082E-05 ), #461, 'distance_accuracy_value', 'NONE');
#4937 = DIRECTION ( 'NONE',  ( 1.000000000000000000, -5.421010862427522170E-17, 0.0000000000000000000 ) ) ;
#4938 = DIRECTION ( 'NONE',  ( -9.103382349328301547E-49, -2.350988701644575016E-32, -1.000000000000000000 ) ) ;
#4939 =( LENGTH_UNIT ( ) NAMED_UNIT ( * ) SI_UNIT ( .MILLI., .METRE. ) );
#4940 = VECTOR ( 'NONE', #12589, 1000.000000000000000 ) ;
#4941 = CARTESIAN_POINT ( 'NONE',  ( 13.74999999999999822, -3.399999999999999911, -0.2499999999999997780 ) ) ;
#4942 = UNCERTAINTY_MEASURE_WITH_UNIT (LENGTH_MEASURE( 1.000000000000000082E-05 ), #460, 'distance_accuracy_value', 'NONE');
#4943 = PRESENTATION_STYLE_ASSIGNMENT (( #12627 ) ) ;
#4944 = VECTOR ( 'NONE', #4090, 1000.000000000000000 ) ;
#4945 = COLOUR_RGB ( '',1.000000000000000000, 0.8117647058823529438, 0.5019607843137254832 ) ;
#4946 = SURFACE_STYLE_FILL_AREA ( #10730 ) ;
#4947 = PRESENTATION_STYLE_ASSIGNMENT (( #2991 ) ) ;
#4948 =( LENGTH_UNIT ( ) NAMED_UNIT ( * ) SI_UNIT ( .MILLI., .METRE. ) );
#4949 = VECTOR ( 'NONE', #10508, 1000.000000000000000 ) ;
#4950 = PRESENTATION_STYLE_ASSIGNMENT (( #9619 ) ) ;
#4951 = DIRECTION ( 'NONE',  ( 1.000000000000000000, -5.421010862427522170E-17, 0.0000000000000000000 ) ) ;
#4952 = ORIENTED_EDGE ( 'NONE', *, *, #1170, .T. ) ;
#4953 = LINE ( 'NONE', #1056, #9184 ) ;
#4954 =( LENGTH_UNIT ( ) NAMED_UNIT ( * ) SI_UNIT ( .MILLI., .METRE. ) );
#4955 = ORIENTED_EDGE ( 'NONE', *, *, #8179, .T. ) ;
#4956 =( LENGTH_UNIT ( ) NAMED_UNIT ( * ) SI_UNIT ( .MILLI., .METRE. ) );
#4957 =( NAMED_UNIT ( * ) SI_UNIT ( $, .STERADIAN. ) SOLID_ANGLE_UNIT ( ) );
#4958 = ORIENTED_EDGE ( 'NONE', *, *, #5640, .F. ) ;
#4959 = ORIENTED_EDGE ( 'NONE', *, *, #2945, .T. ) ;
#4960 = SURFACE_STYLE_FILL_AREA ( #885 ) ;
#4961 =( LENGTH_UNIT ( ) NAMED_UNIT ( * ) SI_UNIT ( .MILLI., .METRE. ) );
#4962 = STYLED_ITEM ( 'NONE', ( #3978 ), #9738 ) ;
#4963 = PRESENTATION_LAYER_ASSIGNMENT (  '', '', ( #3290 ) ) ;
#4964 = COLOUR_RGB ( '',1.000000000000000000, 0.8117647058823529438, 0.5019607843137254832 ) ;
#4965 = AXIS2_PLACEMENT_3D ( 'NONE', #8178, #6136, #11847 ) ;
#4966 = ORIENTED_EDGE ( 'NONE', *, *, #7110, .F. ) ;
#4967 =( LENGTH_UNIT ( ) NAMED_UNIT ( * ) SI_UNIT ( .MILLI., .METRE. ) );
#4968 = EDGE_CURVE ( 'NONE', #11378, #255, #8964, .T. ) ;
#4969 =( GEOMETRIC_REPRESENTATION_CONTEXT ( 3 ) GLOBAL_UNCERTAINTY_ASSIGNED_CONTEXT ( ( #2142 ) ) GLOBAL_UNIT_ASSIGNED_CONTEXT ( ( #621, #2550, #6629 ) ) REPRESENTATION_CONTEXT ( 'NONE', 'WORKASPACE' ) );
#4970 = MECHANICAL_DESIGN_GEOMETRIC_PRESENTATION_REPRESENTATION (  '', ( #3733 ), #5976 ) ;
#4971 = CARTESIAN_POINT ( 'NONE',  ( 3.250000000000000888, 3.399999999999999467, -2.050000000000001599 ) ) ;
#4972 = EDGE_LOOP ( 'NONE', ( #1994, #2708, #5540, #3995 ) ) ;
#4973 = AXIS2_PLACEMENT_3D ( 'NONE', #5176, #270, #326 ) ;
#4974 = EDGE_LOOP ( 'NONE', ( #6531, #4391, #10916, #6799 ) ) ;
#4975 = LINE ( 'NONE', #4017, #10131 ) ;
#4976 = CARTESIAN_POINT ( 'NONE',  ( 2.699999999999998845, 0.0000000000000000000, -2.800000000000000266 ) ) ;
#4977 = COLOUR_RGB ( '',1.000000000000000000, 1.000000000000000000, 1.000000000000000000 ) ;
#4978 = FACE_OUTER_BOUND ( 'NONE', #10455, .T. ) ;
#4979 = VECTOR ( 'NONE', #8997, 1000.000000000000000 ) ;
#4980 = PLANE ( 'NONE',  #6434 ) ;
#4981 = EDGE_CURVE ( 'NONE', #6429, #348, #3206, .T. ) ;
#4982 =( GEOMETRIC_REPRESENTATION_CONTEXT ( 3 ) GLOBAL_UNCERTAINTY_ASSIGNED_CONTEXT ( ( #3828 ) ) GLOBAL_UNIT_ASSIGNED_CONTEXT ( ( #2262, #7930, #3046 ) ) REPRESENTATION_CONTEXT ( 'NONE', 'WORKASPACE' ) );
#4983 =( LENGTH_UNIT ( ) NAMED_UNIT ( * ) SI_UNIT ( .MILLI., .METRE. ) );
#4984 = EDGE_CURVE ( 'NONE', #944, #3857, #3146, .T. ) ;
#4985 = ADVANCED_FACE ( 'NONE', ( #3346 ), #1376, .T. ) ;
#4986 = CARTESIAN_POINT ( 'NONE',  ( 15.75000000000000000, -3.399999999999999911, 0.2500000000000002220 ) ) ;
#4987 = COLOUR_RGB ( '',1.000000000000000000, 0.8117647058823529438, 0.5019607843137254832 ) ;
#4988 = FILL_AREA_STYLE ('',( #953 ) ) ;
#4989 = MECHANICAL_DESIGN_GEOMETRIC_PRESENTATION_REPRESENTATION (  '', ( #3543 ), #4788 ) ;
#4990 = LINE ( 'NONE', #3777, #2640 ) ;
#4991 = DIRECTION ( 'NONE',  ( 1.000000000000000000, 0.0000000000000000000, 0.0000000000000000000 ) ) ;
#4992 =( GEOMETRIC_REPRESENTATION_CONTEXT ( 3 ) GLOBAL_UNCERTAINTY_ASSIGNED_CONTEXT ( ( #2344 ) ) GLOBAL_UNIT_ASSIGNED_CONTEXT ( ( #10145, #143, #4086 ) ) REPRESENTATION_CONTEXT ( 'NONE', 'WORKASPACE' ) );
#4993 = FILL_AREA_STYLE_COLOUR ( '', #4588 ) ;
#4994 = ADVANCED_FACE ( 'NONE', ( #8203 ), #364, .T. ) ;
#4995 = COLOUR_RGB ( '',1.000000000000000000, 0.8117647058823529438, 0.5019607843137254832 ) ;
#4996 = VECTOR ( 'NONE', #11929, 1000.000000000000114 ) ;
#4997 = FILL_AREA_STYLE_COLOUR ( '', #12276 ) ;
#4998 = ADVANCED_FACE ( 'NONE', ( #11185, #8093 ), #2418, .F. ) ;
#4999 = ORIENTED_EDGE ( 'NONE', *, *, #7707, .T. ) ;
#5000 = LINE ( 'NONE', #3984, #7389 ) ;
#5001 = ADVANCED_FACE ( 'NONE', ( #7587 ), #1572, .F. ) ;
#5002 =( NAMED_UNIT ( * ) PLANE_ANGLE_UNIT ( ) SI_UNIT ( $, .RADIAN. ) );
#5003 = VECTOR ( 'NONE', #11298, 1000.000000000000000 ) ;
#5004 = SURFACE_SIDE_STYLE ('',( #8877 ) ) ;
#5005 = ORIENTED_EDGE ( 'NONE', *, *, #7817, .F. ) ;
#5006 = LINE ( 'NONE', #8880, #6781 ) ;
#5007 = STYLED_ITEM ( 'NONE', ( #6302 ), #10934 ) ;
#5008 =( NAMED_UNIT ( * ) PLANE_ANGLE_UNIT ( ) SI_UNIT ( $, .RADIAN. ) );
#5009 = DIRECTION ( 'NONE',  ( 0.5773502691896239547, -0.5773502691896289507, -0.5773502691896243988 ) ) ;
#5010 =( GEOMETRIC_REPRESENTATION_CONTEXT ( 3 ) GLOBAL_UNCERTAINTY_ASSIGNED_CONTEXT ( ( #3119 ) ) GLOBAL_UNIT_ASSIGNED_CONTEXT ( ( #7101, #12148, #2254 ) ) REPRESENTATION_CONTEXT ( 'NONE', 'WORKASPACE' ) );
#5011 = DIRECTION ( 'NONE',  ( -1.000000000000000000, 0.0000000000000000000, 0.0000000000000000000 ) ) ;
#5012 = ORIENTED_EDGE ( 'NONE', *, *, #5350, .T. ) ;
#5013 = DIRECTION ( 'NONE',  ( -1.000000000000000000, 0.0000000000000000000, 0.0000000000000000000 ) ) ;
#5014 = FACE_OUTER_BOUND ( 'NONE', #7741, .T. ) ;
#5015 = FILL_AREA_STYLE ('',( #1907 ) ) ;
#5016 = CARTESIAN_POINT ( 'NONE',  ( 5.750000000000000000, -3.399999999999999911, 0.2500000000000002220 ) ) ;
#5017 = PLANE ( 'NONE',  #5365 ) ;
#5018 = CARTESIAN_POINT ( 'NONE',  ( 4.250000000000000000, -3.399999999999999911, 0.2500000000000002220 ) ) ;
#5019 = VERTEX_POINT ( 'NONE', #9549 ) ;
#5020 = LINE ( 'NONE', #9086, #1391 ) ;
#5021 = DIRECTION ( 'NONE',  ( -0.0000000000000000000, -0.0000000000000000000, -1.000000000000000000 ) ) ;
#5022 = FILL_AREA_STYLE_COLOUR ( '', #9957 ) ;
#5023 =( NAMED_UNIT ( * ) PLANE_ANGLE_UNIT ( ) SI_UNIT ( $, .RADIAN. ) );
#5024 = UNCERTAINTY_MEASURE_WITH_UNIT (LENGTH_MEASURE( 1.000000000000000082E-05 ), #2168, 'distance_accuracy_value', 'NONE');
#5025 = ORIENTED_EDGE ( 'NONE', *, *, #4211, .T. ) ;
#5026 = DIRECTION ( 'NONE',  ( -3.833233541708420554E-17, -0.7071067811865447972, -0.7071067811865502373 ) ) ;
#5027 = EDGE_CURVE ( 'NONE', #255, #6711, #5598, .T. ) ;
#5028 = SURFACE_STYLE_FILL_AREA ( #11809 ) ;
#5029 =( NAMED_UNIT ( * ) SI_UNIT ( $, .STERADIAN. ) SOLID_ANGLE_UNIT ( ) );
#5030 = ORIENTED_EDGE ( 'NONE', *, *, #10279, .F. ) ;
#5031 = LINE ( 'NONE', #191, #5034 ) ;
#5032 = PLANE ( 'NONE',  #11247 ) ;
#5033 = LINE ( 'NONE', #7964, #11293 ) ;
#5034 = VECTOR ( 'NONE', #7849, 1000.000000000000000 ) ;
#5035 = FILL_AREA_STYLE ('',( #96 ) ) ;
#5036 =( LENGTH_UNIT ( ) NAMED_UNIT ( * ) SI_UNIT ( .MILLI., .METRE. ) );
#5037 = FACE_OUTER_BOUND ( 'NONE', #9494, .T. ) ;
#5038 = CARTESIAN_POINT ( 'NONE',  ( 16.21999999999999531, 6.000000000000000000, 1.599999999999999867 ) ) ;
#5039 = VERTEX_POINT ( 'NONE', #10322 ) ;
#5040 = STYLED_ITEM ( 'NONE', ( #8184 ), #2295 ) ;
#5041 = LINE ( 'NONE', #5749, #10015 ) ;
#5042 = EDGE_CURVE ( 'NONE', #11689, #5826, #550, .T. ) ;
#5043 = CARTESIAN_POINT ( 'NONE',  ( 16.21999999999999531, 4.230000000000001315, -2.801000000000000600 ) ) ;
#5044 = EDGE_CURVE ( 'NONE', #10373, #7569, #1509, .T. ) ;
#5045 = CARTESIAN_POINT ( 'NONE',  ( 4.250000000000000000, 5.000000000000000888, 0.2500000000000002220 ) ) ;
#5046 = LINE ( 'NONE', #9905, #5796 ) ;
#5047 = ORIENTED_EDGE ( 'NONE', *, *, #11729, .T. ) ;
#5048 = EDGE_CURVE ( 'NONE', #8481, #4880, #3662, .T. ) ;
#5049 = VERTEX_POINT ( 'NONE', #2745 ) ;
#5050 = LINE ( 'NONE', #2114, #5576 ) ;
#5051 = COLOUR_RGB ( '',1.000000000000000000, 0.8117647058823529438, 0.5019607843137254832 ) ;
#5052 = CARTESIAN_POINT ( 'NONE',  ( 2.699999999999998845, 0.1999999999999999833, 1.700000000000000178 ) ) ;
#5053 = CARTESIAN_POINT ( 'NONE',  ( -1.950000000000000400, 0.8200000000000003952, 1.300000000000000044 ) ) ;
#5054 = DIRECTION ( 'NONE',  ( -4.336808689942017736E-16, 1.679277644031840470E-32, -1.000000000000000000 ) ) ;
#5055 = SURFACE_SIDE_STYLE ('',( #9589 ) ) ;
#5056 = ORIENTED_EDGE ( 'NONE', *, *, #4031, .T. ) ;
#5057 = DIRECTION ( 'NONE',  ( 0.0000000000000000000, 0.0000000000000000000, -1.000000000000000000 ) ) ;
#5058 = CARTESIAN_POINT ( 'NONE',  ( 3.750000000000000444, -3.300000000000000266, -0.2499999999999997780 ) ) ;
#5059 = EDGE_CURVE ( 'NONE', #8316, #10436, #5526, .T. ) ;
#5060 = FACE_OUTER_BOUND ( 'NONE', #11722, .T. ) ;
#5061 = VERTEX_POINT ( 'NONE', #5665 ) ;
#5062 = UNCERTAINTY_MEASURE_WITH_UNIT (LENGTH_MEASURE( 1.000000000000000082E-05 ), #9192, 'distance_accuracy_value', 'NONE');
#5063 = DIRECTION ( 'NONE',  ( -0.0000000000000000000, -0.0000000000000000000, 1.000000000000000000 ) ) ;
#5064 = ORIENTED_EDGE ( 'NONE', *, *, #6999, .F. ) ;
#5065 = LINE ( 'NONE', #8820, #366 ) ;
#5066 = DIRECTION ( 'NONE',  ( 1.000000000000000000, -5.421010862427522170E-17, 0.0000000000000000000 ) ) ;
#5067 = LINE ( 'NONE', #3921, #12037 ) ;
#5068 = CARTESIAN_POINT ( 'NONE',  ( 16.21999999999999531, 2.250000000000001776, 1.700000000000000178 ) ) ;
#5069 = EDGE_CURVE ( 'NONE', #10330, #7965, #7650, .T. ) ;
#5070 = CARTESIAN_POINT ( 'NONE',  ( 8.250000000000000000, 0.2000000000000000111, -0.2499999999999997780 ) ) ;
#5071 = ORIENTED_EDGE ( 'NONE', *, *, #8562, .T. ) ;
#5072 = LINE ( 'NONE', #8948, #10020 ) ;
#5073 = DIRECTION ( 'NONE',  ( 4.336808689942017736E-16, 0.0000000000000000000, 1.000000000000000000 ) ) ;
#5074 = FACE_BOUND ( 'NONE', #453, .T. ) ;
#5075 = EDGE_LOOP ( 'NONE', ( #9317, #4901, #6016, #678 ) ) ;
#5076 = ORIENTED_EDGE ( 'NONE', *, *, #6375, .F. ) ;
#5077 = DIRECTION ( 'NONE',  ( -0.0000000000000000000, 1.000000000000000000, -0.0000000000000000000 ) ) ;
#5078 = CARTESIAN_POINT ( 'NONE',  ( 3.250000000000000888, 3.149999999999999023, -2.050000000000001599 ) ) ;
#5079 =( GEOMETRIC_REPRESENTATION_CONTEXT ( 3 ) GLOBAL_UNCERTAINTY_ASSIGNED_CONTEXT ( ( #8557 ) ) GLOBAL_UNIT_ASSIGNED_CONTEXT ( ( #11238, #10181, #6426 ) ) REPRESENTATION_CONTEXT ( 'NONE', 'WORKASPACE' ) );
#5080 = DIRECTION ( 'NONE',  ( 9.103382349328301547E-49, 2.350988701644575016E-32, 1.000000000000000000 ) ) ;
#5081 =( NAMED_UNIT ( * ) SI_UNIT ( $, .STERADIAN. ) SOLID_ANGLE_UNIT ( ) );
#5082 =( NAMED_UNIT ( * ) SI_UNIT ( $, .STERADIAN. ) SOLID_ANGLE_UNIT ( ) );
#5083 = VERTEX_POINT ( 'NONE', #3539 ) ;
#5084 = FACE_OUTER_BOUND ( 'NONE', #8280, .T. ) ;
#5085 = ORIENTED_EDGE ( 'NONE', *, *, #8542, .T. ) ;
#5086 =( NAMED_UNIT ( * ) SI_UNIT ( $, .STERADIAN. ) SOLID_ANGLE_UNIT ( ) );
#5087 = CARTESIAN_POINT ( 'NONE',  ( 14.75000000000000000, 3.149999999999999023, -2.050000000000001599 ) ) ;
#5089 = COLOUR_RGB ( '',1.000000000000000000, 1.000000000000000000, 1.000000000000000000 ) ;
#5088 = DIRECTION ( 'NONE',  ( 0.0000000000000000000, 0.7071067811865492381, -0.7071067811865457964 ) ) ;
#5090 = DIRECTION ( 'NONE',  ( 4.336808689942017736E-16, 0.0000000000000000000, 1.000000000000000000 ) ) ;
#5091 = ORIENTED_EDGE ( 'NONE', *, *, #6876, .T. ) ;
#5092 = LINE ( 'NONE', #6902, #6388 ) ;
#5093 = DIRECTION ( 'NONE',  ( -5.421010862427522170E-17, -1.000000000000000000, 2.350988701644575016E-32 ) ) ;
#5094 = UNCERTAINTY_MEASURE_WITH_UNIT (LENGTH_MEASURE( 1.000000000000000082E-05 ), #7418, 'distance_accuracy_value', 'NONE');
#5095 = FILL_AREA_STYLE_COLOUR ( '', #10009 ) ;
#5096 = VECTOR ( 'NONE', #7113, 1000.000000000000000 ) ;
#5097 = DIRECTION ( 'NONE',  ( -3.833233541708366936E-17, -0.7071067811865349162, -0.7071067811865601183 ) ) ;
#5098 = ORIENTED_EDGE ( 'NONE', *, *, #450, .F. ) ;
#5099 =( NAMED_UNIT ( * ) SI_UNIT ( $, .STERADIAN. ) SOLID_ANGLE_UNIT ( ) );
#5100 = PLANE ( 'NONE',  #5394 ) ;
#5101 =( NAMED_UNIT ( * ) SI_UNIT ( $, .STERADIAN. ) SOLID_ANGLE_UNIT ( ) );
#5102 = SURFACE_STYLE_USAGE ( .BOTH. , #269 ) ;
#5103 = CARTESIAN_POINT ( 'NONE',  ( 12.69999999999999929, 0.1999999999999999833, -2.800000000000000266 ) ) ;
#5104 = EDGE_LOOP ( 'NONE', ( #10168, #11596, #2085, #924 ) ) ;
#5105 = DIRECTION ( 'NONE',  ( -0.0000000000000000000, -0.0000000000000000000, -1.000000000000000000 ) ) ;
#5106 = CARTESIAN_POINT ( 'NONE',  ( 13.74999999999999822, 5.000000000000000888, -0.2499999999999997780 ) ) ;
#5107 = MECHANICAL_DESIGN_GEOMETRIC_PRESENTATION_REPRESENTATION (  '', ( #776 ), #1371 ) ;
#5108 = LINE ( 'NONE', #8058, #6054 ) ;
#5109 = PRESENTATION_STYLE_ASSIGNMENT (( #5371 ) ) ;
#5110 = EDGE_CURVE ( 'NONE', #11803, #869, #1776, .T. ) ;
#5111 = CARTESIAN_POINT ( 'NONE',  ( 17.69999999999998863, 6.000000000000000000, 0.3200000000000017275 ) ) ;
#5112 = STYLED_ITEM ( 'NONE', ( #9151 ), #8145 ) ;
#5113 = FILL_AREA_STYLE_COLOUR ( '', #4918 ) ;
#5114 = CARTESIAN_POINT ( 'NONE',  ( 3.750000000000000444, -3.399999999999999911, 0.2500000000000002220 ) ) ;
#5115 = PRESENTATION_LAYER_ASSIGNMENT (  '', '', ( #7763 ) ) ;
#5116 = AXIS2_PLACEMENT_3D ( 'NONE', #11625, #3235, #4107 ) ;
#5117 = PRESENTATION_STYLE_ASSIGNMENT (( #3174 ) ) ;
#5118 =( NAMED_UNIT ( * ) SI_UNIT ( $, .STERADIAN. ) SOLID_ANGLE_UNIT ( ) );
#5119 = CARTESIAN_POINT ( 'NONE',  ( 1.750000000000000222, -3.399999999999999911, 0.2500000000000002220 ) ) ;
#5120 = ORIENTED_EDGE ( 'NONE', *, *, #2917, .T. ) ;
#5121 =( NAMED_UNIT ( * ) PLANE_ANGLE_UNIT ( ) SI_UNIT ( $, .RADIAN. ) );
#5122 = COLOUR_RGB ( '',1.000000000000000000, 0.8117647058823529438, 0.5019607843137254832 ) ;
#5123 = FILL_AREA_STYLE_COLOUR ( '', #11074 ) ;
#5124 = PLANE ( 'NONE',  #5146 ) ;
#5125 =( GEOMETRIC_REPRESENTATION_CONTEXT ( 3 ) GLOBAL_UNCERTAINTY_ASSIGNED_CONTEXT ( ( #6073 ) ) GLOBAL_UNIT_ASSIGNED_CONTEXT ( ( #7115, #5203, #10306 ) ) REPRESENTATION_CONTEXT ( 'NONE', 'WORKASPACE' ) );
#5126 = DIRECTION ( 'NONE',  ( 0.0000000000000000000, -1.000000000000000000, 0.0000000000000000000 ) ) ;
#5127 = FILL_AREA_STYLE_COLOUR ( '', #4964 ) ;
#5128 = EDGE_CURVE ( 'NONE', #11581, #3857, #2181, .T. ) ;
#5129 = COLOUR_RGB ( '',1.000000000000000000, 1.000000000000000000, 1.000000000000000000 ) ;
#5130 = STYLED_ITEM ( 'NONE', ( #7058 ), #5288 ) ;
#5131 = EDGE_CURVE ( 'NONE', #3940, #12558, #12524, .T. ) ;
#5132 = ORIENTED_EDGE ( 'NONE', *, *, #1385, .F. ) ;
#5133 = DIRECTION ( 'NONE',  ( -4.336808689942017736E-16, 0.0000000000000000000, -1.000000000000000000 ) ) ;
#5134 = ORIENTED_EDGE ( 'NONE', *, *, #3413, .T. ) ;
#5135 = VECTOR ( 'NONE', #6382, 1000.000000000000000 ) ;
#5136 = CARTESIAN_POINT ( 'NONE',  ( 17.17999999999999616, 4.230000000000002203, 1.700000000000000178 ) ) ;
#5137 = ORIENTED_EDGE ( 'NONE', *, *, #620, .F. ) ;
#5138 = ORIENTED_EDGE ( 'NONE', *, *, #6450, .F. ) ;
#5139 = FILL_AREA_STYLE_COLOUR ( '', #11815 ) ;
#5140 = DIRECTION ( 'NONE',  ( 0.5773502691896242878, -0.5773502691896267303, -0.5773502691896262862 ) ) ;
#5141 = DIRECTION ( 'NONE',  ( -1.000000000000000000, 5.421010862427522170E-17, 0.0000000000000000000 ) ) ;
#5142 = DIRECTION ( 'NONE',  ( 0.5773502691896220673, 0.5773502691896297279, -0.5773502691896253980 ) ) ;
#5143 = UNCERTAINTY_MEASURE_WITH_UNIT (LENGTH_MEASURE( 1.000000000000000082E-05 ), #11751, 'distance_accuracy_value', 'NONE');
#5144 = VERTEX_POINT ( 'NONE', #10904 ) ;
#5145 = VECTOR ( 'NONE', #2932, 1000.000000000000000 ) ;
#5146 = AXIS2_PLACEMENT_3D ( 'NONE', #11306, #9526, #3451 ) ;
#5147 = VERTEX_POINT ( 'NONE', #5058 ) ;
#5148 = MECHANICAL_DESIGN_GEOMETRIC_PRESENTATION_REPRESENTATION (  '', ( #201 ), #7611 ) ;
#5149 = LINE ( 'NONE', #11932, #5171 ) ;
#5150 =( NAMED_UNIT ( * ) PLANE_ANGLE_UNIT ( ) SI_UNIT ( $, .RADIAN. ) );
#5151 = ADVANCED_FACE ( 'NONE', ( #1156 ), #6133, .F. ) ;
#5152 =( GEOMETRIC_REPRESENTATION_CONTEXT ( 3 ) GLOBAL_UNCERTAINTY_ASSIGNED_CONTEXT ( ( #2016 ) ) GLOBAL_UNIT_ASSIGNED_CONTEXT ( ( #10821, #11830, #957 ) ) REPRESENTATION_CONTEXT ( 'NONE', 'WORKASPACE' ) );
#5153 = SURFACE_STYLE_FILL_AREA ( #10135 ) ;
#5154 = VERTEX_POINT ( 'NONE', #11965 ) ;
#5155 = CARTESIAN_POINT ( 'NONE',  ( 5.299999999999998934, 0.2000000000000000389, 0.2500000000000002220 ) ) ;
#5156 = LINE ( 'NONE', #5226, #9840 ) ;
#5157 = VECTOR ( 'NONE', #193, 1000.000000000000000 ) ;
#5158 = CARTESIAN_POINT ( 'NONE',  ( -0.2500000000000002220, -3.300000000000000266, 0.2500000000000002220 ) ) ;
#5159 =( NAMED_UNIT ( * ) PLANE_ANGLE_UNIT ( ) SI_UNIT ( $, .RADIAN. ) );
#5160 =( NAMED_UNIT ( * ) SI_UNIT ( $, .STERADIAN. ) SOLID_ANGLE_UNIT ( ) );
#5161 =( LENGTH_UNIT ( ) NAMED_UNIT ( * ) SI_UNIT ( .MILLI., .METRE. ) );
#5162 = PRESENTATION_LAYER_ASSIGNMENT (  '', '', ( #3515 ) ) ;
#5163 = CARTESIAN_POINT ( 'NONE',  ( 15.75000000000000000, -3.300000000000000266, 0.2500000000000002220 ) ) ;
#5164 =( GEOMETRIC_REPRESENTATION_CONTEXT ( 3 ) GLOBAL_UNCERTAINTY_ASSIGNED_CONTEXT ( ( #1791 ) ) GLOBAL_UNIT_ASSIGNED_CONTEXT ( ( #4336, #2225, #1381 ) ) REPRESENTATION_CONTEXT ( 'NONE', 'WORKASPACE' ) );
#5165 =( GEOMETRIC_REPRESENTATION_CONTEXT ( 3 ) GLOBAL_UNCERTAINTY_ASSIGNED_CONTEXT ( ( #4861 ) ) GLOBAL_UNIT_ASSIGNED_CONTEXT ( ( #3115, #5121, #8999 ) ) REPRESENTATION_CONTEXT ( 'NONE', 'WORKASPACE' ) );
#5166 = CARTESIAN_POINT ( 'NONE',  ( 12.08333333333333570, 5.166666666666668739, 0.08333333333333413362 ) ) ;
#5167 = AXIS2_PLACEMENT_3D ( 'NONE', #482, #5464, #4509 ) ;
#5168 = PRESENTATION_STYLE_ASSIGNMENT (( #11897 ) ) ;
#5169 = COLOUR_RGB ( '',1.000000000000000000, 1.000000000000000000, 1.000000000000000000 ) ;
#5170 = SURFACE_STYLE_FILL_AREA ( #12007 ) ;
#5171 = VECTOR ( 'NONE', #9992, 1000.000000000000114 ) ;
#5172 = DIRECTION ( 'NONE',  ( -1.000000000000000000, 3.872150616019661422E-17, 0.0000000000000000000 ) ) ;
#5173 = STYLED_ITEM ( 'NONE', ( #8742 ), #9584 ) ;
#5174 = DIRECTION ( 'NONE',  ( 1.000000000000000000, -5.421010862427522170E-17, 0.0000000000000000000 ) ) ;
#5175 = VECTOR ( 'NONE', #6974, 1000.000000000000000 ) ;
#5176 = CARTESIAN_POINT ( 'NONE',  ( 2.050000000000000266, 0.0000000000000000000, -2.050000000000001599 ) ) ;
#5177 = VECTOR ( 'NONE', #373, 1000.000000000000114 ) ;
#5178 = CARTESIAN_POINT ( 'NONE',  ( 1.299999999999999600, 0.2000000000000000389, -2.800000000000000266 ) ) ;
#5179 = SURFACE_SIDE_STYLE ('',( #1402 ) ) ;
#5180 = SURFACE_STYLE_FILL_AREA ( #2446 ) ;
#5181 = PLANE ( 'NONE',  #1408 ) ;
#5182 = PLANE ( 'NONE',  #11606 ) ;
#5183 = FACE_OUTER_BOUND ( 'NONE', #292, .T. ) ;
#5184 = MECHANICAL_DESIGN_GEOMETRIC_PRESENTATION_REPRESENTATION (  '', ( #11279 ), #4348 ) ;
#5185 = LINE ( 'NONE', #6328, #8258 ) ;
#5186 = VECTOR ( 'NONE', #2639, 1000.000000000000000 ) ;
#5187 = FILL_AREA_STYLE_COLOUR ( '', #6976 ) ;
#5188 = LINE ( 'NONE', #9127, #5003 ) ;
#5189 =( NAMED_UNIT ( * ) PLANE_ANGLE_UNIT ( ) SI_UNIT ( $, .RADIAN. ) );
#5190 = MECHANICAL_DESIGN_GEOMETRIC_PRESENTATION_REPRESENTATION (  '', ( #1260 ), #2082 ) ;
#5191 = PLANE ( 'NONE',  #5984 ) ;
#5192 = MECHANICAL_DESIGN_GEOMETRIC_PRESENTATION_REPRESENTATION (  '', ( #7244 ), #9474 ) ;
#5193 = LINE ( 'NONE', #337, #3524 ) ;
#5194 = ADVANCED_FACE ( 'NONE', ( #5725 ), #9693, .F. ) ;
#5195 = STYLED_ITEM ( 'NONE', ( #9710 ), #10746 ) ;
#5196 = DIRECTION ( 'NONE',  ( 3.872150616019660190E-17, 1.000000000000000000, -0.0000000000000000000 ) ) ;
#5197 = ORIENTED_EDGE ( 'NONE', *, *, #3400, .F. ) ;
#5198 = VECTOR ( 'NONE', #8042, 1000.000000000000114 ) ;
#5199 = LINE ( 'NONE', #7053, #12507 ) ;
#5200 = UNCERTAINTY_MEASURE_WITH_UNIT (LENGTH_MEASURE( 1.000000000000000082E-05 ), #9372, 'distance_accuracy_value', 'NONE');
#5201 = DIRECTION ( 'NONE',  ( -0.0000000000000000000, 1.000000000000000000, -0.0000000000000000000 ) ) ;
#5202 = PLANE ( 'NONE',  #11453 ) ;
#5203 =( NAMED_UNIT ( * ) PLANE_ANGLE_UNIT ( ) SI_UNIT ( $, .RADIAN. ) );
#5204 = CARTESIAN_POINT ( 'NONE',  ( 7.750000000000000000, -3.300000000000000266, -0.2499999999999997780 ) ) ;
#5205 = AXIS2_PLACEMENT_3D ( 'NONE', #2686, #8816, #7881 ) ;
#5206 = PLANE ( 'NONE',  #10421 ) ;
#5207 = ORIENTED_EDGE ( 'NONE', *, *, #8635, .F. ) ;
#5208 = COLOUR_RGB ( '',1.000000000000000000, 1.000000000000000000, 1.000000000000000000 ) ;
#5209 = LINE ( 'NONE', #6147, #2633 ) ;
#5210 = DIRECTION ( 'NONE',  ( -0.0000000000000000000, -0.0000000000000000000, -1.000000000000000000 ) ) ;
#5211 = SURFACE_SIDE_STYLE ('',( #3254 ) ) ;
#5212 =( NAMED_UNIT ( * ) PLANE_ANGLE_UNIT ( ) SI_UNIT ( $, .RADIAN. ) );
#5213 = ORIENTED_EDGE ( 'NONE', *, *, #8409, .F. ) ;
#5214 = EDGE_CURVE ( 'NONE', #9444, #8612, #3861, .T. ) ;
#5215 = DIRECTION ( 'NONE',  ( 0.5773502691896308381, -0.5773502691896235106, -0.5773502691896228445 ) ) ;
#5216 = PRESENTATION_LAYER_ASSIGNMENT (  '', '', ( #265 ) ) ;
#5217 = VERTEX_POINT ( 'NONE', #10836 ) ;
#5218 = EDGE_CURVE ( 'NONE', #8708, #11937, #2070, .T. ) ;
#5219 = ADVANCED_FACE ( 'NONE', ( #4366 ), #5442, .F. ) ;
#5220 = CARTESIAN_POINT ( 'NONE',  ( 2.750000000000001332, 3.400000000000000355, -2.350000000000001421 ) ) ;
#5221 = LINE ( 'NONE', #9095, #9634 ) ;
#5222 = CARTESIAN_POINT ( 'NONE',  ( -0.2200000000000003619, 4.229999999999999538, -2.801000000000000600 ) ) ;
#5223 = ORIENTED_EDGE ( 'NONE', *, *, #2996, .F. ) ;
#5224 = UNCERTAINTY_MEASURE_WITH_UNIT (LENGTH_MEASURE( 1.000000000000000082E-05 ), #11393, 'distance_accuracy_value', 'NONE');
#5225 = CARTESIAN_POINT ( 'NONE',  ( -0.1500000000000056011, -3.399999999999999911, -2.800000000000001155 ) ) ;
#5226 = CARTESIAN_POINT ( 'NONE',  ( 6.699999999999997513, 0.1999999999999999833, -2.800000000000000266 ) ) ;
#5227 = EDGE_CURVE ( 'NONE', #1786, #9278, #7241, .T. ) ;
#5228 = DIRECTION ( 'NONE',  ( -0.0000000000000000000, -0.0000000000000000000, 1.000000000000000000 ) ) ;
#5229 =( LENGTH_UNIT ( ) NAMED_UNIT ( * ) SI_UNIT ( .MILLI., .METRE. ) );
#5230 = SURFACE_STYLE_FILL_AREA ( #4338 ) ;
#5231 = PRESENTATION_STYLE_ASSIGNMENT (( #11890 ) ) ;
#5232 = DIRECTION ( 'NONE',  ( -1.084202172485504237E-15, -1.000000000000000000, 0.0000000000000000000 ) ) ;
#5233 = CARTESIAN_POINT ( 'NONE',  ( 11.75000000000000000, -3.399999999999999911, 0.2500000000000002220 ) ) ;
#5234 = ORIENTED_EDGE ( 'NONE', *, *, #3799, .F. ) ;
#5235 =( LENGTH_UNIT ( ) NAMED_UNIT ( * ) SI_UNIT ( .MILLI., .METRE. ) );
#5236 = CARTESIAN_POINT ( 'NONE',  ( 8.250000000000000000, -3.300000000000000266, 0.2500000000000002220 ) ) ;
#5237 = EDGE_CURVE ( 'NONE', #7040, #4652, #3377, .T. ) ;
#5238 = PLANE ( 'NONE',  #10242 ) ;
#5239 = EDGE_CURVE ( 'NONE', #11818, #8839, #8382, .T. ) ;
#5240 = FILL_AREA_STYLE_COLOUR ( '', #633 ) ;
#5241 =( LENGTH_UNIT ( ) NAMED_UNIT ( * ) SI_UNIT ( .MILLI., .METRE. ) );
#5242 = DIRECTION ( 'NONE',  ( 1.000000000000000000, -0.0000000000000000000, 1.927470528863119049E-16 ) ) ;
#5243 =( NAMED_UNIT ( * ) SI_UNIT ( $, .STERADIAN. ) SOLID_ANGLE_UNIT ( ) );
#5244 = VECTOR ( 'NONE', #11624, 1000.000000000000227 ) ;
#5245 = PRESENTATION_STYLE_ASSIGNMENT (( #1219 ) ) ;
#5246 = FACE_OUTER_BOUND ( 'NONE', #9518, .T. ) ;
#5247 =( NAMED_UNIT ( * ) PLANE_ANGLE_UNIT ( ) SI_UNIT ( $, .RADIAN. ) );
#5248 = DIRECTION ( 'NONE',  ( -4.336808689942017736E-16, 0.0000000000000000000, -1.000000000000000000 ) ) ;
#5249 = ORIENTED_EDGE ( 'NONE', *, *, #9515, .T. ) ;
#5250 = CARTESIAN_POINT ( 'NONE',  ( 0.1500000000000008271, 5.100000000000001421, 0.1500000000000008271 ) ) ;
#5251 = SURFACE_STYLE_FILL_AREA ( #1293 ) ;
#5252 = FILL_AREA_STYLE ('',( #5496 ) ) ;
#5253 = LINE ( 'NONE', #2261, #3951 ) ;
#5254 = EDGE_CURVE ( 'NONE', #4810, #6562, #4482, .T. ) ;
#5255 = PLANE ( 'NONE',  #3954 ) ;
#5256 = COLOUR_RGB ( '',1.000000000000000000, 0.8117647058823529438, 0.5019607843137254832 ) ;
#5257 = DIRECTION ( 'NONE',  ( -4.336808689942017736E-16, 0.0000000000000000000, -1.000000000000000000 ) ) ;
#5258 = FILL_AREA_STYLE_COLOUR ( '', #9030 ) ;
#5259 = FILL_AREA_STYLE_COLOUR ( '', #12074 ) ;
#5260 = DIRECTION ( 'NONE',  ( -1.000000000000000000, 1.084202172485504237E-15, 0.0000000000000000000 ) ) ;
#5261 = SURFACE_STYLE_USAGE ( .BOTH. , #1304 ) ;
#5262 = DIRECTION ( 'NONE',  ( 1.000000000000000000, -3.872150616019661422E-17, 0.0000000000000000000 ) ) ;
#5263 = CARTESIAN_POINT ( 'NONE',  ( 3.299999999999999378, 0.2000000000000000389, 1.700000000000000178 ) ) ;
#5264 = SURFACE_STYLE_USAGE ( .BOTH. , #4438 ) ;
#5265 = VECTOR ( 'NONE', #763, 1000.000000000000000 ) ;
#5266 = ORIENTED_EDGE ( 'NONE', *, *, #10318, .F. ) ;
#5267 = ORIENTED_EDGE ( 'NONE', *, *, #4031, .F. ) ;
#5268 = CARTESIAN_POINT ( 'NONE',  ( 4.250000000000000000, -3.300000000000000266, 0.2500000000000002220 ) ) ;
#5269 = LINE ( 'NONE', #4575, #1968 ) ;
#5270 = FACE_OUTER_BOUND ( 'NONE', #12515, .T. ) ;
#5271 = ADVANCED_FACE ( 'NONE', ( #1541 ), #4429, .F. ) ;
#5272 = VERTEX_POINT ( 'NONE', #12102 ) ;
#5273 = CARTESIAN_POINT ( 'NONE',  ( 6.149999999999999467, -3.399999999999999911, 0.2500000000000002220 ) ) ;
#5274 = EDGE_CURVE ( 'NONE', #1734, #657, #2391, .T. ) ;
#5275 = ADVANCED_FACE ( 'NONE', ( #12154 ), #9456, .F. ) ;
#5276 = CARTESIAN_POINT ( 'NONE',  ( -0.2200000000000001399, 2.250000000000000000, -2.801000000000000600 ) ) ;
#5277 = PRESENTATION_STYLE_ASSIGNMENT (( #8090 ) ) ;
#5278 = PRESENTATION_LAYER_ASSIGNMENT (  '', '', ( #10751 ) ) ;
#5279 = ORIENTED_EDGE ( 'NONE', *, *, #3577, .T. ) ;
#5280 = FILL_AREA_STYLE_COLOUR ( '', #3589 ) ;
#5281 = CARTESIAN_POINT ( 'NONE',  ( 16.25000000000000000, -3.399999999999999911, -0.2499999999999997780 ) ) ;
#5282 = SURFACE_STYLE_USAGE ( .BOTH. , #1326 ) ;
#5283 = SURFACE_SIDE_STYLE ('',( #12070 ) ) ;
#5284 =( NAMED_UNIT ( * ) SI_UNIT ( $, .STERADIAN. ) SOLID_ANGLE_UNIT ( ) );
#5285 = CARTESIAN_POINT ( 'NONE',  ( 1.750000000000000666, 5.000000000000000888, 0.2500000000000002220 ) ) ;
#5286 = LINE ( 'NONE', #2553, #2276 ) ;
#5287 = FACE_OUTER_BOUND ( 'NONE', #11404, .T. ) ;
#5288 = ADVANCED_FACE ( 'NONE', ( #3125 ), #5206, .F. ) ;
#5289 = EDGE_CURVE ( 'NONE', #4838, #597, #11976, .T. ) ;
#5290 = COLOUR_RGB ( '',1.000000000000000000, 1.000000000000000000, 1.000000000000000000 ) ;
#5291 = DIRECTION ( 'NONE',  ( 1.000000000000000000, -5.421010862427522170E-17, 0.0000000000000000000 ) ) ;
#5292 = ORIENTED_EDGE ( 'NONE', *, *, #6048, .T. ) ;
#5293 = UNCERTAINTY_MEASURE_WITH_UNIT (LENGTH_MEASURE( 1.000000000000000082E-05 ), #10123, 'distance_accuracy_value', 'NONE');
#5294 = DIRECTION ( 'NONE',  ( 9.103382349328301547E-49, 2.350988701644575016E-32, 1.000000000000000000 ) ) ;
#5295 = ORIENTED_EDGE ( 'NONE', *, *, #5237, .F. ) ;
#5296 = CARTESIAN_POINT ( 'NONE',  ( 7.249999999999999112, 3.399999999999999467, -2.300000000000003375 ) ) ;
#5297 = DIRECTION ( 'NONE',  ( 0.5773502691896259531, 0.5773502691896259531, -0.5773502691896255090 ) ) ;
#5298 =( NAMED_UNIT ( * ) SI_UNIT ( $, .STERADIAN. ) SOLID_ANGLE_UNIT ( ) );
#5299 = VECTOR ( 'NONE', #1769, 1000.000000000000000 ) ;
#5300 = FACE_OUTER_BOUND ( 'NONE', #10711, .T. ) ;
#5301 = EDGE_LOOP ( 'NONE', ( #22, #928, #9996, #7145 ) ) ;
#5302 = LINE ( 'NONE', #11093, #10326 ) ;
#5303 = SURFACE_SIDE_STYLE ('',( #1342 ) ) ;
#5304 = CARTESIAN_POINT ( 'NONE',  ( 5.849999999999999645, 5.100000000000001421, -0.1500000000000003830 ) ) ;
#5305 = DIRECTION ( 'NONE',  ( -1.000000000000000000, 5.421010862427522170E-17, 0.0000000000000000000 ) ) ;
#5306 = EDGE_CURVE ( 'NONE', #4935, #8711, #2084, .T. ) ;
#5307 = LINE ( 'NONE', #6397, #1910 ) ;
#5308 = CARTESIAN_POINT ( 'NONE',  ( 16.21999999999999531, 6.000000000000000000, 1.599999999999999867 ) ) ;
#5309 = ORIENTED_EDGE ( 'NONE', *, *, #2240, .T. ) ;
#5310 = PRESENTATION_STYLE_ASSIGNMENT (( #1348 ) ) ;
#5311 =( NAMED_UNIT ( * ) PLANE_ANGLE_UNIT ( ) SI_UNIT ( $, .RADIAN. ) );
#5312 = CARTESIAN_POINT ( 'NONE',  ( 14.08333333333333393, 5.166666666666668739, 0.08333333333333413362 ) ) ;
#5313 = SURFACE_STYLE_FILL_AREA ( #11155 ) ;
#5314 = SURFACE_SIDE_STYLE ('',( #9380 ) ) ;
#5315 = MECHANICAL_DESIGN_GEOMETRIC_PRESENTATION_REPRESENTATION (  '', ( #3237 ), #961 ) ;
#5316 =( NAMED_UNIT ( * ) PLANE_ANGLE_UNIT ( ) SI_UNIT ( $, .RADIAN. ) );
#5317 = UNCERTAINTY_MEASURE_WITH_UNIT (LENGTH_MEASURE( 1.000000000000000082E-05 ), #8794, 'distance_accuracy_value', 'NONE');
#5318 = CARTESIAN_POINT ( 'NONE',  ( 14.05000000000000071, 5.100000000000001421, -2.800000000000000266 ) ) ;
#5319 = UNCERTAINTY_MEASURE_WITH_UNIT (LENGTH_MEASURE( 1.000000000000000082E-05 ), #5478, 'distance_accuracy_value', 'NONE');
#5320 =( NAMED_UNIT ( * ) PLANE_ANGLE_UNIT ( ) SI_UNIT ( $, .RADIAN. ) );
#5321 = DIRECTION ( 'NONE',  ( 1.000000000000000000, -3.872150616019660190E-17, -4.336808689942017736E-16 ) ) ;
#5322 = FACE_OUTER_BOUND ( 'NONE', #8737, .T. ) ;
#5323 = STYLED_ITEM ( 'NONE', ( #4231 ), #5617 ) ;
#5324 = VECTOR ( 'NONE', #10025, 1000.000000000000000 ) ;
#5325 = VECTOR ( 'NONE', #11380, 1000.000000000000114 ) ;
#5326 = PLANE ( 'NONE',  #2290 ) ;
#5327 = ORIENTED_EDGE ( 'NONE', *, *, #1035, .T. ) ;
#5328 = DIRECTION ( 'NONE',  ( 1.000000000000000000, -5.421010862427522170E-17, 0.0000000000000000000 ) ) ;
#5329 = FILL_AREA_STYLE ('',( #5022 ) ) ;
#5330 = LINE ( 'NONE', #1252, #10490 ) ;
#5331 = MECHANICAL_DESIGN_GEOMETRIC_PRESENTATION_REPRESENTATION (  '', ( #2200 ), #10998 ) ;
#5332 = EDGE_LOOP ( 'NONE', ( #5137, #5234, #495, #10598 ) ) ;
#5334 = ORIENTED_EDGE ( 'NONE', *, *, #10733, .T. ) ;
#5333 = EDGE_LOOP ( 'NONE', ( #11888, #3597, #3424, #3203 ) ) ;
#5335 = UNCERTAINTY_MEASURE_WITH_UNIT (LENGTH_MEASURE( 1.000000000000000082E-05 ), #1642, 'distance_accuracy_value', 'NONE');
#5336 = AXIS2_PLACEMENT_3D ( 'NONE', #4662, #10449, #8401 ) ;
#5337 = VECTOR ( 'NONE', #5541, 1000.000000000000000 ) ;
#5338 = FILL_AREA_STYLE_COLOUR ( '', #7955 ) ;
#5339 = LINE ( 'NONE', #3404, #2757 ) ;
#5340 = VECTOR ( 'NONE', #330, 1000.000000000000000 ) ;
#5341 = STYLED_ITEM ( 'NONE', ( #827 ), #6059 ) ;
#5342 =( GEOMETRIC_REPRESENTATION_CONTEXT ( 3 ) GLOBAL_UNCERTAINTY_ASSIGNED_CONTEXT ( ( #4007 ) ) GLOBAL_UNIT_ASSIGNED_CONTEXT ( ( #10355, #8352, #278 ) ) REPRESENTATION_CONTEXT ( 'NONE', 'WORKASPACE' ) );
#5343 =( GEOMETRIC_REPRESENTATION_CONTEXT ( 3 ) GLOBAL_UNCERTAINTY_ASSIGNED_CONTEXT ( ( #8754 ) ) GLOBAL_UNIT_ASSIGNED_CONTEXT ( ( #8361, #3580, #3637 ) ) REPRESENTATION_CONTEXT ( 'NONE', 'WORKASPACE' ) );
#5344 =( NAMED_UNIT ( * ) SI_UNIT ( $, .STERADIAN. ) SOLID_ANGLE_UNIT ( ) );
#5345 = LINE ( 'NONE', #11064, #11723 ) ;
#5346 =( LENGTH_UNIT ( ) NAMED_UNIT ( * ) SI_UNIT ( .MILLI., .METRE. ) );
#5347 = LINE ( 'NONE', #1271, #407 ) ;
#5348 = ORIENTED_EDGE ( 'NONE', *, *, #9685, .T. ) ;
#5349 =( LENGTH_UNIT ( ) NAMED_UNIT ( * ) SI_UNIT ( .MILLI., .METRE. ) );
#5350 = EDGE_CURVE ( 'NONE', #6695, #1743, #2998, .T. ) ;
#5351 = ORIENTED_EDGE ( 'NONE', *, *, #4525, .T. ) ;
#5352 = MECHANICAL_DESIGN_GEOMETRIC_PRESENTATION_REPRESENTATION (  '', ( #2233 ), #19 ) ;
#5353 = STYLED_ITEM ( 'NONE', ( #6485 ), #888 ) ;
#5354 = FILL_AREA_STYLE_COLOUR ( '', #9199 ) ;
#5355 = ORIENTED_EDGE ( 'NONE', *, *, #225, .F. ) ;
#5356 = CARTESIAN_POINT ( 'NONE',  ( 11.29999999999999893, 0.2000000000000000389, 1.700000000000000178 ) ) ;
#5357 = DIRECTION ( 'NONE',  ( -5.421010862427522170E-17, -1.000000000000000000, 2.350988701644575016E-32 ) ) ;
#5358 = AXIS2_PLACEMENT_3D ( 'NONE', #8529, #6439, #1777 ) ;
#5359 = LINE ( 'NONE', #11199, #1246 ) ;
#5360 = CARTESIAN_POINT ( 'NONE',  ( 5.750000000000000000, 0.2000000000000000111, -0.2499999999999997780 ) ) ;
#5361 = EDGE_CURVE ( 'NONE', #6676, #4232, #11858, .T. ) ;
#5362 = VECTOR ( 'NONE', #1138, 1000.000000000000000 ) ;
#5363 = EDGE_CURVE ( 'NONE', #8270, #5272, #6145, .T. ) ;
#5364 = VECTOR ( 'NONE', #10975, 1000.000000000000000 ) ;
#5365 = AXIS2_PLACEMENT_3D ( 'NONE', #7999, #1164, #9976 ) ;
#5366 = STYLED_ITEM ( 'NONE', ( #6989 ), #10986 ) ;
#5367 = PRESENTATION_STYLE_ASSIGNMENT (( #6321 ) ) ;
#5368 = CARTESIAN_POINT ( 'NONE',  ( 13.74999999999999822, 5.000000000000000888, 0.2500000000000002220 ) ) ;
#5369 = CARTESIAN_POINT ( 'NONE',  ( 2.050000000000000266, 5.100000000000001421, -0.1500000000000003830 ) ) ;
#5370 = LINE ( 'NONE', #273, #3401 ) ;
#5371 = SURFACE_STYLE_USAGE ( .BOTH. , #8059 ) ;
#5372 = FACE_OUTER_BOUND ( 'NONE', #2010, .T. ) ;
#5373 = CARTESIAN_POINT ( 'NONE',  ( 6.699999999999997513, 0.1999999999999999833, -2.800000000000000266 ) ) ;
#5374 =( GEOMETRIC_REPRESENTATION_CONTEXT ( 3 ) GLOBAL_UNCERTAINTY_ASSIGNED_CONTEXT ( ( #1394 ) ) GLOBAL_UNIT_ASSIGNED_CONTEXT ( ( #6481, #9478, #2596 ) ) REPRESENTATION_CONTEXT ( 'NONE', 'WORKASPACE' ) );
#5375 =( GEOMETRIC_REPRESENTATION_CONTEXT ( 3 ) GLOBAL_UNCERTAINTY_ASSIGNED_CONTEXT ( ( #5748 ) ) GLOBAL_UNIT_ASSIGNED_CONTEXT ( ( #5670, #6558, #11512 ) ) REPRESENTATION_CONTEXT ( 'NONE', 'WORKASPACE' ) );
#5376 =( LENGTH_UNIT ( ) NAMED_UNIT ( * ) SI_UNIT ( .MILLI., .METRE. ) );
#5377 = COLOUR_RGB ( '',1.000000000000000000, 0.8117647058823529438, 0.5019607843137254832 ) ;
#5378 = LINE ( 'NONE', #1292, #1063 ) ;
#5379 = PRESENTATION_STYLE_ASSIGNMENT (( #6404 ) ) ;
#5380 = PRESENTATION_STYLE_ASSIGNMENT (( #1415 ) ) ;
#5381 = VECTOR ( 'NONE', #3581, 1000.000000000000000 ) ;
#5382 =( GEOMETRIC_REPRESENTATION_CONTEXT ( 3 ) GLOBAL_UNCERTAINTY_ASSIGNED_CONTEXT ( ( #12136 ) ) GLOBAL_UNIT_ASSIGNED_CONTEXT ( ( #7300, #3110, #3175 ) ) REPRESENTATION_CONTEXT ( 'NONE', 'WORKASPACE' ) );
#5383 = EDGE_CURVE ( 'NONE', #3738, #130, #8076, .T. ) ;
#5384 = ORIENTED_EDGE ( 'NONE', *, *, #1210, .T. ) ;
#5385 = FACE_OUTER_BOUND ( 'NONE', #2395, .T. ) ;
#5386 = VECTOR ( 'NONE', #6593, 1000.000000000000114 ) ;
#5387 = CARTESIAN_POINT ( 'NONE',  ( 15.75000000000000000, -3.399999999999999911, 0.2500000000000002220 ) ) ;
#5388 = FACE_OUTER_BOUND ( 'NONE', #8514, .T. ) ;
#5389 = VECTOR ( 'NONE', #2989, 1000.000000000000000 ) ;
#5390 = VECTOR ( 'NONE', #1873, 1000.000000000000000 ) ;
#5391 = CARTESIAN_POINT ( 'NONE',  ( 9.750000000000000000, -3.300000000000000266, -0.2499999999999997780 ) ) ;
#5392 = AXIS2_PLACEMENT_3D ( 'NONE', #1935, #4808, #8688 ) ;
#5393 = LINE ( 'NONE', #8189, #11489 ) ;
#5394 = AXIS2_PLACEMENT_3D ( 'NONE', #8281, #1281, #12135 ) ;
#5395 = ORIENTED_EDGE ( 'NONE', *, *, #7250, .F. ) ;
#5396 = VECTOR ( 'NONE', #6505, 1000.000000000000000 ) ;
#5397 = CARTESIAN_POINT ( 'NONE',  ( 11.16666666666666607, -4.383333333333333748, -0.8333333333333317050 ) ) ;
#5398 = CARTESIAN_POINT ( 'NONE',  ( 17.69999999999998863, 6.000000000000000000, -2.700000000000001510 ) ) ;
#5399 = ORIENTED_EDGE ( 'NONE', *, *, #6682, .F. ) ;
#5400 = VECTOR ( 'NONE', #10849, 1000.000000000000000 ) ;
#5402 = ORIENTED_EDGE ( 'NONE', *, *, #9024, .F. ) ;
#5401 = VERTEX_POINT ( 'NONE', #5070 ) ;
#5403 = EDGE_LOOP ( 'NONE', ( #11541, #9298, #2812, #11120 ) ) ;
#5404 = AXIS2_PLACEMENT_3D ( 'NONE', #5318, #11034, #409 ) ;
#5405 = ORIENTED_EDGE ( 'NONE', *, *, #862, .F. ) ;
#5406 = EDGE_CURVE ( 'NONE', #4312, #2800, #10784, .T. ) ;
#5407 = EDGE_CURVE ( 'NONE', #2542, #2314, #7942, .T. ) ;
#5408 = MECHANICAL_DESIGN_GEOMETRIC_PRESENTATION_REPRESENTATION (  '', ( #71 ), #5374 ) ;
#5409 = ORIENTED_EDGE ( 'NONE', *, *, #2965, .F. ) ;
#5410 = AXIS2_PLACEMENT_3D ( 'NONE', #12597, #6649, #895 ) ;
#5411 = FILL_AREA_STYLE_COLOUR ( '', #11200 ) ;
#5412 = SURFACE_STYLE_FILL_AREA ( #2489 ) ;
#5413 = ORIENTED_EDGE ( 'NONE', *, *, #12176, .T. ) ;
#5414 = FILL_AREA_STYLE ('',( #1444 ) ) ;
#5415 =( GEOMETRIC_REPRESENTATION_CONTEXT ( 3 ) GLOBAL_UNCERTAINTY_ASSIGNED_CONTEXT ( ( #1421 ) ) GLOBAL_UNIT_ASSIGNED_CONTEXT ( ( #10538, #11534, #5635 ) ) REPRESENTATION_CONTEXT ( 'NONE', 'WORKASPACE' ) );
#5416 = ORIENTED_EDGE ( 'NONE', *, *, #999, .T. ) ;
#5417 = CARTESIAN_POINT ( 'NONE',  ( -1.949999999999999956, 1.800000000000000044, -0.2499999999999997780 ) ) ;
#5418 = VECTOR ( 'NONE', #8552, 1000.000000000000000 ) ;
#5419 = LINE ( 'NONE', #12331, #7131 ) ;
#5420 = SURFACE_SIDE_STYLE ('',( #11330 ) ) ;
#5421 = VERTEX_POINT ( 'NONE', #236 ) ;
#5422 = EDGE_CURVE ( 'NONE', #7135, #2555, #5960, .T. ) ;
#5423 = CARTESIAN_POINT ( 'NONE',  ( 13.74999999999999822, 0.2000000000000000944, 0.2500000000000002220 ) ) ;
#5424 = ORIENTED_EDGE ( 'NONE', *, *, #3138, .F. ) ;
#5425 = VERTEX_POINT ( 'NONE', #170 ) ;
#5426 = DIRECTION ( 'NONE',  ( -1.000000000000000000, 0.0000000000000000000, -0.0000000000000000000 ) ) ;
#5427 = SURFACE_SIDE_STYLE ('',( #10944 ) ) ;
#5428 = DIRECTION ( 'NONE',  ( 1.000000000000000000, 2.070335806756240194E-16, -0.0000000000000000000 ) ) ;
#5429 = UNCERTAINTY_MEASURE_WITH_UNIT (LENGTH_MEASURE( 1.000000000000000082E-05 ), #9283, 'distance_accuracy_value', 'NONE');
#5430 =( LENGTH_UNIT ( ) NAMED_UNIT ( * ) SI_UNIT ( .MILLI., .METRE. ) );
#5431 = SURFACE_SIDE_STYLE ('',( #458 ) ) ;
#5432 = DIRECTION ( 'NONE',  ( 0.5773502691896192918, -0.5773502691896392758, -0.5773502691896188477 ) ) ;
#5433 = PLANE ( 'NONE',  #8086 ) ;
#5434 = DIRECTION ( 'NONE',  ( 1.000000000000000000, 1.582776894139423179E-16, 0.0000000000000000000 ) ) ;
#5435 =( LENGTH_UNIT ( ) NAMED_UNIT ( * ) SI_UNIT ( .MILLI., .METRE. ) );
#5436 = ADVANCED_FACE ( 'NONE', ( #8001 ), #8307, .F. ) ;
#5437 = ADVANCED_FACE ( 'NONE', ( #5388 ), #3241, .F. ) ;
#5438 = ORIENTED_EDGE ( 'NONE', *, *, #9724, .T. ) ;
#5439 = FILL_AREA_STYLE_COLOUR ( '', #9697 ) ;
#5440 = ADVANCED_FACE ( 'NONE', ( #12042 ), #5124, .F. ) ;
#5441 = EDGE_LOOP ( 'NONE', ( #6499, #4907, #5402, #9337 ) ) ;
#5442 = PLANE ( 'NONE',  #4922 ) ;
#5443 = SURFACE_STYLE_USAGE ( .BOTH. , #5314 ) ;
#5444 = ORIENTED_EDGE ( 'NONE', *, *, #710, .F. ) ;
#5445 = SURFACE_STYLE_FILL_AREA ( #11354 ) ;
#5446 = ORIENTED_EDGE ( 'NONE', *, *, #11570, .F. ) ;
#5447 = UNCERTAINTY_MEASURE_WITH_UNIT (LENGTH_MEASURE( 1.000000000000000082E-05 ), #11730, 'distance_accuracy_value', 'NONE');
#5448 =( NAMED_UNIT ( * ) SI_UNIT ( $, .STERADIAN. ) SOLID_ANGLE_UNIT ( ) );
#5449 = FACE_OUTER_BOUND ( 'NONE', #4974, .T. ) ;
#5450 = CARTESIAN_POINT ( 'NONE',  ( -1.350000000000000089, 5.650000000000002132, 1.249999999999997558 ) ) ;
#5451 = DIRECTION ( 'NONE',  ( 1.000000000000000000, -5.421010862427522170E-17, 0.0000000000000000000 ) ) ;
#5452 = CARTESIAN_POINT ( 'NONE',  ( 17.34999999999999076, 1.149999999999999911, -1.050000000000001821 ) ) ;
#5453 = ADVANCED_FACE ( 'NONE', ( #2726 ), #8632, .F. ) ;
#5454 = EDGE_CURVE ( 'NONE', #6075, #548, #589, .T. ) ;
#5455 = ORIENTED_EDGE ( 'NONE', *, *, #10368, .F. ) ;
#5456 = PLANE ( 'NONE',  #7381 ) ;
#5457 = LINE ( 'NONE', #12172, #11571 ) ;
#5458 = PRESENTATION_STYLE_ASSIGNMENT (( #12314 ) ) ;
#5459 = EDGE_LOOP ( 'NONE', ( #12556, #8303, #6353, #12387 ) ) ;
#5460 = ORIENTED_EDGE ( 'NONE', *, *, #448, .T. ) ;
#5461 = ORIENTED_EDGE ( 'NONE', *, *, #11286, .T. ) ;
#5462 = UNCERTAINTY_MEASURE_WITH_UNIT (LENGTH_MEASURE( 1.000000000000000082E-05 ), #7144, 'distance_accuracy_value', 'NONE');
#5463 =( LENGTH_UNIT ( ) NAMED_UNIT ( * ) SI_UNIT ( .MILLI., .METRE. ) );
#5464 = DIRECTION ( 'NONE',  ( 3.872150616019661422E-17, 1.000000000000000000, 0.0000000000000000000 ) ) ;
#5465 = ADVANCED_FACE ( 'NONE', ( #5449 ), #11357, .T. ) ;
#5466 = SURFACE_STYLE_USAGE ( .BOTH. , #10319 ) ;
#5467 = DIRECTION ( 'NONE',  ( 0.7071067811865520136, -0.7071067811865430208, -3.066586833366767505E-16 ) ) ;
#5468 = VERTEX_POINT ( 'NONE', #790 ) ;
#5469 =( NAMED_UNIT ( * ) SI_UNIT ( $, .STERADIAN. ) SOLID_ANGLE_UNIT ( ) );
#5470 = SURFACE_STYLE_USAGE ( .BOTH. , #10440 ) ;
#5471 = CARTESIAN_POINT ( 'NONE',  ( 10.24999999999999822, -3.399999999999999911, 0.2500000000000002220 ) ) ;
#5472 = SURFACE_SIDE_STYLE ('',( #6688 ) ) ;
#5473 = LINE ( 'NONE', #4521, #11045 ) ;
#5474 = SURFACE_STYLE_FILL_AREA ( #8398 ) ;
#5475 = DIRECTION ( 'NONE',  ( -1.000000000000000000, 5.421010862427522170E-17, 0.0000000000000000000 ) ) ;
#5476 = SURFACE_STYLE_USAGE ( .BOTH. , #5420 ) ;
#5477 = ORIENTED_EDGE ( 'NONE', *, *, #11183, .F. ) ;
#5478 =( LENGTH_UNIT ( ) NAMED_UNIT ( * ) SI_UNIT ( .MILLI., .METRE. ) );
#5479 = ORIENTED_EDGE ( 'NONE', *, *, #3632, .F. ) ;
#5480 = ORIENTED_EDGE ( 'NONE', *, *, #3183, .F. ) ;
#5481 = DIRECTION ( 'NONE',  ( -4.336808689942017736E-16, 0.0000000000000000000, -1.000000000000000000 ) ) ;
#5483 = AXIS2_PLACEMENT_3D ( 'NONE', #7081, #11000, #2228 ) ;
#5482 = DIRECTION ( 'NONE',  ( 0.5773502691896238437, 0.5773502691896289507, -0.5773502691896246208 ) ) ;
#5484 = LINE ( 'NONE', #9303, #1889 ) ;
#5485 = EDGE_LOOP ( 'NONE', ( #11252, #10437, #12562, #11216, #422 ) ) ;
#5486 = ADVANCED_BREP_SHAPE_REPRESENTATION ( 'JST-B9B-PH-K-S', ( #2881, #6855 ), #3134 ) ;
#5487 = EDGE_LOOP ( 'NONE', ( #11207, #9355, #9093, #4542 ) ) ;
#5488 = PRESENTATION_LAYER_ASSIGNMENT (  '', '', ( #10756 ) ) ;
#5489 = SURFACE_STYLE_FILL_AREA ( #1533 ) ;
#5490 =( NAMED_UNIT ( * ) PLANE_ANGLE_UNIT ( ) SI_UNIT ( $, .RADIAN. ) );
#5491 = PLANE ( 'NONE',  #7237 ) ;
#5492 = PLANE ( 'NONE',  #10477 ) ;
#5493 = FILL_AREA_STYLE_COLOUR ( '', #5122 ) ;
#5494 = ORIENTED_EDGE ( 'NONE', *, *, #12263, .T. ) ;
#5495 = CARTESIAN_POINT ( 'NONE',  ( 16.25000000000000000, -3.300000000000000266, 0.2500000000000002220 ) ) ;
#5496 = FILL_AREA_STYLE_COLOUR ( '', #5743 ) ;
#5497 = DIRECTION ( 'NONE',  ( -0.0000000000000000000, 1.000000000000000000, -0.0000000000000000000 ) ) ;
#5498 = CARTESIAN_POINT ( 'NONE',  ( 15.75000000000000000, 1.800000000000000044, 0.2500000000000002220 ) ) ;
#5499 = AXIS2_PLACEMENT_3D ( 'NONE', #12630, #5126, #8889 ) ;
#5500 = DIRECTION ( 'NONE',  ( 1.927470528863119542E-16, -1.000000000000000000, 0.0000000000000000000 ) ) ;
#5501 = DIRECTION ( 'NONE',  ( -1.000000000000000000, 5.421010862427522170E-17, 0.0000000000000000000 ) ) ;
#5502 = EDGE_CURVE ( 'NONE', #6486, #1484, #6475, .T. ) ;
#5503 = PRESENTATION_STYLE_ASSIGNMENT (( #9525 ) ) ;
#5504 = PLANE ( 'NONE',  #1101 ) ;
#5505 = LINE ( 'NONE', #11485, #3755 ) ;
#5506 =( NAMED_UNIT ( * ) SI_UNIT ( $, .STERADIAN. ) SOLID_ANGLE_UNIT ( ) );
#5507 = CARTESIAN_POINT ( 'NONE',  ( 13.25000000000000178, 3.399999999999999467, -2.050000000000001599 ) ) ;
#5508 = SURFACE_STYLE_USAGE ( .BOTH. , #9271 ) ;
#5509 = ORIENTED_EDGE ( 'NONE', *, *, #9023, .F. ) ;
#5510 = CARTESIAN_POINT ( 'NONE',  ( 16.21999999999999531, 4.229999999999999538, 1.249999999999997558 ) ) ;
#5511 = DIRECTION ( 'NONE',  ( -1.000000000000000000, 0.0000000000000000000, 0.0000000000000000000 ) ) ;
#5512 = LINE ( 'NONE', #9535, #5603 ) ;
#5513 = VERTEX_POINT ( 'NONE', #1751 ) ;
#5514 = ORIENTED_EDGE ( 'NONE', *, *, #12174, .T. ) ;
#5515 = ADVANCED_FACE ( 'NONE', ( #8439 ), #12305, .T. ) ;
#5516 = EDGE_CURVE ( 'NONE', #8708, #4826, #10826, .T. ) ;
#5517 = EDGE_CURVE ( 'NONE', #7395, #6830, #1890, .T. ) ;
#5518 = PRESENTATION_LAYER_ASSIGNMENT (  '', '', ( #10992 ) ) ;
#5519 = FACE_OUTER_BOUND ( 'NONE', #10703, .T. ) ;
#5520 = DIRECTION ( 'NONE',  ( -0.0000000000000000000, -0.0000000000000000000, 1.000000000000000000 ) ) ;
#5521 = AXIS2_PLACEMENT_3D ( 'NONE', #11151, #8170, #4294 ) ;
#5522 = SURFACE_SIDE_STYLE ('',( #2298 ) ) ;
#5523 = EDGE_LOOP ( 'NONE', ( #11376, #10022, #6651, #11096 ) ) ;
#5524 = EDGE_LOOP ( 'NONE', ( #8070, #2058, #10724, #9061, #10805 ) ) ;
#5525 = CARTESIAN_POINT ( 'NONE',  ( -0.2500000000000004441, -3.399999999999999911, -0.2499999999999997780 ) ) ;
#5526 = LINE ( 'NONE', #1715, #1581 ) ;
#5527 =( NAMED_UNIT ( * ) PLANE_ANGLE_UNIT ( ) SI_UNIT ( $, .RADIAN. ) );
#5528 =( GEOMETRIC_REPRESENTATION_CONTEXT ( 3 ) GLOBAL_UNCERTAINTY_ASSIGNED_CONTEXT ( ( #985 ) ) GLOBAL_UNIT_ASSIGNED_CONTEXT ( ( #5579, #4821, #916 ) ) REPRESENTATION_CONTEXT ( 'NONE', 'WORKASPACE' ) );
#5529 = STYLED_ITEM ( 'NONE', ( #7499 ), #5275 ) ;
#5530 = EDGE_CURVE ( 'NONE', #2599, #8025, #5828, .T. ) ;
#5531 = ORIENTED_EDGE ( 'NONE', *, *, #7782, .F. ) ;
#5532 = DIRECTION ( 'NONE',  ( -1.000000000000000000, 0.0000000000000000000, 0.0000000000000000000 ) ) ;
#5533 = FACE_OUTER_BOUND ( 'NONE', #6380, .T. ) ;
#5534 = ORIENTED_EDGE ( 'NONE', *, *, #4364, .F. ) ;
#5535 =( NAMED_UNIT ( * ) SI_UNIT ( $, .STERADIAN. ) SOLID_ANGLE_UNIT ( ) );
#5536 = ORIENTED_EDGE ( 'NONE', *, *, #4981, .T. ) ;
#5537 = MECHANICAL_DESIGN_GEOMETRIC_PRESENTATION_REPRESENTATION (  '', ( #9471 ), #10428 ) ;
#5538 = LINE ( 'NONE', #11192, #12290 ) ;
#5539 = COLOUR_RGB ( '',1.000000000000000000, 0.8117647058823529438, 0.5019607843137254832 ) ;
#5540 = ORIENTED_EDGE ( 'NONE', *, *, #10112, .F. ) ;
#5541 = DIRECTION ( 'NONE',  ( 0.5773502691896242878, -0.5773502691896267303, -0.5773502691896262862 ) ) ;
#5542 =( NAMED_UNIT ( * ) SI_UNIT ( $, .STERADIAN. ) SOLID_ANGLE_UNIT ( ) );
#5543 = LINE ( 'NONE', #12139, #56 ) ;
#5544 = MECHANICAL_DESIGN_GEOMETRIC_PRESENTATION_REPRESENTATION (  '', ( #8797 ), #5152 ) ;
#5545 = UNCERTAINTY_MEASURE_WITH_UNIT (LENGTH_MEASURE( 1.000000000000000082E-05 ), #10340, 'distance_accuracy_value', 'NONE');
#5546 =( NAMED_UNIT ( * ) PLANE_ANGLE_UNIT ( ) SI_UNIT ( $, .RADIAN. ) );
#5547 = FILL_AREA_STYLE_COLOUR ( '', #2241 ) ;
#5548 =( NAMED_UNIT ( * ) PLANE_ANGLE_UNIT ( ) SI_UNIT ( $, .RADIAN. ) );
#5549 = PRESENTATION_LAYER_ASSIGNMENT (  '', '', ( #2233 ) ) ;
#5550 = MECHANICAL_DESIGN_GEOMETRIC_PRESENTATION_REPRESENTATION (  '', ( #3924 ), #1636 ) ;
#5551 = FILL_AREA_STYLE_COLOUR ( '', #3766 ) ;
#5552 = FILL_AREA_STYLE_COLOUR ( '', #3787 ) ;
#5553 =( GEOMETRIC_REPRESENTATION_CONTEXT ( 3 ) GLOBAL_UNCERTAINTY_ASSIGNED_CONTEXT ( ( #10859 ) ) GLOBAL_UNIT_ASSIGNED_CONTEXT ( ( #5913, #8780, #3949 ) ) REPRESENTATION_CONTEXT ( 'NONE', 'WORKASPACE' ) );
#5554 = DIRECTION ( 'NONE',  ( 0.0000000000000000000, 0.0000000000000000000, 1.000000000000000000 ) ) ;
#5555 = DIRECTION ( 'NONE',  ( 3.872150616019660190E-17, 1.000000000000000000, -0.0000000000000000000 ) ) ;
#5556 = SURFACE_STYLE_FILL_AREA ( #10408 ) ;
#5557 = STYLED_ITEM ( 'NONE', ( #9631 ), #9897 ) ;
#5558 = LINE ( 'NONE', #3444, #227 ) ;
#5559 =( NAMED_UNIT ( * ) PLANE_ANGLE_UNIT ( ) SI_UNIT ( $, .RADIAN. ) );
#5560 = ORIENTED_EDGE ( 'NONE', *, *, #6796, .F. ) ;
#5561 = STYLED_ITEM ( 'NONE', ( #7309 ), #1088 ) ;
#5562 = VECTOR ( 'NONE', #1485, 1000.000000000000000 ) ;
#5563 = SURFACE_STYLE_USAGE ( .BOTH. , #6521 ) ;
#5564 = ADVANCED_FACE ( 'NONE', ( #8744, #6729 ), #6856, .F. ) ;
#5565 = FILL_AREA_STYLE_COLOUR ( '', #6185 ) ;
#5567 = ORIENTED_EDGE ( 'NONE', *, *, #11642, .T. ) ;
#5566 = VECTOR ( 'NONE', #4459, 1000.000000000000000 ) ;
#5568 = PRESENTATION_STYLE_ASSIGNMENT (( #1374 ) ) ;
#5569 = SURFACE_STYLE_FILL_AREA ( #11483 ) ;
#5570 = DIRECTION ( 'NONE',  ( 0.0000000000000000000, 0.0000000000000000000, -1.000000000000000000 ) ) ;
#5571 =( LENGTH_UNIT ( ) NAMED_UNIT ( * ) SI_UNIT ( .MILLI., .METRE. ) );
#5572 = PRESENTATION_LAYER_ASSIGNMENT (  '', '', ( #2888 ) ) ;
#5573 = VECTOR ( 'NONE', #11942, 1000.000000000000000 ) ;
#5574 = ORIENTED_EDGE ( 'NONE', *, *, #3840, .F. ) ;
#5575 = DIRECTION ( 'NONE',  ( -0.0000000000000000000, -1.000000000000000000, -0.0000000000000000000 ) ) ;
#5576 = VECTOR ( 'NONE', #2322, 1000.000000000000000 ) ;
#5577 = SURFACE_SIDE_STYLE ('',( #7513 ) ) ;
#5578 = ORIENTED_EDGE ( 'NONE', *, *, #12541, .T. ) ;
#5579 =( LENGTH_UNIT ( ) NAMED_UNIT ( * ) SI_UNIT ( .MILLI., .METRE. ) );
#5580 = CARTESIAN_POINT ( 'NONE',  ( 1.299999999999999600, 0.2000000000000000389, 0.2500000000000002220 ) ) ;
#5581 = AXIS2_PLACEMENT_3D ( 'NONE', #782, #4745, #2835 ) ;
#5582 = VERTEX_POINT ( 'NONE', #1988 ) ;
#5583 = ORIENTED_EDGE ( 'NONE', *, *, #620, .T. ) ;
#5584 = STYLED_ITEM ( 'NONE', ( #4736 ), #11644 ) ;
#5585 = VECTOR ( 'NONE', #1754, 1000.000000000000000 ) ;
#5586 = VECTOR ( 'NONE', #12190, 1000.000000000000000 ) ;
#5587 = AXIS2_PLACEMENT_3D ( 'NONE', #6034, #11460, #2703 ) ;
#5588 = STYLED_ITEM ( 'NONE', ( #10700 ), #4902 ) ;
#5589 =( GEOMETRIC_REPRESENTATION_CONTEXT ( 3 ) GLOBAL_UNCERTAINTY_ASSIGNED_CONTEXT ( ( #7489 ) ) GLOBAL_UNIT_ASSIGNED_CONTEXT ( ( #4547, #8418, #2244 ) ) REPRESENTATION_CONTEXT ( 'NONE', 'WORKASPACE' ) );
#5590 = FILL_AREA_STYLE ('',( #1841 ) ) ;
#5591 = ORIENTED_EDGE ( 'NONE', *, *, #3868, .T. ) ;
#5592 =( GEOMETRIC_REPRESENTATION_CONTEXT ( 3 ) GLOBAL_UNCERTAINTY_ASSIGNED_CONTEXT ( ( #8127 ) ) GLOBAL_UNIT_ASSIGNED_CONTEXT ( ( #4276, #11133, #12076 ) ) REPRESENTATION_CONTEXT ( 'NONE', 'WORKASPACE' ) );
#5593 = EDGE_CURVE ( 'NONE', #5624, #8316, #2057, .T. ) ;
#5594 = CARTESIAN_POINT ( 'NONE',  ( 4.750000000000000888, 3.149999999999999467, -2.050000000000002043 ) ) ;
#5595 = ORIENTED_EDGE ( 'NONE', *, *, #10062, .T. ) ;
#5596 = VECTOR ( 'NONE', #11344, 1000.000000000000000 ) ;
#5597 = EDGE_CURVE ( 'NONE', #10623, #3477, #9774, .T. ) ;
#5598 = LINE ( 'NONE', #3601, #5325 ) ;
#5599 = VERTEX_POINT ( 'NONE', #10656 ) ;
#5600 = EDGE_CURVE ( 'NONE', #3600, #5272, #8874, .T. ) ;
#5601 = CARTESIAN_POINT ( 'NONE',  ( 2.250000000000000000, -3.399999999999999911, 0.2500000000000002220 ) ) ;
#5602 =( GEOMETRIC_REPRESENTATION_CONTEXT ( 3 ) GLOBAL_UNCERTAINTY_ASSIGNED_CONTEXT ( ( #2342 ) ) GLOBAL_UNIT_ASSIGNED_CONTEXT ( ( #7182, #11236, #11043 ) ) REPRESENTATION_CONTEXT ( 'NONE', 'WORKASPACE' ) );
#5603 = VECTOR ( 'NONE', #1704, 1000.000000000000000 ) ;
#5604 = VECTOR ( 'NONE', #5090, 1000.000000000000000 ) ;
#5605 = ORIENTED_EDGE ( 'NONE', *, *, #4981, .F. ) ;
#5606 = MECHANICAL_DESIGN_GEOMETRIC_PRESENTATION_REPRESENTATION (  '', ( #4612 ), #3994 ) ;
#5607 = DIRECTION ( 'NONE',  ( -0.0000000000000000000, 1.000000000000000000, -0.0000000000000000000 ) ) ;
#5608 = FILL_AREA_STYLE ('',( #7657 ) ) ;
#5609 = LINE ( 'NONE', #4842, #11674 ) ;
#5610 = ORIENTED_EDGE ( 'NONE', *, *, #12009, .T. ) ;
#5611 =( LENGTH_UNIT ( ) NAMED_UNIT ( * ) SI_UNIT ( .MILLI., .METRE. ) );
#5612 = UNCERTAINTY_MEASURE_WITH_UNIT (LENGTH_MEASURE( 1.000000000000000082E-05 ), #3592, 'distance_accuracy_value', 'NONE');
#5613 = ORIENTED_EDGE ( 'NONE', *, *, #1647, .T. ) ;
#5614 = COLOUR_RGB ( '',1.000000000000000000, 1.000000000000000000, 1.000000000000000000 ) ;
#5615 = CARTESIAN_POINT ( 'NONE',  ( 3.299999999999999378, 0.0000000000000000000, -2.800000000000000266 ) ) ;
#5616 = ORIENTED_EDGE ( 'NONE', *, *, #10586, .F. ) ;
#5617 = ADVANCED_FACE ( 'NONE', ( #5935 ), #9836, .F. ) ;
#5618 = CARTESIAN_POINT ( 'NONE',  ( -1.949999999999999956, 6.000000000000000000, 1.700000000000000178 ) ) ;
#5619 = CARTESIAN_POINT ( 'NONE',  ( 17.34999999999999076, 1.149999999999999911, -2.350000000000001865 ) ) ;
#5620 = COLOUR_RGB ( '',1.000000000000000000, 1.000000000000000000, 1.000000000000000000 ) ;
#5621 = DIRECTION ( 'NONE',  ( -0.0000000000000000000, -0.0000000000000000000, -1.000000000000000000 ) ) ;
#5622 = LINE ( 'NONE', #3618, #10670 ) ;
#5623 = FILL_AREA_STYLE ('',( #8480 ) ) ;
#5624 = VERTEX_POINT ( 'NONE', #8113 ) ;
#5625 = CARTESIAN_POINT ( 'NONE',  ( 13.74999999999999822, 1.800000000000000044, 0.2500000000000002220 ) ) ;
#5626 = CARTESIAN_POINT ( 'NONE',  ( 2.833333333333308168, -4.383333333333346182, -0.8333333333333066140 ) ) ;
#5627 = COLOUR_RGB ( '',1.000000000000000000, 1.000000000000000000, 1.000000000000000000 ) ;
#5628 = DIRECTION ( 'NONE',  ( -0.0000000000000000000, -0.0000000000000000000, 1.000000000000000000 ) ) ;
#5629 = FILL_AREA_STYLE_COLOUR ( '', #4592 ) ;
#5630 = ADVANCED_FACE ( 'NONE', ( #5300 ), #8229, .T. ) ;
#5631 = EDGE_CURVE ( 'NONE', #7388, #9145, #10896, .T. ) ;
#5632 = CARTESIAN_POINT ( 'NONE',  ( 12.69999999999999929, 0.1999999999999999833, -2.800000000000000266 ) ) ;
#5633 =( NAMED_UNIT ( * ) SI_UNIT ( $, .STERADIAN. ) SOLID_ANGLE_UNIT ( ) );
#5634 = VERTEX_POINT ( 'NONE', #12090 ) ;
#5635 =( NAMED_UNIT ( * ) SI_UNIT ( $, .STERADIAN. ) SOLID_ANGLE_UNIT ( ) );
#5636 = VERTEX_POINT ( 'NONE', #4287 ) ;
#5637 = PLANE ( 'NONE',  #11831 ) ;
#5638 = UNCERTAINTY_MEASURE_WITH_UNIT (LENGTH_MEASURE( 1.000000000000000082E-05 ), #736, 'distance_accuracy_value', 'NONE');
#5639 = LINE ( 'NONE', #11300, #7422 ) ;
#5640 = EDGE_CURVE ( 'NONE', #5513, #5401, #7286, .T. ) ;
#5641 = CARTESIAN_POINT ( 'NONE',  ( 16.69999999999999929, 0.0000000000000000000, -2.800000000000000266 ) ) ;
#5642 = LINE ( 'NONE', #8502, #7521 ) ;
#5643 = ADVANCED_FACE ( 'NONE', ( #9959 ), #8987, .F. ) ;
#5644 = LINE ( 'NONE', #12506, #10848 ) ;
#5645 = DIRECTION ( 'NONE',  ( 9.103382349328301547E-49, 2.350988701644575016E-32, 1.000000000000000000 ) ) ;
#5646 = ORIENTED_EDGE ( 'NONE', *, *, #4273, .T. ) ;
#5647 = CARTESIAN_POINT ( 'NONE',  ( 7.750000000000000000, -3.399999999999999911, 0.2500000000000002220 ) ) ;
#5648 = ADVANCED_FACE ( 'NONE', ( #3691 ), #7547, .F. ) ;
#5649 = ORIENTED_EDGE ( 'NONE', *, *, #7851, .T. ) ;
#5650 = CARTESIAN_POINT ( 'NONE',  ( -1.949999999999999956, 0.0000000000000000000, -2.800000000000000266 ) ) ;
#5651 = SURFACE_SIDE_STYLE ('',( #1703 ) ) ;
#5652 = FILL_AREA_STYLE_COLOUR ( '', #7624 ) ;
#5653 = VERTEX_POINT ( 'NONE', #8419 ) ;
#5654 = STYLED_ITEM ( 'NONE', ( #10381 ), #3221 ) ;
#5655 =( NAMED_UNIT ( * ) PLANE_ANGLE_UNIT ( ) SI_UNIT ( $, .RADIAN. ) );
#5656 = VERTEX_POINT ( 'NONE', #4418 ) ;
#5657 = DIRECTION ( 'NONE',  ( -1.084202172485504237E-15, -1.000000000000000000, 0.0000000000000000000 ) ) ;
#5658 = EDGE_LOOP ( 'NONE', ( #9217, #1933, #2301, #3288 ) ) ;
#5659 = ORIENTED_EDGE ( 'NONE', *, *, #9662, .F. ) ;
#5660 = AXIS2_PLACEMENT_3D ( 'NONE', #4876, #2595, #6533 ) ;
#5661 = AXIS2_PLACEMENT_3D ( 'NONE', #1696, #1548, #8504 ) ;
#5662 = LINE ( 'NONE', #1771, #9600 ) ;
#5663 = ORIENTED_EDGE ( 'NONE', *, *, #1793, .F. ) ;
#5664 = DIRECTION ( 'NONE',  ( 1.000000000000000000, -5.421010862427522170E-17, 0.0000000000000000000 ) ) ;
#5665 = CARTESIAN_POINT ( 'NONE',  ( 1.299999999999999600, 0.0000000000000000000, -2.800000000000000266 ) ) ;
#5666 = ORIENTED_EDGE ( 'NONE', *, *, #12350, .T. ) ;
#5667 =( NAMED_UNIT ( * ) PLANE_ANGLE_UNIT ( ) SI_UNIT ( $, .RADIAN. ) );
#5668 = VECTOR ( 'NONE', #7720, 1000.000000000000000 ) ;
#5669 = VERTEX_POINT ( 'NONE', #2635 ) ;
#5670 =( LENGTH_UNIT ( ) NAMED_UNIT ( * ) SI_UNIT ( .MILLI., .METRE. ) );
#5671 = CARTESIAN_POINT ( 'NONE',  ( 7.249999999999999112, 3.399999999999999467, -2.350000000000001421 ) ) ;
#5672 = EDGE_CURVE ( 'NONE', #2950, #11024, #11287, .T. ) ;
#5673 = DIRECTION ( 'NONE',  ( 1.000000000000000000, 0.0000000000000000000, -0.0000000000000000000 ) ) ;
#5674 = PRESENTATION_STYLE_ASSIGNMENT (( #15 ) ) ;
#5675 = VECTOR ( 'NONE', #5232, 1000.000000000000000 ) ;
#5676 = EDGE_LOOP ( 'NONE', ( #10462, #8450, #2844, #11281 ) ) ;
#5677 = LINE ( 'NONE', #3871, #2434 ) ;
#5678 = ORIENTED_EDGE ( 'NONE', *, *, #9209, .F. ) ;
#5679 = DIRECTION ( 'NONE',  ( -4.336808689942017736E-16, 0.0000000000000000000, -1.000000000000000000 ) ) ;
#5680 = CARTESIAN_POINT ( 'NONE',  ( 12.25000000000000000, 0.2000000000000000111, 0.2500000000000002220 ) ) ;
#5681 = CARTESIAN_POINT ( 'NONE',  ( 17.34999999999999076, -19.04337155022711769, -2.350000000000001865 ) ) ;
#5682 = DIRECTION ( 'NONE',  ( 0.0000000000000000000, 0.7071067811865445751, 0.7071067811865503483 ) ) ;
#5683 = DIRECTION ( 'NONE',  ( -3.833233541708420554E-17, -0.7071067811865447972, 0.7071067811865502373 ) ) ;
#5684 = ORIENTED_EDGE ( 'NONE', *, *, #11860, .T. ) ;
#5685 = ORIENTED_EDGE ( 'NONE', *, *, #5791, .T. ) ;
#5686 = UNCERTAINTY_MEASURE_WITH_UNIT (LENGTH_MEASURE( 1.000000000000000082E-05 ), #4269, 'distance_accuracy_value', 'NONE');
#5687 =( NAMED_UNIT ( * ) PLANE_ANGLE_UNIT ( ) SI_UNIT ( $, .RADIAN. ) );
#5688 = DIRECTION ( 'NONE',  ( -3.833233541708420554E-17, -0.7071067811865447972, -0.7071067811865502373 ) ) ;
#5689 = EDGE_CURVE ( 'NONE', #7479, #12414, #10468, .T. ) ;
#5690 = EDGE_CURVE ( 'NONE', #3060, #7040, #4473, .T. ) ;
#5691 = CARTESIAN_POINT ( 'NONE',  ( 10.14999999999999858, -3.399999999999999911, 0.1500000000000008271 ) ) ;
#5692 = EDGE_LOOP ( 'NONE', ( #5738, #8408, #9677, #3796 ) ) ;
#5693 = COLOUR_RGB ( '',1.000000000000000000, 1.000000000000000000, 1.000000000000000000 ) ;
#5694 = FACE_OUTER_BOUND ( 'NONE', #9869, .T. ) ;
#5695 = CARTESIAN_POINT ( 'NONE',  ( 12.75000000000000178, 1.149999999999999911, -2.350000000000001865 ) ) ;
#5696 = LINE ( 'NONE', #7680, #7997 ) ;
#5697 = CARTESIAN_POINT ( 'NONE',  ( 12.69999999999999929, 0.1999999999999999833, 1.700000000000000178 ) ) ;
#5698 = LINE ( 'NONE', #958, #3533 ) ;
#5699 = ORIENTED_EDGE ( 'NONE', *, *, #12158, .F. ) ;
#5700 = FACE_OUTER_BOUND ( 'NONE', #2537, .T. ) ;
#5701 = ORIENTED_EDGE ( 'NONE', *, *, #9986, .F. ) ;
#5702 =( NAMED_UNIT ( * ) PLANE_ANGLE_UNIT ( ) SI_UNIT ( $, .RADIAN. ) );
#5703 = MECHANICAL_DESIGN_GEOMETRIC_PRESENTATION_REPRESENTATION (  '', ( #9773 ), #11775 ) ;
#5704 = EDGE_CURVE ( 'NONE', #7125, #1000, #9513, .T. ) ;
#5705 = FILL_AREA_STYLE_COLOUR ( '', #990 ) ;
#5706 =( LENGTH_UNIT ( ) NAMED_UNIT ( * ) SI_UNIT ( .MILLI., .METRE. ) );
#5707 = CARTESIAN_POINT ( 'NONE',  ( 16.15000000000000213, 5.100000000000001421, -2.800000000000000266 ) ) ;
#5708 = CARTESIAN_POINT ( 'NONE',  ( 17.34999999999999076, 1.799999999999999600, 1.249999999999997558 ) ) ;
#5709 = FILL_AREA_STYLE_COLOUR ( '', #5208 ) ;
#5710 = ORIENTED_EDGE ( 'NONE', *, *, #3974, .F. ) ;
#5711 = VECTOR ( 'NONE', #8455, 1000.000000000000000 ) ;
#5712 = EDGE_LOOP ( 'NONE', ( #9180, #10313, #936, #5701 ) ) ;
#5713 = LINE ( 'NONE', #6737, #7590 ) ;
#5714 = FILL_AREA_STYLE_COLOUR ( '', #7288 ) ;
#5715 = FILL_AREA_STYLE ('',( #5652 ) ) ;
#5716 = FILL_AREA_STYLE_COLOUR ( '', #2685 ) ;
#5717 = ORIENTED_EDGE ( 'NONE', *, *, #8236, .F. ) ;
#5718 = ORIENTED_EDGE ( 'NONE', *, *, #10850, .F. ) ;
#5719 = FILL_AREA_STYLE ('',( #3852 ) ) ;
#5720 = MECHANICAL_DESIGN_GEOMETRIC_PRESENTATION_REPRESENTATION (  '', ( #11975 ), #10595 ) ;
#5721 = SURFACE_STYLE_USAGE ( .BOTH. , #9542 ) ;
#5722 = ORIENTED_EDGE ( 'NONE', *, *, #9499, .F. ) ;
#5723 = ORIENTED_EDGE ( 'NONE', *, *, #8112, .T. ) ;
#5724 = LINE ( 'NONE', #750, #8283 ) ;
#5725 = FACE_OUTER_BOUND ( 'NONE', #178, .T. ) ;
#5726 = LINE ( 'NONE', #3934, #6115 ) ;
#5727 = CARTESIAN_POINT ( 'NONE',  ( 11.75000000000000000, 0.2000000000000000944, 0.2500000000000002220 ) ) ;
#5728 = FILL_AREA_STYLE_COLOUR ( '', #2837 ) ;
#5729 =( GEOMETRIC_REPRESENTATION_CONTEXT ( 3 ) GLOBAL_UNCERTAINTY_ASSIGNED_CONTEXT ( ( #9401 ) ) GLOBAL_UNIT_ASSIGNED_CONTEXT ( ( #10987, #1127, #5082 ) ) REPRESENTATION_CONTEXT ( 'NONE', 'WORKASPACE' ) );
#5730 = FILL_AREA_STYLE ('',( #10782 ) ) ;
#5731 = STYLED_ITEM ( 'NONE', ( #9293 ), #5979 ) ;
#5732 =( GEOMETRIC_REPRESENTATION_CONTEXT ( 3 ) GLOBAL_UNCERTAINTY_ASSIGNED_CONTEXT ( ( #5901 ) ) GLOBAL_UNIT_ASSIGNED_CONTEXT ( ( #975, #2941, #3052 ) ) REPRESENTATION_CONTEXT ( 'NONE', 'WORKASPACE' ) );
#5733 = VERTEX_POINT ( 'NONE', #708 ) ;
#5734 = CARTESIAN_POINT ( 'NONE',  ( 14.24999999999999822, 0.2000000000000000111, -0.2499999999999997780 ) ) ;
#5735 = CARTESIAN_POINT ( 'NONE',  ( 5.750000000000000000, 5.000000000000000888, -0.2499999999999997780 ) ) ;
#5736 = EDGE_CURVE ( 'NONE', #9871, #10330, #1468, .T. ) ;
#5737 = VECTOR ( 'NONE', #397, 1000.000000000000000 ) ;
#5738 = ORIENTED_EDGE ( 'NONE', *, *, #2721, .T. ) ;
#5739 = ORIENTED_EDGE ( 'NONE', *, *, #2671, .T. ) ;
#5740 = SURFACE_STYLE_USAGE ( .BOTH. , #12348 ) ;
#5741 = VECTOR ( 'NONE', #5451, 1000.000000000000000 ) ;
#5742 = SURFACE_STYLE_USAGE ( .BOTH. , #8681 ) ;
#5743 = COLOUR_RGB ( '',1.000000000000000000, 1.000000000000000000, 1.000000000000000000 ) ;
#5744 = FILL_AREA_STYLE_COLOUR ( '', #7166 ) ;
#5745 = PRESENTATION_STYLE_ASSIGNMENT (( #9635 ) ) ;
#5746 = LINE ( 'NONE', #4029, #2065 ) ;
#5747 = STYLED_ITEM ( 'NONE', ( #7408 ), #8719 ) ;
#5748 = UNCERTAINTY_MEASURE_WITH_UNIT (LENGTH_MEASURE( 1.000000000000000082E-05 ), #5670, 'distance_accuracy_value', 'NONE');
#5749 = CARTESIAN_POINT ( 'NONE',  ( 12.05000000000000071, 5.100000000000001421, 0.1500000000000008271 ) ) ;
#5750 = VECTOR ( 'NONE', #5054, 1000.000000000000000 ) ;
#5751 = ADVANCED_FACE ( 'NONE', ( #7419 ), #6458, .F. ) ;
#5752 = DIRECTION ( 'NONE',  ( -0.0000000000000000000, 1.000000000000000000, -0.0000000000000000000 ) ) ;
#5753 = CIRCLE ( 'NONE', #1397, 0.4999999999999995559 ) ;
#5754 = AXIS2_PLACEMENT_3D ( 'NONE', #10305, #8564, #1610 ) ;
#5755 = EDGE_CURVE ( 'NONE', #5762, #1820, #11648, .T. ) ;
#5756 = LINE ( 'NONE', #12494, #5386 ) ;
#5757 = ORIENTED_EDGE ( 'NONE', *, *, #26, .T. ) ;
#5758 = CARTESIAN_POINT ( 'NONE',  ( 6.699999999999997513, 0.1999999999999999833, 1.700000000000000178 ) ) ;
#5759 = VECTOR ( 'NONE', #9487, 1000.000000000000114 ) ;
#5760 = DIRECTION ( 'NONE',  ( 3.872150616019660190E-17, 1.000000000000000000, -0.0000000000000000000 ) ) ;
#5761 = FILL_AREA_STYLE ('',( #10007 ) ) ;
#5762 = VERTEX_POINT ( 'NONE', #12544 ) ;
#5763 = SURFACE_STYLE_FILL_AREA ( #8633 ) ;
#5764 = DIRECTION ( 'NONE',  ( -4.336808689942017736E-16, 0.0000000000000000000, -1.000000000000000000 ) ) ;
#5765 =( NAMED_UNIT ( * ) PLANE_ANGLE_UNIT ( ) SI_UNIT ( $, .RADIAN. ) );
#5766 = VECTOR ( 'NONE', #5021, 1000.000000000000000 ) ;
#5767 = CARTESIAN_POINT ( 'NONE',  ( -1.949999999999999956, 1.800000000000000044, 0.2500000000000002220 ) ) ;
#5768 = VERTEX_POINT ( 'NONE', #5691 ) ;
#5769 = FACE_OUTER_BOUND ( 'NONE', #12091, .T. ) ;
#5770 = PRESENTATION_STYLE_ASSIGNMENT (( #9595 ) ) ;
#5771 = EDGE_CURVE ( 'NONE', #2409, #10609, #8861, .T. ) ;
#5772 = VERTEX_POINT ( 'NONE', #11711 ) ;
#5773 = VECTOR ( 'NONE', #10337, 1000.000000000000000 ) ;
#5774 = ORIENTED_EDGE ( 'NONE', *, *, #1028, .F. ) ;
#5775 = ORIENTED_EDGE ( 'NONE', *, *, #7890, .F. ) ;
#5776 = STYLED_ITEM ( 'NONE', ( #7558 ), #11262 ) ;
#5777 = PRESENTATION_STYLE_ASSIGNMENT (( #8709 ) ) ;
#5778 = DIRECTION ( 'NONE',  ( 1.000000000000000000, -5.421010862427522170E-17, 0.0000000000000000000 ) ) ;
#5779 = ORIENTED_EDGE ( 'NONE', *, *, #5227, .T. ) ;
#5780 = VECTOR ( 'NONE', #10244, 1000.000000000000000 ) ;
#5781 = VECTOR ( 'NONE', #11350, 1000.000000000000000 ) ;
#5782 =( NAMED_UNIT ( * ) SI_UNIT ( $, .STERADIAN. ) SOLID_ANGLE_UNIT ( ) );
#5783 = ORIENTED_EDGE ( 'NONE', *, *, #5289, .F. ) ;
#5784 = EDGE_CURVE ( 'NONE', #11797, #3758, #3879, .T. ) ;
#5785 = COLOUR_RGB ( '',1.000000000000000000, 0.8117647058823529438, 0.5019607843137254832 ) ;
#5786 = LINE ( 'NONE', #7647, #8923 ) ;
#5787 = MECHANICAL_DESIGN_GEOMETRIC_PRESENTATION_REPRESENTATION (  '', ( #11266 ), #1869 ) ;
#5788 = ORIENTED_EDGE ( 'NONE', *, *, #2651, .T. ) ;
#5789 = PRESENTATION_STYLE_ASSIGNMENT (( #2019 ) ) ;
#5790 = ORIENTED_EDGE ( 'NONE', *, *, #1686, .F. ) ;
#5791 = EDGE_CURVE ( 'NONE', #1921, #3856, #2899, .T. ) ;
#5792 = PRESENTATION_LAYER_ASSIGNMENT (  '', '', ( #3963 ) ) ;
#5793 =( GEOMETRIC_REPRESENTATION_CONTEXT ( 3 ) GLOBAL_UNCERTAINTY_ASSIGNED_CONTEXT ( ( #8223 ) ) GLOBAL_UNIT_ASSIGNED_CONTEXT ( ( #6258, #4280, #9904 ) ) REPRESENTATION_CONTEXT ( 'NONE', 'WORKASPACE' ) );
#5794 = DIRECTION ( 'NONE',  ( 0.0000000000000000000, -0.0000000000000000000, 1.000000000000000000 ) ) ;
#5795 = SURFACE_STYLE_USAGE ( .BOTH. , #6560 ) ;
#5796 = VECTOR ( 'NONE', #6056, 1000.000000000000000 ) ;
#5797 = PRESENTATION_LAYER_ASSIGNMENT (  '', '', ( #7222 ) ) ;
#5798 = FILL_AREA_STYLE_COLOUR ( '', #11987 ) ;
#5799 = VERTEX_POINT ( 'NONE', #29 ) ;
#5800 = VECTOR ( 'NONE', #1029, 1000.000000000000000 ) ;
#5801 = PRESENTATION_LAYER_ASSIGNMENT (  '', '', ( #6832 ) ) ;
#5802 = ORIENTED_EDGE ( 'NONE', *, *, #1319, .F. ) ;
#5803 =( LENGTH_UNIT ( ) NAMED_UNIT ( * ) SI_UNIT ( .MILLI., .METRE. ) );
#5804 = VECTOR ( 'NONE', #11757, 1000.000000000000000 ) ;
#5805 = ADVANCED_FACE ( 'NONE', ( #3962 ), #12481, .F. ) ;
#5806 = STYLED_ITEM ( 'NONE', ( #3079 ), #10808 ) ;
#5807 = VECTOR ( 'NONE', #4721, 1000.000000000000000 ) ;
#5808 =( NAMED_UNIT ( * ) PLANE_ANGLE_UNIT ( ) SI_UNIT ( $, .RADIAN. ) );
#5809 = PRESENTATION_STYLE_ASSIGNMENT (( #2568 ) ) ;
#5810 = FILL_AREA_STYLE_COLOUR ( '', #11761 ) ;
#5811 = EDGE_CURVE ( 'NONE', #9397, #7472, #7673, .T. ) ;
#5812 = STYLED_ITEM ( 'NONE', ( #5310 ), #4454 ) ;
#5813 =( NAMED_UNIT ( * ) PLANE_ANGLE_UNIT ( ) SI_UNIT ( $, .RADIAN. ) );
#5814 = ORIENTED_EDGE ( 'NONE', *, *, #7149, .T. ) ;
#5815 = ORIENTED_EDGE ( 'NONE', *, *, #10720, .T. ) ;
#5816 = CARTESIAN_POINT ( 'NONE',  ( 16.67999999999999616, 6.000000000000000000, 1.599999999999999867 ) ) ;
#5817 = STYLED_ITEM ( 'NONE', ( #8275 ), #10946 ) ;
#5818 = VECTOR ( 'NONE', #5575, 1000.000000000000000 ) ;
#5819 = CARTESIAN_POINT ( 'NONE',  ( 15.25000000000000000, 3.399999999999999467, -2.050000000000001599 ) ) ;
#5820 = ORIENTED_EDGE ( 'NONE', *, *, #6930, .T. ) ;
#5821 = PRESENTATION_STYLE_ASSIGNMENT (( #4919 ) ) ;
#5822 = AXIS2_PLACEMENT_3D ( 'NONE', #145, #956, #1880 ) ;
#5823 = FILL_AREA_STYLE_COLOUR ( '', #1439 ) ;
#5824 = PLANE ( 'NONE',  #11864 ) ;
#5825 = VERTEX_POINT ( 'NONE', #7911 ) ;
#5826 = VERTEX_POINT ( 'NONE', #11767 ) ;
#5827 = VERTEX_POINT ( 'NONE', #2764 ) ;
#5828 = LINE ( 'NONE', #45, #4134 ) ;
#5829 = DIRECTION ( 'NONE',  ( 1.000000000000000000, -5.421010862427522170E-17, 0.0000000000000000000 ) ) ;
#5830 = FACE_OUTER_BOUND ( 'NONE', #11223, .T. ) ;
#5831 = ADVANCED_FACE ( 'NONE', ( #6710, #10588 ), #1798, .F. ) ;
#5832 = FACE_OUTER_BOUND ( 'NONE', #10358, .T. ) ;
#5833 = EDGE_CURVE ( 'NONE', #283, #2741, #11002, .T. ) ;
#5834 = EDGE_CURVE ( 'NONE', #6454, #7032, #7207, .T. ) ;
#5835 = FACE_OUTER_BOUND ( 'NONE', #2454, .T. ) ;
#5836 = ORIENTED_EDGE ( 'NONE', *, *, #6076, .T. ) ;
#5837 = FACE_OUTER_BOUND ( 'NONE', #7517, .T. ) ;
#5838 = FILL_AREA_STYLE_COLOUR ( '', #11852 ) ;
#5839 = ORIENTED_EDGE ( 'NONE', *, *, #864, .F. ) ;
#5840 = UNCERTAINTY_MEASURE_WITH_UNIT (LENGTH_MEASURE( 1.000000000000000082E-05 ), #4291, 'distance_accuracy_value', 'NONE');
#5841 = EDGE_LOOP ( 'NONE', ( #437, #9915, #9181, #6314 ) ) ;
#5842 = FILL_AREA_STYLE_COLOUR ( '', #7820 ) ;
#5843 = DIRECTION ( 'NONE',  ( 0.0000000000000000000, -1.000000000000000000, 0.0000000000000000000 ) ) ;
#5844 = FILL_AREA_STYLE_COLOUR ( '', #9358 ) ;
#5845 = EDGE_CURVE ( 'NONE', #11529, #4723, #4343, .T. ) ;
#5846 = EDGE_CURVE ( 'NONE', #6686, #1475, #10008, .T. ) ;
#5847 = ORIENTED_EDGE ( 'NONE', *, *, #2011, .F. ) ;
#5848 = VECTOR ( 'NONE', #1508, 1000.000000000000114 ) ;
#5849 = FACE_OUTER_BOUND ( 'NONE', #12310, .T. ) ;
#5850 = CARTESIAN_POINT ( 'NONE',  ( -1.350000000000000089, -19.04337155022711769, 1.249999999999997558 ) ) ;
#5851 = EDGE_LOOP ( 'NONE', ( #10277, #4496, #1626, #2266 ) ) ;
#5852 = EDGE_LOOP ( 'NONE', ( #5916, #860, #176, #10919, #3420, #11082, #3281, #11538, #8454, #11363, #8851, #12635, #6500, #2961, #2201, #7343, #11492, #3932, #11759, #9294, #7318, #9929, #8893, #7835, #10451, #5531, #11565, #1707, #5444, #11101, #3659, #5649, #10674, #9148, #4650, #680 ) ) ;
#5853 = DIRECTION ( 'NONE',  ( -1.000000000000000000, 0.0000000000000000000, 0.0000000000000000000 ) ) ;
#5854 = ORIENTED_EDGE ( 'NONE', *, *, #5883, .T. ) ;
#5855 = MECHANICAL_DESIGN_GEOMETRIC_PRESENTATION_REPRESENTATION (  '', ( #483 ), #6472 ) ;
#5856 = FILL_AREA_STYLE_COLOUR ( '', #10473 ) ;
#5857 = CARTESIAN_POINT ( 'NONE',  ( -1.350000000000000089, 6.000000000000000000, 1.599999999999997202 ) ) ;
#5858 = EDGE_CURVE ( 'NONE', #6803, #10285, #7030, .T. ) ;
#5859 = ADVANCED_FACE ( 'NONE', ( #8040 ), #9898, .F. ) ;
#5860 = LINE ( 'NONE', #3814, #358 ) ;
#5861 = ORIENTED_EDGE ( 'NONE', *, *, #4437, .T. ) ;
#5862 = DIRECTION ( 'NONE',  ( 0.0000000000000000000, 0.0000000000000000000, -1.000000000000000000 ) ) ;
#5863 = DIRECTION ( 'NONE',  ( 0.0000000000000000000, 1.000000000000000000, 0.0000000000000000000 ) ) ;
#5864 = PRESENTATION_LAYER_ASSIGNMENT (  '', '', ( #3178 ) ) ;
#5865 = CARTESIAN_POINT ( 'NONE',  ( 15.25000000000000000, 3.149999999999999023, -2.050000000000001599 ) ) ;
#5866 = PLANE ( 'NONE',  #4790 ) ;
#5867 = CARTESIAN_POINT ( 'NONE',  ( 12.25000000000000000, 1.800000000000000044, 0.2500000000000002220 ) ) ;
#5868 = CARTESIAN_POINT ( 'NONE',  ( 15.75000000000000000, -3.300000000000000266, -0.2499999999999997780 ) ) ;
#5869 = DIRECTION ( 'NONE',  ( 0.0000000000000000000, 1.000000000000000000, 0.0000000000000000000 ) ) ;
#5870 = CARTESIAN_POINT ( 'NONE',  ( 7.750000000000000000, -3.399999999999999911, -0.2499999999999997780 ) ) ;
#5871 = MECHANICAL_DESIGN_GEOMETRIC_PRESENTATION_REPRESENTATION (  '', ( #1531 ), #4248 ) ;
#5872 = COLOUR_RGB ( '',1.000000000000000000, 0.8117647058823529438, 0.5019607843137254832 ) ;
#5873 = DIRECTION ( 'NONE',  ( -1.084202172485504237E-15, -1.000000000000000000, 0.0000000000000000000 ) ) ;
#5874 = UNCERTAINTY_MEASURE_WITH_UNIT (LENGTH_MEASURE( 1.000000000000000082E-05 ), #11580, 'distance_accuracy_value', 'NONE');
#5875 = LINE ( 'NONE', #9640, #4926 ) ;
#5876 = DIRECTION ( 'NONE',  ( -4.336808689942017736E-16, 0.0000000000000000000, -1.000000000000000000 ) ) ;
#5877 = SURFACE_STYLE_USAGE ( .BOTH. , #11772 ) ;
#5878 = LINE ( 'NONE', #3888, #2075 ) ;
#5879 = AXIS2_PLACEMENT_3D ( 'NONE', #3083, #3151, #10938 ) ;
#5880 =( LENGTH_UNIT ( ) NAMED_UNIT ( * ) SI_UNIT ( .MILLI., .METRE. ) );
#5881 = FILL_AREA_STYLE ('',( #3225 ) ) ;
#5882 = DIRECTION ( 'NONE',  ( -0.0000000000000000000, 1.000000000000000000, -0.0000000000000000000 ) ) ;
#5883 = EDGE_CURVE ( 'NONE', #4389, #5624, #10940, .T. ) ;
#5884 = LINE ( 'NONE', #4099, #646 ) ;
#5885 =( NAMED_UNIT ( * ) PLANE_ANGLE_UNIT ( ) SI_UNIT ( $, .RADIAN. ) );
#5886 = EDGE_CURVE ( 'NONE', #9927, #4747, #8101, .T. ) ;
#5887 = DIRECTION ( 'NONE',  ( -0.0000000000000000000, 1.000000000000000000, -0.0000000000000000000 ) ) ;
#5888 = ORIENTED_EDGE ( 'NONE', *, *, #3155, .T. ) ;
#5889 = PLANE ( 'NONE',  #2020 ) ;
#5890 = SURFACE_STYLE_USAGE ( .BOTH. , #8700 ) ;
#5891 = DIRECTION ( 'NONE',  ( 1.000000000000000000, 0.0000000000000000000, -0.0000000000000000000 ) ) ;
#5892 = EDGE_CURVE ( 'NONE', #11837, #7711, #2309, .T. ) ;
#5893 = ORIENTED_EDGE ( 'NONE', *, *, #1035, .F. ) ;
#5894 =( LENGTH_UNIT ( ) NAMED_UNIT ( * ) SI_UNIT ( .MILLI., .METRE. ) );
#5895 = SURFACE_STYLE_USAGE ( .BOTH. , #10967 ) ;
#5896 =( GEOMETRIC_REPRESENTATION_CONTEXT ( 3 ) GLOBAL_UNCERTAINTY_ASSIGNED_CONTEXT ( ( #698 ) ) GLOBAL_UNIT_ASSIGNED_CONTEXT ( ( #11513, #7009, #6036 ) ) REPRESENTATION_CONTEXT ( 'NONE', 'WORKASPACE' ) );
#5897 = ORIENTED_EDGE ( 'NONE', *, *, #11159, .F. ) ;
#5898 = SURFACE_STYLE_USAGE ( .BOTH. , #10620 ) ;
#5899 = CARTESIAN_POINT ( 'NONE',  ( 7.299999999999998934, 0.2000000000000000389, -2.800000000000000266 ) ) ;
#5900 =( NAMED_UNIT ( * ) PLANE_ANGLE_UNIT ( ) SI_UNIT ( $, .RADIAN. ) );
#5901 = UNCERTAINTY_MEASURE_WITH_UNIT (LENGTH_MEASURE( 1.000000000000000082E-05 ), #975, 'distance_accuracy_value', 'NONE');
#5902 = ORIENTED_EDGE ( 'NONE', *, *, #8574, .F. ) ;
#5903 = EDGE_CURVE ( 'NONE', #11459, #1191, #3417, .T. ) ;
#5904 =( NAMED_UNIT ( * ) PLANE_ANGLE_UNIT ( ) SI_UNIT ( $, .RADIAN. ) );
#5905 = EDGE_CURVE ( 'NONE', #2313, #1352, #7275, .T. ) ;
#5906 = EDGE_CURVE ( 'NONE', #5147, #90, #8277, .T. ) ;
#5907 = VECTOR ( 'NONE', #6240, 1000.000000000000000 ) ;
#5908 = DIRECTION ( 'NONE',  ( 3.872150616019660190E-17, 1.000000000000000000, -0.0000000000000000000 ) ) ;
#5909 = DIRECTION ( 'NONE',  ( -3.872150616019660190E-17, -1.000000000000000000, 0.0000000000000000000 ) ) ;
#5910 = ORIENTED_EDGE ( 'NONE', *, *, #682, .F. ) ;
#5911 = LINE ( 'NONE', #3947, #285 ) ;
#5912 = DIRECTION ( 'NONE',  ( -1.927470528863119049E-16, 5.782411586589358625E-16, 1.000000000000000000 ) ) ;
#5913 =( LENGTH_UNIT ( ) NAMED_UNIT ( * ) SI_UNIT ( .MILLI., .METRE. ) );
#5914 = EDGE_CURVE ( 'NONE', #4232, #12414, #8333, .T. ) ;
#5915 =( NAMED_UNIT ( * ) SI_UNIT ( $, .STERADIAN. ) SOLID_ANGLE_UNIT ( ) );
#5916 = ORIENTED_EDGE ( 'NONE', *, *, #7341, .F. ) ;
#5917 = FACE_BOUND ( 'NONE', #7891, .T. ) ;
#5918 = PLANE ( 'NONE',  #3301 ) ;
#5919 =( LENGTH_UNIT ( ) NAMED_UNIT ( * ) SI_UNIT ( .MILLI., .METRE. ) );
#5920 = DIRECTION ( 'NONE',  ( 0.0000000000000000000, 0.0000000000000000000, 1.000000000000000000 ) ) ;
#5921 = VECTOR ( 'NONE', #4856, 1000.000000000000000 ) ;
#5922 = DIRECTION ( 'NONE',  ( -0.0000000000000000000, -0.0000000000000000000, 1.000000000000000000 ) ) ;
#5923 = VECTOR ( 'NONE', #11337, 1000.000000000000000 ) ;
#5924 = AXIS2_PLACEMENT_3D ( 'NONE', #8273, #4217, #7332 ) ;
#5925 =( LENGTH_UNIT ( ) NAMED_UNIT ( * ) SI_UNIT ( .MILLI., .METRE. ) );
#5926 = DIRECTION ( 'NONE',  ( 0.5773502691896267303, 0.5773502691896238437, 0.5773502691896267303 ) ) ;
#5927 = STYLED_ITEM ( 'NONE', ( #8584 ), #8159 ) ;
#5928 = FILL_AREA_STYLE_COLOUR ( '', #12453 ) ;
#5929 = DIRECTION ( 'NONE',  ( 9.103382349328301547E-49, 2.350988701644575016E-32, 1.000000000000000000 ) ) ;
#5930 = ORIENTED_EDGE ( 'NONE', *, *, #11877, .F. ) ;
#5931 =( GEOMETRIC_REPRESENTATION_CONTEXT ( 3 ) GLOBAL_UNCERTAINTY_ASSIGNED_CONTEXT ( ( #7880 ) ) GLOBAL_UNIT_ASSIGNED_CONTEXT ( ( #9354, #10263, #5535 ) ) REPRESENTATION_CONTEXT ( 'NONE', 'WORKASPACE' ) );
#5932 = AXIS2_PLACEMENT_3D ( 'NONE', #5650, #3586, #4703 ) ;
#5933 = AXIS2_PLACEMENT_3D ( 'NONE', #399, #8243, #10356 ) ;
#5934 =( LENGTH_UNIT ( ) NAMED_UNIT ( * ) SI_UNIT ( .MILLI., .METRE. ) );
#5935 = FACE_OUTER_BOUND ( 'NONE', #6027, .T. ) ;
#5936 = VERTEX_POINT ( 'NONE', #10199 ) ;
#5937 = PRESENTATION_LAYER_ASSIGNMENT (  '', '', ( #3050 ) ) ;
#5938 = SURFACE_STYLE_USAGE ( .BOTH. , #11665 ) ;
#5939 = DIRECTION ( 'NONE',  ( 0.0000000000000000000, -0.0000000000000000000, 1.000000000000000000 ) ) ;
#5940 =( NAMED_UNIT ( * ) PLANE_ANGLE_UNIT ( ) SI_UNIT ( $, .RADIAN. ) );
#5941 = VECTOR ( 'NONE', #2750, 1000.000000000000000 ) ;
#5942 = PRESENTATION_LAYER_ASSIGNMENT (  '', '', ( #4330 ) ) ;
#5943 = LINE ( 'NONE', #153, #9063 ) ;
#5944 = EDGE_LOOP ( 'NONE', ( #6674, #2001, #8577, #8938 ) ) ;
#5945 = ORIENTED_EDGE ( 'NONE', *, *, #6319, .F. ) ;
#5946 = UNCERTAINTY_MEASURE_WITH_UNIT (LENGTH_MEASURE( 1.000000000000000082E-05 ), #12022, 'distance_accuracy_value', 'NONE');
#5947 =( NAMED_UNIT ( * ) SI_UNIT ( $, .STERADIAN. ) SOLID_ANGLE_UNIT ( ) );
#5948 = DIRECTION ( 'NONE',  ( 1.000000000000000000, 0.0000000000000000000, 0.0000000000000000000 ) ) ;
#5949 = COLOUR_RGB ( '',1.000000000000000000, 0.8117647058823529438, 0.5019607843137254832 ) ;
#5950 = UNCERTAINTY_MEASURE_WITH_UNIT (LENGTH_MEASURE( 1.000000000000000082E-05 ), #1216, 'distance_accuracy_value', 'NONE');
#5951 = DIRECTION ( 'NONE',  ( 3.872150616019660190E-17, 1.000000000000000000, -0.0000000000000000000 ) ) ;
#5952 = EDGE_LOOP ( 'NONE', ( #3213, #1248 ) ) ;
#5953 = MECHANICAL_DESIGN_GEOMETRIC_PRESENTATION_REPRESENTATION (  '', ( #2238 ), #10822 ) ;
#5954 = AXIS2_PLACEMENT_3D ( 'NONE', #11399, #8345, #9248 ) ;
#5955 = FILL_AREA_STYLE ('',( #1049 ) ) ;
#5956 = PLANE ( 'NONE',  #6120 ) ;
#5957 = DIRECTION ( 'NONE',  ( 1.000000000000000000, 0.0000000000000000000, 0.0000000000000000000 ) ) ;
#5958 = EDGE_LOOP ( 'NONE', ( #1838, #8263, #9131, #1862 ) ) ;
#5959 = MECHANICAL_DESIGN_GEOMETRIC_PRESENTATION_REPRESENTATION (  '', ( #1206 ), #1617 ) ;
#5960 = LINE ( 'NONE', #9860, #1392 ) ;
#5961 = ORIENTED_EDGE ( 'NONE', *, *, #9357, .T. ) ;
#5962 = ORIENTED_EDGE ( 'NONE', *, *, #3112, .F. ) ;
#5964 = CARTESIAN_POINT ( 'NONE',  ( 13.74999999999999822, 5.000000000000000888, 0.2500000000000002220 ) ) ;
#5963 = VECTOR ( 'NONE', #4789, 1000.000000000000000 ) ;
#5965 = CARTESIAN_POINT ( 'NONE',  ( 11.84999999999999964, -3.399999999999999911, -0.1500000000000003830 ) ) ;
#5966 = CARTESIAN_POINT ( 'NONE',  ( 6.249999999999998224, 5.000000000000000888, 0.2500000000000002220 ) ) ;
#5967 = EDGE_LOOP ( 'NONE', ( #12495, #2901, #5930, #10345 ) ) ;
#5968 = ORIENTED_EDGE ( 'NONE', *, *, #428, .F. ) ;
#5969 = DIRECTION ( 'NONE',  ( -1.000000000000000000, 5.421010862427522170E-17, 0.0000000000000000000 ) ) ;
#5970 =( GEOMETRIC_REPRESENTATION_CONTEXT ( 3 ) GLOBAL_UNCERTAINTY_ASSIGNED_CONTEXT ( ( #9630 ) ) GLOBAL_UNIT_ASSIGNED_CONTEXT ( ( #5934, #4230, #4166 ) ) REPRESENTATION_CONTEXT ( 'NONE', 'WORKASPACE' ) );
#5971 = AXIS2_PLACEMENT_3D ( 'NONE', #2630, #4731, #3565 ) ;
#5972 = VECTOR ( 'NONE', #7056, 1000.000000000000000 ) ;
#5973 = SURFACE_SIDE_STYLE ('',( #2883 ) ) ;
#5974 = LINE ( 'NONE', #4137, #11856 ) ;
#5975 = MECHANICAL_DESIGN_GEOMETRIC_PRESENTATION_REPRESENTATION (  '', ( #7623 ), #9225 ) ;
#5976 =( GEOMETRIC_REPRESENTATION_CONTEXT ( 3 ) GLOBAL_UNCERTAINTY_ASSIGNED_CONTEXT ( ( #9237 ) ) GLOBAL_UNIT_ASSIGNED_CONTEXT ( ( #918, #5008, #867 ) ) REPRESENTATION_CONTEXT ( 'NONE', 'WORKASPACE' ) );
#5977 = ADVANCED_FACE ( 'NONE', ( #11132 ), #2369, .F. ) ;
#5978 = COLOUR_RGB ( '',1.000000000000000000, 1.000000000000000000, 1.000000000000000000 ) ;
#5979 = ADVANCED_FACE ( 'NONE', ( #9426 ), #10389, .T. ) ;
#5980 = EDGE_CURVE ( 'NONE', #130, #9591, #1577, .T. ) ;
#5981 = SURFACE_STYLE_USAGE ( .BOTH. , #9033 ) ;
#5982 = ORIENTED_EDGE ( 'NONE', *, *, #1928, .F. ) ;
#5983 = CARTESIAN_POINT ( 'NONE',  ( 0.7500000000000006661, 1.149999999999999911, -2.050000000000001599 ) ) ;
#5984 = AXIS2_PLACEMENT_3D ( 'NONE', #6517, #2578, #12156 ) ;
#5985 = ORIENTED_EDGE ( 'NONE', *, *, #5846, .T. ) ;
#5986 = FILL_AREA_STYLE ('',( #7905 ) ) ;
#5987 = ORIENTED_EDGE ( 'NONE', *, *, #5350, .F. ) ;
#5988 = COLOUR_RGB ( '',1.000000000000000000, 0.8117647058823529438, 0.5019607843137254832 ) ;
#5989 = AXIS2_PLACEMENT_3D ( 'NONE', #64, #10113, #8818 ) ;
#5990 = LINE ( 'NONE', #142, #9441 ) ;
#5991 = CARTESIAN_POINT ( 'NONE',  ( 15.25000000000000000, 3.399999999999999467, -2.050000000000001599 ) ) ;
#5992 = UNCERTAINTY_MEASURE_WITH_UNIT (LENGTH_MEASURE( 1.000000000000000082E-05 ), #1976, 'distance_accuracy_value', 'NONE');
#5993 = SURFACE_STYLE_FILL_AREA ( #10080 ) ;
#5994 = LINE ( 'NONE', #12601, #2286 ) ;
#5995 = VECTOR ( 'NONE', #3218, 1000.000000000000000 ) ;
#5996 = EDGE_CURVE ( 'NONE', #7816, #11577, #4602, .T. ) ;
#5997 = PRESENTATION_LAYER_ASSIGNMENT (  '', '', ( #10286 ) ) ;
#5998 = COLOUR_RGB ( '',1.000000000000000000, 0.8117647058823529438, 0.5019607843137254832 ) ;
#5999 = DIRECTION ( 'NONE',  ( 1.000000000000000000, 0.0000000000000000000, 0.0000000000000000000 ) ) ;
#6000 = CARTESIAN_POINT ( 'NONE',  ( -0.7000000000000002887, 0.2000000000000000389, -0.2499999999999997780 ) ) ;
#6001 = DIRECTION ( 'NONE',  ( -5.421010862427522170E-17, -1.000000000000000000, 2.350988701644575016E-32 ) ) ;
#6002 = LINE ( 'NONE', #12083, #2904 ) ;
#6003 =( NAMED_UNIT ( * ) PLANE_ANGLE_UNIT ( ) SI_UNIT ( $, .RADIAN. ) );
#6004 = SURFACE_STYLE_USAGE ( .BOTH. , #9116 ) ;
#6005 = MECHANICAL_DESIGN_GEOMETRIC_PRESENTATION_REPRESENTATION (  '', ( #6832 ), #9260 ) ;
#6006 = VECTOR ( 'NONE', #3522, 1000.000000000000000 ) ;
#6007 = AXIS2_PLACEMENT_3D ( 'NONE', #1733, #7607, #4673 ) ;
#6008 = SURFACE_STYLE_USAGE ( .BOTH. , #9585 ) ;
#6009 = ORIENTED_EDGE ( 'NONE', *, *, #4916, .F. ) ;
#6010 = DIRECTION ( 'NONE',  ( 0.7071067811865475727, -0.7071067811865475727, 1.662400053425836136E-32 ) ) ;
#6011 = FILL_AREA_STYLE ('',( #9728 ) ) ;
#6012 = DIRECTION ( 'NONE',  ( -9.103382349328301547E-49, -2.350988701644575016E-32, -1.000000000000000000 ) ) ;
#6013 = AXIS2_PLACEMENT_3D ( 'NONE', #10957, #7050, #2125 ) ;
#6014 = PLANE ( 'NONE',  #7662 ) ;
#6015 = ORIENTED_EDGE ( 'NONE', *, *, #11833, .F. ) ;
#6016 = ORIENTED_EDGE ( 'NONE', *, *, #10215, .F. ) ;
#6017 = SURFACE_SIDE_STYLE ('',( #1845 ) ) ;
#6018 = SURFACE_SIDE_STYLE ('',( #1231 ) ) ;
#6019 = ORIENTED_EDGE ( 'NONE', *, *, #1872, .T. ) ;
#6020 = CARTESIAN_POINT ( 'NONE',  ( 16.67999999999999616, 6.000000000000000000, 1.599999999999999867 ) ) ;
#6021 = DIRECTION ( 'NONE',  ( -0.0000000000000000000, -0.0000000000000000000, 1.000000000000000000 ) ) ;
#6022 = PRESENTATION_STYLE_ASSIGNMENT (( #9787 ) ) ;
#6023 = DIRECTION ( 'NONE',  ( 1.000000000000000000, -3.872150616019660190E-17, -4.336808689942017736E-16 ) ) ;
#6024 = CARTESIAN_POINT ( 'NONE',  ( -1.350000000000000089, 6.000000000000000000, 0.3199999999999999512 ) ) ;
#6025 = LINE ( 'NONE', #5018, #12504 ) ;
#6026 = CARTESIAN_POINT ( 'NONE',  ( 3.750000000000001332, 5.000000000000000888, -0.2499999999999997780 ) ) ;
#6027 = EDGE_LOOP ( 'NONE', ( #8041, #6203, #11846, #3839 ) ) ;
#6028 = ORIENTED_EDGE ( 'NONE', *, *, #3648, .T. ) ;
#6029 = LINE ( 'NONE', #5964, #10803 ) ;
#6030 = CARTESIAN_POINT ( 'NONE',  ( 11.84999999999999787, -3.399999999999999911, -2.800000000000001155 ) ) ;
#6031 = UNCERTAINTY_MEASURE_WITH_UNIT (LENGTH_MEASURE( 1.000000000000000082E-05 ), #4019, 'distance_accuracy_value', 'NONE');
#6032 = EDGE_LOOP ( 'NONE', ( #4593, #1999, #5788, #11893 ) ) ;
#6033 = PRESENTATION_STYLE_ASSIGNMENT (( #2093 ) ) ;
#6034 = CARTESIAN_POINT ( 'NONE',  ( 16.25000000000000000, -3.399999999999999911, 0.2500000000000002220 ) ) ;
#6035 = VERTEX_POINT ( 'NONE', #11633 ) ;
#6036 =( NAMED_UNIT ( * ) SI_UNIT ( $, .STERADIAN. ) SOLID_ANGLE_UNIT ( ) );
#6037 = LINE ( 'NONE', #8769, #42 ) ;
#6038 = ORIENTED_EDGE ( 'NONE', *, *, #5600, .T. ) ;
#6039 = PLANE ( 'NONE',  #2626 ) ;
#6040 = ORIENTED_EDGE ( 'NONE', *, *, #9238, .F. ) ;
#6041 = FILL_AREA_STYLE_COLOUR ( '', #10033 ) ;
#6042 = ORIENTED_EDGE ( 'NONE', *, *, #8066, .T. ) ;
#6043 = LINE ( 'NONE', #2893, #11677 ) ;
#6044 = PRESENTATION_STYLE_ASSIGNMENT (( #11706 ) ) ;
#6045 = EDGE_CURVE ( 'NONE', #7651, #4935, #12529, .T. ) ;
#6046 = MECHANICAL_DESIGN_GEOMETRIC_PRESENTATION_REPRESENTATION (  '', ( #5654 ), #8894 ) ;
#6047 = EDGE_LOOP ( 'NONE', ( #8855, #8658, #8935, #5292 ) ) ;
#6048 = EDGE_CURVE ( 'NONE', #3645, #11581, #9701, .T. ) ;
#6049 =( NAMED_UNIT ( * ) SI_UNIT ( $, .STERADIAN. ) SOLID_ANGLE_UNIT ( ) );
#6050 = ORIENTED_EDGE ( 'NONE', *, *, #6800, .F. ) ;
#6051 =( NAMED_UNIT ( * ) PLANE_ANGLE_UNIT ( ) SI_UNIT ( $, .RADIAN. ) );
#6052 = PRESENTATION_STYLE_ASSIGNMENT (( #12075 ) ) ;
#6053 = ORIENTED_EDGE ( 'NONE', *, *, #10888, .F. ) ;
#6054 = VECTOR ( 'NONE', #5829, 1000.000000000000000 ) ;
#6055 = LINE ( 'NONE', #5043, #7400 ) ;
#6056 = DIRECTION ( 'NONE',  ( 1.032573497605242224E-16, -1.000000000000000000, 0.0000000000000000000 ) ) ;
#6057 = EDGE_LOOP ( 'NONE', ( #7471, #12489, #1130, #12195 ) ) ;
#6058 = ADVANCED_FACE ( 'NONE', ( #7769 ), #11569, .F. ) ;
#6059 = ADVANCED_FACE ( 'NONE', ( #6636 ), #2133, .T. ) ;
#6060 = PRESENTATION_LAYER_ASSIGNMENT (  '', '', ( #4452 ) ) ;
#6061 = FILL_AREA_STYLE_COLOUR ( '', #6590 ) ;
#6062 = CARTESIAN_POINT ( 'NONE',  ( 8.250000000000000000, -3.399999999999999911, -0.2499999999999997780 ) ) ;
#6063 = DIRECTION ( 'NONE',  ( -0.0000000000000000000, -0.0000000000000000000, 1.000000000000000000 ) ) ;
#6064 = DIRECTION ( 'NONE',  ( -4.336808689942017736E-16, 0.0000000000000000000, -1.000000000000000000 ) ) ;
#6065 = LINE ( 'NONE', #2328, #9382 ) ;
#6066 = SURFACE_STYLE_USAGE ( .BOTH. , #5055 ) ;
#6067 = PLANE ( 'NONE',  #7778 ) ;
#6068 = EDGE_LOOP ( 'NONE', ( #9051, #9926, #8643, #5985 ) ) ;
#6069 = LINE ( 'NONE', #220, #2215 ) ;
#6070 = FILL_AREA_STYLE_COLOUR ( '', #10411 ) ;
#6071 = DIRECTION ( 'NONE',  ( -1.000000000000000000, 0.0000000000000000000, -0.0000000000000000000 ) ) ;
#6072 = ORIENTED_EDGE ( 'NONE', *, *, #9002, .T. ) ;
#6073 = UNCERTAINTY_MEASURE_WITH_UNIT (LENGTH_MEASURE( 1.000000000000000082E-05 ), #7115, 'distance_accuracy_value', 'NONE');
#6074 =( NAMED_UNIT ( * ) SI_UNIT ( $, .STERADIAN. ) SOLID_ANGLE_UNIT ( ) );
#6075 = VERTEX_POINT ( 'NONE', #887 ) ;
#6076 = EDGE_CURVE ( 'NONE', #8082, #10494, #1918, .T. ) ;
#6077 =( NAMED_UNIT ( * ) PLANE_ANGLE_UNIT ( ) SI_UNIT ( $, .RADIAN. ) );
#6078 = FACE_OUTER_BOUND ( 'NONE', #4577, .T. ) ;
#6079 = UNCERTAINTY_MEASURE_WITH_UNIT (LENGTH_MEASURE( 1.000000000000000082E-05 ), #5435, 'distance_accuracy_value', 'NONE');
#6080 = VECTOR ( 'NONE', #65, 1000.000000000000000 ) ;
#6081 = FACE_OUTER_BOUND ( 'NONE', #12402, .T. ) ;
#6082 = DIRECTION ( 'NONE',  ( 0.5773502691896224004, 0.5773502691896296168, 0.5773502691896251759 ) ) ;
#6083 = DIRECTION ( 'NONE',  ( 1.927470528863119049E-16, 0.0000000000000000000, -1.000000000000000000 ) ) ;
#6084 =( NAMED_UNIT ( * ) SI_UNIT ( $, .STERADIAN. ) SOLID_ANGLE_UNIT ( ) );
#6085 = ORIENTED_EDGE ( 'NONE', *, *, #9188, .F. ) ;
#6086 = DIRECTION ( 'NONE',  ( 1.000000000000000000, -5.421010862427522170E-17, 0.0000000000000000000 ) ) ;
#6087 = ORIENTED_EDGE ( 'NONE', *, *, #9970, .F. ) ;
#6088 = COLOUR_RGB ( '',1.000000000000000000, 0.8117647058823529438, 0.5019607843137254832 ) ;
#6089 = ORIENTED_EDGE ( 'NONE', *, *, #2443, .F. ) ;
#6090 = FACE_OUTER_BOUND ( 'NONE', #7357, .T. ) ;
#6091 = CARTESIAN_POINT ( 'NONE',  ( 15.25000000000000000, 3.399999999999999467, -2.050000000000001599 ) ) ;
#6092 = LINE ( 'NONE', #8006, #11372 ) ;
#6093 = PLANE ( 'NONE',  #3771 ) ;
#6094 = ORIENTED_EDGE ( 'NONE', *, *, #3731, .T. ) ;
#6095 = FACE_OUTER_BOUND ( 'NONE', #4443, .T. ) ;
#6096 = VECTOR ( 'NONE', #11607, 1000.000000000000000 ) ;
#6097 = CARTESIAN_POINT ( 'NONE',  ( 15.84999999999999964, -3.399999999999999911, 0.1500000000000008271 ) ) ;
#6098 = CARTESIAN_POINT ( 'NONE',  ( 8.699999999999999289, 0.1999999999999999833, -2.800000000000000266 ) ) ;
#6099 = AXIS2_PLACEMENT_3D ( 'NONE', #4339, #8331, #11329 ) ;
#6100 = PRESENTATION_STYLE_ASSIGNMENT (( #10799 ) ) ;
#6101 = CARTESIAN_POINT ( 'NONE',  ( 11.75000000000000000, 5.000000000000000888, 0.2500000000000002220 ) ) ;
#6102 = DIRECTION ( 'NONE',  ( 0.0000000000000000000, -0.7071067811865451302, 0.7071067811865500152 ) ) ;
#6103 = VERTEX_POINT ( 'NONE', #9010 ) ;
#6104 = UNCERTAINTY_MEASURE_WITH_UNIT (LENGTH_MEASURE( 1.000000000000000082E-05 ), #3130, 'distance_accuracy_value', 'NONE');
#6105 = DIRECTION ( 'NONE',  ( -1.000000000000000000, 0.0000000000000000000, -0.0000000000000000000 ) ) ;
#6107 =( GEOMETRIC_REPRESENTATION_CONTEXT ( 3 ) GLOBAL_UNCERTAINTY_ASSIGNED_CONTEXT ( ( #6638 ) ) GLOBAL_UNIT_ASSIGNED_CONTEXT ( ( #10798, #4072, #10060 ) ) REPRESENTATION_CONTEXT ( 'NONE', 'WORKASPACE' ) );
#6106 = CARTESIAN_POINT ( 'NONE',  ( -0.08333333333333413362, 5.166666666666668739, -0.08333333333333370341 ) ) ;
#6108 = DIRECTION ( 'NONE',  ( 1.000000000000000000, 0.0000000000000000000, 0.0000000000000000000 ) ) ;
#6109 = LINE ( 'NONE', #7908, #412 ) ;
#6110 = LINE ( 'NONE', #1203, #10761 ) ;
#6111 = CARTESIAN_POINT ( 'NONE',  ( 6.049999999999999822, -3.399999999999999911, -2.800000000000000266 ) ) ;
#6112 =( NAMED_UNIT ( * ) PLANE_ANGLE_UNIT ( ) SI_UNIT ( $, .RADIAN. ) );
#6113 = CARTESIAN_POINT ( 'NONE',  ( 0.05000000000000012768, -3.399999999999999911, -0.1500000000000038525 ) ) ;
#6114 = EDGE_CURVE ( 'NONE', #6438, #3392, #3670, .T. ) ;
#6115 = VECTOR ( 'NONE', #4065, 1000.000000000000000 ) ;
#6116 = CARTESIAN_POINT ( 'NONE',  ( 5.166666666666666963, -4.383333333333333748, -0.8333333333333317050 ) ) ;
#6117 = DIRECTION ( 'NONE',  ( 1.000000000000000000, 9.035018104045847275E-16, 0.0000000000000000000 ) ) ;
#6118 = PRESENTATION_STYLE_ASSIGNMENT (( #11902 ) ) ;
#6119 = PRESENTATION_STYLE_ASSIGNMENT (( #6004 ) ) ;
#6120 = AXIS2_PLACEMENT_3D ( 'NONE', #9676, #4115, #1106 ) ;
#6121 = MECHANICAL_DESIGN_GEOMETRIC_PRESENTATION_REPRESENTATION (  '', ( #12206 ), #10210 ) ;
#6122 =( NAMED_UNIT ( * ) SI_UNIT ( $, .STERADIAN. ) SOLID_ANGLE_UNIT ( ) );
#6123 = CARTESIAN_POINT ( 'NONE',  ( 8.250000000000000000, -3.399999999999999911, -0.2499999999999997780 ) ) ;
#6124 =( NAMED_UNIT ( * ) SI_UNIT ( $, .STERADIAN. ) SOLID_ANGLE_UNIT ( ) );
#6125 = VECTOR ( 'NONE', #547, 1000.000000000000000 ) ;
#6126 = CARTESIAN_POINT ( 'NONE',  ( 12.25000000000000000, -3.399999999999999911, 0.2500000000000002220 ) ) ;
#6127 = EDGE_CURVE ( 'NONE', #8753, #4874, #8597, .T. ) ;
#6128 = LINE ( 'NONE', #5308, #8781 ) ;
#6129 = EDGE_CURVE ( 'NONE', #9647, #6625, #10175, .T. ) ;
#6130 = SURFACE_SIDE_STYLE ('',( #8932 ) ) ;
#6131 = PRESENTATION_LAYER_ASSIGNMENT (  '', '', ( #11615 ) ) ;
#6132 = VECTOR ( 'NONE', #7892, 1000.000000000000000 ) ;
#6133 = PLANE ( 'NONE',  #5116 ) ;
#6134 = CARTESIAN_POINT ( 'NONE',  ( 10.05000000000000071, 0.0000000000000000000, -2.050000000000001599 ) ) ;
#6135 = DIRECTION ( 'NONE',  ( -1.000000000000000000, 5.421010862427522170E-17, 0.0000000000000000000 ) ) ;
#6136 = DIRECTION ( 'NONE',  ( 0.0000000000000000000, -1.000000000000000000, 0.0000000000000000000 ) ) ;
#6137 = ORIENTED_EDGE ( 'NONE', *, *, #3594, .T. ) ;
#6138 = MECHANICAL_DESIGN_GEOMETRIC_PRESENTATION_REPRESENTATION (  '', ( #4328 ), #1396 ) ;
#6139 = DIRECTION ( 'NONE',  ( -0.7071067811865492381, -0.7071067811865457964, 2.725854962992652315E-16 ) ) ;
#6140 = CARTESIAN_POINT ( 'NONE',  ( 9.750000000000000000, 5.000000000000000888, -0.2499999999999997780 ) ) ;
#6141 = MECHANICAL_DESIGN_GEOMETRIC_PRESENTATION_REPRESENTATION (  '', ( #8990 ), #10631 ) ;
#6142 = PRESENTATION_LAYER_ASSIGNMENT (  '', '', ( #3492 ) ) ;
#6143 = ORIENTED_EDGE ( 'NONE', *, *, #7938, .T. ) ;
#6144 = ADVANCED_FACE ( 'NONE', ( #10969 ), #4379, .T. ) ;
#6145 = LINE ( 'NONE', #1171, #11423 ) ;
#6146 = ORIENTED_EDGE ( 'NONE', *, *, #8635, .T. ) ;
#6147 = CARTESIAN_POINT ( 'NONE',  ( 3.750000000000001332, 5.000000000000000888, 0.2500000000000002220 ) ) ;
#6148 = DIRECTION ( 'NONE',  ( 0.0000000000000000000, -0.0000000000000000000, 1.000000000000000000 ) ) ;
#6149 = UNCERTAINTY_MEASURE_WITH_UNIT (LENGTH_MEASURE( 1.000000000000000082E-05 ), #2984, 'distance_accuracy_value', 'NONE');
#6150 = ORIENTED_EDGE ( 'NONE', *, *, #8871, .F. ) ;
#6152 = ORIENTED_EDGE ( 'NONE', *, *, #150, .F. ) ;
#6151 = ORIENTED_EDGE ( 'NONE', *, *, #5361, .F. ) ;
#6153 = DIRECTION ( 'NONE',  ( -0.0000000000000000000, 0.0000000000000000000, 1.000000000000000000 ) ) ;
#6154 = VECTOR ( 'NONE', #7298, 1000.000000000000000 ) ;
#6155 = VECTOR ( 'NONE', #2843, 1000.000000000000000 ) ;
#6156 = ORIENTED_EDGE ( 'NONE', *, *, #2139, .T. ) ;
#6157 = VECTOR ( 'NONE', #6102, 1000.000000000000114 ) ;
#6158 = VECTOR ( 'NONE', #6806, 1000.000000000000000 ) ;
#6159 = CARTESIAN_POINT ( 'NONE',  ( 6.249999999999998224, -3.300000000000000266, 0.2500000000000002220 ) ) ;
#6160 = COLOUR_RGB ( '',1.000000000000000000, 1.000000000000000000, 1.000000000000000000 ) ;
#6161 = DIRECTION ( 'NONE',  ( -1.084202172485504237E-15, -1.000000000000000000, 0.0000000000000000000 ) ) ;
#6162 = VERTEX_POINT ( 'NONE', #6224 ) ;
#6163 = ORIENTED_EDGE ( 'NONE', *, *, #5516, .F. ) ;
#6164 = FILL_AREA_STYLE ('',( #1269 ) ) ;
#6165 = PRESENTATION_LAYER_ASSIGNMENT (  '', '', ( #11835 ) ) ;
#6166 = COLOUR_RGB ( '',1.000000000000000000, 1.000000000000000000, 1.000000000000000000 ) ;
#6167 = PRESENTATION_LAYER_ASSIGNMENT (  '', '', ( #7043 ) ) ;
#6168 = DIRECTION ( 'NONE',  ( 0.0000000000000000000, 0.0000000000000000000, 1.000000000000000000 ) ) ;
#6169 = DIRECTION ( 'NONE',  ( -1.000000000000000000, 5.421010862427522170E-17, 0.0000000000000000000 ) ) ;
#6170 = EDGE_CURVE ( 'NONE', #9890, #4204, #10116, .T. ) ;
#6171 = CARTESIAN_POINT ( 'NONE',  ( 12.05000000000000071, -3.399999999999999911, 0.1500000000000008271 ) ) ;
#6172 = DIRECTION ( 'NONE',  ( 0.0000000000000000000, -0.0000000000000000000, 1.000000000000000000 ) ) ;
#6173 =( LENGTH_UNIT ( ) NAMED_UNIT ( * ) SI_UNIT ( .MILLI., .METRE. ) );
#6174 = DIRECTION ( 'NONE',  ( -1.000000000000000000, 3.872150616019661422E-17, 0.0000000000000000000 ) ) ;
#6175 =( GEOMETRIC_REPRESENTATION_CONTEXT ( 3 ) GLOBAL_UNCERTAINTY_ASSIGNED_CONTEXT ( ( #2705 ) ) GLOBAL_UNIT_ASSIGNED_CONTEXT ( ( #2690, #693, #3548 ) ) REPRESENTATION_CONTEXT ( 'NONE', 'WORKASPACE' ) );
#6176 = STYLED_ITEM ( 'NONE', ( #4943 ), #9418 ) ;
#6177 = PRESENTATION_LAYER_ASSIGNMENT (  '', '', ( #10059 ) ) ;
#6178 = EDGE_CURVE ( 'NONE', #5425, #7951, #9270, .T. ) ;
#6179 = FILL_AREA_STYLE ('',( #5354 ) ) ;
#6180 = MECHANICAL_DESIGN_GEOMETRIC_PRESENTATION_REPRESENTATION (  '', ( #9859 ), #5382 ) ;
#6181 = ORIENTED_EDGE ( 'NONE', *, *, #10627, .T. ) ;
#6182 = LINE ( 'NONE', #5236, #8842 ) ;
#6183 = SURFACE_SIDE_STYLE ('',( #2237 ) ) ;
#6184 = DIRECTION ( 'NONE',  ( 0.0000000000000000000, -0.0000000000000000000, -1.000000000000000000 ) ) ;
#6185 = COLOUR_RGB ( '',1.000000000000000000, 0.8117647058823529438, 0.5019607843137254832 ) ;
#6186 = LINE ( 'NONE', #6912, #2908 ) ;
#6187 = ORIENTED_EDGE ( 'NONE', *, *, #2572, .T. ) ;
#6188 = VECTOR ( 'NONE', #5242, 1000.000000000000000 ) ;
#6189 = STYLED_ITEM ( 'NONE', ( #6524 ), #1238 ) ;
#6190 = COLOUR_RGB ( '',1.000000000000000000, 0.8117647058823529438, 0.5019607843137254832 ) ;
#6191 = SURFACE_STYLE_USAGE ( .BOTH. , #6871 ) ;
#6192 = PRESENTATION_LAYER_ASSIGNMENT (  '', '', ( #11676 ) ) ;
#6193 = VECTOR ( 'NONE', #9707, 1000.000000000000000 ) ;
#6194 = LINE ( 'NONE', #7289, #12133 ) ;
#6195 = DIRECTION ( 'NONE',  ( -0.0000000000000000000, -1.000000000000000000, -0.0000000000000000000 ) ) ;
#6196 = FILL_AREA_STYLE ('',( #6327 ) ) ;
#6197 = PRESENTATION_LAYER_ASSIGNMENT (  '', '', ( #11680 ) ) ;
#6198 = MECHANICAL_DESIGN_GEOMETRIC_PRESENTATION_REPRESENTATION (  '', ( #11683 ), #5589 ) ;
#6199 = SURFACE_STYLE_USAGE ( .BOTH. , #11018 ) ;
#6200 = VECTOR ( 'NONE', #7421, 1000.000000000000000 ) ;
#6201 =( NAMED_UNIT ( * ) SI_UNIT ( $, .STERADIAN. ) SOLID_ANGLE_UNIT ( ) );
#6202 = PRESENTATION_LAYER_ASSIGNMENT (  '', '', ( #66 ) ) ;
#6203 = ORIENTED_EDGE ( 'NONE', *, *, #8305, .T. ) ;
#6204 = DIRECTION ( 'NONE',  ( 3.872150616019660190E-17, 1.000000000000000000, -0.0000000000000000000 ) ) ;
#6205 = AXIS2_PLACEMENT_3D ( 'NONE', #1893, #10899, #5764 ) ;
#6206 = SURFACE_STYLE_USAGE ( .BOTH. , #6330 ) ;
#6207 =( NAMED_UNIT ( * ) PLANE_ANGLE_UNIT ( ) SI_UNIT ( $, .RADIAN. ) );
#6208 = STYLED_ITEM ( 'NONE', ( #10742 ), #4057 ) ;
#6209 = LINE ( 'NONE', #11099, #7011 ) ;
#6210 = VECTOR ( 'NONE', #242, 1000.000000000000000 ) ;
#6211 = DIRECTION ( 'NONE',  ( 0.0000000000000000000, 0.0000000000000000000, -1.000000000000000000 ) ) ;
#6212 = VERTEX_POINT ( 'NONE', #2189 ) ;
#6213 = FACE_OUTER_BOUND ( 'NONE', #4384, .T. ) ;
#6214 = EDGE_LOOP ( 'NONE', ( #8402, #5514, #809, #1830 ) ) ;
#6215 = VECTOR ( 'NONE', #1167, 1000.000000000000000 ) ;
#6216 = EDGE_CURVE ( 'NONE', #9755, #3627, #4192, .T. ) ;
#6217 = ADVANCED_FACE ( 'NONE', ( #5322 ), #12109, .F. ) ;
#6218 = PRESENTATION_STYLE_ASSIGNMENT (( #471 ) ) ;
#6219 = DIRECTION ( 'NONE',  ( -1.084202172485504237E-15, -1.000000000000000000, 0.0000000000000000000 ) ) ;
#6220 = UNCERTAINTY_MEASURE_WITH_UNIT (LENGTH_MEASURE( 1.000000000000000082E-05 ), #12564, 'distance_accuracy_value', 'NONE');
#6221 = EDGE_CURVE ( 'NONE', #6695, #2555, #4307, .T. ) ;
#6222 = SURFACE_STYLE_FILL_AREA ( #3243 ) ;
#6223 = SURFACE_STYLE_USAGE ( .BOTH. , #8254 ) ;
#6224 = CARTESIAN_POINT ( 'NONE',  ( 2.700000000000001510, 0.0000000000000000000, -2.800000000000000266 ) ) ;
#6225 = STYLED_ITEM ( 'NONE', ( #12293 ), #4490 ) ;
#6226 = ORIENTED_EDGE ( 'NONE', *, *, #7116, .T. ) ;
#6227 = COLOUR_RGB ( '',1.000000000000000000, 0.8117647058823529438, 0.5019607843137254832 ) ;
#6228 = LINE ( 'NONE', #346, #3122 ) ;
#6229 = ORIENTED_EDGE ( 'NONE', *, *, #11339, .T. ) ;
#6230 = STYLED_ITEM ( 'NONE', ( #4950 ), #12178 ) ;
#6231 = LINE ( 'NONE', #6091, #5766 ) ;
#6232 = PRESENTATION_STYLE_ASSIGNMENT (( #3393 ) ) ;
#6233 = ORIENTED_EDGE ( 'NONE', *, *, #2365, .T. ) ;
#6235 = EDGE_LOOP ( 'NONE', ( #5223, #6537, #906, #7279 ) ) ;
#6234 = ORIENTED_EDGE ( 'NONE', *, *, #7733, .F. ) ;
#6236 = PRESENTATION_LAYER_ASSIGNMENT (  '', '', ( #3564 ) ) ;
#6237 = EDGE_CURVE ( 'NONE', #4197, #5768, #4697, .T. ) ;
#6238 = EDGE_CURVE ( 'NONE', #896, #9989, #6601, .T. ) ;
#6239 = STYLED_ITEM ( 'NONE', ( #6714 ), #12591 ) ;
#6240 = DIRECTION ( 'NONE',  ( 1.668003342285392044E-16, 0.0000000000000000000, 1.000000000000000000 ) ) ;
#6241 = SURFACE_STYLE_USAGE ( .BOTH. , #2293 ) ;
#6242 = DIRECTION ( 'NONE',  ( -1.000000000000000000, 0.0000000000000000000, 1.230800803163168627E-17 ) ) ;
#6243 = CARTESIAN_POINT ( 'NONE',  ( 17.94999999999999574, 6.000000000000000000, 1.699999999999999289 ) ) ;
#6244 = DIRECTION ( 'NONE',  ( -1.084202172485504237E-15, -1.000000000000000000, 0.0000000000000000000 ) ) ;
#6245 = ORIENTED_EDGE ( 'NONE', *, *, #10793, .T. ) ;
#6246 = CARTESIAN_POINT ( 'NONE',  ( -0.7000000000000002887, 0.2000000000000000389, 1.700000000000000178 ) ) ;
#6247 = LINE ( 'NONE', #5281, #2037 ) ;
#6248 = ADVANCED_FACE ( 'NONE', ( #4634 ), #9529, .F. ) ;
#6249 = CARTESIAN_POINT ( 'NONE',  ( 14.75000000000000000, 3.400000000000000355, -2.350000000000001865 ) ) ;
#6250 = SURFACE_STYLE_USAGE ( .BOTH. , #7474 ) ;
#6251 = DIRECTION ( 'NONE',  ( 1.000000000000000000, -3.872150616019661422E-17, 0.0000000000000000000 ) ) ;
#6252 = DIRECTION ( 'NONE',  ( 4.336808689942017736E-16, 0.0000000000000000000, 1.000000000000000000 ) ) ;
#6253 = VERTEX_POINT ( 'NONE', #5708 ) ;
#6254 = ORIENTED_EDGE ( 'NONE', *, *, #2732, .F. ) ;
#6255 = ORIENTED_EDGE ( 'NONE', *, *, #6045, .F. ) ;
#6256 = MECHANICAL_DESIGN_GEOMETRIC_PRESENTATION_REPRESENTATION (  '', ( #7077 ), #9516 ) ;
#6257 =( NAMED_UNIT ( * ) PLANE_ANGLE_UNIT ( ) SI_UNIT ( $, .RADIAN. ) );
#6258 =( LENGTH_UNIT ( ) NAMED_UNIT ( * ) SI_UNIT ( .MILLI., .METRE. ) );
#6259 =( NAMED_UNIT ( * ) SI_UNIT ( $, .STERADIAN. ) SOLID_ANGLE_UNIT ( ) );
#6260 = VERTEX_POINT ( 'NONE', #10416 ) ;
#6261 = CARTESIAN_POINT ( 'NONE',  ( 4.699999999999999289, 0.1999999999999999833, -2.800000000000000266 ) ) ;
#6262 = FILL_AREA_STYLE ('',( #2245 ) ) ;
#6263 = SURFACE_STYLE_USAGE ( .BOTH. , #11906 ) ;
#6264 = ORIENTED_EDGE ( 'NONE', *, *, #7119, .F. ) ;
#6265 = CARTESIAN_POINT ( 'NONE',  ( -0.7000000000000002887, 0.2000000000000000389, -2.800000000000000266 ) ) ;
#6266 = DIRECTION ( 'NONE',  ( 1.000000000000000000, -3.872150616019660190E-17, -4.336808689942017736E-16 ) ) ;
#6267 = PRESENTATION_STYLE_ASSIGNMENT (( #10101 ) ) ;
#6268 = CARTESIAN_POINT ( 'NONE',  ( 16.25000000000000000, 5.000000000000000888, 0.2500000000000002220 ) ) ;
#6269 = CARTESIAN_POINT ( 'NONE',  ( 9.750000000000000000, 0.2000000000000000944, 0.2500000000000002220 ) ) ;
#6270 = CARTESIAN_POINT ( 'NONE',  ( -1.699999999999999734, 6.000000000000000000, -0.6800000000000000488 ) ) ;
#6271 = FILL_AREA_STYLE ('',( #3306 ) ) ;
#6272 = PLANE ( 'NONE',  #8845 ) ;
#6273 = ORIENTED_EDGE ( 'NONE', *, *, #12588, .T. ) ;
#6274 = MECHANICAL_DESIGN_GEOMETRIC_PRESENTATION_REPRESENTATION (  '', ( #6681 ), #10545 ) ;
#6275 = DIRECTION ( 'NONE',  ( 4.336808689942017736E-16, 0.0000000000000000000, 1.000000000000000000 ) ) ;
#6276 = EDGE_CURVE ( 'NONE', #2555, #6438, #11417, .T. ) ;
#6277 = FILL_AREA_STYLE ('',( #4302 ) ) ;
#6278 = LINE ( 'NONE', #9974, #2706 ) ;
#6279 =( NAMED_UNIT ( * ) SI_UNIT ( $, .STERADIAN. ) SOLID_ANGLE_UNIT ( ) );
#6280 = SURFACE_STYLE_FILL_AREA ( #9081 ) ;
#6281 =( GEOMETRIC_REPRESENTATION_CONTEXT ( 3 ) GLOBAL_UNCERTAINTY_ASSIGNED_CONTEXT ( ( #11474 ) ) GLOBAL_UNIT_ASSIGNED_CONTEXT ( ( #4752, #3578, #4027 ) ) REPRESENTATION_CONTEXT ( 'NONE', 'WORKASPACE' ) );
#6282 = CARTESIAN_POINT ( 'NONE',  ( 0.2499999999999997780, -3.399999999999999911, 0.2500000000000002220 ) ) ;
#6283 = COLOUR_RGB ( '',1.000000000000000000, 1.000000000000000000, 1.000000000000000000 ) ;
#6284 = FACE_OUTER_BOUND ( 'NONE', #6924, .T. ) ;
#6285 = ORIENTED_EDGE ( 'NONE', *, *, #1451, .F. ) ;
#6286 = ADVANCED_FACE ( 'NONE', ( #11310 ), #8444, .F. ) ;
#6287 = LINE ( 'NONE', #7373, #3480 ) ;
#6288 = SURFACE_SIDE_STYLE ('',( #2351 ) ) ;
#6289 = CARTESIAN_POINT ( 'NONE',  ( 11.75000000000000000, 5.000000000000000888, -0.2499999999999997780 ) ) ;
#6290 = CARTESIAN_POINT ( 'NONE',  ( 7.849999999999999645, 5.100000000000001421, -2.800000000000001155 ) ) ;
#6291 = VERTEX_POINT ( 'NONE', #4493 ) ;
#6292 = EDGE_LOOP ( 'NONE', ( #8136, #12454, #10055, #12238 ) ) ;
#6293 = CARTESIAN_POINT ( 'NONE',  ( 8.250000000000000000, -3.399999999999999911, 0.2500000000000002220 ) ) ;
#6294 = SURFACE_STYLE_FILL_AREA ( #2361 ) ;
#6295 = EDGE_CURVE ( 'NONE', #12116, #500, #3794, .T. ) ;
#6296 = LINE ( 'NONE', #8271, #9625 ) ;
#6297 = COLOUR_RGB ( '',1.000000000000000000, 1.000000000000000000, 1.000000000000000000 ) ;
#6298 = ORIENTED_EDGE ( 'NONE', *, *, #3976, .T. ) ;
#6299 = ADVANCED_FACE ( 'NONE', ( #7690 ), #3582, .T. ) ;
#6300 = SURFACE_SIDE_STYLE ('',( #11253 ) ) ;
#6301 = CARTESIAN_POINT ( 'NONE',  ( 7.299999999999998934, 0.2000000000000000389, 0.2500000000000002220 ) ) ;
#6302 = PRESENTATION_STYLE_ASSIGNMENT (( #10141 ) ) ;
#6303 = ORIENTED_EDGE ( 'NONE', *, *, #11944, .F. ) ;
#6304 = SURFACE_SIDE_STYLE ('',( #1327 ) ) ;
#6305 = VERTEX_POINT ( 'NONE', #10829 ) ;
#6306 = PLANE ( 'NONE',  #10058 ) ;
#6307 =( NAMED_UNIT ( * ) PLANE_ANGLE_UNIT ( ) SI_UNIT ( $, .RADIAN. ) );
#6308 = CARTESIAN_POINT ( 'NONE',  ( 0.2499999999999997780, -3.399999999999999911, -0.2499999999999997780 ) ) ;
#6309 = CARTESIAN_POINT ( 'NONE',  ( -1.949999999999999956, 1.149999999999999911, -2.800000000000000266 ) ) ;
#6310 = ORIENTED_EDGE ( 'NONE', *, *, #8930, .T. ) ;
#6311 = PRESENTATION_STYLE_ASSIGNMENT (( #7087 ) ) ;
#6312 = AXIS2_PLACEMENT_3D ( 'NONE', #11189, #2425, #2552 ) ;
#6313 = SURFACE_STYLE_USAGE ( .BOTH. , #9055 ) ;
#6314 = ORIENTED_EDGE ( 'NONE', *, *, #4553, .F. ) ;
#6315 = EDGE_CURVE ( 'NONE', #5582, #10809, #5000, .T. ) ;
#6316 = LINE ( 'NONE', #5356, #12499 ) ;
#6317 = UNCERTAINTY_MEASURE_WITH_UNIT (LENGTH_MEASURE( 1.000000000000000082E-05 ), #8285, 'distance_accuracy_value', 'NONE');
#6318 = DIRECTION ( 'NONE',  ( 1.000000000000000000, -5.421010862427522170E-17, 0.0000000000000000000 ) ) ;
#6319 = EDGE_CURVE ( 'NONE', #3988, #8782, #2061, .T. ) ;
#6320 = DIRECTION ( 'NONE',  ( -3.833233541708366936E-17, -0.7071067811865349162, -0.7071067811865601183 ) ) ;
#6321 = SURFACE_STYLE_USAGE ( .BOTH. , #10208 ) ;
#6322 = STYLED_ITEM ( 'NONE', ( #10186 ), #2107 ) ;
#6323 = PRESENTATION_STYLE_ASSIGNMENT (( #391 ) ) ;
#6324 = DIRECTION ( 'NONE',  ( -1.000000000000000000, 3.872150616019661422E-17, -0.0000000000000000000 ) ) ;
#6325 = FILL_AREA_STYLE ('',( #9961 ) ) ;
#6326 =( LENGTH_UNIT ( ) NAMED_UNIT ( * ) SI_UNIT ( .MILLI., .METRE. ) );
#6327 = FILL_AREA_STYLE_COLOUR ( '', #12061 ) ;
#6328 = CARTESIAN_POINT ( 'NONE',  ( 4.049999999999999822, 5.100000000000001421, -0.1500000000000003830 ) ) ;
#6329 = CARTESIAN_POINT ( 'NONE',  ( -0.2500000000000002220, -3.399999999999999911, 0.2500000000000002220 ) ) ;
#6330 = SURFACE_SIDE_STYLE ('',( #6466 ) ) ;
#6331 = CARTESIAN_POINT ( 'NONE',  ( 16.25000000000000000, -3.399999999999999911, -0.2499999999999997780 ) ) ;
#6332 = LINE ( 'NONE', #8123, #12474 ) ;
#6333 = EDGE_CURVE ( 'NONE', #3791, #11529, #11726, .T. ) ;
#6334 =( NAMED_UNIT ( * ) PLANE_ANGLE_UNIT ( ) SI_UNIT ( $, .RADIAN. ) );
#6335 = EDGE_LOOP ( 'NONE', ( #3086, #2157, #2205, #5091 ) ) ;
#6336 = COLOUR_RGB ( '',1.000000000000000000, 1.000000000000000000, 1.000000000000000000 ) ;
#6337 = ORIENTED_EDGE ( 'NONE', *, *, #3141, .F. ) ;
#6338 = EDGE_CURVE ( 'NONE', #2417, #3293, #10765, .T. ) ;
#6339 = SURFACE_STYLE_USAGE ( .BOTH. , #4563 ) ;
#6340 = ORIENTED_EDGE ( 'NONE', *, *, #9638, .T. ) ;
#6341 = UNCERTAINTY_MEASURE_WITH_UNIT (LENGTH_MEASURE( 1.000000000000000082E-05 ), #9438, 'distance_accuracy_value', 'NONE');
#6342 = SURFACE_SIDE_STYLE ('',( #11162 ) ) ;
#6343 = CARTESIAN_POINT ( 'NONE',  ( -1.949999999999999956, 0.0000000000000000000, -2.800000000000000266 ) ) ;
#6344 = CARTESIAN_POINT ( 'NONE',  ( 1.750000000000000222, -3.399999999999999911, 0.2500000000000002220 ) ) ;
#6345 = VERTEX_POINT ( 'NONE', #7924 ) ;
#6346 = VECTOR ( 'NONE', #10097, 1000.000000000000000 ) ;
#6347 = FILL_AREA_STYLE_COLOUR ( '', #10085 ) ;
#6348 = EDGE_CURVE ( 'NONE', #12291, #2280, #4817, .T. ) ;
#6349 = EDGE_LOOP ( 'NONE', ( #5384, #8344, #4885, #7635, #4959, #830, #2774, #1984, #10543, #3722, #2076, #539, #3770, #8432, #10928, #111, #704, #932, #11148, #52, #2022, #2433, #7760, #9480, #3778, #10178, #5699, #11244, #424, #1711, #12051, #11426, #731, #8589, #2416, #3007, #12543, #16, #5424, #2629 ) ) ;
#6350 = LINE ( 'NONE', #351, #8545 ) ;
#6351 = STYLED_ITEM ( 'NONE', ( #6716 ), #8487 ) ;
#6352 = ORIENTED_EDGE ( 'NONE', *, *, #318, .F. ) ;
#6353 = ORIENTED_EDGE ( 'NONE', *, *, #12525, .T. ) ;
#6354 = UNCERTAINTY_MEASURE_WITH_UNIT (LENGTH_MEASURE( 1.000000000000000082E-05 ), #11180, 'distance_accuracy_value', 'NONE');
#6355 = STYLED_ITEM ( 'NONE', ( #200 ), #5831 ) ;
#6356 = STYLED_ITEM ( 'NONE', ( #12171 ), #6899 ) ;
#6357 =( GEOMETRIC_REPRESENTATION_CONTEXT ( 3 ) GLOBAL_UNCERTAINTY_ASSIGNED_CONTEXT ( ( #8250 ) ) GLOBAL_UNIT_ASSIGNED_CONTEXT ( ( #3443, #6207, #9259 ) ) REPRESENTATION_CONTEXT ( 'NONE', 'WORKASPACE' ) );
#6358 = FACE_OUTER_BOUND ( 'NONE', #2982, .T. ) ;
#6359 = EDGE_CURVE ( 'NONE', #5636, #3933, #12616, .T. ) ;
#6360 = EDGE_LOOP ( 'NONE', ( #2949, #2099, #6050, #6264 ) ) ;
#6361 = MECHANICAL_DESIGN_GEOMETRIC_PRESENTATION_REPRESENTATION (  '', ( #194 ), #10234 ) ;
#6362 = FACE_OUTER_BOUND ( 'NONE', #6534, .T. ) ;
#6363 = LINE ( 'NONE', #6243, #6471 ) ;
#6364 = EDGE_LOOP ( 'NONE', ( #11686, #6234, #6087, #12130 ) ) ;
#6365 = COLOUR_RGB ( '',1.000000000000000000, 1.000000000000000000, 1.000000000000000000 ) ;
#6366 = VECTOR ( 'NONE', #11732, 1000.000000000000000 ) ;
#6367 = COLOUR_RGB ( '',1.000000000000000000, 1.000000000000000000, 1.000000000000000000 ) ;
#6368 = DIRECTION ( 'NONE',  ( -3.872150616019660190E-17, -1.000000000000000000, 0.0000000000000000000 ) ) ;
#6369 = ORIENTED_EDGE ( 'NONE', *, *, #6928, .T. ) ;
#6370 =( NAMED_UNIT ( * ) SI_UNIT ( $, .STERADIAN. ) SOLID_ANGLE_UNIT ( ) );
#6371 = DIRECTION ( 'NONE',  ( -1.000000000000000000, 5.421010862427522170E-17, 0.0000000000000000000 ) ) ;
#6372 = DIRECTION ( 'NONE',  ( -4.336808689942017736E-16, 0.0000000000000000000, -1.000000000000000000 ) ) ;
#6373 = SURFACE_SIDE_STYLE ('',( #5230 ) ) ;
#6374 = CARTESIAN_POINT ( 'NONE',  ( 2.250000000000000000, 0.2000000000000000111, 0.2500000000000002220 ) ) ;
#6375 = EDGE_CURVE ( 'NONE', #6035, #6103, #3898, .T. ) ;
#6376 = DIRECTION ( 'NONE',  ( 1.000000000000000000, 0.0000000000000000000, 0.0000000000000000000 ) ) ;
#6377 =( GEOMETRIC_REPRESENTATION_CONTEXT ( 3 ) GLOBAL_UNCERTAINTY_ASSIGNED_CONTEXT ( ( #6941 ) ) GLOBAL_UNIT_ASSIGNED_CONTEXT ( ( #7616, #659, #3781 ) ) REPRESENTATION_CONTEXT ( 'NONE', 'WORKASPACE' ) );
#6378 = EDGE_CURVE ( 'NONE', #7016, #8219, #965, .T. ) ;
#6379 = EDGE_CURVE ( 'NONE', #2143, #691, #7743, .T. ) ;
#6380 = EDGE_LOOP ( 'NONE', ( #7901, #3116, #9770, #1429 ) ) ;
#6381 = PRESENTATION_LAYER_ASSIGNMENT (  '', '', ( #8802 ) ) ;
#6382 = DIRECTION ( 'NONE',  ( -0.0000000000000000000, -0.0000000000000000000, 1.000000000000000000 ) ) ;
#6383 = ORIENTED_EDGE ( 'NONE', *, *, #1401, .F. ) ;
#6384 = ORIENTED_EDGE ( 'NONE', *, *, #10514, .F. ) ;
#6385 = LINE ( 'NONE', #4411, #1247 ) ;
#6386 = CARTESIAN_POINT ( 'NONE',  ( 3.750000000000001332, 5.000000000000000888, 0.2500000000000002220 ) ) ;
#6387 = CARTESIAN_POINT ( 'NONE',  ( 11.29999999999999893, 0.2000000000000000389, -2.800000000000000266 ) ) ;
#6388 = VECTOR ( 'NONE', #1009, 1000.000000000000000 ) ;
#6389 = AXIS2_PLACEMENT_3D ( 'NONE', #6957, #11822, #10884 ) ;
#6390 = VECTOR ( 'NONE', #3892, 1000.000000000000000 ) ;
#6391 = FILL_AREA_STYLE_COLOUR ( '', #2285 ) ;
#6392 = ADVANCED_FACE ( 'NONE', ( #5832 ), #6858, .F. ) ;
#6393 = SURFACE_SIDE_STYLE ('',( #5180 ) ) ;
#6394 = DIRECTION ( 'NONE',  ( -3.833233541708366936E-17, -0.7071067811865349162, 0.7071067811865601183 ) ) ;
#6395 =( NAMED_UNIT ( * ) SI_UNIT ( $, .STERADIAN. ) SOLID_ANGLE_UNIT ( ) );
#6396 = DIRECTION ( 'NONE',  ( 0.0000000000000000000, -0.0000000000000000000, -1.000000000000000000 ) ) ;
#6397 = CARTESIAN_POINT ( 'NONE',  ( 8.750000000000000000, 3.399999999999999467, -2.050000000000001599 ) ) ;
#6398 =( GEOMETRIC_REPRESENTATION_CONTEXT ( 3 ) GLOBAL_UNCERTAINTY_ASSIGNED_CONTEXT ( ( #6656 ) ) GLOBAL_UNIT_ASSIGNED_CONTEXT ( ( #9801, #993, #12583 ) ) REPRESENTATION_CONTEXT ( 'NONE', 'WORKASPACE' ) );
#6399 = PRESENTATION_STYLE_ASSIGNMENT (( #2642 ) ) ;
#6400 = ORIENTED_EDGE ( 'NONE', *, *, #10078, .T. ) ;
#6401 =( GEOMETRIC_REPRESENTATION_CONTEXT ( 3 ) GLOBAL_UNCERTAINTY_ASSIGNED_CONTEXT ( ( #8482 ) ) GLOBAL_UNIT_ASSIGNED_CONTEXT ( ( #12567, #5655, #3849 ) ) REPRESENTATION_CONTEXT ( 'NONE', 'WORKASPACE' ) );
#6402 = LINE ( 'NONE', #11215, #10688 ) ;
#6403 = STYLED_ITEM ( 'NONE', ( #6673 ), #11511 ) ;
#6404 = SURFACE_STYLE_USAGE ( .BOTH. , #8353 ) ;
#6405 = CARTESIAN_POINT ( 'NONE',  ( 3.750000000000000444, -3.399999999999999911, 0.2500000000000002220 ) ) ;
#6406 = ORIENTED_EDGE ( 'NONE', *, *, #2116, .T. ) ;
#6407 = COLOUR_RGB ( '',1.000000000000000000, 1.000000000000000000, 1.000000000000000000 ) ;
#6408 = EDGE_CURVE ( 'NONE', #1445, #9737, #3228, .T. ) ;
#6409 = LINE ( 'NONE', #10300, #4570 ) ;
#6410 = PRESENTATION_LAYER_ASSIGNMENT (  '', '', ( #2485 ) ) ;
#6411 = ORIENTED_EDGE ( 'NONE', *, *, #781, .F. ) ;
#6412 = CARTESIAN_POINT ( 'NONE',  ( -0.2500000000000002220, -3.399999999999999911, 0.2500000000000002220 ) ) ;
#6413 = STYLED_ITEM ( 'NONE', ( #4162 ), #10507 ) ;
#6414 = PLANE ( 'NONE',  #8309 ) ;
#6415 =( LENGTH_UNIT ( ) NAMED_UNIT ( * ) SI_UNIT ( .MILLI., .METRE. ) );
#6416 = VECTOR ( 'NONE', #6726, 1000.000000000000000 ) ;
#6417 = DIRECTION ( 'NONE',  ( 1.927470528863119542E-16, -1.000000000000000000, 0.0000000000000000000 ) ) ;
#6418 = LINE ( 'NONE', #5450, #1426 ) ;
#6419 = FILL_AREA_STYLE_COLOUR ( '', #11217 ) ;
#6420 = SURFACE_STYLE_USAGE ( .BOTH. , #2401 ) ;
#6421 = VECTOR ( 'NONE', #7745, 1000.000000000000000 ) ;
#6422 = PLANE ( 'NONE',  #4392 ) ;
#6423 = VERTEX_POINT ( 'NONE', #11094 ) ;
#6424 = DIRECTION ( 'NONE',  ( -1.000000000000000000, 0.0000000000000000000, 1.230800803163168627E-17 ) ) ;
#6425 = VECTOR ( 'NONE', #11142, 1000.000000000000000 ) ;
#6426 =( NAMED_UNIT ( * ) SI_UNIT ( $, .STERADIAN. ) SOLID_ANGLE_UNIT ( ) );
#6427 = ORIENTED_EDGE ( 'NONE', *, *, #8449, .F. ) ;
#6428 =( GEOMETRIC_REPRESENTATION_CONTEXT ( 3 ) GLOBAL_UNCERTAINTY_ASSIGNED_CONTEXT ( ( #10173 ) ) GLOBAL_UNIT_ASSIGNED_CONTEXT ( ( #5235, #7142, #3279 ) ) REPRESENTATION_CONTEXT ( 'NONE', 'WORKASPACE' ) );
#6429 = VERTEX_POINT ( 'NONE', #7099 ) ;
#6430 = EDGE_LOOP ( 'NONE', ( #5888, #9285, #7321, #4566 ) ) ;
#6431 =( GEOMETRIC_REPRESENTATION_CONTEXT ( 3 ) GLOBAL_UNCERTAINTY_ASSIGNED_CONTEXT ( ( #3906 ) ) GLOBAL_UNIT_ASSIGNED_CONTEXT ( ( #11400, #12285, #10404 ) ) REPRESENTATION_CONTEXT ( 'NONE', 'WORKASPACE' ) );
#6432 = PRESENTATION_LAYER_ASSIGNMENT (  '', '', ( #8053 ) ) ;
#6433 = CARTESIAN_POINT ( 'NONE',  ( 9.166666666666664298, -4.383333333333333748, -0.8333333333333317050 ) ) ;
#6434 = AXIS2_PLACEMENT_3D ( 'NONE', #8856, #4147, #1198 ) ;
#6435 = PRESENTATION_LAYER_ASSIGNMENT (  '', '', ( #11092 ) ) ;
#6436 = CARTESIAN_POINT ( 'NONE',  ( 6.149999999999999467, -3.399999999999999911, -0.1500000000000003830 ) ) ;
#6437 = EDGE_LOOP ( 'NONE', ( #5348, #4847, #8603, #2209 ) ) ;
#6438 = VERTEX_POINT ( 'NONE', #3371 ) ;
#6439 = DIRECTION ( 'NONE',  ( 1.000000000000000000, -0.0000000000000000000, -0.0000000000000000000 ) ) ;
#6440 = LINE ( 'NONE', #12252, #10502 ) ;
#6441 =( GEOMETRIC_REPRESENTATION_CONTEXT ( 3 ) GLOBAL_UNCERTAINTY_ASSIGNED_CONTEXT ( ( #9135 ) ) GLOBAL_UNIT_ASSIGNED_CONTEXT ( ( #11670, #5940, #2064 ) ) REPRESENTATION_CONTEXT ( 'NONE', 'WORKASPACE' ) );
#6442 = FACE_OUTER_BOUND ( 'NONE', #1411, .T. ) ;
#6443 = LINE ( 'NONE', #2308, #9666 ) ;
#6444 = DIRECTION ( 'NONE',  ( 1.032573497605242347E-16, -1.000000000000000000, 0.0000000000000000000 ) ) ;
#6445 = PLANE ( 'NONE',  #7181 ) ;
#6446 = ORIENTED_EDGE ( 'NONE', *, *, #1778, .F. ) ;
#6447 = ORIENTED_EDGE ( 'NONE', *, *, #8558, .T. ) ;
#6448 = CARTESIAN_POINT ( 'NONE',  ( 1.149999999999999911, 6.000000000000000000, 1.700000000000000178 ) ) ;
#6449 = SURFACE_STYLE_USAGE ( .BOTH. , #2700 ) ;
#6450 = EDGE_CURVE ( 'NONE', #2679, #7944, #8167, .T. ) ;
#6451 = SURFACE_SIDE_STYLE ('',( #8478 ) ) ;
#6452 = DIRECTION ( 'NONE',  ( -9.103382349328301547E-49, -2.350988701644575016E-32, -1.000000000000000000 ) ) ;
#6453 = UNCERTAINTY_MEASURE_WITH_UNIT (LENGTH_MEASURE( 1.000000000000000082E-05 ), #357, 'distance_accuracy_value', 'NONE');
#6454 = VERTEX_POINT ( 'NONE', #11908 ) ;
#6455 = VERTEX_POINT ( 'NONE', #5304 ) ;
#6456 = DIRECTION ( 'NONE',  ( -0.0000000000000000000, -0.0000000000000000000, 1.000000000000000000 ) ) ;
#6457 = FACE_OUTER_BOUND ( 'NONE', #942, .T. ) ;
#6458 = PLANE ( 'NONE',  #3278 ) ;
#6459 = ORIENTED_EDGE ( 'NONE', *, *, #9750, .F. ) ;
#6460 = CARTESIAN_POINT ( 'NONE',  ( 1.150000000000000355, 1.799999999999999600, 1.700000000000000178 ) ) ;
#6461 = VECTOR ( 'NONE', #11015, 1000.000000000000000 ) ;
#6462 = PRESENTATION_STYLE_ASSIGNMENT (( #778 ) ) ;
#6463 = ORIENTED_EDGE ( 'NONE', *, *, #8103, .T. ) ;
#6464 = CARTESIAN_POINT ( 'NONE',  ( 16.14999999999998792, 4.450000000000004619, -1.149999999999998135 ) ) ;
#6465 = EDGE_CURVE ( 'NONE', #2754, #10144, #6759, .T. ) ;
#6466 = SURFACE_STYLE_FILL_AREA ( #11027 ) ;
#6467 = DIRECTION ( 'NONE',  ( 0.0000000000000000000, 0.0000000000000000000, 1.000000000000000000 ) ) ;
#6468 = EDGE_CURVE ( 'NONE', #7238, #6562, #6065, .T. ) ;
#6469 = DIRECTION ( 'NONE',  ( -0.0000000000000000000, -0.0000000000000000000, -1.000000000000000000 ) ) ;
#6470 = ORIENTED_EDGE ( 'NONE', *, *, #12031, .F. ) ;
#6471 = VECTOR ( 'NONE', #485, 1000.000000000000000 ) ;
#6472 =( GEOMETRIC_REPRESENTATION_CONTEXT ( 3 ) GLOBAL_UNCERTAINTY_ASSIGNED_CONTEXT ( ( #10929 ) ) GLOBAL_UNIT_ASSIGNED_CONTEXT ( ( #3860, #5023, #2015 ) ) REPRESENTATION_CONTEXT ( 'NONE', 'WORKASPACE' ) );
#6473 = CARTESIAN_POINT ( 'NONE',  ( 2.250000000000000000, -3.399999999999999911, 0.2500000000000002220 ) ) ;
#6474 = UNCERTAINTY_MEASURE_WITH_UNIT (LENGTH_MEASURE( 1.000000000000000082E-05 ), #4555, 'distance_accuracy_value', 'NONE');
#6475 = LINE ( 'NONE', #10549, #10432 ) ;
#6476 = LINE ( 'NONE', #8695, #8712 ) ;
#6477 = PLANE ( 'NONE',  #11282 ) ;
#6478 = ORIENTED_EDGE ( 'NONE', *, *, #7733, .T. ) ;
#6479 = VECTOR ( 'NONE', #1093, 1000.000000000000000 ) ;
#6480 = EDGE_CURVE ( 'NONE', #9546, #1308, #9177, .T. ) ;
#6481 =( LENGTH_UNIT ( ) NAMED_UNIT ( * ) SI_UNIT ( .MILLI., .METRE. ) );
#6482 = ORIENTED_EDGE ( 'NONE', *, *, #7550, .F. ) ;
#6483 = UNCERTAINTY_MEASURE_WITH_UNIT (LENGTH_MEASURE( 1.000000000000000082E-05 ), #758, 'distance_accuracy_value', 'NONE');
#6484 = AXIS2_PLACEMENT_3D ( 'NONE', #8806, #6010, #7872 ) ;
#6485 = PRESENTATION_STYLE_ASSIGNMENT (( #7523 ) ) ;
#6486 = VERTEX_POINT ( 'NONE', #7233 ) ;
#6487 = FILL_AREA_STYLE ('',( #8269 ) ) ;
#6488 = ORIENTED_EDGE ( 'NONE', *, *, #7922, .T. ) ;
#6489 = COLOUR_RGB ( '',1.000000000000000000, 0.8117647058823529438, 0.5019607843137254832 ) ;
#6490 = FACE_OUTER_BOUND ( 'NONE', #11813, .T. ) ;
#6491 = ORIENTED_EDGE ( 'NONE', *, *, #4346, .F. ) ;
#6492 = ADVANCED_FACE ( 'NONE', ( #5372 ), #274, .F. ) ;
#6493 = CARTESIAN_POINT ( 'NONE',  ( 16.15000000000000213, 5.100000000000001421, -0.1500000000000003830 ) ) ;
#6494 = CARTESIAN_POINT ( 'NONE',  ( 14.14999999999999858, 5.100000000000001421, 0.1500000000000008271 ) ) ;
#6495 = DIRECTION ( 'NONE',  ( 0.5773502691896239547, -0.5773502691896289507, -0.5773502691896243988 ) ) ;
#6496 = ORIENTED_EDGE ( 'NONE', *, *, #12137, .T. ) ;
#6497 = FILL_AREA_STYLE ('',( #2614 ) ) ;
#6498 =( NAMED_UNIT ( * ) PLANE_ANGLE_UNIT ( ) SI_UNIT ( $, .RADIAN. ) );
#6499 = ORIENTED_EDGE ( 'NONE', *, *, #6045, .T. ) ;
#6500 = ORIENTED_EDGE ( 'NONE', *, *, #11104, .F. ) ;
#6501 = CARTESIAN_POINT ( 'NONE',  ( 17.17999999999999616, 4.230000000000002203, 1.249999999999997558 ) ) ;
#6502 = ADVANCED_FACE ( 'NONE', ( #10954 ), #5182, .T. ) ;
#6503 = LINE ( 'NONE', #835, #5963 ) ;
#6504 = DIRECTION ( 'NONE',  ( -1.000000000000000000, 5.421010862427522170E-17, 0.0000000000000000000 ) ) ;
#6505 = DIRECTION ( 'NONE',  ( 0.0000000000000000000, -1.000000000000000000, 0.0000000000000000000 ) ) ;
#6506 = PRESENTATION_STYLE_ASSIGNMENT (( #12282 ) ) ;
#6507 = ADVANCED_FACE ( 'NONE', ( #12211 ), #5956, .T. ) ;
#6508 = VECTOR ( 'NONE', #12584, 1000.000000000000000 ) ;
#6509 =( NAMED_UNIT ( * ) PLANE_ANGLE_UNIT ( ) SI_UNIT ( $, .RADIAN. ) );
#6510 = DIRECTION ( 'NONE',  ( -0.0000000000000000000, -0.0000000000000000000, 1.000000000000000000 ) ) ;
#6511 = FILL_AREA_STYLE ('',( #5493 ) ) ;
#6512 = EDGE_LOOP ( 'NONE', ( #4608, #9398, #6463, #1846 ) ) ;
#6513 = ORIENTED_EDGE ( 'NONE', *, *, #4224, .F. ) ;
#6514 = FILL_AREA_STYLE_COLOUR ( '', #5539 ) ;
#6515 = SURFACE_STYLE_USAGE ( .BOTH. , #660 ) ;
#6516 = UNCERTAINTY_MEASURE_WITH_UNIT (LENGTH_MEASURE( 1.000000000000000082E-05 ), #4956, 'distance_accuracy_value', 'NONE');
#6517 = CARTESIAN_POINT ( 'NONE',  ( -1.949999999999999956, 6.000000000000000000, -2.800000000000000266 ) ) ;
#6518 = DIRECTION ( 'NONE',  ( 0.0000000000000000000, 0.0000000000000000000, -1.000000000000000000 ) ) ;
#6519 = ORIENTED_EDGE ( 'NONE', *, *, #9485, .T. ) ;
#6520 = VECTOR ( 'NONE', #11321, 1000.000000000000000 ) ;
#6521 = SURFACE_SIDE_STYLE ('',( #5445 ) ) ;
#6522 = SURFACE_STYLE_FILL_AREA ( #9132 ) ;
#6523 = SURFACE_STYLE_FILL_AREA ( #7507 ) ;
#6524 = PRESENTATION_STYLE_ASSIGNMENT (( #4633 ) ) ;
#6525 = EDGE_CURVE ( 'NONE', #4874, #7360, #7998, .T. ) ;
#6526 = CARTESIAN_POINT ( 'NONE',  ( 17.94999999999999574, 6.000000000000000000, -0.6799999999999982725 ) ) ;
#6527 = EDGE_CURVE ( 'NONE', #3988, #5061, #5065, .T. ) ;
#6528 = ORIENTED_EDGE ( 'NONE', *, *, #6114, .F. ) ;
#6529 = EDGE_CURVE ( 'NONE', #2218, #2036, #6993, .T. ) ;
#6530 = SURFACE_SIDE_STYLE ('',( #1700 ) ) ;
#6531 = ORIENTED_EDGE ( 'NONE', *, *, #7660, .F. ) ;
#6532 = CARTESIAN_POINT ( 'NONE',  ( 5.250000000000000888, 3.399999999999999467, -2.300000000000003375 ) ) ;
#6533 = DIRECTION ( 'NONE',  ( 0.0000000000000000000, -0.0000000000000000000, 1.000000000000000000 ) ) ;
#6534 = EDGE_LOOP ( 'NONE', ( #9621, #9353, #6015, #2773 ) ) ;
#6535 = ORIENTED_EDGE ( 'NONE', *, *, #2354, .T. ) ;
#6536 = ORIENTED_EDGE ( 'NONE', *, *, #6908, .T. ) ;
#6537 = ORIENTED_EDGE ( 'NONE', *, *, #3509, .T. ) ;
#6538 = DIRECTION ( 'NONE',  ( -3.833233541708432880E-17, -0.7071067811865471286, 0.7071067811865479058 ) ) ;
#6539 =( NAMED_UNIT ( * ) SI_UNIT ( $, .STERADIAN. ) SOLID_ANGLE_UNIT ( ) );
#6540 = PRESENTATION_STYLE_ASSIGNMENT (( #2601 ) ) ;
#6541 = ORIENTED_EDGE ( 'NONE', *, *, #8329, .F. ) ;
#6542 = VECTOR ( 'NONE', #9963, 1000.000000000000114 ) ;
#6543 = PRESENTATION_LAYER_ASSIGNMENT (  '', '', ( #1812 ) ) ;
#6544 = ADVANCED_FACE ( 'NONE', ( #11685, #3118 ), #8940, .F. ) ;
#6545 = CARTESIAN_POINT ( 'NONE',  ( 2.699999999999998845, 0.1999999999999999833, -2.800000000000000266 ) ) ;
#6546 = PRESENTATION_LAYER_ASSIGNMENT (  '', '', ( #11999 ) ) ;
#6547 = ORIENTED_EDGE ( 'NONE', *, *, #7922, .F. ) ;
#6548 = SURFACE_STYLE_FILL_AREA ( #9215 ) ;
#6549 = CARTESIAN_POINT ( 'NONE',  ( 7.249999999999999112, 3.149999999999999023, -2.050000000000001599 ) ) ;
#6550 = SURFACE_STYLE_USAGE ( .BOTH. , #9346 ) ;
#6551 = CARTESIAN_POINT ( 'NONE',  ( 4.750000000000000888, 3.399999999999999467, -2.050000000000001599 ) ) ;
#6552 = ORIENTED_EDGE ( 'NONE', *, *, #4261, .F. ) ;
#6553 =( GEOMETRIC_REPRESENTATION_CONTEXT ( 3 ) GLOBAL_UNCERTAINTY_ASSIGNED_CONTEXT ( ( #6988 ) ) GLOBAL_UNIT_ASSIGNED_CONTEXT ( ( #773, #5813, #1871 ) ) REPRESENTATION_CONTEXT ( 'NONE', 'WORKASPACE' ) );
#6554 = CARTESIAN_POINT ( 'NONE',  ( -1.949999999999999956, 1.800000000000000044, -0.2499999999999997780 ) ) ;
#6555 =( GEOMETRIC_REPRESENTATION_CONTEXT ( 3 ) GLOBAL_UNCERTAINTY_ASSIGNED_CONTEXT ( ( #3192 ) ) GLOBAL_UNIT_ASSIGNED_CONTEXT ( ( #8134, #2012, #10786 ) ) REPRESENTATION_CONTEXT ( 'NONE', 'WORKASPACE' ) );
#6556 = COLOUR_RGB ( '',1.000000000000000000, 0.8117647058823529438, 0.5019607843137254832 ) ;
#6557 =( NAMED_UNIT ( * ) PLANE_ANGLE_UNIT ( ) SI_UNIT ( $, .RADIAN. ) );
#6558 =( NAMED_UNIT ( * ) PLANE_ANGLE_UNIT ( ) SI_UNIT ( $, .RADIAN. ) );
#6559 = PLANE ( 'NONE',  #10385 ) ;
#6560 = SURFACE_SIDE_STYLE ('',( #6635 ) ) ;
#6561 = CARTESIAN_POINT ( 'NONE',  ( 16.21999999999999531, 4.230000000000002203, 1.599999999999999867 ) ) ;
#6562 = VERTEX_POINT ( 'NONE', #4053 ) ;
#6563 = SURFACE_STYLE_FILL_AREA ( #6497 ) ;
#6564 = VECTOR ( 'NONE', #5882, 1000.000000000000000 ) ;
#6565 = EDGE_CURVE ( 'NONE', #4232, #8740, #7753, .T. ) ;
#6566 =( NAMED_UNIT ( * ) SI_UNIT ( $, .STERADIAN. ) SOLID_ANGLE_UNIT ( ) );
#6567 = ORIENTED_EDGE ( 'NONE', *, *, #10167, .T. ) ;
#6568 = LINE ( 'NONE', #6643, #5923 ) ;
#6569 = FILL_AREA_STYLE ('',( #2622 ) ) ;
#6570 = DIRECTION ( 'NONE',  ( 1.000000000000000000, -5.421010862427522170E-17, 0.0000000000000000000 ) ) ;
#6571 = PRESENTATION_LAYER_ASSIGNMENT (  '', '', ( #3486 ) ) ;
#6572 = CARTESIAN_POINT ( 'NONE',  ( 1.750000000000000666, 5.000000000000000888, 0.2500000000000002220 ) ) ;
#6573 = CARTESIAN_POINT ( 'NONE',  ( 8.125500000000046796, -3.825500000000000789, 0.3199999999999999512 ) ) ;
#6574 = FACE_OUTER_BOUND ( 'NONE', #7371, .T. ) ;
#6575 = MECHANICAL_DESIGN_GEOMETRIC_PRESENTATION_REPRESENTATION (  '', ( #4337 ), #9691 ) ;
#6576 = VECTOR ( 'NONE', #10284, 1000.000000000000000 ) ;
#6577 = UNCERTAINTY_MEASURE_WITH_UNIT (LENGTH_MEASURE( 1.000000000000000082E-05 ), #9511, 'distance_accuracy_value', 'NONE');
#6578 = SURFACE_STYLE_FILL_AREA ( #8483 ) ;
#6579 = DIRECTION ( 'NONE',  ( 0.7071067811865475727, -0.7071067811865475727, 1.662400053425836136E-32 ) ) ;
#6580 = FILL_AREA_STYLE ('',( #3367 ) ) ;
#6581 = ORIENTED_EDGE ( 'NONE', *, *, #10795, .T. ) ;
#6582 = COLOUR_RGB ( '',1.000000000000000000, 1.000000000000000000, 1.000000000000000000 ) ;
#6583 = EDGE_CURVE ( 'NONE', #10149, #2147, #4881, .T. ) ;
#6584 = PLANE ( 'NONE',  #11875 ) ;
#6585 = FACE_OUTER_BOUND ( 'NONE', #6235, .T. ) ;
#6586 = DIRECTION ( 'NONE',  ( -1.000000000000000000, 3.872150616019661422E-17, 0.0000000000000000000 ) ) ;
#6587 = ORIENTED_EDGE ( 'NONE', *, *, #3483, .T. ) ;
#6588 = CARTESIAN_POINT ( 'NONE',  ( 8.699999999999999289, 0.0000000000000000000, 1.700000000000000178 ) ) ;
#6589 = CARTESIAN_POINT ( 'NONE',  ( 14.75000000000000000, 1.149999999999999911, -2.050000000000001599 ) ) ;
#6590 = COLOUR_RGB ( '',1.000000000000000000, 1.000000000000000000, 1.000000000000000000 ) ;
#6591 = CARTESIAN_POINT ( 'NONE',  ( 10.69999999999999929, 0.0000000000000000000, -2.800000000000000266 ) ) ;
#6592 = AXIS2_PLACEMENT_3D ( 'NONE', #11800, #7000, #10854 ) ;
#6593 = DIRECTION ( 'NONE',  ( 0.5773502691896288397, 0.5773502691896263972, -0.5773502691896219563 ) ) ;
#6594 = PRESENTATION_LAYER_ASSIGNMENT (  '', '', ( #7808 ) ) ;
#6595 =( GEOMETRIC_REPRESENTATION_CONTEXT ( 3 ) GLOBAL_UNCERTAINTY_ASSIGNED_CONTEXT ( ( #846 ) ) GLOBAL_UNIT_ASSIGNED_CONTEXT ( ( #11302, #7432, #2461 ) ) REPRESENTATION_CONTEXT ( 'NONE', 'WORKASPACE' ) );
#6596 = VERTEX_POINT ( 'NONE', #7935 ) ;
#6597 = AXIS2_PLACEMENT_3D ( 'NONE', #6818, #5853, #9696 ) ;
#6598 = MECHANICAL_DESIGN_GEOMETRIC_PRESENTATION_REPRESENTATION (  '', ( #2291 ), #9886 ) ;
#6599 =( NAMED_UNIT ( * ) PLANE_ANGLE_UNIT ( ) SI_UNIT ( $, .RADIAN. ) );
#6600 = DIRECTION ( 'NONE',  ( -0.0000000000000000000, -0.0000000000000000000, 1.000000000000000000 ) ) ;
#6601 = LINE ( 'NONE', #3711, #2644 ) ;
#6602 = MECHANICAL_DESIGN_GEOMETRIC_PRESENTATION_REPRESENTATION (  '', ( #7005 ), #3084 ) ;
#6603 = PRESENTATION_LAYER_ASSIGNMENT (  '', '', ( #12053 ) ) ;
#6604 = ORIENTED_EDGE ( 'NONE', *, *, #5516, .T. ) ;
#6605 = DIRECTION ( 'NONE',  ( 0.0000000000000000000, 0.0000000000000000000, -1.000000000000000000 ) ) ;
#6606 = VECTOR ( 'NONE', #2379, 1000.000000000000000 ) ;
#6607 = DIRECTION ( 'NONE',  ( -1.000000000000000000, 0.0000000000000000000, -0.0000000000000000000 ) ) ;
#6608 = EDGE_LOOP ( 'NONE', ( #11222, #676, #1235, #9582 ) ) ;
#6609 = SURFACE_SIDE_STYLE ('',( #11493 ) ) ;
#6610 = PRESENTATION_LAYER_ASSIGNMENT (  '', '', ( #9859 ) ) ;
#6611 = CARTESIAN_POINT ( 'NONE',  ( 14.75000000000000000, 3.399999999999999467, -2.050000000000001599 ) ) ;
#6612 = ORIENTED_EDGE ( 'NONE', *, *, #3048, .F. ) ;
#6613 = ORIENTED_EDGE ( 'NONE', *, *, #7167, .T. ) ;
#6614 = EDGE_CURVE ( 'NONE', #9737, #3598, #10731, .T. ) ;
#6615 = ORIENTED_EDGE ( 'NONE', *, *, #6480, .F. ) ;
#6616 = COLOUR_RGB ( '',1.000000000000000000, 0.8117647058823529438, 0.5019607843137254832 ) ;
#6617 = FACE_OUTER_BOUND ( 'NONE', #3080, .T. ) ;
#6618 = VECTOR ( 'NONE', #6376, 1000.000000000000000 ) ;
#6619 = VECTOR ( 'NONE', #9056, 1000.000000000000114 ) ;
#6620 = VECTOR ( 'NONE', #9521, 1000.000000000000000 ) ;
#6621 = FACE_OUTER_BOUND ( 'NONE', #9815, .T. ) ;
#6622 = ORIENTED_EDGE ( 'NONE', *, *, #876, .F. ) ;
#6623 =( GEOMETRIC_REPRESENTATION_CONTEXT ( 3 ) GLOBAL_UNCERTAINTY_ASSIGNED_CONTEXT ( ( #5319 ) ) GLOBAL_UNIT_ASSIGNED_CONTEXT ( ( #5478, #1579, #8536 ) ) REPRESENTATION_CONTEXT ( 'NONE', 'WORKASPACE' ) );
#6624 =( NAMED_UNIT ( * ) SI_UNIT ( $, .STERADIAN. ) SOLID_ANGLE_UNIT ( ) );
#6625 = VERTEX_POINT ( 'NONE', #12338 ) ;
#6626 = CARTESIAN_POINT ( 'NONE',  ( 9.750000000000000000, -3.399999999999999911, -0.2499999999999997780 ) ) ;
#6627 =( LENGTH_UNIT ( ) NAMED_UNIT ( * ) SI_UNIT ( .MILLI., .METRE. ) );
#6628 = ORIENTED_EDGE ( 'NONE', *, *, #6048, .F. ) ;
#6629 =( NAMED_UNIT ( * ) SI_UNIT ( $, .STERADIAN. ) SOLID_ANGLE_UNIT ( ) );
#6630 = EDGE_CURVE ( 'NONE', #1499, #1840, #3613, .T. ) ;
#6631 = MECHANICAL_DESIGN_GEOMETRIC_PRESENTATION_REPRESENTATION (  '', ( #6208 ), #4784 ) ;
#6632 = EDGE_CURVE ( 'NONE', #10241, #11202, #11409, .T. ) ;
#6633 = COLOUR_RGB ( '',1.000000000000000000, 0.8117647058823529438, 0.5019607843137254832 ) ;
#6634 = FILL_AREA_STYLE_COLOUR ( '', #8328 ) ;
#6635 = SURFACE_STYLE_FILL_AREA ( #3750 ) ;
#6636 = FACE_OUTER_BOUND ( 'NONE', #9608, .T. ) ;
#6637 = LINE ( 'NONE', #4409, #655 ) ;
#6638 = UNCERTAINTY_MEASURE_WITH_UNIT (LENGTH_MEASURE( 1.000000000000000082E-05 ), #10798, 'distance_accuracy_value', 'NONE');
#6639 = AXIS2_PLACEMENT_3D ( 'NONE', #4621, #6719, #3830 ) ;
#6640 = PRESENTATION_LAYER_ASSIGNMENT (  '', '', ( #5817 ) ) ;
#6641 = FILL_AREA_STYLE_COLOUR ( '', #4737 ) ;
#6642 = EDGE_LOOP ( 'NONE', ( #7347, #8538, #804, #5814 ) ) ;
#6643 = CARTESIAN_POINT ( 'NONE',  ( 8.050000000000000711, 5.100000000000001421, 0.1500000000000008271 ) ) ;
#6644 = CARTESIAN_POINT ( 'NONE',  ( 6.249999999999998224, -3.399999999999999911, 0.2500000000000002220 ) ) ;
#6645 =( GEOMETRIC_REPRESENTATION_CONTEXT ( 3 ) GLOBAL_UNCERTAINTY_ASSIGNED_CONTEXT ( ( #4304 ) ) GLOBAL_UNIT_ASSIGNED_CONTEXT ( ( #10472, #8421, #8491 ) ) REPRESENTATION_CONTEXT ( 'NONE', 'WORKASPACE' ) );
#6646 = CARTESIAN_POINT ( 'NONE',  ( 2.250000000000000000, 1.800000000000000044, 0.2500000000000002220 ) ) ;
#6647 =( LENGTH_UNIT ( ) NAMED_UNIT ( * ) SI_UNIT ( .MILLI., .METRE. ) );
#6648 = EDGE_CURVE ( 'NONE', #4572, #9444, #6568, .T. ) ;
#6649 = DIRECTION ( 'NONE',  ( -3.833233541708432880E-17, -0.7071067811865471286, -0.7071067811865479058 ) ) ;
#6650 = ORIENTED_EDGE ( 'NONE', *, *, #948, .F. ) ;
#6651 = ORIENTED_EDGE ( 'NONE', *, *, #3156, .T. ) ;
#6652 = DIRECTION ( 'NONE',  ( -1.000000000000000000, 3.872150616019661422E-17, -0.0000000000000000000 ) ) ;
#6653 = CARTESIAN_POINT ( 'NONE',  ( 5.750000000000001776, 5.000000000000000888, 0.2500000000000002220 ) ) ;
#6654 = CARTESIAN_POINT ( 'NONE',  ( 0.2500000000000002220, 5.000000000000000888, 0.2500000000000002220 ) ) ;
#6655 = FILL_AREA_STYLE ('',( #511 ) ) ;
#6656 = UNCERTAINTY_MEASURE_WITH_UNIT (LENGTH_MEASURE( 1.000000000000000082E-05 ), #9801, 'distance_accuracy_value', 'NONE');
#6657 = ORIENTED_EDGE ( 'NONE', *, *, #3483, .F. ) ;
#6658 = FACE_OUTER_BOUND ( 'NONE', #3000, .T. ) ;
#6659 = ORIENTED_EDGE ( 'NONE', *, *, #6333, .T. ) ;
#6660 = DIRECTION ( 'NONE',  ( 1.000000000000000000, 0.0000000000000000000, 0.0000000000000000000 ) ) ;
#6661 = DIRECTION ( 'NONE',  ( 0.0000000000000000000, 0.0000000000000000000, -1.000000000000000000 ) ) ;
#6662 = ORIENTED_EDGE ( 'NONE', *, *, #12010, .T. ) ;
#6663 = LINE ( 'NONE', #9649, #9032 ) ;
#6664 = FILL_AREA_STYLE ('',( #5565 ) ) ;
#6665 = VERTEX_POINT ( 'NONE', #1583 ) ;
#6666 =( NAMED_UNIT ( * ) SI_UNIT ( $, .STERADIAN. ) SOLID_ANGLE_UNIT ( ) );
#6667 = DIRECTION ( 'NONE',  ( 1.000000000000000000, 0.0000000000000000000, 0.0000000000000000000 ) ) ;
#6668 = PLANE ( 'NONE',  #7045 ) ;
#6669 = CARTESIAN_POINT ( 'NONE',  ( 10.14999999999999858, -3.399999999999999911, -0.1500000000000003830 ) ) ;
#6670 = EDGE_LOOP ( 'NONE', ( #1772, #8693, #1544, #237 ) ) ;
#6671 = FACE_OUTER_BOUND ( 'NONE', #7554, .T. ) ;
#6672 = CARTESIAN_POINT ( 'NONE',  ( 16.25000000000000000, 5.000000000000000888, 0.2500000000000002220 ) ) ;
#6673 = PRESENTATION_STYLE_ASSIGNMENT (( #3365 ) ) ;
#6674 = ORIENTED_EDGE ( 'NONE', *, *, #1237, .T. ) ;
#6675 = AXIS2_PLACEMENT_3D ( 'NONE', #9101, #12123, #10069 ) ;
#6676 = VERTEX_POINT ( 'NONE', #7666 ) ;
#6677 = PRESENTATION_STYLE_ASSIGNMENT (( #7638 ) ) ;
#6678 = PRESENTATION_STYLE_ASSIGNMENT (( #3653 ) ) ;
#6679 = SURFACE_STYLE_FILL_AREA ( #8653 ) ;
#6680 =( GEOMETRIC_REPRESENTATION_CONTEXT ( 3 ) GLOBAL_UNCERTAINTY_ASSIGNED_CONTEXT ( ( #1604 ) ) GLOBAL_UNIT_ASSIGNED_CONTEXT ( ( #3845, #6866, #969 ) ) REPRESENTATION_CONTEXT ( 'NONE', 'WORKASPACE' ) );
#6681 = STYLED_ITEM ( 'NONE', ( #12306 ), #2389 ) ;
#6682 = EDGE_CURVE ( 'NONE', #5733, #11885, #8540, .T. ) ;
#6683 = CARTESIAN_POINT ( 'NONE',  ( 16.21999999999999531, 4.230000000000001315, -2.801000000000000600 ) ) ;
#6684 = ORIENTED_EDGE ( 'NONE', *, *, #7070, .F. ) ;
#6685 = ORIENTED_EDGE ( 'NONE', *, *, #4468, .F. ) ;
#6686 = VERTEX_POINT ( 'NONE', #2621 ) ;
#6687 =( NAMED_UNIT ( * ) PLANE_ANGLE_UNIT ( ) SI_UNIT ( $, .RADIAN. ) );
#6688 = SURFACE_STYLE_FILL_AREA ( #4596 ) ;
#6689 = PLANE ( 'NONE',  #3732 ) ;
#6690 =( GEOMETRIC_REPRESENTATION_CONTEXT ( 3 ) GLOBAL_UNCERTAINTY_ASSIGNED_CONTEXT ( ( #10068 ) ) GLOBAL_UNIT_ASSIGNED_CONTEXT ( ( #11290, #5490, #9371 ) ) REPRESENTATION_CONTEXT ( 'NONE', 'WORKASPACE' ) );
#6691 = ORIENTED_EDGE ( 'NONE', *, *, #3780, .F. ) ;
#6692 = LINE ( 'NONE', #2813, #1643 ) ;
#6693 = SURFACE_STYLE_USAGE ( .BOTH. , #3668 ) ;
#6694 = SURFACE_STYLE_USAGE ( .BOTH. , #10519 ) ;
#6695 = VERTEX_POINT ( 'NONE', #10456 ) ;
#6696 = FACE_OUTER_BOUND ( 'NONE', #6812, .T. ) ;
#6697 = ADVANCED_FACE ( 'NONE', ( #1525 ), #6702, .F. ) ;
#6698 = EDGE_CURVE ( 'NONE', #2877, #8025, #501, .T. ) ;
#6699 = VECTOR ( 'NONE', #6174, 1000.000000000000000 ) ;
#6700 = VERTEX_POINT ( 'NONE', #7411 ) ;
#6701 = ORIENTED_EDGE ( 'NONE', *, *, #9324, .T. ) ;
#6702 = PLANE ( 'NONE',  #12205 ) ;
#6703 = CARTESIAN_POINT ( 'NONE',  ( 0.0000000000000000000, -3.399999999999999911, -0.05000000000000012768 ) ) ;
#6704 = CARTESIAN_POINT ( 'NONE',  ( -1.350000000000000089, 6.000000000000000000, 1.599999999999997202 ) ) ;
#6705 = SURFACE_STYLE_FILL_AREA ( #7722 ) ;
#6706 = ORIENTED_EDGE ( 'NONE', *, *, #2355, .T. ) ;
#6707 = UNCERTAINTY_MEASURE_WITH_UNIT (LENGTH_MEASURE( 1.000000000000000082E-05 ), #3622, 'distance_accuracy_value', 'NONE');
#6708 = CARTESIAN_POINT ( 'NONE',  ( 12.25000000000000000, -3.300000000000000266, 0.2500000000000002220 ) ) ;
#6709 = FILL_AREA_STYLE ('',( #8734 ) ) ;
#6710 = FACE_OUTER_BOUND ( 'NONE', #5967, .T. ) ;
#6711 = VERTEX_POINT ( 'NONE', #9562 ) ;
#6712 = DIRECTION ( 'NONE',  ( 0.5773502691896291728, 0.5773502691896262862, 0.5773502691896218453 ) ) ;
#6713 = EDGE_CURVE ( 'NONE', #4479, #2038, #12196, .T. ) ;
#6714 = PRESENTATION_STYLE_ASSIGNMENT (( #1681 ) ) ;
#6715 = MECHANICAL_DESIGN_GEOMETRIC_PRESENTATION_REPRESENTATION (  '', ( #2159 ), #10953 ) ;
#6716 = PRESENTATION_STYLE_ASSIGNMENT (( #1980 ) ) ;
#6717 = EDGE_CURVE ( 'NONE', #7479, #8740, #11273, .T. ) ;
#6718 = VERTEX_POINT ( 'NONE', #6501 ) ;
#6719 = DIRECTION ( 'NONE',  ( 1.000000000000000000, -3.872150616019660190E-17, -4.336808689942017736E-16 ) ) ;
#6720 = CARTESIAN_POINT ( 'NONE',  ( 4.250000000000000000, 0.2000000000000000111, -2.800000000000000266 ) ) ;
#6721 = VECTOR ( 'NONE', #8314, 1000.000000000000000 ) ;
#6722 = CARTESIAN_POINT ( 'NONE',  ( 4.049999999999999822, 5.100000000000001421, 0.1500000000000008271 ) ) ;
#6723 = DIRECTION ( 'NONE',  ( -1.000000000000000000, 0.0000000000000000000, -0.0000000000000000000 ) ) ;
#6724 = ORIENTED_EDGE ( 'NONE', *, *, #6129, .T. ) ;
#6725 = VERTEX_POINT ( 'NONE', #6448 ) ;
#6726 = DIRECTION ( 'NONE',  ( -1.000000000000000000, 0.0000000000000000000, 0.0000000000000000000 ) ) ;
#6727 = PRESENTATION_LAYER_ASSIGNMENT (  '', '', ( #12170 ) ) ;
#6728 = FACE_OUTER_BOUND ( 'NONE', #3784, .T. ) ;
#6729 = FACE_OUTER_BOUND ( 'NONE', #3004, .T. ) ;
#6730 = PLANE ( 'NONE',  #5661 ) ;
#6731 = DIRECTION ( 'NONE',  ( 1.000000000000000000, 0.0000000000000000000, 0.0000000000000000000 ) ) ;
#6732 = EDGE_CURVE ( 'NONE', #4204, #5582, #10395, .T. ) ;
#6733 = EDGE_CURVE ( 'NONE', #11885, #11317, #563, .T. ) ;
#6734 = EDGE_CURVE ( 'NONE', #2604, #3389, #8410, .T. ) ;
#6735 = ORIENTED_EDGE ( 'NONE', *, *, #10129, .T. ) ;
#6736 = PRESENTATION_LAYER_ASSIGNMENT (  '', '', ( #546 ) ) ;
#6737 = CARTESIAN_POINT ( 'NONE',  ( 17.94999999999999574, 0.0000000000000000000, -2.800000000000000711 ) ) ;
#6738 = FACE_OUTER_BOUND ( 'NONE', #11622, .T. ) ;
#6739 =( NAMED_UNIT ( * ) PLANE_ANGLE_UNIT ( ) SI_UNIT ( $, .RADIAN. ) );
#6740 = ORIENTED_EDGE ( 'NONE', *, *, #862, .T. ) ;
#6741 = VERTEX_POINT ( 'NONE', #3679 ) ;
#6742 = DIRECTION ( 'NONE',  ( -1.000000000000000000, 5.421010862427522170E-17, 0.0000000000000000000 ) ) ;
#6743 = DIRECTION ( 'NONE',  ( 1.000000000000000000, -5.421010862427522170E-17, 0.0000000000000000000 ) ) ;
#6744 = EDGE_CURVE ( 'NONE', #9737, #5653, #8078, .T. ) ;
#6745 = ORIENTED_EDGE ( 'NONE', *, *, #2048, .F. ) ;
#6746 =( LENGTH_UNIT ( ) NAMED_UNIT ( * ) SI_UNIT ( .MILLI., .METRE. ) );
#6747 = ORIENTED_EDGE ( 'NONE', *, *, #934, .F. ) ;
#6748 = DIRECTION ( 'NONE',  ( 0.5773502691896242878, -0.5773502691896267303, -0.5773502691896262862 ) ) ;
#6749 = CARTESIAN_POINT ( 'NONE',  ( 5.299999999999998934, 0.0000000000000000000, 1.700000000000000178 ) ) ;
#6750 = SURFACE_STYLE_USAGE ( .BOTH. , #3808 ) ;
#6751 = ORIENTED_EDGE ( 'NONE', *, *, #9569, .F. ) ;
#6752 = AXIS2_PLACEMENT_3D ( 'NONE', #4971, #2817, #7845 ) ;
#6753 = VECTOR ( 'NONE', #10000, 1000.000000000000227 ) ;
#6754 = FACE_OUTER_BOUND ( 'NONE', #12337, .T. ) ;
#6755 = DIRECTION ( 'NONE',  ( 0.0000000000000000000, 1.000000000000000000, 0.0000000000000000000 ) ) ;
#6756 = CARTESIAN_POINT ( 'NONE',  ( -1.951000000000000956, 6.000000000000000000, 0.3199999999999977862 ) ) ;
#6757 = PRESENTATION_LAYER_ASSIGNMENT (  '', '', ( #5112 ) ) ;
#6758 = VECTOR ( 'NONE', #10913, 1000.000000000000000 ) ;
#6759 = CIRCLE ( 'NONE', #10011, 0.05000000000000019013 ) ;
#6760 = STYLED_ITEM ( 'NONE', ( #7466 ), #5001 ) ;
#6761 = SURFACE_SIDE_STYLE ('',( #891 ) ) ;
#6762 = ORIENTED_EDGE ( 'NONE', *, *, #12145, .T. ) ;
#6763 = PLANE ( 'NONE',  #1110 ) ;
#6764 = CARTESIAN_POINT ( 'NONE',  ( 4.250000000000000000, -3.300000000000000266, -0.2499999999999997780 ) ) ;
#6765 =( GEOMETRIC_REPRESENTATION_CONTEXT ( 3 ) GLOBAL_UNCERTAINTY_ASSIGNED_CONTEXT ( ( #2356 ) ) GLOBAL_UNIT_ASSIGNED_CONTEXT ( ( #6968, #8793, #6849 ) ) REPRESENTATION_CONTEXT ( 'NONE', 'WORKASPACE' ) );
#6766 = CARTESIAN_POINT ( 'NONE',  ( 3.299999999999999378, 0.2000000000000000389, -2.800000000000000266 ) ) ;
#6767 = ORIENTED_EDGE ( 'NONE', *, *, #800, .F. ) ;
#6768 = EDGE_CURVE ( 'NONE', #2754, #11202, #127, .T. ) ;
#6769 = EDGE_CURVE ( 'NONE', #7308, #9786, #10974, .T. ) ;
#6770 = EDGE_CURVE ( 'NONE', #10558, #907, #5209, .T. ) ;
#6771 = MECHANICAL_DESIGN_GEOMETRIC_PRESENTATION_REPRESENTATION (  '', ( #12217 ), #6778 ) ;
#6772 = AXIS2_PLACEMENT_3D ( 'NONE', #2533, #7443, #7562 ) ;
#6773 = PRESENTATION_STYLE_ASSIGNMENT (( #7858 ) ) ;
#6774 = VERTEX_POINT ( 'NONE', #11745 ) ;
#6775 = LINE ( 'NONE', #844, #7842 ) ;
#6776 = ORIENTED_EDGE ( 'NONE', *, *, #246, .T. ) ;
#6777 = UNCERTAINTY_MEASURE_WITH_UNIT (LENGTH_MEASURE( 1.000000000000000082E-05 ), #1351, 'distance_accuracy_value', 'NONE');
#6778 =( GEOMETRIC_REPRESENTATION_CONTEXT ( 3 ) GLOBAL_UNCERTAINTY_ASSIGNED_CONTEXT ( ( #4936 ) ) GLOBAL_UNIT_ASSIGNED_CONTEXT ( ( #461, #2327, #6124 ) ) REPRESENTATION_CONTEXT ( 'NONE', 'WORKASPACE' ) );
#6779 = VECTOR ( 'NONE', #10659, 1000.000000000000000 ) ;
#6780 = CARTESIAN_POINT ( 'NONE',  ( 7.750000000000000000, -3.399999999999999911, 0.2500000000000002220 ) ) ;
#6781 = VECTOR ( 'NONE', #7990, 1000.000000000000000 ) ;
#6782 = VECTOR ( 'NONE', #1091, 1000.000000000000000 ) ;
#6783 = CARTESIAN_POINT ( 'NONE',  ( 17.94999999999999574, 6.000000000000000000, 1.699999999999999289 ) ) ;
#6784 = ORIENTED_EDGE ( 'NONE', *, *, #9197, .T. ) ;
#6785 = EDGE_CURVE ( 'NONE', #11749, #9440, #5072, .T. ) ;
#6786 = ADVANCED_FACE ( 'NONE', ( #4253 ), #9983, .T. ) ;
#6787 = VERTEX_POINT ( 'NONE', #2140 ) ;
#6788 =( GEOMETRIC_REPRESENTATION_CONTEXT ( 3 ) GLOBAL_UNCERTAINTY_ASSIGNED_CONTEXT ( ( #5335 ) ) GLOBAL_UNIT_ASSIGNED_CONTEXT ( ( #1642, #12386, #5344 ) ) REPRESENTATION_CONTEXT ( 'NONE', 'WORKASPACE' ) );
#6789 = CARTESIAN_POINT ( 'NONE',  ( 16.67999999999999616, 4.230000000000002203, 1.700000000000000178 ) ) ;
#6790 = DIRECTION ( 'NONE',  ( -0.0000000000000000000, 0.0000000000000000000, 1.000000000000000000 ) ) ;
#6791 = CARTESIAN_POINT ( 'NONE',  ( 17.94999999999999574, 0.0000000000000000000, -2.800000000000000711 ) ) ;
#6792 = DIRECTION ( 'NONE',  ( 0.0000000000000000000, 1.000000000000000000, 0.0000000000000000000 ) ) ;
#6793 = VECTOR ( 'NONE', #2969, 1000.000000000000000 ) ;
#6794 = COLOUR_RGB ( '',1.000000000000000000, 0.8117647058823529438, 0.5019607843137254832 ) ;
#6795 = VERTEX_POINT ( 'NONE', #6938 ) ;
#6796 = EDGE_CURVE ( 'NONE', #3204, #2417, #4953, .T. ) ;
#6797 = ORIENTED_EDGE ( 'NONE', *, *, #8486, .T. ) ;
#6798 = MECHANICAL_DESIGN_GEOMETRIC_PRESENTATION_REPRESENTATION (  '', ( #12460 ), #2464 ) ;
#6799 = ORIENTED_EDGE ( 'NONE', *, *, #4862, .F. ) ;
#6800 = EDGE_CURVE ( 'NONE', #4204, #10811, #6029, .T. ) ;
#6801 = SURFACE_STYLE_FILL_AREA ( #3801 ) ;
#6802 =( LENGTH_UNIT ( ) NAMED_UNIT ( * ) SI_UNIT ( .MILLI., .METRE. ) );
#6803 = VERTEX_POINT ( 'NONE', #8004 ) ;
#6804 = MECHANICAL_DESIGN_GEOMETRIC_PRESENTATION_REPRESENTATION (  '', ( #3516 ), #12249 ) ;
#6805 = VECTOR ( 'NONE', #3635, 1000.000000000000000 ) ;
#6806 = DIRECTION ( 'NONE',  ( 0.0000000000000000000, -1.000000000000000000, 0.0000000000000000000 ) ) ;
#6807 = ORIENTED_EDGE ( 'NONE', *, *, #9662, .T. ) ;
#6808 = VECTOR ( 'NONE', #11179, 1000.000000000000000 ) ;
#6809 = PRESENTATION_LAYER_ASSIGNMENT (  '', '', ( #12254 ) ) ;
#6810 = SURFACE_STYLE_FILL_AREA ( #5590 ) ;
#6811 = VERTEX_POINT ( 'NONE', #9864 ) ;
#6812 = EDGE_LOOP ( 'NONE', ( #6706, #2492, #95, #11695 ) ) ;
#6813 = CARTESIAN_POINT ( 'NONE',  ( -1.949999999999999956, 0.0000000000000000000, -2.800000000000000266 ) ) ;
#6814 = FACE_OUTER_BOUND ( 'NONE', #10962, .T. ) ;
#6815 = CARTESIAN_POINT ( 'NONE',  ( -1.950000000000000178, -3.399999999999999911, -2.800000000000000266 ) ) ;
#6816 =( GEOMETRIC_REPRESENTATION_CONTEXT ( 3 ) GLOBAL_UNCERTAINTY_ASSIGNED_CONTEXT ( ( #11397 ) ) GLOBAL_UNIT_ASSIGNED_CONTEXT ( ( #286, #6077, #10843 ) ) REPRESENTATION_CONTEXT ( 'NONE', 'WORKASPACE' ) );
#6817 = VECTOR ( 'NONE', #4349, 1000.000000000000000 ) ;
#6818 = CARTESIAN_POINT ( 'NONE',  ( 11.25000000000000000, 3.399999999999999467, -2.050000000000001599 ) ) ;
#6819 = MECHANICAL_DESIGN_GEOMETRIC_PRESENTATION_REPRESENTATION (  '', ( #7224 ), #2902 ) ;
#6820 = VECTOR ( 'NONE', #3161, 1000.000000000000000 ) ;
#6821 = STYLED_ITEM ( 'NONE', ( #11899 ), #4618 ) ;
#6822 = FILL_AREA_STYLE_COLOUR ( '', #9239 ) ;
#6823 =( NAMED_UNIT ( * ) SI_UNIT ( $, .STERADIAN. ) SOLID_ANGLE_UNIT ( ) );
#6824 = DIRECTION ( 'NONE',  ( 3.872150616019660190E-17, 1.000000000000000000, -0.0000000000000000000 ) ) ;
#6825 = MECHANICAL_DESIGN_GEOMETRIC_PRESENTATION_REPRESENTATION (  '', ( #6413 ), #9878 ) ;
#6826 = CARTESIAN_POINT ( 'NONE',  ( 3.750000000000000444, -3.399999999999999911, -0.2499999999999997780 ) ) ;
#6827 = VECTOR ( 'NONE', #8054, 1000.000000000000000 ) ;
#6828 = VECTOR ( 'NONE', #4685, 1000.000000000000000 ) ;
#6829 = EDGE_CURVE ( 'NONE', #3542, #12116, #5020, .T. ) ;
#6830 = VERTEX_POINT ( 'NONE', #8895 ) ;
#6831 = SURFACE_STYLE_USAGE ( .BOTH. , #3014 ) ;
#6832 = STYLED_ITEM ( 'NONE', ( #4382 ), #4146 ) ;
#6833 = EDGE_LOOP ( 'NONE', ( #3482, #4999, #12151, #8714 ) ) ;
#6834 =( NAMED_UNIT ( * ) PLANE_ANGLE_UNIT ( ) SI_UNIT ( $, .RADIAN. ) );
#6835 = CARTESIAN_POINT ( 'NONE',  ( 3.250000000000000888, 3.399999999999999467, -2.300000000000003375 ) ) ;
#6836 = PRESENTATION_LAYER_ASSIGNMENT (  '', '', ( #2291 ) ) ;
#6837 = SURFACE_STYLE_FILL_AREA ( #10639 ) ;
#6838 =( NAMED_UNIT ( * ) PLANE_ANGLE_UNIT ( ) SI_UNIT ( $, .RADIAN. ) );
#6839 = ORIENTED_EDGE ( 'NONE', *, *, #12571, .T. ) ;
#6840 = AXIS2_PLACEMENT_3D ( 'NONE', #6113, #5097, #4223 ) ;
#6841 =( NAMED_UNIT ( * ) PLANE_ANGLE_UNIT ( ) SI_UNIT ( $, .RADIAN. ) );
#6842 = FACE_OUTER_BOUND ( 'NONE', #6214, .T. ) ;
#6843 = SURFACE_STYLE_USAGE ( .BOTH. , #2966 ) ;
#6844 = CARTESIAN_POINT ( 'NONE',  ( 11.74999999999999822, 0.2000000000000000111, -2.800000000000000266 ) ) ;
#6845 = DIRECTION ( 'NONE',  ( 3.872150616019660190E-17, 1.000000000000000000, -0.0000000000000000000 ) ) ;
#6846 = COLOUR_RGB ( '',1.000000000000000000, 1.000000000000000000, 1.000000000000000000 ) ;
#6847 = MECHANICAL_DESIGN_GEOMETRIC_PRESENTATION_REPRESENTATION (  '', ( #11092 ), #11498 ) ;
#6848 = EDGE_CURVE ( 'NONE', #10285, #4484, #4060, .T. ) ;
#6849 =( NAMED_UNIT ( * ) SI_UNIT ( $, .STERADIAN. ) SOLID_ANGLE_UNIT ( ) );
#6850 = LINE ( 'NONE', #9769, #11701 ) ;
#6851 = ORIENTED_EDGE ( 'NONE', *, *, #10948, .F. ) ;
#6852 = LINE ( 'NONE', #10892, #7608 ) ;
#6853 = DIRECTION ( 'NONE',  ( 1.000000000000000000, 0.0000000000000000000, 0.0000000000000000000 ) ) ;
#6854 =( LENGTH_UNIT ( ) NAMED_UNIT ( * ) SI_UNIT ( .MILLI., .METRE. ) );
#6855 = AXIS2_PLACEMENT_3D ( 'NONE', #1016, #4914, #8915 ) ;
#6856 = PLANE ( 'NONE',  #2656 ) ;
#6857 = CARTESIAN_POINT ( 'NONE',  ( 6.049999999999999822, 5.100000000000001421, 0.1500000000000008271 ) ) ;
#6858 = PLANE ( 'NONE',  #590 ) ;
#6859 = FILL_AREA_STYLE ('',( #1991 ) ) ;
#6860 = ADVANCED_FACE ( 'NONE', ( #6090 ), #1173, .F. ) ;
#6861 = EDGE_CURVE ( 'NONE', #6811, #353, #9274, .T. ) ;
#6862 = LINE ( 'NONE', #10722, #3133 ) ;
#6863 = ORIENTED_EDGE ( 'NONE', *, *, #3048, .T. ) ;
#6864 = UNCERTAINTY_MEASURE_WITH_UNIT (LENGTH_MEASURE( 1.000000000000000082E-05 ), #1612, 'distance_accuracy_value', 'NONE');
#6865 = FACE_OUTER_BOUND ( 'NONE', #8933, .T. ) ;
#6866 =( NAMED_UNIT ( * ) PLANE_ANGLE_UNIT ( ) SI_UNIT ( $, .RADIAN. ) );
#6867 = PRESENTATION_STYLE_ASSIGNMENT (( #5890 ) ) ;
#6868 = VERTEX_POINT ( 'NONE', #9203 ) ;
#6869 = UNCERTAINTY_MEASURE_WITH_UNIT (LENGTH_MEASURE( 1.000000000000000082E-05 ), #7536, 'distance_accuracy_value', 'NONE');
#6870 = FILL_AREA_STYLE ('',( #8465 ) ) ;
#6871 = SURFACE_SIDE_STYLE ('',( #120 ) ) ;
#6872 = SURFACE_STYLE_FILL_AREA ( #8707 ) ;
#6873 = CARTESIAN_POINT ( 'NONE',  ( 14.24999999999999822, -3.399999999999999911, -0.1500000000000003830 ) ) ;
#6874 = EDGE_CURVE ( 'NONE', #1090, #8909, #9330, .T. ) ;
#6875 = ORIENTED_EDGE ( 'NONE', *, *, #742, .T. ) ;
#6876 = EDGE_CURVE ( 'NONE', #9145, #5217, #477, .T. ) ;
#6877 = DIRECTION ( 'NONE',  ( -0.0000000000000000000, -0.0000000000000000000, -1.000000000000000000 ) ) ;
#6878 = ORIENTED_EDGE ( 'NONE', *, *, #3822, .F. ) ;
#6879 = VECTOR ( 'NONE', #7194, 1000.000000000000000 ) ;
#6880 = ORIENTED_EDGE ( 'NONE', *, *, #5689, .F. ) ;
#6881 = DIRECTION ( 'NONE',  ( 0.5773502691896239547, -0.5773502691896289507, -0.5773502691896243988 ) ) ;
#6882 = LINE ( 'NONE', #7706, #10147 ) ;
#6883 =( NAMED_UNIT ( * ) PLANE_ANGLE_UNIT ( ) SI_UNIT ( $, .RADIAN. ) );
#6884 = ORIENTED_EDGE ( 'NONE', *, *, #4840, .T. ) ;
#6885 = DIRECTION ( 'NONE',  ( 0.5773502691896259531, 0.5773502691896279515, 0.5773502691896235106 ) ) ;
#6886 = SURFACE_STYLE_USAGE ( .BOTH. , #1062 ) ;
#6887 = ORIENTED_EDGE ( 'NONE', *, *, #6221, .F. ) ;
#6888 = MECHANICAL_DESIGN_GEOMETRIC_PRESENTATION_REPRESENTATION (  '', ( #9104 ), #7503 ) ;
#6889 = LINE ( 'NONE', #886, #8833 ) ;
#6890 = FILL_AREA_STYLE_COLOUR ( '', #2263 ) ;
#6891 = CARTESIAN_POINT ( 'NONE',  ( -1.949999999999999956, 1.800000000000000044, 0.2500000000000002220 ) ) ;
#6892 = VERTEX_POINT ( 'NONE', #12233 ) ;
#6893 = LINE ( 'NONE', #1920, #1197 ) ;
#6894 = ORIENTED_EDGE ( 'NONE', *, *, #1482, .F. ) ;
#6895 = LINE ( 'NONE', #5155, #1523 ) ;
#6896 = DIRECTION ( 'NONE',  ( 0.0000000000000000000, 0.0000000000000000000, 1.000000000000000000 ) ) ;
#6897 = MECHANICAL_DESIGN_GEOMETRIC_PRESENTATION_REPRESENTATION (  '', ( #3178 ), #12126 ) ;
#6898 = SURFACE_SIDE_STYLE ('',( #12594 ) ) ;
#6899 = ADVANCED_FACE ( 'NONE', ( #2281 ), #5456, .F. ) ;
#6900 =( LENGTH_UNIT ( ) NAMED_UNIT ( * ) SI_UNIT ( .MILLI., .METRE. ) );
#6901 =( LENGTH_UNIT ( ) NAMED_UNIT ( * ) SI_UNIT ( .MILLI., .METRE. ) );
#6902 = CARTESIAN_POINT ( 'NONE',  ( 17.34999999999999076, 1.799999999999999600, 1.249999999999997558 ) ) ;
#6903 = PRESENTATION_STYLE_ASSIGNMENT (( #6843 ) ) ;
#6904 = CARTESIAN_POINT ( 'NONE',  ( 10.75000000000000000, 3.399999999999999467, -2.050000000000001599 ) ) ;
#6905 = STYLED_ITEM ( 'NONE', ( #5568 ), #385 ) ;
#6906 = VECTOR ( 'NONE', #11959, 1000.000000000000000 ) ;
#6907 = PRESENTATION_STYLE_ASSIGNMENT (( #2967 ) ) ;
#6908 = EDGE_CURVE ( 'NONE', #3598, #3330, #6287, .T. ) ;
#6909 = DIRECTION ( 'NONE',  ( 3.872150616019660190E-17, 1.000000000000000000, -0.0000000000000000000 ) ) ;
#6910 = CARTESIAN_POINT ( 'NONE',  ( 2.699999999999998845, 0.1999999999999999833, -2.800000000000000266 ) ) ;
#6911 = FACE_OUTER_BOUND ( 'NONE', #2021, .T. ) ;
#6912 = CARTESIAN_POINT ( 'NONE',  ( -1.350000000000000089, 1.149999999999999911, -2.350000000000001421 ) ) ;
#6913 = DIRECTION ( 'NONE',  ( 1.000000000000000000, 1.927470528863119542E-16, -0.0000000000000000000 ) ) ;
#6914 = CARTESIAN_POINT ( 'NONE',  ( 9.750000000000000000, 5.000000000000000888, -0.2499999999999997780 ) ) ;
#6915 =( LENGTH_UNIT ( ) NAMED_UNIT ( * ) SI_UNIT ( .MILLI., .METRE. ) );
#6916 = DIRECTION ( 'NONE',  ( 0.5773502691896253980, 0.5773502691896280625, -0.5773502691896236216 ) ) ;
#6917 = CARTESIAN_POINT ( 'NONE',  ( 6.966666666666665897, -2.516666666666663943, -1.033333333333335213 ) ) ;
#6918 = PLANE ( 'NONE',  #10889 ) ;
#6919 = AXIS2_PLACEMENT_3D ( 'NONE', #78, #4006, #10918 ) ;
#6920 = ORIENTED_EDGE ( 'NONE', *, *, #11159, .T. ) ;
#6921 = CARTESIAN_POINT ( 'NONE',  ( 11.29999999999999893, 0.2000000000000000389, 1.700000000000000178 ) ) ;
#6922 = DIRECTION ( 'NONE',  ( -0.0000000000000000000, 0.0000000000000000000, 1.000000000000000000 ) ) ;
#6923 =( NAMED_UNIT ( * ) PLANE_ANGLE_UNIT ( ) SI_UNIT ( $, .RADIAN. ) );
#6924 = EDGE_LOOP ( 'NONE', ( #10393, #684, #1529, #1070 ) ) ;
#6925 = SURFACE_STYLE_FILL_AREA ( #6870 ) ;
#6926 = LINE ( 'NONE', #2002, #49 ) ;
#6927 = EDGE_CURVE ( 'NONE', #2147, #982, #8313, .T. ) ;
#6928 = EDGE_CURVE ( 'NONE', #4874, #5147, #12113, .T. ) ;
#6929 =( NAMED_UNIT ( * ) SI_UNIT ( $, .STERADIAN. ) SOLID_ANGLE_UNIT ( ) );
#6930 = EDGE_CURVE ( 'NONE', #869, #3629, #3391, .T. ) ;
#6931 = SURFACE_STYLE_FILL_AREA ( #3053 ) ;
#6932 = CARTESIAN_POINT ( 'NONE',  ( 11.29999999999999893, 0.0000000000000000000, -2.800000000000000266 ) ) ;
#6933 = SURFACE_STYLE_FILL_AREA ( #7940 ) ;
#6934 = AXIS2_PLACEMENT_3D ( 'NONE', #8017, #11753, #5909 ) ;
#6935 = DIRECTION ( 'NONE',  ( -0.0000000000000000000, 1.000000000000000000, -0.0000000000000000000 ) ) ;
#6936 = VERTEX_POINT ( 'NONE', #4497 ) ;
#6937 = ORIENTED_EDGE ( 'NONE', *, *, #12525, .F. ) ;
#6938 = CARTESIAN_POINT ( 'NONE',  ( 17.94999999999999574, 0.8200000000000045031, 1.300000000000000044 ) ) ;
#6939 = DIRECTION ( 'NONE',  ( 1.000000000000000000, -3.872150616019661422E-17, 0.0000000000000000000 ) ) ;
#6940 = CARTESIAN_POINT ( 'NONE',  ( 3.750000000000000444, 5.000000000000000888, 0.2500000000000002220 ) ) ;
#6941 = UNCERTAINTY_MEASURE_WITH_UNIT (LENGTH_MEASURE( 1.000000000000000082E-05 ), #7616, 'distance_accuracy_value', 'NONE');
#6942 = VERTEX_POINT ( 'NONE', #1555 ) ;
#6943 = VERTEX_POINT ( 'NONE', #5510 ) ;
#6944 = SURFACE_SIDE_STYLE ('',( #4960 ) ) ;
#6945 = CARTESIAN_POINT ( 'NONE',  ( 17.34999999999999076, 1.149999999999999911, -1.050000000000001821 ) ) ;
#6946 = ADVANCED_FACE ( 'NONE', ( #6671 ), #7518, .F. ) ;
#6947 = SURFACE_STYLE_USAGE ( .BOTH. , #5973 ) ;
#6948 = SURFACE_STYLE_FILL_AREA ( #9094 ) ;
#6949 = PLANE ( 'NONE',  #1436 ) ;
#6950 =( LENGTH_UNIT ( ) NAMED_UNIT ( * ) SI_UNIT ( .MILLI., .METRE. ) );
#6951 = EDGE_LOOP ( 'NONE', ( #696, #12490, #7825, #4069 ) ) ;
#6952 = DIRECTION ( 'NONE',  ( -0.0000000000000000000, -0.0000000000000000000, -1.000000000000000000 ) ) ;
#6953 = CARTESIAN_POINT ( 'NONE',  ( 16.69999999999999929, 0.0000000000000000000, 1.700000000000000178 ) ) ;
#6954 = DIRECTION ( 'NONE',  ( -1.000000000000000000, 0.0000000000000000000, -0.0000000000000000000 ) ) ;
#6955 = EDGE_CURVE ( 'NONE', #4689, #3692, #11605, .T. ) ;
#6956 = DIRECTION ( 'NONE',  ( 1.000000000000000000, 0.0000000000000000000, 0.0000000000000000000 ) ) ;
#6957 = CARTESIAN_POINT ( 'NONE',  ( 17.94999999999999574, 0.8200000000000045031, 1.300000000000000044 ) ) ;
#6958 = PRESENTATION_LAYER_ASSIGNMENT (  '', '', ( #7963 ) ) ;
#6959 = DIRECTION ( 'NONE',  ( -0.0000000000000000000, -0.0000000000000000000, -1.000000000000000000 ) ) ;
#6960 = PLANE ( 'NONE',  #5483 ) ;
#6961 = EDGE_CURVE ( 'NONE', #4448, #6075, #11548, .T. ) ;
#6962 = AXIS2_PLACEMENT_3D ( 'NONE', #4167, #2323, #148 ) ;
#6963 = SURFACE_STYLE_FILL_AREA ( #4988 ) ;
#6964 = PRESENTATION_LAYER_ASSIGNMENT (  '', '', ( #8164 ) ) ;
#6965 = AXIS2_PLACEMENT_3D ( 'NONE', #1973, #5912, #8728 ) ;
#6966 = EDGE_LOOP ( 'NONE', ( #5678, #5757, #10553, #6245, #7066 ) ) ;
#6967 =( NAMED_UNIT ( * ) SI_UNIT ( $, .STERADIAN. ) SOLID_ANGLE_UNIT ( ) );
#6968 =( LENGTH_UNIT ( ) NAMED_UNIT ( * ) SI_UNIT ( .MILLI., .METRE. ) );
#6969 = LINE ( 'NONE', #5819, #9702 ) ;
#6970 = DIRECTION ( 'NONE',  ( 0.5773502691896291728, 0.5773502691896262862, 0.5773502691896218453 ) ) ;
#6971 = EDGE_LOOP ( 'NONE', ( #8248, #9756, #741, #1359 ) ) ;
#6972 = PRESENTATION_LAYER_ASSIGNMENT (  '', '', ( #4533 ) ) ;
#6973 = VECTOR ( 'NONE', #291, 1000.000000000000000 ) ;
#6974 = DIRECTION ( 'NONE',  ( -1.000000000000000000, 5.421010862427522170E-17, 0.0000000000000000000 ) ) ;
#6975 =( NAMED_UNIT ( * ) PLANE_ANGLE_UNIT ( ) SI_UNIT ( $, .RADIAN. ) );
#6976 = COLOUR_RGB ( '',1.000000000000000000, 0.8117647058823529438, 0.5019607843137254832 ) ;
#6977 =( LENGTH_UNIT ( ) NAMED_UNIT ( * ) SI_UNIT ( .MILLI., .METRE. ) );
#6978 = FILL_AREA_STYLE ('',( #108 ) ) ;
#6979 = SURFACE_STYLE_USAGE ( .BOTH. , #3842 ) ;
#6980 = STYLED_ITEM ( 'NONE', ( #12619 ), #7017 ) ;
#6981 =( GEOMETRIC_REPRESENTATION_CONTEXT ( 3 ) GLOBAL_UNCERTAINTY_ASSIGNED_CONTEXT ( ( #919 ) ) GLOBAL_UNIT_ASSIGNED_CONTEXT ( ( #4303, #1356, #12106 ) ) REPRESENTATION_CONTEXT ( 'NONE', 'WORKASPACE' ) );
#6982 =( NAMED_UNIT ( * ) PLANE_ANGLE_UNIT ( ) SI_UNIT ( $, .RADIAN. ) );
#6983 = EDGE_LOOP ( 'NONE', ( #11718, #6146, #1403, #11626 ) ) ;
#6984 = ORIENTED_EDGE ( 'NONE', *, *, #8558, .F. ) ;
#6985 = DIRECTION ( 'NONE',  ( -9.103382349328301547E-49, -2.350988701644575016E-32, -1.000000000000000000 ) ) ;
#6986 = DIRECTION ( 'NONE',  ( -1.000000000000000000, 0.0000000000000000000, -0.0000000000000000000 ) ) ;
#6987 = ORIENTED_EDGE ( 'NONE', *, *, #1482, .T. ) ;
#6988 = UNCERTAINTY_MEASURE_WITH_UNIT (LENGTH_MEASURE( 1.000000000000000082E-05 ), #773, 'distance_accuracy_value', 'NONE');
#6989 = PRESENTATION_STYLE_ASSIGNMENT (( #3049 ) ) ;
#6990 = VERTEX_POINT ( 'NONE', #11364 ) ;
#6991 = MECHANICAL_DESIGN_GEOMETRIC_PRESENTATION_REPRESENTATION (  '', ( #9629 ), #4138 ) ;
#6992 = FILL_AREA_STYLE_COLOUR ( '', #1068 ) ;
#6993 = LINE ( 'NONE', #8757, #2617 ) ;
#6994 = SURFACE_STYLE_USAGE ( .BOTH. , #3121 ) ;
#6995 = VECTOR ( 'NONE', #7192, 1000.000000000000000 ) ;
#6996 = LINE ( 'NONE', #168, #4396 ) ;
#6997 = DIRECTION ( 'NONE',  ( 0.0000000000000000000, -1.000000000000000000, 0.0000000000000000000 ) ) ;
#6998 = VERTEX_POINT ( 'NONE', #1760 ) ;
#6999 = EDGE_CURVE ( 'NONE', #944, #3645, #5713, .T. ) ;
#7000 = DIRECTION ( 'NONE',  ( 0.7071067811865457964, 0.7071067811865492381, 0.0000000000000000000 ) ) ;
#7001 = CARTESIAN_POINT ( 'NONE',  ( 6.749999999999999112, 3.399999999999999467, -2.350000000000001421 ) ) ;
#7002 = ORIENTED_EDGE ( 'NONE', *, *, #963, .F. ) ;
#7003 = FILL_AREA_STYLE_COLOUR ( '', #8151 ) ;
#7004 =( NAMED_UNIT ( * ) PLANE_ANGLE_UNIT ( ) SI_UNIT ( $, .RADIAN. ) );
#7005 = STYLED_ITEM ( 'NONE', ( #314 ), #10024 ) ;
#7006 = STYLED_ITEM ( 'NONE', ( #7061 ), #9126 ) ;
#7007 = ORIENTED_EDGE ( 'NONE', *, *, #92, .F. ) ;
#7008 =( NAMED_UNIT ( * ) SI_UNIT ( $, .STERADIAN. ) SOLID_ANGLE_UNIT ( ) );
#7009 =( NAMED_UNIT ( * ) PLANE_ANGLE_UNIT ( ) SI_UNIT ( $, .RADIAN. ) );
#7010 = FACE_OUTER_BOUND ( 'NONE', #10605, .T. ) ;
#7011 = VECTOR ( 'NONE', #4240, 1000.000000000000000 ) ;
#7012 = VECTOR ( 'NONE', #5607, 1000.000000000000000 ) ;
#7013 = MECHANICAL_DESIGN_GEOMETRIC_PRESENTATION_REPRESENTATION (  '', ( #11851 ), #4154 ) ;
#7014 = VECTOR ( 'NONE', #8985, 1000.000000000000000 ) ;
#7015 = ADVANCED_FACE ( 'NONE', ( #5769 ), #8749, .T. ) ;
#7016 = VERTEX_POINT ( 'NONE', #1899 ) ;
#7017 = ADVANCED_FACE ( 'NONE', ( #3646 ), #12440, .F. ) ;
#7018 =( NAMED_UNIT ( * ) PLANE_ANGLE_UNIT ( ) SI_UNIT ( $, .RADIAN. ) );
#7019 = SURFACE_SIDE_STYLE ('',( #8907 ) ) ;
#7020 = MECHANICAL_DESIGN_GEOMETRIC_PRESENTATION_REPRESENTATION (  '', ( #2894 ), #4777 ) ;
#7021 = DIRECTION ( 'NONE',  ( 1.000000000000000000, -5.421010862427522170E-17, 0.0000000000000000000 ) ) ;
#7022 = EDGE_LOOP ( 'NONE', ( #3848, #11353, #1008, #6187 ) ) ;
#7023 = VECTOR ( 'NONE', #3783, 1000.000000000000000 ) ;
#7024 =( GEOMETRIC_REPRESENTATION_CONTEXT ( 3 ) GLOBAL_UNCERTAINTY_ASSIGNED_CONTEXT ( ( #11525 ) ) GLOBAL_UNIT_ASSIGNED_CONTEXT ( ( #2186, #11970, #10964 ) ) REPRESENTATION_CONTEXT ( 'NONE', 'WORKASPACE' ) );
#7025 =( GEOMETRIC_REPRESENTATION_CONTEXT ( 3 ) GLOBAL_UNCERTAINTY_ASSIGNED_CONTEXT ( ( #12043 ) ) GLOBAL_UNIT_ASSIGNED_CONTEXT ( ( #9069, #3297, #4292 ) ) REPRESENTATION_CONTEXT ( 'NONE', 'WORKASPACE' ) );
#7026 = DIRECTION ( 'NONE',  ( 1.000000000000000000, 0.0000000000000000000, 0.0000000000000000000 ) ) ;
#7027 = DIRECTION ( 'NONE',  ( 0.0000000000000000000, 0.0000000000000000000, -1.000000000000000000 ) ) ;
#7028 = PRESENTATION_STYLE_ASSIGNMENT (( #9945 ) ) ;
#7029 = UNCERTAINTY_MEASURE_WITH_UNIT (LENGTH_MEASURE( 1.000000000000000082E-05 ), #5894, 'distance_accuracy_value', 'NONE');
#7030 = LINE ( 'NONE', #1140, #11003 ) ;
#7031 = PLANE ( 'NONE',  #6840 ) ;
#7032 = VERTEX_POINT ( 'NONE', #6921 ) ;
#7033 = VECTOR ( 'NONE', #2968, 1000.000000000000000 ) ;
#7034 = CIRCLE ( 'NONE', #6007, 0.4999999999999995559 ) ;
#7035 =( NAMED_UNIT ( * ) SI_UNIT ( $, .STERADIAN. ) SOLID_ANGLE_UNIT ( ) );
#7036 = EDGE_CURVE ( 'NONE', #9434, #9704, #7811, .T. ) ;
#7037 = CARTESIAN_POINT ( 'NONE',  ( 17.94999999999999574, 0.0000000000000000000, 1.699999999999999289 ) ) ;
#7038 = CARTESIAN_POINT ( 'NONE',  ( 12.05000000000000071, -3.399999999999999911, -2.800000000000000266 ) ) ;
#7039 =( GEOMETRIC_REPRESENTATION_CONTEXT ( 3 ) GLOBAL_UNCERTAINTY_ASSIGNED_CONTEXT ( ( #2983 ) ) GLOBAL_UNIT_ASSIGNED_CONTEXT ( ( #3313, #8306, #1422 ) ) REPRESENTATION_CONTEXT ( 'NONE', 'WORKASPACE' ) );
#7040 = VERTEX_POINT ( 'NONE', #11782 ) ;
#7041 = MECHANICAL_DESIGN_GEOMETRIC_PRESENTATION_REPRESENTATION (  '', ( #10283 ), #12281 ) ;
#7042 = DIRECTION ( 'NONE',  ( -1.084202172485504237E-15, -1.000000000000000000, 0.0000000000000000000 ) ) ;
#7043 = STYLED_ITEM ( 'NONE', ( #11382 ), #10963 ) ;
#7044 = DIRECTION ( 'NONE',  ( -3.833233541708366936E-17, -0.7071067811865349162, 0.7071067811865601183 ) ) ;
#7045 = AXIS2_PLACEMENT_3D ( 'NONE', #1942, #9965, #2929 ) ;
#7046 = DIRECTION ( 'NONE',  ( 1.000000000000000000, -5.421010862427522170E-17, 0.0000000000000000000 ) ) ;
#7047 =( NAMED_UNIT ( * ) SI_UNIT ( $, .STERADIAN. ) SOLID_ANGLE_UNIT ( ) );
#7048 =( LENGTH_UNIT ( ) NAMED_UNIT ( * ) SI_UNIT ( .MILLI., .METRE. ) );
#7049 = MECHANICAL_DESIGN_GEOMETRIC_PRESENTATION_REPRESENTATION (  '', ( #6225 ), #4807 ) ;
#7050 = DIRECTION ( 'NONE',  ( -0.7071067811865596742, -0.7071067811865353603, 3.066586833366801031E-16 ) ) ;
#7051 = CARTESIAN_POINT ( 'NONE',  ( 8.750000000000000000, 3.149999999999999023, -2.050000000000001599 ) ) ;
#7052 = VECTOR ( 'NONE', #5248, 1000.000000000000000 ) ;
#7053 = CARTESIAN_POINT ( 'NONE',  ( 15.84999999999999964, -3.399999999999999911, -0.2499999999999997780 ) ) ;
#7054 = SURFACE_STYLE_USAGE ( .BOTH. , #8126 ) ;
#7055 = CARTESIAN_POINT ( 'NONE',  ( 7.849999999999999645, -3.399999999999999911, -0.1500000000000003830 ) ) ;
#7056 = DIRECTION ( 'NONE',  ( 3.872150616019660190E-17, 1.000000000000000000, -0.0000000000000000000 ) ) ;
#7057 = PRESENTATION_STYLE_ASSIGNMENT (( #8000 ) ) ;
#7058 = PRESENTATION_STYLE_ASSIGNMENT (( #8892 ) ) ;
#7059 = ORIENTED_EDGE ( 'NONE', *, *, #9159, .F. ) ;
#7060 = DIRECTION ( 'NONE',  ( -1.000000000000000000, 3.872150616019661422E-17, 0.0000000000000000000 ) ) ;
#7061 = PRESENTATION_STYLE_ASSIGNMENT (( #11928 ) ) ;
#7062 = LINE ( 'NONE', #241, #1129 ) ;
#7063 = DIRECTION ( 'NONE',  ( -5.421010862427522170E-17, -1.000000000000000000, 2.350988701644575016E-32 ) ) ;
#7064 = UNCERTAINTY_MEASURE_WITH_UNIT (LENGTH_MEASURE( 1.000000000000000082E-05 ), #9166, 'distance_accuracy_value', 'NONE');
#7065 = EDGE_LOOP ( 'NONE', ( #9538, #8296, #9375, #1625 ) ) ;
#7066 = ORIENTED_EDGE ( 'NONE', *, *, #1877, .T. ) ;
#7067 = FACE_OUTER_BOUND ( 'NONE', #1859, .T. ) ;
#7068 = FACE_OUTER_BOUND ( 'NONE', #403, .T. ) ;
#7069 = DIRECTION ( 'NONE',  ( 0.5773502691896311712, -0.5773502691896233996, 0.5773502691896227335 ) ) ;
#7070 = EDGE_CURVE ( 'NONE', #3692, #4517, #1155, .T. ) ;
#7071 = SURFACE_STYLE_FILL_AREA ( #3140 ) ;
#7072 = SURFACE_STYLE_FILL_AREA ( #4212 ) ;
#7073 = EDGE_LOOP ( 'NONE', ( #2028, #5409, #2605, #2597 ) ) ;
#7074 = FACE_OUTER_BOUND ( 'NONE', #10581, .T. ) ;
#7075 = PRESENTATION_STYLE_ASSIGNMENT (( #11065 ) ) ;
#7076 = CARTESIAN_POINT ( 'NONE',  ( 7.849999999999999645, -3.399999999999999911, 0.1500000000000008271 ) ) ;
#7077 = STYLED_ITEM ( 'NONE', ( #1375 ), #3139 ) ;
#7078 = ORIENTED_EDGE ( 'NONE', *, *, #12342, .F. ) ;
#7079 = LINE ( 'NONE', #1199, #5573 ) ;
#7080 = DIRECTION ( 'NONE',  ( -0.0000000000000000000, 0.0000000000000000000, 1.000000000000000000 ) ) ;
#7081 = CARTESIAN_POINT ( 'NONE',  ( 11.75000000000000000, 5.000000000000000888, -0.2499999999999997780 ) ) ;
#7082 = ADVANCED_FACE ( 'NONE', ( #6865 ), #5889, .F. ) ;
#7083 = EDGE_CURVE ( 'NONE', #7944, #9138, #10903, .T. ) ;
#7084 = DIRECTION ( 'NONE',  ( -4.336808689942017736E-16, 0.0000000000000000000, -1.000000000000000000 ) ) ;
#7085 = EDGE_CURVE ( 'NONE', #11419, #3293, #4104, .T. ) ;
#7086 = ORIENTED_EDGE ( 'NONE', *, *, #6565, .T. ) ;
#7087 = SURFACE_STYLE_USAGE ( .BOTH. , #2165 ) ;
#7088 = AXIS2_PLACEMENT_3D ( 'NONE', #5016, #6023, #7936 ) ;
#7089 = FILL_AREA_STYLE_COLOUR ( '', #5949 ) ;
#7090 = ORIENTED_EDGE ( 'NONE', *, *, #7200, .T. ) ;
#7091 =( NAMED_UNIT ( * ) PLANE_ANGLE_UNIT ( ) SI_UNIT ( $, .RADIAN. ) );
#7092 = FILL_AREA_STYLE ('',( #9060 ) ) ;
#7093 = DIRECTION ( 'NONE',  ( 3.872150616019660190E-17, 1.000000000000000000, -0.0000000000000000000 ) ) ;
#7094 = SURFACE_STYLE_FILL_AREA ( #2053 ) ;
#7095 = AXIS2_PLACEMENT_3D ( 'NONE', #137, #5862, #6105 ) ;
#7096 = SURFACE_STYLE_USAGE ( .BOTH. , #1148 ) ;
#7097 = EDGE_CURVE ( 'NONE', #5217, #1916, #5006, .T. ) ;
#7098 = PRESENTATION_STYLE_ASSIGNMENT (( #6263 ) ) ;
#7099 = CARTESIAN_POINT ( 'NONE',  ( 1.750000000000000222, 5.000000000000000888, -0.2499999999999997780 ) ) ;
#7100 = DIRECTION ( 'NONE',  ( 1.000000000000000000, 0.0000000000000000000, -0.0000000000000000000 ) ) ;
#7101 =( LENGTH_UNIT ( ) NAMED_UNIT ( * ) SI_UNIT ( .MILLI., .METRE. ) );
#7102 = LINE ( 'NONE', #8295, #10216 ) ;
#7103 = PLANE ( 'NONE',  #6013 ) ;
#7104 = PRESENTATION_LAYER_ASSIGNMENT (  '', '', ( #6905 ) ) ;
#7105 =( LENGTH_UNIT ( ) NAMED_UNIT ( * ) SI_UNIT ( .MILLI., .METRE. ) );
#7106 = PRESENTATION_STYLE_ASSIGNMENT (( #3113 ) ) ;
#7107 = ORIENTED_EDGE ( 'NONE', *, *, #742, .F. ) ;
#7108 = FILL_AREA_STYLE ('',( #1233 ) ) ;
#7109 = FACE_OUTER_BOUND ( 'NONE', #8019, .T. ) ;
#7110 = EDGE_CURVE ( 'NONE', #4415, #12278, #6069, .T. ) ;
#7111 = FILL_AREA_STYLE ('',( #12164 ) ) ;
#7112 = UNCERTAINTY_MEASURE_WITH_UNIT (LENGTH_MEASURE( 1.000000000000000082E-05 ), #5925, 'distance_accuracy_value', 'NONE');
#7113 = DIRECTION ( 'NONE',  ( -0.0000000000000000000, -0.0000000000000000000, 1.000000000000000000 ) ) ;
#7114 = DIRECTION ( 'NONE',  ( 0.0000000000000000000, -0.0000000000000000000, 1.000000000000000000 ) ) ;
#7115 =( LENGTH_UNIT ( ) NAMED_UNIT ( * ) SI_UNIT ( .MILLI., .METRE. ) );
#7116 = EDGE_CURVE ( 'NONE', #6423, #2036, #4177, .T. ) ;
#7117 = DIRECTION ( 'NONE',  ( 9.103382349328301547E-49, 2.350988701644575016E-32, 1.000000000000000000 ) ) ;
#7118 = ORIENTED_EDGE ( 'NONE', *, *, #9156, .T. ) ;
#7119 = EDGE_CURVE ( 'NONE', #9278, #4204, #10958, .T. ) ;
#7120 = STYLED_ITEM ( 'NONE', ( #6903 ), #1721 ) ;
#7121 = PRESENTATION_STYLE_ASSIGNMENT (( #11927 ) ) ;
#7122 =( LENGTH_UNIT ( ) NAMED_UNIT ( * ) SI_UNIT ( .MILLI., .METRE. ) );
#7123 = FACE_OUTER_BOUND ( 'NONE', #3448, .T. ) ;
#7124 = CARTESIAN_POINT ( 'NONE',  ( 15.75000000000000000, 5.000000000000000888, -0.2499999999999997780 ) ) ;
#7125 = VERTEX_POINT ( 'NONE', #2260 ) ;
#7126 = ORIENTED_EDGE ( 'NONE', *, *, #11349, .T. ) ;
#7127 = LINE ( 'NONE', #1257, #855 ) ;
#7128 = ORIENTED_EDGE ( 'NONE', *, *, #3958, .F. ) ;
#7129 = ORIENTED_EDGE ( 'NONE', *, *, #6769, .F. ) ;
#7130 = EDGE_CURVE ( 'NONE', #7184, #10809, #7168, .T. ) ;
#7131 = VECTOR ( 'NONE', #8276, 1000.000000000000000 ) ;
#7132 = DIRECTION ( 'NONE',  ( 1.000000000000000000, -5.421010862427522170E-17, 0.0000000000000000000 ) ) ;
#7133 = SURFACE_SIDE_STYLE ('',( #254 ) ) ;
#7134 = ORIENTED_EDGE ( 'NONE', *, *, #2689, .T. ) ;
#7135 = VERTEX_POINT ( 'NONE', #11218 ) ;
#7136 = UNCERTAINTY_MEASURE_WITH_UNIT (LENGTH_MEASURE( 1.000000000000000082E-05 ), #6977, 'distance_accuracy_value', 'NONE');
#7137 = LINE ( 'NONE', #3467, #7495 ) ;
#7138 = CARTESIAN_POINT ( 'NONE',  ( -0.2200000000000003619, 4.229999999999999538, -2.801000000000000600 ) ) ;
#7139 = FACE_OUTER_BOUND ( 'NONE', #9206, .T. ) ;
#7140 = PLANE ( 'NONE',  #3091 ) ;
#7141 = DIRECTION ( 'NONE',  ( 1.000000000000000000, 0.0000000000000000000, 0.0000000000000000000 ) ) ;
#7142 =( NAMED_UNIT ( * ) PLANE_ANGLE_UNIT ( ) SI_UNIT ( $, .RADIAN. ) );
#7143 = PRESENTATION_LAYER_ASSIGNMENT (  '', '', ( #4716 ) ) ;
#7144 =( LENGTH_UNIT ( ) NAMED_UNIT ( * ) SI_UNIT ( .MILLI., .METRE. ) );
#7145 = ORIENTED_EDGE ( 'NONE', *, *, #6770, .F. ) ;
#7146 =( NAMED_UNIT ( * ) SI_UNIT ( $, .STERADIAN. ) SOLID_ANGLE_UNIT ( ) );
#7147 = EDGE_CURVE ( 'NONE', #6718, #130, #12101, .T. ) ;
#7148 = FILL_AREA_STYLE_COLOUR ( '', #6160 ) ;
#7149 = EDGE_CURVE ( 'NONE', #8025, #1842, #9128, .T. ) ;
#7150 = DIRECTION ( 'NONE',  ( 4.336808689942017736E-16, 0.0000000000000000000, 1.000000000000000000 ) ) ;
#7151 = ADVANCED_FACE ( 'NONE', ( #7240 ), #4296, .F. ) ;
#7152 = FACE_OUTER_BOUND ( 'NONE', #2257, .T. ) ;
#7153 =( GEOMETRIC_REPRESENTATION_CONTEXT ( 3 ) GLOBAL_UNCERTAINTY_ASSIGNED_CONTEXT ( ( #61 ) ) GLOBAL_UNIT_ASSIGNED_CONTEXT ( ( #9443, #12599, #899 ) ) REPRESENTATION_CONTEXT ( 'NONE', 'WORKASPACE' ) );
#7154 = SURFACE_STYLE_FILL_AREA ( #10095 ) ;
#7155 = VECTOR ( 'NONE', #4466, 1000.000000000000000 ) ;
#7156 = VECTOR ( 'NONE', #11444, 1000.000000000000000 ) ;
#7157 = ORIENTED_EDGE ( 'NONE', *, *, #6408, .T. ) ;
#7158 = CARTESIAN_POINT ( 'NONE',  ( 5.299999999999998934, 0.0000000000000000000, -2.800000000000000266 ) ) ;
#7159 = LINE ( 'NONE', #2249, #4543 ) ;
#7160 =( NAMED_UNIT ( * ) SI_UNIT ( $, .STERADIAN. ) SOLID_ANGLE_UNIT ( ) );
#7161 =( NAMED_UNIT ( * ) SI_UNIT ( $, .STERADIAN. ) SOLID_ANGLE_UNIT ( ) );
#7162 = FILL_AREA_STYLE ('',( #3230 ) ) ;
#7163 = FILL_AREA_STYLE ('',( #5187 ) ) ;
#7164 = ORIENTED_EDGE ( 'NONE', *, *, #11305, .T. ) ;
#7165 = CARTESIAN_POINT ( 'NONE',  ( 15.75000000000000000, -3.300000000000000266, -0.2499999999999997780 ) ) ;
#7166 = COLOUR_RGB ( '',1.000000000000000000, 1.000000000000000000, 1.000000000000000000 ) ;
#7167 = EDGE_CURVE ( 'NONE', #5656, #10936, #1480, .T. ) ;
#7168 = LINE ( 'NONE', #4481, #6154 ) ;
#7169 = COLOUR_RGB ( '',1.000000000000000000, 1.000000000000000000, 1.000000000000000000 ) ;
#7170 = EDGE_CURVE ( 'NONE', #1459, #9440, #11964, .T. ) ;
#7171 = DIRECTION ( 'NONE',  ( -1.000000000000000000, 0.0000000000000000000, -0.0000000000000000000 ) ) ;
#7172 = CARTESIAN_POINT ( 'NONE',  ( -0.2499999999999997780, 5.000000000000000888, 0.2500000000000002220 ) ) ;
#7173 = ADVANCED_FACE ( 'NONE', ( #9313 ), #3442, .T. ) ;
#7174 = SURFACE_SIDE_STYLE ('',( #226 ) ) ;
#7175 = ORIENTED_EDGE ( 'NONE', *, *, #3356, .T. ) ;
#7176 = PRESENTATION_LAYER_ASSIGNMENT (  '', '', ( #4328 ) ) ;
#7177 = LINE ( 'NONE', #11308, #3605 ) ;
#7178 = SURFACE_STYLE_FILL_AREA ( #10229 ) ;
#7179 = DIRECTION ( 'NONE',  ( -3.872150616019660190E-17, -1.000000000000000000, 0.0000000000000000000 ) ) ;
#7180 =( LENGTH_UNIT ( ) NAMED_UNIT ( * ) SI_UNIT ( .MILLI., .METRE. ) );
#7181 = AXIS2_PLACEMENT_3D ( 'NONE', #12401, #3611, #3556 ) ;
#7182 =( LENGTH_UNIT ( ) NAMED_UNIT ( * ) SI_UNIT ( .MILLI., .METRE. ) );
#7183 = ORIENTED_EDGE ( 'NONE', *, *, #1985, .F. ) ;
#7184 = VERTEX_POINT ( 'NONE', #12295 ) ;
#7185 = CARTESIAN_POINT ( 'NONE',  ( 1.250000000000000666, 3.399999999999999467, -2.050000000000001599 ) ) ;
#7186 = EDGE_CURVE ( 'NONE', #5825, #2313, #5753, .T. ) ;
#7187 = FILL_AREA_STYLE ('',( #11981 ) ) ;
#7188 = SURFACE_STYLE_FILL_AREA ( #430 ) ;
#7189 = SURFACE_STYLE_FILL_AREA ( #3261 ) ;
#7190 = AXIS2_PLACEMENT_3D ( 'NONE', #2624, #12536, #9626 ) ;
#7191 =( NAMED_UNIT ( * ) PLANE_ANGLE_UNIT ( ) SI_UNIT ( $, .RADIAN. ) );
#7192 = DIRECTION ( 'NONE',  ( -1.000000000000000000, -0.0000000000000000000, -0.0000000000000000000 ) ) ;
#7193 = ORIENTED_EDGE ( 'NONE', *, *, #2149, .F. ) ;
#7194 = DIRECTION ( 'NONE',  ( -9.103382349328301547E-49, -2.350988701644575016E-32, -1.000000000000000000 ) ) ;
#7195 = CARTESIAN_POINT ( 'NONE',  ( 11.75000000000000000, 5.000000000000000888, 0.2500000000000002220 ) ) ;
#7196 = MECHANICAL_DESIGN_GEOMETRIC_PRESENTATION_REPRESENTATION (  '', ( #3728 ), #11651 ) ;
#7197 = VECTOR ( 'NONE', #1607, 1000.000000000000000 ) ;
#7198 = FILL_AREA_STYLE_COLOUR ( '', #3510 ) ;
#7199 = FACE_OUTER_BOUND ( 'NONE', #9850, .T. ) ;
#7200 = EDGE_CURVE ( 'NONE', #3645, #11182, #851, .T. ) ;
#7201 = COLOUR_RGB ( '',1.000000000000000000, 1.000000000000000000, 1.000000000000000000 ) ;
#7202 = CARTESIAN_POINT ( 'NONE',  ( 17.94999999999999574, 6.000000000000000000, -2.800000000000000711 ) ) ;
#7203 = DIRECTION ( 'NONE',  ( 0.0000000000000000000, 1.000000000000000000, 0.0000000000000000000 ) ) ;
#7204 = DIRECTION ( 'NONE',  ( -1.927470528863119542E-16, 1.000000000000000000, 0.0000000000000000000 ) ) ;
#7205 = CARTESIAN_POINT ( 'NONE',  ( 4.699999999999999289, 0.1999999999999999833, 1.700000000000000178 ) ) ;
#7206 = VECTOR ( 'NONE', #555, 1000.000000000000000 ) ;
#7207 = LINE ( 'NONE', #11075, #8775 ) ;
#7208 =( GEOMETRIC_REPRESENTATION_CONTEXT ( 3 ) GLOBAL_UNCERTAINTY_ASSIGNED_CONTEXT ( ( #3764 ) ) GLOBAL_UNIT_ASSIGNED_CONTEXT ( ( #1768, #7698, #1951 ) ) REPRESENTATION_CONTEXT ( 'NONE', 'WORKASPACE' ) );
#7209 = VECTOR ( 'NONE', #5105, 1000.000000000000000 ) ;
#7210 = ORIENTED_EDGE ( 'NONE', *, *, #2917, .F. ) ;
#7211 = SURFACE_STYLE_FILL_AREA ( #3154 ) ;
#7212 =( GEOMETRIC_REPRESENTATION_CONTEXT ( 3 ) GLOBAL_UNCERTAINTY_ASSIGNED_CONTEXT ( ( #7486 ) ) GLOBAL_UNIT_ASSIGNED_CONTEXT ( ( #9877, #13, #3010 ) ) REPRESENTATION_CONTEXT ( 'NONE', 'WORKASPACE' ) );
#7213 = DIRECTION ( 'NONE',  ( -0.0000000000000000000, -0.0000000000000000000, 1.000000000000000000 ) ) ;
#7214 = VECTOR ( 'NONE', #38, 1000.000000000000000 ) ;
#7215 = VERTEX_POINT ( 'NONE', #12492 ) ;
#7216 = EDGE_LOOP ( 'NONE', ( #11805, #6446, #6685, #10513 ) ) ;
#7217 = CARTESIAN_POINT ( 'NONE',  ( 7.249999999999999112, 1.149999999999999911, -2.050000000000001599 ) ) ;
#7218 = UNCERTAINTY_MEASURE_WITH_UNIT (LENGTH_MEASURE( 1.000000000000000082E-05 ), #7105, 'distance_accuracy_value', 'NONE');
#7219 = STYLED_ITEM ( 'NONE', ( #8124 ), #10325 ) ;
#7220 = LINE ( 'NONE', #11901, #3098 ) ;
#7221 =( NAMED_UNIT ( * ) PLANE_ANGLE_UNIT ( ) SI_UNIT ( $, .RADIAN. ) );
#7222 = STYLED_ITEM ( 'NONE', ( #10102 ), #11630 ) ;
#7223 =( NAMED_UNIT ( * ) SI_UNIT ( $, .STERADIAN. ) SOLID_ANGLE_UNIT ( ) );
#7224 = STYLED_ITEM ( 'NONE', ( #825 ), #674 ) ;
#7225 = CARTESIAN_POINT ( 'NONE',  ( -1.951000000000000956, 4.500000000000000888, -0.1800000000000017697 ) ) ;
#7226 =( NAMED_UNIT ( * ) SI_UNIT ( $, .STERADIAN. ) SOLID_ANGLE_UNIT ( ) );
#7227 = VECTOR ( 'NONE', #5682, 1000.000000000000114 ) ;
#7228 = DIRECTION ( 'NONE',  ( 3.872150616019660190E-17, 1.000000000000000000, -0.0000000000000000000 ) ) ;
#7229 = ORIENTED_EDGE ( 'NONE', *, *, #9324, .F. ) ;
#7230 = LINE ( 'NONE', #6123, #6461 ) ;
#7231 = FILL_AREA_STYLE_COLOUR ( '', #3490 ) ;
#7232 = EDGE_CURVE ( 'NONE', #5624, #12268, #8427, .T. ) ;
#7233 = CARTESIAN_POINT ( 'NONE',  ( 3.250000000000000888, 1.149999999999999911, -2.350000000000001421 ) ) ;
#7234 =( GEOMETRIC_REPRESENTATION_CONTEXT ( 3 ) GLOBAL_UNCERTAINTY_ASSIGNED_CONTEXT ( ( #7788 ) ) GLOBAL_UNIT_ASSIGNED_CONTEXT ( ( #8430, #5559, #2392 ) ) REPRESENTATION_CONTEXT ( 'NONE', 'WORKASPACE' ) );
#7235 =( GEOMETRIC_REPRESENTATION_CONTEXT ( 3 ) GLOBAL_UNCERTAINTY_ASSIGNED_CONTEXT ( ( #6577 ) ) GLOBAL_UNIT_ASSIGNED_CONTEXT ( ( #9511, #10401, #11398 ) ) REPRESENTATION_CONTEXT ( 'NONE', 'WORKASPACE' ) );
#7236 = DIRECTION ( 'NONE',  ( -0.0000000000000000000, -0.0000000000000000000, 1.000000000000000000 ) ) ;
#7237 = AXIS2_PLACEMENT_3D ( 'NONE', #2397, #9267, #4374 ) ;
#7238 = VERTEX_POINT ( 'NONE', #9643 ) ;
#7239 = SURFACE_STYLE_FILL_AREA ( #6271 ) ;
#7240 = FACE_OUTER_BOUND ( 'NONE', #6430, .T. ) ;
#7241 = LINE ( 'NONE', #5312, #4120 ) ;
#7242 = PRESENTATION_LAYER_ASSIGNMENT (  '', '', ( #11688 ) ) ;
#7243 = CARTESIAN_POINT ( 'NONE',  ( 13.25000000000000178, 3.399999999999999467, -2.050000000000001599 ) ) ;
#7244 = STYLED_ITEM ( 'NONE', ( #1366 ), #3321 ) ;
#7245 = AXIS2_PLACEMENT_3D ( 'NONE', #11832, #10018, #5174 ) ;
#7246 = CARTESIAN_POINT ( 'NONE',  ( 0.05000000000000012768, 5.100000000000001421, -0.1500000000000003830 ) ) ;
#7247 = UNCERTAINTY_MEASURE_WITH_UNIT (LENGTH_MEASURE( 1.000000000000000082E-05 ), #2592, 'distance_accuracy_value', 'NONE');
#7248 = UNCERTAINTY_MEASURE_WITH_UNIT (LENGTH_MEASURE( 1.000000000000000082E-05 ), #10026, 'distance_accuracy_value', 'NONE');
#7249 =( NAMED_UNIT ( * ) SI_UNIT ( $, .STERADIAN. ) SOLID_ANGLE_UNIT ( ) );
#7250 = EDGE_CURVE ( 'NONE', #6936, #5083, #7735, .T. ) ;
#7251 = SURFACE_STYLE_USAGE ( .BOTH. , #234 ) ;
#7252 =( GEOMETRIC_REPRESENTATION_CONTEXT ( 3 ) GLOBAL_UNCERTAINTY_ASSIGNED_CONTEXT ( ( #1546 ) ) GLOBAL_UNIT_ASSIGNED_CONTEXT ( ( #11097, #9182, #4362 ) ) REPRESENTATION_CONTEXT ( 'NONE', 'WORKASPACE' ) );
#7253 = ADVANCED_FACE ( 'NONE', ( #9377 ), #582, .F. ) ;
#7254 = CARTESIAN_POINT ( 'NONE',  ( 15.30000000000000071, 0.0000000000000000000, -2.800000000000000266 ) ) ;
#7255 = FILL_AREA_STYLE ('',( #3250 ) ) ;
#7256 = EDGE_LOOP ( 'NONE', ( #699, #3282, #3929, #8325 ) ) ;
#7257 = VECTOR ( 'NONE', #9070, 1000.000000000000000 ) ;
#7258 = PRESENTATION_LAYER_ASSIGNMENT (  '', '', ( #1471 ) ) ;
#7259 = ORIENTED_EDGE ( 'NONE', *, *, #1669, .T. ) ;
#7260 = EDGE_LOOP ( 'NONE', ( #12444, #1522, #10237, #2393 ) ) ;
#7261 = UNCERTAINTY_MEASURE_WITH_UNIT (LENGTH_MEASURE( 1.000000000000000082E-05 ), #1710, 'distance_accuracy_value', 'NONE');
#7262 = LINE ( 'NONE', #6293, #5711 ) ;
#7263 = LINE ( 'NONE', #6159, #224 ) ;
#7264 = EDGE_CURVE ( 'NONE', #9434, #10265, #5696, .T. ) ;
#7265 = FACE_OUTER_BOUND ( 'NONE', #8967, .T. ) ;
#7266 = LINE ( 'NONE', #11936, #3922 ) ;
#7267 =( NAMED_UNIT ( * ) PLANE_ANGLE_UNIT ( ) SI_UNIT ( $, .RADIAN. ) );
#7268 = CARTESIAN_POINT ( 'NONE',  ( 14.69999999999999751, 0.1999999999999999833, -2.800000000000000266 ) ) ;
#7269 =( NAMED_UNIT ( * ) PLANE_ANGLE_UNIT ( ) SI_UNIT ( $, .RADIAN. ) );
#7270 = CARTESIAN_POINT ( 'NONE',  ( 8.250000000000000000, 5.000000000000000888, 0.2500000000000002220 ) ) ;
#7271 = DIRECTION ( 'NONE',  ( -3.833233541708420554E-17, -0.7071067811865447972, -0.7071067811865502373 ) ) ;
#7272 = FILL_AREA_STYLE ('',( #8097 ) ) ;
#7273 = FILL_AREA_STYLE_COLOUR ( '', #3944 ) ;
#7274 = SURFACE_SIDE_STYLE ('',( #4529 ) ) ;
#7275 = LINE ( 'NONE', #10328, #3258 ) ;
#7276 = DIRECTION ( 'NONE',  ( 0.0000000000000000000, 0.0000000000000000000, -1.000000000000000000 ) ) ;
#7277 = EDGE_CURVE ( 'NONE', #7360, #11749, #780, .T. ) ;
#7278 = LINE ( 'NONE', #11827, #11014 ) ;
#7279 = ORIENTED_EDGE ( 'NONE', *, *, #7782, .T. ) ;
#7280 = ORIENTED_EDGE ( 'NONE', *, *, #10258, .T. ) ;
#7281 = CARTESIAN_POINT ( 'NONE',  ( 6.749999999999999112, 1.149999999999999911, -2.050000000000001599 ) ) ;
#7282 =( NAMED_UNIT ( * ) PLANE_ANGLE_UNIT ( ) SI_UNIT ( $, .RADIAN. ) );
#7283 = FILL_AREA_STYLE_COLOUR ( '', #1024 ) ;
#7284 = SURFACE_SIDE_STYLE ('',( #3366 ) ) ;
#7285 = PRESENTATION_STYLE_ASSIGNMENT (( #10467 ) ) ;
#7286 = LINE ( 'NONE', #6062, #7577 ) ;
#7287 = EDGE_CURVE ( 'NONE', #90, #8753, #1805, .T. ) ;
#7288 = COLOUR_RGB ( '',1.000000000000000000, 0.8117647058823529438, 0.5019607843137254832 ) ;
#7289 = CARTESIAN_POINT ( 'NONE',  ( 5.750000000000000000, 5.000000000000000888, 0.2500000000000002220 ) ) ;
#7290 =( NAMED_UNIT ( * ) PLANE_ANGLE_UNIT ( ) SI_UNIT ( $, .RADIAN. ) );
#7291 = SURFACE_STYLE_FILL_AREA ( #2251 ) ;
#7292 = CARTESIAN_POINT ( 'NONE',  ( 16.67999999999999616, 4.230000000000002203, 1.599999999999999867 ) ) ;
#7293 = PRESENTATION_STYLE_ASSIGNMENT (( #6199 ) ) ;
#7294 = CARTESIAN_POINT ( 'NONE',  ( 9.849999999999999645, -3.399999999999999911, -0.2499999999999997780 ) ) ;
#7295 = EDGE_LOOP ( 'NONE', ( #6303, #8511, #11052, #5968 ) ) ;
#7296 = LINE ( 'NONE', #2333, #3342 ) ;
#7297 = ORIENTED_EDGE ( 'NONE', *, *, #2514, .T. ) ;
#7298 = DIRECTION ( 'NONE',  ( -1.000000000000000000, 5.421010862427522170E-17, 0.0000000000000000000 ) ) ;
#7299 =( NAMED_UNIT ( * ) SI_UNIT ( $, .STERADIAN. ) SOLID_ANGLE_UNIT ( ) );
#7300 =( LENGTH_UNIT ( ) NAMED_UNIT ( * ) SI_UNIT ( .MILLI., .METRE. ) );
#7301 = CARTESIAN_POINT ( 'NONE',  ( 6.699999999999997513, 0.0000000000000000000, 1.700000000000000178 ) ) ;
#7302 = ORIENTED_EDGE ( 'NONE', *, *, #4387, .T. ) ;
#7303 = ORIENTED_EDGE ( 'NONE', *, *, #2771, .T. ) ;
#7304 = VECTOR ( 'NONE', #393, 1000.000000000000000 ) ;
#7305 = EDGE_CURVE ( 'NONE', #9000, #5582, #10407, .T. ) ;
#7306 =( NAMED_UNIT ( * ) PLANE_ANGLE_UNIT ( ) SI_UNIT ( $, .RADIAN. ) );
#7307 = CARTESIAN_POINT ( 'NONE',  ( -0.2200000000000003619, 4.229999999999999538, 1.249999999999997558 ) ) ;
#7308 = VERTEX_POINT ( 'NONE', #6589 ) ;
#7309 = PRESENTATION_STYLE_ASSIGNMENT (( #6223 ) ) ;
#7310 = PRESENTATION_STYLE_ASSIGNMENT (( #8074 ) ) ;
#7311 = COLOUR_RGB ( '',1.000000000000000000, 1.000000000000000000, 1.000000000000000000 ) ;
#7312 = FILL_AREA_STYLE ('',( #3388 ) ) ;
#7313 = PRESENTATION_STYLE_ASSIGNMENT (( #5508 ) ) ;
#7314 = ORIENTED_EDGE ( 'NONE', *, *, #464, .T. ) ;
#7315 = EDGE_LOOP ( 'NONE', ( #3936, #7906, #1691, #11388 ) ) ;
#7316 = DIRECTION ( 'NONE',  ( -9.103382349328301547E-49, -2.350988701644575016E-32, -1.000000000000000000 ) ) ;
#7317 = ORIENTED_EDGE ( 'NONE', *, *, #8282, .F. ) ;
#7319 = ORIENTED_EDGE ( 'NONE', *, *, #3399, .F. ) ;
#7318 = ORIENTED_EDGE ( 'NONE', *, *, #2743, .F. ) ;
#7320 = EDGE_CURVE ( 'NONE', #1767, #9306, #9455, .T. ) ;
#7321 = ORIENTED_EDGE ( 'NONE', *, *, #6468, .F. ) ;
#7322 = ADVANCED_FACE ( 'NONE', ( #1687 ), #5637, .T. ) ;
#7323 = EDGE_CURVE ( 'NONE', #6943, #7816, #6055, .T. ) ;
#7324 =( GEOMETRIC_REPRESENTATION_CONTEXT ( 3 ) GLOBAL_UNCERTAINTY_ASSIGNED_CONTEXT ( ( #11551 ) ) GLOBAL_UNIT_ASSIGNED_CONTEXT ( ( #9488, #3859, #1713 ) ) REPRESENTATION_CONTEXT ( 'NONE', 'WORKASPACE' ) );
#7325 = ORIENTED_EDGE ( 'NONE', *, *, #5914, .F. ) ;
#7326 = FILL_AREA_STYLE ('',( #11985 ) ) ;
#7327 = PRESENTATION_STYLE_ASSIGNMENT (( #12241 ) ) ;
#7328 = SURFACE_STYLE_FILL_AREA ( #4590 ) ;
#7329 = CARTESIAN_POINT ( 'NONE',  ( 9.750000000000000000, -3.399999999999999911, -0.2499999999999997780 ) ) ;
#7330 = ORIENTED_EDGE ( 'NONE', *, *, #3567, .T. ) ;
#7331 = CARTESIAN_POINT ( 'NONE',  ( 13.74999999999999822, -3.300000000000000266, 0.2500000000000002220 ) ) ;
#7332 = DIRECTION ( 'NONE',  ( 1.000000000000000000, 0.0000000000000000000, 0.0000000000000000000 ) ) ;
#7333 = LINE ( 'NONE', #6554, #9213 ) ;
#7334 = ADVANCED_FACE ( 'NONE', ( #9903 ), #8980, .F. ) ;
#7335 = DIRECTION ( 'NONE',  ( 0.0000000000000000000, 0.0000000000000000000, 1.000000000000000000 ) ) ;
#7336 = VECTOR ( 'NONE', #2096, 1000.000000000000000 ) ;
#7337 = PLANE ( 'NONE',  #614 ) ;
#7338 = LINE ( 'NONE', #556, #1245 ) ;
#7339 = SURFACE_SIDE_STYLE ('',( #9231 ) ) ;
#7340 =( NAMED_UNIT ( * ) SI_UNIT ( $, .STERADIAN. ) SOLID_ANGLE_UNIT ( ) );
#7341 = EDGE_CURVE ( 'NONE', #10067, #9786, #7915, .T. ) ;
#7342 = ORIENTED_EDGE ( 'NONE', *, *, #406, .F. ) ;
#7343 = ORIENTED_EDGE ( 'NONE', *, *, #9761, .T. ) ;
#7344 = PRESENTATION_STYLE_ASSIGNMENT (( #10150 ) ) ;
#7345 = CARTESIAN_POINT ( 'NONE',  ( 8.050000000000000711, -3.399999999999999911, -2.800000000000000266 ) ) ;
#7346 = LINE ( 'NONE', #12274, #8434 ) ;
#7347 = ORIENTED_EDGE ( 'NONE', *, *, #3810, .F. ) ;
#7348 = CARTESIAN_POINT ( 'NONE',  ( 8.050000000000000711, -3.399999999999999911, 0.1500000000000008271 ) ) ;
#7349 = PRESENTATION_STYLE_ASSIGNMENT (( #12413 ) ) ;
#7350 = PLANE ( 'NONE',  #3900 ) ;
#7351 = CARTESIAN_POINT ( 'NONE',  ( 5.750000000000000000, -3.399999999999999911, 0.2500000000000002220 ) ) ;
#7352 = CARTESIAN_POINT ( 'NONE',  ( -1.350000000000000089, 1.149999999999999911, -2.350000000000001421 ) ) ;
#7353 = CARTESIAN_POINT ( 'NONE',  ( 10.69999999999999751, 0.1999999999999999833, 1.700000000000000178 ) ) ;
#7354 = CARTESIAN_POINT ( 'NONE',  ( 9.849999999999997868, -3.399999999999999911, -2.800000000000001155 ) ) ;
#7355 = SURFACE_SIDE_STYLE ('',( #2335 ) ) ;
#7356 = LINE ( 'NONE', #8559, #5781 ) ;
#7357 = EDGE_LOOP ( 'NONE', ( #1045, #1752, #7449, #2203 ) ) ;
#7358 = AXIS2_PLACEMENT_3D ( 'NONE', #3674, #1858, #7663 ) ;
#7359 = CARTESIAN_POINT ( 'NONE',  ( 0.0000000000000000000, 0.0000000000000000000, -0.05000000000000012768 ) ) ;
#7360 = VERTEX_POINT ( 'NONE', #3089 ) ;
#7361 = DIRECTION ( 'NONE',  ( 1.000000000000000000, -5.421010862427522170E-17, 0.0000000000000000000 ) ) ;
#7362 = UNCERTAINTY_MEASURE_WITH_UNIT (LENGTH_MEASURE( 1.000000000000000082E-05 ), #7497, 'distance_accuracy_value', 'NONE');
#7363 = FILL_AREA_STYLE ('',( #2652 ) ) ;
#7364 =( NAMED_UNIT ( * ) SI_UNIT ( $, .STERADIAN. ) SOLID_ANGLE_UNIT ( ) );
#7365 = PRESENTATION_LAYER_ASSIGNMENT (  '', '', ( #1804 ) ) ;
#7366 = CARTESIAN_POINT ( 'NONE',  ( 14.69999999999999751, 0.1999999999999999833, 1.700000000000000178 ) ) ;
#7367 = PLANE ( 'NONE',  #9845 ) ;
#7368 = CARTESIAN_POINT ( 'NONE',  ( 11.25000000000000000, 3.399999999999999467, -2.050000000000001599 ) ) ;
#7369 = VECTOR ( 'NONE', #7991, 1000.000000000000000 ) ;
#7370 =( NAMED_UNIT ( * ) PLANE_ANGLE_UNIT ( ) SI_UNIT ( $, .RADIAN. ) );
#7371 = EDGE_LOOP ( 'NONE', ( #7183, #4667, #2294, #10818 ) ) ;
#7372 = ORIENTED_EDGE ( 'NONE', *, *, #5858, .T. ) ;
#7373 = CARTESIAN_POINT ( 'NONE',  ( 17.94999999999999574, 0.0000000000000000000, -2.800000000000000711 ) ) ;
#7374 = DIRECTION ( 'NONE',  ( 4.336808689942017736E-16, 0.0000000000000000000, 1.000000000000000000 ) ) ;
#7375 =( LENGTH_UNIT ( ) NAMED_UNIT ( * ) SI_UNIT ( .MILLI., .METRE. ) );
#7376 = PRESENTATION_LAYER_ASSIGNMENT (  '', '', ( #6351 ) ) ;
#7377 = ORIENTED_EDGE ( 'NONE', *, *, #6359, .F. ) ;
#7378 = ORIENTED_EDGE ( 'NONE', *, *, #4888, .F. ) ;
#7379 = UNCERTAINTY_MEASURE_WITH_UNIT (LENGTH_MEASURE( 1.000000000000000082E-05 ), #10293, 'distance_accuracy_value', 'NONE');
#7380 = PRESENTATION_LAYER_ASSIGNMENT (  '', '', ( #11010 ) ) ;
#7381 = AXIS2_PLACEMENT_3D ( 'NONE', #3457, #2350, #5328 ) ;
#7382 = VECTOR ( 'NONE', #1481, 1000.000000000000000 ) ;
#7383 = EDGE_LOOP ( 'NONE', ( #11081, #505, #1298, #12209 ) ) ;
#7384 = LINE ( 'NONE', #1368, #6520 ) ;
#7385 = EDGE_CURVE ( 'NONE', #11658, #423, #4159, .T. ) ;
#7386 = SURFACE_SIDE_STYLE ('',( #12182 ) ) ;
#7387 = FACE_OUTER_BOUND ( 'NONE', #1644, .T. ) ;
#7388 = VERTEX_POINT ( 'NONE', #9826 ) ;
#7389 = VECTOR ( 'NONE', #7874, 1000.000000000000114 ) ;
#7390 = COLOUR_RGB ( '',1.000000000000000000, 0.8117647058823529438, 0.5019607843137254832 ) ;
#7391 =( GEOMETRIC_REPRESENTATION_CONTEXT ( 3 ) GLOBAL_UNCERTAINTY_ASSIGNED_CONTEXT ( ( #1949 ) ) GLOBAL_UNIT_ASSIGNED_CONTEXT ( ( #12503, #6975, #11721 ) ) REPRESENTATION_CONTEXT ( 'NONE', 'WORKASPACE' ) );
#7392 = PRESENTATION_STYLE_ASSIGNMENT (( #486 ) ) ;
#7393 = EDGE_LOOP ( 'NONE', ( #7303, #3608, #8830, #490 ) ) ;
#7394 = SURFACE_SIDE_STYLE ('',( #1573 ) ) ;
#7395 = VERTEX_POINT ( 'NONE', #9951 ) ;
#7396 = ORIENTED_EDGE ( 'NONE', *, *, #9569, .T. ) ;
#7397 = CARTESIAN_POINT ( 'NONE',  ( 15.30000000000000071, 0.2000000000000000389, -2.800000000000000266 ) ) ;
#7398 = FACE_OUTER_BOUND ( 'NONE', #11561, .T. ) ;
#7399 = DIRECTION ( 'NONE',  ( -0.0000000000000000000, 1.000000000000000000, -0.0000000000000000000 ) ) ;
#7400 = VECTOR ( 'NONE', #8047, 1000.000000000000000 ) ;
#7401 = DIRECTION ( 'NONE',  ( 0.0000000000000000000, -0.0000000000000000000, 1.000000000000000000 ) ) ;
#7402 = ORIENTED_EDGE ( 'NONE', *, *, #7320, .T. ) ;
#7403 = SURFACE_STYLE_USAGE ( .BOTH. , #3421 ) ;
#7404 = EDGE_CURVE ( 'NONE', #4838, #7388, #2912, .T. ) ;
#7405 = EDGE_CURVE ( 'NONE', #3330, #11147, #7973, .T. ) ;
#7406 = STYLED_ITEM ( 'NONE', ( #8192 ), #9257 ) ;
#7407 = VECTOR ( 'NONE', #3803, 1000.000000000000000 ) ;
#7408 = PRESENTATION_STYLE_ASSIGNMENT (( #1725 ) ) ;
#7409 = ORIENTED_EDGE ( 'NONE', *, *, #9002, .F. ) ;
#7410 = ORIENTED_EDGE ( 'NONE', *, *, #8160, .F. ) ;
#7411 = CARTESIAN_POINT ( 'NONE',  ( 3.849999999999998757, -3.399999999999999911, 0.1500000000000008271 ) ) ;
#7412 = SURFACE_SIDE_STYLE ('',( #2756 ) ) ;
#7413 = PRESENTATION_LAYER_ASSIGNMENT (  '', '', ( #12460 ) ) ;
#7414 = FILL_AREA_STYLE ('',( #10207 ) ) ;
#7415 = ORIENTED_EDGE ( 'NONE', *, *, #5996, .F. ) ;
#7416 = VECTOR ( 'NONE', #2227, 1000.000000000000000 ) ;
#7417 = VECTOR ( 'NONE', #5500, 1000.000000000000000 ) ;
#7418 =( LENGTH_UNIT ( ) NAMED_UNIT ( * ) SI_UNIT ( .MILLI., .METRE. ) );
#7419 = FACE_OUTER_BOUND ( 'NONE', #6983, .T. ) ;
#7420 = CARTESIAN_POINT ( 'NONE',  ( 2.250000000000000000, 5.000000000000000888, 0.2500000000000002220 ) ) ;
#7421 = DIRECTION ( 'NONE',  ( 3.872150616019660190E-17, 1.000000000000000000, -0.0000000000000000000 ) ) ;
#7422 = VECTOR ( 'NONE', #6469, 1000.000000000000000 ) ;
#7423 = EDGE_CURVE ( 'NONE', #2741, #1734, #6852, .T. ) ;
#7424 = EDGE_CURVE ( 'NONE', #8257, #4484, #204, .T. ) ;
#7425 = PRESENTATION_LAYER_ASSIGNMENT (  '', '', ( #9241 ) ) ;
#7426 = STYLED_ITEM ( 'NONE', ( #6119 ), #11435 ) ;
#7427 = SURFACE_SIDE_STYLE ('',( #5251 ) ) ;
#7428 = CARTESIAN_POINT ( 'NONE',  ( 5.750000000000001776, 5.000000000000000888, -0.2499999999999997780 ) ) ;
#7429 =( NAMED_UNIT ( * ) PLANE_ANGLE_UNIT ( ) SI_UNIT ( $, .RADIAN. ) );
#7430 = ORIENTED_EDGE ( 'NONE', *, *, #3568, .T. ) ;
#7431 = VECTOR ( 'NONE', #12073, 1000.000000000000000 ) ;
#7432 =( NAMED_UNIT ( * ) PLANE_ANGLE_UNIT ( ) SI_UNIT ( $, .RADIAN. ) );
#7433 = STYLED_ITEM ( 'NONE', ( #7545 ), #3896 ) ;
#7434 = SURFACE_SIDE_STYLE ('',( #8359 ) ) ;
#7435 = AXIS2_PLACEMENT_3D ( 'NONE', #4228, #1983, #5929 ) ;
#7436 = SURFACE_STYLE_USAGE ( .BOTH. , #789 ) ;
#7437 = DIRECTION ( 'NONE',  ( -0.0000000000000000000, 0.7071067811865500152, 0.7071067811865451302 ) ) ;
#7438 = VECTOR ( 'NONE', #6456, 1000.000000000000000 ) ;
#7439 = PRESENTATION_LAYER_ASSIGNMENT (  '', '', ( #11102 ) ) ;
#7440 = STYLED_ITEM ( 'NONE', ( #6907 ), #11916 ) ;
#7441 = FILL_AREA_STYLE_COLOUR ( '', #4030 ) ;
#7442 = CARTESIAN_POINT ( 'NONE',  ( 17.94999999999999574, 1.380000000000004778, 1.300000000000000044 ) ) ;
#7443 = DIRECTION ( 'NONE',  ( 0.7071067811865489050, -0.7071067811865461294, -3.066586833366754193E-16 ) ) ;
#7444 = ADVANCED_FACE ( 'NONE', ( #6911 ), #10755, .T. ) ;
#7445 = SURFACE_STYLE_USAGE ( .BOTH. , #6530 ) ;
#7446 = COLOUR_RGB ( '',1.000000000000000000, 1.000000000000000000, 1.000000000000000000 ) ;
#7447 = DIRECTION ( 'NONE',  ( -0.0000000000000000000, -0.0000000000000000000, 1.000000000000000000 ) ) ;
#7448 = AXIS2_PLACEMENT_3D ( 'NONE', #3359, #4345, #8222 ) ;
#7449 = ORIENTED_EDGE ( 'NONE', *, *, #9724, .F. ) ;
#7450 = PRESENTATION_LAYER_ASSIGNMENT (  '', '', ( #8246 ) ) ;
#7451 = LINE ( 'NONE', #8452, #9147 ) ;
#7452 = ORIENTED_EDGE ( 'NONE', *, *, #44, .F. ) ;
#7453 = VECTOR ( 'NONE', #8599, 1000.000000000000000 ) ;
#7454 = VERTEX_POINT ( 'NONE', #7281 ) ;
#7455 = ORIENTED_EDGE ( 'NONE', *, *, #9299, .F. ) ;
#7456 = VECTOR ( 'NONE', #5887, 1000.000000000000000 ) ;
#7457 = DIRECTION ( 'NONE',  ( 0.5773502691896239547, -0.5773502691896289507, 0.5773502691896243988 ) ) ;
#7458 = STYLED_ITEM ( 'NONE', ( #3349 ), #10871 ) ;
#7459 = COLOUR_RGB ( '',1.000000000000000000, 1.000000000000000000, 1.000000000000000000 ) ;
#7460 = CARTESIAN_POINT ( 'NONE',  ( 9.750000000000000000, 5.000000000000000888, 0.2500000000000002220 ) ) ;
#7461 = VERTEX_POINT ( 'NONE', #11198 ) ;
#7462 = CARTESIAN_POINT ( 'NONE',  ( 1.750000000000000222, 1.800000000000000044, 0.2500000000000002220 ) ) ;
#7463 =( GEOMETRIC_REPRESENTATION_CONTEXT ( 3 ) GLOBAL_UNCERTAINTY_ASSIGNED_CONTEXT ( ( #11161 ) ) GLOBAL_UNIT_ASSIGNED_CONTEXT ( ( #11472, #3779, #9642 ) ) REPRESENTATION_CONTEXT ( 'NONE', 'WORKASPACE' ) );
#7464 = ORIENTED_EDGE ( 'NONE', *, *, #12376, .T. ) ;
#7465 = CARTESIAN_POINT ( 'NONE',  ( 6.750000000000000888, 1.149999999999999911, -2.050000000000001599 ) ) ;
#7466 = PRESENTATION_STYLE_ASSIGNMENT (( #7529 ) ) ;
#7467 = LINE ( 'NONE', #8464, #11458 ) ;
#7468 = FACE_OUTER_BOUND ( 'NONE', #9333, .T. ) ;
#7469 = MECHANICAL_DESIGN_GEOMETRIC_PRESENTATION_REPRESENTATION (  '', ( #8675 ), #2944 ) ;
#7470 = EDGE_CURVE ( 'NONE', #7479, #6998, #8154, .T. ) ;
#7471 = ORIENTED_EDGE ( 'NONE', *, *, #999, .F. ) ;
#7472 = VERTEX_POINT ( 'NONE', #1207 ) ;
#7473 = SURFACE_SIDE_STYLE ('',( #7656 ) ) ;
#7474 = SURFACE_SIDE_STYLE ('',( #9155 ) ) ;
#7475 = DIRECTION ( 'NONE',  ( -4.336808689942017736E-16, 0.0000000000000000000, -1.000000000000000000 ) ) ;
#7476 = SURFACE_STYLE_USAGE ( .BOTH. , #7339 ) ;
#7477 = FILL_AREA_STYLE_COLOUR ( '', #2926 ) ;
#7478 = FILL_AREA_STYLE_COLOUR ( '', #11226 ) ;
#7479 = VERTEX_POINT ( 'NONE', #10273 ) ;
#7480 = DIRECTION ( 'NONE',  ( 0.0000000000000000000, -1.000000000000000000, 0.0000000000000000000 ) ) ;
#7481 =( GEOMETRIC_REPRESENTATION_CONTEXT ( 3 ) GLOBAL_UNCERTAINTY_ASSIGNED_CONTEXT ( ( #2108 ) ) GLOBAL_UNIT_ASSIGNED_CONTEXT ( ( #10157, #9119, #5298 ) ) REPRESENTATION_CONTEXT ( 'NONE', 'WORKASPACE' ) );
#7482 = CARTESIAN_POINT ( 'NONE',  ( 10.08333333333333215, 5.166666666666667851, 0.08333333333333499404 ) ) ;
#7483 = FILL_AREA_STYLE ('',( #1585 ) ) ;
#7484 = FILL_AREA_STYLE ('',( #3562 ) ) ;
#7485 = DIRECTION ( 'NONE',  ( 0.0000000000000000000, -1.000000000000000000, 0.0000000000000000000 ) ) ;
#7486 = UNCERTAINTY_MEASURE_WITH_UNIT (LENGTH_MEASURE( 1.000000000000000082E-05 ), #9877, 'distance_accuracy_value', 'NONE');
#7487 = ADVANCED_FACE ( 'NONE', ( #4413 ), #8284, .F. ) ;
#7488 = EDGE_LOOP ( 'NONE', ( #6581, #3215, #1574, #7588 ) ) ;
#7489 = UNCERTAINTY_MEASURE_WITH_UNIT (LENGTH_MEASURE( 1.000000000000000082E-05 ), #4547, 'distance_accuracy_value', 'NONE');
#7490 = SURFACE_SIDE_STYLE ('',( #839 ) ) ;
#7491 = ADVANCED_FACE ( 'NONE', ( #3217 ), #5238, .F. ) ;
#7492 = DIRECTION ( 'NONE',  ( -4.336808689942017736E-16, 0.0000000000000000000, -1.000000000000000000 ) ) ;
#7493 = CARTESIAN_POINT ( 'NONE',  ( -1.180000000000000382, 4.229999999999999538, -2.801000000000000600 ) ) ;
#7494 = LINE ( 'NONE', #8617, #5596 ) ;
#7495 = VECTOR ( 'NONE', #488, 1000.000000000000000 ) ;
#7496 = DIRECTION ( 'NONE',  ( 1.000000000000000000, 0.0000000000000000000, -3.478723548081834449E-17 ) ) ;
#7497 =( LENGTH_UNIT ( ) NAMED_UNIT ( * ) SI_UNIT ( .MILLI., .METRE. ) );
#7498 = EDGE_LOOP ( 'NONE', ( #4200, #4637, #10049, #12606 ) ) ;
#7499 = PRESENTATION_STYLE_ASSIGNMENT (( #6515 ) ) ;
#7500 = CARTESIAN_POINT ( 'NONE',  ( 13.74999999999999822, -3.399999999999999911, 0.2500000000000002220 ) ) ;
#7501 = EDGE_CURVE ( 'NONE', #1802, #509, #11521, .T. ) ;
#7502 = STYLED_ITEM ( 'NONE', ( #4327 ), #356 ) ;
#7503 =( GEOMETRIC_REPRESENTATION_CONTEXT ( 3 ) GLOBAL_UNCERTAINTY_ASSIGNED_CONTEXT ( ( #6104 ) ) GLOBAL_UNIT_ASSIGNED_CONTEXT ( ( #3130, #6883, #882 ) ) REPRESENTATION_CONTEXT ( 'NONE', 'WORKASPACE' ) );
#7504 = DIRECTION ( 'NONE',  ( -5.421010862427522170E-17, -1.000000000000000000, 2.350988701644575016E-32 ) ) ;
#7505 = UNCERTAINTY_MEASURE_WITH_UNIT (LENGTH_MEASURE( 1.000000000000000082E-05 ), #1195, 'distance_accuracy_value', 'NONE');
#7506 =( LENGTH_UNIT ( ) NAMED_UNIT ( * ) SI_UNIT ( .MILLI., .METRE. ) );
#7507 = FILL_AREA_STYLE ('',( #5705 ) ) ;
#7508 =( NAMED_UNIT ( * ) PLANE_ANGLE_UNIT ( ) SI_UNIT ( $, .RADIAN. ) );
#7509 = CARTESIAN_POINT ( 'NONE',  ( 3.250000000000000888, 3.399999999999999467, -2.300000000000003375 ) ) ;
#7510 = PRESENTATION_STYLE_ASSIGNMENT (( #12431 ) ) ;
#7511 = EDGE_LOOP ( 'NONE', ( #1347, #362, #8585, #4668 ) ) ;
#7512 = DIRECTION ( 'NONE',  ( 0.0000000000000000000, 0.0000000000000000000, 1.000000000000000000 ) ) ;
#7513 = SURFACE_STYLE_FILL_AREA ( #8642 ) ;
#7514 = VERTEX_POINT ( 'NONE', #2702 ) ;
#7515 = STYLED_ITEM ( 'NONE', ( #4514 ), #368 ) ;
#7516 = VECTOR ( 'NONE', #4098, 1000.000000000000000 ) ;
#7517 = EDGE_LOOP ( 'NONE', ( #3993, #206, #561, #7134 ) ) ;
#7518 = PLANE ( 'NONE',  #5932 ) ;
#7519 = VERTEX_POINT ( 'NONE', #6646 ) ;
#7520 = UNCERTAINTY_MEASURE_WITH_UNIT (LENGTH_MEASURE( 1.000000000000000082E-05 ), #2235, 'distance_accuracy_value', 'NONE');
#7521 = VECTOR ( 'NONE', #1547, 1000.000000000000000 ) ;
#7522 =( NAMED_UNIT ( * ) PLANE_ANGLE_UNIT ( ) SI_UNIT ( $, .RADIAN. ) );
#7523 = SURFACE_STYLE_USAGE ( .BOTH. , #744 ) ;
#7524 = FACE_OUTER_BOUND ( 'NONE', #7557, .T. ) ;
#7525 = ORIENTED_EDGE ( 'NONE', *, *, #4984, .F. ) ;
#7526 = DIRECTION ( 'NONE',  ( 1.000000000000000000, -5.421010862427522170E-17, 0.0000000000000000000 ) ) ;
#7527 = ORIENTED_EDGE ( 'NONE', *, *, #9483, .T. ) ;
#7528 = CARTESIAN_POINT ( 'NONE',  ( 7.750000000000000000, -3.399999999999999911, 0.1500000000000008271 ) ) ;
#7529 = SURFACE_STYLE_USAGE ( .BOTH. , #5472 ) ;
#7530 = LINE ( 'NONE', #9416, #12047 ) ;
#7531 = SURFACE_STYLE_USAGE ( .BOTH. , #2608 ) ;
#7532 = CARTESIAN_POINT ( 'NONE',  ( 11.29999999999999893, 0.2000000000000000389, -2.800000000000000266 ) ) ;
#7533 = DIRECTION ( 'NONE',  ( 1.000000000000000000, 0.0000000000000000000, 0.0000000000000000000 ) ) ;
#7534 =( NAMED_UNIT ( * ) SI_UNIT ( $, .STERADIAN. ) SOLID_ANGLE_UNIT ( ) );
#7535 = ORIENTED_EDGE ( 'NONE', *, *, #682, .T. ) ;
#7536 =( LENGTH_UNIT ( ) NAMED_UNIT ( * ) SI_UNIT ( .MILLI., .METRE. ) );
#7537 = DIRECTION ( 'NONE',  ( -0.0000000000000000000, -0.0000000000000000000, 1.000000000000000000 ) ) ;
#7538 = UNCERTAINTY_MEASURE_WITH_UNIT (LENGTH_MEASURE( 1.000000000000000082E-05 ), #2151, 'distance_accuracy_value', 'NONE');
#7539 = FACE_OUTER_BOUND ( 'NONE', #2669, .T. ) ;
#7540 = EDGE_LOOP ( 'NONE', ( #579, #1913, #11558, #4157 ) ) ;
#7541 = DIRECTION ( 'NONE',  ( 0.0000000000000000000, 0.0000000000000000000, -1.000000000000000000 ) ) ;
#7542 = LINE ( 'NONE', #6644, #5265 ) ;
#7544 = VECTOR ( 'NONE', #4617, 1000.000000000000000 ) ;
#7543 = PRESENTATION_STYLE_ASSIGNMENT (( #3617 ) ) ;
#7545 = PRESENTATION_STYLE_ASSIGNMENT (( #8479 ) ) ;
#7546 =( NAMED_UNIT ( * ) SI_UNIT ( $, .STERADIAN. ) SOLID_ANGLE_UNIT ( ) );
#7547 = PLANE ( 'NONE',  #5954 ) ;
#7548 = COLOUR_RGB ( '',1.000000000000000000, 1.000000000000000000, 1.000000000000000000 ) ;
#7549 = LINE ( 'NONE', #11292, #2269 ) ;
#7550 = EDGE_CURVE ( 'NONE', #4689, #695, #9363, .T. ) ;
#7551 = DIRECTION ( 'NONE',  ( 1.000000000000000000, 0.0000000000000000000, -0.0000000000000000000 ) ) ;
#7552 = UNCERTAINTY_MEASURE_WITH_UNIT (LENGTH_MEASURE( 1.000000000000000082E-05 ), #360, 'distance_accuracy_value', 'NONE');
#7553 = CARTESIAN_POINT ( 'NONE',  ( 10.24999999999999822, -3.399999999999999911, -0.2499999999999997780 ) ) ;
#7554 = EDGE_LOOP ( 'NONE', ( #3815, #9360, #7229, #11755 ) ) ;
#7555 = ORIENTED_EDGE ( 'NONE', *, *, #6315, .T. ) ;
#7556 = MECHANICAL_DESIGN_GEOMETRIC_PRESENTATION_REPRESENTATION (  '', ( #1977 ), #3654 ) ;
#7557 = EDGE_LOOP ( 'NONE', ( #11650, #9014, #12373, #7452 ) ) ;
#7558 = PRESENTATION_STYLE_ASSIGNMENT (( #5563 ) ) ;
#7559 = FACE_OUTER_BOUND ( 'NONE', #12626, .T. ) ;
#7560 = DIRECTION ( 'NONE',  ( -0.0000000000000000000, 1.000000000000000000, -0.0000000000000000000 ) ) ;
#7561 = LINE ( 'NONE', #3793, #10479 ) ;
#7562 = DIRECTION ( 'NONE',  ( -4.336808689942017736E-16, 0.0000000000000000000, -1.000000000000000000 ) ) ;
#7563 = ORIENTED_EDGE ( 'NONE', *, *, #10414, .T. ) ;
#7564 = LINE ( 'NONE', #11545, #7861 ) ;
#7565 = EDGE_CURVE ( 'NONE', #8612, #3627, #11395, .T. ) ;
#7566 = EDGE_CURVE ( 'NONE', #4535, #10609, #7606, .T. ) ;
#7567 = SURFACE_SIDE_STYLE ('',( #734 ) ) ;
#7568 = ORIENTED_EDGE ( 'NONE', *, *, #5128, .F. ) ;
#7569 = VERTEX_POINT ( 'NONE', #12473 ) ;
#7570 = SURFACE_SIDE_STYLE ('',( #8571 ) ) ;
#7571 =( GEOMETRIC_REPRESENTATION_CONTEXT ( 3 ) GLOBAL_UNCERTAINTY_ASSIGNED_CONTEXT ( ( #1562 ) ) GLOBAL_UNIT_ASSIGNED_CONTEXT ( ( #9804, #11876, #1315 ) ) REPRESENTATION_CONTEXT ( 'NONE', 'WORKASPACE' ) );
#7572 = LINE ( 'NONE', #3907, #6096 ) ;
#7573 = EDGE_LOOP ( 'NONE', ( #8221, #162, #11313, #8799, #5902, #1598 ) ) ;
#7574 = ORIENTED_EDGE ( 'NONE', *, *, #3731, .F. ) ;
#7575 = EDGE_LOOP ( 'NONE', ( #1716, #7580, #11734, #12134 ) ) ;
#7576 = DIRECTION ( 'NONE',  ( 1.000000000000000000, 0.0000000000000000000, 0.0000000000000000000 ) ) ;
#7577 = VECTOR ( 'NONE', #7228, 1000.000000000000000 ) ;
#7578 = STYLED_ITEM ( 'NONE', ( #1344 ), #6492 ) ;
#7579 = EDGE_CURVE ( 'NONE', #6990, #3989, #4671, .T. ) ;
#7580 = ORIENTED_EDGE ( 'NONE', *, *, #3713, .T. ) ;
#7581 = ORIENTED_EDGE ( 'NONE', *, *, #5042, .F. ) ;
#7582 = FILL_AREA_STYLE_COLOUR ( '', #4756 ) ;
#7583 = ORIENTED_EDGE ( 'NONE', *, *, #474, .T. ) ;
#7584 = FILL_AREA_STYLE ('',( #688 ) ) ;
#7585 = EDGE_CURVE ( 'NONE', #1475, #11272, #10459, .T. ) ;
#7586 = LINE ( 'NONE', #7528, #4022 ) ;
#7587 = FACE_OUTER_BOUND ( 'NONE', #10028, .T. ) ;
#7588 = ORIENTED_EDGE ( 'NONE', *, *, #1740, .F. ) ;
#7589 = MECHANICAL_DESIGN_GEOMETRIC_PRESENTATION_REPRESENTATION (  '', ( #5731 ), #569 ) ;
#7590 = VECTOR ( 'NONE', #4759, 1000.000000000000000 ) ;
#7591 = STYLED_ITEM ( 'NONE', ( #8996 ), #5194 ) ;
#7592 = PLANE ( 'NONE',  #608 ) ;
#7593 = ORIENTED_EDGE ( 'NONE', *, *, #4135, .T. ) ;
#7594 = LINE ( 'NONE', #8466, #7206 ) ;
#7595 = PRESENTATION_STYLE_ASSIGNMENT (( #3667 ) ) ;
#7596 = VECTOR ( 'NONE', #7803, 1000.000000000000000 ) ;
#7597 = VECTOR ( 'NONE', #3184, 1000.000000000000000 ) ;
#7598 = ORIENTED_EDGE ( 'NONE', *, *, #134, .F. ) ;
#7599 = AXIS2_PLACEMENT_3D ( 'NONE', #5114, #11911, #9848 ) ;
#7600 = AXIS2_PLACEMENT_3D ( 'NONE', #10226, #5260, #6219 ) ;
#7601 = FILL_AREA_STYLE_COLOUR ( '', #8572 ) ;
#7602 = EDGE_LOOP ( 'NONE', ( #12451, #9908, #1706, #12578 ) ) ;
#7603 = SURFACE_STYLE_USAGE ( .BOTH. , #4725 ) ;
#7604 = CARTESIAN_POINT ( 'NONE',  ( 3.750000000000000444, 0.2000000000000000111, -0.2499999999999997780 ) ) ;
#7605 = VECTOR ( 'NONE', #10146, 1000.000000000000000 ) ;
#7606 = LINE ( 'NONE', #8607, #11033 ) ;
#7607 = DIRECTION ( 'NONE',  ( -1.000000000000000000, -0.0000000000000000000, -1.927470528863119049E-16 ) ) ;
#7608 = VECTOR ( 'NONE', #10712, 1000.000000000000000 ) ;
#7609 = UNCERTAINTY_MEASURE_WITH_UNIT (LENGTH_MEASURE( 1.000000000000000082E-05 ), #106, 'distance_accuracy_value', 'NONE');
#7610 = CARTESIAN_POINT ( 'NONE',  ( 13.74999999999999822, -3.399999999999999911, -0.2499999999999997780 ) ) ;
#7611 =( GEOMETRIC_REPRESENTATION_CONTEXT ( 3 ) GLOBAL_UNCERTAINTY_ASSIGNED_CONTEXT ( ( #9281 ) ) GLOBAL_UNIT_ASSIGNED_CONTEXT ( ( #8961, #188, #4264 ) ) REPRESENTATION_CONTEXT ( 'NONE', 'WORKASPACE' ) );
#7612 =( GEOMETRIC_REPRESENTATION_CONTEXT ( 3 ) GLOBAL_UNCERTAINTY_ASSIGNED_CONTEXT ( ( #1528 ) ) GLOBAL_UNIT_ASSIGNED_CONTEXT ( ( #7700, #10614, #12382 ) ) REPRESENTATION_CONTEXT ( 'NONE', 'WORKASPACE' ) );
#7613 = LINE ( 'NONE', #1472, #6828 ) ;
#7614 =( NAMED_UNIT ( * ) PLANE_ANGLE_UNIT ( ) SI_UNIT ( $, .RADIAN. ) );
#7615 = CARTESIAN_POINT ( 'NONE',  ( 13.29999999999999893, 0.2000000000000000389, 0.2500000000000002220 ) ) ;
#7616 =( LENGTH_UNIT ( ) NAMED_UNIT ( * ) SI_UNIT ( .MILLI., .METRE. ) );
#7617 =( GEOMETRIC_REPRESENTATION_CONTEXT ( 3 ) GLOBAL_UNCERTAINTY_ASSIGNED_CONTEXT ( ( #6707 ) ) GLOBAL_UNIT_ASSIGNED_CONTEXT ( ( #3622, #9712, #1870 ) ) REPRESENTATION_CONTEXT ( 'NONE', 'WORKASPACE' ) );
#7618 = COLOUR_RGB ( '',1.000000000000000000, 1.000000000000000000, 1.000000000000000000 ) ;
#7619 = PRESENTATION_STYLE_ASSIGNMENT (( #9646 ) ) ;
#7620 = DIRECTION ( 'NONE',  ( 3.872150616019661422E-17, 1.000000000000000000, 0.0000000000000000000 ) ) ;
#7621 = CARTESIAN_POINT ( 'NONE',  ( 8.700000000000002842, 0.0000000000000000000, -2.800000000000000266 ) ) ;
#7622 = ADVANCED_FACE ( 'NONE', ( #9504 ), #639, .F. ) ;
#7623 = STYLED_ITEM ( 'NONE', ( #12326 ), #7824 ) ;
#7624 = COLOUR_RGB ( '',1.000000000000000000, 1.000000000000000000, 1.000000000000000000 ) ;
#7625 = PRESENTATION_STYLE_ASSIGNMENT (( #11228 ) ) ;
#7626 = CARTESIAN_POINT ( 'NONE',  ( 10.75000000000000000, 3.149999999999999023, -2.050000000000001599 ) ) ;
#7627 = COLOUR_RGB ( '',1.000000000000000000, 0.8117647058823529438, 0.5019607843137254832 ) ;
#7628 = CARTESIAN_POINT ( 'NONE',  ( 11.75000000000000000, -3.399999999999999911, 0.1500000000000008271 ) ) ;
#7629 = VECTOR ( 'NONE', #12016, 1000.000000000000000 ) ;
#7630 = LINE ( 'NONE', #4636, #6421 ) ;
#7631 = ORIENTED_EDGE ( 'NONE', *, *, #9970, .T. ) ;
#7632 = PRESENTATION_STYLE_ASSIGNMENT (( #4706 ) ) ;
#7633 = DIRECTION ( 'NONE',  ( 0.7071067811865475727, -0.7071067811865475727, 1.662400053425836136E-32 ) ) ;
#7634 = PRESENTATION_LAYER_ASSIGNMENT (  '', '', ( #433 ) ) ;
#7635 = ORIENTED_EDGE ( 'NONE', *, *, #2591, .F. ) ;
#7636 = AXIS2_PLACEMENT_3D ( 'NONE', #6473, #10361, #1420 ) ;
#7637 = MECHANICAL_DESIGN_GEOMETRIC_PRESENTATION_REPRESENTATION (  '', ( #643 ), #1034 ) ;
#7638 = SURFACE_STYLE_USAGE ( .BOTH. , #11071 ) ;
#7639 = EDGE_CURVE ( 'NONE', #982, #2218, #6503, .T. ) ;
#7640 = ADVANCED_FACE ( 'NONE', ( #8676 ), #4538, .T. ) ;
#7641 = CARTESIAN_POINT ( 'NONE',  ( 8.150000000000000355, -3.399999999999999911, 0.2500000000000002220 ) ) ;
#7642 =( LENGTH_UNIT ( ) NAMED_UNIT ( * ) SI_UNIT ( .MILLI., .METRE. ) );
#7643 = MECHANICAL_DESIGN_GEOMETRIC_PRESENTATION_REPRESENTATION (  '', ( #11676 ), #11067 ) ;
#7644 = ORIENTED_EDGE ( 'NONE', *, *, #11791, .F. ) ;
#7645 = ORIENTED_EDGE ( 'NONE', *, *, #11499, .T. ) ;
#7646 = LINE ( 'NONE', #10685, #10443 ) ;
#7647 = CARTESIAN_POINT ( 'NONE',  ( 7.750000000000000000, 5.000000000000000888, 0.2500000000000002220 ) ) ;
#7648 =( GEOMETRIC_REPRESENTATION_CONTEXT ( 3 ) GLOBAL_UNCERTAINTY_ASSIGNED_CONTEXT ( ( #8879 ) ) GLOBAL_UNIT_ASSIGNED_CONTEXT ( ( #9191, #10039, #8182 ) ) REPRESENTATION_CONTEXT ( 'NONE', 'WORKASPACE' ) );
#7649 = FILL_AREA_STYLE_COLOUR ( '', #3380 ) ;
#7650 = LINE ( 'NONE', #10567, #8766 ) ;
#7651 = VERTEX_POINT ( 'NONE', #3821 ) ;
#7652 = MECHANICAL_DESIGN_GEOMETRIC_PRESENTATION_REPRESENTATION (  '', ( #8246 ), #8044 ) ;
#7653 = ADVANCED_FACE ( 'NONE', ( #4905 ), #5032, .F. ) ;
#7654 = ADVANCED_FACE ( 'NONE', ( #4978 ), #10879, .F. ) ;
#7655 = VECTOR ( 'NONE', #50, 1000.000000000000000 ) ;
#7656 = SURFACE_STYLE_FILL_AREA ( #9422 ) ;
#7657 = FILL_AREA_STYLE_COLOUR ( '', #9149 ) ;
#7658 =( LENGTH_UNIT ( ) NAMED_UNIT ( * ) SI_UNIT ( .MILLI., .METRE. ) );
#7659 = CARTESIAN_POINT ( 'NONE',  ( 10.69999999999999751, 0.0000000000000000000, -2.800000000000000266 ) ) ;
#7660 = EDGE_CURVE ( 'NONE', #4070, #5772, #2103, .T. ) ;
#7661 =( LENGTH_UNIT ( ) NAMED_UNIT ( * ) SI_UNIT ( .MILLI., .METRE. ) );
#7662 = AXIS2_PLACEMENT_3D ( 'NONE', #2068, #11672, #110 ) ;
#7663 = DIRECTION ( 'NONE',  ( 1.000000000000000000, -5.421010862427522170E-17, 0.0000000000000000000 ) ) ;
#7664 =( LENGTH_UNIT ( ) NAMED_UNIT ( * ) SI_UNIT ( .MILLI., .METRE. ) );
#7665 = ORIENTED_EDGE ( 'NONE', *, *, #8825, .T. ) ;
#7666 = CARTESIAN_POINT ( 'NONE',  ( 2.150000000000003908, -3.399999999999999911, -0.1500000000000038525 ) ) ;
#7667 = FILL_AREA_STYLE_COLOUR ( '', #10743 ) ;
#7668 = SURFACE_STYLE_FILL_AREA ( #9564 ) ;
#7669 = MECHANICAL_DESIGN_GEOMETRIC_PRESENTATION_REPRESENTATION (  '', ( #4404 ), #5010 ) ;
#7670 = DIRECTION ( 'NONE',  ( -1.000000000000000000, 0.0000000000000000000, 2.609042661061375682E-17 ) ) ;
#7671 = DIRECTION ( 'NONE',  ( -1.000000000000000000, 5.421010862427522170E-17, 0.0000000000000000000 ) ) ;
#7672 = FACE_OUTER_BOUND ( 'NONE', #987, .T. ) ;
#7673 = LINE ( 'NONE', #9714, #10220 ) ;
#7674 = ORIENTED_EDGE ( 'NONE', *, *, #11463, .F. ) ;
#7675 = LINE ( 'NONE', #2827, #12279 ) ;
#7676 = UNCERTAINTY_MEASURE_WITH_UNIT (LENGTH_MEASURE( 1.000000000000000082E-05 ), #12125, 'distance_accuracy_value', 'NONE');
#7677 = CARTESIAN_POINT ( 'NONE',  ( 17.34999999999999076, 5.650000000000002132, 1.249999999999997558 ) ) ;
#7678 = EDGE_CURVE ( 'NONE', #2288, #3073, #10139, .T. ) ;
#7679 = FACE_OUTER_BOUND ( 'NONE', #7393, .T. ) ;
#7680 = CARTESIAN_POINT ( 'NONE',  ( 9.749999999999998224, 1.800000000000000044, -2.800000000000005596 ) ) ;
#7681 =( LENGTH_UNIT ( ) NAMED_UNIT ( * ) SI_UNIT ( .MILLI., .METRE. ) );
#7682 = FILL_AREA_STYLE ('',( #8624 ) ) ;
#7683 = SURFACE_SIDE_STYLE ('',( #11661 ) ) ;
#7684 = DIRECTION ( 'NONE',  ( 1.000000000000000000, -5.421010862427522170E-17, 0.0000000000000000000 ) ) ;
#7685 = EDGE_LOOP ( 'NONE', ( #6745, #6427, #12098, #1318 ) ) ;
#7686 =( NAMED_UNIT ( * ) PLANE_ANGLE_UNIT ( ) SI_UNIT ( $, .RADIAN. ) );
#7687 = FILL_AREA_STYLE ('',( #11664 ) ) ;
#7688 = DIRECTION ( 'NONE',  ( -4.336808689942017736E-16, 0.0000000000000000000, -1.000000000000000000 ) ) ;
#7689 = LINE ( 'NONE', #729, #12497 ) ;
#7690 = FACE_OUTER_BOUND ( 'NONE', #3862, .T. ) ;
#7691 = ORIENTED_EDGE ( 'NONE', *, *, #544, .F. ) ;
#7692 = EDGE_CURVE ( 'NONE', #1840, #548, #4145, .T. ) ;
#7693 = EDGE_LOOP ( 'NONE', ( #2619, #9052, #1432, #1561, #7157, #418, #6536, #7107, #2526, #11500, #3003, #9602, #7754, #12080, #8974, #12470, #10010, #9207, #11481, #11604, #6735, #4300, #4042, #7090, #2462, #3193, #6701, #139, #9279, #3525, #2091, #7631, #9791, #8568, #7259, #11879, #3925, #2148, #74, #9559 ) ) ;
#7694 = FILL_AREA_STYLE_COLOUR ( '', #531 ) ;
#7695 =( NAMED_UNIT ( * ) PLANE_ANGLE_UNIT ( ) SI_UNIT ( $, .RADIAN. ) );
#7696 = VECTOR ( 'NONE', #2606, 1000.000000000000000 ) ;
#7697 = VERTEX_POINT ( 'NONE', #11994 ) ;
#7698 =( NAMED_UNIT ( * ) PLANE_ANGLE_UNIT ( ) SI_UNIT ( $, .RADIAN. ) );
#7699 = LINE ( 'NONE', #12381, #10769 ) ;
#7700 =( LENGTH_UNIT ( ) NAMED_UNIT ( * ) SI_UNIT ( .MILLI., .METRE. ) );
#7701 = AXIS2_PLACEMENT_3D ( 'NONE', #9194, #2399, #289 ) ;
#7702 = ORIENTED_EDGE ( 'NONE', *, *, #948, .T. ) ;
#7703 = EDGE_CURVE ( 'NONE', #3629, #6035, #8206, .T. ) ;
#7704 = CARTESIAN_POINT ( 'NONE',  ( -0.2500000000000004441, -3.300000000000000266, -0.2499999999999997780 ) ) ;
#7705 = VERTEX_POINT ( 'NONE', #2420 ) ;
#7706 = CARTESIAN_POINT ( 'NONE',  ( 14.69999999999999751, 0.1999999999999999833, -2.800000000000000266 ) ) ;
#7707 = EDGE_CURVE ( 'NONE', #9265, #4838, #5347, .T. ) ;
#7708 = EDGE_CURVE ( 'NONE', #4880, #11752, #1378, .T. ) ;
#7709 = CARTESIAN_POINT ( 'NONE',  ( -1.350000000000000089, 1.799999999999999600, -0.4000000000000023537 ) ) ;
#7710 = VECTOR ( 'NONE', #4848, 1000.000000000000000 ) ;
#7711 = VERTEX_POINT ( 'NONE', #7076 ) ;
#7712 = PLANE ( 'NONE',  #11264 ) ;
#7713 = DIRECTION ( 'NONE',  ( -5.421010862427522170E-17, -1.000000000000000000, 2.350988701644575016E-32 ) ) ;
#7714 = SURFACE_STYLE_USAGE ( .BOTH. , #1781 ) ;
#7715 = VERTEX_POINT ( 'NONE', #9223 ) ;
#7716 = STYLED_ITEM ( 'NONE', ( #7747 ), #305 ) ;
#7717 = EDGE_CURVE ( 'NONE', #1494, #8190, #440, .T. ) ;
#7718 = VERTEX_POINT ( 'NONE', #12124 ) ;
#7719 = EDGE_CURVE ( 'NONE', #11182, #4312, #9039, .T. ) ;
#7720 = DIRECTION ( 'NONE',  ( -4.336808689942017736E-16, 0.0000000000000000000, -1.000000000000000000 ) ) ;
#7721 = LINE ( 'NONE', #4904, #7836 ) ;
#7722 = FILL_AREA_STYLE ('',( #4730 ) ) ;
#7723 = ORIENTED_EDGE ( 'NONE', *, *, #8387, .F. ) ;
#7724 = UNCERTAINTY_MEASURE_WITH_UNIT (LENGTH_MEASURE( 1.000000000000000082E-05 ), #3326, 'distance_accuracy_value', 'NONE');
#7725 =( NAMED_UNIT ( * ) SI_UNIT ( $, .STERADIAN. ) SOLID_ANGLE_UNIT ( ) );
#7726 = DIRECTION ( 'NONE',  ( 1.000000000000000000, -5.421010862427522170E-17, 0.0000000000000000000 ) ) ;
#7727 = STYLED_ITEM ( 'NONE', ( #6232 ), #167 ) ;
#7728 = FILL_AREA_STYLE ('',( #11585 ) ) ;
#7729 = CARTESIAN_POINT ( 'NONE',  ( -1.949999999999999956, 6.000000000000000000, 0.3199999999999999512 ) ) ;
#7730 = EDGE_CURVE ( 'NONE', #12414, #832, #1196, .T. ) ;
#7731 = APPLICATION_PROTOCOL_DEFINITION ( 'draft international standard', 'automotive_design', 1998, #3690 ) ;
#7732 = FILL_AREA_STYLE_COLOUR ( '', #9396 ) ;
#7733 = EDGE_CURVE ( 'NONE', #3204, #11419, #5156, .T. ) ;
#7734 = FACE_OUTER_BOUND ( 'NONE', #9233, .T. ) ;
#7735 = LINE ( 'NONE', #10649, #4743 ) ;
#7736 = CARTESIAN_POINT ( 'NONE',  ( 14.84999999999999432, 6.000000000000001776, 1.249999999999997558 ) ) ;
#7737 = DIRECTION ( 'NONE',  ( 1.000000000000000000, -0.0000000000000000000, -4.358601698434190141E-17 ) ) ;
#7738 = ORIENTED_EDGE ( 'NONE', *, *, #544, .T. ) ;
#7739 = ORIENTED_EDGE ( 'NONE', *, *, #1647, .F. ) ;
#7740 =( NAMED_UNIT ( * ) PLANE_ANGLE_UNIT ( ) SI_UNIT ( $, .RADIAN. ) );
#7741 = EDGE_LOOP ( 'NONE', ( #8445, #6797, #6657, #81 ) ) ;
#7742 = CARTESIAN_POINT ( 'NONE',  ( 4.250000000000000000, -3.399999999999999911, 0.2500000000000002220 ) ) ;
#7743 = LINE ( 'NONE', #151, #3491 ) ;
#7744 = LINE ( 'NONE', #10766, #7655 ) ;
#7745 = DIRECTION ( 'NONE',  ( -4.336808689942017736E-16, 0.0000000000000000000, -1.000000000000000000 ) ) ;
#7746 = ORIENTED_EDGE ( 'NONE', *, *, #935, .F. ) ;
#7747 = PRESENTATION_STYLE_ASSIGNMENT (( #3719 ) ) ;
#7748 = CARTESIAN_POINT ( 'NONE',  ( 8.050000000000000711, 0.0000000000000000000, -2.050000000000001599 ) ) ;
#7749 = CARTESIAN_POINT ( 'NONE',  ( 16.15000000000000213, -3.399999999999999911, -2.800000000000000266 ) ) ;
#7750 = VERTEX_POINT ( 'NONE', #3410 ) ;
#7751 = DIRECTION ( 'NONE',  ( -3.833233541708432880E-17, -0.7071067811865471286, -0.7071067811865479058 ) ) ;
#7752 =( NAMED_UNIT ( * ) PLANE_ANGLE_UNIT ( ) SI_UNIT ( $, .RADIAN. ) );
#7753 = LINE ( 'NONE', #9740, #11806 ) ;
#7754 = ORIENTED_EDGE ( 'NONE', *, *, #10535, .T. ) ;
#7755 = DIRECTION ( 'NONE',  ( 1.000000000000000000, 0.0000000000000000000, 0.0000000000000000000 ) ) ;
#7756 = ORIENTED_EDGE ( 'NONE', *, *, #4522, .T. ) ;
#7757 = SURFACE_STYLE_USAGE ( .BOTH. , #815 ) ;
#7758 = ORIENTED_EDGE ( 'NONE', *, *, #7277, .F. ) ;
#7759 = CARTESIAN_POINT ( 'NONE',  ( 10.14999999999999858, 5.100000000000001421, -2.800000000000000266 ) ) ;
#7760 = ORIENTED_EDGE ( 'NONE', *, *, #4680, .F. ) ;
#7761 = DIRECTION ( 'NONE',  ( 0.0000000000000000000, 0.0000000000000000000, -1.000000000000000000 ) ) ;
#7762 = MECHANICAL_DESIGN_GEOMETRIC_PRESENTATION_REPRESENTATION (  '', ( #9381 ), #8161 ) ;
#7763 = STYLED_ITEM ( 'NONE', ( #6022 ), #6544 ) ;
#7764 =( GEOMETRIC_REPRESENTATION_CONTEXT ( 3 ) GLOBAL_UNCERTAINTY_ASSIGNED_CONTEXT ( ( #7505 ) ) GLOBAL_UNIT_ASSIGNED_CONTEXT ( ( #1195, #438, #10254 ) ) REPRESENTATION_CONTEXT ( 'NONE', 'WORKASPACE' ) );
#7765 = EDGE_LOOP ( 'NONE', ( #3067, #7593, #4063, #6659 ) ) ;
#7766 =( NAMED_UNIT ( * ) PLANE_ANGLE_UNIT ( ) SI_UNIT ( $, .RADIAN. ) );
#7767 = LINE ( 'NONE', #7839, #11383 ) ;
#7768 = ADVANCED_FACE ( 'NONE', ( #11066 ), #4333, .F. ) ;
#7769 = FACE_OUTER_BOUND ( 'NONE', #5441, .T. ) ;
#7770 =( LENGTH_UNIT ( ) NAMED_UNIT ( * ) SI_UNIT ( .MILLI., .METRE. ) );
#7771 = VECTOR ( 'NONE', #11825, 1000.000000000000000 ) ;
#7772 = VECTOR ( 'NONE', #1114, 1000.000000000000000 ) ;
#7773 = FILL_AREA_STYLE ('',( #9808 ) ) ;
#7774 = EDGE_LOOP ( 'NONE', ( #12236, #1621, #5279, #4125 ) ) ;
#7775 = DIRECTION ( 'NONE',  ( 1.000000000000000000, -0.0000000000000000000, -4.358601698434190141E-17 ) ) ;
#7776 = LINE ( 'NONE', #9885, #9463 ) ;
#7777 = PRESENTATION_STYLE_ASSIGNMENT (( #3875 ) ) ;
#7778 = AXIS2_PLACEMENT_3D ( 'NONE', #9125, #8237, #8063 ) ;
#7779 = VECTOR ( 'NONE', #9195, 1000.000000000000000 ) ;
#7780 = FACE_OUTER_BOUND ( 'NONE', #11225, .T. ) ;
#7781 = CARTESIAN_POINT ( 'NONE',  ( 7.450000000000000178, -4.100000000000000533, 0.5499999999999997113 ) ) ;
#7782 = EDGE_CURVE ( 'NONE', #6291, #5421, #2303, .T. ) ;
#7783 = PRESENTATION_LAYER_ASSIGNMENT (  '', '', ( #2863 ) ) ;
#7784 = EDGE_CURVE ( 'NONE', #10945, #12280, #6247, .T. ) ;
#7785 = CARTESIAN_POINT ( 'NONE',  ( 17.94999999999999574, 6.000000000000000000, 1.699999999999999289 ) ) ;
#7786 = CARTESIAN_POINT ( 'NONE',  ( 14.84999999999999432, 6.000000000000001776, 1.700000000000000178 ) ) ;
#7787 = MECHANICAL_DESIGN_GEOMETRIC_PRESENTATION_REPRESENTATION (  '', ( #3069 ), #392 ) ;
#7788 = UNCERTAINTY_MEASURE_WITH_UNIT (LENGTH_MEASURE( 1.000000000000000082E-05 ), #8430, 'distance_accuracy_value', 'NONE');
#7789 = FILL_AREA_STYLE ('',( #5552 ) ) ;
#7790 = CARTESIAN_POINT ( 'NONE',  ( 10.24999999999999822, 5.000000000000000888, 0.2500000000000002220 ) ) ;
#7791 = ORIENTED_EDGE ( 'NONE', *, *, #67, .T. ) ;
#7792 = SURFACE_STYLE_FILL_AREA ( #4917 ) ;
#7793 = VECTOR ( 'NONE', #6792, 1000.000000000000000 ) ;
#7794 = ORIENTED_EDGE ( 'NONE', *, *, #9100, .F. ) ;
#7795 = VECTOR ( 'NONE', #8494, 1000.000000000000000 ) ;
#7796 = PRESENTATION_LAYER_ASSIGNMENT (  '', '', ( #5323 ) ) ;
#7797 = CARTESIAN_POINT ( 'NONE',  ( 7.249999999999999112, 1.149999999999999911, -2.350000000000001865 ) ) ;
#7798 = CARTESIAN_POINT ( 'NONE',  ( 7.299999999999998934, 0.0000000000000000000, -2.800000000000000266 ) ) ;
#7799 = FILL_AREA_STYLE ('',( #854 ) ) ;
#7800 = VECTOR ( 'NONE', #6082, 1000.000000000000114 ) ;
#7801 = EDGE_CURVE ( 'NONE', #10183, #7238, #7333, .T. ) ;
#7802 = CARTESIAN_POINT ( 'NONE',  ( 7.299999999999998934, 0.2000000000000000389, -2.800000000000000266 ) ) ;
#7803 = DIRECTION ( 'NONE',  ( 0.5773502691896246208, -0.5773502691896265082, 0.5773502691896260641 ) ) ;
#7804 = VECTOR ( 'NONE', #5621, 1000.000000000000000 ) ;
#7805 = AXIS2_PLACEMENT_3D ( 'NONE', #1796, #1590, #7726 ) ;
#7806 = VECTOR ( 'NONE', #9142, 1000.000000000000000 ) ;
#7807 = EDGE_LOOP ( 'NONE', ( #557, #171, #2580, #3019 ) ) ;
#7808 = STYLED_ITEM ( 'NONE', ( #2081 ), #1015 ) ;
#7809 = PRESENTATION_LAYER_ASSIGNMENT (  '', '', ( #5366 ) ) ;
#7810 = VERTEX_POINT ( 'NONE', #12251 ) ;
#7811 = LINE ( 'NONE', #10771, #1837 ) ;
#7812 = CARTESIAN_POINT ( 'NONE',  ( 0.1500000000000038525, -3.399999999999999911, -2.800000000000000266 ) ) ;
#7813 = SURFACE_SIDE_STYLE ('',( #9670 ) ) ;
#7814 = ORIENTED_EDGE ( 'NONE', *, *, #5044, .F. ) ;
#7815 =( GEOMETRIC_REPRESENTATION_CONTEXT ( 3 ) GLOBAL_UNCERTAINTY_ASSIGNED_CONTEXT ( ( #1118 ) ) GLOBAL_UNIT_ASSIGNED_CONTEXT ( ( #1448, #11126, #10993 ) ) REPRESENTATION_CONTEXT ( 'NONE', 'WORKASPACE' ) );
#7816 = VERTEX_POINT ( 'NONE', #11509 ) ;
#7817 = EDGE_CURVE ( 'NONE', #2872, #4140, #3723, .T. ) ;
#7818 = AXIS2_PLACEMENT_3D ( 'NONE', #12127, #7203, #6172 ) ;
#7819 = CARTESIAN_POINT ( 'NONE',  ( 10.24999999999999822, 1.800000000000000044, 0.2500000000000002220 ) ) ;
#7820 = COLOUR_RGB ( '',1.000000000000000000, 1.000000000000000000, 1.000000000000000000 ) ;
#7821 = STYLED_ITEM ( 'NONE', ( #2781 ), #11319 ) ;
#7822 = LINE ( 'NONE', #3999, #7800 ) ;
#7823 = ORIENTED_EDGE ( 'NONE', *, *, #1142, .T. ) ;
#7824 = ADVANCED_FACE ( 'NONE', ( #3540 ), #6689, .F. ) ;
#7825 = ORIENTED_EDGE ( 'NONE', *, *, #6127, .F. ) ;
#7826 = SURFACE_STYLE_FILL_AREA ( #12572 ) ;
#7827 = STYLED_ITEM ( 'NONE', ( #10744 ), #10189 ) ;
#7828 = DIRECTION ( 'NONE',  ( 1.000000000000000000, 0.0000000000000000000, 0.0000000000000000000 ) ) ;
#7829 = PRESENTATION_LAYER_ASSIGNMENT (  '', '', ( #6403 ) ) ;
#7830 = ORIENTED_EDGE ( 'NONE', *, *, #4095, .T. ) ;
#7831 = DIRECTION ( 'NONE',  ( 1.000000000000000000, -0.0000000000000000000, -0.0000000000000000000 ) ) ;
#7832 = FILL_AREA_STYLE ('',( #9020 ) ) ;
#7833 = PRESENTATION_LAYER_ASSIGNMENT (  '', '', ( #631 ) ) ;
#7834 = MECHANICAL_DESIGN_GEOMETRIC_PRESENTATION_REPRESENTATION (  '', ( #7433 ), #8654 ) ;
#7835 = ORIENTED_EDGE ( 'NONE', *, *, #523, .T. ) ;
#7836 = VECTOR ( 'NONE', #11578, 1000.000000000000000 ) ;
#7837 = EDGE_CURVE ( 'NONE', #4503, #7705, #7467, .T. ) ;
#7838 = CARTESIAN_POINT ( 'NONE',  ( 6.249999999999998224, 5.000000000000000888, 0.2500000000000002220 ) ) ;
#7839 = CARTESIAN_POINT ( 'NONE',  ( 16.25000000000000000, 0.2000000000000000111, -2.800000000000000266 ) ) ;
#7840 = DIRECTION ( 'NONE',  ( -5.421010862427522170E-17, -1.000000000000000000, 2.350988701644575016E-32 ) ) ;
#7841 = STYLED_ITEM ( 'NONE', ( #8803 ), #9792 ) ;
#7842 = VECTOR ( 'NONE', #5873, 1000.000000000000000 ) ;
#7843 = ORIENTED_EDGE ( 'NONE', *, *, #3648, .F. ) ;
#7844 = STYLED_ITEM ( 'NONE', ( #6218 ), #1497 ) ;
#7845 = DIRECTION ( 'NONE',  ( 0.0000000000000000000, 0.0000000000000000000, 1.000000000000000000 ) ) ;
#7846 = COLOUR_RGB ( '',1.000000000000000000, 1.000000000000000000, 1.000000000000000000 ) ;
#7847 = AXIS2_PLACEMENT_3D ( 'NONE', #4495, #475, #2277 ) ;
#7848 = ORIENTED_EDGE ( 'NONE', *, *, #11575, .T. ) ;
#7849 = DIRECTION ( 'NONE',  ( -0.0000000000000000000, -0.0000000000000000000, -1.000000000000000000 ) ) ;
#7850 = LINE ( 'NONE', #3075, #9681 ) ;
#7851 = EDGE_CURVE ( 'NONE', #1743, #4484, #7530, .T. ) ;
#7852 = DIRECTION ( 'NONE',  ( 0.0000000000000000000, 0.0000000000000000000, -1.000000000000000000 ) ) ;
#7853 =( GEOMETRIC_REPRESENTATION_CONTEXT ( 3 ) GLOBAL_UNCERTAINTY_ASSIGNED_CONTEXT ( ( #3696 ) ) GLOBAL_UNIT_ASSIGNED_CONTEXT ( ( #2156, #3018, #11707 ) ) REPRESENTATION_CONTEXT ( 'NONE', 'WORKASPACE' ) );
#7854 = CARTESIAN_POINT ( 'NONE',  ( 1.750000000000000666, 5.000000000000000888, 0.2500000000000002220 ) ) ;
#7855 = PRESENTATION_LAYER_ASSIGNMENT (  '', '', ( #2296 ) ) ;
#7856 = EDGE_CURVE ( 'NONE', #1743, #1606, #5473, .T. ) ;
#7857 = DIRECTION ( 'NONE',  ( 4.336808689942017736E-16, 0.0000000000000000000, 1.000000000000000000 ) ) ;
#7858 = SURFACE_STYLE_USAGE ( .BOTH. , #1736 ) ;
#7859 = ORIENTED_EDGE ( 'NONE', *, *, #935, .T. ) ;
#7860 = LINE ( 'NONE', #11712, #2490 ) ;
#7861 = VECTOR ( 'NONE', #2789, 1000.000000000000000 ) ;
#7862 = PRESENTATION_STYLE_ASSIGNMENT (( #9718 ) ) ;
#7863 = EDGE_CURVE ( 'NONE', #4652, #9367, #11381, .T. ) ;
#7864 = FILL_AREA_STYLE ('',( #8867 ) ) ;
#7865 = EDGE_CURVE ( 'NONE', #2731, #3854, #11445, .T. ) ;
#7866 = EDGE_LOOP ( 'NONE', ( #10593, #12315, #2534, #7956 ) ) ;
#7867 = ADVANCED_FACE ( 'NONE', ( #8327 ), #9347, .F. ) ;
#7868 = CARTESIAN_POINT ( 'NONE',  ( 3.299999999999999378, 0.2000000000000000389, -2.800000000000000266 ) ) ;
#7869 = VECTOR ( 'NONE', #275, 1000.000000000000000 ) ;
#7870 =( NAMED_UNIT ( * ) PLANE_ANGLE_UNIT ( ) SI_UNIT ( $, .RADIAN. ) );
#7871 = ORIENTED_EDGE ( 'NONE', *, *, #5704, .T. ) ;
#7872 = DIRECTION ( 'NONE',  ( -9.103382349328301547E-49, -2.350988701644575016E-32, -1.000000000000000000 ) ) ;
#7873 = PRESENTATION_STYLE_ASSIGNMENT (( #8807 ) ) ;
#7874 = DIRECTION ( 'NONE',  ( 0.5773502691896291728, 0.5773502691896262862, 0.5773502691896218453 ) ) ;
#7875 = ORIENTED_EDGE ( 'NONE', *, *, #1211, .T. ) ;
#7876 = UNCERTAINTY_MEASURE_WITH_UNIT (LENGTH_MEASURE( 1.000000000000000082E-05 ), #2766, 'distance_accuracy_value', 'NONE');
#7877 = ADVANCED_FACE ( 'NONE', ( #9748 ), #1061, .F. ) ;
#7878 = FILL_AREA_STYLE_COLOUR ( '', #623 ) ;
#7879 = LINE ( 'NONE', #8576, #10266 ) ;
#7880 = UNCERTAINTY_MEASURE_WITH_UNIT (LENGTH_MEASURE( 1.000000000000000082E-05 ), #9354, 'distance_accuracy_value', 'NONE');
#7881 = DIRECTION ( 'NONE',  ( 9.103382349328301547E-49, 2.350988701644575016E-32, 1.000000000000000000 ) ) ;
#7882 = DIRECTION ( 'NONE',  ( 1.000000000000000000, 0.0000000000000000000, -0.0000000000000000000 ) ) ;
#7883 = FACE_OUTER_BOUND ( 'NONE', #5459, .T. ) ;
#7884 = ORIENTED_EDGE ( 'NONE', *, *, #9930, .T. ) ;
#7885 = DIRECTION ( 'NONE',  ( 0.5773502691896259531, 0.5773502691896259531, -0.5773502691896255090 ) ) ;
#7886 = ADVANCED_FACE ( 'NONE', ( #8841 ), #11804, .F. ) ;
#7887 = CARTESIAN_POINT ( 'NONE',  ( 4.049999999999999822, 5.100000000000001421, -2.800000000000000266 ) ) ;
#7888 = ORIENTED_EDGE ( 'NONE', *, *, #8804, .T. ) ;
#7889 = PRESENTATION_LAYER_ASSIGNMENT (  '', '', ( #7077 ) ) ;
#7890 = EDGE_CURVE ( 'NONE', #3392, #6695, #3005, .T. ) ;
#7891 = EDGE_LOOP ( 'NONE', ( #12298, #5413, #8125, #10390 ) ) ;
#7892 = DIRECTION ( 'NONE',  ( -0.0000000000000000000, -0.0000000000000000000, 1.000000000000000000 ) ) ;
#7893 = CARTESIAN_POINT ( 'NONE',  ( 9.299999999999998934, 0.2000000000000000389, -0.2499999999999997780 ) ) ;
#7894 = ORIENTED_EDGE ( 'NONE', *, *, #4890, .F. ) ;
#7895 = LINE ( 'NONE', #1121, #12612 ) ;
#7896 =( NAMED_UNIT ( * ) SI_UNIT ( $, .STERADIAN. ) SOLID_ANGLE_UNIT ( ) );
#7897 = ORIENTED_EDGE ( 'NONE', *, *, #3078, .F. ) ;
#7898 = SURFACE_SIDE_STYLE ('',( #1263 ) ) ;
#7899 =( NAMED_UNIT ( * ) PLANE_ANGLE_UNIT ( ) SI_UNIT ( $, .RADIAN. ) );
#7900 = FACE_OUTER_BOUND ( 'NONE', #686, .T. ) ;
#7901 = ORIENTED_EDGE ( 'NONE', *, *, #11026, .F. ) ;
#7902 = CARTESIAN_POINT ( 'NONE',  ( 8.750000000000000000, 3.399999999999999467, -2.350000000000001421 ) ) ;
#7903 = CARTESIAN_POINT ( 'NONE',  ( 12.25000000000000000, -3.300000000000000266, -0.2499999999999997780 ) ) ;
#7904 = EDGE_CURVE ( 'NONE', #11903, #12284, #5726, .T. ) ;
#7905 = FILL_AREA_STYLE_COLOUR ( '', #1272 ) ;
#7906 = ORIENTED_EDGE ( 'NONE', *, *, #3822, .T. ) ;
#7907 = CARTESIAN_POINT ( 'NONE',  ( 6.749999999999999112, 3.399999999999999467, -2.050000000000001599 ) ) ;
#7908 = CARTESIAN_POINT ( 'NONE',  ( 2.750000000000001332, 1.149999999999999911, -2.050000000000001599 ) ) ;
#7909 =( NAMED_UNIT ( * ) SI_UNIT ( $, .STERADIAN. ) SOLID_ANGLE_UNIT ( ) );
#7910 = DIRECTION ( 'NONE',  ( 1.000000000000000000, 0.0000000000000000000, 0.0000000000000000000 ) ) ;
#7911 = CARTESIAN_POINT ( 'NONE',  ( 17.34999999999999076, 4.500000000000000888, 0.3200000000000017275 ) ) ;
#7912 = COLOUR_RGB ( '',1.000000000000000000, 0.8117647058823529438, 0.5019607843137254832 ) ;
#7913 = CARTESIAN_POINT ( 'NONE',  ( 10.05000000000000071, 5.100000000000001421, -0.1500000000000003830 ) ) ;
#7914 = CARTESIAN_POINT ( 'NONE',  ( 1.849999999999998757, 5.100000000000001421, -2.800000000000001155 ) ) ;
#7915 = LINE ( 'NONE', #8919, #6793 ) ;
#7916 = CARTESIAN_POINT ( 'NONE',  ( 4.250000000000000000, 1.800000000000000044, -0.2499999999999997780 ) ) ;
#7917 = SURFACE_STYLE_FILL_AREA ( #103 ) ;
#7918 = VERTEX_POINT ( 'NONE', #7709 ) ;
#7919 = CARTESIAN_POINT ( 'NONE',  ( 17.34999999999999076, 5.650000000000002132, 1.249999999999997558 ) ) ;
#7920 = FILL_AREA_STYLE ('',( #2119 ) ) ;
#7921 = SURFACE_STYLE_FILL_AREA ( #6011 ) ;
#7922 = EDGE_CURVE ( 'NONE', #12100, #3738, #11563, .T. ) ;
#7923 = PRESENTATION_LAYER_ASSIGNMENT (  '', '', ( #9767 ) ) ;
#7924 = CARTESIAN_POINT ( 'NONE',  ( -0.1500000000000003830, 5.100000000000001421, 0.1500000000000008271 ) ) ;
#7925 = MECHANICAL_DESIGN_GEOMETRIC_PRESENTATION_REPRESENTATION (  '', ( #2535 ), #1756 ) ;
#7926 =( NAMED_UNIT ( * ) SI_UNIT ( $, .STERADIAN. ) SOLID_ANGLE_UNIT ( ) );
#7927 =( LENGTH_UNIT ( ) NAMED_UNIT ( * ) SI_UNIT ( .MILLI., .METRE. ) );
#7928 = EDGE_LOOP ( 'NONE', ( #1903, #2735, #12587, #3199 ) ) ;
#7929 = FACE_OUTER_BOUND ( 'NONE', #11574, .T. ) ;
#7930 =( NAMED_UNIT ( * ) PLANE_ANGLE_UNIT ( ) SI_UNIT ( $, .RADIAN. ) );
#7931 = VECTOR ( 'NONE', #3865, 1000.000000000000000 ) ;
#7932 = FILL_AREA_STYLE_COLOUR ( '', #5614 ) ;
#7933 = ORIENTED_EDGE ( 'NONE', *, *, #6732, .T. ) ;
#7934 = PLANE ( 'NONE',  #7636 ) ;
#7935 = CARTESIAN_POINT ( 'NONE',  ( -1.949999999999999956, 0.8200000000000030598, 1.700000000000000178 ) ) ;
#7936 = DIRECTION ( 'NONE',  ( -4.336808689942017736E-16, 0.0000000000000000000, -1.000000000000000000 ) ) ;
#7937 = CARTESIAN_POINT ( 'NONE',  ( 0.2500000000000002220, 5.000000000000000888, 0.2500000000000002220 ) ) ;
#7938 = EDGE_CURVE ( 'NONE', #4810, #6455, #11696, .T. ) ;
#7939 = EDGE_CURVE ( 'NONE', #12558, #4213, #7895, .T. ) ;
#7940 = FILL_AREA_STYLE ('',( #11855 ) ) ;
#7941 = COLOUR_RGB ( '',1.000000000000000000, 1.000000000000000000, 1.000000000000000000 ) ;
#7942 = LINE ( 'NONE', #8946, #6973 ) ;
#7943 = ORIENTED_EDGE ( 'NONE', *, *, #271, .T. ) ;
#7944 = VERTEX_POINT ( 'NONE', #9928 ) ;
#7945 = CARTESIAN_POINT ( 'NONE',  ( 12.75000000000000178, 1.149999999999999911, -2.050000000000001599 ) ) ;
#7946 = LINE ( 'NONE', #3062, #3937 ) ;
#7947 = FILL_AREA_STYLE_COLOUR ( '', #6297 ) ;
#7948 =( LENGTH_UNIT ( ) NAMED_UNIT ( * ) SI_UNIT ( .MILLI., .METRE. ) );
#7949 = UNCERTAINTY_MEASURE_WITH_UNIT (LENGTH_MEASURE( 1.000000000000000082E-05 ), #10152, 'distance_accuracy_value', 'NONE');
#7950 = ORIENTED_EDGE ( 'NONE', *, *, #6375, .T. ) ;
#7951 = VERTEX_POINT ( 'NONE', #3131 ) ;
#7952 = FILL_AREA_STYLE ('',( #7003 ) ) ;
#7953 = PLANE ( 'NONE',  #1885 ) ;
#7954 = EDGE_LOOP ( 'NONE', ( #11241, #6369, #3196, #3374 ) ) ;
#7955 = COLOUR_RGB ( '',1.000000000000000000, 1.000000000000000000, 1.000000000000000000 ) ;
#7956 = ORIENTED_EDGE ( 'NONE', *, *, #7186, .F. ) ;
#7957 = DIRECTION ( 'NONE',  ( 1.000000000000000000, -5.421010862427522170E-17, 0.0000000000000000000 ) ) ;
#7958 = ADVANCED_FACE ( 'NONE', ( #7067 ), #10522, .F. ) ;
#7959 = PLANE ( 'NONE',  #9161 ) ;
#7960 = ORIENTED_EDGE ( 'NONE', *, *, #10444, .T. ) ;
#7961 = DIRECTION ( 'NONE',  ( 1.000000000000000000, 1.095153709581317921E-16, 0.0000000000000000000 ) ) ;
#7962 = ORIENTED_EDGE ( 'NONE', *, *, #3953, .T. ) ;
#7963 = STYLED_ITEM ( 'NONE', ( #10132 ), #8088 ) ;
#7964 = CARTESIAN_POINT ( 'NONE',  ( -1.180000000000000382, 4.229999999999999538, 1.249999999999997558 ) ) ;
#7965 = VERTEX_POINT ( 'NONE', #1969 ) ;
#7966 = FACE_BOUND ( 'NONE', #3872, .T. ) ;
#7967 = DIRECTION ( 'NONE',  ( -0.0000000000000000000, 1.000000000000000000, -0.0000000000000000000 ) ) ;
#7968 =( NAMED_UNIT ( * ) PLANE_ANGLE_UNIT ( ) SI_UNIT ( $, .RADIAN. ) );
#7969 = VECTOR ( 'NONE', #11392, 1000.000000000000000 ) ;
#7970 = VECTOR ( 'NONE', #8934, 1000.000000000000000 ) ;
#7971 = CARTESIAN_POINT ( 'NONE',  ( 1.299999999999999600, 0.0000000000000000000, -2.800000000000000266 ) ) ;
#7972 = FILL_AREA_STYLE_COLOUR ( '', #9071 ) ;
#7973 = LINE ( 'NONE', #1021, #8400 ) ;
#7974 = DIRECTION ( 'NONE',  ( 1.000000000000000000, 0.0000000000000000000, -3.478723548081834449E-17 ) ) ;
#7975 = VECTOR ( 'NONE', #2427, 1000.000000000000000 ) ;
#7976 = COLOUR_RGB ( '',1.000000000000000000, 1.000000000000000000, 1.000000000000000000 ) ;
#7977 = LINE ( 'NONE', #4034, #5175 ) ;
#7978 = LINE ( 'NONE', #5106, #10044 ) ;
#7979 = SURFACE_STYLE_FILL_AREA ( #12019 ) ;
#7980 = ORIENTED_EDGE ( 'NONE', *, *, #3303, .T. ) ;
#7981 =( NAMED_UNIT ( * ) PLANE_ANGLE_UNIT ( ) SI_UNIT ( $, .RADIAN. ) );
#7982 = SURFACE_SIDE_STYLE ('',( #4100 ) ) ;
#7983 = CARTESIAN_POINT ( 'NONE',  ( 10.24999999999999822, -3.399999999999999911, 0.2500000000000002220 ) ) ;
#7984 = PRESENTATION_LAYER_ASSIGNMENT (  '', '', ( #5341 ) ) ;
#7985 = COLOUR_RGB ( '',1.000000000000000000, 0.8117647058823529438, 0.5019607843137254832 ) ;
#7986 = COLOUR_RGB ( '',1.000000000000000000, 1.000000000000000000, 1.000000000000000000 ) ;
#7987 = FILL_AREA_STYLE_COLOUR ( '', #4400 ) ;
#7988 = ORIENTED_EDGE ( 'NONE', *, *, #920, .F. ) ;
#7989 = EDGE_CURVE ( 'NONE', #6795, #12534, #5860, .T. ) ;
#7990 = DIRECTION ( 'NONE',  ( 9.103382349328301547E-49, 2.350988701644575016E-32, 1.000000000000000000 ) ) ;
#7991 = DIRECTION ( 'NONE',  ( 1.000000000000000000, -0.0000000000000000000, -4.358601698434190141E-17 ) ) ;
#7992 =( NAMED_UNIT ( * ) SI_UNIT ( $, .STERADIAN. ) SOLID_ANGLE_UNIT ( ) );
#7993 = UNCERTAINTY_MEASURE_WITH_UNIT (LENGTH_MEASURE( 1.000000000000000082E-05 ), #9658, 'distance_accuracy_value', 'NONE');
#7994 = ADVANCED_FACE ( 'NONE', ( #2752 ), #1724, .F. ) ;
#7995 = DIRECTION ( 'NONE',  ( 1.927470528863119542E-16, -1.000000000000000000, 0.0000000000000000000 ) ) ;
#7996 = PRESENTATION_STYLE_ASSIGNMENT (( #4245 ) ) ;
#7997 = VECTOR ( 'NONE', #4554, 1000.000000000000000 ) ;
#7998 = LINE ( 'NONE', #9854, #10797 ) ;
#7999 = CARTESIAN_POINT ( 'NONE',  ( 17.94999999999999574, 6.000000000000000000, -2.800000000000000711 ) ) ;
#8000 = SURFACE_STYLE_USAGE ( .BOTH. , #3123 ) ;
#8001 = FACE_OUTER_BOUND ( 'NONE', #9981, .T. ) ;
#8002 = EDGE_LOOP ( 'NONE', ( #1519, #7644, #2742, #1817 ) ) ;
#8003 = VERTEX_POINT ( 'NONE', #941 ) ;
#8004 = CARTESIAN_POINT ( 'NONE',  ( 12.75000000000000178, 3.149999999999999023, -2.050000000000001599 ) ) ;
#8005 = CARTESIAN_POINT ( 'NONE',  ( 0.2499999999999997780, 1.800000000000000044, 0.2500000000000002220 ) ) ;
#8006 = CARTESIAN_POINT ( 'NONE',  ( 7.750000000000000000, -3.300000000000000266, -0.2499999999999997780 ) ) ;
#8007 = CARTESIAN_POINT ( 'NONE',  ( 5.299999999999998934, 0.2000000000000000389, 1.700000000000000178 ) ) ;
#8008 = ORIENTED_EDGE ( 'NONE', *, *, #4843, .T. ) ;
#8009 = SURFACE_STYLE_FILL_AREA ( #177 ) ;
#8010 = EDGE_CURVE ( 'NONE', #6596, #12534, #11702, .T. ) ;
#8011 = FACE_OUTER_BOUND ( 'NONE', #6068, .T. ) ;
#8012 = COLOUR_RGB ( '',1.000000000000000000, 0.8117647058823529438, 0.5019607843137254832 ) ;
#8013 = ORIENTED_EDGE ( 'NONE', *, *, #11418, .T. ) ;
#8014 = EDGE_CURVE ( 'NONE', #1627, #9434, #4844, .T. ) ;
#8015 = STYLED_ITEM ( 'NONE', ( #4748 ), #11284 ) ;
#8016 = STYLED_ITEM ( 'NONE', ( #7327 ), #765 ) ;
#8017 = CARTESIAN_POINT ( 'NONE',  ( 8.250000000000000000, -3.399999999999999911, 0.2500000000000002220 ) ) ;
#8018 = SURFACE_SIDE_STYLE ('',( #3201 ) ) ;
#8019 = EDGE_LOOP ( 'NONE', ( #1808, #11977, #8372, #2513 ) ) ;
#8020 = VECTOR ( 'NONE', #250, 1000.000000000000000 ) ;
#8021 = AXIS2_PLACEMENT_3D ( 'NONE', #12380, #7751, #6742 ) ;
#8022 = SURFACE_STYLE_USAGE ( .BOTH. , #7133 ) ;
#8023 = COLOUR_RGB ( '',1.000000000000000000, 0.8117647058823529438, 0.5019607843137254832 ) ;
#8024 = CARTESIAN_POINT ( 'NONE',  ( 1.749999999999999778, -3.399999999999999911, -0.2499999999999997780 ) ) ;
#8025 = VERTEX_POINT ( 'NONE', #12465 ) ;
#8026 = UNCERTAINTY_MEASURE_WITH_UNIT (LENGTH_MEASURE( 1.000000000000000082E-05 ), #11939, 'distance_accuracy_value', 'NONE');
#8027 = DIRECTION ( 'NONE',  ( -1.000000000000000000, 3.872150616019661422E-17, 0.0000000000000000000 ) ) ;
#8028 = FILL_AREA_STYLE ('',( #11882 ) ) ;
#8029 = STYLED_ITEM ( 'NONE', ( #10576 ), #706 ) ;
#8030 = DIRECTION ( 'NONE',  ( 1.000000000000000000, 0.0000000000000000000, 0.0000000000000000000 ) ) ;
#8031 =( GEOMETRIC_REPRESENTATION_CONTEXT ( 3 ) GLOBAL_UNCERTAINTY_ASSIGNED_CONTEXT ( ( #381 ) ) GLOBAL_UNIT_ASSIGNED_CONTEXT ( ( #7681, #1982, #1806 ) ) REPRESENTATION_CONTEXT ( 'NONE', 'WORKASPACE' ) );
#8032 = ADVANCED_FACE ( 'NONE', ( #11516 ), #10747, .F. ) ;
#8033 = PRESENTATION_STYLE_ASSIGNMENT (( #195 ) ) ;
#8034 = ORIENTED_EDGE ( 'NONE', *, *, #1535, .T. ) ;
#8035 = FACE_BOUND ( 'NONE', #9694, .T. ) ;
#8036 =( GEOMETRIC_REPRESENTATION_CONTEXT ( 3 ) GLOBAL_UNCERTAINTY_ASSIGNED_CONTEXT ( ( #10530 ) ) GLOBAL_UNIT_ASSIGNED_CONTEXT ( ( #8692, #5702, #725 ) ) REPRESENTATION_CONTEXT ( 'NONE', 'WORKASPACE' ) );
#8037 = AXIS2_PLACEMENT_3D ( 'NONE', #9715, #8736, #4800 ) ;
#8038 =( NAMED_UNIT ( * ) SI_UNIT ( $, .STERADIAN. ) SOLID_ANGLE_UNIT ( ) );
#8039 = UNCERTAINTY_MEASURE_WITH_UNIT (LENGTH_MEASURE( 1.000000000000000082E-05 ), #6173, 'distance_accuracy_value', 'NONE');
#8040 = FACE_OUTER_BOUND ( 'NONE', #10738, .T. ) ;
#8041 = ORIENTED_EDGE ( 'NONE', *, *, #8102, .F. ) ;
#8042 = DIRECTION ( 'NONE',  ( 0.5773502691896239547, -0.5773502691896289507, 0.5773502691896243988 ) ) ;
#8043 = PRESENTATION_LAYER_ASSIGNMENT (  '', '', ( #6821 ) ) ;
#8044 =( GEOMETRIC_REPRESENTATION_CONTEXT ( 3 ) GLOBAL_UNCERTAINTY_ASSIGNED_CONTEXT ( ( #9576 ) ) GLOBAL_UNIT_ASSIGNED_CONTEXT ( ( #2511, #7282, #6259 ) ) REPRESENTATION_CONTEXT ( 'NONE', 'WORKASPACE' ) );
#8045 = SURFACE_SIDE_STYLE ('',( #2312 ) ) ;
#8046 = MECHANICAL_DESIGN_GEOMETRIC_PRESENTATION_REPRESENTATION (  '', ( #10291 ), #6623 ) ;
#8047 = DIRECTION ( 'NONE',  ( -0.0000000000000000000, -0.0000000000000000000, 1.000000000000000000 ) ) ;
#8048 = VECTOR ( 'NONE', #5434, 1000.000000000000000 ) ;
#8049 = CARTESIAN_POINT ( 'NONE',  ( 16.25000000000000000, -3.300000000000000266, -0.2499999999999997780 ) ) ;
#8050 =( NAMED_UNIT ( * ) SI_UNIT ( $, .STERADIAN. ) SOLID_ANGLE_UNIT ( ) );
#8051 = ORIENTED_EDGE ( 'NONE', *, *, #6848, .F. ) ;
#8052 = CARTESIAN_POINT ( 'NONE',  ( 9.750000000000000000, 5.000000000000000888, 0.2500000000000002220 ) ) ;
#8053 = STYLED_ITEM ( 'NONE', ( #3440 ), #4286 ) ;
#8054 = DIRECTION ( 'NONE',  ( 1.000000000000000000, -3.872150616019661422E-17, 0.0000000000000000000 ) ) ;
#8055 = AXIS2_PLACEMENT_3D ( 'NONE', #1273, #7271, #6169 ) ;
#8056 = FILL_AREA_STYLE ('',( #210 ) ) ;
#8057 = VECTOR ( 'NONE', #12370, 1000.000000000000000 ) ;
#8058 = CARTESIAN_POINT ( 'NONE',  ( 2.250000000000000000, -3.399999999999999911, -0.1500000000000038525 ) ) ;
#8059 = SURFACE_SIDE_STYLE ('',( #12093 ) ) ;
#8060 = DIRECTION ( 'NONE',  ( -1.000000000000000000, 0.0000000000000000000, -0.0000000000000000000 ) ) ;
#8061 = CARTESIAN_POINT ( 'NONE',  ( 10.69999999999999751, 0.0000000000000000000, 1.700000000000000178 ) ) ;
#8062 = DIRECTION ( 'NONE',  ( 0.0000000000000000000, -0.0000000000000000000, 1.000000000000000000 ) ) ;
#8063 = DIRECTION ( 'NONE',  ( 1.000000000000000000, -5.421010862427522170E-17, 0.0000000000000000000 ) ) ;
#8064 = VECTOR ( 'NONE', #1932, 1000.000000000000000 ) ;
#8065 =( NAMED_UNIT ( * ) SI_UNIT ( $, .STERADIAN. ) SOLID_ANGLE_UNIT ( ) );
#8066 = EDGE_CURVE ( 'NONE', #9397, #3600, #8848, .T. ) ;
#8067 = ORIENTED_EDGE ( 'NONE', *, *, #303, .F. ) ;
#8068 = MECHANICAL_DESIGN_GEOMETRIC_PRESENTATION_REPRESENTATION (  '', ( #12520 ), #6441 ) ;
#8069 = DIRECTION ( 'NONE',  ( -0.7071067811865489050, -0.7071067811865462405, 3.066586833366754193E-16 ) ) ;
#8070 = ORIENTED_EDGE ( 'NONE', *, *, #11729, .F. ) ;
#8071 = CARTESIAN_POINT ( 'NONE',  ( 3.750000000000000444, 0.2000000000000000944, 0.2500000000000002220 ) ) ;
#8072 = SURFACE_SIDE_STYLE ('',( #10114 ) ) ;
#8073 = CARTESIAN_POINT ( 'NONE',  ( -0.7000000000000005107, 0.0000000000000000000, 1.700000000000000178 ) ) ;
#8074 = SURFACE_STYLE_USAGE ( .BOTH. , #1358 ) ;
#8075 = FACE_OUTER_BOUND ( 'NONE', #7216, .T. ) ;
#8076 = LINE ( 'NONE', #5136, #10804 ) ;
#8077 = VERTEX_POINT ( 'NONE', #3012 ) ;
#8078 = LINE ( 'NONE', #4004, #6132 ) ;
#8079 = CARTESIAN_POINT ( 'NONE',  ( 17.34999999999999076, 5.650000000000002132, -2.350000000000001865 ) ) ;
#8080 =( LENGTH_UNIT ( ) NAMED_UNIT ( * ) SI_UNIT ( .MILLI., .METRE. ) );
#8081 = UNCERTAINTY_MEASURE_WITH_UNIT (LENGTH_MEASURE( 1.000000000000000082E-05 ), #6802, 'distance_accuracy_value', 'NONE');
#8082 = VERTEX_POINT ( 'NONE', #9031 ) ;
#8083 = VERTEX_POINT ( 'NONE', #2212 ) ;
#8084 = FACE_OUTER_BOUND ( 'NONE', #11195, .T. ) ;
#8085 = LINE ( 'NONE', #9026, #8020 ) ;
#8086 = AXIS2_PLACEMENT_3D ( 'NONE', #8231, #9307, #12021 ) ;
#8087 = ADVANCED_FACE ( 'NONE', ( #3202 ), #7959, .F. ) ;
#8088 = ADVANCED_FACE ( 'NONE', ( #10872 ), #6039, .F. ) ;
#8089 = ADVANCED_FACE ( 'NONE', ( #2297 ), #4139, .F. ) ;
#8090 = SURFACE_STYLE_USAGE ( .BOTH. , #1128 ) ;
#8091 = EDGE_LOOP ( 'NONE', ( #10394, #788, #10379, #9705 ) ) ;
#8092 = FACE_OUTER_BOUND ( 'NONE', #10515, .T. ) ;
#8093 = FACE_BOUND ( 'NONE', #4701, .T. ) ;
#8094 = DIRECTION ( 'NONE',  ( 0.0000000000000000000, -0.7071067811865451302, 0.7071067811865500152 ) ) ;
#8095 = DIRECTION ( 'NONE',  ( 0.7071067811865505703, -0.7071067811865445751, -3.066586833366761588E-16 ) ) ;
#8096 = MECHANICAL_DESIGN_GEOMETRIC_PRESENTATION_REPRESENTATION (  '', ( #293 ), #901 ) ;
#8097 = FILL_AREA_STYLE_COLOUR ( '', #5377 ) ;
#8098 =( NAMED_UNIT ( * ) PLANE_ANGLE_UNIT ( ) SI_UNIT ( $, .RADIAN. ) );
#8099 = CARTESIAN_POINT ( 'NONE',  ( 16.25000000000000000, -3.300000000000000266, -0.2499999999999997780 ) ) ;
#8100 = CARTESIAN_POINT ( 'NONE',  ( 1.250000000000000666, 3.399999999999999467, -2.300000000000003375 ) ) ;
#8101 = LINE ( 'NONE', #317, #12433 ) ;
#8102 = EDGE_CURVE ( 'NONE', #9367, #12378, #4397, .T. ) ;
#8103 = EDGE_CURVE ( 'NONE', #3523, #8378, #4512, .T. ) ;
#8104 = VECTOR ( 'NONE', #5201, 1000.000000000000000 ) ;
#8105 = CARTESIAN_POINT ( 'NONE',  ( 0.05000000000000012768, -3.399999999999999911, -2.800000000000000266 ) ) ;
#8106 = VECTOR ( 'NONE', #5664, 1000.000000000000000 ) ;
#8107 = CARTESIAN_POINT ( 'NONE',  ( -1.180000000000000160, 2.250000000000000000, 1.249999999999997558 ) ) ;
#8108 = FACE_OUTER_BOUND ( 'NONE', #10778, .T. ) ;
#8109 = LINE ( 'NONE', #11952, #653 ) ;
#8110 =( NAMED_UNIT ( * ) PLANE_ANGLE_UNIT ( ) SI_UNIT ( $, .RADIAN. ) );
#8111 = DIRECTION ( 'NONE',  ( -1.000000000000000000, 1.084202172485504237E-15, 0.0000000000000000000 ) ) ;
#8112 = EDGE_CURVE ( 'NONE', #1944, #8083, #8385, .T. ) ;
#8113 = CARTESIAN_POINT ( 'NONE',  ( 15.75000000000000000, -3.300000000000000266, 0.2500000000000002220 ) ) ;
#8114 = LINE ( 'NONE', #3226, #6906 ) ;
#8115 = CARTESIAN_POINT ( 'NONE',  ( 17.34999999999999076, 5.650000000000002132, -0.6799999999999982725 ) ) ;
#8116 = FILL_AREA_STYLE ('',( #12095 ) ) ;
#8117 = EDGE_CURVE ( 'NONE', #597, #2818, #359, .T. ) ;
#8118 = CARTESIAN_POINT ( 'NONE',  ( 17.34999999999999076, 1.149999999999999911, -2.350000000000001865 ) ) ;
#8119 = FACE_OUTER_BOUND ( 'NONE', #8437, .T. ) ;
#8120 = MECHANICAL_DESIGN_GEOMETRIC_PRESENTATION_REPRESENTATION (  '', ( #10366 ), #9754 ) ;
#8121 = DIRECTION ( 'NONE',  ( -9.103382349328301547E-49, -2.350988701644575016E-32, -1.000000000000000000 ) ) ;
#8122 =( LENGTH_UNIT ( ) NAMED_UNIT ( * ) SI_UNIT ( .MILLI., .METRE. ) );
#8123 = CARTESIAN_POINT ( 'NONE',  ( 12.75000000000000178, 3.149999999999999023, -2.050000000000001599 ) ) ;
#8124 = PRESENTATION_STYLE_ASSIGNMENT (( #3309 ) ) ;
#8125 = ORIENTED_EDGE ( 'NONE', *, *, #2318, .T. ) ;
#8126 = SURFACE_SIDE_STYLE ('',( #9134 ) ) ;
#8127 = UNCERTAINTY_MEASURE_WITH_UNIT (LENGTH_MEASURE( 1.000000000000000082E-05 ), #4276, 'distance_accuracy_value', 'NONE');
#8128 = DIRECTION ( 'NONE',  ( -4.336808689942017736E-16, 0.0000000000000000000, -1.000000000000000000 ) ) ;
#8129 = MECHANICAL_DESIGN_GEOMETRIC_PRESENTATION_REPRESENTATION (  '', ( #1542 ), #12582 ) ;
#8130 = DIRECTION ( 'NONE',  ( -0.0000000000000000000, -0.0000000000000000000, 1.000000000000000000 ) ) ;
#8131 = DIRECTION ( 'NONE',  ( -5.421010862427522170E-17, -1.000000000000000000, 2.350988701644575016E-32 ) ) ;
#8132 = ORIENTED_EDGE ( 'NONE', *, *, #5886, .T. ) ;
#8133 = AXIS2_PLACEMENT_3D ( 'NONE', #1926, #5869, #9632 ) ;
#8134 =( LENGTH_UNIT ( ) NAMED_UNIT ( * ) SI_UNIT ( .MILLI., .METRE. ) );
#8135 = FACE_OUTER_BOUND ( 'NONE', #2279, .T. ) ;
#8136 = ORIENTED_EDGE ( 'NONE', *, *, #10201, .T. ) ;
#8137 =( NAMED_UNIT ( * ) SI_UNIT ( $, .STERADIAN. ) SOLID_ANGLE_UNIT ( ) );
#8138 = PRESENTATION_LAYER_ASSIGNMENT (  '', '', ( #9773 ) ) ;
#8139 = FACE_OUTER_BOUND ( 'NONE', #2860, .T. ) ;
#8140 = ORIENTED_EDGE ( 'NONE', *, *, #4346, .T. ) ;
#8141 = CARTESIAN_POINT ( 'NONE',  ( 7.874499999999946098, -3.825499999999997236, 0.3199999999999995626 ) ) ;
#8142 = SURFACE_SIDE_STYLE ('',( #11992 ) ) ;
#8143 = MECHANICAL_DESIGN_GEOMETRIC_PRESENTATION_REPRESENTATION (  '', ( #6322 ), #1779 ) ;
#8144 = CARTESIAN_POINT ( 'NONE',  ( 16.25000000000000000, 1.800000000000000044, -0.2499999999999997780 ) ) ;
#8145 = ADVANCED_FACE ( 'NONE', ( #7524 ), #8268, .T. ) ;
#8146 = PLANE ( 'NONE',  #8021 ) ;
#8147 = DIRECTION ( 'NONE',  ( 0.0000000000000000000, 0.7071067811865492381, -0.7071067811865457964 ) ) ;
#8148 = FACE_OUTER_BOUND ( 'NONE', #9304, .T. ) ;
#8149 = CARTESIAN_POINT ( 'NONE',  ( -1.350000000000000089, 1.149999999999999911, -2.350000000000001421 ) ) ;
#8150 = DIRECTION ( 'NONE',  ( 3.872150616019661422E-17, 1.000000000000000000, 0.0000000000000000000 ) ) ;
#8151 = COLOUR_RGB ( '',1.000000000000000000, 1.000000000000000000, 1.000000000000000000 ) ;
#8152 = CARTESIAN_POINT ( 'NONE',  ( 8.750000000000000000, 3.399999999999999467, -2.050000000000001599 ) ) ;
#8153 =( LENGTH_UNIT ( ) NAMED_UNIT ( * ) SI_UNIT ( .MILLI., .METRE. ) );
#8154 = LINE ( 'NONE', #12082, #1843 ) ;
#8155 = SURFACE_SIDE_STYLE ('',( #10091 ) ) ;
#8156 = DIRECTION ( 'NONE',  ( -1.000000000000000000, 3.872150616019661422E-17, 0.0000000000000000000 ) ) ;
#8157 = ORIENTED_EDGE ( 'NONE', *, *, #11957, .F. ) ;
#8158 = ADVANCED_FACE ( 'NONE', ( #6362 ), #10246, .F. ) ;
#8159 = ADVANCED_FACE ( 'NONE', ( #12383 ), #11557, .F. ) ;
#8160 = EDGE_CURVE ( 'NONE', #10623, #3989, #5662, .T. ) ;
#8161 =( GEOMETRIC_REPRESENTATION_CONTEXT ( 3 ) GLOBAL_UNCERTAINTY_ASSIGNED_CONTEXT ( ( #10775 ) ) GLOBAL_UNIT_ASSIGNED_CONTEXT ( ( #1340, #10211, #11013 ) ) REPRESENTATION_CONTEXT ( 'NONE', 'WORKASPACE' ) );
#8162 = SURFACE_STYLE_USAGE ( .BOTH. , #5431 ) ;
#8163 =( LENGTH_UNIT ( ) NAMED_UNIT ( * ) SI_UNIT ( .MILLI., .METRE. ) );
#8164 = STYLED_ITEM ( 'NONE', ( #4947 ), #6507 ) ;
#8165 = DIRECTION ( 'NONE',  ( 1.927470528863119542E-16, -1.000000000000000000, 0.0000000000000000000 ) ) ;
#8166 = CARTESIAN_POINT ( 'NONE',  ( -1.180000000000000160, 2.250000000000000000, -2.801000000000000600 ) ) ;
#8167 = LINE ( 'NONE', #9068, #6542 ) ;
#8168 = VECTOR ( 'NONE', #611, 1000.000000000000000 ) ;
#8169 = DIRECTION ( 'NONE',  ( 9.103382349328301547E-49, 2.350988701644575016E-32, 1.000000000000000000 ) ) ;
#8170 = DIRECTION ( 'NONE',  ( -1.000000000000000000, 1.084202172485504237E-15, 0.0000000000000000000 ) ) ;
#8171 = ORIENTED_EDGE ( 'NONE', *, *, #779, .T. ) ;
#8172 = DIRECTION ( 'NONE',  ( 0.0000000000000000000, -0.0000000000000000000, 1.000000000000000000 ) ) ;
#8173 = MECHANICAL_DESIGN_GEOMETRIC_PRESENTATION_REPRESENTATION (  '', ( #6355 ), #1810 ) ;
#8174 =( LENGTH_UNIT ( ) NAMED_UNIT ( * ) SI_UNIT ( .MILLI., .METRE. ) );
#8175 =( GEOMETRIC_REPRESENTATION_CONTEXT ( 3 ) GLOBAL_UNCERTAINTY_ASSIGNED_CONTEXT ( ( #6474 ) ) GLOBAL_UNIT_ASSIGNED_CONTEXT ( ( #4555, #4297, #7299 ) ) REPRESENTATION_CONTEXT ( 'NONE', 'WORKASPACE' ) );
#8176 = FACE_OUTER_BOUND ( 'NONE', #11681, .T. ) ;
#8177 = FILL_AREA_STYLE_COLOUR ( '', #48 ) ;
#8178 = CARTESIAN_POINT ( 'NONE',  ( -1.180000000000000160, 2.250000000000000000, -2.801000000000000600 ) ) ;
#8179 = EDGE_CURVE ( 'NONE', #3856, #597, #2678, .T. ) ;
#8180 = AXIS2_PLACEMENT_3D ( 'NONE', #7790, #10709, #11532 ) ;
#8181 = SURFACE_STYLE_FILL_AREA ( #6277 ) ;
#8182 =( NAMED_UNIT ( * ) SI_UNIT ( $, .STERADIAN. ) SOLID_ANGLE_UNIT ( ) );
#8183 = DIRECTION ( 'NONE',  ( 0.0000000000000000000, -0.0000000000000000000, 1.000000000000000000 ) ) ;
#8184 = PRESENTATION_STYLE_ASSIGNMENT (( #2531 ) ) ;
#8185 = FILL_AREA_STYLE ('',( #6419 ) ) ;
#8186 = MECHANICAL_DESIGN_GEOMETRIC_PRESENTATION_REPRESENTATION (  '', ( #4133 ), #5342 ) ;
#8187 = MECHANICAL_DESIGN_GEOMETRIC_PRESENTATION_REPRESENTATION (  '', ( #3492 ), #2216 ) ;
#8188 = AXIS2_PLACEMENT_3D ( 'NONE', #10580, #10697, #10633 ) ;
#8189 = CARTESIAN_POINT ( 'NONE',  ( 3.749999999999998668, 1.800000000000000044, -2.800000000000002931 ) ) ;
#8190 = VERTEX_POINT ( 'NONE', #878 ) ;
#8191 = ORIENTED_EDGE ( 'NONE', *, *, #7130, .F. ) ;
#8192 = PRESENTATION_STYLE_ASSIGNMENT (( #10180 ) ) ;
#8193 = ORIENTED_EDGE ( 'NONE', *, *, #6648, .F. ) ;
#8194 =( GEOMETRIC_REPRESENTATION_CONTEXT ( 3 ) GLOBAL_UNCERTAINTY_ASSIGNED_CONTEXT ( ( #4942 ) ) GLOBAL_UNIT_ASSIGNED_CONTEXT ( ( #460, #3494, #10403 ) ) REPRESENTATION_CONTEXT ( 'NONE', 'WORKASPACE' ) );
#8195 = EDGE_LOOP ( 'NONE', ( #5717, #8407, #6229, #6839 ) ) ;
#8196 = STYLED_ITEM ( 'NONE', ( #9343 ), #8945 ) ;
#8197 = SURFACE_SIDE_STYLE ('',( #1563 ) ) ;
#8198 = ORIENTED_EDGE ( 'NONE', *, *, #1028, .T. ) ;
#8199 = MECHANICAL_DESIGN_GEOMETRIC_PRESENTATION_REPRESENTATION (  '', ( #9639 ), #1006 ) ;
#8200 = CARTESIAN_POINT ( 'NONE',  ( -1.350000000000000089, 5.650000000000002132, 1.249999999999997558 ) ) ;
#8201 = PRESENTATION_LAYER_ASSIGNMENT (  '', '', ( #11683 ) ) ;
#8202 = SURFACE_STYLE_FILL_AREA ( #9153 ) ;
#8203 = FACE_OUTER_BOUND ( 'NONE', #735, .T. ) ;
#8204 = AXIS2_PLACEMENT_3D ( 'NONE', #6344, #5321, #2469 ) ;
#8205 = COLOUR_RGB ( '',1.000000000000000000, 0.8117647058823529438, 0.5019607843137254832 ) ;
#8206 = LINE ( 'NONE', #6301, #1855 ) ;
#8207 = CARTESIAN_POINT ( 'NONE',  ( 6.249999999999998224, -3.300000000000000266, -0.2499999999999997780 ) ) ;
#8209 = COLOUR_RGB ( '',1.000000000000000000, 1.000000000000000000, 1.000000000000000000 ) ;
#8208 = CARTESIAN_POINT ( 'NONE',  ( 2.699999999999998845, 0.0000000000000000000, 1.700000000000000178 ) ) ;
#8210 = CARTESIAN_POINT ( 'NONE',  ( -0.2500000000000000000, 5.000000000000000888, -0.2499999999999997780 ) ) ;
#8211 = DIRECTION ( 'NONE',  ( -0.0000000000000000000, 1.000000000000000000, -0.0000000000000000000 ) ) ;
#8212 =( GEOMETRIC_REPRESENTATION_CONTEXT ( 3 ) GLOBAL_UNCERTAINTY_ASSIGNED_CONTEXT ( ( #2567 ) ) GLOBAL_UNIT_ASSIGNED_CONTEXT ( ( #5036, #6051, #11889 ) ) REPRESENTATION_CONTEXT ( 'NONE', 'WORKASPACE' ) );
#8213 = DIRECTION ( 'NONE',  ( 1.927470528863119542E-16, -1.000000000000000000, 0.0000000000000000000 ) ) ;
#8214 = AXIS2_PLACEMENT_3D ( 'NONE', #4582, #10935, #6108 ) ;
#8215 = MECHANICAL_DESIGN_GEOMETRIC_PRESENTATION_REPRESENTATION (  '', ( #6403 ), #1435 ) ;
#8216 = PRESENTATION_STYLE_ASSIGNMENT (( #3355 ) ) ;
#8217 = ADVANCED_FACE ( 'NONE', ( #6621 ), #10505, .F. ) ;
#8218 = LINE ( 'NONE', #3087, #7605 ) ;
#8219 = VERTEX_POINT ( 'NONE', #10104 ) ;
#8220 = COLOUR_RGB ( '',1.000000000000000000, 1.000000000000000000, 1.000000000000000000 ) ;
#8221 = ORIENTED_EDGE ( 'NONE', *, *, #11880, .T. ) ;
#8222 = DIRECTION ( 'NONE',  ( 1.000000000000000000, 0.0000000000000000000, -0.0000000000000000000 ) ) ;
#8223 = UNCERTAINTY_MEASURE_WITH_UNIT (LENGTH_MEASURE( 1.000000000000000082E-05 ), #6258, 'distance_accuracy_value', 'NONE');
#8224 =( GEOMETRIC_REPRESENTATION_CONTEXT ( 3 ) GLOBAL_UNCERTAINTY_ASSIGNED_CONTEXT ( ( #3620 ) ) GLOBAL_UNIT_ASSIGNED_CONTEXT ( ( #4695, #12611, #12427 ) ) REPRESENTATION_CONTEXT ( 'NONE', 'WORKASPACE' ) );
#8225 = CARTESIAN_POINT ( 'NONE',  ( 1.150000000000000355, 1.799999999999999600, 1.249999999999997558 ) ) ;
#8226 = FACE_OUTER_BOUND ( 'NONE', #6670, .T. ) ;
#8227 = DIRECTION ( 'NONE',  ( -3.872150616019660190E-17, -1.000000000000000000, 0.0000000000000000000 ) ) ;
#8228 = COLOUR_RGB ( '',1.000000000000000000, 0.8117647058823529438, 0.5019607843137254832 ) ;
#8229 = PLANE ( 'NONE',  #365 ) ;
#8230 = VECTOR ( 'NONE', #2236, 1000.000000000000000 ) ;
#8231 = CARTESIAN_POINT ( 'NONE',  ( 12.25000000000000000, -3.399999999999999911, 0.2500000000000002220 ) ) ;
#8232 = PLANE ( 'NONE',  #4581 ) ;
#8233 =( GEOMETRIC_REPRESENTATION_CONTEXT ( 3 ) GLOBAL_UNCERTAINTY_ASSIGNED_CONTEXT ( ( #1741 ) ) GLOBAL_UNIT_ASSIGNED_CONTEXT ( ( #9316, #6334, #12222 ) ) REPRESENTATION_CONTEXT ( 'NONE', 'WORKASPACE' ) );
#8234 = SURFACE_SIDE_STYLE ('',( #10162 ) ) ;
#8235 = AXIS2_PLACEMENT_3D ( 'NONE', #2310, #11894, #6252 ) ;
#8236 = EDGE_CURVE ( 'NONE', #7040, #1005, #1291, .T. ) ;
#8237 = DIRECTION ( 'NONE',  ( -5.421010862427522170E-17, -1.000000000000000000, 2.350988701644575016E-32 ) ) ;
#8238 = ADVANCED_FACE ( 'NONE', ( #1151 ), #6067, .T. ) ;
#8239 = ORIENTED_EDGE ( 'NONE', *, *, #7305, .F. ) ;
#8240 = CARTESIAN_POINT ( 'NONE',  ( 7.849999999999997868, -3.399999999999999911, -2.800000000000001155 ) ) ;
#8241 = EDGE_CURVE ( 'NONE', #8190, #3588, #465, .T. ) ;
#8242 = DIRECTION ( 'NONE',  ( 3.872150616019660190E-17, 1.000000000000000000, -0.0000000000000000000 ) ) ;
#8243 = DIRECTION ( 'NONE',  ( 1.000000000000000000, 1.927470528863119542E-16, -0.0000000000000000000 ) ) ;
#8244 = CARTESIAN_POINT ( 'NONE',  ( 0.7500000000000002220, 3.399999999999999467, -2.300000000000003375 ) ) ;
#8245 = FACE_OUTER_BOUND ( 'NONE', #9863, .T. ) ;
#8246 = STYLED_ITEM ( 'NONE', ( #4414 ), #10671 ) ;
#8247 = LINE ( 'NONE', #5641, #12250 ) ;
#8248 = ORIENTED_EDGE ( 'NONE', *, *, #10483, .T. ) ;
#8249 = PRESENTATION_LAYER_ASSIGNMENT (  '', '', ( #1274 ) ) ;
#8250 = UNCERTAINTY_MEASURE_WITH_UNIT (LENGTH_MEASURE( 1.000000000000000082E-05 ), #3443, 'distance_accuracy_value', 'NONE');
#8251 = PLANE ( 'NONE',  #3332 ) ;
#8252 = UNCERTAINTY_MEASURE_WITH_UNIT (LENGTH_MEASURE( 1.000000000000000082E-05 ), #9660, 'distance_accuracy_value', 'NONE');
#8253 = LINE ( 'NONE', #10041, #8104 ) ;
#8254 = SURFACE_SIDE_STYLE ('',( #2271 ) ) ;
#8255 = PRESENTATION_LAYER_ASSIGNMENT (  '', '', ( #7458 ) ) ;
#8256 = EDGE_CURVE ( 'NONE', #1475, #3758, #6128, .T. ) ;
#8257 = VERTEX_POINT ( 'NONE', #8992 ) ;
#8258 = VECTOR ( 'NONE', #4424, 1000.000000000000000 ) ;
#8259 = ORIENTED_EDGE ( 'NONE', *, *, #1193, .T. ) ;
#8260 = SURFACE_STYLE_FILL_AREA ( #4313 ) ;
#8261 = DIRECTION ( 'NONE',  ( 3.872150616019661422E-17, 1.000000000000000000, 0.0000000000000000000 ) ) ;
#8262 = FILL_AREA_STYLE_COLOUR ( '', #10086 ) ;
#8263 = ORIENTED_EDGE ( 'NONE', *, *, #4679, .T. ) ;
#8264 = ORIENTED_EDGE ( 'NONE', *, *, #8976, .F. ) ;
#8265 = UNCERTAINTY_MEASURE_WITH_UNIT (LENGTH_MEASURE( 1.000000000000000082E-05 ), #5376, 'distance_accuracy_value', 'NONE');
#8266 = PLANE ( 'NONE',  #752 ) ;
#8267 = EDGE_CURVE ( 'NONE', #10945, #2598, #276, .T. ) ;
#8268 = PLANE ( 'NONE',  #4720 ) ;
#8269 = FILL_AREA_STYLE_COLOUR ( '', #8300 ) ;
#8270 = VERTEX_POINT ( 'NONE', #6270 ) ;
#8271 = CARTESIAN_POINT ( 'NONE',  ( 3.250000000000000888, 3.399999999999999467, -2.050000000000001599 ) ) ;
#8272 = ORIENTED_EDGE ( 'NONE', *, *, #7678, .F. ) ;
#8273 = CARTESIAN_POINT ( 'NONE',  ( 6.049999999999999822, 0.0000000000000000000, -2.050000000000001599 ) ) ;
#8274 = DIRECTION ( 'NONE',  ( -9.103382349328301547E-49, -2.350988701644575016E-32, -1.000000000000000000 ) ) ;
#8275 = PRESENTATION_STYLE_ASSIGNMENT (( #5282 ) ) ;
#8276 = DIRECTION ( 'NONE',  ( -0.0000000000000000000, 1.000000000000000000, -0.0000000000000000000 ) ) ;
#8277 = LINE ( 'NONE', #9498, #11422 ) ;
#8278 = ORIENTED_EDGE ( 'NONE', *, *, #3011, .T. ) ;
#8279 = DIRECTION ( 'NONE',  ( -1.000000000000000000, 0.0000000000000000000, 0.0000000000000000000 ) ) ;
#8280 = EDGE_LOOP ( 'NONE', ( #8034, #5723, #1177, #12345 ) ) ;
#8281 = CARTESIAN_POINT ( 'NONE',  ( 6.049999999999999822, 5.100000000000001421, -2.800000000000000266 ) ) ;
#8282 = EDGE_CURVE ( 'NONE', #2424, #2785, #4237, .T. ) ;
#8283 = VECTOR ( 'NONE', #8526, 1000.000000000000000 ) ;
#8284 = PLANE ( 'NONE',  #11439 ) ;
#8285 =( LENGTH_UNIT ( ) NAMED_UNIT ( * ) SI_UNIT ( .MILLI., .METRE. ) );
#8286 = CARTESIAN_POINT ( 'NONE',  ( 0.05000000000000012768, 5.100000000000001421, 0.1500000000000008271 ) ) ;
#8287 = ORIENTED_EDGE ( 'NONE', *, *, #12262, .F. ) ;
#8288 =( NAMED_UNIT ( * ) SI_UNIT ( $, .STERADIAN. ) SOLID_ANGLE_UNIT ( ) );
#8289 = CARTESIAN_POINT ( 'NONE',  ( 14.24999999999999822, -3.300000000000000266, 0.2500000000000002220 ) ) ;
#8290 = CARTESIAN_POINT ( 'NONE',  ( 8.750000000000000000, 3.149999999999999023, -2.050000000000001599 ) ) ;
#8291 = VECTOR ( 'NONE', #6600, 1000.000000000000000 ) ;
#8292 = SURFACE_SIDE_STYLE ('',( #2383 ) ) ;
#8293 = DIRECTION ( 'NONE',  ( 0.0000000000000000000, 0.0000000000000000000, -1.000000000000000000 ) ) ;
#8294 = EDGE_LOOP ( 'NONE', ( #8297, #8954, #249, #8198 ) ) ;
#8295 = CARTESIAN_POINT ( 'NONE',  ( 16.69999999999999929, 0.1999999999999999833, -2.800000000000000266 ) ) ;
#8296 = ORIENTED_EDGE ( 'NONE', *, *, #779, .F. ) ;
#8297 = ORIENTED_EDGE ( 'NONE', *, *, #5274, .F. ) ;
#8298 = DIRECTION ( 'NONE',  ( 3.872150616019660190E-17, 1.000000000000000000, -0.0000000000000000000 ) ) ;
#8299 = DIRECTION ( 'NONE',  ( -1.000000000000000000, 5.421010862427522170E-17, 0.0000000000000000000 ) ) ;
#8300 = COLOUR_RGB ( '',1.000000000000000000, 0.8117647058823529438, 0.5019607843137254832 ) ;
#8301 = ORIENTED_EDGE ( 'NONE', *, *, #1632, .F. ) ;
#8302 = LINE ( 'NONE', #8433, #2674 ) ;
#8303 = ORIENTED_EDGE ( 'NONE', *, *, #2272, .T. ) ;
#8304 = PLANE ( 'NONE',  #8424 ) ;
#8305 = EDGE_CURVE ( 'NONE', #9367, #3060, #10163, .T. ) ;
#8306 =( NAMED_UNIT ( * ) PLANE_ANGLE_UNIT ( ) SI_UNIT ( $, .RADIAN. ) );
#8307 = PLANE ( 'NONE',  #7600 ) ;
#8308 = FACE_OUTER_BOUND ( 'NONE', #2854, .T. ) ;
#8309 = AXIS2_PLACEMENT_3D ( 'NONE', #12225, #9465, #2466 ) ;
#8310 = CARTESIAN_POINT ( 'NONE',  ( 12.69999999999999929, 0.1999999999999999833, -2.800000000000000266 ) ) ;
#8311 =( LENGTH_UNIT ( ) NAMED_UNIT ( * ) SI_UNIT ( .MILLI., .METRE. ) );
#8312 = ORIENTED_EDGE ( 'NONE', *, *, #7501, .T. ) ;
#8313 = LINE ( 'NONE', #12313, #1827 ) ;
#8314 = DIRECTION ( 'NONE',  ( 0.5773502691896259531, 0.5773502691896259531, 0.5773502691896255090 ) ) ;
#8315 = EDGE_LOOP ( 'NONE', ( #1592, #1513, #8171, #11935 ) ) ;
#8316 = VERTEX_POINT ( 'NONE', #2387 ) ;
#8317 = EDGE_CURVE ( 'NONE', #9395, #2561, #3231, .T. ) ;
#8318 = EDGE_CURVE ( 'NONE', #9918, #1499, #3171, .T. ) ;
#8319 = DIRECTION ( 'NONE',  ( 1.844871758041489317E-17, 0.7071067811865492381, 0.7071067811865457964 ) ) ;
#8320 = FACE_OUTER_BOUND ( 'NONE', #7928, .T. ) ;
#8321 = MECHANICAL_DESIGN_GEOMETRIC_PRESENTATION_REPRESENTATION (  '', ( #11960 ), #740 ) ;
#8322 = FILL_AREA_STYLE ('',( #5411 ) ) ;
#8323 = ORIENTED_EDGE ( 'NONE', *, *, #7083, .T. ) ;
#8324 =( NAMED_UNIT ( * ) PLANE_ANGLE_UNIT ( ) SI_UNIT ( $, .RADIAN. ) );
#8325 = ORIENTED_EDGE ( 'NONE', *, *, #11129, .F. ) ;
#8326 = PLANE ( 'NONE',  #1504 ) ;
#8327 = FACE_OUTER_BOUND ( 'NONE', #2073, .T. ) ;
#8328 = COLOUR_RGB ( '',1.000000000000000000, 1.000000000000000000, 1.000000000000000000 ) ;
#8329 = EDGE_CURVE ( 'NONE', #6830, #12336, #7102, .T. ) ;
#8330 = ORIENTED_EDGE ( 'NONE', *, *, #4900, .T. ) ;
#8331 = DIRECTION ( 'NONE',  ( 1.000000000000000000, 0.0000000000000000000, 0.0000000000000000000 ) ) ;
#8332 = CARTESIAN_POINT ( 'NONE',  ( 1.850000000000000089, 5.100000000000001421, 0.1500000000000008271 ) ) ;
#8333 = LINE ( 'NONE', #1388, #7975 ) ;
#8334 = EDGE_LOOP ( 'NONE', ( #4663, #9597, #4899, #4465 ) ) ;
#8335 = CARTESIAN_POINT ( 'NONE',  ( 11.75000000000000000, 5.000000000000000888, -0.2499999999999997780 ) ) ;
#8336 =( GEOMETRIC_REPRESENTATION_CONTEXT ( 3 ) GLOBAL_UNCERTAINTY_ASSIGNED_CONTEXT ( ( #5612 ) ) GLOBAL_UNIT_ASSIGNED_CONTEXT ( ( #3592, #7522, #11373 ) ) REPRESENTATION_CONTEXT ( 'NONE', 'WORKASPACE' ) );
#8337 = PLANE ( 'NONE',  #8188 ) ;
#8338 = EDGE_LOOP ( 'NONE', ( #1630, #7314, #5047, #6784 ) ) ;
#8339 = DIRECTION ( 'NONE',  ( 0.0000000000000000000, 0.0000000000000000000, -1.000000000000000000 ) ) ;
#8340 = CARTESIAN_POINT ( 'NONE',  ( 14.24999999999999822, -3.300000000000000266, -0.2499999999999997780 ) ) ;
#8341 = PRESENTATION_STYLE_ASSIGNMENT (( #9059 ) ) ;
#8342 = UNCERTAINTY_MEASURE_WITH_UNIT (LENGTH_MEASURE( 1.000000000000000082E-05 ), #11568, 'distance_accuracy_value', 'NONE');
#8343 = SURFACE_STYLE_FILL_AREA ( #12277 ) ;
#8344 = ORIENTED_EDGE ( 'NONE', *, *, #2995, .F. ) ;
#8345 = DIRECTION ( 'NONE',  ( 1.000000000000000000, -3.872150616019660190E-17, -4.336808689942017736E-16 ) ) ;
#8346 = PRESENTATION_STYLE_ASSIGNMENT (( #574 ) ) ;
#8347 = CARTESIAN_POINT ( 'NONE',  ( 15.75000000000000000, -3.399999999999999911, 0.2500000000000002220 ) ) ;
#8348 = VECTOR ( 'NONE', #6885, 1000.000000000000000 ) ;
#8349 =( NAMED_UNIT ( * ) SI_UNIT ( $, .STERADIAN. ) SOLID_ANGLE_UNIT ( ) );
#8350 = LINE ( 'NONE', #7615, #12634 ) ;
#8351 = LINE ( 'NONE', #6464, #1267 ) ;
#8352 =( NAMED_UNIT ( * ) PLANE_ANGLE_UNIT ( ) SI_UNIT ( $, .RADIAN. ) );
#8353 = SURFACE_SIDE_STYLE ('',( #12032 ) ) ;
#8354 = CARTESIAN_POINT ( 'NONE',  ( 6.749999999999999112, 3.399999999999999467, -2.300000000000003375 ) ) ;
#8355 = DIRECTION ( 'NONE',  ( 1.000000000000000000, -0.0000000000000000000, 1.927470528863119049E-16 ) ) ;
#8356 = STYLED_ITEM ( 'NONE', ( #12581 ), #7877 ) ;
#8357 = FACE_OUTER_BOUND ( 'NONE', #4851, .T. ) ;
#8358 = ORIENTED_EDGE ( 'NONE', *, *, #11829, .F. ) ;
#8359 = SURFACE_STYLE_FILL_AREA ( #9320 ) ;
#8360 = UNCERTAINTY_MEASURE_WITH_UNIT (LENGTH_MEASURE( 1.000000000000000082E-05 ), #5803, 'distance_accuracy_value', 'NONE');
#8361 =( LENGTH_UNIT ( ) NAMED_UNIT ( * ) SI_UNIT ( .MILLI., .METRE. ) );
#8362 = STYLED_ITEM ( 'NONE', ( #11248 ), #8158 ) ;
#8363 = ADVANCED_FACE ( 'NONE', ( #1346 ), #11095, .F. ) ;
#8364 = LINE ( 'NONE', #10115, #117 ) ;
#8365 = DIRECTION ( 'NONE',  ( -0.0000000000000000000, -0.0000000000000000000, 1.000000000000000000 ) ) ;
#8366 = FACE_OUTER_BOUND ( 'NONE', #7602, .T. ) ;
#8367 = PRESENTATION_LAYER_ASSIGNMENT (  '', '', ( #10419 ) ) ;
#8368 = STYLED_ITEM ( 'NONE', ( #6267 ), #6502 ) ;
#8369 = PRESENTATION_LAYER_ASSIGNMENT (  '', '', ( #7591 ) ) ;
#8370 = EDGE_LOOP ( 'NONE', ( #5595, #10882, #5591, #3612 ) ) ;
#8371 = EDGE_CURVE ( 'NONE', #2499, #7944, #4740, .T. ) ;
#8372 = ORIENTED_EDGE ( 'NONE', *, *, #4755, .F. ) ;
#8373 = DIRECTION ( 'NONE',  ( -3.872150616019660190E-17, -1.000000000000000000, 0.0000000000000000000 ) ) ;
#8374 = FILL_AREA_STYLE_COLOUR ( '', #3640 ) ;
#8375 = LINE ( 'NONE', #8575, #4597 ) ;
#8376 = VECTOR ( 'NONE', #5999, 1000.000000000000000 ) ;
#8377 = ORIENTED_EDGE ( 'NONE', *, *, #5736, .F. ) ;
#8378 = VERTEX_POINT ( 'NONE', #8553 ) ;
#8379 = ORIENTED_EDGE ( 'NONE', *, *, #6732, .F. ) ;
#8380 = UNCERTAINTY_MEASURE_WITH_UNIT (LENGTH_MEASURE( 1.000000000000000082E-05 ), #3264, 'distance_accuracy_value', 'NONE');
#8381 = STYLED_ITEM ( 'NONE', ( #9325 ), #6286 ) ;
#8382 = CIRCLE ( 'NONE', #3689, 0.4999999999999995559 ) ;
#8383 = FACE_BOUND ( 'NONE', #10982, .T. ) ;
#8384 = MECHANICAL_DESIGN_GEOMETRIC_PRESENTATION_REPRESENTATION (  '', ( #3704 ), #10023 ) ;
#8385 = LINE ( 'NONE', #5276, #12199 ) ;
#8386 = MECHANICAL_DESIGN_GEOMETRIC_PRESENTATION_REPRESENTATION (  '', ( #2226 ), #12226 ) ;
#8387 = EDGE_CURVE ( 'NONE', #4047, #2143, #4620, .T. ) ;
#8388 = VECTOR ( 'NONE', #8242, 1000.000000000000000 ) ;
#8389 = COLOUR_RGB ( '',1.000000000000000000, 1.000000000000000000, 1.000000000000000000 ) ;
#8390 = DIRECTION ( 'NONE',  ( -1.000000000000000000, 0.0000000000000000000, 0.0000000000000000000 ) ) ;
#8391 = ORIENTED_EDGE ( 'NONE', *, *, #9598, .F. ) ;
#8392 = EDGE_CURVE ( 'NONE', #8522, #10920, #4478, .T. ) ;
#8393 = DIRECTION ( 'NONE',  ( 3.872150616019660190E-17, 1.000000000000000000, -0.0000000000000000000 ) ) ;
#8394 = DIRECTION ( 'NONE',  ( 4.336808689942017736E-16, 0.0000000000000000000, 1.000000000000000000 ) ) ;
#8395 = PRESENTATION_LAYER_ASSIGNMENT (  '', '', ( #1206 ) ) ;
#8396 = DIRECTION ( 'NONE',  ( 1.000000000000000000, -5.421010862427522170E-17, 0.0000000000000000000 ) ) ;
#8397 = ORIENTED_EDGE ( 'NONE', *, *, #2572, .F. ) ;
#8398 = FILL_AREA_STYLE ('',( #11188 ) ) ;
#8399 = CARTESIAN_POINT ( 'NONE',  ( -0.1500000000000006051, 5.100000000000001421, -0.1500000000000003830 ) ) ;
#8400 = VECTOR ( 'NONE', #1144, 1000.000000000000000 ) ;
#8401 = DIRECTION ( 'NONE',  ( -1.927470528863119542E-16, 1.000000000000000000, 0.0000000000000000000 ) ) ;
#8402 = ORIENTED_EDGE ( 'NONE', *, *, #4271, .T. ) ;
#8403 = ORIENTED_EDGE ( 'NONE', *, *, #3400, .T. ) ;
#8404 = MECHANICAL_DESIGN_GEOMETRIC_PRESENTATION_REPRESENTATION (  '', ( #4962 ), #5970 ) ;
#8405 = MECHANICAL_DESIGN_GEOMETRIC_PRESENTATION_REPRESENTATION (  '', ( #1013 ), #9843 ) ;
#8406 = AXIS2_PLACEMENT_3D ( 'NONE', #811, #7755, #3853 ) ;
#8407 = ORIENTED_EDGE ( 'NONE', *, *, #5237, .T. ) ;
#8408 = ORIENTED_EDGE ( 'NONE', *, *, #10996, .T. ) ;
#8409 = EDGE_CURVE ( 'NONE', #5272, #11818, #578, .T. ) ;
#8410 = LINE ( 'NONE', #12403, #5337 ) ;
#8411 =( NAMED_UNIT ( * ) SI_UNIT ( $, .STERADIAN. ) SOLID_ANGLE_UNIT ( ) );
#8412 = AXIS2_PLACEMENT_3D ( 'NONE', #4850, #9887, #7021 ) ;
#8413 = LINE ( 'NONE', #6573, #10073 ) ;
#8414 =( NAMED_UNIT ( * ) SI_UNIT ( $, .STERADIAN. ) SOLID_ANGLE_UNIT ( ) );
#8415 = MECHANICAL_DESIGN_GEOMETRIC_PRESENTATION_REPRESENTATION (  '', ( #5557 ), #7617 ) ;
#8416 = COLOUR_RGB ( '',1.000000000000000000, 0.8117647058823529438, 0.5019607843137254832 ) ;
#8417 = AXIS2_PLACEMENT_3D ( 'NONE', #1545, #521, #4431 ) ;
#8418 =( NAMED_UNIT ( * ) PLANE_ANGLE_UNIT ( ) SI_UNIT ( $, .RADIAN. ) );
#8419 = CARTESIAN_POINT ( 'NONE',  ( -0.7000000000000002887, 0.2000000000000000389, 1.700000000000000178 ) ) ;
#8420 = CARTESIAN_POINT ( 'NONE',  ( 2.750000000000000444, 3.149999999999999467, -2.050000000000001599 ) ) ;
#8421 =( NAMED_UNIT ( * ) PLANE_ANGLE_UNIT ( ) SI_UNIT ( $, .RADIAN. ) );
#8422 =( NAMED_UNIT ( * ) SI_UNIT ( $, .STERADIAN. ) SOLID_ANGLE_UNIT ( ) );
#8423 = ORIENTED_EDGE ( 'NONE', *, *, #2169, .F. ) ;
#8424 = AXIS2_PLACEMENT_3D ( 'NONE', #12160, #7504, #7361 ) ;
#8425 = DIRECTION ( 'NONE',  ( 0.0000000000000000000, 0.0000000000000000000, -1.000000000000000000 ) ) ;
#8426 = MECHANICAL_DESIGN_GEOMETRIC_PRESENTATION_REPRESENTATION (  '', ( #9856 ), #8641 ) ;
#8427 = LINE ( 'NONE', #5495, #10231 ) ;
#8428 = SURFACE_STYLE_USAGE ( .BOTH. , #7355 ) ;
#8429 = FACE_OUTER_BOUND ( 'NONE', #5524, .T. ) ;
#8430 =( LENGTH_UNIT ( ) NAMED_UNIT ( * ) SI_UNIT ( .MILLI., .METRE. ) );
#8431 = VERTEX_POINT ( 'NONE', #2453 ) ;
#8432 = ORIENTED_EDGE ( 'NONE', *, *, #5903, .F. ) ;
#8433 = CARTESIAN_POINT ( 'NONE',  ( -1.949999999999999956, 1.800000000000000044, -0.2499999999999997780 ) ) ;
#8434 = VECTOR ( 'NONE', #3563, 1000.000000000000000 ) ;
#8435 = VECTOR ( 'NONE', #638, 1000.000000000000000 ) ;
#8436 =( NAMED_UNIT ( * ) SI_UNIT ( $, .STERADIAN. ) SOLID_ANGLE_UNIT ( ) );
#8437 = EDGE_LOOP ( 'NONE', ( #2321, #668, #476, #7342 ) ) ;
#8438 = VECTOR ( 'NONE', #8869, 1000.000000000000000 ) ;
#8439 = FACE_OUTER_BOUND ( 'NONE', #3724, .T. ) ;
#8440 =( GEOMETRIC_REPRESENTATION_CONTEXT ( 3 ) GLOBAL_UNCERTAINTY_ASSIGNED_CONTEXT ( ( #7609 ) ) GLOBAL_UNIT_ASSIGNED_CONTEXT ( ( #106, #7870, #2055 ) ) REPRESENTATION_CONTEXT ( 'NONE', 'WORKASPACE' ) );
#8441 = MECHANICAL_DESIGN_GEOMETRIC_PRESENTATION_REPRESENTATION (  '', ( #5584 ), #3105 ) ;
#8442 = FILL_AREA_STYLE ('',( #8565 ) ) ;
#8443 = SURFACE_STYLE_FILL_AREA ( #1549 ) ;
#8444 = PLANE ( 'NONE',  #3064 ) ;
#8445 = ORIENTED_EDGE ( 'NONE', *, *, #8840, .T. ) ;
#8446 = CARTESIAN_POINT ( 'NONE',  ( 13.44999999999999929, -4.100000000000000533, 0.5499999999999992673 ) ) ;
#8447 = AXIS2_PLACEMENT_3D ( 'NONE', #10794, #8901, #3762 ) ;
#8448 = VECTOR ( 'NONE', #479, 1000.000000000000000 ) ;
#8449 = EDGE_CURVE ( 'NONE', #1005, #8731, #8350, .T. ) ;
#8450 = ORIENTED_EDGE ( 'NONE', *, *, #8637, .T. ) ;
#8451 =( LENGTH_UNIT ( ) NAMED_UNIT ( * ) SI_UNIT ( .MILLI., .METRE. ) );
#8452 = CARTESIAN_POINT ( 'NONE',  ( -1.949999999999999956, 1.800000000000000044, 0.2500000000000002220 ) ) ;
#8453 = VECTOR ( 'NONE', #11389, 1000.000000000000000 ) ;
#8454 = ORIENTED_EDGE ( 'NONE', *, *, #11042, .F. ) ;
#8455 = DIRECTION ( 'NONE',  ( 3.872150616019660190E-17, 1.000000000000000000, -0.0000000000000000000 ) ) ;
#8456 = FACE_OUTER_BOUND ( 'NONE', #5075, .T. ) ;
#8457 = VECTOR ( 'NONE', #4308, 1000.000000000000114 ) ;
#8458 =( LENGTH_UNIT ( ) NAMED_UNIT ( * ) SI_UNIT ( .MILLI., .METRE. ) );
#8459 = ORIENTED_EDGE ( 'NONE', *, *, #5980, .T. ) ;
#8460 = VECTOR ( 'NONE', #10710, 1000.000000000000000 ) ;
#8461 = ORIENTED_EDGE ( 'NONE', *, *, #389, .T. ) ;
#8462 = DIRECTION ( 'NONE',  ( 3.872150616019660190E-17, 1.000000000000000000, -0.0000000000000000000 ) ) ;
#8463 =( LENGTH_UNIT ( ) NAMED_UNIT ( * ) SI_UNIT ( .MILLI., .METRE. ) );
#8464 = CARTESIAN_POINT ( 'NONE',  ( 8.699999999999999289, 0.1999999999999999833, 1.700000000000000178 ) ) ;
#8465 = FILL_AREA_STYLE_COLOUR ( '', #6846 ) ;
#8466 = CARTESIAN_POINT ( 'NONE',  ( 14.24999999999999822, 5.000000000000000888, 0.2500000000000002220 ) ) ;
#8467 = EDGE_CURVE ( 'NONE', #9989, #1852, #12214, .T. ) ;
#8468 = EDGE_CURVE ( 'NONE', #10936, #2731, #10350, .T. ) ;
#8469 = DIRECTION ( 'NONE',  ( 0.5773502691896246208, -0.5773502691896265082, 0.5773502691896260641 ) ) ;
#8470 = ADVANCED_FACE ( 'NONE', ( #5694 ), #1537, .F. ) ;
#8471 = ORIENTED_EDGE ( 'NONE', *, *, #9402, .T. ) ;
#8472 = CARTESIAN_POINT ( 'NONE',  ( 3.299999999999999378, 0.2000000000000000389, -2.800000000000000266 ) ) ;
#8473 =( NAMED_UNIT ( * ) SI_UNIT ( $, .STERADIAN. ) SOLID_ANGLE_UNIT ( ) );
#8474 = ORIENTED_EDGE ( 'NONE', *, *, #10279, .T. ) ;
#8475 = DIRECTION ( 'NONE',  ( -1.084202172485504237E-15, -1.000000000000000000, 0.0000000000000000000 ) ) ;
#8476 = DIRECTION ( 'NONE',  ( 0.0000000000000000000, 0.0000000000000000000, 1.000000000000000000 ) ) ;
#8477 = PRESENTATION_STYLE_ASSIGNMENT (( #4611 ) ) ;
#8478 = SURFACE_STYLE_FILL_AREA ( #1526 ) ;
#8479 = SURFACE_STYLE_USAGE ( .BOTH. , #12343 ) ;
#8480 = FILL_AREA_STYLE_COLOUR ( '', #6633 ) ;
#8481 = VERTEX_POINT ( 'NONE', #716 ) ;
#8482 = UNCERTAINTY_MEASURE_WITH_UNIT (LENGTH_MEASURE( 1.000000000000000082E-05 ), #12567, 'distance_accuracy_value', 'NONE');
#8483 = FILL_AREA_STYLE ('',( #1792 ) ) ;
#8484 = SURFACE_STYLE_FILL_AREA ( #11583 ) ;
#8485 = CARTESIAN_POINT ( 'NONE',  ( 2.699999999999998845, 0.1999999999999999833, 1.700000000000000178 ) ) ;
#8486 = EDGE_CURVE ( 'NONE', #6429, #12175, #4990, .T. ) ;
#8487 = ADVANCED_FACE ( 'NONE', ( #7679 ), #4803, .F. ) ;
#8488 = FILL_AREA_STYLE ('',( #12144 ) ) ;
#8489 = DIRECTION ( 'NONE',  ( -0.7071067811865505703, -0.7071067811865444641, 1.662400053425828747E-32 ) ) ;
#8490 = CARTESIAN_POINT ( 'NONE',  ( 7.750000000000000000, 5.000000000000000888, -0.2499999999999997780 ) ) ;
#8491 =( NAMED_UNIT ( * ) SI_UNIT ( $, .STERADIAN. ) SOLID_ANGLE_UNIT ( ) );
#8492 = CARTESIAN_POINT ( 'NONE',  ( -1.949999999999999956, 6.000000000000000000, -0.6800000000000000488 ) ) ;
#8493 = PLANE ( 'NONE',  #5822 ) ;
#8494 = DIRECTION ( 'NONE',  ( 0.0000000000000000000, -0.0000000000000000000, 1.000000000000000000 ) ) ;
#8495 =( LENGTH_UNIT ( ) NAMED_UNIT ( * ) SI_UNIT ( .MILLI., .METRE. ) );
#8496 = LINE ( 'NONE', #1483, #3751 ) ;
#8497 = ORIENTED_EDGE ( 'NONE', *, *, #2978, .T. ) ;
#8498 = EDGE_CURVE ( 'NONE', #4426, #7472, #2046, .T. ) ;
#8499 = CARTESIAN_POINT ( 'NONE',  ( 14.24999999999999822, 1.800000000000000044, -0.2499999999999997780 ) ) ;
#8500 = COLOUR_RGB ( '',1.000000000000000000, 0.8117647058823529438, 0.5019607843137254832 ) ;
#8501 = CARTESIAN_POINT ( 'NONE',  ( 3.750000000000000444, -3.399999999999999911, -0.2499999999999997780 ) ) ;
#8502 = CARTESIAN_POINT ( 'NONE',  ( 11.75000000000000000, 5.000000000000000888, 0.2500000000000002220 ) ) ;
#8503 = EDGE_CURVE ( 'NONE', #348, #509, #3027, .T. ) ;
#8504 = DIRECTION ( 'NONE',  ( 1.000000000000000000, 0.0000000000000000000, -0.0000000000000000000 ) ) ;
#8505 = LINE ( 'NONE', #2787, #2696 ) ;
#8506 = FILL_AREA_STYLE_COLOUR ( '', #1187 ) ;
#8507 = ORIENTED_EDGE ( 'NONE', *, *, #10433, .F. ) ;
#8508 = LINE ( 'NONE', #8569, #2494 ) ;
#8509 = ORIENTED_EDGE ( 'NONE', *, *, #11713, .T. ) ;
#8510 =( GEOMETRIC_REPRESENTATION_CONTEXT ( 3 ) GLOBAL_UNCERTAINTY_ASSIGNED_CONTEXT ( ( #8537 ) ) GLOBAL_UNIT_ASSIGNED_CONTEXT ( ( #2468, #5320, #7249 ) ) REPRESENTATION_CONTEXT ( 'NONE', 'WORKASPACE' ) );
#8511 = ORIENTED_EDGE ( 'NONE', *, *, #12119, .F. ) ;
#8512 = FILL_AREA_STYLE_COLOUR ( '', #11618 ) ;
#8513 = LINE ( 'NONE', #6611, #6006 ) ;
#8514 = EDGE_LOOP ( 'NONE', ( #1553, #9345, #10501, #10125 ) ) ;
#8515 = EDGE_LOOP ( 'NONE', ( #11982, #549, #9543, #10906 ) ) ;
#8516 = ORIENTED_EDGE ( 'NONE', *, *, #4739, .T. ) ;
#8517 = CARTESIAN_POINT ( 'NONE',  ( 13.74999999999999822, -3.300000000000000266, -0.2499999999999997780 ) ) ;
#8518 = MECHANICAL_DESIGN_GEOMETRIC_PRESENTATION_REPRESENTATION (  '', ( #4043 ), #6281 ) ;
#8519 =( GEOMETRIC_REPRESENTATION_CONTEXT ( 3 ) GLOBAL_UNCERTAINTY_ASSIGNED_CONTEXT ( ( #7136 ) ) GLOBAL_UNIT_ASSIGNED_CONTEXT ( ( #6977, #7981, #9909 ) ) REPRESENTATION_CONTEXT ( 'NONE', 'WORKASPACE' ) );
#8520 = LINE ( 'NONE', #7641, #5299 ) ;
#8521 =( NAMED_UNIT ( * ) SI_UNIT ( $, .STERADIAN. ) SOLID_ANGLE_UNIT ( ) );
#8522 = VERTEX_POINT ( 'NONE', #9901 ) ;
#8523 = SURFACE_STYLE_USAGE ( .BOTH. , #2362 ) ;
#8524 = ORIENTED_EDGE ( 'NONE', *, *, #1389, .T. ) ;
#8525 = FILL_AREA_STYLE_COLOUR ( '', #12356 ) ;
#8526 = DIRECTION ( 'NONE',  ( 0.0000000000000000000, 1.000000000000000000, 0.0000000000000000000 ) ) ;
#8527 = CARTESIAN_POINT ( 'NONE',  ( -1.949999999999999956, 0.0000000000000000000, -2.800000000000000266 ) ) ;
#8528 = EDGE_LOOP ( 'NONE', ( #4205, #5025, #8471, #10124 ) ) ;
#8529 = CARTESIAN_POINT ( 'NONE',  ( -1.350000000000000089, 4.500000000000000888, -0.1799999999999996048 ) ) ;
#8530 =( NAMED_UNIT ( * ) SI_UNIT ( $, .STERADIAN. ) SOLID_ANGLE_UNIT ( ) );
#8531 = ORIENTED_EDGE ( 'NONE', *, *, #9351, .T. ) ;
#8532 = EDGE_CURVE ( 'NONE', #691, #3585, #10646, .T. ) ;
#8533 = SURFACE_SIDE_STYLE ('',( #5474 ) ) ;
#8534 = SURFACE_STYLE_FILL_AREA ( #5608 ) ;
#8535 =( LENGTH_UNIT ( ) NAMED_UNIT ( * ) SI_UNIT ( .MILLI., .METRE. ) );
#8536 =( NAMED_UNIT ( * ) SI_UNIT ( $, .STERADIAN. ) SOLID_ANGLE_UNIT ( ) );
#8537 = UNCERTAINTY_MEASURE_WITH_UNIT (LENGTH_MEASURE( 1.000000000000000082E-05 ), #2468, 'distance_accuracy_value', 'NONE');
#8538 = ORIENTED_EDGE ( 'NONE', *, *, #3956, .T. ) ;
#8539 = ORIENTED_EDGE ( 'NONE', *, *, #5672, .F. ) ;
#8540 = LINE ( 'NONE', #2508, #7969 ) ;
#8541 =( LENGTH_UNIT ( ) NAMED_UNIT ( * ) SI_UNIT ( .MILLI., .METRE. ) );
#8542 = EDGE_CURVE ( 'NONE', #8994, #1802, #35, .T. ) ;
#8543 = FACE_OUTER_BOUND ( 'NONE', #10834, .T. ) ;
#8544 = ORIENTED_EDGE ( 'NONE', *, *, #4553, .T. ) ;
#8545 = VECTOR ( 'NONE', #2405, 1000.000000000000000 ) ;
#8546 = DIRECTION ( 'NONE',  ( -0.7071067811865429098, -0.7071067811865522357, 3.066586833366728062E-16 ) ) ;
#8547 = SURFACE_STYLE_FILL_AREA ( #8488 ) ;
#8548 = PRESENTATION_STYLE_ASSIGNMENT (( #1534 ) ) ;
#8549 = VECTOR ( 'NONE', #7069, 1000.000000000000114 ) ;
#8550 =( LENGTH_UNIT ( ) NAMED_UNIT ( * ) SI_UNIT ( .MILLI., .METRE. ) );
#8551 = UNCERTAINTY_MEASURE_WITH_UNIT (LENGTH_MEASURE( 1.000000000000000082E-05 ), #11461, 'distance_accuracy_value', 'NONE');
#8552 = DIRECTION ( 'NONE',  ( 3.872150616019660190E-17, 1.000000000000000000, -0.0000000000000000000 ) ) ;
#8553 = CARTESIAN_POINT ( 'NONE',  ( -1.699999999999999734, 6.000000000000000000, 1.599999999999997202 ) ) ;
#8554 = ORIENTED_EDGE ( 'NONE', *, *, #8774, .T. ) ;
#8555 = ORIENTED_EDGE ( 'NONE', *, *, #11183, .T. ) ;
#8556 = EDGE_CURVE ( 'NONE', #10811, #1786, #5041, .T. ) ;
#8557 = UNCERTAINTY_MEASURE_WITH_UNIT (LENGTH_MEASURE( 1.000000000000000082E-05 ), #11238, 'distance_accuracy_value', 'NONE');
#8558 = EDGE_CURVE ( 'NONE', #6700, #90, #5875, .T. ) ;
#8559 = CARTESIAN_POINT ( 'NONE',  ( -1.949999999999999956, 1.800000000000000044, 0.2500000000000002220 ) ) ;
#8560 = CARTESIAN_POINT ( 'NONE',  ( 1.750000000000000222, -3.300000000000000266, 0.2500000000000002220 ) ) ;
#8561 = EDGE_LOOP ( 'NONE', ( #1759, #6411, #1600, #1181 ) ) ;
#8562 = EDGE_CURVE ( 'NONE', #8753, #7715, #11653, .T. ) ;
#8563 = PLANE ( 'NONE',  #11144 ) ;
#8564 = DIRECTION ( 'NONE',  ( -1.000000000000000000, 0.0000000000000000000, 0.0000000000000000000 ) ) ;
#8565 = FILL_AREA_STYLE_COLOUR ( '', #11741 ) ;
#8566 = CARTESIAN_POINT ( 'NONE',  ( 17.94999999999999574, 0.0000000000000000000, 1.699999999999999289 ) ) ;
#8567 = DIRECTION ( 'NONE',  ( 9.103382349328301547E-49, 2.350988701644575016E-32, 1.000000000000000000 ) ) ;
#8568 = ORIENTED_EDGE ( 'NONE', *, *, #3780, .T. ) ;
#8569 = CARTESIAN_POINT ( 'NONE',  ( 7.249999999999999112, 3.399999999999999467, -2.300000000000003375 ) ) ;
#8570 = ORIENTED_EDGE ( 'NONE', *, *, #822, .T. ) ;
#8571 = SURFACE_STYLE_FILL_AREA ( #3718 ) ;
#8572 = COLOUR_RGB ( '',1.000000000000000000, 1.000000000000000000, 1.000000000000000000 ) ;
#8573 = CARTESIAN_POINT ( 'NONE',  ( 2.050000000000000266, 5.100000000000001421, -2.800000000000000266 ) ) ;
#8574 = EDGE_CURVE ( 'NONE', #11391, #4059, #12547, .T. ) ;
#8575 = CARTESIAN_POINT ( 'NONE',  ( 4.083333333333334814, 5.166666666666669627, -0.08333333333333282911 ) ) ;
#8576 = CARTESIAN_POINT ( 'NONE',  ( 17.94999999999999574, 0.0000000000000000000, -2.800000000000000711 ) ) ;
#8577 = ORIENTED_EDGE ( 'NONE', *, *, #7385, .F. ) ;
#8578 = MECHANICAL_DESIGN_GEOMETRIC_PRESENTATION_REPRESENTATION (  '', ( #7963 ), #5729 ) ;
#8579 =( NAMED_UNIT ( * ) SI_UNIT ( $, .STERADIAN. ) SOLID_ANGLE_UNIT ( ) );
#8580 = MECHANICAL_DESIGN_GEOMETRIC_PRESENTATION_REPRESENTATION (  '', ( #1993 ), #3880 ) ;
#8581 =( LENGTH_UNIT ( ) NAMED_UNIT ( * ) SI_UNIT ( .MILLI., .METRE. ) );
#8582 = LINE ( 'NONE', #1770, #7407 ) ;
#8583 = AXIS2_PLACEMENT_3D ( 'NONE', #5225, #11125, #3408 ) ;
#8584 = PRESENTATION_STYLE_ASSIGNMENT (( #10831 ) ) ;
#8585 = ORIENTED_EDGE ( 'NONE', *, *, #259, .F. ) ;
#8586 = EDGE_LOOP ( 'NONE', ( #4487, #10417, #9501, #12232 ) ) ;
#8587 = FILL_AREA_STYLE ('',( #4773 ) ) ;
#8588 = DIRECTION ( 'NONE',  ( -1.000000000000000000, 3.872150616019661422E-17, 0.0000000000000000000 ) ) ;
#8589 = ORIENTED_EDGE ( 'NONE', *, *, #12376, .F. ) ;
#8590 = VECTOR ( 'NONE', #3085, 1000.000000000000000 ) ;
#8591 = VECTOR ( 'NONE', #1365, 1000.000000000000000 ) ;
#8592 = PRESENTATION_LAYER_ASSIGNMENT (  '', '', ( #5130 ) ) ;
#8593 = VECTOR ( 'NONE', #7496, 1000.000000000000000 ) ;
#8594 = CARTESIAN_POINT ( 'NONE',  ( 0.0000000000000000000, -3.399999999999999911, 0.05000000000000012768 ) ) ;
#8595 = DIRECTION ( 'NONE',  ( 0.0000000000000000000, -0.0000000000000000000, 1.000000000000000000 ) ) ;
#8596 = PLANE ( 'NONE',  #4573 ) ;
#8597 = LINE ( 'NONE', #12461, #7779 ) ;
#8598 = VECTOR ( 'NONE', #2470, 1000.000000000000000 ) ;
#8599 = DIRECTION ( 'NONE',  ( 1.000000000000000000, -5.421010862427522170E-17, 0.0000000000000000000 ) ) ;
#8600 = VECTOR ( 'NONE', #5752, 1000.000000000000000 ) ;
#8601 = DIRECTION ( 'NONE',  ( 1.000000000000000000, 2.070335806756240194E-16, -0.0000000000000000000 ) ) ;
#8602 = SURFACE_STYLE_FILL_AREA ( #4015 ) ;
#8603 = ORIENTED_EDGE ( 'NONE', *, *, #834, .T. ) ;
#8604 = PRESENTATION_STYLE_ASSIGNMENT (( #7603 ) ) ;
#8605 = DIRECTION ( 'NONE',  ( 0.5773502691896259531, 0.5773502691896259531, 0.5773502691896255090 ) ) ;
#8606 = ADVANCED_FACE ( 'NONE', ( #10753 ), #12603, .F. ) ;
#8607 = CARTESIAN_POINT ( 'NONE',  ( 5.750000000000000000, -3.399999999999999911, -0.2499999999999997780 ) ) ;
#8608 = ORIENTED_EDGE ( 'NONE', *, *, #3413, .F. ) ;
#8609 = PRESENTATION_STYLE_ASSIGNMENT (( #1178 ) ) ;
#8610 =( NAMED_UNIT ( * ) PLANE_ANGLE_UNIT ( ) SI_UNIT ( $, .RADIAN. ) );
#8611 = ORIENTED_EDGE ( 'NONE', *, *, #3505, .F. ) ;
#8612 = VERTEX_POINT ( 'NONE', #10012 ) ;
#8613 = UNCERTAINTY_MEASURE_WITH_UNIT (LENGTH_MEASURE( 1.000000000000000082E-05 ), #6901, 'distance_accuracy_value', 'NONE');
#8614 = LINE ( 'NONE', #10464, #10832 ) ;
#8615 = DIRECTION ( 'NONE',  ( -1.000000000000000000, 0.0000000000000000000, 1.230800803163168627E-17 ) ) ;
#8616 = VECTOR ( 'NONE', #6881, 1000.000000000000114 ) ;
#8617 = CARTESIAN_POINT ( 'NONE',  ( 9.750000000000000000, -3.399999999999999911, 0.1500000000000008271 ) ) ;
#8618 = EDGE_CURVE ( 'NONE', #5019, #9034, #8218, .T. ) ;
#8619 = CARTESIAN_POINT ( 'NONE',  ( 1.250000000000000666, 3.399999999999999467, -2.050000000000001599 ) ) ;
#8620 = FILL_AREA_STYLE ('',( #11294 ) ) ;
#8621 = STYLED_ITEM ( 'NONE', ( #7777 ), #7654 ) ;
#8622 = SURFACE_STYLE_USAGE ( .BOTH. , #4806 ) ;
#8623 = LINE ( 'NONE', #9719, #7214 ) ;
#8624 = FILL_AREA_STYLE_COLOUR ( '', #11070 ) ;
#8625 = VECTOR ( 'NONE', #6139, 1000.000000000000114 ) ;
#8626 = AXIS2_PLACEMENT_3D ( 'NONE', #2338, #8069, #6275 ) ;
#8627 = ORIENTED_EDGE ( 'NONE', *, *, #2354, .F. ) ;
#8628 =( LENGTH_UNIT ( ) NAMED_UNIT ( * ) SI_UNIT ( .MILLI., .METRE. ) );
#8629 = CARTESIAN_POINT ( 'NONE',  ( -1.949999999999999956, 1.149999999999999911, -1.050000000000001821 ) ) ;
#8630 =( GEOMETRIC_REPRESENTATION_CONTEXT ( 3 ) GLOBAL_UNCERTAINTY_ASSIGNED_CONTEXT ( ( #4412 ) ) GLOBAL_UNIT_ASSIGNED_CONTEXT ( ( #4939, #6739, #8813 ) ) REPRESENTATION_CONTEXT ( 'NONE', 'WORKASPACE' ) );
#8631 = ORIENTED_EDGE ( 'NONE', *, *, #11023, .F. ) ;
#8632 = PLANE ( 'NONE',  #5754 ) ;
#8633 = FILL_AREA_STYLE ('',( #3841 ) ) ;
#8634 = DIRECTION ( 'NONE',  ( 1.000000000000000000, 0.0000000000000000000, 0.0000000000000000000 ) ) ;
#8635 = EDGE_CURVE ( 'NONE', #11658, #2288, #12079, .T. ) ;
#8636 = PRESENTATION_LAYER_ASSIGNMENT (  '', '', ( #7827 ) ) ;
#8637 = EDGE_CURVE ( 'NONE', #5061, #5144, #1331, .T. ) ;
#8638 = VECTOR ( 'NONE', #9043, 1000.000000000000000 ) ;
#8639 = EDGE_CURVE ( 'NONE', #1459, #9164, #3357, .T. ) ;
#8640 = LINE ( 'NONE', #1616, #3776 ) ;
#8641 =( GEOMETRIC_REPRESENTATION_CONTEXT ( 3 ) GLOBAL_UNCERTAINTY_ASSIGNED_CONTEXT ( ( #1162 ) ) GLOBAL_UNIT_ASSIGNED_CONTEXT ( ( #10726, #59, #12623 ) ) REPRESENTATION_CONTEXT ( 'NONE', 'WORKASPACE' ) );
#8642 = FILL_AREA_STYLE ('',( #9732 ) ) ;
#8643 = ORIENTED_EDGE ( 'NONE', *, *, #11898, .T. ) ;
#8644 = SURFACE_STYLE_USAGE ( .BOTH. , #2733 ) ;
#8645 = VECTOR ( 'NONE', #11717, 1000.000000000000000 ) ;
#8646 = FILL_AREA_STYLE_COLOUR ( '', #2710 ) ;
#8647 = ORIENTED_EDGE ( 'NONE', *, *, #10496, .T. ) ;
#8648 = VECTOR ( 'NONE', #6853, 1000.000000000000000 ) ;
#8649 = UNCERTAINTY_MEASURE_WITH_UNIT (LENGTH_MEASURE( 1.000000000000000082E-05 ), #615, 'distance_accuracy_value', 'NONE');
#8650 = VECTOR ( 'NONE', #4912, 1000.000000000000000 ) ;
#8651 = VECTOR ( 'NONE', #6667, 1000.000000000000000 ) ;
#8652 = CARTESIAN_POINT ( 'NONE',  ( -1.949999999999999734, 5.100000000000001421, 0.1500000000000008271 ) ) ;
#8653 = FILL_AREA_STYLE ('',( #11434 ) ) ;
#8654 =( GEOMETRIC_REPRESENTATION_CONTEXT ( 3 ) GLOBAL_UNCERTAINTY_ASSIGNED_CONTEXT ( ( #6317 ) ) GLOBAL_UNIT_ASSIGNED_CONTEXT ( ( #8285, #9364, #9240 ) ) REPRESENTATION_CONTEXT ( 'NONE', 'WORKASPACE' ) );
#8655 = EDGE_CURVE ( 'NONE', #2800, #3015, #7278, .T. ) ;
#8656 = EDGE_LOOP ( 'NONE', ( #6337, #480, #12609, #1268 ) ) ;
#8657 = COLOUR_RGB ( '',1.000000000000000000, 0.8117647058823529438, 0.5019607843137254832 ) ;
#8658 = ORIENTED_EDGE ( 'NONE', *, *, #7719, .F. ) ;
#8659 = ORIENTED_EDGE ( 'NONE', *, *, #2337, .T. ) ;
#8660 = DIRECTION ( 'NONE',  ( -1.000000000000000000, 0.0000000000000000000, -0.0000000000000000000 ) ) ;
#8661 =( NAMED_UNIT ( * ) PLANE_ANGLE_UNIT ( ) SI_UNIT ( $, .RADIAN. ) );
#8662 = ORIENTED_EDGE ( 'NONE', *, *, #1363, .F. ) ;
#8663 = ADVANCED_FACE ( 'NONE', ( #320 ), #8977, .T. ) ;
#8664 = STYLED_ITEM ( 'NONE', ( #9841 ), #12417 ) ;
#8665 = CARTESIAN_POINT ( 'NONE',  ( 1.749999999999998890, 1.800000000000000044, -2.800000000000002043 ) ) ;
#8666 = PLANE ( 'NONE',  #3745 ) ;
#8667 = ORIENTED_EDGE ( 'NONE', *, *, #4606, .T. ) ;
#8668 =( NAMED_UNIT ( * ) SI_UNIT ( $, .STERADIAN. ) SOLID_ANGLE_UNIT ( ) );
#8669 = STYLED_ITEM ( 'NONE', ( #3904 ), #4244 ) ;
#8670 =( NAMED_UNIT ( * ) PLANE_ANGLE_UNIT ( ) SI_UNIT ( $, .RADIAN. ) );
#8671 = LINE ( 'NONE', #11637, #10434 ) ;
#8672 = ORIENTED_EDGE ( 'NONE', *, *, #7566, .T. ) ;
#8673 = FILL_AREA_STYLE ('',( #7667 ) ) ;
#8674 = CYLINDRICAL_SURFACE ( 'NONE', #3111, 0.05000000000000019013 ) ;
#8675 = STYLED_ITEM ( 'NONE', ( #9637 ), #5486 ) ;
#8676 = FACE_OUTER_BOUND ( 'NONE', #7573, .T. ) ;
#8677 = LINE ( 'NONE', #837, #3545 ) ;
#8678 = EDGE_LOOP ( 'NONE', ( #634, #1087, #2403, #651 ) ) ;
#8679 = SURFACE_STYLE_USAGE ( .BOTH. , #7490 ) ;
#8680 = PLANE ( 'NONE',  #7805 ) ;
#8681 = SURFACE_SIDE_STYLE ('',( #1797 ) ) ;
#8682 = SURFACE_SIDE_STYLE ('',( #842 ) ) ;
#8683 = LINE ( 'NONE', #1084, #8650 ) ;
#8684 = UNCERTAINTY_MEASURE_WITH_UNIT (LENGTH_MEASURE( 1.000000000000000082E-05 ), #8628, 'distance_accuracy_value', 'NONE');
#8685 = CARTESIAN_POINT ( 'NONE',  ( 4.150000000000001243, -3.399999999999999911, 0.2500000000000002220 ) ) ;
#8686 = ORIENTED_EDGE ( 'NONE', *, *, #6829, .F. ) ;
#8687 = DIRECTION ( 'NONE',  ( 1.000000000000000000, -3.872150616019660190E-17, -4.336808689942017736E-16 ) ) ;
#8688 = DIRECTION ( 'NONE',  ( 0.0000000000000000000, 0.0000000000000000000, 1.000000000000000000 ) ) ;
#8689 = DIRECTION ( 'NONE',  ( -3.872150616019660190E-17, -1.000000000000000000, 0.0000000000000000000 ) ) ;
#8690 = ORIENTED_EDGE ( 'NONE', *, *, #7708, .T. ) ;
#8691 = COLOUR_RGB ( '',1.000000000000000000, 0.8117647058823529438, 0.5019607843137254832 ) ;
#8692 =( LENGTH_UNIT ( ) NAMED_UNIT ( * ) SI_UNIT ( .MILLI., .METRE. ) );
#8693 = ORIENTED_EDGE ( 'NONE', *, *, #7863, .T. ) ;
#8694 = SURFACE_STYLE_USAGE ( .BOTH. , #4816 ) ;
#8695 = CARTESIAN_POINT ( 'NONE',  ( 17.94999999999999574, 0.0000000000000000000, -2.800000000000000711 ) ) ;
#8696 =( LENGTH_UNIT ( ) NAMED_UNIT ( * ) SI_UNIT ( .MILLI., .METRE. ) );
#8697 =( NAMED_UNIT ( * ) SI_UNIT ( $, .STERADIAN. ) SOLID_ANGLE_UNIT ( ) );
#8698 = ORIENTED_EDGE ( 'NONE', *, *, #12031, .T. ) ;
#8699 = SURFACE_SIDE_STYLE ('',( #2663 ) ) ;
#8700 = SURFACE_SIDE_STYLE ('',( #1948 ) ) ;
#8701 = LINE ( 'NONE', #11609, #4775 ) ;
#8702 = MECHANICAL_DESIGN_GEOMETRIC_PRESENTATION_REPRESENTATION (  '', ( #9523 ), #6680 ) ;
#8703 = ORIENTED_EDGE ( 'NONE', *, *, #7639, .F. ) ;
#8704 = PRESENTATION_LAYER_ASSIGNMENT (  '', '', ( #4432 ) ) ;
#8705 = ADVANCED_FACE ( 'NONE', ( #11948 ), #378, .F. ) ;
#8706 = ORIENTED_EDGE ( 'NONE', *, *, #2591, .T. ) ;
#8707 = FILL_AREA_STYLE ('',( #164 ) ) ;
#8708 = VERTEX_POINT ( 'NONE', #3481 ) ;
#8709 = SURFACE_STYLE_USAGE ( .BOTH. , #9604 ) ;
#8710 = PLANE ( 'NONE',  #20 ) ;
#8711 = VERTEX_POINT ( 'NONE', #3423 ) ;
#8712 = VECTOR ( 'NONE', #12559, 1000.000000000000000 ) ;
#8713 = FILL_AREA_STYLE ('',( #2067 ) ) ;
#8714 = ORIENTED_EDGE ( 'NONE', *, *, #8117, .T. ) ;
#8715 = LINE ( 'NONE', #10565, #3076 ) ;
#8716 = PRESENTATION_STYLE_ASSIGNMENT (( #12574 ) ) ;
#8717 = DIRECTION ( 'NONE',  ( 1.000000000000000000, -5.421010862427522170E-17, 0.0000000000000000000 ) ) ;
#8718 = ORIENTED_EDGE ( 'NONE', *, *, #7287, .T. ) ;
#8719 = ADVANCED_FACE ( 'NONE', ( #2506 ), #6445, .F. ) ;
#8720 = ADVANCED_FACE ( 'NONE', ( #7539 ), #10523, .F. ) ;
#8721 = VECTOR ( 'NONE', #9757, 1000.000000000000000 ) ;
#8722 = CARTESIAN_POINT ( 'NONE',  ( -1.949999999999999956, 6.000000000000000000, -2.800000000000000266 ) ) ;
#8723 = FILL_AREA_STYLE ('',( #4898 ) ) ;
#8724 = SURFACE_STYLE_USAGE ( .BOTH. , #2890 ) ;
#8725 = CARTESIAN_POINT ( 'NONE',  ( 1.299999999999999600, 0.2000000000000000389, 1.700000000000000178 ) ) ;
#8726 = EDGE_LOOP ( 'NONE', ( #3061, #2155, #11673, #9777 ) ) ;
#8727 = PLANE ( 'NONE',  #7095 ) ;
#8728 = DIRECTION ( 'NONE',  ( 0.0000000000000000000, -1.000000000000000000, 5.782411586589358625E-16 ) ) ;
#8729 = FILL_AREA_STYLE ('',( #93 ) ) ;
#8730 = EDGE_CURVE ( 'NONE', #5799, #9084, #11390, .T. ) ;
#8731 = VERTEX_POINT ( 'NONE', #5423 ) ;
#8732 = FACE_BOUND ( 'NONE', #7765, .T. ) ;
#8733 = SURFACE_STYLE_FILL_AREA ( #11526 ) ;
#8734 = FILL_AREA_STYLE_COLOUR ( '', #3847 ) ;
#8735 = DIRECTION ( 'NONE',  ( -0.0000000000000000000, -0.0000000000000000000, -1.000000000000000000 ) ) ;
#8736 = DIRECTION ( 'NONE',  ( 0.0000000000000000000, -1.000000000000000000, 0.0000000000000000000 ) ) ;
#8737 = EDGE_LOOP ( 'NONE', ( #10790, #8013, #9019, #3805 ) ) ;
#8738 = CARTESIAN_POINT ( 'NONE',  ( 10.05000000000000071, -3.399999999999999911, 0.1500000000000008271 ) ) ;
#8739 =( LENGTH_UNIT ( ) NAMED_UNIT ( * ) SI_UNIT ( .MILLI., .METRE. ) );
#8740 = VERTEX_POINT ( 'NONE', #9296 ) ;
#8741 = CARTESIAN_POINT ( 'NONE',  ( 8.083333333333333925, 5.166666666666668739, 0.08333333333333413362 ) ) ;
#8742 = PRESENTATION_STYLE_ASSIGNMENT (( #11480 ) ) ;
#8743 = AXIS2_PLACEMENT_3D ( 'NONE', #9700, #7713, #755 ) ;
#8744 = FACE_BOUND ( 'NONE', #5841, .T. ) ;
#8745 = ADVANCED_FACE ( 'NONE', ( #498, #4464 ), #8337, .F. ) ;
#8746 = CARTESIAN_POINT ( 'NONE',  ( 11.25000000000000000, 3.149999999999999023, -2.050000000000001599 ) ) ;
#8747 = ORIENTED_EDGE ( 'NONE', *, *, #7784, .T. ) ;
#8748 = ORIENTED_EDGE ( 'NONE', *, *, #11366, .F. ) ;
#8749 = PLANE ( 'NONE',  #2645 ) ;
#8750 = FILL_AREA_STYLE ('',( #7694 ) ) ;
#8751 = SURFACE_SIDE_STYLE ('',( #9669 ) ) ;
#8752 = DIRECTION ( 'NONE',  ( -9.103382349328301547E-49, -2.350988701644575016E-32, -1.000000000000000000 ) ) ;
#8753 = VERTEX_POINT ( 'NONE', #11518 ) ;
#8754 = UNCERTAINTY_MEASURE_WITH_UNIT (LENGTH_MEASURE( 1.000000000000000082E-05 ), #8361, 'distance_accuracy_value', 'NONE');
#8755 = FILL_AREA_STYLE ('',( #7932 ) ) ;
#8756 = LINE ( 'NONE', #11012, #6080 ) ;
#8757 = CARTESIAN_POINT ( 'NONE',  ( -0.2500000000000002220, -3.399999999999999911, 0.1500000000000042966 ) ) ;
#8758 = LINE ( 'NONE', #4055, #2043 ) ;
#8759 = EDGE_LOOP ( 'NONE', ( #3574, #6894, #10897, #12618 ) ) ;
#8760 = PRODUCT_RELATED_PRODUCT_CATEGORY ( 'part', '', ( #502 ) ) ;
#8761 = EDGE_LOOP ( 'NONE', ( #7059, #4103, #9683, #11990, #154 ) ) ;
#8762 = PRESENTATION_STYLE_ASSIGNMENT (( #7757 ) ) ;
#8763 = DIRECTION ( 'NONE',  ( 3.872150616019660190E-17, 1.000000000000000000, -0.0000000000000000000 ) ) ;
#8764 = DIRECTION ( 'NONE',  ( 1.000000000000000000, 0.0000000000000000000, 0.0000000000000000000 ) ) ;
#8765 = AXIS2_PLACEMENT_3D ( 'NONE', #8888, #121, #9920 ) ;
#8766 = VECTOR ( 'NONE', #8394, 1000.000000000000000 ) ;
#8767 = LINE ( 'NONE', #10, #12258 ) ;
#8768 = CARTESIAN_POINT ( 'NONE',  ( 5.849999999999997868, 5.100000000000001421, -2.800000000000001155 ) ) ;
#8769 = CARTESIAN_POINT ( 'NONE',  ( 10.75000000000000000, 3.399999999999999467, -2.350000000000001421 ) ) ;
#8770 = FILL_AREA_STYLE ('',( #5728 ) ) ;
#8771 = EDGE_CURVE ( 'NONE', #8270, #10373, #8671, .T. ) ;
#8772 = EDGE_CURVE ( 'NONE', #9731, #1802, #6893, .T. ) ;
#8773 = SURFACE_SIDE_STYLE ('',( #11452 ) ) ;
#8774 = EDGE_CURVE ( 'NONE', #4059, #6686, #5677, .T. ) ;
#8775 = VECTOR ( 'NONE', #10816, 1000.000000000000000 ) ;
#8776 = PRESENTATION_LAYER_ASSIGNMENT (  '', '', ( #1591 ) ) ;
#8777 = PRESENTATION_STYLE_ASSIGNMENT (( #6831 ) ) ;
#8778 = ORIENTED_EDGE ( 'NONE', *, *, #8468, .T. ) ;
#8779 = FILL_AREA_STYLE ('',( #10636 ) ) ;
#8780 =( NAMED_UNIT ( * ) PLANE_ANGLE_UNIT ( ) SI_UNIT ( $, .RADIAN. ) );
#8781 = VECTOR ( 'NONE', #7236, 1000.000000000000000 ) ;
#8782 = VERTEX_POINT ( 'NONE', #8725 ) ;
#8783 = FILL_AREA_STYLE ('',( #11763 ) ) ;
#8784 = SURFACE_STYLE_FILL_AREA ( #2898 ) ;
#8785 = AXIS2_PLACEMENT_3D ( 'NONE', #7354, #2456, #2834 ) ;
#8786 = AXIS2_PLACEMENT_3D ( 'NONE', #1695, #7437, #2530 ) ;
#8787 = DIRECTION ( 'NONE',  ( 1.000000000000000000, -0.0000000000000000000, -4.358601698434190141E-17 ) ) ;
#8788 = ORIENTED_EDGE ( 'NONE', *, *, #3616, .F. ) ;
#8789 = CARTESIAN_POINT ( 'NONE',  ( 5.250000000000000888, 1.149999999999999911, -2.050000000000001599 ) ) ;
#8790 = EDGE_CURVE ( 'NONE', #3627, #9329, #4722, .T. ) ;
#8791 = PRESENTATION_LAYER_ASSIGNMENT (  '', '', ( #11820 ) ) ;
#8792 = UNCERTAINTY_MEASURE_WITH_UNIT (LENGTH_MEASURE( 1.000000000000000082E-05 ), #8921, 'distance_accuracy_value', 'NONE');
#8793 =( NAMED_UNIT ( * ) PLANE_ANGLE_UNIT ( ) SI_UNIT ( $, .RADIAN. ) );
#8794 =( LENGTH_UNIT ( ) NAMED_UNIT ( * ) SI_UNIT ( .MILLI., .METRE. ) );
#8795 = PRESENTATION_LAYER_ASSIGNMENT (  '', '', ( #4337 ) ) ;
#8796 =( NAMED_UNIT ( * ) PLANE_ANGLE_UNIT ( ) SI_UNIT ( $, .RADIAN. ) );
#8797 = STYLED_ITEM ( 'NONE', ( #5821 ), #7334 ) ;
#8798 = DIRECTION ( 'NONE',  ( 0.5773502691896259531, 0.5773502691896259531, -0.5773502691896255090 ) ) ;
#8799 = ORIENTED_EDGE ( 'NONE', *, *, #8774, .F. ) ;
#8800 =( NAMED_UNIT ( * ) SI_UNIT ( $, .STERADIAN. ) SOLID_ANGLE_UNIT ( ) );
#8801 = AXIS2_PLACEMENT_3D ( 'NONE', #6813, #2874, #3736 ) ;
#8802 = STYLED_ITEM ( 'NONE', ( #10130 ), #875 ) ;
#8803 = PRESENTATION_STYLE_ASSIGNMENT (( #7096 ) ) ;
#8804 = EDGE_CURVE ( 'NONE', #11689, #11564, #2753, .T. ) ;
#8805 = CARTESIAN_POINT ( 'NONE',  ( 10.05000000000000071, -3.399999999999999911, -0.1500000000000003830 ) ) ;
#8806 = CARTESIAN_POINT ( 'NONE',  ( 6.149999999999999467, -3.399999999999999911, -2.800000000000000266 ) ) ;
#8807 = SURFACE_STYLE_USAGE ( .BOTH. , #4928 ) ;
#8808 = AXIS2_PLACEMENT_3D ( 'NONE', #11819, #5088, #6954 ) ;
#8809 = ADVANCED_FACE ( 'NONE', ( #7900 ), #12533, .T. ) ;
#8810 = DIRECTION ( 'NONE',  ( -0.0000000000000000000, 1.000000000000000000, -0.0000000000000000000 ) ) ;
#8811 = VERTEX_POINT ( 'NONE', #2958 ) ;
#8812 = SURFACE_SIDE_STYLE ('',( #3042 ) ) ;
#8813 =( NAMED_UNIT ( * ) SI_UNIT ( $, .STERADIAN. ) SOLID_ANGLE_UNIT ( ) );
#8814 = PRESENTATION_STYLE_ASSIGNMENT (( #868 ) ) ;
#8815 = STYLED_ITEM ( 'NONE', ( #9492 ), #7867 ) ;
#8816 = DIRECTION ( 'NONE',  ( -0.7071067811865505703, -0.7071067811865444641, 1.662400053425828747E-32 ) ) ;
#8817 = PRESENTATION_LAYER_ASSIGNMENT (  '', '', ( #71 ) ) ;
#8818 = DIRECTION ( 'NONE',  ( -9.103382349328301547E-49, -2.350988701644575016E-32, -1.000000000000000000 ) ) ;
#8819 = VECTOR ( 'NONE', #12480, 1000.000000000000114 ) ;
#8820 = CARTESIAN_POINT ( 'NONE',  ( 1.299999999999999600, 0.2000000000000000389, -2.800000000000000266 ) ) ;
#8821 = STYLED_ITEM ( 'NONE', ( #369 ), #9370 ) ;
#8822 = VECTOR ( 'NONE', #147, 1000.000000000000000 ) ;
#8823 =( NAMED_UNIT ( * ) SI_UNIT ( $, .STERADIAN. ) SOLID_ANGLE_UNIT ( ) );
#8824 = FACE_OUTER_BOUND ( 'NONE', #7693, .T. ) ;
#8825 = EDGE_CURVE ( 'NONE', #4517, #695, #10748, .T. ) ;
#8826 = ORIENTED_EDGE ( 'NONE', *, *, #3518, .F. ) ;
#8827 = PRESENTATION_LAYER_ASSIGNMENT (  '', '', ( #10259 ) ) ;
#8828 = SURFACE_STYLE_FILL_AREA ( #11743 ) ;
#8829 = ORIENTED_EDGE ( 'NONE', *, *, #1778, .T. ) ;
#8830 = ORIENTED_EDGE ( 'NONE', *, *, #7565, .F. ) ;
#8831 = SURFACE_SIDE_STYLE ('',( #10739 ) ) ;
#8832 =( NAMED_UNIT ( * ) PLANE_ANGLE_UNIT ( ) SI_UNIT ( $, .RADIAN. ) );
#8833 = VECTOR ( 'NONE', #5908, 1000.000000000000000 ) ;
#8834 = SURFACE_STYLE_FILL_AREA ( #2141 ) ;
#8835 = DIRECTION ( 'NONE',  ( -3.833233541708432880E-17, -0.7071067811865471286, -0.7071067811865479058 ) ) ;
#8836 = VECTOR ( 'NONE', #5501, 1000.000000000000000 ) ;
#8837 = UNCERTAINTY_MEASURE_WITH_UNIT (LENGTH_MEASURE( 1.000000000000000082E-05 ), #9667, 'distance_accuracy_value', 'NONE');
#8838 = AXIS2_PLACEMENT_3D ( 'NONE', #6268, #10955, #1406 ) ;
#8839 = VERTEX_POINT ( 'NONE', #2217 ) ;
#8840 = EDGE_CURVE ( 'NONE', #7750, #6429, #4074, .T. ) ;
#8841 = FACE_OUTER_BOUND ( 'NONE', #1961, .T. ) ;
#8842 = VECTOR ( 'NONE', #9112, 1000.000000000000000 ) ;
#8843 = PRESENTATION_STYLE_ASSIGNMENT (( #6947 ) ) ;
#8844 = DIRECTION ( 'NONE',  ( -0.7071067811865457964, 0.7071067811865492381, 0.0000000000000000000 ) ) ;
#8845 = AXIS2_PLACEMENT_3D ( 'NONE', #6405, #6661, #6723 ) ;
#8846 =( GEOMETRIC_REPRESENTATION_CONTEXT ( 3 ) GLOBAL_UNCERTAINTY_ASSIGNED_CONTEXT ( ( #1303 ) ) GLOBAL_UNIT_ASSIGNED_CONTEXT ( ( #5611, #9356, #11269 ) ) REPRESENTATION_CONTEXT ( 'NONE', 'WORKASPACE' ) );
#8847 = PRESENTATION_LAYER_ASSIGNMENT (  '', '', ( #2079 ) ) ;
#8848 = LINE ( 'NONE', #10801, #4498 ) ;
#8849 = CARTESIAN_POINT ( 'NONE',  ( 13.25000000000000178, 3.399999999999999467, -2.050000000000001599 ) ) ;
#8850 =( GEOMETRIC_REPRESENTATION_CONTEXT ( 3 ) GLOBAL_UNCERTAINTY_ASSIGNED_CONTEXT ( ( #7247 ) ) GLOBAL_UNIT_ASSIGNED_CONTEXT ( ( #2592, #4819, #8697 ) ) REPRESENTATION_CONTEXT ( 'NONE', 'WORKASPACE' ) );
#8851 = ORIENTED_EDGE ( 'NONE', *, *, #343, .F. ) ;
#8852 = DIRECTION ( 'NONE',  ( 0.0000000000000000000, 0.0000000000000000000, -1.000000000000000000 ) ) ;
#8853 = AXIS2_PLACEMENT_3D ( 'NONE', #3394, #3191, #12173 ) ;
#8854 = STYLED_ITEM ( 'NONE', ( #4791 ), #10721 ) ;
#8855 = ORIENTED_EDGE ( 'NONE', *, *, #4367, .T. ) ;
#8856 = CARTESIAN_POINT ( 'NONE',  ( 5.299999999999998934, 0.2000000000000000389, -2.800000000000000266 ) ) ;
#8857 = VECTOR ( 'NONE', #11312, 1000.000000000000000 ) ;
#8858 = EDGE_CURVE ( 'NONE', #5653, #2213, #7266, .T. ) ;
#8859 = DIRECTION ( 'NONE',  ( -1.000000000000000000, 0.0000000000000000000, 1.230800803163168627E-17 ) ) ;
#8860 =( GEOMETRIC_REPRESENTATION_CONTEXT ( 3 ) GLOBAL_UNCERTAINTY_ASSIGNED_CONTEXT ( ( #5447 ) ) GLOBAL_UNIT_ASSIGNED_CONTEXT ( ( #11730, #6982, #2179 ) ) REPRESENTATION_CONTEXT ( 'NONE', 'WORKASPACE' ) );
#8861 = LINE ( 'NONE', #9821, #5921 ) ;
#8862 = LINE ( 'NONE', #9766, #9870 ) ;
#8863 = AXIS2_PLACEMENT_3D ( 'NONE', #2000, #5011, #972 ) ;
#8864 =( NAMED_UNIT ( * ) PLANE_ANGLE_UNIT ( ) SI_UNIT ( $, .RADIAN. ) );
#8865 = SURFACE_STYLE_FILL_AREA ( #955 ) ;
#8866 = DIRECTION ( 'NONE',  ( -0.0000000000000000000, 1.000000000000000000, -0.0000000000000000000 ) ) ;
#8867 = FILL_AREA_STYLE_COLOUR ( '', #3277 ) ;
#8868 = PRESENTATION_STYLE_ASSIGNMENT (( #9771 ) ) ;
#8869 = DIRECTION ( 'NONE',  ( -1.000000000000000000, 3.872150616019661422E-17, -0.0000000000000000000 ) ) ;
#8870 = VERTEX_POINT ( 'NONE', #3072 ) ;
#8871 = EDGE_CURVE ( 'NONE', #4860, #4047, #2030, .T. ) ;
#8872 = LINE ( 'NONE', #10824, #6188 ) ;
#8873 = EDGE_CURVE ( 'NONE', #4109, #1815, #3268, .T. ) ;
#8874 = LINE ( 'NONE', #2975, #10438 ) ;
#8875 = PLANE ( 'NONE',  #6205 ) ;
#8876 = CARTESIAN_POINT ( 'NONE',  ( 8.150000000000000355, -3.399999999999999911, -2.800000000000000266 ) ) ;
#8877 = SURFACE_STYLE_FILL_AREA ( #4175 ) ;
#8878 = ORIENTED_EDGE ( 'NONE', *, *, #6178, .T. ) ;
#8879 = UNCERTAINTY_MEASURE_WITH_UNIT (LENGTH_MEASURE( 1.000000000000000082E-05 ), #9191, 'distance_accuracy_value', 'NONE');
#8880 = CARTESIAN_POINT ( 'NONE',  ( 12.15000000000000036, -3.399999999999999911, 0.2500000000000002220 ) ) ;
#8881 = PRESENTATION_STYLE_ASSIGNMENT (( #1296 ) ) ;
#8882 = UNCERTAINTY_MEASURE_WITH_UNIT (LENGTH_MEASURE( 1.000000000000000082E-05 ), #4782, 'distance_accuracy_value', 'NONE');
#8883 =( NAMED_UNIT ( * ) SI_UNIT ( $, .STERADIAN. ) SOLID_ANGLE_UNIT ( ) );
#8884 = ORIENTED_EDGE ( 'NONE', *, *, #7904, .T. ) ;
#8885 = EDGE_CURVE ( 'NONE', #2542, #3557, #9936, .T. ) ;
#8886 = PRESENTATION_STYLE_ASSIGNMENT (( #1236 ) ) ;
#8887 = SURFACE_SIDE_STYLE ('',( #390 ) ) ;
#8888 = CARTESIAN_POINT ( 'NONE',  ( -0.7000000000000002887, 0.2000000000000000389, -2.800000000000000266 ) ) ;
#8889 = DIRECTION ( 'NONE',  ( 0.0000000000000000000, -0.0000000000000000000, -1.000000000000000000 ) ) ;
#8890 = CARTESIAN_POINT ( 'NONE',  ( 7.750000000000000000, -3.399999999999999911, -0.2499999999999997780 ) ) ;
#8891 =( NAMED_UNIT ( * ) PLANE_ANGLE_UNIT ( ) SI_UNIT ( $, .RADIAN. ) );
#8892 = SURFACE_STYLE_USAGE ( .BOTH. , #4058 ) ;
#8893 = ORIENTED_EDGE ( 'NONE', *, *, #1877, .F. ) ;
#8894 =( GEOMETRIC_REPRESENTATION_CONTEXT ( 3 ) GLOBAL_UNCERTAINTY_ASSIGNED_CONTEXT ( ( #1192 ) ) GLOBAL_UNIT_ASSIGNED_CONTEXT ( ( #2807, #3740, #9489 ) ) REPRESENTATION_CONTEXT ( 'NONE', 'WORKASPACE' ) );
#8895 = CARTESIAN_POINT ( 'NONE',  ( 16.69999999999999929, 0.1999999999999999833, -2.800000000000000266 ) ) ;
#8896 = CARTESIAN_POINT ( 'NONE',  ( 0.6999999999999988454, 0.0000000000000000000, -2.800000000000000266 ) ) ;
#8897 =( NAMED_UNIT ( * ) SI_UNIT ( $, .STERADIAN. ) SOLID_ANGLE_UNIT ( ) );
#8898 = CARTESIAN_POINT ( 'NONE',  ( 14.05000000000000071, -3.399999999999999911, -0.1500000000000003830 ) ) ;
#8899 = ORIENTED_EDGE ( 'NONE', *, *, #318, .T. ) ;
#8900 =( NAMED_UNIT ( * ) PLANE_ANGLE_UNIT ( ) SI_UNIT ( $, .RADIAN. ) );
#8901 = DIRECTION ( 'NONE',  ( -3.833233541708432880E-17, -0.7071067811865471286, 0.7071067811865479058 ) ) ;
#8902 = AXIS2_PLACEMENT_3D ( 'NONE', #9656, #12368, #7688 ) ;
#8903 = FILL_AREA_STYLE ('',( #5856 ) ) ;
#8904 = DIRECTION ( 'NONE',  ( -4.358601698434189525E-17, 0.0000000000000000000, -1.000000000000000000 ) ) ;
#8905 = ORIENTED_EDGE ( 'NONE', *, *, #1076, .F. ) ;
#8906 = FILL_AREA_STYLE ('',( #945 ) ) ;
#8907 = SURFACE_STYLE_FILL_AREA ( #8779 ) ;
#8908 = COLOUR_RGB ( '',1.000000000000000000, 0.8117647058823529438, 0.5019607843137254832 ) ;
#8909 = VERTEX_POINT ( 'NONE', #9997 ) ;
#8910 = ORIENTED_EDGE ( 'NONE', *, *, #4224, .T. ) ;
#8911 = ORIENTED_EDGE ( 'NONE', *, *, #3112, .T. ) ;
#8912 = UNCERTAINTY_MEASURE_WITH_UNIT (LENGTH_MEASURE( 1.000000000000000082E-05 ), #12204, 'distance_accuracy_value', 'NONE');
#8913 = CARTESIAN_POINT ( 'NONE',  ( 13.29999999999999893, 0.2000000000000000389, -2.800000000000000266 ) ) ;
#8914 = PRESENTATION_LAYER_ASSIGNMENT (  '', '', ( #1747 ) ) ;
#8915 = DIRECTION ( 'NONE',  ( 1.000000000000000000, 0.0000000000000000000, 0.0000000000000000000 ) ) ;
#8916 = ADVANCED_FACE ( 'NONE', ( #5084 ), #1190, .F. ) ;
#8917 = DIRECTION ( 'NONE',  ( 1.000000000000000000, -5.421010862427522170E-17, 0.0000000000000000000 ) ) ;
#8918 = LINE ( 'NONE', #4032, #12069 ) ;
#8919 = CARTESIAN_POINT ( 'NONE',  ( 14.75000000000000000, 3.399999999999999467, -2.350000000000001865 ) ) ;
#8920 = LINE ( 'NONE', #8049, #5995 ) ;
#8921 =( LENGTH_UNIT ( ) NAMED_UNIT ( * ) SI_UNIT ( .MILLI., .METRE. ) );
#8922 = AXIS2_PLACEMENT_3D ( 'NONE', #922, #1906, #4052 ) ;
#8923 = VECTOR ( 'NONE', #9690, 1000.000000000000000 ) ;
#8924 = CARTESIAN_POINT ( 'NONE',  ( -1.949999999999999956, 6.000000000000000000, 1.700000000000000178 ) ) ;
#8925 = DIRECTION ( 'NONE',  ( -0.0000000000000000000, 1.000000000000000000, -0.0000000000000000000 ) ) ;
#8926 = FACE_OUTER_BOUND ( 'NONE', #11316, .T. ) ;
#8927 = MECHANICAL_DESIGN_GEOMETRIC_PRESENTATION_REPRESENTATION (  '', ( #7120 ), #3426 ) ;
#8928 = FILL_AREA_STYLE ('',( #9729 ) ) ;
#8929 =( LENGTH_UNIT ( ) NAMED_UNIT ( * ) SI_UNIT ( .MILLI., .METRE. ) );
#8930 = EDGE_CURVE ( 'NONE', #7238, #9912, #10875, .T. ) ;
#8931 = ADVANCED_FACE ( 'NONE', ( #306 ), #3142, .F. ) ;
#8932 = SURFACE_STYLE_FILL_AREA ( #12617 ) ;
#8933 = EDGE_LOOP ( 'NONE', ( #12496, #681, #10554, #9479 ) ) ;
#8934 = DIRECTION ( 'NONE',  ( 0.5773502691896259531, 0.5773502691896259531, 0.5773502691896255090 ) ) ;
#8935 = ORIENTED_EDGE ( 'NONE', *, *, #7200, .F. ) ;
#8936 = COLOUR_RGB ( '',1.000000000000000000, 1.000000000000000000, 1.000000000000000000 ) ;
#8937 = CARTESIAN_POINT ( 'NONE',  ( 0.2499999999999997780, 1.800000000000000044, -0.2499999999999997780 ) ) ;
#8938 = ORIENTED_EDGE ( 'NONE', *, *, #10996, .F. ) ;
#8939 = PLANE ( 'NONE',  #5989 ) ;
#8940 = PLANE ( 'NONE',  #8765 ) ;
#8941 = LINE ( 'NONE', #3920, #5096 ) ;
#8942 = CARTESIAN_POINT ( 'NONE',  ( 6.749999999999999112, 3.399999999999999467, -2.050000000000001599 ) ) ;
#8943 = LINE ( 'NONE', #10578, #3547 ) ;
#8944 = VECTOR ( 'NONE', #12318, 1000.000000000000000 ) ;
#8945 = ADVANCED_FACE ( 'NONE', ( #3405 ), #4399, .F. ) ;
#8946 = CARTESIAN_POINT ( 'NONE',  ( 14.69999999999999751, 0.1999999999999999833, 1.700000000000000178 ) ) ;
#8947 = EDGE_LOOP ( 'NONE', ( #3610, #12423, #7830, #8748 ) ) ;
#8948 = CARTESIAN_POINT ( 'NONE',  ( 3.299999999999999378, 0.2000000000000000389, 0.2500000000000002220 ) ) ;
#8949 = CARTESIAN_POINT ( 'NONE',  ( -0.2500000000000000000, 0.2000000000000000944, 0.2500000000000002220 ) ) ;
#8950 = PLANE ( 'NONE',  #9557 ) ;
#8951 = UNCERTAINTY_MEASURE_WITH_UNIT (LENGTH_MEASURE( 1.000000000000000082E-05 ), #6326, 'distance_accuracy_value', 'NONE');
#8952 = VERTEX_POINT ( 'NONE', #3658 ) ;
#8953 = FILL_AREA_STYLE_COLOUR ( '', #4096 ) ;
#8954 = ORIENTED_EDGE ( 'NONE', *, *, #9952, .T. ) ;
#8955 = AXIS2_PLACEMENT_3D ( 'NONE', #4883, #5957, #69 ) ;
#8956 = CARTESIAN_POINT ( 'NONE',  ( 5.750000000000000000, 1.800000000000000044, -0.2499999999999997780 ) ) ;
#8957 = LINE ( 'NONE', #3008, #8549 ) ;
#8958 = CARTESIAN_POINT ( 'NONE',  ( 2.050000000000000266, -3.399999999999999911, -2.800000000000000266 ) ) ;
#8959 = EDGE_CURVE ( 'NONE', #3585, #4047, #6296, .T. ) ;
#8960 = CARTESIAN_POINT ( 'NONE',  ( -1.350000000000000089, -19.04337155022711769, -2.350000000000001421 ) ) ;
#8961 =( LENGTH_UNIT ( ) NAMED_UNIT ( * ) SI_UNIT ( .MILLI., .METRE. ) );
#8962 = VERTEX_POINT ( 'NONE', #10193 ) ;
#8963 = DIRECTION ( 'NONE',  ( -1.000000000000000000, 3.872150616019661422E-17, 0.0000000000000000000 ) ) ;
#8964 = LINE ( 'NONE', #7195, #4511 ) ;
#8965 = STYLED_ITEM ( 'NONE', ( #5674 ), #7994 ) ;
#8966 = FILL_AREA_STYLE_COLOUR ( '', #73 ) ;
#8967 = EDGE_LOOP ( 'NONE', ( #1100, #11610, #4408, #3665 ) ) ;
#8968 = ADVANCED_FACE ( 'NONE', ( #12183 ), #10249, .T. ) ;
#8969 = PLANE ( 'NONE',  #9855 ) ;
#8970 = ORIENTED_EDGE ( 'NONE', *, *, #6955, .F. ) ;
#8971 = SURFACE_SIDE_STYLE ('',( #196 ) ) ;
#8972 = EDGE_LOOP ( 'NONE', ( #9923, #7598, #5790, #11698 ) ) ;
#8973 = PRESENTATION_STYLE_ASSIGNMENT (( #8694 ) ) ;
#8974 = ORIENTED_EDGE ( 'NONE', *, *, #8873, .T. ) ;
#8975 = CARTESIAN_POINT ( 'NONE',  ( 9.250000000000001776, 1.149999999999999911, -2.350000000000001865 ) ) ;
#8976 = EDGE_CURVE ( 'NONE', #10127, #2499, #10439, .T. ) ;
#8977 = PLANE ( 'NONE',  #9407 ) ;
#8978 = VERTEX_POINT ( 'NONE', #1569 ) ;
#8979 = FILL_AREA_STYLE ('',( #2049 ) ) ;
#8980 = PLANE ( 'NONE',  #1614 ) ;
#8981 = CARTESIAN_POINT ( 'NONE',  ( 0.7500000000000002220, 3.399999999999999467, -2.050000000000001599 ) ) ;
#8982 = PRESENTATION_LAYER_ASSIGNMENT (  '', '', ( #9193 ) ) ;
#8983 = VECTOR ( 'NONE', #1495, 1000.000000000000000 ) ;
#8984 =( GEOMETRIC_REPRESENTATION_CONTEXT ( 3 ) GLOBAL_UNCERTAINTY_ASSIGNED_CONTEXT ( ( #3114 ) ) GLOBAL_UNIT_ASSIGNED_CONTEXT ( ( #2137, #4001, #981 ) ) REPRESENTATION_CONTEXT ( 'NONE', 'WORKASPACE' ) );
#8985 = DIRECTION ( 'NONE',  ( 0.0000000000000000000, -0.0000000000000000000, 1.000000000000000000 ) ) ;
#8986 = DIRECTION ( 'NONE',  ( 1.000000000000000000, 0.0000000000000000000, -3.478723548081834449E-17 ) ) ;
#8987 = PLANE ( 'NONE',  #3916 ) ;
#8988 =( NAMED_UNIT ( * ) PLANE_ANGLE_UNIT ( ) SI_UNIT ( $, .RADIAN. ) );
#8989 = PRESENTATION_LAYER_ASSIGNMENT (  '', '', ( #2226 ) ) ;
#8990 = STYLED_ITEM ( 'NONE', ( #3108 ), #7082 ) ;
#8991 = STYLED_ITEM ( 'NONE', ( #3838 ), #5515 ) ;
#8992 = CARTESIAN_POINT ( 'NONE',  ( 12.75000000000000178, 3.400000000000000355, -2.350000000000001865 ) ) ;
#8993 = FACE_OUTER_BOUND ( 'NONE', #9, .T. ) ;
#8994 = VERTEX_POINT ( 'NONE', #7462 ) ;
#8995 = CARTESIAN_POINT ( 'NONE',  ( -1.949999999999999956, 0.0000000000000000000, 1.300000000000000044 ) ) ;
#8996 = PRESENTATION_STYLE_ASSIGNMENT (( #279 ) ) ;
#8997 = DIRECTION ( 'NONE',  ( -0.0000000000000000000, -0.0000000000000000000, 1.000000000000000000 ) ) ;
#8998 = COLOUR_RGB ( '',1.000000000000000000, 1.000000000000000000, 1.000000000000000000 ) ;
#8999 =( NAMED_UNIT ( * ) SI_UNIT ( $, .STERADIAN. ) SOLID_ANGLE_UNIT ( ) );
#9000 = VERTEX_POINT ( 'NONE', #2546 ) ;
#9001 = SURFACE_SIDE_STYLE ('',( #2078 ) ) ;
#9002 = EDGE_CURVE ( 'NONE', #8481, #4689, #9413, .T. ) ;
#9003 = AXIS2_PLACEMENT_3D ( 'NONE', #7345, #5357, #6318 ) ;
#9004 = EDGE_CURVE ( 'NONE', #6253, #2761, #983, .T. ) ;
#9005 = FILL_AREA_STYLE_COLOUR ( '', #4744 ) ;
#9006 = PRODUCT_DEFINITION_CONTEXT ( 'detailed design', #3690, 'design' ) ;
#9007 = ADVANCED_FACE ( 'NONE', ( #3858 ), #11505, .F. ) ;
#9008 = FILL_AREA_STYLE_COLOUR ( '', #9583 ) ;
#9009 = CARTESIAN_POINT ( 'NONE',  ( 14.24999999999999822, 0.2000000000000000111, 0.2500000000000002220 ) ) ;
#9010 = CARTESIAN_POINT ( 'NONE',  ( 7.750000000000000000, 0.2000000000000000111, -0.2499999999999997780 ) ) ;
#9011 = COLOUR_RGB ( '',1.000000000000000000, 1.000000000000000000, 1.000000000000000000 ) ;
#9012 = SURFACE_STYLE_FILL_AREA ( #5730 ) ;
#9013 = DIRECTION ( 'NONE',  ( -1.000000000000000000, -0.0000000000000000000, -0.0000000000000000000 ) ) ;
#9014 = ORIENTED_EDGE ( 'NONE', *, *, #6129, .F. ) ;
#9016 = FILL_AREA_STYLE ('',( #5139 ) ) ;
#9015 = VECTOR ( 'NONE', #6372, 1000.000000000000000 ) ;
#9017 = SURFACE_SIDE_STYLE ('',( #3253 ) ) ;
#9018 = LINE ( 'NONE', #6290, #11690 ) ;
#9019 = ORIENTED_EDGE ( 'NONE', *, *, #2365, .F. ) ;
#9020 = FILL_AREA_STYLE_COLOUR ( '', #7446 ) ;
#9021 = COLOUR_RGB ( '',1.000000000000000000, 1.000000000000000000, 1.000000000000000000 ) ;
#9022 = COLOUR_RGB ( '',1.000000000000000000, 1.000000000000000000, 1.000000000000000000 ) ;
#9023 = EDGE_CURVE ( 'NONE', #6075, #7125, #11559, .T. ) ;
#9024 = EDGE_CURVE ( 'NONE', #3791, #8711, #7646, .T. ) ;
#9025 = VECTOR ( 'NONE', #1438, 1000.000000000000000 ) ;
#9026 = CARTESIAN_POINT ( 'NONE',  ( 0.6999999999999988454, 0.1999999999999999833, -2.800000000000000266 ) ) ;
#9027 = FACE_OUTER_BOUND ( 'NONE', #10877, .T. ) ;
#9028 = PLANE ( 'NONE',  #9858 ) ;
#9029 = VECTOR ( 'NONE', #5497, 1000.000000000000000 ) ;
#9030 = COLOUR_RGB ( '',1.000000000000000000, 1.000000000000000000, 1.000000000000000000 ) ;
#9031 = CARTESIAN_POINT ( 'NONE',  ( 8.150000000000000355, 5.100000000000001421, 0.1500000000000008271 ) ) ;
#9032 = VECTOR ( 'NONE', #3785, 1000.000000000000000 ) ;
#9033 = SURFACE_SIDE_STYLE ('',( #5153 ) ) ;
#9034 = VERTEX_POINT ( 'NONE', #4889 ) ;
#9035 = UNCERTAINTY_MEASURE_WITH_UNIT (LENGTH_MEASURE( 1.000000000000000082E-05 ), #7948, 'distance_accuracy_value', 'NONE');
#9036 = FILL_AREA_STYLE ('',( #10070 ) ) ;
#9037 = VECTOR ( 'NONE', #592, 1000.000000000000000 ) ;
#9038 =( GEOMETRIC_REPRESENTATION_CONTEXT ( 3 ) GLOBAL_UNCERTAINTY_ASSIGNED_CONTEXT ( ( #10276 ) ) GLOBAL_UNIT_ASSIGNED_CONTEXT ( ( #11190, #12257, #9352 ) ) REPRESENTATION_CONTEXT ( 'NONE', 'WORKASPACE' ) );
#9039 = LINE ( 'NONE', #11941, #10050 ) ;
#9040 = PLANE ( 'NONE',  #8055 ) ;
#9041 = PRESENTATION_LAYER_ASSIGNMENT (  '', '', ( #3543 ) ) ;
#9042 = AXIS2_PLACEMENT_3D ( 'NONE', #1605, #9459, #663 ) ;
#9043 = DIRECTION ( 'NONE',  ( 4.336808689942017736E-16, 0.0000000000000000000, 1.000000000000000000 ) ) ;
#9044 = EDGE_CURVE ( 'NONE', #10559, #9395, #8715, .T. ) ;
#9045 = AXIS2_PLACEMENT_3D ( 'NONE', #5178, #8111, #7042 ) ;
#9046 = PRESENTATION_LAYER_ASSIGNMENT (  '', '', ( #7440 ) ) ;
#9047 = LINE ( 'NONE', #12071, #1224 ) ;
#9048 = FILL_AREA_STYLE ('',( #4026 ) ) ;
#9049 = DIRECTION ( 'NONE',  ( -1.000000000000000000, 0.0000000000000000000, 0.0000000000000000000 ) ) ;
#9050 = MECHANICAL_DESIGN_GEOMETRIC_PRESENTATION_REPRESENTATION (  '', ( #10082 ), #2289 ) ;
#9051 = ORIENTED_EDGE ( 'NONE', *, *, #3903, .T. ) ;
#9052 = ORIENTED_EDGE ( 'NONE', *, *, #6527, .T. ) ;
#9053 = PRESENTATION_LAYER_ASSIGNMENT (  '', '', ( #2496 ) ) ;
#9054 = PRESENTATION_LAYER_ASSIGNMENT (  '', '', ( #5806 ) ) ;
#9055 = SURFACE_SIDE_STYLE ('',( #4156 ) ) ;
#9056 = DIRECTION ( 'NONE',  ( -1.362927481496328130E-16, 0.7071067811865451302, -0.7071067811865500152 ) ) ;
#9057 = VECTOR ( 'NONE', #7885, 1000.000000000000000 ) ;
#9058 = EDGE_CURVE ( 'NONE', #2038, #10149, #9609, .T. ) ;
#9059 = SURFACE_STYLE_USAGE ( .BOTH. , #2376 ) ;
#9060 = FILL_AREA_STYLE_COLOUR ( '', #9668 ) ;
#9061 = ORIENTED_EDGE ( 'NONE', *, *, #12347, .T. ) ;
#9062 = LINE ( 'NONE', #105, #7014 ) ;
#9063 = VECTOR ( 'NONE', #8810, 1000.000000000000000 ) ;
#9064 = SURFACE_SIDE_STYLE ('',( #3033 ) ) ;
#9065 = VECTOR ( 'NONE', #7335, 1000.000000000000000 ) ;
#9066 =( LENGTH_UNIT ( ) NAMED_UNIT ( * ) SI_UNIT ( .MILLI., .METRE. ) );
#9067 = CARTESIAN_POINT ( 'NONE',  ( 5.750000000000000000, -3.399999999999999911, 0.2500000000000002220 ) ) ;
#9068 = CARTESIAN_POINT ( 'NONE',  ( 15.75000000000000000, 5.000000000000000888, 0.2500000000000002220 ) ) ;
#9069 =( LENGTH_UNIT ( ) NAMED_UNIT ( * ) SI_UNIT ( .MILLI., .METRE. ) );
#9070 = DIRECTION ( 'NONE',  ( -0.0000000000000000000, 1.000000000000000000, -0.0000000000000000000 ) ) ;
#9071 = COLOUR_RGB ( '',1.000000000000000000, 0.8117647058823529438, 0.5019607843137254832 ) ;
#9072 = CARTESIAN_POINT ( 'NONE',  ( 12.15000000000000036, 5.100000000000001421, 0.1500000000000008271 ) ) ;
#9073 = SURFACE_STYLE_USAGE ( .BOTH. , #7427 ) ;
#9074 =( LENGTH_UNIT ( ) NAMED_UNIT ( * ) SI_UNIT ( .MILLI., .METRE. ) );
#9075 = SURFACE_SIDE_STYLE ('',( #5313 ) ) ;
#9076 = PLANE ( 'NONE',  #640 ) ;
#9077 = VERTEX_POINT ( 'NONE', #3928 ) ;
#9078 = DIRECTION ( 'NONE',  ( 1.000000000000000000, 0.0000000000000000000, 0.0000000000000000000 ) ) ;
#9079 = SURFACE_SIDE_STYLE ('',( #1302 ) ) ;
#9080 = FILL_AREA_STYLE_COLOUR ( '', #3938 ) ;
#9081 = FILL_AREA_STYLE ('',( #2346 ) ) ;
#9082 =( NAMED_UNIT ( * ) PLANE_ANGLE_UNIT ( ) SI_UNIT ( $, .RADIAN. ) );
#9083 = DIRECTION ( 'NONE',  ( -1.000000000000000000, 3.872150616019661422E-17, -0.0000000000000000000 ) ) ;
#9084 = VERTEX_POINT ( 'NONE', #1959 ) ;
#9085 = EDGE_CURVE ( 'NONE', #2598, #10344, #9689, .T. ) ;
#9086 = CARTESIAN_POINT ( 'NONE',  ( -1.951000000000000956, 6.000000000000000000, -0.6800000000000022693 ) ) ;
#9087 = FILL_AREA_STYLE ('',( #10787 ) ) ;
#9088 = CARTESIAN_POINT ( 'NONE',  ( 17.94999999999999574, 6.000000000000000000, 1.699999999999999289 ) ) ;
#9089 = ORIENTED_EDGE ( 'NONE', *, *, #11196, .T. ) ;
#9091 = ORIENTED_EDGE ( 'NONE', *, *, #8840, .F. ) ;
#9090 = ORIENTED_EDGE ( 'NONE', *, *, #5306, .F. ) ;
#9092 = CARTESIAN_POINT ( 'NONE',  ( 15.25000000000000000, 3.399999999999999467, -2.300000000000003375 ) ) ;
#9093 = ORIENTED_EDGE ( 'NONE', *, *, #1241, .F. ) ;
#9094 = FILL_AREA_STYLE ('',( #9933 ) ) ;
#9095 = CARTESIAN_POINT ( 'NONE',  ( 17.17999999999999616, 2.250000000000001776, -2.801000000000000600 ) ) ;
#9096 = VECTOR ( 'NONE', #4216, 1000.000000000000000 ) ;
#9097 = ADVANCED_FACE ( 'NONE', ( #5849 ), #2805, .T. ) ;
#9098 = DIRECTION ( 'NONE',  ( -1.000000000000000000, 0.0000000000000000000, 1.230800803163168627E-17 ) ) ;
#9099 = ORIENTED_EDGE ( 'NONE', *, *, #6861, .F. ) ;
#9100 = EDGE_CURVE ( 'NONE', #12512, #12596, #11047, .T. ) ;
#9101 = CARTESIAN_POINT ( 'NONE',  ( 3.750000000000000444, -3.399999999999999911, 0.2500000000000002220 ) ) ;
#9102 = DIRECTION ( 'NONE',  ( -4.336808689942017736E-16, 0.0000000000000000000, -1.000000000000000000 ) ) ;
#9103 = SURFACE_SIDE_STYLE ('',( #311 ) ) ;
#9104 = STYLED_ITEM ( 'NONE', ( #79 ), #3300 ) ;
#9105 = ORIENTED_EDGE ( 'NONE', *, *, #1290, .T. ) ;
#9106 = PRESENTATION_STYLE_ASSIGNMENT (( #3274 ) ) ;
#9107 = FILL_AREA_STYLE ('',( #11943 ) ) ;
#9108 = DIRECTION ( 'NONE',  ( 4.336808689942017736E-16, 0.0000000000000000000, 1.000000000000000000 ) ) ;
#9109 = DIRECTION ( 'NONE',  ( -1.927470528863119542E-16, 1.000000000000000000, 0.0000000000000000000 ) ) ;
#9110 = AXIS2_PLACEMENT_3D ( 'NONE', #10566, #9547, #2806 ) ;
#9111 = EDGE_CURVE ( 'NONE', #12596, #2424, #1057, .T. ) ;
#9112 = DIRECTION ( 'NONE',  ( 1.000000000000000000, -5.421010862427522170E-17, 0.0000000000000000000 ) ) ;
#9113 = CARTESIAN_POINT ( 'NONE',  ( -1.180000000000000382, 4.229999999999999538, 1.700000000000000178 ) ) ;
#9114 =( NAMED_UNIT ( * ) PLANE_ANGLE_UNIT ( ) SI_UNIT ( $, .RADIAN. ) );
#9115 = ORIENTED_EDGE ( 'NONE', *, *, #5906, .T. ) ;
#9116 = SURFACE_SIDE_STYLE ('',( #7094 ) ) ;
#9117 = STYLED_ITEM ( 'NONE', ( #8346 ), #2746 ) ;
#9118 = LINE ( 'NONE', #12017, #3935 ) ;
#9119 =( NAMED_UNIT ( * ) PLANE_ANGLE_UNIT ( ) SI_UNIT ( $, .RADIAN. ) );
#9120 = DIRECTION ( 'NONE',  ( 1.000000000000000000, -5.421010862427522170E-17, 0.0000000000000000000 ) ) ;
#9121 = CARTESIAN_POINT ( 'NONE',  ( 6.149999999999999467, -3.399999999999999911, 0.1500000000000008271 ) ) ;
#9122 = DIRECTION ( 'NONE',  ( 0.0000000000000000000, 0.0000000000000000000, -1.000000000000000000 ) ) ;
#9123 = DIRECTION ( 'NONE',  ( 1.000000000000000000, 0.0000000000000000000, 0.0000000000000000000 ) ) ;
#9124 = CARTESIAN_POINT ( 'NONE',  ( 14.24999999999999822, 5.000000000000000888, 0.2500000000000002220 ) ) ;
#9125 = CARTESIAN_POINT ( 'NONE',  ( 10.05000000000000071, -3.399999999999999911, -2.800000000000000266 ) ) ;
#9126 = ADVANCED_FACE ( 'NONE', ( #295 ), #239, .T. ) ;
#9127 = CARTESIAN_POINT ( 'NONE',  ( -1.350000000000000089, 5.650000000000002132, 1.249999999999997558 ) ) ;
#9128 = LINE ( 'NONE', #4239, #9405 ) ;
#9129 = CARTESIAN_POINT ( 'NONE',  ( 14.24999999999999822, -3.300000000000000266, -0.2499999999999997780 ) ) ;
#9130 =( NAMED_UNIT ( * ) PLANE_ANGLE_UNIT ( ) SI_UNIT ( $, .RADIAN. ) );
#9131 = ORIENTED_EDGE ( 'NONE', *, *, #5239, .T. ) ;
#9132 = FILL_AREA_STYLE ('',( #12302 ) ) ;
#9133 = PRESENTATION_STYLE_ASSIGNMENT (( #3181 ) ) ;
#9134 = SURFACE_STYLE_FILL_AREA ( #7111 ) ;
#9135 = UNCERTAINTY_MEASURE_WITH_UNIT (LENGTH_MEASURE( 1.000000000000000082E-05 ), #11670, 'distance_accuracy_value', 'NONE');
#9136 = PRESENTATION_STYLE_ASSIGNMENT (( #5261 ) ) ;
#9137 = CARTESIAN_POINT ( 'NONE',  ( 7.874499999999946098, -3.825499999999997236, -0.6799999999999948308 ) ) ;
#9138 = VERTEX_POINT ( 'NONE', #2013 ) ;
#9139 = AXIS2_PLACEMENT_3D ( 'NONE', #7348, #4354, #12089 ) ;
#9140 = VERTEX_POINT ( 'NONE', #8005 ) ;
#9141 = DIRECTION ( 'NONE',  ( 1.000000000000000000, -5.421010862427522170E-17, 0.0000000000000000000 ) ) ;
#9142 = DIRECTION ( 'NONE',  ( -0.0000000000000000000, -0.0000000000000000000, 1.000000000000000000 ) ) ;
#9143 = CARTESIAN_POINT ( 'NONE',  ( 9.299999999999998934, 0.2000000000000000389, -2.800000000000000266 ) ) ;
#9144 = LINE ( 'NONE', #9088, #6210 ) ;
#9145 = VERTEX_POINT ( 'NONE', #5965 ) ;
#9146 = ORIENTED_EDGE ( 'NONE', *, *, #2651, .F. ) ;
#9147 = VECTOR ( 'NONE', #5511, 1000.000000000000000 ) ;
#9148 = ORIENTED_EDGE ( 'NONE', *, *, #4754, .F. ) ;
#9149 = COLOUR_RGB ( '',1.000000000000000000, 0.8117647058823529438, 0.5019607843137254832 ) ;
#9150 = SURFACE_STYLE_FILL_AREA ( #4394 ) ;
#9151 = PRESENTATION_STYLE_ASSIGNMENT (( #12322 ) ) ;
#9152 = ORIENTED_EDGE ( 'NONE', *, *, #2842, .F. ) ;
#9153 = FILL_AREA_STYLE ('',( #5280 ) ) ;
#9154 = SURFACE_SIDE_STYLE ('',( #11073 ) ) ;
#9155 = SURFACE_STYLE_FILL_AREA ( #9292 ) ;
#9156 = EDGE_CURVE ( 'NONE', #2872, #8839, #1250, .T. ) ;
#9157 = DIRECTION ( 'NONE',  ( 1.000000000000000000, -3.872150616019660190E-17, -4.336808689942017736E-16 ) ) ;
#9158 = EDGE_CURVE ( 'NONE', #9077, #5083, #9865, .T. ) ;
#9159 = EDGE_CURVE ( 'NONE', #4070, #4419, #6231, .T. ) ;
#9160 = FILL_AREA_STYLE ('',( #2111 ) ) ;
#9161 = AXIS2_PLACEMENT_3D ( 'NONE', #88, #11812, #6161 ) ;
#9162 = DIRECTION ( 'NONE',  ( -5.421010862427522170E-17, -1.000000000000000000, 2.350988701644575016E-32 ) ) ;
#9163 = VERTEX_POINT ( 'NONE', #10121 ) ;
#9164 = VERTEX_POINT ( 'NONE', #5268 ) ;
#9165 =( NAMED_UNIT ( * ) PLANE_ANGLE_UNIT ( ) SI_UNIT ( $, .RADIAN. ) );
#9166 =( LENGTH_UNIT ( ) NAMED_UNIT ( * ) SI_UNIT ( .MILLI., .METRE. ) );
#9167 = FACE_OUTER_BOUND ( 'NONE', #8338, .T. ) ;
#9168 = DIRECTION ( 'NONE',  ( -0.0000000000000000000, -0.0000000000000000000, -1.000000000000000000 ) ) ;
#9169 = PLANE ( 'NONE',  #3742 ) ;
#9170 = VECTOR ( 'NONE', #1012, 1000.000000000000000 ) ;
#9171 = CARTESIAN_POINT ( 'NONE',  ( 4.150000000000001243, 5.100000000000001421, -0.1500000000000003830 ) ) ;
#9172 = PLANE ( 'NONE',  #3576 ) ;
#9173 = EDGE_CURVE ( 'NONE', #2603, #5669, #4202, .T. ) ;
#9174 = FILL_AREA_STYLE_COLOUR ( '', #4945 ) ;
#9175 = FILL_AREA_STYLE ('',( #9249 ) ) ;
#9176 = LINE ( 'NONE', #1405, #5340 ) ;
#9177 = LINE ( 'NONE', #3168, #1379 ) ;
#9178 = CARTESIAN_POINT ( 'NONE',  ( 14.08333333333333393, 5.166666666666668739, -0.08333333333333370341 ) ) ;
#9179 = DIRECTION ( 'NONE',  ( 1.000000000000000000, -5.421010862427522170E-17, 0.0000000000000000000 ) ) ;
#9180 = ORIENTED_EDGE ( 'NONE', *, *, #328, .T. ) ;
#9181 = ORIENTED_EDGE ( 'NONE', *, *, #3869, .F. ) ;
#9182 =( NAMED_UNIT ( * ) PLANE_ANGLE_UNIT ( ) SI_UNIT ( $, .RADIAN. ) );
#9183 = VECTOR ( 'NONE', #4407, 1000.000000000000000 ) ;
#9184 = VECTOR ( 'NONE', #294, 1000.000000000000000 ) ;
#9185 = VECTOR ( 'NONE', #2527, 1000.000000000000000 ) ;
#9186 = CARTESIAN_POINT ( 'NONE',  ( 12.69999999999999929, 0.0000000000000000000, -2.800000000000000266 ) ) ;
#9187 = CARTESIAN_POINT ( 'NONE',  ( 12.25000000000000000, 5.000000000000000888, -0.2499999999999997780 ) ) ;
#9188 = EDGE_CURVE ( 'NONE', #1352, #4213, #128, .T. ) ;
#9189 = VECTOR ( 'NONE', #4174, 1000.000000000000000 ) ;
#9190 = PRESENTATION_STYLE_ASSIGNMENT (( #6339 ) ) ;
#9191 =( LENGTH_UNIT ( ) NAMED_UNIT ( * ) SI_UNIT ( .MILLI., .METRE. ) );
#9192 =( LENGTH_UNIT ( ) NAMED_UNIT ( * ) SI_UNIT ( .MILLI., .METRE. ) );
#9193 = STYLED_ITEM ( 'NONE', ( #7510 ), #6248 ) ;
#9194 = CARTESIAN_POINT ( 'NONE',  ( 12.75000000000000178, 3.399999999999999467, -2.050000000000001599 ) ) ;
#9195 = DIRECTION ( 'NONE',  ( 0.5773502691896259531, 0.5773502691896259531, -0.5773502691896255090 ) ) ;
#9196 = VECTOR ( 'NONE', #2585, 1000.000000000000000 ) ;
#9197 = EDGE_CURVE ( 'NONE', #4488, #1712, #7946, .T. ) ;
#9198 = DIRECTION ( 'NONE',  ( 1.000000000000000000, 0.0000000000000000000, 0.0000000000000000000 ) ) ;
#9199 = COLOUR_RGB ( '',1.000000000000000000, 0.8117647058823529438, 0.5019607843137254832 ) ;
#9200 = FILL_AREA_STYLE ('',( #12168 ) ) ;
#9201 = ORIENTED_EDGE ( 'NONE', *, *, #12394, .F. ) ;
#9202 = VERTEX_POINT ( 'NONE', #8949 ) ;
#9203 = CARTESIAN_POINT ( 'NONE',  ( 5.750000000000000000, -3.300000000000000266, 0.2500000000000002220 ) ) ;
#9204 = SURFACE_STYLE_USAGE ( .BOTH. , #3327 ) ;
#9205 = PLANE ( 'NONE',  #650 ) ;
#9206 = EDGE_LOOP ( 'NONE', ( #9955, #2833, #5560, #6478 ) ) ;
#9207 = ORIENTED_EDGE ( 'NONE', *, *, #450, .T. ) ;
#9208 = PRESENTATION_LAYER_ASSIGNMENT (  '', '', ( #2238 ) ) ;
#9209 = EDGE_CURVE ( 'NONE', #11504, #8962, #173, .T. ) ;
#9210 =( GEOMETRIC_REPRESENTATION_CONTEXT ( 3 ) GLOBAL_UNCERTAINTY_ASSIGNED_CONTEXT ( ( #6453 ) ) GLOBAL_UNIT_ASSIGNED_CONTEXT ( ( #357, #4767, #4648 ) ) REPRESENTATION_CONTEXT ( 'NONE', 'WORKASPACE' ) );
#9211 = DIRECTION ( 'NONE',  ( 0.0000000000000000000, 0.0000000000000000000, -1.000000000000000000 ) ) ;
#9212 = CARTESIAN_POINT ( 'NONE',  ( 4.750000000000000888, 3.149999999999999023, -2.050000000000001599 ) ) ;
#9213 = VECTOR ( 'NONE', #12392, 1000.000000000000000 ) ;
#9214 = DIRECTION ( 'NONE',  ( -1.000000000000000000, 5.421010862427522170E-17, 0.0000000000000000000 ) ) ;
#9215 = FILL_AREA_STYLE ('',( #11123 ) ) ;
#9216 = COLOUR_RGB ( '',1.000000000000000000, 1.000000000000000000, 1.000000000000000000 ) ;
#9217 = ORIENTED_EDGE ( 'NONE', *, *, #8010, .T. ) ;
#9218 = CARTESIAN_POINT ( 'NONE',  ( 8.250000000000000000, 5.000000000000000888, 0.2500000000000002220 ) ) ;
#9219 =( NAMED_UNIT ( * ) SI_UNIT ( $, .STERADIAN. ) SOLID_ANGLE_UNIT ( ) );
#9220 = AXIS2_PLACEMENT_3D ( 'NONE', #10400, #4546, #2762 ) ;
#9221 = MECHANICAL_DESIGN_GEOMETRIC_PRESENTATION_REPRESENTATION (  '', ( #7808 ), #2243 ) ;
#9222 = MECHANICAL_DESIGN_GEOMETRIC_PRESENTATION_REPRESENTATION (  '', ( #7043 ), #1637 ) ;
#9223 = CARTESIAN_POINT ( 'NONE',  ( 4.150000000000001243, -3.399999999999999911, 0.1500000000000008271 ) ) ;
#9224 = DIRECTION ( 'NONE',  ( -5.421010862427522170E-17, -1.000000000000000000, 2.350988701644575016E-32 ) ) ;
#9225 =( GEOMETRIC_REPRESENTATION_CONTEXT ( 3 ) GLOBAL_UNCERTAINTY_ASSIGNED_CONTEXT ( ( #11867 ) ) GLOBAL_UNIT_ASSIGNED_CONTEXT ( ( #3602, #5527, #4656 ) ) REPRESENTATION_CONTEXT ( 'NONE', 'WORKASPACE' ) );
#9226 = MECHANICAL_DESIGN_GEOMETRIC_PRESENTATION_REPRESENTATION (  '', ( #12283 ), #12049 ) ;
#9227 = LINE ( 'NONE', #446, #1856 ) ;
#9228 =( NAMED_UNIT ( * ) SI_UNIT ( $, .STERADIAN. ) SOLID_ANGLE_UNIT ( ) );
#9229 = CARTESIAN_POINT ( 'NONE',  ( 1.750000000000000666, 5.000000000000000888, 0.2500000000000002220 ) ) ;
#9230 = VECTOR ( 'NONE', #10924, 1000.000000000000000 ) ;
#9231 = SURFACE_STYLE_FILL_AREA ( #3552 ) ;
#9232 = VECTOR ( 'NONE', #11762, 1000.000000000000000 ) ;
#9233 = EDGE_LOOP ( 'NONE', ( #7175, #2349, #5098, #10665 ) ) ;
#9234 = FACE_OUTER_BOUND ( 'NONE', #1367, .T. ) ;
#9235 = COLOUR_RGB ( '',1.000000000000000000, 0.8117647058823529438, 0.5019607843137254832 ) ;
#9236 = ORIENTED_EDGE ( 'NONE', *, *, #5858, .F. ) ;
#9237 = UNCERTAINTY_MEASURE_WITH_UNIT (LENGTH_MEASURE( 1.000000000000000082E-05 ), #918, 'distance_accuracy_value', 'NONE');
#9238 = EDGE_CURVE ( 'NONE', #6868, #4369, #1174, .T. ) ;
#9239 = COLOUR_RGB ( '',1.000000000000000000, 0.8117647058823529438, 0.5019607843137254832 ) ;
#9240 =( NAMED_UNIT ( * ) SI_UNIT ( $, .STERADIAN. ) SOLID_ANGLE_UNIT ( ) );
#9241 = STYLED_ITEM ( 'NONE', ( #7996 ), #9541 ) ;
#9242 = LINE ( 'NONE', #11086, #1680 ) ;
#9243 = ORIENTED_EDGE ( 'NONE', *, *, #8498, .T. ) ;
#9244 = PRESENTATION_LAYER_ASSIGNMENT (  '', '', ( #5584 ) ) ;
#9245 = FACE_OUTER_BOUND ( 'NONE', #1218, .T. ) ;
#9246 = DIRECTION ( 'NONE',  ( -4.336808689942017736E-16, 0.0000000000000000000, -1.000000000000000000 ) ) ;
#9247 = MECHANICAL_DESIGN_GEOMETRIC_PRESENTATION_REPRESENTATION (  '', ( #10270 ), #5793 ) ;
#9248 = DIRECTION ( 'NONE',  ( -4.336808689942017736E-16, 0.0000000000000000000, -1.000000000000000000 ) ) ;
#9249 = FILL_AREA_STYLE_COLOUR ( '', #5872 ) ;
#9250 = PRESENTATION_STYLE_ASSIGNMENT (( #10100 ) ) ;
#9251 = DIRECTION ( 'NONE',  ( -3.872150616019660190E-17, -1.000000000000000000, 0.0000000000000000000 ) ) ;
#9252 = DIRECTION ( 'NONE',  ( 0.5773502691896239547, -0.5773502691896289507, -0.5773502691896243988 ) ) ;
#9253 = FILL_AREA_STYLE ('',( #12025 ) ) ;
#9254 = CARTESIAN_POINT ( 'NONE',  ( 13.74999999999999822, -3.300000000000000266, 0.2500000000000002220 ) ) ;
#9255 = EDGE_LOOP ( 'NONE', ( #5249, #10098, #6488, #5839 ) ) ;
#9256 = DIRECTION ( 'NONE',  ( 4.336808689942017736E-16, 0.0000000000000000000, 1.000000000000000000 ) ) ;
#9257 = ADVANCED_FACE ( 'NONE', ( #2196 ), #568, .F. ) ;
#9258 = CARTESIAN_POINT ( 'NONE',  ( 17.17999999999999616, 4.230000000000002203, -2.801000000000000600 ) ) ;
#9259 =( NAMED_UNIT ( * ) SI_UNIT ( $, .STERADIAN. ) SOLID_ANGLE_UNIT ( ) );
#9260 =( GEOMETRIC_REPRESENTATION_CONTEXT ( 3 ) GLOBAL_UNCERTAINTY_ASSIGNED_CONTEXT ( ( #12162 ) ) GLOBAL_UNIT_ASSIGNED_CONTEXT ( ( #8311, #4873, #2659 ) ) REPRESENTATION_CONTEXT ( 'NONE', 'WORKASPACE' ) );
#9261 = EDGE_CURVE ( 'NONE', #1992, #4792, #1530, .T. ) ;
#9262 = SURFACE_STYLE_FILL_AREA ( #2457 ) ;
#9263 = MECHANICAL_DESIGN_GEOMETRIC_PRESENTATION_REPRESENTATION (  '', ( #8854 ), #1265 ) ;
#9264 = DIRECTION ( 'NONE',  ( -0.0000000000000000000, -0.0000000000000000000, 1.000000000000000000 ) ) ;
#9265 = VERTEX_POINT ( 'NONE', #6708 ) ;
#9266 = UNCERTAINTY_MEASURE_WITH_UNIT (LENGTH_MEASURE( 1.000000000000000082E-05 ), #4961, 'distance_accuracy_value', 'NONE');
#9267 = DIRECTION ( 'NONE',  ( 0.0000000000000000000, 0.0000000000000000000, -1.000000000000000000 ) ) ;
#9268 = FILL_AREA_STYLE ('',( #9005 ) ) ;
#9269 = CARTESIAN_POINT ( 'NONE',  ( 4.750000000000000888, 3.399999999999999467, -2.050000000000001599 ) ) ;
#9270 = LINE ( 'NONE', #5263, #4117 ) ;
#9271 = SURFACE_SIDE_STYLE ('',( #10177 ) ) ;
#9272 = ORIENTED_EDGE ( 'NONE', *, *, #12108, .T. ) ;
#9273 = ORIENTED_EDGE ( 'NONE', *, *, #8179, .F. ) ;
#9274 = LINE ( 'NONE', #420, #8591 ) ;
#9275 = SURFACE_STYLE_FILL_AREA ( #12048 ) ;
#9276 = ADVANCED_FACE ( 'NONE', ( #10531 ), #12542, .F. ) ;
#9277 = CARTESIAN_POINT ( 'NONE',  ( 14.96666666666666323, -2.516666666666674157, -1.033333333333325665 ) ) ;
#9278 = VERTEX_POINT ( 'NONE', #3621 ) ;
#9279 = ORIENTED_EDGE ( 'NONE', *, *, #9261, .T. ) ;
#9280 = ORIENTED_EDGE ( 'NONE', *, *, #1985, .T. ) ;
#9281 = UNCERTAINTY_MEASURE_WITH_UNIT (LENGTH_MEASURE( 1.000000000000000082E-05 ), #8961, 'distance_accuracy_value', 'NONE');
#9282 = DIRECTION ( 'NONE',  ( -1.927470528863119542E-16, 1.000000000000000000, 0.0000000000000000000 ) ) ;
#9283 =( LENGTH_UNIT ( ) NAMED_UNIT ( * ) SI_UNIT ( .MILLI., .METRE. ) );
#9284 = DIRECTION ( 'NONE',  ( 0.0000000000000000000, 0.0000000000000000000, 1.000000000000000000 ) ) ;
#9285 = ORIENTED_EDGE ( 'NONE', *, *, #5254, .T. ) ;
#9286 = SURFACE_STYLE_FILL_AREA ( #5414 ) ;
#9287 = FACE_OUTER_BOUND ( 'NONE', #6292, .T. ) ;
#9288 = DIRECTION ( 'NONE',  ( -0.0000000000000000000, -0.0000000000000000000, 1.000000000000000000 ) ) ;
#9289 = ORIENTED_EDGE ( 'NONE', *, *, #8730, .T. ) ;
#9290 = ADVANCED_FACE ( 'NONE', ( #10585 ), #3685, .T. ) ;
#9291 =( NAMED_UNIT ( * ) SI_UNIT ( $, .STERADIAN. ) SOLID_ANGLE_UNIT ( ) );
#9292 = FILL_AREA_STYLE ('',( #10142 ) ) ;
#9293 = PRESENTATION_STYLE_ASSIGNMENT (( #7476 ) ) ;
#9294 = ORIENTED_EDGE ( 'NONE', *, *, #876, .T. ) ;
#9295 = PLANE ( 'NONE',  #3331 ) ;
#9296 = CARTESIAN_POINT ( 'NONE',  ( 2.250000000000000000, -3.300000000000000266, 0.2500000000000002220 ) ) ;
#9297 = ORIENTED_EDGE ( 'NONE', *, *, #2250, .T. ) ;
#9298 = ORIENTED_EDGE ( 'NONE', *, *, #4708, .F. ) ;
#9299 = EDGE_CURVE ( 'NONE', #11272, #11797, #8614, .T. ) ;
#9300 = COLOUR_RGB ( '',1.000000000000000000, 0.8117647058823529438, 0.5019607843137254832 ) ;
#9301 = PRESENTATION_STYLE_ASSIGNMENT (( #3284 ) ) ;
#9302 = SURFACE_STYLE_USAGE ( .BOTH. , #10275 ) ;
#9303 = CARTESIAN_POINT ( 'NONE',  ( 9.299999999999998934, 0.2000000000000000389, -2.800000000000000266 ) ) ;
#9304 = EDGE_LOOP ( 'NONE', ( #508, #10749, #816, #3546 ) ) ;
#9305 = ADVANCED_FACE ( 'NONE', ( #3765 ), #1077, .F. ) ;
#9306 = VERTEX_POINT ( 'NONE', #5867 ) ;
#9307 = DIRECTION ( 'NONE',  ( -1.000000000000000000, 3.872150616019660190E-17, 0.0000000000000000000 ) ) ;
#9308 = MECHANICAL_DESIGN_GEOMETRIC_PRESENTATION_REPRESENTATION (  '', ( #4657 ), #12555 ) ;
#9309 = ADVANCED_FACE ( 'NONE', ( #9762, #5917, #9943, #8732, #7966, #950, #4081, #1868, #8035, #9892 ), #8969, .T. ) ;
#9310 = DIRECTION ( 'NONE',  ( 0.0000000000000000000, -0.0000000000000000000, 1.000000000000000000 ) ) ;
#9311 = ORIENTED_EDGE ( 'NONE', *, *, #1363, .T. ) ;
#9312 = CARTESIAN_POINT ( 'NONE',  ( 16.25000000000000000, -3.399999999999999911, 0.2500000000000002220 ) ) ;
#9313 = FACE_OUTER_BOUND ( 'NONE', #6971, .T. ) ;
#9314 = CARTESIAN_POINT ( 'NONE',  ( -1.949999999999999956, 4.500000000000000888, -0.1799999999999996048 ) ) ;
#9315 = CARTESIAN_POINT ( 'NONE',  ( 8.750000000000000000, 1.149999999999999911, -2.050000000000001599 ) ) ;
#9316 =( LENGTH_UNIT ( ) NAMED_UNIT ( * ) SI_UNIT ( .MILLI., .METRE. ) );
#9317 = ORIENTED_EDGE ( 'NONE', *, *, #635, .T. ) ;
#9318 = CARTESIAN_POINT ( 'NONE',  ( 14.24999999999999822, -3.399999999999999911, 0.2500000000000002220 ) ) ;
#9319 = ORIENTED_EDGE ( 'NONE', *, *, #10648, .T. ) ;
#9320 = FILL_AREA_STYLE ('',( #5258 ) ) ;
#9321 = EDGE_LOOP ( 'NONE', ( #12532, #8631, #4242, #12590 ) ) ;
#9322 = SURFACE_STYLE_USAGE ( .BOTH. , #9466 ) ;
#9323 = LINE ( 'NONE', #11544, #5585 ) ;
#9324 = EDGE_CURVE ( 'NONE', #10619, #9623, #11708, .T. ) ;
#9325 = PRESENTATION_STYLE_ASSIGNMENT (( #11359 ) ) ;
#9326 = EDGE_CURVE ( 'NONE', #1799, #7454, #4023, .T. ) ;
#9327 = ADVANCED_FACE ( 'NONE', ( #141 ), #3020, .F. ) ;
#9328 =( LENGTH_UNIT ( ) NAMED_UNIT ( * ) SI_UNIT ( .MILLI., .METRE. ) );
#9329 = VERTEX_POINT ( 'NONE', #262 ) ;
#9330 = LINE ( 'NONE', #599, #796 ) ;
#9331 = LINE ( 'NONE', #537, #4472 ) ;
#9332 = DIRECTION ( 'NONE',  ( 0.0000000000000000000, -0.0000000000000000000, -1.000000000000000000 ) ) ;
#9333 = EDGE_LOOP ( 'NONE', ( #10820, #9491, #7943, #11332 ) ) ;
#9334 = VERTEX_POINT ( 'NONE', #8208 ) ;
#9335 = ORIENTED_EDGE ( 'NONE', *, *, #1142, .F. ) ;
#9336 = COLOUR_RGB ( '',1.000000000000000000, 0.8117647058823529438, 0.5019607843137254832 ) ;
#9337 = ORIENTED_EDGE ( 'NONE', *, *, #4587, .F. ) ;
#9338 = MECHANICAL_DESIGN_GEOMETRIC_PRESENTATION_REPRESENTATION (  '', ( #7727 ), #335 ) ;
#9339 = CARTESIAN_POINT ( 'NONE',  ( 8.250000000000000000, -3.399999999999999911, -0.1500000000000003830 ) ) ;
#9340 = VERTEX_POINT ( 'NONE', #10004 ) ;
#9341 = EDGE_CURVE ( 'NONE', #3512, #1712, #7079, .T. ) ;
#9342 = FACE_OUTER_BOUND ( 'NONE', #2610, .T. ) ;
#9343 = PRESENTATION_STYLE_ASSIGNMENT (( #8523 ) ) ;
#9344 = STYLED_ITEM ( 'NONE', ( #5770 ), #304 ) ;
#9345 = ORIENTED_EDGE ( 'NONE', *, *, #11114, .F. ) ;
#9346 = SURFACE_SIDE_STYLE ('',( #12456 ) ) ;
#9347 = PLANE ( 'NONE',  #6597 ) ;
#9348 = SURFACE_SIDE_STYLE ('',( #4335 ) ) ;
#9349 = CARTESIAN_POINT ( 'NONE',  ( 0.7500000000000002220, 1.149999999999999911, -2.050000000000001599 ) ) ;
#9350 =( NAMED_UNIT ( * ) SI_UNIT ( $, .STERADIAN. ) SOLID_ANGLE_UNIT ( ) );
#9351 = EDGE_CURVE ( 'NONE', #10149, #6423, #11371, .T. ) ;
#9352 =( NAMED_UNIT ( * ) SI_UNIT ( $, .STERADIAN. ) SOLID_ANGLE_UNIT ( ) );
#9353 = ORIENTED_EDGE ( 'NONE', *, *, #8371, .F. ) ;
#9354 =( LENGTH_UNIT ( ) NAMED_UNIT ( * ) SI_UNIT ( .MILLI., .METRE. ) );
#9355 = ORIENTED_EDGE ( 'NONE', *, *, #10062, .F. ) ;
#9356 =( NAMED_UNIT ( * ) PLANE_ANGLE_UNIT ( ) SI_UNIT ( $, .RADIAN. ) );
#9357 = EDGE_CURVE ( 'NONE', #3758, #12100, #3273, .T. ) ;
#9358 = COLOUR_RGB ( '',1.000000000000000000, 1.000000000000000000, 1.000000000000000000 ) ;
#9359 = FILL_AREA_STYLE ('',( #7478 ) ) ;
#9360 = ORIENTED_EDGE ( 'NONE', *, *, #9500, .F. ) ;
#9361 = EDGE_LOOP ( 'NONE', ( #6937, #627, #11455, #700 ) ) ;
#9362 = CARTESIAN_POINT ( 'NONE',  ( 0.0000000000000000000, 0.0000000000000000000, 0.0000000000000000000 ) ) ;
#9363 = LINE ( 'NONE', #2759, #7804 ) ;
#9364 =( NAMED_UNIT ( * ) PLANE_ANGLE_UNIT ( ) SI_UNIT ( $, .RADIAN. ) );
#9365 = UNCERTAINTY_MEASURE_WITH_UNIT (LENGTH_MEASURE( 1.000000000000000082E-05 ), #10682, 'distance_accuracy_value', 'NONE');
#9366 = SURFACE_STYLE_USAGE ( .BOTH. , #4281 ) ;
#9367 = VERTEX_POINT ( 'NONE', #8517 ) ;
#9368 = PLANE ( 'NONE',  #11567 ) ;
#9369 = SURFACE_SIDE_STYLE ('',( #5489 ) ) ;
#9370 = ADVANCED_FACE ( 'NONE', ( #4219 ), #7140, .T. ) ;
#9371 =( NAMED_UNIT ( * ) SI_UNIT ( $, .STERADIAN. ) SOLID_ANGLE_UNIT ( ) );
#9372 =( LENGTH_UNIT ( ) NAMED_UNIT ( * ) SI_UNIT ( .MILLI., .METRE. ) );
#9373 =( NAMED_UNIT ( * ) PLANE_ANGLE_UNIT ( ) SI_UNIT ( $, .RADIAN. ) );
#9374 =( LENGTH_UNIT ( ) NAMED_UNIT ( * ) SI_UNIT ( .MILLI., .METRE. ) );
#9375 = ORIENTED_EDGE ( 'NONE', *, *, #7116, .F. ) ;
#9376 = SURFACE_STYLE_USAGE ( .BOTH. , #10476 ) ;
#9377 = FACE_OUTER_BOUND ( 'NONE', #5692, .T. ) ;
#9378 = PRESENTATION_STYLE_ASSIGNMENT (( #8428 ) ) ;
#9379 = PLANE ( 'NONE',  #5581 ) ;
#9380 = SURFACE_STYLE_FILL_AREA ( #3507 ) ;
#9381 = STYLED_ITEM ( 'NONE', ( #6323 ), #5630 ) ;
#9382 = VECTOR ( 'NONE', #2121, 1000.000000000000000 ) ;
#9383 = AXIS2_PLACEMENT_3D ( 'NONE', #4458, #11507, #8588 ) ;
#9384 = CARTESIAN_POINT ( 'NONE',  ( 10.69999999999999751, 0.1999999999999999833, -2.800000000000000266 ) ) ;
#9385 = CARTESIAN_POINT ( 'NONE',  ( 13.74999999999999822, -3.399999999999999911, 0.2500000000000002220 ) ) ;
#9386 = UNCERTAINTY_MEASURE_WITH_UNIT (LENGTH_MEASURE( 1.000000000000000082E-05 ), #10370, 'distance_accuracy_value', 'NONE');
#9387 =( NAMED_UNIT ( * ) SI_UNIT ( $, .STERADIAN. ) SOLID_ANGLE_UNIT ( ) );
#9388 = CARTESIAN_POINT ( 'NONE',  ( 4.700000000000002842, 0.0000000000000000000, -2.800000000000000266 ) ) ;
#9389 = SURFACE_STYLE_FILL_AREA ( #10603 ) ;
#9390 = DIRECTION ( 'NONE',  ( -1.000000000000000000, 0.0000000000000000000, -0.0000000000000000000 ) ) ;
#9391 = AXIS2_PLACEMENT_3D ( 'NONE', #10238, #11109, #8373 ) ;
#9392 = COLOUR_RGB ( '',1.000000000000000000, 0.8117647058823529438, 0.5019607843137254832 ) ;
#9393 = ORIENTED_EDGE ( 'NONE', *, *, #8503, .T. ) ;
#9394 = CARTESIAN_POINT ( 'NONE',  ( 12.25000000000000000, -3.399999999999999911, -0.1500000000000003830 ) ) ;
#9395 = VERTEX_POINT ( 'NONE', #10077 ) ;
#9396 = COLOUR_RGB ( '',1.000000000000000000, 1.000000000000000000, 1.000000000000000000 ) ;
#9397 = VERTEX_POINT ( 'NONE', #7202 ) ;
#9398 = ORIENTED_EDGE ( 'NONE', *, *, #1135, .F. ) ;
#9399 = ADVANCED_FACE ( 'NONE', ( #1275 ), #8146, .T. ) ;
#9400 = EDGE_CURVE ( 'NONE', #3389, #9145, #2670, .T. ) ;
#9401 = UNCERTAINTY_MEASURE_WITH_UNIT (LENGTH_MEASURE( 1.000000000000000082E-05 ), #10987, 'distance_accuracy_value', 'NONE');
#9402 = EDGE_CURVE ( 'NONE', #7810, #896, #2799, .T. ) ;
#9403 = STYLED_ITEM ( 'NONE', ( #3037 ), #6299 ) ;
#9404 = DIRECTION ( 'NONE',  ( 1.000000000000000000, -5.421010862427522170E-17, 0.0000000000000000000 ) ) ;
#9405 = VECTOR ( 'NONE', #10296, 1000.000000000000000 ) ;
#9406 = STYLED_ITEM ( 'NONE', ( #11918 ), #5437 ) ;
#9407 = AXIS2_PLACEMENT_3D ( 'NONE', #8105, #9162, #202 ) ;
#9408 =( NAMED_UNIT ( * ) SI_UNIT ( $, .STERADIAN. ) SOLID_ANGLE_UNIT ( ) );
#9409 =( NAMED_UNIT ( * ) PLANE_ANGLE_UNIT ( ) SI_UNIT ( $, .RADIAN. ) );
#9410 = ORIENTED_EDGE ( 'NONE', *, *, #3344, .T. ) ;
#9411 = VECTOR ( 'NONE', #1095, 1000.000000000000000 ) ;
#9412 = VECTOR ( 'NONE', #12358, 1000.000000000000000 ) ;
#9413 = LINE ( 'NONE', #5594, #5759 ) ;
#9414 = ORIENTED_EDGE ( 'NONE', *, *, #10525, .T. ) ;
#9415 = LINE ( 'NONE', #4713, #2747 ) ;
#9416 = CARTESIAN_POINT ( 'NONE',  ( -1.350000000000000089, 1.149999999999999911, -2.350000000000001421 ) ) ;
#9417 = ADVANCED_FACE ( 'NONE', ( #6617 ), #871, .F. ) ;
#9418 = ADVANCED_FACE ( 'NONE', ( #9601 ), #10679, .F. ) ;
#9419 = AXIS2_PLACEMENT_3D ( 'NONE', #2891, #3816, #3945 ) ;
#9420 = COLOUR_RGB ( '',1.000000000000000000, 1.000000000000000000, 1.000000000000000000 ) ;
#9421 = ORIENTED_EDGE ( 'NONE', *, *, #5069, .F. ) ;
#9422 = FILL_AREA_STYLE ('',( #823 ) ) ;
#9423 = CARTESIAN_POINT ( 'NONE',  ( 14.69999999999999751, 0.0000000000000000000, -2.800000000000000266 ) ) ;
#9424 = CARTESIAN_POINT ( 'NONE',  ( 16.25000000000000000, 0.2000000000000000111, -0.2499999999999997780 ) ) ;
#9425 = STYLED_ITEM ( 'NONE', ( #6044 ), #7653 ) ;
#9426 = FACE_OUTER_BOUND ( 'NONE', #3040, .T. ) ;
#9427 = ORIENTED_EDGE ( 'NONE', *, *, #4893, .T. ) ;
#9428 = CARTESIAN_POINT ( 'NONE',  ( 1.149999999999999911, 6.000000000000000000, -2.801000000000000600 ) ) ;
#9429 = UNCERTAINTY_MEASURE_WITH_UNIT (LENGTH_MEASURE( 1.000000000000000082E-05 ), #4508, 'distance_accuracy_value', 'NONE');
#9430 = MECHANICAL_DESIGN_GEOMETRIC_PRESENTATION_REPRESENTATION (  '', ( #7841 ), #8440 ) ;
#9431 = PRESENTATION_LAYER_ASSIGNMENT (  '', '', ( #10046 ) ) ;
#9432 =( GEOMETRIC_REPRESENTATION_CONTEXT ( 3 ) GLOBAL_UNCERTAINTY_ASSIGNED_CONTEXT ( ( #10592 ) ) GLOBAL_UNIT_ASSIGNED_CONTEXT ( ( #2185, #11914, #6074 ) ) REPRESENTATION_CONTEXT ( 'NONE', 'WORKASPACE' ) );
#9433 = CARTESIAN_POINT ( 'NONE',  ( 8.050000000000000711, 5.100000000000001421, -2.800000000000000266 ) ) ;
#9434 = VERTEX_POINT ( 'NONE', #1047 ) ;
#9435 = DIRECTION ( 'NONE',  ( 0.5773502691896239547, -0.5773502691896289507, 0.5773502691896243988 ) ) ;
#9436 = CARTESIAN_POINT ( 'NONE',  ( 7.299999999999998934, 0.2000000000000000389, -2.800000000000000266 ) ) ;
#9437 = AXIS2_PLACEMENT_3D ( 'NONE', #257, #6168, #10072 ) ;
#9438 =( LENGTH_UNIT ( ) NAMED_UNIT ( * ) SI_UNIT ( .MILLI., .METRE. ) );
#9439 = ADVANCED_FACE ( 'NONE', ( #7109 ), #8939, .T. ) ;
#9440 = VERTEX_POINT ( 'NONE', #8071 ) ;
#9441 = VECTOR ( 'NONE', #7967, 1000.000000000000000 ) ;
#9442 = LINE ( 'NONE', #648, #7544 ) ;
#9443 =( LENGTH_UNIT ( ) NAMED_UNIT ( * ) SI_UNIT ( .MILLI., .METRE. ) );
#9444 = VERTEX_POINT ( 'NONE', #11917 ) ;
#9445 = MECHANICAL_DESIGN_GEOMETRIC_PRESENTATION_REPRESENTATION (  '', ( #8029 ), #10268 ) ;
#9446 =( NAMED_UNIT ( * ) PLANE_ANGLE_UNIT ( ) SI_UNIT ( $, .RADIAN. ) );
#9447 = APPLICATION_PROTOCOL_DEFINITION ( 'draft international standard', 'automotive_design', 1998, #12207 ) ;
#9448 = VECTOR ( 'NONE', #11967, 1000.000000000000000 ) ;
#9449 = DIRECTION ( 'NONE',  ( -1.000000000000000000, 0.0000000000000000000, -0.0000000000000000000 ) ) ;
#9450 = ORIENTED_EDGE ( 'NONE', *, *, #1076, .T. ) ;
#9451 = STYLED_ITEM ( 'NONE', ( #12500 ), #9663 ) ;
#9452 =( NAMED_UNIT ( * ) SI_UNIT ( $, .STERADIAN. ) SOLID_ANGLE_UNIT ( ) );
#9453 = ORIENTED_EDGE ( 'NONE', *, *, #6785, .T. ) ;
#9454 = MECHANICAL_DESIGN_GEOMETRIC_PRESENTATION_REPRESENTATION (  '', ( #1256 ), #435 ) ;
#9455 = LINE ( 'NONE', #4622, #7795 ) ;
#9456 = PLANE ( 'NONE',  #2208 ) ;
#9457 = UNCERTAINTY_MEASURE_WITH_UNIT (LENGTH_MEASURE( 1.000000000000000082E-05 ), #2584, 'distance_accuracy_value', 'NONE');
#9458 = DIRECTION ( 'NONE',  ( -0.0000000000000000000, -0.0000000000000000000, -1.000000000000000000 ) ) ;
#9459 = DIRECTION ( 'NONE',  ( 1.000000000000000000, -3.872150616019660190E-17, -4.336808689942017736E-16 ) ) ;
#9460 = ORIENTED_EDGE ( 'NONE', *, *, #6238, .F. ) ;
#9461 = MECHANICAL_DESIGN_GEOMETRIC_PRESENTATION_REPRESENTATION (  '', ( #631 ), #2054 ) ;
#9462 = CARTESIAN_POINT ( 'NONE',  ( -0.2200000000000003619, 4.229999999999999538, 1.700000000000000178 ) ) ;
#9463 = VECTOR ( 'NONE', #1073, 1000.000000000000000 ) ;
#9464 = STYLED_ITEM ( 'NONE', ( #5380 ), #10353 ) ;
#9465 = DIRECTION ( 'NONE',  ( -0.0000000000000000000, 0.7071067811865500152, 0.7071067811865451302 ) ) ;
#9466 = SURFACE_SIDE_STYLE ('',( #5569 ) ) ;
#9467 = STYLED_ITEM ( 'NONE', ( #1467 ), #9876 ) ;
#9468 = VECTOR ( 'NONE', #9899, 1000.000000000000000 ) ;
#9469 = CARTESIAN_POINT ( 'NONE',  ( -0.2499999999999997780, 5.000000000000000888, 0.2500000000000002220 ) ) ;
#9470 = FILL_AREA_STYLE_COLOUR ( '', #4932 ) ;
#9471 = STYLED_ITEM ( 'NONE', ( #7873 ), #1276 ) ;
#9472 = FILL_AREA_STYLE_COLOUR ( '', #3561 ) ;
#9473 = COLOUR_RGB ( '',1.000000000000000000, 0.8117647058823529438, 0.5019607843137254832 ) ;
#9474 =( GEOMETRIC_REPRESENTATION_CONTEXT ( 3 ) GLOBAL_UNCERTAINTY_ASSIGNED_CONTEXT ( ( #4215 ) ) GLOBAL_UNIT_ASSIGNED_CONTEXT ( ( #3458, #5212, #1313 ) ) REPRESENTATION_CONTEXT ( 'NONE', 'WORKASPACE' ) );
#9475 = ORIENTED_EDGE ( 'NONE', *, *, #3169, .F. ) ;
#9476 = ORIENTED_EDGE ( 'NONE', *, *, #11418, .F. ) ;
#9477 = VECTOR ( 'NONE', #4079, 1000.000000000000000 ) ;
#9478 =( NAMED_UNIT ( * ) PLANE_ANGLE_UNIT ( ) SI_UNIT ( $, .RADIAN. ) );
#9479 = ORIENTED_EDGE ( 'NONE', *, *, #10112, .T. ) ;
#9480 = ORIENTED_EDGE ( 'NONE', *, *, #2355, .F. ) ;
#9481 =( NAMED_UNIT ( * ) SI_UNIT ( $, .STERADIAN. ) SOLID_ANGLE_UNIT ( ) );
#9482 = DIRECTION ( 'NONE',  ( -3.833233541708420554E-17, -0.7071067811865447972, 0.7071067811865502373 ) ) ;
#9483 = EDGE_CURVE ( 'NONE', #10083, #9077, #11787, .T. ) ;
#9484 = MECHANICAL_DESIGN_GEOMETRIC_PRESENTATION_REPRESENTATION (  '', ( #1274 ), #9891 ) ;
#9485 = EDGE_CURVE ( 'NONE', #11594, #4059, #1160, .T. ) ;
#9486 = ORIENTED_EDGE ( 'NONE', *, *, #11556, .F. ) ;
#9487 = DIRECTION ( 'NONE',  ( -1.362927481496328130E-16, 0.7071067811865451302, -0.7071067811865500152 ) ) ;
#9488 =( LENGTH_UNIT ( ) NAMED_UNIT ( * ) SI_UNIT ( .MILLI., .METRE. ) );
#9489 =( NAMED_UNIT ( * ) SI_UNIT ( $, .STERADIAN. ) SOLID_ANGLE_UNIT ( ) );
#9490 = SURFACE_SIDE_STYLE ('',( #1270 ) ) ;
#9491 = ORIENTED_EDGE ( 'NONE', *, *, #7130, .T. ) ;
#9492 = PRESENTATION_STYLE_ASSIGNMENT (( #11256 ) ) ;
#9493 = PRESENTATION_LAYER_ASSIGNMENT (  '', '', ( #4404 ) ) ;
#9494 = EDGE_LOOP ( 'NONE', ( #3544, #6541, #812, #4401 ) ) ;
#9495 = CARTESIAN_POINT ( 'NONE',  ( 14.14999999999999858, 5.100000000000001421, -2.800000000000000266 ) ) ;
#9496 = SURFACE_STYLE_FILL_AREA ( #4841 ) ;
#9497 = FACE_OUTER_BOUND ( 'NONE', #12141, .T. ) ;
#9498 = CARTESIAN_POINT ( 'NONE',  ( 2.966666666666666341, -2.516666666666663943, -1.033333333333335213 ) ) ;
#9499 = EDGE_CURVE ( 'NONE', #6676, #2877, #6926, .T. ) ;
#9500 = EDGE_CURVE ( 'NONE', #9623, #4503, #9852, .T. ) ;
#9501 = ORIENTED_EDGE ( 'NONE', *, *, #6527, .F. ) ;
#9502 = FILL_AREA_STYLE_COLOUR ( '', #180 ) ;
#9503 = DIRECTION ( 'NONE',  ( 1.000000000000000000, -3.872150616019660190E-17, -4.336808689942017736E-16 ) ) ;
#9504 = FACE_OUTER_BOUND ( 'NONE', #10529, .T. ) ;
#9505 = LINE ( 'NONE', #4672, #10864 ) ;
#9506 = LINE ( 'NONE', #12408, #11874 ) ;
#9507 = EDGE_LOOP ( 'NONE', ( #4168, #11756, #5138, #7739 ) ) ;
#9508 = ORIENTED_EDGE ( 'NONE', *, *, #92, .T. ) ;
#9509 = UNCERTAINTY_MEASURE_WITH_UNIT (LENGTH_MEASURE( 1.000000000000000082E-05 ), #5229, 'distance_accuracy_value', 'NONE');
#9510 = DIRECTION ( 'NONE',  ( 0.0000000000000000000, 0.0000000000000000000, 1.000000000000000000 ) ) ;
#9511 =( LENGTH_UNIT ( ) NAMED_UNIT ( * ) SI_UNIT ( .MILLI., .METRE. ) );
#9512 = SURFACE_STYLE_FILL_AREA ( #6580 ) ;
#9513 = LINE ( 'NONE', #6654, #6576 ) ;
#9514 = SURFACE_STYLE_FILL_AREA ( #652 ) ;
#9515 = EDGE_CURVE ( 'NONE', #4148, #12316, #4186, .T. ) ;
#9516 =( GEOMETRIC_REPRESENTATION_CONTEXT ( 3 ) GLOBAL_UNCERTAINTY_ASSIGNED_CONTEXT ( ( #3144 ) ) GLOBAL_UNIT_ASSIGNED_CONTEXT ( ( #12185, #6687, #11325 ) ) REPRESENTATION_CONTEXT ( 'NONE', 'WORKASPACE' ) );
#9517 = LINE ( 'NONE', #715, #5418 ) ;
#9518 = EDGE_LOOP ( 'NONE', ( #959, #9201, #4515, #4966 ) ) ;
#9519 = DIRECTION ( 'NONE',  ( 0.0000000000000000000, -0.7071067811865451302, 0.7071067811865500152 ) ) ;
#9520 = DIRECTION ( 'NONE',  ( -1.000000000000000000, 3.872150616019661422E-17, -0.0000000000000000000 ) ) ;
#9521 = DIRECTION ( 'NONE',  ( -0.0000000000000000000, -0.0000000000000000000, 1.000000000000000000 ) ) ;
#9522 = FILL_AREA_STYLE_COLOUR ( '', #11659 ) ;
#9523 = STYLED_ITEM ( 'NONE', ( #799 ), #319 ) ;
#9524 = VECTOR ( 'NONE', #6417, 1000.000000000000000 ) ;
#9525 = SURFACE_STYLE_USAGE ( .BOTH. , #1694 ) ;
#9526 = DIRECTION ( 'NONE',  ( -1.000000000000000000, 3.872150616019660190E-17, 0.0000000000000000000 ) ) ;
#9527 =( NAMED_UNIT ( * ) PLANE_ANGLE_UNIT ( ) SI_UNIT ( $, .RADIAN. ) );
#9528 = LINE ( 'NONE', #10551, #5381 ) ;
#9529 = PLANE ( 'NONE',  #6772 ) ;
#9530 = ORIENTED_EDGE ( 'NONE', *, *, #8236, .T. ) ;
#9531 = CARTESIAN_POINT ( 'NONE',  ( 13.74999999999999822, 0.2000000000000000111, -0.2499999999999997780 ) ) ;
#9532 = CARTESIAN_POINT ( 'NONE',  ( 17.17999999999999616, 2.250000000000001776, 1.249999999999997558 ) ) ;
#9533 = ORIENTED_EDGE ( 'NONE', *, *, #6768, .T. ) ;
#9534 = FILL_AREA_STYLE_COLOUR ( '', #7169 ) ;
#9535 = CARTESIAN_POINT ( 'NONE',  ( 10.24999999999999822, 1.800000000000000044, -2.800000000000000266 ) ) ;
#9536 = DIRECTION ( 'NONE',  ( -1.000000000000000000, 0.0000000000000000000, 1.230800803163168627E-17 ) ) ;
#9537 = EDGE_LOOP ( 'NONE', ( #10689, #3669, #3817, #302 ) ) ;
#9538 = ORIENTED_EDGE ( 'NONE', *, *, #6583, .T. ) ;
#9539 = ORIENTED_EDGE ( 'NONE', *, *, #9950, .T. ) ;
#9540 = PRESENTATION_STYLE_ASSIGNMENT (( #11613 ) ) ;
#9541 = ADVANCED_FACE ( 'NONE', ( #3180 ), #7934, .F. ) ;
#9542 = SURFACE_SIDE_STYLE ('',( #10563 ) ) ;
#9543 = ORIENTED_EDGE ( 'NONE', *, *, #10190, .F. ) ;
#9544 = ORIENTED_EDGE ( 'NONE', *, *, #10301, .T. ) ;
#9545 = SURFACE_STYLE_FILL_AREA ( #10740 ) ;
#9546 = VERTEX_POINT ( 'NONE', #340 ) ;
#9547 = DIRECTION ( 'NONE',  ( -1.000000000000000000, 1.084202172485504237E-15, 0.0000000000000000000 ) ) ;
#9548 = FACE_OUTER_BOUND ( 'NONE', #11368, .T. ) ;
#9549 = CARTESIAN_POINT ( 'NONE',  ( 12.69999999999999929, 0.0000000000000000000, 1.700000000000000178 ) ) ;
#9550 = CLOSED_SHELL ( 'NONE', ( #4827, #9309, #4998, #5831, #10671, #765, #247, #10869, #11284, #8745, #1705, #3321, #305, #5001, #6946, #1238, #8719, #10024, #6544, #7491, #5979, #3579, #99, #5453, #1088, #12579, #706, #1310, #1952, #85, #10043, #9007, #3381, #995, #9792, #2029, #6502, #5437, #5564, #8088, #12385, #9305, #7082, #9126, #7640, #2107, #2198, #4454, #8159, #2171, #5643, #101, #8916, #10986, #875, #7886, #2167, #4057, #12033, #2032, #4113, #9327, #3809, #4902, #9806, #6059, #9584, #1721, #3712, #3884, #8809, #3465, #5271, #7994, #3412, #10963, #1027, #8931, #7622, #11435, #2097, #10081, #5275, #9956, #8606, #10949, #11644, #4994, #11262, #7867, #1551, #3466, #2295, #12321, #1848, #3499, #5977, #466, #9257, #6786, #9290, #7015, #3221, #385, #12094, #4769, #5465, #3300, #4146, #10426, #7768, #2357, #1646, #4642, #5194, #3139, #2953, #10701, #319, #4985, #1387, #5219, #2389, #10946, #10746, #9417, #1765, #4504, #12288, #1276, #12178, #8087, #4227, #8217, #1814, #5436, #11572, #28, #933, #9738, #8089, #8663, #7653, #7824, #11588, #694, #1015, #1566, #9541, #10314, #7654, #726, #6492, #8705, #3307, #7017, #3023, #6058, #6860, #10353, #304, #707, #4116, #9842, #166, #2274, #1333, #7151, #6217, #4199, #5288, #444, #2911, #1962, #8470, #5648, #7253, #5751, #6392, #12349, #4618, #7444, #11181, #12417, #368, #586, #10349, #9967, #5440, #6697, #8720, #8238, #11916, #2602, #11971, #5859, #1259, #9418, #11660, #674, #9571, #7322, #10325, #8945, #11511, #5617, #4490, #9276, #12591, #9552, #10934, #9663, #1497, #8363, #2380, #5805, #2746, #5151, #4021, #1479, #1550, #11934, #167, #4275, #5630, #9399, #9439, #6507, #4039, #6144, #2590, #11078, #12519, #3488, #6299, #4286, #8968, #8145, #4244, #7173, #1628, #5515, #9876, #9097, #4541, #10721, #10126, #1709, #9370, #3224, #11522, #11946, #4814, #3630, #10808, #6286, #467, #3896, #6248, #3855, #888, #9897, #388, #10155, #9894, #10316, #7334, #10507, #10189, #11319, #356, #8487, #10587, #7487, #8032, #1369, #1723, #10871, #1631, #12434, #7958, #7877, #8158, #11630, #6899, #3553, #2182 ) ) ;
#9551 = DIRECTION ( 'NONE',  ( 0.0000000000000000000, -0.0000000000000000000, 1.000000000000000000 ) ) ;
#9552 = ADVANCED_FACE ( 'NONE', ( #5385 ), #12105, .F. ) ;
#9553 = EDGE_LOOP ( 'NONE', ( #6587, #11227, #516, #10006 ) ) ;
#9554 = LINE ( 'NONE', #7532, #11060 ) ;
#9555 = FILL_AREA_STYLE_COLOUR ( '', #4987 ) ;
#9556 = DIRECTION ( 'NONE',  ( 0.0000000000000000000, 0.0000000000000000000, 1.000000000000000000 ) ) ;
#9557 = AXIS2_PLACEMENT_3D ( 'NONE', #4129, #3190, #1058 ) ;
#9558 =( NAMED_UNIT ( * ) PLANE_ANGLE_UNIT ( ) SI_UNIT ( $, .RADIAN. ) );
#9559 = ORIENTED_EDGE ( 'NONE', *, *, #11742, .T. ) ;
#9560 = PRESENTATION_STYLE_ASSIGNMENT (( #943 ) ) ;
#9561 = ORIENTED_EDGE ( 'NONE', *, *, #7579, .F. ) ;
#9562 = CARTESIAN_POINT ( 'NONE',  ( 11.85000000000000142, 5.100000000000001421, -0.1500000000000003830 ) ) ;
#9563 = CARTESIAN_POINT ( 'NONE',  ( 13.74999999999999822, -3.399999999999999911, 0.2500000000000002220 ) ) ;
#9564 = FILL_AREA_STYLE ('',( #11457 ) ) ;
#9565 = STYLED_ITEM ( 'NONE', ( #11 ), #1952 ) ;
#9566 = FILL_AREA_STYLE_COLOUR ( '', #4995 ) ;
#9567 = DIRECTION ( 'NONE',  ( 3.872150616019660190E-17, 1.000000000000000000, -0.0000000000000000000 ) ) ;
#9568 = ORIENTED_EDGE ( 'NONE', *, *, #4855, .T. ) ;
#9569 = EDGE_CURVE ( 'NONE', #602, #348, #587, .T. ) ;
#9570 =( NAMED_UNIT ( * ) SI_UNIT ( $, .STERADIAN. ) SOLID_ANGLE_UNIT ( ) );
#9571 = ADVANCED_FACE ( 'NONE', ( #2341 ), #8304, .F. ) ;
#9572 = EDGE_CURVE ( 'NONE', #6423, #9202, #2463, .T. ) ;
#9573 = DIRECTION ( 'NONE',  ( -1.000000000000000000, 5.421010862427522170E-17, 0.0000000000000000000 ) ) ;
#9574 =( NAMED_UNIT ( * ) PLANE_ANGLE_UNIT ( ) SI_UNIT ( $, .RADIAN. ) );
#9575 = LINE ( 'NONE', #3624, #2913 ) ;
#9576 = UNCERTAINTY_MEASURE_WITH_UNIT (LENGTH_MEASURE( 1.000000000000000082E-05 ), #2511, 'distance_accuracy_value', 'NONE');
#9577 = DIRECTION ( 'NONE',  ( -1.000000000000000000, 0.0000000000000000000, 0.0000000000000000000 ) ) ;
#9578 = SURFACE_STYLE_USAGE ( .BOTH. , #2831 ) ;
#9579 = FILL_AREA_STYLE ('',( #6514 ) ) ;
#9580 = DIRECTION ( 'NONE',  ( 3.872150616019660190E-17, 1.000000000000000000, -0.0000000000000000000 ) ) ;
#9581 = ORIENTED_EDGE ( 'NONE', *, *, #1170, .F. ) ;
#9582 = ORIENTED_EDGE ( 'NONE', *, *, #7904, .F. ) ;
#9583 = COLOUR_RGB ( '',1.000000000000000000, 0.8117647058823529438, 0.5019607843137254832 ) ;
#9584 = ADVANCED_FACE ( 'NONE', ( #11355 ), #2582, .F. ) ;
#9585 = SURFACE_SIDE_STYLE ('',( #6523 ) ) ;
#9586 = CARTESIAN_POINT ( 'NONE',  ( 5.299999999999998934, 0.2000000000000000389, -2.800000000000000266 ) ) ;
#9587 = LINE ( 'NONE', #2654, #10666 ) ;
#9588 =( NAMED_UNIT ( * ) PLANE_ANGLE_UNIT ( ) SI_UNIT ( $, .RADIAN. ) );
#9589 = SURFACE_STYLE_FILL_AREA ( #1757 ) ;
#9590 = FACE_OUTER_BOUND ( 'NONE', #4751, .T. ) ;
#9591 = VERTEX_POINT ( 'NONE', #6789 ) ;
#9592 = VERTEX_POINT ( 'NONE', #858 ) ;
#9593 =( NAMED_UNIT ( * ) PLANE_ANGLE_UNIT ( ) SI_UNIT ( $, .RADIAN. ) );
#9594 = PRESENTATION_LAYER_ASSIGNMENT (  '', '', ( #8356 ) ) ;
#9595 = SURFACE_STYLE_USAGE ( .BOTH. , #2794 ) ;
#9596 = CARTESIAN_POINT ( 'NONE',  ( 10.75000000000000000, 1.149999999999999911, -2.050000000000001599 ) ) ;
#9597 = ORIENTED_EDGE ( 'NONE', *, *, #6630, .T. ) ;
#9598 = EDGE_CURVE ( 'NONE', #5147, #4820, #9723, .T. ) ;
#9599 = ORIENTED_EDGE ( 'NONE', *, *, #5214, .T. ) ;
#9600 = VECTOR ( 'NONE', #9686, 1000.000000000000000 ) ;
#9601 = FACE_OUTER_BOUND ( 'NONE', #10547, .T. ) ;
#9602 = ORIENTED_EDGE ( 'NONE', *, *, #5517, .T. ) ;
#9603 =( GEOMETRIC_REPRESENTATION_CONTEXT ( 3 ) GLOBAL_UNCERTAINTY_ASSIGNED_CONTEXT ( ( #11785 ) ) GLOBAL_UNIT_ASSIGNED_CONTEXT ( ( #11892, #3153, #4222 ) ) REPRESENTATION_CONTEXT ( 'NONE', 'WORKASPACE' ) );
#9604 = SURFACE_SIDE_STYLE ('',( #2866 ) ) ;
#9605 =( GEOMETRIC_REPRESENTATION_CONTEXT ( 3 ) GLOBAL_UNCERTAINTY_ASSIGNED_CONTEXT ( ( #12040 ) ) GLOBAL_UNIT_ASSIGNED_CONTEXT ( ( #8463, #10382, #10512 ) ) REPRESENTATION_CONTEXT ( 'NONE', 'WORKASPACE' ) );
#9606 = CARTESIAN_POINT ( 'NONE',  ( 15.75000000000000000, 5.000000000000000888, 0.2500000000000002220 ) ) ;
#9607 = VECTOR ( 'NONE', #10217, 1000.000000000000000 ) ;
#9608 = EDGE_LOOP ( 'NONE', ( #9857, #383, #7377, #4643, #4410 ) ) ;
#9609 = LINE ( 'NONE', #7704, #4949 ) ;
#9610 = ORIENTED_EDGE ( 'NONE', *, *, #7708, .F. ) ;
#9611 = DIRECTION ( 'NONE',  ( 0.0000000000000000000, 0.0000000000000000000, -1.000000000000000000 ) ) ;
#9612 = ORIENTED_EDGE ( 'NONE', *, *, #6800, .T. ) ;
#9613 =( GEOMETRIC_REPRESENTATION_CONTEXT ( 3 ) GLOBAL_UNCERTAINTY_ASSIGNED_CONTEXT ( ( #8882 ) ) GLOBAL_UNIT_ASSIGNED_CONTEXT ( ( #4782, #2816, #8668 ) ) REPRESENTATION_CONTEXT ( 'NONE', 'WORKASPACE' ) );
#9614 = MECHANICAL_DESIGN_GEOMETRIC_PRESENTATION_REPRESENTATION (  '', ( #12219 ), #6357 ) ;
#9615 = VECTOR ( 'NONE', #89, 1000.000000000000000 ) ;
#9616 = LINE ( 'NONE', #8768, #4277 ) ;
#9617 = FILL_AREA_STYLE ('',( #4661 ) ) ;
#9618 = AXIS2_PLACEMENT_3D ( 'NONE', #4436, #3387, #11038 ) ;
#9619 = SURFACE_STYLE_USAGE ( .BOTH. , #3186 ) ;
#9620 = VECTOR ( 'NONE', #1540, 1000.000000000000000 ) ;
#9621 = ORIENTED_EDGE ( 'NONE', *, *, #6450, .T. ) ;
#9622 =( NAMED_UNIT ( * ) PLANE_ANGLE_UNIT ( ) SI_UNIT ( $, .RADIAN. ) );
#9623 = VERTEX_POINT ( 'NONE', #7621 ) ;
#9624 = CARTESIAN_POINT ( 'NONE',  ( 14.84999999999999432, 1.800000000000001599, 1.249999999999997558 ) ) ;
#9625 = VECTOR ( 'NONE', #10320, 1000.000000000000000 ) ;
#9626 = DIRECTION ( 'NONE',  ( 0.0000000000000000000, -0.0000000000000000000, -1.000000000000000000 ) ) ;
#9627 = SURFACE_STYLE_FILL_AREA ( #5623 ) ;
#9628 = VERTEX_POINT ( 'NONE', #2723 ) ;
#9629 = STYLED_ITEM ( 'NONE', ( #8341 ), #7444 ) ;
#9630 = UNCERTAINTY_MEASURE_WITH_UNIT (LENGTH_MEASURE( 1.000000000000000082E-05 ), #5934, 'distance_accuracy_value', 'NONE');
#9631 = PRESENTATION_STYLE_ASSIGNMENT (( #1735 ) ) ;
#9632 = DIRECTION ( 'NONE',  ( 0.0000000000000000000, -0.0000000000000000000, 1.000000000000000000 ) ) ;
#9633 = FILL_AREA_STYLE ('',( #5744 ) ) ;
#9634 = VECTOR ( 'NONE', #2411, 1000.000000000000000 ) ;
#9635 = SURFACE_STYLE_USAGE ( .BOTH. , #4799 ) ;
#9636 = CARTESIAN_POINT ( 'NONE',  ( 3.750000000000000444, -3.399999999999999911, 0.2500000000000002220 ) ) ;
#9637 = PRESENTATION_STYLE_ASSIGNMENT (( #1876 ) ) ;
#9638 = EDGE_CURVE ( 'NONE', #11937, #6291, #909, .T. ) ;
#9639 = STYLED_ITEM ( 'NONE', ( #7543 ), #7640 ) ;
#9640 = CARTESIAN_POINT ( 'NONE',  ( 3.849999999999998757, -3.399999999999999911, -0.2499999999999997780 ) ) ;
#9641 = ORIENTED_EDGE ( 'NONE', *, *, #1385, .T. ) ;
#9642 =( NAMED_UNIT ( * ) SI_UNIT ( $, .STERADIAN. ) SOLID_ANGLE_UNIT ( ) );
#9643 = CARTESIAN_POINT ( 'NONE',  ( 6.249999999999998224, 1.800000000000000044, -0.2499999999999997780 ) ) ;
#9644 = CYLINDRICAL_SURFACE ( 'NONE', #5392, 0.4999999999999995559 ) ;
#9645 =( GEOMETRIC_REPRESENTATION_CONTEXT ( 3 ) GLOBAL_UNCERTAINTY_ASSIGNED_CONTEXT ( ( #9509 ) ) GLOBAL_UNIT_ASSIGNED_CONTEXT ( ( #5229, #2160, #9481 ) ) REPRESENTATION_CONTEXT ( 'NONE', 'WORKASPACE' ) );
#9646 = SURFACE_STYLE_USAGE ( .BOTH. , #1690 ) ;
#9647 = VERTEX_POINT ( 'NONE', #10654 ) ;
#9648 = MECHANICAL_DESIGN_GEOMETRIC_PRESENTATION_REPRESENTATION (  '', ( #8015 ), #40 ) ;
#9649 = CARTESIAN_POINT ( 'NONE',  ( 5.299999999999998934, 0.2000000000000000389, 1.700000000000000178 ) ) ;
#9650 = ORIENTED_EDGE ( 'NONE', *, *, #9940, .F. ) ;
#9651 = CARTESIAN_POINT ( 'NONE',  ( 2.250000000000000000, 5.000000000000000888, 0.2500000000000002220 ) ) ;
#9652 = ORIENTED_EDGE ( 'NONE', *, *, #10202, .T. ) ;
#9653 = SURFACE_STYLE_FILL_AREA ( #5761 ) ;
#9654 = DIRECTION ( 'NONE',  ( -3.833233541708432880E-17, -0.7071067811865471286, -0.7071067811865479058 ) ) ;
#9655 = ORIENTED_EDGE ( 'NONE', *, *, #4862, .T. ) ;
#9656 = CARTESIAN_POINT ( 'NONE',  ( -0.2500000000000002220, -3.399999999999999911, 0.2500000000000002220 ) ) ;
#9657 =( NAMED_UNIT ( * ) SI_UNIT ( $, .STERADIAN. ) SOLID_ANGLE_UNIT ( ) );
#9658 =( LENGTH_UNIT ( ) NAMED_UNIT ( * ) SI_UNIT ( .MILLI., .METRE. ) );
#9659 = PRESENTATION_LAYER_ASSIGNMENT (  '', '', ( #2478 ) ) ;
#9660 =( LENGTH_UNIT ( ) NAMED_UNIT ( * ) SI_UNIT ( .MILLI., .METRE. ) );
#9661 = VECTOR ( 'NONE', #2720, 1000.000000000000114 ) ;
#9662 = EDGE_CURVE ( 'NONE', #3741, #3933, #4813, .T. ) ;
#9663 = ADVANCED_FACE ( 'NONE', ( #3893 ), #4750, .T. ) ;
#9664 = FILL_AREA_STYLE ('',( #10552 ) ) ;
#9665 = EDGE_LOOP ( 'NONE', ( #8706, #8157, #119, #6884 ) ) ;
#9666 = VECTOR ( 'NONE', #6251, 1000.000000000000000 ) ;
#9667 =( LENGTH_UNIT ( ) NAMED_UNIT ( * ) SI_UNIT ( .MILLI., .METRE. ) );
#9668 = COLOUR_RGB ( '',1.000000000000000000, 1.000000000000000000, 1.000000000000000000 ) ;
#9669 = SURFACE_STYLE_FILL_AREA ( #2795 ) ;
#9670 = SURFACE_STYLE_FILL_AREA ( #1833 ) ;
#9671 = MECHANICAL_DESIGN_GEOMETRIC_PRESENTATION_REPRESENTATION (  '', ( #9464 ), #10855 ) ;
#9672 = ORIENTED_EDGE ( 'NONE', *, *, #11139, .F. ) ;
#9673 = PRESENTATION_LAYER_ASSIGNMENT (  '', '', ( #5173 ) ) ;
#9674 = VECTOR ( 'NONE', #900, 1000.000000000000000 ) ;
#9675 = DIRECTION ( 'NONE',  ( -4.336808689942017736E-16, 0.0000000000000000000, -1.000000000000000000 ) ) ;
#9676 = CARTESIAN_POINT ( 'NONE',  ( 3.849999999999997868, -3.399999999999999911, -2.800000000000001155 ) ) ;
#9677 = ORIENTED_EDGE ( 'NONE', *, *, #998, .F. ) ;
#9678 = CARTESIAN_POINT ( 'NONE',  ( 2.750000000000000444, 3.149999999999999023, -2.050000000000001599 ) ) ;
#9679 = DIRECTION ( 'NONE',  ( -1.000000000000000000, 1.084202172485504237E-15, 0.0000000000000000000 ) ) ;
#9680 = VECTOR ( 'NONE', #3795, 1000.000000000000000 ) ;
#9681 = VECTOR ( 'NONE', #1922, 1000.000000000000000 ) ;
#9682 = VERTEX_POINT ( 'NONE', #11540 ) ;
#9683 = ORIENTED_EDGE ( 'NONE', *, *, #4522, .F. ) ;
#9684 =( GEOMETRIC_REPRESENTATION_CONTEXT ( 3 ) GLOBAL_UNCERTAINTY_ASSIGNED_CONTEXT ( ( #2907 ) ) GLOBAL_UNIT_ASSIGNED_CONTEXT ( ( #5430, #7221, #8414 ) ) REPRESENTATION_CONTEXT ( 'NONE', 'WORKASPACE' ) );
#9685 = EDGE_CURVE ( 'NONE', #7519, #8994, #2841, .T. ) ;
#9686 = DIRECTION ( 'NONE',  ( -1.032573497605242347E-16, 1.000000000000000000, 0.0000000000000000000 ) ) ;
#9687 = ORIENTED_EDGE ( 'NONE', *, *, #1790, .F. ) ;
#9688 = VECTOR ( 'NONE', #7537, 1000.000000000000000 ) ;
#9689 = LINE ( 'NONE', #1774, #12035 ) ;
#9690 = DIRECTION ( 'NONE',  ( -1.000000000000000000, 5.421010862427522170E-17, 0.0000000000000000000 ) ) ;
#9691 =( GEOMETRIC_REPRESENTATION_CONTEXT ( 3 ) GLOBAL_UNCERTAINTY_ASSIGNED_CONTEXT ( ( #54 ) ) GLOBAL_UNIT_ASSIGNED_CONTEXT ( ( #2520, #9446, #2447 ) ) REPRESENTATION_CONTEXT ( 'NONE', 'WORKASPACE' ) );
#9692 = SURFACE_STYLE_USAGE ( .BOTH. , #10789 ) ;
#9693 = PLANE ( 'NONE',  #4735 ) ;
#9694 = EDGE_LOOP ( 'NONE', ( #3441, #3126, #6863, #11270 ) ) ;
#9695 = ORIENTED_EDGE ( 'NONE', *, *, #4676, .F. ) ;
#9696 = DIRECTION ( 'NONE',  ( 0.0000000000000000000, 0.0000000000000000000, 1.000000000000000000 ) ) ;
#9697 = COLOUR_RGB ( '',1.000000000000000000, 0.8117647058823529438, 0.5019607843137254832 ) ;
#9698 = ORIENTED_EDGE ( 'NONE', *, *, #6908, .F. ) ;
#9699 = VECTOR ( 'NONE', #10233, 1000.000000000000000 ) ;
#9700 = CARTESIAN_POINT ( 'NONE',  ( 0.0000000000000000000, -3.399999999999999911, 0.0000000000000000000 ) ) ;
#9701 = LINE ( 'NONE', #7659, #1179 ) ;
#9702 = VECTOR ( 'NONE', #8866, 1000.000000000000000 ) ;
#9703 = FILL_AREA_STYLE ('',( #5798 ) ) ;
#9704 = VERTEX_POINT ( 'NONE', #10597 ) ;
#9705 = ORIENTED_EDGE ( 'NONE', *, *, #10377, .T. ) ;
#9706 = LINE ( 'NONE', #3614, #7710 ) ;
#9707 = DIRECTION ( 'NONE',  ( -1.000000000000000000, 0.0000000000000000000, -0.0000000000000000000 ) ) ;
#9708 = VECTOR ( 'NONE', #2451, 1000.000000000000000 ) ;
#9709 = ORIENTED_EDGE ( 'NONE', *, *, #10202, .F. ) ;
#9710 = PRESENTATION_STYLE_ASSIGNMENT (( #642 ) ) ;
#9711 = SURFACE_STYLE_FILL_AREA ( #5035 ) ;
#9712 =( NAMED_UNIT ( * ) PLANE_ANGLE_UNIT ( ) SI_UNIT ( $, .RADIAN. ) );
#9713 = SURFACE_SIDE_STYLE ('',( #11527 ) ) ;
#9714 = CARTESIAN_POINT ( 'NONE',  ( 17.94999999999999574, 6.000000000000000000, -2.800000000000000711 ) ) ;
#9715 = CARTESIAN_POINT ( 'NONE',  ( 0.0000000000000000000, 0.0000000000000000000, 0.0000000000000000000 ) ) ;
#9716 = UNCERTAINTY_MEASURE_WITH_UNIT (LENGTH_MEASURE( 1.000000000000000082E-05 ), #5880, 'distance_accuracy_value', 'NONE');
#9717 = DIRECTION ( 'NONE',  ( 9.103382349328301547E-49, 2.350988701644575016E-32, 1.000000000000000000 ) ) ;
#9718 = SURFACE_STYLE_USAGE ( .BOTH. , #2113 ) ;
#9719 = CARTESIAN_POINT ( 'NONE',  ( -0.2500000000000000000, 5.000000000000000888, -0.2499999999999997780 ) ) ;
#9720 = CARTESIAN_POINT ( 'NONE',  ( 11.75000000000000000, -3.399999999999999911, -0.2499999999999997780 ) ) ;
#9721 = PLANE ( 'NONE',  #11055 ) ;
#9722 = EDGE_LOOP ( 'NONE', ( #6085, #8905, #12553, #7302 ) ) ;
#9723 = LINE ( 'NONE', #8501, #2694 ) ;
#9724 = EDGE_CURVE ( 'NONE', #11529, #10558, #1816, .T. ) ;
#9725 = SURFACE_STYLE_USAGE ( .BOTH. , #1940 ) ;
#9726 = VECTOR ( 'NONE', #8476, 1000.000000000000000 ) ;
#9727 = CARTESIAN_POINT ( 'NONE',  ( 5.750000000000000000, 5.000000000000000888, 0.2500000000000002220 ) ) ;
#9728 = FILL_AREA_STYLE_COLOUR ( '', #7846 ) ;
#9729 = FILL_AREA_STYLE_COLOUR ( '', #1835 ) ;
#9730 = SURFACE_STYLE_FILL_AREA ( #6859 ) ;
#9731 = VERTEX_POINT ( 'NONE', #9651 ) ;
#9732 = FILL_AREA_STYLE_COLOUR ( '', #9473 ) ;
#9733 = EDGE_LOOP ( 'NONE', ( #5438, #1141, #4360, #4834 ) ) ;
#9734 = SURFACE_STYLE_FILL_AREA ( #803 ) ;
#9735 = ORIENTED_EDGE ( 'NONE', *, *, #6744, .F. ) ;
#9736 = PRESENTATION_LAYER_ASSIGNMENT (  '', '', ( #5654 ) ) ;
#9737 = VERTEX_POINT ( 'NONE', #3837 ) ;
#9738 = ADVANCED_FACE ( 'NONE', ( #10894 ), #209, .F. ) ;
#9739 = EDGE_CURVE ( 'NONE', #8952, #3940, #2974, .T. ) ;
#9740 = CARTESIAN_POINT ( 'NONE',  ( 1.166666666666692054, -4.383333333333346182, -0.8333333333333066140 ) ) ;
#9741 = CARTESIAN_POINT ( 'NONE',  ( 16.67999999999999616, 6.000000000000000000, 1.599999999999999867 ) ) ;
#9742 = DIRECTION ( 'NONE',  ( 0.5773502691896206240, -0.5773502691896306160, 0.5773502691896260641 ) ) ;
#9743 = VECTOR ( 'NONE', #3982, 1000.000000000000000 ) ;
#9744 = ORIENTED_EDGE ( 'NONE', *, *, #7119, .T. ) ;
#9745 = PLANE ( 'NONE',  #8853 ) ;
#9746 = ORIENTED_EDGE ( 'NONE', *, *, #8256, .F. ) ;
#9747 = EDGE_LOOP ( 'NONE', ( #2985, #1619, #3158, #6151 ) ) ;
#9748 = FACE_OUTER_BOUND ( 'NONE', #9507, .T. ) ;
#9749 = ORIENTED_EDGE ( 'NONE', *, *, #6378, .T. ) ;
#9750 = EDGE_CURVE ( 'NONE', #5582, #5599, #7978, .T. ) ;
#9751 = LINE ( 'NONE', #4071, #4373 ) ;
#9752 = SURFACE_SIDE_STYLE ('',( #9496 ) ) ;
#9753 = DIRECTION ( 'NONE',  ( 1.000000000000000000, 0.0000000000000000000, 0.0000000000000000000 ) ) ;
#9754 =( GEOMETRIC_REPRESENTATION_CONTEXT ( 3 ) GLOBAL_UNCERTAINTY_ASSIGNED_CONTEXT ( ( #4540 ) ) GLOBAL_UNIT_ASSIGNED_CONTEXT ( ( #5161, #9895, #8038 ) ) REPRESENTATION_CONTEXT ( 'NONE', 'WORKASPACE' ) );
#9755 = VERTEX_POINT ( 'NONE', #6914 ) ;
#9756 = ORIENTED_EDGE ( 'NONE', *, *, #8317, .F. ) ;
#9757 = DIRECTION ( 'NONE',  ( 0.0000000000000000000, 0.0000000000000000000, -1.000000000000000000 ) ) ;
#9758 = LINE ( 'NONE', #946, #5804 ) ;
#9759 =( LENGTH_UNIT ( ) NAMED_UNIT ( * ) SI_UNIT ( .MILLI., .METRE. ) );
#9760 = FACE_OUTER_BOUND ( 'NONE', #9937, .T. ) ;
#9761 = EDGE_CURVE ( 'NONE', #6486, #9628, #10950, .T. ) ;
#9762 = FACE_OUTER_BOUND ( 'NONE', #12332, .T. ) ;
#9763 = DIRECTION ( 'NONE',  ( -1.000000000000000000, 5.421010862427522170E-17, 0.0000000000000000000 ) ) ;
#9764 = FILL_AREA_STYLE ('',( #5810 ) ) ;
#9765 = VECTOR ( 'NONE', #2088, 1000.000000000000000 ) ;
#9766 = CARTESIAN_POINT ( 'NONE',  ( 12.08333333333333570, 5.166666666666668739, -0.08333333333333370341 ) ) ;
#9767 = STYLED_ITEM ( 'NONE', ( #4733 ), #1705 ) ;
#9768 = SURFACE_SIDE_STYLE ('',( #8865 ) ) ;
#9769 = CARTESIAN_POINT ( 'NONE',  ( -1.949999999999999956, 1.800000000000000044, -0.2499999999999997780 ) ) ;
#9770 = ORIENTED_EDGE ( 'NONE', *, *, #7470, .T. ) ;
#9771 = SURFACE_STYLE_USAGE ( .BOTH. , #102 ) ;
#9772 = EDGE_CURVE ( 'NONE', #12378, #2796, #10714, .T. ) ;
#9773 = STYLED_ITEM ( 'NONE', ( #12189 ), #1814 ) ;
#9774 = LINE ( 'NONE', #4925, #6155 ) ;
#9775 = CARTESIAN_POINT ( 'NONE',  ( 14.69999999999999751, 0.0000000000000000000, 1.700000000000000178 ) ) ;
#9776 =( NAMED_UNIT ( * ) SI_UNIT ( $, .STERADIAN. ) SOLID_ANGLE_UNIT ( ) );
#9777 = ORIENTED_EDGE ( 'NONE', *, *, #8329, .T. ) ;
#9778 = AXIS2_PLACEMENT_3D ( 'NONE', #2025, #8904, #3136 ) ;
#9779 = UNCERTAINTY_MEASURE_WITH_UNIT (LENGTH_MEASURE( 1.000000000000000082E-05 ), #3317, 'distance_accuracy_value', 'NONE');
#9780 = CARTESIAN_POINT ( 'NONE',  ( 14.05000000000000071, 5.100000000000001421, 0.1500000000000008271 ) ) ;
#9781 = DIRECTION ( 'NONE',  ( 0.7071067811865597852, -0.7071067811865352493, 1.662400053425807125E-32 ) ) ;
#9782 = PLANE ( 'NONE',  #10842 ) ;
#9783 = FACE_OUTER_BOUND ( 'NONE', #11108, .T. ) ;
#9784 = ORIENTED_EDGE ( 'NONE', *, *, #577, .T. ) ;
#9785 = UNCERTAINTY_MEASURE_WITH_UNIT (LENGTH_MEASURE( 1.000000000000000082E-05 ), #6915, 'distance_accuracy_value', 'NONE');
#9786 = VERTEX_POINT ( 'NONE', #9958 ) ;
#9787 = SURFACE_STYLE_USAGE ( .BOTH. , #1954 ) ;
#9788 = LINE ( 'NONE', #6873, #1784 ) ;
#9789 = FILL_AREA_STYLE ('',( #5127 ) ) ;
#9790 = VECTOR ( 'NONE', #12530, 1000.000000000000000 ) ;
#9791 = ORIENTED_EDGE ( 'NONE', *, *, #6796, .T. ) ;
#9792 = ADVANCED_FACE ( 'NONE', ( #43 ), #1215, .F. ) ;
#9793 = CARTESIAN_POINT ( 'NONE',  ( -1.350000000000000089, 1.799999999999999600, 1.249999999999997558 ) ) ;
#9794 = FILL_AREA_STYLE_COLOUR ( '', #4067 ) ;
#9795 = VERTEX_POINT ( 'NONE', #4094 ) ;
#9796 = ORIENTED_EDGE ( 'NONE', *, *, #11420, .T. ) ;
#9797 = CARTESIAN_POINT ( 'NONE',  ( -1.949999999999999956, 0.0000000000000000000, 1.599999999999999867 ) ) ;
#9798 = ORIENTED_EDGE ( 'NONE', *, *, #9173, .T. ) ;
#9799 = PRESENTATION_LAYER_ASSIGNMENT (  '', '', ( #11440 ) ) ;
#9800 = COLOUR_RGB ( '',1.000000000000000000, 0.8117647058823529438, 0.5019607843137254832 ) ;
#9801 =( LENGTH_UNIT ( ) NAMED_UNIT ( * ) SI_UNIT ( .MILLI., .METRE. ) );
#9802 = FACE_OUTER_BOUND ( 'NONE', #6349, .T. ) ;
#9803 =( NAMED_UNIT ( * ) PLANE_ANGLE_UNIT ( ) SI_UNIT ( $, .RADIAN. ) );
#9804 =( LENGTH_UNIT ( ) NAMED_UNIT ( * ) SI_UNIT ( .MILLI., .METRE. ) );
#9805 = ORIENTED_EDGE ( 'NONE', *, *, #4705, .T. ) ;
#9806 = ADVANCED_FACE ( 'NONE', ( #9835 ), #1026, .F. ) ;
#9807 = VECTOR ( 'NONE', #7117, 1000.000000000000000 ) ;
#9808 = FILL_AREA_STYLE_COLOUR ( '', #1608 ) ;
#9809 = ORIENTED_EDGE ( 'NONE', *, *, #9761, .F. ) ;
#9810 = EDGE_CURVE ( 'NONE', #2680, #2724, #9118, .T. ) ;
#9811 =( NAMED_UNIT ( * ) SI_UNIT ( $, .STERADIAN. ) SOLID_ANGLE_UNIT ( ) );
#9812 = DIRECTION ( 'NONE',  ( -0.0000000000000000000, -0.0000000000000000000, 1.000000000000000000 ) ) ;
#9813 = CARTESIAN_POINT ( 'NONE',  ( 1.750000000000000222, -3.399999999999999911, 0.2500000000000002220 ) ) ;
#9814 = AXIS2_PLACEMENT_3D ( 'NONE', #8152, #2372, #9109 ) ;
#9815 = EDGE_LOOP ( 'NONE', ( #1460, #3257, #3310, #2202 ) ) ;
#9816 = PRESENTATION_STYLE_ASSIGNMENT (( #3876 ) ) ;
#9817 = ORIENTED_EDGE ( 'NONE', *, *, #5811, .F. ) ;
#9818 = MECHANICAL_DESIGN_GEOMETRIC_PRESENTATION_REPRESENTATION (  '', ( #9193 ), #10813 ) ;
#9819 = LINE ( 'NONE', #1079, #5362 ) ;
#9820 =( NAMED_UNIT ( * ) PLANE_ANGLE_UNIT ( ) SI_UNIT ( $, .RADIAN. ) );
#9821 = CARTESIAN_POINT ( 'NONE',  ( 5.750000000000000000, 0.2000000000000000111, -2.800000000000000266 ) ) ;
#9822 = PLANE ( 'NONE',  #445 ) ;
#9823 =( GEOMETRIC_REPRESENTATION_CONTEXT ( 3 ) GLOBAL_UNCERTAINTY_ASSIGNED_CONTEXT ( ( #3526 ) ) GLOBAL_UNIT_ASSIGNED_CONTEXT ( ( #7664, #9622, #4783 ) ) REPRESENTATION_CONTEXT ( 'NONE', 'WORKASPACE' ) );
#9824 = EDGE_CURVE ( 'NONE', #11983, #10333, #2515, .T. ) ;
#9825 = CARTESIAN_POINT ( 'NONE',  ( 5.750000000000000000, -3.300000000000000266, -0.2499999999999997780 ) ) ;
#9826 = CARTESIAN_POINT ( 'NONE',  ( 11.75000000000000000, -3.300000000000000266, -0.2499999999999997780 ) ) ;
#9827 = STYLED_ITEM ( 'NONE', ( #9301 ), #7487 ) ;
#9828 = VECTOR ( 'NONE', #2925, 1000.000000000000000 ) ;
#9829 = DIRECTION ( 'NONE',  ( 0.0000000000000000000, -1.000000000000000000, 0.0000000000000000000 ) ) ;
#9830 = CARTESIAN_POINT ( 'NONE',  ( 11.75000000000000000, -3.399999999999999911, 0.2500000000000002220 ) ) ;
#9831 = VERTEX_POINT ( 'NONE', #327 ) ;
#9832 = FACE_OUTER_BOUND ( 'NONE', #125, .T. ) ;
#9833 = COLOUR_RGB ( '',1.000000000000000000, 0.8117647058823529438, 0.5019607843137254832 ) ;
#9834 = PRESENTATION_LAYER_ASSIGNMENT (  '', '', ( #4550 ) ) ;
#9835 = FACE_OUTER_BOUND ( 'NONE', #7866, .T. ) ;
#9836 = PLANE ( 'NONE',  #6962 ) ;
#9837 = CARTESIAN_POINT ( 'NONE',  ( 3.299999999999999378, 0.2000000000000000389, -2.800000000000000266 ) ) ;
#9838 = DIRECTION ( 'NONE',  ( 0.0000000000000000000, -0.0000000000000000000, 1.000000000000000000 ) ) ;
#9839 = DIRECTION ( 'NONE',  ( 0.5773502691896246208, -0.5773502691896265082, 0.5773502691896260641 ) ) ;
#9840 = VECTOR ( 'NONE', #3270, 1000.000000000000000 ) ;
#9841 = PRESENTATION_STYLE_ASSIGNMENT (( #1096 ) ) ;
#9842 = ADVANCED_FACE ( 'NONE', ( #9245 ), #11145, .F. ) ;
#9843 =( GEOMETRIC_REPRESENTATION_CONTEXT ( 3 ) GLOBAL_UNCERTAINTY_ASSIGNED_CONTEXT ( ( #5545 ) ) GLOBAL_UNIT_ASSIGNED_CONTEXT ( ( #10340, #5546, #9570 ) ) REPRESENTATION_CONTEXT ( 'NONE', 'WORKASPACE' ) );
#9844 = ORIENTED_EDGE ( 'NONE', *, *, #2450, .F. ) ;
#9845 = AXIS2_PLACEMENT_3D ( 'NONE', #9269, #11231, #473 ) ;
#9846 = MECHANICAL_DESIGN_GEOMETRIC_PRESENTATION_REPRESENTATION (  '', ( #5366 ), #9432 ) ;
#9847 = ORIENTED_EDGE ( 'NONE', *, *, #5454, .T. ) ;
#9848 = DIRECTION ( 'NONE',  ( -4.336808689942017736E-16, 0.0000000000000000000, -1.000000000000000000 ) ) ;
#9849 = DIRECTION ( 'NONE',  ( -0.0000000000000000000, 0.7071067811865500152, 0.7071067811865451302 ) ) ;
#9850 = EDGE_LOOP ( 'NONE', ( #2059, #1582, #5509, #2439 ) ) ;
#9851 = MECHANICAL_DESIGN_GEOMETRIC_PRESENTATION_REPRESENTATION (  '', ( #8815 ), #4969 ) ;
#9852 = LINE ( 'NONE', #229, #3315 ) ;
#9853 = PRESENTATION_STYLE_ASSIGNMENT (( #1286 ) ) ;
#9854 = CARTESIAN_POINT ( 'NONE',  ( 4.250000000000000000, -3.399999999999999911, -0.2499999999999997780 ) ) ;
#9855 = AXIS2_PLACEMENT_3D ( 'NONE', #1007, #3955, #24 ) ;
#9856 = STYLED_ITEM ( 'NONE', ( #8814 ), #11522 ) ;
#9857 = ORIENTED_EDGE ( 'NONE', *, *, #3099, .T. ) ;
#9858 = AXIS2_PLACEMENT_3D ( 'NONE', #251, #1184, #7132 ) ;
#9859 = STYLED_ITEM ( 'NONE', ( #4368 ), #3579 ) ;
#9860 = CARTESIAN_POINT ( 'NONE',  ( 11.25000000000000000, 3.149999999999999023, -2.050000000000001599 ) ) ;
#9861 = EDGE_CURVE ( 'NONE', #5217, #4838, #10341, .T. ) ;
#9862 = EDGE_LOOP ( 'NONE', ( #9749, #1075, #1417, #3194 ) ) ;
#9863 = EDGE_LOOP ( 'NONE', ( #2540, #6920, #4579, #2714 ) ) ;
#9864 = CARTESIAN_POINT ( 'NONE',  ( 5.849999999999999645, -3.399999999999999911, -0.1500000000000003830 ) ) ;
#9865 = LINE ( 'NONE', #7185, #11245 ) ;
#9866 = CARTESIAN_POINT ( 'NONE',  ( 17.17999999999999616, 4.230000000000002203, 1.699999999999999289 ) ) ;
#9867 = AXIS2_PLACEMENT_3D ( 'NONE', #2650, #3788, #7684 ) ;
#9868 = UNCERTAINTY_MEASURE_WITH_UNIT (LENGTH_MEASURE( 1.000000000000000082E-05 ), #8451, 'distance_accuracy_value', 'NONE');
#9869 = EDGE_LOOP ( 'NONE', ( #4958, #354, #2556, #3844 ) ) ;
#9870 = VECTOR ( 'NONE', #11652, 1000.000000000000114 ) ;
#9871 = VERTEX_POINT ( 'NONE', #9171 ) ;
#9872 = SURFACE_STYLE_FILL_AREA ( #7832 ) ;
#9873 = PRESENTATION_LAYER_ASSIGNMENT (  '', '', ( #6189 ) ) ;
#9874 = VECTOR ( 'NONE', #2970, 1000.000000000000000 ) ;
#9875 = VECTOR ( 'NONE', #6570, 1000.000000000000000 ) ;
#9876 = ADVANCED_FACE ( 'NONE', ( #2441 ), #4353, .T. ) ;
#9877 =( LENGTH_UNIT ( ) NAMED_UNIT ( * ) SI_UNIT ( .MILLI., .METRE. ) );
#9878 =( GEOMETRIC_REPRESENTATION_CONTEXT ( 3 ) GLOBAL_UNCERTAINTY_ASSIGNED_CONTEXT ( ( #8792 ) ) GLOBAL_UNIT_ASSIGNED_CONTEXT ( ( #8921, #9114, #8050 ) ) REPRESENTATION_CONTEXT ( 'NONE', 'WORKASPACE' ) );
#9879 = STYLED_ITEM ( 'NONE', ( #7057 ), #12094 ) ;
#9880 = STYLED_ITEM ( 'NONE', ( #8548 ), #1387 ) ;
#9881 = ORIENTED_EDGE ( 'NONE', *, *, #10045, .F. ) ;
#9882 =( LENGTH_UNIT ( ) NAMED_UNIT ( * ) SI_UNIT ( .MILLI., .METRE. ) );
#9883 = PRESENTATION_LAYER_ASSIGNMENT (  '', '', ( #10283 ) ) ;
#9884 = VERTEX_POINT ( 'NONE', #10466 ) ;
#9885 = CARTESIAN_POINT ( 'NONE',  ( 3.750000000000000444, -3.300000000000000266, 0.2500000000000002220 ) ) ;
#9886 =( GEOMETRIC_REPRESENTATION_CONTEXT ( 3 ) GLOBAL_UNCERTAINTY_ASSIGNED_CONTEXT ( ( #5293 ) ) GLOBAL_UNIT_ASSIGNED_CONTEXT ( ( #10123, #3328, #3587 ) ) REPRESENTATION_CONTEXT ( 'NONE', 'WORKASPACE' ) );
#9887 = DIRECTION ( 'NONE',  ( -5.421010862427522170E-17, -1.000000000000000000, 2.350988701644575016E-32 ) ) ;
#9888 = MECHANICAL_DESIGN_GEOMETRIC_PRESENTATION_REPRESENTATION (  '', ( #11691 ), #9684 ) ;
#9889 = SURFACE_STYLE_USAGE ( .BOTH. , #11758 ) ;
#9890 = VERTEX_POINT ( 'NONE', #5625 ) ;
#9891 =( GEOMETRIC_REPRESENTATION_CONTEXT ( 3 ) GLOBAL_UNCERTAINTY_ASSIGNED_CONTEXT ( ( #3384 ) ) GLOBAL_UNIT_ASSIGNED_CONTEXT ( ( #8929, #3843, #3899 ) ) REPRESENTATION_CONTEXT ( 'NONE', 'WORKASPACE' ) );
#9892 = FACE_BOUND ( 'NONE', #7774, .T. ) ;
#9893 = SURFACE_STYLE_USAGE ( .BOTH. , #8971 ) ;
#9894 = ADVANCED_FACE ( 'NONE', ( #3566 ), #8680, .F. ) ;
#9895 =( NAMED_UNIT ( * ) PLANE_ANGLE_UNIT ( ) SI_UNIT ( $, .RADIAN. ) );
#9896 = VECTOR ( 'NONE', #1478, 1000.000000000000000 ) ;
#9897 = ADVANCED_FACE ( 'NONE', ( #3687 ), #12412, .F. ) ;
#9898 = PLANE ( 'NONE',  #12003 ) ;
#9899 = DIRECTION ( 'NONE',  ( -1.000000000000000000, 5.421010862427522170E-17, 0.0000000000000000000 ) ) ;
#9900 = MECHANICAL_DESIGN_GEOMETRIC_PRESENTATION_REPRESENTATION (  '', ( #6239 ), #6645 ) ;
#9901 = CARTESIAN_POINT ( 'NONE',  ( 1.250000000000000666, 1.149999999999999911, -2.350000000000001421 ) ) ;
#9902 = LINE ( 'NONE', #11828, #8064 ) ;
#9903 = FACE_OUTER_BOUND ( 'NONE', #5944, .T. ) ;
#9904 =( NAMED_UNIT ( * ) SI_UNIT ( $, .STERADIAN. ) SOLID_ANGLE_UNIT ( ) );
#9905 = CARTESIAN_POINT ( 'NONE',  ( 1.149999999999999911, 6.000000000000000000, 1.700000000000000178 ) ) ;
#9906 = CARTESIAN_POINT ( 'NONE',  ( 6.249999999999998224, 5.000000000000000888, 0.2500000000000002220 ) ) ;
#9907 = EDGE_CURVE ( 'NONE', #1799, #3641, #771, .T. ) ;
#9908 = ORIENTED_EDGE ( 'NONE', *, *, #3065, .F. ) ;
#9909 =( NAMED_UNIT ( * ) SI_UNIT ( $, .STERADIAN. ) SOLID_ANGLE_UNIT ( ) );
#9910 = DIRECTION ( 'NONE',  ( -0.0000000000000000000, -0.0000000000000000000, 1.000000000000000000 ) ) ;
#9911 = CARTESIAN_POINT ( 'NONE',  ( 5.250000000000000888, 3.149999999999999023, -2.050000000000001599 ) ) ;
#9912 = VERTEX_POINT ( 'NONE', #3877 ) ;
#9913 = CARTESIAN_POINT ( 'NONE',  ( 6.049999999999999822, -3.399999999999999911, -0.1500000000000003830 ) ) ;
#9914 = DIRECTION ( 'NONE',  ( -1.000000000000000000, 5.421010862427522170E-17, 0.0000000000000000000 ) ) ;
#9915 = ORIENTED_EDGE ( 'NONE', *, *, #2672, .F. ) ;
#9916 = UNCERTAINTY_MEASURE_WITH_UNIT (LENGTH_MEASURE( 1.000000000000000082E-05 ), #4871, 'distance_accuracy_value', 'NONE');
#9917 = CARTESIAN_POINT ( 'NONE',  ( 5.750000000000000000, 5.000000000000000888, 0.2500000000000002220 ) ) ;
#9918 = VERTEX_POINT ( 'NONE', #3021 ) ;
#9919 = FILL_AREA_STYLE ('',( #3051 ) ) ;
#9920 = DIRECTION ( 'NONE',  ( -1.000000000000000000, 3.872150616019661422E-17, 0.0000000000000000000 ) ) ;
#9921 = CARTESIAN_POINT ( 'NONE',  ( 14.24999999999999822, -3.399999999999999911, -0.2499999999999997780 ) ) ;
#9922 = ORIENTED_EDGE ( 'NONE', *, *, #9188, .T. ) ;
#9923 = ORIENTED_EDGE ( 'NONE', *, *, #6348, .F. ) ;
#9924 = DIRECTION ( 'NONE',  ( -1.000000000000000000, 5.421010862427522170E-17, 0.0000000000000000000 ) ) ;
#9925 = PLANE ( 'NONE',  #6919 ) ;
#9926 = ORIENTED_EDGE ( 'NONE', *, *, #5996, .T. ) ;
#9927 = VERTEX_POINT ( 'NONE', #11646 ) ;
#9928 = CARTESIAN_POINT ( 'NONE',  ( 15.84999999999999964, 5.100000000000001421, 0.1500000000000008271 ) ) ;
#9929 = ORIENTED_EDGE ( 'NONE', *, *, #3238, .F. ) ;
#9930 = EDGE_CURVE ( 'NONE', #6625, #10559, #9819, .T. ) ;
#9931 = VECTOR ( 'NONE', #211, 1000.000000000000000 ) ;
#9932 = CARTESIAN_POINT ( 'NONE',  ( 7.750000000000000000, 5.000000000000000888, -0.2499999999999997780 ) ) ;
#9933 = FILL_AREA_STYLE_COLOUR ( '', #8936 ) ;
#9934 =( LENGTH_UNIT ( ) NAMED_UNIT ( * ) SI_UNIT ( .MILLI., .METRE. ) );
#9935 = SURFACE_STYLE_USAGE ( .BOTH. , #10927 ) ;
#9936 = LINE ( 'NONE', #11062, #11030 ) ;
#9937 = EDGE_LOOP ( 'NONE', ( #8312, #2138, #5605, #7691 ) ) ;
#9938 = CARTESIAN_POINT ( 'NONE',  ( 14.75000000000000000, 3.149999999999999467, -2.050000000000002043 ) ) ;
#9939 = VECTOR ( 'NONE', #11520, 1000.000000000000000 ) ;
#9940 = EDGE_CURVE ( 'NONE', #691, #10920, #6109, .T. ) ;
#9941 =( NAMED_UNIT ( * ) PLANE_ANGLE_UNIT ( ) SI_UNIT ( $, .RADIAN. ) );
#9942 = CARTESIAN_POINT ( 'NONE',  ( 13.84999999999999787, 5.100000000000001421, -0.1500000000000003830 ) ) ;
#9943 = FACE_BOUND ( 'NONE', #6437, .T. ) ;
#9944 = LINE ( 'NONE', #5868, #2040 ) ;
#9945 = SURFACE_STYLE_USAGE ( .BOTH. , #11945 ) ;
#9946 = UNCERTAINTY_MEASURE_WITH_UNIT (LENGTH_MEASURE( 1.000000000000000082E-05 ), #8163, 'distance_accuracy_value', 'NONE');
#9947 = CARTESIAN_POINT ( 'NONE',  ( 11.75000000000000000, -3.399999999999999911, 0.2500000000000002220 ) ) ;
#9948 =( NAMED_UNIT ( * ) PLANE_ANGLE_UNIT ( ) SI_UNIT ( $, .RADIAN. ) );
#9949 =( NAMED_UNIT ( * ) SI_UNIT ( $, .STERADIAN. ) SOLID_ANGLE_UNIT ( ) );
#9950 = EDGE_CURVE ( 'NONE', #6305, #6253, #5092, .T. ) ;
#9951 = CARTESIAN_POINT ( 'NONE',  ( 16.69999999999999929, 0.0000000000000000000, -2.800000000000000711 ) ) ;
#9952 = EDGE_CURVE ( 'NONE', #1734, #4389, #9944, .T. ) ;
#9953 = FILL_AREA_STYLE ('',( #5240 ) ) ;
#9954 = DIRECTION ( 'NONE',  ( 0.7071067811865492381, -0.7071067811865457964, 4.088782444488988334E-16 ) ) ;
#9955 = ORIENTED_EDGE ( 'NONE', *, *, #7085, .T. ) ;
#9956 = ADVANCED_FACE ( 'NONE', ( #6842 ), #951, .T. ) ;
#9957 = COLOUR_RGB ( '',1.000000000000000000, 0.8117647058823529438, 0.5019607843137254832 ) ;
#9958 = CARTESIAN_POINT ( 'NONE',  ( 14.75000000000000000, 1.149999999999999911, -2.350000000000001865 ) ) ;
#9959 = FACE_OUTER_BOUND ( 'NONE', #8370, .T. ) ;
#9960 = DIRECTION ( 'NONE',  ( 0.0000000000000000000, -0.0000000000000000000, 1.000000000000000000 ) ) ;
#9961 = FILL_AREA_STYLE_COLOUR ( '', #3 ) ;
#9962 = VECTOR ( 'NONE', #8615, 1000.000000000000000 ) ;
#9963 = DIRECTION ( 'NONE',  ( 0.5773502691896288397, 0.5773502691896263972, -0.5773502691896219563 ) ) ;
#9964 = CARTESIAN_POINT ( 'NONE',  ( 1.749999999999999778, -3.300000000000000266, -0.2499999999999997780 ) ) ;
#9965 = DIRECTION ( 'NONE',  ( -1.961370764295385810E-16, 1.000000000000000000, 0.0000000000000000000 ) ) ;
#9966 = SURFACE_STYLE_FILL_AREA ( #11963 ) ;
#9967 = ADVANCED_FACE ( 'NONE', ( #7780 ), #5918, .F. ) ;
#9968 = DIRECTION ( 'NONE',  ( 3.872150616019660190E-17, 1.000000000000000000, -0.0000000000000000000 ) ) ;
#9969 =( NAMED_UNIT ( * ) SI_UNIT ( $, .STERADIAN. ) SOLID_ANGLE_UNIT ( ) );
#9970 = EDGE_CURVE ( 'NONE', #11983, #3204, #5990, .T. ) ;
#9971 = SURFACE_STYLE_FILL_AREA ( #2127 ) ;
#9972 = PRESENTATION_LAYER_ASSIGNMENT (  '', '', ( #339 ) ) ;
#9973 = DIRECTION ( 'NONE',  ( -9.103382349328301547E-49, -2.350988701644575016E-32, -1.000000000000000000 ) ) ;
#9974 = CARTESIAN_POINT ( 'NONE',  ( -0.2200000000000003619, 4.229999999999999538, 1.249999999999997558 ) ) ;
#9975 = DIRECTION ( 'NONE',  ( 0.0000000000000000000, 1.000000000000000000, 0.0000000000000000000 ) ) ;
#9976 = DIRECTION ( 'NONE',  ( 1.000000000000000000, 0.0000000000000000000, -1.230800803163168473E-17 ) ) ;
#9977 = DIRECTION ( 'NONE',  ( -9.103382349328301547E-49, -2.350988701644575016E-32, -1.000000000000000000 ) ) ;
#9978 = CARTESIAN_POINT ( 'NONE',  ( 14.75000000000000000, 3.399999999999999467, -2.350000000000001865 ) ) ;
#9979 = PRESENTATION_LAYER_ASSIGNMENT (  '', '', ( #1977 ) ) ;
#9980 = CARTESIAN_POINT ( 'NONE',  ( 2.150000000000003908, -3.399999999999999911, 0.2500000000000002220 ) ) ;
#9981 = EDGE_LOOP ( 'NONE', ( #5461, #9982, #6691, #1726 ) ) ;
#9982 = ORIENTED_EDGE ( 'NONE', *, *, #2689, .F. ) ;
#9983 = PLANE ( 'NONE',  #12218 ) ;
#9984 = CARTESIAN_POINT ( 'NONE',  ( 7.249999999999999112, 3.399999999999999467, -2.050000000000001599 ) ) ;
#9985 = FACE_OUTER_BOUND ( 'NONE', #7488, .T. ) ;
#9986 = EDGE_CURVE ( 'NONE', #4825, #10204, #9047, .T. ) ;
#9987 = CARTESIAN_POINT ( 'NONE',  ( -1.949999999999999956, 0.0000000000000000000, -2.800000000000000266 ) ) ;
#9988 = UNCERTAINTY_MEASURE_WITH_UNIT (LENGTH_MEASURE( 1.000000000000000082E-05 ), #10792, 'distance_accuracy_value', 'NONE');
#9989 = VERTEX_POINT ( 'NONE', #11260 ) ;
#9990 = DIRECTION ( 'NONE',  ( 9.103382349328301547E-49, 2.350988701644575016E-32, 1.000000000000000000 ) ) ;
#9991 = ORIENTED_EDGE ( 'NONE', *, *, #4708, .T. ) ;
#9992 = DIRECTION ( 'NONE',  ( 0.0000000000000000000, -0.7071067811865451302, 0.7071067811865500152 ) ) ;
#9993 = PLANE ( 'NONE',  #10391 ) ;
#9994 = FILL_AREA_STYLE_COLOUR ( '', #4370 ) ;
#9995 = PRESENTATION_LAYER_ASSIGNMENT (  '', '', ( #8965 ) ) ;
#9996 = ORIENTED_EDGE ( 'NONE', *, *, #3303, .F. ) ;
#9997 = CARTESIAN_POINT ( 'NONE',  ( 4.699999999999999289, 0.0000000000000000000, 1.700000000000000178 ) ) ;
#9998 = EDGE_LOOP ( 'NONE', ( #1834, #7884, #347, #10723 ) ) ;
#9999 =( LENGTH_UNIT ( ) NAMED_UNIT ( * ) SI_UNIT ( .MILLI., .METRE. ) );
#10000 = DIRECTION ( 'NONE',  ( 0.5773502691896240657, 0.5773502691896287287, 0.5773502691896243988 ) ) ;
#10001 = DIRECTION ( 'NONE',  ( -0.0000000000000000000, -0.0000000000000000000, 1.000000000000000000 ) ) ;
#10002 = VECTOR ( 'NONE', #3918, 1000.000000000000114 ) ;
#10003 = PRESENTATION_LAYER_ASSIGNMENT (  '', '', ( #10995 ) ) ;
#10004 = CARTESIAN_POINT ( 'NONE',  ( 0.6999999999999988454, 0.1999999999999999833, 1.700000000000000178 ) ) ;
#10005 =( NAMED_UNIT ( * ) SI_UNIT ( $, .STERADIAN. ) SOLID_ANGLE_UNIT ( ) );
#10006 = ORIENTED_EDGE ( 'NONE', *, *, #2429, .F. ) ;
#10007 = FILL_AREA_STYLE_COLOUR ( '', #6489 ) ;
#10008 = LINE ( 'NONE', #5038, #8590 ) ;
#10009 = COLOUR_RGB ( '',1.000000000000000000, 0.8117647058823529438, 0.5019607843137254832 ) ;
#10010 = ORIENTED_EDGE ( 'NONE', *, *, #11877, .T. ) ;
#10011 = AXIS2_PLACEMENT_3D ( 'NONE', #12023, #3296, #9123 ) ;
#10012 = CARTESIAN_POINT ( 'NONE',  ( 10.14999999999999858, 5.100000000000001421, -0.1500000000000003830 ) ) ;
#10013 = ORIENTED_EDGE ( 'NONE', *, *, #5755, .T. ) ;
#10014 = LINE ( 'NONE', #11137, #11069 ) ;
#10015 = VECTOR ( 'NONE', #8917, 1000.000000000000000 ) ;
#10016 = CARTESIAN_POINT ( 'NONE',  ( 11.75000000000000000, 5.000000000000000888, 0.2500000000000002220 ) ) ;
#10017 =( NAMED_UNIT ( * ) SI_UNIT ( $, .STERADIAN. ) SOLID_ANGLE_UNIT ( ) );
#10018 = DIRECTION ( 'NONE',  ( -3.833233541708420554E-17, -0.7071067811865447972, 0.7071067811865502373 ) ) ;
#10019 = MECHANICAL_DESIGN_GEOMETRIC_PRESENTATION_REPRESENTATION (  '', ( #8381 ), #11627 ) ;
#10020 = VECTOR ( 'NONE', #7060, 1000.000000000000000 ) ;
#10021 = PRESENTATION_LAYER_ASSIGNMENT (  '', '', ( #12229 ) ) ;
#10022 = ORIENTED_EDGE ( 'NONE', *, *, #9058, .T. ) ;
#10023 =( GEOMETRIC_REPRESENTATION_CONTEXT ( 3 ) GLOBAL_UNCERTAINTY_ASSIGNED_CONTEXT ( ( #5462 ) ) GLOBAL_UNIT_ASSIGNED_CONTEXT ( ( #7144, #10087, #7340 ) ) REPRESENTATION_CONTEXT ( 'NONE', 'WORKASPACE' ) );
#10024 = ADVANCED_FACE ( 'NONE', ( #6442 ), #491, .F. ) ;
#10025 = DIRECTION ( 'NONE',  ( -1.000000000000000000, 3.872150616019661422E-17, -0.0000000000000000000 ) ) ;
#10026 =( LENGTH_UNIT ( ) NAMED_UNIT ( * ) SI_UNIT ( .MILLI., .METRE. ) );
#10027 = FACE_OUTER_BOUND ( 'NONE', #8561, .T. ) ;
#10028 = EDGE_LOOP ( 'NONE', ( #2031, #644, #9486, #2275 ) ) ;
#10029 = DIRECTION ( 'NONE',  ( -4.336808689942017736E-16, 0.0000000000000000000, -1.000000000000000000 ) ) ;
#10030 = FACE_OUTER_BOUND ( 'NONE', #10497, .T. ) ;
#10031 = CARTESIAN_POINT ( 'NONE',  ( -1.350000000000000089, 1.149999999999999911, -2.350000000000001421 ) ) ;
#10032 = CARTESIAN_POINT ( 'NONE',  ( 17.69999999999998863, 6.000000000000000000, -0.6800000000000022693 ) ) ;
#10033 = COLOUR_RGB ( '',1.000000000000000000, 1.000000000000000000, 1.000000000000000000 ) ;
#10034 = CARTESIAN_POINT ( 'NONE',  ( 3.916666666666665630, 5.166666666666667851, -0.08333333333333456383 ) ) ;
#10035 = VECTOR ( 'NONE', #1708, 1000.000000000000000 ) ;
#10036 = LINE ( 'NONE', #3311, #1427 ) ;
#10037 = ORIENTED_EDGE ( 'NONE', *, *, #2996, .T. ) ;
#10038 = PRESENTATION_LAYER_ASSIGNMENT (  '', '', ( #9827 ) ) ;
#10039 =( NAMED_UNIT ( * ) PLANE_ANGLE_UNIT ( ) SI_UNIT ( $, .RADIAN. ) );
#10040 = UNCERTAINTY_MEASURE_WITH_UNIT (LENGTH_MEASURE( 1.000000000000000082E-05 ), #8550, 'distance_accuracy_value', 'NONE');
#10041 = CARTESIAN_POINT ( 'NONE',  ( 12.69999999999999929, 0.1999999999999999833, 1.700000000000000178 ) ) ;
#10042 = SURFACE_SIDE_STYLE ('',( #7178 ) ) ;
#10043 = ADVANCED_FACE ( 'NONE', ( #3211 ), #6306, .T. ) ;
#10044 = VECTOR ( 'NONE', #3164, 1000.000000000000000 ) ;
#10045 = EDGE_CURVE ( 'NONE', #9927, #4109, #10260, .T. ) ;
#10046 = STYLED_ITEM ( 'NONE', ( #3825 ), #9290 ) ;
#10047 = CARTESIAN_POINT ( 'NONE',  ( 16.25000000000000000, -3.300000000000000266, 0.2500000000000002220 ) ) ;
#10048 = VECTOR ( 'NONE', #122, 1000.000000000000000 ) ;
#10049 = ORIENTED_EDGE ( 'NONE', *, *, #10574, .F. ) ;
#10051 = SURFACE_STYLE_USAGE ( .BOTH. , #8831 ) ;
#10050 = VECTOR ( 'NONE', #10001, 1000.000000000000000 ) ;
#10052 = LINE ( 'NONE', #10034, #9448 ) ;
#10053 =( NAMED_UNIT ( * ) PLANE_ANGLE_UNIT ( ) SI_UNIT ( $, .RADIAN. ) );
#10054 = FACE_BOUND ( 'NONE', #7256, .T. ) ;
#10055 = ORIENTED_EDGE ( 'NONE', *, *, #12050, .F. ) ;
#10056 = VERTEX_POINT ( 'NONE', #10198 ) ;
#10057 = CARTESIAN_POINT ( 'NONE',  ( 16.83333333333333925, -4.383333333333324866, -0.8333333333333230453 ) ) ;
#10058 = AXIS2_PLACEMENT_3D ( 'NONE', #12000, #8147, #12188 ) ;
#10059 = STYLED_ITEM ( 'NONE', ( #284 ), #11078 ) ;
#10060 =( NAMED_UNIT ( * ) SI_UNIT ( $, .STERADIAN. ) SOLID_ANGLE_UNIT ( ) );
#10061 = DIRECTION ( 'NONE',  ( 0.0000000000000000000, -0.7071067811865445751, -0.7071067811865503483 ) ) ;
#10062 = EDGE_CURVE ( 'NONE', #4627, #753, #2307, .T. ) ;
#10063 = AXIS2_PLACEMENT_3D ( 'NONE', #7838, #3135, #5080 ) ;
#10064 = PRESENTATION_LAYER_ASSIGNMENT (  '', '', ( #9451 ) ) ;
#10065 =( GEOMETRIC_REPRESENTATION_CONTEXT ( 3 ) GLOBAL_UNCERTAINTY_ASSIGNED_CONTEXT ( ( #6220 ) ) GLOBAL_UNIT_ASSIGNED_CONTEXT ( ( #12564, #7695, #7161 ) ) REPRESENTATION_CONTEXT ( 'NONE', 'WORKASPACE' ) );
#10066 = DIRECTION ( 'NONE',  ( 1.000000000000000000, -0.0000000000000000000, -4.358601698434190141E-17 ) ) ;
#10067 = VERTEX_POINT ( 'NONE', #6249 ) ;
#10068 = UNCERTAINTY_MEASURE_WITH_UNIT (LENGTH_MEASURE( 1.000000000000000082E-05 ), #11290, 'distance_accuracy_value', 'NONE');
#10069 = DIRECTION ( 'NONE',  ( -4.336808689942017736E-16, 0.0000000000000000000, -1.000000000000000000 ) ) ;
#10070 = FILL_AREA_STYLE_COLOUR ( '', #3043 ) ;
#10071 = AXIS2_PLACEMENT_3D ( 'NONE', #2885, #10518, #3866 ) ;
#10072 = DIRECTION ( 'NONE',  ( 1.000000000000000000, 0.0000000000000000000, -0.0000000000000000000 ) ) ;
#10073 = VECTOR ( 'NONE', #3683, 1000.000000000000114 ) ;
#10074 = SURFACE_STYLE_USAGE ( .BOTH. , #10324 ) ;
#10075 =( GEOMETRIC_REPRESENTATION_CONTEXT ( 3 ) GLOBAL_UNCERTAINTY_ASSIGNED_CONTEXT ( ( #408 ) ) GLOBAL_UNIT_ASSIGNED_CONTEXT ( ( #1462, #9165, #7146 ) ) REPRESENTATION_CONTEXT ( 'NONE', 'WORKASPACE' ) );
#10076 = VECTOR ( 'NONE', #4746, 1000.000000000000000 ) ;
#10077 = CARTESIAN_POINT ( 'NONE',  ( 9.849999999999999645, -3.399999999999999911, 0.1500000000000008271 ) ) ;
#10078 = EDGE_CURVE ( 'NONE', #8378, #5733, #9227, .T. ) ;
#10079 = VECTOR ( 'NONE', #11291, 1000.000000000000000 ) ;
#10080 = FILL_AREA_STYLE ('',( #5095 ) ) ;
#10081 = ADVANCED_FACE ( 'NONE', ( #3414 ), #7337, .F. ) ;
#10082 = STYLED_ITEM ( 'NONE', ( #1941 ), #1259 ) ;
#10083 = VERTEX_POINT ( 'NONE', #9349 ) ;
#10084 = FILL_AREA_STYLE_COLOUR ( '', #2077 ) ;
#10085 = COLOUR_RGB ( '',1.000000000000000000, 0.8117647058823529438, 0.5019607843137254832 ) ;
#10086 = COLOUR_RGB ( '',1.000000000000000000, 1.000000000000000000, 1.000000000000000000 ) ;
#10087 =( NAMED_UNIT ( * ) PLANE_ANGLE_UNIT ( ) SI_UNIT ( $, .RADIAN. ) );
#10088 = DIRECTION ( 'NONE',  ( -1.000000000000000000, 3.872150616019661422E-17, -0.0000000000000000000 ) ) ;
#10089 =( GEOMETRIC_REPRESENTATION_CONTEXT ( 3 ) GLOBAL_UNCERTAINTY_ASSIGNED_CONTEXT ( ( #410 ) ) GLOBAL_UNIT_ASSIGNED_CONTEXT ( ( #7661, #8891, #6084 ) ) REPRESENTATION_CONTEXT ( 'NONE', 'WORKASPACE' ) );
#10090 = SURFACE_STYLE_USAGE ( .BOTH. , #6183 ) ;
#10091 = SURFACE_STYLE_FILL_AREA ( #9953 ) ;
#10092 = SURFACE_STYLE_USAGE ( .BOTH. , #2777 ) ;
#10093 =( NAMED_UNIT ( * ) SI_UNIT ( $, .STERADIAN. ) SOLID_ANGLE_UNIT ( ) );
#10094 = PRESENTATION_LAYER_ASSIGNMENT (  '', '', ( #12296 ) ) ;
#10095 = FILL_AREA_STYLE ('',( #4997 ) ) ;
#10096 = MECHANICAL_DESIGN_GEOMETRIC_PRESENTATION_REPRESENTATION (  '', ( #1064 ), #11090 ) ;
#10097 = DIRECTION ( 'NONE',  ( 0.5773502691896246208, -0.5773502691896265082, 0.5773502691896260641 ) ) ;
#10098 = ORIENTED_EDGE ( 'NONE', *, *, #10838, .T. ) ;
#10099 = EDGE_CURVE ( 'NONE', #9440, #4820, #3748, .T. ) ;
#10100 = SURFACE_STYLE_USAGE ( .BOTH. , #8292 ) ;
#10101 = SURFACE_STYLE_USAGE ( .BOTH. , #11961 ) ;
#10102 = PRESENTATION_STYLE_ASSIGNMENT (( #2178 ) ) ;
#10103 = LINE ( 'NONE', #1407, #7869 ) ;
#10104 = CARTESIAN_POINT ( 'NONE',  ( 6.149999999999999467, 5.100000000000001421, -0.1500000000000003830 ) ) ;
#10105 =( GEOMETRIC_REPRESENTATION_CONTEXT ( 3 ) GLOBAL_UNCERTAINTY_ASSIGNED_CONTEXT ( ( #5317 ) ) GLOBAL_UNIT_ASSIGNED_CONTEXT ( ( #8794, #3887, #9949 ) ) REPRESENTATION_CONTEXT ( 'NONE', 'WORKASPACE' ) );
#10106 = PLANE ( 'NONE',  #1688 ) ;
#10107 = CARTESIAN_POINT ( 'NONE',  ( 5.750000000000000000, -3.399999999999999911, -0.2499999999999997780 ) ) ;
#10109 = EDGE_CURVE ( 'NONE', #5599, #9278, #7594, .T. ) ;
#10108 = DIRECTION ( 'NONE',  ( -1.000000000000000000, 5.421010862427522170E-17, 0.0000000000000000000 ) ) ;
#10110 = DIRECTION ( 'NONE',  ( 1.000000000000000000, 0.0000000000000000000, 0.0000000000000000000 ) ) ;
#10111 = VECTOR ( 'NONE', #6510, 1000.000000000000000 ) ;
#10112 = EDGE_CURVE ( 'NONE', #1200, #9546, #6692, .T. ) ;
#10113 = DIRECTION ( 'NONE',  ( 0.7071067811865475727, -0.7071067811865475727, 1.662400053425836136E-32 ) ) ;
#10114 = SURFACE_STYLE_FILL_AREA ( #231 ) ;
#10115 = CARTESIAN_POINT ( 'NONE',  ( 1.749999999999998890, 0.2000000000000000111, -2.800000000000000266 ) ) ;
#10116 = LINE ( 'NONE', #1491, #3265 ) ;
#10117 = CARTESIAN_POINT ( 'NONE',  ( 7.299999999999998934, 0.2000000000000000389, 1.700000000000000178 ) ) ;
#10118 = DIRECTION ( 'NONE',  ( 0.0000000000000000000, 0.0000000000000000000, -1.000000000000000000 ) ) ;
#10119 = ORIENTED_EDGE ( 'NONE', *, *, #4694, .F. ) ;
#10120 =( NAMED_UNIT ( * ) PLANE_ANGLE_UNIT ( ) SI_UNIT ( $, .RADIAN. ) );
#10121 = CARTESIAN_POINT ( 'NONE',  ( 5.299999999999998934, 0.0000000000000000000, -2.800000000000000266 ) ) ;
#10122 = CARTESIAN_POINT ( 'NONE',  ( 2.150000000000003908, -3.399999999999999911, -2.800000000000000266 ) ) ;
#10123 =( LENGTH_UNIT ( ) NAMED_UNIT ( * ) SI_UNIT ( .MILLI., .METRE. ) );
#10125 = ORIENTED_EDGE ( 'NONE', *, *, #8498, .F. ) ;
#10124 = ORIENTED_EDGE ( 'NONE', *, *, #6238, .T. ) ;
#10126 = ADVANCED_FACE ( 'NONE', ( #6754 ), #7712, .T. ) ;
#10127 = VERTEX_POINT ( 'NONE', #6493 ) ;
#10128 = EDGE_CURVE ( 'NONE', #2603, #1445, #3606, .T. ) ;
#10129 = EDGE_CURVE ( 'NONE', #10568, #6454, #9554, .T. ) ;
#10130 = PRESENTATION_STYLE_ASSIGNMENT (( #6241 ) ) ;
#10131 = VECTOR ( 'NONE', #11124, 1000.000000000000000 ) ;
#10132 = PRESENTATION_STYLE_ASSIGNMENT (( #9935 ) ) ;
#10133 =( NAMED_UNIT ( * ) SI_UNIT ( $, .STERADIAN. ) SOLID_ANGLE_UNIT ( ) );
#10134 = ORIENTED_EDGE ( 'NONE', *, *, #9357, .F. ) ;
#10135 = FILL_AREA_STYLE ('',( #2299 ) ) ;
#10136 = ORIENTED_EDGE ( 'NONE', *, *, #3339, .T. ) ;
#10137 = FACE_OUTER_BOUND ( 'NONE', #11546, .T. ) ;
#10138 = DIRECTION ( 'NONE',  ( -0.0000000000000000000, -0.0000000000000000000, 1.000000000000000000 ) ) ;
#10139 = LINE ( 'NONE', #7270, #5157 ) ;
#10140 = EDGE_CURVE ( 'NONE', #1786, #7184, #10445, .T. ) ;
#10141 = SURFACE_STYLE_USAGE ( .BOTH. , #9348 ) ;
#10142 = FILL_AREA_STYLE_COLOUR ( '', #7548 ) ;
#10143 = CARTESIAN_POINT ( 'NONE',  ( 10.75000000000000000, 1.149999999999999911, -2.050000000000001599 ) ) ;
#10144 = VERTEX_POINT ( 'NONE', #8594 ) ;
#10145 =( LENGTH_UNIT ( ) NAMED_UNIT ( * ) SI_UNIT ( .MILLI., .METRE. ) );
#10146 = DIRECTION ( 'NONE',  ( 1.000000000000000000, -0.0000000000000000000, -4.358601698434190141E-17 ) ) ;
#10147 = VECTOR ( 'NONE', #12455, 1000.000000000000000 ) ;
#10148 = EDGE_CURVE ( 'NONE', #6454, #944, #1964, .T. ) ;
#10149 = VERTEX_POINT ( 'NONE', #11631 ) ;
#10150 = SURFACE_STYLE_USAGE ( .BOTH. , #11007 ) ;
#10151 = UNCERTAINTY_MEASURE_WITH_UNIT (LENGTH_MEASURE( 1.000000000000000082E-05 ), #7375, 'distance_accuracy_value', 'NONE');
#10152 =( LENGTH_UNIT ( ) NAMED_UNIT ( * ) SI_UNIT ( .MILLI., .METRE. ) );
#10153 = FILL_AREA_STYLE_COLOUR ( '', #12287 ) ;
#10154 = SURFACE_SIDE_STYLE ('',( #1337 ) ) ;
#10155 = ADVANCED_FACE ( 'NONE', ( #7068 ), #2954, .F. ) ;
#10156 = DIRECTION ( 'NONE',  ( -1.000000000000000000, 3.872150616019660190E-17, 0.0000000000000000000 ) ) ;
#10157 =( LENGTH_UNIT ( ) NAMED_UNIT ( * ) SI_UNIT ( .MILLI., .METRE. ) );
#10158 =( NAMED_UNIT ( * ) PLANE_ANGLE_UNIT ( ) SI_UNIT ( $, .RADIAN. ) );
#10159 = FILL_AREA_STYLE ('',( #7231 ) ) ;
#10160 = SURFACE_STYLE_USAGE ( .BOTH. , #10213 ) ;
#10161 = LINE ( 'NONE', #1345, #1443 ) ;
#10162 = SURFACE_STYLE_FILL_AREA ( #9253 ) ;
#10163 = LINE ( 'NONE', #9254, #9189 ) ;
#10164 = SURFACE_SIDE_STYLE ('',( #7239 ) ) ;
#10165 = DIRECTION ( 'NONE',  ( -0.0000000000000000000, -0.0000000000000000000, 1.000000000000000000 ) ) ;
#10166 = LINE ( 'NONE', #9186, #4979 ) ;
#10167 = EDGE_CURVE ( 'NONE', #11044, #7125, #6889, .T. ) ;
#10168 = ORIENTED_EDGE ( 'NONE', *, *, #11662, .T. ) ;
#10169 = LINE ( 'NONE', #1354, #7417 ) ;
#10170 = SURFACE_STYLE_USAGE ( .BOTH. , #12039 ) ;
#10171 =( GEOMETRIC_REPRESENTATION_CONTEXT ( 3 ) GLOBAL_UNCERTAINTY_ASSIGNED_CONTEXT ( ( #4084 ) ) GLOBAL_UNIT_ASSIGNED_CONTEXT ( ( #5919, #9574, #11465 ) ) REPRESENTATION_CONTEXT ( 'NONE', 'WORKASPACE' ) );
#10172 = UNCERTAINTY_MEASURE_WITH_UNIT (LENGTH_MEASURE( 1.000000000000000082E-05 ), #797, 'distance_accuracy_value', 'NONE');
#10173 = UNCERTAINTY_MEASURE_WITH_UNIT (LENGTH_MEASURE( 1.000000000000000082E-05 ), #5235, 'distance_accuracy_value', 'NONE');
#10174 = CARTESIAN_POINT ( 'NONE',  ( 13.25000000000000178, 3.400000000000000355, -2.350000000000001865 ) ) ;
#10175 = LINE ( 'NONE', #5391, #7597 ) ;
#10176 = FILL_AREA_STYLE ('',( #1360 ) ) ;
#10177 = SURFACE_STYLE_FILL_AREA ( #7255 ) ;
#10178 = ORIENTED_EDGE ( 'NONE', *, *, #3356, .F. ) ;
#10179 = PRESENTATION_LAYER_ASSIGNMENT (  '', '', ( #1136 ) ) ;
#10180 = SURFACE_STYLE_USAGE ( .BOTH. , #6288 ) ;
#10181 =( NAMED_UNIT ( * ) PLANE_ANGLE_UNIT ( ) SI_UNIT ( $, .RADIAN. ) );
#10182 = ORIENTED_EDGE ( 'NONE', *, *, #9739, .F. ) ;
#10183 = VERTEX_POINT ( 'NONE', #8956 ) ;
#10184 = ORIENTED_EDGE ( 'NONE', *, *, #10574, .T. ) ;
#10185 = UNCERTAINTY_MEASURE_WITH_UNIT (LENGTH_MEASURE( 1.000000000000000082E-05 ), #6950, 'distance_accuracy_value', 'NONE');
#10186 = PRESENTATION_STYLE_ASSIGNMENT (( #10243 ) ) ;
#10187 =( GEOMETRIC_REPRESENTATION_CONTEXT ( 3 ) GLOBAL_UNCERTAINTY_ASSIGNED_CONTEXT ( ( #8039 ) ) GLOBAL_UNIT_ASSIGNED_CONTEXT ( ( #6173, #3149, #7909 ) ) REPRESENTATION_CONTEXT ( 'NONE', 'WORKASPACE' ) );
#10188 = DIRECTION ( 'NONE',  ( 0.5773502691896259531, 0.5773502691896259531, 0.5773502691896255090 ) ) ;
#10189 = ADVANCED_FACE ( 'NONE', ( #11699 ), #3864, .F. ) ;
#10190 = EDGE_CURVE ( 'NONE', #982, #2038, #9751, .T. ) ;
#10191 = CARTESIAN_POINT ( 'NONE',  ( 8.050000000000000711, -3.399999999999999911, -0.1500000000000003830 ) ) ;
#10192 = SURFACE_SIDE_STYLE ('',( #6294 ) ) ;
#10193 = CARTESIAN_POINT ( 'NONE',  ( 7.249999999999999112, 3.400000000000000355, -2.350000000000001865 ) ) ;
#10194 = SURFACE_STYLE_USAGE ( .BOTH. , #3345 ) ;
#10195 = SURFACE_SIDE_STYLE ('',( #4267 ) ) ;
#10197 = MECHANICAL_DESIGN_GEOMETRIC_PRESENTATION_REPRESENTATION (  '', ( #12170 ), #4710 ) ;
#10196 = CARTESIAN_POINT ( 'NONE',  ( 4.750000000000000888, 1.149999999999999911, -2.050000000000001599 ) ) ;
#10198 = CARTESIAN_POINT ( 'NONE',  ( 13.84999999999999787, -3.399999999999999911, -0.1500000000000003830 ) ) ;
#10199 = CARTESIAN_POINT ( 'NONE',  ( 10.24999999999999822, 1.800000000000000044, -0.2499999999999997780 ) ) ;
#10200 = ORIENTED_EDGE ( 'NONE', *, *, #5640, .T. ) ;
#10201 = EDGE_CURVE ( 'NONE', #7951, #9084, #937, .T. ) ;
#10202 = EDGE_CURVE ( 'NONE', #3358, #12280, #8767, .T. ) ;
#10203 = ORIENTED_EDGE ( 'NONE', *, *, #6379, .F. ) ;
#10204 = VERTEX_POINT ( 'NONE', #2024 ) ;
#10205 = CARTESIAN_POINT ( 'NONE',  ( 15.25000000000000000, 1.149999999999999911, -2.350000000000001865 ) ) ;
#10206 = MECHANICAL_DESIGN_GEOMETRIC_PRESENTATION_REPRESENTATION (  '', ( #1804 ), #4513 ) ;
#10207 = FILL_AREA_STYLE_COLOUR ( '', #2713 ) ;
#10208 = SURFACE_SIDE_STYLE ('',( #7154 ) ) ;
#10209 = MECHANICAL_DESIGN_GEOMETRIC_PRESENTATION_REPRESENTATION (  '', ( #7763 ), #2828 ) ;
#10210 =( GEOMETRIC_REPRESENTATION_CONTEXT ( 3 ) GLOBAL_UNCERTAINTY_ASSIGNED_CONTEXT ( ( #3511 ) ) GLOBAL_UNIT_ASSIGNED_CONTEXT ( ( #5346, #7269, #9219 ) ) REPRESENTATION_CONTEXT ( 'NONE', 'WORKASPACE' ) );
#10211 =( NAMED_UNIT ( * ) PLANE_ANGLE_UNIT ( ) SI_UNIT ( $, .RADIAN. ) );
#10212 = SURFACE_STYLE_FILL_AREA ( #9175 ) ;
#10213 = SURFACE_SIDE_STYLE ('',( #7291 ) ) ;
#10214 = SURFACE_STYLE_FILL_AREA ( #6196 ) ;
#10215 = EDGE_CURVE ( 'NONE', #1090, #2999, #3200, .T. ) ;
#10216 = VECTOR ( 'NONE', #12150, 1000.000000000000000 ) ;
#10217 = DIRECTION ( 'NONE',  ( 3.872150616019660190E-17, 1.000000000000000000, -0.0000000000000000000 ) ) ;
#10218 = VERTEX_POINT ( 'NONE', #6097 ) ;
#10219 = CARTESIAN_POINT ( 'NONE',  ( 13.25000000000000178, 3.399999999999999467, -2.300000000000003375 ) ) ;
#10220 = VECTOR ( 'NONE', #11528, 1000.000000000000000 ) ;
#10221 = VECTOR ( 'NONE', #9141, 1000.000000000000000 ) ;
#10222 = CARTESIAN_POINT ( 'NONE',  ( -1.350000000000000089, 5.650000000000002132, 1.249999999999997558 ) ) ;
#10223 = FILL_AREA_STYLE ('',( #402 ) ) ;
#10224 = LINE ( 'NONE', #2581, #3292 ) ;
#10225 = PRESENTATION_LAYER_ASSIGNMENT (  '', '', ( #194 ) ) ;
#10226 = CARTESIAN_POINT ( 'NONE',  ( 5.299999999999998934, 0.2000000000000000389, -2.800000000000000266 ) ) ;
#10227 = COLOUR_RGB ( '',1.000000000000000000, 0.8117647058823529438, 0.5019607843137254832 ) ;
#10228 =( NAMED_UNIT ( * ) PLANE_ANGLE_UNIT ( ) SI_UNIT ( $, .RADIAN. ) );
#10229 = FILL_AREA_STYLE ('',( #9080 ) ) ;
#10230 =( NAMED_UNIT ( * ) PLANE_ANGLE_UNIT ( ) SI_UNIT ( $, .RADIAN. ) );
#10231 = VECTOR ( 'NONE', #3699, 1000.000000000000000 ) ;
#10232 = MECHANICAL_DESIGN_GEOMETRIC_PRESENTATION_REPRESENTATION (  '', ( #9406 ), #6981 ) ;
#10233 = DIRECTION ( 'NONE',  ( 3.872150616019660190E-17, 1.000000000000000000, -0.0000000000000000000 ) ) ;
#10234 =( GEOMETRIC_REPRESENTATION_CONTEXT ( 3 ) GLOBAL_UNCERTAINTY_ASSIGNED_CONTEXT ( ( #12317 ) ) GLOBAL_UNIT_ASSIGNED_CONTEXT ( ( #2618, #1458, #6566 ) ) REPRESENTATION_CONTEXT ( 'NONE', 'WORKASPACE' ) );
#10235 =( NAMED_UNIT ( * ) SI_UNIT ( $, .STERADIAN. ) SOLID_ANGLE_UNIT ( ) );
#10236 = ORIENTED_EDGE ( 'NONE', *, *, #4984, .T. ) ;
#10237 = ORIENTED_EDGE ( 'NONE', *, *, #7036, .F. ) ;
#10238 = CARTESIAN_POINT ( 'NONE',  ( 4.250000000000000000, -3.399999999999999911, 0.2500000000000002220 ) ) ;
#10239 = FACE_BOUND ( 'NONE', #4811, .T. ) ;
#10240 = CARTESIAN_POINT ( 'NONE',  ( -1.949999999999999956, 0.0000000000000000000, -2.800000000000000266 ) ) ;
#10241 = VERTEX_POINT ( 'NONE', #4208 ) ;
#10242 = AXIS2_PLACEMENT_3D ( 'NONE', #5681, #11275, #7670 ) ;
#10243 = SURFACE_STYLE_USAGE ( .BOTH. , #8197 ) ;
#10244 = DIRECTION ( 'NONE',  ( -4.336808689942017736E-16, 0.0000000000000000000, -1.000000000000000000 ) ) ;
#10245 = ORIENTED_EDGE ( 'NONE', *, *, #12132, .T. ) ;
#10246 = PLANE ( 'NONE',  #10800 ) ;
#10247 = CARTESIAN_POINT ( 'NONE',  ( 1.850000000000000089, 5.100000000000001421, -0.1500000000000003830 ) ) ;
#10248 = ORIENTED_EDGE ( 'NONE', *, *, #6848, .T. ) ;
#10249 = PLANE ( 'NONE',  #11446 ) ;
#10250 = ORIENTED_EDGE ( 'NONE', *, *, #7692, .F. ) ;
#10251 = PRESENTATION_LAYER_ASSIGNMENT (  '', '', ( #1022 ) ) ;
#10252 = ORIENTED_EDGE ( 'NONE', *, *, #2066, .F. ) ;
#10253 = CARTESIAN_POINT ( 'NONE',  ( 9.299999999999998934, 0.0000000000000000000, 1.700000000000000178 ) ) ;
#10254 =( NAMED_UNIT ( * ) SI_UNIT ( $, .STERADIAN. ) SOLID_ANGLE_UNIT ( ) );
#10255 = VECTOR ( 'NONE', #1115, 1000.000000000000000 ) ;
#10256 =( GEOMETRIC_REPRESENTATION_CONTEXT ( 3 ) GLOBAL_UNCERTAINTY_ASSIGNED_CONTEXT ( ( #8684 ) ) GLOBAL_UNIT_ASSIGNED_CONTEXT ( ( #8628, #2920, #10760 ) ) REPRESENTATION_CONTEXT ( 'NONE', 'WORKASPACE' ) );
#10257 =( LENGTH_UNIT ( ) NAMED_UNIT ( * ) SI_UNIT ( .MILLI., .METRE. ) );
#10258 = EDGE_CURVE ( 'NONE', #3692, #4252, #5149, .T. ) ;
#10259 = STYLED_ITEM ( 'NONE', ( #2071 ), #3499 ) ;
#10260 = LINE ( 'NONE', #7397, #2682 ) ;
#10261 = PRESENTATION_STYLE_ASSIGNMENT (( #11130 ) ) ;
#10262 = FACE_OUTER_BOUND ( 'NONE', #9998, .T. ) ;
#10263 =( NAMED_UNIT ( * ) PLANE_ANGLE_UNIT ( ) SI_UNIT ( $, .RADIAN. ) );
#10264 = VECTOR ( 'NONE', #9675, 1000.000000000000000 ) ;
#10265 = VERTEX_POINT ( 'NONE', #1182 ) ;
#10266 = VECTOR ( 'NONE', #9536, 1000.000000000000000 ) ;
#10267 = CARTESIAN_POINT ( 'NONE',  ( 2.699999999999998845, 0.1999999999999999833, -2.800000000000000266 ) ) ;
#10268 =( GEOMETRIC_REPRESENTATION_CONTEXT ( 3 ) GLOBAL_UNCERTAINTY_ASSIGNED_CONTEXT ( ( #8342 ) ) GLOBAL_UNIT_ASSIGNED_CONTEXT ( ( #11568, #5150, #4209 ) ) REPRESENTATION_CONTEXT ( 'NONE', 'WORKASPACE' ) );
#10269 = DIRECTION ( 'NONE',  ( 1.000000000000000000, -5.421010862427522170E-17, 0.0000000000000000000 ) ) ;
#10270 = STYLED_ITEM ( 'NONE', ( #1282 ), #3855 ) ;
#10271 = ORIENTED_EDGE ( 'NONE', *, *, #12517, .F. ) ;
#10272 = DIRECTION ( 'NONE',  ( 0.5773502691896239547, -0.5773502691896289507, 0.5773502691896243988 ) ) ;
#10273 = CARTESIAN_POINT ( 'NONE',  ( 1.750000000000000222, -3.300000000000000266, 0.2500000000000002220 ) ) ;
#10274 = COLOUR_RGB ( '',1.000000000000000000, 0.8117647058823529438, 0.5019607843137254832 ) ;
#10275 = SURFACE_SIDE_STYLE ('',( #2565 ) ) ;
#10276 = UNCERTAINTY_MEASURE_WITH_UNIT (LENGTH_MEASURE( 1.000000000000000082E-05 ), #11190, 'distance_accuracy_value', 'NONE');
#10277 = ORIENTED_EDGE ( 'NONE', *, *, #963, .T. ) ;
#10278 = PRESENTATION_LAYER_ASSIGNMENT (  '', '', ( #1256 ) ) ;
#10279 = EDGE_CURVE ( 'NONE', #1445, #9340, #8085, .T. ) ;
#10280 = EDGE_CURVE ( 'NONE', #4935, #10330, #10052, .T. ) ;
#10281 = SURFACE_STYLE_USAGE ( .BOTH. , #7284 ) ;
#10282 =( NAMED_UNIT ( * ) PLANE_ANGLE_UNIT ( ) SI_UNIT ( $, .RADIAN. ) );
#10283 = STYLED_ITEM ( 'NONE', ( #2536 ), #4116 ) ;
#10284 = DIRECTION ( 'NONE',  ( 9.103382349328301547E-49, 2.350988701644575016E-32, 1.000000000000000000 ) ) ;
#10285 = VERTEX_POINT ( 'NONE', #2072 ) ;
#10286 = STYLED_ITEM ( 'NONE', ( #7344 ), #4642 ) ;
#10287 = DIRECTION ( 'NONE',  ( 9.103382349328301547E-49, 2.350988701644575016E-32, 1.000000000000000000 ) ) ;
#10288 = CARTESIAN_POINT ( 'NONE',  ( -1.949999999999999956, 6.000000000000000000, -2.800000000000000266 ) ) ;
#10289 = PRESENTATION_LAYER_ASSIGNMENT (  '', '', ( #5195 ) ) ;
#10290 = PLANE ( 'NONE',  #4812 ) ;
#10291 = STYLED_ITEM ( 'NONE', ( #4664 ), #12033 ) ;
#10292 = ORIENTED_EDGE ( 'NONE', *, *, #3456, .F. ) ;
#10293 =( LENGTH_UNIT ( ) NAMED_UNIT ( * ) SI_UNIT ( .MILLI., .METRE. ) );
#10294 = ORIENTED_EDGE ( 'NONE', *, *, #10599, .F. ) ;
#10295 = SURFACE_SIDE_STYLE ('',( #2388 ) ) ;
#10296 = DIRECTION ( 'NONE',  ( 0.0000000000000000000, -0.0000000000000000000, 1.000000000000000000 ) ) ;
#10297 = DIRECTION ( 'NONE',  ( -1.000000000000000000, 0.0000000000000000000, 0.0000000000000000000 ) ) ;
#10298 = CARTESIAN_POINT ( 'NONE',  ( -1.180000000000000382, 4.229999999999999538, 1.700000000000000178 ) ) ;
#10299 = DIRECTION ( 'NONE',  ( -1.000000000000000000, 0.0000000000000000000, -0.0000000000000000000 ) ) ;
#10300 = CARTESIAN_POINT ( 'NONE',  ( 9.299999999999998934, 0.2000000000000000389, -2.800000000000000266 ) ) ;
#10301 = EDGE_CURVE ( 'NONE', #1000, #1499, #4046, .T. ) ;
#10302 = DIRECTION ( 'NONE',  ( 3.872150616019660190E-17, 1.000000000000000000, -0.0000000000000000000 ) ) ;
#10303 = UNCERTAINTY_MEASURE_WITH_UNIT (LENGTH_MEASURE( 1.000000000000000082E-05 ), #764, 'distance_accuracy_value', 'NONE');
#10304 = DIRECTION ( 'NONE',  ( 0.7071067811865489050, -0.7071067811865461294, -3.066586833366754193E-16 ) ) ;
#10305 = CARTESIAN_POINT ( 'NONE',  ( 17.94999999999999574, 6.000000000000000000, 1.699999999999999289 ) ) ;
#10306 =( NAMED_UNIT ( * ) SI_UNIT ( $, .STERADIAN. ) SOLID_ANGLE_UNIT ( ) );
#10307 = PRESENTATION_STYLE_ASSIGNMENT (( #6420 ) ) ;
#10308 = SURFACE_SIDE_STYLE ('',( #416 ) ) ;
#10309 = ORIENTED_EDGE ( 'NONE', *, *, #11510, .T. ) ;
#10310 = PRESENTATION_LAYER_ASSIGNMENT (  '', '', ( #8675 ) ) ;
#10311 = CARTESIAN_POINT ( 'NONE',  ( 3.750000000000000444, -3.300000000000000266, -0.2499999999999997780 ) ) ;
#10312 = PRESENTATION_STYLE_ASSIGNMENT (( #9204 ) ) ;
#10313 = ORIENTED_EDGE ( 'NONE', *, *, #5690, .F. ) ;
#10314 = ADVANCED_FACE ( 'NONE', ( #11784 ), #1043, .F. ) ;
#10315 = UNCERTAINTY_MEASURE_WITH_UNIT (LENGTH_MEASURE( 1.000000000000000082E-05 ), #11441, 'distance_accuracy_value', 'NONE');
#10316 = ADVANCED_FACE ( 'NONE', ( #10839 ), #5255, .F. ) ;
#10317 = CARTESIAN_POINT ( 'NONE',  ( -1.350000000000000089, 1.149999999999999911, -1.050000000000001821 ) ) ;
#10318 = EDGE_CURVE ( 'NONE', #10127, #12280, #5193, .T. ) ;
#10319 = SURFACE_SIDE_STYLE ('',( #4455 ) ) ;
#10320 = DIRECTION ( 'NONE',  ( -0.0000000000000000000, 1.000000000000000000, -0.0000000000000000000 ) ) ;
#10321 = LINE ( 'NONE', #3537, #12371 ) ;
#10322 = CARTESIAN_POINT ( 'NONE',  ( 0.2499999999999997780, 0.2000000000000000111, 0.2500000000000002220 ) ) ;
#10323 = DIRECTION ( 'NONE',  ( -3.872150616019660190E-17, -1.000000000000000000, 0.0000000000000000000 ) ) ;
#10324 = SURFACE_SIDE_STYLE ('',( #1074 ) ) ;
#10325 = ADVANCED_FACE ( 'NONE', ( #4299 ), #9076, .F. ) ;
#10326 = VECTOR ( 'NONE', #6324, 1000.000000000000000 ) ;
#10327 = LINE ( 'NONE', #1576, #5586 ) ;
#10328 = CARTESIAN_POINT ( 'NONE',  ( 17.34999999999999076, 6.000000000000000000, -0.6799999999999982725 ) ) ;
#10329 = SURFACE_STYLE_USAGE ( .BOTH. , #12193 ) ;
#10330 = VERTEX_POINT ( 'NONE', #3633 ) ;
#10331 = DIRECTION ( 'NONE',  ( -3.872150616019660190E-17, -1.000000000000000000, 0.0000000000000000000 ) ) ;
#10332 = ORIENTED_EDGE ( 'NONE', *, *, #7550, .T. ) ;
#10333 = VERTEX_POINT ( 'NONE', #7301 ) ;
#10334 = CARTESIAN_POINT ( 'NONE',  ( 13.74999999999999822, 5.000000000000000888, 0.2500000000000002220 ) ) ;
#10335 = PRESENTATION_STYLE_ASSIGNMENT (( #6449 ) ) ;
#10336 = AXIS2_PLACEMENT_3D ( 'NONE', #10511, #12247, #1571 ) ;
#10337 = DIRECTION ( 'NONE',  ( -1.000000000000000000, 0.0000000000000000000, 0.0000000000000000000 ) ) ;
#10338 = LINE ( 'NONE', #8286, #3774 ) ;
#10339 = ORIENTED_EDGE ( 'NONE', *, *, #6315, .F. ) ;
#10340 =( LENGTH_UNIT ( ) NAMED_UNIT ( * ) SI_UNIT ( .MILLI., .METRE. ) );
#10341 = LINE ( 'NONE', #1338, #641 ) ;
#10342 = PRESENTATION_STYLE_ASSIGNMENT (( #2442 ) ) ;
#10343 = FILL_AREA_STYLE_COLOUR ( '', #2191 ) ;
#10344 = VERTEX_POINT ( 'NONE', #5498 ) ;
#10345 = ORIENTED_EDGE ( 'NONE', *, *, #3065, .T. ) ;
#10346 = VECTOR ( 'NONE', #911, 1000.000000000000000 ) ;
#10347 = FACE_OUTER_BOUND ( 'NONE', #1166, .T. ) ;
#10348 = DIRECTION ( 'NONE',  ( 0.5773502691896192918, 0.5773502691896392758, 0.5773502691896187367 ) ) ;
#10349 = ADVANCED_FACE ( 'NONE', ( #8245 ), #2459, .F. ) ;
#10350 = LINE ( 'NONE', #656, #11620 ) ;
#10351 = EDGE_CURVE ( 'NONE', #5825, #5636, #8496, .T. ) ;
#10352 = LINE ( 'NONE', #11025, #4193 ) ;
#10353 = ADVANCED_FACE ( 'NONE', ( #4559 ), #6272, .F. ) ;
#10354 = EDGE_LOOP ( 'NONE', ( #1126, #9991, #5820, #1053 ) ) ;
#10355 =( LENGTH_UNIT ( ) NAMED_UNIT ( * ) SI_UNIT ( .MILLI., .METRE. ) );
#10356 = DIRECTION ( 'NONE',  ( -1.927470528863119542E-16, 1.000000000000000000, 0.0000000000000000000 ) ) ;
#10357 = LINE ( 'NONE', #1543, #9029 ) ;
#10358 = EDGE_LOOP ( 'NONE', ( #11780, #10372, #1847, #9460 ) ) ;
#10359 = VECTOR ( 'NONE', #3873, 1000.000000000000000 ) ;
#10360 = PLANE ( 'NONE',  #8417 ) ;
#10361 = DIRECTION ( 'NONE',  ( -1.000000000000000000, 3.872150616019660190E-17, 0.0000000000000000000 ) ) ;
#10362 = LINE ( 'NONE', #10415, #10560 ) ;
#10363 =( NAMED_UNIT ( * ) PLANE_ANGLE_UNIT ( ) SI_UNIT ( $, .RADIAN. ) );
#10364 =( LENGTH_UNIT ( ) NAMED_UNIT ( * ) SI_UNIT ( .MILLI., .METRE. ) );
#10365 = FILL_AREA_STYLE_COLOUR ( '', #1037 ) ;
#10366 = STYLED_ITEM ( 'NONE', ( #8973 ), #467 ) ;
#10367 = PLANE ( 'NONE',  #1054 ) ;
#10368 = EDGE_CURVE ( 'NONE', #5049, #4344, #10594, .T. ) ;
#10369 = EDGE_CURVE ( 'NONE', #4503, #3015, #5878, .T. ) ;
#10370 =( LENGTH_UNIT ( ) NAMED_UNIT ( * ) SI_UNIT ( .MILLI., .METRE. ) );
#10371 = EDGE_LOOP ( 'NONE', ( #12312, #2407, #7330, #12469 ) ) ;
#10372 = ORIENTED_EDGE ( 'NONE', *, *, #7678, .T. ) ;
#10373 = VERTEX_POINT ( 'NONE', #2718 ) ;
#10374 = COLOUR_RGB ( '',1.000000000000000000, 1.000000000000000000, 1.000000000000000000 ) ;
#10375 = CARTESIAN_POINT ( 'NONE',  ( 7.850000000000001421, 5.100000000000001421, 0.1500000000000008271 ) ) ;
#10376 = COLOUR_RGB ( '',1.000000000000000000, 0.8117647058823529438, 0.5019607843137254832 ) ;
#10377 = EDGE_CURVE ( 'NONE', #739, #8316, #1936, .T. ) ;
#10378 = FACE_OUTER_BOUND ( 'NONE', #17, .T. ) ;
#10379 = ORIENTED_EDGE ( 'NONE', *, *, #12328, .T. ) ;
#10380 =( LENGTH_UNIT ( ) NAMED_UNIT ( * ) SI_UNIT ( .MILLI., .METRE. ) );
#10381 = PRESENTATION_STYLE_ASSIGNMENT (( #6550 ) ) ;
#10382 =( NAMED_UNIT ( * ) PLANE_ANGLE_UNIT ( ) SI_UNIT ( $, .RADIAN. ) );
#10383 = DIRECTION ( 'NONE',  ( -1.000000000000000000, 3.872150616019660190E-17, 0.0000000000000000000 ) ) ;
#10384 = SURFACE_STYLE_USAGE ( .BOTH. , #1950 ) ;
#10385 = AXIS2_PLACEMENT_3D ( 'NONE', #8722, #6755, #8595 ) ;
#10386 = ORIENTED_EDGE ( 'NONE', *, *, #11713, .F. ) ;
#10387 = DIRECTION ( 'NONE',  ( 1.927470528863119542E-16, -1.000000000000000000, 0.0000000000000000000 ) ) ;
#10388 = LINE ( 'NONE', #8149, #53 ) ;
#10389 = PLANE ( 'NONE',  #1390 ) ;
#10390 = ORIENTED_EDGE ( 'NONE', *, *, #3974, .T. ) ;
#10391 = AXIS2_PLACEMENT_3D ( 'NONE', #10984, #12118, #9211 ) ;
#10392 = SURFACE_STYLE_FILL_AREA ( #9359 ) ;
#10393 = ORIENTED_EDGE ( 'NONE', *, *, #9572, .F. ) ;
#10394 = ORIENTED_EDGE ( 'NONE', *, *, #5593, .F. ) ;
#10395 = LINE ( 'NONE', #10334, #3688 ) ;
#10396 =( NAMED_UNIT ( * ) SI_UNIT ( $, .STERADIAN. ) SOLID_ANGLE_UNIT ( ) );
#10397 = PLANE ( 'NONE',  #2906 ) ;
#10398 = CARTESIAN_POINT ( 'NONE',  ( 1.299999999999999600, 0.2000000000000000389, -2.800000000000000266 ) ) ;
#10399 = UNCERTAINTY_MEASURE_WITH_UNIT (LENGTH_MEASURE( 1.000000000000000082E-05 ), #4372, 'distance_accuracy_value', 'NONE');
#10400 = CARTESIAN_POINT ( 'NONE',  ( 14.75000000000000000, 3.399999999999999467, -2.050000000000001599 ) ) ;
#10401 =( NAMED_UNIT ( * ) PLANE_ANGLE_UNIT ( ) SI_UNIT ( $, .RADIAN. ) );
#10402 = DIRECTION ( 'NONE',  ( 0.7071067811865459074, -0.7071067811865491270, -3.066586833366741374E-16 ) ) ;
#10403 =( NAMED_UNIT ( * ) SI_UNIT ( $, .STERADIAN. ) SOLID_ANGLE_UNIT ( ) );
#10404 =( NAMED_UNIT ( * ) SI_UNIT ( $, .STERADIAN. ) SOLID_ANGLE_UNIT ( ) );
#10405 = SURFACE_STYLE_USAGE ( .BOTH. , #11345 ) ;
#10406 = MECHANICAL_DESIGN_GEOMETRIC_PRESENTATION_REPRESENTATION (  '', ( #4716 ), #1987 ) ;
#10407 = LINE ( 'NONE', #1601, #396 ) ;
#10408 = FILL_AREA_STYLE ('',( #1603 ) ) ;
#10409 = LINE ( 'NONE', #7553, #11059 ) ;
#10410 = VECTOR ( 'NONE', #3484, 1000.000000000000000 ) ;
#10411 = COLOUR_RGB ( '',1.000000000000000000, 0.8117647058823529438, 0.5019607843137254832 ) ;
#10412 = DIRECTION ( 'NONE',  ( -9.103382349328301547E-49, -2.350988701644575016E-32, -1.000000000000000000 ) ) ;
#10413 = DIRECTION ( 'NONE',  ( -1.000000000000000000, 0.0000000000000000000, -0.0000000000000000000 ) ) ;
#10414 = EDGE_CURVE ( 'NONE', #11378, #2829, #5756, .T. ) ;
#10415 = CARTESIAN_POINT ( 'NONE',  ( 7.750000000000000000, -3.300000000000000266, 0.2500000000000002220 ) ) ;
#10416 = CARTESIAN_POINT ( 'NONE',  ( 14.14999999999999858, -3.399999999999999911, -0.1500000000000003830 ) ) ;
#10417 = ORIENTED_EDGE ( 'NONE', *, *, #8637, .F. ) ;
#10418 = DIRECTION ( 'NONE',  ( 0.5773502691896259531, 0.5773502691896259531, -0.5773502691896255090 ) ) ;
#10419 = STYLED_ITEM ( 'NONE', ( #4532 ), #5977 ) ;
#10420 = STYLED_ITEM ( 'NONE', ( #3797 ), #6946 ) ;
#10421 = AXIS2_PLACEMENT_3D ( 'NONE', #7887, #8131, #6086 ) ;
#10422 = PRESENTATION_STYLE_ASSIGNMENT (( #4700 ) ) ;
#10423 = ORIENTED_EDGE ( 'NONE', *, *, #9004, .F. ) ;
#10424 = DIRECTION ( 'NONE',  ( 1.000000000000000000, 0.0000000000000000000, 0.0000000000000000000 ) ) ;
#10425 = VECTOR ( 'NONE', #6909, 1000.000000000000000 ) ;
#10426 = ADVANCED_FACE ( 'NONE', ( #4690 ), #5824, .F. ) ;
#10427 = ORIENTED_EDGE ( 'NONE', *, *, #7186, .T. ) ;
#10428 =( GEOMETRIC_REPRESENTATION_CONTEXT ( 3 ) GLOBAL_UNCERTAINTY_ASSIGNED_CONTEXT ( ( #1947 ) ) GLOBAL_UNIT_ASSIGNED_CONTEXT ( ( #11725, #2977, #11666 ) ) REPRESENTATION_CONTEXT ( 'NONE', 'WORKASPACE' ) );
#10429 =( GEOMETRIC_REPRESENTATION_CONTEXT ( 3 ) GLOBAL_UNCERTAINTY_ASSIGNED_CONTEXT ( ( #1044 ) ) GLOBAL_UNIT_ASSIGNED_CONTEXT ( ( #10577, #3813, #3867 ) ) REPRESENTATION_CONTEXT ( 'NONE', 'WORKASPACE' ) );
#10430 = EDGE_CURVE ( 'NONE', #6787, #1191, #3834, .T. ) ;
#10431 = MECHANICAL_DESIGN_GEOMETRIC_PRESENTATION_REPRESENTATION (  '', ( #3266 ), #6377 ) ;
#10432 = VECTOR ( 'NONE', #7560, 1000.000000000000000 ) ;
#10433 = EDGE_CURVE ( 'NONE', #11589, #7479, #11476, .T. ) ;
#10434 = VECTOR ( 'NONE', #12468, 1000.000000000000000 ) ;
#10435 =( NAMED_UNIT ( * ) PLANE_ANGLE_UNIT ( ) SI_UNIT ( $, .RADIAN. ) );
#10436 = VERTEX_POINT ( 'NONE', #4921 ) ;
#10437 = ORIENTED_EDGE ( 'NONE', *, *, #3399, .T. ) ;
#10438 = VECTOR ( 'NONE', #10762, 1000.000000000000000 ) ;
#10439 = LINE ( 'NONE', #2491, #11235 ) ;
#10440 = SURFACE_SIDE_STYLE ('',( #12184 ) ) ;
#10441 = SURFACE_STYLE_USAGE ( .BOTH. , #9490 ) ;
#10442 = CARTESIAN_POINT ( 'NONE',  ( 6.249999999999998224, 0.2000000000000000111, -2.800000000000000266 ) ) ;
#10443 = VECTOR ( 'NONE', #4771, 1000.000000000000000 ) ;
#10444 = EDGE_CURVE ( 'NONE', #353, #10936, #5698, .T. ) ;
#10445 = LINE ( 'NONE', #9495, #1431 ) ;
#10446 = CARTESIAN_POINT ( 'NONE',  ( 3.750000000000000444, -3.399999999999999911, 0.1500000000000008271 ) ) ;
#10447 = DIRECTION ( 'NONE',  ( 1.000000000000000000, -3.872150616019660190E-17, -4.336808689942017736E-16 ) ) ;
#10448 = ORIENTED_EDGE ( 'NONE', *, *, #5600, .F. ) ;
#10449 = DIRECTION ( 'NONE',  ( 1.000000000000000000, 1.927470528863119542E-16, -0.0000000000000000000 ) ) ;
#10450 = EDGE_CURVE ( 'NONE', #6774, #255, #2916, .T. ) ;
#10451 = ORIENTED_EDGE ( 'NONE', *, *, #2934, .F. ) ;
#10452 = UNCERTAINTY_MEASURE_WITH_UNIT (LENGTH_MEASURE( 1.000000000000000082E-05 ), #2005, 'distance_accuracy_value', 'NONE');
#10453 = VECTOR ( 'NONE', #4247, 1000.000000000000000 ) ;
#10454 = ORIENTED_EDGE ( 'NONE', *, *, #3156, .F. ) ;
#10455 = EDGE_LOOP ( 'NONE', ( #10309, #7396, #9393, #6181 ) ) ;
#10456 = CARTESIAN_POINT ( 'NONE',  ( 11.25000000000000000, 1.149999999999999911, -2.050000000000001599 ) ) ;
#10457 = SURFACE_STYLE_FILL_AREA ( #6569 ) ;
#10458 = LINE ( 'NONE', #3759, #443 ) ;
#10459 = LINE ( 'NONE', #6704, #5773 ) ;
#10460 = PRESENTATION_LAYER_ASSIGNMENT (  '', '', ( #7244 ) ) ;
#10461 = FILL_AREA_STYLE ('',( #382 ) ) ;
#10462 = ORIENTED_EDGE ( 'NONE', *, *, #1154, .F. ) ;
#10463 = MECHANICAL_DESIGN_GEOMETRIC_PRESENTATION_REPRESENTATION (  '', ( #2888 ), #8212 ) ;
#10464 = CARTESIAN_POINT ( 'NONE',  ( 14.84999999999999432, 6.000000000000001776, -2.801000000000000600 ) ) ;
#10465 = AXIS2_PLACEMENT_3D ( 'NONE', #11032, #11737, #7882 ) ;
#10466 = CARTESIAN_POINT ( 'NONE',  ( 17.94999999999999574, 1.380000000000004778, 1.700000000000000178 ) ) ;
#10467 = SURFACE_STYLE_USAGE ( .BOTH. , #11283 ) ;
#10468 = LINE ( 'NONE', #5626, #558 ) ;
#10469 = ORIENTED_EDGE ( 'NONE', *, *, #10377, .F. ) ;
#10470 = ORIENTED_EDGE ( 'NONE', *, *, #1953, .T. ) ;
#10471 = CARTESIAN_POINT ( 'NONE',  ( 8.750000000000000000, 3.399999999999999467, -2.050000000000001599 ) ) ;
#10472 =( LENGTH_UNIT ( ) NAMED_UNIT ( * ) SI_UNIT ( .MILLI., .METRE. ) );
#10473 = COLOUR_RGB ( '',1.000000000000000000, 0.8117647058823529438, 0.5019607843137254832 ) ;
#10474 = SURFACE_SIDE_STYLE ('',( #2523 ) ) ;
#10475 = PRESENTATION_LAYER_ASSIGNMENT (  '', '', ( #11266 ) ) ;
#10476 = SURFACE_SIDE_STYLE ('',( #4804 ) ) ;
#10477 = AXIS2_PLACEMENT_3D ( 'NONE', #10471, #12212, #6396 ) ;
#10478 = UNCERTAINTY_MEASURE_WITH_UNIT (LENGTH_MEASURE( 1.000000000000000082E-05 ), #4835, 'distance_accuracy_value', 'NONE');
#10479 = VECTOR ( 'NONE', #4567, 1000.000000000000000 ) ;
#10480 = LINE ( 'NONE', #9462, #6805 ) ;
#10481 = VECTOR ( 'NONE', #2625, 1000.000000000000114 ) ;
#10482 = PRESENTATION_LAYER_ASSIGNMENT (  '', '', ( #5588 ) ) ;
#10483 = EDGE_CURVE ( 'NONE', #6625, #2561, #12422, .T. ) ;
#10484 = DIRECTION ( 'NONE',  ( -0.0000000000000000000, -0.7071067811865504593, 0.7071067811865446862 ) ) ;
#10485 = PRESENTATION_LAYER_ASSIGNMENT (  '', '', ( #9464 ) ) ;
#10486 = FILL_AREA_STYLE ('',( #588 ) ) ;
#10487 = SURFACE_SIDE_STYLE ('',( #5763 ) ) ;
#10488 = PRESENTATION_LAYER_ASSIGNMENT (  '', '', ( #9880 ) ) ;
#10489 = ORIENTED_EDGE ( 'NONE', *, *, #9044, .T. ) ;
#10490 = VECTOR ( 'NONE', #5142, 1000.000000000000114 ) ;
#10491 = ORIENTED_EDGE ( 'NONE', *, *, #9950, .F. ) ;
#10492 = FILL_AREA_STYLE ('',( #5714 ) ) ;
#10493 = DIRECTION ( 'NONE',  ( -1.000000000000000000, 0.0000000000000000000, 4.358601698434189525E-17 ) ) ;
#10494 = VERTEX_POINT ( 'NONE', #39 ) ;
#10495 = ORIENTED_EDGE ( 'NONE', *, *, #5593, .T. ) ;
#10496 = EDGE_CURVE ( 'NONE', #7514, #4070, #4865, .T. ) ;
#10497 = EDGE_LOOP ( 'NONE', ( #6496, #5534, #5405, #4003 ) ) ;
#10498 = SURFACE_SIDE_STYLE ('',( #1904 ) ) ;
#10499 =( GEOMETRIC_REPRESENTATION_CONTEXT ( 3 ) GLOBAL_UNCERTAINTY_ASSIGNED_CONTEXT ( ( #10172 ) ) GLOBAL_UNIT_ASSIGNED_CONTEXT ( ( #797, #1701, #10664 ) ) REPRESENTATION_CONTEXT ( 'NONE', 'WORKASPACE' ) );
#10500 = DIRECTION ( 'NONE',  ( 0.0000000000000000000, 0.0000000000000000000, -1.000000000000000000 ) ) ;
#10501 = ORIENTED_EDGE ( 'NONE', *, *, #1955, .F. ) ;
#10502 = VECTOR ( 'NONE', #5228, 1000.000000000000000 ) ;
#10503 = PRESENTATION_LAYER_ASSIGNMENT (  '', '', ( #12520 ) ) ;
#10504 = MECHANICAL_DESIGN_GEOMETRIC_PRESENTATION_REPRESENTATION (  '', ( #1471 ), #12585 ) ;
#10505 = PLANE ( 'NONE',  #5521 ) ;
#10506 = ORIENTED_EDGE ( 'NONE', *, *, #8392, .F. ) ;
#10507 = ADVANCED_FACE ( 'NONE', ( #10542 ), #783, .F. ) ;
#10508 = DIRECTION ( 'NONE',  ( -1.000000000000000000, 5.421010862427522170E-17, 0.0000000000000000000 ) ) ;
#10509 = FACE_OUTER_BOUND ( 'NONE', #2825, .T. ) ;
#10510 = EDGE_CURVE ( 'NONE', #6725, #3477, #5046, .T. ) ;
#10511 = CARTESIAN_POINT ( 'NONE',  ( 4.049999999999999822, 3.149999999999999023, -2.050000000000001599 ) ) ;
#10512 =( NAMED_UNIT ( * ) SI_UNIT ( $, .STERADIAN. ) SOLID_ANGLE_UNIT ( ) );
#10513 = ORIENTED_EDGE ( 'NONE', *, *, #6276, .F. ) ;
#10514 = EDGE_CURVE ( 'NONE', #4389, #10436, #10758, .T. ) ;
#10515 = EDGE_LOOP ( 'NONE', ( #5684, #5739, #6255, #2871 ) ) ;
#10516 = DIRECTION ( 'NONE',  ( 1.000000000000000000, 0.0000000000000000000, 0.0000000000000000000 ) ) ;
#10517 = CARTESIAN_POINT ( 'NONE',  ( 0.6999999999999988454, 0.1999999999999999833, -2.800000000000000266 ) ) ;
#10518 = DIRECTION ( 'NONE',  ( 0.0000000000000000000, 0.0000000000000000000, -1.000000000000000000 ) ) ;
#10519 = SURFACE_SIDE_STYLE ('',( #1165 ) ) ;
#10520 = ORIENTED_EDGE ( 'NONE', *, *, #3338, .F. ) ;
#10521 = PLANE ( 'NONE',  #1682 ) ;
#10522 = PLANE ( 'NONE',  #7358 ) ;
#10523 = PLANE ( 'NONE',  #3058 ) ;
#10524 = ORIENTED_EDGE ( 'NONE', *, *, #5059, .T. ) ;
#10525 = EDGE_CURVE ( 'NONE', #8270, #9795, #146, .T. ) ;
#10526 = SURFACE_SIDE_STYLE ('',( #762 ) ) ;
#10527 = FACE_OUTER_BOUND ( 'NONE', #10354, .T. ) ;
#10528 = LINE ( 'NONE', #768, #9477 ) ;
#10529 = EDGE_LOOP ( 'NONE', ( #6482, #10979, #1661, #7665 ) ) ;
#10530 = UNCERTAINTY_MEASURE_WITH_UNIT (LENGTH_MEASURE( 1.000000000000000082E-05 ), #8692, 'distance_accuracy_value', 'NONE');
#10531 = FACE_OUTER_BOUND ( 'NONE', #1596, .T. ) ;
#10532 = PLANE ( 'NONE',  #12161 ) ;
#10533 = ORIENTED_EDGE ( 'NONE', *, *, #5530, .F. ) ;
#10534 = ORIENTED_EDGE ( 'NONE', *, *, #4679, .F. ) ;
#10535 = EDGE_CURVE ( 'NONE', #6830, #9927, #2052, .T. ) ;
#10536 = VECTOR ( 'NONE', #6952, 1000.000000000000000 ) ;
#10537 = DIRECTION ( 'NONE',  ( -3.872150616019660190E-17, -1.000000000000000000, 0.0000000000000000000 ) ) ;
#10538 =( LENGTH_UNIT ( ) NAMED_UNIT ( * ) SI_UNIT ( .MILLI., .METRE. ) );
#10539 = ORIENTED_EDGE ( 'NONE', *, *, #6221, .T. ) ;
#10540 = SURFACE_STYLE_FILL_AREA ( #9579 ) ;
#10541 = FILL_AREA_STYLE_COLOUR ( '', #9235 ) ;
#10542 = FACE_OUTER_BOUND ( 'NONE', #4311, .T. ) ;
#10543 = ORIENTED_EDGE ( 'NONE', *, *, #10650, .T. ) ;
#10544 = LINE ( 'NONE', #8741, #9661 ) ;
#10545 =( GEOMETRIC_REPRESENTATION_CONTEXT ( 3 ) GLOBAL_UNCERTAINTY_ASSIGNED_CONTEXT ( ( #11450 ) ) GLOBAL_UNIT_ASSIGNED_CONTEXT ( ( #5706, #7508, #6666 ) ) REPRESENTATION_CONTEXT ( 'NONE', 'WORKASPACE' ) );
#10546 = SURFACE_STYLE_FILL_AREA ( #6664 ) ;
#10547 = EDGE_LOOP ( 'NONE', ( #4265, #5610, #5910, #5477 ) ) ;
#10548 = CARTESIAN_POINT ( 'NONE',  ( 11.75000000000000000, -3.399999999999999911, 0.2500000000000002220 ) ) ;
#10549 = CARTESIAN_POINT ( 'NONE',  ( 3.250000000000000888, 3.399999999999999467, -2.350000000000001421 ) ) ;
#10550 = DIRECTION ( 'NONE',  ( -4.336808689942017736E-16, 0.0000000000000000000, -1.000000000000000000 ) ) ;
#10551 = CARTESIAN_POINT ( 'NONE',  ( 0.7500000000000002220, 3.149999999999999023, -2.050000000000001599 ) ) ;
#10552 = FILL_AREA_STYLE_COLOUR ( '', #11285 ) ;
#10553 = ORIENTED_EDGE ( 'NONE', *, *, #4271, .F. ) ;
#10554 = ORIENTED_EDGE ( 'NONE', *, *, #11728, .T. ) ;
#10555 = CARTESIAN_POINT ( 'NONE',  ( 0.1500000000000008271, 5.100000000000001421, -2.800000000000000266 ) ) ;
#10556 = PLANE ( 'NONE',  #11926 ) ;
#10557 = CARTESIAN_POINT ( 'NONE',  ( 13.25000000000000178, 3.149999999999999023, -2.050000000000001599 ) ) ;
#10558 = VERTEX_POINT ( 'NONE', #2971 ) ;
#10559 = VERTEX_POINT ( 'NONE', #3219 ) ;
#10560 = VECTOR ( 'NONE', #1750, 1000.000000000000000 ) ;
#10561 = CARTESIAN_POINT ( 'NONE',  ( -1.350000000000000089, 5.650000000000002132, -2.350000000000001421 ) ) ;
#10562 = PLANE ( 'NONE',  #8406 ) ;
#10563 = SURFACE_STYLE_FILL_AREA ( #8713 ) ;
#10564 = EDGE_LOOP ( 'NONE', ( #11543, #769, #9746, #554 ) ) ;
#10565 = CARTESIAN_POINT ( 'NONE',  ( 10.83333333333333037, -4.383333333333336412, -0.8333333333333343695 ) ) ;
#10566 = CARTESIAN_POINT ( 'NONE',  ( 3.299999999999999378, 0.2000000000000000389, -2.800000000000000266 ) ) ;
#10567 = CARTESIAN_POINT ( 'NONE',  ( 3.849999999999997868, 5.100000000000001421, -2.800000000000001155 ) ) ;
#10568 = VERTEX_POINT ( 'NONE', #5103 ) ;
#10569 = PRESENTATION_LAYER_ASSIGNMENT (  '', '', ( #4681 ) ) ;
#10570 = DIRECTION ( 'NONE',  ( 1.000000000000000000, 0.0000000000000000000, -3.478723548081834449E-17 ) ) ;
#10571 = MECHANICAL_DESIGN_GEOMETRIC_PRESENTATION_REPRESENTATION (  '', ( #3422 ), #2378 ) ;
#10572 = ORIENTED_EDGE ( 'NONE', *, *, #11366, .T. ) ;
#10573 = FACE_OUTER_BOUND ( 'NONE', #3220, .T. ) ;
#10574 = EDGE_CURVE ( 'NONE', #4258, #11378, #1283, .T. ) ;
#10575 = AXIS2_PLACEMENT_3D ( 'NONE', #1139, #1277, #7204 ) ;
#10576 = PRESENTATION_STYLE_ASSIGNMENT (( #6693 ) ) ;
#10577 =( LENGTH_UNIT ( ) NAMED_UNIT ( * ) SI_UNIT ( .MILLI., .METRE. ) );
#10578 = CARTESIAN_POINT ( 'NONE',  ( 10.75000000000000000, 3.399999999999999467, -2.350000000000001421 ) ) ;
#10579 = FILL_AREA_STYLE ('',( #7601 ) ) ;
#10580 = CARTESIAN_POINT ( 'NONE',  ( 1.299999999999999600, 0.2000000000000000389, -2.800000000000000266 ) ) ;
#10581 = EDGE_LOOP ( 'NONE', ( #499, #9847, #6298, #12085 ) ) ;
#10582 = LINE ( 'NONE', #7482, #4226 ) ;
#10583 =( NAMED_UNIT ( * ) PLANE_ANGLE_UNIT ( ) SI_UNIT ( $, .RADIAN. ) );
#10584 = DIRECTION ( 'NONE',  ( -1.000000000000000000, -0.0000000000000000000, -0.0000000000000000000 ) ) ;
#10585 = FACE_OUTER_BOUND ( 'NONE', #3657, .T. ) ;
#10586 = EDGE_CURVE ( 'NONE', #1036, #9831, #6186, .T. ) ;
#10587 = ADVANCED_FACE ( 'NONE', ( #1209 ), #3162, .F. ) ;
#10588 = FACE_BOUND ( 'NONE', #7685, .T. ) ;
#10589 =( NAMED_UNIT ( * ) PLANE_ANGLE_UNIT ( ) SI_UNIT ( $, .RADIAN. ) );
#10590 =( GEOMETRIC_REPRESENTATION_CONTEXT ( 3 ) GLOBAL_UNCERTAINTY_ASSIGNED_CONTEXT ( ( #2615 ) ) GLOBAL_UNIT_ASSIGNED_CONTEXT ( ( #8581, #1638, #6539 ) ) REPRESENTATION_CONTEXT ( 'NONE', 'WORKASPACE' ) );
#10591 = LINE ( 'NONE', #7913, #9468 ) ;
#10592 = UNCERTAINTY_MEASURE_WITH_UNIT (LENGTH_MEASURE( 1.000000000000000082E-05 ), #2185, 'distance_accuracy_value', 'NONE');
#10593 = ORIENTED_EDGE ( 'NONE', *, *, #10351, .T. ) ;
#10594 = LINE ( 'NONE', #1807, #8648 ) ;
#10595 =( GEOMETRIC_REPRESENTATION_CONTEXT ( 3 ) GLOBAL_UNCERTAINTY_ASSIGNED_CONTEXT ( ( #4605 ) ) GLOBAL_UNIT_ASSIGNED_CONTEXT ( ( #4948, #4190, #8823 ) ) REPRESENTATION_CONTEXT ( 'NONE', 'WORKASPACE' ) );
#10596 = EDGE_LOOP ( 'NONE', ( #2959, #9533, #3836, #5480 ) ) ;
#10597 = CARTESIAN_POINT ( 'NONE',  ( 9.750000000000000000, 5.000000000000000888, 0.2500000000000002220 ) ) ;
#10598 = ORIENTED_EDGE ( 'NONE', *, *, #2514, .F. ) ;
#10599 = EDGE_CURVE ( 'NONE', #6711, #2829, #8109, .T. ) ;
#10600 = DIRECTION ( 'NONE',  ( -1.000000000000000000, 5.421010862427522170E-17, 0.0000000000000000000 ) ) ;
#10601 = ORIENTED_EDGE ( 'NONE', *, *, #12, .T. ) ;
#10602 = CARTESIAN_POINT ( 'NONE',  ( 6.749999999999999112, 1.149999999999999911, -2.350000000000001421 ) ) ;
#10603 = FILL_AREA_STYLE ('',( #8506 ) ) ;
#10604 =( NAMED_UNIT ( * ) SI_UNIT ( $, .STERADIAN. ) SOLID_ANGLE_UNIT ( ) );
#10605 = EDGE_LOOP ( 'NONE', ( #5071, #6019, #6447, #8718 ) ) ;
#10606 = COLOUR_RGB ( '',1.000000000000000000, 1.000000000000000000, 1.000000000000000000 ) ;
#10607 = DIRECTION ( 'NONE',  ( 1.000000000000000000, -5.421010862427522170E-17, 0.0000000000000000000 ) ) ;
#10608 = DIRECTION ( 'NONE',  ( 1.000000000000000000, 0.0000000000000000000, 0.0000000000000000000 ) ) ;
#10609 = VERTEX_POINT ( 'NONE', #5360 ) ;
#10610 = AXIS2_PLACEMENT_3D ( 'NONE', #6545, #3462, #12059 ) ;
#10611 = SURFACE_SIDE_STYLE ('',( #6801 ) ) ;
#10612 = PRESENTATION_LAYER_ASSIGNMENT (  '', '', ( #5731 ) ) ;
#10613 = DIRECTION ( 'NONE',  ( 0.5773502691896308381, -0.5773502691896235106, -0.5773502691896228445 ) ) ;
#10614 =( NAMED_UNIT ( * ) PLANE_ANGLE_UNIT ( ) SI_UNIT ( $, .RADIAN. ) );
#10615 =( GEOMETRIC_REPRESENTATION_CONTEXT ( 3 ) GLOBAL_UNCERTAINTY_ASSIGNED_CONTEXT ( ( #8360 ) ) GLOBAL_UNIT_ASSIGNED_CONTEXT ( ( #5803, #4077, #1132 ) ) REPRESENTATION_CONTEXT ( 'NONE', 'WORKASPACE' ) );
#10616 = ORIENTED_EDGE ( 'NONE', *, *, #3616, .T. ) ;
#10617 = DIRECTION ( 'NONE',  ( -0.0000000000000000000, 0.0000000000000000000, 1.000000000000000000 ) ) ;
#10618 = VECTOR ( 'NONE', #11213, 1000.000000000000000 ) ;
#10619 = VERTEX_POINT ( 'NONE', #4471 ) ;
#10620 = SURFACE_SIDE_STYLE ('',( #7826 ) ) ;
#10621 = SURFACE_SIDE_STYLE ('',( #1960 ) ) ;
#10622 = ORIENTED_EDGE ( 'NONE', *, *, #8371, .T. ) ;
#10623 = VERTEX_POINT ( 'NONE', #8225 ) ;
#10624 = AXIS2_PLACEMENT_3D ( 'NONE', #6756, #6083, #4719 ) ;
#10625 = VECTOR ( 'NONE', #536, 1000.000000000000000 ) ;
#10626 = VECTOR ( 'NONE', #4951, 1000.000000000000000 ) ;
#10627 = EDGE_CURVE ( 'NONE', #509, #6892, #10338, .T. ) ;
#10628 = DIRECTION ( 'NONE',  ( 0.7071067811865475727, -0.7071067811865475727, 1.662400053425836136E-32 ) ) ;
#10629 = SURFACE_SIDE_STYLE ('',( #8534 ) ) ;
#10630 = SURFACE_STYLE_FILL_AREA ( #10695 ) ;
#10631 =( GEOMETRIC_REPRESENTATION_CONTEXT ( 3 ) GLOBAL_UNCERTAINTY_ASSIGNED_CONTEXT ( ( #1254 ) ) GLOBAL_UNIT_ASSIGNED_CONTEXT ( ( #1039, #967, #5947 ) ) REPRESENTATION_CONTEXT ( 'NONE', 'WORKASPACE' ) );
#10632 =( NAMED_UNIT ( * ) SI_UNIT ( $, .STERADIAN. ) SOLID_ANGLE_UNIT ( ) );
#10633 = DIRECTION ( 'NONE',  ( -1.000000000000000000, 3.872150616019661422E-17, 0.0000000000000000000 ) ) ;
#10634 = ORIENTED_EDGE ( 'NONE', *, *, #12366, .F. ) ;
#10635 = CARTESIAN_POINT ( 'NONE',  ( 15.75000000000000000, -3.399999999999999911, 0.2500000000000002220 ) ) ;
#10636 = FILL_AREA_STYLE_COLOUR ( '', #3966 ) ;
#10637 = MECHANICAL_DESIGN_GEOMETRIC_PRESENTATION_REPRESENTATION (  '', ( #10825 ), #4549 ) ;
#10638 = EDGE_CURVE ( 'NONE', #228, #10619, #5484, .T. ) ;
#10639 = FILL_AREA_STYLE ('',( #11579 ) ) ;
#10640 = ORIENTED_EDGE ( 'NONE', *, *, #12110, .T. ) ;
#10641 = PRESENTATION_LAYER_ASSIGNMENT (  '', '', ( #2230 ) ) ;
#10642 = SURFACE_SIDE_STYLE ('',( #9711 ) ) ;
#10643 = PLANE ( 'NONE',  #8133 ) ;
#10644 = VECTOR ( 'NONE', #6652, 1000.000000000000000 ) ;
#10645 = DIRECTION ( 'NONE',  ( 3.872150616019660190E-17, 1.000000000000000000, -0.0000000000000000000 ) ) ;
#10646 = LINE ( 'NONE', #10819, #8376 ) ;
#10647 = DIRECTION ( 'NONE',  ( 1.000000000000000000, -5.421010862427522170E-17, 0.0000000000000000000 ) ) ;
#10648 = EDGE_CURVE ( 'NONE', #11752, #3251, #9242, .T. ) ;
#10649 = CARTESIAN_POINT ( 'NONE',  ( 1.250000000000000666, 3.149999999999999023, -2.050000000000001599 ) ) ;
#10650 = EDGE_CURVE ( 'NONE', #8909, #76, #3363, .T. ) ;
#10651 = DIRECTION ( 'NONE',  ( 3.872150616019660190E-17, 1.000000000000000000, -0.0000000000000000000 ) ) ;
#10652 = SURFACE_STYLE_FILL_AREA ( #12551 ) ;
#10653 = MECHANICAL_DESIGN_GEOMETRIC_PRESENTATION_REPRESENTATION (  '', ( #10059 ), #5165 ) ;
#10654 = CARTESIAN_POINT ( 'NONE',  ( 10.24999999999999822, -3.300000000000000266, -0.2499999999999997780 ) ) ;
#10655 = VECTOR ( 'NONE', #6660, 1000.000000000000000 ) ;
#10656 = CARTESIAN_POINT ( 'NONE',  ( 14.24999999999999822, 5.000000000000000888, -0.2499999999999997780 ) ) ;
#10657 = LINE ( 'NONE', #4869, #9931 ) ;
#10658 = LINE ( 'NONE', #11601, #5800 ) ;
#10659 = DIRECTION ( 'NONE',  ( -9.103382349328301547E-49, -2.350988701644575016E-32, -1.000000000000000000 ) ) ;
#10660 = MECHANICAL_DESIGN_GEOMETRIC_PRESENTATION_REPRESENTATION (  '', ( #2478 ), #4982 ) ;
#10661 = AXIS2_PLACEMENT_3D ( 'NONE', #9385, #2396, #10413 ) ;
#10662 = SURFACE_STYLE_FILL_AREA ( #11602 ) ;
#10663 =( GEOMETRIC_REPRESENTATION_CONTEXT ( 3 ) GLOBAL_UNCERTAINTY_ASSIGNED_CONTEXT ( ( #12602 ) ) GLOBAL_UNIT_ASSIGNED_CONTEXT ( ( #6854, #10947, #10093 ) ) REPRESENTATION_CONTEXT ( 'NONE', 'WORKASPACE' ) );
#10664 =( NAMED_UNIT ( * ) SI_UNIT ( $, .STERADIAN. ) SOLID_ANGLE_UNIT ( ) );
#10665 = ORIENTED_EDGE ( 'NONE', *, *, #4114, .T. ) ;
#10666 = VECTOR ( 'NONE', #2532, 1000.000000000000114 ) ;
#10667 = VECTOR ( 'NONE', #7399, 1000.000000000000000 ) ;
#10668 = DIRECTION ( 'NONE',  ( 1.000000000000000000, 0.0000000000000000000, 0.0000000000000000000 ) ) ;
#10669 = DIRECTION ( 'NONE',  ( -5.421010862427522170E-17, -1.000000000000000000, 2.350988701644575016E-32 ) ) ;
#10670 = VECTOR ( 'NONE', #7485, 1000.000000000000000 ) ;
#10671 = ADVANCED_FACE ( 'NONE', ( #11201, #1336 ), #3428, .F. ) ;
#10672 = COLOUR_RGB ( '',1.000000000000000000, 0.8117647058823529438, 0.5019607843137254832 ) ;
#10673 =( NAMED_UNIT ( * ) SI_UNIT ( $, .STERADIAN. ) SOLID_ANGLE_UNIT ( ) );
#10674 = ORIENTED_EDGE ( 'NONE', *, *, #7424, .F. ) ;
#10675 = UNCERTAINTY_MEASURE_WITH_UNIT (LENGTH_MEASURE( 1.000000000000000082E-05 ), #4623, 'distance_accuracy_value', 'NONE');
#10676 = PRESENTATION_LAYER_ASSIGNMENT (  '', '', ( #6413 ) ) ;
#10677 = AXIS2_PLACEMENT_3D ( 'NONE', #8924, #4924, #1986 ) ;
#10678 = AXIS2_PLACEMENT_3D ( 'NONE', #1739, #513, #4477 ) ;
#10679 = PLANE ( 'NONE',  #10465 ) ;
#10680 =( NAMED_UNIT ( * ) PLANE_ANGLE_UNIT ( ) SI_UNIT ( $, .RADIAN. ) );
#10681 = SURFACE_SIDE_STYLE ('',( #3730 ) ) ;
#10682 =( LENGTH_UNIT ( ) NAMED_UNIT ( * ) SI_UNIT ( .MILLI., .METRE. ) );
#10683 = VECTOR ( 'NONE', #1789, 1000.000000000000000 ) ;
#10684 = ORIENTED_EDGE ( 'NONE', *, *, #1135, .T. ) ;
#10685 = CARTESIAN_POINT ( 'NONE',  ( 4.250000000000000000, -3.399999999999999911, -0.2499999999999997780 ) ) ;
#10686 = FILL_AREA_STYLE ('',( #8525 ) ) ;
#10687 = FILL_AREA_STYLE_COLOUR ( '', #12078 ) ;
#10688 = VECTOR ( 'NONE', #4238, 1000.000000000000000 ) ;
#10689 = ORIENTED_EDGE ( 'NONE', *, *, #6768, .F. ) ;
#10690 = EDGE_CURVE ( 'NONE', #6212, #5825, #12200, .T. ) ;
#10691 =( GEOMETRIC_REPRESENTATION_CONTEXT ( 3 ) GLOBAL_UNCERTAINTY_ASSIGNED_CONTEXT ( ( #7676 ) ) GLOBAL_UNIT_ASSIGNED_CONTEXT ( ( #12125, #11735, #8530 ) ) REPRESENTATION_CONTEXT ( 'NONE', 'WORKASPACE' ) );
#10692 =( GEOMETRIC_REPRESENTATION_CONTEXT ( 3 ) GLOBAL_UNCERTAINTY_ASSIGNED_CONTEXT ( ( #288 ) ) GLOBAL_UNIT_ASSIGNED_CONTEXT ( ( #9328, #2472, #12230 ) ) REPRESENTATION_CONTEXT ( 'NONE', 'WORKASPACE' ) );
#10693 = DIRECTION ( 'NONE',  ( -3.833233541708420554E-17, -0.7071067811865447972, 0.7071067811865502373 ) ) ;
#10694 = CARTESIAN_POINT ( 'NONE',  ( 12.15000000000000036, -3.399999999999999911, 0.1500000000000008271 ) ) ;
#10695 = FILL_AREA_STYLE ('',( #3607 ) ) ;
#10696 = ORIENTED_EDGE ( 'NONE', *, *, #11682, .F. ) ;
#10697 = DIRECTION ( 'NONE',  ( 3.872150616019661422E-17, 1.000000000000000000, 0.0000000000000000000 ) ) ;
#10698 = ORIENTED_EDGE ( 'NONE', *, *, #4968, .T. ) ;
#10699 = CARTESIAN_POINT ( 'NONE',  ( 1.299999999999999600, 0.2000000000000000389, 1.700000000000000178 ) ) ;
#10700 = PRESENTATION_STYLE_ASSIGNMENT (( #1863 ) ) ;
#10701 = ADVANCED_FACE ( 'NONE', ( #12012 ), #3287, .T. ) ;
#10702 = SURFACE_SIDE_STYLE ('',( #9627 ) ) ;
#10703 = EDGE_LOOP ( 'NONE', ( #3446, #11798, #7859, #612, #7843 ) ) ;
#10704 =( NAMED_UNIT ( * ) SI_UNIT ( $, .STERADIAN. ) SOLID_ANGLE_UNIT ( ) );
#10705 = FILL_AREA_STYLE ('',( #2897 ) ) ;
#10706 = EDGE_LOOP ( 'NONE', ( #12391, #5945, #46, #3650 ) ) ;
#10707 = CARTESIAN_POINT ( 'NONE',  ( 8.150000000000000355, -3.399999999999999911, 0.1500000000000008271 ) ) ;
#10708 = UNCERTAINTY_MEASURE_WITH_UNIT (LENGTH_MEASURE( 1.000000000000000082E-05 ), #5241, 'distance_accuracy_value', 'NONE');
#10709 = DIRECTION ( 'NONE',  ( -0.7071067811865505703, -0.7071067811865444641, 1.662400053425828747E-32 ) ) ;
#10710 = DIRECTION ( 'NONE',  ( 1.000000000000000000, 0.0000000000000000000, 0.0000000000000000000 ) ) ;
#10711 = EDGE_LOOP ( 'NONE', ( #7086, #4256, #1098, #7325 ) ) ;
#10712 = DIRECTION ( 'NONE',  ( 0.5773502691896259531, 0.5773502691896259531, -0.5773502691896255090 ) ) ;
#10713 =( NAMED_UNIT ( * ) PLANE_ANGLE_UNIT ( ) SI_UNIT ( $, .RADIAN. ) );
#10714 = LINE ( 'NONE', #11905, #6827 ) ;
#10715 = DIRECTION ( 'NONE',  ( 1.000000000000000000, 0.0000000000000000000, 0.0000000000000000000 ) ) ;
#10716 = LINE ( 'NONE', #9727, #299 ) ;
#10717 = FACE_OUTER_BOUND ( 'NONE', #307, .T. ) ;
#10718 = EDGE_CURVE ( 'NONE', #6665, #7951, #1671, .T. ) ;
#10719 =( NAMED_UNIT ( * ) SI_UNIT ( $, .STERADIAN. ) SOLID_ANGLE_UNIT ( ) );
#10720 = EDGE_CURVE ( 'NONE', #500, #5636, #7034, .T. ) ;
#10721 = ADVANCED_FACE ( 'NONE', ( #6574 ), #12344, .T. ) ;
#10722 = CARTESIAN_POINT ( 'NONE',  ( 14.24999999999999822, 1.800000000000000044, -2.800000000000000266 ) ) ;
#10723 = ORIENTED_EDGE ( 'NONE', *, *, #9100, .T. ) ;
#10724 = ORIENTED_EDGE ( 'NONE', *, *, #9158, .F. ) ;
#10725 = FILL_AREA_STYLE ('',( #11845 ) ) ;
#10726 =( LENGTH_UNIT ( ) NAMED_UNIT ( * ) SI_UNIT ( .MILLI., .METRE. ) );
#10727 = AXIS2_PLACEMENT_3D ( 'NONE', #6815, #7063, #8717 ) ;
#10728 =( NAMED_UNIT ( * ) SI_UNIT ( $, .STERADIAN. ) SOLID_ANGLE_UNIT ( ) );
#10729 = ORIENTED_EDGE ( 'NONE', *, *, #1872, .F. ) ;
#10730 = FILL_AREA_STYLE ('',( #6992 ) ) ;
#10731 = LINE ( 'NONE', #6265, #3248 ) ;
#10732 =( LENGTH_UNIT ( ) NAMED_UNIT ( * ) SI_UNIT ( .MILLI., .METRE. ) );
#10733 = EDGE_CURVE ( 'NONE', #1484, #1963, #8677, .T. ) ;
#10734 = EDGE_CURVE ( 'NONE', #602, #12175, #11523, .T. ) ;
#10735 = ORIENTED_EDGE ( 'NONE', *, *, #8772, .T. ) ;
#10736 = MECHANICAL_DESIGN_GEOMETRIC_PRESENTATION_REPRESENTATION (  '', ( #5040 ), #8510 ) ;
#10737 = ORIENTED_EDGE ( 'NONE', *, *, #3238, .T. ) ;
#10738 = EDGE_LOOP ( 'NONE', ( #3324, #4675, #8461, #5685 ) ) ;
#10739 = SURFACE_STYLE_FILL_AREA ( #4127 ) ;
#10740 = FILL_AREA_STYLE ('',( #748 ) ) ;
#10741 = CARTESIAN_POINT ( 'NONE',  ( 10.24999999999999822, -3.399999999999999911, -0.1500000000000003830 ) ) ;
#10742 = PRESENTATION_STYLE_ASSIGNMENT (( #6886 ) ) ;
#10743 = COLOUR_RGB ( '',0.7921568627450980005, 0.8196078431372548767, 0.9333333333333333481 ) ;
#10744 = PRESENTATION_STYLE_ASSIGNMENT (( #4136 ) ) ;
#10745 = PLANE ( 'NONE',  #9778 ) ;
#10746 = ADVANCED_FACE ( 'NONE', ( #1867 ), #5866, .F. ) ;
#10747 = PLANE ( 'NONE',  #3461 ) ;
#10748 = LINE ( 'NONE', #1971, #6995 ) ;
#10749 = ORIENTED_EDGE ( 'NONE', *, *, #11838, .F. ) ;
#10750 = PLANE ( 'NONE',  #2963 ) ;
#10751 = STYLED_ITEM ( 'NONE', ( #4203 ), #166 ) ;
#10752 = SHAPE_DEFINITION_REPRESENTATION ( #4562, #5486 ) ;
#10753 = FACE_OUTER_BOUND ( 'NONE', #11623, .T. ) ;
#10754 = LINE ( 'NONE', #36, #4207 ) ;
#10755 = PLANE ( 'NONE',  #9003 ) ;
#10756 = STYLED_ITEM ( 'NONE', ( #10312 ), #247 ) ;
#10757 =( NAMED_UNIT ( * ) PLANE_ANGLE_UNIT ( ) SI_UNIT ( $, .RADIAN. ) );
#10758 = LINE ( 'NONE', #10893, #240 ) ;
#10759 = ORIENTED_EDGE ( 'NONE', *, *, #474, .F. ) ;
#10760 =( NAMED_UNIT ( * ) SI_UNIT ( $, .STERADIAN. ) SOLID_ANGLE_UNIT ( ) );
#10761 = VECTOR ( 'NONE', #7533, 1000.000000000000000 ) ;
#10762 = DIRECTION ( 'NONE',  ( -0.0000000000000000000, -0.0000000000000000000, 1.000000000000000000 ) ) ;
#10763 = CARTESIAN_POINT ( 'NONE',  ( 15.84999999999999964, 5.100000000000001421, -0.1500000000000003830 ) ) ;
#10764 = SURFACE_STYLE_FILL_AREA ( #6978 ) ;
#10765 = LINE ( 'NONE', #109, #9411 ) ;
#10766 = CARTESIAN_POINT ( 'NONE',  ( 12.25000000000000000, 5.000000000000000888, 0.2500000000000002220 ) ) ;
#10767 = CARTESIAN_POINT ( 'NONE',  ( 7.249999999999999112, 3.399999999999999467, -2.050000000000001599 ) ) ;
#10768 = ORIENTED_EDGE ( 'NONE', *, *, #5422, .T. ) ;
#10769 = VECTOR ( 'NONE', #4830, 1000.000000000000000 ) ;
#10770 = UNCERTAINTY_MEASURE_WITH_UNIT (LENGTH_MEASURE( 1.000000000000000082E-05 ), #11921, 'distance_accuracy_value', 'NONE');
#10771 = CARTESIAN_POINT ( 'NONE',  ( 9.750000000000000000, -3.399999999999999911, 0.2500000000000002220 ) ) ;
#10772 = DIRECTION ( 'NONE',  ( -3.833233541708432880E-17, -0.7071067811865471286, -0.7071067811865479058 ) ) ;
#10773 = PLANE ( 'NONE',  #3095 ) ;
#10774 = ORIENTED_EDGE ( 'NONE', *, *, #10793, .F. ) ;
#10775 = UNCERTAINTY_MEASURE_WITH_UNIT (LENGTH_MEASURE( 1.000000000000000082E-05 ), #1340, 'distance_accuracy_value', 'NONE');
#10776 = EDGE_CURVE ( 'NONE', #6625, #12596, #9506, .T. ) ;
#10777 =( LENGTH_UNIT ( ) NAMED_UNIT ( * ) SI_UNIT ( .MILLI., .METRE. ) );
#10778 = EDGE_LOOP ( 'NONE', ( #4463, #2105, #8608, #7897 ) ) ;
#10779 = FILL_AREA_STYLE ('',( #3239 ) ) ;
#10780 = SURFACE_SIDE_STYLE ('',( #3182 ) ) ;
#10781 = SURFACE_SIDE_STYLE ('',( #11687 ) ) ;
#10782 = FILL_AREA_STYLE_COLOUR ( '', #5620 ) ;
#10783 = AXIS2_PLACEMENT_3D ( 'NONE', #82, #4010, #7761 ) ;
#10784 = LINE ( 'NONE', #2009, #12436 ) ;
#10785 = ORIENTED_EDGE ( 'NONE', *, *, #4214, .F. ) ;
#10786 =( NAMED_UNIT ( * ) SI_UNIT ( $, .STERADIAN. ) SOLID_ANGLE_UNIT ( ) );
#10787 = FILL_AREA_STYLE_COLOUR ( '', #9011 ) ;
#10788 = FACE_OUTER_BOUND ( 'NONE', #9747, .T. ) ;
#10789 = SURFACE_SIDE_STYLE ('',( #4130 ) ) ;
#10790 = ORIENTED_EDGE ( 'NONE', *, *, #6468, .T. ) ;
#10791 = ORIENTED_EDGE ( 'NONE', *, *, #2373, .F. ) ;
#10792 =( LENGTH_UNIT ( ) NAMED_UNIT ( * ) SI_UNIT ( .MILLI., .METRE. ) );
#10793 = EDGE_CURVE ( 'NONE', #4659, #3716, #10528, .T. ) ;
#10794 = CARTESIAN_POINT ( 'NONE',  ( 2.050000000000000266, -3.399999999999999911, 0.1500000000000008271 ) ) ;
#10795 = EDGE_CURVE ( 'NONE', #753, #1494, #5033, .T. ) ;
#10796 = STYLED_ITEM ( 'NONE', ( #6773 ), #5805 ) ;
#10797 = VECTOR ( 'NONE', #11850, 1000.000000000000000 ) ;
#10798 =( LENGTH_UNIT ( ) NAMED_UNIT ( * ) SI_UNIT ( .MILLI., .METRE. ) );
#10799 = SURFACE_STYLE_USAGE ( .BOTH. , #11810 ) ;
#10800 = AXIS2_PLACEMENT_3D ( 'NONE', #9606, #1639, #3734 ) ;
#10801 = CARTESIAN_POINT ( 'NONE',  ( 17.94999999999999574, 6.000000000000000000, -2.800000000000000711 ) ) ;
#10802 = COLOUR_RGB ( '',1.000000000000000000, 1.000000000000000000, 1.000000000000000000 ) ;
#10803 = VECTOR ( 'NONE', #1249, 1000.000000000000114 ) ;
#10804 = VECTOR ( 'NONE', #6935, 1000.000000000000000 ) ;
#10805 = ORIENTED_EDGE ( 'NONE', *, *, #343, .T. ) ;
#10806 = LINE ( 'NONE', #4903, #2559 ) ;
#10807 = CARTESIAN_POINT ( 'NONE',  ( 4.750000000000000888, 1.149999999999999911, -2.050000000000001599 ) ) ;
#10808 = ADVANCED_FACE ( 'NONE', ( #9760 ), #1004, .F. ) ;
#10809 = VERTEX_POINT ( 'NONE', #9942 ) ;
#10810 = FILL_AREA_STYLE_COLOUR ( '', #2471 ) ;
#10811 = VERTEX_POINT ( 'NONE', #2224 ) ;
#10812 =( GEOMETRIC_REPRESENTATION_CONTEXT ( 3 ) GLOBAL_UNCERTAINTY_ASSIGNED_CONTEXT ( ( #5946 ) ) GLOBAL_UNIT_ASSIGNED_CONTEXT ( ( #12022, #7290, #3295 ) ) REPRESENTATION_CONTEXT ( 'NONE', 'WORKASPACE' ) );
#10813 =( GEOMETRIC_REPRESENTATION_CONTEXT ( 3 ) GLOBAL_UNCERTAINTY_ASSIGNED_CONTEXT ( ( #4048 ) ) GLOBAL_UNIT_ASSIGNED_CONTEXT ( ( #5571, #2587, #5506 ) ) REPRESENTATION_CONTEXT ( 'NONE', 'WORKASPACE' ) );
#10814 = COLOUR_RGB ( '',1.000000000000000000, 1.000000000000000000, 1.000000000000000000 ) ;
#10815 = MECHANICAL_DESIGN_GEOMETRIC_PRESENTATION_REPRESENTATION (  '', ( #4330 ), #3041 ) ;
#10816 = DIRECTION ( 'NONE',  ( -0.0000000000000000000, -0.0000000000000000000, 1.000000000000000000 ) ) ;
#10817 = SURFACE_SIDE_STYLE ('',( #6963 ) ) ;
#10818 = ORIENTED_EDGE ( 'NONE', *, *, #2250, .F. ) ;
#10819 = CARTESIAN_POINT ( 'NONE',  ( 2.750000000000001332, 1.149999999999999911, -2.050000000000001599 ) ) ;
#10820 = ORIENTED_EDGE ( 'NONE', *, *, #10140, .T. ) ;
#10821 =( LENGTH_UNIT ( ) NAMED_UNIT ( * ) SI_UNIT ( .MILLI., .METRE. ) );
#10822 =( GEOMETRIC_REPRESENTATION_CONTEXT ( 3 ) GLOBAL_UNCERTAINTY_ASSIGNED_CONTEXT ( ( #7064 ) ) GLOBAL_UNIT_ASSIGNED_CONTEXT ( ( #9166, #3361, #4727 ) ) REPRESENTATION_CONTEXT ( 'NONE', 'WORKASPACE' ) );
#10823 =( NAMED_UNIT ( * ) SI_UNIT ( $, .STERADIAN. ) SOLID_ANGLE_UNIT ( ) );
#10824 = CARTESIAN_POINT ( 'NONE',  ( -1.951000000000000956, 4.500000000000000888, -0.6800000000000013811 ) ) ;
#10825 = STYLED_ITEM ( 'NONE', ( #135 ), #8916 ) ;
#10826 = LINE ( 'NONE', #3790, #6564 ) ;
#10827 = PLANE ( 'NONE',  #6484 ) ;
#10828 = SURFACE_SIDE_STYLE ('',( #10764 ) ) ;
#10829 = CARTESIAN_POINT ( 'NONE',  ( 17.34999999999999076, 1.800000000000000044, -0.4000000000000023537 ) ) ;
#10830 = COLOUR_RGB ( '',1.000000000000000000, 0.8117647058823529438, 0.5019607843137254832 ) ;
#10831 = SURFACE_STYLE_USAGE ( .BOTH. , #2740 ) ;
#10832 = VECTOR ( 'NONE', #12476, 1000.000000000000000 ) ;
#10833 = LINE ( 'NONE', #10767, #7456 ) ;
#10834 = EDGE_LOOP ( 'NONE', ( #8747, #4952, #4715, #1898 ) ) ;
#10835 = PRESENTATION_LAYER_ASSIGNMENT (  '', '', ( #5776 ) ) ;
#10836 = CARTESIAN_POINT ( 'NONE',  ( 12.15000000000000036, -3.399999999999999911, -0.1500000000000003830 ) ) ;
#10837 = PLANE ( 'NONE',  #2688 ) ;
#10838 = EDGE_CURVE ( 'NONE', #12316, #12100, #94, .T. ) ;
#10839 = FACE_OUTER_BOUND ( 'NONE', #672, .T. ) ;
#10840 = ORIENTED_EDGE ( 'NONE', *, *, #11139, .T. ) ;
#10841 = COLOUR_RGB ( '',1.000000000000000000, 0.8117647058823529438, 0.5019607843137254832 ) ;
#10842 = AXIS2_PLACEMENT_3D ( 'NONE', #7748, #6922, #5948 ) ;
#10843 =( NAMED_UNIT ( * ) SI_UNIT ( $, .STERADIAN. ) SOLID_ANGLE_UNIT ( ) );
#10844 = MECHANICAL_DESIGN_GEOMETRIC_PRESENTATION_REPRESENTATION (  '', ( #433 ), #5375 ) ;
#10845 = DIRECTION ( 'NONE',  ( -1.000000000000000000, 5.421010862427522170E-17, 0.0000000000000000000 ) ) ;
#10846 = MECHANICAL_DESIGN_GEOMETRIC_PRESENTATION_REPRESENTATION (  '', ( #8821 ), #5164 ) ;
#10847 = PRESENTATION_STYLE_ASSIGNMENT (( #10911 ) ) ;
#10848 = VECTOR ( 'NONE', #3514, 1000.000000000000000 ) ;
#10849 = DIRECTION ( 'NONE',  ( -1.084202172485504237E-15, -1.000000000000000000, 0.0000000000000000000 ) ) ;
#10850 = EDGE_CURVE ( 'NONE', #9682, #4572, #1134, .T. ) ;
#10851 =( GEOMETRIC_REPRESENTATION_CONTEXT ( 3 ) GLOBAL_UNCERTAINTY_ASSIGNED_CONTEXT ( ( #7218 ) ) GLOBAL_UNIT_ASSIGNED_CONTEXT ( ( #7105, #9130, #5118 ) ) REPRESENTATION_CONTEXT ( 'NONE', 'WORKASPACE' ) );
#10852 =( NAMED_UNIT ( * ) SI_UNIT ( $, .STERADIAN. ) SOLID_ANGLE_UNIT ( ) );
#10853 = ORIENTED_EDGE ( 'NONE', *, *, #12450, .F. ) ;
#10854 = DIRECTION ( 'NONE',  ( 0.0000000000000000000, 0.0000000000000000000, -1.000000000000000000 ) ) ;
#10855 =( GEOMETRIC_REPRESENTATION_CONTEXT ( 3 ) GLOBAL_UNCERTAINTY_ASSIGNED_CONTEXT ( ( #6777 ) ) GLOBAL_UNIT_ASSIGNED_CONTEXT ( ( #1351, #470, #3445 ) ) REPRESENTATION_CONTEXT ( 'NONE', 'WORKASPACE' ) );
#10856 = CARTESIAN_POINT ( 'NONE',  ( 7.299999999999998934, 0.2000000000000000389, -0.2499999999999997780 ) ) ;
#10857 = FILL_AREA_STYLE_COLOUR ( '', #8500 ) ;
#10858 = VECTOR ( 'NONE', #5760, 1000.000000000000000 ) ;
#10859 = UNCERTAINTY_MEASURE_WITH_UNIT (LENGTH_MEASURE( 1.000000000000000082E-05 ), #5913, 'distance_accuracy_value', 'NONE');
#10860 = ORIENTED_EDGE ( 'NONE', *, *, #7385, .T. ) ;
#10861 = VECTOR ( 'NONE', #6845, 1000.000000000000000 ) ;
#10862 =( NAMED_UNIT ( * ) SI_UNIT ( $, .STERADIAN. ) SOLID_ANGLE_UNIT ( ) );
#10863 = FILL_AREA_STYLE ('',( #9566 ) ) ;
#10864 = VECTOR ( 'NONE', #3427, 1000.000000000000000 ) ;
#10865 = DIRECTION ( 'NONE',  ( 0.5773502691896192918, 0.5773502691896392758, -0.5773502691896187367 ) ) ;
#10866 = MECHANICAL_DESIGN_GEOMETRIC_PRESENTATION_REPRESENTATION (  '', ( #2486 ), #8233 ) ;
#10867 = AXIS2_PLACEMENT_3D ( 'NONE', #9428, #12399, #6444 ) ;
#10868 = ORIENTED_EDGE ( 'NONE', *, *, #10368, .T. ) ;
#10869 = ADVANCED_FACE ( 'NONE', ( #7139, #11884 ), #4980, .F. ) ;
#10870 = MECHANICAL_DESIGN_GEOMETRIC_PRESENTATION_REPRESENTATION (  '', ( #7844 ), #7039 ) ;
#10871 = ADVANCED_FACE ( 'NONE', ( #4020 ), #9040, .F. ) ;
#10872 = FACE_OUTER_BOUND ( 'NONE', #2943, .T. ) ;
#10873 = ORIENTED_EDGE ( 'NONE', *, *, #9023, .T. ) ;
#10874 = EDGE_CURVE ( 'NONE', #3343, #3542, #442, .T. ) ;
#10875 = LINE ( 'NONE', #12062, #2658 ) ;
#10876 = COLOUR_RGB ( '',1.000000000000000000, 0.8117647058823529438, 0.5019607843137254832 ) ;
#10877 = EDGE_LOOP ( 'NONE', ( #6094, #4259, #1112, #7455, #12153 ) ) ;
#10878 = PRESENTATION_STYLE_ASSIGNMENT (( #4076 ) ) ;
#10879 = PLANE ( 'NONE',  #8412 ) ;
#10880 =( GEOMETRIC_REPRESENTATION_CONTEXT ( 3 ) GLOBAL_UNCERTAINTY_ASSIGNED_CONTEXT ( ( #10708 ) ) GLOBAL_UNIT_ASSIGNED_CONTEXT ( ( #5241, #6003, #1146 ) ) REPRESENTATION_CONTEXT ( 'NONE', 'WORKASPACE' ) );
#10881 = SURFACE_STYLE_FILL_AREA ( #2104 ) ;
#10882 = ORIENTED_EDGE ( 'NONE', *, *, #1740, .T. ) ;
#10883 = MECHANICAL_DESIGN_GEOMETRIC_PRESENTATION_REPRESENTATION (  '', ( #8664 ), #2095 ) ;
#10884 = DIRECTION ( 'NONE',  ( 1.000000000000000000, 2.070335806756240440E-16, 0.0000000000000000000 ) ) ;
#10885 = CARTESIAN_POINT ( 'NONE',  ( 12.25000000000000000, 1.800000000000000044, -0.2499999999999997780 ) ) ;
#10886 = LINE ( 'NONE', #8100, #132 ) ;
#10887 = MECHANICAL_DESIGN_GEOMETRIC_PRESENTATION_REPRESENTATION (  '', ( #8669 ), #11878 ) ;
#10888 = EDGE_CURVE ( 'NONE', #1815, #2542, #6440, .T. ) ;
#10889 = AXIS2_PLACEMENT_3D ( 'NONE', #9124, #11211, #8169 ) ;
#10890 = CARTESIAN_POINT ( 'NONE',  ( 4.250000000000000000, -3.300000000000000266, 0.2500000000000002220 ) ) ;
#10891 = LINE ( 'NONE', #6000, #1905 ) ;
#10892 = CARTESIAN_POINT ( 'NONE',  ( 15.45000000000000107, -4.100000000000000533, 0.5499999999999997113 ) ) ;
#10893 = CARTESIAN_POINT ( 'NONE',  ( 15.75000000000000000, -3.399999999999999911, -0.2499999999999997780 ) ) ;
#10894 = FACE_OUTER_BOUND ( 'NONE', #8586, .T. ) ;
#10895 = EDGE_CURVE ( 'NONE', #7965, #7697, #11257, .T. ) ;
#10896 = LINE ( 'NONE', #2246, #6346 ) ;
#10897 = ORIENTED_EDGE ( 'NONE', *, *, #4095, .F. ) ;
#10898 = CARTESIAN_POINT ( 'NONE',  ( 9.849999999999999645, -3.399999999999999911, -0.1500000000000003830 ) ) ;
#10899 = DIRECTION ( 'NONE',  ( 1.000000000000000000, -3.872150616019660190E-17, -4.336808689942017736E-16 ) ) ;
#10900 = SURFACE_STYLE_USAGE ( .BOTH. , #7982 ) ;
#10901 = FILL_AREA_STYLE_COLOUR ( '', #1463 ) ;
#10902 = CARTESIAN_POINT ( 'NONE',  ( 14.24999999999999822, -3.399999999999999911, 0.2500000000000002220 ) ) ;
#10903 = LINE ( 'NONE', #9780, #11635 ) ;
#10904 = CARTESIAN_POINT ( 'NONE',  ( 1.299999999999999600, 0.0000000000000000000, 1.700000000000000178 ) ) ;
#10905 = CARTESIAN_POINT ( 'NONE',  ( -1.950000000000000400, 0.8200000000000003952, 1.300000000000000044 ) ) ;
#10906 = ORIENTED_EDGE ( 'NONE', *, *, #6927, .F. ) ;
#10907 = UNCERTAINTY_MEASURE_WITH_UNIT (LENGTH_MEASURE( 1.000000000000000082E-05 ), #11164, 'distance_accuracy_value', 'NONE');
#10908 = ORIENTED_EDGE ( 'NONE', *, *, #5771, .F. ) ;
#10909 = DIRECTION ( 'NONE',  ( -4.336808689942017736E-16, 0.0000000000000000000, -1.000000000000000000 ) ) ;
#10910 = UNCERTAINTY_MEASURE_WITH_UNIT (LENGTH_MEASURE( 1.000000000000000082E-05 ), #7180, 'distance_accuracy_value', 'NONE');
#10911 = SURFACE_STYLE_USAGE ( .BOTH. , #10780 ) ;
#10912 = LINE ( 'NONE', #8942, #10048 ) ;
#10913 = DIRECTION ( 'NONE',  ( 3.872150616019660190E-17, 1.000000000000000000, -0.0000000000000000000 ) ) ;
#10914 = DIRECTION ( 'NONE',  ( -1.000000000000000000, 0.0000000000000000000, -0.0000000000000000000 ) ) ;
#10915 = ORIENTED_EDGE ( 'NONE', *, *, #8790, .T. ) ;
#10916 = ORIENTED_EDGE ( 'NONE', *, *, #4893, .F. ) ;
#10917 = DIRECTION ( 'NONE',  ( 1.000000000000000000, 0.0000000000000000000, 0.0000000000000000000 ) ) ;
#10918 = DIRECTION ( 'NONE',  ( 1.000000000000000000, 0.0000000000000000000, -0.0000000000000000000 ) ) ;
#10919 = ORIENTED_EDGE ( 'NONE', *, *, #5131, .T. ) ;
#10920 = VERTEX_POINT ( 'NONE', #2423 ) ;
#10921 = SURFACE_STYLE_FILL_AREA ( #10863 ) ;
#10922 = ORIENTED_EDGE ( 'NONE', *, *, #259, .T. ) ;
#10923 = ORIENTED_EDGE ( 'NONE', *, *, #12242, .F. ) ;
#10924 = DIRECTION ( 'NONE',  ( -0.0000000000000000000, 1.000000000000000000, -0.0000000000000000000 ) ) ;
#10925 = CARTESIAN_POINT ( 'NONE',  ( 13.74999999999999822, 1.800000000000000044, -2.800000000000007372 ) ) ;
#10926 = DIRECTION ( 'NONE',  ( -0.0000000000000000000, -1.000000000000000000, -0.0000000000000000000 ) ) ;
#10927 = SURFACE_SIDE_STYLE ('',( #7071 ) ) ;
#10928 = ORIENTED_EDGE ( 'NONE', *, *, #12187, .F. ) ;
#10929 = UNCERTAINTY_MEASURE_WITH_UNIT (LENGTH_MEASURE( 1.000000000000000082E-05 ), #3860, 'distance_accuracy_value', 'NONE');
#10930 = LINE ( 'NONE', #2960, #10536 ) ;
#10931 = VECTOR ( 'NONE', #1584, 1000.000000000000000 ) ;
#10932 = PRESENTATION_STYLE_ASSIGNMENT (( #3207 ) ) ;
#10933 = ORIENTED_EDGE ( 'NONE', *, *, #1150, .F. ) ;
#10934 = ADVANCED_FACE ( 'NONE', ( #7468 ), #3473, .F. ) ;
#10935 = DIRECTION ( 'NONE',  ( -0.0000000000000000000, 0.0000000000000000000, 1.000000000000000000 ) ) ;
#10936 = VERTEX_POINT ( 'NONE', #8207 ) ;
#10937 = SURFACE_SIDE_STYLE ('',( #11823 ) ) ;
#10938 = DIRECTION ( 'NONE',  ( 1.000000000000000000, -5.421010862427522170E-17, 0.0000000000000000000 ) ) ;
#10939 = UNCERTAINTY_MEASURE_WITH_UNIT (LENGTH_MEASURE( 1.000000000000000082E-05 ), #2612, 'distance_accuracy_value', 'NONE');
#10940 = LINE ( 'NONE', #5163, #795 ) ;
#10941 = SURFACE_SIDE_STYLE ('',( #7211 ) ) ;
#10942 = ORIENTED_EDGE ( 'NONE', *, *, #12174, .F. ) ;
#10943 = FACE_OUTER_BOUND ( 'NONE', #7575, .T. ) ;
#10944 = SURFACE_STYLE_FILL_AREA ( #11140 ) ;
#10945 = VERTEX_POINT ( 'NONE', #8144 ) ;
#10946 = ADVANCED_FACE ( 'NONE', ( #7199 ), #11068, .F. ) ;
#10947 =( NAMED_UNIT ( * ) PLANE_ANGLE_UNIT ( ) SI_UNIT ( $, .RADIAN. ) );
#10948 = EDGE_CURVE ( 'NONE', #9647, #2424, #12393, .T. ) ;
#10949 = ADVANCED_FACE ( 'NONE', ( #6490 ), #12327, .F. ) ;
#10950 = LINE ( 'NONE', #11720, #1634 ) ;
#10951 = ORIENTED_EDGE ( 'NONE', *, *, #7424, .T. ) ;
#10952 = CARTESIAN_POINT ( 'NONE',  ( 5.849999999999999645, -3.399999999999999911, -0.2499999999999997780 ) ) ;
#10953 =( GEOMETRIC_REPRESENTATION_CONTEXT ( 3 ) GLOBAL_UNCERTAINTY_ASSIGNED_CONTEXT ( ( #11824 ) ) GLOBAL_UNIT_ASSIGNED_CONTEXT ( ( #4983, #7968, #10005 ) ) REPRESENTATION_CONTEXT ( 'NONE', 'WORKASPACE' ) );
#10954 = FACE_OUTER_BOUND ( 'NONE', #10564, .T. ) ;
#10955 = DIRECTION ( 'NONE',  ( -0.7071067811865505703, -0.7071067811865444641, 1.662400053425828747E-32 ) ) ;
#10956 = VERTEX_POINT ( 'NONE', #3663 ) ;
#10957 = CARTESIAN_POINT ( 'NONE',  ( 1.849999999999994982, -3.399999999999999911, -2.800000000000001155 ) ) ;
#10958 = LINE ( 'NONE', #518, #9620 ) ;
#10959 = SURFACE_SIDE_STYLE ('',( #1229 ) ) ;
#10960 = DIRECTION ( 'NONE',  ( -3.833233541708420554E-17, -0.7071067811865447972, -0.7071067811865502373 ) ) ;
#10961 = CARTESIAN_POINT ( 'NONE',  ( 0.7500000000000002220, 3.399999999999999467, -2.350000000000001421 ) ) ;
#10962 = EDGE_LOOP ( 'NONE', ( #6807, #6152, #6519, #8554, #126, #2981 ) ) ;
#10963 = ADVANCED_FACE ( 'NONE', ( #118 ), #7592, .T. ) ;
#10964 =( NAMED_UNIT ( * ) SI_UNIT ( $, .STERADIAN. ) SOLID_ANGLE_UNIT ( ) );
#10965 = DIRECTION ( 'NONE',  ( 1.095153709581317921E-16, -1.000000000000000000, 0.0000000000000000000 ) ) ;
#10966 =( NAMED_UNIT ( * ) PLANE_ANGLE_UNIT ( ) SI_UNIT ( $, .RADIAN. ) );
#10967 = SURFACE_SIDE_STYLE ('',( #6931 ) ) ;
#10968 = CARTESIAN_POINT ( 'NONE',  ( -1.350000000000000089, 1.149999999999999911, -2.350000000000001421 ) ) ;
#10969 = FACE_OUTER_BOUND ( 'NONE', #1946, .T. ) ;
#10970 = LINE ( 'NONE', #4249, #8457 ) ;
#10971 = VECTOR ( 'NONE', #6743, 1000.000000000000000 ) ;
#10972 = DIRECTION ( 'NONE',  ( 0.0000000000000000000, -0.0000000000000000000, -1.000000000000000000 ) ) ;
#10973 = ORIENTED_EDGE ( 'NONE', *, *, #12187, .T. ) ;
#10974 = LINE ( 'NONE', #11862, #7772 ) ;
#10975 = DIRECTION ( 'NONE',  ( 0.0000000000000000000, 0.0000000000000000000, -1.000000000000000000 ) ) ;
#10976 = FILL_AREA_STYLE ('',( #7947 ) ) ;
#10977 = LINE ( 'NONE', #9277, #4996 ) ;
#10978 = UNCERTAINTY_MEASURE_WITH_UNIT (LENGTH_MEASURE( 1.000000000000000082E-05 ), #2404, 'distance_accuracy_value', 'NONE');
#10979 = ORIENTED_EDGE ( 'NONE', *, *, #6955, .T. ) ;
#10980 = ORIENTED_EDGE ( 'NONE', *, *, #6769, .T. ) ;
#10981 = DIRECTION ( 'NONE',  ( -4.336808689942017736E-16, 0.0000000000000000000, -1.000000000000000000 ) ) ;
#10982 = EDGE_LOOP ( 'NONE', ( #7794, #5574, #7317, #12580 ) ) ;
#10983 = ORIENTED_EDGE ( 'NONE', *, *, #2755, .F. ) ;
#10984 = CARTESIAN_POINT ( 'NONE',  ( 14.84999999999999432, 6.000000000000001776, -2.801000000000000600 ) ) ;
#10985 = SURFACE_SIDE_STYLE ('',( #9150 ) ) ;
#10986 = ADVANCED_FACE ( 'NONE', ( #1718 ), #3913, .F. ) ;
#10987 =( LENGTH_UNIT ( ) NAMED_UNIT ( * ) SI_UNIT ( .MILLI., .METRE. ) );
#10988 = ORIENTED_EDGE ( 'NONE', *, *, #10148, .F. ) ;
#10989 = ORIENTED_EDGE ( 'NONE', *, *, #9341, .T. ) ;
#10990 = LINE ( 'NONE', #8141, #5848 ) ;
#10991 = FILL_AREA_STYLE ('',( #11940 ) ) ;
#10992 = STYLED_ITEM ( 'NONE', ( #6506 ), #5751 ) ;
#10993 =( NAMED_UNIT ( * ) SI_UNIT ( $, .STERADIAN. ) SOLID_ANGLE_UNIT ( ) );
#10994 = MECHANICAL_DESIGN_GEOMETRIC_PRESENTATION_REPRESENTATION (  '', ( #2421 ), #4105 ) ;
#10995 = STYLED_ITEM ( 'NONE', ( #1321 ), #4994 ) ;
#10996 = EDGE_CURVE ( 'NONE', #4462, #11658, #10036, .T. ) ;
#10997 = SURFACE_STYLE_USAGE ( .BOTH. , #6304 ) ;
#10998 =( GEOMETRIC_REPRESENTATION_CONTEXT ( 3 ) GLOBAL_UNCERTAINTY_ASSIGNED_CONTEXT ( ( #7261 ) ) GLOBAL_UNIT_ASSIGNED_CONTEXT ( ( #1710, #2870, #746 ) ) REPRESENTATION_CONTEXT ( 'NONE', 'WORKASPACE' ) );
#10999 = CARTESIAN_POINT ( 'NONE',  ( -1.180000000000000382, 4.229999999999999538, 1.249999999999997558 ) ) ;
#11000 = DIRECTION ( 'NONE',  ( -3.833233541708420554E-17, -0.7071067811865447972, 0.7071067811865502373 ) ) ;
#11001 = DIRECTION ( 'NONE',  ( -1.000000000000000000, 0.0000000000000000000, 0.0000000000000000000 ) ) ;
#11002 = LINE ( 'NONE', #2041, #7771 ) ;
#11003 = VECTOR ( 'NONE', #8213, 1000.000000000000000 ) ;
#11004 = ORIENTED_EDGE ( 'NONE', *, *, #11838, .T. ) ;
#11005 = COLOUR_RGB ( '',1.000000000000000000, 1.000000000000000000, 1.000000000000000000 ) ;
#11006 = VERTEX_POINT ( 'NONE', #9187 ) ;
#11007 = SURFACE_SIDE_STYLE ('',( #5170 ) ) ;
#11008 = FILL_AREA_STYLE ('',( #7148 ) ) ;
#11009 = VECTOR ( 'NONE', #2120, 1000.000000000000000 ) ;
#11010 = STYLED_ITEM ( 'NONE', ( #2273 ), #6144 ) ;
#11011 = PRESENTATION_STYLE_ASSIGNMENT (( #8162 ) ) ;
#11012 = CARTESIAN_POINT ( 'NONE',  ( 15.25000000000000000, 3.399999999999999467, -2.350000000000001865 ) ) ;
#11013 =( NAMED_UNIT ( * ) SI_UNIT ( $, .STERADIAN. ) SOLID_ANGLE_UNIT ( ) );
#11014 = VECTOR ( 'NONE', #11080, 1000.000000000000000 ) ;
#11015 = DIRECTION ( 'NONE',  ( 3.872150616019660190E-17, 1.000000000000000000, -0.0000000000000000000 ) ) ;
#11016 = CARTESIAN_POINT ( 'NONE',  ( 8.250000000000000000, -3.399999999999999911, 0.2500000000000002220 ) ) ;
#11017 = FILL_AREA_STYLE_COLOUR ( '', #51 ) ;
#11018 = SURFACE_SIDE_STYLE ('',( #3373 ) ) ;
#11019 = EDGE_CURVE ( 'NONE', #9164, #4874, #11786, .T. ) ;
#11020 = COLOUR_RGB ( '',1.000000000000000000, 0.8117647058823529438, 0.5019607843137254832 ) ;
#11021 = VECTOR ( 'NONE', #2517, 1000.000000000000000 ) ;
#11022 = SURFACE_STYLE_FILL_AREA ( #7163 ) ;
#11023 = EDGE_CURVE ( 'NONE', #6686, #3800, #1159, .T. ) ;
#11024 = VERTEX_POINT ( 'NONE', #9917 ) ;
#11025 = CARTESIAN_POINT ( 'NONE',  ( 11.75000000000000000, -3.300000000000000266, 0.2500000000000002220 ) ) ;
#11026 = EDGE_CURVE ( 'NONE', #11589, #2599, #4184, .T. ) ;
#11027 = FILL_AREA_STYLE ('',( #468 ) ) ;
#11028 = FILL_AREA_STYLE ('',( #12220 ) ) ;
#11029 = DIRECTION ( 'NONE',  ( -0.0000000000000000000, -0.0000000000000000000, 1.000000000000000000 ) ) ;
#11030 = VECTOR ( 'NONE', #10066, 1000.000000000000000 ) ;
#11031 = PRESENTATION_LAYER_ASSIGNMENT (  '', '', ( #3924 ) ) ;
#11032 = CARTESIAN_POINT ( 'NONE',  ( 11.75000000000000000, -3.399999999999999911, -0.2499999999999997780 ) ) ;
#11033 = VECTOR ( 'NONE', #1586, 1000.000000000000000 ) ;
#11034 = DIRECTION ( 'NONE',  ( -5.421010862427522170E-17, -1.000000000000000000, 2.350988701644575016E-32 ) ) ;
#11035 = UNCERTAINTY_MEASURE_WITH_UNIT (LENGTH_MEASURE( 1.000000000000000082E-05 ), #3910, 'distance_accuracy_value', 'NONE');
#11036 = DIRECTION ( 'NONE',  ( 1.000000000000000000, 0.0000000000000000000, 0.0000000000000000000 ) ) ;
#11037 = LINE ( 'NONE', #9137, #8625 ) ;
#11038 = DIRECTION ( 'NONE',  ( -1.000000000000000000, 5.421010862427522170E-17, 0.0000000000000000000 ) ) ;
#11039 = AXIS2_PLACEMENT_3D ( 'NONE', #11203, #10156, #8227 ) ;
#11040 = ORIENTED_EDGE ( 'NONE', *, *, #8103, .F. ) ;
#11041 = PRESENTATION_LAYER_ASSIGNMENT (  '', '', ( #3728 ) ) ;
#11042 = EDGE_CURVE ( 'NONE', #1712, #9831, #3179, .T. ) ;
#11043 =( NAMED_UNIT ( * ) SI_UNIT ( $, .STERADIAN. ) SOLID_ANGLE_UNIT ( ) );
#11044 = VERTEX_POINT ( 'NONE', #8937 ) ;
#11046 = DIRECTION ( 'NONE',  ( -0.0000000000000000000, -0.0000000000000000000, 1.000000000000000000 ) ) ;
#11045 = VECTOR ( 'NONE', #1510, 1000.000000000000000 ) ;
#11047 = LINE ( 'NONE', #11979, #4558 ) ;
#11048 = SURFACE_STYLE_USAGE ( .BOTH. , #2197 ) ;
#11049 = SURFACE_STYLE_FILL_AREA ( #7187 ) ;
#11050 = EDGE_LOOP ( 'NONE', ( #6740, #1103, #10489, #6383 ) ) ;
#11052 = ORIENTED_EDGE ( 'NONE', *, *, #10414, .F. ) ;
#11051 = ORIENTED_EDGE ( 'NONE', *, *, #9209, .T. ) ;
#11053 = AXIS2_PLACEMENT_3D ( 'NONE', #6653, #5688, #9573 ) ;
#11054 = MECHANICAL_DESIGN_GEOMETRIC_PRESENTATION_REPRESENTATION (  '', ( #6176 ), #7208 ) ;
#11055 = AXIS2_PLACEMENT_3D ( 'NONE', #8052, #1147, #3289 ) ;
#11056 = STYLED_ITEM ( 'NONE', ( #3070 ), #707 ) ;
#11057 = DIRECTION ( 'NONE',  ( 1.000000000000000000, 0.0000000000000000000, -2.609042661061375682E-17 ) ) ;
#11058 = CARTESIAN_POINT ( 'NONE',  ( -0.1500000000000042966, -3.399999999999999911, -0.2499999999999997780 ) ) ;
#11059 = VECTOR ( 'NONE', #1689, 1000.000000000000000 ) ;
#11060 = VECTOR ( 'NONE', #11384, 1000.000000000000000 ) ;
#11061 = MECHANICAL_DESIGN_GEOMETRIC_PRESENTATION_REPRESENTATION (  '', ( #9451 ), #8036 ) ;
#11062 = CARTESIAN_POINT ( 'NONE',  ( 17.94999999999999574, 0.0000000000000000000, 1.699999999999999289 ) ) ;
#11063 = ORIENTED_EDGE ( 'NONE', *, *, #5254, .F. ) ;
#11064 = CARTESIAN_POINT ( 'NONE',  ( -1.949999999999999956, 6.000000000000000000, 1.700000000000000178 ) ) ;
#11065 = SURFACE_STYLE_USAGE ( .BOTH. , #8142 ) ;
#11066 = FACE_OUTER_BOUND ( 'NONE', #5523, .T. ) ;
#11067 =( GEOMETRIC_REPRESENTATION_CONTEXT ( 3 ) GLOBAL_UNCERTAINTY_ASSIGNED_CONTEXT ( ( #6341 ) ) GLOBAL_UNIT_ASSIGNED_CONTEXT ( ( #9438, #7004, #3132 ) ) REPRESENTATION_CONTEXT ( 'NONE', 'WORKASPACE' ) );
#11068 = PLANE ( 'NONE',  #5205 ) ;
#11069 = VECTOR ( 'NONE', #4225, 1000.000000000000000 ) ;
#11070 = COLOUR_RGB ( '',1.000000000000000000, 0.8117647058823529438, 0.5019607843137254832 ) ;
#11071 = SURFACE_SIDE_STYLE ('',( #11998 ) ) ;
#11072 = PRESENTATION_LAYER_ASSIGNMENT (  '', '', ( #9467 ) ) ;
#11073 = SURFACE_STYLE_FILL_AREA ( #3351 ) ;
#11074 = COLOUR_RGB ( '',1.000000000000000000, 0.8117647058823529438, 0.5019607843137254832 ) ;
#11075 = CARTESIAN_POINT ( 'NONE',  ( 11.29999999999999893, 0.2000000000000000389, -2.800000000000000266 ) ) ;
#11076 = PLANE ( 'NONE',  #8235 ) ;
#11077 = STYLED_ITEM ( 'NONE', ( #7313 ), #4113 ) ;
#11078 = ADVANCED_FACE ( 'NONE', ( #6213 ), #11103, .T. ) ;
#11079 = VECTOR ( 'NONE', #21, 1000.000000000000000 ) ;
#11080 = DIRECTION ( 'NONE',  ( -1.084202172485504237E-15, -1.000000000000000000, 0.0000000000000000000 ) ) ;
#11081 = ORIENTED_EDGE ( 'NONE', *, *, #12108, .F. ) ;
#11082 = ORIENTED_EDGE ( 'NONE', *, *, #2169, .T. ) ;
#11083 = MECHANICAL_DESIGN_GEOMETRIC_PRESENTATION_REPRESENTATION (  '', ( #2296 ), #6428 ) ;
#11084 =( NAMED_UNIT ( * ) PLANE_ANGLE_UNIT ( ) SI_UNIT ( $, .RADIAN. ) );
#11085 =( NAMED_UNIT ( * ) PLANE_ANGLE_UNIT ( ) SI_UNIT ( $, .RADIAN. ) );
#11086 = CARTESIAN_POINT ( 'NONE',  ( 5.250000000000000888, 1.149999999999999911, -2.050000000000001599 ) ) ;
#11087 = ORIENTED_EDGE ( 'NONE', *, *, #10690, .T. ) ;
#11088 = MECHANICAL_DESIGN_GEOMETRIC_PRESENTATION_REPRESENTATION (  '', ( #12296 ), #8860 ) ;
#11089 = DIRECTION ( 'NONE',  ( 0.0000000000000000000, -0.0000000000000000000, -1.000000000000000000 ) ) ;
#11090 =( GEOMETRIC_REPRESENTATION_CONTEXT ( 3 ) GLOBAL_UNCERTAINTY_ASSIGNED_CONTEXT ( ( #2769 ) ) GLOBAL_UNIT_ASSIGNED_CONTEXT ( ( #10777, #5667, #8883 ) ) REPRESENTATION_CONTEXT ( 'NONE', 'WORKASPACE' ) );
#11091 = SURFACE_STYLE_FILL_AREA ( #8056 ) ;
#11092 = STYLED_ITEM ( 'NONE', ( #10307 ), #12321 ) ;
#11093 = CARTESIAN_POINT ( 'NONE',  ( 9.299999999999998934, 0.2000000000000000389, -2.800000000000000266 ) ) ;
#11094 = CARTESIAN_POINT ( 'NONE',  ( -0.2500000000000002220, -3.300000000000000266, 0.2500000000000002220 ) ) ;
#11095 = PLANE ( 'NONE',  #3474 ) ;
#11096 = ORIENTED_EDGE ( 'NONE', *, *, #4507, .T. ) ;
#11097 =( LENGTH_UNIT ( ) NAMED_UNIT ( * ) SI_UNIT ( .MILLI., .METRE. ) );
#11098 = DIRECTION ( 'NONE',  ( 1.000000000000000000, -5.421010862427522170E-17, 0.0000000000000000000 ) ) ;
#11099 = CARTESIAN_POINT ( 'NONE',  ( 9.250000000000001776, 3.399999999999999467, -2.300000000000003375 ) ) ;
#11100 = FILL_AREA_STYLE_COLOUR ( '', #5785 ) ;
#11101 = ORIENTED_EDGE ( 'NONE', *, *, #12145, .F. ) ;
#11102 = STYLED_ITEM ( 'NONE', ( #7293 ), #12579 ) ;
#11103 = PLANE ( 'NONE',  #8626 ) ;
#11104 = EDGE_CURVE ( 'NONE', #1963, #10920, #10169, .T. ) ;
#11105 = CARTESIAN_POINT ( 'NONE',  ( 17.34999999999999076, 5.650000000000002132, 1.249999999999997558 ) ) ;
#11106 = SURFACE_STYLE_USAGE ( .BOTH. , #3314 ) ;
#11107 = LINE ( 'NONE', #4246, #1512 ) ;
#11108 = EDGE_LOOP ( 'NONE', ( #4832, #6878, #6089, #8358 ) ) ;
#11109 = DIRECTION ( 'NONE',  ( -1.000000000000000000, 3.872150616019660190E-17, 0.0000000000000000000 ) ) ;
#11110 =( NAMED_UNIT ( * ) PLANE_ANGLE_UNIT ( ) SI_UNIT ( $, .RADIAN. ) );
#11111 = SURFACE_STYLE_USAGE ( .BOTH. , #2284 ) ;
#11112 = ORIENTED_EDGE ( 'NONE', *, *, #492, .F. ) ;
#11113 = ORIENTED_EDGE ( 'NONE', *, *, #1211, .F. ) ;
#11114 = EDGE_CURVE ( 'NONE', #7395, #4878, #8247, .T. ) ;
#11115 = EDGE_CURVE ( 'NONE', #7215, #9278, #11158, .T. ) ;
#11116 = ORIENTED_EDGE ( 'NONE', *, *, #1464, .F. ) ;
#11117 = LINE ( 'NONE', #9212, #9025 ) ;
#11118 = ORIENTED_EDGE ( 'NONE', *, *, #2109, .F. ) ;
#11119 = COLOUR_RGB ( '',1.000000000000000000, 1.000000000000000000, 1.000000000000000000 ) ;
#11120 = ORIENTED_EDGE ( 'NONE', *, *, #3209, .F. ) ;
#11121 = DIRECTION ( 'NONE',  ( -3.833233541708432880E-17, -0.7071067811865471286, -0.7071067811865479058 ) ) ;
#11122 = FILL_AREA_STYLE_COLOUR ( '', #309 ) ;
#11123 = FILL_AREA_STYLE_COLOUR ( '', #3715 ) ;
#11124 = DIRECTION ( 'NONE',  ( -0.0000000000000000000, 1.000000000000000000, -0.0000000000000000000 ) ) ;
#11125 = DIRECTION ( 'NONE',  ( -0.7071067811865596742, -0.7071067811865353603, 3.066586833366801031E-16 ) ) ;
#11126 =( NAMED_UNIT ( * ) PLANE_ANGLE_UNIT ( ) SI_UNIT ( $, .RADIAN. ) );
#11127 = DIRECTION ( 'NONE',  ( 1.000000000000000000, -5.421010862427522170E-17, 0.0000000000000000000 ) ) ;
#11128 = PRESENTATION_STYLE_ASSIGNMENT (( #10997 ) ) ;
#11129 = EDGE_CURVE ( 'NONE', #8083, #8190, #10480, .T. ) ;
#11130 = SURFACE_STYLE_USAGE ( .BOTH. , #7274 ) ;
#11131 = LINE ( 'NONE', #9229, #7431 ) ;
#11132 = FACE_OUTER_BOUND ( 'NONE', #747, .T. ) ;
#11133 =( NAMED_UNIT ( * ) PLANE_ANGLE_UNIT ( ) SI_UNIT ( $, .RADIAN. ) );
#11134 = VECTOR ( 'NONE', #8165, 1000.000000000000000 ) ;
#11135 = FILL_AREA_STYLE ('',( #7089 ) ) ;
#11136 = ORIENTED_EDGE ( 'NONE', *, *, #4840, .F. ) ;
#11137 = CARTESIAN_POINT ( 'NONE',  ( 17.95099999999999696, 4.500000000000000888, -0.6799999999999991607 ) ) ;
#11138 = UNCERTAINTY_MEASURE_WITH_UNIT (LENGTH_MEASURE( 1.000000000000000082E-05 ), #8495, 'distance_accuracy_value', 'NONE');
#11139 = EDGE_CURVE ( 'NONE', #869, #5513, #10224, .T. ) ;
#11140 = FILL_AREA_STYLE ('',( #1334 ) ) ;
#11141 = LINE ( 'NONE', #703, #4586 ) ;
#11142 = DIRECTION ( 'NONE',  ( 1.000000000000000000, -0.0000000000000000000, -4.358601698434190141E-17 ) ) ;
#11143 = FILL_AREA_STYLE ('',( #7283 ) ) ;
#11144 = AXIS2_PLACEMENT_3D ( 'NONE', #6111, #5093, #2229 ) ;
#11145 = PLANE ( 'NONE',  #11039 ) ;
#11146 = FILL_AREA_STYLE ('',( #4036 ) ) ;
#11147 = VERTEX_POINT ( 'NONE', #2649 ) ;
#11148 = ORIENTED_EDGE ( 'NONE', *, *, #5406, .F. ) ;
#11149 = FILL_AREA_STYLE_COLOUR ( '', #5051 ) ;
#11150 = CARTESIAN_POINT ( 'NONE',  ( -1.350000000000000089, 5.650000000000002132, -2.350000000000001421 ) ) ;
#11151 = CARTESIAN_POINT ( 'NONE',  ( 7.299999999999998934, 0.2000000000000000389, -2.800000000000000266 ) ) ;
#11152 = SURFACE_STYLE_USAGE ( .BOTH. , #10295 ) ;
#11153 = ORIENTED_EDGE ( 'NONE', *, *, #7423, .F. ) ;
#11154 =( NAMED_UNIT ( * ) SI_UNIT ( $, .STERADIAN. ) SOLID_ANGLE_UNIT ( ) );
#11155 = FILL_AREA_STYLE ('',( #3308 ) ) ;
#11156 = PRESENTATION_STYLE_ASSIGNMENT (( #5443 ) ) ;
#11157 = ORIENTED_EDGE ( 'NONE', *, *, #10280, .T. ) ;
#11158 = LINE ( 'NONE', #9318, #7197 ) ;
#11159 = EDGE_CURVE ( 'NONE', #9704, #9755, #11411, .T. ) ;
#11160 =( NAMED_UNIT ( * ) SI_UNIT ( $, .STERADIAN. ) SOLID_ANGLE_UNIT ( ) );
#11161 = UNCERTAINTY_MEASURE_WITH_UNIT (LENGTH_MEASURE( 1.000000000000000082E-05 ), #11472, 'distance_accuracy_value', 'NONE');
#11162 = SURFACE_STYLE_FILL_AREA ( #2131 ) ;
#11163 = UNCERTAINTY_MEASURE_WITH_UNIT (LENGTH_MEASURE( 1.000000000000000082E-05 ), #3096, 'distance_accuracy_value', 'NONE');
#11164 =( LENGTH_UNIT ( ) NAMED_UNIT ( * ) SI_UNIT ( .MILLI., .METRE. ) );
#11165 =( GEOMETRIC_REPRESENTATION_CONTEXT ( 3 ) GLOBAL_UNCERTAINTY_ASSIGNED_CONTEXT ( ( #720 ) ) GLOBAL_UNIT_ASSIGNED_CONTEXT ( ( #8080, #4255, #11980 ) ) REPRESENTATION_CONTEXT ( 'NONE', 'WORKASPACE' ) );
#11166 = SURFACE_STYLE_FILL_AREA ( #7312 ) ;
#11167 = ORIENTED_EDGE ( 'NONE', *, *, #8117, .F. ) ;
#11168 = EDGE_CURVE ( 'NONE', #10285, #11689, #2394, .T. ) ;
#11169 = PRESENTATION_LAYER_ASSIGNMENT (  '', '', ( #4073 ) ) ;
#11170 = CARTESIAN_POINT ( 'NONE',  ( 8.250000000000000000, -3.399999999999999911, 0.2500000000000002220 ) ) ;
#11171 = DIRECTION ( 'NONE',  ( 1.000000000000000000, -0.0000000000000000000, -4.358601698434190141E-17 ) ) ;
#11172 = ORIENTED_EDGE ( 'NONE', *, *, #1048, .F. ) ;
#11174 = EDGE_LOOP ( 'NONE', ( #5197, #8647, #2768, #10245 ) ) ;
#11173 = ORIENTED_EDGE ( 'NONE', *, *, #10318, .T. ) ;
#11175 = ORIENTED_EDGE ( 'NONE', *, *, #3223, .F. ) ;
#11176 = UNCERTAINTY_MEASURE_WITH_UNIT (LENGTH_MEASURE( 1.000000000000000082E-05 ), #6746, 'distance_accuracy_value', 'NONE');
#11177 = DIRECTION ( 'NONE',  ( 1.000000000000000000, 1.927470528863119542E-16, -0.0000000000000000000 ) ) ;
#11178 = VECTOR ( 'NONE', #2483, 1000.000000000000000 ) ;
#11179 = DIRECTION ( 'NONE',  ( 1.000000000000000000, 0.0000000000000000000, 0.0000000000000000000 ) ) ;
#11180 =( LENGTH_UNIT ( ) NAMED_UNIT ( * ) SI_UNIT ( .MILLI., .METRE. ) );
#11181 = ADVANCED_FACE ( 'NONE', ( #8357 ), #10360, .F. ) ;
#11182 = VERTEX_POINT ( 'NONE', #9384 ) ;
#11183 = EDGE_CURVE ( 'NONE', #6774, #1767, #8302, .T. ) ;
#11184 = CARTESIAN_POINT ( 'NONE',  ( 4.150000000000001243, 5.100000000000001421, -2.800000000000000266 ) ) ;
#11185 = FACE_OUTER_BOUND ( 'NONE', #8726, .T. ) ;
#11186 = PRESENTATION_LAYER_ASSIGNMENT (  '', '', ( #11975 ) ) ;
#11187 = SURFACE_STYLE_FILL_AREA ( #2304 ) ;
#11188 = FILL_AREA_STYLE_COLOUR ( '', #9021 ) ;
#11189 = CARTESIAN_POINT ( 'NONE',  ( 12.75000000000000178, 3.399999999999999467, -2.050000000000001599 ) ) ;
#11190 =( LENGTH_UNIT ( ) NAMED_UNIT ( * ) SI_UNIT ( .MILLI., .METRE. ) );
#11191 = CARTESIAN_POINT ( 'NONE',  ( 7.299999999999998934, 0.2000000000000000389, 1.700000000000000178 ) ) ;
#11192 = CARTESIAN_POINT ( 'NONE',  ( 0.9666666666666837715, -2.516666666666657726, -1.033333333333315229 ) ) ;
#11193 = VECTOR ( 'NONE', #7831, 1000.000000000000000 ) ;
#11194 = PRESENTATION_STYLE_ASSIGNMENT (( #12194 ) ) ;
#11195 = EDGE_LOOP ( 'NONE', ( #3188, #4126, #1419, #866, #10534 ) ) ;
#11196 = EDGE_CURVE ( 'NONE', #10373, #3343, #4561, .T. ) ;
#11197 = LINE ( 'NONE', #6116, #58 ) ;
#11198 = CARTESIAN_POINT ( 'NONE',  ( 13.29999999999999893, 0.0000000000000000000, -2.800000000000000266 ) ) ;
#11199 = CARTESIAN_POINT ( 'NONE',  ( 0.2499999999999997780, 1.800000000000000044, -2.800000000000000266 ) ) ;
#11200 = COLOUR_RGB ( '',1.000000000000000000, 0.8117647058823529438, 0.5019607843137254832 ) ;
#11201 = FACE_OUTER_BOUND ( 'NONE', #417, .T. ) ;
#11202 = VERTEX_POINT ( 'NONE', #7359 ) ;
#11203 = CARTESIAN_POINT ( 'NONE',  ( 6.249999999999998224, -3.399999999999999911, 0.2500000000000002220 ) ) ;
#11204 = COLOUR_RGB ( '',1.000000000000000000, 0.8117647058823529438, 0.5019607843137254832 ) ;
#11205 = VECTOR ( 'NONE', #10138, 1000.000000000000000 ) ;
#11206 = SURFACE_SIDE_STYLE ('',( #8547 ) ) ;
#11207 = ORIENTED_EDGE ( 'NONE', *, *, #10795, .F. ) ;
#11208 = SURFACE_SIDE_STYLE ('',( #10212 ) ) ;
#11209 = PLANE ( 'NONE',  #10678 ) ;
#11210 = STYLED_ITEM ( 'NONE', ( #4915 ), #8606 ) ;
#11211 = DIRECTION ( 'NONE',  ( -0.7071067811865505703, -0.7071067811865444641, 1.662400053425828747E-32 ) ) ;
#11212 = EDGE_CURVE ( 'NONE', #228, #2800, #6409, .T. ) ;
#11213 = DIRECTION ( 'NONE',  ( 0.0000000000000000000, -1.000000000000000000, 5.782411586589358625E-16 ) ) ;
#11214 = ORIENTED_EDGE ( 'NONE', *, *, #12263, .F. ) ;
#11215 = CARTESIAN_POINT ( 'NONE',  ( 10.69999999999999751, 0.1999999999999999833, 1.700000000000000178 ) ) ;
#11216 = ORIENTED_EDGE ( 'NONE', *, *, #5042, .T. ) ;
#11217 = COLOUR_RGB ( '',1.000000000000000000, 0.8117647058823529438, 0.5019607843137254832 ) ;
#11218 = CARTESIAN_POINT ( 'NONE',  ( 11.25000000000000000, 3.399999999999999467, -2.300000000000003375 ) ) ;
#11219 = MECHANICAL_DESIGN_GEOMETRIC_PRESENTATION_REPRESENTATION (  '', ( #4533 ), #6555 ) ;
#11220 = VECTOR ( 'NONE', #6985, 1000.000000000000000 ) ;
#11221 = CARTESIAN_POINT ( 'NONE',  ( 8.250000000000000000, 0.2000000000000000111, 0.2500000000000002220 ) ) ;
#11222 = ORIENTED_EDGE ( 'NONE', *, *, #863, .F. ) ;
#11223 = EDGE_LOOP ( 'NONE', ( #11896, #7525, #10988, #2324 ) ) ;
#11224 = CARTESIAN_POINT ( 'NONE',  ( 12.75000000000000178, 1.149999999999999911, -2.050000000000001599 ) ) ;
#11225 = EDGE_LOOP ( 'NONE', ( #7791, #11861, #8788, #4013 ) ) ;
#11226 = COLOUR_RGB ( '',1.000000000000000000, 0.8117647058823529438, 0.5019607843137254832 ) ;
#11227 = ORIENTED_EDGE ( 'NONE', *, *, #1464, .T. ) ;
#11228 = SURFACE_STYLE_USAGE ( .BOTH. , #2467 ) ;
#11229 = VECTOR ( 'NONE', #3227, 1000.000000000000000 ) ;
#11230 = LINE ( 'NONE', #2270, #9524 ) ;
#11231 = DIRECTION ( 'NONE',  ( 1.000000000000000000, 1.927470528863119542E-16, -0.0000000000000000000 ) ) ;
#11232 = AXIS2_PLACEMENT_3D ( 'NONE', #10107, #1413, #2334 ) ;
#11233 = MECHANICAL_DESIGN_GEOMETRIC_PRESENTATION_REPRESENTATION (  '', ( #2431 ), #583 ) ;
#11234 = FACE_OUTER_BOUND ( 'NONE', #5485, .T. ) ;
#11235 = VECTOR ( 'NONE', #3536, 1000.000000000000000 ) ;
#11236 =( NAMED_UNIT ( * ) PLANE_ANGLE_UNIT ( ) SI_UNIT ( $, .RADIAN. ) );
#11237 = ORIENTED_EDGE ( 'NONE', *, *, #5980, .F. ) ;
#11238 =( LENGTH_UNIT ( ) NAMED_UNIT ( * ) SI_UNIT ( .MILLI., .METRE. ) );
#11239 = SURFACE_STYLE_FILL_AREA ( #11428 ) ;
#11240 = ORIENTED_EDGE ( 'NONE', *, *, #7938, .F. ) ;
#11241 = ORIENTED_EDGE ( 'NONE', *, *, #6525, .F. ) ;
#11242 =( GEOMETRIC_REPRESENTATION_CONTEXT ( 3 ) GLOBAL_UNCERTAINTY_ASSIGNED_CONTEXT ( ( #4131 ) ) GLOBAL_UNIT_ASSIGNED_CONTEXT ( ( #8739, #8796, #5101 ) ) REPRESENTATION_CONTEXT ( 'NONE', 'WORKASPACE' ) );
#11243 = VERTEX_POINT ( 'NONE', #8499 ) ;
#11244 = ORIENTED_EDGE ( 'NONE', *, *, #5407, .F. ) ;
#11245 = VECTOR ( 'NONE', #2282, 1000.000000000000000 ) ;
#11246 = LINE ( 'NONE', #5273, #11178 ) ;
#11247 = AXIS2_PLACEMENT_3D ( 'NONE', #9813, #7852, #894 ) ;
#11248 = PRESENTATION_STYLE_ASSIGNMENT (( #2488 ) ) ;
#11249 = ORIENTED_EDGE ( 'NONE', *, *, #3869, .T. ) ;
#11250 = DIRECTION ( 'NONE',  ( -3.833233541708432880E-17, -0.7071067811865471286, 0.7071067811865479058 ) ) ;
#11251 = PRESENTATION_LAYER_ASSIGNMENT (  '', '', ( #12463 ) ) ;
#11252 = ORIENTED_EDGE ( 'NONE', *, *, #3568, .F. ) ;
#11253 = SURFACE_STYLE_FILL_AREA ( #6164 ) ;
#11254 = VECTOR ( 'NONE', #8859, 1000.000000000000000 ) ;
#11255 = COLOUR_RGB ( '',1.000000000000000000, 1.000000000000000000, 1.000000000000000000 ) ;
#11256 = SURFACE_STYLE_USAGE ( .BOTH. , #12186 ) ;
#11257 = LINE ( 'NONE', #367, #2505 ) ;
#11258 =( GEOMETRIC_REPRESENTATION_CONTEXT ( 3 ) GLOBAL_UNCERTAINTY_ASSIGNED_CONTEXT ( ( #5429 ) ) GLOBAL_UNIT_ASSIGNED_CONTEXT ( ( #9283, #2210, #4453 ) ) REPRESENTATION_CONTEXT ( 'NONE', 'WORKASPACE' ) );
#11259 =( GEOMETRIC_REPRESENTATION_CONTEXT ( 3 ) GLOBAL_UNCERTAINTY_ASSIGNED_CONTEXT ( ( #11138 ) ) GLOBAL_UNIT_ASSIGNED_CONTEXT ( ( #8495, #7429, #662 ) ) REPRESENTATION_CONTEXT ( 'NONE', 'WORKASPACE' ) );
#11260 = CARTESIAN_POINT ( 'NONE',  ( 8.250000000000000000, 1.800000000000000044, 0.2500000000000002220 ) ) ;
#11261 = FILL_AREA_STYLE ('',( #4600 ) ) ;
#11262 = ADVANCED_FACE ( 'NONE', ( #3575 ), #12365, .F. ) ;
#11263 = DIRECTION ( 'NONE',  ( 3.872150616019660190E-17, 1.000000000000000000, -0.0000000000000000000 ) ) ;
#11264 = AXIS2_PLACEMENT_3D ( 'NONE', #1649, #10628, #2551 ) ;
#11265 = EDGE_CURVE ( 'NONE', #10333, #11419, #2839, .T. ) ;
#11266 = STYLED_ITEM ( 'NONE', ( #9190 ), #9571 ) ;
#11267 = EDGE_CURVE ( 'NONE', #2679, #3358, #787, .T. ) ;
#11268 = ORIENTED_EDGE ( 'NONE', *, *, #5239, .F. ) ;
#11269 =( NAMED_UNIT ( * ) SI_UNIT ( $, .STERADIAN. ) SOLID_ANGLE_UNIT ( ) );
#11270 = ORIENTED_EDGE ( 'NONE', *, *, #4261, .T. ) ;
#11271 = COLOUR_RGB ( '',1.000000000000000000, 0.8117647058823529438, 0.5019607843137254832 ) ;
#11272 = VERTEX_POINT ( 'NONE', #4693 ) ;
#11273 = LINE ( 'NONE', #2699, #12632 ) ;
#11274 = LINE ( 'NONE', #1664, #9875 ) ;
#11275 = DIRECTION ( 'NONE',  ( -2.609042661061375682E-17, 0.0000000000000000000, -1.000000000000000000 ) ) ;
#11276 = VECTOR ( 'NONE', #11407, 1000.000000000000000 ) ;
#11277 = CARTESIAN_POINT ( 'NONE',  ( 17.94999999999999574, 6.000000000000000000, 0.3200000000000017275 ) ) ;
#11278 = UNCERTAINTY_MEASURE_WITH_UNIT (LENGTH_MEASURE( 1.000000000000000082E-05 ), #9934, 'distance_accuracy_value', 'NONE');
#11279 = STYLED_ITEM ( 'NONE', ( #5367 ), #9806 ) ;
#11280 = SURFACE_STYLE_FILL_AREA ( #7414 ) ;
#11281 = ORIENTED_EDGE ( 'NONE', *, *, #9173, .F. ) ;
#11282 = AXIS2_PLACEMENT_3D ( 'NONE', #2847, #3101, #9838 ) ;
#11283 = SURFACE_SIDE_STYLE ('',( #9512 ) ) ;
#11284 = ADVANCED_FACE ( 'NONE', ( #9832, #2972 ), #4923, .F. ) ;
#11285 = COLOUR_RGB ( '',1.000000000000000000, 1.000000000000000000, 1.000000000000000000 ) ;
#11286 = EDGE_CURVE ( 'NONE', #3293, #76, #6663, .T. ) ;
#11287 = LINE ( 'NONE', #1677, #11636 ) ;
#11288 = EDGE_LOOP ( 'NONE', ( #6684, #7280, #11113, #9319, #8278 ) ) ;
#11289 = VECTOR ( 'NONE', #2820, 1000.000000000000114 ) ;
#11290 =( LENGTH_UNIT ( ) NAMED_UNIT ( * ) SI_UNIT ( .MILLI., .METRE. ) );
#11291 = DIRECTION ( 'NONE',  ( 9.103382349328301547E-49, 2.350988701644575016E-32, 1.000000000000000000 ) ) ;
#11292 = CARTESIAN_POINT ( 'NONE',  ( -0.8333333333333079462, -4.383333333333346182, -0.8333333333333066140 ) ) ;
#11293 = VECTOR ( 'NONE', #6956, 1000.000000000000000 ) ;
#11294 = FILL_AREA_STYLE_COLOUR ( '', #3350 ) ;
#11295 = MECHANICAL_DESIGN_GEOMETRIC_PRESENTATION_REPRESENTATION (  '', ( #9879 ), #10089 ) ;
#11296 = ORIENTED_EDGE ( 'NONE', *, *, #7989, .T. ) ;
#11297 = ORIENTED_EDGE ( 'NONE', *, *, #1104, .F. ) ;
#11298 = DIRECTION ( 'NONE',  ( 0.0000000000000000000, -0.0000000000000000000, 1.000000000000000000 ) ) ;
#11299 = MECHANICAL_DESIGN_GEOMETRIC_PRESENTATION_REPRESENTATION (  '', ( #5812 ), #5415 ) ;
#11300 = CARTESIAN_POINT ( 'NONE',  ( 6.750000000000000888, 1.149999999999999911, -2.050000000000001599 ) ) ;
#11301 = STYLED_ITEM ( 'NONE', ( #8033 ), #10869 ) ;
#11302 =( LENGTH_UNIT ( ) NAMED_UNIT ( * ) SI_UNIT ( .MILLI., .METRE. ) );
#11303 = COLOUR_RGB ( '',1.000000000000000000, 1.000000000000000000, 1.000000000000000000 ) ;
#11304 = UNCERTAINTY_MEASURE_WITH_UNIT (LENGTH_MEASURE( 1.000000000000000082E-05 ), #8122, 'distance_accuracy_value', 'NONE');
#11305 = EDGE_CURVE ( 'NONE', #8082, #3073, #10544, .T. ) ;
#11306 = CARTESIAN_POINT ( 'NONE',  ( 10.24999999999999822, -3.399999999999999911, 0.2500000000000002220 ) ) ;
#11307 = ORIENTED_EDGE ( 'NONE', *, *, #11984, .T. ) ;
#11308 = CARTESIAN_POINT ( 'NONE',  ( 5.749999999999998224, 1.800000000000000044, -2.800000000000003819 ) ) ;
#11309 = DIRECTION ( 'NONE',  ( -0.0000000000000000000, 1.000000000000000000, -0.0000000000000000000 ) ) ;
#11310 = FACE_OUTER_BOUND ( 'NONE', #573, .T. ) ;
#11311 = MECHANICAL_DESIGN_GEOMETRIC_PRESENTATION_REPRESENTATION (  '', ( #265 ), #7463 ) ;
#11312 = DIRECTION ( 'NONE',  ( 1.000000000000000000, -3.872150616019661422E-17, 0.0000000000000000000 ) ) ;
#11313 = ORIENTED_EDGE ( 'NONE', *, *, #5846, .F. ) ;
#11314 = AXIS2_PLACEMENT_3D ( 'NONE', #7677, #2641, #4619 ) ;
#11315 = FACE_OUTER_BOUND ( 'NONE', #1393, .T. ) ;
#11316 = EDGE_LOOP ( 'NONE', ( #10184, #10698, #12117, #12294 ) ) ;
#11317 = VERTEX_POINT ( 'NONE', #1749 ) ;
#11318 = UNCERTAINTY_MEASURE_WITH_UNIT (LENGTH_MEASURE( 1.000000000000000082E-05 ), #4954, 'distance_accuracy_value', 'NONE');
#11319 = ADVANCED_FACE ( 'NONE', ( #5700 ), #9721, .F. ) ;
#11320 = ORIENTED_EDGE ( 'NONE', *, *, #6114, .T. ) ;
#11321 = DIRECTION ( 'NONE',  ( -4.336808689942017736E-16, 1.679277644031840470E-32, -1.000000000000000000 ) ) ;
#11322 = FILL_AREA_STYLE_COLOUR ( '', #4233 ) ;
#11323 = DIRECTION ( 'NONE',  ( -1.000000000000000000, 3.872150616019660190E-17, 0.0000000000000000000 ) ) ;
#11324 = DIRECTION ( 'NONE',  ( -0.0000000000000000000, -0.0000000000000000000, 1.000000000000000000 ) ) ;
#11325 =( NAMED_UNIT ( * ) SI_UNIT ( $, .STERADIAN. ) SOLID_ANGLE_UNIT ( ) );
#11326 =( NAMED_UNIT ( * ) SI_UNIT ( $, .STERADIAN. ) SOLID_ANGLE_UNIT ( ) );
#11327 = ORIENTED_EDGE ( 'NONE', *, *, #6744, .T. ) ;
#11328 = MECHANICAL_DESIGN_GEOMETRIC_PRESENTATION_REPRESENTATION (  '', ( #2765 ), #8519 ) ;
#11329 = DIRECTION ( 'NONE',  ( 0.0000000000000000000, 0.0000000000000000000, -1.000000000000000000 ) ) ;
#11330 = SURFACE_STYLE_FILL_AREA ( #3416 ) ;
#11331 = FILL_AREA_STYLE ('',( #12129 ) ) ;
#11332 = ORIENTED_EDGE ( 'NONE', *, *, #8556, .T. ) ;
#11333 = EDGE_LOOP ( 'NONE', ( #11533, #9508, #1204, #4691 ) ) ;
#11334 = CARTESIAN_POINT ( 'NONE',  ( 14.75000000000000000, 3.399999999999999467, -2.050000000000001599 ) ) ;
#11335 = SURFACE_SIDE_STYLE ('',( #10392 ) ) ;
#11336 = ORIENTED_EDGE ( 'NONE', *, *, #1150, .T. ) ;
#11337 = DIRECTION ( 'NONE',  ( 1.000000000000000000, -5.421010862427522170E-17, 0.0000000000000000000 ) ) ;
#11338 = CARTESIAN_POINT ( 'NONE',  ( 11.29999999999999893, 0.2000000000000000389, 1.700000000000000178 ) ) ;
#11339 = EDGE_CURVE ( 'NONE', #4652, #2796, #5050, .T. ) ;
#11340 = LINE ( 'NONE', #11396, #12267 ) ;
#11341 =( LENGTH_UNIT ( ) NAMED_UNIT ( * ) SI_UNIT ( .MILLI., .METRE. ) );
#11342 = FILL_AREA_STYLE_COLOUR ( '', #6794 ) ;
#11343 = DIRECTION ( 'NONE',  ( -1.000000000000000000, -1.095153709581317921E-16, 0.0000000000000000000 ) ) ;
#11344 = DIRECTION ( 'NONE',  ( -1.000000000000000000, 5.421010862427522170E-17, 0.0000000000000000000 ) ) ;
#11345 = SURFACE_SIDE_STYLE ('',( #2571 ) ) ;
#11346 = EDGE_LOOP ( 'NONE', ( #10860, #2792, #4012, #5207 ) ) ;
#11347 = EDGE_CURVE ( 'NONE', #2313, #500, #8872, .T. ) ;
#11348 = DIRECTION ( 'NONE',  ( 1.000000000000000000, -5.421010862427522170E-17, 0.0000000000000000000 ) ) ;
#11349 = EDGE_CURVE ( 'NONE', #2223, #5039, #9062, .T. ) ;
#11350 = DIRECTION ( 'NONE',  ( -1.000000000000000000, 0.0000000000000000000, 0.0000000000000000000 ) ) ;
#11351 = AXIS2_PLACEMENT_3D ( 'NONE', #4631, #10304, #11356 ) ;
#11352 = VECTOR ( 'NONE', #510, 1000.000000000000000 ) ;
#11353 = ORIENTED_EDGE ( 'NONE', *, *, #5914, .T. ) ;
#11354 = FILL_AREA_STYLE ('',( #9522 ) ) ;
#11355 = FACE_OUTER_BOUND ( 'NONE', #6608, .T. ) ;
#11356 = DIRECTION ( 'NONE',  ( -4.336808689942017736E-16, 0.0000000000000000000, -1.000000000000000000 ) ) ;
#11357 = PLANE ( 'NONE',  #8786 ) ;
#11358 = DIRECTION ( 'NONE',  ( -0.0000000000000000000, 1.000000000000000000, -0.0000000000000000000 ) ) ;
#11359 = SURFACE_STYLE_USAGE ( .BOTH. , #2655 ) ;
#11360 = EDGE_LOOP ( 'NONE', ( #11268, #5213, #10448, #6875, #4427, #11175, #4002, #6615, #3671, #5962, #3744, #9335 ) ) ;
#11361 = MECHANICAL_DESIGN_GEOMETRIC_PRESENTATION_REPRESENTATION (  '', ( #9344 ), #1324 ) ;
#11362 = PRESENTATION_LAYER_ASSIGNMENT (  '', '', ( #4658 ) ) ;
#11363 = ORIENTED_EDGE ( 'NONE', *, *, #9197, .F. ) ;
#11364 = CARTESIAN_POINT ( 'NONE',  ( 1.149999999999999911, 6.000000000000000000, 1.599999999999998090 ) ) ;
#11365 =( LENGTH_UNIT ( ) NAMED_UNIT ( * ) SI_UNIT ( .MILLI., .METRE. ) );
#11366 = EDGE_CURVE ( 'NONE', #8811, #10218, #7977, .T. ) ;
#11367 = ORIENTED_EDGE ( 'NONE', *, *, #8317, .T. ) ;
#11368 = EDGE_LOOP ( 'NONE', ( #2667, #10785, #3735, #10942 ) ) ;
#11369 = ORIENTED_EDGE ( 'NONE', *, *, #5791, .F. ) ;
#11370 = ORIENTED_EDGE ( 'NONE', *, *, #5059, .F. ) ;
#11371 = LINE ( 'NONE', #5158, #8638 ) ;
#11372 = VECTOR ( 'NONE', #5141, 1000.000000000000000 ) ;
#11373 =( NAMED_UNIT ( * ) SI_UNIT ( $, .STERADIAN. ) SOLID_ANGLE_UNIT ( ) );
#11374 = PRESENTATION_LAYER_ASSIGNMENT (  '', '', ( #2159 ) ) ;
#11375 = DIRECTION ( 'NONE',  ( -0.5773502691896267303, 0.5773502691896238437, 0.5773502691896267303 ) ) ;
#11376 = ORIENTED_EDGE ( 'NONE', *, *, #577, .F. ) ;
#11377 = CARTESIAN_POINT ( 'NONE',  ( 5.250000000000000888, 3.399999999999999467, -2.050000000000001599 ) ) ;
#11378 = VERTEX_POINT ( 'NONE', #207 ) ;
#11379 = CARTESIAN_POINT ( 'NONE',  ( 5.750000000000000000, -3.399999999999999911, -0.2499999999999997780 ) ) ;
#11380 = DIRECTION ( 'NONE',  ( 0.5773502691896291728, 0.5773502691896262862, 0.5773502691896218453 ) ) ;
#11381 = LINE ( 'NONE', #2607, #5566 ) ;
#11382 = PRESENTATION_STYLE_ASSIGNMENT (( #7531 ) ) ;
#11383 = VECTOR ( 'NONE', #5794, 1000.000000000000000 ) ;
#11384 = DIRECTION ( 'NONE',  ( -1.000000000000000000, 3.872150616019661422E-17, -0.0000000000000000000 ) ) ;
#11385 = CARTESIAN_POINT ( 'NONE',  ( 6.749999999999999112, 3.149999999999999023, -2.050000000000001599 ) ) ;
#11386 =( NAMED_UNIT ( * ) PLANE_ANGLE_UNIT ( ) SI_UNIT ( $, .RADIAN. ) );
#11387 = DIRECTION ( 'NONE',  ( -1.000000000000000000, -9.035018104045847275E-16, 0.0000000000000000000 ) ) ;
#11388 = ORIENTED_EDGE ( 'NONE', *, *, #1912, .T. ) ;
#11389 = DIRECTION ( 'NONE',  ( 1.927470528863119542E-16, -1.000000000000000000, 0.0000000000000000000 ) ) ;
#11390 = LINE ( 'NONE', #5615, #5135 ) ;
#11391 = VERTEX_POINT ( 'NONE', #7919 ) ;
#11392 = DIRECTION ( 'NONE',  ( -1.000000000000000000, -0.0000000000000000000, -0.0000000000000000000 ) ) ;
#11393 =( LENGTH_UNIT ( ) NAMED_UNIT ( * ) SI_UNIT ( .MILLI., .METRE. ) );
#11394 = DIRECTION ( 'NONE',  ( -3.833233541708432880E-17, -0.7071067811865471286, 0.7071067811865479058 ) ) ;
#11395 = LINE ( 'NONE', #1731, #3071 ) ;
#11396 = CARTESIAN_POINT ( 'NONE',  ( 17.94999999999999574, 0.8200000000000045031, 1.300000000000000044 ) ) ;
#11397 = UNCERTAINTY_MEASURE_WITH_UNIT (LENGTH_MEASURE( 1.000000000000000082E-05 ), #286, 'distance_accuracy_value', 'NONE');
#11398 =( NAMED_UNIT ( * ) SI_UNIT ( $, .STERADIAN. ) SOLID_ANGLE_UNIT ( ) );
#11399 = CARTESIAN_POINT ( 'NONE',  ( 7.750000000000000000, -3.399999999999999911, 0.2500000000000002220 ) ) ;
#11400 =( LENGTH_UNIT ( ) NAMED_UNIT ( * ) SI_UNIT ( .MILLI., .METRE. ) );
#11401 = PRODUCT_DEFINITION ( 'UNKNOWN', '', #1280, #9006 ) ;
#11402 = CARTESIAN_POINT ( 'NONE',  ( 17.94999999999999574, 1.380000000000004778, 1.300000000000000044 ) ) ;
#11403 = MECHANICAL_DESIGN_GEOMETRIC_PRESENTATION_REPRESENTATION (  '', ( #1168 ), #7571 ) ;
#11404 = EDGE_LOOP ( 'NONE', ( #4008, #9687, #5722, #8397 ) ) ;
#11405 = CARTESIAN_POINT ( 'NONE',  ( 10.75000000000000000, 3.149999999999999467, -2.050000000000002043 ) ) ;
#11406 = SURFACE_STYLE_USAGE ( .BOTH. , #12420 ) ;
#11407 = DIRECTION ( 'NONE',  ( 1.000000000000000000, 0.0000000000000000000, 0.0000000000000000000 ) ) ;
#11408 = VECTOR ( 'NONE', #2444, 1000.000000000000000 ) ;
#11409 = CIRCLE ( 'NONE', #785, 0.05000000000000019013 ) ;
#11410 = MECHANICAL_DESIGN_GEOMETRIC_PRESENTATION_REPRESENTATION (  '', ( #5588 ), #10615 ) ;
#11411 = LINE ( 'NONE', #1418, #5562 ) ;
#11412 = DIRECTION ( 'NONE',  ( 0.0000000000000000000, 0.0000000000000000000, -1.000000000000000000 ) ) ;
#11413 = SURFACE_STYLE_FILL_AREA ( #3707 ) ;
#11414 = COLOUR_RGB ( '',1.000000000000000000, 1.000000000000000000, 1.000000000000000000 ) ;
#11415 = LINE ( 'NONE', #12505, #8291 ) ;
#11416 = EDGE_CURVE ( 'NONE', #3585, #6486, #1025, .T. ) ;
#11417 = LINE ( 'NONE', #7626, #12445 ) ;
#11418 = EDGE_CURVE ( 'NONE', #6562, #136, #4164, .T. ) ;
#11419 = VERTEX_POINT ( 'NONE', #2172 ) ;
#11420 = EDGE_CURVE ( 'NONE', #2999, #5425, #3163, .T. ) ;
#11421 = LINE ( 'NONE', #4635, #8857 ) ;
#11422 = VECTOR ( 'NONE', #8469, 1000.000000000000000 ) ;
#11423 = VECTOR ( 'NONE', #9013, 1000.000000000000000 ) ;
#11424 = SURFACE_STYLE_USAGE ( .BOTH. , #7567 ) ;
#11425 = ORIENTED_EDGE ( 'NONE', *, *, #11829, .T. ) ;
#11426 = ORIENTED_EDGE ( 'NONE', *, *, #1089, .F. ) ;
#11427 = FILL_AREA_STYLE_COLOUR ( '', #7390 ) ;
#11428 = FILL_AREA_STYLE ('',( #8646 ) ) ;
#11429 = ORIENTED_EDGE ( 'NONE', *, *, #328, .F. ) ;
#11430 = ORIENTED_EDGE ( 'NONE', *, *, #4214, .T. ) ;
#11431 = CARTESIAN_POINT ( 'NONE',  ( 11.84999999999999964, -3.399999999999999911, -0.2499999999999997780 ) ) ;
#11432 =( GEOMETRIC_REPRESENTATION_CONTEXT ( 3 ) GLOBAL_UNCERTAINTY_ASSIGNED_CONTEXT ( ( #2986 ) ) GLOBAL_UNIT_ASSIGNED_CONTEXT ( ( #6415, #10363, #7364 ) ) REPRESENTATION_CONTEXT ( 'NONE', 'WORKASPACE' ) );
#11433 = DIRECTION ( 'NONE',  ( 1.000000000000000000, 0.0000000000000000000, 0.0000000000000000000 ) ) ;
#11434 = FILL_AREA_STYLE_COLOUR ( '', #4758 ) ;
#11435 = ADVANCED_FACE ( 'NONE', ( #7152 ), #11834, .T. ) ;
#11436 = MECHANICAL_DESIGN_GEOMETRIC_PRESENTATION_REPRESENTATION (  '', ( #5747 ), #12449 ) ;
#11437 = DIRECTION ( 'NONE',  ( -1.000000000000000000, 0.0000000000000000000, -0.0000000000000000000 ) ) ;
#11438 = ORIENTED_EDGE ( 'NONE', *, *, #271, .F. ) ;
#11439 = AXIS2_PLACEMENT_3D ( 'NONE', #10016, #11950, #12138 ) ;
#11440 = STYLED_ITEM ( 'NONE', ( #7349 ), #5648 ) ;
#11441 =( LENGTH_UNIT ( ) NAMED_UNIT ( * ) SI_UNIT ( .MILLI., .METRE. ) );
#11442 = EDGE_LOOP ( 'NONE', ( #10923, #3333, #9784, #7126 ) ) ;
#11443 = DIRECTION ( 'NONE',  ( -0.0000000000000000000, -1.000000000000000000, -0.0000000000000000000 ) ) ;
#11444 = DIRECTION ( 'NONE',  ( 1.927470528863119542E-16, -1.000000000000000000, 0.0000000000000000000 ) ) ;
#11445 = LINE ( 'NONE', #10442, #34 ) ;
#11446 = AXIS2_PLACEMENT_3D ( 'NONE', #3599, #11250, #7526 ) ;
#11447 = CARTESIAN_POINT ( 'NONE',  ( 0.05000000000000012768, 0.0000000000000000000, -2.050000000000001599 ) ) ;
#11448 = CARTESIAN_POINT ( 'NONE',  ( 8.050000000000000711, 5.100000000000001421, -0.1500000000000003830 ) ) ;
#11449 = LINE ( 'NONE', #8335, #3117 ) ;
#11450 = UNCERTAINTY_MEASURE_WITH_UNIT (LENGTH_MEASURE( 1.000000000000000082E-05 ), #5706, 'distance_accuracy_value', 'NONE');
#11451 = MECHANICAL_DESIGN_GEOMETRIC_PRESENTATION_REPRESENTATION (  '', ( #10046 ), #1635 ) ;
#11452 = SURFACE_STYLE_FILL_AREA ( #10579 ) ;
#11453 = AXIS2_PLACEMENT_3D ( 'NONE', #4753, #6731, #5570 ) ;
#11454 = MECHANICAL_DESIGN_GEOMETRIC_PRESENTATION_REPRESENTATION (  '', ( #5776 ), #10256 ) ;
#11455 = ORIENTED_EDGE ( 'NONE', *, *, #2815, .T. ) ;
#11456 = DIRECTION ( 'NONE',  ( 1.000000000000000000, -5.421010862427522170E-17, 0.0000000000000000000 ) ) ;
#11457 = FILL_AREA_STYLE_COLOUR ( '', #4383 ) ;
#11458 = VECTOR ( 'NONE', #12457, 1000.000000000000000 ) ;
#11459 = VERTEX_POINT ( 'NONE', #4229 ) ;
#11460 = DIRECTION ( 'NONE',  ( -1.000000000000000000, 3.872150616019660190E-17, 0.0000000000000000000 ) ) ;
#11461 =( LENGTH_UNIT ( ) NAMED_UNIT ( * ) SI_UNIT ( .MILLI., .METRE. ) );
#11462 = ORIENTED_EDGE ( 'NONE', *, *, #5048, .F. ) ;
#11463 = EDGE_CURVE ( 'NONE', #6423, #4479, #11955, .T. ) ;
#11464 = DIRECTION ( 'NONE',  ( -9.103382349328301547E-49, -2.350988701644575016E-32, -1.000000000000000000 ) ) ;
#11465 =( NAMED_UNIT ( * ) SI_UNIT ( $, .STERADIAN. ) SOLID_ANGLE_UNIT ( ) );
#11466 = DIRECTION ( 'NONE',  ( 1.095153709581317921E-16, -1.000000000000000000, 0.0000000000000000000 ) ) ;
#11467 = PRESENTATION_LAYER_ASSIGNMENT (  '', '', ( #2894 ) ) ;
#11468 = PRESENTATION_STYLE_ASSIGNMENT (( #3694 ) ) ;
#11469 = UNCERTAINTY_MEASURE_WITH_UNIT (LENGTH_MEASURE( 1.000000000000000082E-05 ), #5349, 'distance_accuracy_value', 'NONE');
#11470 = STYLED_ITEM ( 'NONE', ( #8881 ), #10316 ) ;
#11471 = COLOUR_RGB ( '',1.000000000000000000, 1.000000000000000000, 1.000000000000000000 ) ;
#11472 =( LENGTH_UNIT ( ) NAMED_UNIT ( * ) SI_UNIT ( .MILLI., .METRE. ) );
#11473 = VECTOR ( 'NONE', #6712, 1000.000000000000114 ) ;
#11474 = UNCERTAINTY_MEASURE_WITH_UNIT (LENGTH_MEASURE( 1.000000000000000082E-05 ), #4752, 'distance_accuracy_value', 'NONE');
#11475 = SURFACE_SIDE_STYLE ('',( #9262 ) ) ;
#11476 = LINE ( 'NONE', #8560, #7023 ) ;
#11477 = CARTESIAN_POINT ( 'NONE',  ( 10.75000000000000000, 3.399999999999999467, -2.050000000000001599 ) ) ;
#11478 = VECTOR ( 'NONE', #9990, 1000.000000000000000 ) ;
#11479 = COLOUR_RGB ( '',1.000000000000000000, 0.8117647058823529438, 0.5019607843137254832 ) ;
#11480 = SURFACE_STYLE_USAGE ( .BOTH. , #7434 ) ;
#11481 = ORIENTED_EDGE ( 'NONE', *, *, #2373, .T. ) ;
#11482 = FACE_OUTER_BOUND ( 'NONE', #12149, .T. ) ;
#11483 = FILL_AREA_STYLE ('',( #12428 ) ) ;
#11484 = LINE ( 'NONE', #1753, #3820 ) ;
#11485 = CARTESIAN_POINT ( 'NONE',  ( -1.950000000000000400, 1.380000000000000782, 1.300000000000000044 ) ) ;
#11486 =( LENGTH_UNIT ( ) NAMED_UNIT ( * ) SI_UNIT ( .MILLI., .METRE. ) );
#11487 = MECHANICAL_DESIGN_GEOMETRIC_PRESENTATION_REPRESENTATION (  '', ( #2079 ), #7648 ) ;
#11488 = LINE ( 'NONE', #2589, #5818 ) ;
#11489 = VECTOR ( 'NONE', #4439, 1000.000000000000000 ) ;
#11490 = PLANE ( 'NONE',  #2504 ) ;
#11491 = PRESENTATION_LAYER_ASSIGNMENT (  '', '', ( #12283 ) ) ;
#11492 = ORIENTED_EDGE ( 'NONE', *, *, #1795, .F. ) ;
#11493 = SURFACE_STYLE_FILL_AREA ( #2662 ) ;
#11494 = AXIS2_PLACEMENT_3D ( 'NONE', #2320, #6320, #7671 ) ;
#11495 = DIRECTION ( 'NONE',  ( -4.358601698434189525E-17, 0.0000000000000000000, -1.000000000000000000 ) ) ;
#11496 = SURFACE_STYLE_USAGE ( .BOTH. , #7813 ) ;
#11497 = ORIENTED_EDGE ( 'NONE', *, *, #10078, .F. ) ;
#11498 =( GEOMETRIC_REPRESENTATION_CONTEXT ( 3 ) GLOBAL_UNCERTAINTY_ASSIGNED_CONTEXT ( ( #8252 ) ) GLOBAL_UNIT_ASSIGNED_CONTEXT ( ( #9660, #5765, #3584 ) ) REPRESENTATION_CONTEXT ( 'NONE', 'WORKASPACE' ) );
#11499 = EDGE_CURVE ( 'NONE', #4860, #1484, #3222, .T. ) ;
#11500 = ORIENTED_EDGE ( 'NONE', *, *, #5811, .T. ) ;
#11501 = VECTOR ( 'NONE', #6204, 1000.000000000000000 ) ;
#11502 = EDGE_LOOP ( 'NONE', ( #7563, #10294, #2878, #4474 ) ) ;
#11503 = CARTESIAN_POINT ( 'NONE',  ( 11.29999999999999893, 0.2000000000000000389, -0.2499999999999997780 ) ) ;
#11504 = VERTEX_POINT ( 'NONE', #5296 ) ;
#11505 = PLANE ( 'NONE',  #8801 ) ;
#11506 = DIRECTION ( 'NONE',  ( -1.000000000000000000, 0.0000000000000000000, -0.0000000000000000000 ) ) ;
#11507 = DIRECTION ( 'NONE',  ( 3.872150616019661422E-17, 1.000000000000000000, 0.0000000000000000000 ) ) ;
#11508 = ORIENTED_EDGE ( 'NONE', *, *, #1795, .T. ) ;
#11509 = CARTESIAN_POINT ( 'NONE',  ( 16.21999999999999531, 4.230000000000001315, 1.599999999999999867 ) ) ;
#11510 = EDGE_CURVE ( 'NONE', #6892, #602, #387, .T. ) ;
#11511 = ADVANCED_FACE ( 'NONE', ( #8226 ), #9169, .F. ) ;
#11512 =( NAMED_UNIT ( * ) SI_UNIT ( $, .STERADIAN. ) SOLID_ANGLE_UNIT ( ) );
#11513 =( LENGTH_UNIT ( ) NAMED_UNIT ( * ) SI_UNIT ( .MILLI., .METRE. ) );
#11514 =( NAMED_UNIT ( * ) SI_UNIT ( $, .STERADIAN. ) SOLID_ANGLE_UNIT ( ) );
#11515 = CARTESIAN_POINT ( 'NONE',  ( 8.050000000000000711, 3.149999999999999023, -2.050000000000001599 ) ) ;
#11516 = FACE_OUTER_BOUND ( 'NONE', #11502, .T. ) ;
#11517 = ORIENTED_EDGE ( 'NONE', *, *, #113, .F. ) ;
#11518 = CARTESIAN_POINT ( 'NONE',  ( 4.150000000000001243, -3.399999999999999911, -0.1500000000000003830 ) ) ;
#11519 = EDGE_LOOP ( 'NONE', ( #4319, #562, #798, #3919 ) ) ;
#11520 = DIRECTION ( 'NONE',  ( 3.872150616019660190E-17, 1.000000000000000000, -0.0000000000000000000 ) ) ;
#11521 = LINE ( 'NONE', #6572, #1409 ) ;
#11522 = ADVANCED_FACE ( 'NONE', ( #9783 ), #10773, .T. ) ;
#11523 = LINE ( 'NONE', #12537, #10683 ) ;
#11524 = ORIENTED_EDGE ( 'NONE', *, *, #8858, .T. ) ;
#11525 = UNCERTAINTY_MEASURE_WITH_UNIT (LENGTH_MEASURE( 1.000000000000000082E-05 ), #2186, 'distance_accuracy_value', 'NONE');
#11526 = FILL_AREA_STYLE ('',( #11342 ) ) ;
#11527 = SURFACE_STYLE_FILL_AREA ( #6709 ) ;
#11528 = DIRECTION ( 'NONE',  ( -0.0000000000000000000, -1.000000000000000000, -0.0000000000000000000 ) ) ;
#11529 = VERTEX_POINT ( 'NONE', #4824 ) ;
#11530 = LINE ( 'NONE', #1800, #11473 ) ;
#11531 = VECTOR ( 'NONE', #11704, 1000.000000000000000 ) ;
#11532 = DIRECTION ( 'NONE',  ( 9.103382349328301547E-49, 2.350988701644575016E-32, 1.000000000000000000 ) ) ;
#11533 = ORIENTED_EDGE ( 'NONE', *, *, #2136, .T. ) ;
#11534 =( NAMED_UNIT ( * ) PLANE_ANGLE_UNIT ( ) SI_UNIT ( $, .RADIAN. ) );
#11535 = FILL_AREA_STYLE ('',( #3631 ) ) ;
#11536 = SURFACE_STYLE_FILL_AREA ( #7682 ) ;
#11537 = SURFACE_STYLE_USAGE ( .BOTH. , #7683 ) ;
#11538 = ORIENTED_EDGE ( 'NONE', *, *, #10586, .T. ) ;
#11539 = VECTOR ( 'NONE', #4037, 1000.000000000000000 ) ;
#11540 = CARTESIAN_POINT ( 'NONE',  ( 9.849999999999999645, 5.100000000000001421, -0.1500000000000003830 ) ) ;
#11541 = ORIENTED_EDGE ( 'NONE', *, *, #5110, .T. ) ;
#11542 =( NAMED_UNIT ( * ) SI_UNIT ( $, .STERADIAN. ) SOLID_ANGLE_UNIT ( ) );
#11543 = ORIENTED_EDGE ( 'NONE', *, *, #9299, .T. ) ;
#11544 = CARTESIAN_POINT ( 'NONE',  ( 17.94999999999999574, 0.0000000000000000000, -2.800000000000000711 ) ) ;
#11545 = CARTESIAN_POINT ( 'NONE',  ( 1.250000000000000666, 1.149999999999999911, -2.050000000000001599 ) ) ;
#11546 = EDGE_LOOP ( 'NONE', ( #7702, #9544, #1794, #5355 ) ) ;
#11547 = ORIENTED_EDGE ( 'NONE', *, *, #9158, .T. ) ;
#11548 = LINE ( 'NONE', #10555, #376 ) ;
#11549 = FILL_AREA_STYLE ('',( #57 ) ) ;
#11550 = ORIENTED_EDGE ( 'NONE', *, *, #6378, .F. ) ;
#11551 = UNCERTAINTY_MEASURE_WITH_UNIT (LENGTH_MEASURE( 1.000000000000000082E-05 ), #9488, 'distance_accuracy_value', 'NONE');
#11552 = CARTESIAN_POINT ( 'NONE',  ( 15.30000000000000071, 0.2000000000000000389, -2.800000000000000266 ) ) ;
#11553 = AXIS2_PLACEMENT_3D ( 'NONE', #8573, #10669, #10607 ) ;
#11554 = CARTESIAN_POINT ( 'NONE',  ( 14.83333333333333748, -4.383333333333324866, -0.8333333333333230453 ) ) ;
#11555 = CARTESIAN_POINT ( 'NONE',  ( 6.749999999999999112, 3.400000000000000355, -2.350000000000001865 ) ) ;
#11556 = EDGE_CURVE ( 'NONE', #6787, #11983, #7879, .T. ) ;
#11557 = PLANE ( 'NONE',  #567 ) ;
#11558 = ORIENTED_EDGE ( 'NONE', *, *, #6379, .T. ) ;
#11559 = LINE ( 'NONE', #2947, #8616 ) ;
#11560 = LINE ( 'NONE', #5471, #4234 ) ;
#11561 = EDGE_LOOP ( 'NONE', ( #2826, #10868, #7430, #11930 ) ) ;
#11562 = VERTEX_POINT ( 'NONE', #738 ) ;
#11563 = LINE ( 'NONE', #4839, #11193 ) ;
#11564 = VERTEX_POINT ( 'NONE', #10557 ) ;
#11565 = ORIENTED_EDGE ( 'NONE', *, *, #9638, .F. ) ;
#11566 = DIRECTION ( 'NONE',  ( -4.336808689942017736E-16, 0.0000000000000000000, -1.000000000000000000 ) ) ;
#11567 = AXIS2_PLACEMENT_3D ( 'NONE', #570, #4548, #7492 ) ;
#11568 =( LENGTH_UNIT ( ) NAMED_UNIT ( * ) SI_UNIT ( .MILLI., .METRE. ) );
#11569 = PLANE ( 'NONE',  #185 ) ;
#11570 = EDGE_CURVE ( 'NONE', #7918, #6305, #8701, .T. ) ;
#11571 = VECTOR ( 'NONE', #7374, 1000.000000000000000 ) ;
#11572 = ADVANCED_FACE ( 'NONE', ( #2859 ), #8232, .F. ) ;
#11573 =( NAMED_UNIT ( * ) SI_UNIT ( $, .STERADIAN. ) SOLID_ANGLE_UNIT ( ) );
#11574 = EDGE_LOOP ( 'NONE', ( #10539, #2195, #11320, #3429 ) ) ;
#11575 = EDGE_CURVE ( 'NONE', #7184, #5599, #12024, .T. ) ;
#11576 =( NAMED_UNIT ( * ) PLANE_ANGLE_UNIT ( ) SI_UNIT ( $, .RADIAN. ) );
#11577 = VERTEX_POINT ( 'NONE', #7292 ) ;
#11578 = DIRECTION ( 'NONE',  ( -0.0000000000000000000, -0.0000000000000000000, -1.000000000000000000 ) ) ;
#11579 = FILL_AREA_STYLE_COLOUR ( '', #10830 ) ;
#11580 =( LENGTH_UNIT ( ) NAMED_UNIT ( * ) SI_UNIT ( .MILLI., .METRE. ) );
#11581 = VERTEX_POINT ( 'NONE', #8061 ) ;
#11582 = CARTESIAN_POINT ( 'NONE',  ( 7.299999999999998934, 0.2000000000000000389, -2.800000000000000266 ) ) ;
#11583 = FILL_AREA_STYLE ('',( #5547 ) ) ;
#11584 = FACE_OUTER_BOUND ( 'NONE', #5676, .T. ) ;
#11585 = FILL_AREA_STYLE_COLOUR ( '', #3675 ) ;
#11586 = MECHANICAL_DESIGN_GEOMETRIC_PRESENTATION_REPRESENTATION (  '', ( #4485 ), #10590 ) ;
#11587 = LINE ( 'NONE', #5816, #9674 ) ;
#11588 = ADVANCED_FACE ( 'NONE', ( #462 ), #4357, .F. ) ;
#11589 = VERTEX_POINT ( 'NONE', #9964 ) ;
#11590 = UNCERTAINTY_MEASURE_WITH_UNIT (LENGTH_MEASURE( 1.000000000000000082E-05 ), #6900, 'distance_accuracy_value', 'NONE');
#11591 = FILL_AREA_STYLE ('',( #7732 ) ) ;
#11592 = LINE ( 'NONE', #904, #2697 ) ;
#11593 =( NAMED_UNIT ( * ) SI_UNIT ( $, .STERADIAN. ) SOLID_ANGLE_UNIT ( ) );
#11594 = VERTEX_POINT ( 'NONE', #5111 ) ;
#11595 = SURFACE_SIDE_STYLE ('',( #12554 ) ) ;
#11596 = ORIENTED_EDGE ( 'NONE', *, *, #11267, .T. ) ;
#11597 = DIRECTION ( 'NONE',  ( -0.0000000000000000000, 1.000000000000000000, -0.0000000000000000000 ) ) ;
#11598 = PRESENTATION_LAYER_ASSIGNMENT (  '', '', ( #776 ) ) ;
#11599 = CARTESIAN_POINT ( 'NONE',  ( -1.350000000000000089, -19.04337155022711769, 1.249999999999997558 ) ) ;
#11600 = DIRECTION ( 'NONE',  ( 3.872150616019660190E-17, 1.000000000000000000, -0.0000000000000000000 ) ) ;
#11601 = CARTESIAN_POINT ( 'NONE',  ( -1.180000000000000160, 2.250000000000000000, 1.249999999999997558 ) ) ;
#11602 = FILL_AREA_STYLE ('',( #10901 ) ) ;
#11603 = DIRECTION ( 'NONE',  ( 1.000000000000000000, 0.0000000000000000000, 0.0000000000000000000 ) ) ;
#11604 = ORIENTED_EDGE ( 'NONE', *, *, #2849, .T. ) ;
#11605 = LINE ( 'NONE', #6532, #11628 ) ;
#11606 = AXIS2_PLACEMENT_3D ( 'NONE', #10288, #512, #9310 ) ;
#11607 = DIRECTION ( 'NONE',  ( -1.000000000000000000, -1.961370764295385564E-16, 0.0000000000000000000 ) ) ;
#11608 = CARTESIAN_POINT ( 'NONE',  ( -1.949999999999999956, 3.149999999999999023, -2.050000000000001599 ) ) ;
#11609 = CARTESIAN_POINT ( 'NONE',  ( -1.349999999999999645, 1.800000000000000044, -0.4000000000000023537 ) ) ;
#11610 = ORIENTED_EDGE ( 'NONE', *, *, #3509, .F. ) ;
#11611 = ORIENTED_EDGE ( 'NONE', *, *, #3338, .T. ) ;
#11612 = COLOUR_RGB ( '',1.000000000000000000, 1.000000000000000000, 1.000000000000000000 ) ;
#11613 = SURFACE_STYLE_USAGE ( .BOTH. , #10611 ) ;
#11614 = SURFACE_STYLE_FILL_AREA ( #5015 ) ;
#11615 = STYLED_ITEM ( 'NONE', ( #1720 ), #6058 ) ;
#11616 = PLANE ( 'NONE',  #3863 ) ;
#11617 = FACE_OUTER_BOUND ( 'NONE', #12521, .T. ) ;
#11618 = COLOUR_RGB ( '',1.000000000000000000, 1.000000000000000000, 1.000000000000000000 ) ;
#11619 = PRESENTATION_LAYER_ASSIGNMENT (  '', '', ( #5529 ) ) ;
#11620 = VECTOR ( 'NONE', #3501, 1000.000000000000000 ) ;
#11621 = ORIENTED_EDGE ( 'NONE', *, *, #1237, .F. ) ;
#11622 = EDGE_LOOP ( 'NONE', ( #3798, #4674, #10696, #8703 ) ) ;
#11623 = EDGE_LOOP ( 'NONE', ( #10853, #4882, #10037, #4440, #2661 ) ) ;
#11624 = DIRECTION ( 'NONE',  ( 0.5773502691896253980, 0.5773502691896280625, -0.5773502691896236216 ) ) ;
#11625 = CARTESIAN_POINT ( 'NONE',  ( 15.75000000000000000, -3.399999999999999911, -0.2499999999999997780 ) ) ;
#11626 = ORIENTED_EDGE ( 'NONE', *, *, #9402, .F. ) ;
#11627 =( GEOMETRIC_REPRESENTATION_CONTEXT ( 3 ) GLOBAL_UNCERTAINTY_ASSIGNED_CONTEXT ( ( #2074 ) ) GLOBAL_UNIT_ASSIGNED_CONTEXT ( ( #11486, #9588, #1698 ) ) REPRESENTATION_CONTEXT ( 'NONE', 'WORKASPACE' ) );
#11628 = VECTOR ( 'NONE', #10424, 1000.000000000000000 ) ;
#11629 = AXIS2_PLACEMENT_3D ( 'NONE', #6343, #9975, #8183 ) ;
#11630 = ADVANCED_FACE ( 'NONE', ( #5183 ), #2329, .F. ) ;
#11631 = CARTESIAN_POINT ( 'NONE',  ( -0.2500000000000004441, -3.300000000000000266, -0.2499999999999997780 ) ) ;
#11632 = SURFACE_STYLE_USAGE ( .BOTH. , #9752 ) ;
#11633 = CARTESIAN_POINT ( 'NONE',  ( 7.750000000000000000, 0.2000000000000000944, 0.2500000000000002220 ) ) ;
#11634 = VECTOR ( 'NONE', #9839, 1000.000000000000000 ) ;
#11635 = VECTOR ( 'NONE', #4937, 1000.000000000000000 ) ;
#11636 = VECTOR ( 'NONE', #507, 1000.000000000000000 ) ;
#11637 = CARTESIAN_POINT ( 'NONE',  ( -1.699999999999999734, 6.000000000000000000, -2.350000000000001421 ) ) ;
#11638 = ORIENTED_EDGE ( 'NONE', *, *, #3594, .F. ) ;
#11639 = SURFACE_STYLE_FILL_AREA ( #8906 ) ;
#11640 = LINE ( 'NONE', #4142, #12426 ) ;
#11641 =( NAMED_UNIT ( * ) SI_UNIT ( $, .STERADIAN. ) SOLID_ANGLE_UNIT ( ) );
#11642 = EDGE_CURVE ( 'NONE', #10494, #423, #10161, .T. ) ;
#11643 =( LENGTH_UNIT ( ) NAMED_UNIT ( * ) SI_UNIT ( .MILLI., .METRE. ) );
#11644 = ADVANCED_FACE ( 'NONE', ( #6585 ), #5492, .F. ) ;
#11645 = EDGE_CURVE ( 'NONE', #10559, #12512, #7613, .T. ) ;
#11646 = CARTESIAN_POINT ( 'NONE',  ( 15.30000000000000071, 0.2000000000000000389, -2.800000000000000266 ) ) ;
#11647 = FILL_AREA_STYLE_COLOUR ( '', #5693 ) ;
#11648 = LINE ( 'NONE', #6904, #3247 ) ;
#11649 = AXIS2_PLACEMENT_3D ( 'NONE', #6030, #4005, #5073 ) ;
#11650 = ORIENTED_EDGE ( 'NONE', *, *, #10483, .F. ) ;
#11651 =( GEOMETRIC_REPRESENTATION_CONTEXT ( 3 ) GLOBAL_UNCERTAINTY_ASSIGNED_CONTEXT ( ( #10770 ) ) GLOBAL_UNIT_ASSIGNED_CONTEXT ( ( #11921, #1490, #1305 ) ) REPRESENTATION_CONTEXT ( 'NONE', 'WORKASPACE' ) );
#11652 = DIRECTION ( 'NONE',  ( 0.5773502691896239547, -0.5773502691896289507, -0.5773502691896243988 ) ) ;
#11653 = LINE ( 'NONE', #8685, #2211 ) ;
#11654 = DIRECTION ( 'NONE',  ( 0.0000000000000000000, 1.000000000000000000, 0.0000000000000000000 ) ) ;
#11655 = LINE ( 'NONE', #7736, #1648 ) ;
#11656 = STYLED_ITEM ( 'NONE', ( #6677 ), #9399 ) ;
#11657 = FILL_AREA_STYLE_COLOUR ( '', #10274 ) ;
#11658 = VERTEX_POINT ( 'NONE', #8490 ) ;
#11659 = COLOUR_RGB ( '',1.000000000000000000, 1.000000000000000000, 1.000000000000000000 ) ;
#11660 = ADVANCED_FACE ( 'NONE', ( #12355 ), #11209, .F. ) ;
#11661 = SURFACE_STYLE_FILL_AREA ( #7799 ) ;
#11662 = EDGE_CURVE ( 'NONE', #10344, #2679, #2521, .T. ) ;
#11663 = STYLED_ITEM ( 'NONE', ( #2857 ), #3488 ) ;
#11664 = FILL_AREA_STYLE_COLOUR ( '', #8389 ) ;
#11665 = SURFACE_SIDE_STYLE ('',( #2060 ) ) ;
#11666 =( NAMED_UNIT ( * ) SI_UNIT ( $, .STERADIAN. ) SOLID_ANGLE_UNIT ( ) );
#11667 = DIRECTION ( 'NONE',  ( 1.927470528863119542E-16, -1.000000000000000000, 0.0000000000000000000 ) ) ;
#11668 = PRESENTATION_LAYER_ASSIGNMENT (  '', '', ( #230 ) ) ;
#11669 = MECHANICAL_DESIGN_GEOMETRIC_PRESENTATION_REPRESENTATION (  '', ( #2063 ), #2487 ) ;
#11670 =( LENGTH_UNIT ( ) NAMED_UNIT ( * ) SI_UNIT ( .MILLI., .METRE. ) );
#11671 = PRESENTATION_LAYER_ASSIGNMENT (  '', '', ( #7426 ) ) ;
#11672 = DIRECTION ( 'NONE',  ( 0.7071067811865475727, -0.7071067811865475727, 1.662400053425836136E-32 ) ) ;
#11673 = ORIENTED_EDGE ( 'NONE', *, *, #10535, .F. ) ;
#11674 = VECTOR ( 'NONE', #6824, 1000.000000000000000 ) ;
#11675 = UNCERTAINTY_MEASURE_WITH_UNIT (LENGTH_MEASURE( 1.000000000000000082E-05 ), #8696, 'distance_accuracy_value', 'NONE');
#11676 = STYLED_ITEM ( 'NONE', ( #4470 ), #4021 ) ;
#11677 = VECTOR ( 'NONE', #91, 1000.000000000000000 ) ;
#11678 = ORIENTED_EDGE ( 'NONE', *, *, #5502, .T. ) ;
#11679 = UNCERTAINTY_MEASURE_WITH_UNIT (LENGTH_MEASURE( 1.000000000000000082E-05 ), #12002, 'distance_accuracy_value', 'NONE');
#11680 = STYLED_ITEM ( 'NONE', ( #6118 ), #10587 ) ;
#11681 = EDGE_LOOP ( 'NONE', ( #2194, #4011, #2118, #6042, #6038, #2919, #12112, #9089 ) ) ;
#11682 = EDGE_CURVE ( 'NONE', #2218, #4479, #7549, .T. ) ;
#11683 = STYLED_ITEM ( 'NONE', ( #11011 ), #9842 ) ;
#11684 = VECTOR ( 'NONE', #2044, 1000.000000000000000 ) ;
#11685 = FACE_OUTER_BOUND ( 'NONE', #12056, .T. ) ;
#11686 = ORIENTED_EDGE ( 'NONE', *, *, #11265, .T. ) ;
#11687 = SURFACE_STYLE_FILL_AREA ( #1909 ) ;
#11688 = STYLED_ITEM ( 'NONE', ( #10422 ), #4199 ) ;
#11689 = VERTEX_POINT ( 'NONE', #1536 ) ;
#11690 = VECTOR ( 'NONE', #4388, 1000.000000000000000 ) ;
#11691 = STYLED_ITEM ( 'NONE', ( #1466 ), #10701 ) ;
#11692 = ORIENTED_EDGE ( 'NONE', *, *, #2149, .T. ) ;
#11693 = VECTOR ( 'NONE', #2997, 1000.000000000000000 ) ;
#11694 = SURFACE_STYLE_FILL_AREA ( #7584 ) ;
#11695 = ORIENTED_EDGE ( 'NONE', *, *, #3505, .T. ) ;
#11696 = LINE ( 'NONE', #2951, #8348 ) ;
#11697 = COLOUR_RGB ( '',1.000000000000000000, 0.8117647058823529438, 0.5019607843137254832 ) ;
#11698 = ORIENTED_EDGE ( 'NONE', *, *, #822, .F. ) ;
#11699 = FACE_OUTER_BOUND ( 'NONE', #11346, .T. ) ;
#11700 = FILL_AREA_STYLE ('',( #9994 ) ) ;
#11701 = VECTOR ( 'NONE', #4991, 1000.000000000000000 ) ;
#11702 = LINE ( 'NONE', #2956, #11795 ) ;
#11703 = ORIENTED_EDGE ( 'NONE', *, *, #10718, .F. ) ;
#11704 = DIRECTION ( 'NONE',  ( -1.084202172485504237E-15, -1.000000000000000000, 0.0000000000000000000 ) ) ;
#11705 = LINE ( 'NONE', #5983, #2278 ) ;
#11706 = SURFACE_STYLE_USAGE ( .BOTH. , #1865 ) ;
#11707 =( NAMED_UNIT ( * ) SI_UNIT ( $, .STERADIAN. ) SOLID_ANGLE_UNIT ( ) );
#11708 = LINE ( 'NONE', #2964, #11254 ) ;
#11709 =( NAMED_UNIT ( * ) SI_UNIT ( $, .STERADIAN. ) SOLID_ANGLE_UNIT ( ) );
#11710 =( NAMED_UNIT ( * ) SI_UNIT ( $, .STERADIAN. ) SOLID_ANGLE_UNIT ( ) );
#11711 = CARTESIAN_POINT ( 'NONE',  ( 15.25000000000000000, 3.149999999999999023, -2.050000000000001599 ) ) ;
#11712 = CARTESIAN_POINT ( 'NONE',  ( 14.84999999999999432, 3.799500000000001876, -0.6005000000000115801 ) ) ;
#11713 = EDGE_CURVE ( 'NONE', #2143, #6942, #4551, .T. ) ;
#11714 = DIRECTION ( 'NONE',  ( 1.000000000000000000, -5.421010862427522170E-17, 0.0000000000000000000 ) ) ;
#11715 = DIRECTION ( 'NONE',  ( -3.833233541708432880E-17, -0.7071067811865471286, 0.7071067811865479058 ) ) ;
#11716 = DIRECTION ( 'NONE',  ( 1.927470528863119542E-16, -1.000000000000000000, 0.0000000000000000000 ) ) ;
#11717 = DIRECTION ( 'NONE',  ( 1.000000000000000000, -5.421010862427522170E-17, 0.0000000000000000000 ) ) ;
#11718 = ORIENTED_EDGE ( 'NONE', *, *, #998, .T. ) ;
#11719 = CARTESIAN_POINT ( 'NONE',  ( 15.75000000000000000, 5.000000000000000888, 0.2500000000000002220 ) ) ;
#11720 = CARTESIAN_POINT ( 'NONE',  ( -1.350000000000000089, 1.149999999999999911, -2.350000000000001421 ) ) ;
#11721 =( NAMED_UNIT ( * ) SI_UNIT ( $, .STERADIAN. ) SOLID_ANGLE_UNIT ( ) );
#11722 = EDGE_LOOP ( 'NONE', ( #7888, #4665, #7372, #892 ) ) ;
#11723 = VECTOR ( 'NONE', #2364, 1000.000000000000000 ) ;
#11724 = LINE ( 'NONE', #5052, #4035 ) ;
#11725 =( LENGTH_UNIT ( ) NAMED_UNIT ( * ) SI_UNIT ( .MILLI., .METRE. ) );
#11726 = LINE ( 'NONE', #2979, #4132 ) ;
#11727 = CARTESIAN_POINT ( 'NONE',  ( 1.849999999999996092, -3.399999999999999911, 0.1500000000000042966 ) ) ;
#11728 = EDGE_CURVE ( 'NONE', #6795, #1200, #3570, .T. ) ;
#11729 = EDGE_CURVE ( 'NONE', #6936, #4488, #1679, .T. ) ;
#11730 =( LENGTH_UNIT ( ) NAMED_UNIT ( * ) SI_UNIT ( .MILLI., .METRE. ) );
#11731 = EDGE_LOOP ( 'NONE', ( #10922, #11949, #11913, #10634 ) ) ;
#11732 = DIRECTION ( 'NONE',  ( -1.000000000000000000, 3.872150616019661422E-17, -0.0000000000000000000 ) ) ;
#11733 = DIRECTION ( 'NONE',  ( 1.000000000000000000, 0.0000000000000000000, 0.0000000000000000000 ) ) ;
#11734 = ORIENTED_EDGE ( 'NONE', *, *, #10167, .F. ) ;
#11735 =( NAMED_UNIT ( * ) PLANE_ANGLE_UNIT ( ) SI_UNIT ( $, .RADIAN. ) );
#11736 = ORIENTED_EDGE ( 'NONE', *, *, #3141, .T. ) ;
#11737 = DIRECTION ( 'NONE',  ( 0.0000000000000000000, 0.0000000000000000000, 1.000000000000000000 ) ) ;
#11738 = FILL_AREA_STYLE ('',( #9008 ) ) ;
#11739 = LINE ( 'NONE', #2994, #2234 ) ;
#11740 = CARTESIAN_POINT ( 'NONE',  ( 10.05000000000000071, 5.100000000000001421, 0.1500000000000008271 ) ) ;
#11741 = COLOUR_RGB ( '',1.000000000000000000, 0.8117647058823529438, 0.5019607843137254832 ) ;
#11742 = EDGE_CURVE ( 'NONE', #6162, #4531, #3881, .T. ) ;
#11743 = FILL_AREA_STYLE ('',( #4251 ) ) ;
#11744 = ORIENTED_EDGE ( 'NONE', *, *, #5905, .T. ) ;
#11745 = CARTESIAN_POINT ( 'NONE',  ( 11.75000000000000000, 1.800000000000000044, -0.2499999999999997780 ) ) ;
#11746 = LINE ( 'NONE', #10856, #520 ) ;
#11747 = DIRECTION ( 'NONE',  ( -1.000000000000000000, 5.421010862427522170E-17, 0.0000000000000000000 ) ) ;
#11748 = UNCERTAINTY_MEASURE_WITH_UNIT (LENGTH_MEASURE( 1.000000000000000082E-05 ), #8174, 'distance_accuracy_value', 'NONE');
#11749 = VERTEX_POINT ( 'NONE', #2767 ) ;
#11750 = ORIENTED_EDGE ( 'NONE', *, *, #7404, .F. ) ;
#11751 =( LENGTH_UNIT ( ) NAMED_UNIT ( * ) SI_UNIT ( .MILLI., .METRE. ) );
#11752 = VERTEX_POINT ( 'NONE', #8789 ) ;
#11753 = DIRECTION ( 'NONE',  ( -1.000000000000000000, 3.872150616019660190E-17, 0.0000000000000000000 ) ) ;
#11754 = DIRECTION ( 'NONE',  ( -4.336808689942017736E-16, 0.0000000000000000000, -1.000000000000000000 ) ) ;
#11755 = ORIENTED_EDGE ( 'NONE', *, *, #11791, .T. ) ;
#11756 = ORIENTED_EDGE ( 'NONE', *, *, #7083, .F. ) ;
#11757 = DIRECTION ( 'NONE',  ( -0.0000000000000000000, -0.0000000000000000000, 1.000000000000000000 ) ) ;
#11758 = SURFACE_SIDE_STYLE ('',( #11821 ) ) ;
#11759 = ORIENTED_EDGE ( 'NONE', *, *, #3011, .F. ) ;
#11760 = EDGE_CURVE ( 'NONE', #4747, #3557, #6775, .T. ) ;
#11761 = COLOUR_RGB ( '',1.000000000000000000, 0.8117647058823529438, 0.5019607843137254832 ) ;
#11762 = DIRECTION ( 'NONE',  ( 1.927470528863119542E-16, -1.000000000000000000, 0.0000000000000000000 ) ) ;
#11763 = FILL_AREA_STYLE_COLOUR ( '', #8012 ) ;
#11764 = PRESENTATION_STYLE_ASSIGNMENT (( #4270 ) ) ;
#11765 = FACE_OUTER_BOUND ( 'NONE', #8761, .T. ) ;
#11766 = PRESENTATION_LAYER_ASSIGNMENT (  '', '', ( #1542 ) ) ;
#11767 = CARTESIAN_POINT ( 'NONE',  ( 13.25000000000000178, 1.149999999999999911, -2.350000000000001865 ) ) ;
#11768 = LINE ( 'NONE', #9636, #10861 ) ;
#11769 = EDGE_CURVE ( 'NONE', #8870, #1840, #5746, .T. ) ;
#11770 = DIRECTION ( 'NONE',  ( 0.0000000000000000000, 0.0000000000000000000, -1.000000000000000000 ) ) ;
#11771 = SURFACE_STYLE_FILL_AREA ( #7864 ) ;
#11772 = SURFACE_SIDE_STYLE ('',( #1023 ) ) ;
#11773 = CARTESIAN_POINT ( 'NONE',  ( 0.2499999999999997780, -3.300000000000000266, 0.2500000000000002220 ) ) ;
#11774 = EDGE_CURVE ( 'NONE', #12278, #11006, #8862, .T. ) ;
#11775 =( GEOMETRIC_REPRESENTATION_CONTEXT ( 3 ) GLOBAL_UNCERTAINTY_ASSIGNED_CONTEXT ( ( #1082 ) ) GLOBAL_UNIT_ASSIGNED_CONTEXT ( ( #372, #1575, #9350 ) ) REPRESENTATION_CONTEXT ( 'NONE', 'WORKASPACE' ) );
#11776 = CARTESIAN_POINT ( 'NONE',  ( 15.75000000000000000, -3.399999999999999911, 0.2500000000000002220 ) ) ;
#11777 = LINE ( 'NONE', #6791, #10346 ) ;
#11778 = CARTESIAN_POINT ( 'NONE',  ( 7.749999999999998224, 0.2000000000000000111, -2.800000000000000266 ) ) ;
#11779 = CARTESIAN_POINT ( 'NONE',  ( 11.75000000000000000, 1.800000000000000044, 0.2500000000000002220 ) ) ;
#11780 = ORIENTED_EDGE ( 'NONE', *, *, #2709, .T. ) ;
#11781 = AXIS2_PLACEMENT_3D ( 'NONE', #545, #11177, #9282 ) ;
#11782 = CARTESIAN_POINT ( 'NONE',  ( 14.24999999999999822, -3.300000000000000266, 0.2500000000000002220 ) ) ;
#11783 = SURFACE_STYLE_FILL_AREA ( #12622 ) ;
#11784 = FACE_OUTER_BOUND ( 'NONE', #991, .T. ) ;
#11785 = UNCERTAINTY_MEASURE_WITH_UNIT (LENGTH_MEASURE( 1.000000000000000082E-05 ), #11892, 'distance_accuracy_value', 'NONE');
#11786 = LINE ( 'NONE', #4301, #3517 ) ;
#11787 = LINE ( 'NONE', #3997, #4161 ) ;
#11788 = EDGE_CURVE ( 'NONE', #2739, #4369, #12546, .T. ) ;
#11789 = PLANE ( 'NONE',  #9139 ) ;
#11790 = EDGE_CURVE ( 'NONE', #2604, #9265, #33, .T. ) ;
#11791 = EDGE_CURVE ( 'NONE', #10619, #3015, #7675, .T. ) ;
#11792 = PLANE ( 'NONE',  #7088 ) ;
#11793 = PLANE ( 'NONE',  #8204 ) ;
#11794 = LINE ( 'NONE', #235, #11693 ) ;
#11795 = VECTOR ( 'NONE', #8601, 1000.000000000000000 ) ;
#11796 = DIRECTION ( 'NONE',  ( 0.0000000000000000000, -0.7071067811865451302, 0.7071067811865500152 ) ) ;
#11797 = VERTEX_POINT ( 'NONE', #7786 ) ;
#11798 = ORIENTED_EDGE ( 'NONE', *, *, #9907, .T. ) ;
#11799 = DIRECTION ( 'NONE',  ( 0.0000000000000000000, 1.000000000000000000, 0.0000000000000000000 ) ) ;
#11800 = CARTESIAN_POINT ( 'NONE',  ( -1.350000000000000089, 5.650000000000002132, -2.350000000000001421 ) ) ;
#11801 = PRESENTATION_STYLE_ASSIGNMENT (( #1116 ) ) ;
#11802 = PRESENTATION_LAYER_ASSIGNMENT (  '', '', ( #8362 ) ) ;
#11803 = VERTEX_POINT ( 'NONE', #10707 ) ;
#11804 = PLANE ( 'NONE',  #10783 ) ;
#11805 = ORIENTED_EDGE ( 'NONE', *, *, #5422, .F. ) ;
#11806 = VECTOR ( 'NONE', #923, 1000.000000000000114 ) ;
#11807 = MECHANICAL_DESIGN_GEOMETRIC_PRESENTATION_REPRESENTATION (  '', ( #6760 ), #12620 ) ;
#11808 = EDGE_CURVE ( 'NONE', #11202, #10241, #4376, .T. ) ;
#11809 = FILL_AREA_STYLE ('',( #6822 ) ) ;
#11810 = SURFACE_SIDE_STYLE ('',( #2955 ) ) ;
#11811 = VECTOR ( 'NONE', #2573, 1000.000000000000000 ) ;
#11812 = DIRECTION ( 'NONE',  ( -1.000000000000000000, 1.084202172485504237E-15, 0.0000000000000000000 ) ) ;
#11813 = EDGE_LOOP ( 'NONE', ( #325, #1120, #6163, #2861, #6340 ) ) ;
#11814 = PRESENTATION_LAYER_ASSIGNMENT (  '', '', ( #784 ) ) ;
#11815 = COLOUR_RGB ( '',1.000000000000000000, 0.8117647058823529438, 0.5019607843137254832 ) ;
#11816 = PRESENTATION_LAYER_ASSIGNMENT (  '', '', ( #3056 ) ) ;
#11817 = DIRECTION ( 'NONE',  ( -1.095153709581317921E-16, 1.000000000000000000, 0.0000000000000000000 ) ) ;
#11818 = VERTEX_POINT ( 'NONE', #2903 ) ;
#11819 = CARTESIAN_POINT ( 'NONE',  ( -1.350000000000000089, 5.650000000000002132, 1.249999999999997558 ) ) ;
#11820 = STYLED_ITEM ( 'NONE', ( #9560 ), #8745 ) ;
#11821 = SURFACE_STYLE_FILL_AREA ( #949 ) ;
#11822 = DIRECTION ( 'NONE',  ( 2.070335806756240440E-16, -1.000000000000000000, 0.0000000000000000000 ) ) ;
#11823 = SURFACE_STYLE_FILL_AREA ( #8783 ) ;
#11824 = UNCERTAINTY_MEASURE_WITH_UNIT (LENGTH_MEASURE( 1.000000000000000082E-05 ), #4983, 'distance_accuracy_value', 'NONE');
#11825 = DIRECTION ( 'NONE',  ( 1.000000000000000000, -5.421010862427522170E-17, 0.0000000000000000000 ) ) ;
#11826 = SURFACE_STYLE_FILL_AREA ( #9160 ) ;
#11827 = CARTESIAN_POINT ( 'NONE',  ( 9.299999999999998934, 0.2000000000000000389, 1.700000000000000178 ) ) ;
#11828 = CARTESIAN_POINT ( 'NONE',  ( 1.299999999999999600, 0.2000000000000000389, -2.800000000000000266 ) ) ;
#11829 = EDGE_CURVE ( 'NONE', #2741, #8811, #5994, .T. ) ;
#11830 =( NAMED_UNIT ( * ) PLANE_ANGLE_UNIT ( ) SI_UNIT ( $, .RADIAN. ) );
#11831 = AXIS2_PLACEMENT_3D ( 'NONE', #7038, #6001, #11900 ) ;
#11832 = CARTESIAN_POINT ( 'NONE',  ( 9.750000000000000000, 5.000000000000000888, -0.2499999999999997780 ) ) ;
#11833 = EDGE_CURVE ( 'NONE', #3358, #2499, #11530, .T. ) ;
#11834 = PLANE ( 'NONE',  #4973 ) ;
#11835 = STYLED_ITEM ( 'NONE', ( #880 ), #9097 ) ;
#11836 = PRESENTATION_LAYER_ASSIGNMENT (  '', '', ( #5353 ) ) ;
#11837 = VERTEX_POINT ( 'NONE', #1978 ) ;
#11838 = EDGE_CURVE ( 'NONE', #12278, #6711, #10591, .T. ) ;
#11839 = CARTESIAN_POINT ( 'NONE',  ( 1.749999999999999778, 0.2000000000000000111, -0.2499999999999997780 ) ) ;
#11840 = MECHANICAL_DESIGN_GEOMETRIC_PRESENTATION_REPRESENTATION (  '', ( #8621 ), #23 ) ;
#11841 = PRESENTATION_STYLE_ASSIGNMENT (( #4872 ) ) ;
#11842 =( GEOMETRIC_REPRESENTATION_CONTEXT ( 3 ) GLOBAL_UNCERTAINTY_ASSIGNED_CONTEXT ( ( #8613 ) ) GLOBAL_UNIT_ASSIGNED_CONTEXT ( ( #6901, #5808, #6049 ) ) REPRESENTATION_CONTEXT ( 'NONE', 'WORKASPACE' ) );
#11843 =( NAMED_UNIT ( * ) PLANE_ANGLE_UNIT ( ) SI_UNIT ( $, .RADIAN. ) );
#11844 = COLOUR_RGB ( '',1.000000000000000000, 0.8117647058823529438, 0.5019607843137254832 ) ;
#11845 = FILL_AREA_STYLE_COLOUR ( '', #10814 ) ;
#11846 = ORIENTED_EDGE ( 'NONE', *, *, #2823, .T. ) ;
#11847 = DIRECTION ( 'NONE',  ( 0.0000000000000000000, -0.0000000000000000000, -1.000000000000000000 ) ) ;
#11848 = MECHANICAL_DESIGN_GEOMETRIC_PRESENTATION_REPRESENTATION (  '', ( #10259 ), #10851 ) ;
#11849 = VECTOR ( 'NONE', #4896, 1000.000000000000000 ) ;
#11850 = DIRECTION ( 'NONE',  ( 3.872150616019660190E-17, 1.000000000000000000, -0.0000000000000000000 ) ) ;
#11851 = STYLED_ITEM ( 'NONE', ( #9816 ), #9309 ) ;
#11852 = COLOUR_RGB ( '',1.000000000000000000, 1.000000000000000000, 1.000000000000000000 ) ;
#11853 = LINE ( 'NONE', #3120, #3454 ) ;
#11854 = DIRECTION ( 'NONE',  ( 3.872150616019660190E-17, 1.000000000000000000, -0.0000000000000000000 ) ) ;
#11855 = FILL_AREA_STYLE_COLOUR ( '', #2704 ) ;
#11856 = VECTOR ( 'NONE', #10926, 1000.000000000000000 ) ;
#11857 = MECHANICAL_DESIGN_GEOMETRIC_PRESENTATION_REPRESENTATION (  '', ( #4381 ), #8031 ) ;
#11858 = LINE ( 'NONE', #9980, #9807 ) ;
#11859 = ORIENTED_EDGE ( 'NONE', *, *, #12604, .T. ) ;
#11860 = EDGE_CURVE ( 'NONE', #4723, #907, #11768, .T. ) ;
#11861 = ORIENTED_EDGE ( 'NONE', *, *, #6216, .T. ) ;
#11862 = CARTESIAN_POINT ( 'NONE',  ( 14.75000000000000000, 1.149999999999999911, -2.050000000000001599 ) ) ;
#11863 = CARTESIAN_POINT ( 'NONE',  ( 6.833333333333330373, -4.383333333333336412, -0.8333333333333343695 ) ) ;
#11864 = AXIS2_PLACEMENT_3D ( 'NONE', #2836, #4809, #8689 ) ;
#11865 = FILL_AREA_STYLE ('',( #10857 ) ) ;
#11866 = VECTOR ( 'NONE', #11597, 1000.000000000000000 ) ;
#11867 = UNCERTAINTY_MEASURE_WITH_UNIT (LENGTH_MEASURE( 1.000000000000000082E-05 ), #3602, 'distance_accuracy_value', 'NONE');
#11868 = ORIENTED_EDGE ( 'NONE', *, *, #7784, .F. ) ;
#11869 = AXIS2_PLACEMENT_3D ( 'NONE', #3229, #3372, #7100 ) ;
#11870 = SURFACE_SIDE_STYLE ('',( #8009 ) ) ;
#11871 = MECHANICAL_DESIGN_GEOMETRIC_PRESENTATION_REPRESENTATION (  '', ( #6821 ), #10075 ) ;
#11872 = DIRECTION ( 'NONE',  ( -1.084202172485504237E-15, -1.000000000000000000, 0.0000000000000000000 ) ) ;
#11873 =( NAMED_UNIT ( * ) SI_UNIT ( $, .STERADIAN. ) SOLID_ANGLE_UNIT ( ) );
#11874 = VECTOR ( 'NONE', #9567, 1000.000000000000000 ) ;
#11875 = AXIS2_PLACEMENT_3D ( 'NONE', #12354, #6394, #1678 ) ;
#11876 =( NAMED_UNIT ( * ) PLANE_ANGLE_UNIT ( ) SI_UNIT ( $, .RADIAN. ) );
#11877 = EDGE_CURVE ( 'NONE', #8431, #10956, #8683, .T. ) ;
#11878 =( GEOMETRIC_REPRESENTATION_CONTEXT ( 3 ) GLOBAL_UNCERTAINTY_ASSIGNED_CONTEXT ( ( #12303 ) ) GLOBAL_UNIT_ASSIGNED_CONTEXT ( ( #7927, #11843, #9776 ) ) REPRESENTATION_CONTEXT ( 'NONE', 'WORKASPACE' ) );
#11879 = ORIENTED_EDGE ( 'NONE', *, *, #10215, .T. ) ;
#11880 = EDGE_CURVE ( 'NONE', #12201, #11272, #7860, .T. ) ;
#11881 = LINE ( 'NONE', #10699, #11531 ) ;
#11882 = FILL_AREA_STYLE_COLOUR ( '', #1169 ) ;
#11883 = DIRECTION ( 'NONE',  ( -1.000000000000000000, 3.872150616019661422E-17, 0.0000000000000000000 ) ) ;
#11884 = FACE_BOUND ( 'NONE', #1809, .T. ) ;
#11885 = VERTEX_POINT ( 'NONE', #7729 ) ;
#11886 = AXIS2_PLACEMENT_3D ( 'NONE', #12044, #9198, #3453 ) ;
#11887 = FILL_AREA_STYLE ('',( #1137 ) ) ;
#11888 = ORIENTED_EDGE ( 'NONE', *, *, #3078, .T. ) ;
#11889 =( NAMED_UNIT ( * ) SI_UNIT ( $, .STERADIAN. ) SOLID_ANGLE_UNIT ( ) );
#11890 = SURFACE_STYLE_USAGE ( .BOTH. , #3275 ) ;
#11891 = PRESENTATION_LAYER_ASSIGNMENT (  '', '', ( #8669 ) ) ;
#11892 =( LENGTH_UNIT ( ) NAMED_UNIT ( * ) SI_UNIT ( .MILLI., .METRE. ) );
#11893 = ORIENTED_EDGE ( 'NONE', *, *, #6861, .T. ) ;
#11894 = DIRECTION ( 'NONE',  ( -0.7071067811865429098, -0.7071067811865522357, 3.066586833366728062E-16 ) ) ;
#11895 = AXIS2_PLACEMENT_3D ( 'NONE', #7983, #3038, #2980 ) ;
#11896 = ORIENTED_EDGE ( 'NONE', *, *, #2824, .T. ) ;
#11897 = SURFACE_STYLE_USAGE ( .BOTH. , #8045 ) ;
#11898 = EDGE_CURVE ( 'NONE', #11577, #6686, #11587, .T. ) ;
#11899 = PRESENTATION_STYLE_ASSIGNMENT (( #4158 ) ) ;
#11900 = DIRECTION ( 'NONE',  ( 1.000000000000000000, -5.421010862427522170E-17, 0.0000000000000000000 ) ) ;
#11901 = CARTESIAN_POINT ( 'NONE',  ( 9.299999999999998934, 0.2000000000000000389, 0.2500000000000002220 ) ) ;
#11902 = SURFACE_STYLE_USAGE ( .BOTH. , #3031 ) ;
#11903 = VERTEX_POINT ( 'NONE', #4859 ) ;
#11904 = CARTESIAN_POINT ( 'NONE',  ( 3.250000000000000888, 1.149999999999999911, -2.050000000000001599 ) ) ;
#11905 = CARTESIAN_POINT ( 'NONE',  ( 13.29999999999999893, 0.2000000000000000389, -0.2499999999999997780 ) ) ;
#11906 = SURFACE_SIDE_STYLE ('',( #11091 ) ) ;
#11907 = DIRECTION ( 'NONE',  ( -4.336808689942017736E-16, 0.0000000000000000000, -1.000000000000000000 ) ) ;
#11908 = CARTESIAN_POINT ( 'NONE',  ( 11.29999999999999893, 0.2000000000000000389, -2.800000000000000266 ) ) ;
#11909 = SURFACE_STYLE_USAGE ( .BOTH. , #8234 ) ;
#11910 = SURFACE_SIDE_STYLE ('',( #9966 ) ) ;
#11911 = DIRECTION ( 'NONE',  ( 1.000000000000000000, -3.872150616019660190E-17, -4.336808689942017736E-16 ) ) ;
#11912 = CARTESIAN_POINT ( 'NONE',  ( 17.94999999999999574, 0.0000000000000000000, 1.699999999999999289 ) ) ;
#11913 = ORIENTED_EDGE ( 'NONE', *, *, #6734, .T. ) ;
#11914 =( NAMED_UNIT ( * ) PLANE_ANGLE_UNIT ( ) SI_UNIT ( $, .RADIAN. ) );
#11915 = EDGE_LOOP ( 'NONE', ( #4798, #8264, #11173, #9709 ) ) ;
#11916 = ADVANCED_FACE ( 'NONE', ( #1927 ), #9822, .F. ) ;
#11917 = CARTESIAN_POINT ( 'NONE',  ( 10.14999999999999858, 5.100000000000001421, 0.1500000000000008271 ) ) ;
#11918 = PRESENTATION_STYLE_ASSIGNMENT (( #7054 ) ) ;
#11919 = UNCERTAINTY_MEASURE_WITH_UNIT (LENGTH_MEASURE( 1.000000000000000082E-05 ), #12486, 'distance_accuracy_value', 'NONE');
#11920 =( NAMED_UNIT ( * ) PLANE_ANGLE_UNIT ( ) SI_UNIT ( $, .RADIAN. ) );
#11921 =( LENGTH_UNIT ( ) NAMED_UNIT ( * ) SI_UNIT ( .MILLI., .METRE. ) );
#11922 = CARTESIAN_POINT ( 'NONE',  ( 8.150000000000000355, -3.399999999999999911, -0.1500000000000003830 ) ) ;
#11923 = EDGE_LOOP ( 'NONE', ( #986, #2524, #931, #5460 ) ) ;
#11924 = CARTESIAN_POINT ( 'NONE',  ( 11.25000000000000000, 1.149999999999999911, -2.050000000000001599 ) ) ;
#11925 = ORIENTED_EDGE ( 'NONE', *, *, #1895, .F. ) ;
#11926 = AXIS2_PLACEMENT_3D ( 'NONE', #7812, #9781, #4938 ) ;
#11927 = SURFACE_STYLE_USAGE ( .BOTH. , #4201 ) ;
#11928 = SURFACE_STYLE_USAGE ( .BOTH. , #9017 ) ;
#11929 = DIRECTION ( 'NONE',  ( 0.5773502691896311712, -0.5773502691896233996, 0.5773502691896227335 ) ) ;
#11930 = ORIENTED_EDGE ( 'NONE', *, *, #4754, .T. ) ;
#11931 = DIRECTION ( 'NONE',  ( 1.000000000000000000, 0.0000000000000000000, 0.0000000000000000000 ) ) ;
#11932 = CARTESIAN_POINT ( 'NONE',  ( 5.250000000000000888, 3.149999999999999023, -2.050000000000001599 ) ) ;
#11933 = LINE ( 'NONE', #10925, #7336 ) ;
#11934 = ADVANCED_FACE ( 'NONE', ( #5287 ), #7031, .T. ) ;
#11935 = ORIENTED_EDGE ( 'NONE', *, *, #6927, .T. ) ;
#11936 = CARTESIAN_POINT ( 'NONE',  ( -0.7000000000000002887, 0.2000000000000000389, 1.700000000000000178 ) ) ;
#11937 = VERTEX_POINT ( 'NONE', #8975 ) ;
#11938 = UNCERTAINTY_MEASURE_WITH_UNIT (LENGTH_MEASURE( 1.000000000000000082E-05 ), #2033, 'distance_accuracy_value', 'NONE');
#11939 =( LENGTH_UNIT ( ) NAMED_UNIT ( * ) SI_UNIT ( .MILLI., .METRE. ) );
#11940 = FILL_AREA_STYLE_COLOUR ( '', #2422 ) ;
#11941 = CARTESIAN_POINT ( 'NONE',  ( 10.69999999999999751, 0.1999999999999999833, -2.800000000000000266 ) ) ;
#11942 = DIRECTION ( 'NONE',  ( -0.0000000000000000000, -0.0000000000000000000, -1.000000000000000000 ) ) ;
#11943 = FILL_AREA_STYLE_COLOUR ( '', #1353 ) ;
#11944 = EDGE_CURVE ( 'NONE', #4415, #4288, #267, .T. ) ;
#11945 = SURFACE_SIDE_STYLE ('',( #97 ) ) ;
#11946 = ADVANCED_FACE ( 'NONE', ( #2371 ), #11076, .T. ) ;
#11947 = DIRECTION ( 'NONE',  ( 0.5773502691896242878, -0.5773502691896267303, -0.5773502691896262862 ) ) ;
#11948 = FACE_OUTER_BOUND ( 'NONE', #7383, .T. ) ;
#11949 = ORIENTED_EDGE ( 'NONE', *, *, #11790, .F. ) ;
#11950 = DIRECTION ( 'NONE',  ( -3.833233541708420554E-17, -0.7071067811865447972, -0.7071067811865502373 ) ) ;
#11951 = SURFACE_STYLE_FILL_AREA ( #7092 ) ;
#11952 = CARTESIAN_POINT ( 'NONE',  ( 11.84999999999999964, 5.100000000000001421, -2.800000000000001155 ) ) ;
#11953 = ORIENTED_EDGE ( 'NONE', *, *, #613, .F. ) ;
#11954 = PRESENTATION_LAYER_ASSIGNMENT (  '', '', ( #3422 ) ) ;
#11955 = LINE ( 'NONE', #11773, #12054 ) ;
#11956 = FILL_AREA_STYLE ('',( #6061 ) ) ;
#11957 = EDGE_CURVE ( 'NONE', #4531, #1660, #12333, .T. ) ;
#11958 =( LENGTH_UNIT ( ) NAMED_UNIT ( * ) SI_UNIT ( .MILLI., .METRE. ) );
#11959 = DIRECTION ( 'NONE',  ( 0.0000000000000000000, -1.000000000000000000, 0.0000000000000000000 ) ) ;
#11960 = STYLED_ITEM ( 'NONE', ( #7285 ), #1631 ) ;
#11961 = SURFACE_SIDE_STYLE ('',( #4422 ) ) ;
#11962 = FACE_OUTER_BOUND ( 'NONE', #9722, .T. ) ;
#11963 = FILL_AREA_STYLE ('',( #5113 ) ) ;
#11964 = LINE ( 'NONE', #3234, #8388 ) ;
#11965 = CARTESIAN_POINT ( 'NONE',  ( 0.7500000000000002220, 3.149999999999999023, -2.050000000000001599 ) ) ;
#11966 = DIRECTION ( 'NONE',  ( -0.0000000000000000000, 0.0000000000000000000, 1.000000000000000000 ) ) ;
#11967 = DIRECTION ( 'NONE',  ( 0.5773502691896259531, 0.5773502691896279515, 0.5773502691896235106 ) ) ;
#11968 = ORIENTED_EDGE ( 'NONE', *, *, #7865, .T. ) ;
#11969 =( GEOMETRIC_REPRESENTATION_CONTEXT ( 3 ) GLOBAL_UNCERTAINTY_ASSIGNED_CONTEXT ( ( #10939 ) ) GLOBAL_UNIT_ASSIGNED_CONTEXT ( ( #2612, #4717, #6823 ) ) REPRESENTATION_CONTEXT ( 'NONE', 'WORKASPACE' ) );
#11970 =( NAMED_UNIT ( * ) PLANE_ANGLE_UNIT ( ) SI_UNIT ( $, .RADIAN. ) );
#11971 = ADVANCED_FACE ( 'NONE', ( #9234 ), #9295, .F. ) ;
#11972 = FACE_OUTER_BOUND ( 'NONE', #2352, .T. ) ;
#11973 = FILL_AREA_STYLE_COLOUR ( '', #6166 ) ;
#11974 = PRESENTATION_STYLE_ASSIGNMENT (( #5264 ) ) ;
#11975 = STYLED_ITEM ( 'NONE', ( #2942 ), #2198 ) ;
#11976 = LINE ( 'NONE', #4124, #4322 ) ;
#11977 = ORIENTED_EDGE ( 'NONE', *, *, #11019, .F. ) ;
#11978 = CARTESIAN_POINT ( 'NONE',  ( 0.0000000000000000000, -3.541421356237309581, -0.05000000000000012768 ) ) ;
#11979 = CARTESIAN_POINT ( 'NONE',  ( 9.749999999999998224, 0.2000000000000000111, -2.800000000000000266 ) ) ;
#11980 =( NAMED_UNIT ( * ) SI_UNIT ( $, .STERADIAN. ) SOLID_ANGLE_UNIT ( ) );
#11981 = FILL_AREA_STYLE_COLOUR ( '', #2922 ) ;
#11982 = ORIENTED_EDGE ( 'NONE', *, *, #6583, .F. ) ;
#11983 = VERTEX_POINT ( 'NONE', #12261 ) ;
#11984 = EDGE_CURVE ( 'NONE', #9306, #4258, #6637, .T. ) ;
#11985 = FILL_AREA_STYLE_COLOUR ( '', #1361 ) ;
#11986 = FILL_AREA_STYLE_COLOUR ( '', #1214 ) ;
#11987 = COLOUR_RGB ( '',1.000000000000000000, 0.8117647058823529438, 0.5019607843137254832 ) ;
#11988 = EDGE_LOOP ( 'NONE', ( #5836, #5567, #10136, #3269 ) ) ;
#11989 = CARTESIAN_POINT ( 'NONE',  ( 17.94999999999999574, 0.0000000000000000000, -2.800000000000000711 ) ) ;
#11990 = ORIENTED_EDGE ( 'NONE', *, *, #9739, .T. ) ;
#11991 =( NAMED_UNIT ( * ) PLANE_ANGLE_UNIT ( ) SI_UNIT ( $, .RADIAN. ) );
#11992 = SURFACE_STYLE_FILL_AREA ( #8028 ) ;
#11993 = COLOUR_RGB ( '',1.000000000000000000, 0.8117647058823529438, 0.5019607843137254832 ) ;
#11994 = CARTESIAN_POINT ( 'NONE',  ( 4.150000000000001243, 5.100000000000001421, 0.1500000000000008271 ) ) ;
#11995 = MECHANICAL_DESIGN_GEOMETRIC_PRESENTATION_REPRESENTATION (  '', ( #8368 ), #559 ) ;
#11996 = STYLED_ITEM ( 'NONE', ( #12325 ), #4998 ) ;
#11997 =( NAMED_UNIT ( * ) PLANE_ANGLE_UNIT ( ) SI_UNIT ( $, .RADIAN. ) );
#11998 = SURFACE_STYLE_FILL_AREA ( #1633 ) ;
#11999 = STYLED_ITEM ( 'NONE', ( #2256 ), #8238 ) ;
#12000 = CARTESIAN_POINT ( 'NONE',  ( -1.350000000000000089, 5.650000000000002132, 1.249999999999997558 ) ) ;
#12001 = CARTESIAN_POINT ( 'NONE',  ( 6.083333333333333037, 5.166666666666667851, 0.08333333333333499404 ) ) ;
#12002 =( LENGTH_UNIT ( ) NAMED_UNIT ( * ) SI_UNIT ( .MILLI., .METRE. ) );
#12003 = AXIS2_PLACEMENT_3D ( 'NONE', #5233, #1279, #7084 ) ;
#12004 = DIRECTION ( 'NONE',  ( -1.000000000000000000, 0.0000000000000000000, -0.0000000000000000000 ) ) ;
#12005 =( GEOMETRIC_REPRESENTATION_CONTEXT ( 3 ) GLOBAL_UNCERTAINTY_ASSIGNED_CONTEXT ( ( #10978 ) ) GLOBAL_UNIT_ASSIGNED_CONTEXT ( ( #2404, #4574, #3325 ) ) REPRESENTATION_CONTEXT ( 'NONE', 'WORKASPACE' ) );
#12006 = EDGE_LOOP ( 'NONE', ( #11157, #8377, #5134, #9090 ) ) ;
#12007 = FILL_AREA_STYLE ('',( #268 ) ) ;
#12008 = VECTOR ( 'NONE', #5926, 1000.000000000000000 ) ;
#12009 = EDGE_CURVE ( 'NONE', #255, #11006, #11449, .T. ) ;
#12010 = EDGE_CURVE ( 'NONE', #11589, #832, #5538, .T. ) ;
#12011 = DIRECTION ( 'NONE',  ( -0.7071067811865536790, -0.7071067811865414665, 1.662400053425821631E-32 ) ) ;
#12012 = FACE_OUTER_BOUND ( 'NONE', #8515, .T. ) ;
#12013 = PRESENTATION_LAYER_ASSIGNMENT (  '', '', ( #12217 ) ) ;
#12014 = VECTOR ( 'NONE', #3173, 1000.000000000000114 ) ;
#12015 = MECHANICAL_DESIGN_GEOMETRIC_PRESENTATION_REPRESENTATION (  '', ( #8991 ), #7391 ) ;
#12016 = DIRECTION ( 'NONE',  ( -0.0000000000000000000, -0.0000000000000000000, 1.000000000000000000 ) ) ;
#12017 = CARTESIAN_POINT ( 'NONE',  ( 8.750000000000000000, 3.149999999999999467, -2.050000000000002043 ) ) ;
#12018 = PRESENTATION_STYLE_ASSIGNMENT (( #6191 ) ) ;
#12019 = FILL_AREA_STYLE ('',( #9174 ) ) ;
#12020 = COLOUR_RGB ( '',1.000000000000000000, 1.000000000000000000, 1.000000000000000000 ) ;
#12021 = DIRECTION ( 'NONE',  ( -3.872150616019660190E-17, -1.000000000000000000, 0.0000000000000000000 ) ) ;
#12022 =( LENGTH_UNIT ( ) NAMED_UNIT ( * ) SI_UNIT ( .MILLI., .METRE. ) );
#12023 = CARTESIAN_POINT ( 'NONE',  ( 0.0000000000000000000, -3.399999999999999911, 0.0000000000000000000 ) ) ;
#12024 = LINE ( 'NONE', #9178, #2910 ) ;
#12025 = FILL_AREA_STYLE_COLOUR ( '', #2311 ) ;
#12026 = PRESENTATION_LAYER_ASSIGNMENT (  '', '', ( #9629 ) ) ;
#12027 = VECTOR ( 'NONE', #8787, 1000.000000000000000 ) ;
#12028 = DIRECTION ( 'NONE',  ( -1.000000000000000000, -0.0000000000000000000, -0.0000000000000000000 ) ) ;
#12029 = ORIENTED_EDGE ( 'NONE', *, *, #10838, .F. ) ;
#12030 = PLANE ( 'NONE',  #12518 ) ;
#12031 = EDGE_CURVE ( 'NONE', #5634, #7308, #1655, .T. ) ;
#12032 = SURFACE_STYLE_FILL_AREA ( #11028 ) ;
#12033 = ADVANCED_FACE ( 'NONE', ( #3554 ), #2557, .F. ) ;
#12034 = DIRECTION ( 'NONE',  ( 0.0000000000000000000, 0.0000000000000000000, 1.000000000000000000 ) ) ;
#12035 = VECTOR ( 'NONE', #1915, 1000.000000000000000 ) ;
#12036 = SURFACE_STYLE_FILL_AREA ( #282 ) ;
#12037 = VECTOR ( 'NONE', #2867, 1000.000000000000000 ) ;
#12038 = FILL_AREA_STYLE_COLOUR ( '', #8205 ) ;
#12039 = SURFACE_SIDE_STYLE ('',( #6522 ) ) ;
#12040 = UNCERTAINTY_MEASURE_WITH_UNIT (LENGTH_MEASURE( 1.000000000000000082E-05 ), #8463, 'distance_accuracy_value', 'NONE');
#12041 = CARTESIAN_POINT ( 'NONE',  ( 3.250000000000001776, 3.400000000000000355, -2.350000000000001421 ) ) ;
#12042 = FACE_OUTER_BOUND ( 'NONE', #1972, .T. ) ;
#12043 = UNCERTAINTY_MEASURE_WITH_UNIT (LENGTH_MEASURE( 1.000000000000000082E-05 ), #9069, 'distance_accuracy_value', 'NONE');
#12044 = CARTESIAN_POINT ( 'NONE',  ( 14.69999999999999751, 0.1999999999999999833, -2.800000000000000266 ) ) ;
#12045 = FILL_AREA_STYLE ('',( #6347 ) ) ;
#12046 = ORIENTED_EDGE ( 'NONE', *, *, #7170, .T. ) ;
#12047 = VECTOR ( 'NONE', #10570, 1000.000000000000000 ) ;
#12048 = FILL_AREA_STYLE ('',( #8374 ) ) ;
#12049 =( GEOMETRIC_REPRESENTATION_CONTEXT ( 3 ) GLOBAL_UNCERTAINTY_ASSIGNED_CONTEXT ( ( #9035 ) ) GLOBAL_UNIT_ASSIGNED_CONTEXT ( ( #7948, #5900, #4957 ) ) REPRESENTATION_CONTEXT ( 'NONE', 'WORKASPACE' ) );
#12050 = EDGE_CURVE ( 'NONE', #6665, #5799, #4603, .T. ) ;
#12051 = ORIENTED_EDGE ( 'NONE', *, *, #1175, .F. ) ;
#12052 = ORIENTED_EDGE ( 'NONE', *, *, #523, .F. ) ;
#12053 = STYLED_ITEM ( 'NONE', ( #8886 ), #9439 ) ;
#12054 = VECTOR ( 'NONE', #4282, 1000.000000000000000 ) ;
#12055 = EDGE_LOOP ( 'NONE', ( #7962, #11497, #11040, #5893 ) ) ;
#12056 = EDGE_LOOP ( 'NONE', ( #12063, #9735, #2353, #8474 ) ) ;
#12057 = AXIS2_PLACEMENT_3D ( 'NONE', #6134, #11966, #1295 ) ;
#12058 = VECTOR ( 'NONE', #9914, 1000.000000000000000 ) ;
#12059 = DIRECTION ( 'NONE',  ( 0.0000000000000000000, 0.0000000000000000000, -1.000000000000000000 ) ) ;
#12060 = PLANE ( 'NONE',  #12362 ) ;
#12061 = COLOUR_RGB ( '',1.000000000000000000, 0.8117647058823529438, 0.5019607843137254832 ) ;
#12062 = CARTESIAN_POINT ( 'NONE',  ( 6.249999999999998224, 1.800000000000000044, -2.800000000000000266 ) ) ;
#12063 = ORIENTED_EDGE ( 'NONE', *, *, #3138, .T. ) ;
#12064 = DIRECTION ( 'NONE',  ( -4.336808689942017736E-16, 0.0000000000000000000, -1.000000000000000000 ) ) ;
#12065 = SURFACE_STYLE_USAGE ( .BOTH. , #10195 ) ;
#12066 = VECTOR ( 'NONE', #2586, 1000.000000000000000 ) ;
#12067 = DIRECTION ( 'NONE',  ( 3.872150616019660190E-17, 1.000000000000000000, -0.0000000000000000000 ) ) ;
#12068 = PRESENTATION_LAYER_ASSIGNMENT (  '', '', ( #7433 ) ) ;
#12069 = VECTOR ( 'NONE', #11770, 1000.000000000000000 ) ;
#12070 = SURFACE_STYLE_FILL_AREA ( #7272 ) ;
#12071 = CARTESIAN_POINT ( 'NONE',  ( 13.74999999999999822, -3.399999999999999911, 0.1500000000000008271 ) ) ;
#12072 = PLANE ( 'NONE',  #6099 ) ;
#12073 = DIRECTION ( 'NONE',  ( -4.336808689942017736E-16, 0.0000000000000000000, -1.000000000000000000 ) ) ;
#12074 = COLOUR_RGB ( '',1.000000000000000000, 0.8117647058823529438, 0.5019607843137254832 ) ;
#12075 = SURFACE_STYLE_USAGE ( .BOTH. , #2232 ) ;
#12076 =( NAMED_UNIT ( * ) SI_UNIT ( $, .STERADIAN. ) SOLID_ANGLE_UNIT ( ) );
#12077 = VECTOR ( 'NONE', #4066, 1000.000000000000000 ) ;
#12078 = COLOUR_RGB ( '',1.000000000000000000, 0.8117647058823529438, 0.5019607843137254832 ) ;
#12079 = LINE ( 'NONE', #144, #3909 ) ;
#12080 = ORIENTED_EDGE ( 'NONE', *, *, #10045, .T. ) ;
#12081 = LINE ( 'NONE', #2375, #6619 ) ;
#12082 = CARTESIAN_POINT ( 'NONE',  ( 1.750000000000000222, -3.399999999999999911, 0.2500000000000002220 ) ) ;
#12083 = CARTESIAN_POINT ( 'NONE',  ( 17.17999999999999616, 4.230000000000002203, 1.249999999999997558 ) ) ;
#12084 = DIRECTION ( 'NONE',  ( 1.000000000000000000, -5.421010862427522170E-17, 0.0000000000000000000 ) ) ;
#12085 = ORIENTED_EDGE ( 'NONE', *, *, #2180, .T. ) ;
#12086 = CARTESIAN_POINT ( 'NONE',  ( 2.150000000000001243, 5.100000000000001421, -2.800000000000000266 ) ) ;
#12087 = VECTOR ( 'NONE', #12548, 1000.000000000000114 ) ;
#12088 = FILL_AREA_STYLE ('',( #6391 ) ) ;
#12089 = DIRECTION ( 'NONE',  ( 1.000000000000000000, -5.421010862427522170E-17, 0.0000000000000000000 ) ) ;
#12090 = CARTESIAN_POINT ( 'NONE',  ( 14.75000000000000000, 3.149999999999999023, -2.050000000000001599 ) ) ;
#12091 = EDGE_LOOP ( 'NONE', ( #12539, #8970, #7409, #6767 ) ) ;
#12092 = FACE_OUTER_BOUND ( 'NONE', #6833, .T. ) ;
#12093 = SURFACE_STYLE_FILL_AREA ( #3370 ) ;
#12094 = ADVANCED_FACE ( 'NONE', ( #8075 ), #123, .T. ) ;
#12095 = FILL_AREA_STYLE_COLOUR ( '', #4913 ) ;
#12096 = SURFACE_STYLE_USAGE ( .BOTH. , #332 ) ;
#12097 = DIRECTION ( 'NONE',  ( 1.927470528863119542E-16, -1.000000000000000000, 0.0000000000000000000 ) ) ;
#12098 = ORIENTED_EDGE ( 'NONE', *, *, #12571, .F. ) ;
#12099 = DIRECTION ( 'NONE',  ( 4.336808689942017736E-16, 0.0000000000000000000, 1.000000000000000000 ) ) ;
#12100 = VERTEX_POINT ( 'NONE', #5068 ) ;
#12101 = LINE ( 'NONE', #9258, #1205 ) ;
#12102 = CARTESIAN_POINT ( 'NONE',  ( -1.949999999999999956, 6.000000000000000000, -0.6800000000000000488 ) ) ;
#12103 = FILL_AREA_STYLE_COLOUR ( '', #11844 ) ;
#12104 = ORIENTED_EDGE ( 'NONE', *, *, #448, .F. ) ;
#12105 = PLANE ( 'NONE',  #10661 ) ;
#12106 =( NAMED_UNIT ( * ) SI_UNIT ( $, .STERADIAN. ) SOLID_ANGLE_UNIT ( ) );
#12107 = FILL_AREA_STYLE_COLOUR ( '', #4243 ) ;
#12108 = EDGE_CURVE ( 'NONE', #9164, #11749, #6025, .T. ) ;
#12109 = PLANE ( 'NONE',  #1826 ) ;
#12110 = EDGE_CURVE ( 'NONE', #11243, #5599, #4000, .T. ) ;
#12111 = PLANE ( 'NONE',  #666 ) ;
#12112 = ORIENTED_EDGE ( 'NONE', *, *, #8771, .T. ) ;
#12113 = LINE ( 'NONE', #10311, #8983 ) ;
#12114 = LINE ( 'NONE', #5397, #6721 ) ;
#12115 = PRESENTATION_STYLE_ASSIGNMENT (( #11111 ) ) ;
#12116 = VERTEX_POINT ( 'NONE', #72 ) ;
#12117 = ORIENTED_EDGE ( 'NONE', *, *, #10450, .F. ) ;
#12118 = DIRECTION ( 'NONE',  ( 1.000000000000000000, 0.0000000000000000000, 0.0000000000000000000 ) ) ;
#12119 = EDGE_CURVE ( 'NONE', #2829, #4415, #4056, .T. ) ;
#12120 = CARTESIAN_POINT ( 'NONE',  ( 12.25000000000000000, 0.2000000000000000111, -2.800000000000000266 ) ) ;
#12121 = SURFACE_STYLE_USAGE ( .BOTH. , #5522 ) ;
#12122 = ORIENTED_EDGE ( 'NONE', *, *, #12, .F. ) ;
#12123 = DIRECTION ( 'NONE',  ( 1.000000000000000000, -3.872150616019660190E-17, -4.336808689942017736E-16 ) ) ;
#12124 = CARTESIAN_POINT ( 'NONE',  ( 14.84999999999999432, 1.800000000000001599, 1.700000000000000178 ) ) ;
#12125 =( LENGTH_UNIT ( ) NAMED_UNIT ( * ) SI_UNIT ( .MILLI., .METRE. ) );
#12126 =( GEOMETRIC_REPRESENTATION_CONTEXT ( 3 ) GLOBAL_UNCERTAINTY_ASSIGNED_CONTEXT ( ( #12334 ) ) GLOBAL_UNIT_ASSIGNED_CONTEXT ( ( #3385, #10228, #12165 ) ) REPRESENTATION_CONTEXT ( 'NONE', 'WORKASPACE' ) );
#12127 = CARTESIAN_POINT ( 'NONE',  ( -1.949999999999999956, 0.0000000000000000000, -2.800000000000000266 ) ) ;
#12128 = PRESENTATION_STYLE_ASSIGNMENT (( #5476 ) ) ;
#12129 = FILL_AREA_STYLE_COLOUR ( '', #10802 ) ;
#12130 = ORIENTED_EDGE ( 'NONE', *, *, #9824, .T. ) ;
#12131 = SURFACE_STYLE_FILL_AREA ( #3609 ) ;
#12132 = EDGE_CURVE ( 'NONE', #4419, #10067, #2007, .T. ) ;
#12133 = VECTOR ( 'NONE', #1404, 1000.000000000000000 ) ;
#12134 = ORIENTED_EDGE ( 'NONE', *, *, #2318, .F. ) ;
#12135 = DIRECTION ( 'NONE',  ( 1.000000000000000000, -5.421010862427522170E-17, 0.0000000000000000000 ) ) ;
#12136 = UNCERTAINTY_MEASURE_WITH_UNIT (LENGTH_MEASURE( 1.000000000000000082E-05 ), #7300, 'distance_accuracy_value', 'NONE');
#12137 = EDGE_CURVE ( 'NONE', #4197, #9647, #2751, .T. ) ;
#12138 = DIRECTION ( 'NONE',  ( -1.000000000000000000, 5.421010862427522170E-17, 0.0000000000000000000 ) ) ;
#12139 = CARTESIAN_POINT ( 'NONE',  ( 9.750000000000000000, 5.000000000000000888, 0.2500000000000002220 ) ) ;
#12140 = DIRECTION ( 'NONE',  ( 3.872150616019661422E-17, 1.000000000000000000, 0.0000000000000000000 ) ) ;
#12141 = EDGE_LOOP ( 'NONE', ( #3702, #189, #4757, #3952 ) ) ;
#12142 = FILL_AREA_STYLE_COLOUR ( '', #4589 ) ;
#12143 = FILL_AREA_STYLE_COLOUR ( '', #6088 ) ;
#12144 = FILL_AREA_STYLE_COLOUR ( '', #2616 ) ;
#12145 = EDGE_CURVE ( 'NONE', #1606, #1820, #8943, .T. ) ;
#12146 = CARTESIAN_POINT ( 'NONE',  ( 15.75000000000000000, 5.000000000000000888, 0.2500000000000002220 ) ) ;
#12147 = FILL_AREA_STYLE ('',( #2449 ) ) ;
#12148 =( NAMED_UNIT ( * ) PLANE_ANGLE_UNIT ( ) SI_UNIT ( $, .RADIAN. ) );
#12149 = EDGE_LOOP ( 'NONE', ( #2017, #11925, #11240, #6254 ) ) ;
#12150 = DIRECTION ( 'NONE',  ( -0.0000000000000000000, -0.0000000000000000000, 1.000000000000000000 ) ) ;
#12151 = ORIENTED_EDGE ( 'NONE', *, *, #5289, .T. ) ;
#12152 = DIRECTION ( 'NONE',  ( -0.7071067811865489050, -0.7071067811865462405, 3.066586833366754193E-16 ) ) ;
#12153 = ORIENTED_EDGE ( 'NONE', *, *, #11880, .F. ) ;
#12154 = FACE_OUTER_BOUND ( 'NONE', #4854, .T. ) ;
#12155 = AXIS2_PLACEMENT_3D ( 'NONE', #12522, #3807, #984 ) ;
#12156 = DIRECTION ( 'NONE',  ( 0.0000000000000000000, -0.0000000000000000000, 1.000000000000000000 ) ) ;
#12157 = VERTEX_POINT ( 'NONE', #11922 ) ;
#12158 = EDGE_CURVE ( 'NONE', #2314, #966, #11794, .T. ) ;
#12159 = DIRECTION ( 'NONE',  ( 1.000000000000000000, 0.0000000000000000000, 0.0000000000000000000 ) ) ;
#12160 = CARTESIAN_POINT ( 'NONE',  ( 10.05000000000000071, 5.100000000000001421, -2.800000000000000266 ) ) ;
#12161 = AXIS2_PLACEMENT_3D ( 'NONE', #705, #8546, #7857 ) ;
#12162 = UNCERTAINTY_MEASURE_WITH_UNIT (LENGTH_MEASURE( 1.000000000000000082E-05 ), #8311, 'distance_accuracy_value', 'NONE');
#12163 = DIRECTION ( 'NONE',  ( -1.000000000000000000, 0.0000000000000000000, -0.0000000000000000000 ) ) ;
#12164 = FILL_AREA_STYLE_COLOUR ( '', #6367 ) ;
#12165 =( NAMED_UNIT ( * ) SI_UNIT ( $, .STERADIAN. ) SOLID_ANGLE_UNIT ( ) );
#12166 =( NAMED_UNIT ( * ) PLANE_ANGLE_UNIT ( ) SI_UNIT ( $, .RADIAN. ) );
#12167 = DIRECTION ( 'NONE',  ( -1.000000000000000000, 3.872150616019660190E-17, 0.0000000000000000000 ) ) ;
#12168 = FILL_AREA_STYLE_COLOUR ( '', #10876 ) ;
#12169 = ORIENTED_EDGE ( 'NONE', *, *, #4868, .F. ) ;
#12170 = STYLED_ITEM ( 'NONE', ( #4260 ), #2029 ) ;
#12171 = PRESENTATION_STYLE_ASSIGNMENT (( #2539 ) ) ;
#12172 = CARTESIAN_POINT ( 'NONE',  ( 13.84999999999999787, 5.100000000000001421, -2.800000000000001155 ) ) ;
#12173 = DIRECTION ( 'NONE',  ( 1.000000000000000000, 0.0000000000000000000, -0.0000000000000000000 ) ) ;
#12174 = EDGE_CURVE ( 'NONE', #11562, #1799, #6996, .T. ) ;
#12175 = VERTEX_POINT ( 'NONE', #12462 ) ;
#12176 = EDGE_CURVE ( 'NONE', #9918, #8870, #3057, .T. ) ;
#12177 = UNCERTAINTY_MEASURE_WITH_UNIT (LENGTH_MEASURE( 1.000000000000000082E-05 ), #7048, 'distance_accuracy_value', 'NONE');
#12178 = ADVANCED_FACE ( 'NONE', ( #6696 ), #10521, .F. ) ;
#12179 = CARTESIAN_POINT ( 'NONE',  ( -1.350000000000000089, 1.149999999999999911, -2.350000000000001421 ) ) ;
#12180 = MECHANICAL_DESIGN_GEOMETRIC_PRESENTATION_REPRESENTATION (  '', ( #546 ), #8336 ) ;
#12181 = LINE ( 'NONE', #9339, #12253 ) ;
#12182 = SURFACE_STYLE_FILL_AREA ( #8322 ) ;
#12183 = FACE_OUTER_BOUND ( 'NONE', #5403, .T. ) ;
#12184 = SURFACE_STYLE_FILL_AREA ( #4332 ) ;
#12185 =( LENGTH_UNIT ( ) NAMED_UNIT ( * ) SI_UNIT ( .MILLI., .METRE. ) );
#12186 = SURFACE_SIDE_STYLE ('',( #1717 ) ) ;
#12187 = EDGE_CURVE ( 'NONE', #7705, #11459, #1244, .T. ) ;
#12188 = DIRECTION ( 'NONE',  ( -1.000000000000000000, 0.0000000000000000000, -0.0000000000000000000 ) ) ;
#12189 = PRESENTATION_STYLE_ASSIGNMENT (( #6250 ) ) ;
#12190 = DIRECTION ( 'NONE',  ( -4.336808689942017736E-16, 1.679277644031840470E-32, -1.000000000000000000 ) ) ;
#12191 = ORIENTED_EDGE ( 'NONE', *, *, #10599, .T. ) ;
#12192 = ORIENTED_EDGE ( 'NONE', *, *, #5218, .F. ) ;
#12193 = SURFACE_SIDE_STYLE ('',( #6563 ) ) ;
#12194 = SURFACE_STYLE_USAGE ( .BOTH. , #11335 ) ;
#12195 = ORIENTED_EDGE ( 'NONE', *, *, #8772, .F. ) ;
#12196 = LINE ( 'NONE', #4669, #10410 ) ;
#12197 = DIRECTION ( 'NONE',  ( 0.5773502691896259531, 0.5773502691896259531, 0.5773502691896255090 ) ) ;
#12198 = DIRECTION ( 'NONE',  ( 3.872150616019660190E-17, 1.000000000000000000, -0.0000000000000000000 ) ) ;
#12199 = VECTOR ( 'NONE', #5520, 1000.000000000000000 ) ;
#12200 = LINE ( 'NONE', #1589, #5396 ) ;
#12201 = VERTEX_POINT ( 'NONE', #1307 ) ;
#12202 = VECTOR ( 'NONE', #9753, 1000.000000000000000 ) ;
#12203 = DIRECTION ( 'NONE',  ( 0.0000000000000000000, 0.0000000000000000000, -1.000000000000000000 ) ) ;
#12204 =( LENGTH_UNIT ( ) NAMED_UNIT ( * ) SI_UNIT ( .MILLI., .METRE. ) );
#12205 = AXIS2_PLACEMENT_3D ( 'NONE', #2562, #8339, #5426 ) ;
#12206 = STYLED_ITEM ( 'NONE', ( #7075 ), #4985 ) ;
#12207 = APPLICATION_CONTEXT ( 'automotive_design' ) ;
#12208 =( NAMED_UNIT ( * ) PLANE_ANGLE_UNIT ( ) SI_UNIT ( $, .RADIAN. ) );
#12209 = ORIENTED_EDGE ( 'NONE', *, *, #7277, .T. ) ;
#12210 = LINE ( 'NONE', #6460, #8048 ) ;
#12211 = FACE_OUTER_BOUND ( 'NONE', #921, .T. ) ;
#12212 = DIRECTION ( 'NONE',  ( 0.0000000000000000000, -1.000000000000000000, 0.0000000000000000000 ) ) ;
#12213 = AXIS2_PLACEMENT_3D ( 'NONE', #1597, #5554, #7551 ) ;
#12214 = LINE ( 'NONE', #1742, #12443 ) ;
#12215 = ORIENTED_EDGE ( 'NONE', *, *, #10734, .T. ) ;
#12216 = DIRECTION ( 'NONE',  ( -1.362927481496328130E-16, 0.7071067811865451302, -0.7071067811865500152 ) ) ;
#12217 = STYLED_ITEM ( 'NONE', ( #9250 ), #1333 ) ;
#12218 = AXIS2_PLACEMENT_3D ( 'NONE', #3001, #77, #10917 ) ;
#12219 = STYLED_ITEM ( 'NONE', ( #5379 ), #5219 ) ;
#12220 = FILL_AREA_STYLE_COLOUR ( '', #9392 ) ;
#12221 = FACE_OUTER_BOUND ( 'NONE', #6057, .T. ) ;
#12222 =( NAMED_UNIT ( * ) SI_UNIT ( $, .STERADIAN. ) SOLID_ANGLE_UNIT ( ) );
#12223 = SURFACE_STYLE_USAGE ( .BOTH. , #4486 ) ;
#12224 = MECHANICAL_DESIGN_GEOMETRIC_PRESENTATION_REPRESENTATION (  '', ( #11820 ), #3271 ) ;
#12225 = CARTESIAN_POINT ( 'NONE',  ( 6.049999999999999822, 3.149999999999999023, -2.050000000000001599 ) ) ;
#12226 =( GEOMETRIC_REPRESENTATION_CONTEXT ( 3 ) GLOBAL_UNCERTAINTY_ASSIGNED_CONTEXT ( ( #9916 ) ) GLOBAL_UNIT_ASSIGNED_CONTEXT ( ( #4871, #5885, #7160 ) ) REPRESENTATION_CONTEXT ( 'NONE', 'WORKASPACE' ) );
#12227 = LINE ( 'NONE', #1357, #2129 ) ;
#12228 = CARTESIAN_POINT ( 'NONE',  ( 7.299999999999998934, 0.0000000000000000000, 1.700000000000000178 ) ) ;
#12229 = STYLED_ITEM ( 'NONE', ( #527 ), #5465 ) ;
#12230 =( NAMED_UNIT ( * ) SI_UNIT ( $, .STERADIAN. ) SOLID_ANGLE_UNIT ( ) );
#12231 = PRESENTATION_LAYER_ASSIGNMENT (  '', '', ( #8196 ) ) ;
#12232 = ORIENTED_EDGE ( 'NONE', *, *, #6319, .T. ) ;
#12233 = CARTESIAN_POINT ( 'NONE',  ( 2.150000000000001243, 5.100000000000001421, 0.1500000000000008271 ) ) ;
#12234 = SURFACE_STYLE_FILL_AREA ( #5329 ) ;
#12235 = CARTESIAN_POINT ( 'NONE',  ( -1.950000000000000400, 1.380000000000000782, 1.700000000000000178 ) ) ;
#12236 = ORIENTED_EDGE ( 'NONE', *, *, #9085, .T. ) ;
#12237 = AXIS2_PLACEMENT_3D ( 'NONE', #6780, #8687, #1745 ) ;
#12238 = ORIENTED_EDGE ( 'NONE', *, *, #10718, .T. ) ;
#12239 = MECHANICAL_DESIGN_GEOMETRIC_PRESENTATION_REPRESENTATION (  '', ( #9467 ), #7235 ) ;
#12240 = CARTESIAN_POINT ( 'NONE',  ( 17.34999999999999076, 5.650000000000002132, -2.350000000000001865 ) ) ;
#12241 = SURFACE_STYLE_USAGE ( .BOTH. , #10985 ) ;
#12242 = EDGE_CURVE ( 'NONE', #4479, #5039, #344, .T. ) ;
#12243 = COLOUR_RGB ( '',1.000000000000000000, 1.000000000000000000, 1.000000000000000000 ) ;
#12244 = CARTESIAN_POINT ( 'NONE',  ( 1.250000000000000666, 3.399999999999999467, -2.350000000000001421 ) ) ;
#12245 = MECHANICAL_DESIGN_GEOMETRIC_PRESENTATION_REPRESENTATION (  '', ( #3515 ), #6175 ) ;
#12246 = ORIENTED_EDGE ( 'NONE', *, *, #4421, .F. ) ;
#12247 = DIRECTION ( 'NONE',  ( -0.0000000000000000000, 0.7071067811865500152, 0.7071067811865451302 ) ) ;
#12248 = CARTESIAN_POINT ( 'NONE',  ( 13.25000000000000178, 1.149999999999999911, -2.050000000000001599 ) ) ;
#12249 =( GEOMETRIC_REPRESENTATION_CONTEXT ( 3 ) GLOBAL_UNCERTAINTY_ASSIGNED_CONTEXT ( ( #770 ) ) GLOBAL_UNIT_ASSIGNED_CONTEXT ( ( #4707, #2736, #8579 ) ) REPRESENTATION_CONTEXT ( 'NONE', 'WORKASPACE' ) );
#12250 = VECTOR ( 'NONE', #9264, 1000.000000000000000 ) ;
#12251 = CARTESIAN_POINT ( 'NONE',  ( 7.750000000000000000, 1.800000000000000044, -0.2499999999999997780 ) ) ;
#12252 = CARTESIAN_POINT ( 'NONE',  ( 14.69999999999999751, 0.0000000000000000000, -2.800000000000000266 ) ) ;
#12253 = VECTOR ( 'NONE', #301, 1000.000000000000000 ) ;
#12254 = STYLED_ITEM ( 'NONE', ( #8868 ), #3712 ) ;
#12255 = DIRECTION ( 'NONE',  ( 0.0000000000000000000, 0.0000000000000000000, 1.000000000000000000 ) ) ;
#12256 =( LENGTH_UNIT ( ) NAMED_UNIT ( * ) SI_UNIT ( .MILLI., .METRE. ) );
#12257 =( NAMED_UNIT ( * ) PLANE_ANGLE_UNIT ( ) SI_UNIT ( $, .RADIAN. ) );
#12258 = VECTOR ( 'NONE', #3941, 1000.000000000000000 ) ;
#12259 = SURFACE_STYLE_FILL_AREA ( #11331 ) ;
#12260 = MECHANICAL_DESIGN_GEOMETRIC_PRESENTATION_REPRESENTATION (  '', ( #7426 ), #628 ) ;
#12261 = CARTESIAN_POINT ( 'NONE',  ( 6.700000000000001066, 0.0000000000000000000, -2.800000000000000266 ) ) ;
#12262 = EDGE_CURVE ( 'NONE', #1499, #6345, #10970, .T. ) ;
#12263 = EDGE_CURVE ( 'NONE', #4109, #3557, #2347, .T. ) ;
#12264 = VECTOR ( 'NONE', #8634, 1000.000000000000000 ) ;
#12265 = VECTOR ( 'NONE', #8211, 1000.000000000000000 ) ;
#12266 = CARTESIAN_POINT ( 'NONE',  ( 4.250000000000000000, -3.399999999999999911, 0.2500000000000002220 ) ) ;
#12267 = VECTOR ( 'NONE', #5428, 1000.000000000000000 ) ;
#12268 = VERTEX_POINT ( 'NONE', #10047 ) ;
#12269 = CARTESIAN_POINT ( 'NONE',  ( 2.250000000000000000, -3.399999999999999911, -0.2499999999999997780 ) ) ;
#12270 = DIRECTION ( 'NONE',  ( 1.000000000000000000, 0.0000000000000000000, 0.0000000000000000000 ) ) ;
#12271 = MECHANICAL_DESIGN_GEOMETRIC_PRESENTATION_REPRESENTATION (  '', ( #10286 ), #857 ) ;
#12272 = SURFACE_STYLE_USAGE ( .BOTH. , #6451 ) ;
#12273 = VECTOR ( 'NONE', #9954, 1000.000000000000114 ) ;
#12274 = CARTESIAN_POINT ( 'NONE',  ( 13.25000000000000178, 3.399999999999999467, -2.350000000000001865 ) ) ;
#12275 = UNCERTAINTY_MEASURE_WITH_UNIT (LENGTH_MEASURE( 1.000000000000000082E-05 ), #7658, 'distance_accuracy_value', 'NONE');
#12276 = COLOUR_RGB ( '',1.000000000000000000, 1.000000000000000000, 1.000000000000000000 ) ;
#12277 = FILL_AREA_STYLE ('',( #10153 ) ) ;
#12278 = VERTEX_POINT ( 'NONE', #4494 ) ;
#12279 = VECTOR ( 'NONE', #5922, 1000.000000000000000 ) ;
#12280 = VERTEX_POINT ( 'NONE', #1425 ) ;
#12281 =( GEOMETRIC_REPRESENTATION_CONTEXT ( 3 ) GLOBAL_UNCERTAINTY_ASSIGNED_CONTEXT ( ( #9386 ) ) GLOBAL_UNIT_ASSIGNED_CONTEXT ( ( #10370, #7370, #10235 ) ) REPRESENTATION_CONTEXT ( 'NONE', 'WORKASPACE' ) );
#12282 = SURFACE_STYLE_USAGE ( .BOTH. , #9369 ) ;
#12283 = STYLED_ITEM ( 'NONE', ( #4062 ), #3307 ) ;
#12284 = VERTEX_POINT ( 'NONE', #5452 ) ;
#12285 =( NAMED_UNIT ( * ) PLANE_ANGLE_UNIT ( ) SI_UNIT ( $, .RADIAN. ) );
#12286 = DIRECTION ( 'NONE',  ( -1.362927481496328130E-16, 0.7071067811865451302, -0.7071067811865500152 ) ) ;
#12287 = COLOUR_RGB ( '',1.000000000000000000, 1.000000000000000000, 1.000000000000000000 ) ;
#12288 = ADVANCED_FACE ( 'NONE', ( #8366 ), #4380, .F. ) ;
#12289 = CARTESIAN_POINT ( 'NONE',  ( 9.750000000000000000, 0.2000000000000000111, -0.2499999999999997780 ) ) ;
#12290 = VECTOR ( 'NONE', #629, 1000.000000000000114 ) ;
#12291 = VERTEX_POINT ( 'NONE', #5204 ) ;
#12292 = ORIENTED_EDGE ( 'NONE', *, *, #104, .F. ) ;
#12293 = PRESENTATION_STYLE_ASSIGNMENT (( #9578 ) ) ;
#12294 = ORIENTED_EDGE ( 'NONE', *, *, #4087, .F. ) ;
#12295 = CARTESIAN_POINT ( 'NONE',  ( 14.14999999999999858, 5.100000000000001421, -0.1500000000000003830 ) ) ;
#12296 = STYLED_ITEM ( 'NONE', ( #3106 ), #4275 ) ;
#12297 = SURFACE_STYLE_FILL_AREA ( #4557 ) ;
#12298 = ORIENTED_EDGE ( 'NONE', *, *, #225, .T. ) ;
#12299 = VECTOR ( 'NONE', #5951, 1000.000000000000000 ) ;
#12300 = DIRECTION ( 'NONE',  ( -0.0000000000000000000, -0.0000000000000000000, 1.000000000000000000 ) ) ;
#12301 = VECTOR ( 'NONE', #8130, 1000.000000000000000 ) ;
#12302 = FILL_AREA_STYLE_COLOUR ( '', #3104 ) ;
#12303 = UNCERTAINTY_MEASURE_WITH_UNIT (LENGTH_MEASURE( 1.000000000000000082E-05 ), #7927, 'distance_accuracy_value', 'NONE');
#12304 = CARTESIAN_POINT ( 'NONE',  ( 7.850000000000001421, 5.100000000000001421, -0.1500000000000003830 ) ) ;
#12305 = PLANE ( 'NONE',  #4545 ) ;
#12306 = PRESENTATION_STYLE_ASSIGNMENT (( #3638 ) ) ;
#12307 = SURFACE_SIDE_STYLE ('',( #8443 ) ) ;
#12308 = DIRECTION ( 'NONE',  ( -1.114542791890761911E-31, -1.000000000000000000, 5.782411586589358625E-16 ) ) ;
#12309 = COLOUR_RGB ( '',1.000000000000000000, 1.000000000000000000, 1.000000000000000000 ) ;
#12310 = EDGE_LOOP ( 'NONE', ( #116, #2809, #604, #3824 ) ) ;
#12311 = LINE ( 'NONE', #7628, #8057 ) ;
#12312 = ORIENTED_EDGE ( 'NONE', *, *, #1241, .T. ) ;
#12313 = CARTESIAN_POINT ( 'NONE',  ( 0.2499999999999997780, -3.399999999999999911, -0.1500000000000038525 ) ) ;
#12314 = SURFACE_STYLE_USAGE ( .BOTH. , #538 ) ;
#12315 = ORIENTED_EDGE ( 'NONE', *, *, #10720, .F. ) ;
#12316 = VERTEX_POINT ( 'NONE', #414 ) ;
#12317 = UNCERTAINTY_MEASURE_WITH_UNIT (LENGTH_MEASURE( 1.000000000000000082E-05 ), #2618, 'distance_accuracy_value', 'NONE');
#12318 = DIRECTION ( 'NONE',  ( -1.000000000000000000, 0.0000000000000000000, 2.609042661061375682E-17 ) ) ;
#12319 = FILL_AREA_STYLE_COLOUR ( '', #1851 ) ;
#12320 = ORIENTED_EDGE ( 'NONE', *, *, #864, .T. ) ;
#12321 = ADVANCED_FACE ( 'NONE', ( #11234 ), #12111, .F. ) ;
#12322 = SURFACE_STYLE_USAGE ( .BOTH. , #2360 ) ;
#12323 = ORIENTED_EDGE ( 'NONE', *, *, #7305, .T. ) ;
#12324 = CARTESIAN_POINT ( 'NONE',  ( -0.2500000000000002220, -3.399999999999999911, 0.2500000000000002220 ) ) ;
#12325 = PRESENTATION_STYLE_ASSIGNMENT (( #10441 ) ) ;
#12326 = PRESENTATION_STYLE_ASSIGNMENT (( #551 ) ) ;
#12327 = PLANE ( 'NONE',  #8863 ) ;
#12328 = EDGE_CURVE ( 'NONE', #12268, #739, #8640, .T. ) ;
#12329 = ORIENTED_EDGE ( 'NONE', *, *, #6529, .F. ) ;
#12330 = COLOUR_RGB ( '',1.000000000000000000, 0.8117647058823529438, 0.5019607843137254832 ) ;
#12331 = CARTESIAN_POINT ( 'NONE',  ( 17.34999999999999076, -19.04337155022711769, 1.249999999999997558 ) ) ;
#12332 = EDGE_LOOP ( 'NONE', ( #5446, #7210, #3591, #2477, #80, #4815, #10423, #10491 ) ) ;
#12333 = LINE ( 'NONE', #10267, #9688 ) ;
#12334 = UNCERTAINTY_MEASURE_WITH_UNIT (LENGTH_MEASURE( 1.000000000000000082E-05 ), #3385, 'distance_accuracy_value', 'NONE');
#12335 = SURFACE_SIDE_STYLE ('',( #632 ) ) ;
#12336 = VERTEX_POINT ( 'NONE', #4818 ) ;
#12337 = EDGE_LOOP ( 'NONE', ( #5666, #5295, #11429, #5267 ) ) ;
#12338 = CARTESIAN_POINT ( 'NONE',  ( 9.750000000000000000, -3.300000000000000266, -0.2499999999999997780 ) ) ;
#12339 = SURFACE_STYLE_USAGE ( .BOTH. , #1663 ) ;
#12340 = PRESENTATION_LAYER_ASSIGNMENT (  '', '', ( #9104 ) ) ;
#12341 = SURFACE_STYLE_FILL_AREA ( #7484 ) ;
#12342 = EDGE_CURVE ( 'NONE', #4820, #7360, #11421, .T. ) ;
#12343 = SURFACE_SIDE_STYLE ('',( #1527 ) ) ;
#12344 = PLANE ( 'NONE',  #5410 ) ;
#12345 = ORIENTED_EDGE ( 'NONE', *, *, #7717, .F. ) ;
#12346 = ORIENTED_EDGE ( 'NONE', *, *, #5383, .F. ) ;
#12347 = EDGE_CURVE ( 'NONE', #9077, #8522, #7564, .T. ) ;
#12348 = SURFACE_SIDE_STYLE ('',( #6578 ) ) ;
#12349 = ADVANCED_FACE ( 'NONE', ( #1552 ), #10367, .F. ) ;
#12350 = EDGE_CURVE ( 'NONE', #6260, #4652, #4569, .T. ) ;
#12351 = SURFACE_SIDE_STYLE ('',( #8484 ) ) ;
#12352 = CARTESIAN_POINT ( 'NONE',  ( 12.25000000000000000, -3.399999999999999911, 0.2500000000000002220 ) ) ;
#12353 = ORIENTED_EDGE ( 'NONE', *, *, #182, .F. ) ;
#12354 = CARTESIAN_POINT ( 'NONE',  ( -1.950000000000000178, -3.399999999999999911, 0.1500000000000042966 ) ) ;
#12355 = FACE_OUTER_BOUND ( 'NONE', #2719, .T. ) ;
#12356 = COLOUR_RGB ( '',1.000000000000000000, 1.000000000000000000, 1.000000000000000000 ) ;
#12357 = FILL_AREA_STYLE_COLOUR ( '', #12309 ) ;
#12358 = DIRECTION ( 'NONE',  ( 0.0000000000000000000, -0.0000000000000000000, 1.000000000000000000 ) ) ;
#12359 = UNCERTAINTY_MEASURE_WITH_UNIT (LENGTH_MEASURE( 1.000000000000000082E-05 ), #8458, 'distance_accuracy_value', 'NONE');
#12360 = LINE ( 'NONE', #4483, #432 ) ;
#12361 = SURFACE_SIDE_STYLE ('',( #4626 ) ) ;
#12362 = AXIS2_PLACEMENT_3D ( 'NONE', #7329, #9284, #3341 ) ;
#12363 = ORIENTED_EDGE ( 'NONE', *, *, #1193, .F. ) ;
#12364 = PRESENTATION_LAYER_ASSIGNMENT (  '', '', ( #4250 ) ) ;
#12365 = PLANE ( 'NONE',  #4765 ) ;
#12366 = EDGE_CURVE ( 'NONE', #1916, #3389, #12311, .T. ) ;
#12367 = LINE ( 'NONE', #10548, #1123 ) ;
#12368 = DIRECTION ( 'NONE',  ( 1.000000000000000000, -3.872150616019660190E-17, -4.336808689942017736E-16 ) ) ;
#12369 = FACE_OUTER_BOUND ( 'NONE', #4502, .T. ) ;
#12370 = DIRECTION ( 'NONE',  ( -1.000000000000000000, 5.421010862427522170E-17, 0.0000000000000000000 ) ) ;
#12371 = VECTOR ( 'NONE', #11324, 1000.000000000000000 ) ;
#12372 = DIRECTION ( 'NONE',  ( 0.0000000000000000000, 0.0000000000000000000, -1.000000000000000000 ) ) ;
#12373 = ORIENTED_EDGE ( 'NONE', *, *, #12137, .F. ) ;
#12374 = CARTESIAN_POINT ( 'NONE',  ( 2.050000000000000266, 3.149999999999999023, -2.050000000000001599 ) ) ;
#12375 = ORIENTED_EDGE ( 'NONE', *, *, #2432, .F. ) ;
#12376 = EDGE_CURVE ( 'NONE', #12534, #4426, #11488, .T. ) ;
#12377 = ORIENTED_EDGE ( 'NONE', *, *, #962, .F. ) ;
#12378 = VERTEX_POINT ( 'NONE', #9531 ) ;
#12379 = ORIENTED_EDGE ( 'NONE', *, *, #1290, .F. ) ;
#12380 = CARTESIAN_POINT ( 'NONE',  ( 2.050000000000000266, -3.399999999999999911, -0.1500000000000003830 ) ) ;
#12381 = CARTESIAN_POINT ( 'NONE',  ( 8.750000000000000000, 1.149999999999999911, -2.050000000000001599 ) ) ;
#12382 =( NAMED_UNIT ( * ) SI_UNIT ( $, .STERADIAN. ) SOLID_ANGLE_UNIT ( ) );
#12383 = FACE_OUTER_BOUND ( 'NONE', #3262, .T. ) ;
#12384 = VERTEX_POINT ( 'NONE', #12432 ) ;
#12385 = ADVANCED_FACE ( 'NONE', ( #2729 ), #6668, .F. ) ;
#12386 =( NAMED_UNIT ( * ) PLANE_ANGLE_UNIT ( ) SI_UNIT ( $, .RADIAN. ) );
#12387 = ORIENTED_EDGE ( 'NONE', *, *, #5771, .T. ) ;
#12388 = SURFACE_SIDE_STYLE ('',( #11694 ) ) ;
#12389 = LINE ( 'NONE', #11379, #1092 ) ;
#12390 = DIRECTION ( 'NONE',  ( 0.5773502691896267303, -0.5773502691896238437, 0.5773502691896267303 ) ) ;
#12391 = ORIENTED_EDGE ( 'NONE', *, *, #3590, .T. ) ;
#12392 = DIRECTION ( 'NONE',  ( 1.000000000000000000, 0.0000000000000000000, 0.0000000000000000000 ) ) ;
#12393 = LINE ( 'NONE', #2987, #12299 ) ;
#12394 = EDGE_CURVE ( 'NONE', #11006, #4288, #7744, .T. ) ;
#12395 = CARTESIAN_POINT ( 'NONE',  ( 3.749999999999999556, 0.2000000000000000111, -2.800000000000000266 ) ) ;
#12396 = DIRECTION ( 'NONE',  ( -1.000000000000000000, 5.421010862427522170E-17, 0.0000000000000000000 ) ) ;
#12397 = SURFACE_STYLE_FILL_AREA ( #9617 ) ;
#12398 = DIRECTION ( 'NONE',  ( 0.0000000000000000000, 1.000000000000000000, -5.782411586589358625E-16 ) ) ;
#12399 = DIRECTION ( 'NONE',  ( -1.000000000000000000, -1.032573497605242347E-16, 0.0000000000000000000 ) ) ;
#12400 = VECTOR ( 'NONE', #10613, 1000.000000000000114 ) ;
#12401 = CARTESIAN_POINT ( 'NONE',  ( -1.949999999999999956, 0.0000000000000000000, -2.800000000000000266 ) ) ;
#12402 = EDGE_LOOP ( 'NONE', ( #4711, #12320, #1699, #3395 ) ) ;
#12403 = CARTESIAN_POINT ( 'NONE',  ( 12.83333333333333037, -4.383333333333336412, -0.8333333333333343695 ) ) ;
#12404 = LINE ( 'NONE', #5619, #9726 ) ;
#12405 = CARTESIAN_POINT ( 'NONE',  ( 9.250000000000001776, 3.149999999999999023, -2.050000000000001599 ) ) ;
#12406 = SURFACE_SIDE_STYLE ('',( #12341 ) ) ;
#12407 = PLANE ( 'NONE',  #5587 ) ;
#12408 = CARTESIAN_POINT ( 'NONE',  ( 9.750000000000000000, -3.399999999999999911, -0.2499999999999997780 ) ) ;
#12409 = ORIENTED_EDGE ( 'NONE', *, *, #12262, .T. ) ;
#12410 = UNCERTAINTY_MEASURE_WITH_UNIT (LENGTH_MEASURE( 1.000000000000000082E-05 ), #3826, 'distance_accuracy_value', 'NONE');
#12411 = DIRECTION ( 'NONE',  ( 1.000000000000000000, 0.0000000000000000000, -0.0000000000000000000 ) ) ;
#12412 = PLANE ( 'NONE',  #11053 ) ;
#12413 = SURFACE_STYLE_USAGE ( .BOTH. , #11206 ) ;
#12414 = VERTEX_POINT ( 'NONE', #11727 ) ;
#12415 = PRESENTATION_STYLE_ASSIGNMENT (( #1738 ) ) ;
#12416 = AXIS2_PLACEMENT_3D ( 'NONE', #988, #5026, #5969 ) ;
#12417 = ADVANCED_FACE ( 'NONE', ( #1033 ), #3985, .F. ) ;
#12418 = FILL_AREA_STYLE ('',( #718 ) ) ;
#12419 =( GEOMETRIC_REPRESENTATION_CONTEXT ( 3 ) GLOBAL_UNCERTAINTY_ASSIGNED_CONTEXT ( ( #4580 ) ) GLOBAL_UNIT_ASSIGNED_CONTEXT ( ( #3596, #10435, #484 ) ) REPRESENTATION_CONTEXT ( 'NONE', 'WORKASPACE' ) );
#12420 = SURFACE_SIDE_STYLE ('',( #10540 ) ) ;
#12421 = CARTESIAN_POINT ( 'NONE',  ( 3.250000000000000888, 1.149999999999999911, -2.050000000000001599 ) ) ;
#12422 = LINE ( 'NONE', #905, #10076 ) ;
#12423 = ORIENTED_EDGE ( 'NONE', *, *, #7232, .F. ) ;
#12424 = PRESENTATION_LAYER_ASSIGNMENT (  '', '', ( #10796 ) ) ;
#12425 = AXIS2_PLACEMENT_3D ( 'NONE', #1220, #3434, #8060 ) ;
#12426 = VECTOR ( 'NONE', #6371, 1000.000000000000000 ) ;
#12427 =( NAMED_UNIT ( * ) SI_UNIT ( $, .STERADIAN. ) SOLID_ANGLE_UNIT ( ) );
#12428 = FILL_AREA_STYLE_COLOUR ( '', #7986 ) ;
#12429 = COLOUR_RGB ( '',1.000000000000000000, 1.000000000000000000, 1.000000000000000000 ) ;
#12430 = LINE ( 'NONE', #8566, #439 ) ;
#12431 = SURFACE_STYLE_USAGE ( .BOTH. , #794 ) ;
#12432 = CARTESIAN_POINT ( 'NONE',  ( 8.750000000000000000, 1.149999999999999911, -2.050000000000001599 ) ) ;
#12433 = VECTOR ( 'NONE', #4274, 1000.000000000000000 ) ;
#12434 = ADVANCED_FACE ( 'NONE', ( #5835 ), #6918, .F. ) ;
#12435 = VECTOR ( 'NONE', #11799, 1000.000000000000000 ) ;
#12436 = VECTOR ( 'NONE', #9083, 1000.000000000000000 ) ;
#12437 = EDGE_CURVE ( 'NONE', #7697, #10558, #10103, .T. ) ;
#12438 = FACE_OUTER_BOUND ( 'NONE', #6047, .T. ) ;
#12439 = EDGE_LOOP ( 'NONE', ( #2560, #7674, #6226, #12329 ) ) ;
#12440 = PLANE ( 'NONE',  #7599 ) ;
#12441 = LINE ( 'NONE', #5580, #115 ) ;
#12442 = CARTESIAN_POINT ( 'NONE',  ( 2.750000000000000444, 3.399999999999999467, -2.050000000000001599 ) ) ;
#12443 = VECTOR ( 'NONE', #9577, 1000.000000000000000 ) ;
#12444 = ORIENTED_EDGE ( 'NONE', *, *, #4040, .T. ) ;
#12445 = VECTOR ( 'NONE', #2728, 1000.000000000000000 ) ;
#12446 = PRESENTATION_LAYER_ASSIGNMENT (  '', '', ( #4133 ) ) ;
#12447 = DIRECTION ( 'NONE',  ( -9.035018104045847275E-16, 1.000000000000000000, 0.0000000000000000000 ) ) ;
#12448 = CARTESIAN_POINT ( 'NONE',  ( -0.7000000000000002887, 0.2000000000000000389, -2.800000000000000266 ) ) ;
#12449 =( GEOMETRIC_REPRESENTATION_CONTEXT ( 3 ) GLOBAL_UNCERTAINTY_ASSIGNED_CONTEXT ( ( #2479 ) ) GLOBAL_UNIT_ASSIGNED_CONTEXT ( ( #1658, #6498, #8473 ) ) REPRESENTATION_CONTEXT ( 'NONE', 'WORKASPACE' ) );
#12450 = EDGE_CURVE ( 'NONE', #2680, #12384, #5307, .T. ) ;
#12451 = ORIENTED_EDGE ( 'NONE', *, *, #5407, .T. ) ;
#12452 = ORIENTED_EDGE ( 'NONE', *, *, #6733, .T. ) ;
#12453 = COLOUR_RGB ( '',1.000000000000000000, 0.8117647058823529438, 0.5019607843137254832 ) ;
#12454 = ORIENTED_EDGE ( 'NONE', *, *, #8730, .F. ) ;
#12455 = DIRECTION ( 'NONE',  ( -0.0000000000000000000, 1.000000000000000000, -0.0000000000000000000 ) ) ;
#12456 = SURFACE_STYLE_FILL_AREA ( #8587 ) ;
#12457 = DIRECTION ( 'NONE',  ( -0.0000000000000000000, 1.000000000000000000, -0.0000000000000000000 ) ) ;
#12458 = AXIS2_PLACEMENT_3D ( 'NONE', #436, #11323, #6368 ) ;
#12459 = ORIENTED_EDGE ( 'NONE', *, *, #1389, .F. ) ;
#12460 = STYLED_ITEM ( 'NONE', ( #766 ), #7622 ) ;
#12461 = CARTESIAN_POINT ( 'NONE',  ( 3.450000000000000178, -4.100000000000000533, 0.5499999999999992673 ) ) ;
#12462 = CARTESIAN_POINT ( 'NONE',  ( 2.250000000000000000, 5.000000000000000888, -0.2499999999999997780 ) ) ;
#12463 = STYLED_ITEM ( 'NONE', ( #2161 ), #9967 ) ;
#12464 = MECHANICAL_DESIGN_GEOMETRIC_PRESENTATION_REPRESENTATION (  '', ( #7406 ), #1213 ) ;
#12465 = CARTESIAN_POINT ( 'NONE',  ( 2.250000000000000000, 0.2000000000000000111, -0.2499999999999997780 ) ) ;
#12466 = ORIENTED_EDGE ( 'NONE', *, *, #7939, .F. ) ;
#12467 = VECTOR ( 'NONE', #5262, 1000.000000000000000 ) ;
#12468 = DIRECTION ( 'NONE',  ( 0.0000000000000000000, 0.0000000000000000000, -1.000000000000000000 ) ) ;
#12469 = ORIENTED_EDGE ( 'NONE', *, *, #8112, .F. ) ;
#12470 = ORIENTED_EDGE ( 'NONE', *, *, #41, .T. ) ;
#12471 = LINE ( 'NONE', #11338, #10931 ) ;
#12472 = CARTESIAN_POINT ( 'NONE',  ( 10.05000000000000071, 3.149999999999999023, -2.050000000000001599 ) ) ;
#12473 = CARTESIAN_POINT ( 'NONE',  ( -1.350000000000000089, 5.650000000000002132, -2.350000000000001421 ) ) ;
#12474 = VECTOR ( 'NONE', #7171, 1000.000000000000000 ) ;
#12475 = ORIENTED_EDGE ( 'NONE', *, *, #8976, .T. ) ;
#12476 = DIRECTION ( 'NONE',  ( -0.0000000000000000000, -0.0000000000000000000, 1.000000000000000000 ) ) ;
#12477 = PRESENTATION_LAYER_ASSIGNMENT (  '', '', ( #2051 ) ) ;
#12478 = ORIENTED_EDGE ( 'NONE', *, *, #4868, .T. ) ;
#12479 = MECHANICAL_DESIGN_GEOMETRIC_PRESENTATION_REPRESENTATION (  '', ( #7821 ), #10663 ) ;
#12480 = DIRECTION ( 'NONE',  ( -1.362927481496328130E-16, 0.7071067811865451302, -0.7071067811865500152 ) ) ;
#12481 = PLANE ( 'NONE',  #12629 ) ;
#12482 = CARTESIAN_POINT ( 'NONE',  ( 5.849999999999999645, 5.100000000000001421, 0.1500000000000008271 ) ) ;
#12483 = CARTESIAN_POINT ( 'NONE',  ( 5.750000000000000000, -3.399999999999999911, 0.1500000000000008271 ) ) ;
#12484 = STYLED_ITEM ( 'NONE', ( #3573 ), #3630 ) ;
#12485 = UNCERTAINTY_MEASURE_WITH_UNIT (LENGTH_MEASURE( 1.000000000000000082E-05 ), #10257, 'distance_accuracy_value', 'NONE');
#12486 =( LENGTH_UNIT ( ) NAMED_UNIT ( * ) SI_UNIT ( .MILLI., .METRE. ) );
#12487 = MECHANICAL_DESIGN_GEOMETRIC_PRESENTATION_REPRESENTATION (  '', ( #4170 ), #847 ) ;
#12488 = ORIENTED_EDGE ( 'NONE', *, *, #4858, .F. ) ;
#12489 = ORIENTED_EDGE ( 'NONE', *, *, #10627, .F. ) ;
#12490 = ORIENTED_EDGE ( 'NONE', *, *, #6928, .F. ) ;
#12491 = PRESENTATION_LAYER_ASSIGNMENT (  '', '', ( #643 ) ) ;
#12492 = CARTESIAN_POINT ( 'NONE',  ( 14.24999999999999822, 1.800000000000000044, 0.2500000000000002220 ) ) ;
#12493 = LINE ( 'NONE', #12550, #9874 ) ;
#12494 = CARTESIAN_POINT ( 'NONE',  ( 11.75000000000000000, 5.000000000000000888, 0.2500000000000002220 ) ) ;
#12495 = ORIENTED_EDGE ( 'NONE', *, *, #12158, .T. ) ;
#12496 = ORIENTED_EDGE ( 'NONE', *, *, #6480, .T. ) ;
#12497 = VECTOR ( 'NONE', #11309, 1000.000000000000000 ) ;
#12498 = FILL_AREA_STYLE_COLOUR ( '', #11255 ) ;
#12499 = VECTOR ( 'NONE', #10088, 1000.000000000000000 ) ;
#12500 = PRESENTATION_STYLE_ASSIGNMENT (( #667 ) ) ;
#12501 = EDGE_CURVE ( 'NONE', #9265, #2818, #4172, .T. ) ;
#12502 = LINE ( 'NONE', #4221, #6699 ) ;
#12503 =( LENGTH_UNIT ( ) NAMED_UNIT ( * ) SI_UNIT ( .MILLI., .METRE. ) );
#12504 = VECTOR ( 'NONE', #2083, 1000.000000000000000 ) ;
#12505 = CARTESIAN_POINT ( 'NONE',  ( 14.84999999999999432, 1.800000000000001599, -2.801000000000000600 ) ) ;
#12506 = CARTESIAN_POINT ( 'NONE',  ( 16.69999999999999929, 0.1999999999999999833, 1.700000000000000178 ) ) ;
#12507 = VECTOR ( 'NONE', #10909, 1000.000000000000000 ) ;
#12508 = DIRECTION ( 'NONE',  ( 3.872150616019660190E-17, 1.000000000000000000, -0.0000000000000000000 ) ) ;
#12509 = AXIS2_PLACEMENT_3D ( 'NONE', #12510, #12372, #6607 ) ;
#12510 = CARTESIAN_POINT ( 'NONE',  ( 5.750000000000000000, -3.399999999999999911, 0.2500000000000002220 ) ) ;
#12511 =( GEOMETRIC_REPRESENTATION_CONTEXT ( 3 ) GLOBAL_UNCERTAINTY_ASSIGNED_CONTEXT ( ( #10151 ) ) GLOBAL_UNIT_ASSIGNED_CONTEXT ( ( #7375, #601, #801 ) ) REPRESENTATION_CONTEXT ( 'NONE', 'WORKASPACE' ) );
#12512 = VERTEX_POINT ( 'NONE', #6269 ) ;
#12513 = FILL_AREA_STYLE ('',( #8512 ) ) ;
#12514 = DIRECTION ( 'NONE',  ( 0.0000000000000000000, -1.000000000000000000, 0.0000000000000000000 ) ) ;
#12515 = EDGE_LOOP ( 'NONE', ( #1570, #11136, #12375, #9289 ) ) ;
#12516 = FILL_AREA_STYLE ('',( #3725 ) ) ;
#12517 = EDGE_CURVE ( 'NONE', #8219, #6455, #5185, .T. ) ;
#12518 = AXIS2_PLACEMENT_3D ( 'NONE', #1538, #3628, #8425 ) ;
#12519 = ADVANCED_FACE ( 'NONE', ( #10027 ), #10290, .T. ) ;
#12520 = STYLED_ITEM ( 'NONE', ( #11841 ), #12434 ) ;
#12521 = EDGE_LOOP ( 'NONE', ( #5085, #7738, #9091, #5982 ) ) ;
#12522 = CARTESIAN_POINT ( 'NONE',  ( -1.949999999999999956, 6.000000000000000000, -2.800000000000000266 ) ) ;
#12523 = DIRECTION ( 'NONE',  ( 3.872150616019660190E-17, 1.000000000000000000, -0.0000000000000000000 ) ) ;
#12524 = LINE ( 'NONE', #10031, #3249 ) ;
#12525 = EDGE_CURVE ( 'NONE', #6868, #2409, #3436, .T. ) ;
#12526 = SURFACE_STYLE_USAGE ( .BOTH. , #7473 ) ;
#12527 = CARTESIAN_POINT ( 'NONE',  ( 17.94999999999999574, 0.0000000000000000000, -2.800000000000000711 ) ) ;
#12528 = FACE_OUTER_BOUND ( 'NONE', #7498, .T. ) ;
#12529 = LINE ( 'NONE', #3752, #6758 ) ;
#12530 = DIRECTION ( 'NONE',  ( -1.000000000000000000, 0.0000000000000000000, 0.0000000000000000000 ) ) ;
#12531 = ORIENTED_EDGE ( 'NONE', *, *, #6295, .T. ) ;
#12532 = ORIENTED_EDGE ( 'NONE', *, *, #3710, .T. ) ;
#12533 = PLANE ( 'NONE',  #9419 ) ;
#12534 = VERTEX_POINT ( 'NONE', #2330 ) ;
#12535 = LINE ( 'NONE', #3948, #3323 ) ;
#12536 = DIRECTION ( 'NONE',  ( 0.0000000000000000000, -1.000000000000000000, 0.0000000000000000000 ) ) ;
#12537 = CARTESIAN_POINT ( 'NONE',  ( 2.083333333333334370, 5.166666666666669627, -0.08333333333333282911 ) ) ;
#12538 = ORIENTED_EDGE ( 'NONE', *, *, #3710, .F. ) ;
#12539 = ORIENTED_EDGE ( 'NONE', *, *, #10258, .F. ) ;
#12540 = UNCERTAINTY_MEASURE_WITH_UNIT (LENGTH_MEASURE( 1.000000000000000082E-05 ), #1202, 'distance_accuracy_value', 'NONE');
#12541 = EDGE_CURVE ( 'NONE', #7711, #2280, #1474, .T. ) ;
#12542 = PLANE ( 'NONE',  #829 ) ;
#12543 = ORIENTED_EDGE ( 'NONE', *, *, #182, .T. ) ;
#12544 = CARTESIAN_POINT ( 'NONE',  ( 10.75000000000000000, 3.399999999999999467, -2.300000000000003375 ) ) ;
#12545 =( NAMED_UNIT ( * ) SI_UNIT ( $, .STERADIAN. ) SOLID_ANGLE_UNIT ( ) );
#12546 = LINE ( 'NONE', #12483, #11684 ) ;
#12547 = LINE ( 'NONE', #3829, #12008 ) ;
#12548 = DIRECTION ( 'NONE',  ( -1.362927481496328130E-16, 0.7071067811865451302, -0.7071067811865500152 ) ) ;
#12549 = CARTESIAN_POINT ( 'NONE',  ( 4.250000000000000000, -3.399999999999999911, -0.1500000000000003830 ) ) ;
#12550 = CARTESIAN_POINT ( 'NONE',  ( 5.299999999999998934, 0.2000000000000000389, -2.800000000000000266 ) ) ;
#12551 = FILL_AREA_STYLE ('',( #11657 ) ) ;
#12552 = VERTEX_POINT ( 'NONE', #1222 ) ;
#12553 = ORIENTED_EDGE ( 'NONE', *, *, #10874, .F. ) ;
#12554 = SURFACE_STYLE_FILL_AREA ( #960 ) ;
#12555 =( GEOMETRIC_REPRESENTATION_CONTEXT ( 3 ) GLOBAL_UNCERTAINTY_ASSIGNED_CONTEXT ( ( #3673 ) ) GLOBAL_UNIT_ASSIGNED_CONTEXT ( ( #10364, #9527, #9387 ) ) REPRESENTATION_CONTEXT ( 'NONE', 'WORKASPACE' ) );
#12556 = ORIENTED_EDGE ( 'NONE', *, *, #7566, .F. ) ;
#12557 = SURFACE_STYLE_FILL_AREA ( #7687 ) ;
#12558 = VERTEX_POINT ( 'NONE', #8118 ) ;
#12559 = DIRECTION ( 'NONE',  ( -1.000000000000000000, 0.0000000000000000000, 1.230800803163168627E-17 ) ) ;
#12560 = CARTESIAN_POINT ( 'NONE',  ( 17.94999999999999574, 6.000000000000000000, 0.3200000000000017275 ) ) ;
#12561 = CARTESIAN_POINT ( 'NONE',  ( -0.2500000000000002220, -3.399999999999999911, 0.2500000000000002220 ) ) ;
#12562 = ORIENTED_EDGE ( 'NONE', *, *, #8804, .F. ) ;
#12563 =( GEOMETRIC_REPRESENTATION_CONTEXT ( 3 ) GLOBAL_UNCERTAINTY_ASSIGNED_CONTEXT ( ( #190 ) ) GLOBAL_UNIT_ASSIGNED_CONTEXT ( ( #9999, #7018, #5086 ) ) REPRESENTATION_CONTEXT ( 'NONE', 'WORKASPACE' ) );
#12564 =( LENGTH_UNIT ( ) NAMED_UNIT ( * ) SI_UNIT ( .MILLI., .METRE. ) );
#12565 = ORIENTED_EDGE ( 'NONE', *, *, #7856, .T. ) ;
#12566 = ORIENTED_EDGE ( 'NONE', *, *, #4755, .T. ) ;
#12567 =( LENGTH_UNIT ( ) NAMED_UNIT ( * ) SI_UNIT ( .MILLI., .METRE. ) );
#12568 = SURFACE_STYLE_FILL_AREA ( #2738 ) ;
#12569 = ORIENTED_EDGE ( 'NONE', *, *, #710, .T. ) ;
#12570 = ORIENTED_EDGE ( 'NONE', *, *, #7323, .F. ) ;
#12571 = EDGE_CURVE ( 'NONE', #2796, #1005, #1289, .T. ) ;
#12572 = FILL_AREA_STYLE ('',( #7582 ) ) ;
#12573 = ORIENTED_EDGE ( 'NONE', *, *, #8959, .F. ) ;
#12574 = SURFACE_STYLE_USAGE ( .BOTH. , #10621 ) ;
#12575 = EDGE_CURVE ( 'NONE', #5669, #9340, #395, .T. ) ;
#12576 = LINE ( 'NONE', #6940, #5244 ) ;
#12577 = DIRECTION ( 'NONE',  ( -3.872150616019660190E-17, -1.000000000000000000, 0.0000000000000000000 ) ) ;
#12578 = ORIENTED_EDGE ( 'NONE', *, *, #10888, .T. ) ;
#12579 = ADVANCED_FACE ( 'NONE', ( #11962 ), #3170, .T. ) ;
#12580 = ORIENTED_EDGE ( 'NONE', *, *, #9111, .F. ) ;
#12581 = PRESENTATION_STYLE_ASSIGNMENT (( #2810 ) ) ;
#12582 =( GEOMETRIC_REPRESENTATION_CONTEXT ( 3 ) GLOBAL_UNCERTAINTY_ASSIGNED_CONTEXT ( ( #10478 ) ) GLOBAL_UNIT_ASSIGNED_CONTEXT ( ( #4835, #4712, #1775 ) ) REPRESENTATION_CONTEXT ( 'NONE', 'WORKASPACE' ) );
#12583 =( NAMED_UNIT ( * ) SI_UNIT ( $, .STERADIAN. ) SOLID_ANGLE_UNIT ( ) );
#12584 = DIRECTION ( 'NONE',  ( -1.000000000000000000, 0.0000000000000000000, 1.230800803163168627E-17 ) ) ;
#12585 =( GEOMETRIC_REPRESENTATION_CONTEXT ( 3 ) GLOBAL_UNCERTAINTY_ASSIGNED_CONTEXT ( ( #9946 ) ) GLOBAL_UNIT_ASSIGNED_CONTEXT ( ( #8163, #2990, #8288 ) ) REPRESENTATION_CONTEXT ( 'NONE', 'WORKASPACE' ) );
#12586 = DIRECTION ( 'NONE',  ( -0.0000000000000000000, -0.0000000000000000000, 1.000000000000000000 ) ) ;
#12587 = ORIENTED_EDGE ( 'NONE', *, *, #2744, .F. ) ;
#12588 = EDGE_CURVE ( 'NONE', #10568, #3804, #2770, .T. ) ;
#12589 = DIRECTION ( 'NONE',  ( 9.103382349328301547E-49, 2.350988701644575016E-32, 1.000000000000000000 ) ) ;
#12590 = ORIENTED_EDGE ( 'NONE', *, *, #2512, .T. ) ;
#12591 = ADVANCED_FACE ( 'NONE', ( #4686 ), #777, .F. ) ;
#12592 = LINE ( 'NONE', #1194, #8721 ) ;
#12593 = DIRECTION ( 'NONE',  ( -0.0000000000000000000, -0.0000000000000000000, -1.000000000000000000 ) ) ;
#12595 =( GEOMETRIC_REPRESENTATION_CONTEXT ( 3 ) GLOBAL_UNCERTAINTY_ASSIGNED_CONTEXT ( ( #3152 ) ) GLOBAL_UNIT_ASSIGNED_CONTEXT ( ( #12256, #6307, #9228 ) ) REPRESENTATION_CONTEXT ( 'NONE', 'WORKASPACE' ) );
#12594 = SURFACE_STYLE_FILL_AREA ( #8729 ) ;
#12596 = VERTEX_POINT ( 'NONE', #12289 ) ;
#12597 = CARTESIAN_POINT ( 'NONE',  ( 12.05000000000000071, -3.399999999999999911, -0.1500000000000003830 ) ) ;
#12598 = SURFACE_STYLE_FILL_AREA ( #11887 ) ;
#12599 =( NAMED_UNIT ( * ) PLANE_ANGLE_UNIT ( ) SI_UNIT ( $, .RADIAN. ) );
#12600 = ORIENTED_EDGE ( 'NONE', *, *, #2823, .F. ) ;
#12601 = CARTESIAN_POINT ( 'NONE',  ( 16.15000000000000213, -3.399999999999999911, 0.2500000000000002220 ) ) ;
#12602 = UNCERTAINTY_MEASURE_WITH_UNIT (LENGTH_MEASURE( 1.000000000000000082E-05 ), #6854, 'distance_accuracy_value', 'NONE');
#12603 = PLANE ( 'NONE',  #9814 ) ;
#12604 = EDGE_CURVE ( 'NONE', #11837, #6035, #9517, .T. ) ;
#12605 = LINE ( 'NONE', #3968, #8460 ) ;
#12606 = ORIENTED_EDGE ( 'NONE', *, *, #11984, .F. ) ;
#12607 =( LENGTH_UNIT ( ) NAMED_UNIT ( * ) SI_UNIT ( .MILLI., .METRE. ) );
#12608 = DIRECTION ( 'NONE',  ( -1.000000000000000000, 3.872150616019661422E-17, 0.0000000000000000000 ) ) ;
#12609 = ORIENTED_EDGE ( 'NONE', *, *, #10948, .T. ) ;
#12610 = SURFACE_STYLE_USAGE ( .BOTH. , #11595 ) ;
#12611 =( NAMED_UNIT ( * ) PLANE_ANGLE_UNIT ( ) SI_UNIT ( $, .RADIAN. ) );
#12612 = VECTOR ( 'NONE', #5077, 1000.000000000000000 ) ;
#12613 = CARTESIAN_POINT ( 'NONE',  ( 16.69999999999999929, 0.1999999999999999833, -2.800000000000000266 ) ) ;
#12614 = LINE ( 'NONE', #9837, #7516 ) ;
#12615 = CARTESIAN_POINT ( 'NONE',  ( 4.966666666666665897, -2.516666666666663943, -1.033333333333335213 ) ) ;
#12616 = LINE ( 'NONE', #12560, #7793 ) ;
#12617 = FILL_AREA_STYLE ('',( #7987 ) ) ;
#12618 = ORIENTED_EDGE ( 'NONE', *, *, #5883, .F. ) ;
#12619 = PRESENTATION_STYLE_ASSIGNMENT (( #1228 ) ) ;
#12620 =( GEOMETRIC_REPRESENTATION_CONTEXT ( 3 ) GLOBAL_UNCERTAINTY_ASSIGNED_CONTEXT ( ( #3382 ) ) GLOBAL_UNIT_ASSIGNED_CONTEXT ( ( #6627, #618, #11326 ) ) REPRESENTATION_CONTEXT ( 'NONE', 'WORKASPACE' ) );
#12621 = FILL_AREA_STYLE_COLOUR ( '', #6283 ) ;
#12622 = FILL_AREA_STYLE ('',( #4877 ) ) ;
#12623 =( NAMED_UNIT ( * ) SI_UNIT ( $, .STERADIAN. ) SOLID_ANGLE_UNIT ( ) );
#12624 = EDGE_LOOP ( 'NONE', ( #11369, #12104, #11167, #9273 ) ) ;
#12625 =( LENGTH_UNIT ( ) NAMED_UNIT ( * ) SI_UNIT ( .MILLI., .METRE. ) );
#12626 = EDGE_LOOP ( 'NONE', ( #11692, #1719, #5578, #8570 ) ) ;
#12627 = SURFACE_STYLE_USAGE ( .BOTH. , #10498 ) ;
#12628 = CARTESIAN_POINT ( 'NONE',  ( -1.033333333333316784, -2.516666666666657726, -1.033333333333315229 ) ) ;
#12629 = AXIS2_PLACEMENT_3D ( 'NONE', #4986, #3769, #4028 ) ;
#12630 = CARTESIAN_POINT ( 'NONE',  ( 0.0000000000000000000, 0.0000000000000000000, 0.0000000000000000000 ) ) ;
#12631 = LINE ( 'NONE', #6024, #6158 ) ;
#12632 = VECTOR ( 'NONE', #11456, 1000.000000000000000 ) ;
#12633 = COLOUR_RGB ( '',1.000000000000000000, 0.8117647058823529438, 0.5019607843137254832 ) ;
#12634 = VECTOR ( 'NONE', #6586, 1000.000000000000000 ) ;
#12635 = ORIENTED_EDGE ( 'NONE', *, *, #8392, .T. ) ;
ENDSEC;
END-ISO-10303-21;
